Stadtteil zus.;Stadtbezirk mit zugeordneten Ortschaften;Stadtraum;Bautätigkeit - Art;Genehmigungsjahr;Anzahl Gebäude;Wohnungen gesamt
01 Innere Altstadt;StB 0 Altstadt;01 StB Altstadt ohne Johannstadt;Neubau;1992;1;0
01 Innere Altstadt;StB 0 Altstadt;01 StB Altstadt ohne Johannstadt;Neubau;1993;1;0
01 Innere Altstadt;StB 0 Altstadt;01 StB Altstadt ohne Johannstadt;Neubau;1994;2;0
01 Innere Altstadt;StB 0 Altstadt;01 StB Altstadt ohne Johannstadt;Neubau;1996;1;0
01 Innere Altstadt;StB 0 Altstadt;01 StB Altstadt ohne Johannstadt;Neubau;1997;8;30
01 Innere Altstadt;StB 0 Altstadt;01 StB Altstadt ohne Johannstadt;Neubau;1998;8;4
01 Innere Altstadt;StB 0 Altstadt;01 StB Altstadt ohne Johannstadt;Neubau;1999;2;0
01 Innere Altstadt;StB 0 Altstadt;01 StB Altstadt ohne Johannstadt;Neubau;2000;1;0
01 Innere Altstadt;StB 0 Altstadt;01 StB Altstadt ohne Johannstadt;Neubau;2002;1;0
01 Innere Altstadt;StB 0 Altstadt;01 StB Altstadt ohne Johannstadt;Neubau;2003;1;0
01 Innere Altstadt;StB 0 Altstadt;01 StB Altstadt ohne Johannstadt;Neubau;2004;11;48
01 Innere Altstadt;StB 0 Altstadt;01 StB Altstadt ohne Johannstadt;Neubau;2005;1;0
01 Innere Altstadt;StB 0 Altstadt;01 StB Altstadt ohne Johannstadt;Neubau;2006;3;20
01 Innere Altstadt;StB 0 Altstadt;01 StB Altstadt ohne Johannstadt;Neubau;2007;11;63
01 Innere Altstadt;StB 0 Altstadt;01 StB Altstadt ohne Johannstadt;Neubau;2008;5;0
01 Innere Altstadt;StB 0 Altstadt;01 StB Altstadt ohne Johannstadt;Neubau;2009;10;53
01 Innere Altstadt;StB 0 Altstadt;01 StB Altstadt ohne Johannstadt;Neubau;2012;3;9
01 Innere Altstadt;StB 0 Altstadt;01 StB Altstadt ohne Johannstadt;Neubau;2014;7;98
01 Innere Altstadt;StB 0 Altstadt;01 StB Altstadt ohne Johannstadt;Neubau;2017;24;363
01 Innere Altstadt;StB 0 Altstadt;01 StB Altstadt ohne Johannstadt;Neubau;2018;17;279
01 Innere Altstadt;StB 0 Altstadt;01 StB Altstadt ohne Johannstadt;Neubau;2019;19;346
01 Innere Altstadt;StB 0 Altstadt;01 StB Altstadt ohne Johannstadt;Neubau;2020;1;0
01 Innere Altstadt;StB 0 Altstadt;01 StB Altstadt ohne Johannstadt;Umbau;1993;1;0
01 Innere Altstadt;StB 0 Altstadt;01 StB Altstadt ohne Johannstadt;Umbau;1994;3;0
01 Innere Altstadt;StB 0 Altstadt;01 StB Altstadt ohne Johannstadt;Umbau;1997;1;5
01 Innere Altstadt;StB 0 Altstadt;01 StB Altstadt ohne Johannstadt;Umbau;2000;4;14
01 Innere Altstadt;StB 0 Altstadt;01 StB Altstadt ohne Johannstadt;Umbau;2001;5;68
01 Innere Altstadt;StB 0 Altstadt;01 StB Altstadt ohne Johannstadt;Umbau;2002;14;243
01 Innere Altstadt;StB 0 Altstadt;01 StB Altstadt ohne Johannstadt;Umbau;2003;4;27
01 Innere Altstadt;StB 0 Altstadt;01 StB Altstadt ohne Johannstadt;Umbau;2004;3;2
01 Innere Altstadt;StB 0 Altstadt;01 StB Altstadt ohne Johannstadt;Umbau;2005;2;24
01 Innere Altstadt;StB 0 Altstadt;01 StB Altstadt ohne Johannstadt;Umbau;2006;5;51
01 Innere Altstadt;StB 0 Altstadt;01 StB Altstadt ohne Johannstadt;Umbau;2008;2;27
01 Innere Altstadt;StB 0 Altstadt;01 StB Altstadt ohne Johannstadt;Umbau;2009;18;235
01 Innere Altstadt;StB 0 Altstadt;01 StB Altstadt ohne Johannstadt;Umbau;2010;1;17
01 Innere Altstadt;StB 0 Altstadt;01 StB Altstadt ohne Johannstadt;Umbau;2012;1;0
01 Innere Altstadt;StB 0 Altstadt;01 StB Altstadt ohne Johannstadt;Umbau;2013;4;14
01 Innere Altstadt;StB 0 Altstadt;01 StB Altstadt ohne Johannstadt;Umbau;2015;5;138
01 Innere Altstadt;StB 0 Altstadt;01 StB Altstadt ohne Johannstadt;Umbau;2016;3;28
01 Innere Altstadt;StB 0 Altstadt;01 StB Altstadt ohne Johannstadt;Umbau;2017;1;9
01 Innere Altstadt;StB 0 Altstadt;01 StB Altstadt ohne Johannstadt;Umbau;2018;4;32
01 Innere Altstadt;StB 0 Altstadt;01 StB Altstadt ohne Johannstadt;Umbau;2019;2;11
01 Innere Altstadt;StB 0 Altstadt;01 StB Altstadt ohne Johannstadt;Umbau;2020;1;0
01 Innere Altstadt;StB 0 Altstadt;01 StB Altstadt ohne Johannstadt;Umbau;2021;1;1
01 Innere Altstadt;StB 0 Altstadt;01 StB Altstadt ohne Johannstadt;Umbau;2022;6;31
01 Innere Altstadt;StB 0 Altstadt;01 StB Altstadt ohne Johannstadt;Umbau;2023;1;7
01 Innere Altstadt;StB 0 Altstadt;01 StB Altstadt ohne Johannstadt;Umbau;2024;2;18
01 Innere Altstadt;StB 0 Altstadt;01 StB Altstadt ohne Johannstadt;Umbau;2025;6;25
02 Pirnaische Vorstadt;StB 0 Altstadt;01 StB Altstadt ohne Johannstadt;Neubau;1992;1;1
02 Pirnaische Vorstadt;StB 0 Altstadt;01 StB Altstadt ohne Johannstadt;Neubau;1997;1;0
02 Pirnaische Vorstadt;StB 0 Altstadt;01 StB Altstadt ohne Johannstadt;Neubau;2009;1;0
02 Pirnaische Vorstadt;StB 0 Altstadt;01 StB Altstadt ohne Johannstadt;Neubau;2010;1;0
02 Pirnaische Vorstadt;StB 0 Altstadt;01 StB Altstadt ohne Johannstadt;Neubau;2011;1;0
02 Pirnaische Vorstadt;StB 0 Altstadt;01 StB Altstadt ohne Johannstadt;Neubau;2012;2;0
02 Pirnaische Vorstadt;StB 0 Altstadt;01 StB Altstadt ohne Johannstadt;Neubau;2014;1;0
02 Pirnaische Vorstadt;StB 0 Altstadt;01 StB Altstadt ohne Johannstadt;Neubau;2015;2;0
02 Pirnaische Vorstadt;StB 0 Altstadt;01 StB Altstadt ohne Johannstadt;Neubau;2017;2;0
02 Pirnaische Vorstadt;StB 0 Altstadt;01 StB Altstadt ohne Johannstadt;Neubau;2018;2;170
02 Pirnaische Vorstadt;StB 0 Altstadt;01 StB Altstadt ohne Johannstadt;Neubau;2019;3;81
02 Pirnaische Vorstadt;StB 0 Altstadt;01 StB Altstadt ohne Johannstadt;Neubau;2020;3;58
02 Pirnaische Vorstadt;StB 0 Altstadt;01 StB Altstadt ohne Johannstadt;Neubau;2021;6;109
02 Pirnaische Vorstadt;StB 0 Altstadt;01 StB Altstadt ohne Johannstadt;Neubau;2022;1;49
02 Pirnaische Vorstadt;StB 0 Altstadt;01 StB Altstadt ohne Johannstadt;Neubau;2024;1;0
02 Pirnaische Vorstadt;StB 0 Altstadt;01 StB Altstadt ohne Johannstadt;Neubau;2025;24;674
02 Pirnaische Vorstadt;StB 0 Altstadt;01 StB Altstadt ohne Johannstadt;Umbau;1993;1;0
02 Pirnaische Vorstadt;StB 0 Altstadt;01 StB Altstadt ohne Johannstadt;Umbau;1994;2;0
02 Pirnaische Vorstadt;StB 0 Altstadt;01 StB Altstadt ohne Johannstadt;Umbau;1999;1;0
02 Pirnaische Vorstadt;StB 0 Altstadt;01 StB Altstadt ohne Johannstadt;Umbau;2000;9;95
02 Pirnaische Vorstadt;StB 0 Altstadt;01 StB Altstadt ohne Johannstadt;Umbau;2001;4;45
02 Pirnaische Vorstadt;StB 0 Altstadt;01 StB Altstadt ohne Johannstadt;Umbau;2002;24;245
02 Pirnaische Vorstadt;StB 0 Altstadt;01 StB Altstadt ohne Johannstadt;Umbau;2003;42;684
02 Pirnaische Vorstadt;StB 0 Altstadt;01 StB Altstadt ohne Johannstadt;Umbau;2004;20;345
02 Pirnaische Vorstadt;StB 0 Altstadt;01 StB Altstadt ohne Johannstadt;Umbau;2005;1;0
02 Pirnaische Vorstadt;StB 0 Altstadt;01 StB Altstadt ohne Johannstadt;Umbau;2007;7;432
02 Pirnaische Vorstadt;StB 0 Altstadt;01 StB Altstadt ohne Johannstadt;Umbau;2008;1;0
02 Pirnaische Vorstadt;StB 0 Altstadt;01 StB Altstadt ohne Johannstadt;Umbau;2010;3;0
02 Pirnaische Vorstadt;StB 0 Altstadt;01 StB Altstadt ohne Johannstadt;Umbau;2012;1;0
02 Pirnaische Vorstadt;StB 0 Altstadt;01 StB Altstadt ohne Johannstadt;Umbau;2016;2;0
02 Pirnaische Vorstadt;StB 0 Altstadt;01 StB Altstadt ohne Johannstadt;Umbau;2017;1;0
02 Pirnaische Vorstadt;StB 0 Altstadt;01 StB Altstadt ohne Johannstadt;Umbau;2018;4;160
02 Pirnaische Vorstadt;StB 0 Altstadt;01 StB Altstadt ohne Johannstadt;Umbau;2019;1;0
02 Pirnaische Vorstadt;StB 0 Altstadt;01 StB Altstadt ohne Johannstadt;Umbau;2022;6;135
02 Pirnaische Vorstadt;StB 0 Altstadt;01 StB Altstadt ohne Johannstadt;Umbau;2024;3;20
02 Pirnaische Vorstadt;StB 0 Altstadt;01 StB Altstadt ohne Johannstadt;Umbau;2025;2;73
02 Pirnaische Vorstadt;StB 0 Altstadt;01 StB Altstadt ohne Johannstadt;Umbau;2026;1;0
03 Seevorstadt-Ost;StB 0 Altstadt;01 StB Altstadt ohne Johannstadt;Neubau;1993;6;0
03 Seevorstadt-Ost;StB 0 Altstadt;01 StB Altstadt ohne Johannstadt;Neubau;1994;8;57
03 Seevorstadt-Ost;StB 0 Altstadt;01 StB Altstadt ohne Johannstadt;Neubau;1995;7;114
03 Seevorstadt-Ost;StB 0 Altstadt;01 StB Altstadt ohne Johannstadt;Neubau;1996;9;69
03 Seevorstadt-Ost;StB 0 Altstadt;01 StB Altstadt ohne Johannstadt;Neubau;1997;6;13
03 Seevorstadt-Ost;StB 0 Altstadt;01 StB Altstadt ohne Johannstadt;Neubau;1998;8;63
03 Seevorstadt-Ost;StB 0 Altstadt;01 StB Altstadt ohne Johannstadt;Neubau;1999;1;0
03 Seevorstadt-Ost;StB 0 Altstadt;01 StB Altstadt ohne Johannstadt;Neubau;2000;3;0
03 Seevorstadt-Ost;StB 0 Altstadt;01 StB Altstadt ohne Johannstadt;Neubau;2001;1;0
03 Seevorstadt-Ost;StB 0 Altstadt;01 StB Altstadt ohne Johannstadt;Neubau;2002;3;30
03 Seevorstadt-Ost;StB 0 Altstadt;01 StB Altstadt ohne Johannstadt;Neubau;2004;3;8
03 Seevorstadt-Ost;StB 0 Altstadt;01 StB Altstadt ohne Johannstadt;Neubau;2005;1;0
03 Seevorstadt-Ost;StB 0 Altstadt;01 StB Altstadt ohne Johannstadt;Neubau;2006;4;0
03 Seevorstadt-Ost;StB 0 Altstadt;01 StB Altstadt ohne Johannstadt;Neubau;2007;4;0
03 Seevorstadt-Ost;StB 0 Altstadt;01 StB Altstadt ohne Johannstadt;Neubau;2008;3;0
03 Seevorstadt-Ost;StB 0 Altstadt;01 StB Altstadt ohne Johannstadt;Neubau;2009;7;12
03 Seevorstadt-Ost;StB 0 Altstadt;01 StB Altstadt ohne Johannstadt;Neubau;2010;4;3
03 Seevorstadt-Ost;StB 0 Altstadt;01 StB Altstadt ohne Johannstadt;Neubau;2011;7;5
03 Seevorstadt-Ost;StB 0 Altstadt;01 StB Altstadt ohne Johannstadt;Neubau;2012;3;5
03 Seevorstadt-Ost;StB 0 Altstadt;01 StB Altstadt ohne Johannstadt;Neubau;2013;5;10
03 Seevorstadt-Ost;StB 0 Altstadt;01 StB Altstadt ohne Johannstadt;Neubau;2014;5;74
03 Seevorstadt-Ost;StB 0 Altstadt;01 StB Altstadt ohne Johannstadt;Neubau;2015;24;533
03 Seevorstadt-Ost;StB 0 Altstadt;01 StB Altstadt ohne Johannstadt;Neubau;2016;6;41
03 Seevorstadt-Ost;StB 0 Altstadt;01 StB Altstadt ohne Johannstadt;Neubau;2017;14;373
03 Seevorstadt-Ost;StB 0 Altstadt;01 StB Altstadt ohne Johannstadt;Neubau;2019;2;0
03 Seevorstadt-Ost;StB 0 Altstadt;01 StB Altstadt ohne Johannstadt;Neubau;2020;14;110
03 Seevorstadt-Ost;StB 0 Altstadt;01 StB Altstadt ohne Johannstadt;Neubau;2021;1;0
03 Seevorstadt-Ost;StB 0 Altstadt;01 StB Altstadt ohne Johannstadt;Neubau;2022;2;45
03 Seevorstadt-Ost;StB 0 Altstadt;01 StB Altstadt ohne Johannstadt;Neubau;2023;18;306
03 Seevorstadt-Ost;StB 0 Altstadt;01 StB Altstadt ohne Johannstadt;Neubau;2024;3;14
03 Seevorstadt-Ost;StB 0 Altstadt;01 StB Altstadt ohne Johannstadt;Neubau;2025;8;162
03 Seevorstadt-Ost;StB 0 Altstadt;01 StB Altstadt ohne Johannstadt;Umbau;1992;1;0
03 Seevorstadt-Ost;StB 0 Altstadt;01 StB Altstadt ohne Johannstadt;Umbau;1993;1;0
03 Seevorstadt-Ost;StB 0 Altstadt;01 StB Altstadt ohne Johannstadt;Umbau;1994;8;1
03 Seevorstadt-Ost;StB 0 Altstadt;01 StB Altstadt ohne Johannstadt;Umbau;1995;1;3
03 Seevorstadt-Ost;StB 0 Altstadt;01 StB Altstadt ohne Johannstadt;Umbau;1996;1;4
03 Seevorstadt-Ost;StB 0 Altstadt;01 StB Altstadt ohne Johannstadt;Umbau;1997;1;0
03 Seevorstadt-Ost;StB 0 Altstadt;01 StB Altstadt ohne Johannstadt;Umbau;1998;1;3
03 Seevorstadt-Ost;StB 0 Altstadt;01 StB Altstadt ohne Johannstadt;Umbau;1999;4;57
03 Seevorstadt-Ost;StB 0 Altstadt;01 StB Altstadt ohne Johannstadt;Umbau;2000;11;95
03 Seevorstadt-Ost;StB 0 Altstadt;01 StB Altstadt ohne Johannstadt;Umbau;2001;9;102
03 Seevorstadt-Ost;StB 0 Altstadt;01 StB Altstadt ohne Johannstadt;Umbau;2002;27;310
03 Seevorstadt-Ost;StB 0 Altstadt;01 StB Altstadt ohne Johannstadt;Umbau;2003;2;11
03 Seevorstadt-Ost;StB 0 Altstadt;01 StB Altstadt ohne Johannstadt;Umbau;2004;1;0
03 Seevorstadt-Ost;StB 0 Altstadt;01 StB Altstadt ohne Johannstadt;Umbau;2005;1;3
03 Seevorstadt-Ost;StB 0 Altstadt;01 StB Altstadt ohne Johannstadt;Umbau;2006;3;126
03 Seevorstadt-Ost;StB 0 Altstadt;01 StB Altstadt ohne Johannstadt;Umbau;2007;1;3
03 Seevorstadt-Ost;StB 0 Altstadt;01 StB Altstadt ohne Johannstadt;Umbau;2008;4;8
03 Seevorstadt-Ost;StB 0 Altstadt;01 StB Altstadt ohne Johannstadt;Umbau;2009;5;8
03 Seevorstadt-Ost;StB 0 Altstadt;01 StB Altstadt ohne Johannstadt;Umbau;2010;1;3
03 Seevorstadt-Ost;StB 0 Altstadt;01 StB Altstadt ohne Johannstadt;Umbau;2012;6;13
03 Seevorstadt-Ost;StB 0 Altstadt;01 StB Altstadt ohne Johannstadt;Umbau;2013;6;76
03 Seevorstadt-Ost;StB 0 Altstadt;01 StB Altstadt ohne Johannstadt;Umbau;2014;4;2
03 Seevorstadt-Ost;StB 0 Altstadt;01 StB Altstadt ohne Johannstadt;Umbau;2015;3;0
03 Seevorstadt-Ost;StB 0 Altstadt;01 StB Altstadt ohne Johannstadt;Umbau;2016;1;0
03 Seevorstadt-Ost;StB 0 Altstadt;01 StB Altstadt ohne Johannstadt;Umbau;2017;2;2
03 Seevorstadt-Ost;StB 0 Altstadt;01 StB Altstadt ohne Johannstadt;Umbau;2018;2;1
03 Seevorstadt-Ost;StB 0 Altstadt;01 StB Altstadt ohne Johannstadt;Umbau;2019;2;224
03 Seevorstadt-Ost;StB 0 Altstadt;01 StB Altstadt ohne Johannstadt;Umbau;2020;10;110
03 Seevorstadt-Ost;StB 0 Altstadt;01 StB Altstadt ohne Johannstadt;Umbau;2021;4;131
03 Seevorstadt-Ost;StB 0 Altstadt;01 StB Altstadt ohne Johannstadt;Umbau;2024;7;17
03 Seevorstadt-Ost;StB 0 Altstadt;01 StB Altstadt ohne Johannstadt;Umbau;2025;2;21
03 Seevorstadt-Ost;StB 0 Altstadt;01 StB Altstadt ohne Johannstadt;Umbau;2026;3;139
04 Wilsdruffer Vs./Seevs.-West;StB 0 Altstadt;01 StB Altstadt ohne Johannstadt;Neubau;1992;2;0
04 Wilsdruffer Vs./Seevs.-West;StB 0 Altstadt;01 StB Altstadt ohne Johannstadt;Neubau;1993;3;7
04 Wilsdruffer Vs./Seevs.-West;StB 0 Altstadt;01 StB Altstadt ohne Johannstadt;Neubau;1994;6;15
04 Wilsdruffer Vs./Seevs.-West;StB 0 Altstadt;01 StB Altstadt ohne Johannstadt;Neubau;1995;9;49
04 Wilsdruffer Vs./Seevs.-West;StB 0 Altstadt;01 StB Altstadt ohne Johannstadt;Neubau;1996;8;79
04 Wilsdruffer Vs./Seevs.-West;StB 0 Altstadt;01 StB Altstadt ohne Johannstadt;Neubau;1997;3;24
04 Wilsdruffer Vs./Seevs.-West;StB 0 Altstadt;01 StB Altstadt ohne Johannstadt;Neubau;1998;10;9
04 Wilsdruffer Vs./Seevs.-West;StB 0 Altstadt;01 StB Altstadt ohne Johannstadt;Neubau;1999;1;0
04 Wilsdruffer Vs./Seevs.-West;StB 0 Altstadt;01 StB Altstadt ohne Johannstadt;Neubau;2000;2;0
04 Wilsdruffer Vs./Seevs.-West;StB 0 Altstadt;01 StB Altstadt ohne Johannstadt;Neubau;2001;1;0
04 Wilsdruffer Vs./Seevs.-West;StB 0 Altstadt;01 StB Altstadt ohne Johannstadt;Neubau;2002;2;0
04 Wilsdruffer Vs./Seevs.-West;StB 0 Altstadt;01 StB Altstadt ohne Johannstadt;Neubau;2003;2;0
04 Wilsdruffer Vs./Seevs.-West;StB 0 Altstadt;01 StB Altstadt ohne Johannstadt;Neubau;2004;1;8
04 Wilsdruffer Vs./Seevs.-West;StB 0 Altstadt;01 StB Altstadt ohne Johannstadt;Neubau;2005;1;9
04 Wilsdruffer Vs./Seevs.-West;StB 0 Altstadt;01 StB Altstadt ohne Johannstadt;Neubau;2006;2;0
04 Wilsdruffer Vs./Seevs.-West;StB 0 Altstadt;01 StB Altstadt ohne Johannstadt;Neubau;2007;2;11
04 Wilsdruffer Vs./Seevs.-West;StB 0 Altstadt;01 StB Altstadt ohne Johannstadt;Neubau;2008;4;4
04 Wilsdruffer Vs./Seevs.-West;StB 0 Altstadt;01 StB Altstadt ohne Johannstadt;Neubau;2009;1;14
04 Wilsdruffer Vs./Seevs.-West;StB 0 Altstadt;01 StB Altstadt ohne Johannstadt;Neubau;2010;1;0
04 Wilsdruffer Vs./Seevs.-West;StB 0 Altstadt;01 StB Altstadt ohne Johannstadt;Neubau;2011;12;75
04 Wilsdruffer Vs./Seevs.-West;StB 0 Altstadt;01 StB Altstadt ohne Johannstadt;Neubau;2012;3;24
04 Wilsdruffer Vs./Seevs.-West;StB 0 Altstadt;01 StB Altstadt ohne Johannstadt;Neubau;2013;13;110
04 Wilsdruffer Vs./Seevs.-West;StB 0 Altstadt;01 StB Altstadt ohne Johannstadt;Neubau;2014;21;420
04 Wilsdruffer Vs./Seevs.-West;StB 0 Altstadt;01 StB Altstadt ohne Johannstadt;Neubau;2015;13;176
04 Wilsdruffer Vs./Seevs.-West;StB 0 Altstadt;01 StB Altstadt ohne Johannstadt;Neubau;2016;12;245
04 Wilsdruffer Vs./Seevs.-West;StB 0 Altstadt;01 StB Altstadt ohne Johannstadt;Neubau;2017;19;319
04 Wilsdruffer Vs./Seevs.-West;StB 0 Altstadt;01 StB Altstadt ohne Johannstadt;Neubau;2018;4;13
04 Wilsdruffer Vs./Seevs.-West;StB 0 Altstadt;01 StB Altstadt ohne Johannstadt;Neubau;2019;7;206
04 Wilsdruffer Vs./Seevs.-West;StB 0 Altstadt;01 StB Altstadt ohne Johannstadt;Neubau;2020;23;336
04 Wilsdruffer Vs./Seevs.-West;StB 0 Altstadt;01 StB Altstadt ohne Johannstadt;Neubau;2021;2;76
04 Wilsdruffer Vs./Seevs.-West;StB 0 Altstadt;01 StB Altstadt ohne Johannstadt;Neubau;2022;8;55
04 Wilsdruffer Vs./Seevs.-West;StB 0 Altstadt;01 StB Altstadt ohne Johannstadt;Neubau;2025;10;45
04 Wilsdruffer Vs./Seevs.-West;StB 0 Altstadt;01 StB Altstadt ohne Johannstadt;Neubau;2026;1;0
04 Wilsdruffer Vs./Seevs.-West;StB 0 Altstadt;01 StB Altstadt ohne Johannstadt;Umbau;1992;2;17
04 Wilsdruffer Vs./Seevs.-West;StB 0 Altstadt;01 StB Altstadt ohne Johannstadt;Umbau;1993;2;7
04 Wilsdruffer Vs./Seevs.-West;StB 0 Altstadt;01 StB Altstadt ohne Johannstadt;Umbau;1994;7;106
04 Wilsdruffer Vs./Seevs.-West;StB 0 Altstadt;01 StB Altstadt ohne Johannstadt;Umbau;1995;5;17
04 Wilsdruffer Vs./Seevs.-West;StB 0 Altstadt;01 StB Altstadt ohne Johannstadt;Umbau;1996;6;8
04 Wilsdruffer Vs./Seevs.-West;StB 0 Altstadt;01 StB Altstadt ohne Johannstadt;Umbau;1997;2;26
04 Wilsdruffer Vs./Seevs.-West;StB 0 Altstadt;01 StB Altstadt ohne Johannstadt;Umbau;1999;6;46
04 Wilsdruffer Vs./Seevs.-West;StB 0 Altstadt;01 StB Altstadt ohne Johannstadt;Umbau;2000;3;28
04 Wilsdruffer Vs./Seevs.-West;StB 0 Altstadt;01 StB Altstadt ohne Johannstadt;Umbau;2001;15;229
04 Wilsdruffer Vs./Seevs.-West;StB 0 Altstadt;01 StB Altstadt ohne Johannstadt;Umbau;2003;2;20
04 Wilsdruffer Vs./Seevs.-West;StB 0 Altstadt;01 StB Altstadt ohne Johannstadt;Umbau;2004;1;2
04 Wilsdruffer Vs./Seevs.-West;StB 0 Altstadt;01 StB Altstadt ohne Johannstadt;Umbau;2005;2;0
04 Wilsdruffer Vs./Seevs.-West;StB 0 Altstadt;01 StB Altstadt ohne Johannstadt;Umbau;2006;2;30
04 Wilsdruffer Vs./Seevs.-West;StB 0 Altstadt;01 StB Altstadt ohne Johannstadt;Umbau;2008;1;0
04 Wilsdruffer Vs./Seevs.-West;StB 0 Altstadt;01 StB Altstadt ohne Johannstadt;Umbau;2010;7;448
04 Wilsdruffer Vs./Seevs.-West;StB 0 Altstadt;01 StB Altstadt ohne Johannstadt;Umbau;2012;5;166
04 Wilsdruffer Vs./Seevs.-West;StB 0 Altstadt;01 StB Altstadt ohne Johannstadt;Umbau;2013;4;54
04 Wilsdruffer Vs./Seevs.-West;StB 0 Altstadt;01 StB Altstadt ohne Johannstadt;Umbau;2014;4;5
04 Wilsdruffer Vs./Seevs.-West;StB 0 Altstadt;01 StB Altstadt ohne Johannstadt;Umbau;2015;51;696
04 Wilsdruffer Vs./Seevs.-West;StB 0 Altstadt;01 StB Altstadt ohne Johannstadt;Umbau;2016;10;46
04 Wilsdruffer Vs./Seevs.-West;StB 0 Altstadt;01 StB Altstadt ohne Johannstadt;Umbau;2017;2;0
04 Wilsdruffer Vs./Seevs.-West;StB 0 Altstadt;01 StB Altstadt ohne Johannstadt;Umbau;2018;4;91
04 Wilsdruffer Vs./Seevs.-West;StB 0 Altstadt;01 StB Altstadt ohne Johannstadt;Umbau;2020;2;80
04 Wilsdruffer Vs./Seevs.-West;StB 0 Altstadt;01 StB Altstadt ohne Johannstadt;Umbau;2021;2;0
04 Wilsdruffer Vs./Seevs.-West;StB 0 Altstadt;01 StB Altstadt ohne Johannstadt;Umbau;2022;1;23
04 Wilsdruffer Vs./Seevs.-West;StB 0 Altstadt;01 StB Altstadt ohne Johannstadt;Umbau;2023;2;0
04 Wilsdruffer Vs./Seevs.-West;StB 0 Altstadt;01 StB Altstadt ohne Johannstadt;Umbau;2024;4;40
04 Wilsdruffer Vs./Seevs.-West;StB 0 Altstadt;01 StB Altstadt ohne Johannstadt;Umbau;2025;3;9
04 Wilsdruffer Vs./Seevs.-West;StB 0 Altstadt;01 StB Altstadt ohne Johannstadt;Umbau;2026;1;0
05 Friedrichstadt;StB 0 Altstadt;01 StB Altstadt ohne Johannstadt;Neubau;1992;11;12
05 Friedrichstadt;StB 0 Altstadt;01 StB Altstadt ohne Johannstadt;Neubau;1993;4;35
05 Friedrichstadt;StB 0 Altstadt;01 StB Altstadt ohne Johannstadt;Neubau;1994;27;429
05 Friedrichstadt;StB 0 Altstadt;01 StB Altstadt ohne Johannstadt;Neubau;1995;25;391
05 Friedrichstadt;StB 0 Altstadt;01 StB Altstadt ohne Johannstadt;Neubau;1996;11;161
05 Friedrichstadt;StB 0 Altstadt;01 StB Altstadt ohne Johannstadt;Neubau;1997;8;18
05 Friedrichstadt;StB 0 Altstadt;01 StB Altstadt ohne Johannstadt;Neubau;1998;1;20
05 Friedrichstadt;StB 0 Altstadt;01 StB Altstadt ohne Johannstadt;Neubau;1999;11;104
05 Friedrichstadt;StB 0 Altstadt;01 StB Altstadt ohne Johannstadt;Neubau;2000;7;0
05 Friedrichstadt;StB 0 Altstadt;01 StB Altstadt ohne Johannstadt;Neubau;2001;3;0
05 Friedrichstadt;StB 0 Altstadt;01 StB Altstadt ohne Johannstadt;Neubau;2002;3;0
05 Friedrichstadt;StB 0 Altstadt;01 StB Altstadt ohne Johannstadt;Neubau;2003;3;0
05 Friedrichstadt;StB 0 Altstadt;01 StB Altstadt ohne Johannstadt;Neubau;2004;7;0
05 Friedrichstadt;StB 0 Altstadt;01 StB Altstadt ohne Johannstadt;Neubau;2005;5;0
05 Friedrichstadt;StB 0 Altstadt;01 StB Altstadt ohne Johannstadt;Neubau;2006;2;0
05 Friedrichstadt;StB 0 Altstadt;01 StB Altstadt ohne Johannstadt;Neubau;2007;2;0
05 Friedrichstadt;StB 0 Altstadt;01 StB Altstadt ohne Johannstadt;Neubau;2008;4;0
05 Friedrichstadt;StB 0 Altstadt;01 StB Altstadt ohne Johannstadt;Neubau;2009;4;0
05 Friedrichstadt;StB 0 Altstadt;01 StB Altstadt ohne Johannstadt;Neubau;2010;3;1
05 Friedrichstadt;StB 0 Altstadt;01 StB Altstadt ohne Johannstadt;Neubau;2011;7;0
05 Friedrichstadt;StB 0 Altstadt;01 StB Altstadt ohne Johannstadt;Neubau;2012;1;0
05 Friedrichstadt;StB 0 Altstadt;01 StB Altstadt ohne Johannstadt;Neubau;2013;44;73
05 Friedrichstadt;StB 0 Altstadt;01 StB Altstadt ohne Johannstadt;Neubau;2014;21;138
05 Friedrichstadt;StB 0 Altstadt;01 StB Altstadt ohne Johannstadt;Neubau;2015;25;133
05 Friedrichstadt;StB 0 Altstadt;01 StB Altstadt ohne Johannstadt;Neubau;2016;15;58
05 Friedrichstadt;StB 0 Altstadt;01 StB Altstadt ohne Johannstadt;Neubau;2017;19;240
05 Friedrichstadt;StB 0 Altstadt;01 StB Altstadt ohne Johannstadt;Neubau;2018;20;371
05 Friedrichstadt;StB 0 Altstadt;01 StB Altstadt ohne Johannstadt;Neubau;2019;6;71
05 Friedrichstadt;StB 0 Altstadt;01 StB Altstadt ohne Johannstadt;Neubau;2020;14;223
05 Friedrichstadt;StB 0 Altstadt;01 StB Altstadt ohne Johannstadt;Neubau;2021;6;58
05 Friedrichstadt;StB 0 Altstadt;01 StB Altstadt ohne Johannstadt;Neubau;2022;25;243
05 Friedrichstadt;StB 0 Altstadt;01 StB Altstadt ohne Johannstadt;Neubau;2023;29;288
05 Friedrichstadt;StB 0 Altstadt;01 StB Altstadt ohne Johannstadt;Neubau;2024;3;7
05 Friedrichstadt;StB 0 Altstadt;01 StB Altstadt ohne Johannstadt;Neubau;2025;17;244
05 Friedrichstadt;StB 0 Altstadt;01 StB Altstadt ohne Johannstadt;Neubau;2026;4;66
05 Friedrichstadt;StB 0 Altstadt;01 StB Altstadt ohne Johannstadt;Umbau;1992;6;16
05 Friedrichstadt;StB 0 Altstadt;01 StB Altstadt ohne Johannstadt;Umbau;1993;2;11
05 Friedrichstadt;StB 0 Altstadt;01 StB Altstadt ohne Johannstadt;Umbau;1994;5;64
05 Friedrichstadt;StB 0 Altstadt;01 StB Altstadt ohne Johannstadt;Umbau;1995;8;137
05 Friedrichstadt;StB 0 Altstadt;01 StB Altstadt ohne Johannstadt;Umbau;1996;4;54
05 Friedrichstadt;StB 0 Altstadt;01 StB Altstadt ohne Johannstadt;Umbau;1998;7;51
05 Friedrichstadt;StB 0 Altstadt;01 StB Altstadt ohne Johannstadt;Umbau;1999;5;32
05 Friedrichstadt;StB 0 Altstadt;01 StB Altstadt ohne Johannstadt;Umbau;2000;1;8
05 Friedrichstadt;StB 0 Altstadt;01 StB Altstadt ohne Johannstadt;Umbau;2001;3;0
05 Friedrichstadt;StB 0 Altstadt;01 StB Altstadt ohne Johannstadt;Umbau;2002;2;1
05 Friedrichstadt;StB 0 Altstadt;01 StB Altstadt ohne Johannstadt;Umbau;2003;3;1
05 Friedrichstadt;StB 0 Altstadt;01 StB Altstadt ohne Johannstadt;Umbau;2004;8;17
05 Friedrichstadt;StB 0 Altstadt;01 StB Altstadt ohne Johannstadt;Umbau;2005;4;43
05 Friedrichstadt;StB 0 Altstadt;01 StB Altstadt ohne Johannstadt;Umbau;2006;5;7
05 Friedrichstadt;StB 0 Altstadt;01 StB Altstadt ohne Johannstadt;Umbau;2007;10;120
05 Friedrichstadt;StB 0 Altstadt;01 StB Altstadt ohne Johannstadt;Umbau;2008;9;50
05 Friedrichstadt;StB 0 Altstadt;01 StB Altstadt ohne Johannstadt;Umbau;2009;5;28
05 Friedrichstadt;StB 0 Altstadt;01 StB Altstadt ohne Johannstadt;Umbau;2010;12;76
05 Friedrichstadt;StB 0 Altstadt;01 StB Altstadt ohne Johannstadt;Umbau;2011;10;65
05 Friedrichstadt;StB 0 Altstadt;01 StB Altstadt ohne Johannstadt;Umbau;2012;4;45
05 Friedrichstadt;StB 0 Altstadt;01 StB Altstadt ohne Johannstadt;Umbau;2013;14;132
05 Friedrichstadt;StB 0 Altstadt;01 StB Altstadt ohne Johannstadt;Umbau;2014;8;153
05 Friedrichstadt;StB 0 Altstadt;01 StB Altstadt ohne Johannstadt;Umbau;2015;11;142
05 Friedrichstadt;StB 0 Altstadt;01 StB Altstadt ohne Johannstadt;Umbau;2016;13;75
05 Friedrichstadt;StB 0 Altstadt;01 StB Altstadt ohne Johannstadt;Umbau;2017;4;4
05 Friedrichstadt;StB 0 Altstadt;01 StB Altstadt ohne Johannstadt;Umbau;2018;12;97
05 Friedrichstadt;StB 0 Altstadt;01 StB Altstadt ohne Johannstadt;Umbau;2019;9;78
05 Friedrichstadt;StB 0 Altstadt;01 StB Altstadt ohne Johannstadt;Umbau;2020;9;84
05 Friedrichstadt;StB 0 Altstadt;01 StB Altstadt ohne Johannstadt;Umbau;2021;5;9
05 Friedrichstadt;StB 0 Altstadt;01 StB Altstadt ohne Johannstadt;Umbau;2022;11;12
05 Friedrichstadt;StB 0 Altstadt;01 StB Altstadt ohne Johannstadt;Umbau;2023;8;118
05 Friedrichstadt;StB 0 Altstadt;01 StB Altstadt ohne Johannstadt;Umbau;2024;15;77
05 Friedrichstadt;StB 0 Altstadt;01 StB Altstadt ohne Johannstadt;Umbau;2025;8;113
05 Friedrichstadt;StB 0 Altstadt;01 StB Altstadt ohne Johannstadt;Umbau;2026;2;0
06 Johannstadt-Nord;StB 0 Altstadt;02 Johannstadt;Neubau;1993;7;193
06 Johannstadt-Nord;StB 0 Altstadt;02 Johannstadt;Neubau;1994;4;72
06 Johannstadt-Nord;StB 0 Altstadt;02 Johannstadt;Neubau;1995;11;172
06 Johannstadt-Nord;StB 0 Altstadt;02 Johannstadt;Neubau;1996;4;27
06 Johannstadt-Nord;StB 0 Altstadt;02 Johannstadt;Neubau;1997;7;109
06 Johannstadt-Nord;StB 0 Altstadt;02 Johannstadt;Neubau;1999;5;18
06 Johannstadt-Nord;StB 0 Altstadt;02 Johannstadt;Neubau;2000;8;0
06 Johannstadt-Nord;StB 0 Altstadt;02 Johannstadt;Neubau;2001;2;0
06 Johannstadt-Nord;StB 0 Altstadt;02 Johannstadt;Neubau;2002;4;9
06 Johannstadt-Nord;StB 0 Altstadt;02 Johannstadt;Neubau;2003;1;0
06 Johannstadt-Nord;StB 0 Altstadt;02 Johannstadt;Neubau;2004;1;0
06 Johannstadt-Nord;StB 0 Altstadt;02 Johannstadt;Neubau;2005;1;0
06 Johannstadt-Nord;StB 0 Altstadt;02 Johannstadt;Neubau;2006;3;8
06 Johannstadt-Nord;StB 0 Altstadt;02 Johannstadt;Neubau;2007;3;0
06 Johannstadt-Nord;StB 0 Altstadt;02 Johannstadt;Neubau;2008;1;0
06 Johannstadt-Nord;StB 0 Altstadt;02 Johannstadt;Neubau;2009;3;0
06 Johannstadt-Nord;StB 0 Altstadt;02 Johannstadt;Neubau;2011;1;1
06 Johannstadt-Nord;StB 0 Altstadt;02 Johannstadt;Neubau;2012;3;0
06 Johannstadt-Nord;StB 0 Altstadt;02 Johannstadt;Neubau;2013;3;83
06 Johannstadt-Nord;StB 0 Altstadt;02 Johannstadt;Neubau;2014;9;77
06 Johannstadt-Nord;StB 0 Altstadt;02 Johannstadt;Neubau;2015;1;0
06 Johannstadt-Nord;StB 0 Altstadt;02 Johannstadt;Neubau;2016;3;45
06 Johannstadt-Nord;StB 0 Altstadt;02 Johannstadt;Neubau;2017;13;348
06 Johannstadt-Nord;StB 0 Altstadt;02 Johannstadt;Neubau;2018;5;4
06 Johannstadt-Nord;StB 0 Altstadt;02 Johannstadt;Neubau;2019;16;120
06 Johannstadt-Nord;StB 0 Altstadt;02 Johannstadt;Neubau;2020;1;0
06 Johannstadt-Nord;StB 0 Altstadt;02 Johannstadt;Neubau;2021;4;79
06 Johannstadt-Nord;StB 0 Altstadt;02 Johannstadt;Neubau;2022;3;0
06 Johannstadt-Nord;StB 0 Altstadt;02 Johannstadt;Neubau;2023;2;0
06 Johannstadt-Nord;StB 0 Altstadt;02 Johannstadt;Neubau;2024;2;0
06 Johannstadt-Nord;StB 0 Altstadt;02 Johannstadt;Neubau;2025;1;10
06 Johannstadt-Nord;StB 0 Altstadt;02 Johannstadt;Neubau;2026;1;0
06 Johannstadt-Nord;StB 0 Altstadt;02 Johannstadt;Umbau;1993;2;16
06 Johannstadt-Nord;StB 0 Altstadt;02 Johannstadt;Umbau;1994;3;15
06 Johannstadt-Nord;StB 0 Altstadt;02 Johannstadt;Umbau;1995;2;23
06 Johannstadt-Nord;StB 0 Altstadt;02 Johannstadt;Umbau;1996;9;153
06 Johannstadt-Nord;StB 0 Altstadt;02 Johannstadt;Umbau;1997;6;47
06 Johannstadt-Nord;StB 0 Altstadt;02 Johannstadt;Umbau;1998;8;64
06 Johannstadt-Nord;StB 0 Altstadt;02 Johannstadt;Umbau;1999;10;101
06 Johannstadt-Nord;StB 0 Altstadt;02 Johannstadt;Umbau;2000;9;98
06 Johannstadt-Nord;StB 0 Altstadt;02 Johannstadt;Umbau;2001;6;79
06 Johannstadt-Nord;StB 0 Altstadt;02 Johannstadt;Umbau;2002;3;22
06 Johannstadt-Nord;StB 0 Altstadt;02 Johannstadt;Umbau;2003;5;97
06 Johannstadt-Nord;StB 0 Altstadt;02 Johannstadt;Umbau;2004;17;429
06 Johannstadt-Nord;StB 0 Altstadt;02 Johannstadt;Umbau;2005;5;13
06 Johannstadt-Nord;StB 0 Altstadt;02 Johannstadt;Umbau;2006;2;21
06 Johannstadt-Nord;StB 0 Altstadt;02 Johannstadt;Umbau;2007;4;14
06 Johannstadt-Nord;StB 0 Altstadt;02 Johannstadt;Umbau;2008;5;76
06 Johannstadt-Nord;StB 0 Altstadt;02 Johannstadt;Umbau;2009;20;222
06 Johannstadt-Nord;StB 0 Altstadt;02 Johannstadt;Umbau;2010;6;207
06 Johannstadt-Nord;StB 0 Altstadt;02 Johannstadt;Umbau;2011;6;154
06 Johannstadt-Nord;StB 0 Altstadt;02 Johannstadt;Umbau;2012;3;30
06 Johannstadt-Nord;StB 0 Altstadt;02 Johannstadt;Umbau;2013;4;19
06 Johannstadt-Nord;StB 0 Altstadt;02 Johannstadt;Umbau;2014;11;98
06 Johannstadt-Nord;StB 0 Altstadt;02 Johannstadt;Umbau;2015;5;49
06 Johannstadt-Nord;StB 0 Altstadt;02 Johannstadt;Umbau;2016;2;21
06 Johannstadt-Nord;StB 0 Altstadt;02 Johannstadt;Umbau;2017;1;40
06 Johannstadt-Nord;StB 0 Altstadt;02 Johannstadt;Umbau;2018;8;170
06 Johannstadt-Nord;StB 0 Altstadt;02 Johannstadt;Umbau;2019;26;714
06 Johannstadt-Nord;StB 0 Altstadt;02 Johannstadt;Umbau;2020;11;345
06 Johannstadt-Nord;StB 0 Altstadt;02 Johannstadt;Umbau;2021;3;0
06 Johannstadt-Nord;StB 0 Altstadt;02 Johannstadt;Umbau;2023;2;25
06 Johannstadt-Nord;StB 0 Altstadt;02 Johannstadt;Umbau;2024;10;277
06 Johannstadt-Nord;StB 0 Altstadt;02 Johannstadt;Umbau;2025;4;84
06 Johannstadt-Nord;StB 0 Altstadt;02 Johannstadt;Umbau;2026;2;0
07 Johannstadt-Süd;StB 0 Altstadt;02 Johannstadt;Neubau;1993;1;0
07 Johannstadt-Süd;StB 0 Altstadt;02 Johannstadt;Neubau;1994;4;47
07 Johannstadt-Süd;StB 0 Altstadt;02 Johannstadt;Neubau;1996;9;259
07 Johannstadt-Süd;StB 0 Altstadt;02 Johannstadt;Neubau;1997;6;72
07 Johannstadt-Süd;StB 0 Altstadt;02 Johannstadt;Neubau;1998;10;79
07 Johannstadt-Süd;StB 0 Altstadt;02 Johannstadt;Neubau;2000;2;0
07 Johannstadt-Süd;StB 0 Altstadt;02 Johannstadt;Neubau;2004;2;0
07 Johannstadt-Süd;StB 0 Altstadt;02 Johannstadt;Neubau;2005;1;0
07 Johannstadt-Süd;StB 0 Altstadt;02 Johannstadt;Neubau;2009;1;0
07 Johannstadt-Süd;StB 0 Altstadt;02 Johannstadt;Neubau;2012;1;0
07 Johannstadt-Süd;StB 0 Altstadt;02 Johannstadt;Neubau;2013;6;56
07 Johannstadt-Süd;StB 0 Altstadt;02 Johannstadt;Neubau;2014;1;0
07 Johannstadt-Süd;StB 0 Altstadt;02 Johannstadt;Neubau;2015;1;0
07 Johannstadt-Süd;StB 0 Altstadt;02 Johannstadt;Neubau;2016;4;85
07 Johannstadt-Süd;StB 0 Altstadt;02 Johannstadt;Neubau;2017;7;134
07 Johannstadt-Süd;StB 0 Altstadt;02 Johannstadt;Neubau;2018;1;0
07 Johannstadt-Süd;StB 0 Altstadt;02 Johannstadt;Neubau;2019;1;0
07 Johannstadt-Süd;StB 0 Altstadt;02 Johannstadt;Neubau;2020;7;61
07 Johannstadt-Süd;StB 0 Altstadt;02 Johannstadt;Neubau;2021;8;234
07 Johannstadt-Süd;StB 0 Altstadt;02 Johannstadt;Neubau;2025;2;41
07 Johannstadt-Süd;StB 0 Altstadt;02 Johannstadt;Umbau;1993;3;15
07 Johannstadt-Süd;StB 0 Altstadt;02 Johannstadt;Umbau;1994;7;283
07 Johannstadt-Süd;StB 0 Altstadt;02 Johannstadt;Umbau;1997;1;1
07 Johannstadt-Süd;StB 0 Altstadt;02 Johannstadt;Umbau;1998;4;133
07 Johannstadt-Süd;StB 0 Altstadt;02 Johannstadt;Umbau;1999;13;128
07 Johannstadt-Süd;StB 0 Altstadt;02 Johannstadt;Umbau;2000;29;479
07 Johannstadt-Süd;StB 0 Altstadt;02 Johannstadt;Umbau;2001;2;10
07 Johannstadt-Süd;StB 0 Altstadt;02 Johannstadt;Umbau;2002;8;251
07 Johannstadt-Süd;StB 0 Altstadt;02 Johannstadt;Umbau;2003;43;558
07 Johannstadt-Süd;StB 0 Altstadt;02 Johannstadt;Umbau;2004;12;404
07 Johannstadt-Süd;StB 0 Altstadt;02 Johannstadt;Umbau;2005;2;12
07 Johannstadt-Süd;StB 0 Altstadt;02 Johannstadt;Umbau;2007;2;0
07 Johannstadt-Süd;StB 0 Altstadt;02 Johannstadt;Umbau;2008;1;0
07 Johannstadt-Süd;StB 0 Altstadt;02 Johannstadt;Umbau;2009;16;175
07 Johannstadt-Süd;StB 0 Altstadt;02 Johannstadt;Umbau;2010;21;188
07 Johannstadt-Süd;StB 0 Altstadt;02 Johannstadt;Umbau;2011;13;126
07 Johannstadt-Süd;StB 0 Altstadt;02 Johannstadt;Umbau;2012;40;601
07 Johannstadt-Süd;StB 0 Altstadt;02 Johannstadt;Umbau;2013;20;195
07 Johannstadt-Süd;StB 0 Altstadt;02 Johannstadt;Umbau;2014;3;30
07 Johannstadt-Süd;StB 0 Altstadt;02 Johannstadt;Umbau;2015;11;206
07 Johannstadt-Süd;StB 0 Altstadt;02 Johannstadt;Umbau;2016;6;50
07 Johannstadt-Süd;StB 0 Altstadt;02 Johannstadt;Umbau;2017;2;86
07 Johannstadt-Süd;StB 0 Altstadt;02 Johannstadt;Umbau;2018;9;151
07 Johannstadt-Süd;StB 0 Altstadt;02 Johannstadt;Umbau;2019;1;25
07 Johannstadt-Süd;StB 0 Altstadt;02 Johannstadt;Umbau;2020;4;296
07 Johannstadt-Süd;StB 0 Altstadt;02 Johannstadt;Umbau;2021;2;293
07 Johannstadt-Süd;StB 0 Altstadt;02 Johannstadt;Umbau;2022;2;171
07 Johannstadt-Süd;StB 0 Altstadt;02 Johannstadt;Umbau;2024;2;0
07 Johannstadt-Süd;StB 0 Altstadt;02 Johannstadt;Umbau;2025;1;13
11 Äußere Neustadt (Antonstadt);StB 1 Neustadt;03 StB Neustadt ohne Leipziger Vorstadt;Neubau;1992;7;5
11 Äußere Neustadt (Antonstadt);StB 1 Neustadt;03 StB Neustadt ohne Leipziger Vorstadt;Neubau;1993;6;35
11 Äußere Neustadt (Antonstadt);StB 1 Neustadt;03 StB Neustadt ohne Leipziger Vorstadt;Neubau;1994;9;63
11 Äußere Neustadt (Antonstadt);StB 1 Neustadt;03 StB Neustadt ohne Leipziger Vorstadt;Neubau;1995;13;133
11 Äußere Neustadt (Antonstadt);StB 1 Neustadt;03 StB Neustadt ohne Leipziger Vorstadt;Neubau;1996;18;211
11 Äußere Neustadt (Antonstadt);StB 1 Neustadt;03 StB Neustadt ohne Leipziger Vorstadt;Neubau;1997;6;59
11 Äußere Neustadt (Antonstadt);StB 1 Neustadt;03 StB Neustadt ohne Leipziger Vorstadt;Neubau;1998;5;44
11 Äußere Neustadt (Antonstadt);StB 1 Neustadt;03 StB Neustadt ohne Leipziger Vorstadt;Neubau;1999;9;114
11 Äußere Neustadt (Antonstadt);StB 1 Neustadt;03 StB Neustadt ohne Leipziger Vorstadt;Neubau;2000;4;20
11 Äußere Neustadt (Antonstadt);StB 1 Neustadt;03 StB Neustadt ohne Leipziger Vorstadt;Neubau;2001;1;24
11 Äußere Neustadt (Antonstadt);StB 1 Neustadt;03 StB Neustadt ohne Leipziger Vorstadt;Neubau;2002;3;42
11 Äußere Neustadt (Antonstadt);StB 1 Neustadt;03 StB Neustadt ohne Leipziger Vorstadt;Neubau;2003;1;9
11 Äußere Neustadt (Antonstadt);StB 1 Neustadt;03 StB Neustadt ohne Leipziger Vorstadt;Neubau;2004;5;18
11 Äußere Neustadt (Antonstadt);StB 1 Neustadt;03 StB Neustadt ohne Leipziger Vorstadt;Neubau;2005;1;2
11 Äußere Neustadt (Antonstadt);StB 1 Neustadt;03 StB Neustadt ohne Leipziger Vorstadt;Neubau;2007;2;1
11 Äußere Neustadt (Antonstadt);StB 1 Neustadt;03 StB Neustadt ohne Leipziger Vorstadt;Neubau;2008;3;14
11 Äußere Neustadt (Antonstadt);StB 1 Neustadt;03 StB Neustadt ohne Leipziger Vorstadt;Neubau;2009;2;14
11 Äußere Neustadt (Antonstadt);StB 1 Neustadt;03 StB Neustadt ohne Leipziger Vorstadt;Neubau;2010;4;13
11 Äußere Neustadt (Antonstadt);StB 1 Neustadt;03 StB Neustadt ohne Leipziger Vorstadt;Neubau;2012;3;10
11 Äußere Neustadt (Antonstadt);StB 1 Neustadt;03 StB Neustadt ohne Leipziger Vorstadt;Neubau;2013;9;51
11 Äußere Neustadt (Antonstadt);StB 1 Neustadt;03 StB Neustadt ohne Leipziger Vorstadt;Neubau;2014;13;74
11 Äußere Neustadt (Antonstadt);StB 1 Neustadt;03 StB Neustadt ohne Leipziger Vorstadt;Neubau;2015;8;55
11 Äußere Neustadt (Antonstadt);StB 1 Neustadt;03 StB Neustadt ohne Leipziger Vorstadt;Neubau;2016;25;216
11 Äußere Neustadt (Antonstadt);StB 1 Neustadt;03 StB Neustadt ohne Leipziger Vorstadt;Neubau;2017;16;169
11 Äußere Neustadt (Antonstadt);StB 1 Neustadt;03 StB Neustadt ohne Leipziger Vorstadt;Neubau;2018;5;37
11 Äußere Neustadt (Antonstadt);StB 1 Neustadt;03 StB Neustadt ohne Leipziger Vorstadt;Neubau;2019;10;100
11 Äußere Neustadt (Antonstadt);StB 1 Neustadt;03 StB Neustadt ohne Leipziger Vorstadt;Neubau;2020;1;13
11 Äußere Neustadt (Antonstadt);StB 1 Neustadt;03 StB Neustadt ohne Leipziger Vorstadt;Neubau;2022;2;12
11 Äußere Neustadt (Antonstadt);StB 1 Neustadt;03 StB Neustadt ohne Leipziger Vorstadt;Neubau;2023;6;73
11 Äußere Neustadt (Antonstadt);StB 1 Neustadt;03 StB Neustadt ohne Leipziger Vorstadt;Neubau;2025;6;17
11 Äußere Neustadt (Antonstadt);StB 1 Neustadt;03 StB Neustadt ohne Leipziger Vorstadt;Umbau;1992;12;74
11 Äußere Neustadt (Antonstadt);StB 1 Neustadt;03 StB Neustadt ohne Leipziger Vorstadt;Umbau;1993;9;70
11 Äußere Neustadt (Antonstadt);StB 1 Neustadt;03 StB Neustadt ohne Leipziger Vorstadt;Umbau;1994;9;56
11 Äußere Neustadt (Antonstadt);StB 1 Neustadt;03 StB Neustadt ohne Leipziger Vorstadt;Umbau;1995;6;32
11 Äußere Neustadt (Antonstadt);StB 1 Neustadt;03 StB Neustadt ohne Leipziger Vorstadt;Umbau;1996;4;22
11 Äußere Neustadt (Antonstadt);StB 1 Neustadt;03 StB Neustadt ohne Leipziger Vorstadt;Umbau;1997;29;273
11 Äußere Neustadt (Antonstadt);StB 1 Neustadt;03 StB Neustadt ohne Leipziger Vorstadt;Umbau;1998;17;152
11 Äußere Neustadt (Antonstadt);StB 1 Neustadt;03 StB Neustadt ohne Leipziger Vorstadt;Umbau;1999;38;267
11 Äußere Neustadt (Antonstadt);StB 1 Neustadt;03 StB Neustadt ohne Leipziger Vorstadt;Umbau;2000;29;208
11 Äußere Neustadt (Antonstadt);StB 1 Neustadt;03 StB Neustadt ohne Leipziger Vorstadt;Umbau;2001;25;212
11 Äußere Neustadt (Antonstadt);StB 1 Neustadt;03 StB Neustadt ohne Leipziger Vorstadt;Umbau;2002;11;94
11 Äußere Neustadt (Antonstadt);StB 1 Neustadt;03 StB Neustadt ohne Leipziger Vorstadt;Umbau;2003;7;68
11 Äußere Neustadt (Antonstadt);StB 1 Neustadt;03 StB Neustadt ohne Leipziger Vorstadt;Umbau;2004;6;41
11 Äußere Neustadt (Antonstadt);StB 1 Neustadt;03 StB Neustadt ohne Leipziger Vorstadt;Umbau;2005;10;78
11 Äußere Neustadt (Antonstadt);StB 1 Neustadt;03 StB Neustadt ohne Leipziger Vorstadt;Umbau;2006;7;56
11 Äußere Neustadt (Antonstadt);StB 1 Neustadt;03 StB Neustadt ohne Leipziger Vorstadt;Umbau;2007;5;24
11 Äußere Neustadt (Antonstadt);StB 1 Neustadt;03 StB Neustadt ohne Leipziger Vorstadt;Umbau;2008;13;95
11 Äußere Neustadt (Antonstadt);StB 1 Neustadt;03 StB Neustadt ohne Leipziger Vorstadt;Umbau;2009;15;85
11 Äußere Neustadt (Antonstadt);StB 1 Neustadt;03 StB Neustadt ohne Leipziger Vorstadt;Umbau;2010;18;122
11 Äußere Neustadt (Antonstadt);StB 1 Neustadt;03 StB Neustadt ohne Leipziger Vorstadt;Umbau;2011;21;104
11 Äußere Neustadt (Antonstadt);StB 1 Neustadt;03 StB Neustadt ohne Leipziger Vorstadt;Umbau;2012;9;75
11 Äußere Neustadt (Antonstadt);StB 1 Neustadt;03 StB Neustadt ohne Leipziger Vorstadt;Umbau;2013;9;70
11 Äußere Neustadt (Antonstadt);StB 1 Neustadt;03 StB Neustadt ohne Leipziger Vorstadt;Umbau;2014;13;93
11 Äußere Neustadt (Antonstadt);StB 1 Neustadt;03 StB Neustadt ohne Leipziger Vorstadt;Umbau;2015;7;30
11 Äußere Neustadt (Antonstadt);StB 1 Neustadt;03 StB Neustadt ohne Leipziger Vorstadt;Umbau;2016;19;115
11 Äußere Neustadt (Antonstadt);StB 1 Neustadt;03 StB Neustadt ohne Leipziger Vorstadt;Umbau;2017;15;98
11 Äußere Neustadt (Antonstadt);StB 1 Neustadt;03 StB Neustadt ohne Leipziger Vorstadt;Umbau;2018;3;20
11 Äußere Neustadt (Antonstadt);StB 1 Neustadt;03 StB Neustadt ohne Leipziger Vorstadt;Umbau;2019;9;52
11 Äußere Neustadt (Antonstadt);StB 1 Neustadt;03 StB Neustadt ohne Leipziger Vorstadt;Umbau;2020;16;105
11 Äußere Neustadt (Antonstadt);StB 1 Neustadt;03 StB Neustadt ohne Leipziger Vorstadt;Umbau;2021;4;31
11 Äußere Neustadt (Antonstadt);StB 1 Neustadt;03 StB Neustadt ohne Leipziger Vorstadt;Umbau;2022;7;31
11 Äußere Neustadt (Antonstadt);StB 1 Neustadt;03 StB Neustadt ohne Leipziger Vorstadt;Umbau;2023;7;35
11 Äußere Neustadt (Antonstadt);StB 1 Neustadt;03 StB Neustadt ohne Leipziger Vorstadt;Umbau;2024;15;97
11 Äußere Neustadt (Antonstadt);StB 1 Neustadt;03 StB Neustadt ohne Leipziger Vorstadt;Umbau;2025;18;217
11 Äußere Neustadt (Antonstadt);StB 1 Neustadt;03 StB Neustadt ohne Leipziger Vorstadt;Umbau;2026;6;21
12 Radeberger Vorstadt;StB 1 Neustadt;03 StB Neustadt ohne Leipziger Vorstadt;Neubau;1993;2;0
12 Radeberger Vorstadt;StB 1 Neustadt;03 StB Neustadt ohne Leipziger Vorstadt;Neubau;1994;9;85
12 Radeberger Vorstadt;StB 1 Neustadt;03 StB Neustadt ohne Leipziger Vorstadt;Neubau;1995;39;516
12 Radeberger Vorstadt;StB 1 Neustadt;03 StB Neustadt ohne Leipziger Vorstadt;Neubau;1996;35;332
12 Radeberger Vorstadt;StB 1 Neustadt;03 StB Neustadt ohne Leipziger Vorstadt;Neubau;1997;12;68
12 Radeberger Vorstadt;StB 1 Neustadt;03 StB Neustadt ohne Leipziger Vorstadt;Neubau;1998;7;43
12 Radeberger Vorstadt;StB 1 Neustadt;03 StB Neustadt ohne Leipziger Vorstadt;Neubau;2000;7;37
12 Radeberger Vorstadt;StB 1 Neustadt;03 StB Neustadt ohne Leipziger Vorstadt;Neubau;2001;13;11
12 Radeberger Vorstadt;StB 1 Neustadt;03 StB Neustadt ohne Leipziger Vorstadt;Neubau;2002;11;58
12 Radeberger Vorstadt;StB 1 Neustadt;03 StB Neustadt ohne Leipziger Vorstadt;Neubau;2003;1;7
12 Radeberger Vorstadt;StB 1 Neustadt;03 StB Neustadt ohne Leipziger Vorstadt;Neubau;2004;6;6
12 Radeberger Vorstadt;StB 1 Neustadt;03 StB Neustadt ohne Leipziger Vorstadt;Neubau;2005;5;8
12 Radeberger Vorstadt;StB 1 Neustadt;03 StB Neustadt ohne Leipziger Vorstadt;Neubau;2006;22;21
12 Radeberger Vorstadt;StB 1 Neustadt;03 StB Neustadt ohne Leipziger Vorstadt;Neubau;2007;9;9
12 Radeberger Vorstadt;StB 1 Neustadt;03 StB Neustadt ohne Leipziger Vorstadt;Neubau;2008;5;14
12 Radeberger Vorstadt;StB 1 Neustadt;03 StB Neustadt ohne Leipziger Vorstadt;Neubau;2009;1;1
12 Radeberger Vorstadt;StB 1 Neustadt;03 StB Neustadt ohne Leipziger Vorstadt;Neubau;2010;16;34
12 Radeberger Vorstadt;StB 1 Neustadt;03 StB Neustadt ohne Leipziger Vorstadt;Neubau;2011;14;21
12 Radeberger Vorstadt;StB 1 Neustadt;03 StB Neustadt ohne Leipziger Vorstadt;Neubau;2012;5;21
12 Radeberger Vorstadt;StB 1 Neustadt;03 StB Neustadt ohne Leipziger Vorstadt;Neubau;2013;3;23
12 Radeberger Vorstadt;StB 1 Neustadt;03 StB Neustadt ohne Leipziger Vorstadt;Neubau;2014;10;25
12 Radeberger Vorstadt;StB 1 Neustadt;03 StB Neustadt ohne Leipziger Vorstadt;Neubau;2015;17;65
12 Radeberger Vorstadt;StB 1 Neustadt;03 StB Neustadt ohne Leipziger Vorstadt;Neubau;2016;2;18
12 Radeberger Vorstadt;StB 1 Neustadt;03 StB Neustadt ohne Leipziger Vorstadt;Neubau;2017;2;9
12 Radeberger Vorstadt;StB 1 Neustadt;03 StB Neustadt ohne Leipziger Vorstadt;Neubau;2018;2;13
12 Radeberger Vorstadt;StB 1 Neustadt;03 StB Neustadt ohne Leipziger Vorstadt;Neubau;2019;3;23
12 Radeberger Vorstadt;StB 1 Neustadt;03 StB Neustadt ohne Leipziger Vorstadt;Neubau;2020;6;13
12 Radeberger Vorstadt;StB 1 Neustadt;03 StB Neustadt ohne Leipziger Vorstadt;Neubau;2022;2;8
12 Radeberger Vorstadt;StB 1 Neustadt;03 StB Neustadt ohne Leipziger Vorstadt;Neubau;2024;6;4
12 Radeberger Vorstadt;StB 1 Neustadt;03 StB Neustadt ohne Leipziger Vorstadt;Neubau;2025;2;6
12 Radeberger Vorstadt;StB 1 Neustadt;03 StB Neustadt ohne Leipziger Vorstadt;Neubau;2026;6;34
12 Radeberger Vorstadt;StB 1 Neustadt;03 StB Neustadt ohne Leipziger Vorstadt;Umbau;1992;1;0
12 Radeberger Vorstadt;StB 1 Neustadt;03 StB Neustadt ohne Leipziger Vorstadt;Umbau;1993;2;6
12 Radeberger Vorstadt;StB 1 Neustadt;03 StB Neustadt ohne Leipziger Vorstadt;Umbau;1994;7;30
12 Radeberger Vorstadt;StB 1 Neustadt;03 StB Neustadt ohne Leipziger Vorstadt;Umbau;1995;7;71
12 Radeberger Vorstadt;StB 1 Neustadt;03 StB Neustadt ohne Leipziger Vorstadt;Umbau;1996;14;76
12 Radeberger Vorstadt;StB 1 Neustadt;03 StB Neustadt ohne Leipziger Vorstadt;Umbau;1997;16;89
12 Radeberger Vorstadt;StB 1 Neustadt;03 StB Neustadt ohne Leipziger Vorstadt;Umbau;1998;6;36
12 Radeberger Vorstadt;StB 1 Neustadt;03 StB Neustadt ohne Leipziger Vorstadt;Umbau;1999;9;34
12 Radeberger Vorstadt;StB 1 Neustadt;03 StB Neustadt ohne Leipziger Vorstadt;Umbau;2000;14;82
12 Radeberger Vorstadt;StB 1 Neustadt;03 StB Neustadt ohne Leipziger Vorstadt;Umbau;2001;10;31
12 Radeberger Vorstadt;StB 1 Neustadt;03 StB Neustadt ohne Leipziger Vorstadt;Umbau;2002;15;70
12 Radeberger Vorstadt;StB 1 Neustadt;03 StB Neustadt ohne Leipziger Vorstadt;Umbau;2003;10;76
12 Radeberger Vorstadt;StB 1 Neustadt;03 StB Neustadt ohne Leipziger Vorstadt;Umbau;2004;8;28
12 Radeberger Vorstadt;StB 1 Neustadt;03 StB Neustadt ohne Leipziger Vorstadt;Umbau;2005;4;16
12 Radeberger Vorstadt;StB 1 Neustadt;03 StB Neustadt ohne Leipziger Vorstadt;Umbau;2006;6;16
12 Radeberger Vorstadt;StB 1 Neustadt;03 StB Neustadt ohne Leipziger Vorstadt;Umbau;2007;9;22
12 Radeberger Vorstadt;StB 1 Neustadt;03 StB Neustadt ohne Leipziger Vorstadt;Umbau;2008;8;30
12 Radeberger Vorstadt;StB 1 Neustadt;03 StB Neustadt ohne Leipziger Vorstadt;Umbau;2009;10;21
12 Radeberger Vorstadt;StB 1 Neustadt;03 StB Neustadt ohne Leipziger Vorstadt;Umbau;2010;8;43
12 Radeberger Vorstadt;StB 1 Neustadt;03 StB Neustadt ohne Leipziger Vorstadt;Umbau;2011;9;31
12 Radeberger Vorstadt;StB 1 Neustadt;03 StB Neustadt ohne Leipziger Vorstadt;Umbau;2012;9;14
12 Radeberger Vorstadt;StB 1 Neustadt;03 StB Neustadt ohne Leipziger Vorstadt;Umbau;2013;6;63
12 Radeberger Vorstadt;StB 1 Neustadt;03 StB Neustadt ohne Leipziger Vorstadt;Umbau;2014;7;35
12 Radeberger Vorstadt;StB 1 Neustadt;03 StB Neustadt ohne Leipziger Vorstadt;Umbau;2015;9;85
12 Radeberger Vorstadt;StB 1 Neustadt;03 StB Neustadt ohne Leipziger Vorstadt;Umbau;2016;11;65
12 Radeberger Vorstadt;StB 1 Neustadt;03 StB Neustadt ohne Leipziger Vorstadt;Umbau;2017;8;37
12 Radeberger Vorstadt;StB 1 Neustadt;03 StB Neustadt ohne Leipziger Vorstadt;Umbau;2018;6;42
12 Radeberger Vorstadt;StB 1 Neustadt;03 StB Neustadt ohne Leipziger Vorstadt;Umbau;2019;8;63
12 Radeberger Vorstadt;StB 1 Neustadt;03 StB Neustadt ohne Leipziger Vorstadt;Umbau;2020;5;7
12 Radeberger Vorstadt;StB 1 Neustadt;03 StB Neustadt ohne Leipziger Vorstadt;Umbau;2021;8;25
12 Radeberger Vorstadt;StB 1 Neustadt;03 StB Neustadt ohne Leipziger Vorstadt;Umbau;2022;5;14
12 Radeberger Vorstadt;StB 1 Neustadt;03 StB Neustadt ohne Leipziger Vorstadt;Umbau;2023;3;10
12 Radeberger Vorstadt;StB 1 Neustadt;03 StB Neustadt ohne Leipziger Vorstadt;Umbau;2024;3;6
12 Radeberger Vorstadt;StB 1 Neustadt;03 StB Neustadt ohne Leipziger Vorstadt;Umbau;2025;5;32
12 Radeberger Vorstadt;StB 1 Neustadt;03 StB Neustadt ohne Leipziger Vorstadt;Umbau;2026;10;126
13 Innere Neustadt;StB 1 Neustadt;03 StB Neustadt ohne Leipziger Vorstadt;Neubau;1992;2;14
13 Innere Neustadt;StB 1 Neustadt;03 StB Neustadt ohne Leipziger Vorstadt;Neubau;1993;5;31
13 Innere Neustadt;StB 1 Neustadt;03 StB Neustadt ohne Leipziger Vorstadt;Neubau;1994;2;6
13 Innere Neustadt;StB 1 Neustadt;03 StB Neustadt ohne Leipziger Vorstadt;Neubau;1995;10;52
13 Innere Neustadt;StB 1 Neustadt;03 StB Neustadt ohne Leipziger Vorstadt;Neubau;1996;10;53
13 Innere Neustadt;StB 1 Neustadt;03 StB Neustadt ohne Leipziger Vorstadt;Neubau;1997;4;32
13 Innere Neustadt;StB 1 Neustadt;03 StB Neustadt ohne Leipziger Vorstadt;Neubau;1998;7;38
13 Innere Neustadt;StB 1 Neustadt;03 StB Neustadt ohne Leipziger Vorstadt;Neubau;1999;3;5
13 Innere Neustadt;StB 1 Neustadt;03 StB Neustadt ohne Leipziger Vorstadt;Neubau;2000;8;16
13 Innere Neustadt;StB 1 Neustadt;03 StB Neustadt ohne Leipziger Vorstadt;Neubau;2001;1;0
13 Innere Neustadt;StB 1 Neustadt;03 StB Neustadt ohne Leipziger Vorstadt;Neubau;2002;1;0
13 Innere Neustadt;StB 1 Neustadt;03 StB Neustadt ohne Leipziger Vorstadt;Neubau;2003;2;0
13 Innere Neustadt;StB 1 Neustadt;03 StB Neustadt ohne Leipziger Vorstadt;Neubau;2008;5;5
13 Innere Neustadt;StB 1 Neustadt;03 StB Neustadt ohne Leipziger Vorstadt;Neubau;2009;1;0
13 Innere Neustadt;StB 1 Neustadt;03 StB Neustadt ohne Leipziger Vorstadt;Neubau;2010;13;105
13 Innere Neustadt;StB 1 Neustadt;03 StB Neustadt ohne Leipziger Vorstadt;Neubau;2011;2;15
13 Innere Neustadt;StB 1 Neustadt;03 StB Neustadt ohne Leipziger Vorstadt;Neubau;2012;1;6
13 Innere Neustadt;StB 1 Neustadt;03 StB Neustadt ohne Leipziger Vorstadt;Neubau;2013;4;34
13 Innere Neustadt;StB 1 Neustadt;03 StB Neustadt ohne Leipziger Vorstadt;Neubau;2014;4;175
13 Innere Neustadt;StB 1 Neustadt;03 StB Neustadt ohne Leipziger Vorstadt;Neubau;2015;1;199
13 Innere Neustadt;StB 1 Neustadt;03 StB Neustadt ohne Leipziger Vorstadt;Neubau;2016;3;22
13 Innere Neustadt;StB 1 Neustadt;03 StB Neustadt ohne Leipziger Vorstadt;Neubau;2017;4;9
13 Innere Neustadt;StB 1 Neustadt;03 StB Neustadt ohne Leipziger Vorstadt;Neubau;2018;10;191
13 Innere Neustadt;StB 1 Neustadt;03 StB Neustadt ohne Leipziger Vorstadt;Neubau;2020;13;108
13 Innere Neustadt;StB 1 Neustadt;03 StB Neustadt ohne Leipziger Vorstadt;Neubau;2024;2;0
13 Innere Neustadt;StB 1 Neustadt;03 StB Neustadt ohne Leipziger Vorstadt;Neubau;2025;2;0
13 Innere Neustadt;StB 1 Neustadt;03 StB Neustadt ohne Leipziger Vorstadt;Umbau;1992;5;21
13 Innere Neustadt;StB 1 Neustadt;03 StB Neustadt ohne Leipziger Vorstadt;Umbau;1993;8;15
13 Innere Neustadt;StB 1 Neustadt;03 StB Neustadt ohne Leipziger Vorstadt;Umbau;1994;11;61
13 Innere Neustadt;StB 1 Neustadt;03 StB Neustadt ohne Leipziger Vorstadt;Umbau;1995;6;19
13 Innere Neustadt;StB 1 Neustadt;03 StB Neustadt ohne Leipziger Vorstadt;Umbau;1996;9;26
13 Innere Neustadt;StB 1 Neustadt;03 StB Neustadt ohne Leipziger Vorstadt;Umbau;1997;12;61
13 Innere Neustadt;StB 1 Neustadt;03 StB Neustadt ohne Leipziger Vorstadt;Umbau;1998;27;223
13 Innere Neustadt;StB 1 Neustadt;03 StB Neustadt ohne Leipziger Vorstadt;Umbau;1999;11;75
13 Innere Neustadt;StB 1 Neustadt;03 StB Neustadt ohne Leipziger Vorstadt;Umbau;2000;23;74
13 Innere Neustadt;StB 1 Neustadt;03 StB Neustadt ohne Leipziger Vorstadt;Umbau;2001;30;366
13 Innere Neustadt;StB 1 Neustadt;03 StB Neustadt ohne Leipziger Vorstadt;Umbau;2002;12;101
13 Innere Neustadt;StB 1 Neustadt;03 StB Neustadt ohne Leipziger Vorstadt;Umbau;2003;10;60
13 Innere Neustadt;StB 1 Neustadt;03 StB Neustadt ohne Leipziger Vorstadt;Umbau;2004;14;108
13 Innere Neustadt;StB 1 Neustadt;03 StB Neustadt ohne Leipziger Vorstadt;Umbau;2005;4;11
13 Innere Neustadt;StB 1 Neustadt;03 StB Neustadt ohne Leipziger Vorstadt;Umbau;2006;20;535
13 Innere Neustadt;StB 1 Neustadt;03 StB Neustadt ohne Leipziger Vorstadt;Umbau;2007;1;1
13 Innere Neustadt;StB 1 Neustadt;03 StB Neustadt ohne Leipziger Vorstadt;Umbau;2008;14;72
13 Innere Neustadt;StB 1 Neustadt;03 StB Neustadt ohne Leipziger Vorstadt;Umbau;2009;7;3
13 Innere Neustadt;StB 1 Neustadt;03 StB Neustadt ohne Leipziger Vorstadt;Umbau;2010;10;106
13 Innere Neustadt;StB 1 Neustadt;03 StB Neustadt ohne Leipziger Vorstadt;Umbau;2011;4;31
13 Innere Neustadt;StB 1 Neustadt;03 StB Neustadt ohne Leipziger Vorstadt;Umbau;2012;7;38
13 Innere Neustadt;StB 1 Neustadt;03 StB Neustadt ohne Leipziger Vorstadt;Umbau;2013;4;23
13 Innere Neustadt;StB 1 Neustadt;03 StB Neustadt ohne Leipziger Vorstadt;Umbau;2014;16;66
13 Innere Neustadt;StB 1 Neustadt;03 StB Neustadt ohne Leipziger Vorstadt;Umbau;2015;5;42
13 Innere Neustadt;StB 1 Neustadt;03 StB Neustadt ohne Leipziger Vorstadt;Umbau;2016;4;23
13 Innere Neustadt;StB 1 Neustadt;03 StB Neustadt ohne Leipziger Vorstadt;Umbau;2017;24;180
13 Innere Neustadt;StB 1 Neustadt;03 StB Neustadt ohne Leipziger Vorstadt;Umbau;2018;10;93
13 Innere Neustadt;StB 1 Neustadt;03 StB Neustadt ohne Leipziger Vorstadt;Umbau;2019;7;33
13 Innere Neustadt;StB 1 Neustadt;03 StB Neustadt ohne Leipziger Vorstadt;Umbau;2020;5;12
13 Innere Neustadt;StB 1 Neustadt;03 StB Neustadt ohne Leipziger Vorstadt;Umbau;2021;6;21
13 Innere Neustadt;StB 1 Neustadt;03 StB Neustadt ohne Leipziger Vorstadt;Umbau;2023;6;39
13 Innere Neustadt;StB 1 Neustadt;03 StB Neustadt ohne Leipziger Vorstadt;Umbau;2024;6;53
13 Innere Neustadt;StB 1 Neustadt;03 StB Neustadt ohne Leipziger Vorstadt;Umbau;2025;4;20
14 Leipziger Vorstadt;StB 1 Neustadt;04 Leipziger Vorstadt, Pieschen;Neubau;1992;5;15
14 Leipziger Vorstadt;StB 1 Neustadt;04 Leipziger Vorstadt, Pieschen;Neubau;1993;1;1
14 Leipziger Vorstadt;StB 1 Neustadt;04 Leipziger Vorstadt, Pieschen;Neubau;1994;5;17
14 Leipziger Vorstadt;StB 1 Neustadt;04 Leipziger Vorstadt, Pieschen;Neubau;1995;1;1
14 Leipziger Vorstadt;StB 1 Neustadt;04 Leipziger Vorstadt, Pieschen;Neubau;1996;9;86
14 Leipziger Vorstadt;StB 1 Neustadt;04 Leipziger Vorstadt, Pieschen;Neubau;1997;5;50
14 Leipziger Vorstadt;StB 1 Neustadt;04 Leipziger Vorstadt, Pieschen;Neubau;1998;16;264
14 Leipziger Vorstadt;StB 1 Neustadt;04 Leipziger Vorstadt, Pieschen;Neubau;1999;5;29
14 Leipziger Vorstadt;StB 1 Neustadt;04 Leipziger Vorstadt, Pieschen;Neubau;2000;1;0
14 Leipziger Vorstadt;StB 1 Neustadt;04 Leipziger Vorstadt, Pieschen;Neubau;2001;1;0
14 Leipziger Vorstadt;StB 1 Neustadt;04 Leipziger Vorstadt, Pieschen;Neubau;2002;3;0
14 Leipziger Vorstadt;StB 1 Neustadt;04 Leipziger Vorstadt, Pieschen;Neubau;2003;2;0
14 Leipziger Vorstadt;StB 1 Neustadt;04 Leipziger Vorstadt, Pieschen;Neubau;2005;4;5
14 Leipziger Vorstadt;StB 1 Neustadt;04 Leipziger Vorstadt, Pieschen;Neubau;2006;2;0
14 Leipziger Vorstadt;StB 1 Neustadt;04 Leipziger Vorstadt, Pieschen;Neubau;2007;7;6
14 Leipziger Vorstadt;StB 1 Neustadt;04 Leipziger Vorstadt, Pieschen;Neubau;2008;9;15
14 Leipziger Vorstadt;StB 1 Neustadt;04 Leipziger Vorstadt, Pieschen;Neubau;2009;5;6
14 Leipziger Vorstadt;StB 1 Neustadt;04 Leipziger Vorstadt, Pieschen;Neubau;2010;7;18
14 Leipziger Vorstadt;StB 1 Neustadt;04 Leipziger Vorstadt, Pieschen;Neubau;2011;2;35
14 Leipziger Vorstadt;StB 1 Neustadt;04 Leipziger Vorstadt, Pieschen;Neubau;2012;4;21
14 Leipziger Vorstadt;StB 1 Neustadt;04 Leipziger Vorstadt, Pieschen;Neubau;2013;3;10
14 Leipziger Vorstadt;StB 1 Neustadt;04 Leipziger Vorstadt, Pieschen;Neubau;2014;6;55
14 Leipziger Vorstadt;StB 1 Neustadt;04 Leipziger Vorstadt, Pieschen;Neubau;2015;2;0
14 Leipziger Vorstadt;StB 1 Neustadt;04 Leipziger Vorstadt, Pieschen;Neubau;2016;19;161
14 Leipziger Vorstadt;StB 1 Neustadt;04 Leipziger Vorstadt, Pieschen;Neubau;2017;21;198
14 Leipziger Vorstadt;StB 1 Neustadt;04 Leipziger Vorstadt, Pieschen;Neubau;2018;7;69
14 Leipziger Vorstadt;StB 1 Neustadt;04 Leipziger Vorstadt, Pieschen;Neubau;2019;5;9
14 Leipziger Vorstadt;StB 1 Neustadt;04 Leipziger Vorstadt, Pieschen;Neubau;2020;24;345
14 Leipziger Vorstadt;StB 1 Neustadt;04 Leipziger Vorstadt, Pieschen;Neubau;2021;10;232
14 Leipziger Vorstadt;StB 1 Neustadt;04 Leipziger Vorstadt, Pieschen;Neubau;2022;1;1
14 Leipziger Vorstadt;StB 1 Neustadt;04 Leipziger Vorstadt, Pieschen;Neubau;2023;1;37
14 Leipziger Vorstadt;StB 1 Neustadt;04 Leipziger Vorstadt, Pieschen;Neubau;2024;5;181
14 Leipziger Vorstadt;StB 1 Neustadt;04 Leipziger Vorstadt, Pieschen;Neubau;2025;4;24
14 Leipziger Vorstadt;StB 1 Neustadt;04 Leipziger Vorstadt, Pieschen;Umbau;1992;2;22
14 Leipziger Vorstadt;StB 1 Neustadt;04 Leipziger Vorstadt, Pieschen;Umbau;1993;5;27
14 Leipziger Vorstadt;StB 1 Neustadt;04 Leipziger Vorstadt, Pieschen;Umbau;1994;1;14
14 Leipziger Vorstadt;StB 1 Neustadt;04 Leipziger Vorstadt, Pieschen;Umbau;1995;7;56
14 Leipziger Vorstadt;StB 1 Neustadt;04 Leipziger Vorstadt, Pieschen;Umbau;1996;16;215
14 Leipziger Vorstadt;StB 1 Neustadt;04 Leipziger Vorstadt, Pieschen;Umbau;1997;34;344
14 Leipziger Vorstadt;StB 1 Neustadt;04 Leipziger Vorstadt, Pieschen;Umbau;1998;14;173
14 Leipziger Vorstadt;StB 1 Neustadt;04 Leipziger Vorstadt, Pieschen;Umbau;1999;25;278
14 Leipziger Vorstadt;StB 1 Neustadt;04 Leipziger Vorstadt, Pieschen;Umbau;2000;13;101
14 Leipziger Vorstadt;StB 1 Neustadt;04 Leipziger Vorstadt, Pieschen;Umbau;2001;8;67
14 Leipziger Vorstadt;StB 1 Neustadt;04 Leipziger Vorstadt, Pieschen;Umbau;2002;15;127
14 Leipziger Vorstadt;StB 1 Neustadt;04 Leipziger Vorstadt, Pieschen;Umbau;2003;6;41
14 Leipziger Vorstadt;StB 1 Neustadt;04 Leipziger Vorstadt, Pieschen;Umbau;2004;10;80
14 Leipziger Vorstadt;StB 1 Neustadt;04 Leipziger Vorstadt, Pieschen;Umbau;2005;9;59
14 Leipziger Vorstadt;StB 1 Neustadt;04 Leipziger Vorstadt, Pieschen;Umbau;2006;21;174
14 Leipziger Vorstadt;StB 1 Neustadt;04 Leipziger Vorstadt, Pieschen;Umbau;2007;26;247
14 Leipziger Vorstadt;StB 1 Neustadt;04 Leipziger Vorstadt, Pieschen;Umbau;2008;14;97
14 Leipziger Vorstadt;StB 1 Neustadt;04 Leipziger Vorstadt, Pieschen;Umbau;2009;10;57
14 Leipziger Vorstadt;StB 1 Neustadt;04 Leipziger Vorstadt, Pieschen;Umbau;2010;16;86
14 Leipziger Vorstadt;StB 1 Neustadt;04 Leipziger Vorstadt, Pieschen;Umbau;2011;15;177
14 Leipziger Vorstadt;StB 1 Neustadt;04 Leipziger Vorstadt, Pieschen;Umbau;2012;9;80
14 Leipziger Vorstadt;StB 1 Neustadt;04 Leipziger Vorstadt, Pieschen;Umbau;2013;9;62
14 Leipziger Vorstadt;StB 1 Neustadt;04 Leipziger Vorstadt, Pieschen;Umbau;2014;8;38
14 Leipziger Vorstadt;StB 1 Neustadt;04 Leipziger Vorstadt, Pieschen;Umbau;2015;16;159
14 Leipziger Vorstadt;StB 1 Neustadt;04 Leipziger Vorstadt, Pieschen;Umbau;2016;9;93
14 Leipziger Vorstadt;StB 1 Neustadt;04 Leipziger Vorstadt, Pieschen;Umbau;2017;7;44
14 Leipziger Vorstadt;StB 1 Neustadt;04 Leipziger Vorstadt, Pieschen;Umbau;2018;1;10
14 Leipziger Vorstadt;StB 1 Neustadt;04 Leipziger Vorstadt, Pieschen;Umbau;2019;8;51
14 Leipziger Vorstadt;StB 1 Neustadt;04 Leipziger Vorstadt, Pieschen;Umbau;2020;6;71
14 Leipziger Vorstadt;StB 1 Neustadt;04 Leipziger Vorstadt, Pieschen;Umbau;2021;8;44
14 Leipziger Vorstadt;StB 1 Neustadt;04 Leipziger Vorstadt, Pieschen;Umbau;2022;7;47
14 Leipziger Vorstadt;StB 1 Neustadt;04 Leipziger Vorstadt, Pieschen;Umbau;2023;2;16
14 Leipziger Vorstadt;StB 1 Neustadt;04 Leipziger Vorstadt, Pieschen;Umbau;2024;8;68
14 Leipziger Vorstadt;StB 1 Neustadt;04 Leipziger Vorstadt, Pieschen;Umbau;2025;8;66
14 Leipziger Vorstadt;StB 1 Neustadt;04 Leipziger Vorstadt, Pieschen;Umbau;2026;5;36
15 Albertstadt;StB 1 Neustadt;03 StB Neustadt ohne Leipziger Vorstadt;Neubau;1992;4;0
15 Albertstadt;StB 1 Neustadt;03 StB Neustadt ohne Leipziger Vorstadt;Neubau;1994;3;0
15 Albertstadt;StB 1 Neustadt;03 StB Neustadt ohne Leipziger Vorstadt;Neubau;1996;5;1
15 Albertstadt;StB 1 Neustadt;03 StB Neustadt ohne Leipziger Vorstadt;Neubau;1997;13;244
15 Albertstadt;StB 1 Neustadt;03 StB Neustadt ohne Leipziger Vorstadt;Neubau;1998;3;0
15 Albertstadt;StB 1 Neustadt;03 StB Neustadt ohne Leipziger Vorstadt;Neubau;1999;9;103
15 Albertstadt;StB 1 Neustadt;03 StB Neustadt ohne Leipziger Vorstadt;Neubau;2000;2;0
15 Albertstadt;StB 1 Neustadt;03 StB Neustadt ohne Leipziger Vorstadt;Neubau;2001;3;0
15 Albertstadt;StB 1 Neustadt;03 StB Neustadt ohne Leipziger Vorstadt;Neubau;2002;3;71
15 Albertstadt;StB 1 Neustadt;03 StB Neustadt ohne Leipziger Vorstadt;Neubau;2003;3;1
15 Albertstadt;StB 1 Neustadt;03 StB Neustadt ohne Leipziger Vorstadt;Neubau;2004;1;0
15 Albertstadt;StB 1 Neustadt;03 StB Neustadt ohne Leipziger Vorstadt;Neubau;2005;2;0
15 Albertstadt;StB 1 Neustadt;03 StB Neustadt ohne Leipziger Vorstadt;Neubau;2006;2;1
15 Albertstadt;StB 1 Neustadt;03 StB Neustadt ohne Leipziger Vorstadt;Neubau;2008;27;42
15 Albertstadt;StB 1 Neustadt;03 StB Neustadt ohne Leipziger Vorstadt;Neubau;2009;4;4
15 Albertstadt;StB 1 Neustadt;03 StB Neustadt ohne Leipziger Vorstadt;Neubau;2010;31;78
15 Albertstadt;StB 1 Neustadt;03 StB Neustadt ohne Leipziger Vorstadt;Neubau;2011;2;1
15 Albertstadt;StB 1 Neustadt;03 StB Neustadt ohne Leipziger Vorstadt;Neubau;2012;1;0
15 Albertstadt;StB 1 Neustadt;03 StB Neustadt ohne Leipziger Vorstadt;Neubau;2013;29;26
15 Albertstadt;StB 1 Neustadt;03 StB Neustadt ohne Leipziger Vorstadt;Neubau;2014;69;105
15 Albertstadt;StB 1 Neustadt;03 StB Neustadt ohne Leipziger Vorstadt;Neubau;2015;2;0
15 Albertstadt;StB 1 Neustadt;03 StB Neustadt ohne Leipziger Vorstadt;Neubau;2016;3;0
15 Albertstadt;StB 1 Neustadt;03 StB Neustadt ohne Leipziger Vorstadt;Neubau;2017;7;60
15 Albertstadt;StB 1 Neustadt;03 StB Neustadt ohne Leipziger Vorstadt;Neubau;2018;10;56
15 Albertstadt;StB 1 Neustadt;03 StB Neustadt ohne Leipziger Vorstadt;Neubau;2019;5;0
15 Albertstadt;StB 1 Neustadt;03 StB Neustadt ohne Leipziger Vorstadt;Neubau;2020;6;72
15 Albertstadt;StB 1 Neustadt;03 StB Neustadt ohne Leipziger Vorstadt;Neubau;2021;21;208
15 Albertstadt;StB 1 Neustadt;03 StB Neustadt ohne Leipziger Vorstadt;Neubau;2022;2;0
15 Albertstadt;StB 1 Neustadt;03 StB Neustadt ohne Leipziger Vorstadt;Neubau;2023;6;55
15 Albertstadt;StB 1 Neustadt;03 StB Neustadt ohne Leipziger Vorstadt;Neubau;2024;16;207
15 Albertstadt;StB 1 Neustadt;03 StB Neustadt ohne Leipziger Vorstadt;Neubau;2025;2;0
15 Albertstadt;StB 1 Neustadt;03 StB Neustadt ohne Leipziger Vorstadt;Neubau;2026;1;0
15 Albertstadt;StB 1 Neustadt;03 StB Neustadt ohne Leipziger Vorstadt;Umbau;1992;1;2
15 Albertstadt;StB 1 Neustadt;03 StB Neustadt ohne Leipziger Vorstadt;Umbau;1993;2;0
15 Albertstadt;StB 1 Neustadt;03 StB Neustadt ohne Leipziger Vorstadt;Umbau;1994;2;142
15 Albertstadt;StB 1 Neustadt;03 StB Neustadt ohne Leipziger Vorstadt;Umbau;1995;1;2
15 Albertstadt;StB 1 Neustadt;03 StB Neustadt ohne Leipziger Vorstadt;Umbau;1996;9;115
15 Albertstadt;StB 1 Neustadt;03 StB Neustadt ohne Leipziger Vorstadt;Umbau;1997;3;18
15 Albertstadt;StB 1 Neustadt;03 StB Neustadt ohne Leipziger Vorstadt;Umbau;1999;6;22
15 Albertstadt;StB 1 Neustadt;03 StB Neustadt ohne Leipziger Vorstadt;Umbau;2000;4;0
15 Albertstadt;StB 1 Neustadt;03 StB Neustadt ohne Leipziger Vorstadt;Umbau;2001;3;20
15 Albertstadt;StB 1 Neustadt;03 StB Neustadt ohne Leipziger Vorstadt;Umbau;2002;5;42
15 Albertstadt;StB 1 Neustadt;03 StB Neustadt ohne Leipziger Vorstadt;Umbau;2003;2;0
15 Albertstadt;StB 1 Neustadt;03 StB Neustadt ohne Leipziger Vorstadt;Umbau;2004;8;0
15 Albertstadt;StB 1 Neustadt;03 StB Neustadt ohne Leipziger Vorstadt;Umbau;2005;1;0
15 Albertstadt;StB 1 Neustadt;03 StB Neustadt ohne Leipziger Vorstadt;Umbau;2006;2;32
15 Albertstadt;StB 1 Neustadt;03 StB Neustadt ohne Leipziger Vorstadt;Umbau;2007;4;0
15 Albertstadt;StB 1 Neustadt;03 StB Neustadt ohne Leipziger Vorstadt;Umbau;2008;6;3
15 Albertstadt;StB 1 Neustadt;03 StB Neustadt ohne Leipziger Vorstadt;Umbau;2009;14;234
15 Albertstadt;StB 1 Neustadt;03 StB Neustadt ohne Leipziger Vorstadt;Umbau;2010;3;0
15 Albertstadt;StB 1 Neustadt;03 StB Neustadt ohne Leipziger Vorstadt;Umbau;2011;5;7
15 Albertstadt;StB 1 Neustadt;03 StB Neustadt ohne Leipziger Vorstadt;Umbau;2012;2;20
15 Albertstadt;StB 1 Neustadt;03 StB Neustadt ohne Leipziger Vorstadt;Umbau;2013;3;0
15 Albertstadt;StB 1 Neustadt;03 StB Neustadt ohne Leipziger Vorstadt;Umbau;2014;2;11
15 Albertstadt;StB 1 Neustadt;03 StB Neustadt ohne Leipziger Vorstadt;Umbau;2016;4;0
15 Albertstadt;StB 1 Neustadt;03 StB Neustadt ohne Leipziger Vorstadt;Umbau;2017;1;0
15 Albertstadt;StB 1 Neustadt;03 StB Neustadt ohne Leipziger Vorstadt;Umbau;2018;10;37
15 Albertstadt;StB 1 Neustadt;03 StB Neustadt ohne Leipziger Vorstadt;Umbau;2019;2;0
15 Albertstadt;StB 1 Neustadt;03 StB Neustadt ohne Leipziger Vorstadt;Umbau;2020;9;65
15 Albertstadt;StB 1 Neustadt;03 StB Neustadt ohne Leipziger Vorstadt;Umbau;2022;2;3
15 Albertstadt;StB 1 Neustadt;03 StB Neustadt ohne Leipziger Vorstadt;Umbau;2023;2;1
15 Albertstadt;StB 1 Neustadt;03 StB Neustadt ohne Leipziger Vorstadt;Umbau;2024;5;61
15 Albertstadt;StB 1 Neustadt;03 StB Neustadt ohne Leipziger Vorstadt;Umbau;2025;2;4
21 Pieschen-Süd;StB 2 Pieschen;04 Leipziger Vorstadt, Pieschen;Neubau;1992;3;30
21 Pieschen-Süd;StB 2 Pieschen;04 Leipziger Vorstadt, Pieschen;Neubau;1993;8;51
21 Pieschen-Süd;StB 2 Pieschen;04 Leipziger Vorstadt, Pieschen;Neubau;1994;15;147
21 Pieschen-Süd;StB 2 Pieschen;04 Leipziger Vorstadt, Pieschen;Neubau;1995;11;165
21 Pieschen-Süd;StB 2 Pieschen;04 Leipziger Vorstadt, Pieschen;Neubau;1996;11;157
21 Pieschen-Süd;StB 2 Pieschen;04 Leipziger Vorstadt, Pieschen;Neubau;1997;23;196
21 Pieschen-Süd;StB 2 Pieschen;04 Leipziger Vorstadt, Pieschen;Neubau;1998;4;17
21 Pieschen-Süd;StB 2 Pieschen;04 Leipziger Vorstadt, Pieschen;Neubau;1999;7;7
21 Pieschen-Süd;StB 2 Pieschen;04 Leipziger Vorstadt, Pieschen;Neubau;2000;3;32
21 Pieschen-Süd;StB 2 Pieschen;04 Leipziger Vorstadt, Pieschen;Neubau;2001;3;6
21 Pieschen-Süd;StB 2 Pieschen;04 Leipziger Vorstadt, Pieschen;Neubau;2004;6;2
21 Pieschen-Süd;StB 2 Pieschen;04 Leipziger Vorstadt, Pieschen;Neubau;2005;5;5
21 Pieschen-Süd;StB 2 Pieschen;04 Leipziger Vorstadt, Pieschen;Neubau;2006;2;1
21 Pieschen-Süd;StB 2 Pieschen;04 Leipziger Vorstadt, Pieschen;Neubau;2008;2;4
21 Pieschen-Süd;StB 2 Pieschen;04 Leipziger Vorstadt, Pieschen;Neubau;2009;1;0
21 Pieschen-Süd;StB 2 Pieschen;04 Leipziger Vorstadt, Pieschen;Neubau;2011;2;4
21 Pieschen-Süd;StB 2 Pieschen;04 Leipziger Vorstadt, Pieschen;Neubau;2012;9;15
21 Pieschen-Süd;StB 2 Pieschen;04 Leipziger Vorstadt, Pieschen;Neubau;2013;7;14
21 Pieschen-Süd;StB 2 Pieschen;04 Leipziger Vorstadt, Pieschen;Neubau;2014;2;10
21 Pieschen-Süd;StB 2 Pieschen;04 Leipziger Vorstadt, Pieschen;Neubau;2015;8;16
21 Pieschen-Süd;StB 2 Pieschen;04 Leipziger Vorstadt, Pieschen;Neubau;2016;13;131
21 Pieschen-Süd;StB 2 Pieschen;04 Leipziger Vorstadt, Pieschen;Neubau;2017;5;71
21 Pieschen-Süd;StB 2 Pieschen;04 Leipziger Vorstadt, Pieschen;Neubau;2018;3;6
21 Pieschen-Süd;StB 2 Pieschen;04 Leipziger Vorstadt, Pieschen;Neubau;2019;9;32
21 Pieschen-Süd;StB 2 Pieschen;04 Leipziger Vorstadt, Pieschen;Neubau;2020;5;38
21 Pieschen-Süd;StB 2 Pieschen;04 Leipziger Vorstadt, Pieschen;Neubau;2021;3;8
21 Pieschen-Süd;StB 2 Pieschen;04 Leipziger Vorstadt, Pieschen;Neubau;2022;5;53
21 Pieschen-Süd;StB 2 Pieschen;04 Leipziger Vorstadt, Pieschen;Neubau;2023;4;37
21 Pieschen-Süd;StB 2 Pieschen;04 Leipziger Vorstadt, Pieschen;Neubau;2024;2;0
21 Pieschen-Süd;StB 2 Pieschen;04 Leipziger Vorstadt, Pieschen;Neubau;2025;8;62
21 Pieschen-Süd;StB 2 Pieschen;04 Leipziger Vorstadt, Pieschen;Umbau;1992;8;43
21 Pieschen-Süd;StB 2 Pieschen;04 Leipziger Vorstadt, Pieschen;Umbau;1993;11;69
21 Pieschen-Süd;StB 2 Pieschen;04 Leipziger Vorstadt, Pieschen;Umbau;1994;9;56
21 Pieschen-Süd;StB 2 Pieschen;04 Leipziger Vorstadt, Pieschen;Umbau;1995;25;216
21 Pieschen-Süd;StB 2 Pieschen;04 Leipziger Vorstadt, Pieschen;Umbau;1996;23;238
21 Pieschen-Süd;StB 2 Pieschen;04 Leipziger Vorstadt, Pieschen;Umbau;1997;36;368
21 Pieschen-Süd;StB 2 Pieschen;04 Leipziger Vorstadt, Pieschen;Umbau;1998;27;259
21 Pieschen-Süd;StB 2 Pieschen;04 Leipziger Vorstadt, Pieschen;Umbau;1999;20;162
21 Pieschen-Süd;StB 2 Pieschen;04 Leipziger Vorstadt, Pieschen;Umbau;2000;13;102
21 Pieschen-Süd;StB 2 Pieschen;04 Leipziger Vorstadt, Pieschen;Umbau;2001;13;95
21 Pieschen-Süd;StB 2 Pieschen;04 Leipziger Vorstadt, Pieschen;Umbau;2002;9;79
21 Pieschen-Süd;StB 2 Pieschen;04 Leipziger Vorstadt, Pieschen;Umbau;2003;10;64
21 Pieschen-Süd;StB 2 Pieschen;04 Leipziger Vorstadt, Pieschen;Umbau;2004;14;114
21 Pieschen-Süd;StB 2 Pieschen;04 Leipziger Vorstadt, Pieschen;Umbau;2005;26;141
21 Pieschen-Süd;StB 2 Pieschen;04 Leipziger Vorstadt, Pieschen;Umbau;2006;10;62
21 Pieschen-Süd;StB 2 Pieschen;04 Leipziger Vorstadt, Pieschen;Umbau;2007;15;94
21 Pieschen-Süd;StB 2 Pieschen;04 Leipziger Vorstadt, Pieschen;Umbau;2008;13;109
21 Pieschen-Süd;StB 2 Pieschen;04 Leipziger Vorstadt, Pieschen;Umbau;2009;17;123
21 Pieschen-Süd;StB 2 Pieschen;04 Leipziger Vorstadt, Pieschen;Umbau;2010;4;14
21 Pieschen-Süd;StB 2 Pieschen;04 Leipziger Vorstadt, Pieschen;Umbau;2011;5;29
21 Pieschen-Süd;StB 2 Pieschen;04 Leipziger Vorstadt, Pieschen;Umbau;2012;13;86
21 Pieschen-Süd;StB 2 Pieschen;04 Leipziger Vorstadt, Pieschen;Umbau;2013;7;65
21 Pieschen-Süd;StB 2 Pieschen;04 Leipziger Vorstadt, Pieschen;Umbau;2014;12;71
21 Pieschen-Süd;StB 2 Pieschen;04 Leipziger Vorstadt, Pieschen;Umbau;2015;5;38
21 Pieschen-Süd;StB 2 Pieschen;04 Leipziger Vorstadt, Pieschen;Umbau;2016;15;77
21 Pieschen-Süd;StB 2 Pieschen;04 Leipziger Vorstadt, Pieschen;Umbau;2017;5;59
21 Pieschen-Süd;StB 2 Pieschen;04 Leipziger Vorstadt, Pieschen;Umbau;2018;7;85
21 Pieschen-Süd;StB 2 Pieschen;04 Leipziger Vorstadt, Pieschen;Umbau;2019;8;58
21 Pieschen-Süd;StB 2 Pieschen;04 Leipziger Vorstadt, Pieschen;Umbau;2020;3;11
21 Pieschen-Süd;StB 2 Pieschen;04 Leipziger Vorstadt, Pieschen;Umbau;2021;2;14
21 Pieschen-Süd;StB 2 Pieschen;04 Leipziger Vorstadt, Pieschen;Umbau;2022;1;1
21 Pieschen-Süd;StB 2 Pieschen;04 Leipziger Vorstadt, Pieschen;Umbau;2023;10;100
21 Pieschen-Süd;StB 2 Pieschen;04 Leipziger Vorstadt, Pieschen;Umbau;2024;4;14
21 Pieschen-Süd;StB 2 Pieschen;04 Leipziger Vorstadt, Pieschen;Umbau;2025;4;23
21 Pieschen-Süd;StB 2 Pieschen;04 Leipziger Vorstadt, Pieschen;Umbau;2026;4;27
22 Mickten;StB 2 Pieschen;05 Mickten, Kaditz, Trachau;Neubau;1992;11;157
22 Mickten;StB 2 Pieschen;05 Mickten, Kaditz, Trachau;Neubau;1993;6;2
22 Mickten;StB 2 Pieschen;05 Mickten, Kaditz, Trachau;Neubau;1994;23;254
22 Mickten;StB 2 Pieschen;05 Mickten, Kaditz, Trachau;Neubau;1995;40;507
22 Mickten;StB 2 Pieschen;05 Mickten, Kaditz, Trachau;Neubau;1996;42;293
22 Mickten;StB 2 Pieschen;05 Mickten, Kaditz, Trachau;Neubau;1997;38;328
22 Mickten;StB 2 Pieschen;05 Mickten, Kaditz, Trachau;Neubau;1998;21;153
22 Mickten;StB 2 Pieschen;05 Mickten, Kaditz, Trachau;Neubau;1999;10;52
22 Mickten;StB 2 Pieschen;05 Mickten, Kaditz, Trachau;Neubau;2000;6;7
22 Mickten;StB 2 Pieschen;05 Mickten, Kaditz, Trachau;Neubau;2001;7;2
22 Mickten;StB 2 Pieschen;05 Mickten, Kaditz, Trachau;Neubau;2002;3;0
22 Mickten;StB 2 Pieschen;05 Mickten, Kaditz, Trachau;Neubau;2003;3;1
22 Mickten;StB 2 Pieschen;05 Mickten, Kaditz, Trachau;Neubau;2004;4;3
22 Mickten;StB 2 Pieschen;05 Mickten, Kaditz, Trachau;Neubau;2005;11;11
22 Mickten;StB 2 Pieschen;05 Mickten, Kaditz, Trachau;Neubau;2006;6;6
22 Mickten;StB 2 Pieschen;05 Mickten, Kaditz, Trachau;Neubau;2007;7;3
22 Mickten;StB 2 Pieschen;05 Mickten, Kaditz, Trachau;Neubau;2008;16;12
22 Mickten;StB 2 Pieschen;05 Mickten, Kaditz, Trachau;Neubau;2009;12;9
22 Mickten;StB 2 Pieschen;05 Mickten, Kaditz, Trachau;Neubau;2010;9;6
22 Mickten;StB 2 Pieschen;05 Mickten, Kaditz, Trachau;Neubau;2011;7;3
22 Mickten;StB 2 Pieschen;05 Mickten, Kaditz, Trachau;Neubau;2012;4;2
22 Mickten;StB 2 Pieschen;05 Mickten, Kaditz, Trachau;Neubau;2013;12;9
22 Mickten;StB 2 Pieschen;05 Mickten, Kaditz, Trachau;Neubau;2014;4;13
22 Mickten;StB 2 Pieschen;05 Mickten, Kaditz, Trachau;Neubau;2015;16;71
22 Mickten;StB 2 Pieschen;05 Mickten, Kaditz, Trachau;Neubau;2016;20;189
22 Mickten;StB 2 Pieschen;05 Mickten, Kaditz, Trachau;Neubau;2017;14;95
22 Mickten;StB 2 Pieschen;05 Mickten, Kaditz, Trachau;Neubau;2018;10;95
22 Mickten;StB 2 Pieschen;05 Mickten, Kaditz, Trachau;Neubau;2019;16;207
22 Mickten;StB 2 Pieschen;05 Mickten, Kaditz, Trachau;Neubau;2020;16;41
22 Mickten;StB 2 Pieschen;05 Mickten, Kaditz, Trachau;Neubau;2021;16;190
22 Mickten;StB 2 Pieschen;05 Mickten, Kaditz, Trachau;Neubau;2022;3;16
22 Mickten;StB 2 Pieschen;05 Mickten, Kaditz, Trachau;Neubau;2023;34;545
22 Mickten;StB 2 Pieschen;05 Mickten, Kaditz, Trachau;Neubau;2024;3;318
22 Mickten;StB 2 Pieschen;05 Mickten, Kaditz, Trachau;Neubau;2025;14;96
22 Mickten;StB 2 Pieschen;05 Mickten, Kaditz, Trachau;Neubau;2026;2;1
22 Mickten;StB 2 Pieschen;05 Mickten, Kaditz, Trachau;Umbau;1992;1;2
22 Mickten;StB 2 Pieschen;05 Mickten, Kaditz, Trachau;Umbau;1993;23;130
22 Mickten;StB 2 Pieschen;05 Mickten, Kaditz, Trachau;Umbau;1994;12;65
22 Mickten;StB 2 Pieschen;05 Mickten, Kaditz, Trachau;Umbau;1995;9;79
22 Mickten;StB 2 Pieschen;05 Mickten, Kaditz, Trachau;Umbau;1996;16;182
22 Mickten;StB 2 Pieschen;05 Mickten, Kaditz, Trachau;Umbau;1997;24;212
22 Mickten;StB 2 Pieschen;05 Mickten, Kaditz, Trachau;Umbau;1998;16;126
22 Mickten;StB 2 Pieschen;05 Mickten, Kaditz, Trachau;Umbau;1999;13;155
22 Mickten;StB 2 Pieschen;05 Mickten, Kaditz, Trachau;Umbau;2000;12;81
22 Mickten;StB 2 Pieschen;05 Mickten, Kaditz, Trachau;Umbau;2001;25;170
22 Mickten;StB 2 Pieschen;05 Mickten, Kaditz, Trachau;Umbau;2002;3;20
22 Mickten;StB 2 Pieschen;05 Mickten, Kaditz, Trachau;Umbau;2003;1;0
22 Mickten;StB 2 Pieschen;05 Mickten, Kaditz, Trachau;Umbau;2004;10;69
22 Mickten;StB 2 Pieschen;05 Mickten, Kaditz, Trachau;Umbau;2005;3;19
22 Mickten;StB 2 Pieschen;05 Mickten, Kaditz, Trachau;Umbau;2006;19;124
22 Mickten;StB 2 Pieschen;05 Mickten, Kaditz, Trachau;Umbau;2007;9;78
22 Mickten;StB 2 Pieschen;05 Mickten, Kaditz, Trachau;Umbau;2008;9;29
22 Mickten;StB 2 Pieschen;05 Mickten, Kaditz, Trachau;Umbau;2009;23;155
22 Mickten;StB 2 Pieschen;05 Mickten, Kaditz, Trachau;Umbau;2010;10;40
22 Mickten;StB 2 Pieschen;05 Mickten, Kaditz, Trachau;Umbau;2011;26;202
22 Mickten;StB 2 Pieschen;05 Mickten, Kaditz, Trachau;Umbau;2012;25;233
22 Mickten;StB 2 Pieschen;05 Mickten, Kaditz, Trachau;Umbau;2013;6;20
22 Mickten;StB 2 Pieschen;05 Mickten, Kaditz, Trachau;Umbau;2014;13;70
22 Mickten;StB 2 Pieschen;05 Mickten, Kaditz, Trachau;Umbau;2015;7;20
22 Mickten;StB 2 Pieschen;05 Mickten, Kaditz, Trachau;Umbau;2016;17;91
22 Mickten;StB 2 Pieschen;05 Mickten, Kaditz, Trachau;Umbau;2017;21;164
22 Mickten;StB 2 Pieschen;05 Mickten, Kaditz, Trachau;Umbau;2018;13;45
22 Mickten;StB 2 Pieschen;05 Mickten, Kaditz, Trachau;Umbau;2019;26;252
22 Mickten;StB 2 Pieschen;05 Mickten, Kaditz, Trachau;Umbau;2020;10;52
22 Mickten;StB 2 Pieschen;05 Mickten, Kaditz, Trachau;Umbau;2021;11;104
22 Mickten;StB 2 Pieschen;05 Mickten, Kaditz, Trachau;Umbau;2022;12;77
22 Mickten;StB 2 Pieschen;05 Mickten, Kaditz, Trachau;Umbau;2023;3;14
22 Mickten;StB 2 Pieschen;05 Mickten, Kaditz, Trachau;Umbau;2024;10;37
22 Mickten;StB 2 Pieschen;05 Mickten, Kaditz, Trachau;Umbau;2025;6;35
22 Mickten;StB 2 Pieschen;05 Mickten, Kaditz, Trachau;Umbau;2026;6;42
23 Kaditz;StB 2 Pieschen;05 Mickten, Kaditz, Trachau;Neubau;1992;4;23
23 Kaditz;StB 2 Pieschen;05 Mickten, Kaditz, Trachau;Neubau;1993;16;59
23 Kaditz;StB 2 Pieschen;05 Mickten, Kaditz, Trachau;Neubau;1994;8;30
23 Kaditz;StB 2 Pieschen;05 Mickten, Kaditz, Trachau;Neubau;1995;11;11
23 Kaditz;StB 2 Pieschen;05 Mickten, Kaditz, Trachau;Neubau;1996;8;14
23 Kaditz;StB 2 Pieschen;05 Mickten, Kaditz, Trachau;Neubau;1997;4;2
23 Kaditz;StB 2 Pieschen;05 Mickten, Kaditz, Trachau;Neubau;1998;6;6
23 Kaditz;StB 2 Pieschen;05 Mickten, Kaditz, Trachau;Neubau;1999;3;2
23 Kaditz;StB 2 Pieschen;05 Mickten, Kaditz, Trachau;Neubau;2000;3;0
23 Kaditz;StB 2 Pieschen;05 Mickten, Kaditz, Trachau;Neubau;2001;1;1
23 Kaditz;StB 2 Pieschen;05 Mickten, Kaditz, Trachau;Neubau;2002;2;2
23 Kaditz;StB 2 Pieschen;05 Mickten, Kaditz, Trachau;Neubau;2003;3;2
23 Kaditz;StB 2 Pieschen;05 Mickten, Kaditz, Trachau;Neubau;2004;3;1
23 Kaditz;StB 2 Pieschen;05 Mickten, Kaditz, Trachau;Neubau;2005;4;3
23 Kaditz;StB 2 Pieschen;05 Mickten, Kaditz, Trachau;Neubau;2006;1;1
23 Kaditz;StB 2 Pieschen;05 Mickten, Kaditz, Trachau;Neubau;2007;4;5
23 Kaditz;StB 2 Pieschen;05 Mickten, Kaditz, Trachau;Neubau;2008;5;2
23 Kaditz;StB 2 Pieschen;05 Mickten, Kaditz, Trachau;Neubau;2009;5;5
23 Kaditz;StB 2 Pieschen;05 Mickten, Kaditz, Trachau;Neubau;2010;5;4
23 Kaditz;StB 2 Pieschen;05 Mickten, Kaditz, Trachau;Neubau;2011;5;3
23 Kaditz;StB 2 Pieschen;05 Mickten, Kaditz, Trachau;Neubau;2012;5;6
23 Kaditz;StB 2 Pieschen;05 Mickten, Kaditz, Trachau;Neubau;2013;11;9
23 Kaditz;StB 2 Pieschen;05 Mickten, Kaditz, Trachau;Neubau;2014;5;21
23 Kaditz;StB 2 Pieschen;05 Mickten, Kaditz, Trachau;Neubau;2015;2;2
23 Kaditz;StB 2 Pieschen;05 Mickten, Kaditz, Trachau;Neubau;2016;3;2
23 Kaditz;StB 2 Pieschen;05 Mickten, Kaditz, Trachau;Neubau;2017;4;4
23 Kaditz;StB 2 Pieschen;05 Mickten, Kaditz, Trachau;Neubau;2018;5;116
23 Kaditz;StB 2 Pieschen;05 Mickten, Kaditz, Trachau;Neubau;2019;2;1
23 Kaditz;StB 2 Pieschen;05 Mickten, Kaditz, Trachau;Neubau;2021;1;1
23 Kaditz;StB 2 Pieschen;05 Mickten, Kaditz, Trachau;Neubau;2022;2;2
23 Kaditz;StB 2 Pieschen;05 Mickten, Kaditz, Trachau;Neubau;2023;9;13
23 Kaditz;StB 2 Pieschen;05 Mickten, Kaditz, Trachau;Neubau;2024;5;38
23 Kaditz;StB 2 Pieschen;05 Mickten, Kaditz, Trachau;Neubau;2025;25;116
23 Kaditz;StB 2 Pieschen;05 Mickten, Kaditz, Trachau;Neubau;2026;2;19
23 Kaditz;StB 2 Pieschen;05 Mickten, Kaditz, Trachau;Umbau;1992;2;1
23 Kaditz;StB 2 Pieschen;05 Mickten, Kaditz, Trachau;Umbau;1993;7;21
23 Kaditz;StB 2 Pieschen;05 Mickten, Kaditz, Trachau;Umbau;1994;8;27
23 Kaditz;StB 2 Pieschen;05 Mickten, Kaditz, Trachau;Umbau;1995;9;36
23 Kaditz;StB 2 Pieschen;05 Mickten, Kaditz, Trachau;Umbau;1996;19;122
23 Kaditz;StB 2 Pieschen;05 Mickten, Kaditz, Trachau;Umbau;1997;25;156
23 Kaditz;StB 2 Pieschen;05 Mickten, Kaditz, Trachau;Umbau;1998;15;117
23 Kaditz;StB 2 Pieschen;05 Mickten, Kaditz, Trachau;Umbau;1999;3;22
23 Kaditz;StB 2 Pieschen;05 Mickten, Kaditz, Trachau;Umbau;2000;5;23
23 Kaditz;StB 2 Pieschen;05 Mickten, Kaditz, Trachau;Umbau;2001;10;42
23 Kaditz;StB 2 Pieschen;05 Mickten, Kaditz, Trachau;Umbau;2002;4;16
23 Kaditz;StB 2 Pieschen;05 Mickten, Kaditz, Trachau;Umbau;2003;5;19
23 Kaditz;StB 2 Pieschen;05 Mickten, Kaditz, Trachau;Umbau;2004;9;17
23 Kaditz;StB 2 Pieschen;05 Mickten, Kaditz, Trachau;Umbau;2005;3;2
23 Kaditz;StB 2 Pieschen;05 Mickten, Kaditz, Trachau;Umbau;2006;16;165
23 Kaditz;StB 2 Pieschen;05 Mickten, Kaditz, Trachau;Umbau;2007;14;57
23 Kaditz;StB 2 Pieschen;05 Mickten, Kaditz, Trachau;Umbau;2008;4;10
23 Kaditz;StB 2 Pieschen;05 Mickten, Kaditz, Trachau;Umbau;2009;3;4
23 Kaditz;StB 2 Pieschen;05 Mickten, Kaditz, Trachau;Umbau;2010;6;5
23 Kaditz;StB 2 Pieschen;05 Mickten, Kaditz, Trachau;Umbau;2011;7;31
23 Kaditz;StB 2 Pieschen;05 Mickten, Kaditz, Trachau;Umbau;2012;3;4
23 Kaditz;StB 2 Pieschen;05 Mickten, Kaditz, Trachau;Umbau;2013;5;11
23 Kaditz;StB 2 Pieschen;05 Mickten, Kaditz, Trachau;Umbau;2014;4;5
23 Kaditz;StB 2 Pieschen;05 Mickten, Kaditz, Trachau;Umbau;2015;10;32
23 Kaditz;StB 2 Pieschen;05 Mickten, Kaditz, Trachau;Umbau;2016;3;15
23 Kaditz;StB 2 Pieschen;05 Mickten, Kaditz, Trachau;Umbau;2017;6;11
23 Kaditz;StB 2 Pieschen;05 Mickten, Kaditz, Trachau;Umbau;2018;7;30
23 Kaditz;StB 2 Pieschen;05 Mickten, Kaditz, Trachau;Umbau;2019;18;118
23 Kaditz;StB 2 Pieschen;05 Mickten, Kaditz, Trachau;Umbau;2020;12;23
23 Kaditz;StB 2 Pieschen;05 Mickten, Kaditz, Trachau;Umbau;2021;2;2
23 Kaditz;StB 2 Pieschen;05 Mickten, Kaditz, Trachau;Umbau;2022;3;3
23 Kaditz;StB 2 Pieschen;05 Mickten, Kaditz, Trachau;Umbau;2023;4;4
23 Kaditz;StB 2 Pieschen;05 Mickten, Kaditz, Trachau;Umbau;2024;6;21
23 Kaditz;StB 2 Pieschen;05 Mickten, Kaditz, Trachau;Umbau;2025;3;3
23 Kaditz;StB 2 Pieschen;05 Mickten, Kaditz, Trachau;Umbau;2026;8;51
24 Trachau;StB 2 Pieschen;05 Mickten, Kaditz, Trachau;Neubau;1992;3;10
24 Trachau;StB 2 Pieschen;05 Mickten, Kaditz, Trachau;Neubau;1993;14;53
24 Trachau;StB 2 Pieschen;05 Mickten, Kaditz, Trachau;Neubau;1994;9;68
24 Trachau;StB 2 Pieschen;05 Mickten, Kaditz, Trachau;Neubau;1995;4;33
24 Trachau;StB 2 Pieschen;05 Mickten, Kaditz, Trachau;Neubau;1996;9;76
24 Trachau;StB 2 Pieschen;05 Mickten, Kaditz, Trachau;Neubau;1997;5;19
24 Trachau;StB 2 Pieschen;05 Mickten, Kaditz, Trachau;Neubau;1998;3;16
24 Trachau;StB 2 Pieschen;05 Mickten, Kaditz, Trachau;Neubau;1999;1;1
24 Trachau;StB 2 Pieschen;05 Mickten, Kaditz, Trachau;Neubau;2000;1;2
24 Trachau;StB 2 Pieschen;05 Mickten, Kaditz, Trachau;Neubau;2001;6;8
24 Trachau;StB 2 Pieschen;05 Mickten, Kaditz, Trachau;Neubau;2002;3;9
24 Trachau;StB 2 Pieschen;05 Mickten, Kaditz, Trachau;Neubau;2003;4;4
24 Trachau;StB 2 Pieschen;05 Mickten, Kaditz, Trachau;Neubau;2004;9;6
24 Trachau;StB 2 Pieschen;05 Mickten, Kaditz, Trachau;Neubau;2005;4;3
24 Trachau;StB 2 Pieschen;05 Mickten, Kaditz, Trachau;Neubau;2006;1;1
24 Trachau;StB 2 Pieschen;05 Mickten, Kaditz, Trachau;Neubau;2007;1;1
24 Trachau;StB 2 Pieschen;05 Mickten, Kaditz, Trachau;Neubau;2008;1;0
24 Trachau;StB 2 Pieschen;05 Mickten, Kaditz, Trachau;Neubau;2009;3;9
24 Trachau;StB 2 Pieschen;05 Mickten, Kaditz, Trachau;Neubau;2010;5;3
24 Trachau;StB 2 Pieschen;05 Mickten, Kaditz, Trachau;Neubau;2011;2;7
24 Trachau;StB 2 Pieschen;05 Mickten, Kaditz, Trachau;Neubau;2012;1;1
24 Trachau;StB 2 Pieschen;05 Mickten, Kaditz, Trachau;Neubau;2013;2;9
24 Trachau;StB 2 Pieschen;05 Mickten, Kaditz, Trachau;Neubau;2014;11;16
24 Trachau;StB 2 Pieschen;05 Mickten, Kaditz, Trachau;Neubau;2015;2;2
24 Trachau;StB 2 Pieschen;05 Mickten, Kaditz, Trachau;Neubau;2016;1;1
24 Trachau;StB 2 Pieschen;05 Mickten, Kaditz, Trachau;Neubau;2017;6;6
24 Trachau;StB 2 Pieschen;05 Mickten, Kaditz, Trachau;Neubau;2018;1;2
24 Trachau;StB 2 Pieschen;05 Mickten, Kaditz, Trachau;Neubau;2019;4;25
24 Trachau;StB 2 Pieschen;05 Mickten, Kaditz, Trachau;Neubau;2020;1;7
24 Trachau;StB 2 Pieschen;05 Mickten, Kaditz, Trachau;Neubau;2021;3;15
24 Trachau;StB 2 Pieschen;05 Mickten, Kaditz, Trachau;Neubau;2022;1;6
24 Trachau;StB 2 Pieschen;05 Mickten, Kaditz, Trachau;Neubau;2023;6;31
24 Trachau;StB 2 Pieschen;05 Mickten, Kaditz, Trachau;Neubau;2024;2;0
24 Trachau;StB 2 Pieschen;05 Mickten, Kaditz, Trachau;Neubau;2025;1;8
24 Trachau;StB 2 Pieschen;05 Mickten, Kaditz, Trachau;Umbau;1992;7;14
24 Trachau;StB 2 Pieschen;05 Mickten, Kaditz, Trachau;Umbau;1993;5;15
24 Trachau;StB 2 Pieschen;05 Mickten, Kaditz, Trachau;Umbau;1994;5;28
24 Trachau;StB 2 Pieschen;05 Mickten, Kaditz, Trachau;Umbau;1995;10;64
24 Trachau;StB 2 Pieschen;05 Mickten, Kaditz, Trachau;Umbau;1996;6;32
24 Trachau;StB 2 Pieschen;05 Mickten, Kaditz, Trachau;Umbau;1997;23;168
24 Trachau;StB 2 Pieschen;05 Mickten, Kaditz, Trachau;Umbau;1998;23;218
24 Trachau;StB 2 Pieschen;05 Mickten, Kaditz, Trachau;Umbau;1999;11;73
24 Trachau;StB 2 Pieschen;05 Mickten, Kaditz, Trachau;Umbau;2000;9;65
24 Trachau;StB 2 Pieschen;05 Mickten, Kaditz, Trachau;Umbau;2001;3;18
24 Trachau;StB 2 Pieschen;05 Mickten, Kaditz, Trachau;Umbau;2002;26;174
24 Trachau;StB 2 Pieschen;05 Mickten, Kaditz, Trachau;Umbau;2003;5;27
24 Trachau;StB 2 Pieschen;05 Mickten, Kaditz, Trachau;Umbau;2004;11;52
24 Trachau;StB 2 Pieschen;05 Mickten, Kaditz, Trachau;Umbau;2005;3;8
24 Trachau;StB 2 Pieschen;05 Mickten, Kaditz, Trachau;Umbau;2006;6;22
24 Trachau;StB 2 Pieschen;05 Mickten, Kaditz, Trachau;Umbau;2007;6;28
24 Trachau;StB 2 Pieschen;05 Mickten, Kaditz, Trachau;Umbau;2008;9;40
24 Trachau;StB 2 Pieschen;05 Mickten, Kaditz, Trachau;Umbau;2009;17;85
24 Trachau;StB 2 Pieschen;05 Mickten, Kaditz, Trachau;Umbau;2010;4;28
24 Trachau;StB 2 Pieschen;05 Mickten, Kaditz, Trachau;Umbau;2011;3;10
24 Trachau;StB 2 Pieschen;05 Mickten, Kaditz, Trachau;Umbau;2012;1;1
24 Trachau;StB 2 Pieschen;05 Mickten, Kaditz, Trachau;Umbau;2013;6;13
24 Trachau;StB 2 Pieschen;05 Mickten, Kaditz, Trachau;Umbau;2014;7;41
24 Trachau;StB 2 Pieschen;05 Mickten, Kaditz, Trachau;Umbau;2015;5;21
24 Trachau;StB 2 Pieschen;05 Mickten, Kaditz, Trachau;Umbau;2016;9;40
24 Trachau;StB 2 Pieschen;05 Mickten, Kaditz, Trachau;Umbau;2017;1;8
24 Trachau;StB 2 Pieschen;05 Mickten, Kaditz, Trachau;Umbau;2018;2;10
24 Trachau;StB 2 Pieschen;05 Mickten, Kaditz, Trachau;Umbau;2019;4;11
24 Trachau;StB 2 Pieschen;05 Mickten, Kaditz, Trachau;Umbau;2020;2;13
24 Trachau;StB 2 Pieschen;05 Mickten, Kaditz, Trachau;Umbau;2021;5;24
24 Trachau;StB 2 Pieschen;05 Mickten, Kaditz, Trachau;Umbau;2022;4;10
24 Trachau;StB 2 Pieschen;05 Mickten, Kaditz, Trachau;Umbau;2023;2;8
24 Trachau;StB 2 Pieschen;05 Mickten, Kaditz, Trachau;Umbau;2025;4;12
24 Trachau;StB 2 Pieschen;05 Mickten, Kaditz, Trachau;Umbau;2026;4;4
25 Pieschen-N/Trachenberge;StB 2 Pieschen;04 Leipziger Vorstadt, Pieschen;Neubau;1992;2;4
25 Pieschen-N/Trachenberge;StB 2 Pieschen;04 Leipziger Vorstadt, Pieschen;Neubau;1993;4;32
25 Pieschen-N/Trachenberge;StB 2 Pieschen;04 Leipziger Vorstadt, Pieschen;Neubau;1994;19;261
25 Pieschen-N/Trachenberge;StB 2 Pieschen;04 Leipziger Vorstadt, Pieschen;Neubau;1995;20;205
25 Pieschen-N/Trachenberge;StB 2 Pieschen;04 Leipziger Vorstadt, Pieschen;Neubau;1996;10;74
25 Pieschen-N/Trachenberge;StB 2 Pieschen;04 Leipziger Vorstadt, Pieschen;Neubau;1997;16;144
25 Pieschen-N/Trachenberge;StB 2 Pieschen;04 Leipziger Vorstadt, Pieschen;Neubau;1998;20;193
25 Pieschen-N/Trachenberge;StB 2 Pieschen;04 Leipziger Vorstadt, Pieschen;Neubau;1999;17;163
25 Pieschen-N/Trachenberge;StB 2 Pieschen;04 Leipziger Vorstadt, Pieschen;Neubau;2000;13;12
25 Pieschen-N/Trachenberge;StB 2 Pieschen;04 Leipziger Vorstadt, Pieschen;Neubau;2001;3;3
25 Pieschen-N/Trachenberge;StB 2 Pieschen;04 Leipziger Vorstadt, Pieschen;Neubau;2002;3;4
25 Pieschen-N/Trachenberge;StB 2 Pieschen;04 Leipziger Vorstadt, Pieschen;Neubau;2003;12;9
25 Pieschen-N/Trachenberge;StB 2 Pieschen;04 Leipziger Vorstadt, Pieschen;Neubau;2004;4;0
25 Pieschen-N/Trachenberge;StB 2 Pieschen;04 Leipziger Vorstadt, Pieschen;Neubau;2005;3;2
25 Pieschen-N/Trachenberge;StB 2 Pieschen;04 Leipziger Vorstadt, Pieschen;Neubau;2006;8;11
25 Pieschen-N/Trachenberge;StB 2 Pieschen;04 Leipziger Vorstadt, Pieschen;Neubau;2007;1;1
25 Pieschen-N/Trachenberge;StB 2 Pieschen;04 Leipziger Vorstadt, Pieschen;Neubau;2008;4;3
25 Pieschen-N/Trachenberge;StB 2 Pieschen;04 Leipziger Vorstadt, Pieschen;Neubau;2009;9;14
25 Pieschen-N/Trachenberge;StB 2 Pieschen;04 Leipziger Vorstadt, Pieschen;Neubau;2010;2;2
25 Pieschen-N/Trachenberge;StB 2 Pieschen;04 Leipziger Vorstadt, Pieschen;Neubau;2011;9;8
25 Pieschen-N/Trachenberge;StB 2 Pieschen;04 Leipziger Vorstadt, Pieschen;Neubau;2012;10;8
25 Pieschen-N/Trachenberge;StB 2 Pieschen;04 Leipziger Vorstadt, Pieschen;Neubau;2013;6;2
25 Pieschen-N/Trachenberge;StB 2 Pieschen;04 Leipziger Vorstadt, Pieschen;Neubau;2014;7;30
25 Pieschen-N/Trachenberge;StB 2 Pieschen;04 Leipziger Vorstadt, Pieschen;Neubau;2015;9;22
25 Pieschen-N/Trachenberge;StB 2 Pieschen;04 Leipziger Vorstadt, Pieschen;Neubau;2016;24;24
25 Pieschen-N/Trachenberge;StB 2 Pieschen;04 Leipziger Vorstadt, Pieschen;Neubau;2017;15;56
25 Pieschen-N/Trachenberge;StB 2 Pieschen;04 Leipziger Vorstadt, Pieschen;Neubau;2018;4;26
25 Pieschen-N/Trachenberge;StB 2 Pieschen;04 Leipziger Vorstadt, Pieschen;Neubau;2019;12;21
25 Pieschen-N/Trachenberge;StB 2 Pieschen;04 Leipziger Vorstadt, Pieschen;Neubau;2020;5;2
25 Pieschen-N/Trachenberge;StB 2 Pieschen;04 Leipziger Vorstadt, Pieschen;Neubau;2021;1;1
25 Pieschen-N/Trachenberge;StB 2 Pieschen;04 Leipziger Vorstadt, Pieschen;Neubau;2022;3;9
25 Pieschen-N/Trachenberge;StB 2 Pieschen;04 Leipziger Vorstadt, Pieschen;Neubau;2023;8;38
25 Pieschen-N/Trachenberge;StB 2 Pieschen;04 Leipziger Vorstadt, Pieschen;Neubau;2024;2;18
25 Pieschen-N/Trachenberge;StB 2 Pieschen;04 Leipziger Vorstadt, Pieschen;Neubau;2025;5;8
25 Pieschen-N/Trachenberge;StB 2 Pieschen;04 Leipziger Vorstadt, Pieschen;Neubau;2026;11;101
25 Pieschen-N/Trachenberge;StB 2 Pieschen;04 Leipziger Vorstadt, Pieschen;Umbau;1992;4;1
25 Pieschen-N/Trachenberge;StB 2 Pieschen;04 Leipziger Vorstadt, Pieschen;Umbau;1993;14;74
25 Pieschen-N/Trachenberge;StB 2 Pieschen;04 Leipziger Vorstadt, Pieschen;Umbau;1994;7;30
25 Pieschen-N/Trachenberge;StB 2 Pieschen;04 Leipziger Vorstadt, Pieschen;Umbau;1995;25;218
25 Pieschen-N/Trachenberge;StB 2 Pieschen;04 Leipziger Vorstadt, Pieschen;Umbau;1996;12;148
25 Pieschen-N/Trachenberge;StB 2 Pieschen;04 Leipziger Vorstadt, Pieschen;Umbau;1997;27;246
25 Pieschen-N/Trachenberge;StB 2 Pieschen;04 Leipziger Vorstadt, Pieschen;Umbau;1998;23;241
25 Pieschen-N/Trachenberge;StB 2 Pieschen;04 Leipziger Vorstadt, Pieschen;Umbau;1999;19;175
25 Pieschen-N/Trachenberge;StB 2 Pieschen;04 Leipziger Vorstadt, Pieschen;Umbau;2000;11;89
25 Pieschen-N/Trachenberge;StB 2 Pieschen;04 Leipziger Vorstadt, Pieschen;Umbau;2001;16;124
25 Pieschen-N/Trachenberge;StB 2 Pieschen;04 Leipziger Vorstadt, Pieschen;Umbau;2002;7;73
25 Pieschen-N/Trachenberge;StB 2 Pieschen;04 Leipziger Vorstadt, Pieschen;Umbau;2003;4;15
25 Pieschen-N/Trachenberge;StB 2 Pieschen;04 Leipziger Vorstadt, Pieschen;Umbau;2004;8;52
25 Pieschen-N/Trachenberge;StB 2 Pieschen;04 Leipziger Vorstadt, Pieschen;Umbau;2005;8;29
25 Pieschen-N/Trachenberge;StB 2 Pieschen;04 Leipziger Vorstadt, Pieschen;Umbau;2006;26;183
25 Pieschen-N/Trachenberge;StB 2 Pieschen;04 Leipziger Vorstadt, Pieschen;Umbau;2007;9;51
25 Pieschen-N/Trachenberge;StB 2 Pieschen;04 Leipziger Vorstadt, Pieschen;Umbau;2008;28;260
25 Pieschen-N/Trachenberge;StB 2 Pieschen;04 Leipziger Vorstadt, Pieschen;Umbau;2009;8;90
25 Pieschen-N/Trachenberge;StB 2 Pieschen;04 Leipziger Vorstadt, Pieschen;Umbau;2010;19;131
25 Pieschen-N/Trachenberge;StB 2 Pieschen;04 Leipziger Vorstadt, Pieschen;Umbau;2011;7;35
25 Pieschen-N/Trachenberge;StB 2 Pieschen;04 Leipziger Vorstadt, Pieschen;Umbau;2012;9;41
25 Pieschen-N/Trachenberge;StB 2 Pieschen;04 Leipziger Vorstadt, Pieschen;Umbau;2013;6;44
25 Pieschen-N/Trachenberge;StB 2 Pieschen;04 Leipziger Vorstadt, Pieschen;Umbau;2014;7;135
25 Pieschen-N/Trachenberge;StB 2 Pieschen;04 Leipziger Vorstadt, Pieschen;Umbau;2015;9;46
25 Pieschen-N/Trachenberge;StB 2 Pieschen;04 Leipziger Vorstadt, Pieschen;Umbau;2016;7;42
25 Pieschen-N/Trachenberge;StB 2 Pieschen;04 Leipziger Vorstadt, Pieschen;Umbau;2017;6;74
25 Pieschen-N/Trachenberge;StB 2 Pieschen;04 Leipziger Vorstadt, Pieschen;Umbau;2018;10;64
25 Pieschen-N/Trachenberge;StB 2 Pieschen;04 Leipziger Vorstadt, Pieschen;Umbau;2019;1;8
25 Pieschen-N/Trachenberge;StB 2 Pieschen;04 Leipziger Vorstadt, Pieschen;Umbau;2020;4;1
25 Pieschen-N/Trachenberge;StB 2 Pieschen;04 Leipziger Vorstadt, Pieschen;Umbau;2021;4;24
25 Pieschen-N/Trachenberge;StB 2 Pieschen;04 Leipziger Vorstadt, Pieschen;Umbau;2022;4;21
25 Pieschen-N/Trachenberge;StB 2 Pieschen;04 Leipziger Vorstadt, Pieschen;Umbau;2023;8;58
25 Pieschen-N/Trachenberge;StB 2 Pieschen;04 Leipziger Vorstadt, Pieschen;Umbau;2024;7;47
25 Pieschen-N/Trachenberge;StB 2 Pieschen;04 Leipziger Vorstadt, Pieschen;Umbau;2025;7;64
25 Pieschen-N/Trachenberge;StB 2 Pieschen;04 Leipziger Vorstadt, Pieschen;Umbau;2026;4;36
31 Klotzsche;StB 3 Klotzsche/nördliche Ortschaften;06 StB Klotzsche und nördliche OS;Neubau;1992;31;146
31 Klotzsche;StB 3 Klotzsche/nördliche Ortschaften;06 StB Klotzsche und nördliche OS;Neubau;1993;26;279
31 Klotzsche;StB 3 Klotzsche/nördliche Ortschaften;06 StB Klotzsche und nördliche OS;Neubau;1994;52;214
31 Klotzsche;StB 3 Klotzsche/nördliche Ortschaften;06 StB Klotzsche und nördliche OS;Neubau;1995;51;212
31 Klotzsche;StB 3 Klotzsche/nördliche Ortschaften;06 StB Klotzsche und nördliche OS;Neubau;1996;57;486
31 Klotzsche;StB 3 Klotzsche/nördliche Ortschaften;06 StB Klotzsche und nördliche OS;Neubau;1997;37;412
31 Klotzsche;StB 3 Klotzsche/nördliche Ortschaften;06 StB Klotzsche und nördliche OS;Neubau;1998;101;106
31 Klotzsche;StB 3 Klotzsche/nördliche Ortschaften;06 StB Klotzsche und nördliche OS;Neubau;1999;46;37
31 Klotzsche;StB 3 Klotzsche/nördliche Ortschaften;06 StB Klotzsche und nördliche OS;Neubau;2000;46;40
31 Klotzsche;StB 3 Klotzsche/nördliche Ortschaften;06 StB Klotzsche und nördliche OS;Neubau;2001;19;19
31 Klotzsche;StB 3 Klotzsche/nördliche Ortschaften;06 StB Klotzsche und nördliche OS;Neubau;2002;32;67
31 Klotzsche;StB 3 Klotzsche/nördliche Ortschaften;06 StB Klotzsche und nördliche OS;Neubau;2003;41;32
31 Klotzsche;StB 3 Klotzsche/nördliche Ortschaften;06 StB Klotzsche und nördliche OS;Neubau;2004;36;35
31 Klotzsche;StB 3 Klotzsche/nördliche Ortschaften;06 StB Klotzsche und nördliche OS;Neubau;2005;25;30
31 Klotzsche;StB 3 Klotzsche/nördliche Ortschaften;06 StB Klotzsche und nördliche OS;Neubau;2006;33;39
31 Klotzsche;StB 3 Klotzsche/nördliche Ortschaften;06 StB Klotzsche und nördliche OS;Neubau;2007;29;32
31 Klotzsche;StB 3 Klotzsche/nördliche Ortschaften;06 StB Klotzsche und nördliche OS;Neubau;2008;21;17
31 Klotzsche;StB 3 Klotzsche/nördliche Ortschaften;06 StB Klotzsche und nördliche OS;Neubau;2009;18;14
31 Klotzsche;StB 3 Klotzsche/nördliche Ortschaften;06 StB Klotzsche und nördliche OS;Neubau;2010;22;26
31 Klotzsche;StB 3 Klotzsche/nördliche Ortschaften;06 StB Klotzsche und nördliche OS;Neubau;2011;16;17
31 Klotzsche;StB 3 Klotzsche/nördliche Ortschaften;06 StB Klotzsche und nördliche OS;Neubau;2012;19;25
31 Klotzsche;StB 3 Klotzsche/nördliche Ortschaften;06 StB Klotzsche und nördliche OS;Neubau;2013;12;9
31 Klotzsche;StB 3 Klotzsche/nördliche Ortschaften;06 StB Klotzsche und nördliche OS;Neubau;2014;26;58
31 Klotzsche;StB 3 Klotzsche/nördliche Ortschaften;06 StB Klotzsche und nördliche OS;Neubau;2015;16;36
31 Klotzsche;StB 3 Klotzsche/nördliche Ortschaften;06 StB Klotzsche und nördliche OS;Neubau;2016;104;168
31 Klotzsche;StB 3 Klotzsche/nördliche Ortschaften;06 StB Klotzsche und nördliche OS;Neubau;2017;34;97
31 Klotzsche;StB 3 Klotzsche/nördliche Ortschaften;06 StB Klotzsche und nördliche OS;Neubau;2018;21;90
31 Klotzsche;StB 3 Klotzsche/nördliche Ortschaften;06 StB Klotzsche und nördliche OS;Neubau;2019;17;64
31 Klotzsche;StB 3 Klotzsche/nördliche Ortschaften;06 StB Klotzsche und nördliche OS;Neubau;2020;16;50
31 Klotzsche;StB 3 Klotzsche/nördliche Ortschaften;06 StB Klotzsche und nördliche OS;Neubau;2021;22;29
31 Klotzsche;StB 3 Klotzsche/nördliche Ortschaften;06 StB Klotzsche und nördliche OS;Neubau;2022;8;6
31 Klotzsche;StB 3 Klotzsche/nördliche Ortschaften;06 StB Klotzsche und nördliche OS;Neubau;2023;20;102
31 Klotzsche;StB 3 Klotzsche/nördliche Ortschaften;06 StB Klotzsche und nördliche OS;Neubau;2024;10;23
31 Klotzsche;StB 3 Klotzsche/nördliche Ortschaften;06 StB Klotzsche und nördliche OS;Neubau;2025;6;34
31 Klotzsche;StB 3 Klotzsche/nördliche Ortschaften;06 StB Klotzsche und nördliche OS;Neubau;2026;3;2
31 Klotzsche;StB 3 Klotzsche/nördliche Ortschaften;06 StB Klotzsche und nördliche OS;Umbau;1992;13;15
31 Klotzsche;StB 3 Klotzsche/nördliche Ortschaften;06 StB Klotzsche und nördliche OS;Umbau;1993;12;16
31 Klotzsche;StB 3 Klotzsche/nördliche Ortschaften;06 StB Klotzsche und nördliche OS;Umbau;1994;12;21
31 Klotzsche;StB 3 Klotzsche/nördliche Ortschaften;06 StB Klotzsche und nördliche OS;Umbau;1995;13;47
31 Klotzsche;StB 3 Klotzsche/nördliche Ortschaften;06 StB Klotzsche und nördliche OS;Umbau;1996;15;27
31 Klotzsche;StB 3 Klotzsche/nördliche Ortschaften;06 StB Klotzsche und nördliche OS;Umbau;1997;35;167
31 Klotzsche;StB 3 Klotzsche/nördliche Ortschaften;06 StB Klotzsche und nördliche OS;Umbau;1998;30;120
31 Klotzsche;StB 3 Klotzsche/nördliche Ortschaften;06 StB Klotzsche und nördliche OS;Umbau;1999;44;250
31 Klotzsche;StB 3 Klotzsche/nördliche Ortschaften;06 StB Klotzsche und nördliche OS;Umbau;2000;10;25
31 Klotzsche;StB 3 Klotzsche/nördliche Ortschaften;06 StB Klotzsche und nördliche OS;Umbau;2001;26;181
31 Klotzsche;StB 3 Klotzsche/nördliche Ortschaften;06 StB Klotzsche und nördliche OS;Umbau;2002;18;67
31 Klotzsche;StB 3 Klotzsche/nördliche Ortschaften;06 StB Klotzsche und nördliche OS;Umbau;2003;9;21
31 Klotzsche;StB 3 Klotzsche/nördliche Ortschaften;06 StB Klotzsche und nördliche OS;Umbau;2004;14;56
31 Klotzsche;StB 3 Klotzsche/nördliche Ortschaften;06 StB Klotzsche und nördliche OS;Umbau;2005;10;22
31 Klotzsche;StB 3 Klotzsche/nördliche Ortschaften;06 StB Klotzsche und nördliche OS;Umbau;2006;12;26
31 Klotzsche;StB 3 Klotzsche/nördliche Ortschaften;06 StB Klotzsche und nördliche OS;Umbau;2007;12;19
31 Klotzsche;StB 3 Klotzsche/nördliche Ortschaften;06 StB Klotzsche und nördliche OS;Umbau;2008;9;13
31 Klotzsche;StB 3 Klotzsche/nördliche Ortschaften;06 StB Klotzsche und nördliche OS;Umbau;2009;11;30
31 Klotzsche;StB 3 Klotzsche/nördliche Ortschaften;06 StB Klotzsche und nördliche OS;Umbau;2010;13;16
31 Klotzsche;StB 3 Klotzsche/nördliche Ortschaften;06 StB Klotzsche und nördliche OS;Umbau;2011;14;14
31 Klotzsche;StB 3 Klotzsche/nördliche Ortschaften;06 StB Klotzsche und nördliche OS;Umbau;2012;24;159
31 Klotzsche;StB 3 Klotzsche/nördliche Ortschaften;06 StB Klotzsche und nördliche OS;Umbau;2013;40;416
31 Klotzsche;StB 3 Klotzsche/nördliche Ortschaften;06 StB Klotzsche und nördliche OS;Umbau;2014;15;44
31 Klotzsche;StB 3 Klotzsche/nördliche Ortschaften;06 StB Klotzsche und nördliche OS;Umbau;2015;16;36
31 Klotzsche;StB 3 Klotzsche/nördliche Ortschaften;06 StB Klotzsche und nördliche OS;Umbau;2016;24;108
31 Klotzsche;StB 3 Klotzsche/nördliche Ortschaften;06 StB Klotzsche und nördliche OS;Umbau;2017;11;24
31 Klotzsche;StB 3 Klotzsche/nördliche Ortschaften;06 StB Klotzsche und nördliche OS;Umbau;2018;14;25
31 Klotzsche;StB 3 Klotzsche/nördliche Ortschaften;06 StB Klotzsche und nördliche OS;Umbau;2019;13;14
31 Klotzsche;StB 3 Klotzsche/nördliche Ortschaften;06 StB Klotzsche und nördliche OS;Umbau;2020;6;8
31 Klotzsche;StB 3 Klotzsche/nördliche Ortschaften;06 StB Klotzsche und nördliche OS;Umbau;2021;14;30
31 Klotzsche;StB 3 Klotzsche/nördliche Ortschaften;06 StB Klotzsche und nördliche OS;Umbau;2022;11;59
31 Klotzsche;StB 3 Klotzsche/nördliche Ortschaften;06 StB Klotzsche und nördliche OS;Umbau;2023;5;10
31 Klotzsche;StB 3 Klotzsche/nördliche Ortschaften;06 StB Klotzsche und nördliche OS;Umbau;2024;19;42
31 Klotzsche;StB 3 Klotzsche/nördliche Ortschaften;06 StB Klotzsche und nördliche OS;Umbau;2025;21;208
31 Klotzsche;StB 3 Klotzsche/nördliche Ortschaften;06 StB Klotzsche und nördliche OS;Umbau;2026;5;5
32 Hellerau/Wilschdorf;StB 3 Klotzsche/nördliche Ortschaften;06 StB Klotzsche und nördliche OS;Neubau;1992;11;13
32 Hellerau/Wilschdorf;StB 3 Klotzsche/nördliche Ortschaften;06 StB Klotzsche und nördliche OS;Neubau;1993;11;14
32 Hellerau/Wilschdorf;StB 3 Klotzsche/nördliche Ortschaften;06 StB Klotzsche und nördliche OS;Neubau;1994;24;26
32 Hellerau/Wilschdorf;StB 3 Klotzsche/nördliche Ortschaften;06 StB Klotzsche und nördliche OS;Neubau;1995;27;35
32 Hellerau/Wilschdorf;StB 3 Klotzsche/nördliche Ortschaften;06 StB Klotzsche und nördliche OS;Neubau;1996;40;84
32 Hellerau/Wilschdorf;StB 3 Klotzsche/nördliche Ortschaften;06 StB Klotzsche und nördliche OS;Neubau;1997;91;96
32 Hellerau/Wilschdorf;StB 3 Klotzsche/nördliche Ortschaften;06 StB Klotzsche und nördliche OS;Neubau;1998;23;26
32 Hellerau/Wilschdorf;StB 3 Klotzsche/nördliche Ortschaften;06 StB Klotzsche und nördliche OS;Neubau;1999;21;21
32 Hellerau/Wilschdorf;StB 3 Klotzsche/nördliche Ortschaften;06 StB Klotzsche und nördliche OS;Neubau;2000;10;15
32 Hellerau/Wilschdorf;StB 3 Klotzsche/nördliche Ortschaften;06 StB Klotzsche und nördliche OS;Neubau;2001;20;19
32 Hellerau/Wilschdorf;StB 3 Klotzsche/nördliche Ortschaften;06 StB Klotzsche und nördliche OS;Neubau;2002;16;13
32 Hellerau/Wilschdorf;StB 3 Klotzsche/nördliche Ortschaften;06 StB Klotzsche und nördliche OS;Neubau;2003;10;10
32 Hellerau/Wilschdorf;StB 3 Klotzsche/nördliche Ortschaften;06 StB Klotzsche und nördliche OS;Neubau;2004;23;18
32 Hellerau/Wilschdorf;StB 3 Klotzsche/nördliche Ortschaften;06 StB Klotzsche und nördliche OS;Neubau;2005;8;8
32 Hellerau/Wilschdorf;StB 3 Klotzsche/nördliche Ortschaften;06 StB Klotzsche und nördliche OS;Neubau;2006;24;22
32 Hellerau/Wilschdorf;StB 3 Klotzsche/nördliche Ortschaften;06 StB Klotzsche und nördliche OS;Neubau;2007;17;16
32 Hellerau/Wilschdorf;StB 3 Klotzsche/nördliche Ortschaften;06 StB Klotzsche und nördliche OS;Neubau;2008;9;7
32 Hellerau/Wilschdorf;StB 3 Klotzsche/nördliche Ortschaften;06 StB Klotzsche und nördliche OS;Neubau;2009;10;11
32 Hellerau/Wilschdorf;StB 3 Klotzsche/nördliche Ortschaften;06 StB Klotzsche und nördliche OS;Neubau;2010;7;6
32 Hellerau/Wilschdorf;StB 3 Klotzsche/nördliche Ortschaften;06 StB Klotzsche und nördliche OS;Neubau;2011;13;8
32 Hellerau/Wilschdorf;StB 3 Klotzsche/nördliche Ortschaften;06 StB Klotzsche und nördliche OS;Neubau;2012;16;16
32 Hellerau/Wilschdorf;StB 3 Klotzsche/nördliche Ortschaften;06 StB Klotzsche und nördliche OS;Neubau;2013;9;10
32 Hellerau/Wilschdorf;StB 3 Klotzsche/nördliche Ortschaften;06 StB Klotzsche und nördliche OS;Neubau;2014;8;7
32 Hellerau/Wilschdorf;StB 3 Klotzsche/nördliche Ortschaften;06 StB Klotzsche und nördliche OS;Neubau;2015;11;9
32 Hellerau/Wilschdorf;StB 3 Klotzsche/nördliche Ortschaften;06 StB Klotzsche und nördliche OS;Neubau;2016;16;14
32 Hellerau/Wilschdorf;StB 3 Klotzsche/nördliche Ortschaften;06 StB Klotzsche und nördliche OS;Neubau;2017;12;8
32 Hellerau/Wilschdorf;StB 3 Klotzsche/nördliche Ortschaften;06 StB Klotzsche und nördliche OS;Neubau;2018;18;21
32 Hellerau/Wilschdorf;StB 3 Klotzsche/nördliche Ortschaften;06 StB Klotzsche und nördliche OS;Neubau;2019;38;37
32 Hellerau/Wilschdorf;StB 3 Klotzsche/nördliche Ortschaften;06 StB Klotzsche und nördliche OS;Neubau;2020;23;21
32 Hellerau/Wilschdorf;StB 3 Klotzsche/nördliche Ortschaften;06 StB Klotzsche und nördliche OS;Neubau;2021;15;13
32 Hellerau/Wilschdorf;StB 3 Klotzsche/nördliche Ortschaften;06 StB Klotzsche und nördliche OS;Neubau;2022;14;12
32 Hellerau/Wilschdorf;StB 3 Klotzsche/nördliche Ortschaften;06 StB Klotzsche und nördliche OS;Neubau;2023;9;5
32 Hellerau/Wilschdorf;StB 3 Klotzsche/nördliche Ortschaften;06 StB Klotzsche und nördliche OS;Neubau;2024;6;2
32 Hellerau/Wilschdorf;StB 3 Klotzsche/nördliche Ortschaften;06 StB Klotzsche und nördliche OS;Neubau;2025;16;27
32 Hellerau/Wilschdorf;StB 3 Klotzsche/nördliche Ortschaften;06 StB Klotzsche und nördliche OS;Neubau;2026;5;5
32 Hellerau/Wilschdorf;StB 3 Klotzsche/nördliche Ortschaften;06 StB Klotzsche und nördliche OS;Umbau;1992;9;10
32 Hellerau/Wilschdorf;StB 3 Klotzsche/nördliche Ortschaften;06 StB Klotzsche und nördliche OS;Umbau;1993;7;9
32 Hellerau/Wilschdorf;StB 3 Klotzsche/nördliche Ortschaften;06 StB Klotzsche und nördliche OS;Umbau;1994;7;13
32 Hellerau/Wilschdorf;StB 3 Klotzsche/nördliche Ortschaften;06 StB Klotzsche und nördliche OS;Umbau;1995;15;17
32 Hellerau/Wilschdorf;StB 3 Klotzsche/nördliche Ortschaften;06 StB Klotzsche und nördliche OS;Umbau;1996;12;22
32 Hellerau/Wilschdorf;StB 3 Klotzsche/nördliche Ortschaften;06 StB Klotzsche und nördliche OS;Umbau;1997;8;13
32 Hellerau/Wilschdorf;StB 3 Klotzsche/nördliche Ortschaften;06 StB Klotzsche und nördliche OS;Umbau;1998;13;37
32 Hellerau/Wilschdorf;StB 3 Klotzsche/nördliche Ortschaften;06 StB Klotzsche und nördliche OS;Umbau;1999;7;13
32 Hellerau/Wilschdorf;StB 3 Klotzsche/nördliche Ortschaften;06 StB Klotzsche und nördliche OS;Umbau;2000;3;6
32 Hellerau/Wilschdorf;StB 3 Klotzsche/nördliche Ortschaften;06 StB Klotzsche und nördliche OS;Umbau;2001;11;16
32 Hellerau/Wilschdorf;StB 3 Klotzsche/nördliche Ortschaften;06 StB Klotzsche und nördliche OS;Umbau;2002;11;20
32 Hellerau/Wilschdorf;StB 3 Klotzsche/nördliche Ortschaften;06 StB Klotzsche und nördliche OS;Umbau;2003;7;12
32 Hellerau/Wilschdorf;StB 3 Klotzsche/nördliche Ortschaften;06 StB Klotzsche und nördliche OS;Umbau;2004;1;1
32 Hellerau/Wilschdorf;StB 3 Klotzsche/nördliche Ortschaften;06 StB Klotzsche und nördliche OS;Umbau;2005;4;6
32 Hellerau/Wilschdorf;StB 3 Klotzsche/nördliche Ortschaften;06 StB Klotzsche und nördliche OS;Umbau;2006;2;6
32 Hellerau/Wilschdorf;StB 3 Klotzsche/nördliche Ortschaften;06 StB Klotzsche und nördliche OS;Umbau;2007;5;7
32 Hellerau/Wilschdorf;StB 3 Klotzsche/nördliche Ortschaften;06 StB Klotzsche und nördliche OS;Umbau;2008;11;14
32 Hellerau/Wilschdorf;StB 3 Klotzsche/nördliche Ortschaften;06 StB Klotzsche und nördliche OS;Umbau;2009;9;14
32 Hellerau/Wilschdorf;StB 3 Klotzsche/nördliche Ortschaften;06 StB Klotzsche und nördliche OS;Umbau;2010;10;19
32 Hellerau/Wilschdorf;StB 3 Klotzsche/nördliche Ortschaften;06 StB Klotzsche und nördliche OS;Umbau;2011;6;10
32 Hellerau/Wilschdorf;StB 3 Klotzsche/nördliche Ortschaften;06 StB Klotzsche und nördliche OS;Umbau;2012;10;27
32 Hellerau/Wilschdorf;StB 3 Klotzsche/nördliche Ortschaften;06 StB Klotzsche und nördliche OS;Umbau;2013;6;7
32 Hellerau/Wilschdorf;StB 3 Klotzsche/nördliche Ortschaften;06 StB Klotzsche und nördliche OS;Umbau;2014;15;14
32 Hellerau/Wilschdorf;StB 3 Klotzsche/nördliche Ortschaften;06 StB Klotzsche und nördliche OS;Umbau;2015;13;17
32 Hellerau/Wilschdorf;StB 3 Klotzsche/nördliche Ortschaften;06 StB Klotzsche und nördliche OS;Umbau;2016;7;14
32 Hellerau/Wilschdorf;StB 3 Klotzsche/nördliche Ortschaften;06 StB Klotzsche und nördliche OS;Umbau;2017;10;8
32 Hellerau/Wilschdorf;StB 3 Klotzsche/nördliche Ortschaften;06 StB Klotzsche und nördliche OS;Umbau;2018;5;6
32 Hellerau/Wilschdorf;StB 3 Klotzsche/nördliche Ortschaften;06 StB Klotzsche und nördliche OS;Umbau;2019;10;18
32 Hellerau/Wilschdorf;StB 3 Klotzsche/nördliche Ortschaften;06 StB Klotzsche und nördliche OS;Umbau;2020;9;9
32 Hellerau/Wilschdorf;StB 3 Klotzsche/nördliche Ortschaften;06 StB Klotzsche und nördliche OS;Umbau;2021;12;10
32 Hellerau/Wilschdorf;StB 3 Klotzsche/nördliche Ortschaften;06 StB Klotzsche und nördliche OS;Umbau;2022;13;15
32 Hellerau/Wilschdorf;StB 3 Klotzsche/nördliche Ortschaften;06 StB Klotzsche und nördliche OS;Umbau;2023;4;4
32 Hellerau/Wilschdorf;StB 3 Klotzsche/nördliche Ortschaften;06 StB Klotzsche und nördliche OS;Umbau;2024;13;24
32 Hellerau/Wilschdorf;StB 3 Klotzsche/nördliche Ortschaften;06 StB Klotzsche und nördliche OS;Umbau;2025;3;3
32 Hellerau/Wilschdorf;StB 3 Klotzsche/nördliche Ortschaften;06 StB Klotzsche und nördliche OS;Umbau;2026;2;4
35 Weixdorf;StB 3 Klotzsche/nördliche Ortschaften;06 StB Klotzsche und nördliche OS;Neubau;1999;62;59
35 Weixdorf;StB 3 Klotzsche/nördliche Ortschaften;06 StB Klotzsche und nördliche OS;Neubau;2000;44;46
35 Weixdorf;StB 3 Klotzsche/nördliche Ortschaften;06 StB Klotzsche und nördliche OS;Neubau;2001;15;14
35 Weixdorf;StB 3 Klotzsche/nördliche Ortschaften;06 StB Klotzsche und nördliche OS;Neubau;2002;26;25
35 Weixdorf;StB 3 Klotzsche/nördliche Ortschaften;06 StB Klotzsche und nördliche OS;Neubau;2003;28;30
35 Weixdorf;StB 3 Klotzsche/nördliche Ortschaften;06 StB Klotzsche und nördliche OS;Neubau;2004;18;14
35 Weixdorf;StB 3 Klotzsche/nördliche Ortschaften;06 StB Klotzsche und nördliche OS;Neubau;2005;14;15
35 Weixdorf;StB 3 Klotzsche/nördliche Ortschaften;06 StB Klotzsche und nördliche OS;Neubau;2006;21;21
35 Weixdorf;StB 3 Klotzsche/nördliche Ortschaften;06 StB Klotzsche und nördliche OS;Neubau;2007;19;18
35 Weixdorf;StB 3 Klotzsche/nördliche Ortschaften;06 StB Klotzsche und nördliche OS;Neubau;2008;24;21
35 Weixdorf;StB 3 Klotzsche/nördliche Ortschaften;06 StB Klotzsche und nördliche OS;Neubau;2009;21;19
35 Weixdorf;StB 3 Klotzsche/nördliche Ortschaften;06 StB Klotzsche und nördliche OS;Neubau;2010;31;32
35 Weixdorf;StB 3 Klotzsche/nördliche Ortschaften;06 StB Klotzsche und nördliche OS;Neubau;2011;36;38
35 Weixdorf;StB 3 Klotzsche/nördliche Ortschaften;06 StB Klotzsche und nördliche OS;Neubau;2012;38;36
35 Weixdorf;StB 3 Klotzsche/nördliche Ortschaften;06 StB Klotzsche und nördliche OS;Neubau;2013;12;12
35 Weixdorf;StB 3 Klotzsche/nördliche Ortschaften;06 StB Klotzsche und nördliche OS;Neubau;2014;19;18
35 Weixdorf;StB 3 Klotzsche/nördliche Ortschaften;06 StB Klotzsche und nördliche OS;Neubau;2015;12;15
35 Weixdorf;StB 3 Klotzsche/nördliche Ortschaften;06 StB Klotzsche und nördliche OS;Neubau;2016;7;7
35 Weixdorf;StB 3 Klotzsche/nördliche Ortschaften;06 StB Klotzsche und nördliche OS;Neubau;2017;19;15
35 Weixdorf;StB 3 Klotzsche/nördliche Ortschaften;06 StB Klotzsche und nördliche OS;Neubau;2018;6;4
35 Weixdorf;StB 3 Klotzsche/nördliche Ortschaften;06 StB Klotzsche und nördliche OS;Neubau;2019;5;5
35 Weixdorf;StB 3 Klotzsche/nördliche Ortschaften;06 StB Klotzsche und nördliche OS;Neubau;2020;9;6
35 Weixdorf;StB 3 Klotzsche/nördliche Ortschaften;06 StB Klotzsche und nördliche OS;Neubau;2021;12;10
35 Weixdorf;StB 3 Klotzsche/nördliche Ortschaften;06 StB Klotzsche und nördliche OS;Neubau;2022;15;11
35 Weixdorf;StB 3 Klotzsche/nördliche Ortschaften;06 StB Klotzsche und nördliche OS;Neubau;2023;8;7
35 Weixdorf;StB 3 Klotzsche/nördliche Ortschaften;06 StB Klotzsche und nördliche OS;Neubau;2024;10;8
35 Weixdorf;StB 3 Klotzsche/nördliche Ortschaften;06 StB Klotzsche und nördliche OS;Neubau;2025;1;2
35 Weixdorf;StB 3 Klotzsche/nördliche Ortschaften;06 StB Klotzsche und nördliche OS;Neubau;2026;8;7
35 Weixdorf;StB 3 Klotzsche/nördliche Ortschaften;06 StB Klotzsche und nördliche OS;Umbau;1997;1;4
35 Weixdorf;StB 3 Klotzsche/nördliche Ortschaften;06 StB Klotzsche und nördliche OS;Umbau;1999;5;10
35 Weixdorf;StB 3 Klotzsche/nördliche Ortschaften;06 StB Klotzsche und nördliche OS;Umbau;2000;9;14
35 Weixdorf;StB 3 Klotzsche/nördliche Ortschaften;06 StB Klotzsche und nördliche OS;Umbau;2001;8;16
35 Weixdorf;StB 3 Klotzsche/nördliche Ortschaften;06 StB Klotzsche und nördliche OS;Umbau;2002;6;8
35 Weixdorf;StB 3 Klotzsche/nördliche Ortschaften;06 StB Klotzsche und nördliche OS;Umbau;2003;5;5
35 Weixdorf;StB 3 Klotzsche/nördliche Ortschaften;06 StB Klotzsche und nördliche OS;Umbau;2004;5;5
35 Weixdorf;StB 3 Klotzsche/nördliche Ortschaften;06 StB Klotzsche und nördliche OS;Umbau;2005;9;10
35 Weixdorf;StB 3 Klotzsche/nördliche Ortschaften;06 StB Klotzsche und nördliche OS;Umbau;2006;7;9
35 Weixdorf;StB 3 Klotzsche/nördliche Ortschaften;06 StB Klotzsche und nördliche OS;Umbau;2007;6;7
35 Weixdorf;StB 3 Klotzsche/nördliche Ortschaften;06 StB Klotzsche und nördliche OS;Umbau;2008;3;5
35 Weixdorf;StB 3 Klotzsche/nördliche Ortschaften;06 StB Klotzsche und nördliche OS;Umbau;2009;5;8
35 Weixdorf;StB 3 Klotzsche/nördliche Ortschaften;06 StB Klotzsche und nördliche OS;Umbau;2010;4;6
35 Weixdorf;StB 3 Klotzsche/nördliche Ortschaften;06 StB Klotzsche und nördliche OS;Umbau;2011;5;8
35 Weixdorf;StB 3 Klotzsche/nördliche Ortschaften;06 StB Klotzsche und nördliche OS;Umbau;2012;5;5
35 Weixdorf;StB 3 Klotzsche/nördliche Ortschaften;06 StB Klotzsche und nördliche OS;Umbau;2013;9;11
35 Weixdorf;StB 3 Klotzsche/nördliche Ortschaften;06 StB Klotzsche und nördliche OS;Umbau;2014;10;10
35 Weixdorf;StB 3 Klotzsche/nördliche Ortschaften;06 StB Klotzsche und nördliche OS;Umbau;2015;9;12
35 Weixdorf;StB 3 Klotzsche/nördliche Ortschaften;06 StB Klotzsche und nördliche OS;Umbau;2016;7;16
35 Weixdorf;StB 3 Klotzsche/nördliche Ortschaften;06 StB Klotzsche und nördliche OS;Umbau;2017;6;62
35 Weixdorf;StB 3 Klotzsche/nördliche Ortschaften;06 StB Klotzsche und nördliche OS;Umbau;2018;14;17
35 Weixdorf;StB 3 Klotzsche/nördliche Ortschaften;06 StB Klotzsche und nördliche OS;Umbau;2019;9;13
35 Weixdorf;StB 3 Klotzsche/nördliche Ortschaften;06 StB Klotzsche und nördliche OS;Umbau;2020;9;14
35 Weixdorf;StB 3 Klotzsche/nördliche Ortschaften;06 StB Klotzsche und nördliche OS;Umbau;2021;8;58
35 Weixdorf;StB 3 Klotzsche/nördliche Ortschaften;06 StB Klotzsche und nördliche OS;Umbau;2022;10;11
35 Weixdorf;StB 3 Klotzsche/nördliche Ortschaften;06 StB Klotzsche und nördliche OS;Umbau;2023;8;11
35 Weixdorf;StB 3 Klotzsche/nördliche Ortschaften;06 StB Klotzsche und nördliche OS;Umbau;2024;7;7
35 Weixdorf;StB 3 Klotzsche/nördliche Ortschaften;06 StB Klotzsche und nördliche OS;Umbau;2025;8;7
35 Weixdorf;StB 3 Klotzsche/nördliche Ortschaften;06 StB Klotzsche und nördliche OS;Umbau;2026;2;19
36 Langebrück/Schönborn;StB 3 Klotzsche/nördliche Ortschaften;06 StB Klotzsche und nördliche OS;Neubau;1999;18;16
36 Langebrück/Schönborn;StB 3 Klotzsche/nördliche Ortschaften;06 StB Klotzsche und nördliche OS;Neubau;2000;14;16
36 Langebrück/Schönborn;StB 3 Klotzsche/nördliche Ortschaften;06 StB Klotzsche und nördliche OS;Neubau;2001;9;8
36 Langebrück/Schönborn;StB 3 Klotzsche/nördliche Ortschaften;06 StB Klotzsche und nördliche OS;Neubau;2002;11;11
36 Langebrück/Schönborn;StB 3 Klotzsche/nördliche Ortschaften;06 StB Klotzsche und nördliche OS;Neubau;2003;13;16
36 Langebrück/Schönborn;StB 3 Klotzsche/nördliche Ortschaften;06 StB Klotzsche und nördliche OS;Neubau;2004;15;15
36 Langebrück/Schönborn;StB 3 Klotzsche/nördliche Ortschaften;06 StB Klotzsche und nördliche OS;Neubau;2005;6;4
36 Langebrück/Schönborn;StB 3 Klotzsche/nördliche Ortschaften;06 StB Klotzsche und nördliche OS;Neubau;2006;7;7
36 Langebrück/Schönborn;StB 3 Klotzsche/nördliche Ortschaften;06 StB Klotzsche und nördliche OS;Neubau;2007;7;6
36 Langebrück/Schönborn;StB 3 Klotzsche/nördliche Ortschaften;06 StB Klotzsche und nördliche OS;Neubau;2008;7;7
36 Langebrück/Schönborn;StB 3 Klotzsche/nördliche Ortschaften;06 StB Klotzsche und nördliche OS;Neubau;2009;5;5
36 Langebrück/Schönborn;StB 3 Klotzsche/nördliche Ortschaften;06 StB Klotzsche und nördliche OS;Neubau;2010;4;4
36 Langebrück/Schönborn;StB 3 Klotzsche/nördliche Ortschaften;06 StB Klotzsche und nördliche OS;Neubau;2011;1;1
36 Langebrück/Schönborn;StB 3 Klotzsche/nördliche Ortschaften;06 StB Klotzsche und nördliche OS;Neubau;2012;2;2
36 Langebrück/Schönborn;StB 3 Klotzsche/nördliche Ortschaften;06 StB Klotzsche und nördliche OS;Neubau;2013;45;42
36 Langebrück/Schönborn;StB 3 Klotzsche/nördliche Ortschaften;06 StB Klotzsche und nördliche OS;Neubau;2014;23;26
36 Langebrück/Schönborn;StB 3 Klotzsche/nördliche Ortschaften;06 StB Klotzsche und nördliche OS;Neubau;2015;11;16
36 Langebrück/Schönborn;StB 3 Klotzsche/nördliche Ortschaften;06 StB Klotzsche und nördliche OS;Neubau;2016;6;9
36 Langebrück/Schönborn;StB 3 Klotzsche/nördliche Ortschaften;06 StB Klotzsche und nördliche OS;Neubau;2017;9;13
36 Langebrück/Schönborn;StB 3 Klotzsche/nördliche Ortschaften;06 StB Klotzsche und nördliche OS;Neubau;2018;4;5
36 Langebrück/Schönborn;StB 3 Klotzsche/nördliche Ortschaften;06 StB Klotzsche und nördliche OS;Neubau;2019;3;2
36 Langebrück/Schönborn;StB 3 Klotzsche/nördliche Ortschaften;06 StB Klotzsche und nördliche OS;Neubau;2020;7;5
36 Langebrück/Schönborn;StB 3 Klotzsche/nördliche Ortschaften;06 StB Klotzsche und nördliche OS;Neubau;2021;7;11
36 Langebrück/Schönborn;StB 3 Klotzsche/nördliche Ortschaften;06 StB Klotzsche und nördliche OS;Neubau;2022;5;3
36 Langebrück/Schönborn;StB 3 Klotzsche/nördliche Ortschaften;06 StB Klotzsche und nördliche OS;Neubau;2023;5;12
36 Langebrück/Schönborn;StB 3 Klotzsche/nördliche Ortschaften;06 StB Klotzsche und nördliche OS;Neubau;2024;1;1
36 Langebrück/Schönborn;StB 3 Klotzsche/nördliche Ortschaften;06 StB Klotzsche und nördliche OS;Neubau;2025;2;1
36 Langebrück/Schönborn;StB 3 Klotzsche/nördliche Ortschaften;06 StB Klotzsche und nördliche OS;Umbau;1999;5;7
36 Langebrück/Schönborn;StB 3 Klotzsche/nördliche Ortschaften;06 StB Klotzsche und nördliche OS;Umbau;2000;9;19
36 Langebrück/Schönborn;StB 3 Klotzsche/nördliche Ortschaften;06 StB Klotzsche und nördliche OS;Umbau;2001;5;12
36 Langebrück/Schönborn;StB 3 Klotzsche/nördliche Ortschaften;06 StB Klotzsche und nördliche OS;Umbau;2002;4;4
36 Langebrück/Schönborn;StB 3 Klotzsche/nördliche Ortschaften;06 StB Klotzsche und nördliche OS;Umbau;2003;4;9
36 Langebrück/Schönborn;StB 3 Klotzsche/nördliche Ortschaften;06 StB Klotzsche und nördliche OS;Umbau;2004;5;6
36 Langebrück/Schönborn;StB 3 Klotzsche/nördliche Ortschaften;06 StB Klotzsche und nördliche OS;Umbau;2005;6;12
36 Langebrück/Schönborn;StB 3 Klotzsche/nördliche Ortschaften;06 StB Klotzsche und nördliche OS;Umbau;2006;8;15
36 Langebrück/Schönborn;StB 3 Klotzsche/nördliche Ortschaften;06 StB Klotzsche und nördliche OS;Umbau;2007;6;10
36 Langebrück/Schönborn;StB 3 Klotzsche/nördliche Ortschaften;06 StB Klotzsche und nördliche OS;Umbau;2008;6;4
36 Langebrück/Schönborn;StB 3 Klotzsche/nördliche Ortschaften;06 StB Klotzsche und nördliche OS;Umbau;2009;3;5
36 Langebrück/Schönborn;StB 3 Klotzsche/nördliche Ortschaften;06 StB Klotzsche und nördliche OS;Umbau;2010;5;51
36 Langebrück/Schönborn;StB 3 Klotzsche/nördliche Ortschaften;06 StB Klotzsche und nördliche OS;Umbau;2011;7;9
36 Langebrück/Schönborn;StB 3 Klotzsche/nördliche Ortschaften;06 StB Klotzsche und nördliche OS;Umbau;2012;8;25
36 Langebrück/Schönborn;StB 3 Klotzsche/nördliche Ortschaften;06 StB Klotzsche und nördliche OS;Umbau;2013;1;1
36 Langebrück/Schönborn;StB 3 Klotzsche/nördliche Ortschaften;06 StB Klotzsche und nördliche OS;Umbau;2014;6;8
36 Langebrück/Schönborn;StB 3 Klotzsche/nördliche Ortschaften;06 StB Klotzsche und nördliche OS;Umbau;2015;9;19
36 Langebrück/Schönborn;StB 3 Klotzsche/nördliche Ortschaften;06 StB Klotzsche und nördliche OS;Umbau;2016;6;53
36 Langebrück/Schönborn;StB 3 Klotzsche/nördliche Ortschaften;06 StB Klotzsche und nördliche OS;Umbau;2017;2;6
36 Langebrück/Schönborn;StB 3 Klotzsche/nördliche Ortschaften;06 StB Klotzsche und nördliche OS;Umbau;2018;7;7
36 Langebrück/Schönborn;StB 3 Klotzsche/nördliche Ortschaften;06 StB Klotzsche und nördliche OS;Umbau;2019;5;6
36 Langebrück/Schönborn;StB 3 Klotzsche/nördliche Ortschaften;06 StB Klotzsche und nördliche OS;Umbau;2020;5;56
36 Langebrück/Schönborn;StB 3 Klotzsche/nördliche Ortschaften;06 StB Klotzsche und nördliche OS;Umbau;2021;7;61
36 Langebrück/Schönborn;StB 3 Klotzsche/nördliche Ortschaften;06 StB Klotzsche und nördliche OS;Umbau;2022;3;6
36 Langebrück/Schönborn;StB 3 Klotzsche/nördliche Ortschaften;06 StB Klotzsche und nördliche OS;Umbau;2023;7;12
36 Langebrück/Schönborn;StB 3 Klotzsche/nördliche Ortschaften;06 StB Klotzsche und nördliche OS;Umbau;2024;5;6
36 Langebrück/Schönborn;StB 3 Klotzsche/nördliche Ortschaften;06 StB Klotzsche und nördliche OS;Umbau;2025;3;8
41 Loschwitz/Wachwitz;StB 4 Loschwitz/OS Schönfeld-Weißig;07 StB Loschwitz und OS Schönfeld-Weißig;Neubau;1992;5;11
41 Loschwitz/Wachwitz;StB 4 Loschwitz/OS Schönfeld-Weißig;07 StB Loschwitz und OS Schönfeld-Weißig;Neubau;1993;7;34
41 Loschwitz/Wachwitz;StB 4 Loschwitz/OS Schönfeld-Weißig;07 StB Loschwitz und OS Schönfeld-Weißig;Neubau;1994;22;158
41 Loschwitz/Wachwitz;StB 4 Loschwitz/OS Schönfeld-Weißig;07 StB Loschwitz und OS Schönfeld-Weißig;Neubau;1995;23;97
41 Loschwitz/Wachwitz;StB 4 Loschwitz/OS Schönfeld-Weißig;07 StB Loschwitz und OS Schönfeld-Weißig;Neubau;1996;28;169
41 Loschwitz/Wachwitz;StB 4 Loschwitz/OS Schönfeld-Weißig;07 StB Loschwitz und OS Schönfeld-Weißig;Neubau;1997;13;42
41 Loschwitz/Wachwitz;StB 4 Loschwitz/OS Schönfeld-Weißig;07 StB Loschwitz und OS Schönfeld-Weißig;Neubau;1998;8;6
41 Loschwitz/Wachwitz;StB 4 Loschwitz/OS Schönfeld-Weißig;07 StB Loschwitz und OS Schönfeld-Weißig;Neubau;1999;9;24
41 Loschwitz/Wachwitz;StB 4 Loschwitz/OS Schönfeld-Weißig;07 StB Loschwitz und OS Schönfeld-Weißig;Neubau;2000;8;16
41 Loschwitz/Wachwitz;StB 4 Loschwitz/OS Schönfeld-Weißig;07 StB Loschwitz und OS Schönfeld-Weißig;Neubau;2001;6;7
41 Loschwitz/Wachwitz;StB 4 Loschwitz/OS Schönfeld-Weißig;07 StB Loschwitz und OS Schönfeld-Weißig;Neubau;2002;9;8
41 Loschwitz/Wachwitz;StB 4 Loschwitz/OS Schönfeld-Weißig;07 StB Loschwitz und OS Schönfeld-Weißig;Neubau;2003;12;13
41 Loschwitz/Wachwitz;StB 4 Loschwitz/OS Schönfeld-Weißig;07 StB Loschwitz und OS Schönfeld-Weißig;Neubau;2004;27;31
41 Loschwitz/Wachwitz;StB 4 Loschwitz/OS Schönfeld-Weißig;07 StB Loschwitz und OS Schönfeld-Weißig;Neubau;2005;19;22
41 Loschwitz/Wachwitz;StB 4 Loschwitz/OS Schönfeld-Weißig;07 StB Loschwitz und OS Schönfeld-Weißig;Neubau;2006;16;30
41 Loschwitz/Wachwitz;StB 4 Loschwitz/OS Schönfeld-Weißig;07 StB Loschwitz und OS Schönfeld-Weißig;Neubau;2007;8;7
41 Loschwitz/Wachwitz;StB 4 Loschwitz/OS Schönfeld-Weißig;07 StB Loschwitz und OS Schönfeld-Weißig;Neubau;2008;27;27
41 Loschwitz/Wachwitz;StB 4 Loschwitz/OS Schönfeld-Weißig;07 StB Loschwitz und OS Schönfeld-Weißig;Neubau;2009;9;14
41 Loschwitz/Wachwitz;StB 4 Loschwitz/OS Schönfeld-Weißig;07 StB Loschwitz und OS Schönfeld-Weißig;Neubau;2010;9;11
41 Loschwitz/Wachwitz;StB 4 Loschwitz/OS Schönfeld-Weißig;07 StB Loschwitz und OS Schönfeld-Weißig;Neubau;2011;11;15
41 Loschwitz/Wachwitz;StB 4 Loschwitz/OS Schönfeld-Weißig;07 StB Loschwitz und OS Schönfeld-Weißig;Neubau;2012;3;15
41 Loschwitz/Wachwitz;StB 4 Loschwitz/OS Schönfeld-Weißig;07 StB Loschwitz und OS Schönfeld-Weißig;Neubau;2013;4;10
41 Loschwitz/Wachwitz;StB 4 Loschwitz/OS Schönfeld-Weißig;07 StB Loschwitz und OS Schönfeld-Weißig;Neubau;2014;7;5
41 Loschwitz/Wachwitz;StB 4 Loschwitz/OS Schönfeld-Weißig;07 StB Loschwitz und OS Schönfeld-Weißig;Neubau;2015;14;50
41 Loschwitz/Wachwitz;StB 4 Loschwitz/OS Schönfeld-Weißig;07 StB Loschwitz und OS Schönfeld-Weißig;Neubau;2016;9;13
41 Loschwitz/Wachwitz;StB 4 Loschwitz/OS Schönfeld-Weißig;07 StB Loschwitz und OS Schönfeld-Weißig;Neubau;2017;5;5
41 Loschwitz/Wachwitz;StB 4 Loschwitz/OS Schönfeld-Weißig;07 StB Loschwitz und OS Schönfeld-Weißig;Neubau;2018;7;44
41 Loschwitz/Wachwitz;StB 4 Loschwitz/OS Schönfeld-Weißig;07 StB Loschwitz und OS Schönfeld-Weißig;Neubau;2019;6;5
41 Loschwitz/Wachwitz;StB 4 Loschwitz/OS Schönfeld-Weißig;07 StB Loschwitz und OS Schönfeld-Weißig;Neubau;2020;7;7
41 Loschwitz/Wachwitz;StB 4 Loschwitz/OS Schönfeld-Weißig;07 StB Loschwitz und OS Schönfeld-Weißig;Neubau;2021;5;4
41 Loschwitz/Wachwitz;StB 4 Loschwitz/OS Schönfeld-Weißig;07 StB Loschwitz und OS Schönfeld-Weißig;Neubau;2022;6;7
41 Loschwitz/Wachwitz;StB 4 Loschwitz/OS Schönfeld-Weißig;07 StB Loschwitz und OS Schönfeld-Weißig;Neubau;2023;8;9
41 Loschwitz/Wachwitz;StB 4 Loschwitz/OS Schönfeld-Weißig;07 StB Loschwitz und OS Schönfeld-Weißig;Neubau;2024;1;3
41 Loschwitz/Wachwitz;StB 4 Loschwitz/OS Schönfeld-Weißig;07 StB Loschwitz und OS Schönfeld-Weißig;Neubau;2025;6;6
41 Loschwitz/Wachwitz;StB 4 Loschwitz/OS Schönfeld-Weißig;07 StB Loschwitz und OS Schönfeld-Weißig;Neubau;2026;1;0
41 Loschwitz/Wachwitz;StB 4 Loschwitz/OS Schönfeld-Weißig;07 StB Loschwitz und OS Schönfeld-Weißig;Umbau;1992;5;3
41 Loschwitz/Wachwitz;StB 4 Loschwitz/OS Schönfeld-Weißig;07 StB Loschwitz und OS Schönfeld-Weißig;Umbau;1993;10;16
41 Loschwitz/Wachwitz;StB 4 Loschwitz/OS Schönfeld-Weißig;07 StB Loschwitz und OS Schönfeld-Weißig;Umbau;1994;10;17
41 Loschwitz/Wachwitz;StB 4 Loschwitz/OS Schönfeld-Weißig;07 StB Loschwitz und OS Schönfeld-Weißig;Umbau;1995;10;6
41 Loschwitz/Wachwitz;StB 4 Loschwitz/OS Schönfeld-Weißig;07 StB Loschwitz und OS Schönfeld-Weißig;Umbau;1996;19;65
41 Loschwitz/Wachwitz;StB 4 Loschwitz/OS Schönfeld-Weißig;07 StB Loschwitz und OS Schönfeld-Weißig;Umbau;1997;23;76
41 Loschwitz/Wachwitz;StB 4 Loschwitz/OS Schönfeld-Weißig;07 StB Loschwitz und OS Schönfeld-Weißig;Umbau;1998;17;62
41 Loschwitz/Wachwitz;StB 4 Loschwitz/OS Schönfeld-Weißig;07 StB Loschwitz und OS Schönfeld-Weißig;Umbau;1999;22;90
41 Loschwitz/Wachwitz;StB 4 Loschwitz/OS Schönfeld-Weißig;07 StB Loschwitz und OS Schönfeld-Weißig;Umbau;2000;15;28
41 Loschwitz/Wachwitz;StB 4 Loschwitz/OS Schönfeld-Weißig;07 StB Loschwitz und OS Schönfeld-Weißig;Umbau;2001;23;44
41 Loschwitz/Wachwitz;StB 4 Loschwitz/OS Schönfeld-Weißig;07 StB Loschwitz und OS Schönfeld-Weißig;Umbau;2002;11;34
41 Loschwitz/Wachwitz;StB 4 Loschwitz/OS Schönfeld-Weißig;07 StB Loschwitz und OS Schönfeld-Weißig;Umbau;2003;15;84
41 Loschwitz/Wachwitz;StB 4 Loschwitz/OS Schönfeld-Weißig;07 StB Loschwitz und OS Schönfeld-Weißig;Umbau;2004;19;30
41 Loschwitz/Wachwitz;StB 4 Loschwitz/OS Schönfeld-Weißig;07 StB Loschwitz und OS Schönfeld-Weißig;Umbau;2005;15;44
41 Loschwitz/Wachwitz;StB 4 Loschwitz/OS Schönfeld-Weißig;07 StB Loschwitz und OS Schönfeld-Weißig;Umbau;2006;16;29
41 Loschwitz/Wachwitz;StB 4 Loschwitz/OS Schönfeld-Weißig;07 StB Loschwitz und OS Schönfeld-Weißig;Umbau;2007;15;40
41 Loschwitz/Wachwitz;StB 4 Loschwitz/OS Schönfeld-Weißig;07 StB Loschwitz und OS Schönfeld-Weißig;Umbau;2008;22;89
41 Loschwitz/Wachwitz;StB 4 Loschwitz/OS Schönfeld-Weißig;07 StB Loschwitz und OS Schönfeld-Weißig;Umbau;2009;14;25
41 Loschwitz/Wachwitz;StB 4 Loschwitz/OS Schönfeld-Weißig;07 StB Loschwitz und OS Schönfeld-Weißig;Umbau;2010;9;12
41 Loschwitz/Wachwitz;StB 4 Loschwitz/OS Schönfeld-Weißig;07 StB Loschwitz und OS Schönfeld-Weißig;Umbau;2011;10;18
41 Loschwitz/Wachwitz;StB 4 Loschwitz/OS Schönfeld-Weißig;07 StB Loschwitz und OS Schönfeld-Weißig;Umbau;2012;10;22
41 Loschwitz/Wachwitz;StB 4 Loschwitz/OS Schönfeld-Weißig;07 StB Loschwitz und OS Schönfeld-Weißig;Umbau;2013;11;48
41 Loschwitz/Wachwitz;StB 4 Loschwitz/OS Schönfeld-Weißig;07 StB Loschwitz und OS Schönfeld-Weißig;Umbau;2014;13;27
41 Loschwitz/Wachwitz;StB 4 Loschwitz/OS Schönfeld-Weißig;07 StB Loschwitz und OS Schönfeld-Weißig;Umbau;2015;13;67
41 Loschwitz/Wachwitz;StB 4 Loschwitz/OS Schönfeld-Weißig;07 StB Loschwitz und OS Schönfeld-Weißig;Umbau;2016;13;30
41 Loschwitz/Wachwitz;StB 4 Loschwitz/OS Schönfeld-Weißig;07 StB Loschwitz und OS Schönfeld-Weißig;Umbau;2017;7;16
41 Loschwitz/Wachwitz;StB 4 Loschwitz/OS Schönfeld-Weißig;07 StB Loschwitz und OS Schönfeld-Weißig;Umbau;2018;7;8
41 Loschwitz/Wachwitz;StB 4 Loschwitz/OS Schönfeld-Weißig;07 StB Loschwitz und OS Schönfeld-Weißig;Umbau;2019;10;18
41 Loschwitz/Wachwitz;StB 4 Loschwitz/OS Schönfeld-Weißig;07 StB Loschwitz und OS Schönfeld-Weißig;Umbau;2020;3;4
41 Loschwitz/Wachwitz;StB 4 Loschwitz/OS Schönfeld-Weißig;07 StB Loschwitz und OS Schönfeld-Weißig;Umbau;2021;11;16
41 Loschwitz/Wachwitz;StB 4 Loschwitz/OS Schönfeld-Weißig;07 StB Loschwitz und OS Schönfeld-Weißig;Umbau;2022;6;17
41 Loschwitz/Wachwitz;StB 4 Loschwitz/OS Schönfeld-Weißig;07 StB Loschwitz und OS Schönfeld-Weißig;Umbau;2023;7;36
41 Loschwitz/Wachwitz;StB 4 Loschwitz/OS Schönfeld-Weißig;07 StB Loschwitz und OS Schönfeld-Weißig;Umbau;2024;6;12
41 Loschwitz/Wachwitz;StB 4 Loschwitz/OS Schönfeld-Weißig;07 StB Loschwitz und OS Schönfeld-Weißig;Umbau;2025;8;14
41 Loschwitz/Wachwitz;StB 4 Loschwitz/OS Schönfeld-Weißig;07 StB Loschwitz und OS Schönfeld-Weißig;Umbau;2026;5;19
42 Bühlau/Weißer Hirsch;StB 4 Loschwitz/OS Schönfeld-Weißig;07 StB Loschwitz und OS Schönfeld-Weißig;Neubau;1992;20;34
42 Bühlau/Weißer Hirsch;StB 4 Loschwitz/OS Schönfeld-Weißig;07 StB Loschwitz und OS Schönfeld-Weißig;Neubau;1993;30;155
42 Bühlau/Weißer Hirsch;StB 4 Loschwitz/OS Schönfeld-Weißig;07 StB Loschwitz und OS Schönfeld-Weißig;Neubau;1994;29;122
42 Bühlau/Weißer Hirsch;StB 4 Loschwitz/OS Schönfeld-Weißig;07 StB Loschwitz und OS Schönfeld-Weißig;Neubau;1995;44;207
42 Bühlau/Weißer Hirsch;StB 4 Loschwitz/OS Schönfeld-Weißig;07 StB Loschwitz und OS Schönfeld-Weißig;Neubau;1996;35;158
42 Bühlau/Weißer Hirsch;StB 4 Loschwitz/OS Schönfeld-Weißig;07 StB Loschwitz und OS Schönfeld-Weißig;Neubau;1997;36;144
42 Bühlau/Weißer Hirsch;StB 4 Loschwitz/OS Schönfeld-Weißig;07 StB Loschwitz und OS Schönfeld-Weißig;Neubau;1998;22;51
42 Bühlau/Weißer Hirsch;StB 4 Loschwitz/OS Schönfeld-Weißig;07 StB Loschwitz und OS Schönfeld-Weißig;Neubau;1999;11;13
42 Bühlau/Weißer Hirsch;StB 4 Loschwitz/OS Schönfeld-Weißig;07 StB Loschwitz und OS Schönfeld-Weißig;Neubau;2000;13;21
42 Bühlau/Weißer Hirsch;StB 4 Loschwitz/OS Schönfeld-Weißig;07 StB Loschwitz und OS Schönfeld-Weißig;Neubau;2001;14;22
42 Bühlau/Weißer Hirsch;StB 4 Loschwitz/OS Schönfeld-Weißig;07 StB Loschwitz und OS Schönfeld-Weißig;Neubau;2002;17;19
42 Bühlau/Weißer Hirsch;StB 4 Loschwitz/OS Schönfeld-Weißig;07 StB Loschwitz und OS Schönfeld-Weißig;Neubau;2003;24;31
42 Bühlau/Weißer Hirsch;StB 4 Loschwitz/OS Schönfeld-Weißig;07 StB Loschwitz und OS Schönfeld-Weißig;Neubau;2004;28;44
42 Bühlau/Weißer Hirsch;StB 4 Loschwitz/OS Schönfeld-Weißig;07 StB Loschwitz und OS Schönfeld-Weißig;Neubau;2005;28;31
42 Bühlau/Weißer Hirsch;StB 4 Loschwitz/OS Schönfeld-Weißig;07 StB Loschwitz und OS Schönfeld-Weißig;Neubau;2006;24;25
42 Bühlau/Weißer Hirsch;StB 4 Loschwitz/OS Schönfeld-Weißig;07 StB Loschwitz und OS Schönfeld-Weißig;Neubau;2007;19;29
42 Bühlau/Weißer Hirsch;StB 4 Loschwitz/OS Schönfeld-Weißig;07 StB Loschwitz und OS Schönfeld-Weißig;Neubau;2008;20;27
42 Bühlau/Weißer Hirsch;StB 4 Loschwitz/OS Schönfeld-Weißig;07 StB Loschwitz und OS Schönfeld-Weißig;Neubau;2009;20;26
42 Bühlau/Weißer Hirsch;StB 4 Loschwitz/OS Schönfeld-Weißig;07 StB Loschwitz und OS Schönfeld-Weißig;Neubau;2010;13;12
42 Bühlau/Weißer Hirsch;StB 4 Loschwitz/OS Schönfeld-Weißig;07 StB Loschwitz und OS Schönfeld-Weißig;Neubau;2011;21;26
42 Bühlau/Weißer Hirsch;StB 4 Loschwitz/OS Schönfeld-Weißig;07 StB Loschwitz und OS Schönfeld-Weißig;Neubau;2012;11;8
42 Bühlau/Weißer Hirsch;StB 4 Loschwitz/OS Schönfeld-Weißig;07 StB Loschwitz und OS Schönfeld-Weißig;Neubau;2013;18;51
42 Bühlau/Weißer Hirsch;StB 4 Loschwitz/OS Schönfeld-Weißig;07 StB Loschwitz und OS Schönfeld-Weißig;Neubau;2014;31;37
42 Bühlau/Weißer Hirsch;StB 4 Loschwitz/OS Schönfeld-Weißig;07 StB Loschwitz und OS Schönfeld-Weißig;Neubau;2015;6;3
42 Bühlau/Weißer Hirsch;StB 4 Loschwitz/OS Schönfeld-Weißig;07 StB Loschwitz und OS Schönfeld-Weißig;Neubau;2016;8;10
42 Bühlau/Weißer Hirsch;StB 4 Loschwitz/OS Schönfeld-Weißig;07 StB Loschwitz und OS Schönfeld-Weißig;Neubau;2017;17;31
42 Bühlau/Weißer Hirsch;StB 4 Loschwitz/OS Schönfeld-Weißig;07 StB Loschwitz und OS Schönfeld-Weißig;Neubau;2018;15;21
42 Bühlau/Weißer Hirsch;StB 4 Loschwitz/OS Schönfeld-Weißig;07 StB Loschwitz und OS Schönfeld-Weißig;Neubau;2019;8;5
42 Bühlau/Weißer Hirsch;StB 4 Loschwitz/OS Schönfeld-Weißig;07 StB Loschwitz und OS Schönfeld-Weißig;Neubau;2020;9;19
42 Bühlau/Weißer Hirsch;StB 4 Loschwitz/OS Schönfeld-Weißig;07 StB Loschwitz und OS Schönfeld-Weißig;Neubau;2021;8;13
42 Bühlau/Weißer Hirsch;StB 4 Loschwitz/OS Schönfeld-Weißig;07 StB Loschwitz und OS Schönfeld-Weißig;Neubau;2022;5;6
42 Bühlau/Weißer Hirsch;StB 4 Loschwitz/OS Schönfeld-Weißig;07 StB Loschwitz und OS Schönfeld-Weißig;Neubau;2023;11;15
42 Bühlau/Weißer Hirsch;StB 4 Loschwitz/OS Schönfeld-Weißig;07 StB Loschwitz und OS Schönfeld-Weißig;Neubau;2024;6;7
42 Bühlau/Weißer Hirsch;StB 4 Loschwitz/OS Schönfeld-Weißig;07 StB Loschwitz und OS Schönfeld-Weißig;Neubau;2025;4;9
42 Bühlau/Weißer Hirsch;StB 4 Loschwitz/OS Schönfeld-Weißig;07 StB Loschwitz und OS Schönfeld-Weißig;Neubau;2026;1;1
42 Bühlau/Weißer Hirsch;StB 4 Loschwitz/OS Schönfeld-Weißig;07 StB Loschwitz und OS Schönfeld-Weißig;Umbau;1992;8;10
42 Bühlau/Weißer Hirsch;StB 4 Loschwitz/OS Schönfeld-Weißig;07 StB Loschwitz und OS Schönfeld-Weißig;Umbau;1993;21;39
42 Bühlau/Weißer Hirsch;StB 4 Loschwitz/OS Schönfeld-Weißig;07 StB Loschwitz und OS Schönfeld-Weißig;Umbau;1994;14;37
42 Bühlau/Weißer Hirsch;StB 4 Loschwitz/OS Schönfeld-Weißig;07 StB Loschwitz und OS Schönfeld-Weißig;Umbau;1995;17;51
42 Bühlau/Weißer Hirsch;StB 4 Loschwitz/OS Schönfeld-Weißig;07 StB Loschwitz und OS Schönfeld-Weißig;Umbau;1996;34;102
42 Bühlau/Weißer Hirsch;StB 4 Loschwitz/OS Schönfeld-Weißig;07 StB Loschwitz und OS Schönfeld-Weißig;Umbau;1997;38;184
42 Bühlau/Weißer Hirsch;StB 4 Loschwitz/OS Schönfeld-Weißig;07 StB Loschwitz und OS Schönfeld-Weißig;Umbau;1998;59;284
42 Bühlau/Weißer Hirsch;StB 4 Loschwitz/OS Schönfeld-Weißig;07 StB Loschwitz und OS Schönfeld-Weißig;Umbau;1999;44;176
42 Bühlau/Weißer Hirsch;StB 4 Loschwitz/OS Schönfeld-Weißig;07 StB Loschwitz und OS Schönfeld-Weißig;Umbau;2000;28;83
42 Bühlau/Weißer Hirsch;StB 4 Loschwitz/OS Schönfeld-Weißig;07 StB Loschwitz und OS Schönfeld-Weißig;Umbau;2001;18;47
42 Bühlau/Weißer Hirsch;StB 4 Loschwitz/OS Schönfeld-Weißig;07 StB Loschwitz und OS Schönfeld-Weißig;Umbau;2002;15;38
42 Bühlau/Weißer Hirsch;StB 4 Loschwitz/OS Schönfeld-Weißig;07 StB Loschwitz und OS Schönfeld-Weißig;Umbau;2003;18;71
42 Bühlau/Weißer Hirsch;StB 4 Loschwitz/OS Schönfeld-Weißig;07 StB Loschwitz und OS Schönfeld-Weißig;Umbau;2004;31;73
42 Bühlau/Weißer Hirsch;StB 4 Loschwitz/OS Schönfeld-Weißig;07 StB Loschwitz und OS Schönfeld-Weißig;Umbau;2005;30;70
42 Bühlau/Weißer Hirsch;StB 4 Loschwitz/OS Schönfeld-Weißig;07 StB Loschwitz und OS Schönfeld-Weißig;Umbau;2006;25;63
42 Bühlau/Weißer Hirsch;StB 4 Loschwitz/OS Schönfeld-Weißig;07 StB Loschwitz und OS Schönfeld-Weißig;Umbau;2007;14;33
42 Bühlau/Weißer Hirsch;StB 4 Loschwitz/OS Schönfeld-Weißig;07 StB Loschwitz und OS Schönfeld-Weißig;Umbau;2008;22;92
42 Bühlau/Weißer Hirsch;StB 4 Loschwitz/OS Schönfeld-Weißig;07 StB Loschwitz und OS Schönfeld-Weißig;Umbau;2009;13;28
42 Bühlau/Weißer Hirsch;StB 4 Loschwitz/OS Schönfeld-Weißig;07 StB Loschwitz und OS Schönfeld-Weißig;Umbau;2010;18;55
42 Bühlau/Weißer Hirsch;StB 4 Loschwitz/OS Schönfeld-Weißig;07 StB Loschwitz und OS Schönfeld-Weißig;Umbau;2011;17;35
42 Bühlau/Weißer Hirsch;StB 4 Loschwitz/OS Schönfeld-Weißig;07 StB Loschwitz und OS Schönfeld-Weißig;Umbau;2012;24;56
42 Bühlau/Weißer Hirsch;StB 4 Loschwitz/OS Schönfeld-Weißig;07 StB Loschwitz und OS Schönfeld-Weißig;Umbau;2013;29;82
42 Bühlau/Weißer Hirsch;StB 4 Loschwitz/OS Schönfeld-Weißig;07 StB Loschwitz und OS Schönfeld-Weißig;Umbau;2014;16;33
42 Bühlau/Weißer Hirsch;StB 4 Loschwitz/OS Schönfeld-Weißig;07 StB Loschwitz und OS Schönfeld-Weißig;Umbau;2015;14;79
42 Bühlau/Weißer Hirsch;StB 4 Loschwitz/OS Schönfeld-Weißig;07 StB Loschwitz und OS Schönfeld-Weißig;Umbau;2016;15;36
42 Bühlau/Weißer Hirsch;StB 4 Loschwitz/OS Schönfeld-Weißig;07 StB Loschwitz und OS Schönfeld-Weißig;Umbau;2017;24;72
42 Bühlau/Weißer Hirsch;StB 4 Loschwitz/OS Schönfeld-Weißig;07 StB Loschwitz und OS Schönfeld-Weißig;Umbau;2018;34;119
42 Bühlau/Weißer Hirsch;StB 4 Loschwitz/OS Schönfeld-Weißig;07 StB Loschwitz und OS Schönfeld-Weißig;Umbau;2019;21;70
42 Bühlau/Weißer Hirsch;StB 4 Loschwitz/OS Schönfeld-Weißig;07 StB Loschwitz und OS Schönfeld-Weißig;Umbau;2020;13;25
42 Bühlau/Weißer Hirsch;StB 4 Loschwitz/OS Schönfeld-Weißig;07 StB Loschwitz und OS Schönfeld-Weißig;Umbau;2021;18;32
42 Bühlau/Weißer Hirsch;StB 4 Loschwitz/OS Schönfeld-Weißig;07 StB Loschwitz und OS Schönfeld-Weißig;Umbau;2022;14;33
42 Bühlau/Weißer Hirsch;StB 4 Loschwitz/OS Schönfeld-Weißig;07 StB Loschwitz und OS Schönfeld-Weißig;Umbau;2023;10;16
42 Bühlau/Weißer Hirsch;StB 4 Loschwitz/OS Schönfeld-Weißig;07 StB Loschwitz und OS Schönfeld-Weißig;Umbau;2024;17;38
42 Bühlau/Weißer Hirsch;StB 4 Loschwitz/OS Schönfeld-Weißig;07 StB Loschwitz und OS Schönfeld-Weißig;Umbau;2025;17;36
42 Bühlau/Weißer Hirsch;StB 4 Loschwitz/OS Schönfeld-Weißig;07 StB Loschwitz und OS Schönfeld-Weißig;Umbau;2026;4;13
43 Hosterwitz/Pillnitz;StB 4 Loschwitz/OS Schönfeld-Weißig;07 StB Loschwitz und OS Schönfeld-Weißig;Neubau;1992;4;4
43 Hosterwitz/Pillnitz;StB 4 Loschwitz/OS Schönfeld-Weißig;07 StB Loschwitz und OS Schönfeld-Weißig;Neubau;1993;12;20
43 Hosterwitz/Pillnitz;StB 4 Loschwitz/OS Schönfeld-Weißig;07 StB Loschwitz und OS Schönfeld-Weißig;Neubau;1994;17;36
43 Hosterwitz/Pillnitz;StB 4 Loschwitz/OS Schönfeld-Weißig;07 StB Loschwitz und OS Schönfeld-Weißig;Neubau;1995;30;101
43 Hosterwitz/Pillnitz;StB 4 Loschwitz/OS Schönfeld-Weißig;07 StB Loschwitz und OS Schönfeld-Weißig;Neubau;1996;16;23
43 Hosterwitz/Pillnitz;StB 4 Loschwitz/OS Schönfeld-Weißig;07 StB Loschwitz und OS Schönfeld-Weißig;Neubau;1997;12;29
43 Hosterwitz/Pillnitz;StB 4 Loschwitz/OS Schönfeld-Weißig;07 StB Loschwitz und OS Schönfeld-Weißig;Neubau;1998;16;16
43 Hosterwitz/Pillnitz;StB 4 Loschwitz/OS Schönfeld-Weißig;07 StB Loschwitz und OS Schönfeld-Weißig;Neubau;1999;16;18
43 Hosterwitz/Pillnitz;StB 4 Loschwitz/OS Schönfeld-Weißig;07 StB Loschwitz und OS Schönfeld-Weißig;Neubau;2000;17;26
43 Hosterwitz/Pillnitz;StB 4 Loschwitz/OS Schönfeld-Weißig;07 StB Loschwitz und OS Schönfeld-Weißig;Neubau;2001;2;1
43 Hosterwitz/Pillnitz;StB 4 Loschwitz/OS Schönfeld-Weißig;07 StB Loschwitz und OS Schönfeld-Weißig;Neubau;2002;3;4
43 Hosterwitz/Pillnitz;StB 4 Loschwitz/OS Schönfeld-Weißig;07 StB Loschwitz und OS Schönfeld-Weißig;Neubau;2003;8;5
43 Hosterwitz/Pillnitz;StB 4 Loschwitz/OS Schönfeld-Weißig;07 StB Loschwitz und OS Schönfeld-Weißig;Neubau;2004;6;6
43 Hosterwitz/Pillnitz;StB 4 Loschwitz/OS Schönfeld-Weißig;07 StB Loschwitz und OS Schönfeld-Weißig;Neubau;2005;10;36
43 Hosterwitz/Pillnitz;StB 4 Loschwitz/OS Schönfeld-Weißig;07 StB Loschwitz und OS Schönfeld-Weißig;Neubau;2006;16;17
43 Hosterwitz/Pillnitz;StB 4 Loschwitz/OS Schönfeld-Weißig;07 StB Loschwitz und OS Schönfeld-Weißig;Neubau;2007;6;5
43 Hosterwitz/Pillnitz;StB 4 Loschwitz/OS Schönfeld-Weißig;07 StB Loschwitz und OS Schönfeld-Weißig;Neubau;2008;10;12
43 Hosterwitz/Pillnitz;StB 4 Loschwitz/OS Schönfeld-Weißig;07 StB Loschwitz und OS Schönfeld-Weißig;Neubau;2009;6;6
43 Hosterwitz/Pillnitz;StB 4 Loschwitz/OS Schönfeld-Weißig;07 StB Loschwitz und OS Schönfeld-Weißig;Neubau;2010;11;12
43 Hosterwitz/Pillnitz;StB 4 Loschwitz/OS Schönfeld-Weißig;07 StB Loschwitz und OS Schönfeld-Weißig;Neubau;2011;7;6
43 Hosterwitz/Pillnitz;StB 4 Loschwitz/OS Schönfeld-Weißig;07 StB Loschwitz und OS Schönfeld-Weißig;Neubau;2012;5;4
43 Hosterwitz/Pillnitz;StB 4 Loschwitz/OS Schönfeld-Weißig;07 StB Loschwitz und OS Schönfeld-Weißig;Neubau;2013;1;1
43 Hosterwitz/Pillnitz;StB 4 Loschwitz/OS Schönfeld-Weißig;07 StB Loschwitz und OS Schönfeld-Weißig;Neubau;2014;5;6
43 Hosterwitz/Pillnitz;StB 4 Loschwitz/OS Schönfeld-Weißig;07 StB Loschwitz und OS Schönfeld-Weißig;Neubau;2015;4;4
43 Hosterwitz/Pillnitz;StB 4 Loschwitz/OS Schönfeld-Weißig;07 StB Loschwitz und OS Schönfeld-Weißig;Neubau;2016;6;5
43 Hosterwitz/Pillnitz;StB 4 Loschwitz/OS Schönfeld-Weißig;07 StB Loschwitz und OS Schönfeld-Weißig;Neubau;2017;8;5
43 Hosterwitz/Pillnitz;StB 4 Loschwitz/OS Schönfeld-Weißig;07 StB Loschwitz und OS Schönfeld-Weißig;Neubau;2018;7;9
43 Hosterwitz/Pillnitz;StB 4 Loschwitz/OS Schönfeld-Weißig;07 StB Loschwitz und OS Schönfeld-Weißig;Neubau;2019;5;5
43 Hosterwitz/Pillnitz;StB 4 Loschwitz/OS Schönfeld-Weißig;07 StB Loschwitz und OS Schönfeld-Weißig;Neubau;2020;2;3
43 Hosterwitz/Pillnitz;StB 4 Loschwitz/OS Schönfeld-Weißig;07 StB Loschwitz und OS Schönfeld-Weißig;Neubau;2021;7;6
43 Hosterwitz/Pillnitz;StB 4 Loschwitz/OS Schönfeld-Weißig;07 StB Loschwitz und OS Schönfeld-Weißig;Neubau;2022;7;8
43 Hosterwitz/Pillnitz;StB 4 Loschwitz/OS Schönfeld-Weißig;07 StB Loschwitz und OS Schönfeld-Weißig;Neubau;2023;5;5
43 Hosterwitz/Pillnitz;StB 4 Loschwitz/OS Schönfeld-Weißig;07 StB Loschwitz und OS Schönfeld-Weißig;Neubau;2024;3;1
43 Hosterwitz/Pillnitz;StB 4 Loschwitz/OS Schönfeld-Weißig;07 StB Loschwitz und OS Schönfeld-Weißig;Neubau;2025;3;4
43 Hosterwitz/Pillnitz;StB 4 Loschwitz/OS Schönfeld-Weißig;07 StB Loschwitz und OS Schönfeld-Weißig;Umbau;1993;10;10
43 Hosterwitz/Pillnitz;StB 4 Loschwitz/OS Schönfeld-Weißig;07 StB Loschwitz und OS Schönfeld-Weißig;Umbau;1994;4;16
43 Hosterwitz/Pillnitz;StB 4 Loschwitz/OS Schönfeld-Weißig;07 StB Loschwitz und OS Schönfeld-Weißig;Umbau;1995;3;6
43 Hosterwitz/Pillnitz;StB 4 Loschwitz/OS Schönfeld-Weißig;07 StB Loschwitz und OS Schönfeld-Weißig;Umbau;1996;5;18
43 Hosterwitz/Pillnitz;StB 4 Loschwitz/OS Schönfeld-Weißig;07 StB Loschwitz und OS Schönfeld-Weißig;Umbau;1997;9;28
43 Hosterwitz/Pillnitz;StB 4 Loschwitz/OS Schönfeld-Weißig;07 StB Loschwitz und OS Schönfeld-Weißig;Umbau;1998;14;27
43 Hosterwitz/Pillnitz;StB 4 Loschwitz/OS Schönfeld-Weißig;07 StB Loschwitz und OS Schönfeld-Weißig;Umbau;1999;12;26
43 Hosterwitz/Pillnitz;StB 4 Loschwitz/OS Schönfeld-Weißig;07 StB Loschwitz und OS Schönfeld-Weißig;Umbau;2000;13;32
43 Hosterwitz/Pillnitz;StB 4 Loschwitz/OS Schönfeld-Weißig;07 StB Loschwitz und OS Schönfeld-Weißig;Umbau;2001;5;8
43 Hosterwitz/Pillnitz;StB 4 Loschwitz/OS Schönfeld-Weißig;07 StB Loschwitz und OS Schönfeld-Weißig;Umbau;2002;6;18
43 Hosterwitz/Pillnitz;StB 4 Loschwitz/OS Schönfeld-Weißig;07 StB Loschwitz und OS Schönfeld-Weißig;Umbau;2003;9;16
43 Hosterwitz/Pillnitz;StB 4 Loschwitz/OS Schönfeld-Weißig;07 StB Loschwitz und OS Schönfeld-Weißig;Umbau;2004;14;26
43 Hosterwitz/Pillnitz;StB 4 Loschwitz/OS Schönfeld-Weißig;07 StB Loschwitz und OS Schönfeld-Weißig;Umbau;2005;8;21
43 Hosterwitz/Pillnitz;StB 4 Loschwitz/OS Schönfeld-Weißig;07 StB Loschwitz und OS Schönfeld-Weißig;Umbau;2006;6;10
43 Hosterwitz/Pillnitz;StB 4 Loschwitz/OS Schönfeld-Weißig;07 StB Loschwitz und OS Schönfeld-Weißig;Umbau;2007;10;21
43 Hosterwitz/Pillnitz;StB 4 Loschwitz/OS Schönfeld-Weißig;07 StB Loschwitz und OS Schönfeld-Weißig;Umbau;2008;9;10
43 Hosterwitz/Pillnitz;StB 4 Loschwitz/OS Schönfeld-Weißig;07 StB Loschwitz und OS Schönfeld-Weißig;Umbau;2009;8;24
43 Hosterwitz/Pillnitz;StB 4 Loschwitz/OS Schönfeld-Weißig;07 StB Loschwitz und OS Schönfeld-Weißig;Umbau;2010;7;9
43 Hosterwitz/Pillnitz;StB 4 Loschwitz/OS Schönfeld-Weißig;07 StB Loschwitz und OS Schönfeld-Weißig;Umbau;2011;4;5
43 Hosterwitz/Pillnitz;StB 4 Loschwitz/OS Schönfeld-Weißig;07 StB Loschwitz und OS Schönfeld-Weißig;Umbau;2012;6;15
43 Hosterwitz/Pillnitz;StB 4 Loschwitz/OS Schönfeld-Weißig;07 StB Loschwitz und OS Schönfeld-Weißig;Umbau;2013;7;21
43 Hosterwitz/Pillnitz;StB 4 Loschwitz/OS Schönfeld-Weißig;07 StB Loschwitz und OS Schönfeld-Weißig;Umbau;2014;11;19
43 Hosterwitz/Pillnitz;StB 4 Loschwitz/OS Schönfeld-Weißig;07 StB Loschwitz und OS Schönfeld-Weißig;Umbau;2015;9;10
43 Hosterwitz/Pillnitz;StB 4 Loschwitz/OS Schönfeld-Weißig;07 StB Loschwitz und OS Schönfeld-Weißig;Umbau;2016;5;31
43 Hosterwitz/Pillnitz;StB 4 Loschwitz/OS Schönfeld-Weißig;07 StB Loschwitz und OS Schönfeld-Weißig;Umbau;2017;9;17
43 Hosterwitz/Pillnitz;StB 4 Loschwitz/OS Schönfeld-Weißig;07 StB Loschwitz und OS Schönfeld-Weißig;Umbau;2018;5;7
43 Hosterwitz/Pillnitz;StB 4 Loschwitz/OS Schönfeld-Weißig;07 StB Loschwitz und OS Schönfeld-Weißig;Umbau;2019;8;14
43 Hosterwitz/Pillnitz;StB 4 Loschwitz/OS Schönfeld-Weißig;07 StB Loschwitz und OS Schönfeld-Weißig;Umbau;2020;5;19
43 Hosterwitz/Pillnitz;StB 4 Loschwitz/OS Schönfeld-Weißig;07 StB Loschwitz und OS Schönfeld-Weißig;Umbau;2021;8;11
43 Hosterwitz/Pillnitz;StB 4 Loschwitz/OS Schönfeld-Weißig;07 StB Loschwitz und OS Schönfeld-Weißig;Umbau;2022;4;4
43 Hosterwitz/Pillnitz;StB 4 Loschwitz/OS Schönfeld-Weißig;07 StB Loschwitz und OS Schönfeld-Weißig;Umbau;2023;8;5
43 Hosterwitz/Pillnitz;StB 4 Loschwitz/OS Schönfeld-Weißig;07 StB Loschwitz und OS Schönfeld-Weißig;Umbau;2024;5;9
43 Hosterwitz/Pillnitz;StB 4 Loschwitz/OS Schönfeld-Weißig;07 StB Loschwitz und OS Schönfeld-Weißig;Umbau;2025;4;6
43 Hosterwitz/Pillnitz;StB 4 Loschwitz/OS Schönfeld-Weißig;07 StB Loschwitz und OS Schönfeld-Weißig;Umbau;2026;3;4
45 Weißig;StB 4 Loschwitz/OS Schönfeld-Weißig;07 StB Loschwitz und OS Schönfeld-Weißig;Neubau;1999;32;32
45 Weißig;StB 4 Loschwitz/OS Schönfeld-Weißig;07 StB Loschwitz und OS Schönfeld-Weißig;Neubau;2000;24;29
45 Weißig;StB 4 Loschwitz/OS Schönfeld-Weißig;07 StB Loschwitz und OS Schönfeld-Weißig;Neubau;2001;9;10
45 Weißig;StB 4 Loschwitz/OS Schönfeld-Weißig;07 StB Loschwitz und OS Schönfeld-Weißig;Neubau;2002;14;14
45 Weißig;StB 4 Loschwitz/OS Schönfeld-Weißig;07 StB Loschwitz und OS Schönfeld-Weißig;Neubau;2003;10;8
45 Weißig;StB 4 Loschwitz/OS Schönfeld-Weißig;07 StB Loschwitz und OS Schönfeld-Weißig;Neubau;2004;16;15
45 Weißig;StB 4 Loschwitz/OS Schönfeld-Weißig;07 StB Loschwitz und OS Schönfeld-Weißig;Neubau;2005;23;21
45 Weißig;StB 4 Loschwitz/OS Schönfeld-Weißig;07 StB Loschwitz und OS Schönfeld-Weißig;Neubau;2006;16;17
45 Weißig;StB 4 Loschwitz/OS Schönfeld-Weißig;07 StB Loschwitz und OS Schönfeld-Weißig;Neubau;2007;10;7
45 Weißig;StB 4 Loschwitz/OS Schönfeld-Weißig;07 StB Loschwitz und OS Schönfeld-Weißig;Neubau;2008;7;6
45 Weißig;StB 4 Loschwitz/OS Schönfeld-Weißig;07 StB Loschwitz und OS Schönfeld-Weißig;Neubau;2009;5;4
45 Weißig;StB 4 Loschwitz/OS Schönfeld-Weißig;07 StB Loschwitz und OS Schönfeld-Weißig;Neubau;2010;25;22
45 Weißig;StB 4 Loschwitz/OS Schönfeld-Weißig;07 StB Loschwitz und OS Schönfeld-Weißig;Neubau;2011;27;24
45 Weißig;StB 4 Loschwitz/OS Schönfeld-Weißig;07 StB Loschwitz und OS Schönfeld-Weißig;Neubau;2012;32;31
45 Weißig;StB 4 Loschwitz/OS Schönfeld-Weißig;07 StB Loschwitz und OS Schönfeld-Weißig;Neubau;2013;7;4
45 Weißig;StB 4 Loschwitz/OS Schönfeld-Weißig;07 StB Loschwitz und OS Schönfeld-Weißig;Neubau;2014;8;6
45 Weißig;StB 4 Loschwitz/OS Schönfeld-Weißig;07 StB Loschwitz und OS Schönfeld-Weißig;Neubau;2015;13;11
45 Weißig;StB 4 Loschwitz/OS Schönfeld-Weißig;07 StB Loschwitz und OS Schönfeld-Weißig;Neubau;2016;14;13
45 Weißig;StB 4 Loschwitz/OS Schönfeld-Weißig;07 StB Loschwitz und OS Schönfeld-Weißig;Neubau;2017;6;5
45 Weißig;StB 4 Loschwitz/OS Schönfeld-Weißig;07 StB Loschwitz und OS Schönfeld-Weißig;Neubau;2018;5;6
45 Weißig;StB 4 Loschwitz/OS Schönfeld-Weißig;07 StB Loschwitz und OS Schönfeld-Weißig;Neubau;2019;7;4
45 Weißig;StB 4 Loschwitz/OS Schönfeld-Weißig;07 StB Loschwitz und OS Schönfeld-Weißig;Neubau;2020;6;38
45 Weißig;StB 4 Loschwitz/OS Schönfeld-Weißig;07 StB Loschwitz und OS Schönfeld-Weißig;Neubau;2021;8;5
45 Weißig;StB 4 Loschwitz/OS Schönfeld-Weißig;07 StB Loschwitz und OS Schönfeld-Weißig;Neubau;2022;7;8
45 Weißig;StB 4 Loschwitz/OS Schönfeld-Weißig;07 StB Loschwitz und OS Schönfeld-Weißig;Neubau;2023;7;8
45 Weißig;StB 4 Loschwitz/OS Schönfeld-Weißig;07 StB Loschwitz und OS Schönfeld-Weißig;Neubau;2025;5;6
45 Weißig;StB 4 Loschwitz/OS Schönfeld-Weißig;07 StB Loschwitz und OS Schönfeld-Weißig;Neubau;2026;1;1
45 Weißig;StB 4 Loschwitz/OS Schönfeld-Weißig;07 StB Loschwitz und OS Schönfeld-Weißig;Umbau;1999;5;7
45 Weißig;StB 4 Loschwitz/OS Schönfeld-Weißig;07 StB Loschwitz und OS Schönfeld-Weißig;Umbau;2000;5;6
45 Weißig;StB 4 Loschwitz/OS Schönfeld-Weißig;07 StB Loschwitz und OS Schönfeld-Weißig;Umbau;2001;1;2
45 Weißig;StB 4 Loschwitz/OS Schönfeld-Weißig;07 StB Loschwitz und OS Schönfeld-Weißig;Umbau;2002;6;7
45 Weißig;StB 4 Loschwitz/OS Schönfeld-Weißig;07 StB Loschwitz und OS Schönfeld-Weißig;Umbau;2003;2;2
45 Weißig;StB 4 Loschwitz/OS Schönfeld-Weißig;07 StB Loschwitz und OS Schönfeld-Weißig;Umbau;2004;6;5
45 Weißig;StB 4 Loschwitz/OS Schönfeld-Weißig;07 StB Loschwitz und OS Schönfeld-Weißig;Umbau;2005;4;5
45 Weißig;StB 4 Loschwitz/OS Schönfeld-Weißig;07 StB Loschwitz und OS Schönfeld-Weißig;Umbau;2006;3;11
45 Weißig;StB 4 Loschwitz/OS Schönfeld-Weißig;07 StB Loschwitz und OS Schönfeld-Weißig;Umbau;2007;3;5
45 Weißig;StB 4 Loschwitz/OS Schönfeld-Weißig;07 StB Loschwitz und OS Schönfeld-Weißig;Umbau;2008;5;3
45 Weißig;StB 4 Loschwitz/OS Schönfeld-Weißig;07 StB Loschwitz und OS Schönfeld-Weißig;Umbau;2009;4;5
45 Weißig;StB 4 Loschwitz/OS Schönfeld-Weißig;07 StB Loschwitz und OS Schönfeld-Weißig;Umbau;2010;3;6
45 Weißig;StB 4 Loschwitz/OS Schönfeld-Weißig;07 StB Loschwitz und OS Schönfeld-Weißig;Umbau;2011;2;2
45 Weißig;StB 4 Loschwitz/OS Schönfeld-Weißig;07 StB Loschwitz und OS Schönfeld-Weißig;Umbau;2012;5;4
45 Weißig;StB 4 Loschwitz/OS Schönfeld-Weißig;07 StB Loschwitz und OS Schönfeld-Weißig;Umbau;2013;6;13
45 Weißig;StB 4 Loschwitz/OS Schönfeld-Weißig;07 StB Loschwitz und OS Schönfeld-Weißig;Umbau;2014;6;5
45 Weißig;StB 4 Loschwitz/OS Schönfeld-Weißig;07 StB Loschwitz und OS Schönfeld-Weißig;Umbau;2015;8;6
45 Weißig;StB 4 Loschwitz/OS Schönfeld-Weißig;07 StB Loschwitz und OS Schönfeld-Weißig;Umbau;2016;4;4
45 Weißig;StB 4 Loschwitz/OS Schönfeld-Weißig;07 StB Loschwitz und OS Schönfeld-Weißig;Umbau;2017;6;7
45 Weißig;StB 4 Loschwitz/OS Schönfeld-Weißig;07 StB Loschwitz und OS Schönfeld-Weißig;Umbau;2018;5;9
45 Weißig;StB 4 Loschwitz/OS Schönfeld-Weißig;07 StB Loschwitz und OS Schönfeld-Weißig;Umbau;2019;6;17
45 Weißig;StB 4 Loschwitz/OS Schönfeld-Weißig;07 StB Loschwitz und OS Schönfeld-Weißig;Umbau;2020;2;7
45 Weißig;StB 4 Loschwitz/OS Schönfeld-Weißig;07 StB Loschwitz und OS Schönfeld-Weißig;Umbau;2021;8;9
45 Weißig;StB 4 Loschwitz/OS Schönfeld-Weißig;07 StB Loschwitz und OS Schönfeld-Weißig;Umbau;2022;3;3
45 Weißig;StB 4 Loschwitz/OS Schönfeld-Weißig;07 StB Loschwitz und OS Schönfeld-Weißig;Umbau;2024;6;10
45 Weißig;StB 4 Loschwitz/OS Schönfeld-Weißig;07 StB Loschwitz und OS Schönfeld-Weißig;Umbau;2025;3;6
45 Weißig;StB 4 Loschwitz/OS Schönfeld-Weißig;07 StB Loschwitz und OS Schönfeld-Weißig;Umbau;2026;4;10
46 Gönnsdorf/Pappritz;StB 4 Loschwitz/OS Schönfeld-Weißig;07 StB Loschwitz und OS Schönfeld-Weißig;Neubau;1999;63;68
46 Gönnsdorf/Pappritz;StB 4 Loschwitz/OS Schönfeld-Weißig;07 StB Loschwitz und OS Schönfeld-Weißig;Neubau;2000;35;40
46 Gönnsdorf/Pappritz;StB 4 Loschwitz/OS Schönfeld-Weißig;07 StB Loschwitz und OS Schönfeld-Weißig;Neubau;2001;17;18
46 Gönnsdorf/Pappritz;StB 4 Loschwitz/OS Schönfeld-Weißig;07 StB Loschwitz und OS Schönfeld-Weißig;Neubau;2002;28;28
46 Gönnsdorf/Pappritz;StB 4 Loschwitz/OS Schönfeld-Weißig;07 StB Loschwitz und OS Schönfeld-Weißig;Neubau;2003;21;28
46 Gönnsdorf/Pappritz;StB 4 Loschwitz/OS Schönfeld-Weißig;07 StB Loschwitz und OS Schönfeld-Weißig;Neubau;2004;18;26
46 Gönnsdorf/Pappritz;StB 4 Loschwitz/OS Schönfeld-Weißig;07 StB Loschwitz und OS Schönfeld-Weißig;Neubau;2005;23;24
46 Gönnsdorf/Pappritz;StB 4 Loschwitz/OS Schönfeld-Weißig;07 StB Loschwitz und OS Schönfeld-Weißig;Neubau;2006;23;24
46 Gönnsdorf/Pappritz;StB 4 Loschwitz/OS Schönfeld-Weißig;07 StB Loschwitz und OS Schönfeld-Weißig;Neubau;2007;18;19
46 Gönnsdorf/Pappritz;StB 4 Loschwitz/OS Schönfeld-Weißig;07 StB Loschwitz und OS Schönfeld-Weißig;Neubau;2008;18;15
46 Gönnsdorf/Pappritz;StB 4 Loschwitz/OS Schönfeld-Weißig;07 StB Loschwitz und OS Schönfeld-Weißig;Neubau;2009;15;16
46 Gönnsdorf/Pappritz;StB 4 Loschwitz/OS Schönfeld-Weißig;07 StB Loschwitz und OS Schönfeld-Weißig;Neubau;2010;14;14
46 Gönnsdorf/Pappritz;StB 4 Loschwitz/OS Schönfeld-Weißig;07 StB Loschwitz und OS Schönfeld-Weißig;Neubau;2011;21;21
46 Gönnsdorf/Pappritz;StB 4 Loschwitz/OS Schönfeld-Weißig;07 StB Loschwitz und OS Schönfeld-Weißig;Neubau;2012;27;26
46 Gönnsdorf/Pappritz;StB 4 Loschwitz/OS Schönfeld-Weißig;07 StB Loschwitz und OS Schönfeld-Weißig;Neubau;2013;15;15
46 Gönnsdorf/Pappritz;StB 4 Loschwitz/OS Schönfeld-Weißig;07 StB Loschwitz und OS Schönfeld-Weißig;Neubau;2014;11;13
46 Gönnsdorf/Pappritz;StB 4 Loschwitz/OS Schönfeld-Weißig;07 StB Loschwitz und OS Schönfeld-Weißig;Neubau;2015;13;12
46 Gönnsdorf/Pappritz;StB 4 Loschwitz/OS Schönfeld-Weißig;07 StB Loschwitz und OS Schönfeld-Weißig;Neubau;2016;3;2
46 Gönnsdorf/Pappritz;StB 4 Loschwitz/OS Schönfeld-Weißig;07 StB Loschwitz und OS Schönfeld-Weißig;Neubau;2017;5;5
46 Gönnsdorf/Pappritz;StB 4 Loschwitz/OS Schönfeld-Weißig;07 StB Loschwitz und OS Schönfeld-Weißig;Neubau;2018;8;11
46 Gönnsdorf/Pappritz;StB 4 Loschwitz/OS Schönfeld-Weißig;07 StB Loschwitz und OS Schönfeld-Weißig;Neubau;2019;7;9
46 Gönnsdorf/Pappritz;StB 4 Loschwitz/OS Schönfeld-Weißig;07 StB Loschwitz und OS Schönfeld-Weißig;Neubau;2020;2;2
46 Gönnsdorf/Pappritz;StB 4 Loschwitz/OS Schönfeld-Weißig;07 StB Loschwitz und OS Schönfeld-Weißig;Neubau;2021;10;9
46 Gönnsdorf/Pappritz;StB 4 Loschwitz/OS Schönfeld-Weißig;07 StB Loschwitz und OS Schönfeld-Weißig;Neubau;2022;13;13
46 Gönnsdorf/Pappritz;StB 4 Loschwitz/OS Schönfeld-Weißig;07 StB Loschwitz und OS Schönfeld-Weißig;Neubau;2023;5;5
46 Gönnsdorf/Pappritz;StB 4 Loschwitz/OS Schönfeld-Weißig;07 StB Loschwitz und OS Schönfeld-Weißig;Neubau;2024;5;10
46 Gönnsdorf/Pappritz;StB 4 Loschwitz/OS Schönfeld-Weißig;07 StB Loschwitz und OS Schönfeld-Weißig;Neubau;2025;5;5
46 Gönnsdorf/Pappritz;StB 4 Loschwitz/OS Schönfeld-Weißig;07 StB Loschwitz und OS Schönfeld-Weißig;Umbau;1999;4;10
46 Gönnsdorf/Pappritz;StB 4 Loschwitz/OS Schönfeld-Weißig;07 StB Loschwitz und OS Schönfeld-Weißig;Umbau;2000;1;1
46 Gönnsdorf/Pappritz;StB 4 Loschwitz/OS Schönfeld-Weißig;07 StB Loschwitz und OS Schönfeld-Weißig;Umbau;2001;4;6
46 Gönnsdorf/Pappritz;StB 4 Loschwitz/OS Schönfeld-Weißig;07 StB Loschwitz und OS Schönfeld-Weißig;Umbau;2002;5;8
46 Gönnsdorf/Pappritz;StB 4 Loschwitz/OS Schönfeld-Weißig;07 StB Loschwitz und OS Schönfeld-Weißig;Umbau;2003;4;4
46 Gönnsdorf/Pappritz;StB 4 Loschwitz/OS Schönfeld-Weißig;07 StB Loschwitz und OS Schönfeld-Weißig;Umbau;2004;3;4
46 Gönnsdorf/Pappritz;StB 4 Loschwitz/OS Schönfeld-Weißig;07 StB Loschwitz und OS Schönfeld-Weißig;Umbau;2005;3;5
46 Gönnsdorf/Pappritz;StB 4 Loschwitz/OS Schönfeld-Weißig;07 StB Loschwitz und OS Schönfeld-Weißig;Umbau;2006;6;7
46 Gönnsdorf/Pappritz;StB 4 Loschwitz/OS Schönfeld-Weißig;07 StB Loschwitz und OS Schönfeld-Weißig;Umbau;2007;7;8
46 Gönnsdorf/Pappritz;StB 4 Loschwitz/OS Schönfeld-Weißig;07 StB Loschwitz und OS Schönfeld-Weißig;Umbau;2008;3;3
46 Gönnsdorf/Pappritz;StB 4 Loschwitz/OS Schönfeld-Weißig;07 StB Loschwitz und OS Schönfeld-Weißig;Umbau;2009;1;1
46 Gönnsdorf/Pappritz;StB 4 Loschwitz/OS Schönfeld-Weißig;07 StB Loschwitz und OS Schönfeld-Weißig;Umbau;2010;5;4
46 Gönnsdorf/Pappritz;StB 4 Loschwitz/OS Schönfeld-Weißig;07 StB Loschwitz und OS Schönfeld-Weißig;Umbau;2011;5;5
46 Gönnsdorf/Pappritz;StB 4 Loschwitz/OS Schönfeld-Weißig;07 StB Loschwitz und OS Schönfeld-Weißig;Umbau;2012;4;5
46 Gönnsdorf/Pappritz;StB 4 Loschwitz/OS Schönfeld-Weißig;07 StB Loschwitz und OS Schönfeld-Weißig;Umbau;2013;2;3
46 Gönnsdorf/Pappritz;StB 4 Loschwitz/OS Schönfeld-Weißig;07 StB Loschwitz und OS Schönfeld-Weißig;Umbau;2014;6;19
46 Gönnsdorf/Pappritz;StB 4 Loschwitz/OS Schönfeld-Weißig;07 StB Loschwitz und OS Schönfeld-Weißig;Umbau;2015;9;10
46 Gönnsdorf/Pappritz;StB 4 Loschwitz/OS Schönfeld-Weißig;07 StB Loschwitz und OS Schönfeld-Weißig;Umbau;2016;7;9
46 Gönnsdorf/Pappritz;StB 4 Loschwitz/OS Schönfeld-Weißig;07 StB Loschwitz und OS Schönfeld-Weißig;Umbau;2017;4;4
46 Gönnsdorf/Pappritz;StB 4 Loschwitz/OS Schönfeld-Weißig;07 StB Loschwitz und OS Schönfeld-Weißig;Umbau;2018;4;4
46 Gönnsdorf/Pappritz;StB 4 Loschwitz/OS Schönfeld-Weißig;07 StB Loschwitz und OS Schönfeld-Weißig;Umbau;2019;1;6
46 Gönnsdorf/Pappritz;StB 4 Loschwitz/OS Schönfeld-Weißig;07 StB Loschwitz und OS Schönfeld-Weißig;Umbau;2020;6;8
46 Gönnsdorf/Pappritz;StB 4 Loschwitz/OS Schönfeld-Weißig;07 StB Loschwitz und OS Schönfeld-Weißig;Umbau;2021;5;7
46 Gönnsdorf/Pappritz;StB 4 Loschwitz/OS Schönfeld-Weißig;07 StB Loschwitz und OS Schönfeld-Weißig;Umbau;2022;6;9
46 Gönnsdorf/Pappritz;StB 4 Loschwitz/OS Schönfeld-Weißig;07 StB Loschwitz und OS Schönfeld-Weißig;Umbau;2023;3;3
46 Gönnsdorf/Pappritz;StB 4 Loschwitz/OS Schönfeld-Weißig;07 StB Loschwitz und OS Schönfeld-Weißig;Umbau;2024;4;3
46 Gönnsdorf/Pappritz;StB 4 Loschwitz/OS Schönfeld-Weißig;07 StB Loschwitz und OS Schönfeld-Weißig;Umbau;2025;4;14
46 Gönnsdorf/Pappritz;StB 4 Loschwitz/OS Schönfeld-Weißig;07 StB Loschwitz und OS Schönfeld-Weißig;Umbau;2026;3;6
47 Schönfeld/Schullwitz;StB 4 Loschwitz/OS Schönfeld-Weißig;07 StB Loschwitz und OS Schönfeld-Weißig;Neubau;1999;32;31
47 Schönfeld/Schullwitz;StB 4 Loschwitz/OS Schönfeld-Weißig;07 StB Loschwitz und OS Schönfeld-Weißig;Neubau;2000;14;15
47 Schönfeld/Schullwitz;StB 4 Loschwitz/OS Schönfeld-Weißig;07 StB Loschwitz und OS Schönfeld-Weißig;Neubau;2001;12;14
47 Schönfeld/Schullwitz;StB 4 Loschwitz/OS Schönfeld-Weißig;07 StB Loschwitz und OS Schönfeld-Weißig;Neubau;2002;11;9
47 Schönfeld/Schullwitz;StB 4 Loschwitz/OS Schönfeld-Weißig;07 StB Loschwitz und OS Schönfeld-Weißig;Neubau;2003;12;8
47 Schönfeld/Schullwitz;StB 4 Loschwitz/OS Schönfeld-Weißig;07 StB Loschwitz und OS Schönfeld-Weißig;Neubau;2004;9;9
47 Schönfeld/Schullwitz;StB 4 Loschwitz/OS Schönfeld-Weißig;07 StB Loschwitz und OS Schönfeld-Weißig;Neubau;2005;10;8
47 Schönfeld/Schullwitz;StB 4 Loschwitz/OS Schönfeld-Weißig;07 StB Loschwitz und OS Schönfeld-Weißig;Neubau;2006;13;11
47 Schönfeld/Schullwitz;StB 4 Loschwitz/OS Schönfeld-Weißig;07 StB Loschwitz und OS Schönfeld-Weißig;Neubau;2007;12;8
47 Schönfeld/Schullwitz;StB 4 Loschwitz/OS Schönfeld-Weißig;07 StB Loschwitz und OS Schönfeld-Weißig;Neubau;2008;10;7
47 Schönfeld/Schullwitz;StB 4 Loschwitz/OS Schönfeld-Weißig;07 StB Loschwitz und OS Schönfeld-Weißig;Neubau;2009;6;4
47 Schönfeld/Schullwitz;StB 4 Loschwitz/OS Schönfeld-Weißig;07 StB Loschwitz und OS Schönfeld-Weißig;Neubau;2010;8;6
47 Schönfeld/Schullwitz;StB 4 Loschwitz/OS Schönfeld-Weißig;07 StB Loschwitz und OS Schönfeld-Weißig;Neubau;2011;9;3
47 Schönfeld/Schullwitz;StB 4 Loschwitz/OS Schönfeld-Weißig;07 StB Loschwitz und OS Schönfeld-Weißig;Neubau;2012;7;4
47 Schönfeld/Schullwitz;StB 4 Loschwitz/OS Schönfeld-Weißig;07 StB Loschwitz und OS Schönfeld-Weißig;Neubau;2013;12;38
47 Schönfeld/Schullwitz;StB 4 Loschwitz/OS Schönfeld-Weißig;07 StB Loschwitz und OS Schönfeld-Weißig;Neubau;2014;5;5
47 Schönfeld/Schullwitz;StB 4 Loschwitz/OS Schönfeld-Weißig;07 StB Loschwitz und OS Schönfeld-Weißig;Neubau;2015;7;7
47 Schönfeld/Schullwitz;StB 4 Loschwitz/OS Schönfeld-Weißig;07 StB Loschwitz und OS Schönfeld-Weißig;Neubau;2016;10;9
47 Schönfeld/Schullwitz;StB 4 Loschwitz/OS Schönfeld-Weißig;07 StB Loschwitz und OS Schönfeld-Weißig;Neubau;2017;28;26
47 Schönfeld/Schullwitz;StB 4 Loschwitz/OS Schönfeld-Weißig;07 StB Loschwitz und OS Schönfeld-Weißig;Neubau;2018;9;7
47 Schönfeld/Schullwitz;StB 4 Loschwitz/OS Schönfeld-Weißig;07 StB Loschwitz und OS Schönfeld-Weißig;Neubau;2019;7;6
47 Schönfeld/Schullwitz;StB 4 Loschwitz/OS Schönfeld-Weißig;07 StB Loschwitz und OS Schönfeld-Weißig;Neubau;2020;5;4
47 Schönfeld/Schullwitz;StB 4 Loschwitz/OS Schönfeld-Weißig;07 StB Loschwitz und OS Schönfeld-Weißig;Neubau;2021;10;5
47 Schönfeld/Schullwitz;StB 4 Loschwitz/OS Schönfeld-Weißig;07 StB Loschwitz und OS Schönfeld-Weißig;Neubau;2022;8;7
47 Schönfeld/Schullwitz;StB 4 Loschwitz/OS Schönfeld-Weißig;07 StB Loschwitz und OS Schönfeld-Weißig;Neubau;2023;1;0
47 Schönfeld/Schullwitz;StB 4 Loschwitz/OS Schönfeld-Weißig;07 StB Loschwitz und OS Schönfeld-Weißig;Neubau;2024;2;0
47 Schönfeld/Schullwitz;StB 4 Loschwitz/OS Schönfeld-Weißig;07 StB Loschwitz und OS Schönfeld-Weißig;Neubau;2025;3;1
47 Schönfeld/Schullwitz;StB 4 Loschwitz/OS Schönfeld-Weißig;07 StB Loschwitz und OS Schönfeld-Weißig;Neubau;2026;5;1
47 Schönfeld/Schullwitz;StB 4 Loschwitz/OS Schönfeld-Weißig;07 StB Loschwitz und OS Schönfeld-Weißig;Umbau;1999;4;3
47 Schönfeld/Schullwitz;StB 4 Loschwitz/OS Schönfeld-Weißig;07 StB Loschwitz und OS Schönfeld-Weißig;Umbau;2000;4;4
47 Schönfeld/Schullwitz;StB 4 Loschwitz/OS Schönfeld-Weißig;07 StB Loschwitz und OS Schönfeld-Weißig;Umbau;2001;7;9
47 Schönfeld/Schullwitz;StB 4 Loschwitz/OS Schönfeld-Weißig;07 StB Loschwitz und OS Schönfeld-Weißig;Umbau;2002;9;15
47 Schönfeld/Schullwitz;StB 4 Loschwitz/OS Schönfeld-Weißig;07 StB Loschwitz und OS Schönfeld-Weißig;Umbau;2003;9;12
47 Schönfeld/Schullwitz;StB 4 Loschwitz/OS Schönfeld-Weißig;07 StB Loschwitz und OS Schönfeld-Weißig;Umbau;2004;7;9
47 Schönfeld/Schullwitz;StB 4 Loschwitz/OS Schönfeld-Weißig;07 StB Loschwitz und OS Schönfeld-Weißig;Umbau;2005;12;11
47 Schönfeld/Schullwitz;StB 4 Loschwitz/OS Schönfeld-Weißig;07 StB Loschwitz und OS Schönfeld-Weißig;Umbau;2006;8;7
47 Schönfeld/Schullwitz;StB 4 Loschwitz/OS Schönfeld-Weißig;07 StB Loschwitz und OS Schönfeld-Weißig;Umbau;2007;5;6
47 Schönfeld/Schullwitz;StB 4 Loschwitz/OS Schönfeld-Weißig;07 StB Loschwitz und OS Schönfeld-Weißig;Umbau;2008;10;13
47 Schönfeld/Schullwitz;StB 4 Loschwitz/OS Schönfeld-Weißig;07 StB Loschwitz und OS Schönfeld-Weißig;Umbau;2009;5;3
47 Schönfeld/Schullwitz;StB 4 Loschwitz/OS Schönfeld-Weißig;07 StB Loschwitz und OS Schönfeld-Weißig;Umbau;2010;6;35
47 Schönfeld/Schullwitz;StB 4 Loschwitz/OS Schönfeld-Weißig;07 StB Loschwitz und OS Schönfeld-Weißig;Umbau;2011;11;12
47 Schönfeld/Schullwitz;StB 4 Loschwitz/OS Schönfeld-Weißig;07 StB Loschwitz und OS Schönfeld-Weißig;Umbau;2012;6;7
47 Schönfeld/Schullwitz;StB 4 Loschwitz/OS Schönfeld-Weißig;07 StB Loschwitz und OS Schönfeld-Weißig;Umbau;2013;9;7
47 Schönfeld/Schullwitz;StB 4 Loschwitz/OS Schönfeld-Weißig;07 StB Loschwitz und OS Schönfeld-Weißig;Umbau;2015;2;2
47 Schönfeld/Schullwitz;StB 4 Loschwitz/OS Schönfeld-Weißig;07 StB Loschwitz und OS Schönfeld-Weißig;Umbau;2016;4;6
47 Schönfeld/Schullwitz;StB 4 Loschwitz/OS Schönfeld-Weißig;07 StB Loschwitz und OS Schönfeld-Weißig;Umbau;2017;10;18
47 Schönfeld/Schullwitz;StB 4 Loschwitz/OS Schönfeld-Weißig;07 StB Loschwitz und OS Schönfeld-Weißig;Umbau;2018;9;7
47 Schönfeld/Schullwitz;StB 4 Loschwitz/OS Schönfeld-Weißig;07 StB Loschwitz und OS Schönfeld-Weißig;Umbau;2019;5;5
47 Schönfeld/Schullwitz;StB 4 Loschwitz/OS Schönfeld-Weißig;07 StB Loschwitz und OS Schönfeld-Weißig;Umbau;2020;12;24
47 Schönfeld/Schullwitz;StB 4 Loschwitz/OS Schönfeld-Weißig;07 StB Loschwitz und OS Schönfeld-Weißig;Umbau;2021;3;3
47 Schönfeld/Schullwitz;StB 4 Loschwitz/OS Schönfeld-Weißig;07 StB Loschwitz und OS Schönfeld-Weißig;Umbau;2022;3;4
47 Schönfeld/Schullwitz;StB 4 Loschwitz/OS Schönfeld-Weißig;07 StB Loschwitz und OS Schönfeld-Weißig;Umbau;2023;11;19
47 Schönfeld/Schullwitz;StB 4 Loschwitz/OS Schönfeld-Weißig;07 StB Loschwitz und OS Schönfeld-Weißig;Umbau;2024;6;23
47 Schönfeld/Schullwitz;StB 4 Loschwitz/OS Schönfeld-Weißig;07 StB Loschwitz und OS Schönfeld-Weißig;Umbau;2025;2;2
47 Schönfeld/Schullwitz;StB 4 Loschwitz/OS Schönfeld-Weißig;07 StB Loschwitz und OS Schönfeld-Weißig;Umbau;2026;1;1
51 Blasewitz;StB 5 Blasewitz;08 Blasewitz, Striesen;Neubau;1992;8;45
51 Blasewitz;StB 5 Blasewitz;08 Blasewitz, Striesen;Neubau;1993;10;80
51 Blasewitz;StB 5 Blasewitz;08 Blasewitz, Striesen;Neubau;1994;36;259
51 Blasewitz;StB 5 Blasewitz;08 Blasewitz, Striesen;Neubau;1995;21;197
51 Blasewitz;StB 5 Blasewitz;08 Blasewitz, Striesen;Neubau;1996;47;477
51 Blasewitz;StB 5 Blasewitz;08 Blasewitz, Striesen;Neubau;1997;13;86
51 Blasewitz;StB 5 Blasewitz;08 Blasewitz, Striesen;Neubau;1998;13;99
51 Blasewitz;StB 5 Blasewitz;08 Blasewitz, Striesen;Neubau;1999;23;75
51 Blasewitz;StB 5 Blasewitz;08 Blasewitz, Striesen;Neubau;2000;13;27
51 Blasewitz;StB 5 Blasewitz;08 Blasewitz, Striesen;Neubau;2001;7;29
51 Blasewitz;StB 5 Blasewitz;08 Blasewitz, Striesen;Neubau;2002;6;16
51 Blasewitz;StB 5 Blasewitz;08 Blasewitz, Striesen;Neubau;2003;6;8
51 Blasewitz;StB 5 Blasewitz;08 Blasewitz, Striesen;Neubau;2004;16;27
51 Blasewitz;StB 5 Blasewitz;08 Blasewitz, Striesen;Neubau;2005;7;20
51 Blasewitz;StB 5 Blasewitz;08 Blasewitz, Striesen;Neubau;2006;17;30
51 Blasewitz;StB 5 Blasewitz;08 Blasewitz, Striesen;Neubau;2007;4;4
51 Blasewitz;StB 5 Blasewitz;08 Blasewitz, Striesen;Neubau;2008;10;42
51 Blasewitz;StB 5 Blasewitz;08 Blasewitz, Striesen;Neubau;2009;6;21
51 Blasewitz;StB 5 Blasewitz;08 Blasewitz, Striesen;Neubau;2010;7;8
51 Blasewitz;StB 5 Blasewitz;08 Blasewitz, Striesen;Neubau;2011;6;4
51 Blasewitz;StB 5 Blasewitz;08 Blasewitz, Striesen;Neubau;2012;13;59
51 Blasewitz;StB 5 Blasewitz;08 Blasewitz, Striesen;Neubau;2013;7;25
51 Blasewitz;StB 5 Blasewitz;08 Blasewitz, Striesen;Neubau;2014;9;38
51 Blasewitz;StB 5 Blasewitz;08 Blasewitz, Striesen;Neubau;2015;5;21
51 Blasewitz;StB 5 Blasewitz;08 Blasewitz, Striesen;Neubau;2016;3;9
51 Blasewitz;StB 5 Blasewitz;08 Blasewitz, Striesen;Neubau;2017;1;6
51 Blasewitz;StB 5 Blasewitz;08 Blasewitz, Striesen;Neubau;2018;6;61
51 Blasewitz;StB 5 Blasewitz;08 Blasewitz, Striesen;Neubau;2019;1;22
51 Blasewitz;StB 5 Blasewitz;08 Blasewitz, Striesen;Neubau;2020;2;19
51 Blasewitz;StB 5 Blasewitz;08 Blasewitz, Striesen;Neubau;2021;5;15
51 Blasewitz;StB 5 Blasewitz;08 Blasewitz, Striesen;Neubau;2022;4;10
51 Blasewitz;StB 5 Blasewitz;08 Blasewitz, Striesen;Neubau;2023;4;29
51 Blasewitz;StB 5 Blasewitz;08 Blasewitz, Striesen;Neubau;2024;1;0
51 Blasewitz;StB 5 Blasewitz;08 Blasewitz, Striesen;Neubau;2026;2;8
51 Blasewitz;StB 5 Blasewitz;08 Blasewitz, Striesen;Umbau;1992;1;6
51 Blasewitz;StB 5 Blasewitz;08 Blasewitz, Striesen;Umbau;1993;16;88
51 Blasewitz;StB 5 Blasewitz;08 Blasewitz, Striesen;Umbau;1994;14;45
51 Blasewitz;StB 5 Blasewitz;08 Blasewitz, Striesen;Umbau;1995;17;65
51 Blasewitz;StB 5 Blasewitz;08 Blasewitz, Striesen;Umbau;1996;45;240
51 Blasewitz;StB 5 Blasewitz;08 Blasewitz, Striesen;Umbau;1997;21;118
51 Blasewitz;StB 5 Blasewitz;08 Blasewitz, Striesen;Umbau;1998;25;158
51 Blasewitz;StB 5 Blasewitz;08 Blasewitz, Striesen;Umbau;1999;39;202
51 Blasewitz;StB 5 Blasewitz;08 Blasewitz, Striesen;Umbau;2000;17;93
51 Blasewitz;StB 5 Blasewitz;08 Blasewitz, Striesen;Umbau;2001;17;94
51 Blasewitz;StB 5 Blasewitz;08 Blasewitz, Striesen;Umbau;2002;9;44
51 Blasewitz;StB 5 Blasewitz;08 Blasewitz, Striesen;Umbau;2003;18;61
51 Blasewitz;StB 5 Blasewitz;08 Blasewitz, Striesen;Umbau;2004;10;39
51 Blasewitz;StB 5 Blasewitz;08 Blasewitz, Striesen;Umbau;2005;16;49
51 Blasewitz;StB 5 Blasewitz;08 Blasewitz, Striesen;Umbau;2006;14;49
51 Blasewitz;StB 5 Blasewitz;08 Blasewitz, Striesen;Umbau;2007;10;41
51 Blasewitz;StB 5 Blasewitz;08 Blasewitz, Striesen;Umbau;2008;17;59
51 Blasewitz;StB 5 Blasewitz;08 Blasewitz, Striesen;Umbau;2009;20;96
51 Blasewitz;StB 5 Blasewitz;08 Blasewitz, Striesen;Umbau;2010;30;268
51 Blasewitz;StB 5 Blasewitz;08 Blasewitz, Striesen;Umbau;2011;12;45
51 Blasewitz;StB 5 Blasewitz;08 Blasewitz, Striesen;Umbau;2012;17;52
51 Blasewitz;StB 5 Blasewitz;08 Blasewitz, Striesen;Umbau;2013;12;57
51 Blasewitz;StB 5 Blasewitz;08 Blasewitz, Striesen;Umbau;2014;15;41
51 Blasewitz;StB 5 Blasewitz;08 Blasewitz, Striesen;Umbau;2015;11;51
51 Blasewitz;StB 5 Blasewitz;08 Blasewitz, Striesen;Umbau;2016;10;34
51 Blasewitz;StB 5 Blasewitz;08 Blasewitz, Striesen;Umbau;2017;12;35
51 Blasewitz;StB 5 Blasewitz;08 Blasewitz, Striesen;Umbau;2018;11;44
51 Blasewitz;StB 5 Blasewitz;08 Blasewitz, Striesen;Umbau;2019;5;6
51 Blasewitz;StB 5 Blasewitz;08 Blasewitz, Striesen;Umbau;2020;4;11
51 Blasewitz;StB 5 Blasewitz;08 Blasewitz, Striesen;Umbau;2021;7;36
51 Blasewitz;StB 5 Blasewitz;08 Blasewitz, Striesen;Umbau;2022;9;40
51 Blasewitz;StB 5 Blasewitz;08 Blasewitz, Striesen;Umbau;2023;4;9
51 Blasewitz;StB 5 Blasewitz;08 Blasewitz, Striesen;Umbau;2024;8;32
51 Blasewitz;StB 5 Blasewitz;08 Blasewitz, Striesen;Umbau;2025;12;24
51 Blasewitz;StB 5 Blasewitz;08 Blasewitz, Striesen;Umbau;2026;5;21
52 Striesen-Ost;StB 5 Blasewitz;08 Blasewitz, Striesen;Neubau;1992;2;9
52 Striesen-Ost;StB 5 Blasewitz;08 Blasewitz, Striesen;Neubau;1993;9;99
52 Striesen-Ost;StB 5 Blasewitz;08 Blasewitz, Striesen;Neubau;1994;16;211
52 Striesen-Ost;StB 5 Blasewitz;08 Blasewitz, Striesen;Neubau;1995;3;34
52 Striesen-Ost;StB 5 Blasewitz;08 Blasewitz, Striesen;Neubau;1996;14;117
52 Striesen-Ost;StB 5 Blasewitz;08 Blasewitz, Striesen;Neubau;1997;8;89
52 Striesen-Ost;StB 5 Blasewitz;08 Blasewitz, Striesen;Neubau;1998;7;61
52 Striesen-Ost;StB 5 Blasewitz;08 Blasewitz, Striesen;Neubau;1999;5;34
52 Striesen-Ost;StB 5 Blasewitz;08 Blasewitz, Striesen;Neubau;2000;5;31
52 Striesen-Ost;StB 5 Blasewitz;08 Blasewitz, Striesen;Neubau;2002;2;2
52 Striesen-Ost;StB 5 Blasewitz;08 Blasewitz, Striesen;Neubau;2003;3;26
52 Striesen-Ost;StB 5 Blasewitz;08 Blasewitz, Striesen;Neubau;2004;3;10
52 Striesen-Ost;StB 5 Blasewitz;08 Blasewitz, Striesen;Neubau;2005;9;9
52 Striesen-Ost;StB 5 Blasewitz;08 Blasewitz, Striesen;Neubau;2006;7;49
52 Striesen-Ost;StB 5 Blasewitz;08 Blasewitz, Striesen;Neubau;2007;14;36
52 Striesen-Ost;StB 5 Blasewitz;08 Blasewitz, Striesen;Neubau;2008;10;36
52 Striesen-Ost;StB 5 Blasewitz;08 Blasewitz, Striesen;Neubau;2009;15;28
52 Striesen-Ost;StB 5 Blasewitz;08 Blasewitz, Striesen;Neubau;2010;6;45
52 Striesen-Ost;StB 5 Blasewitz;08 Blasewitz, Striesen;Neubau;2011;13;60
52 Striesen-Ost;StB 5 Blasewitz;08 Blasewitz, Striesen;Neubau;2012;6;39
52 Striesen-Ost;StB 5 Blasewitz;08 Blasewitz, Striesen;Neubau;2013;4;38
52 Striesen-Ost;StB 5 Blasewitz;08 Blasewitz, Striesen;Neubau;2014;35;266
52 Striesen-Ost;StB 5 Blasewitz;08 Blasewitz, Striesen;Neubau;2015;3;32
52 Striesen-Ost;StB 5 Blasewitz;08 Blasewitz, Striesen;Neubau;2016;2;14
52 Striesen-Ost;StB 5 Blasewitz;08 Blasewitz, Striesen;Neubau;2018;4;52
52 Striesen-Ost;StB 5 Blasewitz;08 Blasewitz, Striesen;Neubau;2019;6;69
52 Striesen-Ost;StB 5 Blasewitz;08 Blasewitz, Striesen;Neubau;2020;1;19
52 Striesen-Ost;StB 5 Blasewitz;08 Blasewitz, Striesen;Neubau;2021;1;0
52 Striesen-Ost;StB 5 Blasewitz;08 Blasewitz, Striesen;Neubau;2024;5;38
52 Striesen-Ost;StB 5 Blasewitz;08 Blasewitz, Striesen;Neubau;2025;8;145
52 Striesen-Ost;StB 5 Blasewitz;08 Blasewitz, Striesen;Umbau;1992;4;16
52 Striesen-Ost;StB 5 Blasewitz;08 Blasewitz, Striesen;Umbau;1993;12;70
52 Striesen-Ost;StB 5 Blasewitz;08 Blasewitz, Striesen;Umbau;1994;9;66
52 Striesen-Ost;StB 5 Blasewitz;08 Blasewitz, Striesen;Umbau;1995;12;118
52 Striesen-Ost;StB 5 Blasewitz;08 Blasewitz, Striesen;Umbau;1996;37;378
52 Striesen-Ost;StB 5 Blasewitz;08 Blasewitz, Striesen;Umbau;1997;57;626
52 Striesen-Ost;StB 5 Blasewitz;08 Blasewitz, Striesen;Umbau;1998;50;605
52 Striesen-Ost;StB 5 Blasewitz;08 Blasewitz, Striesen;Umbau;1999;51;472
52 Striesen-Ost;StB 5 Blasewitz;08 Blasewitz, Striesen;Umbau;2000;32;444
52 Striesen-Ost;StB 5 Blasewitz;08 Blasewitz, Striesen;Umbau;2001;15;93
52 Striesen-Ost;StB 5 Blasewitz;08 Blasewitz, Striesen;Umbau;2002;12;81
52 Striesen-Ost;StB 5 Blasewitz;08 Blasewitz, Striesen;Umbau;2003;7;50
52 Striesen-Ost;StB 5 Blasewitz;08 Blasewitz, Striesen;Umbau;2004;7;70
52 Striesen-Ost;StB 5 Blasewitz;08 Blasewitz, Striesen;Umbau;2005;15;128
52 Striesen-Ost;StB 5 Blasewitz;08 Blasewitz, Striesen;Umbau;2006;13;72
52 Striesen-Ost;StB 5 Blasewitz;08 Blasewitz, Striesen;Umbau;2007;9;47
52 Striesen-Ost;StB 5 Blasewitz;08 Blasewitz, Striesen;Umbau;2008;12;111
52 Striesen-Ost;StB 5 Blasewitz;08 Blasewitz, Striesen;Umbau;2009;9;53
52 Striesen-Ost;StB 5 Blasewitz;08 Blasewitz, Striesen;Umbau;2010;3;36
52 Striesen-Ost;StB 5 Blasewitz;08 Blasewitz, Striesen;Umbau;2011;15;199
52 Striesen-Ost;StB 5 Blasewitz;08 Blasewitz, Striesen;Umbau;2012;13;108
52 Striesen-Ost;StB 5 Blasewitz;08 Blasewitz, Striesen;Umbau;2013;8;53
52 Striesen-Ost;StB 5 Blasewitz;08 Blasewitz, Striesen;Umbau;2014;3;41
52 Striesen-Ost;StB 5 Blasewitz;08 Blasewitz, Striesen;Umbau;2015;9;57
52 Striesen-Ost;StB 5 Blasewitz;08 Blasewitz, Striesen;Umbau;2016;4;55
52 Striesen-Ost;StB 5 Blasewitz;08 Blasewitz, Striesen;Umbau;2017;6;85
52 Striesen-Ost;StB 5 Blasewitz;08 Blasewitz, Striesen;Umbau;2018;11;179
52 Striesen-Ost;StB 5 Blasewitz;08 Blasewitz, Striesen;Umbau;2019;6;120
52 Striesen-Ost;StB 5 Blasewitz;08 Blasewitz, Striesen;Umbau;2020;10;178
52 Striesen-Ost;StB 5 Blasewitz;08 Blasewitz, Striesen;Umbau;2021;2;24
52 Striesen-Ost;StB 5 Blasewitz;08 Blasewitz, Striesen;Umbau;2022;7;44
52 Striesen-Ost;StB 5 Blasewitz;08 Blasewitz, Striesen;Umbau;2023;6;62
52 Striesen-Ost;StB 5 Blasewitz;08 Blasewitz, Striesen;Umbau;2024;7;46
52 Striesen-Ost;StB 5 Blasewitz;08 Blasewitz, Striesen;Umbau;2025;2;22
52 Striesen-Ost;StB 5 Blasewitz;08 Blasewitz, Striesen;Umbau;2026;2;23
53 Striesen-Süd;StB 5 Blasewitz;08 Blasewitz, Striesen;Neubau;1992;3;1
53 Striesen-Süd;StB 5 Blasewitz;08 Blasewitz, Striesen;Neubau;1993;9;56
53 Striesen-Süd;StB 5 Blasewitz;08 Blasewitz, Striesen;Neubau;1994;7;51
53 Striesen-Süd;StB 5 Blasewitz;08 Blasewitz, Striesen;Neubau;1995;15;154
53 Striesen-Süd;StB 5 Blasewitz;08 Blasewitz, Striesen;Neubau;1996;3;20
53 Striesen-Süd;StB 5 Blasewitz;08 Blasewitz, Striesen;Neubau;1997;1;11
53 Striesen-Süd;StB 5 Blasewitz;08 Blasewitz, Striesen;Neubau;1998;12;199
53 Striesen-Süd;StB 5 Blasewitz;08 Blasewitz, Striesen;Neubau;1999;1;8
53 Striesen-Süd;StB 5 Blasewitz;08 Blasewitz, Striesen;Neubau;2000;1;2
53 Striesen-Süd;StB 5 Blasewitz;08 Blasewitz, Striesen;Neubau;2001;1;0
53 Striesen-Süd;StB 5 Blasewitz;08 Blasewitz, Striesen;Neubau;2003;1;0
53 Striesen-Süd;StB 5 Blasewitz;08 Blasewitz, Striesen;Neubau;2004;1;0
53 Striesen-Süd;StB 5 Blasewitz;08 Blasewitz, Striesen;Neubau;2005;7;6
53 Striesen-Süd;StB 5 Blasewitz;08 Blasewitz, Striesen;Neubau;2006;3;2
53 Striesen-Süd;StB 5 Blasewitz;08 Blasewitz, Striesen;Neubau;2007;8;16
53 Striesen-Süd;StB 5 Blasewitz;08 Blasewitz, Striesen;Neubau;2008;2;1
53 Striesen-Süd;StB 5 Blasewitz;08 Blasewitz, Striesen;Neubau;2009;6;7
53 Striesen-Süd;StB 5 Blasewitz;08 Blasewitz, Striesen;Neubau;2010;8;28
53 Striesen-Süd;StB 5 Blasewitz;08 Blasewitz, Striesen;Neubau;2011;9;37
53 Striesen-Süd;StB 5 Blasewitz;08 Blasewitz, Striesen;Neubau;2012;5;35
53 Striesen-Süd;StB 5 Blasewitz;08 Blasewitz, Striesen;Neubau;2013;6;69
53 Striesen-Süd;StB 5 Blasewitz;08 Blasewitz, Striesen;Neubau;2014;22;261
53 Striesen-Süd;StB 5 Blasewitz;08 Blasewitz, Striesen;Neubau;2015;17;165
53 Striesen-Süd;StB 5 Blasewitz;08 Blasewitz, Striesen;Neubau;2016;20;233
53 Striesen-Süd;StB 5 Blasewitz;08 Blasewitz, Striesen;Neubau;2017;1;6
53 Striesen-Süd;StB 5 Blasewitz;08 Blasewitz, Striesen;Neubau;2018;5;55
53 Striesen-Süd;StB 5 Blasewitz;08 Blasewitz, Striesen;Neubau;2019;2;2
53 Striesen-Süd;StB 5 Blasewitz;08 Blasewitz, Striesen;Neubau;2020;3;9
53 Striesen-Süd;StB 5 Blasewitz;08 Blasewitz, Striesen;Neubau;2021;5;36
53 Striesen-Süd;StB 5 Blasewitz;08 Blasewitz, Striesen;Neubau;2022;3;3
53 Striesen-Süd;StB 5 Blasewitz;08 Blasewitz, Striesen;Neubau;2023;2;11
53 Striesen-Süd;StB 5 Blasewitz;08 Blasewitz, Striesen;Neubau;2024;1;1
53 Striesen-Süd;StB 5 Blasewitz;08 Blasewitz, Striesen;Neubau;2025;3;22
53 Striesen-Süd;StB 5 Blasewitz;08 Blasewitz, Striesen;Neubau;2026;1;8
53 Striesen-Süd;StB 5 Blasewitz;08 Blasewitz, Striesen;Umbau;1993;7;22
53 Striesen-Süd;StB 5 Blasewitz;08 Blasewitz, Striesen;Umbau;1994;10;32
53 Striesen-Süd;StB 5 Blasewitz;08 Blasewitz, Striesen;Umbau;1995;7;11
53 Striesen-Süd;StB 5 Blasewitz;08 Blasewitz, Striesen;Umbau;1996;6;55
53 Striesen-Süd;StB 5 Blasewitz;08 Blasewitz, Striesen;Umbau;1997;5;47
53 Striesen-Süd;StB 5 Blasewitz;08 Blasewitz, Striesen;Umbau;1998;17;233
53 Striesen-Süd;StB 5 Blasewitz;08 Blasewitz, Striesen;Umbau;1999;37;354
53 Striesen-Süd;StB 5 Blasewitz;08 Blasewitz, Striesen;Umbau;2000;13;137
53 Striesen-Süd;StB 5 Blasewitz;08 Blasewitz, Striesen;Umbau;2001;21;240
53 Striesen-Süd;StB 5 Blasewitz;08 Blasewitz, Striesen;Umbau;2003;3;20
53 Striesen-Süd;StB 5 Blasewitz;08 Blasewitz, Striesen;Umbau;2004;1;9
53 Striesen-Süd;StB 5 Blasewitz;08 Blasewitz, Striesen;Umbau;2005;4;23
53 Striesen-Süd;StB 5 Blasewitz;08 Blasewitz, Striesen;Umbau;2006;13;136
53 Striesen-Süd;StB 5 Blasewitz;08 Blasewitz, Striesen;Umbau;2007;4;18
53 Striesen-Süd;StB 5 Blasewitz;08 Blasewitz, Striesen;Umbau;2008;9;89
53 Striesen-Süd;StB 5 Blasewitz;08 Blasewitz, Striesen;Umbau;2009;7;60
53 Striesen-Süd;StB 5 Blasewitz;08 Blasewitz, Striesen;Umbau;2010;3;26
53 Striesen-Süd;StB 5 Blasewitz;08 Blasewitz, Striesen;Umbau;2011;2;6
53 Striesen-Süd;StB 5 Blasewitz;08 Blasewitz, Striesen;Umbau;2012;3;2
53 Striesen-Süd;StB 5 Blasewitz;08 Blasewitz, Striesen;Umbau;2013;6;42
53 Striesen-Süd;StB 5 Blasewitz;08 Blasewitz, Striesen;Umbau;2014;2;17
53 Striesen-Süd;StB 5 Blasewitz;08 Blasewitz, Striesen;Umbau;2015;13;154
53 Striesen-Süd;StB 5 Blasewitz;08 Blasewitz, Striesen;Umbau;2016;1;12
53 Striesen-Süd;StB 5 Blasewitz;08 Blasewitz, Striesen;Umbau;2018;12;136
53 Striesen-Süd;StB 5 Blasewitz;08 Blasewitz, Striesen;Umbau;2019;3;11
53 Striesen-Süd;StB 5 Blasewitz;08 Blasewitz, Striesen;Umbau;2020;12;79
53 Striesen-Süd;StB 5 Blasewitz;08 Blasewitz, Striesen;Umbau;2021;5;21
53 Striesen-Süd;StB 5 Blasewitz;08 Blasewitz, Striesen;Umbau;2022;1;17
53 Striesen-Süd;StB 5 Blasewitz;08 Blasewitz, Striesen;Umbau;2023;2;29
53 Striesen-Süd;StB 5 Blasewitz;08 Blasewitz, Striesen;Umbau;2024;4;14
53 Striesen-Süd;StB 5 Blasewitz;08 Blasewitz, Striesen;Umbau;2025;2;22
54 Striesen-West;StB 5 Blasewitz;08 Blasewitz, Striesen;Neubau;1992;2;7
54 Striesen-West;StB 5 Blasewitz;08 Blasewitz, Striesen;Neubau;1993;13;142
54 Striesen-West;StB 5 Blasewitz;08 Blasewitz, Striesen;Neubau;1994;18;231
54 Striesen-West;StB 5 Blasewitz;08 Blasewitz, Striesen;Neubau;1995;27;472
54 Striesen-West;StB 5 Blasewitz;08 Blasewitz, Striesen;Neubau;1996;37;445
54 Striesen-West;StB 5 Blasewitz;08 Blasewitz, Striesen;Neubau;1997;20;242
54 Striesen-West;StB 5 Blasewitz;08 Blasewitz, Striesen;Neubau;1998;3;7
54 Striesen-West;StB 5 Blasewitz;08 Blasewitz, Striesen;Neubau;1999;2;16
54 Striesen-West;StB 5 Blasewitz;08 Blasewitz, Striesen;Neubau;2000;3;24
54 Striesen-West;StB 5 Blasewitz;08 Blasewitz, Striesen;Neubau;2001;2;16
54 Striesen-West;StB 5 Blasewitz;08 Blasewitz, Striesen;Neubau;2002;2;7
54 Striesen-West;StB 5 Blasewitz;08 Blasewitz, Striesen;Neubau;2003;1;6
54 Striesen-West;StB 5 Blasewitz;08 Blasewitz, Striesen;Neubau;2004;4;10
54 Striesen-West;StB 5 Blasewitz;08 Blasewitz, Striesen;Neubau;2005;2;7
54 Striesen-West;StB 5 Blasewitz;08 Blasewitz, Striesen;Neubau;2006;6;2
54 Striesen-West;StB 5 Blasewitz;08 Blasewitz, Striesen;Neubau;2007;2;2
54 Striesen-West;StB 5 Blasewitz;08 Blasewitz, Striesen;Neubau;2008;5;22
54 Striesen-West;StB 5 Blasewitz;08 Blasewitz, Striesen;Neubau;2009;7;6
54 Striesen-West;StB 5 Blasewitz;08 Blasewitz, Striesen;Neubau;2010;13;71
54 Striesen-West;StB 5 Blasewitz;08 Blasewitz, Striesen;Neubau;2011;14;68
54 Striesen-West;StB 5 Blasewitz;08 Blasewitz, Striesen;Neubau;2012;9;66
54 Striesen-West;StB 5 Blasewitz;08 Blasewitz, Striesen;Neubau;2013;20;138
54 Striesen-West;StB 5 Blasewitz;08 Blasewitz, Striesen;Neubau;2014;8;114
54 Striesen-West;StB 5 Blasewitz;08 Blasewitz, Striesen;Neubau;2015;4;20
54 Striesen-West;StB 5 Blasewitz;08 Blasewitz, Striesen;Neubau;2016;2;7
54 Striesen-West;StB 5 Blasewitz;08 Blasewitz, Striesen;Neubau;2017;4;30
54 Striesen-West;StB 5 Blasewitz;08 Blasewitz, Striesen;Neubau;2018;2;35
54 Striesen-West;StB 5 Blasewitz;08 Blasewitz, Striesen;Neubau;2019;8;76
54 Striesen-West;StB 5 Blasewitz;08 Blasewitz, Striesen;Neubau;2020;3;17
54 Striesen-West;StB 5 Blasewitz;08 Blasewitz, Striesen;Neubau;2021;8;66
54 Striesen-West;StB 5 Blasewitz;08 Blasewitz, Striesen;Neubau;2023;1;0
54 Striesen-West;StB 5 Blasewitz;08 Blasewitz, Striesen;Neubau;2024;1;9
54 Striesen-West;StB 5 Blasewitz;08 Blasewitz, Striesen;Neubau;2025;2;12
54 Striesen-West;StB 5 Blasewitz;08 Blasewitz, Striesen;Umbau;1993;4;18
54 Striesen-West;StB 5 Blasewitz;08 Blasewitz, Striesen;Umbau;1994;9;54
54 Striesen-West;StB 5 Blasewitz;08 Blasewitz, Striesen;Umbau;1995;5;61
54 Striesen-West;StB 5 Blasewitz;08 Blasewitz, Striesen;Umbau;1996;12;134
54 Striesen-West;StB 5 Blasewitz;08 Blasewitz, Striesen;Umbau;1997;30;281
54 Striesen-West;StB 5 Blasewitz;08 Blasewitz, Striesen;Umbau;1998;30;327
54 Striesen-West;StB 5 Blasewitz;08 Blasewitz, Striesen;Umbau;1999;58;631
54 Striesen-West;StB 5 Blasewitz;08 Blasewitz, Striesen;Umbau;2000;46;442
54 Striesen-West;StB 5 Blasewitz;08 Blasewitz, Striesen;Umbau;2001;14;146
54 Striesen-West;StB 5 Blasewitz;08 Blasewitz, Striesen;Umbau;2002;6;44
54 Striesen-West;StB 5 Blasewitz;08 Blasewitz, Striesen;Umbau;2003;4;21
54 Striesen-West;StB 5 Blasewitz;08 Blasewitz, Striesen;Umbau;2004;4;29
54 Striesen-West;StB 5 Blasewitz;08 Blasewitz, Striesen;Umbau;2005;5;51
54 Striesen-West;StB 5 Blasewitz;08 Blasewitz, Striesen;Umbau;2006;5;53
54 Striesen-West;StB 5 Blasewitz;08 Blasewitz, Striesen;Umbau;2007;18;164
54 Striesen-West;StB 5 Blasewitz;08 Blasewitz, Striesen;Umbau;2008;9;88
54 Striesen-West;StB 5 Blasewitz;08 Blasewitz, Striesen;Umbau;2009;6;32
54 Striesen-West;StB 5 Blasewitz;08 Blasewitz, Striesen;Umbau;2010;6;32
54 Striesen-West;StB 5 Blasewitz;08 Blasewitz, Striesen;Umbau;2011;2;4
54 Striesen-West;StB 5 Blasewitz;08 Blasewitz, Striesen;Umbau;2012;12;136
54 Striesen-West;StB 5 Blasewitz;08 Blasewitz, Striesen;Umbau;2013;9;103
54 Striesen-West;StB 5 Blasewitz;08 Blasewitz, Striesen;Umbau;2014;3;33
54 Striesen-West;StB 5 Blasewitz;08 Blasewitz, Striesen;Umbau;2015;1;9
54 Striesen-West;StB 5 Blasewitz;08 Blasewitz, Striesen;Umbau;2016;3;18
54 Striesen-West;StB 5 Blasewitz;08 Blasewitz, Striesen;Umbau;2017;3;17
54 Striesen-West;StB 5 Blasewitz;08 Blasewitz, Striesen;Umbau;2018;4;26
54 Striesen-West;StB 5 Blasewitz;08 Blasewitz, Striesen;Umbau;2019;1;0
54 Striesen-West;StB 5 Blasewitz;08 Blasewitz, Striesen;Umbau;2020;11;170
54 Striesen-West;StB 5 Blasewitz;08 Blasewitz, Striesen;Umbau;2021;5;34
54 Striesen-West;StB 5 Blasewitz;08 Blasewitz, Striesen;Umbau;2022;2;11
54 Striesen-West;StB 5 Blasewitz;08 Blasewitz, Striesen;Umbau;2023;6;28
54 Striesen-West;StB 5 Blasewitz;08 Blasewitz, Striesen;Umbau;2024;4;5
54 Striesen-West;StB 5 Blasewitz;08 Blasewitz, Striesen;Umbau;2025;3;22
54 Striesen-West;StB 5 Blasewitz;08 Blasewitz, Striesen;Umbau;2026;1;23
55 Tolkewitz/Seidnitz-Nord;StB 5 Blasewitz;09 Tolkewitz, Seidnitz, Gruna;Neubau;1992;11;115
55 Tolkewitz/Seidnitz-Nord;StB 5 Blasewitz;09 Tolkewitz, Seidnitz, Gruna;Neubau;1993;2;1
55 Tolkewitz/Seidnitz-Nord;StB 5 Blasewitz;09 Tolkewitz, Seidnitz, Gruna;Neubau;1994;22;268
55 Tolkewitz/Seidnitz-Nord;StB 5 Blasewitz;09 Tolkewitz, Seidnitz, Gruna;Neubau;1995;48;399
55 Tolkewitz/Seidnitz-Nord;StB 5 Blasewitz;09 Tolkewitz, Seidnitz, Gruna;Neubau;1996;34;296
55 Tolkewitz/Seidnitz-Nord;StB 5 Blasewitz;09 Tolkewitz, Seidnitz, Gruna;Neubau;1997;16;29
55 Tolkewitz/Seidnitz-Nord;StB 5 Blasewitz;09 Tolkewitz, Seidnitz, Gruna;Neubau;1998;5;15
55 Tolkewitz/Seidnitz-Nord;StB 5 Blasewitz;09 Tolkewitz, Seidnitz, Gruna;Neubau;1999;6;4
55 Tolkewitz/Seidnitz-Nord;StB 5 Blasewitz;09 Tolkewitz, Seidnitz, Gruna;Neubau;2000;6;21
55 Tolkewitz/Seidnitz-Nord;StB 5 Blasewitz;09 Tolkewitz, Seidnitz, Gruna;Neubau;2002;4;3
55 Tolkewitz/Seidnitz-Nord;StB 5 Blasewitz;09 Tolkewitz, Seidnitz, Gruna;Neubau;2003;4;3
55 Tolkewitz/Seidnitz-Nord;StB 5 Blasewitz;09 Tolkewitz, Seidnitz, Gruna;Neubau;2004;1;1
55 Tolkewitz/Seidnitz-Nord;StB 5 Blasewitz;09 Tolkewitz, Seidnitz, Gruna;Neubau;2005;6;7
55 Tolkewitz/Seidnitz-Nord;StB 5 Blasewitz;09 Tolkewitz, Seidnitz, Gruna;Neubau;2006;3;10
55 Tolkewitz/Seidnitz-Nord;StB 5 Blasewitz;09 Tolkewitz, Seidnitz, Gruna;Neubau;2007;2;2
55 Tolkewitz/Seidnitz-Nord;StB 5 Blasewitz;09 Tolkewitz, Seidnitz, Gruna;Neubau;2008;2;2
55 Tolkewitz/Seidnitz-Nord;StB 5 Blasewitz;09 Tolkewitz, Seidnitz, Gruna;Neubau;2009;2;5
55 Tolkewitz/Seidnitz-Nord;StB 5 Blasewitz;09 Tolkewitz, Seidnitz, Gruna;Neubau;2011;2;2
55 Tolkewitz/Seidnitz-Nord;StB 5 Blasewitz;09 Tolkewitz, Seidnitz, Gruna;Neubau;2014;2;26
55 Tolkewitz/Seidnitz-Nord;StB 5 Blasewitz;09 Tolkewitz, Seidnitz, Gruna;Neubau;2015;2;14
55 Tolkewitz/Seidnitz-Nord;StB 5 Blasewitz;09 Tolkewitz, Seidnitz, Gruna;Neubau;2016;6;12
55 Tolkewitz/Seidnitz-Nord;StB 5 Blasewitz;09 Tolkewitz, Seidnitz, Gruna;Neubau;2017;1;3
55 Tolkewitz/Seidnitz-Nord;StB 5 Blasewitz;09 Tolkewitz, Seidnitz, Gruna;Neubau;2018;3;31
55 Tolkewitz/Seidnitz-Nord;StB 5 Blasewitz;09 Tolkewitz, Seidnitz, Gruna;Neubau;2019;1;8
55 Tolkewitz/Seidnitz-Nord;StB 5 Blasewitz;09 Tolkewitz, Seidnitz, Gruna;Neubau;2021;1;10
55 Tolkewitz/Seidnitz-Nord;StB 5 Blasewitz;09 Tolkewitz, Seidnitz, Gruna;Neubau;2022;2;17
55 Tolkewitz/Seidnitz-Nord;StB 5 Blasewitz;09 Tolkewitz, Seidnitz, Gruna;Neubau;2023;1;1
55 Tolkewitz/Seidnitz-Nord;StB 5 Blasewitz;09 Tolkewitz, Seidnitz, Gruna;Neubau;2024;2;0
55 Tolkewitz/Seidnitz-Nord;StB 5 Blasewitz;09 Tolkewitz, Seidnitz, Gruna;Neubau;2025;5;99
55 Tolkewitz/Seidnitz-Nord;StB 5 Blasewitz;09 Tolkewitz, Seidnitz, Gruna;Umbau;1992;2;2
55 Tolkewitz/Seidnitz-Nord;StB 5 Blasewitz;09 Tolkewitz, Seidnitz, Gruna;Umbau;1993;6;35
55 Tolkewitz/Seidnitz-Nord;StB 5 Blasewitz;09 Tolkewitz, Seidnitz, Gruna;Umbau;1994;2;17
55 Tolkewitz/Seidnitz-Nord;StB 5 Blasewitz;09 Tolkewitz, Seidnitz, Gruna;Umbau;1995;1;9
55 Tolkewitz/Seidnitz-Nord;StB 5 Blasewitz;09 Tolkewitz, Seidnitz, Gruna;Umbau;1996;9;46
55 Tolkewitz/Seidnitz-Nord;StB 5 Blasewitz;09 Tolkewitz, Seidnitz, Gruna;Umbau;1997;11;54
55 Tolkewitz/Seidnitz-Nord;StB 5 Blasewitz;09 Tolkewitz, Seidnitz, Gruna;Umbau;1998;5;40
55 Tolkewitz/Seidnitz-Nord;StB 5 Blasewitz;09 Tolkewitz, Seidnitz, Gruna;Umbau;1999;23;178
55 Tolkewitz/Seidnitz-Nord;StB 5 Blasewitz;09 Tolkewitz, Seidnitz, Gruna;Umbau;2000;38;256
55 Tolkewitz/Seidnitz-Nord;StB 5 Blasewitz;09 Tolkewitz, Seidnitz, Gruna;Umbau;2001;18;108
55 Tolkewitz/Seidnitz-Nord;StB 5 Blasewitz;09 Tolkewitz, Seidnitz, Gruna;Umbau;2002;14;113
55 Tolkewitz/Seidnitz-Nord;StB 5 Blasewitz;09 Tolkewitz, Seidnitz, Gruna;Umbau;2003;12;90
55 Tolkewitz/Seidnitz-Nord;StB 5 Blasewitz;09 Tolkewitz, Seidnitz, Gruna;Umbau;2004;10;61
55 Tolkewitz/Seidnitz-Nord;StB 5 Blasewitz;09 Tolkewitz, Seidnitz, Gruna;Umbau;2005;7;41
55 Tolkewitz/Seidnitz-Nord;StB 5 Blasewitz;09 Tolkewitz, Seidnitz, Gruna;Umbau;2006;10;70
55 Tolkewitz/Seidnitz-Nord;StB 5 Blasewitz;09 Tolkewitz, Seidnitz, Gruna;Umbau;2007;18;136
55 Tolkewitz/Seidnitz-Nord;StB 5 Blasewitz;09 Tolkewitz, Seidnitz, Gruna;Umbau;2008;4;12
55 Tolkewitz/Seidnitz-Nord;StB 5 Blasewitz;09 Tolkewitz, Seidnitz, Gruna;Umbau;2009;38;318
55 Tolkewitz/Seidnitz-Nord;StB 5 Blasewitz;09 Tolkewitz, Seidnitz, Gruna;Umbau;2010;15;93
55 Tolkewitz/Seidnitz-Nord;StB 5 Blasewitz;09 Tolkewitz, Seidnitz, Gruna;Umbau;2011;21;127
55 Tolkewitz/Seidnitz-Nord;StB 5 Blasewitz;09 Tolkewitz, Seidnitz, Gruna;Umbau;2012;7;37
55 Tolkewitz/Seidnitz-Nord;StB 5 Blasewitz;09 Tolkewitz, Seidnitz, Gruna;Umbau;2013;6;35
55 Tolkewitz/Seidnitz-Nord;StB 5 Blasewitz;09 Tolkewitz, Seidnitz, Gruna;Umbau;2014;15;134
55 Tolkewitz/Seidnitz-Nord;StB 5 Blasewitz;09 Tolkewitz, Seidnitz, Gruna;Umbau;2015;1;0
55 Tolkewitz/Seidnitz-Nord;StB 5 Blasewitz;09 Tolkewitz, Seidnitz, Gruna;Umbau;2016;6;33
55 Tolkewitz/Seidnitz-Nord;StB 5 Blasewitz;09 Tolkewitz, Seidnitz, Gruna;Umbau;2017;18;174
55 Tolkewitz/Seidnitz-Nord;StB 5 Blasewitz;09 Tolkewitz, Seidnitz, Gruna;Umbau;2018;2;13
55 Tolkewitz/Seidnitz-Nord;StB 5 Blasewitz;09 Tolkewitz, Seidnitz, Gruna;Umbau;2019;30;304
55 Tolkewitz/Seidnitz-Nord;StB 5 Blasewitz;09 Tolkewitz, Seidnitz, Gruna;Umbau;2020;9;86
55 Tolkewitz/Seidnitz-Nord;StB 5 Blasewitz;09 Tolkewitz, Seidnitz, Gruna;Umbau;2021;20;180
55 Tolkewitz/Seidnitz-Nord;StB 5 Blasewitz;09 Tolkewitz, Seidnitz, Gruna;Umbau;2023;1;5
55 Tolkewitz/Seidnitz-Nord;StB 5 Blasewitz;09 Tolkewitz, Seidnitz, Gruna;Umbau;2024;2;21
55 Tolkewitz/Seidnitz-Nord;StB 5 Blasewitz;09 Tolkewitz, Seidnitz, Gruna;Umbau;2025;3;6
55 Tolkewitz/Seidnitz-Nord;StB 5 Blasewitz;09 Tolkewitz, Seidnitz, Gruna;Umbau;2026;1;6
56 Seidnitz/Dobritz;StB 5 Blasewitz;09 Tolkewitz, Seidnitz, Gruna;Neubau;1992;22;247
56 Seidnitz/Dobritz;StB 5 Blasewitz;09 Tolkewitz, Seidnitz, Gruna;Neubau;1993;9;22
56 Seidnitz/Dobritz;StB 5 Blasewitz;09 Tolkewitz, Seidnitz, Gruna;Neubau;1994;11;32
56 Seidnitz/Dobritz;StB 5 Blasewitz;09 Tolkewitz, Seidnitz, Gruna;Neubau;1995;17;81
56 Seidnitz/Dobritz;StB 5 Blasewitz;09 Tolkewitz, Seidnitz, Gruna;Neubau;1996;1;1
56 Seidnitz/Dobritz;StB 5 Blasewitz;09 Tolkewitz, Seidnitz, Gruna;Neubau;1997;5;7
56 Seidnitz/Dobritz;StB 5 Blasewitz;09 Tolkewitz, Seidnitz, Gruna;Neubau;1998;2;7
56 Seidnitz/Dobritz;StB 5 Blasewitz;09 Tolkewitz, Seidnitz, Gruna;Neubau;1999;1;11
56 Seidnitz/Dobritz;StB 5 Blasewitz;09 Tolkewitz, Seidnitz, Gruna;Neubau;2000;1;2
56 Seidnitz/Dobritz;StB 5 Blasewitz;09 Tolkewitz, Seidnitz, Gruna;Neubau;2002;5;6
56 Seidnitz/Dobritz;StB 5 Blasewitz;09 Tolkewitz, Seidnitz, Gruna;Neubau;2003;42;40
56 Seidnitz/Dobritz;StB 5 Blasewitz;09 Tolkewitz, Seidnitz, Gruna;Neubau;2004;3;0
56 Seidnitz/Dobritz;StB 5 Blasewitz;09 Tolkewitz, Seidnitz, Gruna;Neubau;2005;16;14
56 Seidnitz/Dobritz;StB 5 Blasewitz;09 Tolkewitz, Seidnitz, Gruna;Neubau;2006;18;16
56 Seidnitz/Dobritz;StB 5 Blasewitz;09 Tolkewitz, Seidnitz, Gruna;Neubau;2007;2;0
56 Seidnitz/Dobritz;StB 5 Blasewitz;09 Tolkewitz, Seidnitz, Gruna;Neubau;2008;8;5
56 Seidnitz/Dobritz;StB 5 Blasewitz;09 Tolkewitz, Seidnitz, Gruna;Neubau;2009;5;3
56 Seidnitz/Dobritz;StB 5 Blasewitz;09 Tolkewitz, Seidnitz, Gruna;Neubau;2010;10;14
56 Seidnitz/Dobritz;StB 5 Blasewitz;09 Tolkewitz, Seidnitz, Gruna;Neubau;2011;33;29
56 Seidnitz/Dobritz;StB 5 Blasewitz;09 Tolkewitz, Seidnitz, Gruna;Neubau;2012;20;20
56 Seidnitz/Dobritz;StB 5 Blasewitz;09 Tolkewitz, Seidnitz, Gruna;Neubau;2013;10;18
56 Seidnitz/Dobritz;StB 5 Blasewitz;09 Tolkewitz, Seidnitz, Gruna;Neubau;2014;16;119
56 Seidnitz/Dobritz;StB 5 Blasewitz;09 Tolkewitz, Seidnitz, Gruna;Neubau;2015;3;32
56 Seidnitz/Dobritz;StB 5 Blasewitz;09 Tolkewitz, Seidnitz, Gruna;Neubau;2016;2;52
56 Seidnitz/Dobritz;StB 5 Blasewitz;09 Tolkewitz, Seidnitz, Gruna;Neubau;2017;7;11
56 Seidnitz/Dobritz;StB 5 Blasewitz;09 Tolkewitz, Seidnitz, Gruna;Neubau;2018;5;25
56 Seidnitz/Dobritz;StB 5 Blasewitz;09 Tolkewitz, Seidnitz, Gruna;Neubau;2019;5;2
56 Seidnitz/Dobritz;StB 5 Blasewitz;09 Tolkewitz, Seidnitz, Gruna;Neubau;2020;6;15
56 Seidnitz/Dobritz;StB 5 Blasewitz;09 Tolkewitz, Seidnitz, Gruna;Neubau;2021;5;2
56 Seidnitz/Dobritz;StB 5 Blasewitz;09 Tolkewitz, Seidnitz, Gruna;Neubau;2022;4;0
56 Seidnitz/Dobritz;StB 5 Blasewitz;09 Tolkewitz, Seidnitz, Gruna;Neubau;2023;5;1
56 Seidnitz/Dobritz;StB 5 Blasewitz;09 Tolkewitz, Seidnitz, Gruna;Neubau;2024;3;28
56 Seidnitz/Dobritz;StB 5 Blasewitz;09 Tolkewitz, Seidnitz, Gruna;Neubau;2025;4;14
56 Seidnitz/Dobritz;StB 5 Blasewitz;09 Tolkewitz, Seidnitz, Gruna;Umbau;1993;2;1
56 Seidnitz/Dobritz;StB 5 Blasewitz;09 Tolkewitz, Seidnitz, Gruna;Umbau;1994;30;44
56 Seidnitz/Dobritz;StB 5 Blasewitz;09 Tolkewitz, Seidnitz, Gruna;Umbau;1995;7;54
56 Seidnitz/Dobritz;StB 5 Blasewitz;09 Tolkewitz, Seidnitz, Gruna;Umbau;1996;7;42
56 Seidnitz/Dobritz;StB 5 Blasewitz;09 Tolkewitz, Seidnitz, Gruna;Umbau;1997;41;386
56 Seidnitz/Dobritz;StB 5 Blasewitz;09 Tolkewitz, Seidnitz, Gruna;Umbau;1998;37;245
56 Seidnitz/Dobritz;StB 5 Blasewitz;09 Tolkewitz, Seidnitz, Gruna;Umbau;1999;27;257
56 Seidnitz/Dobritz;StB 5 Blasewitz;09 Tolkewitz, Seidnitz, Gruna;Umbau;2000;24;226
56 Seidnitz/Dobritz;StB 5 Blasewitz;09 Tolkewitz, Seidnitz, Gruna;Umbau;2001;22;167
56 Seidnitz/Dobritz;StB 5 Blasewitz;09 Tolkewitz, Seidnitz, Gruna;Umbau;2002;18;57
56 Seidnitz/Dobritz;StB 5 Blasewitz;09 Tolkewitz, Seidnitz, Gruna;Umbau;2003;4;10
56 Seidnitz/Dobritz;StB 5 Blasewitz;09 Tolkewitz, Seidnitz, Gruna;Umbau;2004;4;24
56 Seidnitz/Dobritz;StB 5 Blasewitz;09 Tolkewitz, Seidnitz, Gruna;Umbau;2005;3;12
56 Seidnitz/Dobritz;StB 5 Blasewitz;09 Tolkewitz, Seidnitz, Gruna;Umbau;2006;48;364
56 Seidnitz/Dobritz;StB 5 Blasewitz;09 Tolkewitz, Seidnitz, Gruna;Umbau;2007;9;13
56 Seidnitz/Dobritz;StB 5 Blasewitz;09 Tolkewitz, Seidnitz, Gruna;Umbau;2008;6;45
56 Seidnitz/Dobritz;StB 5 Blasewitz;09 Tolkewitz, Seidnitz, Gruna;Umbau;2009;2;6
56 Seidnitz/Dobritz;StB 5 Blasewitz;09 Tolkewitz, Seidnitz, Gruna;Umbau;2010;16;150
56 Seidnitz/Dobritz;StB 5 Blasewitz;09 Tolkewitz, Seidnitz, Gruna;Umbau;2011;18;56
56 Seidnitz/Dobritz;StB 5 Blasewitz;09 Tolkewitz, Seidnitz, Gruna;Umbau;2012;21;175
56 Seidnitz/Dobritz;StB 5 Blasewitz;09 Tolkewitz, Seidnitz, Gruna;Umbau;2013;22;205
56 Seidnitz/Dobritz;StB 5 Blasewitz;09 Tolkewitz, Seidnitz, Gruna;Umbau;2014;8;12
56 Seidnitz/Dobritz;StB 5 Blasewitz;09 Tolkewitz, Seidnitz, Gruna;Umbau;2015;15;17
56 Seidnitz/Dobritz;StB 5 Blasewitz;09 Tolkewitz, Seidnitz, Gruna;Umbau;2016;8;20
56 Seidnitz/Dobritz;StB 5 Blasewitz;09 Tolkewitz, Seidnitz, Gruna;Umbau;2017;19;17
56 Seidnitz/Dobritz;StB 5 Blasewitz;09 Tolkewitz, Seidnitz, Gruna;Umbau;2018;5;12
56 Seidnitz/Dobritz;StB 5 Blasewitz;09 Tolkewitz, Seidnitz, Gruna;Umbau;2019;1;1
56 Seidnitz/Dobritz;StB 5 Blasewitz;09 Tolkewitz, Seidnitz, Gruna;Umbau;2020;40;435
56 Seidnitz/Dobritz;StB 5 Blasewitz;09 Tolkewitz, Seidnitz, Gruna;Umbau;2021;2;10
56 Seidnitz/Dobritz;StB 5 Blasewitz;09 Tolkewitz, Seidnitz, Gruna;Umbau;2022;8;13
56 Seidnitz/Dobritz;StB 5 Blasewitz;09 Tolkewitz, Seidnitz, Gruna;Umbau;2023;3;6
56 Seidnitz/Dobritz;StB 5 Blasewitz;09 Tolkewitz, Seidnitz, Gruna;Umbau;2024;3;5
56 Seidnitz/Dobritz;StB 5 Blasewitz;09 Tolkewitz, Seidnitz, Gruna;Umbau;2025;4;3
57 Gruna;StB 5 Blasewitz;09 Tolkewitz, Seidnitz, Gruna;Neubau;1992;7;3
57 Gruna;StB 5 Blasewitz;09 Tolkewitz, Seidnitz, Gruna;Neubau;1993;10;42
57 Gruna;StB 5 Blasewitz;09 Tolkewitz, Seidnitz, Gruna;Neubau;1994;9;47
57 Gruna;StB 5 Blasewitz;09 Tolkewitz, Seidnitz, Gruna;Neubau;1995;11;75
57 Gruna;StB 5 Blasewitz;09 Tolkewitz, Seidnitz, Gruna;Neubau;1996;11;145
57 Gruna;StB 5 Blasewitz;09 Tolkewitz, Seidnitz, Gruna;Neubau;1997;21;213
57 Gruna;StB 5 Blasewitz;09 Tolkewitz, Seidnitz, Gruna;Neubau;1998;2;14
57 Gruna;StB 5 Blasewitz;09 Tolkewitz, Seidnitz, Gruna;Neubau;1999;8;11
57 Gruna;StB 5 Blasewitz;09 Tolkewitz, Seidnitz, Gruna;Neubau;2000;7;7
57 Gruna;StB 5 Blasewitz;09 Tolkewitz, Seidnitz, Gruna;Neubau;2001;16;20
57 Gruna;StB 5 Blasewitz;09 Tolkewitz, Seidnitz, Gruna;Neubau;2002;9;3
57 Gruna;StB 5 Blasewitz;09 Tolkewitz, Seidnitz, Gruna;Neubau;2003;1;1
57 Gruna;StB 5 Blasewitz;09 Tolkewitz, Seidnitz, Gruna;Neubau;2004;1;1
57 Gruna;StB 5 Blasewitz;09 Tolkewitz, Seidnitz, Gruna;Neubau;2005;6;3
57 Gruna;StB 5 Blasewitz;09 Tolkewitz, Seidnitz, Gruna;Neubau;2006;3;1
57 Gruna;StB 5 Blasewitz;09 Tolkewitz, Seidnitz, Gruna;Neubau;2007;5;8
57 Gruna;StB 5 Blasewitz;09 Tolkewitz, Seidnitz, Gruna;Neubau;2008;2;2
57 Gruna;StB 5 Blasewitz;09 Tolkewitz, Seidnitz, Gruna;Neubau;2009;5;3
57 Gruna;StB 5 Blasewitz;09 Tolkewitz, Seidnitz, Gruna;Neubau;2010;7;16
57 Gruna;StB 5 Blasewitz;09 Tolkewitz, Seidnitz, Gruna;Neubau;2011;8;7
57 Gruna;StB 5 Blasewitz;09 Tolkewitz, Seidnitz, Gruna;Neubau;2012;20;33
57 Gruna;StB 5 Blasewitz;09 Tolkewitz, Seidnitz, Gruna;Neubau;2013;15;36
57 Gruna;StB 5 Blasewitz;09 Tolkewitz, Seidnitz, Gruna;Neubau;2014;1;0
57 Gruna;StB 5 Blasewitz;09 Tolkewitz, Seidnitz, Gruna;Neubau;2015;3;17
57 Gruna;StB 5 Blasewitz;09 Tolkewitz, Seidnitz, Gruna;Neubau;2016;4;16
57 Gruna;StB 5 Blasewitz;09 Tolkewitz, Seidnitz, Gruna;Neubau;2017;2;0
57 Gruna;StB 5 Blasewitz;09 Tolkewitz, Seidnitz, Gruna;Neubau;2018;2;10
57 Gruna;StB 5 Blasewitz;09 Tolkewitz, Seidnitz, Gruna;Neubau;2019;4;3
57 Gruna;StB 5 Blasewitz;09 Tolkewitz, Seidnitz, Gruna;Neubau;2021;4;21
57 Gruna;StB 5 Blasewitz;09 Tolkewitz, Seidnitz, Gruna;Neubau;2022;3;10
57 Gruna;StB 5 Blasewitz;09 Tolkewitz, Seidnitz, Gruna;Neubau;2023;2;13
57 Gruna;StB 5 Blasewitz;09 Tolkewitz, Seidnitz, Gruna;Neubau;2024;1;6
57 Gruna;StB 5 Blasewitz;09 Tolkewitz, Seidnitz, Gruna;Neubau;2025;1;9
57 Gruna;StB 5 Blasewitz;09 Tolkewitz, Seidnitz, Gruna;Neubau;2026;3;37
57 Gruna;StB 5 Blasewitz;09 Tolkewitz, Seidnitz, Gruna;Umbau;1992;1;0
57 Gruna;StB 5 Blasewitz;09 Tolkewitz, Seidnitz, Gruna;Umbau;1993;12;45
57 Gruna;StB 5 Blasewitz;09 Tolkewitz, Seidnitz, Gruna;Umbau;1994;5;34
57 Gruna;StB 5 Blasewitz;09 Tolkewitz, Seidnitz, Gruna;Umbau;1995;3;10
57 Gruna;StB 5 Blasewitz;09 Tolkewitz, Seidnitz, Gruna;Umbau;1996;8;71
57 Gruna;StB 5 Blasewitz;09 Tolkewitz, Seidnitz, Gruna;Umbau;1997;16;234
57 Gruna;StB 5 Blasewitz;09 Tolkewitz, Seidnitz, Gruna;Umbau;1998;17;114
57 Gruna;StB 5 Blasewitz;09 Tolkewitz, Seidnitz, Gruna;Umbau;1999;10;294
57 Gruna;StB 5 Blasewitz;09 Tolkewitz, Seidnitz, Gruna;Umbau;2000;37;362
57 Gruna;StB 5 Blasewitz;09 Tolkewitz, Seidnitz, Gruna;Umbau;2001;14;97
57 Gruna;StB 5 Blasewitz;09 Tolkewitz, Seidnitz, Gruna;Umbau;2002;40;351
57 Gruna;StB 5 Blasewitz;09 Tolkewitz, Seidnitz, Gruna;Umbau;2003;5;37
57 Gruna;StB 5 Blasewitz;09 Tolkewitz, Seidnitz, Gruna;Umbau;2004;19;141
57 Gruna;StB 5 Blasewitz;09 Tolkewitz, Seidnitz, Gruna;Umbau;2005;25;215
57 Gruna;StB 5 Blasewitz;09 Tolkewitz, Seidnitz, Gruna;Umbau;2006;12;99
57 Gruna;StB 5 Blasewitz;09 Tolkewitz, Seidnitz, Gruna;Umbau;2007;11;111
57 Gruna;StB 5 Blasewitz;09 Tolkewitz, Seidnitz, Gruna;Umbau;2008;5;44
57 Gruna;StB 5 Blasewitz;09 Tolkewitz, Seidnitz, Gruna;Umbau;2009;8;46
57 Gruna;StB 5 Blasewitz;09 Tolkewitz, Seidnitz, Gruna;Umbau;2010;11;47
57 Gruna;StB 5 Blasewitz;09 Tolkewitz, Seidnitz, Gruna;Umbau;2011;10;92
57 Gruna;StB 5 Blasewitz;09 Tolkewitz, Seidnitz, Gruna;Umbau;2012;9;54
57 Gruna;StB 5 Blasewitz;09 Tolkewitz, Seidnitz, Gruna;Umbau;2013;13;51
57 Gruna;StB 5 Blasewitz;09 Tolkewitz, Seidnitz, Gruna;Umbau;2014;25;249
57 Gruna;StB 5 Blasewitz;09 Tolkewitz, Seidnitz, Gruna;Umbau;2015;2;5
57 Gruna;StB 5 Blasewitz;09 Tolkewitz, Seidnitz, Gruna;Umbau;2016;5;19
57 Gruna;StB 5 Blasewitz;09 Tolkewitz, Seidnitz, Gruna;Umbau;2017;3;4
57 Gruna;StB 5 Blasewitz;09 Tolkewitz, Seidnitz, Gruna;Umbau;2018;4;11
57 Gruna;StB 5 Blasewitz;09 Tolkewitz, Seidnitz, Gruna;Umbau;2019;6;38
57 Gruna;StB 5 Blasewitz;09 Tolkewitz, Seidnitz, Gruna;Umbau;2020;3;13
57 Gruna;StB 5 Blasewitz;09 Tolkewitz, Seidnitz, Gruna;Umbau;2021;9;43
57 Gruna;StB 5 Blasewitz;09 Tolkewitz, Seidnitz, Gruna;Umbau;2022;3;16
57 Gruna;StB 5 Blasewitz;09 Tolkewitz, Seidnitz, Gruna;Umbau;2023;7;247
57 Gruna;StB 5 Blasewitz;09 Tolkewitz, Seidnitz, Gruna;Umbau;2024;2;2
57 Gruna;StB 5 Blasewitz;09 Tolkewitz, Seidnitz, Gruna;Umbau;2025;4;19
57 Gruna;StB 5 Blasewitz;09 Tolkewitz, Seidnitz, Gruna;Umbau;2026;1;17
61 Leuben;StB 6 Leuben;10 StB Leuben;Neubau;1992;14;74
61 Leuben;StB 6 Leuben;10 StB Leuben;Neubau;1993;10;24
61 Leuben;StB 6 Leuben;10 StB Leuben;Neubau;1994;10;34
61 Leuben;StB 6 Leuben;10 StB Leuben;Neubau;1995;4;23
61 Leuben;StB 6 Leuben;10 StB Leuben;Neubau;1996;4;10
61 Leuben;StB 6 Leuben;10 StB Leuben;Neubau;1997;41;60
61 Leuben;StB 6 Leuben;10 StB Leuben;Neubau;1998;3;2
61 Leuben;StB 6 Leuben;10 StB Leuben;Neubau;1999;4;4
61 Leuben;StB 6 Leuben;10 StB Leuben;Neubau;2000;8;6
61 Leuben;StB 6 Leuben;10 StB Leuben;Neubau;2001;10;9
61 Leuben;StB 6 Leuben;10 StB Leuben;Neubau;2002;4;3
61 Leuben;StB 6 Leuben;10 StB Leuben;Neubau;2003;15;14
61 Leuben;StB 6 Leuben;10 StB Leuben;Neubau;2004;7;7
61 Leuben;StB 6 Leuben;10 StB Leuben;Neubau;2005;12;12
61 Leuben;StB 6 Leuben;10 StB Leuben;Neubau;2006;4;6
61 Leuben;StB 6 Leuben;10 StB Leuben;Neubau;2007;8;8
61 Leuben;StB 6 Leuben;10 StB Leuben;Neubau;2008;12;9
61 Leuben;StB 6 Leuben;10 StB Leuben;Neubau;2009;4;2
61 Leuben;StB 6 Leuben;10 StB Leuben;Neubau;2010;7;52
61 Leuben;StB 6 Leuben;10 StB Leuben;Neubau;2012;7;19
61 Leuben;StB 6 Leuben;10 StB Leuben;Neubau;2013;20;19
61 Leuben;StB 6 Leuben;10 StB Leuben;Neubau;2014;8;11
61 Leuben;StB 6 Leuben;10 StB Leuben;Neubau;2015;4;20
61 Leuben;StB 6 Leuben;10 StB Leuben;Neubau;2016;7;50
61 Leuben;StB 6 Leuben;10 StB Leuben;Neubau;2017;9;80
61 Leuben;StB 6 Leuben;10 StB Leuben;Neubau;2018;3;3
61 Leuben;StB 6 Leuben;10 StB Leuben;Neubau;2019;13;104
61 Leuben;StB 6 Leuben;10 StB Leuben;Neubau;2020;5;4
61 Leuben;StB 6 Leuben;10 StB Leuben;Neubau;2021;6;39
61 Leuben;StB 6 Leuben;10 StB Leuben;Neubau;2022;1;0
61 Leuben;StB 6 Leuben;10 StB Leuben;Neubau;2023;6;30
61 Leuben;StB 6 Leuben;10 StB Leuben;Neubau;2024;1;0
61 Leuben;StB 6 Leuben;10 StB Leuben;Neubau;2025;3;1
61 Leuben;StB 6 Leuben;10 StB Leuben;Neubau;2026;1;4
61 Leuben;StB 6 Leuben;10 StB Leuben;Umbau;1992;5;3
61 Leuben;StB 6 Leuben;10 StB Leuben;Umbau;1993;1;0
61 Leuben;StB 6 Leuben;10 StB Leuben;Umbau;1994;2;23
61 Leuben;StB 6 Leuben;10 StB Leuben;Umbau;1995;2;1
61 Leuben;StB 6 Leuben;10 StB Leuben;Umbau;1996;20;148
61 Leuben;StB 6 Leuben;10 StB Leuben;Umbau;1997;1;6
61 Leuben;StB 6 Leuben;10 StB Leuben;Umbau;1998;28;184
61 Leuben;StB 6 Leuben;10 StB Leuben;Umbau;1999;50;348
61 Leuben;StB 6 Leuben;10 StB Leuben;Umbau;2000;41;407
61 Leuben;StB 6 Leuben;10 StB Leuben;Umbau;2001;38;251
61 Leuben;StB 6 Leuben;10 StB Leuben;Umbau;2002;53;270
61 Leuben;StB 6 Leuben;10 StB Leuben;Umbau;2003;12;87
61 Leuben;StB 6 Leuben;10 StB Leuben;Umbau;2004;24;106
61 Leuben;StB 6 Leuben;10 StB Leuben;Umbau;2005;17;156
61 Leuben;StB 6 Leuben;10 StB Leuben;Umbau;2006;12;61
61 Leuben;StB 6 Leuben;10 StB Leuben;Umbau;2007;7;55
61 Leuben;StB 6 Leuben;10 StB Leuben;Umbau;2008;16;37
61 Leuben;StB 6 Leuben;10 StB Leuben;Umbau;2009;6;17
61 Leuben;StB 6 Leuben;10 StB Leuben;Umbau;2010;6;9
61 Leuben;StB 6 Leuben;10 StB Leuben;Umbau;2011;7;31
61 Leuben;StB 6 Leuben;10 StB Leuben;Umbau;2012;9;11
61 Leuben;StB 6 Leuben;10 StB Leuben;Umbau;2013;3;28
61 Leuben;StB 6 Leuben;10 StB Leuben;Umbau;2014;6;165
61 Leuben;StB 6 Leuben;10 StB Leuben;Umbau;2015;34;251
61 Leuben;StB 6 Leuben;10 StB Leuben;Umbau;2016;22;198
61 Leuben;StB 6 Leuben;10 StB Leuben;Umbau;2017;17;196
61 Leuben;StB 6 Leuben;10 StB Leuben;Umbau;2018;15;114
61 Leuben;StB 6 Leuben;10 StB Leuben;Umbau;2019;21;157
61 Leuben;StB 6 Leuben;10 StB Leuben;Umbau;2020;23;174
61 Leuben;StB 6 Leuben;10 StB Leuben;Umbau;2021;10;46
61 Leuben;StB 6 Leuben;10 StB Leuben;Umbau;2022;7;120
61 Leuben;StB 6 Leuben;10 StB Leuben;Umbau;2023;5;3
61 Leuben;StB 6 Leuben;10 StB Leuben;Umbau;2024;11;58
61 Leuben;StB 6 Leuben;10 StB Leuben;Umbau;2025;5;27
61 Leuben;StB 6 Leuben;10 StB Leuben;Umbau;2026;8;48
62 Laubegast;StB 6 Leuben;10 StB Leuben;Neubau;1992;47;486
62 Laubegast;StB 6 Leuben;10 StB Leuben;Neubau;1993;23;230
62 Laubegast;StB 6 Leuben;10 StB Leuben;Neubau;1994;20;183
62 Laubegast;StB 6 Leuben;10 StB Leuben;Neubau;1995;51;586
62 Laubegast;StB 6 Leuben;10 StB Leuben;Neubau;1996;8;45
62 Laubegast;StB 6 Leuben;10 StB Leuben;Neubau;1997;15;130
62 Laubegast;StB 6 Leuben;10 StB Leuben;Neubau;1998;10;32
62 Laubegast;StB 6 Leuben;10 StB Leuben;Neubau;1999;51;71
62 Laubegast;StB 6 Leuben;10 StB Leuben;Neubau;2000;42;55
62 Laubegast;StB 6 Leuben;10 StB Leuben;Neubau;2001;13;27
62 Laubegast;StB 6 Leuben;10 StB Leuben;Neubau;2002;25;39
62 Laubegast;StB 6 Leuben;10 StB Leuben;Neubau;2003;8;18
62 Laubegast;StB 6 Leuben;10 StB Leuben;Neubau;2004;23;23
62 Laubegast;StB 6 Leuben;10 StB Leuben;Neubau;2005;20;24
62 Laubegast;StB 6 Leuben;10 StB Leuben;Neubau;2006;9;8
62 Laubegast;StB 6 Leuben;10 StB Leuben;Neubau;2007;6;4
62 Laubegast;StB 6 Leuben;10 StB Leuben;Neubau;2008;27;47
62 Laubegast;StB 6 Leuben;10 StB Leuben;Neubau;2009;7;14
62 Laubegast;StB 6 Leuben;10 StB Leuben;Neubau;2010;7;18
62 Laubegast;StB 6 Leuben;10 StB Leuben;Neubau;2011;15;22
62 Laubegast;StB 6 Leuben;10 StB Leuben;Neubau;2012;14;29
62 Laubegast;StB 6 Leuben;10 StB Leuben;Neubau;2013;13;12
62 Laubegast;StB 6 Leuben;10 StB Leuben;Neubau;2014;16;19
62 Laubegast;StB 6 Leuben;10 StB Leuben;Neubau;2015;6;21
62 Laubegast;StB 6 Leuben;10 StB Leuben;Neubau;2016;24;23
62 Laubegast;StB 6 Leuben;10 StB Leuben;Neubau;2017;16;28
62 Laubegast;StB 6 Leuben;10 StB Leuben;Neubau;2018;11;11
62 Laubegast;StB 6 Leuben;10 StB Leuben;Neubau;2019;15;29
62 Laubegast;StB 6 Leuben;10 StB Leuben;Neubau;2020;3;3
62 Laubegast;StB 6 Leuben;10 StB Leuben;Neubau;2022;3;4
62 Laubegast;StB 6 Leuben;10 StB Leuben;Neubau;2023;7;10
62 Laubegast;StB 6 Leuben;10 StB Leuben;Neubau;2024;2;7
62 Laubegast;StB 6 Leuben;10 StB Leuben;Neubau;2025;1;2
62 Laubegast;StB 6 Leuben;10 StB Leuben;Neubau;2026;1;2
62 Laubegast;StB 6 Leuben;10 StB Leuben;Umbau;1992;1;5
62 Laubegast;StB 6 Leuben;10 StB Leuben;Umbau;1993;4;5
62 Laubegast;StB 6 Leuben;10 StB Leuben;Umbau;1994;3;10
62 Laubegast;StB 6 Leuben;10 StB Leuben;Umbau;1995;22;161
62 Laubegast;StB 6 Leuben;10 StB Leuben;Umbau;1996;6;32
62 Laubegast;StB 6 Leuben;10 StB Leuben;Umbau;1997;10;69
62 Laubegast;StB 6 Leuben;10 StB Leuben;Umbau;1998;19;153
62 Laubegast;StB 6 Leuben;10 StB Leuben;Umbau;1999;24;151
62 Laubegast;StB 6 Leuben;10 StB Leuben;Umbau;2000;39;179
62 Laubegast;StB 6 Leuben;10 StB Leuben;Umbau;2001;37;168
62 Laubegast;StB 6 Leuben;10 StB Leuben;Umbau;2002;47;345
62 Laubegast;StB 6 Leuben;10 StB Leuben;Umbau;2003;24;96
62 Laubegast;StB 6 Leuben;10 StB Leuben;Umbau;2004;50;282
62 Laubegast;StB 6 Leuben;10 StB Leuben;Umbau;2005;19;90
62 Laubegast;StB 6 Leuben;10 StB Leuben;Umbau;2006;18;74
62 Laubegast;StB 6 Leuben;10 StB Leuben;Umbau;2007;10;35
62 Laubegast;StB 6 Leuben;10 StB Leuben;Umbau;2008;14;73
62 Laubegast;StB 6 Leuben;10 StB Leuben;Umbau;2009;12;63
62 Laubegast;StB 6 Leuben;10 StB Leuben;Umbau;2010;15;62
62 Laubegast;StB 6 Leuben;10 StB Leuben;Umbau;2011;7;22
62 Laubegast;StB 6 Leuben;10 StB Leuben;Umbau;2012;9;41
62 Laubegast;StB 6 Leuben;10 StB Leuben;Umbau;2013;10;48
62 Laubegast;StB 6 Leuben;10 StB Leuben;Umbau;2014;16;93
62 Laubegast;StB 6 Leuben;10 StB Leuben;Umbau;2015;12;31
62 Laubegast;StB 6 Leuben;10 StB Leuben;Umbau;2016;22;95
62 Laubegast;StB 6 Leuben;10 StB Leuben;Umbau;2017;14;101
62 Laubegast;StB 6 Leuben;10 StB Leuben;Umbau;2018;7;31
62 Laubegast;StB 6 Leuben;10 StB Leuben;Umbau;2019;5;19
62 Laubegast;StB 6 Leuben;10 StB Leuben;Umbau;2020;5;22
62 Laubegast;StB 6 Leuben;10 StB Leuben;Umbau;2021;4;9
62 Laubegast;StB 6 Leuben;10 StB Leuben;Umbau;2022;9;30
62 Laubegast;StB 6 Leuben;10 StB Leuben;Umbau;2023;4;6
62 Laubegast;StB 6 Leuben;10 StB Leuben;Umbau;2024;2;21
62 Laubegast;StB 6 Leuben;10 StB Leuben;Umbau;2025;9;36
62 Laubegast;StB 6 Leuben;10 StB Leuben;Umbau;2026;4;16
63 Kleinzschachwitz;StB 6 Leuben;10 StB Leuben;Neubau;1992;81;195
63 Kleinzschachwitz;StB 6 Leuben;10 StB Leuben;Neubau;1993;32;104
63 Kleinzschachwitz;StB 6 Leuben;10 StB Leuben;Neubau;1994;61;389
63 Kleinzschachwitz;StB 6 Leuben;10 StB Leuben;Neubau;1995;53;219
63 Kleinzschachwitz;StB 6 Leuben;10 StB Leuben;Neubau;1996;57;190
63 Kleinzschachwitz;StB 6 Leuben;10 StB Leuben;Neubau;1997;41;107
63 Kleinzschachwitz;StB 6 Leuben;10 StB Leuben;Neubau;1998;43;70
63 Kleinzschachwitz;StB 6 Leuben;10 StB Leuben;Neubau;1999;53;81
63 Kleinzschachwitz;StB 6 Leuben;10 StB Leuben;Neubau;2000;17;26
63 Kleinzschachwitz;StB 6 Leuben;10 StB Leuben;Neubau;2001;23;28
63 Kleinzschachwitz;StB 6 Leuben;10 StB Leuben;Neubau;2002;30;33
63 Kleinzschachwitz;StB 6 Leuben;10 StB Leuben;Neubau;2003;20;24
63 Kleinzschachwitz;StB 6 Leuben;10 StB Leuben;Neubau;2004;14;11
63 Kleinzschachwitz;StB 6 Leuben;10 StB Leuben;Neubau;2005;15;15
63 Kleinzschachwitz;StB 6 Leuben;10 StB Leuben;Neubau;2006;14;14
63 Kleinzschachwitz;StB 6 Leuben;10 StB Leuben;Neubau;2007;20;27
63 Kleinzschachwitz;StB 6 Leuben;10 StB Leuben;Neubau;2008;5;5
63 Kleinzschachwitz;StB 6 Leuben;10 StB Leuben;Neubau;2009;19;18
63 Kleinzschachwitz;StB 6 Leuben;10 StB Leuben;Neubau;2010;20;23
63 Kleinzschachwitz;StB 6 Leuben;10 StB Leuben;Neubau;2011;19;28
63 Kleinzschachwitz;StB 6 Leuben;10 StB Leuben;Neubau;2012;19;21
63 Kleinzschachwitz;StB 6 Leuben;10 StB Leuben;Neubau;2013;15;20
63 Kleinzschachwitz;StB 6 Leuben;10 StB Leuben;Neubau;2014;6;17
63 Kleinzschachwitz;StB 6 Leuben;10 StB Leuben;Neubau;2015;6;9
63 Kleinzschachwitz;StB 6 Leuben;10 StB Leuben;Neubau;2016;8;13
63 Kleinzschachwitz;StB 6 Leuben;10 StB Leuben;Neubau;2017;8;13
63 Kleinzschachwitz;StB 6 Leuben;10 StB Leuben;Neubau;2018;3;8
63 Kleinzschachwitz;StB 6 Leuben;10 StB Leuben;Neubau;2019;5;5
63 Kleinzschachwitz;StB 6 Leuben;10 StB Leuben;Neubau;2020;12;18
63 Kleinzschachwitz;StB 6 Leuben;10 StB Leuben;Neubau;2021;8;20
63 Kleinzschachwitz;StB 6 Leuben;10 StB Leuben;Neubau;2022;11;24
63 Kleinzschachwitz;StB 6 Leuben;10 StB Leuben;Neubau;2023;3;17
63 Kleinzschachwitz;StB 6 Leuben;10 StB Leuben;Neubau;2024;5;9
63 Kleinzschachwitz;StB 6 Leuben;10 StB Leuben;Neubau;2025;5;5
63 Kleinzschachwitz;StB 6 Leuben;10 StB Leuben;Neubau;2026;2;5
63 Kleinzschachwitz;StB 6 Leuben;10 StB Leuben;Umbau;1992;2;1
63 Kleinzschachwitz;StB 6 Leuben;10 StB Leuben;Umbau;1993;12;17
63 Kleinzschachwitz;StB 6 Leuben;10 StB Leuben;Umbau;1994;5;18
63 Kleinzschachwitz;StB 6 Leuben;10 StB Leuben;Umbau;1995;9;24
63 Kleinzschachwitz;StB 6 Leuben;10 StB Leuben;Umbau;1996;9;36
63 Kleinzschachwitz;StB 6 Leuben;10 StB Leuben;Umbau;1997;25;73
63 Kleinzschachwitz;StB 6 Leuben;10 StB Leuben;Umbau;1998;25;107
63 Kleinzschachwitz;StB 6 Leuben;10 StB Leuben;Umbau;1999;21;41
63 Kleinzschachwitz;StB 6 Leuben;10 StB Leuben;Umbau;2000;14;29
63 Kleinzschachwitz;StB 6 Leuben;10 StB Leuben;Umbau;2001;16;64
63 Kleinzschachwitz;StB 6 Leuben;10 StB Leuben;Umbau;2002;18;42
63 Kleinzschachwitz;StB 6 Leuben;10 StB Leuben;Umbau;2003;15;24
63 Kleinzschachwitz;StB 6 Leuben;10 StB Leuben;Umbau;2004;21;63
63 Kleinzschachwitz;StB 6 Leuben;10 StB Leuben;Umbau;2005;8;13
63 Kleinzschachwitz;StB 6 Leuben;10 StB Leuben;Umbau;2006;20;65
63 Kleinzschachwitz;StB 6 Leuben;10 StB Leuben;Umbau;2007;21;47
63 Kleinzschachwitz;StB 6 Leuben;10 StB Leuben;Umbau;2008;8;15
63 Kleinzschachwitz;StB 6 Leuben;10 StB Leuben;Umbau;2009;14;37
63 Kleinzschachwitz;StB 6 Leuben;10 StB Leuben;Umbau;2010;17;32
63 Kleinzschachwitz;StB 6 Leuben;10 StB Leuben;Umbau;2011;12;20
63 Kleinzschachwitz;StB 6 Leuben;10 StB Leuben;Umbau;2012;11;32
63 Kleinzschachwitz;StB 6 Leuben;10 StB Leuben;Umbau;2013;9;22
63 Kleinzschachwitz;StB 6 Leuben;10 StB Leuben;Umbau;2014;8;8
63 Kleinzschachwitz;StB 6 Leuben;10 StB Leuben;Umbau;2015;11;28
63 Kleinzschachwitz;StB 6 Leuben;10 StB Leuben;Umbau;2016;11;23
63 Kleinzschachwitz;StB 6 Leuben;10 StB Leuben;Umbau;2017;4;12
63 Kleinzschachwitz;StB 6 Leuben;10 StB Leuben;Umbau;2018;12;22
63 Kleinzschachwitz;StB 6 Leuben;10 StB Leuben;Umbau;2019;7;19
63 Kleinzschachwitz;StB 6 Leuben;10 StB Leuben;Umbau;2020;7;19
63 Kleinzschachwitz;StB 6 Leuben;10 StB Leuben;Umbau;2021;8;17
63 Kleinzschachwitz;StB 6 Leuben;10 StB Leuben;Umbau;2022;6;24
63 Kleinzschachwitz;StB 6 Leuben;10 StB Leuben;Umbau;2023;11;29
63 Kleinzschachwitz;StB 6 Leuben;10 StB Leuben;Umbau;2024;12;34
63 Kleinzschachwitz;StB 6 Leuben;10 StB Leuben;Umbau;2025;12;18
63 Kleinzschachwitz;StB 6 Leuben;10 StB Leuben;Umbau;2026;4;9
64 Großzschachwitz;StB 6 Leuben;10 StB Leuben;Neubau;1992;3;0
64 Großzschachwitz;StB 6 Leuben;10 StB Leuben;Neubau;1993;9;42
64 Großzschachwitz;StB 6 Leuben;10 StB Leuben;Neubau;1994;6;54
64 Großzschachwitz;StB 6 Leuben;10 StB Leuben;Neubau;1995;4;24
64 Großzschachwitz;StB 6 Leuben;10 StB Leuben;Neubau;1996;6;38
64 Großzschachwitz;StB 6 Leuben;10 StB Leuben;Neubau;1997;15;22
64 Großzschachwitz;StB 6 Leuben;10 StB Leuben;Neubau;1998;8;11
64 Großzschachwitz;StB 6 Leuben;10 StB Leuben;Neubau;1999;10;9
64 Großzschachwitz;StB 6 Leuben;10 StB Leuben;Neubau;2000;2;0
64 Großzschachwitz;StB 6 Leuben;10 StB Leuben;Neubau;2001;1;1
64 Großzschachwitz;StB 6 Leuben;10 StB Leuben;Neubau;2002;5;2
64 Großzschachwitz;StB 6 Leuben;10 StB Leuben;Neubau;2003;4;2
64 Großzschachwitz;StB 6 Leuben;10 StB Leuben;Neubau;2004;5;6
64 Großzschachwitz;StB 6 Leuben;10 StB Leuben;Neubau;2006;6;5
64 Großzschachwitz;StB 6 Leuben;10 StB Leuben;Neubau;2007;8;9
64 Großzschachwitz;StB 6 Leuben;10 StB Leuben;Neubau;2008;1;0
64 Großzschachwitz;StB 6 Leuben;10 StB Leuben;Neubau;2010;3;1
64 Großzschachwitz;StB 6 Leuben;10 StB Leuben;Neubau;2011;5;10
64 Großzschachwitz;StB 6 Leuben;10 StB Leuben;Neubau;2012;6;5
64 Großzschachwitz;StB 6 Leuben;10 StB Leuben;Neubau;2013;1;1
64 Großzschachwitz;StB 6 Leuben;10 StB Leuben;Neubau;2015;5;13
64 Großzschachwitz;StB 6 Leuben;10 StB Leuben;Neubau;2016;2;1
64 Großzschachwitz;StB 6 Leuben;10 StB Leuben;Neubau;2017;2;0
64 Großzschachwitz;StB 6 Leuben;10 StB Leuben;Neubau;2018;16;13
64 Großzschachwitz;StB 6 Leuben;10 StB Leuben;Neubau;2019;1;3
64 Großzschachwitz;StB 6 Leuben;10 StB Leuben;Neubau;2020;2;0
64 Großzschachwitz;StB 6 Leuben;10 StB Leuben;Neubau;2022;4;29
64 Großzschachwitz;StB 6 Leuben;10 StB Leuben;Neubau;2023;3;2
64 Großzschachwitz;StB 6 Leuben;10 StB Leuben;Neubau;2024;2;0
64 Großzschachwitz;StB 6 Leuben;10 StB Leuben;Neubau;2025;1;0
64 Großzschachwitz;StB 6 Leuben;10 StB Leuben;Umbau;1992;2;1
64 Großzschachwitz;StB 6 Leuben;10 StB Leuben;Umbau;1994;2;0
64 Großzschachwitz;StB 6 Leuben;10 StB Leuben;Umbau;1996;1;11
64 Großzschachwitz;StB 6 Leuben;10 StB Leuben;Umbau;1997;8;41
64 Großzschachwitz;StB 6 Leuben;10 StB Leuben;Umbau;1998;5;28
64 Großzschachwitz;StB 6 Leuben;10 StB Leuben;Umbau;1999;9;72
64 Großzschachwitz;StB 6 Leuben;10 StB Leuben;Umbau;2000;4;15
64 Großzschachwitz;StB 6 Leuben;10 StB Leuben;Umbau;2001;7;25
64 Großzschachwitz;StB 6 Leuben;10 StB Leuben;Umbau;2002;14;67
64 Großzschachwitz;StB 6 Leuben;10 StB Leuben;Umbau;2003;6;16
64 Großzschachwitz;StB 6 Leuben;10 StB Leuben;Umbau;2004;7;36
64 Großzschachwitz;StB 6 Leuben;10 StB Leuben;Umbau;2005;5;22
64 Großzschachwitz;StB 6 Leuben;10 StB Leuben;Umbau;2006;3;10
64 Großzschachwitz;StB 6 Leuben;10 StB Leuben;Umbau;2007;7;60
64 Großzschachwitz;StB 6 Leuben;10 StB Leuben;Umbau;2008;6;14
64 Großzschachwitz;StB 6 Leuben;10 StB Leuben;Umbau;2009;10;47
64 Großzschachwitz;StB 6 Leuben;10 StB Leuben;Umbau;2011;3;19
64 Großzschachwitz;StB 6 Leuben;10 StB Leuben;Umbau;2012;2;4
64 Großzschachwitz;StB 6 Leuben;10 StB Leuben;Umbau;2013;4;15
64 Großzschachwitz;StB 6 Leuben;10 StB Leuben;Umbau;2014;5;24
64 Großzschachwitz;StB 6 Leuben;10 StB Leuben;Umbau;2015;20;160
64 Großzschachwitz;StB 6 Leuben;10 StB Leuben;Umbau;2016;6;19
64 Großzschachwitz;StB 6 Leuben;10 StB Leuben;Umbau;2017;1;1
64 Großzschachwitz;StB 6 Leuben;10 StB Leuben;Umbau;2018;18;294
64 Großzschachwitz;StB 6 Leuben;10 StB Leuben;Umbau;2019;3;14
64 Großzschachwitz;StB 6 Leuben;10 StB Leuben;Umbau;2020;3;3
64 Großzschachwitz;StB 6 Leuben;10 StB Leuben;Umbau;2021;4;15
64 Großzschachwitz;StB 6 Leuben;10 StB Leuben;Umbau;2022;1;1
64 Großzschachwitz;StB 6 Leuben;10 StB Leuben;Umbau;2023;2;11
64 Großzschachwitz;StB 6 Leuben;10 StB Leuben;Umbau;2024;3;9
64 Großzschachwitz;StB 6 Leuben;10 StB Leuben;Umbau;2025;5;36
71 Prohlis-Nord;StB 7 Prohlis;11 Prohlis, Reick (mit Sternhäuser, Am Koitschgraben);Neubau;1993;1;6
71 Prohlis-Nord;StB 7 Prohlis;11 Prohlis, Reick (mit Sternhäuser, Am Koitschgraben);Neubau;1996;1;0
71 Prohlis-Nord;StB 7 Prohlis;11 Prohlis, Reick (mit Sternhäuser, Am Koitschgraben);Neubau;1998;1;0
71 Prohlis-Nord;StB 7 Prohlis;11 Prohlis, Reick (mit Sternhäuser, Am Koitschgraben);Neubau;1999;27;27
71 Prohlis-Nord;StB 7 Prohlis;11 Prohlis, Reick (mit Sternhäuser, Am Koitschgraben);Neubau;2000;3;2
71 Prohlis-Nord;StB 7 Prohlis;11 Prohlis, Reick (mit Sternhäuser, Am Koitschgraben);Neubau;2006;1;0
71 Prohlis-Nord;StB 7 Prohlis;11 Prohlis, Reick (mit Sternhäuser, Am Koitschgraben);Neubau;2007;1;0
71 Prohlis-Nord;StB 7 Prohlis;11 Prohlis, Reick (mit Sternhäuser, Am Koitschgraben);Neubau;2009;1;0
71 Prohlis-Nord;StB 7 Prohlis;11 Prohlis, Reick (mit Sternhäuser, Am Koitschgraben);Neubau;2012;1;0
71 Prohlis-Nord;StB 7 Prohlis;11 Prohlis, Reick (mit Sternhäuser, Am Koitschgraben);Neubau;2017;2;1
71 Prohlis-Nord;StB 7 Prohlis;11 Prohlis, Reick (mit Sternhäuser, Am Koitschgraben);Neubau;2018;1;0
71 Prohlis-Nord;StB 7 Prohlis;11 Prohlis, Reick (mit Sternhäuser, Am Koitschgraben);Neubau;2021;3;2
71 Prohlis-Nord;StB 7 Prohlis;11 Prohlis, Reick (mit Sternhäuser, Am Koitschgraben);Neubau;2022;1;1
71 Prohlis-Nord;StB 7 Prohlis;11 Prohlis, Reick (mit Sternhäuser, Am Koitschgraben);Neubau;2024;1;0
71 Prohlis-Nord;StB 7 Prohlis;11 Prohlis, Reick (mit Sternhäuser, Am Koitschgraben);Umbau;1993;1;2
71 Prohlis-Nord;StB 7 Prohlis;11 Prohlis, Reick (mit Sternhäuser, Am Koitschgraben);Umbau;1996;1;7
71 Prohlis-Nord;StB 7 Prohlis;11 Prohlis, Reick (mit Sternhäuser, Am Koitschgraben);Umbau;1997;12;153
71 Prohlis-Nord;StB 7 Prohlis;11 Prohlis, Reick (mit Sternhäuser, Am Koitschgraben);Umbau;1999;7;45
71 Prohlis-Nord;StB 7 Prohlis;11 Prohlis, Reick (mit Sternhäuser, Am Koitschgraben);Umbau;2001;10;381
71 Prohlis-Nord;StB 7 Prohlis;11 Prohlis, Reick (mit Sternhäuser, Am Koitschgraben);Umbau;2002;2;6
71 Prohlis-Nord;StB 7 Prohlis;11 Prohlis, Reick (mit Sternhäuser, Am Koitschgraben);Umbau;2003;11;168
71 Prohlis-Nord;StB 7 Prohlis;11 Prohlis, Reick (mit Sternhäuser, Am Koitschgraben);Umbau;2004;6;49
71 Prohlis-Nord;StB 7 Prohlis;11 Prohlis, Reick (mit Sternhäuser, Am Koitschgraben);Umbau;2005;15;231
71 Prohlis-Nord;StB 7 Prohlis;11 Prohlis, Reick (mit Sternhäuser, Am Koitschgraben);Umbau;2007;7;36
71 Prohlis-Nord;StB 7 Prohlis;11 Prohlis, Reick (mit Sternhäuser, Am Koitschgraben);Umbau;2009;2;24
71 Prohlis-Nord;StB 7 Prohlis;11 Prohlis, Reick (mit Sternhäuser, Am Koitschgraben);Umbau;2010;4;48
71 Prohlis-Nord;StB 7 Prohlis;11 Prohlis, Reick (mit Sternhäuser, Am Koitschgraben);Umbau;2011;1;4
71 Prohlis-Nord;StB 7 Prohlis;11 Prohlis, Reick (mit Sternhäuser, Am Koitschgraben);Umbau;2014;4;125
71 Prohlis-Nord;StB 7 Prohlis;11 Prohlis, Reick (mit Sternhäuser, Am Koitschgraben);Umbau;2015;1;0
71 Prohlis-Nord;StB 7 Prohlis;11 Prohlis, Reick (mit Sternhäuser, Am Koitschgraben);Umbau;2016;2;12
71 Prohlis-Nord;StB 7 Prohlis;11 Prohlis, Reick (mit Sternhäuser, Am Koitschgraben);Umbau;2018;2;6
71 Prohlis-Nord;StB 7 Prohlis;11 Prohlis, Reick (mit Sternhäuser, Am Koitschgraben);Umbau;2019;4;48
71 Prohlis-Nord;StB 7 Prohlis;11 Prohlis, Reick (mit Sternhäuser, Am Koitschgraben);Umbau;2021;2;1
71 Prohlis-Nord;StB 7 Prohlis;11 Prohlis, Reick (mit Sternhäuser, Am Koitschgraben);Umbau;2022;15;158
71 Prohlis-Nord;StB 7 Prohlis;11 Prohlis, Reick (mit Sternhäuser, Am Koitschgraben);Umbau;2026;4;297
72 Prohlis-Süd;StB 7 Prohlis;11 Prohlis, Reick (mit Sternhäuser, Am Koitschgraben);Neubau;1996;1;0
72 Prohlis-Süd;StB 7 Prohlis;11 Prohlis, Reick (mit Sternhäuser, Am Koitschgraben);Neubau;1997;1;0
72 Prohlis-Süd;StB 7 Prohlis;11 Prohlis, Reick (mit Sternhäuser, Am Koitschgraben);Neubau;1999;1;0
72 Prohlis-Süd;StB 7 Prohlis;11 Prohlis, Reick (mit Sternhäuser, Am Koitschgraben);Neubau;2000;1;0
72 Prohlis-Süd;StB 7 Prohlis;11 Prohlis, Reick (mit Sternhäuser, Am Koitschgraben);Neubau;2002;1;0
72 Prohlis-Süd;StB 7 Prohlis;11 Prohlis, Reick (mit Sternhäuser, Am Koitschgraben);Neubau;2006;1;0
72 Prohlis-Süd;StB 7 Prohlis;11 Prohlis, Reick (mit Sternhäuser, Am Koitschgraben);Neubau;2012;2;0
72 Prohlis-Süd;StB 7 Prohlis;11 Prohlis, Reick (mit Sternhäuser, Am Koitschgraben);Neubau;2016;1;0
72 Prohlis-Süd;StB 7 Prohlis;11 Prohlis, Reick (mit Sternhäuser, Am Koitschgraben);Neubau;2018;2;0
72 Prohlis-Süd;StB 7 Prohlis;11 Prohlis, Reick (mit Sternhäuser, Am Koitschgraben);Neubau;2020;2;159
72 Prohlis-Süd;StB 7 Prohlis;11 Prohlis, Reick (mit Sternhäuser, Am Koitschgraben);Neubau;2021;1;0
72 Prohlis-Süd;StB 7 Prohlis;11 Prohlis, Reick (mit Sternhäuser, Am Koitschgraben);Neubau;2025;2;0
72 Prohlis-Süd;StB 7 Prohlis;11 Prohlis, Reick (mit Sternhäuser, Am Koitschgraben);Umbau;1999;17;276
72 Prohlis-Süd;StB 7 Prohlis;11 Prohlis, Reick (mit Sternhäuser, Am Koitschgraben);Umbau;2000;14;168
72 Prohlis-Süd;StB 7 Prohlis;11 Prohlis, Reick (mit Sternhäuser, Am Koitschgraben);Umbau;2001;76;1070
72 Prohlis-Süd;StB 7 Prohlis;11 Prohlis, Reick (mit Sternhäuser, Am Koitschgraben);Umbau;2002;3;64
72 Prohlis-Süd;StB 7 Prohlis;11 Prohlis, Reick (mit Sternhäuser, Am Koitschgraben);Umbau;2004;1;40
72 Prohlis-Süd;StB 7 Prohlis;11 Prohlis, Reick (mit Sternhäuser, Am Koitschgraben);Umbau;2005;4;116
72 Prohlis-Süd;StB 7 Prohlis;11 Prohlis, Reick (mit Sternhäuser, Am Koitschgraben);Umbau;2007;5;236
72 Prohlis-Süd;StB 7 Prohlis;11 Prohlis, Reick (mit Sternhäuser, Am Koitschgraben);Umbau;2009;2;76
72 Prohlis-Süd;StB 7 Prohlis;11 Prohlis, Reick (mit Sternhäuser, Am Koitschgraben);Umbau;2010;1;36
72 Prohlis-Süd;StB 7 Prohlis;11 Prohlis, Reick (mit Sternhäuser, Am Koitschgraben);Umbau;2011;1;0
72 Prohlis-Süd;StB 7 Prohlis;11 Prohlis, Reick (mit Sternhäuser, Am Koitschgraben);Umbau;2016;5;60
72 Prohlis-Süd;StB 7 Prohlis;11 Prohlis, Reick (mit Sternhäuser, Am Koitschgraben);Umbau;2017;1;0
72 Prohlis-Süd;StB 7 Prohlis;11 Prohlis, Reick (mit Sternhäuser, Am Koitschgraben);Umbau;2018;24;313
72 Prohlis-Süd;StB 7 Prohlis;11 Prohlis, Reick (mit Sternhäuser, Am Koitschgraben);Umbau;2021;1;208
72 Prohlis-Süd;StB 7 Prohlis;11 Prohlis, Reick (mit Sternhäuser, Am Koitschgraben);Umbau;2022;3;33
72 Prohlis-Süd;StB 7 Prohlis;11 Prohlis, Reick (mit Sternhäuser, Am Koitschgraben);Umbau;2023;1;0
72 Prohlis-Süd;StB 7 Prohlis;11 Prohlis, Reick (mit Sternhäuser, Am Koitschgraben);Umbau;2024;1;0
73 Niedersedlitz;StB 7 Prohlis;12 Niedersedlitz, Leubnitz, Strehlen (ohne Sternhäuser, Am Koitschgraben);Neubau;1992;3;7
73 Niedersedlitz;StB 7 Prohlis;12 Niedersedlitz, Leubnitz, Strehlen (ohne Sternhäuser, Am Koitschgraben);Neubau;1993;53;375
73 Niedersedlitz;StB 7 Prohlis;12 Niedersedlitz, Leubnitz, Strehlen (ohne Sternhäuser, Am Koitschgraben);Neubau;1994;8;52
73 Niedersedlitz;StB 7 Prohlis;12 Niedersedlitz, Leubnitz, Strehlen (ohne Sternhäuser, Am Koitschgraben);Neubau;1995;14;138
73 Niedersedlitz;StB 7 Prohlis;12 Niedersedlitz, Leubnitz, Strehlen (ohne Sternhäuser, Am Koitschgraben);Neubau;1996;6;12
73 Niedersedlitz;StB 7 Prohlis;12 Niedersedlitz, Leubnitz, Strehlen (ohne Sternhäuser, Am Koitschgraben);Neubau;1997;10;29
73 Niedersedlitz;StB 7 Prohlis;12 Niedersedlitz, Leubnitz, Strehlen (ohne Sternhäuser, Am Koitschgraben);Neubau;1998;29;34
73 Niedersedlitz;StB 7 Prohlis;12 Niedersedlitz, Leubnitz, Strehlen (ohne Sternhäuser, Am Koitschgraben);Neubau;1999;38;37
73 Niedersedlitz;StB 7 Prohlis;12 Niedersedlitz, Leubnitz, Strehlen (ohne Sternhäuser, Am Koitschgraben);Neubau;2000;21;16
73 Niedersedlitz;StB 7 Prohlis;12 Niedersedlitz, Leubnitz, Strehlen (ohne Sternhäuser, Am Koitschgraben);Neubau;2001;23;23
73 Niedersedlitz;StB 7 Prohlis;12 Niedersedlitz, Leubnitz, Strehlen (ohne Sternhäuser, Am Koitschgraben);Neubau;2002;6;6
73 Niedersedlitz;StB 7 Prohlis;12 Niedersedlitz, Leubnitz, Strehlen (ohne Sternhäuser, Am Koitschgraben);Neubau;2003;16;15
73 Niedersedlitz;StB 7 Prohlis;12 Niedersedlitz, Leubnitz, Strehlen (ohne Sternhäuser, Am Koitschgraben);Neubau;2004;11;11
73 Niedersedlitz;StB 7 Prohlis;12 Niedersedlitz, Leubnitz, Strehlen (ohne Sternhäuser, Am Koitschgraben);Neubau;2005;9;8
73 Niedersedlitz;StB 7 Prohlis;12 Niedersedlitz, Leubnitz, Strehlen (ohne Sternhäuser, Am Koitschgraben);Neubau;2006;10;10
73 Niedersedlitz;StB 7 Prohlis;12 Niedersedlitz, Leubnitz, Strehlen (ohne Sternhäuser, Am Koitschgraben);Neubau;2007;5;5
73 Niedersedlitz;StB 7 Prohlis;12 Niedersedlitz, Leubnitz, Strehlen (ohne Sternhäuser, Am Koitschgraben);Neubau;2008;5;4
73 Niedersedlitz;StB 7 Prohlis;12 Niedersedlitz, Leubnitz, Strehlen (ohne Sternhäuser, Am Koitschgraben);Neubau;2009;3;4
73 Niedersedlitz;StB 7 Prohlis;12 Niedersedlitz, Leubnitz, Strehlen (ohne Sternhäuser, Am Koitschgraben);Neubau;2010;11;9
73 Niedersedlitz;StB 7 Prohlis;12 Niedersedlitz, Leubnitz, Strehlen (ohne Sternhäuser, Am Koitschgraben);Neubau;2011;18;17
73 Niedersedlitz;StB 7 Prohlis;12 Niedersedlitz, Leubnitz, Strehlen (ohne Sternhäuser, Am Koitschgraben);Neubau;2012;7;7
73 Niedersedlitz;StB 7 Prohlis;12 Niedersedlitz, Leubnitz, Strehlen (ohne Sternhäuser, Am Koitschgraben);Neubau;2013;18;18
73 Niedersedlitz;StB 7 Prohlis;12 Niedersedlitz, Leubnitz, Strehlen (ohne Sternhäuser, Am Koitschgraben);Neubau;2014;14;11
73 Niedersedlitz;StB 7 Prohlis;12 Niedersedlitz, Leubnitz, Strehlen (ohne Sternhäuser, Am Koitschgraben);Neubau;2015;14;72
73 Niedersedlitz;StB 7 Prohlis;12 Niedersedlitz, Leubnitz, Strehlen (ohne Sternhäuser, Am Koitschgraben);Neubau;2016;5;4
73 Niedersedlitz;StB 7 Prohlis;12 Niedersedlitz, Leubnitz, Strehlen (ohne Sternhäuser, Am Koitschgraben);Neubau;2017;6;5
73 Niedersedlitz;StB 7 Prohlis;12 Niedersedlitz, Leubnitz, Strehlen (ohne Sternhäuser, Am Koitschgraben);Neubau;2018;15;38
73 Niedersedlitz;StB 7 Prohlis;12 Niedersedlitz, Leubnitz, Strehlen (ohne Sternhäuser, Am Koitschgraben);Neubau;2019;6;18
73 Niedersedlitz;StB 7 Prohlis;12 Niedersedlitz, Leubnitz, Strehlen (ohne Sternhäuser, Am Koitschgraben);Neubau;2020;2;1
73 Niedersedlitz;StB 7 Prohlis;12 Niedersedlitz, Leubnitz, Strehlen (ohne Sternhäuser, Am Koitschgraben);Neubau;2021;2;1
73 Niedersedlitz;StB 7 Prohlis;12 Niedersedlitz, Leubnitz, Strehlen (ohne Sternhäuser, Am Koitschgraben);Neubau;2022;5;9
73 Niedersedlitz;StB 7 Prohlis;12 Niedersedlitz, Leubnitz, Strehlen (ohne Sternhäuser, Am Koitschgraben);Neubau;2023;3;0
73 Niedersedlitz;StB 7 Prohlis;12 Niedersedlitz, Leubnitz, Strehlen (ohne Sternhäuser, Am Koitschgraben);Neubau;2024;2;0
73 Niedersedlitz;StB 7 Prohlis;12 Niedersedlitz, Leubnitz, Strehlen (ohne Sternhäuser, Am Koitschgraben);Neubau;2025;1;2
73 Niedersedlitz;StB 7 Prohlis;12 Niedersedlitz, Leubnitz, Strehlen (ohne Sternhäuser, Am Koitschgraben);Neubau;2026;2;1
73 Niedersedlitz;StB 7 Prohlis;12 Niedersedlitz, Leubnitz, Strehlen (ohne Sternhäuser, Am Koitschgraben);Umbau;1992;3;3
73 Niedersedlitz;StB 7 Prohlis;12 Niedersedlitz, Leubnitz, Strehlen (ohne Sternhäuser, Am Koitschgraben);Umbau;1993;3;6
73 Niedersedlitz;StB 7 Prohlis;12 Niedersedlitz, Leubnitz, Strehlen (ohne Sternhäuser, Am Koitschgraben);Umbau;1994;7;13
73 Niedersedlitz;StB 7 Prohlis;12 Niedersedlitz, Leubnitz, Strehlen (ohne Sternhäuser, Am Koitschgraben);Umbau;1995;4;11
73 Niedersedlitz;StB 7 Prohlis;12 Niedersedlitz, Leubnitz, Strehlen (ohne Sternhäuser, Am Koitschgraben);Umbau;1996;4;8
73 Niedersedlitz;StB 7 Prohlis;12 Niedersedlitz, Leubnitz, Strehlen (ohne Sternhäuser, Am Koitschgraben);Umbau;1997;8;10
73 Niedersedlitz;StB 7 Prohlis;12 Niedersedlitz, Leubnitz, Strehlen (ohne Sternhäuser, Am Koitschgraben);Umbau;1998;10;16
73 Niedersedlitz;StB 7 Prohlis;12 Niedersedlitz, Leubnitz, Strehlen (ohne Sternhäuser, Am Koitschgraben);Umbau;1999;9;23
73 Niedersedlitz;StB 7 Prohlis;12 Niedersedlitz, Leubnitz, Strehlen (ohne Sternhäuser, Am Koitschgraben);Umbau;2000;12;40
73 Niedersedlitz;StB 7 Prohlis;12 Niedersedlitz, Leubnitz, Strehlen (ohne Sternhäuser, Am Koitschgraben);Umbau;2001;7;21
73 Niedersedlitz;StB 7 Prohlis;12 Niedersedlitz, Leubnitz, Strehlen (ohne Sternhäuser, Am Koitschgraben);Umbau;2002;6;19
73 Niedersedlitz;StB 7 Prohlis;12 Niedersedlitz, Leubnitz, Strehlen (ohne Sternhäuser, Am Koitschgraben);Umbau;2003;18;59
73 Niedersedlitz;StB 7 Prohlis;12 Niedersedlitz, Leubnitz, Strehlen (ohne Sternhäuser, Am Koitschgraben);Umbau;2004;10;44
73 Niedersedlitz;StB 7 Prohlis;12 Niedersedlitz, Leubnitz, Strehlen (ohne Sternhäuser, Am Koitschgraben);Umbau;2005;11;34
73 Niedersedlitz;StB 7 Prohlis;12 Niedersedlitz, Leubnitz, Strehlen (ohne Sternhäuser, Am Koitschgraben);Umbau;2006;3;6
73 Niedersedlitz;StB 7 Prohlis;12 Niedersedlitz, Leubnitz, Strehlen (ohne Sternhäuser, Am Koitschgraben);Umbau;2007;23;91
73 Niedersedlitz;StB 7 Prohlis;12 Niedersedlitz, Leubnitz, Strehlen (ohne Sternhäuser, Am Koitschgraben);Umbau;2008;17;85
73 Niedersedlitz;StB 7 Prohlis;12 Niedersedlitz, Leubnitz, Strehlen (ohne Sternhäuser, Am Koitschgraben);Umbau;2009;10;21
73 Niedersedlitz;StB 7 Prohlis;12 Niedersedlitz, Leubnitz, Strehlen (ohne Sternhäuser, Am Koitschgraben);Umbau;2010;11;22
73 Niedersedlitz;StB 7 Prohlis;12 Niedersedlitz, Leubnitz, Strehlen (ohne Sternhäuser, Am Koitschgraben);Umbau;2011;9;42
73 Niedersedlitz;StB 7 Prohlis;12 Niedersedlitz, Leubnitz, Strehlen (ohne Sternhäuser, Am Koitschgraben);Umbau;2012;3;5
73 Niedersedlitz;StB 7 Prohlis;12 Niedersedlitz, Leubnitz, Strehlen (ohne Sternhäuser, Am Koitschgraben);Umbau;2013;7;53
73 Niedersedlitz;StB 7 Prohlis;12 Niedersedlitz, Leubnitz, Strehlen (ohne Sternhäuser, Am Koitschgraben);Umbau;2014;7;5
73 Niedersedlitz;StB 7 Prohlis;12 Niedersedlitz, Leubnitz, Strehlen (ohne Sternhäuser, Am Koitschgraben);Umbau;2015;4;15
73 Niedersedlitz;StB 7 Prohlis;12 Niedersedlitz, Leubnitz, Strehlen (ohne Sternhäuser, Am Koitschgraben);Umbau;2016;3;22
73 Niedersedlitz;StB 7 Prohlis;12 Niedersedlitz, Leubnitz, Strehlen (ohne Sternhäuser, Am Koitschgraben);Umbau;2017;13;24
73 Niedersedlitz;StB 7 Prohlis;12 Niedersedlitz, Leubnitz, Strehlen (ohne Sternhäuser, Am Koitschgraben);Umbau;2018;6;34
73 Niedersedlitz;StB 7 Prohlis;12 Niedersedlitz, Leubnitz, Strehlen (ohne Sternhäuser, Am Koitschgraben);Umbau;2019;15;51
73 Niedersedlitz;StB 7 Prohlis;12 Niedersedlitz, Leubnitz, Strehlen (ohne Sternhäuser, Am Koitschgraben);Umbau;2020;3;5
73 Niedersedlitz;StB 7 Prohlis;12 Niedersedlitz, Leubnitz, Strehlen (ohne Sternhäuser, Am Koitschgraben);Umbau;2021;6;8
73 Niedersedlitz;StB 7 Prohlis;12 Niedersedlitz, Leubnitz, Strehlen (ohne Sternhäuser, Am Koitschgraben);Umbau;2022;6;27
73 Niedersedlitz;StB 7 Prohlis;12 Niedersedlitz, Leubnitz, Strehlen (ohne Sternhäuser, Am Koitschgraben);Umbau;2023;8;10
73 Niedersedlitz;StB 7 Prohlis;12 Niedersedlitz, Leubnitz, Strehlen (ohne Sternhäuser, Am Koitschgraben);Umbau;2024;5;7
73 Niedersedlitz;StB 7 Prohlis;12 Niedersedlitz, Leubnitz, Strehlen (ohne Sternhäuser, Am Koitschgraben);Umbau;2025;5;6
73 Niedersedlitz;StB 7 Prohlis;12 Niedersedlitz, Leubnitz, Strehlen (ohne Sternhäuser, Am Koitschgraben);Umbau;2026;2;5
74 Lockwitz;StB 7 Prohlis;12 Niedersedlitz, Leubnitz, Strehlen (ohne Sternhäuser, Am Koitschgraben);Neubau;1992;7;5
74 Lockwitz;StB 7 Prohlis;12 Niedersedlitz, Leubnitz, Strehlen (ohne Sternhäuser, Am Koitschgraben);Neubau;1993;22;45
74 Lockwitz;StB 7 Prohlis;12 Niedersedlitz, Leubnitz, Strehlen (ohne Sternhäuser, Am Koitschgraben);Neubau;1994;12;38
74 Lockwitz;StB 7 Prohlis;12 Niedersedlitz, Leubnitz, Strehlen (ohne Sternhäuser, Am Koitschgraben);Neubau;1995;23;57
74 Lockwitz;StB 7 Prohlis;12 Niedersedlitz, Leubnitz, Strehlen (ohne Sternhäuser, Am Koitschgraben);Neubau;1996;25;53
74 Lockwitz;StB 7 Prohlis;12 Niedersedlitz, Leubnitz, Strehlen (ohne Sternhäuser, Am Koitschgraben);Neubau;1997;22;20
74 Lockwitz;StB 7 Prohlis;12 Niedersedlitz, Leubnitz, Strehlen (ohne Sternhäuser, Am Koitschgraben);Neubau;1998;80;212
74 Lockwitz;StB 7 Prohlis;12 Niedersedlitz, Leubnitz, Strehlen (ohne Sternhäuser, Am Koitschgraben);Neubau;1999;40;66
74 Lockwitz;StB 7 Prohlis;12 Niedersedlitz, Leubnitz, Strehlen (ohne Sternhäuser, Am Koitschgraben);Neubau;2000;136;134
74 Lockwitz;StB 7 Prohlis;12 Niedersedlitz, Leubnitz, Strehlen (ohne Sternhäuser, Am Koitschgraben);Neubau;2001;32;36
74 Lockwitz;StB 7 Prohlis;12 Niedersedlitz, Leubnitz, Strehlen (ohne Sternhäuser, Am Koitschgraben);Neubau;2002;58;56
74 Lockwitz;StB 7 Prohlis;12 Niedersedlitz, Leubnitz, Strehlen (ohne Sternhäuser, Am Koitschgraben);Neubau;2003;54;51
74 Lockwitz;StB 7 Prohlis;12 Niedersedlitz, Leubnitz, Strehlen (ohne Sternhäuser, Am Koitschgraben);Neubau;2004;56;56
74 Lockwitz;StB 7 Prohlis;12 Niedersedlitz, Leubnitz, Strehlen (ohne Sternhäuser, Am Koitschgraben);Neubau;2005;50;47
74 Lockwitz;StB 7 Prohlis;12 Niedersedlitz, Leubnitz, Strehlen (ohne Sternhäuser, Am Koitschgraben);Neubau;2006;47;50
74 Lockwitz;StB 7 Prohlis;12 Niedersedlitz, Leubnitz, Strehlen (ohne Sternhäuser, Am Koitschgraben);Neubau;2007;33;32
74 Lockwitz;StB 7 Prohlis;12 Niedersedlitz, Leubnitz, Strehlen (ohne Sternhäuser, Am Koitschgraben);Neubau;2008;12;13
74 Lockwitz;StB 7 Prohlis;12 Niedersedlitz, Leubnitz, Strehlen (ohne Sternhäuser, Am Koitschgraben);Neubau;2009;35;36
74 Lockwitz;StB 7 Prohlis;12 Niedersedlitz, Leubnitz, Strehlen (ohne Sternhäuser, Am Koitschgraben);Neubau;2010;49;46
74 Lockwitz;StB 7 Prohlis;12 Niedersedlitz, Leubnitz, Strehlen (ohne Sternhäuser, Am Koitschgraben);Neubau;2011;44;42
74 Lockwitz;StB 7 Prohlis;12 Niedersedlitz, Leubnitz, Strehlen (ohne Sternhäuser, Am Koitschgraben);Neubau;2012;16;18
74 Lockwitz;StB 7 Prohlis;12 Niedersedlitz, Leubnitz, Strehlen (ohne Sternhäuser, Am Koitschgraben);Neubau;2013;13;10
74 Lockwitz;StB 7 Prohlis;12 Niedersedlitz, Leubnitz, Strehlen (ohne Sternhäuser, Am Koitschgraben);Neubau;2014;10;10
74 Lockwitz;StB 7 Prohlis;12 Niedersedlitz, Leubnitz, Strehlen (ohne Sternhäuser, Am Koitschgraben);Neubau;2015;33;33
74 Lockwitz;StB 7 Prohlis;12 Niedersedlitz, Leubnitz, Strehlen (ohne Sternhäuser, Am Koitschgraben);Neubau;2016;18;17
74 Lockwitz;StB 7 Prohlis;12 Niedersedlitz, Leubnitz, Strehlen (ohne Sternhäuser, Am Koitschgraben);Neubau;2017;63;102
74 Lockwitz;StB 7 Prohlis;12 Niedersedlitz, Leubnitz, Strehlen (ohne Sternhäuser, Am Koitschgraben);Neubau;2018;24;21
74 Lockwitz;StB 7 Prohlis;12 Niedersedlitz, Leubnitz, Strehlen (ohne Sternhäuser, Am Koitschgraben);Neubau;2019;35;25
74 Lockwitz;StB 7 Prohlis;12 Niedersedlitz, Leubnitz, Strehlen (ohne Sternhäuser, Am Koitschgraben);Neubau;2020;56;55
74 Lockwitz;StB 7 Prohlis;12 Niedersedlitz, Leubnitz, Strehlen (ohne Sternhäuser, Am Koitschgraben);Neubau;2021;22;45
74 Lockwitz;StB 7 Prohlis;12 Niedersedlitz, Leubnitz, Strehlen (ohne Sternhäuser, Am Koitschgraben);Neubau;2022;4;14
74 Lockwitz;StB 7 Prohlis;12 Niedersedlitz, Leubnitz, Strehlen (ohne Sternhäuser, Am Koitschgraben);Neubau;2023;2;1
74 Lockwitz;StB 7 Prohlis;12 Niedersedlitz, Leubnitz, Strehlen (ohne Sternhäuser, Am Koitschgraben);Neubau;2024;26;26
74 Lockwitz;StB 7 Prohlis;12 Niedersedlitz, Leubnitz, Strehlen (ohne Sternhäuser, Am Koitschgraben);Neubau;2025;4;2
74 Lockwitz;StB 7 Prohlis;12 Niedersedlitz, Leubnitz, Strehlen (ohne Sternhäuser, Am Koitschgraben);Neubau;2026;10;79
74 Lockwitz;StB 7 Prohlis;12 Niedersedlitz, Leubnitz, Strehlen (ohne Sternhäuser, Am Koitschgraben);Umbau;1992;1;3
74 Lockwitz;StB 7 Prohlis;12 Niedersedlitz, Leubnitz, Strehlen (ohne Sternhäuser, Am Koitschgraben);Umbau;1993;3;3
74 Lockwitz;StB 7 Prohlis;12 Niedersedlitz, Leubnitz, Strehlen (ohne Sternhäuser, Am Koitschgraben);Umbau;1994;8;11
74 Lockwitz;StB 7 Prohlis;12 Niedersedlitz, Leubnitz, Strehlen (ohne Sternhäuser, Am Koitschgraben);Umbau;1995;2;4
74 Lockwitz;StB 7 Prohlis;12 Niedersedlitz, Leubnitz, Strehlen (ohne Sternhäuser, Am Koitschgraben);Umbau;1996;5;20
74 Lockwitz;StB 7 Prohlis;12 Niedersedlitz, Leubnitz, Strehlen (ohne Sternhäuser, Am Koitschgraben);Umbau;1997;12;19
74 Lockwitz;StB 7 Prohlis;12 Niedersedlitz, Leubnitz, Strehlen (ohne Sternhäuser, Am Koitschgraben);Umbau;1998;7;23
74 Lockwitz;StB 7 Prohlis;12 Niedersedlitz, Leubnitz, Strehlen (ohne Sternhäuser, Am Koitschgraben);Umbau;1999;28;236
74 Lockwitz;StB 7 Prohlis;12 Niedersedlitz, Leubnitz, Strehlen (ohne Sternhäuser, Am Koitschgraben);Umbau;2000;10;25
74 Lockwitz;StB 7 Prohlis;12 Niedersedlitz, Leubnitz, Strehlen (ohne Sternhäuser, Am Koitschgraben);Umbau;2001;11;26
74 Lockwitz;StB 7 Prohlis;12 Niedersedlitz, Leubnitz, Strehlen (ohne Sternhäuser, Am Koitschgraben);Umbau;2002;6;9
74 Lockwitz;StB 7 Prohlis;12 Niedersedlitz, Leubnitz, Strehlen (ohne Sternhäuser, Am Koitschgraben);Umbau;2003;3;6
74 Lockwitz;StB 7 Prohlis;12 Niedersedlitz, Leubnitz, Strehlen (ohne Sternhäuser, Am Koitschgraben);Umbau;2004;11;21
74 Lockwitz;StB 7 Prohlis;12 Niedersedlitz, Leubnitz, Strehlen (ohne Sternhäuser, Am Koitschgraben);Umbau;2005;11;31
74 Lockwitz;StB 7 Prohlis;12 Niedersedlitz, Leubnitz, Strehlen (ohne Sternhäuser, Am Koitschgraben);Umbau;2006;11;11
74 Lockwitz;StB 7 Prohlis;12 Niedersedlitz, Leubnitz, Strehlen (ohne Sternhäuser, Am Koitschgraben);Umbau;2007;6;17
74 Lockwitz;StB 7 Prohlis;12 Niedersedlitz, Leubnitz, Strehlen (ohne Sternhäuser, Am Koitschgraben);Umbau;2008;16;64
74 Lockwitz;StB 7 Prohlis;12 Niedersedlitz, Leubnitz, Strehlen (ohne Sternhäuser, Am Koitschgraben);Umbau;2009;17;47
74 Lockwitz;StB 7 Prohlis;12 Niedersedlitz, Leubnitz, Strehlen (ohne Sternhäuser, Am Koitschgraben);Umbau;2010;12;14
74 Lockwitz;StB 7 Prohlis;12 Niedersedlitz, Leubnitz, Strehlen (ohne Sternhäuser, Am Koitschgraben);Umbau;2011;10;14
74 Lockwitz;StB 7 Prohlis;12 Niedersedlitz, Leubnitz, Strehlen (ohne Sternhäuser, Am Koitschgraben);Umbau;2012;10;40
74 Lockwitz;StB 7 Prohlis;12 Niedersedlitz, Leubnitz, Strehlen (ohne Sternhäuser, Am Koitschgraben);Umbau;2013;12;18
74 Lockwitz;StB 7 Prohlis;12 Niedersedlitz, Leubnitz, Strehlen (ohne Sternhäuser, Am Koitschgraben);Umbau;2014;13;22
74 Lockwitz;StB 7 Prohlis;12 Niedersedlitz, Leubnitz, Strehlen (ohne Sternhäuser, Am Koitschgraben);Umbau;2015;5;11
74 Lockwitz;StB 7 Prohlis;12 Niedersedlitz, Leubnitz, Strehlen (ohne Sternhäuser, Am Koitschgraben);Umbau;2016;10;18
74 Lockwitz;StB 7 Prohlis;12 Niedersedlitz, Leubnitz, Strehlen (ohne Sternhäuser, Am Koitschgraben);Umbau;2017;16;37
74 Lockwitz;StB 7 Prohlis;12 Niedersedlitz, Leubnitz, Strehlen (ohne Sternhäuser, Am Koitschgraben);Umbau;2018;8;14
74 Lockwitz;StB 7 Prohlis;12 Niedersedlitz, Leubnitz, Strehlen (ohne Sternhäuser, Am Koitschgraben);Umbau;2019;6;18
74 Lockwitz;StB 7 Prohlis;12 Niedersedlitz, Leubnitz, Strehlen (ohne Sternhäuser, Am Koitschgraben);Umbau;2020;14;38
74 Lockwitz;StB 7 Prohlis;12 Niedersedlitz, Leubnitz, Strehlen (ohne Sternhäuser, Am Koitschgraben);Umbau;2021;10;19
74 Lockwitz;StB 7 Prohlis;12 Niedersedlitz, Leubnitz, Strehlen (ohne Sternhäuser, Am Koitschgraben);Umbau;2022;4;25
74 Lockwitz;StB 7 Prohlis;12 Niedersedlitz, Leubnitz, Strehlen (ohne Sternhäuser, Am Koitschgraben);Umbau;2023;9;8
74 Lockwitz;StB 7 Prohlis;12 Niedersedlitz, Leubnitz, Strehlen (ohne Sternhäuser, Am Koitschgraben);Umbau;2024;11;14
74 Lockwitz;StB 7 Prohlis;12 Niedersedlitz, Leubnitz, Strehlen (ohne Sternhäuser, Am Koitschgraben);Umbau;2025;8;28
75 Leubnitz-Neuostra;StB 7 Prohlis;12 Niedersedlitz, Leubnitz, Strehlen (ohne Sternhäuser, Am Koitschgraben);Neubau;1992;33;143
75 Leubnitz-Neuostra;StB 7 Prohlis;12 Niedersedlitz, Leubnitz, Strehlen (ohne Sternhäuser, Am Koitschgraben);Neubau;1993;19;38
75 Leubnitz-Neuostra;StB 7 Prohlis;12 Niedersedlitz, Leubnitz, Strehlen (ohne Sternhäuser, Am Koitschgraben);Neubau;1994;19;64
75 Leubnitz-Neuostra;StB 7 Prohlis;12 Niedersedlitz, Leubnitz, Strehlen (ohne Sternhäuser, Am Koitschgraben);Neubau;1995;158;709
75 Leubnitz-Neuostra;StB 7 Prohlis;12 Niedersedlitz, Leubnitz, Strehlen (ohne Sternhäuser, Am Koitschgraben);Neubau;1996;116;552
75 Leubnitz-Neuostra;StB 7 Prohlis;12 Niedersedlitz, Leubnitz, Strehlen (ohne Sternhäuser, Am Koitschgraben);Neubau;1997;14;26
75 Leubnitz-Neuostra;StB 7 Prohlis;12 Niedersedlitz, Leubnitz, Strehlen (ohne Sternhäuser, Am Koitschgraben);Neubau;1998;37;65
75 Leubnitz-Neuostra;StB 7 Prohlis;12 Niedersedlitz, Leubnitz, Strehlen (ohne Sternhäuser, Am Koitschgraben);Neubau;1999;64;110
75 Leubnitz-Neuostra;StB 7 Prohlis;12 Niedersedlitz, Leubnitz, Strehlen (ohne Sternhäuser, Am Koitschgraben);Neubau;2000;16;37
75 Leubnitz-Neuostra;StB 7 Prohlis;12 Niedersedlitz, Leubnitz, Strehlen (ohne Sternhäuser, Am Koitschgraben);Neubau;2001;5;5
75 Leubnitz-Neuostra;StB 7 Prohlis;12 Niedersedlitz, Leubnitz, Strehlen (ohne Sternhäuser, Am Koitschgraben);Neubau;2002;2;2
75 Leubnitz-Neuostra;StB 7 Prohlis;12 Niedersedlitz, Leubnitz, Strehlen (ohne Sternhäuser, Am Koitschgraben);Neubau;2003;23;25
75 Leubnitz-Neuostra;StB 7 Prohlis;12 Niedersedlitz, Leubnitz, Strehlen (ohne Sternhäuser, Am Koitschgraben);Neubau;2004;2;2
75 Leubnitz-Neuostra;StB 7 Prohlis;12 Niedersedlitz, Leubnitz, Strehlen (ohne Sternhäuser, Am Koitschgraben);Neubau;2005;20;19
75 Leubnitz-Neuostra;StB 7 Prohlis;12 Niedersedlitz, Leubnitz, Strehlen (ohne Sternhäuser, Am Koitschgraben);Neubau;2006;20;21
75 Leubnitz-Neuostra;StB 7 Prohlis;12 Niedersedlitz, Leubnitz, Strehlen (ohne Sternhäuser, Am Koitschgraben);Neubau;2007;11;15
75 Leubnitz-Neuostra;StB 7 Prohlis;12 Niedersedlitz, Leubnitz, Strehlen (ohne Sternhäuser, Am Koitschgraben);Neubau;2008;7;9
75 Leubnitz-Neuostra;StB 7 Prohlis;12 Niedersedlitz, Leubnitz, Strehlen (ohne Sternhäuser, Am Koitschgraben);Neubau;2009;10;8
75 Leubnitz-Neuostra;StB 7 Prohlis;12 Niedersedlitz, Leubnitz, Strehlen (ohne Sternhäuser, Am Koitschgraben);Neubau;2010;10;9
75 Leubnitz-Neuostra;StB 7 Prohlis;12 Niedersedlitz, Leubnitz, Strehlen (ohne Sternhäuser, Am Koitschgraben);Neubau;2011;17;16
75 Leubnitz-Neuostra;StB 7 Prohlis;12 Niedersedlitz, Leubnitz, Strehlen (ohne Sternhäuser, Am Koitschgraben);Neubau;2012;16;15
75 Leubnitz-Neuostra;StB 7 Prohlis;12 Niedersedlitz, Leubnitz, Strehlen (ohne Sternhäuser, Am Koitschgraben);Neubau;2013;12;23
75 Leubnitz-Neuostra;StB 7 Prohlis;12 Niedersedlitz, Leubnitz, Strehlen (ohne Sternhäuser, Am Koitschgraben);Neubau;2014;8;8
75 Leubnitz-Neuostra;StB 7 Prohlis;12 Niedersedlitz, Leubnitz, Strehlen (ohne Sternhäuser, Am Koitschgraben);Neubau;2015;14;21
75 Leubnitz-Neuostra;StB 7 Prohlis;12 Niedersedlitz, Leubnitz, Strehlen (ohne Sternhäuser, Am Koitschgraben);Neubau;2016;9;11
75 Leubnitz-Neuostra;StB 7 Prohlis;12 Niedersedlitz, Leubnitz, Strehlen (ohne Sternhäuser, Am Koitschgraben);Neubau;2017;7;39
75 Leubnitz-Neuostra;StB 7 Prohlis;12 Niedersedlitz, Leubnitz, Strehlen (ohne Sternhäuser, Am Koitschgraben);Neubau;2018;9;8
75 Leubnitz-Neuostra;StB 7 Prohlis;12 Niedersedlitz, Leubnitz, Strehlen (ohne Sternhäuser, Am Koitschgraben);Neubau;2019;16;140
75 Leubnitz-Neuostra;StB 7 Prohlis;12 Niedersedlitz, Leubnitz, Strehlen (ohne Sternhäuser, Am Koitschgraben);Neubau;2020;15;8
75 Leubnitz-Neuostra;StB 7 Prohlis;12 Niedersedlitz, Leubnitz, Strehlen (ohne Sternhäuser, Am Koitschgraben);Neubau;2021;6;38
75 Leubnitz-Neuostra;StB 7 Prohlis;12 Niedersedlitz, Leubnitz, Strehlen (ohne Sternhäuser, Am Koitschgraben);Neubau;2022;4;7
75 Leubnitz-Neuostra;StB 7 Prohlis;12 Niedersedlitz, Leubnitz, Strehlen (ohne Sternhäuser, Am Koitschgraben);Neubau;2023;2;2
75 Leubnitz-Neuostra;StB 7 Prohlis;12 Niedersedlitz, Leubnitz, Strehlen (ohne Sternhäuser, Am Koitschgraben);Neubau;2024;1;2
75 Leubnitz-Neuostra;StB 7 Prohlis;12 Niedersedlitz, Leubnitz, Strehlen (ohne Sternhäuser, Am Koitschgraben);Neubau;2025;5;54
75 Leubnitz-Neuostra;StB 7 Prohlis;12 Niedersedlitz, Leubnitz, Strehlen (ohne Sternhäuser, Am Koitschgraben);Neubau;2026;3;0
75 Leubnitz-Neuostra;StB 7 Prohlis;12 Niedersedlitz, Leubnitz, Strehlen (ohne Sternhäuser, Am Koitschgraben);Umbau;1992;2;1
75 Leubnitz-Neuostra;StB 7 Prohlis;12 Niedersedlitz, Leubnitz, Strehlen (ohne Sternhäuser, Am Koitschgraben);Umbau;1993;6;5
75 Leubnitz-Neuostra;StB 7 Prohlis;12 Niedersedlitz, Leubnitz, Strehlen (ohne Sternhäuser, Am Koitschgraben);Umbau;1994;4;5
75 Leubnitz-Neuostra;StB 7 Prohlis;12 Niedersedlitz, Leubnitz, Strehlen (ohne Sternhäuser, Am Koitschgraben);Umbau;1995;2;4
75 Leubnitz-Neuostra;StB 7 Prohlis;12 Niedersedlitz, Leubnitz, Strehlen (ohne Sternhäuser, Am Koitschgraben);Umbau;1996;13;76
75 Leubnitz-Neuostra;StB 7 Prohlis;12 Niedersedlitz, Leubnitz, Strehlen (ohne Sternhäuser, Am Koitschgraben);Umbau;1997;10;41
75 Leubnitz-Neuostra;StB 7 Prohlis;12 Niedersedlitz, Leubnitz, Strehlen (ohne Sternhäuser, Am Koitschgraben);Umbau;1998;7;29
75 Leubnitz-Neuostra;StB 7 Prohlis;12 Niedersedlitz, Leubnitz, Strehlen (ohne Sternhäuser, Am Koitschgraben);Umbau;1999;14;48
75 Leubnitz-Neuostra;StB 7 Prohlis;12 Niedersedlitz, Leubnitz, Strehlen (ohne Sternhäuser, Am Koitschgraben);Umbau;2000;17;61
75 Leubnitz-Neuostra;StB 7 Prohlis;12 Niedersedlitz, Leubnitz, Strehlen (ohne Sternhäuser, Am Koitschgraben);Umbau;2001;3;6
75 Leubnitz-Neuostra;StB 7 Prohlis;12 Niedersedlitz, Leubnitz, Strehlen (ohne Sternhäuser, Am Koitschgraben);Umbau;2002;9;19
75 Leubnitz-Neuostra;StB 7 Prohlis;12 Niedersedlitz, Leubnitz, Strehlen (ohne Sternhäuser, Am Koitschgraben);Umbau;2003;12;25
75 Leubnitz-Neuostra;StB 7 Prohlis;12 Niedersedlitz, Leubnitz, Strehlen (ohne Sternhäuser, Am Koitschgraben);Umbau;2004;39;168
75 Leubnitz-Neuostra;StB 7 Prohlis;12 Niedersedlitz, Leubnitz, Strehlen (ohne Sternhäuser, Am Koitschgraben);Umbau;2005;12;26
75 Leubnitz-Neuostra;StB 7 Prohlis;12 Niedersedlitz, Leubnitz, Strehlen (ohne Sternhäuser, Am Koitschgraben);Umbau;2006;31;142
75 Leubnitz-Neuostra;StB 7 Prohlis;12 Niedersedlitz, Leubnitz, Strehlen (ohne Sternhäuser, Am Koitschgraben);Umbau;2007;21;52
75 Leubnitz-Neuostra;StB 7 Prohlis;12 Niedersedlitz, Leubnitz, Strehlen (ohne Sternhäuser, Am Koitschgraben);Umbau;2008;46;298
75 Leubnitz-Neuostra;StB 7 Prohlis;12 Niedersedlitz, Leubnitz, Strehlen (ohne Sternhäuser, Am Koitschgraben);Umbau;2009;22;119
75 Leubnitz-Neuostra;StB 7 Prohlis;12 Niedersedlitz, Leubnitz, Strehlen (ohne Sternhäuser, Am Koitschgraben);Umbau;2010;19;96
75 Leubnitz-Neuostra;StB 7 Prohlis;12 Niedersedlitz, Leubnitz, Strehlen (ohne Sternhäuser, Am Koitschgraben);Umbau;2011;16;27
75 Leubnitz-Neuostra;StB 7 Prohlis;12 Niedersedlitz, Leubnitz, Strehlen (ohne Sternhäuser, Am Koitschgraben);Umbau;2012;14;66
75 Leubnitz-Neuostra;StB 7 Prohlis;12 Niedersedlitz, Leubnitz, Strehlen (ohne Sternhäuser, Am Koitschgraben);Umbau;2013;13;43
75 Leubnitz-Neuostra;StB 7 Prohlis;12 Niedersedlitz, Leubnitz, Strehlen (ohne Sternhäuser, Am Koitschgraben);Umbau;2014;16;54
75 Leubnitz-Neuostra;StB 7 Prohlis;12 Niedersedlitz, Leubnitz, Strehlen (ohne Sternhäuser, Am Koitschgraben);Umbau;2015;16;19
75 Leubnitz-Neuostra;StB 7 Prohlis;12 Niedersedlitz, Leubnitz, Strehlen (ohne Sternhäuser, Am Koitschgraben);Umbau;2016;11;19
75 Leubnitz-Neuostra;StB 7 Prohlis;12 Niedersedlitz, Leubnitz, Strehlen (ohne Sternhäuser, Am Koitschgraben);Umbau;2017;11;16
75 Leubnitz-Neuostra;StB 7 Prohlis;12 Niedersedlitz, Leubnitz, Strehlen (ohne Sternhäuser, Am Koitschgraben);Umbau;2018;9;28
75 Leubnitz-Neuostra;StB 7 Prohlis;12 Niedersedlitz, Leubnitz, Strehlen (ohne Sternhäuser, Am Koitschgraben);Umbau;2019;22;157
75 Leubnitz-Neuostra;StB 7 Prohlis;12 Niedersedlitz, Leubnitz, Strehlen (ohne Sternhäuser, Am Koitschgraben);Umbau;2020;4;4
75 Leubnitz-Neuostra;StB 7 Prohlis;12 Niedersedlitz, Leubnitz, Strehlen (ohne Sternhäuser, Am Koitschgraben);Umbau;2021;19;82
75 Leubnitz-Neuostra;StB 7 Prohlis;12 Niedersedlitz, Leubnitz, Strehlen (ohne Sternhäuser, Am Koitschgraben);Umbau;2022;9;9
75 Leubnitz-Neuostra;StB 7 Prohlis;12 Niedersedlitz, Leubnitz, Strehlen (ohne Sternhäuser, Am Koitschgraben);Umbau;2023;5;12
75 Leubnitz-Neuostra;StB 7 Prohlis;12 Niedersedlitz, Leubnitz, Strehlen (ohne Sternhäuser, Am Koitschgraben);Umbau;2024;12;29
75 Leubnitz-Neuostra;StB 7 Prohlis;12 Niedersedlitz, Leubnitz, Strehlen (ohne Sternhäuser, Am Koitschgraben);Umbau;2025;7;15
75 Leubnitz-Neuostra;StB 7 Prohlis;12 Niedersedlitz, Leubnitz, Strehlen (ohne Sternhäuser, Am Koitschgraben);Umbau;2026;7;9
76 Strehlen;StB 7 Prohlis;11 Prohlis, Reick (mit Sternhäuser, Am Koitschgraben);Neubau;1995;1;0
76 Strehlen;StB 7 Prohlis;11 Prohlis, Reick (mit Sternhäuser, Am Koitschgraben);Neubau;1996;1;0
76 Strehlen;StB 7 Prohlis;11 Prohlis, Reick (mit Sternhäuser, Am Koitschgraben);Neubau;1998;1;0
76 Strehlen;StB 7 Prohlis;11 Prohlis, Reick (mit Sternhäuser, Am Koitschgraben);Neubau;2000;5;1
76 Strehlen;StB 7 Prohlis;11 Prohlis, Reick (mit Sternhäuser, Am Koitschgraben);Neubau;2001;1;0
76 Strehlen;StB 7 Prohlis;11 Prohlis, Reick (mit Sternhäuser, Am Koitschgraben);Neubau;2004;1;0
76 Strehlen;StB 7 Prohlis;11 Prohlis, Reick (mit Sternhäuser, Am Koitschgraben);Neubau;2009;4;4
76 Strehlen;StB 7 Prohlis;11 Prohlis, Reick (mit Sternhäuser, Am Koitschgraben);Neubau;2010;3;2
76 Strehlen;StB 7 Prohlis;11 Prohlis, Reick (mit Sternhäuser, Am Koitschgraben);Neubau;2011;2;2
76 Strehlen;StB 7 Prohlis;11 Prohlis, Reick (mit Sternhäuser, Am Koitschgraben);Neubau;2012;1;0
76 Strehlen;StB 7 Prohlis;11 Prohlis, Reick (mit Sternhäuser, Am Koitschgraben);Neubau;2025;1;0
76 Strehlen;StB 7 Prohlis;11 Prohlis, Reick (mit Sternhäuser, Am Koitschgraben);Umbau;2001;1;0
76 Strehlen;StB 7 Prohlis;11 Prohlis, Reick (mit Sternhäuser, Am Koitschgraben);Umbau;2006;1;0
76 Strehlen;StB 7 Prohlis;11 Prohlis, Reick (mit Sternhäuser, Am Koitschgraben);Umbau;2008;2;0
76 Strehlen;StB 7 Prohlis;11 Prohlis, Reick (mit Sternhäuser, Am Koitschgraben);Umbau;2011;2;0
76 Strehlen;StB 7 Prohlis;11 Prohlis, Reick (mit Sternhäuser, Am Koitschgraben);Umbau;2015;2;24
76 Strehlen;StB 7 Prohlis;11 Prohlis, Reick (mit Sternhäuser, Am Koitschgraben);Umbau;2016;1;0
76 Strehlen;StB 7 Prohlis;11 Prohlis, Reick (mit Sternhäuser, Am Koitschgraben);Umbau;2019;1;0
76 Strehlen;StB 7 Prohlis;11 Prohlis, Reick (mit Sternhäuser, Am Koitschgraben);Umbau;2023;1;0
76 Strehlen;StB 7 Prohlis;11 Prohlis, Reick (mit Sternhäuser, Am Koitschgraben);Umbau;2025;1;0
76 Strehlen;StB 7 Prohlis;12 Niedersedlitz, Leubnitz, Strehlen (ohne Sternhäuser, Am Koitschgraben);Neubau;1992;7;8
76 Strehlen;StB 7 Prohlis;12 Niedersedlitz, Leubnitz, Strehlen (ohne Sternhäuser, Am Koitschgraben);Neubau;1993;3;11
76 Strehlen;StB 7 Prohlis;12 Niedersedlitz, Leubnitz, Strehlen (ohne Sternhäuser, Am Koitschgraben);Neubau;1994;12;154
76 Strehlen;StB 7 Prohlis;12 Niedersedlitz, Leubnitz, Strehlen (ohne Sternhäuser, Am Koitschgraben);Neubau;1995;5;22
76 Strehlen;StB 7 Prohlis;12 Niedersedlitz, Leubnitz, Strehlen (ohne Sternhäuser, Am Koitschgraben);Neubau;1996;18;87
76 Strehlen;StB 7 Prohlis;12 Niedersedlitz, Leubnitz, Strehlen (ohne Sternhäuser, Am Koitschgraben);Neubau;1997;6;50
76 Strehlen;StB 7 Prohlis;12 Niedersedlitz, Leubnitz, Strehlen (ohne Sternhäuser, Am Koitschgraben);Neubau;1998;41;59
76 Strehlen;StB 7 Prohlis;12 Niedersedlitz, Leubnitz, Strehlen (ohne Sternhäuser, Am Koitschgraben);Neubau;1999;11;31
76 Strehlen;StB 7 Prohlis;12 Niedersedlitz, Leubnitz, Strehlen (ohne Sternhäuser, Am Koitschgraben);Neubau;2000;1;1
76 Strehlen;StB 7 Prohlis;12 Niedersedlitz, Leubnitz, Strehlen (ohne Sternhäuser, Am Koitschgraben);Neubau;2001;6;5
76 Strehlen;StB 7 Prohlis;12 Niedersedlitz, Leubnitz, Strehlen (ohne Sternhäuser, Am Koitschgraben);Neubau;2002;1;2
76 Strehlen;StB 7 Prohlis;12 Niedersedlitz, Leubnitz, Strehlen (ohne Sternhäuser, Am Koitschgraben);Neubau;2003;6;3
76 Strehlen;StB 7 Prohlis;12 Niedersedlitz, Leubnitz, Strehlen (ohne Sternhäuser, Am Koitschgraben);Neubau;2004;5;5
76 Strehlen;StB 7 Prohlis;12 Niedersedlitz, Leubnitz, Strehlen (ohne Sternhäuser, Am Koitschgraben);Neubau;2005;3;3
76 Strehlen;StB 7 Prohlis;12 Niedersedlitz, Leubnitz, Strehlen (ohne Sternhäuser, Am Koitschgraben);Neubau;2006;5;5
76 Strehlen;StB 7 Prohlis;12 Niedersedlitz, Leubnitz, Strehlen (ohne Sternhäuser, Am Koitschgraben);Neubau;2007;1;1
76 Strehlen;StB 7 Prohlis;12 Niedersedlitz, Leubnitz, Strehlen (ohne Sternhäuser, Am Koitschgraben);Neubau;2008;5;5
76 Strehlen;StB 7 Prohlis;12 Niedersedlitz, Leubnitz, Strehlen (ohne Sternhäuser, Am Koitschgraben);Neubau;2009;4;4
76 Strehlen;StB 7 Prohlis;12 Niedersedlitz, Leubnitz, Strehlen (ohne Sternhäuser, Am Koitschgraben);Neubau;2010;3;3
76 Strehlen;StB 7 Prohlis;12 Niedersedlitz, Leubnitz, Strehlen (ohne Sternhäuser, Am Koitschgraben);Neubau;2011;7;367
76 Strehlen;StB 7 Prohlis;12 Niedersedlitz, Leubnitz, Strehlen (ohne Sternhäuser, Am Koitschgraben);Neubau;2012;3;13
76 Strehlen;StB 7 Prohlis;12 Niedersedlitz, Leubnitz, Strehlen (ohne Sternhäuser, Am Koitschgraben);Neubau;2013;6;20
76 Strehlen;StB 7 Prohlis;12 Niedersedlitz, Leubnitz, Strehlen (ohne Sternhäuser, Am Koitschgraben);Neubau;2014;2;1
76 Strehlen;StB 7 Prohlis;12 Niedersedlitz, Leubnitz, Strehlen (ohne Sternhäuser, Am Koitschgraben);Neubau;2015;9;36
76 Strehlen;StB 7 Prohlis;12 Niedersedlitz, Leubnitz, Strehlen (ohne Sternhäuser, Am Koitschgraben);Neubau;2016;9;13
76 Strehlen;StB 7 Prohlis;12 Niedersedlitz, Leubnitz, Strehlen (ohne Sternhäuser, Am Koitschgraben);Neubau;2017;6;34
76 Strehlen;StB 7 Prohlis;12 Niedersedlitz, Leubnitz, Strehlen (ohne Sternhäuser, Am Koitschgraben);Neubau;2018;7;76
76 Strehlen;StB 7 Prohlis;12 Niedersedlitz, Leubnitz, Strehlen (ohne Sternhäuser, Am Koitschgraben);Neubau;2019;2;2
76 Strehlen;StB 7 Prohlis;12 Niedersedlitz, Leubnitz, Strehlen (ohne Sternhäuser, Am Koitschgraben);Neubau;2020;1;0
76 Strehlen;StB 7 Prohlis;12 Niedersedlitz, Leubnitz, Strehlen (ohne Sternhäuser, Am Koitschgraben);Neubau;2021;5;3
76 Strehlen;StB 7 Prohlis;12 Niedersedlitz, Leubnitz, Strehlen (ohne Sternhäuser, Am Koitschgraben);Neubau;2022;1;1
76 Strehlen;StB 7 Prohlis;12 Niedersedlitz, Leubnitz, Strehlen (ohne Sternhäuser, Am Koitschgraben);Neubau;2023;1;0
76 Strehlen;StB 7 Prohlis;12 Niedersedlitz, Leubnitz, Strehlen (ohne Sternhäuser, Am Koitschgraben);Neubau;2024;16;257
76 Strehlen;StB 7 Prohlis;12 Niedersedlitz, Leubnitz, Strehlen (ohne Sternhäuser, Am Koitschgraben);Neubau;2025;15;67
76 Strehlen;StB 7 Prohlis;12 Niedersedlitz, Leubnitz, Strehlen (ohne Sternhäuser, Am Koitschgraben);Neubau;2026;2;74
76 Strehlen;StB 7 Prohlis;12 Niedersedlitz, Leubnitz, Strehlen (ohne Sternhäuser, Am Koitschgraben);Umbau;1993;1;1
76 Strehlen;StB 7 Prohlis;12 Niedersedlitz, Leubnitz, Strehlen (ohne Sternhäuser, Am Koitschgraben);Umbau;1994;5;8
76 Strehlen;StB 7 Prohlis;12 Niedersedlitz, Leubnitz, Strehlen (ohne Sternhäuser, Am Koitschgraben);Umbau;1995;3;18
76 Strehlen;StB 7 Prohlis;12 Niedersedlitz, Leubnitz, Strehlen (ohne Sternhäuser, Am Koitschgraben);Umbau;1996;4;32
76 Strehlen;StB 7 Prohlis;12 Niedersedlitz, Leubnitz, Strehlen (ohne Sternhäuser, Am Koitschgraben);Umbau;1997;8;61
76 Strehlen;StB 7 Prohlis;12 Niedersedlitz, Leubnitz, Strehlen (ohne Sternhäuser, Am Koitschgraben);Umbau;1998;9;50
76 Strehlen;StB 7 Prohlis;12 Niedersedlitz, Leubnitz, Strehlen (ohne Sternhäuser, Am Koitschgraben);Umbau;1999;18;191
76 Strehlen;StB 7 Prohlis;12 Niedersedlitz, Leubnitz, Strehlen (ohne Sternhäuser, Am Koitschgraben);Umbau;2000;9;62
76 Strehlen;StB 7 Prohlis;12 Niedersedlitz, Leubnitz, Strehlen (ohne Sternhäuser, Am Koitschgraben);Umbau;2001;12;40
76 Strehlen;StB 7 Prohlis;12 Niedersedlitz, Leubnitz, Strehlen (ohne Sternhäuser, Am Koitschgraben);Umbau;2002;28;68
76 Strehlen;StB 7 Prohlis;12 Niedersedlitz, Leubnitz, Strehlen (ohne Sternhäuser, Am Koitschgraben);Umbau;2003;28;224
76 Strehlen;StB 7 Prohlis;12 Niedersedlitz, Leubnitz, Strehlen (ohne Sternhäuser, Am Koitschgraben);Umbau;2004;7;25
76 Strehlen;StB 7 Prohlis;12 Niedersedlitz, Leubnitz, Strehlen (ohne Sternhäuser, Am Koitschgraben);Umbau;2005;8;61
76 Strehlen;StB 7 Prohlis;12 Niedersedlitz, Leubnitz, Strehlen (ohne Sternhäuser, Am Koitschgraben);Umbau;2006;22;107
76 Strehlen;StB 7 Prohlis;12 Niedersedlitz, Leubnitz, Strehlen (ohne Sternhäuser, Am Koitschgraben);Umbau;2007;3;232
76 Strehlen;StB 7 Prohlis;12 Niedersedlitz, Leubnitz, Strehlen (ohne Sternhäuser, Am Koitschgraben);Umbau;2008;5;13
76 Strehlen;StB 7 Prohlis;12 Niedersedlitz, Leubnitz, Strehlen (ohne Sternhäuser, Am Koitschgraben);Umbau;2009;3;9
76 Strehlen;StB 7 Prohlis;12 Niedersedlitz, Leubnitz, Strehlen (ohne Sternhäuser, Am Koitschgraben);Umbau;2010;4;4
76 Strehlen;StB 7 Prohlis;12 Niedersedlitz, Leubnitz, Strehlen (ohne Sternhäuser, Am Koitschgraben);Umbau;2011;8;16
76 Strehlen;StB 7 Prohlis;12 Niedersedlitz, Leubnitz, Strehlen (ohne Sternhäuser, Am Koitschgraben);Umbau;2012;6;29
76 Strehlen;StB 7 Prohlis;12 Niedersedlitz, Leubnitz, Strehlen (ohne Sternhäuser, Am Koitschgraben);Umbau;2013;5;22
76 Strehlen;StB 7 Prohlis;12 Niedersedlitz, Leubnitz, Strehlen (ohne Sternhäuser, Am Koitschgraben);Umbau;2014;9;69
76 Strehlen;StB 7 Prohlis;12 Niedersedlitz, Leubnitz, Strehlen (ohne Sternhäuser, Am Koitschgraben);Umbau;2015;7;24
76 Strehlen;StB 7 Prohlis;12 Niedersedlitz, Leubnitz, Strehlen (ohne Sternhäuser, Am Koitschgraben);Umbau;2016;9;117
76 Strehlen;StB 7 Prohlis;12 Niedersedlitz, Leubnitz, Strehlen (ohne Sternhäuser, Am Koitschgraben);Umbau;2017;7;22
76 Strehlen;StB 7 Prohlis;12 Niedersedlitz, Leubnitz, Strehlen (ohne Sternhäuser, Am Koitschgraben);Umbau;2018;1;1
76 Strehlen;StB 7 Prohlis;12 Niedersedlitz, Leubnitz, Strehlen (ohne Sternhäuser, Am Koitschgraben);Umbau;2019;3;2
76 Strehlen;StB 7 Prohlis;12 Niedersedlitz, Leubnitz, Strehlen (ohne Sternhäuser, Am Koitschgraben);Umbau;2021;4;11
76 Strehlen;StB 7 Prohlis;12 Niedersedlitz, Leubnitz, Strehlen (ohne Sternhäuser, Am Koitschgraben);Umbau;2022;2;0
76 Strehlen;StB 7 Prohlis;12 Niedersedlitz, Leubnitz, Strehlen (ohne Sternhäuser, Am Koitschgraben);Umbau;2023;4;32
76 Strehlen;StB 7 Prohlis;12 Niedersedlitz, Leubnitz, Strehlen (ohne Sternhäuser, Am Koitschgraben);Umbau;2024;5;13
76 Strehlen;StB 7 Prohlis;12 Niedersedlitz, Leubnitz, Strehlen (ohne Sternhäuser, Am Koitschgraben);Umbau;2026;1;9
77 Reick;StB 7 Prohlis;11 Prohlis, Reick (mit Sternhäuser, Am Koitschgraben);Neubau;1992;1;0
77 Reick;StB 7 Prohlis;11 Prohlis, Reick (mit Sternhäuser, Am Koitschgraben);Neubau;1993;11;48
77 Reick;StB 7 Prohlis;11 Prohlis, Reick (mit Sternhäuser, Am Koitschgraben);Neubau;1994;4;30
77 Reick;StB 7 Prohlis;11 Prohlis, Reick (mit Sternhäuser, Am Koitschgraben);Neubau;1995;66;678
77 Reick;StB 7 Prohlis;11 Prohlis, Reick (mit Sternhäuser, Am Koitschgraben);Neubau;1996;7;36
77 Reick;StB 7 Prohlis;11 Prohlis, Reick (mit Sternhäuser, Am Koitschgraben);Neubau;1997;2;0
77 Reick;StB 7 Prohlis;11 Prohlis, Reick (mit Sternhäuser, Am Koitschgraben);Neubau;1998;6;16
77 Reick;StB 7 Prohlis;11 Prohlis, Reick (mit Sternhäuser, Am Koitschgraben);Neubau;1999;5;0
77 Reick;StB 7 Prohlis;11 Prohlis, Reick (mit Sternhäuser, Am Koitschgraben);Neubau;2000;3;0
77 Reick;StB 7 Prohlis;11 Prohlis, Reick (mit Sternhäuser, Am Koitschgraben);Neubau;2001;3;3
77 Reick;StB 7 Prohlis;11 Prohlis, Reick (mit Sternhäuser, Am Koitschgraben);Neubau;2002;4;1
77 Reick;StB 7 Prohlis;11 Prohlis, Reick (mit Sternhäuser, Am Koitschgraben);Neubau;2003;3;2
77 Reick;StB 7 Prohlis;11 Prohlis, Reick (mit Sternhäuser, Am Koitschgraben);Neubau;2004;2;0
77 Reick;StB 7 Prohlis;11 Prohlis, Reick (mit Sternhäuser, Am Koitschgraben);Neubau;2005;5;1
77 Reick;StB 7 Prohlis;11 Prohlis, Reick (mit Sternhäuser, Am Koitschgraben);Neubau;2006;7;2
77 Reick;StB 7 Prohlis;11 Prohlis, Reick (mit Sternhäuser, Am Koitschgraben);Neubau;2007;4;0
77 Reick;StB 7 Prohlis;11 Prohlis, Reick (mit Sternhäuser, Am Koitschgraben);Neubau;2008;4;1
77 Reick;StB 7 Prohlis;11 Prohlis, Reick (mit Sternhäuser, Am Koitschgraben);Neubau;2009;2;3
77 Reick;StB 7 Prohlis;11 Prohlis, Reick (mit Sternhäuser, Am Koitschgraben);Neubau;2010;4;1
77 Reick;StB 7 Prohlis;11 Prohlis, Reick (mit Sternhäuser, Am Koitschgraben);Neubau;2011;1;0
77 Reick;StB 7 Prohlis;11 Prohlis, Reick (mit Sternhäuser, Am Koitschgraben);Neubau;2012;1;0
77 Reick;StB 7 Prohlis;11 Prohlis, Reick (mit Sternhäuser, Am Koitschgraben);Neubau;2013;4;2
77 Reick;StB 7 Prohlis;11 Prohlis, Reick (mit Sternhäuser, Am Koitschgraben);Neubau;2014;4;3
77 Reick;StB 7 Prohlis;11 Prohlis, Reick (mit Sternhäuser, Am Koitschgraben);Neubau;2015;2;1
77 Reick;StB 7 Prohlis;11 Prohlis, Reick (mit Sternhäuser, Am Koitschgraben);Neubau;2016;1;0
77 Reick;StB 7 Prohlis;11 Prohlis, Reick (mit Sternhäuser, Am Koitschgraben);Neubau;2017;1;11
77 Reick;StB 7 Prohlis;11 Prohlis, Reick (mit Sternhäuser, Am Koitschgraben);Neubau;2018;12;221
77 Reick;StB 7 Prohlis;11 Prohlis, Reick (mit Sternhäuser, Am Koitschgraben);Neubau;2019;9;0
77 Reick;StB 7 Prohlis;11 Prohlis, Reick (mit Sternhäuser, Am Koitschgraben);Neubau;2022;2;22
77 Reick;StB 7 Prohlis;11 Prohlis, Reick (mit Sternhäuser, Am Koitschgraben);Neubau;2025;5;0
77 Reick;StB 7 Prohlis;11 Prohlis, Reick (mit Sternhäuser, Am Koitschgraben);Neubau;2026;3;3
77 Reick;StB 7 Prohlis;11 Prohlis, Reick (mit Sternhäuser, Am Koitschgraben);Umbau;1993;3;3
77 Reick;StB 7 Prohlis;11 Prohlis, Reick (mit Sternhäuser, Am Koitschgraben);Umbau;1994;1;0
77 Reick;StB 7 Prohlis;11 Prohlis, Reick (mit Sternhäuser, Am Koitschgraben);Umbau;1997;6;27
77 Reick;StB 7 Prohlis;11 Prohlis, Reick (mit Sternhäuser, Am Koitschgraben);Umbau;1998;2;16
77 Reick;StB 7 Prohlis;11 Prohlis, Reick (mit Sternhäuser, Am Koitschgraben);Umbau;1999;3;25
77 Reick;StB 7 Prohlis;11 Prohlis, Reick (mit Sternhäuser, Am Koitschgraben);Umbau;2000;2;1
77 Reick;StB 7 Prohlis;11 Prohlis, Reick (mit Sternhäuser, Am Koitschgraben);Umbau;2001;1;0
77 Reick;StB 7 Prohlis;11 Prohlis, Reick (mit Sternhäuser, Am Koitschgraben);Umbau;2004;2;2
77 Reick;StB 7 Prohlis;11 Prohlis, Reick (mit Sternhäuser, Am Koitschgraben);Umbau;2005;40;217
77 Reick;StB 7 Prohlis;11 Prohlis, Reick (mit Sternhäuser, Am Koitschgraben);Umbau;2006;9;35
77 Reick;StB 7 Prohlis;11 Prohlis, Reick (mit Sternhäuser, Am Koitschgraben);Umbau;2007;19;159
77 Reick;StB 7 Prohlis;11 Prohlis, Reick (mit Sternhäuser, Am Koitschgraben);Umbau;2008;4;35
77 Reick;StB 7 Prohlis;11 Prohlis, Reick (mit Sternhäuser, Am Koitschgraben);Umbau;2009;11;46
77 Reick;StB 7 Prohlis;11 Prohlis, Reick (mit Sternhäuser, Am Koitschgraben);Umbau;2010;6;40
77 Reick;StB 7 Prohlis;11 Prohlis, Reick (mit Sternhäuser, Am Koitschgraben);Umbau;2011;5;19
77 Reick;StB 7 Prohlis;11 Prohlis, Reick (mit Sternhäuser, Am Koitschgraben);Umbau;2012;4;8
77 Reick;StB 7 Prohlis;11 Prohlis, Reick (mit Sternhäuser, Am Koitschgraben);Umbau;2013;1;2
77 Reick;StB 7 Prohlis;11 Prohlis, Reick (mit Sternhäuser, Am Koitschgraben);Umbau;2014;2;6
77 Reick;StB 7 Prohlis;11 Prohlis, Reick (mit Sternhäuser, Am Koitschgraben);Umbau;2015;3;6
77 Reick;StB 7 Prohlis;11 Prohlis, Reick (mit Sternhäuser, Am Koitschgraben);Umbau;2016;2;1
77 Reick;StB 7 Prohlis;11 Prohlis, Reick (mit Sternhäuser, Am Koitschgraben);Umbau;2017;6;4
77 Reick;StB 7 Prohlis;11 Prohlis, Reick (mit Sternhäuser, Am Koitschgraben);Umbau;2018;1;12
77 Reick;StB 7 Prohlis;11 Prohlis, Reick (mit Sternhäuser, Am Koitschgraben);Umbau;2019;4;35
77 Reick;StB 7 Prohlis;11 Prohlis, Reick (mit Sternhäuser, Am Koitschgraben);Umbau;2020;11;50
77 Reick;StB 7 Prohlis;11 Prohlis, Reick (mit Sternhäuser, Am Koitschgraben);Umbau;2021;11;90
77 Reick;StB 7 Prohlis;11 Prohlis, Reick (mit Sternhäuser, Am Koitschgraben);Umbau;2022;11;55
77 Reick;StB 7 Prohlis;11 Prohlis, Reick (mit Sternhäuser, Am Koitschgraben);Umbau;2023;1;6
77 Reick;StB 7 Prohlis;11 Prohlis, Reick (mit Sternhäuser, Am Koitschgraben);Umbau;2024;1;0
77 Reick;StB 7 Prohlis;11 Prohlis, Reick (mit Sternhäuser, Am Koitschgraben);Umbau;2025;4;13
77 Reick;StB 7 Prohlis;11 Prohlis, Reick (mit Sternhäuser, Am Koitschgraben);Umbau;2026;2;0
81 Südvorstadt-West;StB 8 Plauen;13 Südvorstadt, Zschertnitz;Neubau;1993;6;29
81 Südvorstadt-West;StB 8 Plauen;13 Südvorstadt, Zschertnitz;Neubau;1994;9;15
81 Südvorstadt-West;StB 8 Plauen;13 Südvorstadt, Zschertnitz;Neubau;1995;2;75
81 Südvorstadt-West;StB 8 Plauen;13 Südvorstadt, Zschertnitz;Neubau;1996;12;62
81 Südvorstadt-West;StB 8 Plauen;13 Südvorstadt, Zschertnitz;Neubau;1997;7;18
81 Südvorstadt-West;StB 8 Plauen;13 Südvorstadt, Zschertnitz;Neubau;1998;1;32
81 Südvorstadt-West;StB 8 Plauen;13 Südvorstadt, Zschertnitz;Neubau;1999;2;0
81 Südvorstadt-West;StB 8 Plauen;13 Südvorstadt, Zschertnitz;Neubau;2000;1;0
81 Südvorstadt-West;StB 8 Plauen;13 Südvorstadt, Zschertnitz;Neubau;2001;1;0
81 Südvorstadt-West;StB 8 Plauen;13 Südvorstadt, Zschertnitz;Neubau;2002;2;7
81 Südvorstadt-West;StB 8 Plauen;13 Südvorstadt, Zschertnitz;Neubau;2003;1;2
81 Südvorstadt-West;StB 8 Plauen;13 Südvorstadt, Zschertnitz;Neubau;2004;4;9
81 Südvorstadt-West;StB 8 Plauen;13 Südvorstadt, Zschertnitz;Neubau;2005;2;0
81 Südvorstadt-West;StB 8 Plauen;13 Südvorstadt, Zschertnitz;Neubau;2006;1;1
81 Südvorstadt-West;StB 8 Plauen;13 Südvorstadt, Zschertnitz;Neubau;2007;1;2
81 Südvorstadt-West;StB 8 Plauen;13 Südvorstadt, Zschertnitz;Neubau;2008;4;16
81 Südvorstadt-West;StB 8 Plauen;13 Südvorstadt, Zschertnitz;Neubau;2009;4;26
81 Südvorstadt-West;StB 8 Plauen;13 Südvorstadt, Zschertnitz;Neubau;2010;1;0
81 Südvorstadt-West;StB 8 Plauen;13 Südvorstadt, Zschertnitz;Neubau;2011;6;9
81 Südvorstadt-West;StB 8 Plauen;13 Südvorstadt, Zschertnitz;Neubau;2012;4;191
81 Südvorstadt-West;StB 8 Plauen;13 Südvorstadt, Zschertnitz;Neubau;2013;3;29
81 Südvorstadt-West;StB 8 Plauen;13 Südvorstadt, Zschertnitz;Neubau;2014;5;9
81 Südvorstadt-West;StB 8 Plauen;13 Südvorstadt, Zschertnitz;Neubau;2015;9;84
81 Südvorstadt-West;StB 8 Plauen;13 Südvorstadt, Zschertnitz;Neubau;2016;8;89
81 Südvorstadt-West;StB 8 Plauen;13 Südvorstadt, Zschertnitz;Neubau;2017;12;382
81 Südvorstadt-West;StB 8 Plauen;13 Südvorstadt, Zschertnitz;Neubau;2018;10;53
81 Südvorstadt-West;StB 8 Plauen;13 Südvorstadt, Zschertnitz;Neubau;2019;2;9
81 Südvorstadt-West;StB 8 Plauen;13 Südvorstadt, Zschertnitz;Neubau;2020;1;10
81 Südvorstadt-West;StB 8 Plauen;13 Südvorstadt, Zschertnitz;Neubau;2022;1;0
81 Südvorstadt-West;StB 8 Plauen;13 Südvorstadt, Zschertnitz;Neubau;2023;2;137
81 Südvorstadt-West;StB 8 Plauen;13 Südvorstadt, Zschertnitz;Neubau;2024;1;0
81 Südvorstadt-West;StB 8 Plauen;13 Südvorstadt, Zschertnitz;Neubau;2025;20;273
81 Südvorstadt-West;StB 8 Plauen;13 Südvorstadt, Zschertnitz;Neubau;2026;4;0
81 Südvorstadt-West;StB 8 Plauen;13 Südvorstadt, Zschertnitz;Umbau;1992;4;4
81 Südvorstadt-West;StB 8 Plauen;13 Südvorstadt, Zschertnitz;Umbau;1993;8;7
81 Südvorstadt-West;StB 8 Plauen;13 Südvorstadt, Zschertnitz;Umbau;1994;4;35
81 Südvorstadt-West;StB 8 Plauen;13 Südvorstadt, Zschertnitz;Umbau;1995;5;46
81 Südvorstadt-West;StB 8 Plauen;13 Südvorstadt, Zschertnitz;Umbau;1996;7;90
81 Südvorstadt-West;StB 8 Plauen;13 Südvorstadt, Zschertnitz;Umbau;1997;11;701
81 Südvorstadt-West;StB 8 Plauen;13 Südvorstadt, Zschertnitz;Umbau;1998;10;126
81 Südvorstadt-West;StB 8 Plauen;13 Südvorstadt, Zschertnitz;Umbau;1999;59;657
81 Südvorstadt-West;StB 8 Plauen;13 Südvorstadt, Zschertnitz;Umbau;2000;85;891
81 Südvorstadt-West;StB 8 Plauen;13 Südvorstadt, Zschertnitz;Umbau;2001;13;103
81 Südvorstadt-West;StB 8 Plauen;13 Südvorstadt, Zschertnitz;Umbau;2002;5;40
81 Südvorstadt-West;StB 8 Plauen;13 Südvorstadt, Zschertnitz;Umbau;2003;4;40
81 Südvorstadt-West;StB 8 Plauen;13 Südvorstadt, Zschertnitz;Umbau;2004;13;102
81 Südvorstadt-West;StB 8 Plauen;13 Südvorstadt, Zschertnitz;Umbau;2005;3;30
81 Südvorstadt-West;StB 8 Plauen;13 Südvorstadt, Zschertnitz;Umbau;2006;18;146
81 Südvorstadt-West;StB 8 Plauen;13 Südvorstadt, Zschertnitz;Umbau;2007;9;48
81 Südvorstadt-West;StB 8 Plauen;13 Südvorstadt, Zschertnitz;Umbau;2008;3;21
81 Südvorstadt-West;StB 8 Plauen;13 Südvorstadt, Zschertnitz;Umbau;2009;6;26
81 Südvorstadt-West;StB 8 Plauen;13 Südvorstadt, Zschertnitz;Umbau;2010;10;72
81 Südvorstadt-West;StB 8 Plauen;13 Südvorstadt, Zschertnitz;Umbau;2011;13;119
81 Südvorstadt-West;StB 8 Plauen;13 Südvorstadt, Zschertnitz;Umbau;2012;5;31
81 Südvorstadt-West;StB 8 Plauen;13 Südvorstadt, Zschertnitz;Umbau;2013;3;64
81 Südvorstadt-West;StB 8 Plauen;13 Südvorstadt, Zschertnitz;Umbau;2014;6;52
81 Südvorstadt-West;StB 8 Plauen;13 Südvorstadt, Zschertnitz;Umbau;2015;31;233
81 Südvorstadt-West;StB 8 Plauen;13 Südvorstadt, Zschertnitz;Umbau;2016;3;8
81 Südvorstadt-West;StB 8 Plauen;13 Südvorstadt, Zschertnitz;Umbau;2017;25;191
81 Südvorstadt-West;StB 8 Plauen;13 Südvorstadt, Zschertnitz;Umbau;2018;8;96
81 Südvorstadt-West;StB 8 Plauen;13 Südvorstadt, Zschertnitz;Umbau;2019;2;8
81 Südvorstadt-West;StB 8 Plauen;13 Südvorstadt, Zschertnitz;Umbau;2020;2;26
81 Südvorstadt-West;StB 8 Plauen;13 Südvorstadt, Zschertnitz;Umbau;2021;9;66
81 Südvorstadt-West;StB 8 Plauen;13 Südvorstadt, Zschertnitz;Umbau;2022;2;15
81 Südvorstadt-West;StB 8 Plauen;13 Südvorstadt, Zschertnitz;Umbau;2023;2;0
81 Südvorstadt-West;StB 8 Plauen;13 Südvorstadt, Zschertnitz;Umbau;2024;11;118
81 Südvorstadt-West;StB 8 Plauen;13 Südvorstadt, Zschertnitz;Umbau;2025;3;12
81 Südvorstadt-West;StB 8 Plauen;13 Südvorstadt, Zschertnitz;Umbau;2026;1;4
82 Südvorstadt-Ost;StB 8 Plauen;13 Südvorstadt, Zschertnitz;Neubau;1992;3;22
82 Südvorstadt-Ost;StB 8 Plauen;13 Südvorstadt, Zschertnitz;Neubau;1993;12;62
82 Südvorstadt-Ost;StB 8 Plauen;13 Südvorstadt, Zschertnitz;Neubau;1994;4;40
82 Südvorstadt-Ost;StB 8 Plauen;13 Südvorstadt, Zschertnitz;Neubau;1995;5;31
82 Südvorstadt-Ost;StB 8 Plauen;13 Südvorstadt, Zschertnitz;Neubau;1996;4;54
82 Südvorstadt-Ost;StB 8 Plauen;13 Südvorstadt, Zschertnitz;Neubau;1997;2;1
82 Südvorstadt-Ost;StB 8 Plauen;13 Südvorstadt, Zschertnitz;Neubau;1998;3;14
82 Südvorstadt-Ost;StB 8 Plauen;13 Südvorstadt, Zschertnitz;Neubau;1999;4;16
82 Südvorstadt-Ost;StB 8 Plauen;13 Südvorstadt, Zschertnitz;Neubau;2000;3;4
82 Südvorstadt-Ost;StB 8 Plauen;13 Südvorstadt, Zschertnitz;Neubau;2001;48;93
82 Südvorstadt-Ost;StB 8 Plauen;13 Südvorstadt, Zschertnitz;Neubau;2003;1;1
82 Südvorstadt-Ost;StB 8 Plauen;13 Südvorstadt, Zschertnitz;Neubau;2004;1;1
82 Südvorstadt-Ost;StB 8 Plauen;13 Südvorstadt, Zschertnitz;Neubau;2006;9;9
82 Südvorstadt-Ost;StB 8 Plauen;13 Südvorstadt, Zschertnitz;Neubau;2007;9;17
82 Südvorstadt-Ost;StB 8 Plauen;13 Südvorstadt, Zschertnitz;Neubau;2008;6;8
82 Südvorstadt-Ost;StB 8 Plauen;13 Südvorstadt, Zschertnitz;Neubau;2009;4;77
82 Südvorstadt-Ost;StB 8 Plauen;13 Südvorstadt, Zschertnitz;Neubau;2010;1;0
82 Südvorstadt-Ost;StB 8 Plauen;13 Südvorstadt, Zschertnitz;Neubau;2011;3;9
82 Südvorstadt-Ost;StB 8 Plauen;13 Südvorstadt, Zschertnitz;Neubau;2012;14;105
82 Südvorstadt-Ost;StB 8 Plauen;13 Südvorstadt, Zschertnitz;Neubau;2013;3;36
82 Südvorstadt-Ost;StB 8 Plauen;13 Südvorstadt, Zschertnitz;Neubau;2014;4;82
82 Südvorstadt-Ost;StB 8 Plauen;13 Südvorstadt, Zschertnitz;Neubau;2015;5;54
82 Südvorstadt-Ost;StB 8 Plauen;13 Südvorstadt, Zschertnitz;Neubau;2016;1;15
82 Südvorstadt-Ost;StB 8 Plauen;13 Südvorstadt, Zschertnitz;Neubau;2017;3;30
82 Südvorstadt-Ost;StB 8 Plauen;13 Südvorstadt, Zschertnitz;Neubau;2018;4;40
82 Südvorstadt-Ost;StB 8 Plauen;13 Südvorstadt, Zschertnitz;Neubau;2019;3;46
82 Südvorstadt-Ost;StB 8 Plauen;13 Südvorstadt, Zschertnitz;Neubau;2020;4;18
82 Südvorstadt-Ost;StB 8 Plauen;13 Südvorstadt, Zschertnitz;Neubau;2021;2;16
82 Südvorstadt-Ost;StB 8 Plauen;13 Südvorstadt, Zschertnitz;Neubau;2022;2;2
82 Südvorstadt-Ost;StB 8 Plauen;13 Südvorstadt, Zschertnitz;Neubau;2024;1;7
82 Südvorstadt-Ost;StB 8 Plauen;13 Südvorstadt, Zschertnitz;Neubau;2025;2;12
82 Südvorstadt-Ost;StB 8 Plauen;13 Südvorstadt, Zschertnitz;Umbau;1992;2;3
82 Südvorstadt-Ost;StB 8 Plauen;13 Südvorstadt, Zschertnitz;Umbau;1993;1;1
82 Südvorstadt-Ost;StB 8 Plauen;13 Südvorstadt, Zschertnitz;Umbau;1994;2;0
82 Südvorstadt-Ost;StB 8 Plauen;13 Südvorstadt, Zschertnitz;Umbau;1996;1;6
82 Südvorstadt-Ost;StB 8 Plauen;13 Südvorstadt, Zschertnitz;Umbau;1997;4;59
82 Südvorstadt-Ost;StB 8 Plauen;13 Südvorstadt, Zschertnitz;Umbau;1998;1;0
82 Südvorstadt-Ost;StB 8 Plauen;13 Südvorstadt, Zschertnitz;Umbau;1999;2;8
82 Südvorstadt-Ost;StB 8 Plauen;13 Südvorstadt, Zschertnitz;Umbau;2000;1;2
82 Südvorstadt-Ost;StB 8 Plauen;13 Südvorstadt, Zschertnitz;Umbau;2001;7;254
82 Südvorstadt-Ost;StB 8 Plauen;13 Südvorstadt, Zschertnitz;Umbau;2002;3;23
82 Südvorstadt-Ost;StB 8 Plauen;13 Südvorstadt, Zschertnitz;Umbau;2003;2;3
82 Südvorstadt-Ost;StB 8 Plauen;13 Südvorstadt, Zschertnitz;Umbau;2004;2;4
82 Südvorstadt-Ost;StB 8 Plauen;13 Südvorstadt, Zschertnitz;Umbau;2005;2;224
82 Südvorstadt-Ost;StB 8 Plauen;13 Südvorstadt, Zschertnitz;Umbau;2006;3;162
82 Südvorstadt-Ost;StB 8 Plauen;13 Südvorstadt, Zschertnitz;Umbau;2007;8;300
82 Südvorstadt-Ost;StB 8 Plauen;13 Südvorstadt, Zschertnitz;Umbau;2008;14;296
82 Südvorstadt-Ost;StB 8 Plauen;13 Südvorstadt, Zschertnitz;Umbau;2009;6;34
82 Südvorstadt-Ost;StB 8 Plauen;13 Südvorstadt, Zschertnitz;Umbau;2010;1;5
82 Südvorstadt-Ost;StB 8 Plauen;13 Südvorstadt, Zschertnitz;Umbau;2011;3;68
82 Südvorstadt-Ost;StB 8 Plauen;13 Südvorstadt, Zschertnitz;Umbau;2012;2;90
82 Südvorstadt-Ost;StB 8 Plauen;13 Südvorstadt, Zschertnitz;Umbau;2013;2;39
82 Südvorstadt-Ost;StB 8 Plauen;13 Südvorstadt, Zschertnitz;Umbau;2014;4;78
82 Südvorstadt-Ost;StB 8 Plauen;13 Südvorstadt, Zschertnitz;Umbau;2015;2;3
82 Südvorstadt-Ost;StB 8 Plauen;13 Südvorstadt, Zschertnitz;Umbau;2016;1;0
82 Südvorstadt-Ost;StB 8 Plauen;13 Südvorstadt, Zschertnitz;Umbau;2017;7;203
82 Südvorstadt-Ost;StB 8 Plauen;13 Südvorstadt, Zschertnitz;Umbau;2018;7;161
82 Südvorstadt-Ost;StB 8 Plauen;13 Südvorstadt, Zschertnitz;Umbau;2020;15;594
82 Südvorstadt-Ost;StB 8 Plauen;13 Südvorstadt, Zschertnitz;Umbau;2021;2;20
82 Südvorstadt-Ost;StB 8 Plauen;13 Südvorstadt, Zschertnitz;Umbau;2022;3;5
82 Südvorstadt-Ost;StB 8 Plauen;13 Südvorstadt, Zschertnitz;Umbau;2023;1;0
82 Südvorstadt-Ost;StB 8 Plauen;13 Südvorstadt, Zschertnitz;Umbau;2024;5;643
82 Südvorstadt-Ost;StB 8 Plauen;13 Südvorstadt, Zschertnitz;Umbau;2025;2;28
82 Südvorstadt-Ost;StB 8 Plauen;13 Südvorstadt, Zschertnitz;Umbau;2026;1;1
83 Räcknitz/Zschertnitz;StB 8 Plauen;13 Südvorstadt, Zschertnitz;Neubau;1994;4;10
83 Räcknitz/Zschertnitz;StB 8 Plauen;13 Südvorstadt, Zschertnitz;Neubau;1995;10;116
83 Räcknitz/Zschertnitz;StB 8 Plauen;13 Südvorstadt, Zschertnitz;Neubau;1996;15;271
83 Räcknitz/Zschertnitz;StB 8 Plauen;13 Südvorstadt, Zschertnitz;Neubau;1997;2;0
83 Räcknitz/Zschertnitz;StB 8 Plauen;13 Südvorstadt, Zschertnitz;Neubau;1998;2;9
83 Räcknitz/Zschertnitz;StB 8 Plauen;13 Südvorstadt, Zschertnitz;Neubau;1999;4;5
83 Räcknitz/Zschertnitz;StB 8 Plauen;13 Südvorstadt, Zschertnitz;Neubau;2000;1;0
83 Räcknitz/Zschertnitz;StB 8 Plauen;13 Südvorstadt, Zschertnitz;Neubau;2002;1;1
83 Räcknitz/Zschertnitz;StB 8 Plauen;13 Südvorstadt, Zschertnitz;Neubau;2003;4;2
83 Räcknitz/Zschertnitz;StB 8 Plauen;13 Südvorstadt, Zschertnitz;Neubau;2004;1;1
83 Räcknitz/Zschertnitz;StB 8 Plauen;13 Südvorstadt, Zschertnitz;Neubau;2005;2;1
83 Räcknitz/Zschertnitz;StB 8 Plauen;13 Südvorstadt, Zschertnitz;Neubau;2006;14;13
83 Räcknitz/Zschertnitz;StB 8 Plauen;13 Südvorstadt, Zschertnitz;Neubau;2007;8;7
83 Räcknitz/Zschertnitz;StB 8 Plauen;13 Südvorstadt, Zschertnitz;Neubau;2008;7;1
83 Räcknitz/Zschertnitz;StB 8 Plauen;13 Südvorstadt, Zschertnitz;Neubau;2011;2;22
83 Räcknitz/Zschertnitz;StB 8 Plauen;13 Südvorstadt, Zschertnitz;Neubau;2012;4;0
83 Räcknitz/Zschertnitz;StB 8 Plauen;13 Südvorstadt, Zschertnitz;Neubau;2013;1;0
83 Räcknitz/Zschertnitz;StB 8 Plauen;13 Südvorstadt, Zschertnitz;Neubau;2014;5;71
83 Räcknitz/Zschertnitz;StB 8 Plauen;13 Südvorstadt, Zschertnitz;Neubau;2016;1;0
83 Räcknitz/Zschertnitz;StB 8 Plauen;13 Südvorstadt, Zschertnitz;Neubau;2018;12;95
83 Räcknitz/Zschertnitz;StB 8 Plauen;13 Südvorstadt, Zschertnitz;Neubau;2020;4;2
83 Räcknitz/Zschertnitz;StB 8 Plauen;13 Südvorstadt, Zschertnitz;Neubau;2021;5;1
83 Räcknitz/Zschertnitz;StB 8 Plauen;13 Südvorstadt, Zschertnitz;Neubau;2022;3;1
83 Räcknitz/Zschertnitz;StB 8 Plauen;13 Südvorstadt, Zschertnitz;Neubau;2024;2;0
83 Räcknitz/Zschertnitz;StB 8 Plauen;13 Südvorstadt, Zschertnitz;Neubau;2025;6;18
83 Räcknitz/Zschertnitz;StB 8 Plauen;13 Südvorstadt, Zschertnitz;Neubau;2026;2;2
83 Räcknitz/Zschertnitz;StB 8 Plauen;13 Südvorstadt, Zschertnitz;Umbau;1994;1;3
83 Räcknitz/Zschertnitz;StB 8 Plauen;13 Südvorstadt, Zschertnitz;Umbau;1995;2;12
83 Räcknitz/Zschertnitz;StB 8 Plauen;13 Südvorstadt, Zschertnitz;Umbau;1996;2;17
83 Räcknitz/Zschertnitz;StB 8 Plauen;13 Südvorstadt, Zschertnitz;Umbau;1997;3;25
83 Räcknitz/Zschertnitz;StB 8 Plauen;13 Südvorstadt, Zschertnitz;Umbau;1998;5;28
83 Räcknitz/Zschertnitz;StB 8 Plauen;13 Südvorstadt, Zschertnitz;Umbau;1999;4;15
83 Räcknitz/Zschertnitz;StB 8 Plauen;13 Südvorstadt, Zschertnitz;Umbau;2000;2;5
83 Räcknitz/Zschertnitz;StB 8 Plauen;13 Südvorstadt, Zschertnitz;Umbau;2001;1;1
83 Räcknitz/Zschertnitz;StB 8 Plauen;13 Südvorstadt, Zschertnitz;Umbau;2002;3;187
83 Räcknitz/Zschertnitz;StB 8 Plauen;13 Südvorstadt, Zschertnitz;Umbau;2003;9;43
83 Räcknitz/Zschertnitz;StB 8 Plauen;13 Südvorstadt, Zschertnitz;Umbau;2004;8;62
83 Räcknitz/Zschertnitz;StB 8 Plauen;13 Südvorstadt, Zschertnitz;Umbau;2005;4;5
83 Räcknitz/Zschertnitz;StB 8 Plauen;13 Südvorstadt, Zschertnitz;Umbau;2006;3;5
83 Räcknitz/Zschertnitz;StB 8 Plauen;13 Südvorstadt, Zschertnitz;Umbau;2007;5;58
83 Räcknitz/Zschertnitz;StB 8 Plauen;13 Südvorstadt, Zschertnitz;Umbau;2008;3;2
83 Räcknitz/Zschertnitz;StB 8 Plauen;13 Südvorstadt, Zschertnitz;Umbau;2009;7;55
83 Räcknitz/Zschertnitz;StB 8 Plauen;13 Südvorstadt, Zschertnitz;Umbau;2010;9;54
83 Räcknitz/Zschertnitz;StB 8 Plauen;13 Südvorstadt, Zschertnitz;Umbau;2011;10;100
83 Räcknitz/Zschertnitz;StB 8 Plauen;13 Südvorstadt, Zschertnitz;Umbau;2012;8;48
83 Räcknitz/Zschertnitz;StB 8 Plauen;13 Südvorstadt, Zschertnitz;Umbau;2013;11;120
83 Räcknitz/Zschertnitz;StB 8 Plauen;13 Südvorstadt, Zschertnitz;Umbau;2014;7;47
83 Räcknitz/Zschertnitz;StB 8 Plauen;13 Südvorstadt, Zschertnitz;Umbau;2015;6;48
83 Räcknitz/Zschertnitz;StB 8 Plauen;13 Südvorstadt, Zschertnitz;Umbau;2016;15;142
83 Räcknitz/Zschertnitz;StB 8 Plauen;13 Südvorstadt, Zschertnitz;Umbau;2017;18;341
83 Räcknitz/Zschertnitz;StB 8 Plauen;13 Südvorstadt, Zschertnitz;Umbau;2018;9;87
83 Räcknitz/Zschertnitz;StB 8 Plauen;13 Südvorstadt, Zschertnitz;Umbau;2019;3;17
83 Räcknitz/Zschertnitz;StB 8 Plauen;13 Südvorstadt, Zschertnitz;Umbau;2020;8;80
83 Räcknitz/Zschertnitz;StB 8 Plauen;13 Südvorstadt, Zschertnitz;Umbau;2021;17;154
83 Räcknitz/Zschertnitz;StB 8 Plauen;13 Südvorstadt, Zschertnitz;Umbau;2022;1;0
83 Räcknitz/Zschertnitz;StB 8 Plauen;13 Südvorstadt, Zschertnitz;Umbau;2023;11;280
83 Räcknitz/Zschertnitz;StB 8 Plauen;13 Südvorstadt, Zschertnitz;Umbau;2024;10;100
83 Räcknitz/Zschertnitz;StB 8 Plauen;13 Südvorstadt, Zschertnitz;Umbau;2025;1;0
83 Räcknitz/Zschertnitz;StB 8 Plauen;13 Südvorstadt, Zschertnitz;Umbau;2026;6;249
84 Kleinpestitz/Mockritz;StB 8 Plauen;14 Mockritz, Coschütz, Plauen;Neubau;1992;9;39
84 Kleinpestitz/Mockritz;StB 8 Plauen;14 Mockritz, Coschütz, Plauen;Neubau;1993;12;23
84 Kleinpestitz/Mockritz;StB 8 Plauen;14 Mockritz, Coschütz, Plauen;Neubau;1994;39;290
84 Kleinpestitz/Mockritz;StB 8 Plauen;14 Mockritz, Coschütz, Plauen;Neubau;1995;16;40
84 Kleinpestitz/Mockritz;StB 8 Plauen;14 Mockritz, Coschütz, Plauen;Neubau;1996;7;89
84 Kleinpestitz/Mockritz;StB 8 Plauen;14 Mockritz, Coschütz, Plauen;Neubau;1997;92;177
84 Kleinpestitz/Mockritz;StB 8 Plauen;14 Mockritz, Coschütz, Plauen;Neubau;1998;16;25
84 Kleinpestitz/Mockritz;StB 8 Plauen;14 Mockritz, Coschütz, Plauen;Neubau;1999;15;16
84 Kleinpestitz/Mockritz;StB 8 Plauen;14 Mockritz, Coschütz, Plauen;Neubau;2000;3;1
84 Kleinpestitz/Mockritz;StB 8 Plauen;14 Mockritz, Coschütz, Plauen;Neubau;2001;3;3
84 Kleinpestitz/Mockritz;StB 8 Plauen;14 Mockritz, Coschütz, Plauen;Neubau;2002;4;5
84 Kleinpestitz/Mockritz;StB 8 Plauen;14 Mockritz, Coschütz, Plauen;Neubau;2003;9;11
84 Kleinpestitz/Mockritz;StB 8 Plauen;14 Mockritz, Coschütz, Plauen;Neubau;2004;11;11
84 Kleinpestitz/Mockritz;StB 8 Plauen;14 Mockritz, Coschütz, Plauen;Neubau;2005;26;26
84 Kleinpestitz/Mockritz;StB 8 Plauen;14 Mockritz, Coschütz, Plauen;Neubau;2006;20;18
84 Kleinpestitz/Mockritz;StB 8 Plauen;14 Mockritz, Coschütz, Plauen;Neubau;2007;3;3
84 Kleinpestitz/Mockritz;StB 8 Plauen;14 Mockritz, Coschütz, Plauen;Neubau;2008;5;8
84 Kleinpestitz/Mockritz;StB 8 Plauen;14 Mockritz, Coschütz, Plauen;Neubau;2009;6;6
84 Kleinpestitz/Mockritz;StB 8 Plauen;14 Mockritz, Coschütz, Plauen;Neubau;2010;11;12
84 Kleinpestitz/Mockritz;StB 8 Plauen;14 Mockritz, Coschütz, Plauen;Neubau;2011;12;60
84 Kleinpestitz/Mockritz;StB 8 Plauen;14 Mockritz, Coschütz, Plauen;Neubau;2012;11;11
84 Kleinpestitz/Mockritz;StB 8 Plauen;14 Mockritz, Coschütz, Plauen;Neubau;2014;21;131
84 Kleinpestitz/Mockritz;StB 8 Plauen;14 Mockritz, Coschütz, Plauen;Neubau;2015;1;3
84 Kleinpestitz/Mockritz;StB 8 Plauen;14 Mockritz, Coschütz, Plauen;Neubau;2016;2;2
84 Kleinpestitz/Mockritz;StB 8 Plauen;14 Mockritz, Coschütz, Plauen;Neubau;2017;4;3
84 Kleinpestitz/Mockritz;StB 8 Plauen;14 Mockritz, Coschütz, Plauen;Neubau;2018;2;2
84 Kleinpestitz/Mockritz;StB 8 Plauen;14 Mockritz, Coschütz, Plauen;Neubau;2019;1;3
84 Kleinpestitz/Mockritz;StB 8 Plauen;14 Mockritz, Coschütz, Plauen;Neubau;2020;5;41
84 Kleinpestitz/Mockritz;StB 8 Plauen;14 Mockritz, Coschütz, Plauen;Neubau;2021;3;2
84 Kleinpestitz/Mockritz;StB 8 Plauen;14 Mockritz, Coschütz, Plauen;Neubau;2022;2;0
84 Kleinpestitz/Mockritz;StB 8 Plauen;14 Mockritz, Coschütz, Plauen;Neubau;2023;8;51
84 Kleinpestitz/Mockritz;StB 8 Plauen;14 Mockritz, Coschütz, Plauen;Umbau;1992;1;0
84 Kleinpestitz/Mockritz;StB 8 Plauen;14 Mockritz, Coschütz, Plauen;Umbau;1993;1;1
84 Kleinpestitz/Mockritz;StB 8 Plauen;14 Mockritz, Coschütz, Plauen;Umbau;1994;2;6
84 Kleinpestitz/Mockritz;StB 8 Plauen;14 Mockritz, Coschütz, Plauen;Umbau;1995;4;22
84 Kleinpestitz/Mockritz;StB 8 Plauen;14 Mockritz, Coschütz, Plauen;Umbau;1996;3;5
84 Kleinpestitz/Mockritz;StB 8 Plauen;14 Mockritz, Coschütz, Plauen;Umbau;1997;6;21
84 Kleinpestitz/Mockritz;StB 8 Plauen;14 Mockritz, Coschütz, Plauen;Umbau;1998;7;35
84 Kleinpestitz/Mockritz;StB 8 Plauen;14 Mockritz, Coschütz, Plauen;Umbau;1999;15;90
84 Kleinpestitz/Mockritz;StB 8 Plauen;14 Mockritz, Coschütz, Plauen;Umbau;2000;9;33
84 Kleinpestitz/Mockritz;StB 8 Plauen;14 Mockritz, Coschütz, Plauen;Umbau;2001;7;34
84 Kleinpestitz/Mockritz;StB 8 Plauen;14 Mockritz, Coschütz, Plauen;Umbau;2002;1;2
84 Kleinpestitz/Mockritz;StB 8 Plauen;14 Mockritz, Coschütz, Plauen;Umbau;2003;8;28
84 Kleinpestitz/Mockritz;StB 8 Plauen;14 Mockritz, Coschütz, Plauen;Umbau;2004;7;11
84 Kleinpestitz/Mockritz;StB 8 Plauen;14 Mockritz, Coschütz, Plauen;Umbau;2005;3;9
84 Kleinpestitz/Mockritz;StB 8 Plauen;14 Mockritz, Coschütz, Plauen;Umbau;2006;7;20
84 Kleinpestitz/Mockritz;StB 8 Plauen;14 Mockritz, Coschütz, Plauen;Umbau;2007;6;10
84 Kleinpestitz/Mockritz;StB 8 Plauen;14 Mockritz, Coschütz, Plauen;Umbau;2008;4;7
84 Kleinpestitz/Mockritz;StB 8 Plauen;14 Mockritz, Coschütz, Plauen;Umbau;2009;9;72
84 Kleinpestitz/Mockritz;StB 8 Plauen;14 Mockritz, Coschütz, Plauen;Umbau;2010;23;47
84 Kleinpestitz/Mockritz;StB 8 Plauen;14 Mockritz, Coschütz, Plauen;Umbau;2011;8;49
84 Kleinpestitz/Mockritz;StB 8 Plauen;14 Mockritz, Coschütz, Plauen;Umbau;2012;3;2
84 Kleinpestitz/Mockritz;StB 8 Plauen;14 Mockritz, Coschütz, Plauen;Umbau;2013;12;62
84 Kleinpestitz/Mockritz;StB 8 Plauen;14 Mockritz, Coschütz, Plauen;Umbau;2014;6;8
84 Kleinpestitz/Mockritz;StB 8 Plauen;14 Mockritz, Coschütz, Plauen;Umbau;2015;4;12
84 Kleinpestitz/Mockritz;StB 8 Plauen;14 Mockritz, Coschütz, Plauen;Umbau;2016;8;25
84 Kleinpestitz/Mockritz;StB 8 Plauen;14 Mockritz, Coschütz, Plauen;Umbau;2017;3;5
84 Kleinpestitz/Mockritz;StB 8 Plauen;14 Mockritz, Coschütz, Plauen;Umbau;2018;5;51
84 Kleinpestitz/Mockritz;StB 8 Plauen;14 Mockritz, Coschütz, Plauen;Umbau;2019;7;36
84 Kleinpestitz/Mockritz;StB 8 Plauen;14 Mockritz, Coschütz, Plauen;Umbau;2020;14;134
84 Kleinpestitz/Mockritz;StB 8 Plauen;14 Mockritz, Coschütz, Plauen;Umbau;2021;4;19
84 Kleinpestitz/Mockritz;StB 8 Plauen;14 Mockritz, Coschütz, Plauen;Umbau;2022;8;51
84 Kleinpestitz/Mockritz;StB 8 Plauen;14 Mockritz, Coschütz, Plauen;Umbau;2023;5;10
84 Kleinpestitz/Mockritz;StB 8 Plauen;14 Mockritz, Coschütz, Plauen;Umbau;2024;6;26
84 Kleinpestitz/Mockritz;StB 8 Plauen;14 Mockritz, Coschütz, Plauen;Umbau;2025;5;13
84 Kleinpestitz/Mockritz;StB 8 Plauen;14 Mockritz, Coschütz, Plauen;Umbau;2026;3;13
85 Coschütz/Gittersee;StB 8 Plauen;14 Mockritz, Coschütz, Plauen;Neubau;1992;9;77
85 Coschütz/Gittersee;StB 8 Plauen;14 Mockritz, Coschütz, Plauen;Neubau;1993;17;112
85 Coschütz/Gittersee;StB 8 Plauen;14 Mockritz, Coschütz, Plauen;Neubau;1994;22;161
85 Coschütz/Gittersee;StB 8 Plauen;14 Mockritz, Coschütz, Plauen;Neubau;1995;12;9
85 Coschütz/Gittersee;StB 8 Plauen;14 Mockritz, Coschütz, Plauen;Neubau;1996;22;44
85 Coschütz/Gittersee;StB 8 Plauen;14 Mockritz, Coschütz, Plauen;Neubau;1997;52;53
85 Coschütz/Gittersee;StB 8 Plauen;14 Mockritz, Coschütz, Plauen;Neubau;1998;26;37
85 Coschütz/Gittersee;StB 8 Plauen;14 Mockritz, Coschütz, Plauen;Neubau;1999;13;13
85 Coschütz/Gittersee;StB 8 Plauen;14 Mockritz, Coschütz, Plauen;Neubau;2000;29;24
85 Coschütz/Gittersee;StB 8 Plauen;14 Mockritz, Coschütz, Plauen;Neubau;2001;20;18
85 Coschütz/Gittersee;StB 8 Plauen;14 Mockritz, Coschütz, Plauen;Neubau;2002;5;7
85 Coschütz/Gittersee;StB 8 Plauen;14 Mockritz, Coschütz, Plauen;Neubau;2003;9;5
85 Coschütz/Gittersee;StB 8 Plauen;14 Mockritz, Coschütz, Plauen;Neubau;2004;22;23
85 Coschütz/Gittersee;StB 8 Plauen;14 Mockritz, Coschütz, Plauen;Neubau;2005;11;12
85 Coschütz/Gittersee;StB 8 Plauen;14 Mockritz, Coschütz, Plauen;Neubau;2006;7;3
85 Coschütz/Gittersee;StB 8 Plauen;14 Mockritz, Coschütz, Plauen;Neubau;2007;11;10
85 Coschütz/Gittersee;StB 8 Plauen;14 Mockritz, Coschütz, Plauen;Neubau;2008;13;14
85 Coschütz/Gittersee;StB 8 Plauen;14 Mockritz, Coschütz, Plauen;Neubau;2009;9;4
85 Coschütz/Gittersee;StB 8 Plauen;14 Mockritz, Coschütz, Plauen;Neubau;2010;10;5
85 Coschütz/Gittersee;StB 8 Plauen;14 Mockritz, Coschütz, Plauen;Neubau;2011;9;6
85 Coschütz/Gittersee;StB 8 Plauen;14 Mockritz, Coschütz, Plauen;Neubau;2012;11;10
85 Coschütz/Gittersee;StB 8 Plauen;14 Mockritz, Coschütz, Plauen;Neubau;2013;11;11
85 Coschütz/Gittersee;StB 8 Plauen;14 Mockritz, Coschütz, Plauen;Neubau;2014;9;9
85 Coschütz/Gittersee;StB 8 Plauen;14 Mockritz, Coschütz, Plauen;Neubau;2015;2;0
85 Coschütz/Gittersee;StB 8 Plauen;14 Mockritz, Coschütz, Plauen;Neubau;2016;5;3
85 Coschütz/Gittersee;StB 8 Plauen;14 Mockritz, Coschütz, Plauen;Neubau;2017;4;2
85 Coschütz/Gittersee;StB 8 Plauen;14 Mockritz, Coschütz, Plauen;Neubau;2018;9;4
85 Coschütz/Gittersee;StB 8 Plauen;14 Mockritz, Coschütz, Plauen;Neubau;2019;11;13
85 Coschütz/Gittersee;StB 8 Plauen;14 Mockritz, Coschütz, Plauen;Neubau;2020;7;5
85 Coschütz/Gittersee;StB 8 Plauen;14 Mockritz, Coschütz, Plauen;Neubau;2021;7;7
85 Coschütz/Gittersee;StB 8 Plauen;14 Mockritz, Coschütz, Plauen;Neubau;2022;28;26
85 Coschütz/Gittersee;StB 8 Plauen;14 Mockritz, Coschütz, Plauen;Neubau;2023;2;0
85 Coschütz/Gittersee;StB 8 Plauen;14 Mockritz, Coschütz, Plauen;Neubau;2024;4;12
85 Coschütz/Gittersee;StB 8 Plauen;14 Mockritz, Coschütz, Plauen;Neubau;2025;58;64
85 Coschütz/Gittersee;StB 8 Plauen;14 Mockritz, Coschütz, Plauen;Neubau;2026;3;2
85 Coschütz/Gittersee;StB 8 Plauen;14 Mockritz, Coschütz, Plauen;Umbau;1993;4;5
85 Coschütz/Gittersee;StB 8 Plauen;14 Mockritz, Coschütz, Plauen;Umbau;1994;2;8
85 Coschütz/Gittersee;StB 8 Plauen;14 Mockritz, Coschütz, Plauen;Umbau;1995;3;7
85 Coschütz/Gittersee;StB 8 Plauen;14 Mockritz, Coschütz, Plauen;Umbau;1996;4;12
85 Coschütz/Gittersee;StB 8 Plauen;14 Mockritz, Coschütz, Plauen;Umbau;1997;9;62
85 Coschütz/Gittersee;StB 8 Plauen;14 Mockritz, Coschütz, Plauen;Umbau;1998;21;156
85 Coschütz/Gittersee;StB 8 Plauen;14 Mockritz, Coschütz, Plauen;Umbau;1999;23;113
85 Coschütz/Gittersee;StB 8 Plauen;14 Mockritz, Coschütz, Plauen;Umbau;2000;11;33
85 Coschütz/Gittersee;StB 8 Plauen;14 Mockritz, Coschütz, Plauen;Umbau;2001;9;27
85 Coschütz/Gittersee;StB 8 Plauen;14 Mockritz, Coschütz, Plauen;Umbau;2002;6;26
85 Coschütz/Gittersee;StB 8 Plauen;14 Mockritz, Coschütz, Plauen;Umbau;2003;3;12
85 Coschütz/Gittersee;StB 8 Plauen;14 Mockritz, Coschütz, Plauen;Umbau;2004;6;16
85 Coschütz/Gittersee;StB 8 Plauen;14 Mockritz, Coschütz, Plauen;Umbau;2005;14;44
85 Coschütz/Gittersee;StB 8 Plauen;14 Mockritz, Coschütz, Plauen;Umbau;2006;4;17
85 Coschütz/Gittersee;StB 8 Plauen;14 Mockritz, Coschütz, Plauen;Umbau;2007;11;32
85 Coschütz/Gittersee;StB 8 Plauen;14 Mockritz, Coschütz, Plauen;Umbau;2008;7;11
85 Coschütz/Gittersee;StB 8 Plauen;14 Mockritz, Coschütz, Plauen;Umbau;2009;11;44
85 Coschütz/Gittersee;StB 8 Plauen;14 Mockritz, Coschütz, Plauen;Umbau;2010;13;36
85 Coschütz/Gittersee;StB 8 Plauen;14 Mockritz, Coschütz, Plauen;Umbau;2011;9;17
85 Coschütz/Gittersee;StB 8 Plauen;14 Mockritz, Coschütz, Plauen;Umbau;2012;7;14
85 Coschütz/Gittersee;StB 8 Plauen;14 Mockritz, Coschütz, Plauen;Umbau;2013;13;26
85 Coschütz/Gittersee;StB 8 Plauen;14 Mockritz, Coschütz, Plauen;Umbau;2014;12;82
85 Coschütz/Gittersee;StB 8 Plauen;14 Mockritz, Coschütz, Plauen;Umbau;2015;13;52
85 Coschütz/Gittersee;StB 8 Plauen;14 Mockritz, Coschütz, Plauen;Umbau;2016;5;34
85 Coschütz/Gittersee;StB 8 Plauen;14 Mockritz, Coschütz, Plauen;Umbau;2017;17;100
85 Coschütz/Gittersee;StB 8 Plauen;14 Mockritz, Coschütz, Plauen;Umbau;2018;8;8
85 Coschütz/Gittersee;StB 8 Plauen;14 Mockritz, Coschütz, Plauen;Umbau;2019;5;20
85 Coschütz/Gittersee;StB 8 Plauen;14 Mockritz, Coschütz, Plauen;Umbau;2020;13;49
85 Coschütz/Gittersee;StB 8 Plauen;14 Mockritz, Coschütz, Plauen;Umbau;2021;8;25
85 Coschütz/Gittersee;StB 8 Plauen;14 Mockritz, Coschütz, Plauen;Umbau;2022;8;15
85 Coschütz/Gittersee;StB 8 Plauen;14 Mockritz, Coschütz, Plauen;Umbau;2023;7;14
85 Coschütz/Gittersee;StB 8 Plauen;14 Mockritz, Coschütz, Plauen;Umbau;2024;5;8
85 Coschütz/Gittersee;StB 8 Plauen;14 Mockritz, Coschütz, Plauen;Umbau;2025;10;20
85 Coschütz/Gittersee;StB 8 Plauen;14 Mockritz, Coschütz, Plauen;Umbau;2026;5;9
86 Plauen;StB 8 Plauen;14 Mockritz, Coschütz, Plauen;Neubau;1992;2;11
86 Plauen;StB 8 Plauen;14 Mockritz, Coschütz, Plauen;Neubau;1993;5;35
86 Plauen;StB 8 Plauen;14 Mockritz, Coschütz, Plauen;Neubau;1994;20;207
86 Plauen;StB 8 Plauen;14 Mockritz, Coschütz, Plauen;Neubau;1995;15;130
86 Plauen;StB 8 Plauen;14 Mockritz, Coschütz, Plauen;Neubau;1996;29;277
86 Plauen;StB 8 Plauen;14 Mockritz, Coschütz, Plauen;Neubau;1997;7;94
86 Plauen;StB 8 Plauen;14 Mockritz, Coschütz, Plauen;Neubau;1998;8;49
86 Plauen;StB 8 Plauen;14 Mockritz, Coschütz, Plauen;Neubau;1999;10;47
86 Plauen;StB 8 Plauen;14 Mockritz, Coschütz, Plauen;Neubau;2000;6;6
86 Plauen;StB 8 Plauen;14 Mockritz, Coschütz, Plauen;Neubau;2001;4;16
86 Plauen;StB 8 Plauen;14 Mockritz, Coschütz, Plauen;Neubau;2002;1;7
86 Plauen;StB 8 Plauen;14 Mockritz, Coschütz, Plauen;Neubau;2003;13;28
86 Plauen;StB 8 Plauen;14 Mockritz, Coschütz, Plauen;Neubau;2004;11;12
86 Plauen;StB 8 Plauen;14 Mockritz, Coschütz, Plauen;Neubau;2005;8;19
86 Plauen;StB 8 Plauen;14 Mockritz, Coschütz, Plauen;Neubau;2006;16;115
86 Plauen;StB 8 Plauen;14 Mockritz, Coschütz, Plauen;Neubau;2007;2;17
86 Plauen;StB 8 Plauen;14 Mockritz, Coschütz, Plauen;Neubau;2008;1;1
86 Plauen;StB 8 Plauen;14 Mockritz, Coschütz, Plauen;Neubau;2009;6;8
86 Plauen;StB 8 Plauen;14 Mockritz, Coschütz, Plauen;Neubau;2010;13;14
86 Plauen;StB 8 Plauen;14 Mockritz, Coschütz, Plauen;Neubau;2011;2;0
86 Plauen;StB 8 Plauen;14 Mockritz, Coschütz, Plauen;Neubau;2012;6;6
86 Plauen;StB 8 Plauen;14 Mockritz, Coschütz, Plauen;Neubau;2013;2;8
86 Plauen;StB 8 Plauen;14 Mockritz, Coschütz, Plauen;Neubau;2014;5;33
86 Plauen;StB 8 Plauen;14 Mockritz, Coschütz, Plauen;Neubau;2015;7;20
86 Plauen;StB 8 Plauen;14 Mockritz, Coschütz, Plauen;Neubau;2016;9;22
86 Plauen;StB 8 Plauen;14 Mockritz, Coschütz, Plauen;Neubau;2017;4;27
86 Plauen;StB 8 Plauen;14 Mockritz, Coschütz, Plauen;Neubau;2018;6;29
86 Plauen;StB 8 Plauen;14 Mockritz, Coschütz, Plauen;Neubau;2020;2;10
86 Plauen;StB 8 Plauen;14 Mockritz, Coschütz, Plauen;Neubau;2021;6;25
86 Plauen;StB 8 Plauen;14 Mockritz, Coschütz, Plauen;Neubau;2023;1;0
86 Plauen;StB 8 Plauen;14 Mockritz, Coschütz, Plauen;Neubau;2024;5;5
86 Plauen;StB 8 Plauen;14 Mockritz, Coschütz, Plauen;Neubau;2025;2;0
86 Plauen;StB 8 Plauen;14 Mockritz, Coschütz, Plauen;Umbau;1992;2;2
86 Plauen;StB 8 Plauen;14 Mockritz, Coschütz, Plauen;Umbau;1993;8;44
86 Plauen;StB 8 Plauen;14 Mockritz, Coschütz, Plauen;Umbau;1994;6;26
86 Plauen;StB 8 Plauen;14 Mockritz, Coschütz, Plauen;Umbau;1995;10;69
86 Plauen;StB 8 Plauen;14 Mockritz, Coschütz, Plauen;Umbau;1996;14;68
86 Plauen;StB 8 Plauen;14 Mockritz, Coschütz, Plauen;Umbau;1997;22;148
86 Plauen;StB 8 Plauen;14 Mockritz, Coschütz, Plauen;Umbau;1998;30;207
86 Plauen;StB 8 Plauen;14 Mockritz, Coschütz, Plauen;Umbau;1999;68;660
86 Plauen;StB 8 Plauen;14 Mockritz, Coschütz, Plauen;Umbau;2000;18;146
86 Plauen;StB 8 Plauen;14 Mockritz, Coschütz, Plauen;Umbau;2001;10;87
86 Plauen;StB 8 Plauen;14 Mockritz, Coschütz, Plauen;Umbau;2002;18;112
86 Plauen;StB 8 Plauen;14 Mockritz, Coschütz, Plauen;Umbau;2003;13;59
86 Plauen;StB 8 Plauen;14 Mockritz, Coschütz, Plauen;Umbau;2004;15;47
86 Plauen;StB 8 Plauen;14 Mockritz, Coschütz, Plauen;Umbau;2005;10;55
86 Plauen;StB 8 Plauen;14 Mockritz, Coschütz, Plauen;Umbau;2006;7;49
86 Plauen;StB 8 Plauen;14 Mockritz, Coschütz, Plauen;Umbau;2007;22;145
86 Plauen;StB 8 Plauen;14 Mockritz, Coschütz, Plauen;Umbau;2008;14;81
86 Plauen;StB 8 Plauen;14 Mockritz, Coschütz, Plauen;Umbau;2009;10;63
86 Plauen;StB 8 Plauen;14 Mockritz, Coschütz, Plauen;Umbau;2010;3;19
86 Plauen;StB 8 Plauen;14 Mockritz, Coschütz, Plauen;Umbau;2011;5;9
86 Plauen;StB 8 Plauen;14 Mockritz, Coschütz, Plauen;Umbau;2012;8;12
86 Plauen;StB 8 Plauen;14 Mockritz, Coschütz, Plauen;Umbau;2013;10;38
86 Plauen;StB 8 Plauen;14 Mockritz, Coschütz, Plauen;Umbau;2014;9;103
86 Plauen;StB 8 Plauen;14 Mockritz, Coschütz, Plauen;Umbau;2015;19;115
86 Plauen;StB 8 Plauen;14 Mockritz, Coschütz, Plauen;Umbau;2016;11;53
86 Plauen;StB 8 Plauen;14 Mockritz, Coschütz, Plauen;Umbau;2017;16;130
86 Plauen;StB 8 Plauen;14 Mockritz, Coschütz, Plauen;Umbau;2018;7;26
86 Plauen;StB 8 Plauen;14 Mockritz, Coschütz, Plauen;Umbau;2019;5;22
86 Plauen;StB 8 Plauen;14 Mockritz, Coschütz, Plauen;Umbau;2020;6;29
86 Plauen;StB 8 Plauen;14 Mockritz, Coschütz, Plauen;Umbau;2021;4;41
86 Plauen;StB 8 Plauen;14 Mockritz, Coschütz, Plauen;Umbau;2022;4;21
86 Plauen;StB 8 Plauen;14 Mockritz, Coschütz, Plauen;Umbau;2023;1;6
86 Plauen;StB 8 Plauen;14 Mockritz, Coschütz, Plauen;Umbau;2024;6;18
86 Plauen;StB 8 Plauen;14 Mockritz, Coschütz, Plauen;Umbau;2025;4;12
90 Cossebaude/Mobschatz/Oberw.;StB 9 Cotta/westliche Ortschaften;17 Briesnitz und westliche OS;Neubau;1996;1;6
90 Cossebaude/Mobschatz/Oberw.;StB 9 Cotta/westliche Ortschaften;17 Briesnitz und westliche OS;Neubau;1997;20;61
90 Cossebaude/Mobschatz/Oberw.;StB 9 Cotta/westliche Ortschaften;17 Briesnitz und westliche OS;Neubau;1998;16;19
90 Cossebaude/Mobschatz/Oberw.;StB 9 Cotta/westliche Ortschaften;17 Briesnitz und westliche OS;Neubau;1999;18;18
90 Cossebaude/Mobschatz/Oberw.;StB 9 Cotta/westliche Ortschaften;17 Briesnitz und westliche OS;Neubau;2000;27;28
90 Cossebaude/Mobschatz/Oberw.;StB 9 Cotta/westliche Ortschaften;17 Briesnitz und westliche OS;Neubau;2001;37;71
90 Cossebaude/Mobschatz/Oberw.;StB 9 Cotta/westliche Ortschaften;17 Briesnitz und westliche OS;Neubau;2002;9;8
90 Cossebaude/Mobschatz/Oberw.;StB 9 Cotta/westliche Ortschaften;17 Briesnitz und westliche OS;Neubau;2003;17;20
90 Cossebaude/Mobschatz/Oberw.;StB 9 Cotta/westliche Ortschaften;17 Briesnitz und westliche OS;Neubau;2004;19;17
90 Cossebaude/Mobschatz/Oberw.;StB 9 Cotta/westliche Ortschaften;17 Briesnitz und westliche OS;Neubau;2005;25;24
90 Cossebaude/Mobschatz/Oberw.;StB 9 Cotta/westliche Ortschaften;17 Briesnitz und westliche OS;Neubau;2006;11;10
90 Cossebaude/Mobschatz/Oberw.;StB 9 Cotta/westliche Ortschaften;17 Briesnitz und westliche OS;Neubau;2007;13;12
90 Cossebaude/Mobschatz/Oberw.;StB 9 Cotta/westliche Ortschaften;17 Briesnitz und westliche OS;Neubau;2008;17;15
90 Cossebaude/Mobschatz/Oberw.;StB 9 Cotta/westliche Ortschaften;17 Briesnitz und westliche OS;Neubau;2009;16;14
90 Cossebaude/Mobschatz/Oberw.;StB 9 Cotta/westliche Ortschaften;17 Briesnitz und westliche OS;Neubau;2010;10;9
90 Cossebaude/Mobschatz/Oberw.;StB 9 Cotta/westliche Ortschaften;17 Briesnitz und westliche OS;Neubau;2011;16;16
90 Cossebaude/Mobschatz/Oberw.;StB 9 Cotta/westliche Ortschaften;17 Briesnitz und westliche OS;Neubau;2012;16;16
90 Cossebaude/Mobschatz/Oberw.;StB 9 Cotta/westliche Ortschaften;17 Briesnitz und westliche OS;Neubau;2013;12;14
90 Cossebaude/Mobschatz/Oberw.;StB 9 Cotta/westliche Ortschaften;17 Briesnitz und westliche OS;Neubau;2014;12;10
90 Cossebaude/Mobschatz/Oberw.;StB 9 Cotta/westliche Ortschaften;17 Briesnitz und westliche OS;Neubau;2015;33;48
90 Cossebaude/Mobschatz/Oberw.;StB 9 Cotta/westliche Ortschaften;17 Briesnitz und westliche OS;Neubau;2016;41;41
90 Cossebaude/Mobschatz/Oberw.;StB 9 Cotta/westliche Ortschaften;17 Briesnitz und westliche OS;Neubau;2017;20;26
90 Cossebaude/Mobschatz/Oberw.;StB 9 Cotta/westliche Ortschaften;17 Briesnitz und westliche OS;Neubau;2018;13;17
90 Cossebaude/Mobschatz/Oberw.;StB 9 Cotta/westliche Ortschaften;17 Briesnitz und westliche OS;Neubau;2019;12;9
90 Cossebaude/Mobschatz/Oberw.;StB 9 Cotta/westliche Ortschaften;17 Briesnitz und westliche OS;Neubau;2020;11;13
90 Cossebaude/Mobschatz/Oberw.;StB 9 Cotta/westliche Ortschaften;17 Briesnitz und westliche OS;Neubau;2021;11;9
90 Cossebaude/Mobschatz/Oberw.;StB 9 Cotta/westliche Ortschaften;17 Briesnitz und westliche OS;Neubau;2022;19;19
90 Cossebaude/Mobschatz/Oberw.;StB 9 Cotta/westliche Ortschaften;17 Briesnitz und westliche OS;Neubau;2023;10;8
90 Cossebaude/Mobschatz/Oberw.;StB 9 Cotta/westliche Ortschaften;17 Briesnitz und westliche OS;Neubau;2024;4;4
90 Cossebaude/Mobschatz/Oberw.;StB 9 Cotta/westliche Ortschaften;17 Briesnitz und westliche OS;Neubau;2025;9;9
90 Cossebaude/Mobschatz/Oberw.;StB 9 Cotta/westliche Ortschaften;17 Briesnitz und westliche OS;Neubau;2026;16;17
90 Cossebaude/Mobschatz/Oberw.;StB 9 Cotta/westliche Ortschaften;17 Briesnitz und westliche OS;Umbau;1997;2;11
90 Cossebaude/Mobschatz/Oberw.;StB 9 Cotta/westliche Ortschaften;17 Briesnitz und westliche OS;Umbau;1998;6;13
90 Cossebaude/Mobschatz/Oberw.;StB 9 Cotta/westliche Ortschaften;17 Briesnitz und westliche OS;Umbau;1999;8;13
90 Cossebaude/Mobschatz/Oberw.;StB 9 Cotta/westliche Ortschaften;17 Briesnitz und westliche OS;Umbau;2000;6;6
90 Cossebaude/Mobschatz/Oberw.;StB 9 Cotta/westliche Ortschaften;17 Briesnitz und westliche OS;Umbau;2001;5;10
90 Cossebaude/Mobschatz/Oberw.;StB 9 Cotta/westliche Ortschaften;17 Briesnitz und westliche OS;Umbau;2002;9;32
90 Cossebaude/Mobschatz/Oberw.;StB 9 Cotta/westliche Ortschaften;17 Briesnitz und westliche OS;Umbau;2003;17;61
90 Cossebaude/Mobschatz/Oberw.;StB 9 Cotta/westliche Ortschaften;17 Briesnitz und westliche OS;Umbau;2004;12;16
90 Cossebaude/Mobschatz/Oberw.;StB 9 Cotta/westliche Ortschaften;17 Briesnitz und westliche OS;Umbau;2005;19;50
90 Cossebaude/Mobschatz/Oberw.;StB 9 Cotta/westliche Ortschaften;17 Briesnitz und westliche OS;Umbau;2006;20;111
90 Cossebaude/Mobschatz/Oberw.;StB 9 Cotta/westliche Ortschaften;17 Briesnitz und westliche OS;Umbau;2007;10;39
90 Cossebaude/Mobschatz/Oberw.;StB 9 Cotta/westliche Ortschaften;17 Briesnitz und westliche OS;Umbau;2008;11;22
90 Cossebaude/Mobschatz/Oberw.;StB 9 Cotta/westliche Ortschaften;17 Briesnitz und westliche OS;Umbau;2009;17;93
90 Cossebaude/Mobschatz/Oberw.;StB 9 Cotta/westliche Ortschaften;17 Briesnitz und westliche OS;Umbau;2010;11;36
90 Cossebaude/Mobschatz/Oberw.;StB 9 Cotta/westliche Ortschaften;17 Briesnitz und westliche OS;Umbau;2011;14;41
90 Cossebaude/Mobschatz/Oberw.;StB 9 Cotta/westliche Ortschaften;17 Briesnitz und westliche OS;Umbau;2012;15;42
90 Cossebaude/Mobschatz/Oberw.;StB 9 Cotta/westliche Ortschaften;17 Briesnitz und westliche OS;Umbau;2013;7;7
90 Cossebaude/Mobschatz/Oberw.;StB 9 Cotta/westliche Ortschaften;17 Briesnitz und westliche OS;Umbau;2014;19;35
90 Cossebaude/Mobschatz/Oberw.;StB 9 Cotta/westliche Ortschaften;17 Briesnitz und westliche OS;Umbau;2015;12;17
90 Cossebaude/Mobschatz/Oberw.;StB 9 Cotta/westliche Ortschaften;17 Briesnitz und westliche OS;Umbau;2016;13;39
90 Cossebaude/Mobschatz/Oberw.;StB 9 Cotta/westliche Ortschaften;17 Briesnitz und westliche OS;Umbau;2017;10;43
90 Cossebaude/Mobschatz/Oberw.;StB 9 Cotta/westliche Ortschaften;17 Briesnitz und westliche OS;Umbau;2018;10;25
90 Cossebaude/Mobschatz/Oberw.;StB 9 Cotta/westliche Ortschaften;17 Briesnitz und westliche OS;Umbau;2019;12;43
90 Cossebaude/Mobschatz/Oberw.;StB 9 Cotta/westliche Ortschaften;17 Briesnitz und westliche OS;Umbau;2020;11;14
90 Cossebaude/Mobschatz/Oberw.;StB 9 Cotta/westliche Ortschaften;17 Briesnitz und westliche OS;Umbau;2021;19;29
90 Cossebaude/Mobschatz/Oberw.;StB 9 Cotta/westliche Ortschaften;17 Briesnitz und westliche OS;Umbau;2022;17;29
90 Cossebaude/Mobschatz/Oberw.;StB 9 Cotta/westliche Ortschaften;17 Briesnitz und westliche OS;Umbau;2023;12;21
90 Cossebaude/Mobschatz/Oberw.;StB 9 Cotta/westliche Ortschaften;17 Briesnitz und westliche OS;Umbau;2024;9;20
90 Cossebaude/Mobschatz/Oberw.;StB 9 Cotta/westliche Ortschaften;17 Briesnitz und westliche OS;Umbau;2025;12;38
90 Cossebaude/Mobschatz/Oberw.;StB 9 Cotta/westliche Ortschaften;17 Briesnitz und westliche OS;Umbau;2026;3;4
91 Cotta;StB 9 Cotta/westliche Ortschaften;15 Cotta, Löbtau, Naußlitz, Dölzschen;Neubau;1992;4;25
91 Cotta;StB 9 Cotta/westliche Ortschaften;15 Cotta, Löbtau, Naußlitz, Dölzschen;Neubau;1993;11;176
91 Cotta;StB 9 Cotta/westliche Ortschaften;15 Cotta, Löbtau, Naußlitz, Dölzschen;Neubau;1994;11;146
91 Cotta;StB 9 Cotta/westliche Ortschaften;15 Cotta, Löbtau, Naußlitz, Dölzschen;Neubau;1995;11;120
91 Cotta;StB 9 Cotta/westliche Ortschaften;15 Cotta, Löbtau, Naußlitz, Dölzschen;Neubau;1996;11;113
91 Cotta;StB 9 Cotta/westliche Ortschaften;15 Cotta, Löbtau, Naußlitz, Dölzschen;Neubau;1997;12;142
91 Cotta;StB 9 Cotta/westliche Ortschaften;15 Cotta, Löbtau, Naußlitz, Dölzschen;Neubau;1998;2;11
91 Cotta;StB 9 Cotta/westliche Ortschaften;15 Cotta, Löbtau, Naußlitz, Dölzschen;Neubau;1999;14;50
91 Cotta;StB 9 Cotta/westliche Ortschaften;15 Cotta, Löbtau, Naußlitz, Dölzschen;Neubau;2000;7;7
91 Cotta;StB 9 Cotta/westliche Ortschaften;15 Cotta, Löbtau, Naußlitz, Dölzschen;Neubau;2001;50;49
91 Cotta;StB 9 Cotta/westliche Ortschaften;15 Cotta, Löbtau, Naußlitz, Dölzschen;Neubau;2002;1;0
91 Cotta;StB 9 Cotta/westliche Ortschaften;15 Cotta, Löbtau, Naußlitz, Dölzschen;Neubau;2003;2;0
91 Cotta;StB 9 Cotta/westliche Ortschaften;15 Cotta, Löbtau, Naußlitz, Dölzschen;Neubau;2004;5;5
91 Cotta;StB 9 Cotta/westliche Ortschaften;15 Cotta, Löbtau, Naußlitz, Dölzschen;Neubau;2005;22;22
91 Cotta;StB 9 Cotta/westliche Ortschaften;15 Cotta, Löbtau, Naußlitz, Dölzschen;Neubau;2006;28;26
91 Cotta;StB 9 Cotta/westliche Ortschaften;15 Cotta, Löbtau, Naußlitz, Dölzschen;Neubau;2007;2;3
91 Cotta;StB 9 Cotta/westliche Ortschaften;15 Cotta, Löbtau, Naußlitz, Dölzschen;Neubau;2008;3;6
91 Cotta;StB 9 Cotta/westliche Ortschaften;15 Cotta, Löbtau, Naußlitz, Dölzschen;Neubau;2009;3;3
91 Cotta;StB 9 Cotta/westliche Ortschaften;15 Cotta, Löbtau, Naußlitz, Dölzschen;Neubau;2010;3;1
91 Cotta;StB 9 Cotta/westliche Ortschaften;15 Cotta, Löbtau, Naußlitz, Dölzschen;Neubau;2011;12;28
91 Cotta;StB 9 Cotta/westliche Ortschaften;15 Cotta, Löbtau, Naußlitz, Dölzschen;Neubau;2012;6;11
91 Cotta;StB 9 Cotta/westliche Ortschaften;15 Cotta, Löbtau, Naußlitz, Dölzschen;Neubau;2013;5;11
91 Cotta;StB 9 Cotta/westliche Ortschaften;15 Cotta, Löbtau, Naußlitz, Dölzschen;Neubau;2014;5;28
91 Cotta;StB 9 Cotta/westliche Ortschaften;15 Cotta, Löbtau, Naußlitz, Dölzschen;Neubau;2015;23;36
91 Cotta;StB 9 Cotta/westliche Ortschaften;15 Cotta, Löbtau, Naußlitz, Dölzschen;Neubau;2016;15;72
91 Cotta;StB 9 Cotta/westliche Ortschaften;15 Cotta, Löbtau, Naußlitz, Dölzschen;Neubau;2017;4;6
91 Cotta;StB 9 Cotta/westliche Ortschaften;15 Cotta, Löbtau, Naußlitz, Dölzschen;Neubau;2019;7;28
91 Cotta;StB 9 Cotta/westliche Ortschaften;15 Cotta, Löbtau, Naußlitz, Dölzschen;Neubau;2020;5;21
91 Cotta;StB 9 Cotta/westliche Ortschaften;15 Cotta, Löbtau, Naußlitz, Dölzschen;Neubau;2021;3;25
91 Cotta;StB 9 Cotta/westliche Ortschaften;15 Cotta, Löbtau, Naußlitz, Dölzschen;Neubau;2022;3;2
91 Cotta;StB 9 Cotta/westliche Ortschaften;15 Cotta, Löbtau, Naußlitz, Dölzschen;Neubau;2023;2;43
91 Cotta;StB 9 Cotta/westliche Ortschaften;15 Cotta, Löbtau, Naußlitz, Dölzschen;Neubau;2024;23;68
91 Cotta;StB 9 Cotta/westliche Ortschaften;15 Cotta, Löbtau, Naußlitz, Dölzschen;Neubau;2025;6;49
91 Cotta;StB 9 Cotta/westliche Ortschaften;15 Cotta, Löbtau, Naußlitz, Dölzschen;Neubau;2026;2;9
91 Cotta;StB 9 Cotta/westliche Ortschaften;15 Cotta, Löbtau, Naußlitz, Dölzschen;Umbau;1992;3;10
91 Cotta;StB 9 Cotta/westliche Ortschaften;15 Cotta, Löbtau, Naußlitz, Dölzschen;Umbau;1993;5;27
91 Cotta;StB 9 Cotta/westliche Ortschaften;15 Cotta, Löbtau, Naußlitz, Dölzschen;Umbau;1994;6;55
91 Cotta;StB 9 Cotta/westliche Ortschaften;15 Cotta, Löbtau, Naußlitz, Dölzschen;Umbau;1995;6;65
91 Cotta;StB 9 Cotta/westliche Ortschaften;15 Cotta, Löbtau, Naußlitz, Dölzschen;Umbau;1996;14;112
91 Cotta;StB 9 Cotta/westliche Ortschaften;15 Cotta, Löbtau, Naußlitz, Dölzschen;Umbau;1997;45;339
91 Cotta;StB 9 Cotta/westliche Ortschaften;15 Cotta, Löbtau, Naußlitz, Dölzschen;Umbau;1998;31;307
91 Cotta;StB 9 Cotta/westliche Ortschaften;15 Cotta, Löbtau, Naußlitz, Dölzschen;Umbau;1999;32;249
91 Cotta;StB 9 Cotta/westliche Ortschaften;15 Cotta, Löbtau, Naußlitz, Dölzschen;Umbau;2000;26;206
91 Cotta;StB 9 Cotta/westliche Ortschaften;15 Cotta, Löbtau, Naußlitz, Dölzschen;Umbau;2001;35;225
91 Cotta;StB 9 Cotta/westliche Ortschaften;15 Cotta, Löbtau, Naußlitz, Dölzschen;Umbau;2002;13;91
91 Cotta;StB 9 Cotta/westliche Ortschaften;15 Cotta, Löbtau, Naußlitz, Dölzschen;Umbau;2003;9;63
91 Cotta;StB 9 Cotta/westliche Ortschaften;15 Cotta, Löbtau, Naußlitz, Dölzschen;Umbau;2004;17;116
91 Cotta;StB 9 Cotta/westliche Ortschaften;15 Cotta, Löbtau, Naußlitz, Dölzschen;Umbau;2005;8;46
91 Cotta;StB 9 Cotta/westliche Ortschaften;15 Cotta, Löbtau, Naußlitz, Dölzschen;Umbau;2006;12;63
91 Cotta;StB 9 Cotta/westliche Ortschaften;15 Cotta, Löbtau, Naußlitz, Dölzschen;Umbau;2007;24;230
91 Cotta;StB 9 Cotta/westliche Ortschaften;15 Cotta, Löbtau, Naußlitz, Dölzschen;Umbau;2008;23;163
91 Cotta;StB 9 Cotta/westliche Ortschaften;15 Cotta, Löbtau, Naußlitz, Dölzschen;Umbau;2009;6;58
91 Cotta;StB 9 Cotta/westliche Ortschaften;15 Cotta, Löbtau, Naußlitz, Dölzschen;Umbau;2010;13;63
91 Cotta;StB 9 Cotta/westliche Ortschaften;15 Cotta, Löbtau, Naußlitz, Dölzschen;Umbau;2011;13;80
91 Cotta;StB 9 Cotta/westliche Ortschaften;15 Cotta, Löbtau, Naußlitz, Dölzschen;Umbau;2012;6;75
91 Cotta;StB 9 Cotta/westliche Ortschaften;15 Cotta, Löbtau, Naußlitz, Dölzschen;Umbau;2013;4;33
91 Cotta;StB 9 Cotta/westliche Ortschaften;15 Cotta, Löbtau, Naußlitz, Dölzschen;Umbau;2014;16;134
91 Cotta;StB 9 Cotta/westliche Ortschaften;15 Cotta, Löbtau, Naußlitz, Dölzschen;Umbau;2015;15;65
91 Cotta;StB 9 Cotta/westliche Ortschaften;15 Cotta, Löbtau, Naußlitz, Dölzschen;Umbau;2016;8;37
91 Cotta;StB 9 Cotta/westliche Ortschaften;15 Cotta, Löbtau, Naußlitz, Dölzschen;Umbau;2017;15;108
91 Cotta;StB 9 Cotta/westliche Ortschaften;15 Cotta, Löbtau, Naußlitz, Dölzschen;Umbau;2018;7;75
91 Cotta;StB 9 Cotta/westliche Ortschaften;15 Cotta, Löbtau, Naußlitz, Dölzschen;Umbau;2019;9;77
91 Cotta;StB 9 Cotta/westliche Ortschaften;15 Cotta, Löbtau, Naußlitz, Dölzschen;Umbau;2020;4;13
91 Cotta;StB 9 Cotta/westliche Ortschaften;15 Cotta, Löbtau, Naußlitz, Dölzschen;Umbau;2021;8;42
91 Cotta;StB 9 Cotta/westliche Ortschaften;15 Cotta, Löbtau, Naußlitz, Dölzschen;Umbau;2022;2;6
91 Cotta;StB 9 Cotta/westliche Ortschaften;15 Cotta, Löbtau, Naußlitz, Dölzschen;Umbau;2023;9;57
91 Cotta;StB 9 Cotta/westliche Ortschaften;15 Cotta, Löbtau, Naußlitz, Dölzschen;Umbau;2024;5;42
91 Cotta;StB 9 Cotta/westliche Ortschaften;15 Cotta, Löbtau, Naußlitz, Dölzschen;Umbau;2025;4;32
91 Cotta;StB 9 Cotta/westliche Ortschaften;15 Cotta, Löbtau, Naußlitz, Dölzschen;Umbau;2026;6;50
92 Löbtau-Nord;StB 9 Cotta/westliche Ortschaften;15 Cotta, Löbtau, Naußlitz, Dölzschen;Neubau;1992;3;50
92 Löbtau-Nord;StB 9 Cotta/westliche Ortschaften;15 Cotta, Löbtau, Naußlitz, Dölzschen;Neubau;1993;1;16
92 Löbtau-Nord;StB 9 Cotta/westliche Ortschaften;15 Cotta, Löbtau, Naußlitz, Dölzschen;Neubau;1994;8;135
92 Löbtau-Nord;StB 9 Cotta/westliche Ortschaften;15 Cotta, Löbtau, Naußlitz, Dölzschen;Neubau;1995;7;108
92 Löbtau-Nord;StB 9 Cotta/westliche Ortschaften;15 Cotta, Löbtau, Naußlitz, Dölzschen;Neubau;1996;20;280
92 Löbtau-Nord;StB 9 Cotta/westliche Ortschaften;15 Cotta, Löbtau, Naußlitz, Dölzschen;Neubau;1997;3;24
92 Löbtau-Nord;StB 9 Cotta/westliche Ortschaften;15 Cotta, Löbtau, Naußlitz, Dölzschen;Neubau;1998;3;24
92 Löbtau-Nord;StB 9 Cotta/westliche Ortschaften;15 Cotta, Löbtau, Naußlitz, Dölzschen;Neubau;1999;4;73
92 Löbtau-Nord;StB 9 Cotta/westliche Ortschaften;15 Cotta, Löbtau, Naußlitz, Dölzschen;Neubau;2000;2;28
92 Löbtau-Nord;StB 9 Cotta/westliche Ortschaften;15 Cotta, Löbtau, Naußlitz, Dölzschen;Neubau;2001;2;0
92 Löbtau-Nord;StB 9 Cotta/westliche Ortschaften;15 Cotta, Löbtau, Naußlitz, Dölzschen;Neubau;2002;1;0
92 Löbtau-Nord;StB 9 Cotta/westliche Ortschaften;15 Cotta, Löbtau, Naußlitz, Dölzschen;Neubau;2003;3;0
92 Löbtau-Nord;StB 9 Cotta/westliche Ortschaften;15 Cotta, Löbtau, Naußlitz, Dölzschen;Neubau;2004;1;1
92 Löbtau-Nord;StB 9 Cotta/westliche Ortschaften;15 Cotta, Löbtau, Naußlitz, Dölzschen;Neubau;2005;2;2
92 Löbtau-Nord;StB 9 Cotta/westliche Ortschaften;15 Cotta, Löbtau, Naußlitz, Dölzschen;Neubau;2006;4;3
92 Löbtau-Nord;StB 9 Cotta/westliche Ortschaften;15 Cotta, Löbtau, Naußlitz, Dölzschen;Neubau;2007;4;3
92 Löbtau-Nord;StB 9 Cotta/westliche Ortschaften;15 Cotta, Löbtau, Naußlitz, Dölzschen;Neubau;2008;1;0
92 Löbtau-Nord;StB 9 Cotta/westliche Ortschaften;15 Cotta, Löbtau, Naußlitz, Dölzschen;Neubau;2009;7;13
92 Löbtau-Nord;StB 9 Cotta/westliche Ortschaften;15 Cotta, Löbtau, Naußlitz, Dölzschen;Neubau;2010;1;1
92 Löbtau-Nord;StB 9 Cotta/westliche Ortschaften;15 Cotta, Löbtau, Naußlitz, Dölzschen;Neubau;2011;6;7
92 Löbtau-Nord;StB 9 Cotta/westliche Ortschaften;15 Cotta, Löbtau, Naußlitz, Dölzschen;Neubau;2012;5;14
92 Löbtau-Nord;StB 9 Cotta/westliche Ortschaften;15 Cotta, Löbtau, Naußlitz, Dölzschen;Neubau;2013;9;139
92 Löbtau-Nord;StB 9 Cotta/westliche Ortschaften;15 Cotta, Löbtau, Naußlitz, Dölzschen;Neubau;2014;4;29
92 Löbtau-Nord;StB 9 Cotta/westliche Ortschaften;15 Cotta, Löbtau, Naußlitz, Dölzschen;Neubau;2015;2;7
92 Löbtau-Nord;StB 9 Cotta/westliche Ortschaften;15 Cotta, Löbtau, Naußlitz, Dölzschen;Neubau;2016;5;22
92 Löbtau-Nord;StB 9 Cotta/westliche Ortschaften;15 Cotta, Löbtau, Naußlitz, Dölzschen;Neubau;2017;4;46
92 Löbtau-Nord;StB 9 Cotta/westliche Ortschaften;15 Cotta, Löbtau, Naußlitz, Dölzschen;Neubau;2018;6;29
92 Löbtau-Nord;StB 9 Cotta/westliche Ortschaften;15 Cotta, Löbtau, Naußlitz, Dölzschen;Neubau;2019;16;63
92 Löbtau-Nord;StB 9 Cotta/westliche Ortschaften;15 Cotta, Löbtau, Naußlitz, Dölzschen;Neubau;2020;15;170
92 Löbtau-Nord;StB 9 Cotta/westliche Ortschaften;15 Cotta, Löbtau, Naußlitz, Dölzschen;Neubau;2021;6;41
92 Löbtau-Nord;StB 9 Cotta/westliche Ortschaften;15 Cotta, Löbtau, Naußlitz, Dölzschen;Neubau;2022;9;128
92 Löbtau-Nord;StB 9 Cotta/westliche Ortschaften;15 Cotta, Löbtau, Naußlitz, Dölzschen;Neubau;2023;3;29
92 Löbtau-Nord;StB 9 Cotta/westliche Ortschaften;15 Cotta, Löbtau, Naußlitz, Dölzschen;Neubau;2024;7;58
92 Löbtau-Nord;StB 9 Cotta/westliche Ortschaften;15 Cotta, Löbtau, Naußlitz, Dölzschen;Neubau;2026;1;0
92 Löbtau-Nord;StB 9 Cotta/westliche Ortschaften;15 Cotta, Löbtau, Naußlitz, Dölzschen;Umbau;1992;4;24
92 Löbtau-Nord;StB 9 Cotta/westliche Ortschaften;15 Cotta, Löbtau, Naußlitz, Dölzschen;Umbau;1993;4;32
92 Löbtau-Nord;StB 9 Cotta/westliche Ortschaften;15 Cotta, Löbtau, Naußlitz, Dölzschen;Umbau;1994;7;43
92 Löbtau-Nord;StB 9 Cotta/westliche Ortschaften;15 Cotta, Löbtau, Naußlitz, Dölzschen;Umbau;1995;14;153
92 Löbtau-Nord;StB 9 Cotta/westliche Ortschaften;15 Cotta, Löbtau, Naußlitz, Dölzschen;Umbau;1996;17;197
92 Löbtau-Nord;StB 9 Cotta/westliche Ortschaften;15 Cotta, Löbtau, Naußlitz, Dölzschen;Umbau;1997;23;287
92 Löbtau-Nord;StB 9 Cotta/westliche Ortschaften;15 Cotta, Löbtau, Naußlitz, Dölzschen;Umbau;1998;22;250
92 Löbtau-Nord;StB 9 Cotta/westliche Ortschaften;15 Cotta, Löbtau, Naußlitz, Dölzschen;Umbau;1999;19;199
92 Löbtau-Nord;StB 9 Cotta/westliche Ortschaften;15 Cotta, Löbtau, Naußlitz, Dölzschen;Umbau;2000;9;72
92 Löbtau-Nord;StB 9 Cotta/westliche Ortschaften;15 Cotta, Löbtau, Naußlitz, Dölzschen;Umbau;2001;12;109
92 Löbtau-Nord;StB 9 Cotta/westliche Ortschaften;15 Cotta, Löbtau, Naußlitz, Dölzschen;Umbau;2002;4;58
92 Löbtau-Nord;StB 9 Cotta/westliche Ortschaften;15 Cotta, Löbtau, Naußlitz, Dölzschen;Umbau;2003;4;38
92 Löbtau-Nord;StB 9 Cotta/westliche Ortschaften;15 Cotta, Löbtau, Naußlitz, Dölzschen;Umbau;2004;5;46
92 Löbtau-Nord;StB 9 Cotta/westliche Ortschaften;15 Cotta, Löbtau, Naußlitz, Dölzschen;Umbau;2005;2;25
92 Löbtau-Nord;StB 9 Cotta/westliche Ortschaften;15 Cotta, Löbtau, Naußlitz, Dölzschen;Umbau;2006;2;22
92 Löbtau-Nord;StB 9 Cotta/westliche Ortschaften;15 Cotta, Löbtau, Naußlitz, Dölzschen;Umbau;2007;11;77
92 Löbtau-Nord;StB 9 Cotta/westliche Ortschaften;15 Cotta, Löbtau, Naußlitz, Dölzschen;Umbau;2008;5;37
92 Löbtau-Nord;StB 9 Cotta/westliche Ortschaften;15 Cotta, Löbtau, Naußlitz, Dölzschen;Umbau;2009;6;47
92 Löbtau-Nord;StB 9 Cotta/westliche Ortschaften;15 Cotta, Löbtau, Naußlitz, Dölzschen;Umbau;2010;3;33
92 Löbtau-Nord;StB 9 Cotta/westliche Ortschaften;15 Cotta, Löbtau, Naußlitz, Dölzschen;Umbau;2011;6;62
92 Löbtau-Nord;StB 9 Cotta/westliche Ortschaften;15 Cotta, Löbtau, Naußlitz, Dölzschen;Umbau;2012;4;23
92 Löbtau-Nord;StB 9 Cotta/westliche Ortschaften;15 Cotta, Löbtau, Naußlitz, Dölzschen;Umbau;2013;5;63
92 Löbtau-Nord;StB 9 Cotta/westliche Ortschaften;15 Cotta, Löbtau, Naußlitz, Dölzschen;Umbau;2014;1;9
92 Löbtau-Nord;StB 9 Cotta/westliche Ortschaften;15 Cotta, Löbtau, Naußlitz, Dölzschen;Umbau;2015;16;264
92 Löbtau-Nord;StB 9 Cotta/westliche Ortschaften;15 Cotta, Löbtau, Naußlitz, Dölzschen;Umbau;2016;9;113
92 Löbtau-Nord;StB 9 Cotta/westliche Ortschaften;15 Cotta, Löbtau, Naußlitz, Dölzschen;Umbau;2017;7;71
92 Löbtau-Nord;StB 9 Cotta/westliche Ortschaften;15 Cotta, Löbtau, Naußlitz, Dölzschen;Umbau;2018;2;13
92 Löbtau-Nord;StB 9 Cotta/westliche Ortschaften;15 Cotta, Löbtau, Naußlitz, Dölzschen;Umbau;2019;11;104
92 Löbtau-Nord;StB 9 Cotta/westliche Ortschaften;15 Cotta, Löbtau, Naußlitz, Dölzschen;Umbau;2020;7;67
92 Löbtau-Nord;StB 9 Cotta/westliche Ortschaften;15 Cotta, Löbtau, Naußlitz, Dölzschen;Umbau;2021;2;25
92 Löbtau-Nord;StB 9 Cotta/westliche Ortschaften;15 Cotta, Löbtau, Naußlitz, Dölzschen;Umbau;2022;3;12
92 Löbtau-Nord;StB 9 Cotta/westliche Ortschaften;15 Cotta, Löbtau, Naußlitz, Dölzschen;Umbau;2023;5;54
92 Löbtau-Nord;StB 9 Cotta/westliche Ortschaften;15 Cotta, Löbtau, Naußlitz, Dölzschen;Umbau;2024;5;27
92 Löbtau-Nord;StB 9 Cotta/westliche Ortschaften;15 Cotta, Löbtau, Naußlitz, Dölzschen;Umbau;2025;6;35
92 Löbtau-Nord;StB 9 Cotta/westliche Ortschaften;15 Cotta, Löbtau, Naußlitz, Dölzschen;Umbau;2026;2;17
93 Löbtau-Süd;StB 9 Cotta/westliche Ortschaften;15 Cotta, Löbtau, Naußlitz, Dölzschen;Neubau;1992;4;17
93 Löbtau-Süd;StB 9 Cotta/westliche Ortschaften;15 Cotta, Löbtau, Naußlitz, Dölzschen;Neubau;1993;6;18
93 Löbtau-Süd;StB 9 Cotta/westliche Ortschaften;15 Cotta, Löbtau, Naußlitz, Dölzschen;Neubau;1994;18;173
93 Löbtau-Süd;StB 9 Cotta/westliche Ortschaften;15 Cotta, Löbtau, Naußlitz, Dölzschen;Neubau;1995;14;197
93 Löbtau-Süd;StB 9 Cotta/westliche Ortschaften;15 Cotta, Löbtau, Naußlitz, Dölzschen;Neubau;1996;13;162
93 Löbtau-Süd;StB 9 Cotta/westliche Ortschaften;15 Cotta, Löbtau, Naußlitz, Dölzschen;Neubau;1997;26;341
93 Löbtau-Süd;StB 9 Cotta/westliche Ortschaften;15 Cotta, Löbtau, Naußlitz, Dölzschen;Neubau;1999;4;25
93 Löbtau-Süd;StB 9 Cotta/westliche Ortschaften;15 Cotta, Löbtau, Naußlitz, Dölzschen;Neubau;2000;2;0
93 Löbtau-Süd;StB 9 Cotta/westliche Ortschaften;15 Cotta, Löbtau, Naußlitz, Dölzschen;Neubau;2001;1;0
93 Löbtau-Süd;StB 9 Cotta/westliche Ortschaften;15 Cotta, Löbtau, Naußlitz, Dölzschen;Neubau;2004;2;0
93 Löbtau-Süd;StB 9 Cotta/westliche Ortschaften;15 Cotta, Löbtau, Naußlitz, Dölzschen;Neubau;2005;2;0
93 Löbtau-Süd;StB 9 Cotta/westliche Ortschaften;15 Cotta, Löbtau, Naußlitz, Dölzschen;Neubau;2006;3;0
93 Löbtau-Süd;StB 9 Cotta/westliche Ortschaften;15 Cotta, Löbtau, Naußlitz, Dölzschen;Neubau;2007;2;0
93 Löbtau-Süd;StB 9 Cotta/westliche Ortschaften;15 Cotta, Löbtau, Naußlitz, Dölzschen;Neubau;2010;2;0
93 Löbtau-Süd;StB 9 Cotta/westliche Ortschaften;15 Cotta, Löbtau, Naußlitz, Dölzschen;Neubau;2011;1;2
93 Löbtau-Süd;StB 9 Cotta/westliche Ortschaften;15 Cotta, Löbtau, Naußlitz, Dölzschen;Neubau;2012;4;32
93 Löbtau-Süd;StB 9 Cotta/westliche Ortschaften;15 Cotta, Löbtau, Naußlitz, Dölzschen;Neubau;2013;4;34
93 Löbtau-Süd;StB 9 Cotta/westliche Ortschaften;15 Cotta, Löbtau, Naußlitz, Dölzschen;Neubau;2014;4;23
93 Löbtau-Süd;StB 9 Cotta/westliche Ortschaften;15 Cotta, Löbtau, Naußlitz, Dölzschen;Neubau;2015;4;42
93 Löbtau-Süd;StB 9 Cotta/westliche Ortschaften;15 Cotta, Löbtau, Naußlitz, Dölzschen;Neubau;2016;4;33
93 Löbtau-Süd;StB 9 Cotta/westliche Ortschaften;15 Cotta, Löbtau, Naußlitz, Dölzschen;Neubau;2017;7;87
93 Löbtau-Süd;StB 9 Cotta/westliche Ortschaften;15 Cotta, Löbtau, Naußlitz, Dölzschen;Neubau;2018;5;63
93 Löbtau-Süd;StB 9 Cotta/westliche Ortschaften;15 Cotta, Löbtau, Naußlitz, Dölzschen;Neubau;2019;4;113
93 Löbtau-Süd;StB 9 Cotta/westliche Ortschaften;15 Cotta, Löbtau, Naußlitz, Dölzschen;Neubau;2021;9;121
93 Löbtau-Süd;StB 9 Cotta/westliche Ortschaften;15 Cotta, Löbtau, Naußlitz, Dölzschen;Neubau;2022;4;50
93 Löbtau-Süd;StB 9 Cotta/westliche Ortschaften;15 Cotta, Löbtau, Naußlitz, Dölzschen;Neubau;2023;2;2
93 Löbtau-Süd;StB 9 Cotta/westliche Ortschaften;15 Cotta, Löbtau, Naußlitz, Dölzschen;Neubau;2024;2;0
93 Löbtau-Süd;StB 9 Cotta/westliche Ortschaften;15 Cotta, Löbtau, Naußlitz, Dölzschen;Umbau;1992;9;48
93 Löbtau-Süd;StB 9 Cotta/westliche Ortschaften;15 Cotta, Löbtau, Naußlitz, Dölzschen;Umbau;1993;16;98
93 Löbtau-Süd;StB 9 Cotta/westliche Ortschaften;15 Cotta, Löbtau, Naußlitz, Dölzschen;Umbau;1994;6;50
93 Löbtau-Süd;StB 9 Cotta/westliche Ortschaften;15 Cotta, Löbtau, Naußlitz, Dölzschen;Umbau;1995;20;136
93 Löbtau-Süd;StB 9 Cotta/westliche Ortschaften;15 Cotta, Löbtau, Naußlitz, Dölzschen;Umbau;1996;28;326
93 Löbtau-Süd;StB 9 Cotta/westliche Ortschaften;15 Cotta, Löbtau, Naußlitz, Dölzschen;Umbau;1997;23;245
93 Löbtau-Süd;StB 9 Cotta/westliche Ortschaften;15 Cotta, Löbtau, Naußlitz, Dölzschen;Umbau;1998;26;250
93 Löbtau-Süd;StB 9 Cotta/westliche Ortschaften;15 Cotta, Löbtau, Naußlitz, Dölzschen;Umbau;1999;22;220
93 Löbtau-Süd;StB 9 Cotta/westliche Ortschaften;15 Cotta, Löbtau, Naußlitz, Dölzschen;Umbau;2000;14;116
93 Löbtau-Süd;StB 9 Cotta/westliche Ortschaften;15 Cotta, Löbtau, Naußlitz, Dölzschen;Umbau;2001;13;121
93 Löbtau-Süd;StB 9 Cotta/westliche Ortschaften;15 Cotta, Löbtau, Naußlitz, Dölzschen;Umbau;2002;16;131
93 Löbtau-Süd;StB 9 Cotta/westliche Ortschaften;15 Cotta, Löbtau, Naußlitz, Dölzschen;Umbau;2003;3;14
93 Löbtau-Süd;StB 9 Cotta/westliche Ortschaften;15 Cotta, Löbtau, Naußlitz, Dölzschen;Umbau;2004;4;36
93 Löbtau-Süd;StB 9 Cotta/westliche Ortschaften;15 Cotta, Löbtau, Naußlitz, Dölzschen;Umbau;2005;8;59
93 Löbtau-Süd;StB 9 Cotta/westliche Ortschaften;15 Cotta, Löbtau, Naußlitz, Dölzschen;Umbau;2006;8;53
93 Löbtau-Süd;StB 9 Cotta/westliche Ortschaften;15 Cotta, Löbtau, Naußlitz, Dölzschen;Umbau;2007;12;107
93 Löbtau-Süd;StB 9 Cotta/westliche Ortschaften;15 Cotta, Löbtau, Naußlitz, Dölzschen;Umbau;2008;13;135
93 Löbtau-Süd;StB 9 Cotta/westliche Ortschaften;15 Cotta, Löbtau, Naußlitz, Dölzschen;Umbau;2009;10;65
93 Löbtau-Süd;StB 9 Cotta/westliche Ortschaften;15 Cotta, Löbtau, Naußlitz, Dölzschen;Umbau;2010;14;120
93 Löbtau-Süd;StB 9 Cotta/westliche Ortschaften;15 Cotta, Löbtau, Naußlitz, Dölzschen;Umbau;2011;4;13
93 Löbtau-Süd;StB 9 Cotta/westliche Ortschaften;15 Cotta, Löbtau, Naußlitz, Dölzschen;Umbau;2012;12;74
93 Löbtau-Süd;StB 9 Cotta/westliche Ortschaften;15 Cotta, Löbtau, Naußlitz, Dölzschen;Umbau;2013;3;20
93 Löbtau-Süd;StB 9 Cotta/westliche Ortschaften;15 Cotta, Löbtau, Naußlitz, Dölzschen;Umbau;2014;3;23
93 Löbtau-Süd;StB 9 Cotta/westliche Ortschaften;15 Cotta, Löbtau, Naußlitz, Dölzschen;Umbau;2015;8;78
93 Löbtau-Süd;StB 9 Cotta/westliche Ortschaften;15 Cotta, Löbtau, Naußlitz, Dölzschen;Umbau;2016;8;54
93 Löbtau-Süd;StB 9 Cotta/westliche Ortschaften;15 Cotta, Löbtau, Naußlitz, Dölzschen;Umbau;2017;5;46
93 Löbtau-Süd;StB 9 Cotta/westliche Ortschaften;15 Cotta, Löbtau, Naußlitz, Dölzschen;Umbau;2018;3;20
93 Löbtau-Süd;StB 9 Cotta/westliche Ortschaften;15 Cotta, Löbtau, Naußlitz, Dölzschen;Umbau;2019;4;32
93 Löbtau-Süd;StB 9 Cotta/westliche Ortschaften;15 Cotta, Löbtau, Naußlitz, Dölzschen;Umbau;2020;5;32
93 Löbtau-Süd;StB 9 Cotta/westliche Ortschaften;15 Cotta, Löbtau, Naußlitz, Dölzschen;Umbau;2021;10;96
93 Löbtau-Süd;StB 9 Cotta/westliche Ortschaften;15 Cotta, Löbtau, Naußlitz, Dölzschen;Umbau;2023;1;1
93 Löbtau-Süd;StB 9 Cotta/westliche Ortschaften;15 Cotta, Löbtau, Naußlitz, Dölzschen;Umbau;2024;7;66
93 Löbtau-Süd;StB 9 Cotta/westliche Ortschaften;15 Cotta, Löbtau, Naußlitz, Dölzschen;Umbau;2025;5;78
93 Löbtau-Süd;StB 9 Cotta/westliche Ortschaften;15 Cotta, Löbtau, Naußlitz, Dölzschen;Umbau;2026;2;24
94 Naußlitz;StB 9 Cotta/westliche Ortschaften;15 Cotta, Löbtau, Naußlitz, Dölzschen;Neubau;1992;3;3
94 Naußlitz;StB 9 Cotta/westliche Ortschaften;15 Cotta, Löbtau, Naußlitz, Dölzschen;Neubau;1993;14;64
94 Naußlitz;StB 9 Cotta/westliche Ortschaften;15 Cotta, Löbtau, Naußlitz, Dölzschen;Neubau;1994;14;55
94 Naußlitz;StB 9 Cotta/westliche Ortschaften;15 Cotta, Löbtau, Naußlitz, Dölzschen;Neubau;1995;42;115
94 Naußlitz;StB 9 Cotta/westliche Ortschaften;15 Cotta, Löbtau, Naußlitz, Dölzschen;Neubau;1996;34;102
94 Naußlitz;StB 9 Cotta/westliche Ortschaften;15 Cotta, Löbtau, Naußlitz, Dölzschen;Neubau;1997;90;91
94 Naußlitz;StB 9 Cotta/westliche Ortschaften;15 Cotta, Löbtau, Naußlitz, Dölzschen;Neubau;1998;47;62
94 Naußlitz;StB 9 Cotta/westliche Ortschaften;15 Cotta, Löbtau, Naußlitz, Dölzschen;Neubau;1999;29;36
94 Naußlitz;StB 9 Cotta/westliche Ortschaften;15 Cotta, Löbtau, Naußlitz, Dölzschen;Neubau;2000;6;15
94 Naußlitz;StB 9 Cotta/westliche Ortschaften;15 Cotta, Löbtau, Naußlitz, Dölzschen;Neubau;2001;17;16
94 Naußlitz;StB 9 Cotta/westliche Ortschaften;15 Cotta, Löbtau, Naußlitz, Dölzschen;Neubau;2002;4;3
94 Naußlitz;StB 9 Cotta/westliche Ortschaften;15 Cotta, Löbtau, Naußlitz, Dölzschen;Neubau;2003;38;38
94 Naußlitz;StB 9 Cotta/westliche Ortschaften;15 Cotta, Löbtau, Naußlitz, Dölzschen;Neubau;2004;32;36
94 Naußlitz;StB 9 Cotta/westliche Ortschaften;15 Cotta, Löbtau, Naußlitz, Dölzschen;Neubau;2005;10;11
94 Naußlitz;StB 9 Cotta/westliche Ortschaften;15 Cotta, Löbtau, Naußlitz, Dölzschen;Neubau;2006;10;11
94 Naußlitz;StB 9 Cotta/westliche Ortschaften;15 Cotta, Löbtau, Naußlitz, Dölzschen;Neubau;2007;30;27
94 Naußlitz;StB 9 Cotta/westliche Ortschaften;15 Cotta, Löbtau, Naußlitz, Dölzschen;Neubau;2008;5;6
94 Naußlitz;StB 9 Cotta/westliche Ortschaften;15 Cotta, Löbtau, Naußlitz, Dölzschen;Neubau;2009;6;6
94 Naußlitz;StB 9 Cotta/westliche Ortschaften;15 Cotta, Löbtau, Naußlitz, Dölzschen;Neubau;2010;6;6
94 Naußlitz;StB 9 Cotta/westliche Ortschaften;15 Cotta, Löbtau, Naußlitz, Dölzschen;Neubau;2011;10;10
94 Naußlitz;StB 9 Cotta/westliche Ortschaften;15 Cotta, Löbtau, Naußlitz, Dölzschen;Neubau;2012;9;8
94 Naußlitz;StB 9 Cotta/westliche Ortschaften;15 Cotta, Löbtau, Naußlitz, Dölzschen;Neubau;2013;16;16
94 Naußlitz;StB 9 Cotta/westliche Ortschaften;15 Cotta, Löbtau, Naußlitz, Dölzschen;Neubau;2014;21;23
94 Naußlitz;StB 9 Cotta/westliche Ortschaften;15 Cotta, Löbtau, Naußlitz, Dölzschen;Neubau;2015;7;31
94 Naußlitz;StB 9 Cotta/westliche Ortschaften;15 Cotta, Löbtau, Naußlitz, Dölzschen;Neubau;2016;11;18
94 Naußlitz;StB 9 Cotta/westliche Ortschaften;15 Cotta, Löbtau, Naußlitz, Dölzschen;Neubau;2017;4;1
94 Naußlitz;StB 9 Cotta/westliche Ortschaften;15 Cotta, Löbtau, Naußlitz, Dölzschen;Neubau;2018;13;20
94 Naußlitz;StB 9 Cotta/westliche Ortschaften;15 Cotta, Löbtau, Naußlitz, Dölzschen;Neubau;2019;4;17
94 Naußlitz;StB 9 Cotta/westliche Ortschaften;15 Cotta, Löbtau, Naußlitz, Dölzschen;Neubau;2020;3;3
94 Naußlitz;StB 9 Cotta/westliche Ortschaften;15 Cotta, Löbtau, Naußlitz, Dölzschen;Neubau;2021;15;81
94 Naußlitz;StB 9 Cotta/westliche Ortschaften;15 Cotta, Löbtau, Naußlitz, Dölzschen;Neubau;2022;3;8
94 Naußlitz;StB 9 Cotta/westliche Ortschaften;15 Cotta, Löbtau, Naußlitz, Dölzschen;Neubau;2023;7;10
94 Naußlitz;StB 9 Cotta/westliche Ortschaften;15 Cotta, Löbtau, Naußlitz, Dölzschen;Neubau;2024;5;25
94 Naußlitz;StB 9 Cotta/westliche Ortschaften;15 Cotta, Löbtau, Naußlitz, Dölzschen;Neubau;2025;16;174
94 Naußlitz;StB 9 Cotta/westliche Ortschaften;15 Cotta, Löbtau, Naußlitz, Dölzschen;Umbau;1992;3;7
94 Naußlitz;StB 9 Cotta/westliche Ortschaften;15 Cotta, Löbtau, Naußlitz, Dölzschen;Umbau;1993;38;75
94 Naußlitz;StB 9 Cotta/westliche Ortschaften;15 Cotta, Löbtau, Naußlitz, Dölzschen;Umbau;1994;18;75
94 Naußlitz;StB 9 Cotta/westliche Ortschaften;15 Cotta, Löbtau, Naußlitz, Dölzschen;Umbau;1995;17;66
94 Naußlitz;StB 9 Cotta/westliche Ortschaften;15 Cotta, Löbtau, Naußlitz, Dölzschen;Umbau;1996;50;381
94 Naußlitz;StB 9 Cotta/westliche Ortschaften;15 Cotta, Löbtau, Naußlitz, Dölzschen;Umbau;1997;18;124
94 Naußlitz;StB 9 Cotta/westliche Ortschaften;15 Cotta, Löbtau, Naußlitz, Dölzschen;Umbau;1998;21;109
94 Naußlitz;StB 9 Cotta/westliche Ortschaften;15 Cotta, Löbtau, Naußlitz, Dölzschen;Umbau;1999;14;53
94 Naußlitz;StB 9 Cotta/westliche Ortschaften;15 Cotta, Löbtau, Naußlitz, Dölzschen;Umbau;2000;20;110
94 Naußlitz;StB 9 Cotta/westliche Ortschaften;15 Cotta, Löbtau, Naußlitz, Dölzschen;Umbau;2001;9;33
94 Naußlitz;StB 9 Cotta/westliche Ortschaften;15 Cotta, Löbtau, Naußlitz, Dölzschen;Umbau;2002;11;39
94 Naußlitz;StB 9 Cotta/westliche Ortschaften;15 Cotta, Löbtau, Naußlitz, Dölzschen;Umbau;2003;16;63
94 Naußlitz;StB 9 Cotta/westliche Ortschaften;15 Cotta, Löbtau, Naußlitz, Dölzschen;Umbau;2004;12;24
94 Naußlitz;StB 9 Cotta/westliche Ortschaften;15 Cotta, Löbtau, Naußlitz, Dölzschen;Umbau;2005;6;22
94 Naußlitz;StB 9 Cotta/westliche Ortschaften;15 Cotta, Löbtau, Naußlitz, Dölzschen;Umbau;2006;9;24
94 Naußlitz;StB 9 Cotta/westliche Ortschaften;15 Cotta, Löbtau, Naußlitz, Dölzschen;Umbau;2007;8;33
94 Naußlitz;StB 9 Cotta/westliche Ortschaften;15 Cotta, Löbtau, Naußlitz, Dölzschen;Umbau;2008;6;22
94 Naußlitz;StB 9 Cotta/westliche Ortschaften;15 Cotta, Löbtau, Naußlitz, Dölzschen;Umbau;2009;12;32
94 Naußlitz;StB 9 Cotta/westliche Ortschaften;15 Cotta, Löbtau, Naußlitz, Dölzschen;Umbau;2010;8;53
94 Naußlitz;StB 9 Cotta/westliche Ortschaften;15 Cotta, Löbtau, Naußlitz, Dölzschen;Umbau;2011;8;27
94 Naußlitz;StB 9 Cotta/westliche Ortschaften;15 Cotta, Löbtau, Naußlitz, Dölzschen;Umbau;2012;14;39
94 Naußlitz;StB 9 Cotta/westliche Ortschaften;15 Cotta, Löbtau, Naußlitz, Dölzschen;Umbau;2013;14;69
94 Naußlitz;StB 9 Cotta/westliche Ortschaften;15 Cotta, Löbtau, Naußlitz, Dölzschen;Umbau;2014;10;46
94 Naußlitz;StB 9 Cotta/westliche Ortschaften;15 Cotta, Löbtau, Naußlitz, Dölzschen;Umbau;2015;41;211
94 Naußlitz;StB 9 Cotta/westliche Ortschaften;15 Cotta, Löbtau, Naußlitz, Dölzschen;Umbau;2016;13;42
94 Naußlitz;StB 9 Cotta/westliche Ortschaften;15 Cotta, Löbtau, Naußlitz, Dölzschen;Umbau;2017;12;74
94 Naußlitz;StB 9 Cotta/westliche Ortschaften;15 Cotta, Löbtau, Naußlitz, Dölzschen;Umbau;2018;23;142
94 Naußlitz;StB 9 Cotta/westliche Ortschaften;15 Cotta, Löbtau, Naußlitz, Dölzschen;Umbau;2019;14;44
94 Naußlitz;StB 9 Cotta/westliche Ortschaften;15 Cotta, Löbtau, Naußlitz, Dölzschen;Umbau;2020;5;21
94 Naußlitz;StB 9 Cotta/westliche Ortschaften;15 Cotta, Löbtau, Naußlitz, Dölzschen;Umbau;2021;7;17
94 Naußlitz;StB 9 Cotta/westliche Ortschaften;15 Cotta, Löbtau, Naußlitz, Dölzschen;Umbau;2022;8;21
94 Naußlitz;StB 9 Cotta/westliche Ortschaften;15 Cotta, Löbtau, Naußlitz, Dölzschen;Umbau;2023;6;24
94 Naußlitz;StB 9 Cotta/westliche Ortschaften;15 Cotta, Löbtau, Naußlitz, Dölzschen;Umbau;2024;11;44
94 Naußlitz;StB 9 Cotta/westliche Ortschaften;15 Cotta, Löbtau, Naußlitz, Dölzschen;Umbau;2025;10;34
94 Naußlitz;StB 9 Cotta/westliche Ortschaften;15 Cotta, Löbtau, Naußlitz, Dölzschen;Umbau;2026;4;19
95 Gorbitz-Süd;StB 9 Cotta/westliche Ortschaften;16 Gorbitz;Neubau;1992;3;0
95 Gorbitz-Süd;StB 9 Cotta/westliche Ortschaften;16 Gorbitz;Neubau;1993;3;2
95 Gorbitz-Süd;StB 9 Cotta/westliche Ortschaften;16 Gorbitz;Neubau;1994;7;2
95 Gorbitz-Süd;StB 9 Cotta/westliche Ortschaften;16 Gorbitz;Neubau;1995;2;12
95 Gorbitz-Süd;StB 9 Cotta/westliche Ortschaften;16 Gorbitz;Neubau;1997;2;0
95 Gorbitz-Süd;StB 9 Cotta/westliche Ortschaften;16 Gorbitz;Neubau;2000;2;17
95 Gorbitz-Süd;StB 9 Cotta/westliche Ortschaften;16 Gorbitz;Neubau;2001;1;0
95 Gorbitz-Süd;StB 9 Cotta/westliche Ortschaften;16 Gorbitz;Neubau;2002;1;1
95 Gorbitz-Süd;StB 9 Cotta/westliche Ortschaften;16 Gorbitz;Neubau;2006;2;0
95 Gorbitz-Süd;StB 9 Cotta/westliche Ortschaften;16 Gorbitz;Neubau;2008;1;1
95 Gorbitz-Süd;StB 9 Cotta/westliche Ortschaften;16 Gorbitz;Neubau;2009;1;0
95 Gorbitz-Süd;StB 9 Cotta/westliche Ortschaften;16 Gorbitz;Neubau;2010;2;1
95 Gorbitz-Süd;StB 9 Cotta/westliche Ortschaften;16 Gorbitz;Neubau;2012;1;0
95 Gorbitz-Süd;StB 9 Cotta/westliche Ortschaften;16 Gorbitz;Neubau;2013;2;7
95 Gorbitz-Süd;StB 9 Cotta/westliche Ortschaften;16 Gorbitz;Neubau;2015;1;1
95 Gorbitz-Süd;StB 9 Cotta/westliche Ortschaften;16 Gorbitz;Neubau;2016;2;0
95 Gorbitz-Süd;StB 9 Cotta/westliche Ortschaften;16 Gorbitz;Neubau;2017;3;3
95 Gorbitz-Süd;StB 9 Cotta/westliche Ortschaften;16 Gorbitz;Neubau;2019;2;0
95 Gorbitz-Süd;StB 9 Cotta/westliche Ortschaften;16 Gorbitz;Neubau;2021;1;0
95 Gorbitz-Süd;StB 9 Cotta/westliche Ortschaften;16 Gorbitz;Neubau;2023;1;1
95 Gorbitz-Süd;StB 9 Cotta/westliche Ortschaften;16 Gorbitz;Umbau;1993;6;67
95 Gorbitz-Süd;StB 9 Cotta/westliche Ortschaften;16 Gorbitz;Umbau;1994;1;1
95 Gorbitz-Süd;StB 9 Cotta/westliche Ortschaften;16 Gorbitz;Umbau;1996;6;8
95 Gorbitz-Süd;StB 9 Cotta/westliche Ortschaften;16 Gorbitz;Umbau;1997;2;7
95 Gorbitz-Süd;StB 9 Cotta/westliche Ortschaften;16 Gorbitz;Umbau;1998;1;0
95 Gorbitz-Süd;StB 9 Cotta/westliche Ortschaften;16 Gorbitz;Umbau;1999;3;5
95 Gorbitz-Süd;StB 9 Cotta/westliche Ortschaften;16 Gorbitz;Umbau;2000;3;13
95 Gorbitz-Süd;StB 9 Cotta/westliche Ortschaften;16 Gorbitz;Umbau;2001;2;2
95 Gorbitz-Süd;StB 9 Cotta/westliche Ortschaften;16 Gorbitz;Umbau;2002;46;554
95 Gorbitz-Süd;StB 9 Cotta/westliche Ortschaften;16 Gorbitz;Umbau;2003;2;2
95 Gorbitz-Süd;StB 9 Cotta/westliche Ortschaften;16 Gorbitz;Umbau;2004;12;166
95 Gorbitz-Süd;StB 9 Cotta/westliche Ortschaften;16 Gorbitz;Umbau;2005;1;1
95 Gorbitz-Süd;StB 9 Cotta/westliche Ortschaften;16 Gorbitz;Umbau;2006;12;121
95 Gorbitz-Süd;StB 9 Cotta/westliche Ortschaften;16 Gorbitz;Umbau;2007;2;7
95 Gorbitz-Süd;StB 9 Cotta/westliche Ortschaften;16 Gorbitz;Umbau;2009;2;3
95 Gorbitz-Süd;StB 9 Cotta/westliche Ortschaften;16 Gorbitz;Umbau;2010;3;3
95 Gorbitz-Süd;StB 9 Cotta/westliche Ortschaften;16 Gorbitz;Umbau;2011;11;28
95 Gorbitz-Süd;StB 9 Cotta/westliche Ortschaften;16 Gorbitz;Umbau;2012;1;1
95 Gorbitz-Süd;StB 9 Cotta/westliche Ortschaften;16 Gorbitz;Umbau;2013;5;17
95 Gorbitz-Süd;StB 9 Cotta/westliche Ortschaften;16 Gorbitz;Umbau;2014;1;1
95 Gorbitz-Süd;StB 9 Cotta/westliche Ortschaften;16 Gorbitz;Umbau;2015;2;2
95 Gorbitz-Süd;StB 9 Cotta/westliche Ortschaften;16 Gorbitz;Umbau;2016;3;7
95 Gorbitz-Süd;StB 9 Cotta/westliche Ortschaften;16 Gorbitz;Umbau;2017;6;8
95 Gorbitz-Süd;StB 9 Cotta/westliche Ortschaften;16 Gorbitz;Umbau;2018;5;73
95 Gorbitz-Süd;StB 9 Cotta/westliche Ortschaften;16 Gorbitz;Umbau;2019;1;48
95 Gorbitz-Süd;StB 9 Cotta/westliche Ortschaften;16 Gorbitz;Umbau;2020;1;211
95 Gorbitz-Süd;StB 9 Cotta/westliche Ortschaften;16 Gorbitz;Umbau;2021;6;455
95 Gorbitz-Süd;StB 9 Cotta/westliche Ortschaften;16 Gorbitz;Umbau;2022;6;20
95 Gorbitz-Süd;StB 9 Cotta/westliche Ortschaften;16 Gorbitz;Umbau;2023;6;42
95 Gorbitz-Süd;StB 9 Cotta/westliche Ortschaften;16 Gorbitz;Umbau;2024;1;1
96 Gorbitz-Ost;StB 9 Cotta/westliche Ortschaften;16 Gorbitz;Neubau;1992;2;0
96 Gorbitz-Ost;StB 9 Cotta/westliche Ortschaften;16 Gorbitz;Neubau;1994;1;0
96 Gorbitz-Ost;StB 9 Cotta/westliche Ortschaften;16 Gorbitz;Neubau;1995;1;0
96 Gorbitz-Ost;StB 9 Cotta/westliche Ortschaften;16 Gorbitz;Neubau;1999;1;0
96 Gorbitz-Ost;StB 9 Cotta/westliche Ortschaften;16 Gorbitz;Neubau;2003;1;0
96 Gorbitz-Ost;StB 9 Cotta/westliche Ortschaften;16 Gorbitz;Neubau;2004;1;0
96 Gorbitz-Ost;StB 9 Cotta/westliche Ortschaften;16 Gorbitz;Neubau;2009;1;0
96 Gorbitz-Ost;StB 9 Cotta/westliche Ortschaften;16 Gorbitz;Neubau;2011;1;0
96 Gorbitz-Ost;StB 9 Cotta/westliche Ortschaften;16 Gorbitz;Neubau;2013;1;4
96 Gorbitz-Ost;StB 9 Cotta/westliche Ortschaften;16 Gorbitz;Neubau;2019;1;0
96 Gorbitz-Ost;StB 9 Cotta/westliche Ortschaften;16 Gorbitz;Neubau;2021;3;180
96 Gorbitz-Ost;StB 9 Cotta/westliche Ortschaften;16 Gorbitz;Umbau;1992;1;0
96 Gorbitz-Ost;StB 9 Cotta/westliche Ortschaften;16 Gorbitz;Umbau;1994;1;0
96 Gorbitz-Ost;StB 9 Cotta/westliche Ortschaften;16 Gorbitz;Umbau;1999;1;0
96 Gorbitz-Ost;StB 9 Cotta/westliche Ortschaften;16 Gorbitz;Umbau;2000;1;12
96 Gorbitz-Ost;StB 9 Cotta/westliche Ortschaften;16 Gorbitz;Umbau;2001;1;12
96 Gorbitz-Ost;StB 9 Cotta/westliche Ortschaften;16 Gorbitz;Umbau;2008;4;47
96 Gorbitz-Ost;StB 9 Cotta/westliche Ortschaften;16 Gorbitz;Umbau;2009;2;0
96 Gorbitz-Ost;StB 9 Cotta/westliche Ortschaften;16 Gorbitz;Umbau;2010;4;39
96 Gorbitz-Ost;StB 9 Cotta/westliche Ortschaften;16 Gorbitz;Umbau;2011;11;120
96 Gorbitz-Ost;StB 9 Cotta/westliche Ortschaften;16 Gorbitz;Umbau;2012;23;23
96 Gorbitz-Ost;StB 9 Cotta/westliche Ortschaften;16 Gorbitz;Umbau;2013;10;120
96 Gorbitz-Ost;StB 9 Cotta/westliche Ortschaften;16 Gorbitz;Umbau;2014;4;52
96 Gorbitz-Ost;StB 9 Cotta/westliche Ortschaften;16 Gorbitz;Umbau;2015;2;0
96 Gorbitz-Ost;StB 9 Cotta/westliche Ortschaften;16 Gorbitz;Umbau;2016;3;96
96 Gorbitz-Ost;StB 9 Cotta/westliche Ortschaften;16 Gorbitz;Umbau;2017;2;8
96 Gorbitz-Ost;StB 9 Cotta/westliche Ortschaften;16 Gorbitz;Umbau;2018;13;159
96 Gorbitz-Ost;StB 9 Cotta/westliche Ortschaften;16 Gorbitz;Umbau;2021;1;58
96 Gorbitz-Ost;StB 9 Cotta/westliche Ortschaften;16 Gorbitz;Umbau;2024;5;59
96 Gorbitz-Ost;StB 9 Cotta/westliche Ortschaften;16 Gorbitz;Umbau;2025;3;36
96 Gorbitz-Ost;StB 9 Cotta/westliche Ortschaften;16 Gorbitz;Umbau;2026;4;60
97 Gorbitz-Nord/Neu-Omsewitz;StB 9 Cotta/westliche Ortschaften;16 Gorbitz;Neubau;1992;4;1
97 Gorbitz-Nord/Neu-Omsewitz;StB 9 Cotta/westliche Ortschaften;16 Gorbitz;Neubau;1994;1;0
97 Gorbitz-Nord/Neu-Omsewitz;StB 9 Cotta/westliche Ortschaften;16 Gorbitz;Neubau;1997;2;0
97 Gorbitz-Nord/Neu-Omsewitz;StB 9 Cotta/westliche Ortschaften;16 Gorbitz;Neubau;1998;1;0
97 Gorbitz-Nord/Neu-Omsewitz;StB 9 Cotta/westliche Ortschaften;16 Gorbitz;Neubau;2004;2;1
97 Gorbitz-Nord/Neu-Omsewitz;StB 9 Cotta/westliche Ortschaften;16 Gorbitz;Neubau;2005;1;1
97 Gorbitz-Nord/Neu-Omsewitz;StB 9 Cotta/westliche Ortschaften;16 Gorbitz;Neubau;2006;4;16
97 Gorbitz-Nord/Neu-Omsewitz;StB 9 Cotta/westliche Ortschaften;16 Gorbitz;Neubau;2008;1;1
97 Gorbitz-Nord/Neu-Omsewitz;StB 9 Cotta/westliche Ortschaften;16 Gorbitz;Neubau;2012;1;1
97 Gorbitz-Nord/Neu-Omsewitz;StB 9 Cotta/westliche Ortschaften;16 Gorbitz;Neubau;2016;19;154
97 Gorbitz-Nord/Neu-Omsewitz;StB 9 Cotta/westliche Ortschaften;16 Gorbitz;Neubau;2018;3;33
97 Gorbitz-Nord/Neu-Omsewitz;StB 9 Cotta/westliche Ortschaften;16 Gorbitz;Neubau;2019;1;1
97 Gorbitz-Nord/Neu-Omsewitz;StB 9 Cotta/westliche Ortschaften;16 Gorbitz;Neubau;2020;2;26
97 Gorbitz-Nord/Neu-Omsewitz;StB 9 Cotta/westliche Ortschaften;16 Gorbitz;Umbau;1996;1;0
97 Gorbitz-Nord/Neu-Omsewitz;StB 9 Cotta/westliche Ortschaften;16 Gorbitz;Umbau;2001;1;3
97 Gorbitz-Nord/Neu-Omsewitz;StB 9 Cotta/westliche Ortschaften;16 Gorbitz;Umbau;2002;8;45
97 Gorbitz-Nord/Neu-Omsewitz;StB 9 Cotta/westliche Ortschaften;16 Gorbitz;Umbau;2003;15;86
97 Gorbitz-Nord/Neu-Omsewitz;StB 9 Cotta/westliche Ortschaften;16 Gorbitz;Umbau;2004;19;342
97 Gorbitz-Nord/Neu-Omsewitz;StB 9 Cotta/westliche Ortschaften;16 Gorbitz;Umbau;2005;1;2
97 Gorbitz-Nord/Neu-Omsewitz;StB 9 Cotta/westliche Ortschaften;16 Gorbitz;Umbau;2007;8;66
97 Gorbitz-Nord/Neu-Omsewitz;StB 9 Cotta/westliche Ortschaften;16 Gorbitz;Umbau;2008;17;199
97 Gorbitz-Nord/Neu-Omsewitz;StB 9 Cotta/westliche Ortschaften;16 Gorbitz;Umbau;2009;11;138
97 Gorbitz-Nord/Neu-Omsewitz;StB 9 Cotta/westliche Ortschaften;16 Gorbitz;Umbau;2010;1;0
97 Gorbitz-Nord/Neu-Omsewitz;StB 9 Cotta/westliche Ortschaften;16 Gorbitz;Umbau;2011;3;0
97 Gorbitz-Nord/Neu-Omsewitz;StB 9 Cotta/westliche Ortschaften;16 Gorbitz;Umbau;2012;1;1
97 Gorbitz-Nord/Neu-Omsewitz;StB 9 Cotta/westliche Ortschaften;16 Gorbitz;Umbau;2015;1;0
97 Gorbitz-Nord/Neu-Omsewitz;StB 9 Cotta/westliche Ortschaften;16 Gorbitz;Umbau;2017;2;0
97 Gorbitz-Nord/Neu-Omsewitz;StB 9 Cotta/westliche Ortschaften;16 Gorbitz;Umbau;2019;1;1
97 Gorbitz-Nord/Neu-Omsewitz;StB 9 Cotta/westliche Ortschaften;16 Gorbitz;Umbau;2020;6;72
97 Gorbitz-Nord/Neu-Omsewitz;StB 9 Cotta/westliche Ortschaften;16 Gorbitz;Umbau;2021;2;24
97 Gorbitz-Nord/Neu-Omsewitz;StB 9 Cotta/westliche Ortschaften;16 Gorbitz;Umbau;2022;8;82
97 Gorbitz-Nord/Neu-Omsewitz;StB 9 Cotta/westliche Ortschaften;16 Gorbitz;Umbau;2024;5;56
97 Gorbitz-Nord/Neu-Omsewitz;StB 9 Cotta/westliche Ortschaften;16 Gorbitz;Umbau;2025;9;210
98 Briesnitz;StB 9 Cotta/westliche Ortschaften;17 Briesnitz und westliche OS;Neubau;1992;5;14
98 Briesnitz;StB 9 Cotta/westliche Ortschaften;17 Briesnitz und westliche OS;Neubau;1993;17;85
98 Briesnitz;StB 9 Cotta/westliche Ortschaften;17 Briesnitz und westliche OS;Neubau;1994;41;303
98 Briesnitz;StB 9 Cotta/westliche Ortschaften;17 Briesnitz und westliche OS;Neubau;1995;50;182
98 Briesnitz;StB 9 Cotta/westliche Ortschaften;17 Briesnitz und westliche OS;Neubau;1996;36;146
98 Briesnitz;StB 9 Cotta/westliche Ortschaften;17 Briesnitz und westliche OS;Neubau;1997;34;172
98 Briesnitz;StB 9 Cotta/westliche Ortschaften;17 Briesnitz und westliche OS;Neubau;1998;67;108
98 Briesnitz;StB 9 Cotta/westliche Ortschaften;17 Briesnitz und westliche OS;Neubau;1999;32;78
98 Briesnitz;StB 9 Cotta/westliche Ortschaften;17 Briesnitz und westliche OS;Neubau;2000;6;28
98 Briesnitz;StB 9 Cotta/westliche Ortschaften;17 Briesnitz und westliche OS;Neubau;2001;15;16
98 Briesnitz;StB 9 Cotta/westliche Ortschaften;17 Briesnitz und westliche OS;Neubau;2002;5;3
98 Briesnitz;StB 9 Cotta/westliche Ortschaften;17 Briesnitz und westliche OS;Neubau;2003;20;18
98 Briesnitz;StB 9 Cotta/westliche Ortschaften;17 Briesnitz und westliche OS;Neubau;2004;21;19
98 Briesnitz;StB 9 Cotta/westliche Ortschaften;17 Briesnitz und westliche OS;Neubau;2005;25;25
98 Briesnitz;StB 9 Cotta/westliche Ortschaften;17 Briesnitz und westliche OS;Neubau;2006;23;23
98 Briesnitz;StB 9 Cotta/westliche Ortschaften;17 Briesnitz und westliche OS;Neubau;2007;3;3
98 Briesnitz;StB 9 Cotta/westliche Ortschaften;17 Briesnitz und westliche OS;Neubau;2008;16;14
98 Briesnitz;StB 9 Cotta/westliche Ortschaften;17 Briesnitz und westliche OS;Neubau;2009;43;46
98 Briesnitz;StB 9 Cotta/westliche Ortschaften;17 Briesnitz und westliche OS;Neubau;2010;21;18
98 Briesnitz;StB 9 Cotta/westliche Ortschaften;17 Briesnitz und westliche OS;Neubau;2011;20;24
98 Briesnitz;StB 9 Cotta/westliche Ortschaften;17 Briesnitz und westliche OS;Neubau;2012;13;21
98 Briesnitz;StB 9 Cotta/westliche Ortschaften;17 Briesnitz und westliche OS;Neubau;2013;35;46
98 Briesnitz;StB 9 Cotta/westliche Ortschaften;17 Briesnitz und westliche OS;Neubau;2014;19;27
98 Briesnitz;StB 9 Cotta/westliche Ortschaften;17 Briesnitz und westliche OS;Neubau;2015;14;58
98 Briesnitz;StB 9 Cotta/westliche Ortschaften;17 Briesnitz und westliche OS;Neubau;2016;16;35
98 Briesnitz;StB 9 Cotta/westliche Ortschaften;17 Briesnitz und westliche OS;Neubau;2017;29;62
98 Briesnitz;StB 9 Cotta/westliche Ortschaften;17 Briesnitz und westliche OS;Neubau;2018;33;54
98 Briesnitz;StB 9 Cotta/westliche Ortschaften;17 Briesnitz und westliche OS;Neubau;2019;22;34
98 Briesnitz;StB 9 Cotta/westliche Ortschaften;17 Briesnitz und westliche OS;Neubau;2020;7;4
98 Briesnitz;StB 9 Cotta/westliche Ortschaften;17 Briesnitz und westliche OS;Neubau;2021;8;41
98 Briesnitz;StB 9 Cotta/westliche Ortschaften;17 Briesnitz und westliche OS;Neubau;2022;4;8
98 Briesnitz;StB 9 Cotta/westliche Ortschaften;17 Briesnitz und westliche OS;Neubau;2023;1;2
98 Briesnitz;StB 9 Cotta/westliche Ortschaften;17 Briesnitz und westliche OS;Neubau;2024;9;7
98 Briesnitz;StB 9 Cotta/westliche Ortschaften;17 Briesnitz und westliche OS;Neubau;2025;9;19
98 Briesnitz;StB 9 Cotta/westliche Ortschaften;17 Briesnitz und westliche OS;Neubau;2026;2;2
98 Briesnitz;StB 9 Cotta/westliche Ortschaften;17 Briesnitz und westliche OS;Umbau;1992;8;20
98 Briesnitz;StB 9 Cotta/westliche Ortschaften;17 Briesnitz und westliche OS;Umbau;1993;8;28
98 Briesnitz;StB 9 Cotta/westliche Ortschaften;17 Briesnitz und westliche OS;Umbau;1994;8;32
98 Briesnitz;StB 9 Cotta/westliche Ortschaften;17 Briesnitz und westliche OS;Umbau;1995;14;73
98 Briesnitz;StB 9 Cotta/westliche Ortschaften;17 Briesnitz und westliche OS;Umbau;1996;19;94
98 Briesnitz;StB 9 Cotta/westliche Ortschaften;17 Briesnitz und westliche OS;Umbau;1997;12;55
98 Briesnitz;StB 9 Cotta/westliche Ortschaften;17 Briesnitz und westliche OS;Umbau;1998;20;115
98 Briesnitz;StB 9 Cotta/westliche Ortschaften;17 Briesnitz und westliche OS;Umbau;1999;24;109
98 Briesnitz;StB 9 Cotta/westliche Ortschaften;17 Briesnitz und westliche OS;Umbau;2000;17;88
98 Briesnitz;StB 9 Cotta/westliche Ortschaften;17 Briesnitz und westliche OS;Umbau;2001;14;54
98 Briesnitz;StB 9 Cotta/westliche Ortschaften;17 Briesnitz und westliche OS;Umbau;2002;7;26
98 Briesnitz;StB 9 Cotta/westliche Ortschaften;17 Briesnitz und westliche OS;Umbau;2003;15;46
98 Briesnitz;StB 9 Cotta/westliche Ortschaften;17 Briesnitz und westliche OS;Umbau;2004;13;31
98 Briesnitz;StB 9 Cotta/westliche Ortschaften;17 Briesnitz und westliche OS;Umbau;2005;4;24
98 Briesnitz;StB 9 Cotta/westliche Ortschaften;17 Briesnitz und westliche OS;Umbau;2006;14;43
98 Briesnitz;StB 9 Cotta/westliche Ortschaften;17 Briesnitz und westliche OS;Umbau;2007;17;80
98 Briesnitz;StB 9 Cotta/westliche Ortschaften;17 Briesnitz und westliche OS;Umbau;2008;8;22
98 Briesnitz;StB 9 Cotta/westliche Ortschaften;17 Briesnitz und westliche OS;Umbau;2009;12;24
98 Briesnitz;StB 9 Cotta/westliche Ortschaften;17 Briesnitz und westliche OS;Umbau;2010;6;21
98 Briesnitz;StB 9 Cotta/westliche Ortschaften;17 Briesnitz und westliche OS;Umbau;2011;8;20
98 Briesnitz;StB 9 Cotta/westliche Ortschaften;17 Briesnitz und westliche OS;Umbau;2012;17;50
98 Briesnitz;StB 9 Cotta/westliche Ortschaften;17 Briesnitz und westliche OS;Umbau;2013;14;48
98 Briesnitz;StB 9 Cotta/westliche Ortschaften;17 Briesnitz und westliche OS;Umbau;2014;16;40
98 Briesnitz;StB 9 Cotta/westliche Ortschaften;17 Briesnitz und westliche OS;Umbau;2015;13;22
98 Briesnitz;StB 9 Cotta/westliche Ortschaften;17 Briesnitz und westliche OS;Umbau;2016;15;53
98 Briesnitz;StB 9 Cotta/westliche Ortschaften;17 Briesnitz und westliche OS;Umbau;2017;8;14
98 Briesnitz;StB 9 Cotta/westliche Ortschaften;17 Briesnitz und westliche OS;Umbau;2018;34;141
98 Briesnitz;StB 9 Cotta/westliche Ortschaften;17 Briesnitz und westliche OS;Umbau;2019;8;27
98 Briesnitz;StB 9 Cotta/westliche Ortschaften;17 Briesnitz und westliche OS;Umbau;2020;15;20
98 Briesnitz;StB 9 Cotta/westliche Ortschaften;17 Briesnitz und westliche OS;Umbau;2021;17;33
98 Briesnitz;StB 9 Cotta/westliche Ortschaften;17 Briesnitz und westliche OS;Umbau;2022;12;28
98 Briesnitz;StB 9 Cotta/westliche Ortschaften;17 Briesnitz und westliche OS;Umbau;2023;25;125
98 Briesnitz;StB 9 Cotta/westliche Ortschaften;17 Briesnitz und westliche OS;Umbau;2024;7;27
98 Briesnitz;StB 9 Cotta/westliche Ortschaften;17 Briesnitz und westliche OS;Umbau;2025;10;26
98 Briesnitz;StB 9 Cotta/westliche Ortschaften;17 Briesnitz und westliche OS;Umbau;2026;11;33
99 Altfranken/Gompitz;StB 9 Cotta/westliche Ortschaften;17 Briesnitz und westliche OS;Neubau;1995;36;36
99 Altfranken/Gompitz;StB 9 Cotta/westliche Ortschaften;17 Briesnitz und westliche OS;Neubau;1997;38;38
99 Altfranken/Gompitz;StB 9 Cotta/westliche Ortschaften;17 Briesnitz und westliche OS;Neubau;1998;21;26
99 Altfranken/Gompitz;StB 9 Cotta/westliche Ortschaften;17 Briesnitz und westliche OS;Neubau;1999;60;66
99 Altfranken/Gompitz;StB 9 Cotta/westliche Ortschaften;17 Briesnitz und westliche OS;Neubau;2000;56;52
99 Altfranken/Gompitz;StB 9 Cotta/westliche Ortschaften;17 Briesnitz und westliche OS;Neubau;2001;43;42
99 Altfranken/Gompitz;StB 9 Cotta/westliche Ortschaften;17 Briesnitz und westliche OS;Neubau;2002;22;23
99 Altfranken/Gompitz;StB 9 Cotta/westliche Ortschaften;17 Briesnitz und westliche OS;Neubau;2003;26;26
99 Altfranken/Gompitz;StB 9 Cotta/westliche Ortschaften;17 Briesnitz und westliche OS;Neubau;2004;21;20
99 Altfranken/Gompitz;StB 9 Cotta/westliche Ortschaften;17 Briesnitz und westliche OS;Neubau;2005;17;16
99 Altfranken/Gompitz;StB 9 Cotta/westliche Ortschaften;17 Briesnitz und westliche OS;Neubau;2006;15;15
99 Altfranken/Gompitz;StB 9 Cotta/westliche Ortschaften;17 Briesnitz und westliche OS;Neubau;2007;24;23
99 Altfranken/Gompitz;StB 9 Cotta/westliche Ortschaften;17 Briesnitz und westliche OS;Neubau;2008;26;28
99 Altfranken/Gompitz;StB 9 Cotta/westliche Ortschaften;17 Briesnitz und westliche OS;Neubau;2009;19;19
99 Altfranken/Gompitz;StB 9 Cotta/westliche Ortschaften;17 Briesnitz und westliche OS;Neubau;2010;10;11
99 Altfranken/Gompitz;StB 9 Cotta/westliche Ortschaften;17 Briesnitz und westliche OS;Neubau;2011;30;31
99 Altfranken/Gompitz;StB 9 Cotta/westliche Ortschaften;17 Briesnitz und westliche OS;Neubau;2012;26;27
99 Altfranken/Gompitz;StB 9 Cotta/westliche Ortschaften;17 Briesnitz und westliche OS;Neubau;2013;29;32
99 Altfranken/Gompitz;StB 9 Cotta/westliche Ortschaften;17 Briesnitz und westliche OS;Neubau;2014;9;8
99 Altfranken/Gompitz;StB 9 Cotta/westliche Ortschaften;17 Briesnitz und westliche OS;Neubau;2015;12;23
99 Altfranken/Gompitz;StB 9 Cotta/westliche Ortschaften;17 Briesnitz und westliche OS;Neubau;2016;9;21
99 Altfranken/Gompitz;StB 9 Cotta/westliche Ortschaften;17 Briesnitz und westliche OS;Neubau;2017;8;5
99 Altfranken/Gompitz;StB 9 Cotta/westliche Ortschaften;17 Briesnitz und westliche OS;Neubau;2018;3;1
99 Altfranken/Gompitz;StB 9 Cotta/westliche Ortschaften;17 Briesnitz und westliche OS;Neubau;2019;8;6
99 Altfranken/Gompitz;StB 9 Cotta/westliche Ortschaften;17 Briesnitz und westliche OS;Neubau;2020;4;3
99 Altfranken/Gompitz;StB 9 Cotta/westliche Ortschaften;17 Briesnitz und westliche OS;Neubau;2021;8;8
99 Altfranken/Gompitz;StB 9 Cotta/westliche Ortschaften;17 Briesnitz und westliche OS;Neubau;2022;10;19
99 Altfranken/Gompitz;StB 9 Cotta/westliche Ortschaften;17 Briesnitz und westliche OS;Neubau;2023;5;5
99 Altfranken/Gompitz;StB 9 Cotta/westliche Ortschaften;17 Briesnitz und westliche OS;Neubau;2024;4;4
99 Altfranken/Gompitz;StB 9 Cotta/westliche Ortschaften;17 Briesnitz und westliche OS;Neubau;2025;4;9
99 Altfranken/Gompitz;StB 9 Cotta/westliche Ortschaften;17 Briesnitz und westliche OS;Umbau;1997;1;6
99 Altfranken/Gompitz;StB 9 Cotta/westliche Ortschaften;17 Briesnitz und westliche OS;Umbau;1999;4;12
99 Altfranken/Gompitz;StB 9 Cotta/westliche Ortschaften;17 Briesnitz und westliche OS;Umbau;2000;5;9
99 Altfranken/Gompitz;StB 9 Cotta/westliche Ortschaften;17 Briesnitz und westliche OS;Umbau;2001;1;3
99 Altfranken/Gompitz;StB 9 Cotta/westliche Ortschaften;17 Briesnitz und westliche OS;Umbau;2002;2;2
99 Altfranken/Gompitz;StB 9 Cotta/westliche Ortschaften;17 Briesnitz und westliche OS;Umbau;2003;4;3
99 Altfranken/Gompitz;StB 9 Cotta/westliche Ortschaften;17 Briesnitz und westliche OS;Umbau;2004;7;13
99 Altfranken/Gompitz;StB 9 Cotta/westliche Ortschaften;17 Briesnitz und westliche OS;Umbau;2005;5;8
99 Altfranken/Gompitz;StB 9 Cotta/westliche Ortschaften;17 Briesnitz und westliche OS;Umbau;2006;2;3
99 Altfranken/Gompitz;StB 9 Cotta/westliche Ortschaften;17 Briesnitz und westliche OS;Umbau;2007;7;8
99 Altfranken/Gompitz;StB 9 Cotta/westliche Ortschaften;17 Briesnitz und westliche OS;Umbau;2008;4;2
99 Altfranken/Gompitz;StB 9 Cotta/westliche Ortschaften;17 Briesnitz und westliche OS;Umbau;2009;5;11
99 Altfranken/Gompitz;StB 9 Cotta/westliche Ortschaften;17 Briesnitz und westliche OS;Umbau;2010;4;4
99 Altfranken/Gompitz;StB 9 Cotta/westliche Ortschaften;17 Briesnitz und westliche OS;Umbau;2011;2;2
99 Altfranken/Gompitz;StB 9 Cotta/westliche Ortschaften;17 Briesnitz und westliche OS;Umbau;2012;6;6
99 Altfranken/Gompitz;StB 9 Cotta/westliche Ortschaften;17 Briesnitz und westliche OS;Umbau;2013;3;3
99 Altfranken/Gompitz;StB 9 Cotta/westliche Ortschaften;17 Briesnitz und westliche OS;Umbau;2014;7;18
99 Altfranken/Gompitz;StB 9 Cotta/westliche Ortschaften;17 Briesnitz und westliche OS;Umbau;2015;6;24
99 Altfranken/Gompitz;StB 9 Cotta/westliche Ortschaften;17 Briesnitz und westliche OS;Umbau;2016;6;8
99 Altfranken/Gompitz;StB 9 Cotta/westliche Ortschaften;17 Briesnitz und westliche OS;Umbau;2017;5;7
99 Altfranken/Gompitz;StB 9 Cotta/westliche Ortschaften;17 Briesnitz und westliche OS;Umbau;2018;1;1
99 Altfranken/Gompitz;StB 9 Cotta/westliche Ortschaften;17 Briesnitz und westliche OS;Umbau;2019;5;4
99 Altfranken/Gompitz;StB 9 Cotta/westliche Ortschaften;17 Briesnitz und westliche OS;Umbau;2020;5;8
99 Altfranken/Gompitz;StB 9 Cotta/westliche Ortschaften;17 Briesnitz und westliche OS;Umbau;2021;8;7
99 Altfranken/Gompitz;StB 9 Cotta/westliche Ortschaften;17 Briesnitz und westliche OS;Umbau;2022;5;9
99 Altfranken/Gompitz;StB 9 Cotta/westliche Ortschaften;17 Briesnitz und westliche OS;Umbau;2023;6;8
99 Altfranken/Gompitz;StB 9 Cotta/westliche Ortschaften;17 Briesnitz und westliche OS;Umbau;2024;4;6
99 Altfranken/Gompitz;StB 9 Cotta/westliche Ortschaften;17 Briesnitz und westliche OS;Umbau;2025;2;6
99 Altfranken/Gompitz;StB 9 Cotta/westliche Ortschaften;17 Briesnitz und westliche OS;Umbau;2026;1;1
