Stadtteil zus.;Stadtbezirk mit zugeordneten Ortschaften;Stadtraum;Bautätigkeit - Art;Fertigstellungsjahr;Anzahl Gebäude;Wohnungen gesamt
01 Innere Altstadt;StB 0 Altstadt;01 StB Altstadt ohne Johannstadt;Neubau;1994;1;0
01 Innere Altstadt;StB 0 Altstadt;01 StB Altstadt ohne Johannstadt;Neubau;1995;1;0
01 Innere Altstadt;StB 0 Altstadt;01 StB Altstadt ohne Johannstadt;Neubau;1998;4;16
01 Innere Altstadt;StB 0 Altstadt;01 StB Altstadt ohne Johannstadt;Neubau;1999;15;18
01 Innere Altstadt;StB 0 Altstadt;01 StB Altstadt ohne Johannstadt;Neubau;2002;3;0
01 Innere Altstadt;StB 0 Altstadt;01 StB Altstadt ohne Johannstadt;Neubau;2004;1;0
01 Innere Altstadt;StB 0 Altstadt;01 StB Altstadt ohne Johannstadt;Neubau;2005;1;0
01 Innere Altstadt;StB 0 Altstadt;01 StB Altstadt ohne Johannstadt;Neubau;2006;12;48
01 Innere Altstadt;StB 0 Altstadt;01 StB Altstadt ohne Johannstadt;Neubau;2007;1;0
01 Innere Altstadt;StB 0 Altstadt;01 StB Altstadt ohne Johannstadt;Neubau;2008;9;24
01 Innere Altstadt;StB 0 Altstadt;01 StB Altstadt ohne Johannstadt;Neubau;2009;3;5
01 Innere Altstadt;StB 0 Altstadt;01 StB Altstadt ohne Johannstadt;Neubau;2010;4;54
01 Innere Altstadt;StB 0 Altstadt;01 StB Altstadt ohne Johannstadt;Neubau;2011;4;16
01 Innere Altstadt;StB 0 Altstadt;01 StB Altstadt ohne Johannstadt;Neubau;2012;8;37
01 Innere Altstadt;StB 0 Altstadt;01 StB Altstadt ohne Johannstadt;Neubau;2013;2;9
01 Innere Altstadt;StB 0 Altstadt;01 StB Altstadt ohne Johannstadt;Neubau;2015;1;17
01 Innere Altstadt;StB 0 Altstadt;01 StB Altstadt ohne Johannstadt;Neubau;2017;6;81
01 Innere Altstadt;StB 0 Altstadt;01 StB Altstadt ohne Johannstadt;Neubau;2018;8;65
01 Innere Altstadt;StB 0 Altstadt;01 StB Altstadt ohne Johannstadt;Neubau;2019;6;117
01 Innere Altstadt;StB 0 Altstadt;01 StB Altstadt ohne Johannstadt;Neubau;2020;28;460
01 Innere Altstadt;StB 0 Altstadt;01 StB Altstadt ohne Johannstadt;Neubau;2021;1;0
01 Innere Altstadt;StB 0 Altstadt;01 StB Altstadt ohne Johannstadt;Neubau;2022;5;53
01 Innere Altstadt;StB 0 Altstadt;01 StB Altstadt ohne Johannstadt;Neubau;2024;7;161
01 Innere Altstadt;StB 0 Altstadt;01 StB Altstadt ohne Johannstadt;Neubau;2025;5;99
01 Innere Altstadt;StB 0 Altstadt;01 StB Altstadt ohne Johannstadt;Neubau;unbekannt;2;33
01 Innere Altstadt;StB 0 Altstadt;01 StB Altstadt ohne Johannstadt;Umbau;1994;4;0
01 Innere Altstadt;StB 0 Altstadt;01 StB Altstadt ohne Johannstadt;Umbau;1998;1;5
01 Innere Altstadt;StB 0 Altstadt;01 StB Altstadt ohne Johannstadt;Umbau;2000;2;14
01 Innere Altstadt;StB 0 Altstadt;01 StB Altstadt ohne Johannstadt;Umbau;2001;3;38
01 Innere Altstadt;StB 0 Altstadt;01 StB Altstadt ohne Johannstadt;Umbau;2002;5;38
01 Innere Altstadt;StB 0 Altstadt;01 StB Altstadt ohne Johannstadt;Umbau;2003;10;168
01 Innere Altstadt;StB 0 Altstadt;01 StB Altstadt ohne Johannstadt;Umbau;2004;9;96
01 Innere Altstadt;StB 0 Altstadt;01 StB Altstadt ohne Johannstadt;Umbau;2005;1;0
01 Innere Altstadt;StB 0 Altstadt;01 StB Altstadt ohne Johannstadt;Umbau;2006;5;60
01 Innere Altstadt;StB 0 Altstadt;01 StB Altstadt ohne Johannstadt;Umbau;2007;2;15
01 Innere Altstadt;StB 0 Altstadt;01 StB Altstadt ohne Johannstadt;Umbau;2008;2;27
01 Innere Altstadt;StB 0 Altstadt;01 StB Altstadt ohne Johannstadt;Umbau;2009;17;235
01 Innere Altstadt;StB 0 Altstadt;01 StB Altstadt ohne Johannstadt;Umbau;2010;1;17
01 Innere Altstadt;StB 0 Altstadt;01 StB Altstadt ohne Johannstadt;Umbau;2011;1;0
01 Innere Altstadt;StB 0 Altstadt;01 StB Altstadt ohne Johannstadt;Umbau;2012;1;0
01 Innere Altstadt;StB 0 Altstadt;01 StB Altstadt ohne Johannstadt;Umbau;2015;3;0
01 Innere Altstadt;StB 0 Altstadt;01 StB Altstadt ohne Johannstadt;Umbau;2016;3;28
01 Innere Altstadt;StB 0 Altstadt;01 StB Altstadt ohne Johannstadt;Umbau;2018;6;132
01 Innere Altstadt;StB 0 Altstadt;01 StB Altstadt ohne Johannstadt;Umbau;2019;3;30
01 Innere Altstadt;StB 0 Altstadt;01 StB Altstadt ohne Johannstadt;Umbau;2020;3;20
01 Innere Altstadt;StB 0 Altstadt;01 StB Altstadt ohne Johannstadt;Umbau;2021;2;22
01 Innere Altstadt;StB 0 Altstadt;01 StB Altstadt ohne Johannstadt;Umbau;2022;4;14
01 Innere Altstadt;StB 0 Altstadt;01 StB Altstadt ohne Johannstadt;Umbau;2023;4;25
01 Innere Altstadt;StB 0 Altstadt;01 StB Altstadt ohne Johannstadt;Umbau;2024;1;6
01 Innere Altstadt;StB 0 Altstadt;01 StB Altstadt ohne Johannstadt;Umbau;2025;4;0
01 Innere Altstadt;StB 0 Altstadt;01 StB Altstadt ohne Johannstadt;Umbau;unbekannt;3;37
02 Pirnaische Vorstadt;StB 0 Altstadt;01 StB Altstadt ohne Johannstadt;Neubau;1994;1;1
02 Pirnaische Vorstadt;StB 0 Altstadt;01 StB Altstadt ohne Johannstadt;Neubau;1998;1;0
02 Pirnaische Vorstadt;StB 0 Altstadt;01 StB Altstadt ohne Johannstadt;Neubau;2010;1;0
02 Pirnaische Vorstadt;StB 0 Altstadt;01 StB Altstadt ohne Johannstadt;Neubau;2011;1;0
02 Pirnaische Vorstadt;StB 0 Altstadt;01 StB Altstadt ohne Johannstadt;Neubau;2013;1;0
02 Pirnaische Vorstadt;StB 0 Altstadt;01 StB Altstadt ohne Johannstadt;Neubau;2014;3;0
02 Pirnaische Vorstadt;StB 0 Altstadt;01 StB Altstadt ohne Johannstadt;Neubau;2016;1;0
02 Pirnaische Vorstadt;StB 0 Altstadt;01 StB Altstadt ohne Johannstadt;Neubau;2017;1;0
02 Pirnaische Vorstadt;StB 0 Altstadt;01 StB Altstadt ohne Johannstadt;Neubau;2018;1;0
02 Pirnaische Vorstadt;StB 0 Altstadt;01 StB Altstadt ohne Johannstadt;Neubau;2019;1;0
02 Pirnaische Vorstadt;StB 0 Altstadt;01 StB Altstadt ohne Johannstadt;Neubau;2020;2;170
02 Pirnaische Vorstadt;StB 0 Altstadt;01 StB Altstadt ohne Johannstadt;Neubau;2021;1;0
02 Pirnaische Vorstadt;StB 0 Altstadt;01 StB Altstadt ohne Johannstadt;Neubau;2022;6;187
02 Pirnaische Vorstadt;StB 0 Altstadt;01 StB Altstadt ohne Johannstadt;Neubau;2024;7;110
02 Pirnaische Vorstadt;StB 0 Altstadt;01 StB Altstadt ohne Johannstadt;Neubau;unbekannt;24;674
02 Pirnaische Vorstadt;StB 0 Altstadt;01 StB Altstadt ohne Johannstadt;Umbau;1993;1;0
02 Pirnaische Vorstadt;StB 0 Altstadt;01 StB Altstadt ohne Johannstadt;Umbau;1994;1;0
02 Pirnaische Vorstadt;StB 0 Altstadt;01 StB Altstadt ohne Johannstadt;Umbau;1999;1;0
02 Pirnaische Vorstadt;StB 0 Altstadt;01 StB Altstadt ohne Johannstadt;Umbau;2000;8;95
02 Pirnaische Vorstadt;StB 0 Altstadt;01 StB Altstadt ohne Johannstadt;Umbau;2001;4;45
02 Pirnaische Vorstadt;StB 0 Altstadt;01 StB Altstadt ohne Johannstadt;Umbau;2002;6;75
02 Pirnaische Vorstadt;StB 0 Altstadt;01 StB Altstadt ohne Johannstadt;Umbau;2003;54;759
02 Pirnaische Vorstadt;StB 0 Altstadt;01 StB Altstadt ohne Johannstadt;Umbau;2004;27;439
02 Pirnaische Vorstadt;StB 0 Altstadt;01 StB Altstadt ohne Johannstadt;Umbau;2005;2;1
02 Pirnaische Vorstadt;StB 0 Altstadt;01 StB Altstadt ohne Johannstadt;Umbau;2007;5;432
02 Pirnaische Vorstadt;StB 0 Altstadt;01 StB Altstadt ohne Johannstadt;Umbau;2008;1;0
02 Pirnaische Vorstadt;StB 0 Altstadt;01 StB Altstadt ohne Johannstadt;Umbau;2009;1;0
02 Pirnaische Vorstadt;StB 0 Altstadt;01 StB Altstadt ohne Johannstadt;Umbau;2010;1;0
02 Pirnaische Vorstadt;StB 0 Altstadt;01 StB Altstadt ohne Johannstadt;Umbau;2011;2;0
02 Pirnaische Vorstadt;StB 0 Altstadt;01 StB Altstadt ohne Johannstadt;Umbau;2013;1;0
02 Pirnaische Vorstadt;StB 0 Altstadt;01 StB Altstadt ohne Johannstadt;Umbau;2014;1;0
02 Pirnaische Vorstadt;StB 0 Altstadt;01 StB Altstadt ohne Johannstadt;Umbau;2017;2;0
02 Pirnaische Vorstadt;StB 0 Altstadt;01 StB Altstadt ohne Johannstadt;Umbau;2019;1;0
02 Pirnaische Vorstadt;StB 0 Altstadt;01 StB Altstadt ohne Johannstadt;Umbau;2020;1;0
02 Pirnaische Vorstadt;StB 0 Altstadt;01 StB Altstadt ohne Johannstadt;Umbau;2023;1;85
02 Pirnaische Vorstadt;StB 0 Altstadt;01 StB Altstadt ohne Johannstadt;Umbau;2024;5;50
02 Pirnaische Vorstadt;StB 0 Altstadt;01 StB Altstadt ohne Johannstadt;Umbau;2025;1;0
02 Pirnaische Vorstadt;StB 0 Altstadt;01 StB Altstadt ohne Johannstadt;Umbau;unbekannt;9;253
03 Seevorstadt-Ost;StB 0 Altstadt;01 StB Altstadt ohne Johannstadt;Neubau;1993;1;0
03 Seevorstadt-Ost;StB 0 Altstadt;01 StB Altstadt ohne Johannstadt;Neubau;1994;7;44
03 Seevorstadt-Ost;StB 0 Altstadt;01 StB Altstadt ohne Johannstadt;Neubau;1995;4;0
03 Seevorstadt-Ost;StB 0 Altstadt;01 StB Altstadt ohne Johannstadt;Neubau;1996;2;22
03 Seevorstadt-Ost;StB 0 Altstadt;01 StB Altstadt ohne Johannstadt;Neubau;1997;17;154
03 Seevorstadt-Ost;StB 0 Altstadt;01 StB Altstadt ohne Johannstadt;Neubau;1998;12;96
03 Seevorstadt-Ost;StB 0 Altstadt;01 StB Altstadt ohne Johannstadt;Neubau;1999;1;0
03 Seevorstadt-Ost;StB 0 Altstadt;01 StB Altstadt ohne Johannstadt;Neubau;2000;2;0
03 Seevorstadt-Ost;StB 0 Altstadt;01 StB Altstadt ohne Johannstadt;Neubau;2001;1;0
03 Seevorstadt-Ost;StB 0 Altstadt;01 StB Altstadt ohne Johannstadt;Neubau;2002;1;0
03 Seevorstadt-Ost;StB 0 Altstadt;01 StB Altstadt ohne Johannstadt;Neubau;2003;1;0
03 Seevorstadt-Ost;StB 0 Altstadt;01 StB Altstadt ohne Johannstadt;Neubau;2004;3;0
03 Seevorstadt-Ost;StB 0 Altstadt;01 StB Altstadt ohne Johannstadt;Neubau;2005;3;38
03 Seevorstadt-Ost;StB 0 Altstadt;01 StB Altstadt ohne Johannstadt;Neubau;2006;2;0
03 Seevorstadt-Ost;StB 0 Altstadt;01 StB Altstadt ohne Johannstadt;Neubau;2007;2;0
03 Seevorstadt-Ost;StB 0 Altstadt;01 StB Altstadt ohne Johannstadt;Neubau;2008;1;0
03 Seevorstadt-Ost;StB 0 Altstadt;01 StB Altstadt ohne Johannstadt;Neubau;2009;8;0
03 Seevorstadt-Ost;StB 0 Altstadt;01 StB Altstadt ohne Johannstadt;Neubau;2010;5;5
03 Seevorstadt-Ost;StB 0 Altstadt;01 StB Altstadt ohne Johannstadt;Neubau;2011;2;2
03 Seevorstadt-Ost;StB 0 Altstadt;01 StB Altstadt ohne Johannstadt;Neubau;2012;5;13
03 Seevorstadt-Ost;StB 0 Altstadt;01 StB Altstadt ohne Johannstadt;Neubau;2013;4;1
03 Seevorstadt-Ost;StB 0 Altstadt;01 StB Altstadt ohne Johannstadt;Neubau;2014;8;10
03 Seevorstadt-Ost;StB 0 Altstadt;01 StB Altstadt ohne Johannstadt;Neubau;2015;5;36
03 Seevorstadt-Ost;StB 0 Altstadt;01 StB Altstadt ohne Johannstadt;Neubau;2016;16;313
03 Seevorstadt-Ost;StB 0 Altstadt;01 StB Altstadt ohne Johannstadt;Neubau;2017;9;281
03 Seevorstadt-Ost;StB 0 Altstadt;01 StB Altstadt ohne Johannstadt;Neubau;2018;13;301
03 Seevorstadt-Ost;StB 0 Altstadt;01 StB Altstadt ohne Johannstadt;Neubau;2019;7;94
03 Seevorstadt-Ost;StB 0 Altstadt;01 StB Altstadt ohne Johannstadt;Neubau;2022;12;90
03 Seevorstadt-Ost;StB 0 Altstadt;01 StB Altstadt ohne Johannstadt;Neubau;2024;5;20
03 Seevorstadt-Ost;StB 0 Altstadt;01 StB Altstadt ohne Johannstadt;Neubau;2025;3;1
03 Seevorstadt-Ost;StB 0 Altstadt;01 StB Altstadt ohne Johannstadt;Neubau;unbekannt;28;526
03 Seevorstadt-Ost;StB 0 Altstadt;01 StB Altstadt ohne Johannstadt;Umbau;1992;1;0
03 Seevorstadt-Ost;StB 0 Altstadt;01 StB Altstadt ohne Johannstadt;Umbau;1994;4;0
03 Seevorstadt-Ost;StB 0 Altstadt;01 StB Altstadt ohne Johannstadt;Umbau;1995;4;1
03 Seevorstadt-Ost;StB 0 Altstadt;01 StB Altstadt ohne Johannstadt;Umbau;1996;3;7
03 Seevorstadt-Ost;StB 0 Altstadt;01 StB Altstadt ohne Johannstadt;Umbau;1999;3;27
03 Seevorstadt-Ost;StB 0 Altstadt;01 StB Altstadt ohne Johannstadt;Umbau;2000;14;128
03 Seevorstadt-Ost;StB 0 Altstadt;01 StB Altstadt ohne Johannstadt;Umbau;2001;9;102
03 Seevorstadt-Ost;StB 0 Altstadt;01 StB Altstadt ohne Johannstadt;Umbau;2002;27;310
03 Seevorstadt-Ost;StB 0 Altstadt;01 StB Altstadt ohne Johannstadt;Umbau;2003;1;0
03 Seevorstadt-Ost;StB 0 Altstadt;01 StB Altstadt ohne Johannstadt;Umbau;2004;1;11
03 Seevorstadt-Ost;StB 0 Altstadt;01 StB Altstadt ohne Johannstadt;Umbau;2005;1;0
03 Seevorstadt-Ost;StB 0 Altstadt;01 StB Altstadt ohne Johannstadt;Umbau;2006;3;11
03 Seevorstadt-Ost;StB 0 Altstadt;01 StB Altstadt ohne Johannstadt;Umbau;2007;2;121
03 Seevorstadt-Ost;StB 0 Altstadt;01 StB Altstadt ohne Johannstadt;Umbau;2008;3;7
03 Seevorstadt-Ost;StB 0 Altstadt;01 StB Altstadt ohne Johannstadt;Umbau;2009;3;5
03 Seevorstadt-Ost;StB 0 Altstadt;01 StB Altstadt ohne Johannstadt;Umbau;2010;3;4
03 Seevorstadt-Ost;StB 0 Altstadt;01 StB Altstadt ohne Johannstadt;Umbau;2011;1;3
03 Seevorstadt-Ost;StB 0 Altstadt;01 StB Altstadt ohne Johannstadt;Umbau;2012;2;6
03 Seevorstadt-Ost;StB 0 Altstadt;01 StB Altstadt ohne Johannstadt;Umbau;2013;4;70
03 Seevorstadt-Ost;StB 0 Altstadt;01 StB Altstadt ohne Johannstadt;Umbau;2014;5;9
03 Seevorstadt-Ost;StB 0 Altstadt;01 StB Altstadt ohne Johannstadt;Umbau;2015;2;6
03 Seevorstadt-Ost;StB 0 Altstadt;01 StB Altstadt ohne Johannstadt;Umbau;2016;4;0
03 Seevorstadt-Ost;StB 0 Altstadt;01 StB Altstadt ohne Johannstadt;Umbau;2017;1;0
03 Seevorstadt-Ost;StB 0 Altstadt;01 StB Altstadt ohne Johannstadt;Umbau;2018;3;2
03 Seevorstadt-Ost;StB 0 Altstadt;01 StB Altstadt ohne Johannstadt;Umbau;2019;1;0
03 Seevorstadt-Ost;StB 0 Altstadt;01 StB Altstadt ohne Johannstadt;Umbau;2020;4;229
03 Seevorstadt-Ost;StB 0 Altstadt;01 StB Altstadt ohne Johannstadt;Umbau;2022;9;221
03 Seevorstadt-Ost;StB 0 Altstadt;01 StB Altstadt ohne Johannstadt;Umbau;2023;2;0
03 Seevorstadt-Ost;StB 0 Altstadt;01 StB Altstadt ohne Johannstadt;Umbau;2024;4;18
03 Seevorstadt-Ost;StB 0 Altstadt;01 StB Altstadt ohne Johannstadt;Umbau;2025;4;21
03 Seevorstadt-Ost;StB 0 Altstadt;01 StB Altstadt ohne Johannstadt;Umbau;unbekannt;7;154
04 Wilsdruffer Vs./Seevs.-West;StB 0 Altstadt;01 StB Altstadt ohne Johannstadt;Neubau;1992;1;0
04 Wilsdruffer Vs./Seevs.-West;StB 0 Altstadt;01 StB Altstadt ohne Johannstadt;Neubau;1994;2;0
04 Wilsdruffer Vs./Seevs.-West;StB 0 Altstadt;01 StB Altstadt ohne Johannstadt;Neubau;1995;4;0
04 Wilsdruffer Vs./Seevs.-West;StB 0 Altstadt;01 StB Altstadt ohne Johannstadt;Neubau;1996;6;28
04 Wilsdruffer Vs./Seevs.-West;StB 0 Altstadt;01 StB Altstadt ohne Johannstadt;Neubau;1997;14;88
04 Wilsdruffer Vs./Seevs.-West;StB 0 Altstadt;01 StB Altstadt ohne Johannstadt;Neubau;1998;13;67
04 Wilsdruffer Vs./Seevs.-West;StB 0 Altstadt;01 StB Altstadt ohne Johannstadt;Neubau;1999;1;0
04 Wilsdruffer Vs./Seevs.-West;StB 0 Altstadt;01 StB Altstadt ohne Johannstadt;Neubau;2001;2;0
04 Wilsdruffer Vs./Seevs.-West;StB 0 Altstadt;01 StB Altstadt ohne Johannstadt;Neubau;2002;1;0
04 Wilsdruffer Vs./Seevs.-West;StB 0 Altstadt;01 StB Altstadt ohne Johannstadt;Neubau;2004;3;0
04 Wilsdruffer Vs./Seevs.-West;StB 0 Altstadt;01 StB Altstadt ohne Johannstadt;Neubau;2005;2;8
04 Wilsdruffer Vs./Seevs.-West;StB 0 Altstadt;01 StB Altstadt ohne Johannstadt;Neubau;2006;1;0
04 Wilsdruffer Vs./Seevs.-West;StB 0 Altstadt;01 StB Altstadt ohne Johannstadt;Neubau;2007;3;9
04 Wilsdruffer Vs./Seevs.-West;StB 0 Altstadt;01 StB Altstadt ohne Johannstadt;Neubau;2008;1;11
04 Wilsdruffer Vs./Seevs.-West;StB 0 Altstadt;01 StB Altstadt ohne Johannstadt;Neubau;2009;5;4
04 Wilsdruffer Vs./Seevs.-West;StB 0 Altstadt;01 StB Altstadt ohne Johannstadt;Neubau;2010;1;0
04 Wilsdruffer Vs./Seevs.-West;StB 0 Altstadt;01 StB Altstadt ohne Johannstadt;Neubau;2011;1;14
04 Wilsdruffer Vs./Seevs.-West;StB 0 Altstadt;01 StB Altstadt ohne Johannstadt;Neubau;2012;7;41
04 Wilsdruffer Vs./Seevs.-West;StB 0 Altstadt;01 StB Altstadt ohne Johannstadt;Neubau;2013;5;32
04 Wilsdruffer Vs./Seevs.-West;StB 0 Altstadt;01 StB Altstadt ohne Johannstadt;Neubau;2014;10;65
04 Wilsdruffer Vs./Seevs.-West;StB 0 Altstadt;01 StB Altstadt ohne Johannstadt;Neubau;2015;12;100
04 Wilsdruffer Vs./Seevs.-West;StB 0 Altstadt;01 StB Altstadt ohne Johannstadt;Neubau;2016;17;355
04 Wilsdruffer Vs./Seevs.-West;StB 0 Altstadt;01 StB Altstadt ohne Johannstadt;Neubau;2017;11;212
04 Wilsdruffer Vs./Seevs.-West;StB 0 Altstadt;01 StB Altstadt ohne Johannstadt;Neubau;2018;24;425
04 Wilsdruffer Vs./Seevs.-West;StB 0 Altstadt;01 StB Altstadt ohne Johannstadt;Neubau;2019;8;151
04 Wilsdruffer Vs./Seevs.-West;StB 0 Altstadt;01 StB Altstadt ohne Johannstadt;Neubau;2020;1;0
04 Wilsdruffer Vs./Seevs.-West;StB 0 Altstadt;01 StB Altstadt ohne Johannstadt;Neubau;2021;6;179
04 Wilsdruffer Vs./Seevs.-West;StB 0 Altstadt;01 StB Altstadt ohne Johannstadt;Neubau;2022;4;38
04 Wilsdruffer Vs./Seevs.-West;StB 0 Altstadt;01 StB Altstadt ohne Johannstadt;Neubau;2023;2;47
04 Wilsdruffer Vs./Seevs.-West;StB 0 Altstadt;01 StB Altstadt ohne Johannstadt;Neubau;2024;24;405
04 Wilsdruffer Vs./Seevs.-West;StB 0 Altstadt;01 StB Altstadt ohne Johannstadt;Neubau;2025;3;4
04 Wilsdruffer Vs./Seevs.-West;StB 0 Altstadt;01 StB Altstadt ohne Johannstadt;Neubau;2026;1;0
04 Wilsdruffer Vs./Seevs.-West;StB 0 Altstadt;01 StB Altstadt ohne Johannstadt;Neubau;unbekannt;13;46
04 Wilsdruffer Vs./Seevs.-West;StB 0 Altstadt;01 StB Altstadt ohne Johannstadt;Umbau;1993;1;16
04 Wilsdruffer Vs./Seevs.-West;StB 0 Altstadt;01 StB Altstadt ohne Johannstadt;Umbau;1994;3;10
04 Wilsdruffer Vs./Seevs.-West;StB 0 Altstadt;01 StB Altstadt ohne Johannstadt;Umbau;1995;4;22
04 Wilsdruffer Vs./Seevs.-West;StB 0 Altstadt;01 StB Altstadt ohne Johannstadt;Umbau;1996;8;5
04 Wilsdruffer Vs./Seevs.-West;StB 0 Altstadt;01 StB Altstadt ohne Johannstadt;Umbau;1997;5;104
04 Wilsdruffer Vs./Seevs.-West;StB 0 Altstadt;01 StB Altstadt ohne Johannstadt;Umbau;1998;2;16
04 Wilsdruffer Vs./Seevs.-West;StB 0 Altstadt;01 StB Altstadt ohne Johannstadt;Umbau;1999;6;54
04 Wilsdruffer Vs./Seevs.-West;StB 0 Altstadt;01 StB Altstadt ohne Johannstadt;Umbau;2000;1;13
04 Wilsdruffer Vs./Seevs.-West;StB 0 Altstadt;01 StB Altstadt ohne Johannstadt;Umbau;2001;4;17
04 Wilsdruffer Vs./Seevs.-West;StB 0 Altstadt;01 StB Altstadt ohne Johannstadt;Umbau;2002;11;171
04 Wilsdruffer Vs./Seevs.-West;StB 0 Altstadt;01 StB Altstadt ohne Johannstadt;Umbau;2003;4;56
04 Wilsdruffer Vs./Seevs.-West;StB 0 Altstadt;01 StB Altstadt ohne Johannstadt;Umbau;2005;2;20
04 Wilsdruffer Vs./Seevs.-West;StB 0 Altstadt;01 StB Altstadt ohne Johannstadt;Umbau;2006;1;2
04 Wilsdruffer Vs./Seevs.-West;StB 0 Altstadt;01 StB Altstadt ohne Johannstadt;Umbau;2007;3;30
04 Wilsdruffer Vs./Seevs.-West;StB 0 Altstadt;01 StB Altstadt ohne Johannstadt;Umbau;2010;1;0
04 Wilsdruffer Vs./Seevs.-West;StB 0 Altstadt;01 StB Altstadt ohne Johannstadt;Umbau;2011;7;448
04 Wilsdruffer Vs./Seevs.-West;StB 0 Altstadt;01 StB Altstadt ohne Johannstadt;Umbau;2013;1;1
04 Wilsdruffer Vs./Seevs.-West;StB 0 Altstadt;01 StB Altstadt ohne Johannstadt;Umbau;2014;4;108
04 Wilsdruffer Vs./Seevs.-West;StB 0 Altstadt;01 StB Altstadt ohne Johannstadt;Umbau;2015;47;736
04 Wilsdruffer Vs./Seevs.-West;StB 0 Altstadt;01 StB Altstadt ohne Johannstadt;Umbau;2016;11;76
04 Wilsdruffer Vs./Seevs.-West;StB 0 Altstadt;01 StB Altstadt ohne Johannstadt;Umbau;2017;2;9
04 Wilsdruffer Vs./Seevs.-West;StB 0 Altstadt;01 StB Altstadt ohne Johannstadt;Umbau;2018;5;0
04 Wilsdruffer Vs./Seevs.-West;StB 0 Altstadt;01 StB Altstadt ohne Johannstadt;Umbau;2019;7;26
04 Wilsdruffer Vs./Seevs.-West;StB 0 Altstadt;01 StB Altstadt ohne Johannstadt;Umbau;2020;4;102
04 Wilsdruffer Vs./Seevs.-West;StB 0 Altstadt;01 StB Altstadt ohne Johannstadt;Umbau;2021;1;0
04 Wilsdruffer Vs./Seevs.-West;StB 0 Altstadt;01 StB Altstadt ohne Johannstadt;Umbau;2023;2;80
04 Wilsdruffer Vs./Seevs.-West;StB 0 Altstadt;01 StB Altstadt ohne Johannstadt;Umbau;2024;4;26
04 Wilsdruffer Vs./Seevs.-West;StB 0 Altstadt;01 StB Altstadt ohne Johannstadt;Umbau;2025;1;9
04 Wilsdruffer Vs./Seevs.-West;StB 0 Altstadt;01 StB Altstadt ohne Johannstadt;Umbau;unbekannt;6;37
05 Friedrichstadt;StB 0 Altstadt;01 StB Altstadt ohne Johannstadt;Neubau;1992;1;0
05 Friedrichstadt;StB 0 Altstadt;01 StB Altstadt ohne Johannstadt;Neubau;1993;9;0
05 Friedrichstadt;StB 0 Altstadt;01 StB Altstadt ohne Johannstadt;Neubau;1994;5;12
05 Friedrichstadt;StB 0 Altstadt;01 StB Altstadt ohne Johannstadt;Neubau;1995;11;63
05 Friedrichstadt;StB 0 Altstadt;01 StB Altstadt ohne Johannstadt;Neubau;1996;19;313
05 Friedrichstadt;StB 0 Altstadt;01 StB Altstadt ohne Johannstadt;Neubau;1997;33;597
05 Friedrichstadt;StB 0 Altstadt;01 StB Altstadt ohne Johannstadt;Neubau;1998;6;53
05 Friedrichstadt;StB 0 Altstadt;01 StB Altstadt ohne Johannstadt;Neubau;1999;10;8
05 Friedrichstadt;StB 0 Altstadt;01 StB Altstadt ohne Johannstadt;Neubau;2000;5;20
05 Friedrichstadt;StB 0 Altstadt;01 StB Altstadt ohne Johannstadt;Neubau;2001;8;0
05 Friedrichstadt;StB 0 Altstadt;01 StB Altstadt ohne Johannstadt;Neubau;2002;3;104
05 Friedrichstadt;StB 0 Altstadt;01 StB Altstadt ohne Johannstadt;Neubau;2003;2;0
05 Friedrichstadt;StB 0 Altstadt;01 StB Altstadt ohne Johannstadt;Neubau;2004;4;0
05 Friedrichstadt;StB 0 Altstadt;01 StB Altstadt ohne Johannstadt;Neubau;2005;4;0
05 Friedrichstadt;StB 0 Altstadt;01 StB Altstadt ohne Johannstadt;Neubau;2006;3;0
05 Friedrichstadt;StB 0 Altstadt;01 StB Altstadt ohne Johannstadt;Neubau;2007;4;0
05 Friedrichstadt;StB 0 Altstadt;01 StB Altstadt ohne Johannstadt;Neubau;2008;3;0
05 Friedrichstadt;StB 0 Altstadt;01 StB Altstadt ohne Johannstadt;Neubau;2009;4;0
05 Friedrichstadt;StB 0 Altstadt;01 StB Altstadt ohne Johannstadt;Neubau;2010;4;1
05 Friedrichstadt;StB 0 Altstadt;01 StB Altstadt ohne Johannstadt;Neubau;2011;3;0
05 Friedrichstadt;StB 0 Altstadt;01 StB Altstadt ohne Johannstadt;Neubau;2012;6;0
05 Friedrichstadt;StB 0 Altstadt;01 StB Altstadt ohne Johannstadt;Neubau;2013;5;12
05 Friedrichstadt;StB 0 Altstadt;01 StB Altstadt ohne Johannstadt;Neubau;2014;38;46
05 Friedrichstadt;StB 0 Altstadt;01 StB Altstadt ohne Johannstadt;Neubau;2015;21;107
05 Friedrichstadt;StB 0 Altstadt;01 StB Altstadt ohne Johannstadt;Neubau;2016;26;169
05 Friedrichstadt;StB 0 Altstadt;01 StB Altstadt ohne Johannstadt;Neubau;2017;5;23
05 Friedrichstadt;StB 0 Altstadt;01 StB Altstadt ohne Johannstadt;Neubau;2018;12;99
05 Friedrichstadt;StB 0 Altstadt;01 StB Altstadt ohne Johannstadt;Neubau;2019;19;185
05 Friedrichstadt;StB 0 Altstadt;01 StB Altstadt ohne Johannstadt;Neubau;2020;8;176
05 Friedrichstadt;StB 0 Altstadt;01 StB Altstadt ohne Johannstadt;Neubau;2021;16;192
05 Friedrichstadt;StB 0 Altstadt;01 StB Altstadt ohne Johannstadt;Neubau;2022;6;58
05 Friedrichstadt;StB 0 Altstadt;01 StB Altstadt ohne Johannstadt;Neubau;2023;8;179
05 Friedrichstadt;StB 0 Altstadt;01 StB Altstadt ohne Johannstadt;Neubau;2024;8;22
05 Friedrichstadt;StB 0 Altstadt;01 StB Altstadt ohne Johannstadt;Neubau;2025;1;1
05 Friedrichstadt;StB 0 Altstadt;01 StB Altstadt ohne Johannstadt;Neubau;unbekannt;77;944
05 Friedrichstadt;StB 0 Altstadt;01 StB Altstadt ohne Johannstadt;Umbau;1992;2;1
05 Friedrichstadt;StB 0 Altstadt;01 StB Altstadt ohne Johannstadt;Umbau;1993;3;15
05 Friedrichstadt;StB 0 Altstadt;01 StB Altstadt ohne Johannstadt;Umbau;1994;1;17
05 Friedrichstadt;StB 0 Altstadt;01 StB Altstadt ohne Johannstadt;Umbau;1995;3;11
05 Friedrichstadt;StB 0 Altstadt;01 StB Altstadt ohne Johannstadt;Umbau;1996;9;60
05 Friedrichstadt;StB 0 Altstadt;01 StB Altstadt ohne Johannstadt;Umbau;1997;3;47
05 Friedrichstadt;StB 0 Altstadt;01 StB Altstadt ohne Johannstadt;Umbau;1998;5;42
05 Friedrichstadt;StB 0 Altstadt;01 StB Altstadt ohne Johannstadt;Umbau;1999;8;56
05 Friedrichstadt;StB 0 Altstadt;01 StB Altstadt ohne Johannstadt;Umbau;2000;2;99
05 Friedrichstadt;StB 0 Altstadt;01 StB Altstadt ohne Johannstadt;Umbau;2001;3;8
05 Friedrichstadt;StB 0 Altstadt;01 StB Altstadt ohne Johannstadt;Umbau;2002;3;17
05 Friedrichstadt;StB 0 Altstadt;01 StB Altstadt ohne Johannstadt;Umbau;2003;1;0
05 Friedrichstadt;StB 0 Altstadt;01 StB Altstadt ohne Johannstadt;Umbau;2004;3;1
05 Friedrichstadt;StB 0 Altstadt;01 StB Altstadt ohne Johannstadt;Umbau;2005;3;26
05 Friedrichstadt;StB 0 Altstadt;01 StB Altstadt ohne Johannstadt;Umbau;2006;3;20
05 Friedrichstadt;StB 0 Altstadt;01 StB Altstadt ohne Johannstadt;Umbau;2007;15;112
05 Friedrichstadt;StB 0 Altstadt;01 StB Altstadt ohne Johannstadt;Umbau;2008;11;72
05 Friedrichstadt;StB 0 Altstadt;01 StB Altstadt ohne Johannstadt;Umbau;2009;4;11
05 Friedrichstadt;StB 0 Altstadt;01 StB Altstadt ohne Johannstadt;Umbau;2010;5;25
05 Friedrichstadt;StB 0 Altstadt;01 StB Altstadt ohne Johannstadt;Umbau;2011;15;94
05 Friedrichstadt;StB 0 Altstadt;01 StB Altstadt ohne Johannstadt;Umbau;2012;4;33
05 Friedrichstadt;StB 0 Altstadt;01 StB Altstadt ohne Johannstadt;Umbau;2013;10;113
05 Friedrichstadt;StB 0 Altstadt;01 StB Altstadt ohne Johannstadt;Umbau;2014;8;103
05 Friedrichstadt;StB 0 Altstadt;01 StB Altstadt ohne Johannstadt;Umbau;2015;13;146
05 Friedrichstadt;StB 0 Altstadt;01 StB Altstadt ohne Johannstadt;Umbau;2016;7;70
05 Friedrichstadt;StB 0 Altstadt;01 StB Altstadt ohne Johannstadt;Umbau;2017;7;89
05 Friedrichstadt;StB 0 Altstadt;01 StB Altstadt ohne Johannstadt;Umbau;2018;9;29
05 Friedrichstadt;StB 0 Altstadt;01 StB Altstadt ohne Johannstadt;Umbau;2019;14;123
05 Friedrichstadt;StB 0 Altstadt;01 StB Altstadt ohne Johannstadt;Umbau;2020;7;43
05 Friedrichstadt;StB 0 Altstadt;01 StB Altstadt ohne Johannstadt;Umbau;2021;8;72
05 Friedrichstadt;StB 0 Altstadt;01 StB Altstadt ohne Johannstadt;Umbau;2022;3;36
05 Friedrichstadt;StB 0 Altstadt;01 StB Altstadt ohne Johannstadt;Umbau;2023;4;63
05 Friedrichstadt;StB 0 Altstadt;01 StB Altstadt ohne Johannstadt;Umbau;2024;9;25
05 Friedrichstadt;StB 0 Altstadt;01 StB Altstadt ohne Johannstadt;Umbau;2025;5;10
05 Friedrichstadt;StB 0 Altstadt;01 StB Altstadt ohne Johannstadt;Umbau;unbekannt;32;231
06 Johannstadt-Nord;StB 0 Altstadt;02 Johannstadt;Neubau;1994;1;19
06 Johannstadt-Nord;StB 0 Altstadt;02 Johannstadt;Neubau;1995;7;91
06 Johannstadt-Nord;StB 0 Altstadt;02 Johannstadt;Neubau;1996;10;273
06 Johannstadt-Nord;StB 0 Altstadt;02 Johannstadt;Neubau;1997;3;11
06 Johannstadt-Nord;StB 0 Altstadt;02 Johannstadt;Neubau;1998;8;116
06 Johannstadt-Nord;StB 0 Altstadt;02 Johannstadt;Neubau;1999;2;12
06 Johannstadt-Nord;StB 0 Altstadt;02 Johannstadt;Neubau;2000;8;51
06 Johannstadt-Nord;StB 0 Altstadt;02 Johannstadt;Neubau;2001;7;18
06 Johannstadt-Nord;StB 0 Altstadt;02 Johannstadt;Neubau;2002;4;9
06 Johannstadt-Nord;StB 0 Altstadt;02 Johannstadt;Neubau;2003;1;0
06 Johannstadt-Nord;StB 0 Altstadt;02 Johannstadt;Neubau;2004;2;0
06 Johannstadt-Nord;StB 0 Altstadt;02 Johannstadt;Neubau;2005;1;0
06 Johannstadt-Nord;StB 0 Altstadt;02 Johannstadt;Neubau;2006;1;0
06 Johannstadt-Nord;StB 0 Altstadt;02 Johannstadt;Neubau;2007;2;8
06 Johannstadt-Nord;StB 0 Altstadt;02 Johannstadt;Neubau;2008;2;0
06 Johannstadt-Nord;StB 0 Altstadt;02 Johannstadt;Neubau;2009;2;0
06 Johannstadt-Nord;StB 0 Altstadt;02 Johannstadt;Neubau;2010;2;0
06 Johannstadt-Nord;StB 0 Altstadt;02 Johannstadt;Neubau;2012;3;1
06 Johannstadt-Nord;StB 0 Altstadt;02 Johannstadt;Neubau;2013;2;0
06 Johannstadt-Nord;StB 0 Altstadt;02 Johannstadt;Neubau;2014;2;0
06 Johannstadt-Nord;StB 0 Altstadt;02 Johannstadt;Neubau;2015;4;129
06 Johannstadt-Nord;StB 0 Altstadt;02 Johannstadt;Neubau;2016;4;20
06 Johannstadt-Nord;StB 0 Altstadt;02 Johannstadt;Neubau;2017;3;11
06 Johannstadt-Nord;StB 0 Altstadt;02 Johannstadt;Neubau;2019;2;0
06 Johannstadt-Nord;StB 0 Altstadt;02 Johannstadt;Neubau;2020;23;393
06 Johannstadt-Nord;StB 0 Altstadt;02 Johannstadt;Neubau;2021;2;4
06 Johannstadt-Nord;StB 0 Altstadt;02 Johannstadt;Neubau;2022;2;0
06 Johannstadt-Nord;StB 0 Altstadt;02 Johannstadt;Neubau;2023;12;120
06 Johannstadt-Nord;StB 0 Altstadt;02 Johannstadt;Neubau;2025;1;0
06 Johannstadt-Nord;StB 0 Altstadt;02 Johannstadt;Neubau;unbekannt;10;89
06 Johannstadt-Nord;StB 0 Altstadt;02 Johannstadt;Umbau;1993;1;4
06 Johannstadt-Nord;StB 0 Altstadt;02 Johannstadt;Umbau;1995;3;23
06 Johannstadt-Nord;StB 0 Altstadt;02 Johannstadt;Umbau;1996;2;27
06 Johannstadt-Nord;StB 0 Altstadt;02 Johannstadt;Umbau;1997;3;1
06 Johannstadt-Nord;StB 0 Altstadt;02 Johannstadt;Umbau;1998;14;220
06 Johannstadt-Nord;StB 0 Altstadt;02 Johannstadt;Umbau;1999;3;24
06 Johannstadt-Nord;StB 0 Altstadt;02 Johannstadt;Umbau;2000;16;141
06 Johannstadt-Nord;StB 0 Altstadt;02 Johannstadt;Umbau;2001;9;102
06 Johannstadt-Nord;StB 0 Altstadt;02 Johannstadt;Umbau;2002;5;54
06 Johannstadt-Nord;StB 0 Altstadt;02 Johannstadt;Umbau;2004;18;434
06 Johannstadt-Nord;StB 0 Altstadt;02 Johannstadt;Umbau;2005;7;124
06 Johannstadt-Nord;StB 0 Altstadt;02 Johannstadt;Umbau;2006;1;0
06 Johannstadt-Nord;StB 0 Altstadt;02 Johannstadt;Umbau;2007;3;24
06 Johannstadt-Nord;StB 0 Altstadt;02 Johannstadt;Umbau;2008;6;54
06 Johannstadt-Nord;StB 0 Altstadt;02 Johannstadt;Umbau;2009;3;37
06 Johannstadt-Nord;StB 0 Altstadt;02 Johannstadt;Umbau;2010;7;211
06 Johannstadt-Nord;StB 0 Altstadt;02 Johannstadt;Umbau;2011;20;338
06 Johannstadt-Nord;StB 0 Altstadt;02 Johannstadt;Umbau;2012;5;33
06 Johannstadt-Nord;StB 0 Altstadt;02 Johannstadt;Umbau;2013;2;11
06 Johannstadt-Nord;StB 0 Altstadt;02 Johannstadt;Umbau;2014;6;33
06 Johannstadt-Nord;StB 0 Altstadt;02 Johannstadt;Umbau;2015;12;115
06 Johannstadt-Nord;StB 0 Altstadt;02 Johannstadt;Umbau;2016;4;37
06 Johannstadt-Nord;StB 0 Altstadt;02 Johannstadt;Umbau;2017;1;10
06 Johannstadt-Nord;StB 0 Altstadt;02 Johannstadt;Umbau;2018;3;50
06 Johannstadt-Nord;StB 0 Altstadt;02 Johannstadt;Umbau;2019;4;51
06 Johannstadt-Nord;StB 0 Altstadt;02 Johannstadt;Umbau;2020;22;600
06 Johannstadt-Nord;StB 0 Altstadt;02 Johannstadt;Umbau;2021;13;520
06 Johannstadt-Nord;StB 0 Altstadt;02 Johannstadt;Umbau;2022;2;38
06 Johannstadt-Nord;StB 0 Altstadt;02 Johannstadt;Umbau;2023;3;11
06 Johannstadt-Nord;StB 0 Altstadt;02 Johannstadt;Umbau;2024;5;10
06 Johannstadt-Nord;StB 0 Altstadt;02 Johannstadt;Umbau;2025;2;0
06 Johannstadt-Nord;StB 0 Altstadt;02 Johannstadt;Umbau;unbekannt;15;386
07 Johannstadt-Süd;StB 0 Altstadt;02 Johannstadt;Neubau;1994;2;12
07 Johannstadt-Süd;StB 0 Altstadt;02 Johannstadt;Neubau;1995;3;35
07 Johannstadt-Süd;StB 0 Altstadt;02 Johannstadt;Neubau;1997;9;259
07 Johannstadt-Süd;StB 0 Altstadt;02 Johannstadt;Neubau;1998;14;151
07 Johannstadt-Süd;StB 0 Altstadt;02 Johannstadt;Neubau;1999;1;0
07 Johannstadt-Süd;StB 0 Altstadt;02 Johannstadt;Neubau;2000;2;0
07 Johannstadt-Süd;StB 0 Altstadt;02 Johannstadt;Neubau;2003;1;0
07 Johannstadt-Süd;StB 0 Altstadt;02 Johannstadt;Neubau;2005;2;0
07 Johannstadt-Süd;StB 0 Altstadt;02 Johannstadt;Neubau;2006;1;0
07 Johannstadt-Süd;StB 0 Altstadt;02 Johannstadt;Neubau;2010;1;0
07 Johannstadt-Süd;StB 0 Altstadt;02 Johannstadt;Neubau;2013;2;0
07 Johannstadt-Süd;StB 0 Altstadt;02 Johannstadt;Neubau;2014;3;56
07 Johannstadt-Süd;StB 0 Altstadt;02 Johannstadt;Neubau;2015;3;0
07 Johannstadt-Süd;StB 0 Altstadt;02 Johannstadt;Neubau;2016;1;0
07 Johannstadt-Süd;StB 0 Altstadt;02 Johannstadt;Neubau;2017;2;30
07 Johannstadt-Süd;StB 0 Altstadt;02 Johannstadt;Neubau;2018;3;55
07 Johannstadt-Süd;StB 0 Altstadt;02 Johannstadt;Neubau;2019;2;24
07 Johannstadt-Süd;StB 0 Altstadt;02 Johannstadt;Neubau;2020;6;110
07 Johannstadt-Süd;StB 0 Altstadt;02 Johannstadt;Neubau;2022;6;61
07 Johannstadt-Süd;StB 0 Altstadt;02 Johannstadt;Neubau;2023;9;234
07 Johannstadt-Süd;StB 0 Altstadt;02 Johannstadt;Neubau;unbekannt;2;41
07 Johannstadt-Süd;StB 0 Altstadt;02 Johannstadt;Umbau;1993;1;0
07 Johannstadt-Süd;StB 0 Altstadt;02 Johannstadt;Umbau;1994;7;95
07 Johannstadt-Süd;StB 0 Altstadt;02 Johannstadt;Umbau;1995;1;0
07 Johannstadt-Süd;StB 0 Altstadt;02 Johannstadt;Umbau;1996;1;203
07 Johannstadt-Süd;StB 0 Altstadt;02 Johannstadt;Umbau;1998;2;14
07 Johannstadt-Süd;StB 0 Altstadt;02 Johannstadt;Umbau;1999;1;14
07 Johannstadt-Süd;StB 0 Altstadt;02 Johannstadt;Umbau;2000;24;464
07 Johannstadt-Süd;StB 0 Altstadt;02 Johannstadt;Umbau;2001;21;259
07 Johannstadt-Süd;StB 0 Altstadt;02 Johannstadt;Umbau;2002;5;131
07 Johannstadt-Süd;StB 0 Altstadt;02 Johannstadt;Umbau;2003;26;468
07 Johannstadt-Süd;StB 0 Altstadt;02 Johannstadt;Umbau;2004;31;607
07 Johannstadt-Süd;StB 0 Altstadt;02 Johannstadt;Umbau;2005;3;12
07 Johannstadt-Süd;StB 0 Altstadt;02 Johannstadt;Umbau;2007;1;7
07 Johannstadt-Süd;StB 0 Altstadt;02 Johannstadt;Umbau;2008;1;0
07 Johannstadt-Süd;StB 0 Altstadt;02 Johannstadt;Umbau;2009;16;175
07 Johannstadt-Süd;StB 0 Altstadt;02 Johannstadt;Umbau;2011;33;314
07 Johannstadt-Süd;StB 0 Altstadt;02 Johannstadt;Umbau;2012;31;310
07 Johannstadt-Süd;StB 0 Altstadt;02 Johannstadt;Umbau;2013;19;366
07 Johannstadt-Süd;StB 0 Altstadt;02 Johannstadt;Umbau;2014;16;150
07 Johannstadt-Süd;StB 0 Altstadt;02 Johannstadt;Umbau;2015;2;80
07 Johannstadt-Süd;StB 0 Altstadt;02 Johannstadt;Umbau;2016;10;100
07 Johannstadt-Süd;StB 0 Altstadt;02 Johannstadt;Umbau;2017;5;76
07 Johannstadt-Süd;StB 0 Altstadt;02 Johannstadt;Umbau;2018;2;8
07 Johannstadt-Süd;StB 0 Altstadt;02 Johannstadt;Umbau;2019;9;229
07 Johannstadt-Süd;StB 0 Altstadt;02 Johannstadt;Umbau;2020;1;0
07 Johannstadt-Süd;StB 0 Altstadt;02 Johannstadt;Umbau;2021;4;321
07 Johannstadt-Süd;StB 0 Altstadt;02 Johannstadt;Umbau;2023;2;293
07 Johannstadt-Süd;StB 0 Altstadt;02 Johannstadt;Umbau;2024;1;43
07 Johannstadt-Süd;StB 0 Altstadt;02 Johannstadt;Umbau;2025;2;128
07 Johannstadt-Süd;StB 0 Altstadt;02 Johannstadt;Umbau;unbekannt;2;13
11 Äußere Neustadt (Antonstadt);StB 1 Neustadt;03 StB Neustadt ohne Leipziger Vorstadt;Neubau;1992;2;0
11 Äußere Neustadt (Antonstadt);StB 1 Neustadt;03 StB Neustadt ohne Leipziger Vorstadt;Neubau;1993;1;3
11 Äußere Neustadt (Antonstadt);StB 1 Neustadt;03 StB Neustadt ohne Leipziger Vorstadt;Neubau;1994;5;17
11 Äußere Neustadt (Antonstadt);StB 1 Neustadt;03 StB Neustadt ohne Leipziger Vorstadt;Neubau;1995;20;147
11 Äußere Neustadt (Antonstadt);StB 1 Neustadt;03 StB Neustadt ohne Leipziger Vorstadt;Neubau;1996;5;50
11 Äußere Neustadt (Antonstadt);StB 1 Neustadt;03 StB Neustadt ohne Leipziger Vorstadt;Neubau;1997;24;265
11 Äußere Neustadt (Antonstadt);StB 1 Neustadt;03 StB Neustadt ohne Leipziger Vorstadt;Neubau;1998;6;68
11 Äußere Neustadt (Antonstadt);StB 1 Neustadt;03 StB Neustadt ohne Leipziger Vorstadt;Neubau;1999;8;90
11 Äußere Neustadt (Antonstadt);StB 1 Neustadt;03 StB Neustadt ohne Leipziger Vorstadt;Neubau;2000;3;21
11 Äußere Neustadt (Antonstadt);StB 1 Neustadt;03 StB Neustadt ohne Leipziger Vorstadt;Neubau;2001;3;47
11 Äußere Neustadt (Antonstadt);StB 1 Neustadt;03 StB Neustadt ohne Leipziger Vorstadt;Neubau;2002;4;42
11 Äußere Neustadt (Antonstadt);StB 1 Neustadt;03 StB Neustadt ohne Leipziger Vorstadt;Neubau;2003;1;9
11 Äußere Neustadt (Antonstadt);StB 1 Neustadt;03 StB Neustadt ohne Leipziger Vorstadt;Neubau;2004;5;18
11 Äußere Neustadt (Antonstadt);StB 1 Neustadt;03 StB Neustadt ohne Leipziger Vorstadt;Neubau;2006;1;2
11 Äußere Neustadt (Antonstadt);StB 1 Neustadt;03 StB Neustadt ohne Leipziger Vorstadt;Neubau;2008;2;1
11 Äußere Neustadt (Antonstadt);StB 1 Neustadt;03 StB Neustadt ohne Leipziger Vorstadt;Neubau;2009;1;14
11 Äußere Neustadt (Antonstadt);StB 1 Neustadt;03 StB Neustadt ohne Leipziger Vorstadt;Neubau;2010;4;6
11 Äußere Neustadt (Antonstadt);StB 1 Neustadt;03 StB Neustadt ohne Leipziger Vorstadt;Neubau;2011;2;1
11 Äußere Neustadt (Antonstadt);StB 1 Neustadt;03 StB Neustadt ohne Leipziger Vorstadt;Neubau;2012;2;7
11 Äußere Neustadt (Antonstadt);StB 1 Neustadt;03 StB Neustadt ohne Leipziger Vorstadt;Neubau;2013;4;4
11 Äußere Neustadt (Antonstadt);StB 1 Neustadt;03 StB Neustadt ohne Leipziger Vorstadt;Neubau;2014;4;15
11 Äußere Neustadt (Antonstadt);StB 1 Neustadt;03 StB Neustadt ohne Leipziger Vorstadt;Neubau;2015;10;56
11 Äußere Neustadt (Antonstadt);StB 1 Neustadt;03 StB Neustadt ohne Leipziger Vorstadt;Neubau;2016;22;113
11 Äußere Neustadt (Antonstadt);StB 1 Neustadt;03 StB Neustadt ohne Leipziger Vorstadt;Neubau;2017;7;104
11 Äußere Neustadt (Antonstadt);StB 1 Neustadt;03 StB Neustadt ohne Leipziger Vorstadt;Neubau;2018;7;45
11 Äußere Neustadt (Antonstadt);StB 1 Neustadt;03 StB Neustadt ohne Leipziger Vorstadt;Neubau;2019;6;112
11 Äußere Neustadt (Antonstadt);StB 1 Neustadt;03 StB Neustadt ohne Leipziger Vorstadt;Neubau;2020;9;113
11 Äußere Neustadt (Antonstadt);StB 1 Neustadt;03 StB Neustadt ohne Leipziger Vorstadt;Neubau;2021;7;55
11 Äußere Neustadt (Antonstadt);StB 1 Neustadt;03 StB Neustadt ohne Leipziger Vorstadt;Neubau;2022;4;23
11 Äußere Neustadt (Antonstadt);StB 1 Neustadt;03 StB Neustadt ohne Leipziger Vorstadt;Neubau;2023;3;48
11 Äußere Neustadt (Antonstadt);StB 1 Neustadt;03 StB Neustadt ohne Leipziger Vorstadt;Neubau;2024;6;49
11 Äußere Neustadt (Antonstadt);StB 1 Neustadt;03 StB Neustadt ohne Leipziger Vorstadt;Neubau;2025;6;73
11 Äußere Neustadt (Antonstadt);StB 1 Neustadt;03 StB Neustadt ohne Leipziger Vorstadt;Neubau;unbekannt;9;30
11 Äußere Neustadt (Antonstadt);StB 1 Neustadt;03 StB Neustadt ohne Leipziger Vorstadt;Umbau;1992;3;4
11 Äußere Neustadt (Antonstadt);StB 1 Neustadt;03 StB Neustadt ohne Leipziger Vorstadt;Umbau;1993;9;64
11 Äußere Neustadt (Antonstadt);StB 1 Neustadt;03 StB Neustadt ohne Leipziger Vorstadt;Umbau;1994;6;56
11 Äußere Neustadt (Antonstadt);StB 1 Neustadt;03 StB Neustadt ohne Leipziger Vorstadt;Umbau;1995;9;59
11 Äußere Neustadt (Antonstadt);StB 1 Neustadt;03 StB Neustadt ohne Leipziger Vorstadt;Umbau;1996;9;52
11 Äußere Neustadt (Antonstadt);StB 1 Neustadt;03 StB Neustadt ohne Leipziger Vorstadt;Umbau;1997;14;134
11 Äußere Neustadt (Antonstadt);StB 1 Neustadt;03 StB Neustadt ohne Leipziger Vorstadt;Umbau;1998;17;139
11 Äußere Neustadt (Antonstadt);StB 1 Neustadt;03 StB Neustadt ohne Leipziger Vorstadt;Umbau;1999;36;295
11 Äußere Neustadt (Antonstadt);StB 1 Neustadt;03 StB Neustadt ohne Leipziger Vorstadt;Umbau;2000;34;258
11 Äußere Neustadt (Antonstadt);StB 1 Neustadt;03 StB Neustadt ohne Leipziger Vorstadt;Umbau;2001;22;136
11 Äußere Neustadt (Antonstadt);StB 1 Neustadt;03 StB Neustadt ohne Leipziger Vorstadt;Umbau;2002;13;92
11 Äußere Neustadt (Antonstadt);StB 1 Neustadt;03 StB Neustadt ohne Leipziger Vorstadt;Umbau;2003;9;99
11 Äußere Neustadt (Antonstadt);StB 1 Neustadt;03 StB Neustadt ohne Leipziger Vorstadt;Umbau;2004;10;108
11 Äußere Neustadt (Antonstadt);StB 1 Neustadt;03 StB Neustadt ohne Leipziger Vorstadt;Umbau;2005;15;120
11 Äußere Neustadt (Antonstadt);StB 1 Neustadt;03 StB Neustadt ohne Leipziger Vorstadt;Umbau;2006;3;18
11 Äußere Neustadt (Antonstadt);StB 1 Neustadt;03 StB Neustadt ohne Leipziger Vorstadt;Umbau;2007;7;36
11 Äußere Neustadt (Antonstadt);StB 1 Neustadt;03 StB Neustadt ohne Leipziger Vorstadt;Umbau;2008;8;54
11 Äußere Neustadt (Antonstadt);StB 1 Neustadt;03 StB Neustadt ohne Leipziger Vorstadt;Umbau;2009;10;65
11 Äußere Neustadt (Antonstadt);StB 1 Neustadt;03 StB Neustadt ohne Leipziger Vorstadt;Umbau;2010;22;144
11 Äußere Neustadt (Antonstadt);StB 1 Neustadt;03 StB Neustadt ohne Leipziger Vorstadt;Umbau;2011;6;47
11 Äußere Neustadt (Antonstadt);StB 1 Neustadt;03 StB Neustadt ohne Leipziger Vorstadt;Umbau;2012;14;120
11 Äußere Neustadt (Antonstadt);StB 1 Neustadt;03 StB Neustadt ohne Leipziger Vorstadt;Umbau;2013;16;58
11 Äußere Neustadt (Antonstadt);StB 1 Neustadt;03 StB Neustadt ohne Leipziger Vorstadt;Umbau;2014;12;82
11 Äußere Neustadt (Antonstadt);StB 1 Neustadt;03 StB Neustadt ohne Leipziger Vorstadt;Umbau;2015;12;103
11 Äußere Neustadt (Antonstadt);StB 1 Neustadt;03 StB Neustadt ohne Leipziger Vorstadt;Umbau;2016;10;45
11 Äußere Neustadt (Antonstadt);StB 1 Neustadt;03 StB Neustadt ohne Leipziger Vorstadt;Umbau;2017;19;123
11 Äußere Neustadt (Antonstadt);StB 1 Neustadt;03 StB Neustadt ohne Leipziger Vorstadt;Umbau;2018;10;70
11 Äußere Neustadt (Antonstadt);StB 1 Neustadt;03 StB Neustadt ohne Leipziger Vorstadt;Umbau;2019;9;49
11 Äußere Neustadt (Antonstadt);StB 1 Neustadt;03 StB Neustadt ohne Leipziger Vorstadt;Umbau;2020;14;100
11 Äußere Neustadt (Antonstadt);StB 1 Neustadt;03 StB Neustadt ohne Leipziger Vorstadt;Umbau;2021;1;10
11 Äußere Neustadt (Antonstadt);StB 1 Neustadt;03 StB Neustadt ohne Leipziger Vorstadt;Umbau;2022;4;12
11 Äußere Neustadt (Antonstadt);StB 1 Neustadt;03 StB Neustadt ohne Leipziger Vorstadt;Umbau;2023;6;15
11 Äußere Neustadt (Antonstadt);StB 1 Neustadt;03 StB Neustadt ohne Leipziger Vorstadt;Umbau;2024;10;63
11 Äußere Neustadt (Antonstadt);StB 1 Neustadt;03 StB Neustadt ohne Leipziger Vorstadt;Umbau;2025;14;186
11 Äußere Neustadt (Antonstadt);StB 1 Neustadt;03 StB Neustadt ohne Leipziger Vorstadt;Umbau;2026;1;1
11 Äußere Neustadt (Antonstadt);StB 1 Neustadt;03 StB Neustadt ohne Leipziger Vorstadt;Umbau;unbekannt;34;206
12 Radeberger Vorstadt;StB 1 Neustadt;03 StB Neustadt ohne Leipziger Vorstadt;Neubau;1994;2;0
12 Radeberger Vorstadt;StB 1 Neustadt;03 StB Neustadt ohne Leipziger Vorstadt;Neubau;1995;5;73
12 Radeberger Vorstadt;StB 1 Neustadt;03 StB Neustadt ohne Leipziger Vorstadt;Neubau;1996;40;365
12 Radeberger Vorstadt;StB 1 Neustadt;03 StB Neustadt ohne Leipziger Vorstadt;Neubau;1997;36;455
12 Radeberger Vorstadt;StB 1 Neustadt;03 StB Neustadt ohne Leipziger Vorstadt;Neubau;1998;16;142
12 Radeberger Vorstadt;StB 1 Neustadt;03 StB Neustadt ohne Leipziger Vorstadt;Neubau;1999;1;3
12 Radeberger Vorstadt;StB 1 Neustadt;03 StB Neustadt ohne Leipziger Vorstadt;Neubau;2000;10;43
12 Radeberger Vorstadt;StB 1 Neustadt;03 StB Neustadt ohne Leipziger Vorstadt;Neubau;2001;12;11
12 Radeberger Vorstadt;StB 1 Neustadt;03 StB Neustadt ohne Leipziger Vorstadt;Neubau;2002;6;26
12 Radeberger Vorstadt;StB 1 Neustadt;03 StB Neustadt ohne Leipziger Vorstadt;Neubau;2003;3;8
12 Radeberger Vorstadt;StB 1 Neustadt;03 StB Neustadt ohne Leipziger Vorstadt;Neubau;2004;6;18
12 Radeberger Vorstadt;StB 1 Neustadt;03 StB Neustadt ohne Leipziger Vorstadt;Neubau;2005;5;19
12 Radeberger Vorstadt;StB 1 Neustadt;03 StB Neustadt ohne Leipziger Vorstadt;Neubau;2006;15;18
12 Radeberger Vorstadt;StB 1 Neustadt;03 StB Neustadt ohne Leipziger Vorstadt;Neubau;2007;11;11
12 Radeberger Vorstadt;StB 1 Neustadt;03 StB Neustadt ohne Leipziger Vorstadt;Neubau;2008;12;14
12 Radeberger Vorstadt;StB 1 Neustadt;03 StB Neustadt ohne Leipziger Vorstadt;Neubau;2009;2;0
12 Radeberger Vorstadt;StB 1 Neustadt;03 StB Neustadt ohne Leipziger Vorstadt;Neubau;2010;4;15
12 Radeberger Vorstadt;StB 1 Neustadt;03 StB Neustadt ohne Leipziger Vorstadt;Neubau;2011;13;29
12 Radeberger Vorstadt;StB 1 Neustadt;03 StB Neustadt ohne Leipziger Vorstadt;Neubau;2012;13;21
12 Radeberger Vorstadt;StB 1 Neustadt;03 StB Neustadt ohne Leipziger Vorstadt;Neubau;2013;4;12
12 Radeberger Vorstadt;StB 1 Neustadt;03 StB Neustadt ohne Leipziger Vorstadt;Neubau;2014;1;1
12 Radeberger Vorstadt;StB 1 Neustadt;03 StB Neustadt ohne Leipziger Vorstadt;Neubau;2015;11;21
12 Radeberger Vorstadt;StB 1 Neustadt;03 StB Neustadt ohne Leipziger Vorstadt;Neubau;2016;14;68
12 Radeberger Vorstadt;StB 1 Neustadt;03 StB Neustadt ohne Leipziger Vorstadt;Neubau;2017;5;15
12 Radeberger Vorstadt;StB 1 Neustadt;03 StB Neustadt ohne Leipziger Vorstadt;Neubau;2018;6;37
12 Radeberger Vorstadt;StB 1 Neustadt;03 StB Neustadt ohne Leipziger Vorstadt;Neubau;2020;2;2
12 Radeberger Vorstadt;StB 1 Neustadt;03 StB Neustadt ohne Leipziger Vorstadt;Neubau;2021;2;20
12 Radeberger Vorstadt;StB 1 Neustadt;03 StB Neustadt ohne Leipziger Vorstadt;Neubau;2022;3;3
12 Radeberger Vorstadt;StB 1 Neustadt;03 StB Neustadt ohne Leipziger Vorstadt;Neubau;2023;4;32
12 Radeberger Vorstadt;StB 1 Neustadt;03 StB Neustadt ohne Leipziger Vorstadt;Neubau;unbekannt;16;51
12 Radeberger Vorstadt;StB 1 Neustadt;03 StB Neustadt ohne Leipziger Vorstadt;Umbau;1993;1;0
12 Radeberger Vorstadt;StB 1 Neustadt;03 StB Neustadt ohne Leipziger Vorstadt;Umbau;1994;6;27
12 Radeberger Vorstadt;StB 1 Neustadt;03 StB Neustadt ohne Leipziger Vorstadt;Umbau;1995;3;40
12 Radeberger Vorstadt;StB 1 Neustadt;03 StB Neustadt ohne Leipziger Vorstadt;Umbau;1996;10;52
12 Radeberger Vorstadt;StB 1 Neustadt;03 StB Neustadt ohne Leipziger Vorstadt;Umbau;1997;12;75
12 Radeberger Vorstadt;StB 1 Neustadt;03 StB Neustadt ohne Leipziger Vorstadt;Umbau;1998;12;73
12 Radeberger Vorstadt;StB 1 Neustadt;03 StB Neustadt ohne Leipziger Vorstadt;Umbau;1999;16;70
12 Radeberger Vorstadt;StB 1 Neustadt;03 StB Neustadt ohne Leipziger Vorstadt;Umbau;2000;12;70
12 Radeberger Vorstadt;StB 1 Neustadt;03 StB Neustadt ohne Leipziger Vorstadt;Umbau;2001;13;45
12 Radeberger Vorstadt;StB 1 Neustadt;03 StB Neustadt ohne Leipziger Vorstadt;Umbau;2002;9;49
12 Radeberger Vorstadt;StB 1 Neustadt;03 StB Neustadt ohne Leipziger Vorstadt;Umbau;2003;12;87
12 Radeberger Vorstadt;StB 1 Neustadt;03 StB Neustadt ohne Leipziger Vorstadt;Umbau;2004;5;5
12 Radeberger Vorstadt;StB 1 Neustadt;03 StB Neustadt ohne Leipziger Vorstadt;Umbau;2005;9;44
12 Radeberger Vorstadt;StB 1 Neustadt;03 StB Neustadt ohne Leipziger Vorstadt;Umbau;2006;4;6
12 Radeberger Vorstadt;StB 1 Neustadt;03 StB Neustadt ohne Leipziger Vorstadt;Umbau;2007;6;17
12 Radeberger Vorstadt;StB 1 Neustadt;03 StB Neustadt ohne Leipziger Vorstadt;Umbau;2008;7;19
12 Radeberger Vorstadt;StB 1 Neustadt;03 StB Neustadt ohne Leipziger Vorstadt;Umbau;2009;7;33
12 Radeberger Vorstadt;StB 1 Neustadt;03 StB Neustadt ohne Leipziger Vorstadt;Umbau;2010;2;10
12 Radeberger Vorstadt;StB 1 Neustadt;03 StB Neustadt ohne Leipziger Vorstadt;Umbau;2011;17;56
12 Radeberger Vorstadt;StB 1 Neustadt;03 StB Neustadt ohne Leipziger Vorstadt;Umbau;2012;5;13
12 Radeberger Vorstadt;StB 1 Neustadt;03 StB Neustadt ohne Leipziger Vorstadt;Umbau;2013;7;55
12 Radeberger Vorstadt;StB 1 Neustadt;03 StB Neustadt ohne Leipziger Vorstadt;Umbau;2014;5;9
12 Radeberger Vorstadt;StB 1 Neustadt;03 StB Neustadt ohne Leipziger Vorstadt;Umbau;2015;5;34
12 Radeberger Vorstadt;StB 1 Neustadt;03 StB Neustadt ohne Leipziger Vorstadt;Umbau;2016;15;95
12 Radeberger Vorstadt;StB 1 Neustadt;03 StB Neustadt ohne Leipziger Vorstadt;Umbau;2017;12;45
12 Radeberger Vorstadt;StB 1 Neustadt;03 StB Neustadt ohne Leipziger Vorstadt;Umbau;2018;5;57
12 Radeberger Vorstadt;StB 1 Neustadt;03 StB Neustadt ohne Leipziger Vorstadt;Umbau;2019;7;40
12 Radeberger Vorstadt;StB 1 Neustadt;03 StB Neustadt ohne Leipziger Vorstadt;Umbau;2020;4;10
12 Radeberger Vorstadt;StB 1 Neustadt;03 StB Neustadt ohne Leipziger Vorstadt;Umbau;2021;6;33
12 Radeberger Vorstadt;StB 1 Neustadt;03 StB Neustadt ohne Leipziger Vorstadt;Umbau;2022;8;64
12 Radeberger Vorstadt;StB 1 Neustadt;03 StB Neustadt ohne Leipziger Vorstadt;Umbau;2023;6;11
12 Radeberger Vorstadt;StB 1 Neustadt;03 StB Neustadt ohne Leipziger Vorstadt;Umbau;2024;3;11
12 Radeberger Vorstadt;StB 1 Neustadt;03 StB Neustadt ohne Leipziger Vorstadt;Umbau;2025;3;7
12 Radeberger Vorstadt;StB 1 Neustadt;03 StB Neustadt ohne Leipziger Vorstadt;Umbau;2026;1;0
12 Radeberger Vorstadt;StB 1 Neustadt;03 StB Neustadt ohne Leipziger Vorstadt;Umbau;unbekannt;21;170
13 Innere Neustadt;StB 1 Neustadt;03 StB Neustadt ohne Leipziger Vorstadt;Neubau;1994;4;14
13 Innere Neustadt;StB 1 Neustadt;03 StB Neustadt ohne Leipziger Vorstadt;Neubau;1995;2;6
13 Innere Neustadt;StB 1 Neustadt;03 StB Neustadt ohne Leipziger Vorstadt;Neubau;1996;10;53
13 Innere Neustadt;StB 1 Neustadt;03 StB Neustadt ohne Leipziger Vorstadt;Neubau;1997;14;95
13 Innere Neustadt;StB 1 Neustadt;03 StB Neustadt ohne Leipziger Vorstadt;Neubau;1998;8;58
13 Innere Neustadt;StB 1 Neustadt;03 StB Neustadt ohne Leipziger Vorstadt;Neubau;1999;3;4
13 Innere Neustadt;StB 1 Neustadt;03 StB Neustadt ohne Leipziger Vorstadt;Neubau;2000;1;0
13 Innere Neustadt;StB 1 Neustadt;03 StB Neustadt ohne Leipziger Vorstadt;Neubau;2001;9;17
13 Innere Neustadt;StB 1 Neustadt;03 StB Neustadt ohne Leipziger Vorstadt;Neubau;2002;1;0
13 Innere Neustadt;StB 1 Neustadt;03 StB Neustadt ohne Leipziger Vorstadt;Neubau;2004;2;0
13 Innere Neustadt;StB 1 Neustadt;03 StB Neustadt ohne Leipziger Vorstadt;Neubau;2009;5;5
13 Innere Neustadt;StB 1 Neustadt;03 StB Neustadt ohne Leipziger Vorstadt;Neubau;2010;3;0
13 Innere Neustadt;StB 1 Neustadt;03 StB Neustadt ohne Leipziger Vorstadt;Neubau;2011;4;43
13 Innere Neustadt;StB 1 Neustadt;03 StB Neustadt ohne Leipziger Vorstadt;Neubau;2012;10;77
13 Innere Neustadt;StB 1 Neustadt;03 StB Neustadt ohne Leipziger Vorstadt;Neubau;2014;3;171
13 Innere Neustadt;StB 1 Neustadt;03 StB Neustadt ohne Leipziger Vorstadt;Neubau;2015;4;34
13 Innere Neustadt;StB 1 Neustadt;03 StB Neustadt ohne Leipziger Vorstadt;Neubau;2016;2;199
13 Innere Neustadt;StB 1 Neustadt;03 StB Neustadt ohne Leipziger Vorstadt;Neubau;2018;4;22
13 Innere Neustadt;StB 1 Neustadt;03 StB Neustadt ohne Leipziger Vorstadt;Neubau;2019;1;0
13 Innere Neustadt;StB 1 Neustadt;03 StB Neustadt ohne Leipziger Vorstadt;Neubau;2020;6;33
13 Innere Neustadt;StB 1 Neustadt;03 StB Neustadt ohne Leipziger Vorstadt;Neubau;2022;11;203
13 Innere Neustadt;StB 1 Neustadt;03 StB Neustadt ohne Leipziger Vorstadt;Neubau;2024;7;72
13 Innere Neustadt;StB 1 Neustadt;03 StB Neustadt ohne Leipziger Vorstadt;Neubau;unbekannt;6;10
13 Innere Neustadt;StB 1 Neustadt;03 StB Neustadt ohne Leipziger Vorstadt;Umbau;1992;1;0
13 Innere Neustadt;StB 1 Neustadt;03 StB Neustadt ohne Leipziger Vorstadt;Umbau;1993;4;4
13 Innere Neustadt;StB 1 Neustadt;03 StB Neustadt ohne Leipziger Vorstadt;Umbau;1994;10;56
13 Innere Neustadt;StB 1 Neustadt;03 StB Neustadt ohne Leipziger Vorstadt;Umbau;1995;8;33
13 Innere Neustadt;StB 1 Neustadt;03 StB Neustadt ohne Leipziger Vorstadt;Umbau;1996;6;15
13 Innere Neustadt;StB 1 Neustadt;03 StB Neustadt ohne Leipziger Vorstadt;Umbau;1997;8;30
13 Innere Neustadt;StB 1 Neustadt;03 StB Neustadt ohne Leipziger Vorstadt;Umbau;1998;21;179
13 Innere Neustadt;StB 1 Neustadt;03 StB Neustadt ohne Leipziger Vorstadt;Umbau;1999;18;95
13 Innere Neustadt;StB 1 Neustadt;03 StB Neustadt ohne Leipziger Vorstadt;Umbau;2000;13;66
13 Innere Neustadt;StB 1 Neustadt;03 StB Neustadt ohne Leipziger Vorstadt;Umbau;2001;11;11
13 Innere Neustadt;StB 1 Neustadt;03 StB Neustadt ohne Leipziger Vorstadt;Umbau;2002;9;69
13 Innere Neustadt;StB 1 Neustadt;03 StB Neustadt ohne Leipziger Vorstadt;Umbau;2003;20;222
13 Innere Neustadt;StB 1 Neustadt;03 StB Neustadt ohne Leipziger Vorstadt;Umbau;2004;14;88
13 Innere Neustadt;StB 1 Neustadt;03 StB Neustadt ohne Leipziger Vorstadt;Umbau;2005;16;122
13 Innere Neustadt;StB 1 Neustadt;03 StB Neustadt ohne Leipziger Vorstadt;Umbau;2006;22;230
13 Innere Neustadt;StB 1 Neustadt;03 StB Neustadt ohne Leipziger Vorstadt;Umbau;2007;17;507
13 Innere Neustadt;StB 1 Neustadt;03 StB Neustadt ohne Leipziger Vorstadt;Umbau;2008;7;34
13 Innere Neustadt;StB 1 Neustadt;03 StB Neustadt ohne Leipziger Vorstadt;Umbau;2009;14;48
13 Innere Neustadt;StB 1 Neustadt;03 StB Neustadt ohne Leipziger Vorstadt;Umbau;2010;2;23
13 Innere Neustadt;StB 1 Neustadt;03 StB Neustadt ohne Leipziger Vorstadt;Umbau;2011;13;109
13 Innere Neustadt;StB 1 Neustadt;03 StB Neustadt ohne Leipziger Vorstadt;Umbau;2012;5;35
13 Innere Neustadt;StB 1 Neustadt;03 StB Neustadt ohne Leipziger Vorstadt;Umbau;2013;5;31
13 Innere Neustadt;StB 1 Neustadt;03 StB Neustadt ohne Leipziger Vorstadt;Umbau;2014;6;22
13 Innere Neustadt;StB 1 Neustadt;03 StB Neustadt ohne Leipziger Vorstadt;Umbau;2015;7;37
13 Innere Neustadt;StB 1 Neustadt;03 StB Neustadt ohne Leipziger Vorstadt;Umbau;2016;7;46
13 Innere Neustadt;StB 1 Neustadt;03 StB Neustadt ohne Leipziger Vorstadt;Umbau;2017;23;173
13 Innere Neustadt;StB 1 Neustadt;03 StB Neustadt ohne Leipziger Vorstadt;Umbau;2018;5;37
13 Innere Neustadt;StB 1 Neustadt;03 StB Neustadt ohne Leipziger Vorstadt;Umbau;2019;4;18
13 Innere Neustadt;StB 1 Neustadt;03 StB Neustadt ohne Leipziger Vorstadt;Umbau;2020;6;13
13 Innere Neustadt;StB 1 Neustadt;03 StB Neustadt ohne Leipziger Vorstadt;Umbau;2021;10;82
13 Innere Neustadt;StB 1 Neustadt;03 StB Neustadt ohne Leipziger Vorstadt;Umbau;2022;3;7
13 Innere Neustadt;StB 1 Neustadt;03 StB Neustadt ohne Leipziger Vorstadt;Umbau;2023;6;17
13 Innere Neustadt;StB 1 Neustadt;03 StB Neustadt ohne Leipziger Vorstadt;Umbau;2024;2;16
13 Innere Neustadt;StB 1 Neustadt;03 StB Neustadt ohne Leipziger Vorstadt;Umbau;2025;1;7
13 Innere Neustadt;StB 1 Neustadt;03 StB Neustadt ohne Leipziger Vorstadt;Umbau;unbekannt;18;130
14 Leipziger Vorstadt;StB 1 Neustadt;04 Leipziger Vorstadt, Pieschen;Neubau;1992;3;0
14 Leipziger Vorstadt;StB 1 Neustadt;04 Leipziger Vorstadt, Pieschen;Neubau;1993;1;0
14 Leipziger Vorstadt;StB 1 Neustadt;04 Leipziger Vorstadt, Pieschen;Neubau;1994;1;0
14 Leipziger Vorstadt;StB 1 Neustadt;04 Leipziger Vorstadt, Pieschen;Neubau;1995;3;8
14 Leipziger Vorstadt;StB 1 Neustadt;04 Leipziger Vorstadt, Pieschen;Neubau;1996;3;11
14 Leipziger Vorstadt;StB 1 Neustadt;04 Leipziger Vorstadt, Pieschen;Neubau;1997;9;70
14 Leipziger Vorstadt;StB 1 Neustadt;04 Leipziger Vorstadt, Pieschen;Neubau;1998;13;227
14 Leipziger Vorstadt;StB 1 Neustadt;04 Leipziger Vorstadt, Pieschen;Neubau;1999;8;114
14 Leipziger Vorstadt;StB 1 Neustadt;04 Leipziger Vorstadt, Pieschen;Neubau;2000;2;0
14 Leipziger Vorstadt;StB 1 Neustadt;04 Leipziger Vorstadt, Pieschen;Neubau;2002;5;15
14 Leipziger Vorstadt;StB 1 Neustadt;04 Leipziger Vorstadt, Pieschen;Neubau;2004;2;0
14 Leipziger Vorstadt;StB 1 Neustadt;04 Leipziger Vorstadt, Pieschen;Neubau;2005;5;5
14 Leipziger Vorstadt;StB 1 Neustadt;04 Leipziger Vorstadt, Pieschen;Neubau;2006;1;0
14 Leipziger Vorstadt;StB 1 Neustadt;04 Leipziger Vorstadt, Pieschen;Neubau;2007;2;0
14 Leipziger Vorstadt;StB 1 Neustadt;04 Leipziger Vorstadt, Pieschen;Neubau;2008;6;6
14 Leipziger Vorstadt;StB 1 Neustadt;04 Leipziger Vorstadt, Pieschen;Neubau;2009;10;15
14 Leipziger Vorstadt;StB 1 Neustadt;04 Leipziger Vorstadt, Pieschen;Neubau;2010;4;18
14 Leipziger Vorstadt;StB 1 Neustadt;04 Leipziger Vorstadt, Pieschen;Neubau;2011;9;54
14 Leipziger Vorstadt;StB 1 Neustadt;04 Leipziger Vorstadt, Pieschen;Neubau;2012;3;6
14 Leipziger Vorstadt;StB 1 Neustadt;04 Leipziger Vorstadt, Pieschen;Neubau;2013;3;6
14 Leipziger Vorstadt;StB 1 Neustadt;04 Leipziger Vorstadt, Pieschen;Neubau;2014;2;10
14 Leipziger Vorstadt;StB 1 Neustadt;04 Leipziger Vorstadt, Pieschen;Neubau;2015;3;14
14 Leipziger Vorstadt;StB 1 Neustadt;04 Leipziger Vorstadt, Pieschen;Neubau;2016;5;23
14 Leipziger Vorstadt;StB 1 Neustadt;04 Leipziger Vorstadt, Pieschen;Neubau;2017;3;8
14 Leipziger Vorstadt;StB 1 Neustadt;04 Leipziger Vorstadt, Pieschen;Neubau;2018;10;44
14 Leipziger Vorstadt;StB 1 Neustadt;04 Leipziger Vorstadt, Pieschen;Neubau;2019;6;46
14 Leipziger Vorstadt;StB 1 Neustadt;04 Leipziger Vorstadt, Pieschen;Neubau;2020;22;236
14 Leipziger Vorstadt;StB 1 Neustadt;04 Leipziger Vorstadt, Pieschen;Neubau;2021;11;156
14 Leipziger Vorstadt;StB 1 Neustadt;04 Leipziger Vorstadt, Pieschen;Neubau;2022;9;120
14 Leipziger Vorstadt;StB 1 Neustadt;04 Leipziger Vorstadt, Pieschen;Neubau;2023;8;84
14 Leipziger Vorstadt;StB 1 Neustadt;04 Leipziger Vorstadt, Pieschen;Neubau;2024;15;290
14 Leipziger Vorstadt;StB 1 Neustadt;04 Leipziger Vorstadt, Pieschen;Neubau;2025;4;62
14 Leipziger Vorstadt;StB 1 Neustadt;04 Leipziger Vorstadt, Pieschen;Neubau;unbekannt;11;243
14 Leipziger Vorstadt;StB 1 Neustadt;04 Leipziger Vorstadt, Pieschen;Umbau;1993;1;0
14 Leipziger Vorstadt;StB 1 Neustadt;04 Leipziger Vorstadt, Pieschen;Umbau;1994;3;26
14 Leipziger Vorstadt;StB 1 Neustadt;04 Leipziger Vorstadt, Pieschen;Umbau;1995;5;30
14 Leipziger Vorstadt;StB 1 Neustadt;04 Leipziger Vorstadt, Pieschen;Umbau;1996;6;62
14 Leipziger Vorstadt;StB 1 Neustadt;04 Leipziger Vorstadt, Pieschen;Umbau;1997;19;216
14 Leipziger Vorstadt;StB 1 Neustadt;04 Leipziger Vorstadt, Pieschen;Umbau;1998;24;278
14 Leipziger Vorstadt;StB 1 Neustadt;04 Leipziger Vorstadt, Pieschen;Umbau;1999;16;190
14 Leipziger Vorstadt;StB 1 Neustadt;04 Leipziger Vorstadt, Pieschen;Umbau;2000;20;184
14 Leipziger Vorstadt;StB 1 Neustadt;04 Leipziger Vorstadt, Pieschen;Umbau;2001;23;259
14 Leipziger Vorstadt;StB 1 Neustadt;04 Leipziger Vorstadt, Pieschen;Umbau;2002;8;58
14 Leipziger Vorstadt;StB 1 Neustadt;04 Leipziger Vorstadt, Pieschen;Umbau;2003;10;77
14 Leipziger Vorstadt;StB 1 Neustadt;04 Leipziger Vorstadt, Pieschen;Umbau;2004;5;57
14 Leipziger Vorstadt;StB 1 Neustadt;04 Leipziger Vorstadt, Pieschen;Umbau;2005;9;48
14 Leipziger Vorstadt;StB 1 Neustadt;04 Leipziger Vorstadt, Pieschen;Umbau;2006;23;210
14 Leipziger Vorstadt;StB 1 Neustadt;04 Leipziger Vorstadt, Pieschen;Umbau;2007;16;90
14 Leipziger Vorstadt;StB 1 Neustadt;04 Leipziger Vorstadt, Pieschen;Umbau;2008;8;68
14 Leipziger Vorstadt;StB 1 Neustadt;04 Leipziger Vorstadt, Pieschen;Umbau;2009;18;148
14 Leipziger Vorstadt;StB 1 Neustadt;04 Leipziger Vorstadt, Pieschen;Umbau;2010;19;146
14 Leipziger Vorstadt;StB 1 Neustadt;04 Leipziger Vorstadt, Pieschen;Umbau;2011;13;111
14 Leipziger Vorstadt;StB 1 Neustadt;04 Leipziger Vorstadt, Pieschen;Umbau;2012;20;165
14 Leipziger Vorstadt;StB 1 Neustadt;04 Leipziger Vorstadt, Pieschen;Umbau;2013;10;91
14 Leipziger Vorstadt;StB 1 Neustadt;04 Leipziger Vorstadt, Pieschen;Umbau;2014;1;8
14 Leipziger Vorstadt;StB 1 Neustadt;04 Leipziger Vorstadt, Pieschen;Umbau;2015;14;82
14 Leipziger Vorstadt;StB 1 Neustadt;04 Leipziger Vorstadt, Pieschen;Umbau;2016;15;146
14 Leipziger Vorstadt;StB 1 Neustadt;04 Leipziger Vorstadt, Pieschen;Umbau;2017;11;104
14 Leipziger Vorstadt;StB 1 Neustadt;04 Leipziger Vorstadt, Pieschen;Umbau;2018;2;24
14 Leipziger Vorstadt;StB 1 Neustadt;04 Leipziger Vorstadt, Pieschen;Umbau;2019;2;18
14 Leipziger Vorstadt;StB 1 Neustadt;04 Leipziger Vorstadt, Pieschen;Umbau;2020;9;91
14 Leipziger Vorstadt;StB 1 Neustadt;04 Leipziger Vorstadt, Pieschen;Umbau;2021;7;37
14 Leipziger Vorstadt;StB 1 Neustadt;04 Leipziger Vorstadt, Pieschen;Umbau;2022;4;37
14 Leipziger Vorstadt;StB 1 Neustadt;04 Leipziger Vorstadt, Pieschen;Umbau;2023;5;17
14 Leipziger Vorstadt;StB 1 Neustadt;04 Leipziger Vorstadt, Pieschen;Umbau;2024;10;65
14 Leipziger Vorstadt;StB 1 Neustadt;04 Leipziger Vorstadt, Pieschen;Umbau;2025;6;64
14 Leipziger Vorstadt;StB 1 Neustadt;04 Leipziger Vorstadt, Pieschen;Umbau;2026;1;5
14 Leipziger Vorstadt;StB 1 Neustadt;04 Leipziger Vorstadt, Pieschen;Umbau;unbekannt;15;115
15 Albertstadt;StB 1 Neustadt;03 StB Neustadt ohne Leipziger Vorstadt;Neubau;1992;3;0
15 Albertstadt;StB 1 Neustadt;03 StB Neustadt ohne Leipziger Vorstadt;Neubau;1993;1;0
15 Albertstadt;StB 1 Neustadt;03 StB Neustadt ohne Leipziger Vorstadt;Neubau;1994;1;0
15 Albertstadt;StB 1 Neustadt;03 StB Neustadt ohne Leipziger Vorstadt;Neubau;1995;1;0
15 Albertstadt;StB 1 Neustadt;03 StB Neustadt ohne Leipziger Vorstadt;Neubau;1996;2;0
15 Albertstadt;StB 1 Neustadt;03 StB Neustadt ohne Leipziger Vorstadt;Neubau;1997;6;0
15 Albertstadt;StB 1 Neustadt;03 StB Neustadt ohne Leipziger Vorstadt;Neubau;1998;3;9
15 Albertstadt;StB 1 Neustadt;03 StB Neustadt ohne Leipziger Vorstadt;Neubau;1999;15;339
15 Albertstadt;StB 1 Neustadt;03 StB Neustadt ohne Leipziger Vorstadt;Neubau;2000;4;0
15 Albertstadt;StB 1 Neustadt;03 StB Neustadt ohne Leipziger Vorstadt;Neubau;2001;5;0
15 Albertstadt;StB 1 Neustadt;03 StB Neustadt ohne Leipziger Vorstadt;Neubau;2002;2;0
15 Albertstadt;StB 1 Neustadt;03 StB Neustadt ohne Leipziger Vorstadt;Neubau;2003;2;1
15 Albertstadt;StB 1 Neustadt;03 StB Neustadt ohne Leipziger Vorstadt;Neubau;2005;2;0
15 Albertstadt;StB 1 Neustadt;03 StB Neustadt ohne Leipziger Vorstadt;Neubau;2006;3;0
15 Albertstadt;StB 1 Neustadt;03 StB Neustadt ohne Leipziger Vorstadt;Neubau;2007;3;72
15 Albertstadt;StB 1 Neustadt;03 StB Neustadt ohne Leipziger Vorstadt;Neubau;2009;29;44
15 Albertstadt;StB 1 Neustadt;03 StB Neustadt ohne Leipziger Vorstadt;Neubau;2010;2;2
15 Albertstadt;StB 1 Neustadt;03 StB Neustadt ohne Leipziger Vorstadt;Neubau;2011;28;58
15 Albertstadt;StB 1 Neustadt;03 StB Neustadt ohne Leipziger Vorstadt;Neubau;2012;4;21
15 Albertstadt;StB 1 Neustadt;03 StB Neustadt ohne Leipziger Vorstadt;Neubau;2013;3;0
15 Albertstadt;StB 1 Neustadt;03 StB Neustadt ohne Leipziger Vorstadt;Neubau;2014;21;19
15 Albertstadt;StB 1 Neustadt;03 StB Neustadt ohne Leipziger Vorstadt;Neubau;2015;8;7
15 Albertstadt;StB 1 Neustadt;03 StB Neustadt ohne Leipziger Vorstadt;Neubau;2016;51;84
15 Albertstadt;StB 1 Neustadt;03 StB Neustadt ohne Leipziger Vorstadt;Neubau;2017;19;21
15 Albertstadt;StB 1 Neustadt;03 StB Neustadt ohne Leipziger Vorstadt;Neubau;2018;6;0
15 Albertstadt;StB 1 Neustadt;03 StB Neustadt ohne Leipziger Vorstadt;Neubau;2019;5;61
15 Albertstadt;StB 1 Neustadt;03 StB Neustadt ohne Leipziger Vorstadt;Neubau;2020;5;0
15 Albertstadt;StB 1 Neustadt;03 StB Neustadt ohne Leipziger Vorstadt;Neubau;2021;4;45
15 Albertstadt;StB 1 Neustadt;03 StB Neustadt ohne Leipziger Vorstadt;Neubau;2022;8;55
15 Albertstadt;StB 1 Neustadt;03 StB Neustadt ohne Leipziger Vorstadt;Neubau;2023;28;290
15 Albertstadt;StB 1 Neustadt;03 StB Neustadt ohne Leipziger Vorstadt;Neubau;2024;2;0
15 Albertstadt;StB 1 Neustadt;03 StB Neustadt ohne Leipziger Vorstadt;Neubau;2025;1;0
15 Albertstadt;StB 1 Neustadt;03 StB Neustadt ohne Leipziger Vorstadt;Neubau;unbekannt;20;207
15 Albertstadt;StB 1 Neustadt;03 StB Neustadt ohne Leipziger Vorstadt;Umbau;1992;1;2
15 Albertstadt;StB 1 Neustadt;03 StB Neustadt ohne Leipziger Vorstadt;Umbau;1993;1;0
15 Albertstadt;StB 1 Neustadt;03 StB Neustadt ohne Leipziger Vorstadt;Umbau;1994;1;0
15 Albertstadt;StB 1 Neustadt;03 StB Neustadt ohne Leipziger Vorstadt;Umbau;1995;1;142
15 Albertstadt;StB 1 Neustadt;03 StB Neustadt ohne Leipziger Vorstadt;Umbau;1996;9;115
15 Albertstadt;StB 1 Neustadt;03 StB Neustadt ohne Leipziger Vorstadt;Umbau;1997;2;10
15 Albertstadt;StB 1 Neustadt;03 StB Neustadt ohne Leipziger Vorstadt;Umbau;1999;6;32
15 Albertstadt;StB 1 Neustadt;03 StB Neustadt ohne Leipziger Vorstadt;Umbau;2000;4;0
15 Albertstadt;StB 1 Neustadt;03 StB Neustadt ohne Leipziger Vorstadt;Umbau;2001;3;20
15 Albertstadt;StB 1 Neustadt;03 StB Neustadt ohne Leipziger Vorstadt;Umbau;2002;2;6
15 Albertstadt;StB 1 Neustadt;03 StB Neustadt ohne Leipziger Vorstadt;Umbau;2003;6;36
15 Albertstadt;StB 1 Neustadt;03 StB Neustadt ohne Leipziger Vorstadt;Umbau;2005;4;0
15 Albertstadt;StB 1 Neustadt;03 StB Neustadt ohne Leipziger Vorstadt;Umbau;2006;7;0
15 Albertstadt;StB 1 Neustadt;03 StB Neustadt ohne Leipziger Vorstadt;Umbau;2008;5;3
15 Albertstadt;StB 1 Neustadt;03 StB Neustadt ohne Leipziger Vorstadt;Umbau;2009;5;33
15 Albertstadt;StB 1 Neustadt;03 StB Neustadt ohne Leipziger Vorstadt;Umbau;2010;3;0
15 Albertstadt;StB 1 Neustadt;03 StB Neustadt ohne Leipziger Vorstadt;Umbau;2011;13;233
15 Albertstadt;StB 1 Neustadt;03 StB Neustadt ohne Leipziger Vorstadt;Umbau;2012;7;7
15 Albertstadt;StB 1 Neustadt;03 StB Neustadt ohne Leipziger Vorstadt;Umbau;2013;2;20
15 Albertstadt;StB 1 Neustadt;03 StB Neustadt ohne Leipziger Vorstadt;Umbau;2014;1;0
15 Albertstadt;StB 1 Neustadt;03 StB Neustadt ohne Leipziger Vorstadt;Umbau;2015;3;11
15 Albertstadt;StB 1 Neustadt;03 StB Neustadt ohne Leipziger Vorstadt;Umbau;2016;1;0
15 Albertstadt;StB 1 Neustadt;03 StB Neustadt ohne Leipziger Vorstadt;Umbau;2017;1;0
15 Albertstadt;StB 1 Neustadt;03 StB Neustadt ohne Leipziger Vorstadt;Umbau;2018;2;0
15 Albertstadt;StB 1 Neustadt;03 StB Neustadt ohne Leipziger Vorstadt;Umbau;2019;4;30
15 Albertstadt;StB 1 Neustadt;03 StB Neustadt ohne Leipziger Vorstadt;Umbau;2020;2;48
15 Albertstadt;StB 1 Neustadt;03 StB Neustadt ohne Leipziger Vorstadt;Umbau;2021;2;0
15 Albertstadt;StB 1 Neustadt;03 StB Neustadt ohne Leipziger Vorstadt;Umbau;2023;5;3
15 Albertstadt;StB 1 Neustadt;03 StB Neustadt ohne Leipziger Vorstadt;Umbau;2024;14;24
15 Albertstadt;StB 1 Neustadt;03 StB Neustadt ohne Leipziger Vorstadt;Umbau;2025;2;60
15 Albertstadt;StB 1 Neustadt;03 StB Neustadt ohne Leipziger Vorstadt;Umbau;unbekannt;6;6
21 Pieschen-Süd;StB 2 Pieschen;04 Leipziger Vorstadt, Pieschen;Neubau;1994;7;46
21 Pieschen-Süd;StB 2 Pieschen;04 Leipziger Vorstadt, Pieschen;Neubau;1995;12;101
21 Pieschen-Süd;StB 2 Pieschen;04 Leipziger Vorstadt, Pieschen;Neubau;1996;11;117
21 Pieschen-Süd;StB 2 Pieschen;04 Leipziger Vorstadt, Pieschen;Neubau;1997;24;377
21 Pieschen-Süd;StB 2 Pieschen;04 Leipziger Vorstadt, Pieschen;Neubau;1998;12;56
21 Pieschen-Süd;StB 2 Pieschen;04 Leipziger Vorstadt, Pieschen;Neubau;1999;9;50
21 Pieschen-Süd;StB 2 Pieschen;04 Leipziger Vorstadt, Pieschen;Neubau;2000;3;45
21 Pieschen-Süd;StB 2 Pieschen;04 Leipziger Vorstadt, Pieschen;Neubau;2001;2;6
21 Pieschen-Süd;StB 2 Pieschen;04 Leipziger Vorstadt, Pieschen;Neubau;2002;8;10
21 Pieschen-Süd;StB 2 Pieschen;04 Leipziger Vorstadt, Pieschen;Neubau;2004;5;1
21 Pieschen-Süd;StB 2 Pieschen;04 Leipziger Vorstadt, Pieschen;Neubau;2005;5;5
21 Pieschen-Süd;StB 2 Pieschen;04 Leipziger Vorstadt, Pieschen;Neubau;2006;2;1
21 Pieschen-Süd;StB 2 Pieschen;04 Leipziger Vorstadt, Pieschen;Neubau;2009;2;3
21 Pieschen-Süd;StB 2 Pieschen;04 Leipziger Vorstadt, Pieschen;Neubau;2010;2;2
21 Pieschen-Süd;StB 2 Pieschen;04 Leipziger Vorstadt, Pieschen;Neubau;2012;2;4
21 Pieschen-Süd;StB 2 Pieschen;04 Leipziger Vorstadt, Pieschen;Neubau;2013;4;10
21 Pieschen-Süd;StB 2 Pieschen;04 Leipziger Vorstadt, Pieschen;Neubau;2014;11;9
21 Pieschen-Süd;StB 2 Pieschen;04 Leipziger Vorstadt, Pieschen;Neubau;2015;3;20
21 Pieschen-Süd;StB 2 Pieschen;04 Leipziger Vorstadt, Pieschen;Neubau;2016;6;14
21 Pieschen-Süd;StB 2 Pieschen;04 Leipziger Vorstadt, Pieschen;Neubau;2017;12;153
21 Pieschen-Süd;StB 2 Pieschen;04 Leipziger Vorstadt, Pieschen;Neubau;2018;3;8
21 Pieschen-Süd;StB 2 Pieschen;04 Leipziger Vorstadt, Pieschen;Neubau;2019;5;16
21 Pieschen-Süd;StB 2 Pieschen;04 Leipziger Vorstadt, Pieschen;Neubau;2020;1;6
21 Pieschen-Süd;StB 2 Pieschen;04 Leipziger Vorstadt, Pieschen;Neubau;2021;12;66
21 Pieschen-Süd;StB 2 Pieschen;04 Leipziger Vorstadt, Pieschen;Neubau;2022;2;29
21 Pieschen-Süd;StB 2 Pieschen;04 Leipziger Vorstadt, Pieschen;Neubau;2023;4;14
21 Pieschen-Süd;StB 2 Pieschen;04 Leipziger Vorstadt, Pieschen;Neubau;2025;6;59
21 Pieschen-Süd;StB 2 Pieschen;04 Leipziger Vorstadt, Pieschen;Neubau;unbekannt;14;89
21 Pieschen-Süd;StB 2 Pieschen;04 Leipziger Vorstadt, Pieschen;Umbau;1992;2;0
21 Pieschen-Süd;StB 2 Pieschen;04 Leipziger Vorstadt, Pieschen;Umbau;1993;4;35
21 Pieschen-Süd;StB 2 Pieschen;04 Leipziger Vorstadt, Pieschen;Umbau;1994;9;39
21 Pieschen-Süd;StB 2 Pieschen;04 Leipziger Vorstadt, Pieschen;Umbau;1995;16;127
21 Pieschen-Süd;StB 2 Pieschen;04 Leipziger Vorstadt, Pieschen;Umbau;1996;19;165
21 Pieschen-Süd;StB 2 Pieschen;04 Leipziger Vorstadt, Pieschen;Umbau;1997;37;387
21 Pieschen-Süd;StB 2 Pieschen;04 Leipziger Vorstadt, Pieschen;Umbau;1998;35;351
21 Pieschen-Süd;StB 2 Pieschen;04 Leipziger Vorstadt, Pieschen;Umbau;1999;22;188
21 Pieschen-Süd;StB 2 Pieschen;04 Leipziger Vorstadt, Pieschen;Umbau;2000;15;102
21 Pieschen-Süd;StB 2 Pieschen;04 Leipziger Vorstadt, Pieschen;Umbau;2001;15;129
21 Pieschen-Süd;StB 2 Pieschen;04 Leipziger Vorstadt, Pieschen;Umbau;2002;13;104
21 Pieschen-Süd;StB 2 Pieschen;04 Leipziger Vorstadt, Pieschen;Umbau;2003;6;39
21 Pieschen-Süd;StB 2 Pieschen;04 Leipziger Vorstadt, Pieschen;Umbau;2004;8;55
21 Pieschen-Süd;StB 2 Pieschen;04 Leipziger Vorstadt, Pieschen;Umbau;2005;28;197
21 Pieschen-Süd;StB 2 Pieschen;04 Leipziger Vorstadt, Pieschen;Umbau;2006;7;53
21 Pieschen-Süd;StB 2 Pieschen;04 Leipziger Vorstadt, Pieschen;Umbau;2007;22;120
21 Pieschen-Süd;StB 2 Pieschen;04 Leipziger Vorstadt, Pieschen;Umbau;2008;7;55
21 Pieschen-Süd;StB 2 Pieschen;04 Leipziger Vorstadt, Pieschen;Umbau;2009;16;139
21 Pieschen-Süd;StB 2 Pieschen;04 Leipziger Vorstadt, Pieschen;Umbau;2010;13;74
21 Pieschen-Süd;StB 2 Pieschen;04 Leipziger Vorstadt, Pieschen;Umbau;2011;4;21
21 Pieschen-Süd;StB 2 Pieschen;04 Leipziger Vorstadt, Pieschen;Umbau;2012;8;61
21 Pieschen-Süd;StB 2 Pieschen;04 Leipziger Vorstadt, Pieschen;Umbau;2013;9;64
21 Pieschen-Süd;StB 2 Pieschen;04 Leipziger Vorstadt, Pieschen;Umbau;2014;12;99
21 Pieschen-Süd;StB 2 Pieschen;04 Leipziger Vorstadt, Pieschen;Umbau;2015;8;43
21 Pieschen-Süd;StB 2 Pieschen;04 Leipziger Vorstadt, Pieschen;Umbau;2016;9;55
21 Pieschen-Süd;StB 2 Pieschen;04 Leipziger Vorstadt, Pieschen;Umbau;2017;13;87
21 Pieschen-Süd;StB 2 Pieschen;04 Leipziger Vorstadt, Pieschen;Umbau;2018;7;46
21 Pieschen-Süd;StB 2 Pieschen;04 Leipziger Vorstadt, Pieschen;Umbau;2019;2;20
21 Pieschen-Süd;StB 2 Pieschen;04 Leipziger Vorstadt, Pieschen;Umbau;2020;8;55
21 Pieschen-Süd;StB 2 Pieschen;04 Leipziger Vorstadt, Pieschen;Umbau;2021;1;1
21 Pieschen-Süd;StB 2 Pieschen;04 Leipziger Vorstadt, Pieschen;Umbau;2022;1;0
21 Pieschen-Süd;StB 2 Pieschen;04 Leipziger Vorstadt, Pieschen;Umbau;2023;4;78
21 Pieschen-Süd;StB 2 Pieschen;04 Leipziger Vorstadt, Pieschen;Umbau;2024;4;40
21 Pieschen-Süd;StB 2 Pieschen;04 Leipziger Vorstadt, Pieschen;Umbau;2025;3;21
21 Pieschen-Süd;StB 2 Pieschen;04 Leipziger Vorstadt, Pieschen;Umbau;unbekannt;21;116
22 Mickten;StB 2 Pieschen;05 Mickten, Kaditz, Trachau;Neubau;1993;8;65
22 Mickten;StB 2 Pieschen;05 Mickten, Kaditz, Trachau;Neubau;1994;10;133
22 Mickten;StB 2 Pieschen;05 Mickten, Kaditz, Trachau;Neubau;1995;33;421
22 Mickten;StB 2 Pieschen;05 Mickten, Kaditz, Trachau;Neubau;1996;20;106
22 Mickten;StB 2 Pieschen;05 Mickten, Kaditz, Trachau;Neubau;1997;53;487
22 Mickten;StB 2 Pieschen;05 Mickten, Kaditz, Trachau;Neubau;1998;37;327
22 Mickten;StB 2 Pieschen;05 Mickten, Kaditz, Trachau;Neubau;1999;22;141
22 Mickten;StB 2 Pieschen;05 Mickten, Kaditz, Trachau;Neubau;2000;9;61
22 Mickten;StB 2 Pieschen;05 Mickten, Kaditz, Trachau;Neubau;2001;10;14
22 Mickten;StB 2 Pieschen;05 Mickten, Kaditz, Trachau;Neubau;2002;4;0
22 Mickten;StB 2 Pieschen;05 Mickten, Kaditz, Trachau;Neubau;2003;1;0
22 Mickten;StB 2 Pieschen;05 Mickten, Kaditz, Trachau;Neubau;2004;2;1
22 Mickten;StB 2 Pieschen;05 Mickten, Kaditz, Trachau;Neubau;2005;12;10
22 Mickten;StB 2 Pieschen;05 Mickten, Kaditz, Trachau;Neubau;2006;5;5
22 Mickten;StB 2 Pieschen;05 Mickten, Kaditz, Trachau;Neubau;2007;7;5
22 Mickten;StB 2 Pieschen;05 Mickten, Kaditz, Trachau;Neubau;2008;7;6
22 Mickten;StB 2 Pieschen;05 Mickten, Kaditz, Trachau;Neubau;2009;12;10
22 Mickten;StB 2 Pieschen;05 Mickten, Kaditz, Trachau;Neubau;2010;11;7
22 Mickten;StB 2 Pieschen;05 Mickten, Kaditz, Trachau;Neubau;2011;9;6
22 Mickten;StB 2 Pieschen;05 Mickten, Kaditz, Trachau;Neubau;2012;7;3
22 Mickten;StB 2 Pieschen;05 Mickten, Kaditz, Trachau;Neubau;2013;2;0
22 Mickten;StB 2 Pieschen;05 Mickten, Kaditz, Trachau;Neubau;2014;12;8
22 Mickten;StB 2 Pieschen;05 Mickten, Kaditz, Trachau;Neubau;2015;5;14
22 Mickten;StB 2 Pieschen;05 Mickten, Kaditz, Trachau;Neubau;2016;8;5
22 Mickten;StB 2 Pieschen;05 Mickten, Kaditz, Trachau;Neubau;2017;7;37
22 Mickten;StB 2 Pieschen;05 Mickten, Kaditz, Trachau;Neubau;2018;14;108
22 Mickten;StB 2 Pieschen;05 Mickten, Kaditz, Trachau;Neubau;2019;18;96
22 Mickten;StB 2 Pieschen;05 Mickten, Kaditz, Trachau;Neubau;2020;20;218
22 Mickten;StB 2 Pieschen;05 Mickten, Kaditz, Trachau;Neubau;2021;7;24
22 Mickten;StB 2 Pieschen;05 Mickten, Kaditz, Trachau;Neubau;2022;12;188
22 Mickten;StB 2 Pieschen;05 Mickten, Kaditz, Trachau;Neubau;2023;11;31
22 Mickten;StB 2 Pieschen;05 Mickten, Kaditz, Trachau;Neubau;2024;2;0
22 Mickten;StB 2 Pieschen;05 Mickten, Kaditz, Trachau;Neubau;2025;2;2
22 Mickten;StB 2 Pieschen;05 Mickten, Kaditz, Trachau;Neubau;unbekannt;67;1158
22 Mickten;StB 2 Pieschen;05 Mickten, Kaditz, Trachau;Umbau;1992;1;2
22 Mickten;StB 2 Pieschen;05 Mickten, Kaditz, Trachau;Umbau;1993;8;52
22 Mickten;StB 2 Pieschen;05 Mickten, Kaditz, Trachau;Umbau;1994;9;31
22 Mickten;StB 2 Pieschen;05 Mickten, Kaditz, Trachau;Umbau;1995;13;54
22 Mickten;StB 2 Pieschen;05 Mickten, Kaditz, Trachau;Umbau;1996;11;87
22 Mickten;StB 2 Pieschen;05 Mickten, Kaditz, Trachau;Umbau;1997;23;262
22 Mickten;StB 2 Pieschen;05 Mickten, Kaditz, Trachau;Umbau;1998;21;184
22 Mickten;StB 2 Pieschen;05 Mickten, Kaditz, Trachau;Umbau;1999;10;79
22 Mickten;StB 2 Pieschen;05 Mickten, Kaditz, Trachau;Umbau;2000;25;240
22 Mickten;StB 2 Pieschen;05 Mickten, Kaditz, Trachau;Umbau;2001;25;197
22 Mickten;StB 2 Pieschen;05 Mickten, Kaditz, Trachau;Umbau;2002;6;31
22 Mickten;StB 2 Pieschen;05 Mickten, Kaditz, Trachau;Umbau;2003;2;3
22 Mickten;StB 2 Pieschen;05 Mickten, Kaditz, Trachau;Umbau;2004;5;31
22 Mickten;StB 2 Pieschen;05 Mickten, Kaditz, Trachau;Umbau;2005;7;35
22 Mickten;StB 2 Pieschen;05 Mickten, Kaditz, Trachau;Umbau;2006;3;16
22 Mickten;StB 2 Pieschen;05 Mickten, Kaditz, Trachau;Umbau;2007;8;66
22 Mickten;StB 2 Pieschen;05 Mickten, Kaditz, Trachau;Umbau;2008;16;114
22 Mickten;StB 2 Pieschen;05 Mickten, Kaditz, Trachau;Umbau;2009;15;76
22 Mickten;StB 2 Pieschen;05 Mickten, Kaditz, Trachau;Umbau;2010;15;109
22 Mickten;StB 2 Pieschen;05 Mickten, Kaditz, Trachau;Umbau;2011;20;120
22 Mickten;StB 2 Pieschen;05 Mickten, Kaditz, Trachau;Umbau;2012;27;251
22 Mickten;StB 2 Pieschen;05 Mickten, Kaditz, Trachau;Umbau;2013;17;112
22 Mickten;StB 2 Pieschen;05 Mickten, Kaditz, Trachau;Umbau;2014;13;91
22 Mickten;StB 2 Pieschen;05 Mickten, Kaditz, Trachau;Umbau;2015;8;23
22 Mickten;StB 2 Pieschen;05 Mickten, Kaditz, Trachau;Umbau;2016;17;87
22 Mickten;StB 2 Pieschen;05 Mickten, Kaditz, Trachau;Umbau;2017;7;20
22 Mickten;StB 2 Pieschen;05 Mickten, Kaditz, Trachau;Umbau;2018;10;46
22 Mickten;StB 2 Pieschen;05 Mickten, Kaditz, Trachau;Umbau;2019;5;13
22 Mickten;StB 2 Pieschen;05 Mickten, Kaditz, Trachau;Umbau;2020;15;90
22 Mickten;StB 2 Pieschen;05 Mickten, Kaditz, Trachau;Umbau;2021;20;205
22 Mickten;StB 2 Pieschen;05 Mickten, Kaditz, Trachau;Umbau;2022;3;8
22 Mickten;StB 2 Pieschen;05 Mickten, Kaditz, Trachau;Umbau;2023;20;165
22 Mickten;StB 2 Pieschen;05 Mickten, Kaditz, Trachau;Umbau;2024;6;30
22 Mickten;StB 2 Pieschen;05 Mickten, Kaditz, Trachau;Umbau;2025;10;86
22 Mickten;StB 2 Pieschen;05 Mickten, Kaditz, Trachau;Umbau;2026;1;9
22 Mickten;StB 2 Pieschen;05 Mickten, Kaditz, Trachau;Umbau;unbekannt;28;169
23 Kaditz;StB 2 Pieschen;05 Mickten, Kaditz, Trachau;Neubau;1992;1;0
23 Kaditz;StB 2 Pieschen;05 Mickten, Kaditz, Trachau;Neubau;1993;4;2
23 Kaditz;StB 2 Pieschen;05 Mickten, Kaditz, Trachau;Neubau;1994;5;24
23 Kaditz;StB 2 Pieschen;05 Mickten, Kaditz, Trachau;Neubau;1995;18;58
23 Kaditz;StB 2 Pieschen;05 Mickten, Kaditz, Trachau;Neubau;1996;7;25
23 Kaditz;StB 2 Pieschen;05 Mickten, Kaditz, Trachau;Neubau;1997;9;23
23 Kaditz;StB 2 Pieschen;05 Mickten, Kaditz, Trachau;Neubau;1998;6;7
23 Kaditz;StB 2 Pieschen;05 Mickten, Kaditz, Trachau;Neubau;1999;6;6
23 Kaditz;StB 2 Pieschen;05 Mickten, Kaditz, Trachau;Neubau;2000;4;1
23 Kaditz;StB 2 Pieschen;05 Mickten, Kaditz, Trachau;Neubau;2001;3;1
23 Kaditz;StB 2 Pieschen;05 Mickten, Kaditz, Trachau;Neubau;2003;3;2
23 Kaditz;StB 2 Pieschen;05 Mickten, Kaditz, Trachau;Neubau;2004;3;3
23 Kaditz;StB 2 Pieschen;05 Mickten, Kaditz, Trachau;Neubau;2005;6;3
23 Kaditz;StB 2 Pieschen;05 Mickten, Kaditz, Trachau;Neubau;2006;1;1
23 Kaditz;StB 2 Pieschen;05 Mickten, Kaditz, Trachau;Neubau;2007;2;1
23 Kaditz;StB 2 Pieschen;05 Mickten, Kaditz, Trachau;Neubau;2008;4;6
23 Kaditz;StB 2 Pieschen;05 Mickten, Kaditz, Trachau;Neubau;2009;3;1
23 Kaditz;StB 2 Pieschen;05 Mickten, Kaditz, Trachau;Neubau;2010;7;6
23 Kaditz;StB 2 Pieschen;05 Mickten, Kaditz, Trachau;Neubau;2011;2;2
23 Kaditz;StB 2 Pieschen;05 Mickten, Kaditz, Trachau;Neubau;2012;6;4
23 Kaditz;StB 2 Pieschen;05 Mickten, Kaditz, Trachau;Neubau;2013;4;5
23 Kaditz;StB 2 Pieschen;05 Mickten, Kaditz, Trachau;Neubau;2014;10;8
23 Kaditz;StB 2 Pieschen;05 Mickten, Kaditz, Trachau;Neubau;2015;6;5
23 Kaditz;StB 2 Pieschen;05 Mickten, Kaditz, Trachau;Neubau;2016;4;20
23 Kaditz;StB 2 Pieschen;05 Mickten, Kaditz, Trachau;Neubau;2017;1;1
23 Kaditz;StB 2 Pieschen;05 Mickten, Kaditz, Trachau;Neubau;2018;3;3
23 Kaditz;StB 2 Pieschen;05 Mickten, Kaditz, Trachau;Neubau;2019;1;1
23 Kaditz;StB 2 Pieschen;05 Mickten, Kaditz, Trachau;Neubau;2020;1;0
23 Kaditz;StB 2 Pieschen;05 Mickten, Kaditz, Trachau;Neubau;2021;3;58
23 Kaditz;StB 2 Pieschen;05 Mickten, Kaditz, Trachau;Neubau;2022;2;58
23 Kaditz;StB 2 Pieschen;05 Mickten, Kaditz, Trachau;Neubau;2023;1;1
23 Kaditz;StB 2 Pieschen;05 Mickten, Kaditz, Trachau;Neubau;2024;4;3
23 Kaditz;StB 2 Pieschen;05 Mickten, Kaditz, Trachau;Neubau;2025;11;15
23 Kaditz;StB 2 Pieschen;05 Mickten, Kaditz, Trachau;Neubau;unbekannt;31;172
23 Kaditz;StB 2 Pieschen;05 Mickten, Kaditz, Trachau;Umbau;1992;1;1
23 Kaditz;StB 2 Pieschen;05 Mickten, Kaditz, Trachau;Umbau;1993;2;0
23 Kaditz;StB 2 Pieschen;05 Mickten, Kaditz, Trachau;Umbau;1994;3;2
23 Kaditz;StB 2 Pieschen;05 Mickten, Kaditz, Trachau;Umbau;1995;6;8
23 Kaditz;StB 2 Pieschen;05 Mickten, Kaditz, Trachau;Umbau;1996;17;97
23 Kaditz;StB 2 Pieschen;05 Mickten, Kaditz, Trachau;Umbau;1997;16;112
23 Kaditz;StB 2 Pieschen;05 Mickten, Kaditz, Trachau;Umbau;1998;18;90
23 Kaditz;StB 2 Pieschen;05 Mickten, Kaditz, Trachau;Umbau;1999;18;129
23 Kaditz;StB 2 Pieschen;05 Mickten, Kaditz, Trachau;Umbau;2000;7;65
23 Kaditz;StB 2 Pieschen;05 Mickten, Kaditz, Trachau;Umbau;2001;6;29
23 Kaditz;StB 2 Pieschen;05 Mickten, Kaditz, Trachau;Umbau;2002;6;35
23 Kaditz;StB 2 Pieschen;05 Mickten, Kaditz, Trachau;Umbau;2003;8;23
23 Kaditz;StB 2 Pieschen;05 Mickten, Kaditz, Trachau;Umbau;2004;8;16
23 Kaditz;StB 2 Pieschen;05 Mickten, Kaditz, Trachau;Umbau;2005;3;3
23 Kaditz;StB 2 Pieschen;05 Mickten, Kaditz, Trachau;Umbau;2006;18;167
23 Kaditz;StB 2 Pieschen;05 Mickten, Kaditz, Trachau;Umbau;2007;5;15
23 Kaditz;StB 2 Pieschen;05 Mickten, Kaditz, Trachau;Umbau;2008;10;44
23 Kaditz;StB 2 Pieschen;05 Mickten, Kaditz, Trachau;Umbau;2009;2;7
23 Kaditz;StB 2 Pieschen;05 Mickten, Kaditz, Trachau;Umbau;2010;8;6
23 Kaditz;StB 2 Pieschen;05 Mickten, Kaditz, Trachau;Umbau;2011;3;10
23 Kaditz;StB 2 Pieschen;05 Mickten, Kaditz, Trachau;Umbau;2012;2;2
23 Kaditz;StB 2 Pieschen;05 Mickten, Kaditz, Trachau;Umbau;2013;1;1
23 Kaditz;StB 2 Pieschen;05 Mickten, Kaditz, Trachau;Umbau;2014;13;26
23 Kaditz;StB 2 Pieschen;05 Mickten, Kaditz, Trachau;Umbau;2015;4;9
23 Kaditz;StB 2 Pieschen;05 Mickten, Kaditz, Trachau;Umbau;2016;5;12
23 Kaditz;StB 2 Pieschen;05 Mickten, Kaditz, Trachau;Umbau;2017;5;21
23 Kaditz;StB 2 Pieschen;05 Mickten, Kaditz, Trachau;Umbau;2018;8;28
23 Kaditz;StB 2 Pieschen;05 Mickten, Kaditz, Trachau;Umbau;2019;6;14
23 Kaditz;StB 2 Pieschen;05 Mickten, Kaditz, Trachau;Umbau;2020;17;144
23 Kaditz;StB 2 Pieschen;05 Mickten, Kaditz, Trachau;Umbau;2021;7;14
23 Kaditz;StB 2 Pieschen;05 Mickten, Kaditz, Trachau;Umbau;2022;2;2
23 Kaditz;StB 2 Pieschen;05 Mickten, Kaditz, Trachau;Umbau;2023;4;4
23 Kaditz;StB 2 Pieschen;05 Mickten, Kaditz, Trachau;Umbau;2024;6;21
23 Kaditz;StB 2 Pieschen;05 Mickten, Kaditz, Trachau;Umbau;2025;6;8
23 Kaditz;StB 2 Pieschen;05 Mickten, Kaditz, Trachau;Umbau;unbekannt;17;61
24 Trachau;StB 2 Pieschen;05 Mickten, Kaditz, Trachau;Neubau;1993;1;0
24 Trachau;StB 2 Pieschen;05 Mickten, Kaditz, Trachau;Neubau;1994;5;32
24 Trachau;StB 2 Pieschen;05 Mickten, Kaditz, Trachau;Neubau;1995;18;91
24 Trachau;StB 2 Pieschen;05 Mickten, Kaditz, Trachau;Neubau;1996;6;42
24 Trachau;StB 2 Pieschen;05 Mickten, Kaditz, Trachau;Neubau;1997;13;86
24 Trachau;StB 2 Pieschen;05 Mickten, Kaditz, Trachau;Neubau;1998;2;13
24 Trachau;StB 2 Pieschen;05 Mickten, Kaditz, Trachau;Neubau;1999;2;9
24 Trachau;StB 2 Pieschen;05 Mickten, Kaditz, Trachau;Neubau;2000;1;3
24 Trachau;StB 2 Pieschen;05 Mickten, Kaditz, Trachau;Neubau;2001;1;5
24 Trachau;StB 2 Pieschen;05 Mickten, Kaditz, Trachau;Neubau;2002;5;5
24 Trachau;StB 2 Pieschen;05 Mickten, Kaditz, Trachau;Neubau;2003;6;11
24 Trachau;StB 2 Pieschen;05 Mickten, Kaditz, Trachau;Neubau;2004;6;5
24 Trachau;StB 2 Pieschen;05 Mickten, Kaditz, Trachau;Neubau;2005;6;5
24 Trachau;StB 2 Pieschen;05 Mickten, Kaditz, Trachau;Neubau;2006;1;1
24 Trachau;StB 2 Pieschen;05 Mickten, Kaditz, Trachau;Neubau;2007;3;1
24 Trachau;StB 2 Pieschen;05 Mickten, Kaditz, Trachau;Neubau;2008;1;1
24 Trachau;StB 2 Pieschen;05 Mickten, Kaditz, Trachau;Neubau;2009;1;1
24 Trachau;StB 2 Pieschen;05 Mickten, Kaditz, Trachau;Neubau;2010;3;1
24 Trachau;StB 2 Pieschen;05 Mickten, Kaditz, Trachau;Neubau;2011;4;10
24 Trachau;StB 2 Pieschen;05 Mickten, Kaditz, Trachau;Neubau;2012;2;7
24 Trachau;StB 2 Pieschen;05 Mickten, Kaditz, Trachau;Neubau;2013;1;0
24 Trachau;StB 2 Pieschen;05 Mickten, Kaditz, Trachau;Neubau;2014;4;12
24 Trachau;StB 2 Pieschen;05 Mickten, Kaditz, Trachau;Neubau;2015;4;2
24 Trachau;StB 2 Pieschen;05 Mickten, Kaditz, Trachau;Neubau;2016;7;13
24 Trachau;StB 2 Pieschen;05 Mickten, Kaditz, Trachau;Neubau;2017;2;2
24 Trachau;StB 2 Pieschen;05 Mickten, Kaditz, Trachau;Neubau;2018;6;6
24 Trachau;StB 2 Pieschen;05 Mickten, Kaditz, Trachau;Neubau;2020;4;27
24 Trachau;StB 2 Pieschen;05 Mickten, Kaditz, Trachau;Neubau;2021;2;7
24 Trachau;StB 2 Pieschen;05 Mickten, Kaditz, Trachau;Neubau;2022;1;2
24 Trachau;StB 2 Pieschen;05 Mickten, Kaditz, Trachau;Neubau;2023;1;6
24 Trachau;StB 2 Pieschen;05 Mickten, Kaditz, Trachau;Neubau;2024;2;13
24 Trachau;StB 2 Pieschen;05 Mickten, Kaditz, Trachau;Neubau;unbekannt;9;39
24 Trachau;StB 2 Pieschen;05 Mickten, Kaditz, Trachau;Umbau;1992;3;0
24 Trachau;StB 2 Pieschen;05 Mickten, Kaditz, Trachau;Umbau;1993;5;7
24 Trachau;StB 2 Pieschen;05 Mickten, Kaditz, Trachau;Umbau;1994;5;28
24 Trachau;StB 2 Pieschen;05 Mickten, Kaditz, Trachau;Umbau;1995;5;24
24 Trachau;StB 2 Pieschen;05 Mickten, Kaditz, Trachau;Umbau;1996;7;46
24 Trachau;StB 2 Pieschen;05 Mickten, Kaditz, Trachau;Umbau;1997;9;69
24 Trachau;StB 2 Pieschen;05 Mickten, Kaditz, Trachau;Umbau;1998;29;231
24 Trachau;StB 2 Pieschen;05 Mickten, Kaditz, Trachau;Umbau;1999;12;86
24 Trachau;StB 2 Pieschen;05 Mickten, Kaditz, Trachau;Umbau;2000;13;114
24 Trachau;StB 2 Pieschen;05 Mickten, Kaditz, Trachau;Umbau;2001;9;63
24 Trachau;StB 2 Pieschen;05 Mickten, Kaditz, Trachau;Umbau;2002;25;161
24 Trachau;StB 2 Pieschen;05 Mickten, Kaditz, Trachau;Umbau;2003;7;46
24 Trachau;StB 2 Pieschen;05 Mickten, Kaditz, Trachau;Umbau;2004;10;55
24 Trachau;StB 2 Pieschen;05 Mickten, Kaditz, Trachau;Umbau;2005;4;12
24 Trachau;StB 2 Pieschen;05 Mickten, Kaditz, Trachau;Umbau;2006;7;27
24 Trachau;StB 2 Pieschen;05 Mickten, Kaditz, Trachau;Umbau;2007;2;9
24 Trachau;StB 2 Pieschen;05 Mickten, Kaditz, Trachau;Umbau;2008;8;29
24 Trachau;StB 2 Pieschen;05 Mickten, Kaditz, Trachau;Umbau;2009;5;29
24 Trachau;StB 2 Pieschen;05 Mickten, Kaditz, Trachau;Umbau;2010;16;92
24 Trachau;StB 2 Pieschen;05 Mickten, Kaditz, Trachau;Umbau;2011;6;21
24 Trachau;StB 2 Pieschen;05 Mickten, Kaditz, Trachau;Umbau;2012;3;16
24 Trachau;StB 2 Pieschen;05 Mickten, Kaditz, Trachau;Umbau;2013;3;1
24 Trachau;StB 2 Pieschen;05 Mickten, Kaditz, Trachau;Umbau;2014;7;41
24 Trachau;StB 2 Pieschen;05 Mickten, Kaditz, Trachau;Umbau;2015;6;19
24 Trachau;StB 2 Pieschen;05 Mickten, Kaditz, Trachau;Umbau;2016;3;11
24 Trachau;StB 2 Pieschen;05 Mickten, Kaditz, Trachau;Umbau;2017;6;34
24 Trachau;StB 2 Pieschen;05 Mickten, Kaditz, Trachau;Umbau;2018;1;1
24 Trachau;StB 2 Pieschen;05 Mickten, Kaditz, Trachau;Umbau;2019;1;8
24 Trachau;StB 2 Pieschen;05 Mickten, Kaditz, Trachau;Umbau;2020;5;19
24 Trachau;StB 2 Pieschen;05 Mickten, Kaditz, Trachau;Umbau;2021;4;17
24 Trachau;StB 2 Pieschen;05 Mickten, Kaditz, Trachau;Umbau;2022;1;0
24 Trachau;StB 2 Pieschen;05 Mickten, Kaditz, Trachau;Umbau;2023;2;13
24 Trachau;StB 2 Pieschen;05 Mickten, Kaditz, Trachau;Umbau;2025;2;3
24 Trachau;StB 2 Pieschen;05 Mickten, Kaditz, Trachau;Umbau;unbekannt;17;53
25 Pieschen-N/Trachenberge;StB 2 Pieschen;04 Leipziger Vorstadt, Pieschen;Neubau;1993;2;0
25 Pieschen-N/Trachenberge;StB 2 Pieschen;04 Leipziger Vorstadt, Pieschen;Neubau;1994;6;36
25 Pieschen-N/Trachenberge;StB 2 Pieschen;04 Leipziger Vorstadt, Pieschen;Neubau;1995;11;108
25 Pieschen-N/Trachenberge;StB 2 Pieschen;04 Leipziger Vorstadt, Pieschen;Neubau;1996;16;221
25 Pieschen-N/Trachenberge;StB 2 Pieschen;04 Leipziger Vorstadt, Pieschen;Neubau;1997;27;284
25 Pieschen-N/Trachenberge;StB 2 Pieschen;04 Leipziger Vorstadt, Pieschen;Neubau;1998;23;212
25 Pieschen-N/Trachenberge;StB 2 Pieschen;04 Leipziger Vorstadt, Pieschen;Neubau;1999;11;197
25 Pieschen-N/Trachenberge;StB 2 Pieschen;04 Leipziger Vorstadt, Pieschen;Neubau;2000;14;20
25 Pieschen-N/Trachenberge;StB 2 Pieschen;04 Leipziger Vorstadt, Pieschen;Neubau;2001;4;5
25 Pieschen-N/Trachenberge;StB 2 Pieschen;04 Leipziger Vorstadt, Pieschen;Neubau;2002;7;5
25 Pieschen-N/Trachenberge;StB 2 Pieschen;04 Leipziger Vorstadt, Pieschen;Neubau;2003;3;4
25 Pieschen-N/Trachenberge;StB 2 Pieschen;04 Leipziger Vorstadt, Pieschen;Neubau;2004;13;9
25 Pieschen-N/Trachenberge;StB 2 Pieschen;04 Leipziger Vorstadt, Pieschen;Neubau;2005;5;3
25 Pieschen-N/Trachenberge;StB 2 Pieschen;04 Leipziger Vorstadt, Pieschen;Neubau;2006;7;5
25 Pieschen-N/Trachenberge;StB 2 Pieschen;04 Leipziger Vorstadt, Pieschen;Neubau;2007;3;2
25 Pieschen-N/Trachenberge;StB 2 Pieschen;04 Leipziger Vorstadt, Pieschen;Neubau;2008;5;9
25 Pieschen-N/Trachenberge;StB 2 Pieschen;04 Leipziger Vorstadt, Pieschen;Neubau;2009;4;1
25 Pieschen-N/Trachenberge;StB 2 Pieschen;04 Leipziger Vorstadt, Pieschen;Neubau;2010;2;1
25 Pieschen-N/Trachenberge;StB 2 Pieschen;04 Leipziger Vorstadt, Pieschen;Neubau;2011;6;8
25 Pieschen-N/Trachenberge;StB 2 Pieschen;04 Leipziger Vorstadt, Pieschen;Neubau;2012;6;4
25 Pieschen-N/Trachenberge;StB 2 Pieschen;04 Leipziger Vorstadt, Pieschen;Neubau;2013;9;5
25 Pieschen-N/Trachenberge;StB 2 Pieschen;04 Leipziger Vorstadt, Pieschen;Neubau;2014;8;6
25 Pieschen-N/Trachenberge;StB 2 Pieschen;04 Leipziger Vorstadt, Pieschen;Neubau;2015;4;2
25 Pieschen-N/Trachenberge;StB 2 Pieschen;04 Leipziger Vorstadt, Pieschen;Neubau;2016;9;43
25 Pieschen-N/Trachenberge;StB 2 Pieschen;04 Leipziger Vorstadt, Pieschen;Neubau;2017;22;20
25 Pieschen-N/Trachenberge;StB 2 Pieschen;04 Leipziger Vorstadt, Pieschen;Neubau;2018;4;17
25 Pieschen-N/Trachenberge;StB 2 Pieschen;04 Leipziger Vorstadt, Pieschen;Neubau;2019;8;4
25 Pieschen-N/Trachenberge;StB 2 Pieschen;04 Leipziger Vorstadt, Pieschen;Neubau;2020;6;17
25 Pieschen-N/Trachenberge;StB 2 Pieschen;04 Leipziger Vorstadt, Pieschen;Neubau;2021;10;15
25 Pieschen-N/Trachenberge;StB 2 Pieschen;04 Leipziger Vorstadt, Pieschen;Neubau;2022;11;63
25 Pieschen-N/Trachenberge;StB 2 Pieschen;04 Leipziger Vorstadt, Pieschen;Neubau;2024;10;39
25 Pieschen-N/Trachenberge;StB 2 Pieschen;04 Leipziger Vorstadt, Pieschen;Neubau;2025;2;5
25 Pieschen-N/Trachenberge;StB 2 Pieschen;04 Leipziger Vorstadt, Pieschen;Neubau;unbekannt;23;141
25 Pieschen-N/Trachenberge;StB 2 Pieschen;04 Leipziger Vorstadt, Pieschen;Umbau;1992;1;0
25 Pieschen-N/Trachenberge;StB 2 Pieschen;04 Leipziger Vorstadt, Pieschen;Umbau;1993;5;7
25 Pieschen-N/Trachenberge;StB 2 Pieschen;04 Leipziger Vorstadt, Pieschen;Umbau;1994;9;40
25 Pieschen-N/Trachenberge;StB 2 Pieschen;04 Leipziger Vorstadt, Pieschen;Umbau;1995;8;50
25 Pieschen-N/Trachenberge;StB 2 Pieschen;04 Leipziger Vorstadt, Pieschen;Umbau;1996;11;123
25 Pieschen-N/Trachenberge;StB 2 Pieschen;04 Leipziger Vorstadt, Pieschen;Umbau;1997;30;265
25 Pieschen-N/Trachenberge;StB 2 Pieschen;04 Leipziger Vorstadt, Pieschen;Umbau;1998;27;239
25 Pieschen-N/Trachenberge;StB 2 Pieschen;04 Leipziger Vorstadt, Pieschen;Umbau;1999;29;314
25 Pieschen-N/Trachenberge;StB 2 Pieschen;04 Leipziger Vorstadt, Pieschen;Umbau;2000;13;119
25 Pieschen-N/Trachenberge;StB 2 Pieschen;04 Leipziger Vorstadt, Pieschen;Umbau;2001;17;135
25 Pieschen-N/Trachenberge;StB 2 Pieschen;04 Leipziger Vorstadt, Pieschen;Umbau;2002;8;61
25 Pieschen-N/Trachenberge;StB 2 Pieschen;04 Leipziger Vorstadt, Pieschen;Umbau;2003;4;28
25 Pieschen-N/Trachenberge;StB 2 Pieschen;04 Leipziger Vorstadt, Pieschen;Umbau;2004;5;44
25 Pieschen-N/Trachenberge;StB 2 Pieschen;04 Leipziger Vorstadt, Pieschen;Umbau;2005;7;39
25 Pieschen-N/Trachenberge;StB 2 Pieschen;04 Leipziger Vorstadt, Pieschen;Umbau;2006;12;66
25 Pieschen-N/Trachenberge;StB 2 Pieschen;04 Leipziger Vorstadt, Pieschen;Umbau;2007;27;185
25 Pieschen-N/Trachenberge;StB 2 Pieschen;04 Leipziger Vorstadt, Pieschen;Umbau;2008;20;187
25 Pieschen-N/Trachenberge;StB 2 Pieschen;04 Leipziger Vorstadt, Pieschen;Umbau;2009;11;82
25 Pieschen-N/Trachenberge;StB 2 Pieschen;04 Leipziger Vorstadt, Pieschen;Umbau;2010;21;186
25 Pieschen-N/Trachenberge;StB 2 Pieschen;04 Leipziger Vorstadt, Pieschen;Umbau;2011;6;37
25 Pieschen-N/Trachenberge;StB 2 Pieschen;04 Leipziger Vorstadt, Pieschen;Umbau;2012;8;43
25 Pieschen-N/Trachenberge;StB 2 Pieschen;04 Leipziger Vorstadt, Pieschen;Umbau;2013;7;40
25 Pieschen-N/Trachenberge;StB 2 Pieschen;04 Leipziger Vorstadt, Pieschen;Umbau;2014;9;38
25 Pieschen-N/Trachenberge;StB 2 Pieschen;04 Leipziger Vorstadt, Pieschen;Umbau;2015;5;29
25 Pieschen-N/Trachenberge;StB 2 Pieschen;04 Leipziger Vorstadt, Pieschen;Umbau;2016;10;161
25 Pieschen-N/Trachenberge;StB 2 Pieschen;04 Leipziger Vorstadt, Pieschen;Umbau;2017;4;10
25 Pieschen-N/Trachenberge;StB 2 Pieschen;04 Leipziger Vorstadt, Pieschen;Umbau;2018;4;38
25 Pieschen-N/Trachenberge;StB 2 Pieschen;04 Leipziger Vorstadt, Pieschen;Umbau;2019;10;90
25 Pieschen-N/Trachenberge;StB 2 Pieschen;04 Leipziger Vorstadt, Pieschen;Umbau;2020;6;22
25 Pieschen-N/Trachenberge;StB 2 Pieschen;04 Leipziger Vorstadt, Pieschen;Umbau;2021;5;30
25 Pieschen-N/Trachenberge;StB 2 Pieschen;04 Leipziger Vorstadt, Pieschen;Umbau;2022;2;14
25 Pieschen-N/Trachenberge;StB 2 Pieschen;04 Leipziger Vorstadt, Pieschen;Umbau;2023;4;20
25 Pieschen-N/Trachenberge;StB 2 Pieschen;04 Leipziger Vorstadt, Pieschen;Umbau;2024;2;17
25 Pieschen-N/Trachenberge;StB 2 Pieschen;04 Leipziger Vorstadt, Pieschen;Umbau;2025;8;68
25 Pieschen-N/Trachenberge;StB 2 Pieschen;04 Leipziger Vorstadt, Pieschen;Umbau;2026;1;6
25 Pieschen-N/Trachenberge;StB 2 Pieschen;04 Leipziger Vorstadt, Pieschen;Umbau;unbekannt;19;137
31 Klotzsche;StB 3 Klotzsche/nördliche Ortschaften;06 StB Klotzsche und nördliche OS;Neubau;1992;10;72
31 Klotzsche;StB 3 Klotzsche/nördliche Ortschaften;06 StB Klotzsche und nördliche OS;Neubau;1993;15;19
31 Klotzsche;StB 3 Klotzsche/nördliche Ortschaften;06 StB Klotzsche und nördliche OS;Neubau;1994;28;113
31 Klotzsche;StB 3 Klotzsche/nördliche Ortschaften;06 StB Klotzsche und nördliche OS;Neubau;1995;42;369
31 Klotzsche;StB 3 Klotzsche/nördliche Ortschaften;06 StB Klotzsche und nördliche OS;Neubau;1996;44;141
31 Klotzsche;StB 3 Klotzsche/nördliche Ortschaften;06 StB Klotzsche und nördliche OS;Neubau;1997;78;812
31 Klotzsche;StB 3 Klotzsche/nördliche Ortschaften;06 StB Klotzsche und nördliche OS;Neubau;1998;97;271
31 Klotzsche;StB 3 Klotzsche/nördliche Ortschaften;06 StB Klotzsche und nördliche OS;Neubau;1999;31;56
31 Klotzsche;StB 3 Klotzsche/nördliche Ortschaften;06 StB Klotzsche und nördliche OS;Neubau;2000;57;45
31 Klotzsche;StB 3 Klotzsche/nördliche Ortschaften;06 StB Klotzsche und nördliche OS;Neubau;2001;42;33
31 Klotzsche;StB 3 Klotzsche/nördliche Ortschaften;06 StB Klotzsche und nördliche OS;Neubau;2002;37;80
31 Klotzsche;StB 3 Klotzsche/nördliche Ortschaften;06 StB Klotzsche und nördliche OS;Neubau;2003;34;17
31 Klotzsche;StB 3 Klotzsche/nördliche Ortschaften;06 StB Klotzsche und nördliche OS;Neubau;2004;42;41
31 Klotzsche;StB 3 Klotzsche/nördliche Ortschaften;06 StB Klotzsche und nördliche OS;Neubau;2005;29;26
31 Klotzsche;StB 3 Klotzsche/nördliche Ortschaften;06 StB Klotzsche und nördliche OS;Neubau;2006;29;43
31 Klotzsche;StB 3 Klotzsche/nördliche Ortschaften;06 StB Klotzsche und nördliche OS;Neubau;2007;31;26
31 Klotzsche;StB 3 Klotzsche/nördliche Ortschaften;06 StB Klotzsche und nördliche OS;Neubau;2008;25;24
31 Klotzsche;StB 3 Klotzsche/nördliche Ortschaften;06 StB Klotzsche und nördliche OS;Neubau;2009;14;18
31 Klotzsche;StB 3 Klotzsche/nördliche Ortschaften;06 StB Klotzsche und nördliche OS;Neubau;2010;19;14
31 Klotzsche;StB 3 Klotzsche/nördliche Ortschaften;06 StB Klotzsche und nördliche OS;Neubau;2011;17;22
31 Klotzsche;StB 3 Klotzsche/nördliche Ortschaften;06 StB Klotzsche und nördliche OS;Neubau;2012;18;19
31 Klotzsche;StB 3 Klotzsche/nördliche Ortschaften;06 StB Klotzsche und nördliche OS;Neubau;2013;12;12
31 Klotzsche;StB 3 Klotzsche/nördliche Ortschaften;06 StB Klotzsche und nördliche OS;Neubau;2014;21;51
31 Klotzsche;StB 3 Klotzsche/nördliche Ortschaften;06 StB Klotzsche und nördliche OS;Neubau;2015;22;31
31 Klotzsche;StB 3 Klotzsche/nördliche Ortschaften;06 StB Klotzsche und nördliche OS;Neubau;2016;39;37
31 Klotzsche;StB 3 Klotzsche/nördliche Ortschaften;06 StB Klotzsche und nördliche OS;Neubau;2017;72;138
31 Klotzsche;StB 3 Klotzsche/nördliche Ortschaften;06 StB Klotzsche und nördliche OS;Neubau;2018;38;111
31 Klotzsche;StB 3 Klotzsche/nördliche Ortschaften;06 StB Klotzsche und nördliche OS;Neubau;2019;13;33
31 Klotzsche;StB 3 Klotzsche/nördliche Ortschaften;06 StB Klotzsche und nördliche OS;Neubau;2020;17;22
31 Klotzsche;StB 3 Klotzsche/nördliche Ortschaften;06 StB Klotzsche und nördliche OS;Neubau;2021;11;67
31 Klotzsche;StB 3 Klotzsche/nördliche Ortschaften;06 StB Klotzsche und nördliche OS;Neubau;2022;28;109
31 Klotzsche;StB 3 Klotzsche/nördliche Ortschaften;06 StB Klotzsche und nördliche OS;Neubau;2023;10;16
31 Klotzsche;StB 3 Klotzsche/nördliche Ortschaften;06 StB Klotzsche und nördliche OS;Neubau;2024;10;6
31 Klotzsche;StB 3 Klotzsche/nördliche Ortschaften;06 StB Klotzsche und nördliche OS;Neubau;2025;11;6
31 Klotzsche;StB 3 Klotzsche/nördliche Ortschaften;06 StB Klotzsche und nördliche OS;Neubau;unbekannt;30;153
31 Klotzsche;StB 3 Klotzsche/nördliche Ortschaften;06 StB Klotzsche und nördliche OS;Umbau;1992;4;0
31 Klotzsche;StB 3 Klotzsche/nördliche Ortschaften;06 StB Klotzsche und nördliche OS;Umbau;1993;9;13
31 Klotzsche;StB 3 Klotzsche/nördliche Ortschaften;06 StB Klotzsche und nördliche OS;Umbau;1994;12;15
31 Klotzsche;StB 3 Klotzsche/nördliche Ortschaften;06 StB Klotzsche und nördliche OS;Umbau;1995;13;19
31 Klotzsche;StB 3 Klotzsche/nördliche Ortschaften;06 StB Klotzsche und nördliche OS;Umbau;1996;12;45
31 Klotzsche;StB 3 Klotzsche/nördliche Ortschaften;06 StB Klotzsche und nördliche OS;Umbau;1997;19;39
31 Klotzsche;StB 3 Klotzsche/nördliche Ortschaften;06 StB Klotzsche und nördliche OS;Umbau;1998;36;160
31 Klotzsche;StB 3 Klotzsche/nördliche Ortschaften;06 StB Klotzsche und nördliche OS;Umbau;1999;39;199
31 Klotzsche;StB 3 Klotzsche/nördliche Ortschaften;06 StB Klotzsche und nördliche OS;Umbau;2000;23;104
31 Klotzsche;StB 3 Klotzsche/nördliche Ortschaften;06 StB Klotzsche und nördliche OS;Umbau;2001;21;135
31 Klotzsche;StB 3 Klotzsche/nördliche Ortschaften;06 StB Klotzsche und nördliche OS;Umbau;2002;15;74
31 Klotzsche;StB 3 Klotzsche/nördliche Ortschaften;06 StB Klotzsche und nördliche OS;Umbau;2003;13;48
31 Klotzsche;StB 3 Klotzsche/nördliche Ortschaften;06 StB Klotzsche und nördliche OS;Umbau;2004;7;36
31 Klotzsche;StB 3 Klotzsche/nördliche Ortschaften;06 StB Klotzsche und nördliche OS;Umbau;2005;26;121
31 Klotzsche;StB 3 Klotzsche/nördliche Ortschaften;06 StB Klotzsche und nördliche OS;Umbau;2006;10;21
31 Klotzsche;StB 3 Klotzsche/nördliche Ortschaften;06 StB Klotzsche und nördliche OS;Umbau;2007;14;24
31 Klotzsche;StB 3 Klotzsche/nördliche Ortschaften;06 StB Klotzsche und nördliche OS;Umbau;2008;8;15
31 Klotzsche;StB 3 Klotzsche/nördliche Ortschaften;06 StB Klotzsche und nördliche OS;Umbau;2009;10;14
31 Klotzsche;StB 3 Klotzsche/nördliche Ortschaften;06 StB Klotzsche und nördliche OS;Umbau;2010;8;30
31 Klotzsche;StB 3 Klotzsche/nördliche Ortschaften;06 StB Klotzsche und nördliche OS;Umbau;2011;11;14
31 Klotzsche;StB 3 Klotzsche/nördliche Ortschaften;06 StB Klotzsche und nördliche OS;Umbau;2012;13;18
31 Klotzsche;StB 3 Klotzsche/nördliche Ortschaften;06 StB Klotzsche und nördliche OS;Umbau;2013;12;29
31 Klotzsche;StB 3 Klotzsche/nördliche Ortschaften;06 StB Klotzsche und nördliche OS;Umbau;2014;13;40
31 Klotzsche;StB 3 Klotzsche/nördliche Ortschaften;06 StB Klotzsche und nördliche OS;Umbau;2015;29;170
31 Klotzsche;StB 3 Klotzsche/nördliche Ortschaften;06 StB Klotzsche und nördliche OS;Umbau;2016;51;455
31 Klotzsche;StB 3 Klotzsche/nördliche Ortschaften;06 StB Klotzsche und nördliche OS;Umbau;2017;15;68
31 Klotzsche;StB 3 Klotzsche/nördliche Ortschaften;06 StB Klotzsche und nördliche OS;Umbau;2018;11;13
31 Klotzsche;StB 3 Klotzsche/nördliche Ortschaften;06 StB Klotzsche und nördliche OS;Umbau;2019;12;24
31 Klotzsche;StB 3 Klotzsche/nördliche Ortschaften;06 StB Klotzsche und nördliche OS;Umbau;2020;12;21
31 Klotzsche;StB 3 Klotzsche/nördliche Ortschaften;06 StB Klotzsche und nördliche OS;Umbau;2021;11;18
31 Klotzsche;StB 3 Klotzsche/nördliche Ortschaften;06 StB Klotzsche und nördliche OS;Umbau;2022;6;8
31 Klotzsche;StB 3 Klotzsche/nördliche Ortschaften;06 StB Klotzsche und nördliche OS;Umbau;2023;7;15
31 Klotzsche;StB 3 Klotzsche/nördliche Ortschaften;06 StB Klotzsche und nördliche OS;Umbau;2024;8;8
31 Klotzsche;StB 3 Klotzsche/nördliche Ortschaften;06 StB Klotzsche und nördliche OS;Umbau;2025;9;13
31 Klotzsche;StB 3 Klotzsche/nördliche Ortschaften;06 StB Klotzsche und nördliche OS;Umbau;unbekannt;51;315
32 Hellerau/Wilschdorf;StB 3 Klotzsche/nördliche Ortschaften;06 StB Klotzsche und nördliche OS;Neubau;1992;5;5
32 Hellerau/Wilschdorf;StB 3 Klotzsche/nördliche Ortschaften;06 StB Klotzsche und nördliche OS;Neubau;1993;8;9
32 Hellerau/Wilschdorf;StB 3 Klotzsche/nördliche Ortschaften;06 StB Klotzsche und nördliche OS;Neubau;1994;12;14
32 Hellerau/Wilschdorf;StB 3 Klotzsche/nördliche Ortschaften;06 StB Klotzsche und nördliche OS;Neubau;1995;27;35
32 Hellerau/Wilschdorf;StB 3 Klotzsche/nördliche Ortschaften;06 StB Klotzsche und nördliche OS;Neubau;1996;27;31
32 Hellerau/Wilschdorf;StB 3 Klotzsche/nördliche Ortschaften;06 StB Klotzsche und nördliche OS;Neubau;1997;32;76
32 Hellerau/Wilschdorf;StB 3 Klotzsche/nördliche Ortschaften;06 StB Klotzsche und nördliche OS;Neubau;1998;89;95
32 Hellerau/Wilschdorf;StB 3 Klotzsche/nördliche Ortschaften;06 StB Klotzsche und nördliche OS;Neubau;1999;31;34
32 Hellerau/Wilschdorf;StB 3 Klotzsche/nördliche Ortschaften;06 StB Klotzsche und nördliche OS;Neubau;2000;16;18
32 Hellerau/Wilschdorf;StB 3 Klotzsche/nördliche Ortschaften;06 StB Klotzsche und nördliche OS;Neubau;2001;14;10
32 Hellerau/Wilschdorf;StB 3 Klotzsche/nördliche Ortschaften;06 StB Klotzsche und nördliche OS;Neubau;2002;13;19
32 Hellerau/Wilschdorf;StB 3 Klotzsche/nördliche Ortschaften;06 StB Klotzsche und nördliche OS;Neubau;2003;22;18
32 Hellerau/Wilschdorf;StB 3 Klotzsche/nördliche Ortschaften;06 StB Klotzsche und nördliche OS;Neubau;2004;20;18
32 Hellerau/Wilschdorf;StB 3 Klotzsche/nördliche Ortschaften;06 StB Klotzsche und nördliche OS;Neubau;2005;12;10
32 Hellerau/Wilschdorf;StB 3 Klotzsche/nördliche Ortschaften;06 StB Klotzsche und nördliche OS;Neubau;2006;18;19
32 Hellerau/Wilschdorf;StB 3 Klotzsche/nördliche Ortschaften;06 StB Klotzsche und nördliche OS;Neubau;2007;18;14
32 Hellerau/Wilschdorf;StB 3 Klotzsche/nördliche Ortschaften;06 StB Klotzsche und nördliche OS;Neubau;2008;13;13
32 Hellerau/Wilschdorf;StB 3 Klotzsche/nördliche Ortschaften;06 StB Klotzsche und nördliche OS;Neubau;2009;7;6
32 Hellerau/Wilschdorf;StB 3 Klotzsche/nördliche Ortschaften;06 StB Klotzsche und nördliche OS;Neubau;2010;9;8
32 Hellerau/Wilschdorf;StB 3 Klotzsche/nördliche Ortschaften;06 StB Klotzsche und nördliche OS;Neubau;2011;9;4
32 Hellerau/Wilschdorf;StB 3 Klotzsche/nördliche Ortschaften;06 StB Klotzsche und nördliche OS;Neubau;2012;16;16
32 Hellerau/Wilschdorf;StB 3 Klotzsche/nördliche Ortschaften;06 StB Klotzsche und nördliche OS;Neubau;2013;10;10
32 Hellerau/Wilschdorf;StB 3 Klotzsche/nördliche Ortschaften;06 StB Klotzsche und nördliche OS;Neubau;2014;12;12
32 Hellerau/Wilschdorf;StB 3 Klotzsche/nördliche Ortschaften;06 StB Klotzsche und nördliche OS;Neubau;2015;4;3
32 Hellerau/Wilschdorf;StB 3 Klotzsche/nördliche Ortschaften;06 StB Klotzsche und nördliche OS;Neubau;2016;18;16
32 Hellerau/Wilschdorf;StB 3 Klotzsche/nördliche Ortschaften;06 StB Klotzsche und nördliche OS;Neubau;2017;10;8
32 Hellerau/Wilschdorf;StB 3 Klotzsche/nördliche Ortschaften;06 StB Klotzsche und nördliche OS;Neubau;2018;11;8
32 Hellerau/Wilschdorf;StB 3 Klotzsche/nördliche Ortschaften;06 StB Klotzsche und nördliche OS;Neubau;2019;12;9
32 Hellerau/Wilschdorf;StB 3 Klotzsche/nördliche Ortschaften;06 StB Klotzsche und nördliche OS;Neubau;2020;34;30
32 Hellerau/Wilschdorf;StB 3 Klotzsche/nördliche Ortschaften;06 StB Klotzsche und nördliche OS;Neubau;2021;25;24
32 Hellerau/Wilschdorf;StB 3 Klotzsche/nördliche Ortschaften;06 StB Klotzsche und nördliche OS;Neubau;2022;11;11
32 Hellerau/Wilschdorf;StB 3 Klotzsche/nördliche Ortschaften;06 StB Klotzsche und nördliche OS;Neubau;2023;18;23
32 Hellerau/Wilschdorf;StB 3 Klotzsche/nördliche Ortschaften;06 StB Klotzsche und nördliche OS;Neubau;2024;9;9
32 Hellerau/Wilschdorf;StB 3 Klotzsche/nördliche Ortschaften;06 StB Klotzsche und nördliche OS;Neubau;2025;9;3
32 Hellerau/Wilschdorf;StB 3 Klotzsche/nördliche Ortschaften;06 StB Klotzsche und nördliche OS;Neubau;2026;2;2
32 Hellerau/Wilschdorf;StB 3 Klotzsche/nördliche Ortschaften;06 StB Klotzsche und nördliche OS;Neubau;unbekannt;28;35
32 Hellerau/Wilschdorf;StB 3 Klotzsche/nördliche Ortschaften;06 StB Klotzsche und nördliche OS;Umbau;1992;2;1
32 Hellerau/Wilschdorf;StB 3 Klotzsche/nördliche Ortschaften;06 StB Klotzsche und nördliche OS;Umbau;1993;5;6
32 Hellerau/Wilschdorf;StB 3 Klotzsche/nördliche Ortschaften;06 StB Klotzsche und nördliche OS;Umbau;1994;10;17
32 Hellerau/Wilschdorf;StB 3 Klotzsche/nördliche Ortschaften;06 StB Klotzsche und nördliche OS;Umbau;1995;9;7
32 Hellerau/Wilschdorf;StB 3 Klotzsche/nördliche Ortschaften;06 StB Klotzsche und nördliche OS;Umbau;1996;13;23
32 Hellerau/Wilschdorf;StB 3 Klotzsche/nördliche Ortschaften;06 StB Klotzsche und nördliche OS;Umbau;1997;6;8
32 Hellerau/Wilschdorf;StB 3 Klotzsche/nördliche Ortschaften;06 StB Klotzsche und nördliche OS;Umbau;1998;12;26
32 Hellerau/Wilschdorf;StB 3 Klotzsche/nördliche Ortschaften;06 StB Klotzsche und nördliche OS;Umbau;1999;10;16
32 Hellerau/Wilschdorf;StB 3 Klotzsche/nördliche Ortschaften;06 StB Klotzsche und nördliche OS;Umbau;2000;6;23
32 Hellerau/Wilschdorf;StB 3 Klotzsche/nördliche Ortschaften;06 StB Klotzsche und nördliche OS;Umbau;2001;14;18
32 Hellerau/Wilschdorf;StB 3 Klotzsche/nördliche Ortschaften;06 StB Klotzsche und nördliche OS;Umbau;2002;9;12
32 Hellerau/Wilschdorf;StB 3 Klotzsche/nördliche Ortschaften;06 StB Klotzsche und nördliche OS;Umbau;2003;5;12
32 Hellerau/Wilschdorf;StB 3 Klotzsche/nördliche Ortschaften;06 StB Klotzsche und nördliche OS;Umbau;2004;6;14
32 Hellerau/Wilschdorf;StB 3 Klotzsche/nördliche Ortschaften;06 StB Klotzsche und nördliche OS;Umbau;2005;3;5
32 Hellerau/Wilschdorf;StB 3 Klotzsche/nördliche Ortschaften;06 StB Klotzsche und nördliche OS;Umbau;2006;3;4
32 Hellerau/Wilschdorf;StB 3 Klotzsche/nördliche Ortschaften;06 StB Klotzsche und nördliche OS;Umbau;2007;4;9
32 Hellerau/Wilschdorf;StB 3 Klotzsche/nördliche Ortschaften;06 StB Klotzsche und nördliche OS;Umbau;2008;10;12
32 Hellerau/Wilschdorf;StB 3 Klotzsche/nördliche Ortschaften;06 StB Klotzsche und nördliche OS;Umbau;2009;5;11
32 Hellerau/Wilschdorf;StB 3 Klotzsche/nördliche Ortschaften;06 StB Klotzsche und nördliche OS;Umbau;2010;6;9
32 Hellerau/Wilschdorf;StB 3 Klotzsche/nördliche Ortschaften;06 StB Klotzsche und nördliche OS;Umbau;2011;5;10
32 Hellerau/Wilschdorf;StB 3 Klotzsche/nördliche Ortschaften;06 StB Klotzsche und nördliche OS;Umbau;2012;9;17
32 Hellerau/Wilschdorf;StB 3 Klotzsche/nördliche Ortschaften;06 StB Klotzsche und nördliche OS;Umbau;2013;5;6
32 Hellerau/Wilschdorf;StB 3 Klotzsche/nördliche Ortschaften;06 StB Klotzsche und nördliche OS;Umbau;2014;7;22
32 Hellerau/Wilschdorf;StB 3 Klotzsche/nördliche Ortschaften;06 StB Klotzsche und nördliche OS;Umbau;2015;6;8
32 Hellerau/Wilschdorf;StB 3 Klotzsche/nördliche Ortschaften;06 StB Klotzsche und nördliche OS;Umbau;2016;13;16
32 Hellerau/Wilschdorf;StB 3 Klotzsche/nördliche Ortschaften;06 StB Klotzsche und nördliche OS;Umbau;2017;14;15
32 Hellerau/Wilschdorf;StB 3 Klotzsche/nördliche Ortschaften;06 StB Klotzsche und nördliche OS;Umbau;2018;3;2
32 Hellerau/Wilschdorf;StB 3 Klotzsche/nördliche Ortschaften;06 StB Klotzsche und nördliche OS;Umbau;2019;10;10
32 Hellerau/Wilschdorf;StB 3 Klotzsche/nördliche Ortschaften;06 StB Klotzsche und nördliche OS;Umbau;2020;13;27
32 Hellerau/Wilschdorf;StB 3 Klotzsche/nördliche Ortschaften;06 StB Klotzsche und nördliche OS;Umbau;2021;8;7
32 Hellerau/Wilschdorf;StB 3 Klotzsche/nördliche Ortschaften;06 StB Klotzsche und nördliche OS;Umbau;2022;6;5
32 Hellerau/Wilschdorf;StB 3 Klotzsche/nördliche Ortschaften;06 StB Klotzsche und nördliche OS;Umbau;2023;10;11
32 Hellerau/Wilschdorf;StB 3 Klotzsche/nördliche Ortschaften;06 StB Klotzsche und nördliche OS;Umbau;2024;9;9
32 Hellerau/Wilschdorf;StB 3 Klotzsche/nördliche Ortschaften;06 StB Klotzsche und nördliche OS;Umbau;2025;8;9
32 Hellerau/Wilschdorf;StB 3 Klotzsche/nördliche Ortschaften;06 StB Klotzsche und nördliche OS;Umbau;2026;1;1
32 Hellerau/Wilschdorf;StB 3 Klotzsche/nördliche Ortschaften;06 StB Klotzsche und nördliche OS;Umbau;unbekannt;25;37
35 Weixdorf;StB 3 Klotzsche/nördliche Ortschaften;06 StB Klotzsche und nördliche OS;Neubau;1999;23;20
35 Weixdorf;StB 3 Klotzsche/nördliche Ortschaften;06 StB Klotzsche und nördliche OS;Neubau;2000;45;46
35 Weixdorf;StB 3 Klotzsche/nördliche Ortschaften;06 StB Klotzsche und nördliche OS;Neubau;2001;31;33
35 Weixdorf;StB 3 Klotzsche/nördliche Ortschaften;06 StB Klotzsche und nördliche OS;Neubau;2002;19;17
35 Weixdorf;StB 3 Klotzsche/nördliche Ortschaften;06 StB Klotzsche und nördliche OS;Neubau;2003;24;24
35 Weixdorf;StB 3 Klotzsche/nördliche Ortschaften;06 StB Klotzsche und nördliche OS;Neubau;2004;41;41
35 Weixdorf;StB 3 Klotzsche/nördliche Ortschaften;06 StB Klotzsche und nördliche OS;Neubau;2005;15;14
35 Weixdorf;StB 3 Klotzsche/nördliche Ortschaften;06 StB Klotzsche und nördliche OS;Neubau;2006;17;18
35 Weixdorf;StB 3 Klotzsche/nördliche Ortschaften;06 StB Klotzsche und nördliche OS;Neubau;2007;14;13
35 Weixdorf;StB 3 Klotzsche/nördliche Ortschaften;06 StB Klotzsche und nördliche OS;Neubau;2008;27;25
35 Weixdorf;StB 3 Klotzsche/nördliche Ortschaften;06 StB Klotzsche und nördliche OS;Neubau;2009;21;17
35 Weixdorf;StB 3 Klotzsche/nördliche Ortschaften;06 StB Klotzsche und nördliche OS;Neubau;2010;20;20
35 Weixdorf;StB 3 Klotzsche/nördliche Ortschaften;06 StB Klotzsche und nördliche OS;Neubau;2011;27;29
35 Weixdorf;StB 3 Klotzsche/nördliche Ortschaften;06 StB Klotzsche und nördliche OS;Neubau;2012;48;48
35 Weixdorf;StB 3 Klotzsche/nördliche Ortschaften;06 StB Klotzsche und nördliche OS;Neubau;2013;22;21
35 Weixdorf;StB 3 Klotzsche/nördliche Ortschaften;06 StB Klotzsche und nördliche OS;Neubau;2014;14;13
35 Weixdorf;StB 3 Klotzsche/nördliche Ortschaften;06 StB Klotzsche und nördliche OS;Neubau;2015;15;16
35 Weixdorf;StB 3 Klotzsche/nördliche Ortschaften;06 StB Klotzsche und nördliche OS;Neubau;2016;13;13
35 Weixdorf;StB 3 Klotzsche/nördliche Ortschaften;06 StB Klotzsche und nördliche OS;Neubau;2017;10;11
35 Weixdorf;StB 3 Klotzsche/nördliche Ortschaften;06 StB Klotzsche und nördliche OS;Neubau;2018;20;15
35 Weixdorf;StB 3 Klotzsche/nördliche Ortschaften;06 StB Klotzsche und nördliche OS;Neubau;2019;2;2
35 Weixdorf;StB 3 Klotzsche/nördliche Ortschaften;06 StB Klotzsche und nördliche OS;Neubau;2020;6;6
35 Weixdorf;StB 3 Klotzsche/nördliche Ortschaften;06 StB Klotzsche und nördliche OS;Neubau;2021;8;5
35 Weixdorf;StB 3 Klotzsche/nördliche Ortschaften;06 StB Klotzsche und nördliche OS;Neubau;2022;12;9
35 Weixdorf;StB 3 Klotzsche/nördliche Ortschaften;06 StB Klotzsche und nördliche OS;Neubau;2023;16;14
35 Weixdorf;StB 3 Klotzsche/nördliche Ortschaften;06 StB Klotzsche und nördliche OS;Neubau;2024;5;4
35 Weixdorf;StB 3 Klotzsche/nördliche Ortschaften;06 StB Klotzsche und nördliche OS;Neubau;2025;7;6
35 Weixdorf;StB 3 Klotzsche/nördliche Ortschaften;06 StB Klotzsche und nördliche OS;Neubau;unbekannt;18;15
35 Weixdorf;StB 3 Klotzsche/nördliche Ortschaften;06 StB Klotzsche und nördliche OS;Umbau;1999;5;14
35 Weixdorf;StB 3 Klotzsche/nördliche Ortschaften;06 StB Klotzsche und nördliche OS;Umbau;2000;4;3
35 Weixdorf;StB 3 Klotzsche/nördliche Ortschaften;06 StB Klotzsche und nördliche OS;Umbau;2001;4;11
35 Weixdorf;StB 3 Klotzsche/nördliche Ortschaften;06 StB Klotzsche und nördliche OS;Umbau;2002;9;13
35 Weixdorf;StB 3 Klotzsche/nördliche Ortschaften;06 StB Klotzsche und nördliche OS;Umbau;2003;4;5
35 Weixdorf;StB 3 Klotzsche/nördliche Ortschaften;06 StB Klotzsche und nördliche OS;Umbau;2004;5;7
35 Weixdorf;StB 3 Klotzsche/nördliche Ortschaften;06 StB Klotzsche und nördliche OS;Umbau;2005;9;9
35 Weixdorf;StB 3 Klotzsche/nördliche Ortschaften;06 StB Klotzsche und nördliche OS;Umbau;2006;8;9
35 Weixdorf;StB 3 Klotzsche/nördliche Ortschaften;06 StB Klotzsche und nördliche OS;Umbau;2007;9;12
35 Weixdorf;StB 3 Klotzsche/nördliche Ortschaften;06 StB Klotzsche und nördliche OS;Umbau;2008;3;4
35 Weixdorf;StB 3 Klotzsche/nördliche Ortschaften;06 StB Klotzsche und nördliche OS;Umbau;2009;2;1
35 Weixdorf;StB 3 Klotzsche/nördliche Ortschaften;06 StB Klotzsche und nördliche OS;Umbau;2010;5;8
35 Weixdorf;StB 3 Klotzsche/nördliche Ortschaften;06 StB Klotzsche und nördliche OS;Umbau;2011;2;2
35 Weixdorf;StB 3 Klotzsche/nördliche Ortschaften;06 StB Klotzsche und nördliche OS;Umbau;2012;4;6
35 Weixdorf;StB 3 Klotzsche/nördliche Ortschaften;06 StB Klotzsche und nördliche OS;Umbau;2013;3;4
35 Weixdorf;StB 3 Klotzsche/nördliche Ortschaften;06 StB Klotzsche und nördliche OS;Umbau;2014;11;13
35 Weixdorf;StB 3 Klotzsche/nördliche Ortschaften;06 StB Klotzsche und nördliche OS;Umbau;2015;9;11
35 Weixdorf;StB 3 Klotzsche/nördliche Ortschaften;06 StB Klotzsche und nördliche OS;Umbau;2016;9;16
35 Weixdorf;StB 3 Klotzsche/nördliche Ortschaften;06 StB Klotzsche und nördliche OS;Umbau;2017;7;11
35 Weixdorf;StB 3 Klotzsche/nördliche Ortschaften;06 StB Klotzsche und nördliche OS;Umbau;2018;6;7
35 Weixdorf;StB 3 Klotzsche/nördliche Ortschaften;06 StB Klotzsche und nördliche OS;Umbau;2019;6;9
35 Weixdorf;StB 3 Klotzsche/nördliche Ortschaften;06 StB Klotzsche und nördliche OS;Umbau;2020;8;9
35 Weixdorf;StB 3 Klotzsche/nördliche Ortschaften;06 StB Klotzsche und nördliche OS;Umbau;2021;12;116
35 Weixdorf;StB 3 Klotzsche/nördliche Ortschaften;06 StB Klotzsche und nördliche OS;Umbau;2022;6;9
35 Weixdorf;StB 3 Klotzsche/nördliche Ortschaften;06 StB Klotzsche und nördliche OS;Umbau;2023;11;15
35 Weixdorf;StB 3 Klotzsche/nördliche Ortschaften;06 StB Klotzsche und nördliche OS;Umbau;2024;7;7
35 Weixdorf;StB 3 Klotzsche/nördliche Ortschaften;06 StB Klotzsche und nördliche OS;Umbau;2025;9;14
35 Weixdorf;StB 3 Klotzsche/nördliche Ortschaften;06 StB Klotzsche und nördliche OS;Umbau;2026;1;1
35 Weixdorf;StB 3 Klotzsche/nördliche Ortschaften;06 StB Klotzsche und nördliche OS;Umbau;unbekannt;21;42
36 Langebrück/Schönborn;StB 3 Klotzsche/nördliche Ortschaften;06 StB Klotzsche und nördliche OS;Neubau;1999;5;5
36 Langebrück/Schönborn;StB 3 Klotzsche/nördliche Ortschaften;06 StB Klotzsche und nördliche OS;Neubau;2000;16;17
36 Langebrück/Schönborn;StB 3 Klotzsche/nördliche Ortschaften;06 StB Klotzsche und nördliche OS;Neubau;2001;11;10
36 Langebrück/Schönborn;StB 3 Klotzsche/nördliche Ortschaften;06 StB Klotzsche und nördliche OS;Neubau;2002;13;13
36 Langebrück/Schönborn;StB 3 Klotzsche/nördliche Ortschaften;06 StB Klotzsche und nördliche OS;Neubau;2003;6;7
36 Langebrück/Schönborn;StB 3 Klotzsche/nördliche Ortschaften;06 StB Klotzsche und nördliche OS;Neubau;2004;16;16
36 Langebrück/Schönborn;StB 3 Klotzsche/nördliche Ortschaften;06 StB Klotzsche und nördliche OS;Neubau;2005;15;16
36 Langebrück/Schönborn;StB 3 Klotzsche/nördliche Ortschaften;06 StB Klotzsche und nördliche OS;Neubau;2006;9;7
36 Langebrück/Schönborn;StB 3 Klotzsche/nördliche Ortschaften;06 StB Klotzsche und nördliche OS;Neubau;2007;4;3
36 Langebrück/Schönborn;StB 3 Klotzsche/nördliche Ortschaften;06 StB Klotzsche und nördliche OS;Neubau;2008;4;3
36 Langebrück/Schönborn;StB 3 Klotzsche/nördliche Ortschaften;06 StB Klotzsche und nördliche OS;Neubau;2009;7;8
36 Langebrück/Schönborn;StB 3 Klotzsche/nördliche Ortschaften;06 StB Klotzsche und nördliche OS;Neubau;2010;5;5
36 Langebrück/Schönborn;StB 3 Klotzsche/nördliche Ortschaften;06 StB Klotzsche und nördliche OS;Neubau;2011;5;5
36 Langebrück/Schönborn;StB 3 Klotzsche/nördliche Ortschaften;06 StB Klotzsche und nördliche OS;Neubau;2012;1;1
36 Langebrück/Schönborn;StB 3 Klotzsche/nördliche Ortschaften;06 StB Klotzsche und nördliche OS;Neubau;2013;6;6
36 Langebrück/Schönborn;StB 3 Klotzsche/nördliche Ortschaften;06 StB Klotzsche und nördliche OS;Neubau;2014;45;44
36 Langebrück/Schönborn;StB 3 Klotzsche/nördliche Ortschaften;06 StB Klotzsche und nördliche OS;Neubau;2015;20;21
36 Langebrück/Schönborn;StB 3 Klotzsche/nördliche Ortschaften;06 StB Klotzsche und nördliche OS;Neubau;2016;11;16
36 Langebrück/Schönborn;StB 3 Klotzsche/nördliche Ortschaften;06 StB Klotzsche und nördliche OS;Neubau;2017;2;2
36 Langebrück/Schönborn;StB 3 Klotzsche/nördliche Ortschaften;06 StB Klotzsche und nördliche OS;Neubau;2018;5;9
36 Langebrück/Schönborn;StB 3 Klotzsche/nördliche Ortschaften;06 StB Klotzsche und nördliche OS;Neubau;2019;3;3
36 Langebrück/Schönborn;StB 3 Klotzsche/nördliche Ortschaften;06 StB Klotzsche und nördliche OS;Neubau;2020;5;6
36 Langebrück/Schönborn;StB 3 Klotzsche/nördliche Ortschaften;06 StB Klotzsche und nördliche OS;Neubau;2021;9;10
36 Langebrück/Schönborn;StB 3 Klotzsche/nördliche Ortschaften;06 StB Klotzsche und nördliche OS;Neubau;2022;8;5
36 Langebrück/Schönborn;StB 3 Klotzsche/nördliche Ortschaften;06 StB Klotzsche und nördliche OS;Neubau;2023;3;7
36 Langebrück/Schönborn;StB 3 Klotzsche/nördliche Ortschaften;06 StB Klotzsche und nördliche OS;Neubau;2024;6;6
36 Langebrück/Schönborn;StB 3 Klotzsche/nördliche Ortschaften;06 StB Klotzsche und nördliche OS;Neubau;2025;2;2
36 Langebrück/Schönborn;StB 3 Klotzsche/nördliche Ortschaften;06 StB Klotzsche und nördliche OS;Neubau;2026;1;1
36 Langebrück/Schönborn;StB 3 Klotzsche/nördliche Ortschaften;06 StB Klotzsche und nördliche OS;Neubau;unbekannt;4;10
36 Langebrück/Schönborn;StB 3 Klotzsche/nördliche Ortschaften;06 StB Klotzsche und nördliche OS;Umbau;1999;3;5
36 Langebrück/Schönborn;StB 3 Klotzsche/nördliche Ortschaften;06 StB Klotzsche und nördliche OS;Umbau;2000;2;2
36 Langebrück/Schönborn;StB 3 Klotzsche/nördliche Ortschaften;06 StB Klotzsche und nördliche OS;Umbau;2001;6;14
36 Langebrück/Schönborn;StB 3 Klotzsche/nördliche Ortschaften;06 StB Klotzsche und nördliche OS;Umbau;2002;3;8
36 Langebrück/Schönborn;StB 3 Klotzsche/nördliche Ortschaften;06 StB Klotzsche und nördliche OS;Umbau;2003;2;3
36 Langebrück/Schönborn;StB 3 Klotzsche/nördliche Ortschaften;06 StB Klotzsche und nördliche OS;Umbau;2004;12;15
36 Langebrück/Schönborn;StB 3 Klotzsche/nördliche Ortschaften;06 StB Klotzsche und nördliche OS;Umbau;2005;5;11
36 Langebrück/Schönborn;StB 3 Klotzsche/nördliche Ortschaften;06 StB Klotzsche und nördliche OS;Umbau;2006;6;8
36 Langebrück/Schönborn;StB 3 Klotzsche/nördliche Ortschaften;06 StB Klotzsche und nördliche OS;Umbau;2007;9;22
36 Langebrück/Schönborn;StB 3 Klotzsche/nördliche Ortschaften;06 StB Klotzsche und nördliche OS;Umbau;2008;1;1
36 Langebrück/Schönborn;StB 3 Klotzsche/nördliche Ortschaften;06 StB Klotzsche und nördliche OS;Umbau;2009;4;4
36 Langebrück/Schönborn;StB 3 Klotzsche/nördliche Ortschaften;06 StB Klotzsche und nördliche OS;Umbau;2010;3;3
36 Langebrück/Schönborn;StB 3 Klotzsche/nördliche Ortschaften;06 StB Klotzsche und nördliche OS;Umbau;2011;4;50
36 Langebrück/Schönborn;StB 3 Klotzsche/nördliche Ortschaften;06 StB Klotzsche und nördliche OS;Umbau;2012;6;8
36 Langebrück/Schönborn;StB 3 Klotzsche/nördliche Ortschaften;06 StB Klotzsche und nördliche OS;Umbau;2013;8;23
36 Langebrück/Schönborn;StB 3 Klotzsche/nördliche Ortschaften;06 StB Klotzsche und nördliche OS;Umbau;2014;5;9
36 Langebrück/Schönborn;StB 3 Klotzsche/nördliche Ortschaften;06 StB Klotzsche und nördliche OS;Umbau;2015;4;9
36 Langebrück/Schönborn;StB 3 Klotzsche/nördliche Ortschaften;06 StB Klotzsche und nördliche OS;Umbau;2016;5;9
36 Langebrück/Schönborn;StB 3 Klotzsche/nördliche Ortschaften;06 StB Klotzsche und nördliche OS;Umbau;2017;7;14
36 Langebrück/Schönborn;StB 3 Klotzsche/nördliche Ortschaften;06 StB Klotzsche und nördliche OS;Umbau;2018;7;51
36 Langebrück/Schönborn;StB 3 Klotzsche/nördliche Ortschaften;06 StB Klotzsche und nördliche OS;Umbau;2019;4;3
36 Langebrück/Schönborn;StB 3 Klotzsche/nördliche Ortschaften;06 StB Klotzsche und nördliche OS;Umbau;2020;5;7
36 Langebrück/Schönborn;StB 3 Klotzsche/nördliche Ortschaften;06 StB Klotzsche und nördliche OS;Umbau;2021;7;113
36 Langebrück/Schönborn;StB 3 Klotzsche/nördliche Ortschaften;06 StB Klotzsche und nördliche OS;Umbau;2022;5;8
36 Langebrück/Schönborn;StB 3 Klotzsche/nördliche Ortschaften;06 StB Klotzsche und nördliche OS;Umbau;2023;1;1
36 Langebrück/Schönborn;StB 3 Klotzsche/nördliche Ortschaften;06 StB Klotzsche und nördliche OS;Umbau;2024;6;6
36 Langebrück/Schönborn;StB 3 Klotzsche/nördliche Ortschaften;06 StB Klotzsche und nördliche OS;Umbau;2025;4;5
36 Langebrück/Schönborn;StB 3 Klotzsche/nördliche Ortschaften;06 StB Klotzsche und nördliche OS;Umbau;unbekannt;13;25
41 Loschwitz/Wachwitz;StB 4 Loschwitz/OS Schönfeld-Weißig;07 StB Loschwitz und OS Schönfeld-Weißig;Neubau;1992;2;2
41 Loschwitz/Wachwitz;StB 4 Loschwitz/OS Schönfeld-Weißig;07 StB Loschwitz und OS Schönfeld-Weißig;Neubau;1993;1;2
41 Loschwitz/Wachwitz;StB 4 Loschwitz/OS Schönfeld-Weißig;07 StB Loschwitz und OS Schönfeld-Weißig;Neubau;1994;6;18
41 Loschwitz/Wachwitz;StB 4 Loschwitz/OS Schönfeld-Weißig;07 StB Loschwitz und OS Schönfeld-Weißig;Neubau;1995;26;197
41 Loschwitz/Wachwitz;StB 4 Loschwitz/OS Schönfeld-Weißig;07 StB Loschwitz und OS Schönfeld-Weißig;Neubau;1996;20;77
41 Loschwitz/Wachwitz;StB 4 Loschwitz/OS Schönfeld-Weißig;07 StB Loschwitz und OS Schönfeld-Weißig;Neubau;1997;30;173
41 Loschwitz/Wachwitz;StB 4 Loschwitz/OS Schönfeld-Weißig;07 StB Loschwitz und OS Schönfeld-Weißig;Neubau;1998;14;33
41 Loschwitz/Wachwitz;StB 4 Loschwitz/OS Schönfeld-Weißig;07 StB Loschwitz und OS Schönfeld-Weißig;Neubau;1999;8;25
41 Loschwitz/Wachwitz;StB 4 Loschwitz/OS Schönfeld-Weißig;07 StB Loschwitz und OS Schönfeld-Weißig;Neubau;2000;4;12
41 Loschwitz/Wachwitz;StB 4 Loschwitz/OS Schönfeld-Weißig;07 StB Loschwitz und OS Schönfeld-Weißig;Neubau;2001;7;7
41 Loschwitz/Wachwitz;StB 4 Loschwitz/OS Schönfeld-Weißig;07 StB Loschwitz und OS Schönfeld-Weißig;Neubau;2002;6;5
41 Loschwitz/Wachwitz;StB 4 Loschwitz/OS Schönfeld-Weißig;07 StB Loschwitz und OS Schönfeld-Weißig;Neubau;2003;14;22
41 Loschwitz/Wachwitz;StB 4 Loschwitz/OS Schönfeld-Weißig;07 StB Loschwitz und OS Schönfeld-Weißig;Neubau;2004;21;27
41 Loschwitz/Wachwitz;StB 4 Loschwitz/OS Schönfeld-Weißig;07 StB Loschwitz und OS Schönfeld-Weißig;Neubau;2005;19;14
41 Loschwitz/Wachwitz;StB 4 Loschwitz/OS Schönfeld-Weißig;07 StB Loschwitz und OS Schönfeld-Weißig;Neubau;2006;10;18
41 Loschwitz/Wachwitz;StB 4 Loschwitz/OS Schönfeld-Weißig;07 StB Loschwitz und OS Schönfeld-Weißig;Neubau;2007;11;13
41 Loschwitz/Wachwitz;StB 4 Loschwitz/OS Schönfeld-Weißig;07 StB Loschwitz und OS Schönfeld-Weißig;Neubau;2008;26;28
41 Loschwitz/Wachwitz;StB 4 Loschwitz/OS Schönfeld-Weißig;07 StB Loschwitz und OS Schönfeld-Weißig;Neubau;2009;13;14
41 Loschwitz/Wachwitz;StB 4 Loschwitz/OS Schönfeld-Weißig;07 StB Loschwitz und OS Schönfeld-Weißig;Neubau;2010;14;19
41 Loschwitz/Wachwitz;StB 4 Loschwitz/OS Schönfeld-Weißig;07 StB Loschwitz und OS Schönfeld-Weißig;Neubau;2011;4;10
41 Loschwitz/Wachwitz;StB 4 Loschwitz/OS Schönfeld-Weißig;07 StB Loschwitz und OS Schönfeld-Weißig;Neubau;2012;13;19
41 Loschwitz/Wachwitz;StB 4 Loschwitz/OS Schönfeld-Weißig;07 StB Loschwitz und OS Schönfeld-Weißig;Neubau;2013;6;6
41 Loschwitz/Wachwitz;StB 4 Loschwitz/OS Schönfeld-Weißig;07 StB Loschwitz und OS Schönfeld-Weißig;Neubau;2014;8;25
41 Loschwitz/Wachwitz;StB 4 Loschwitz/OS Schönfeld-Weißig;07 StB Loschwitz und OS Schönfeld-Weißig;Neubau;2015;2;2
41 Loschwitz/Wachwitz;StB 4 Loschwitz/OS Schönfeld-Weißig;07 StB Loschwitz und OS Schönfeld-Weißig;Neubau;2016;6;4
41 Loschwitz/Wachwitz;StB 4 Loschwitz/OS Schönfeld-Weißig;07 StB Loschwitz und OS Schönfeld-Weißig;Neubau;2017;6;9
41 Loschwitz/Wachwitz;StB 4 Loschwitz/OS Schönfeld-Weißig;07 StB Loschwitz und OS Schönfeld-Weißig;Neubau;2018;14;50
41 Loschwitz/Wachwitz;StB 4 Loschwitz/OS Schönfeld-Weißig;07 StB Loschwitz und OS Schönfeld-Weißig;Neubau;2019;5;4
41 Loschwitz/Wachwitz;StB 4 Loschwitz/OS Schönfeld-Weißig;07 StB Loschwitz und OS Schönfeld-Weißig;Neubau;2020;10;48
41 Loschwitz/Wachwitz;StB 4 Loschwitz/OS Schönfeld-Weißig;07 StB Loschwitz und OS Schönfeld-Weißig;Neubau;2021;7;4
41 Loschwitz/Wachwitz;StB 4 Loschwitz/OS Schönfeld-Weißig;07 StB Loschwitz und OS Schönfeld-Weißig;Neubau;2022;3;5
41 Loschwitz/Wachwitz;StB 4 Loschwitz/OS Schönfeld-Weißig;07 StB Loschwitz und OS Schönfeld-Weißig;Neubau;2023;5;6
41 Loschwitz/Wachwitz;StB 4 Loschwitz/OS Schönfeld-Weißig;07 StB Loschwitz und OS Schönfeld-Weißig;Neubau;2024;3;4
41 Loschwitz/Wachwitz;StB 4 Loschwitz/OS Schönfeld-Weißig;07 StB Loschwitz und OS Schönfeld-Weißig;Neubau;2025;2;2
41 Loschwitz/Wachwitz;StB 4 Loschwitz/OS Schönfeld-Weißig;07 StB Loschwitz und OS Schönfeld-Weißig;Neubau;unbekannt;19;21
41 Loschwitz/Wachwitz;StB 4 Loschwitz/OS Schönfeld-Weißig;07 StB Loschwitz und OS Schönfeld-Weißig;Umbau;1992;1;0
41 Loschwitz/Wachwitz;StB 4 Loschwitz/OS Schönfeld-Weißig;07 StB Loschwitz und OS Schönfeld-Weißig;Umbau;1993;3;6
41 Loschwitz/Wachwitz;StB 4 Loschwitz/OS Schönfeld-Weißig;07 StB Loschwitz und OS Schönfeld-Weißig;Umbau;1994;10;10
41 Loschwitz/Wachwitz;StB 4 Loschwitz/OS Schönfeld-Weißig;07 StB Loschwitz und OS Schönfeld-Weißig;Umbau;1995;11;17
41 Loschwitz/Wachwitz;StB 4 Loschwitz/OS Schönfeld-Weißig;07 StB Loschwitz und OS Schönfeld-Weißig;Umbau;1996;15;32
41 Loschwitz/Wachwitz;StB 4 Loschwitz/OS Schönfeld-Weißig;07 StB Loschwitz und OS Schönfeld-Weißig;Umbau;1997;18;56
41 Loschwitz/Wachwitz;StB 4 Loschwitz/OS Schönfeld-Weißig;07 StB Loschwitz und OS Schönfeld-Weißig;Umbau;1998;22;68
41 Loschwitz/Wachwitz;StB 4 Loschwitz/OS Schönfeld-Weißig;07 StB Loschwitz und OS Schönfeld-Weißig;Umbau;1999;22;88
41 Loschwitz/Wachwitz;StB 4 Loschwitz/OS Schönfeld-Weißig;07 StB Loschwitz und OS Schönfeld-Weißig;Umbau;2000;10;33
41 Loschwitz/Wachwitz;StB 4 Loschwitz/OS Schönfeld-Weißig;07 StB Loschwitz und OS Schönfeld-Weißig;Umbau;2001;19;49
41 Loschwitz/Wachwitz;StB 4 Loschwitz/OS Schönfeld-Weißig;07 StB Loschwitz und OS Schönfeld-Weißig;Umbau;2002;11;22
41 Loschwitz/Wachwitz;StB 4 Loschwitz/OS Schönfeld-Weißig;07 StB Loschwitz und OS Schönfeld-Weißig;Umbau;2003;13;61
41 Loschwitz/Wachwitz;StB 4 Loschwitz/OS Schönfeld-Weißig;07 StB Loschwitz und OS Schönfeld-Weißig;Umbau;2004;25;87
41 Loschwitz/Wachwitz;StB 4 Loschwitz/OS Schönfeld-Weißig;07 StB Loschwitz und OS Schönfeld-Weißig;Umbau;2005;17;29
41 Loschwitz/Wachwitz;StB 4 Loschwitz/OS Schönfeld-Weißig;07 StB Loschwitz und OS Schönfeld-Weißig;Umbau;2006;13;38
41 Loschwitz/Wachwitz;StB 4 Loschwitz/OS Schönfeld-Weißig;07 StB Loschwitz und OS Schönfeld-Weißig;Umbau;2007;12;22
41 Loschwitz/Wachwitz;StB 4 Loschwitz/OS Schönfeld-Weißig;07 StB Loschwitz und OS Schönfeld-Weißig;Umbau;2008;12;52
41 Loschwitz/Wachwitz;StB 4 Loschwitz/OS Schönfeld-Weißig;07 StB Loschwitz und OS Schönfeld-Weißig;Umbau;2009;13;46
41 Loschwitz/Wachwitz;StB 4 Loschwitz/OS Schönfeld-Weißig;07 StB Loschwitz und OS Schönfeld-Weißig;Umbau;2010;23;51
41 Loschwitz/Wachwitz;StB 4 Loschwitz/OS Schönfeld-Weißig;07 StB Loschwitz und OS Schönfeld-Weißig;Umbau;2011;14;17
41 Loschwitz/Wachwitz;StB 4 Loschwitz/OS Schönfeld-Weißig;07 StB Loschwitz und OS Schönfeld-Weißig;Umbau;2012;7;13
41 Loschwitz/Wachwitz;StB 4 Loschwitz/OS Schönfeld-Weißig;07 StB Loschwitz und OS Schönfeld-Weißig;Umbau;2013;6;29
41 Loschwitz/Wachwitz;StB 4 Loschwitz/OS Schönfeld-Weißig;07 StB Loschwitz und OS Schönfeld-Weißig;Umbau;2014;12;30
41 Loschwitz/Wachwitz;StB 4 Loschwitz/OS Schönfeld-Weißig;07 StB Loschwitz und OS Schönfeld-Weißig;Umbau;2015;8;15
41 Loschwitz/Wachwitz;StB 4 Loschwitz/OS Schönfeld-Weißig;07 StB Loschwitz und OS Schönfeld-Weißig;Umbau;2016;12;22
41 Loschwitz/Wachwitz;StB 4 Loschwitz/OS Schönfeld-Weißig;07 StB Loschwitz und OS Schönfeld-Weißig;Umbau;2017;13;35
41 Loschwitz/Wachwitz;StB 4 Loschwitz/OS Schönfeld-Weißig;07 StB Loschwitz und OS Schönfeld-Weißig;Umbau;2018;6;22
41 Loschwitz/Wachwitz;StB 4 Loschwitz/OS Schönfeld-Weißig;07 StB Loschwitz und OS Schönfeld-Weißig;Umbau;2019;14;34
41 Loschwitz/Wachwitz;StB 4 Loschwitz/OS Schönfeld-Weißig;07 StB Loschwitz und OS Schönfeld-Weißig;Umbau;2020;10;35
41 Loschwitz/Wachwitz;StB 4 Loschwitz/OS Schönfeld-Weißig;07 StB Loschwitz und OS Schönfeld-Weißig;Umbau;2021;12;16
41 Loschwitz/Wachwitz;StB 4 Loschwitz/OS Schönfeld-Weißig;07 StB Loschwitz und OS Schönfeld-Weißig;Umbau;2022;3;7
41 Loschwitz/Wachwitz;StB 4 Loschwitz/OS Schönfeld-Weißig;07 StB Loschwitz und OS Schönfeld-Weißig;Umbau;2023;8;34
41 Loschwitz/Wachwitz;StB 4 Loschwitz/OS Schönfeld-Weißig;07 StB Loschwitz und OS Schönfeld-Weißig;Umbau;2024;11;30
41 Loschwitz/Wachwitz;StB 4 Loschwitz/OS Schönfeld-Weißig;07 StB Loschwitz und OS Schönfeld-Weißig;Umbau;2025;3;5
41 Loschwitz/Wachwitz;StB 4 Loschwitz/OS Schönfeld-Weißig;07 StB Loschwitz und OS Schönfeld-Weißig;Umbau;unbekannt;21;55
42 Bühlau/Weißer Hirsch;StB 4 Loschwitz/OS Schönfeld-Weißig;07 StB Loschwitz und OS Schönfeld-Weißig;Neubau;1992;4;2
42 Bühlau/Weißer Hirsch;StB 4 Loschwitz/OS Schönfeld-Weißig;07 StB Loschwitz und OS Schönfeld-Weißig;Neubau;1993;8;20
42 Bühlau/Weißer Hirsch;StB 4 Loschwitz/OS Schönfeld-Weißig;07 StB Loschwitz und OS Schönfeld-Weißig;Neubau;1994;34;128
42 Bühlau/Weißer Hirsch;StB 4 Loschwitz/OS Schönfeld-Weißig;07 StB Loschwitz und OS Schönfeld-Weißig;Neubau;1995;37;173
42 Bühlau/Weißer Hirsch;StB 4 Loschwitz/OS Schönfeld-Weißig;07 StB Loschwitz und OS Schönfeld-Weißig;Neubau;1996;30;113
42 Bühlau/Weißer Hirsch;StB 4 Loschwitz/OS Schönfeld-Weißig;07 StB Loschwitz und OS Schönfeld-Weißig;Neubau;1997;50;238
42 Bühlau/Weißer Hirsch;StB 4 Loschwitz/OS Schönfeld-Weißig;07 StB Loschwitz und OS Schönfeld-Weißig;Neubau;1998;41;169
42 Bühlau/Weißer Hirsch;StB 4 Loschwitz/OS Schönfeld-Weißig;07 StB Loschwitz und OS Schönfeld-Weißig;Neubau;1999;16;32
42 Bühlau/Weißer Hirsch;StB 4 Loschwitz/OS Schönfeld-Weißig;07 StB Loschwitz und OS Schönfeld-Weißig;Neubau;2000;11;18
42 Bühlau/Weißer Hirsch;StB 4 Loschwitz/OS Schönfeld-Weißig;07 StB Loschwitz und OS Schönfeld-Weißig;Neubau;2001;8;17
42 Bühlau/Weißer Hirsch;StB 4 Loschwitz/OS Schönfeld-Weißig;07 StB Loschwitz und OS Schönfeld-Weißig;Neubau;2002;19;20
42 Bühlau/Weißer Hirsch;StB 4 Loschwitz/OS Schönfeld-Weißig;07 StB Loschwitz und OS Schönfeld-Weißig;Neubau;2003;26;30
42 Bühlau/Weißer Hirsch;StB 4 Loschwitz/OS Schönfeld-Weißig;07 StB Loschwitz und OS Schönfeld-Weißig;Neubau;2004;21;34
42 Bühlau/Weißer Hirsch;StB 4 Loschwitz/OS Schönfeld-Weißig;07 StB Loschwitz und OS Schönfeld-Weißig;Neubau;2005;26;37
42 Bühlau/Weißer Hirsch;StB 4 Loschwitz/OS Schönfeld-Weißig;07 StB Loschwitz und OS Schönfeld-Weißig;Neubau;2006;25;25
42 Bühlau/Weißer Hirsch;StB 4 Loschwitz/OS Schönfeld-Weißig;07 StB Loschwitz und OS Schönfeld-Weißig;Neubau;2007;20;22
42 Bühlau/Weißer Hirsch;StB 4 Loschwitz/OS Schönfeld-Weißig;07 StB Loschwitz und OS Schönfeld-Weißig;Neubau;2008;20;35
42 Bühlau/Weißer Hirsch;StB 4 Loschwitz/OS Schönfeld-Weißig;07 StB Loschwitz und OS Schönfeld-Weißig;Neubau;2009;19;23
42 Bühlau/Weißer Hirsch;StB 4 Loschwitz/OS Schönfeld-Weißig;07 StB Loschwitz und OS Schönfeld-Weißig;Neubau;2010;19;18
42 Bühlau/Weißer Hirsch;StB 4 Loschwitz/OS Schönfeld-Weißig;07 StB Loschwitz und OS Schönfeld-Weißig;Neubau;2011;13;9
42 Bühlau/Weißer Hirsch;StB 4 Loschwitz/OS Schönfeld-Weißig;07 StB Loschwitz und OS Schönfeld-Weißig;Neubau;2012;13;17
42 Bühlau/Weißer Hirsch;StB 4 Loschwitz/OS Schönfeld-Weißig;07 StB Loschwitz und OS Schönfeld-Weißig;Neubau;2013;7;8
42 Bühlau/Weißer Hirsch;StB 4 Loschwitz/OS Schönfeld-Weißig;07 StB Loschwitz und OS Schönfeld-Weißig;Neubau;2014;13;21
42 Bühlau/Weißer Hirsch;StB 4 Loschwitz/OS Schönfeld-Weißig;07 StB Loschwitz und OS Schönfeld-Weißig;Neubau;2015;38;69
42 Bühlau/Weißer Hirsch;StB 4 Loschwitz/OS Schönfeld-Weißig;07 StB Loschwitz und OS Schönfeld-Weißig;Neubau;2016;10;6
42 Bühlau/Weißer Hirsch;StB 4 Loschwitz/OS Schönfeld-Weißig;07 StB Loschwitz und OS Schönfeld-Weißig;Neubau;2017;4;4
42 Bühlau/Weißer Hirsch;StB 4 Loschwitz/OS Schönfeld-Weißig;07 StB Loschwitz und OS Schönfeld-Weißig;Neubau;2018;11;9
42 Bühlau/Weißer Hirsch;StB 4 Loschwitz/OS Schönfeld-Weißig;07 StB Loschwitz und OS Schönfeld-Weißig;Neubau;2019;14;25
42 Bühlau/Weißer Hirsch;StB 4 Loschwitz/OS Schönfeld-Weißig;07 StB Loschwitz und OS Schönfeld-Weißig;Neubau;2020;17;34
42 Bühlau/Weißer Hirsch;StB 4 Loschwitz/OS Schönfeld-Weißig;07 StB Loschwitz und OS Schönfeld-Weißig;Neubau;2021;5;6
42 Bühlau/Weißer Hirsch;StB 4 Loschwitz/OS Schönfeld-Weißig;07 StB Loschwitz und OS Schönfeld-Weißig;Neubau;2022;6;14
42 Bühlau/Weißer Hirsch;StB 4 Loschwitz/OS Schönfeld-Weißig;07 StB Loschwitz und OS Schönfeld-Weißig;Neubau;2023;8;14
42 Bühlau/Weißer Hirsch;StB 4 Loschwitz/OS Schönfeld-Weißig;07 StB Loschwitz und OS Schönfeld-Weißig;Neubau;2024;9;11
42 Bühlau/Weißer Hirsch;StB 4 Loschwitz/OS Schönfeld-Weißig;07 StB Loschwitz und OS Schönfeld-Weißig;Neubau;2025;5;5
42 Bühlau/Weißer Hirsch;StB 4 Loschwitz/OS Schönfeld-Weißig;07 StB Loschwitz und OS Schönfeld-Weißig;Neubau;unbekannt;19;27
42 Bühlau/Weißer Hirsch;StB 4 Loschwitz/OS Schönfeld-Weißig;07 StB Loschwitz und OS Schönfeld-Weißig;Umbau;1992;3;3
42 Bühlau/Weißer Hirsch;StB 4 Loschwitz/OS Schönfeld-Weißig;07 StB Loschwitz und OS Schönfeld-Weißig;Umbau;1993;1;0
42 Bühlau/Weißer Hirsch;StB 4 Loschwitz/OS Schönfeld-Weißig;07 StB Loschwitz und OS Schönfeld-Weißig;Umbau;1994;25;40
42 Bühlau/Weißer Hirsch;StB 4 Loschwitz/OS Schönfeld-Weißig;07 StB Loschwitz und OS Schönfeld-Weißig;Umbau;1995;14;56
42 Bühlau/Weißer Hirsch;StB 4 Loschwitz/OS Schönfeld-Weißig;07 StB Loschwitz und OS Schönfeld-Weißig;Umbau;1996;26;71
42 Bühlau/Weißer Hirsch;StB 4 Loschwitz/OS Schönfeld-Weißig;07 StB Loschwitz und OS Schönfeld-Weißig;Umbau;1997;29;67
42 Bühlau/Weißer Hirsch;StB 4 Loschwitz/OS Schönfeld-Weißig;07 StB Loschwitz und OS Schönfeld-Weißig;Umbau;1998;59;299
42 Bühlau/Weißer Hirsch;StB 4 Loschwitz/OS Schönfeld-Weißig;07 StB Loschwitz und OS Schönfeld-Weißig;Umbau;1999;59;267
42 Bühlau/Weißer Hirsch;StB 4 Loschwitz/OS Schönfeld-Weißig;07 StB Loschwitz und OS Schönfeld-Weißig;Umbau;2000;24;99
42 Bühlau/Weißer Hirsch;StB 4 Loschwitz/OS Schönfeld-Weißig;07 StB Loschwitz und OS Schönfeld-Weißig;Umbau;2001;11;18
42 Bühlau/Weißer Hirsch;StB 4 Loschwitz/OS Schönfeld-Weißig;07 StB Loschwitz und OS Schönfeld-Weißig;Umbau;2002;19;55
42 Bühlau/Weißer Hirsch;StB 4 Loschwitz/OS Schönfeld-Weißig;07 StB Loschwitz und OS Schönfeld-Weißig;Umbau;2003;13;66
42 Bühlau/Weißer Hirsch;StB 4 Loschwitz/OS Schönfeld-Weißig;07 StB Loschwitz und OS Schönfeld-Weißig;Umbau;2004;42;117
42 Bühlau/Weißer Hirsch;StB 4 Loschwitz/OS Schönfeld-Weißig;07 StB Loschwitz und OS Schönfeld-Weißig;Umbau;2005;23;54
42 Bühlau/Weißer Hirsch;StB 4 Loschwitz/OS Schönfeld-Weißig;07 StB Loschwitz und OS Schönfeld-Weißig;Umbau;2006;24;52
42 Bühlau/Weißer Hirsch;StB 4 Loschwitz/OS Schönfeld-Weißig;07 StB Loschwitz und OS Schönfeld-Weißig;Umbau;2007;17;46
42 Bühlau/Weißer Hirsch;StB 4 Loschwitz/OS Schönfeld-Weißig;07 StB Loschwitz und OS Schönfeld-Weißig;Umbau;2008;23;55
42 Bühlau/Weißer Hirsch;StB 4 Loschwitz/OS Schönfeld-Weißig;07 StB Loschwitz und OS Schönfeld-Weißig;Umbau;2009;9;30
42 Bühlau/Weißer Hirsch;StB 4 Loschwitz/OS Schönfeld-Weißig;07 StB Loschwitz und OS Schönfeld-Weißig;Umbau;2010;18;39
42 Bühlau/Weißer Hirsch;StB 4 Loschwitz/OS Schönfeld-Weißig;07 StB Loschwitz und OS Schönfeld-Weißig;Umbau;2011;14;30
42 Bühlau/Weißer Hirsch;StB 4 Loschwitz/OS Schönfeld-Weißig;07 StB Loschwitz und OS Schönfeld-Weißig;Umbau;2012;22;53
42 Bühlau/Weißer Hirsch;StB 4 Loschwitz/OS Schönfeld-Weißig;07 StB Loschwitz und OS Schönfeld-Weißig;Umbau;2013;19;47
42 Bühlau/Weißer Hirsch;StB 4 Loschwitz/OS Schönfeld-Weißig;07 StB Loschwitz und OS Schönfeld-Weißig;Umbau;2014;11;32
42 Bühlau/Weißer Hirsch;StB 4 Loschwitz/OS Schönfeld-Weißig;07 StB Loschwitz und OS Schönfeld-Weißig;Umbau;2015;16;52
42 Bühlau/Weißer Hirsch;StB 4 Loschwitz/OS Schönfeld-Weißig;07 StB Loschwitz und OS Schönfeld-Weißig;Umbau;2016;28;119
42 Bühlau/Weißer Hirsch;StB 4 Loschwitz/OS Schönfeld-Weißig;07 StB Loschwitz und OS Schönfeld-Weißig;Umbau;2017;18;47
42 Bühlau/Weißer Hirsch;StB 4 Loschwitz/OS Schönfeld-Weißig;07 StB Loschwitz und OS Schönfeld-Weißig;Umbau;2018;23;60
42 Bühlau/Weißer Hirsch;StB 4 Loschwitz/OS Schönfeld-Weißig;07 StB Loschwitz und OS Schönfeld-Weißig;Umbau;2019;20;72
42 Bühlau/Weißer Hirsch;StB 4 Loschwitz/OS Schönfeld-Weißig;07 StB Loschwitz und OS Schönfeld-Weißig;Umbau;2020;13;42
42 Bühlau/Weißer Hirsch;StB 4 Loschwitz/OS Schönfeld-Weißig;07 StB Loschwitz und OS Schönfeld-Weißig;Umbau;2021;21;69
42 Bühlau/Weißer Hirsch;StB 4 Loschwitz/OS Schönfeld-Weißig;07 StB Loschwitz und OS Schönfeld-Weißig;Umbau;2022;11;12
42 Bühlau/Weißer Hirsch;StB 4 Loschwitz/OS Schönfeld-Weißig;07 StB Loschwitz und OS Schönfeld-Weißig;Umbau;2023;15;36
42 Bühlau/Weißer Hirsch;StB 4 Loschwitz/OS Schönfeld-Weißig;07 StB Loschwitz und OS Schönfeld-Weißig;Umbau;2024;15;40
42 Bühlau/Weißer Hirsch;StB 4 Loschwitz/OS Schönfeld-Weißig;07 StB Loschwitz und OS Schönfeld-Weißig;Umbau;2025;23;49
42 Bühlau/Weißer Hirsch;StB 4 Loschwitz/OS Schönfeld-Weißig;07 StB Loschwitz und OS Schönfeld-Weißig;Umbau;2026;3;5
42 Bühlau/Weißer Hirsch;StB 4 Loschwitz/OS Schönfeld-Weißig;07 StB Loschwitz und OS Schönfeld-Weißig;Umbau;unbekannt;43;112
43 Hosterwitz/Pillnitz;StB 4 Loschwitz/OS Schönfeld-Weißig;07 StB Loschwitz und OS Schönfeld-Weißig;Neubau;1992;1;1
43 Hosterwitz/Pillnitz;StB 4 Loschwitz/OS Schönfeld-Weißig;07 StB Loschwitz und OS Schönfeld-Weißig;Neubau;1993;2;1
43 Hosterwitz/Pillnitz;StB 4 Loschwitz/OS Schönfeld-Weißig;07 StB Loschwitz und OS Schönfeld-Weißig;Neubau;1994;10;10
43 Hosterwitz/Pillnitz;StB 4 Loschwitz/OS Schönfeld-Weißig;07 StB Loschwitz und OS Schönfeld-Weißig;Neubau;1995;22;68
43 Hosterwitz/Pillnitz;StB 4 Loschwitz/OS Schönfeld-Weißig;07 StB Loschwitz und OS Schönfeld-Weißig;Neubau;1996;31;85
43 Hosterwitz/Pillnitz;StB 4 Loschwitz/OS Schönfeld-Weißig;07 StB Loschwitz und OS Schönfeld-Weißig;Neubau;1997;18;33
43 Hosterwitz/Pillnitz;StB 4 Loschwitz/OS Schönfeld-Weißig;07 StB Loschwitz und OS Schönfeld-Weißig;Neubau;1998;9;14
43 Hosterwitz/Pillnitz;StB 4 Loschwitz/OS Schönfeld-Weißig;07 StB Loschwitz und OS Schönfeld-Weißig;Neubau;1999;20;31
43 Hosterwitz/Pillnitz;StB 4 Loschwitz/OS Schönfeld-Weißig;07 StB Loschwitz und OS Schönfeld-Weißig;Neubau;2000;8;8
43 Hosterwitz/Pillnitz;StB 4 Loschwitz/OS Schönfeld-Weißig;07 StB Loschwitz und OS Schönfeld-Weißig;Neubau;2001;12;9
43 Hosterwitz/Pillnitz;StB 4 Loschwitz/OS Schönfeld-Weißig;07 StB Loschwitz und OS Schönfeld-Weißig;Neubau;2002;9;15
43 Hosterwitz/Pillnitz;StB 4 Loschwitz/OS Schönfeld-Weißig;07 StB Loschwitz und OS Schönfeld-Weißig;Neubau;2003;8;5
43 Hosterwitz/Pillnitz;StB 4 Loschwitz/OS Schönfeld-Weißig;07 StB Loschwitz und OS Schönfeld-Weißig;Neubau;2004;5;5
43 Hosterwitz/Pillnitz;StB 4 Loschwitz/OS Schönfeld-Weißig;07 StB Loschwitz und OS Schönfeld-Weißig;Neubau;2005;6;7
43 Hosterwitz/Pillnitz;StB 4 Loschwitz/OS Schönfeld-Weißig;07 StB Loschwitz und OS Schönfeld-Weißig;Neubau;2006;16;41
43 Hosterwitz/Pillnitz;StB 4 Loschwitz/OS Schönfeld-Weißig;07 StB Loschwitz und OS Schönfeld-Weißig;Neubau;2007;8;9
43 Hosterwitz/Pillnitz;StB 4 Loschwitz/OS Schönfeld-Weißig;07 StB Loschwitz und OS Schönfeld-Weißig;Neubau;2008;7;6
43 Hosterwitz/Pillnitz;StB 4 Loschwitz/OS Schönfeld-Weißig;07 StB Loschwitz und OS Schönfeld-Weißig;Neubau;2009;10;11
43 Hosterwitz/Pillnitz;StB 4 Loschwitz/OS Schönfeld-Weißig;07 StB Loschwitz und OS Schönfeld-Weißig;Neubau;2010;7;7
43 Hosterwitz/Pillnitz;StB 4 Loschwitz/OS Schönfeld-Weißig;07 StB Loschwitz und OS Schönfeld-Weißig;Neubau;2011;7;7
43 Hosterwitz/Pillnitz;StB 4 Loschwitz/OS Schönfeld-Weißig;07 StB Loschwitz und OS Schönfeld-Weißig;Neubau;2012;5;4
43 Hosterwitz/Pillnitz;StB 4 Loschwitz/OS Schönfeld-Weißig;07 StB Loschwitz und OS Schönfeld-Weißig;Neubau;2013;5;5
43 Hosterwitz/Pillnitz;StB 4 Loschwitz/OS Schönfeld-Weißig;07 StB Loschwitz und OS Schönfeld-Weißig;Neubau;2014;2;1
43 Hosterwitz/Pillnitz;StB 4 Loschwitz/OS Schönfeld-Weißig;07 StB Loschwitz und OS Schönfeld-Weißig;Neubau;2015;6;7
43 Hosterwitz/Pillnitz;StB 4 Loschwitz/OS Schönfeld-Weißig;07 StB Loschwitz und OS Schönfeld-Weißig;Neubau;2016;5;4
43 Hosterwitz/Pillnitz;StB 4 Loschwitz/OS Schönfeld-Weißig;07 StB Loschwitz und OS Schönfeld-Weißig;Neubau;2017;2;3
43 Hosterwitz/Pillnitz;StB 4 Loschwitz/OS Schönfeld-Weißig;07 StB Loschwitz und OS Schönfeld-Weißig;Neubau;2018;6;6
43 Hosterwitz/Pillnitz;StB 4 Loschwitz/OS Schönfeld-Weißig;07 StB Loschwitz und OS Schönfeld-Weißig;Neubau;2019;3;2
43 Hosterwitz/Pillnitz;StB 4 Loschwitz/OS Schönfeld-Weißig;07 StB Loschwitz und OS Schönfeld-Weißig;Neubau;2020;10;9
43 Hosterwitz/Pillnitz;StB 4 Loschwitz/OS Schönfeld-Weißig;07 StB Loschwitz und OS Schönfeld-Weißig;Neubau;2021;4;6
43 Hosterwitz/Pillnitz;StB 4 Loschwitz/OS Schönfeld-Weißig;07 StB Loschwitz und OS Schönfeld-Weißig;Neubau;2022;5;7
43 Hosterwitz/Pillnitz;StB 4 Loschwitz/OS Schönfeld-Weißig;07 StB Loschwitz und OS Schönfeld-Weißig;Neubau;2023;9;8
43 Hosterwitz/Pillnitz;StB 4 Loschwitz/OS Schönfeld-Weißig;07 StB Loschwitz und OS Schönfeld-Weißig;Neubau;2024;4;2
43 Hosterwitz/Pillnitz;StB 4 Loschwitz/OS Schönfeld-Weißig;07 StB Loschwitz und OS Schönfeld-Weißig;Neubau;unbekannt;11;12
43 Hosterwitz/Pillnitz;StB 4 Loschwitz/OS Schönfeld-Weißig;07 StB Loschwitz und OS Schönfeld-Weißig;Umbau;1993;1;0
43 Hosterwitz/Pillnitz;StB 4 Loschwitz/OS Schönfeld-Weißig;07 StB Loschwitz und OS Schönfeld-Weißig;Umbau;1994;8;19
43 Hosterwitz/Pillnitz;StB 4 Loschwitz/OS Schönfeld-Weißig;07 StB Loschwitz und OS Schönfeld-Weißig;Umbau;1995;5;7
43 Hosterwitz/Pillnitz;StB 4 Loschwitz/OS Schönfeld-Weißig;07 StB Loschwitz und OS Schönfeld-Weißig;Umbau;1996;5;2
43 Hosterwitz/Pillnitz;StB 4 Loschwitz/OS Schönfeld-Weißig;07 StB Loschwitz und OS Schönfeld-Weißig;Umbau;1997;2;15
43 Hosterwitz/Pillnitz;StB 4 Loschwitz/OS Schönfeld-Weißig;07 StB Loschwitz und OS Schönfeld-Weißig;Umbau;1998;11;40
43 Hosterwitz/Pillnitz;StB 4 Loschwitz/OS Schönfeld-Weißig;07 StB Loschwitz und OS Schönfeld-Weißig;Umbau;1999;18;36
43 Hosterwitz/Pillnitz;StB 4 Loschwitz/OS Schönfeld-Weißig;07 StB Loschwitz und OS Schönfeld-Weißig;Umbau;2000;5;2
43 Hosterwitz/Pillnitz;StB 4 Loschwitz/OS Schönfeld-Weißig;07 StB Loschwitz und OS Schönfeld-Weißig;Umbau;2001;5;4
43 Hosterwitz/Pillnitz;StB 4 Loschwitz/OS Schönfeld-Weißig;07 StB Loschwitz und OS Schönfeld-Weißig;Umbau;2002;9;35
43 Hosterwitz/Pillnitz;StB 4 Loschwitz/OS Schönfeld-Weißig;07 StB Loschwitz und OS Schönfeld-Weißig;Umbau;2003;9;22
43 Hosterwitz/Pillnitz;StB 4 Loschwitz/OS Schönfeld-Weißig;07 StB Loschwitz und OS Schönfeld-Weißig;Umbau;2004;12;15
43 Hosterwitz/Pillnitz;StB 4 Loschwitz/OS Schönfeld-Weißig;07 StB Loschwitz und OS Schönfeld-Weißig;Umbau;2005;10;29
43 Hosterwitz/Pillnitz;StB 4 Loschwitz/OS Schönfeld-Weißig;07 StB Loschwitz und OS Schönfeld-Weißig;Umbau;2006;10;17
43 Hosterwitz/Pillnitz;StB 4 Loschwitz/OS Schönfeld-Weißig;07 StB Loschwitz und OS Schönfeld-Weißig;Umbau;2007;8;12
43 Hosterwitz/Pillnitz;StB 4 Loschwitz/OS Schönfeld-Weißig;07 StB Loschwitz und OS Schönfeld-Weißig;Umbau;2008;8;9
43 Hosterwitz/Pillnitz;StB 4 Loschwitz/OS Schönfeld-Weißig;07 StB Loschwitz und OS Schönfeld-Weißig;Umbau;2009;4;11
43 Hosterwitz/Pillnitz;StB 4 Loschwitz/OS Schönfeld-Weißig;07 StB Loschwitz und OS Schönfeld-Weißig;Umbau;2010;5;8
43 Hosterwitz/Pillnitz;StB 4 Loschwitz/OS Schönfeld-Weißig;07 StB Loschwitz und OS Schönfeld-Weißig;Umbau;2011;4;20
43 Hosterwitz/Pillnitz;StB 4 Loschwitz/OS Schönfeld-Weißig;07 StB Loschwitz und OS Schönfeld-Weißig;Umbau;2012;9;10
43 Hosterwitz/Pillnitz;StB 4 Loschwitz/OS Schönfeld-Weißig;07 StB Loschwitz und OS Schönfeld-Weißig;Umbau;2013;5;14
43 Hosterwitz/Pillnitz;StB 4 Loschwitz/OS Schönfeld-Weißig;07 StB Loschwitz und OS Schönfeld-Weißig;Umbau;2014;9;24
43 Hosterwitz/Pillnitz;StB 4 Loschwitz/OS Schönfeld-Weißig;07 StB Loschwitz und OS Schönfeld-Weißig;Umbau;2015;8;10
43 Hosterwitz/Pillnitz;StB 4 Loschwitz/OS Schönfeld-Weißig;07 StB Loschwitz und OS Schönfeld-Weißig;Umbau;2016;5;11
43 Hosterwitz/Pillnitz;StB 4 Loschwitz/OS Schönfeld-Weißig;07 StB Loschwitz und OS Schönfeld-Weißig;Umbau;2017;8;11
43 Hosterwitz/Pillnitz;StB 4 Loschwitz/OS Schönfeld-Weißig;07 StB Loschwitz und OS Schönfeld-Weißig;Umbau;2018;7;28
43 Hosterwitz/Pillnitz;StB 4 Loschwitz/OS Schönfeld-Weißig;07 StB Loschwitz und OS Schönfeld-Weißig;Umbau;2019;4;5
43 Hosterwitz/Pillnitz;StB 4 Loschwitz/OS Schönfeld-Weißig;07 StB Loschwitz und OS Schönfeld-Weißig;Umbau;2020;9;22
43 Hosterwitz/Pillnitz;StB 4 Loschwitz/OS Schönfeld-Weißig;07 StB Loschwitz und OS Schönfeld-Weißig;Umbau;2021;8;15
43 Hosterwitz/Pillnitz;StB 4 Loschwitz/OS Schönfeld-Weißig;07 StB Loschwitz und OS Schönfeld-Weißig;Umbau;2022;4;4
43 Hosterwitz/Pillnitz;StB 4 Loschwitz/OS Schönfeld-Weißig;07 StB Loschwitz und OS Schönfeld-Weißig;Umbau;2023;13;11
43 Hosterwitz/Pillnitz;StB 4 Loschwitz/OS Schönfeld-Weißig;07 StB Loschwitz und OS Schönfeld-Weißig;Umbau;2024;7;27
43 Hosterwitz/Pillnitz;StB 4 Loschwitz/OS Schönfeld-Weißig;07 StB Loschwitz und OS Schönfeld-Weißig;Umbau;2025;2;3
43 Hosterwitz/Pillnitz;StB 4 Loschwitz/OS Schönfeld-Weißig;07 StB Loschwitz und OS Schönfeld-Weißig;Umbau;2026;1;1
43 Hosterwitz/Pillnitz;StB 4 Loschwitz/OS Schönfeld-Weißig;07 StB Loschwitz und OS Schönfeld-Weißig;Umbau;unbekannt;15;24
45 Weißig;StB 4 Loschwitz/OS Schönfeld-Weißig;07 StB Loschwitz und OS Schönfeld-Weißig;Neubau;1999;21;22
45 Weißig;StB 4 Loschwitz/OS Schönfeld-Weißig;07 StB Loschwitz und OS Schönfeld-Weißig;Neubau;2000;23;22
45 Weißig;StB 4 Loschwitz/OS Schönfeld-Weißig;07 StB Loschwitz und OS Schönfeld-Weißig;Neubau;2001;14;20
45 Weißig;StB 4 Loschwitz/OS Schönfeld-Weißig;07 StB Loschwitz und OS Schönfeld-Weißig;Neubau;2002;13;14
45 Weißig;StB 4 Loschwitz/OS Schönfeld-Weißig;07 StB Loschwitz und OS Schönfeld-Weißig;Neubau;2003;10;8
45 Weißig;StB 4 Loschwitz/OS Schönfeld-Weißig;07 StB Loschwitz und OS Schönfeld-Weißig;Neubau;2004;12;11
45 Weißig;StB 4 Loschwitz/OS Schönfeld-Weißig;07 StB Loschwitz und OS Schönfeld-Weißig;Neubau;2005;20;19
45 Weißig;StB 4 Loschwitz/OS Schönfeld-Weißig;07 StB Loschwitz und OS Schönfeld-Weißig;Neubau;2006;18;17
45 Weißig;StB 4 Loschwitz/OS Schönfeld-Weißig;07 StB Loschwitz und OS Schönfeld-Weißig;Neubau;2007;13;14
45 Weißig;StB 4 Loschwitz/OS Schönfeld-Weißig;07 StB Loschwitz und OS Schönfeld-Weißig;Neubau;2008;11;10
45 Weißig;StB 4 Loschwitz/OS Schönfeld-Weißig;07 StB Loschwitz und OS Schönfeld-Weißig;Neubau;2009;4;2
45 Weißig;StB 4 Loschwitz/OS Schönfeld-Weißig;07 StB Loschwitz und OS Schönfeld-Weißig;Neubau;2010;17;12
45 Weißig;StB 4 Loschwitz/OS Schönfeld-Weißig;07 StB Loschwitz und OS Schönfeld-Weißig;Neubau;2011;16;14
45 Weißig;StB 4 Loschwitz/OS Schönfeld-Weißig;07 StB Loschwitz und OS Schönfeld-Weißig;Neubau;2012;34;33
45 Weißig;StB 4 Loschwitz/OS Schönfeld-Weißig;07 StB Loschwitz und OS Schönfeld-Weißig;Neubau;2013;22;21
45 Weißig;StB 4 Loschwitz/OS Schönfeld-Weißig;07 StB Loschwitz und OS Schönfeld-Weißig;Neubau;2014;9;6
45 Weißig;StB 4 Loschwitz/OS Schönfeld-Weißig;07 StB Loschwitz und OS Schönfeld-Weißig;Neubau;2015;10;7
45 Weißig;StB 4 Loschwitz/OS Schönfeld-Weißig;07 StB Loschwitz und OS Schönfeld-Weißig;Neubau;2016;10;10
45 Weißig;StB 4 Loschwitz/OS Schönfeld-Weißig;07 StB Loschwitz und OS Schönfeld-Weißig;Neubau;2017;10;10
45 Weißig;StB 4 Loschwitz/OS Schönfeld-Weißig;07 StB Loschwitz und OS Schönfeld-Weißig;Neubau;2018;7;6
45 Weißig;StB 4 Loschwitz/OS Schönfeld-Weißig;07 StB Loschwitz und OS Schönfeld-Weißig;Neubau;2019;8;3
45 Weißig;StB 4 Loschwitz/OS Schönfeld-Weißig;07 StB Loschwitz und OS Schönfeld-Weißig;Neubau;2020;7;8
45 Weißig;StB 4 Loschwitz/OS Schönfeld-Weißig;07 StB Loschwitz und OS Schönfeld-Weißig;Neubau;2021;2;2
45 Weißig;StB 4 Loschwitz/OS Schönfeld-Weißig;07 StB Loschwitz und OS Schönfeld-Weißig;Neubau;2022;2;3
45 Weißig;StB 4 Loschwitz/OS Schönfeld-Weißig;07 StB Loschwitz und OS Schönfeld-Weißig;Neubau;2023;14;47
45 Weißig;StB 4 Loschwitz/OS Schönfeld-Weißig;07 StB Loschwitz und OS Schönfeld-Weißig;Neubau;2024;6;3
45 Weißig;StB 4 Loschwitz/OS Schönfeld-Weißig;07 StB Loschwitz und OS Schönfeld-Weißig;Neubau;2025;4;5
45 Weißig;StB 4 Loschwitz/OS Schönfeld-Weißig;07 StB Loschwitz und OS Schönfeld-Weißig;Neubau;unbekannt;7;6
45 Weißig;StB 4 Loschwitz/OS Schönfeld-Weißig;07 StB Loschwitz und OS Schönfeld-Weißig;Umbau;1999;2;1
45 Weißig;StB 4 Loschwitz/OS Schönfeld-Weißig;07 StB Loschwitz und OS Schönfeld-Weißig;Umbau;2000;3;4
45 Weißig;StB 4 Loschwitz/OS Schönfeld-Weißig;07 StB Loschwitz und OS Schönfeld-Weißig;Umbau;2001;3;4
45 Weißig;StB 4 Loschwitz/OS Schönfeld-Weißig;07 StB Loschwitz und OS Schönfeld-Weißig;Umbau;2002;4;5
45 Weißig;StB 4 Loschwitz/OS Schönfeld-Weißig;07 StB Loschwitz und OS Schönfeld-Weißig;Umbau;2003;5;6
45 Weißig;StB 4 Loschwitz/OS Schönfeld-Weißig;07 StB Loschwitz und OS Schönfeld-Weißig;Umbau;2004;2;4
45 Weißig;StB 4 Loschwitz/OS Schönfeld-Weißig;07 StB Loschwitz und OS Schönfeld-Weißig;Umbau;2005;6;6
45 Weißig;StB 4 Loschwitz/OS Schönfeld-Weißig;07 StB Loschwitz und OS Schönfeld-Weißig;Umbau;2006;4;12
45 Weißig;StB 4 Loschwitz/OS Schönfeld-Weißig;07 StB Loschwitz und OS Schönfeld-Weißig;Umbau;2007;2;4
45 Weißig;StB 4 Loschwitz/OS Schönfeld-Weißig;07 StB Loschwitz und OS Schönfeld-Weißig;Umbau;2008;6;4
45 Weißig;StB 4 Loschwitz/OS Schönfeld-Weißig;07 StB Loschwitz und OS Schönfeld-Weißig;Umbau;2009;2;4
45 Weißig;StB 4 Loschwitz/OS Schönfeld-Weißig;07 StB Loschwitz und OS Schönfeld-Weißig;Umbau;2010;7;9
45 Weißig;StB 4 Loschwitz/OS Schönfeld-Weißig;07 StB Loschwitz und OS Schönfeld-Weißig;Umbau;2011;2;2
45 Weißig;StB 4 Loschwitz/OS Schönfeld-Weißig;07 StB Loschwitz und OS Schönfeld-Weißig;Umbau;2012;2;2
45 Weißig;StB 4 Loschwitz/OS Schönfeld-Weißig;07 StB Loschwitz und OS Schönfeld-Weißig;Umbau;2013;2;0
45 Weißig;StB 4 Loschwitz/OS Schönfeld-Weißig;07 StB Loschwitz und OS Schönfeld-Weißig;Umbau;2014;3;8
45 Weißig;StB 4 Loschwitz/OS Schönfeld-Weißig;07 StB Loschwitz und OS Schönfeld-Weißig;Umbau;2015;5;11
45 Weißig;StB 4 Loschwitz/OS Schönfeld-Weißig;07 StB Loschwitz und OS Schönfeld-Weißig;Umbau;2016;4;4
45 Weißig;StB 4 Loschwitz/OS Schönfeld-Weißig;07 StB Loschwitz und OS Schönfeld-Weißig;Umbau;2017;9;7
45 Weißig;StB 4 Loschwitz/OS Schönfeld-Weißig;07 StB Loschwitz und OS Schönfeld-Weißig;Umbau;2018;9;8
45 Weißig;StB 4 Loschwitz/OS Schönfeld-Weißig;07 StB Loschwitz und OS Schönfeld-Weißig;Umbau;2019;2;3
45 Weißig;StB 4 Loschwitz/OS Schönfeld-Weißig;07 StB Loschwitz und OS Schönfeld-Weißig;Umbau;2020;2;3
45 Weißig;StB 4 Loschwitz/OS Schönfeld-Weißig;07 StB Loschwitz und OS Schönfeld-Weißig;Umbau;2021;3;10
45 Weißig;StB 4 Loschwitz/OS Schönfeld-Weißig;07 StB Loschwitz und OS Schönfeld-Weißig;Umbau;2022;4;3
45 Weißig;StB 4 Loschwitz/OS Schönfeld-Weißig;07 StB Loschwitz und OS Schönfeld-Weißig;Umbau;2023;2;7
45 Weißig;StB 4 Loschwitz/OS Schönfeld-Weißig;07 StB Loschwitz und OS Schönfeld-Weißig;Umbau;2024;4;5
45 Weißig;StB 4 Loschwitz/OS Schönfeld-Weißig;07 StB Loschwitz und OS Schönfeld-Weißig;Umbau;2025;4;2
45 Weißig;StB 4 Loschwitz/OS Schönfeld-Weißig;07 StB Loschwitz und OS Schönfeld-Weißig;Umbau;unbekannt;18;38
46 Gönnsdorf/Pappritz;StB 4 Loschwitz/OS Schönfeld-Weißig;07 StB Loschwitz und OS Schönfeld-Weißig;Neubau;1999;30;33
46 Gönnsdorf/Pappritz;StB 4 Loschwitz/OS Schönfeld-Weißig;07 StB Loschwitz und OS Schönfeld-Weißig;Neubau;2000;33;35
46 Gönnsdorf/Pappritz;StB 4 Loschwitz/OS Schönfeld-Weißig;07 StB Loschwitz und OS Schönfeld-Weißig;Neubau;2001;25;31
46 Gönnsdorf/Pappritz;StB 4 Loschwitz/OS Schönfeld-Weißig;07 StB Loschwitz und OS Schönfeld-Weißig;Neubau;2002;37;37
46 Gönnsdorf/Pappritz;StB 4 Loschwitz/OS Schönfeld-Weißig;07 StB Loschwitz und OS Schönfeld-Weißig;Neubau;2003;32;37
46 Gönnsdorf/Pappritz;StB 4 Loschwitz/OS Schönfeld-Weißig;07 StB Loschwitz und OS Schönfeld-Weißig;Neubau;2004;20;30
46 Gönnsdorf/Pappritz;StB 4 Loschwitz/OS Schönfeld-Weißig;07 StB Loschwitz und OS Schönfeld-Weißig;Neubau;2005;19;20
46 Gönnsdorf/Pappritz;StB 4 Loschwitz/OS Schönfeld-Weißig;07 StB Loschwitz und OS Schönfeld-Weißig;Neubau;2006;21;22
46 Gönnsdorf/Pappritz;StB 4 Loschwitz/OS Schönfeld-Weißig;07 StB Loschwitz und OS Schönfeld-Weißig;Neubau;2007;19;18
46 Gönnsdorf/Pappritz;StB 4 Loschwitz/OS Schönfeld-Weißig;07 StB Loschwitz und OS Schönfeld-Weißig;Neubau;2008;16;16
46 Gönnsdorf/Pappritz;StB 4 Loschwitz/OS Schönfeld-Weißig;07 StB Loschwitz und OS Schönfeld-Weißig;Neubau;2009;14;13
46 Gönnsdorf/Pappritz;StB 4 Loschwitz/OS Schönfeld-Weißig;07 StB Loschwitz und OS Schönfeld-Weißig;Neubau;2010;15;15
46 Gönnsdorf/Pappritz;StB 4 Loschwitz/OS Schönfeld-Weißig;07 StB Loschwitz und OS Schönfeld-Weißig;Neubau;2011;18;19
46 Gönnsdorf/Pappritz;StB 4 Loschwitz/OS Schönfeld-Weißig;07 StB Loschwitz und OS Schönfeld-Weißig;Neubau;2012;17;16
46 Gönnsdorf/Pappritz;StB 4 Loschwitz/OS Schönfeld-Weißig;07 StB Loschwitz und OS Schönfeld-Weißig;Neubau;2013;25;25
46 Gönnsdorf/Pappritz;StB 4 Loschwitz/OS Schönfeld-Weißig;07 StB Loschwitz und OS Schönfeld-Weißig;Neubau;2014;15;17
46 Gönnsdorf/Pappritz;StB 4 Loschwitz/OS Schönfeld-Weißig;07 StB Loschwitz und OS Schönfeld-Weißig;Neubau;2015;10;10
46 Gönnsdorf/Pappritz;StB 4 Loschwitz/OS Schönfeld-Weißig;07 StB Loschwitz und OS Schönfeld-Weißig;Neubau;2016;12;12
46 Gönnsdorf/Pappritz;StB 4 Loschwitz/OS Schönfeld-Weißig;07 StB Loschwitz und OS Schönfeld-Weißig;Neubau;2017;1;1
46 Gönnsdorf/Pappritz;StB 4 Loschwitz/OS Schönfeld-Weißig;07 StB Loschwitz und OS Schönfeld-Weißig;Neubau;2018;5;5
46 Gönnsdorf/Pappritz;StB 4 Loschwitz/OS Schönfeld-Weißig;07 StB Loschwitz und OS Schönfeld-Weißig;Neubau;2019;7;10
46 Gönnsdorf/Pappritz;StB 4 Loschwitz/OS Schönfeld-Weißig;07 StB Loschwitz und OS Schönfeld-Weißig;Neubau;2020;8;8
46 Gönnsdorf/Pappritz;StB 4 Loschwitz/OS Schönfeld-Weißig;07 StB Loschwitz und OS Schönfeld-Weißig;Neubau;2021;9;10
46 Gönnsdorf/Pappritz;StB 4 Loschwitz/OS Schönfeld-Weißig;07 StB Loschwitz und OS Schönfeld-Weißig;Neubau;2022;2;2
46 Gönnsdorf/Pappritz;StB 4 Loschwitz/OS Schönfeld-Weißig;07 StB Loschwitz und OS Schönfeld-Weißig;Neubau;2023;8;6
46 Gönnsdorf/Pappritz;StB 4 Loschwitz/OS Schönfeld-Weißig;07 StB Loschwitz und OS Schönfeld-Weißig;Neubau;2024;14;14
46 Gönnsdorf/Pappritz;StB 4 Loschwitz/OS Schönfeld-Weißig;07 StB Loschwitz und OS Schönfeld-Weißig;Neubau;2025;5;4
46 Gönnsdorf/Pappritz;StB 4 Loschwitz/OS Schönfeld-Weißig;07 StB Loschwitz und OS Schönfeld-Weißig;Neubau;2026;1;1
46 Gönnsdorf/Pappritz;StB 4 Loschwitz/OS Schönfeld-Weißig;07 StB Loschwitz und OS Schönfeld-Weißig;Neubau;unbekannt;5;11
46 Gönnsdorf/Pappritz;StB 4 Loschwitz/OS Schönfeld-Weißig;07 StB Loschwitz und OS Schönfeld-Weißig;Umbau;1999;4;10
46 Gönnsdorf/Pappritz;StB 4 Loschwitz/OS Schönfeld-Weißig;07 StB Loschwitz und OS Schönfeld-Weißig;Umbau;2001;3;5
46 Gönnsdorf/Pappritz;StB 4 Loschwitz/OS Schönfeld-Weißig;07 StB Loschwitz und OS Schönfeld-Weißig;Umbau;2002;1;1
46 Gönnsdorf/Pappritz;StB 4 Loschwitz/OS Schönfeld-Weißig;07 StB Loschwitz und OS Schönfeld-Weißig;Umbau;2003;4;4
46 Gönnsdorf/Pappritz;StB 4 Loschwitz/OS Schönfeld-Weißig;07 StB Loschwitz und OS Schönfeld-Weißig;Umbau;2004;4;4
46 Gönnsdorf/Pappritz;StB 4 Loschwitz/OS Schönfeld-Weißig;07 StB Loschwitz und OS Schönfeld-Weißig;Umbau;2005;2;3
46 Gönnsdorf/Pappritz;StB 4 Loschwitz/OS Schönfeld-Weißig;07 StB Loschwitz und OS Schönfeld-Weißig;Umbau;2006;7;11
46 Gönnsdorf/Pappritz;StB 4 Loschwitz/OS Schönfeld-Weißig;07 StB Loschwitz und OS Schönfeld-Weißig;Umbau;2007;4;6
46 Gönnsdorf/Pappritz;StB 4 Loschwitz/OS Schönfeld-Weißig;07 StB Loschwitz und OS Schönfeld-Weißig;Umbau;2008;4;4
46 Gönnsdorf/Pappritz;StB 4 Loschwitz/OS Schönfeld-Weißig;07 StB Loschwitz und OS Schönfeld-Weißig;Umbau;2009;1;2
46 Gönnsdorf/Pappritz;StB 4 Loschwitz/OS Schönfeld-Weißig;07 StB Loschwitz und OS Schönfeld-Weißig;Umbau;2010;5;5
46 Gönnsdorf/Pappritz;StB 4 Loschwitz/OS Schönfeld-Weißig;07 StB Loschwitz und OS Schönfeld-Weißig;Umbau;2011;7;6
46 Gönnsdorf/Pappritz;StB 4 Loschwitz/OS Schönfeld-Weißig;07 StB Loschwitz und OS Schönfeld-Weißig;Umbau;2012;2;2
46 Gönnsdorf/Pappritz;StB 4 Loschwitz/OS Schönfeld-Weißig;07 StB Loschwitz und OS Schönfeld-Weißig;Umbau;2013;4;5
46 Gönnsdorf/Pappritz;StB 4 Loschwitz/OS Schönfeld-Weißig;07 StB Loschwitz und OS Schönfeld-Weißig;Umbau;2014;5;17
46 Gönnsdorf/Pappritz;StB 4 Loschwitz/OS Schönfeld-Weißig;07 StB Loschwitz und OS Schönfeld-Weißig;Umbau;2015;4;4
46 Gönnsdorf/Pappritz;StB 4 Loschwitz/OS Schönfeld-Weißig;07 StB Loschwitz und OS Schönfeld-Weißig;Umbau;2016;7;10
46 Gönnsdorf/Pappritz;StB 4 Loschwitz/OS Schönfeld-Weißig;07 StB Loschwitz und OS Schönfeld-Weißig;Umbau;2017;4;4
46 Gönnsdorf/Pappritz;StB 4 Loschwitz/OS Schönfeld-Weißig;07 StB Loschwitz und OS Schönfeld-Weißig;Umbau;2018;7;7
46 Gönnsdorf/Pappritz;StB 4 Loschwitz/OS Schönfeld-Weißig;07 StB Loschwitz und OS Schönfeld-Weißig;Umbau;2019;4;11
46 Gönnsdorf/Pappritz;StB 4 Loschwitz/OS Schönfeld-Weißig;07 StB Loschwitz und OS Schönfeld-Weißig;Umbau;2020;5;5
46 Gönnsdorf/Pappritz;StB 4 Loschwitz/OS Schönfeld-Weißig;07 StB Loschwitz und OS Schönfeld-Weißig;Umbau;2021;2;4
46 Gönnsdorf/Pappritz;StB 4 Loschwitz/OS Schönfeld-Weißig;07 StB Loschwitz und OS Schönfeld-Weißig;Umbau;2022;3;5
46 Gönnsdorf/Pappritz;StB 4 Loschwitz/OS Schönfeld-Weißig;07 StB Loschwitz und OS Schönfeld-Weißig;Umbau;2023;3;3
46 Gönnsdorf/Pappritz;StB 4 Loschwitz/OS Schönfeld-Weißig;07 StB Loschwitz und OS Schönfeld-Weißig;Umbau;2024;6;8
46 Gönnsdorf/Pappritz;StB 4 Loschwitz/OS Schönfeld-Weißig;07 StB Loschwitz und OS Schönfeld-Weißig;Umbau;2025;4;3
46 Gönnsdorf/Pappritz;StB 4 Loschwitz/OS Schönfeld-Weißig;07 StB Loschwitz und OS Schönfeld-Weißig;Umbau;2026;1;6
46 Gönnsdorf/Pappritz;StB 4 Loschwitz/OS Schönfeld-Weißig;07 StB Loschwitz und OS Schönfeld-Weißig;Umbau;unbekannt;12;21
47 Schönfeld/Schullwitz;StB 4 Loschwitz/OS Schönfeld-Weißig;07 StB Loschwitz und OS Schönfeld-Weißig;Neubau;1999;15;15
47 Schönfeld/Schullwitz;StB 4 Loschwitz/OS Schönfeld-Weißig;07 StB Loschwitz und OS Schönfeld-Weißig;Neubau;2000;19;17
47 Schönfeld/Schullwitz;StB 4 Loschwitz/OS Schönfeld-Weißig;07 StB Loschwitz und OS Schönfeld-Weißig;Neubau;2001;10;14
47 Schönfeld/Schullwitz;StB 4 Loschwitz/OS Schönfeld-Weißig;07 StB Loschwitz und OS Schönfeld-Weißig;Neubau;2002;11;11
47 Schönfeld/Schullwitz;StB 4 Loschwitz/OS Schönfeld-Weißig;07 StB Loschwitz und OS Schönfeld-Weißig;Neubau;2003;10;9
47 Schönfeld/Schullwitz;StB 4 Loschwitz/OS Schönfeld-Weißig;07 StB Loschwitz und OS Schönfeld-Weißig;Neubau;2004;16;15
47 Schönfeld/Schullwitz;StB 4 Loschwitz/OS Schönfeld-Weißig;07 StB Loschwitz und OS Schönfeld-Weißig;Neubau;2005;10;8
47 Schönfeld/Schullwitz;StB 4 Loschwitz/OS Schönfeld-Weißig;07 StB Loschwitz und OS Schönfeld-Weißig;Neubau;2006;16;12
47 Schönfeld/Schullwitz;StB 4 Loschwitz/OS Schönfeld-Weißig;07 StB Loschwitz und OS Schönfeld-Weißig;Neubau;2007;8;7
47 Schönfeld/Schullwitz;StB 4 Loschwitz/OS Schönfeld-Weißig;07 StB Loschwitz und OS Schönfeld-Weißig;Neubau;2008;10;8
47 Schönfeld/Schullwitz;StB 4 Loschwitz/OS Schönfeld-Weißig;07 StB Loschwitz und OS Schönfeld-Weißig;Neubau;2009;7;5
47 Schönfeld/Schullwitz;StB 4 Loschwitz/OS Schönfeld-Weißig;07 StB Loschwitz und OS Schönfeld-Weißig;Neubau;2010;6;3
47 Schönfeld/Schullwitz;StB 4 Loschwitz/OS Schönfeld-Weißig;07 StB Loschwitz und OS Schönfeld-Weißig;Neubau;2011;7;4
47 Schönfeld/Schullwitz;StB 4 Loschwitz/OS Schönfeld-Weißig;07 StB Loschwitz und OS Schönfeld-Weißig;Neubau;2012;11;5
47 Schönfeld/Schullwitz;StB 4 Loschwitz/OS Schönfeld-Weißig;07 StB Loschwitz und OS Schönfeld-Weißig;Neubau;2013;7;35
47 Schönfeld/Schullwitz;StB 4 Loschwitz/OS Schönfeld-Weißig;07 StB Loschwitz und OS Schönfeld-Weißig;Neubau;2014;10;7
47 Schönfeld/Schullwitz;StB 4 Loschwitz/OS Schönfeld-Weißig;07 StB Loschwitz und OS Schönfeld-Weißig;Neubau;2015;3;2
47 Schönfeld/Schullwitz;StB 4 Loschwitz/OS Schönfeld-Weißig;07 StB Loschwitz und OS Schönfeld-Weißig;Neubau;2016;7;6
47 Schönfeld/Schullwitz;StB 4 Loschwitz/OS Schönfeld-Weißig;07 StB Loschwitz und OS Schönfeld-Weißig;Neubau;2017;16;14
47 Schönfeld/Schullwitz;StB 4 Loschwitz/OS Schönfeld-Weißig;07 StB Loschwitz und OS Schönfeld-Weißig;Neubau;2018;23;21
47 Schönfeld/Schullwitz;StB 4 Loschwitz/OS Schönfeld-Weißig;07 StB Loschwitz und OS Schönfeld-Weißig;Neubau;2019;8;7
47 Schönfeld/Schullwitz;StB 4 Loschwitz/OS Schönfeld-Weißig;07 StB Loschwitz und OS Schönfeld-Weißig;Neubau;2020;5;5
47 Schönfeld/Schullwitz;StB 4 Loschwitz/OS Schönfeld-Weißig;07 StB Loschwitz und OS Schönfeld-Weißig;Neubau;2021;4;3
47 Schönfeld/Schullwitz;StB 4 Loschwitz/OS Schönfeld-Weißig;07 StB Loschwitz und OS Schönfeld-Weißig;Neubau;2022;9;6
47 Schönfeld/Schullwitz;StB 4 Loschwitz/OS Schönfeld-Weißig;07 StB Loschwitz und OS Schönfeld-Weißig;Neubau;2023;6;2
47 Schönfeld/Schullwitz;StB 4 Loschwitz/OS Schönfeld-Weißig;07 StB Loschwitz und OS Schönfeld-Weißig;Neubau;2024;7;2
47 Schönfeld/Schullwitz;StB 4 Loschwitz/OS Schönfeld-Weißig;07 StB Loschwitz und OS Schönfeld-Weißig;Neubau;2025;2;2
47 Schönfeld/Schullwitz;StB 4 Loschwitz/OS Schönfeld-Weißig;07 StB Loschwitz und OS Schönfeld-Weißig;Neubau;unbekannt;14;8
47 Schönfeld/Schullwitz;StB 4 Loschwitz/OS Schönfeld-Weißig;07 StB Loschwitz und OS Schönfeld-Weißig;Umbau;1999;2;2
47 Schönfeld/Schullwitz;StB 4 Loschwitz/OS Schönfeld-Weißig;07 StB Loschwitz und OS Schönfeld-Weißig;Umbau;2000;1;1
47 Schönfeld/Schullwitz;StB 4 Loschwitz/OS Schönfeld-Weißig;07 StB Loschwitz und OS Schönfeld-Weißig;Umbau;2001;2;1
47 Schönfeld/Schullwitz;StB 4 Loschwitz/OS Schönfeld-Weißig;07 StB Loschwitz und OS Schönfeld-Weißig;Umbau;2002;8;10
47 Schönfeld/Schullwitz;StB 4 Loschwitz/OS Schönfeld-Weißig;07 StB Loschwitz und OS Schönfeld-Weißig;Umbau;2003;6;9
47 Schönfeld/Schullwitz;StB 4 Loschwitz/OS Schönfeld-Weißig;07 StB Loschwitz und OS Schönfeld-Weißig;Umbau;2004;9;11
47 Schönfeld/Schullwitz;StB 4 Loschwitz/OS Schönfeld-Weißig;07 StB Loschwitz und OS Schönfeld-Weißig;Umbau;2005;12;13
47 Schönfeld/Schullwitz;StB 4 Loschwitz/OS Schönfeld-Weißig;07 StB Loschwitz und OS Schönfeld-Weißig;Umbau;2006;8;11
47 Schönfeld/Schullwitz;StB 4 Loschwitz/OS Schönfeld-Weißig;07 StB Loschwitz und OS Schönfeld-Weißig;Umbau;2007;4;4
47 Schönfeld/Schullwitz;StB 4 Loschwitz/OS Schönfeld-Weißig;07 StB Loschwitz und OS Schönfeld-Weißig;Umbau;2008;11;12
47 Schönfeld/Schullwitz;StB 4 Loschwitz/OS Schönfeld-Weißig;07 StB Loschwitz und OS Schönfeld-Weißig;Umbau;2009;5;4
47 Schönfeld/Schullwitz;StB 4 Loschwitz/OS Schönfeld-Weißig;07 StB Loschwitz und OS Schönfeld-Weißig;Umbau;2010;5;9
47 Schönfeld/Schullwitz;StB 4 Loschwitz/OS Schönfeld-Weißig;07 StB Loschwitz und OS Schönfeld-Weißig;Umbau;2011;6;23
47 Schönfeld/Schullwitz;StB 4 Loschwitz/OS Schönfeld-Weißig;07 StB Loschwitz und OS Schönfeld-Weißig;Umbau;2012;13;22
47 Schönfeld/Schullwitz;StB 4 Loschwitz/OS Schönfeld-Weißig;07 StB Loschwitz und OS Schönfeld-Weißig;Umbau;2013;5;5
47 Schönfeld/Schullwitz;StB 4 Loschwitz/OS Schönfeld-Weißig;07 StB Loschwitz und OS Schönfeld-Weißig;Umbau;2014;5;5
47 Schönfeld/Schullwitz;StB 4 Loschwitz/OS Schönfeld-Weißig;07 StB Loschwitz und OS Schönfeld-Weißig;Umbau;2015;5;5
47 Schönfeld/Schullwitz;StB 4 Loschwitz/OS Schönfeld-Weißig;07 StB Loschwitz und OS Schönfeld-Weißig;Umbau;2016;5;4
47 Schönfeld/Schullwitz;StB 4 Loschwitz/OS Schönfeld-Weißig;07 StB Loschwitz und OS Schönfeld-Weißig;Umbau;2017;6;10
47 Schönfeld/Schullwitz;StB 4 Loschwitz/OS Schönfeld-Weißig;07 StB Loschwitz und OS Schönfeld-Weißig;Umbau;2018;8;12
47 Schönfeld/Schullwitz;StB 4 Loschwitz/OS Schönfeld-Weißig;07 StB Loschwitz und OS Schönfeld-Weißig;Umbau;2019;2;1
47 Schönfeld/Schullwitz;StB 4 Loschwitz/OS Schönfeld-Weißig;07 StB Loschwitz und OS Schönfeld-Weißig;Umbau;2020;5;6
47 Schönfeld/Schullwitz;StB 4 Loschwitz/OS Schönfeld-Weißig;07 StB Loschwitz und OS Schönfeld-Weißig;Umbau;2021;8;9
47 Schönfeld/Schullwitz;StB 4 Loschwitz/OS Schönfeld-Weißig;07 StB Loschwitz und OS Schönfeld-Weißig;Umbau;2022;5;8
47 Schönfeld/Schullwitz;StB 4 Loschwitz/OS Schönfeld-Weißig;07 StB Loschwitz und OS Schönfeld-Weißig;Umbau;2023;3;5
47 Schönfeld/Schullwitz;StB 4 Loschwitz/OS Schönfeld-Weißig;07 StB Loschwitz und OS Schönfeld-Weißig;Umbau;2024;7;19
47 Schönfeld/Schullwitz;StB 4 Loschwitz/OS Schönfeld-Weißig;07 StB Loschwitz und OS Schönfeld-Weißig;Umbau;2025;6;13
47 Schönfeld/Schullwitz;StB 4 Loschwitz/OS Schönfeld-Weißig;07 StB Loschwitz und OS Schönfeld-Weißig;Umbau;unbekannt;18;33
51 Blasewitz;StB 5 Blasewitz;08 Blasewitz, Striesen;Neubau;1992;1;2
51 Blasewitz;StB 5 Blasewitz;08 Blasewitz, Striesen;Neubau;1993;6;31
51 Blasewitz;StB 5 Blasewitz;08 Blasewitz, Striesen;Neubau;1994;9;53
51 Blasewitz;StB 5 Blasewitz;08 Blasewitz, Striesen;Neubau;1995;22;176
51 Blasewitz;StB 5 Blasewitz;08 Blasewitz, Striesen;Neubau;1996;24;189
51 Blasewitz;StB 5 Blasewitz;08 Blasewitz, Striesen;Neubau;1997;41;447
51 Blasewitz;StB 5 Blasewitz;08 Blasewitz, Striesen;Neubau;1998;29;214
51 Blasewitz;StB 5 Blasewitz;08 Blasewitz, Striesen;Neubau;1999;19;59
51 Blasewitz;StB 5 Blasewitz;08 Blasewitz, Striesen;Neubau;2000;24;131
51 Blasewitz;StB 5 Blasewitz;08 Blasewitz, Striesen;Neubau;2001;9;40
51 Blasewitz;StB 5 Blasewitz;08 Blasewitz, Striesen;Neubau;2002;4;9
51 Blasewitz;StB 5 Blasewitz;08 Blasewitz, Striesen;Neubau;2003;9;34
51 Blasewitz;StB 5 Blasewitz;08 Blasewitz, Striesen;Neubau;2004;7;11
51 Blasewitz;StB 5 Blasewitz;08 Blasewitz, Striesen;Neubau;2005;15;28
51 Blasewitz;StB 5 Blasewitz;08 Blasewitz, Striesen;Neubau;2006;10;21
51 Blasewitz;StB 5 Blasewitz;08 Blasewitz, Striesen;Neubau;2007;11;14
51 Blasewitz;StB 5 Blasewitz;08 Blasewitz, Striesen;Neubau;2008;6;16
51 Blasewitz;StB 5 Blasewitz;08 Blasewitz, Striesen;Neubau;2009;11;46
51 Blasewitz;StB 5 Blasewitz;08 Blasewitz, Striesen;Neubau;2010;3;8
51 Blasewitz;StB 5 Blasewitz;08 Blasewitz, Striesen;Neubau;2011;9;10
51 Blasewitz;StB 5 Blasewitz;08 Blasewitz, Striesen;Neubau;2012;3;14
51 Blasewitz;StB 5 Blasewitz;08 Blasewitz, Striesen;Neubau;2013;5;7
51 Blasewitz;StB 5 Blasewitz;08 Blasewitz, Striesen;Neubau;2014;6;8
51 Blasewitz;StB 5 Blasewitz;08 Blasewitz, Striesen;Neubau;2015;7;22
51 Blasewitz;StB 5 Blasewitz;08 Blasewitz, Striesen;Neubau;2016;16;89
51 Blasewitz;StB 5 Blasewitz;08 Blasewitz, Striesen;Neubau;2017;2;11
51 Blasewitz;StB 5 Blasewitz;08 Blasewitz, Striesen;Neubau;2018;4;15
51 Blasewitz;StB 5 Blasewitz;08 Blasewitz, Striesen;Neubau;2019;1;1
51 Blasewitz;StB 5 Blasewitz;08 Blasewitz, Striesen;Neubau;2020;5;62
51 Blasewitz;StB 5 Blasewitz;08 Blasewitz, Striesen;Neubau;2021;5;30
51 Blasewitz;StB 5 Blasewitz;08 Blasewitz, Striesen;Neubau;2023;5;9
51 Blasewitz;StB 5 Blasewitz;08 Blasewitz, Striesen;Neubau;2025;5;23
51 Blasewitz;StB 5 Blasewitz;08 Blasewitz, Striesen;Neubau;unbekannt;6;46
51 Blasewitz;StB 5 Blasewitz;08 Blasewitz, Striesen;Umbau;1992;1;6
51 Blasewitz;StB 5 Blasewitz;08 Blasewitz, Striesen;Umbau;1993;2;6
51 Blasewitz;StB 5 Blasewitz;08 Blasewitz, Striesen;Umbau;1994;10;64
51 Blasewitz;StB 5 Blasewitz;08 Blasewitz, Striesen;Umbau;1995;16;40
51 Blasewitz;StB 5 Blasewitz;08 Blasewitz, Striesen;Umbau;1996;19;69
51 Blasewitz;StB 5 Blasewitz;08 Blasewitz, Striesen;Umbau;1997;35;212
51 Blasewitz;StB 5 Blasewitz;08 Blasewitz, Striesen;Umbau;1998;30;154
51 Blasewitz;StB 5 Blasewitz;08 Blasewitz, Striesen;Umbau;1999;34;197
51 Blasewitz;StB 5 Blasewitz;08 Blasewitz, Striesen;Umbau;2000;32;192
51 Blasewitz;StB 5 Blasewitz;08 Blasewitz, Striesen;Umbau;2001;21;107
51 Blasewitz;StB 5 Blasewitz;08 Blasewitz, Striesen;Umbau;2002;9;33
51 Blasewitz;StB 5 Blasewitz;08 Blasewitz, Striesen;Umbau;2003;17;84
51 Blasewitz;StB 5 Blasewitz;08 Blasewitz, Striesen;Umbau;2004;14;48
51 Blasewitz;StB 5 Blasewitz;08 Blasewitz, Striesen;Umbau;2005;15;42
51 Blasewitz;StB 5 Blasewitz;08 Blasewitz, Striesen;Umbau;2006;9;60
51 Blasewitz;StB 5 Blasewitz;08 Blasewitz, Striesen;Umbau;2007;15;53
51 Blasewitz;StB 5 Blasewitz;08 Blasewitz, Striesen;Umbau;2008;11;22
51 Blasewitz;StB 5 Blasewitz;08 Blasewitz, Striesen;Umbau;2009;22;113
51 Blasewitz;StB 5 Blasewitz;08 Blasewitz, Striesen;Umbau;2010;29;248
51 Blasewitz;StB 5 Blasewitz;08 Blasewitz, Striesen;Umbau;2011;12;54
51 Blasewitz;StB 5 Blasewitz;08 Blasewitz, Striesen;Umbau;2012;14;45
51 Blasewitz;StB 5 Blasewitz;08 Blasewitz, Striesen;Umbau;2013;16;65
51 Blasewitz;StB 5 Blasewitz;08 Blasewitz, Striesen;Umbau;2014;9;30
51 Blasewitz;StB 5 Blasewitz;08 Blasewitz, Striesen;Umbau;2015;15;39
51 Blasewitz;StB 5 Blasewitz;08 Blasewitz, Striesen;Umbau;2016;10;60
51 Blasewitz;StB 5 Blasewitz;08 Blasewitz, Striesen;Umbau;2017;9;16
51 Blasewitz;StB 5 Blasewitz;08 Blasewitz, Striesen;Umbau;2018;15;60
51 Blasewitz;StB 5 Blasewitz;08 Blasewitz, Striesen;Umbau;2019;9;37
51 Blasewitz;StB 5 Blasewitz;08 Blasewitz, Striesen;Umbau;2020;6;9
51 Blasewitz;StB 5 Blasewitz;08 Blasewitz, Striesen;Umbau;2021;5;11
51 Blasewitz;StB 5 Blasewitz;08 Blasewitz, Striesen;Umbau;2022;9;41
51 Blasewitz;StB 5 Blasewitz;08 Blasewitz, Striesen;Umbau;2023;5;29
51 Blasewitz;StB 5 Blasewitz;08 Blasewitz, Striesen;Umbau;2024;8;28
51 Blasewitz;StB 5 Blasewitz;08 Blasewitz, Striesen;Umbau;2025;7;28
51 Blasewitz;StB 5 Blasewitz;08 Blasewitz, Striesen;Umbau;2026;1;6
51 Blasewitz;StB 5 Blasewitz;08 Blasewitz, Striesen;Umbau;unbekannt;19;45
52 Striesen-Ost;StB 5 Blasewitz;08 Blasewitz, Striesen;Neubau;1993;2;9
52 Striesen-Ost;StB 5 Blasewitz;08 Blasewitz, Striesen;Neubau;1994;5;18
52 Striesen-Ost;StB 5 Blasewitz;08 Blasewitz, Striesen;Neubau;1995;10;141
52 Striesen-Ost;StB 5 Blasewitz;08 Blasewitz, Striesen;Neubau;1996;11;155
52 Striesen-Ost;StB 5 Blasewitz;08 Blasewitz, Striesen;Neubau;1997;12;93
52 Striesen-Ost;StB 5 Blasewitz;08 Blasewitz, Striesen;Neubau;1998;13;124
52 Striesen-Ost;StB 5 Blasewitz;08 Blasewitz, Striesen;Neubau;1999;8;96
52 Striesen-Ost;StB 5 Blasewitz;08 Blasewitz, Striesen;Neubau;2000;2;2
52 Striesen-Ost;StB 5 Blasewitz;08 Blasewitz, Striesen;Neubau;2001;4;45
52 Striesen-Ost;StB 5 Blasewitz;08 Blasewitz, Striesen;Neubau;2003;3;10
52 Striesen-Ost;StB 5 Blasewitz;08 Blasewitz, Striesen;Neubau;2004;3;10
52 Striesen-Ost;StB 5 Blasewitz;08 Blasewitz, Striesen;Neubau;2005;8;24
52 Striesen-Ost;StB 5 Blasewitz;08 Blasewitz, Striesen;Neubau;2006;6;24
52 Striesen-Ost;StB 5 Blasewitz;08 Blasewitz, Striesen;Neubau;2007;5;30
52 Striesen-Ost;StB 5 Blasewitz;08 Blasewitz, Striesen;Neubau;2008;18;47
52 Striesen-Ost;StB 5 Blasewitz;08 Blasewitz, Striesen;Neubau;2009;5;5
52 Striesen-Ost;StB 5 Blasewitz;08 Blasewitz, Striesen;Neubau;2010;17;34
52 Striesen-Ost;StB 5 Blasewitz;08 Blasewitz, Striesen;Neubau;2011;9;61
52 Striesen-Ost;StB 5 Blasewitz;08 Blasewitz, Striesen;Neubau;2012;10;53
52 Striesen-Ost;StB 5 Blasewitz;08 Blasewitz, Striesen;Neubau;2013;3;26
52 Striesen-Ost;StB 5 Blasewitz;08 Blasewitz, Striesen;Neubau;2014;8;56
52 Striesen-Ost;StB 5 Blasewitz;08 Blasewitz, Striesen;Neubau;2015;15;111
52 Striesen-Ost;StB 5 Blasewitz;08 Blasewitz, Striesen;Neubau;2016;13;98
52 Striesen-Ost;StB 5 Blasewitz;08 Blasewitz, Striesen;Neubau;2017;9;89
52 Striesen-Ost;StB 5 Blasewitz;08 Blasewitz, Striesen;Neubau;2018;2;14
52 Striesen-Ost;StB 5 Blasewitz;08 Blasewitz, Striesen;Neubau;2021;4;44
52 Striesen-Ost;StB 5 Blasewitz;08 Blasewitz, Striesen;Neubau;2022;5;67
52 Striesen-Ost;StB 5 Blasewitz;08 Blasewitz, Striesen;Neubau;2023;2;29
52 Striesen-Ost;StB 5 Blasewitz;08 Blasewitz, Striesen;Neubau;2024;1;0
52 Striesen-Ost;StB 5 Blasewitz;08 Blasewitz, Striesen;Neubau;2025;1;0
52 Striesen-Ost;StB 5 Blasewitz;08 Blasewitz, Striesen;Neubau;2026;1;0
52 Striesen-Ost;StB 5 Blasewitz;08 Blasewitz, Striesen;Neubau;unbekannt;11;183
52 Striesen-Ost;StB 5 Blasewitz;08 Blasewitz, Striesen;Umbau;1992;1;0
52 Striesen-Ost;StB 5 Blasewitz;08 Blasewitz, Striesen;Umbau;1993;3;10
52 Striesen-Ost;StB 5 Blasewitz;08 Blasewitz, Striesen;Umbau;1994;8;52
52 Striesen-Ost;StB 5 Blasewitz;08 Blasewitz, Striesen;Umbau;1995;13;88
52 Striesen-Ost;StB 5 Blasewitz;08 Blasewitz, Striesen;Umbau;1996;17;177
52 Striesen-Ost;StB 5 Blasewitz;08 Blasewitz, Striesen;Umbau;1997;31;298
52 Striesen-Ost;StB 5 Blasewitz;08 Blasewitz, Striesen;Umbau;1998;68;729
52 Striesen-Ost;StB 5 Blasewitz;08 Blasewitz, Striesen;Umbau;1999;51;536
52 Striesen-Ost;StB 5 Blasewitz;08 Blasewitz, Striesen;Umbau;2000;40;484
52 Striesen-Ost;StB 5 Blasewitz;08 Blasewitz, Striesen;Umbau;2001;29;391
52 Striesen-Ost;StB 5 Blasewitz;08 Blasewitz, Striesen;Umbau;2002;18;143
52 Striesen-Ost;StB 5 Blasewitz;08 Blasewitz, Striesen;Umbau;2003;6;26
52 Striesen-Ost;StB 5 Blasewitz;08 Blasewitz, Striesen;Umbau;2004;9;87
52 Striesen-Ost;StB 5 Blasewitz;08 Blasewitz, Striesen;Umbau;2005;7;33
52 Striesen-Ost;StB 5 Blasewitz;08 Blasewitz, Striesen;Umbau;2006;21;176
52 Striesen-Ost;StB 5 Blasewitz;08 Blasewitz, Striesen;Umbau;2007;12;65
52 Striesen-Ost;StB 5 Blasewitz;08 Blasewitz, Striesen;Umbau;2008;12;109
52 Striesen-Ost;StB 5 Blasewitz;08 Blasewitz, Striesen;Umbau;2009;9;54
52 Striesen-Ost;StB 5 Blasewitz;08 Blasewitz, Striesen;Umbau;2010;3;11
52 Striesen-Ost;StB 5 Blasewitz;08 Blasewitz, Striesen;Umbau;2011;7;42
52 Striesen-Ost;StB 5 Blasewitz;08 Blasewitz, Striesen;Umbau;2012;14;101
52 Striesen-Ost;StB 5 Blasewitz;08 Blasewitz, Striesen;Umbau;2013;17;226
52 Striesen-Ost;StB 5 Blasewitz;08 Blasewitz, Striesen;Umbau;2014;5;60
52 Striesen-Ost;StB 5 Blasewitz;08 Blasewitz, Striesen;Umbau;2015;2;15
52 Striesen-Ost;StB 5 Blasewitz;08 Blasewitz, Striesen;Umbau;2016;9;88
52 Striesen-Ost;StB 5 Blasewitz;08 Blasewitz, Striesen;Umbau;2017;3;17
52 Striesen-Ost;StB 5 Blasewitz;08 Blasewitz, Striesen;Umbau;2018;11;110
52 Striesen-Ost;StB 5 Blasewitz;08 Blasewitz, Striesen;Umbau;2019;4;60
52 Striesen-Ost;StB 5 Blasewitz;08 Blasewitz, Striesen;Umbau;2020;10;84
52 Striesen-Ost;StB 5 Blasewitz;08 Blasewitz, Striesen;Umbau;2021;4;75
52 Striesen-Ost;StB 5 Blasewitz;08 Blasewitz, Striesen;Umbau;2022;2;25
52 Striesen-Ost;StB 5 Blasewitz;08 Blasewitz, Striesen;Umbau;2023;3;31
52 Striesen-Ost;StB 5 Blasewitz;08 Blasewitz, Striesen;Umbau;2024;9;148
52 Striesen-Ost;StB 5 Blasewitz;08 Blasewitz, Striesen;Umbau;2025;10;76
52 Striesen-Ost;StB 5 Blasewitz;08 Blasewitz, Striesen;Umbau;unbekannt;9;205
53 Striesen-Süd;StB 5 Blasewitz;08 Blasewitz, Striesen;Neubau;1992;1;0
53 Striesen-Süd;StB 5 Blasewitz;08 Blasewitz, Striesen;Neubau;1993;1;1
53 Striesen-Süd;StB 5 Blasewitz;08 Blasewitz, Striesen;Neubau;1994;7;30
53 Striesen-Süd;StB 5 Blasewitz;08 Blasewitz, Striesen;Neubau;1995;5;31
53 Striesen-Süd;StB 5 Blasewitz;08 Blasewitz, Striesen;Neubau;1996;8;68
53 Striesen-Süd;StB 5 Blasewitz;08 Blasewitz, Striesen;Neubau;1997;14;132
53 Striesen-Süd;StB 5 Blasewitz;08 Blasewitz, Striesen;Neubau;1998;9;175
53 Striesen-Süd;StB 5 Blasewitz;08 Blasewitz, Striesen;Neubau;1999;4;44
53 Striesen-Süd;StB 5 Blasewitz;08 Blasewitz, Striesen;Neubau;2000;1;8
53 Striesen-Süd;StB 5 Blasewitz;08 Blasewitz, Striesen;Neubau;2001;3;13
53 Striesen-Süd;StB 5 Blasewitz;08 Blasewitz, Striesen;Neubau;2004;1;0
53 Striesen-Süd;StB 5 Blasewitz;08 Blasewitz, Striesen;Neubau;2005;3;3
53 Striesen-Süd;StB 5 Blasewitz;08 Blasewitz, Striesen;Neubau;2006;5;3
53 Striesen-Süd;StB 5 Blasewitz;08 Blasewitz, Striesen;Neubau;2007;7;6
53 Striesen-Süd;StB 5 Blasewitz;08 Blasewitz, Striesen;Neubau;2008;3;12
53 Striesen-Süd;StB 5 Blasewitz;08 Blasewitz, Striesen;Neubau;2009;6;6
53 Striesen-Süd;StB 5 Blasewitz;08 Blasewitz, Striesen;Neubau;2010;4;3
53 Striesen-Süd;StB 5 Blasewitz;08 Blasewitz, Striesen;Neubau;2011;8;34
53 Striesen-Süd;StB 5 Blasewitz;08 Blasewitz, Striesen;Neubau;2012;8;30
53 Striesen-Süd;StB 5 Blasewitz;08 Blasewitz, Striesen;Neubau;2013;7;36
53 Striesen-Süd;StB 5 Blasewitz;08 Blasewitz, Striesen;Neubau;2014;1;2
53 Striesen-Süd;StB 5 Blasewitz;08 Blasewitz, Striesen;Neubau;2015;8;98
53 Striesen-Süd;StB 5 Blasewitz;08 Blasewitz, Striesen;Neubau;2016;23;277
53 Striesen-Süd;StB 5 Blasewitz;08 Blasewitz, Striesen;Neubau;2017;15;160
53 Striesen-Süd;StB 5 Blasewitz;08 Blasewitz, Striesen;Neubau;2019;22;251
53 Striesen-Süd;StB 5 Blasewitz;08 Blasewitz, Striesen;Neubau;2020;2;2
53 Striesen-Süd;StB 5 Blasewitz;08 Blasewitz, Striesen;Neubau;2021;1;0
53 Striesen-Süd;StB 5 Blasewitz;08 Blasewitz, Striesen;Neubau;2022;4;9
53 Striesen-Süd;StB 5 Blasewitz;08 Blasewitz, Striesen;Neubau;2023;3;6
53 Striesen-Süd;StB 5 Blasewitz;08 Blasewitz, Striesen;Neubau;2024;3;2
53 Striesen-Süd;StB 5 Blasewitz;08 Blasewitz, Striesen;Neubau;unbekannt;7;73
53 Striesen-Süd;StB 5 Blasewitz;08 Blasewitz, Striesen;Umbau;1994;7;14
53 Striesen-Süd;StB 5 Blasewitz;08 Blasewitz, Striesen;Umbau;1995;17;51
53 Striesen-Süd;StB 5 Blasewitz;08 Blasewitz, Striesen;Umbau;1996;1;0
53 Striesen-Süd;StB 5 Blasewitz;08 Blasewitz, Striesen;Umbau;1997;5;44
53 Striesen-Süd;StB 5 Blasewitz;08 Blasewitz, Striesen;Umbau;1998;9;108
53 Striesen-Süd;StB 5 Blasewitz;08 Blasewitz, Striesen;Umbau;1999;42;455
53 Striesen-Süd;StB 5 Blasewitz;08 Blasewitz, Striesen;Umbau;2000;14;168
53 Striesen-Süd;StB 5 Blasewitz;08 Blasewitz, Striesen;Umbau;2001;24;257
53 Striesen-Süd;StB 5 Blasewitz;08 Blasewitz, Striesen;Umbau;2002;2;20
53 Striesen-Süd;StB 5 Blasewitz;08 Blasewitz, Striesen;Umbau;2003;2;9
53 Striesen-Süd;StB 5 Blasewitz;08 Blasewitz, Striesen;Umbau;2004;3;34
53 Striesen-Süd;StB 5 Blasewitz;08 Blasewitz, Striesen;Umbau;2005;2;7
53 Striesen-Süd;StB 5 Blasewitz;08 Blasewitz, Striesen;Umbau;2006;15;152
53 Striesen-Süd;StB 5 Blasewitz;08 Blasewitz, Striesen;Umbau;2007;3;2
53 Striesen-Süd;StB 5 Blasewitz;08 Blasewitz, Striesen;Umbau;2008;8;70
53 Striesen-Süd;StB 5 Blasewitz;08 Blasewitz, Striesen;Umbau;2009;9;87
53 Striesen-Süd;StB 5 Blasewitz;08 Blasewitz, Striesen;Umbau;2010;1;26
53 Striesen-Süd;StB 5 Blasewitz;08 Blasewitz, Striesen;Umbau;2011;3;8
53 Striesen-Süd;StB 5 Blasewitz;08 Blasewitz, Striesen;Umbau;2012;4;8
53 Striesen-Süd;StB 5 Blasewitz;08 Blasewitz, Striesen;Umbau;2013;3;12
53 Striesen-Süd;StB 5 Blasewitz;08 Blasewitz, Striesen;Umbau;2014;4;22
53 Striesen-Süd;StB 5 Blasewitz;08 Blasewitz, Striesen;Umbau;2015;2;80
53 Striesen-Süd;StB 5 Blasewitz;08 Blasewitz, Striesen;Umbau;2016;12;90
53 Striesen-Süd;StB 5 Blasewitz;08 Blasewitz, Striesen;Umbau;2017;1;12
53 Striesen-Süd;StB 5 Blasewitz;08 Blasewitz, Striesen;Umbau;2018;1;0
53 Striesen-Süd;StB 5 Blasewitz;08 Blasewitz, Striesen;Umbau;2019;14;155
53 Striesen-Süd;StB 5 Blasewitz;08 Blasewitz, Striesen;Umbau;2020;1;1
53 Striesen-Süd;StB 5 Blasewitz;08 Blasewitz, Striesen;Umbau;2021;9;73
53 Striesen-Süd;StB 5 Blasewitz;08 Blasewitz, Striesen;Umbau;2022;1;12
53 Striesen-Süd;StB 5 Blasewitz;08 Blasewitz, Striesen;Umbau;2023;1;5
53 Striesen-Süd;StB 5 Blasewitz;08 Blasewitz, Striesen;Umbau;2024;3;5
53 Striesen-Süd;StB 5 Blasewitz;08 Blasewitz, Striesen;Umbau;2025;8;55
53 Striesen-Süd;StB 5 Blasewitz;08 Blasewitz, Striesen;Umbau;unbekannt;4;32
54 Striesen-West;StB 5 Blasewitz;08 Blasewitz, Striesen;Neubau;1992;1;0
54 Striesen-West;StB 5 Blasewitz;08 Blasewitz, Striesen;Neubau;1994;8;77
54 Striesen-West;StB 5 Blasewitz;08 Blasewitz, Striesen;Neubau;1995;17;227
54 Striesen-West;StB 5 Blasewitz;08 Blasewitz, Striesen;Neubau;1996;30;429
54 Striesen-West;StB 5 Blasewitz;08 Blasewitz, Striesen;Neubau;1997;35;483
54 Striesen-West;StB 5 Blasewitz;08 Blasewitz, Striesen;Neubau;1998;27;323
54 Striesen-West;StB 5 Blasewitz;08 Blasewitz, Striesen;Neubau;1999;2;12
54 Striesen-West;StB 5 Blasewitz;08 Blasewitz, Striesen;Neubau;2000;4;33
54 Striesen-West;StB 5 Blasewitz;08 Blasewitz, Striesen;Neubau;2001;1;2
54 Striesen-West;StB 5 Blasewitz;08 Blasewitz, Striesen;Neubau;2002;2;7
54 Striesen-West;StB 5 Blasewitz;08 Blasewitz, Striesen;Neubau;2003;3;22
54 Striesen-West;StB 5 Blasewitz;08 Blasewitz, Striesen;Neubau;2004;1;1
54 Striesen-West;StB 5 Blasewitz;08 Blasewitz, Striesen;Neubau;2005;2;2
54 Striesen-West;StB 5 Blasewitz;08 Blasewitz, Striesen;Neubau;2006;5;9
54 Striesen-West;StB 5 Blasewitz;08 Blasewitz, Striesen;Neubau;2007;4;8
54 Striesen-West;StB 5 Blasewitz;08 Blasewitz, Striesen;Neubau;2008;2;1
54 Striesen-West;StB 5 Blasewitz;08 Blasewitz, Striesen;Neubau;2009;7;14
54 Striesen-West;StB 5 Blasewitz;08 Blasewitz, Striesen;Neubau;2010;8;9
54 Striesen-West;StB 5 Blasewitz;08 Blasewitz, Striesen;Neubau;2011;10;61
54 Striesen-West;StB 5 Blasewitz;08 Blasewitz, Striesen;Neubau;2012;14;95
54 Striesen-West;StB 5 Blasewitz;08 Blasewitz, Striesen;Neubau;2013;10;48
54 Striesen-West;StB 5 Blasewitz;08 Blasewitz, Striesen;Neubau;2014;7;52
54 Striesen-West;StB 5 Blasewitz;08 Blasewitz, Striesen;Neubau;2015;19;199
54 Striesen-West;StB 5 Blasewitz;08 Blasewitz, Striesen;Neubau;2016;3;2
54 Striesen-West;StB 5 Blasewitz;08 Blasewitz, Striesen;Neubau;2017;3;32
54 Striesen-West;StB 5 Blasewitz;08 Blasewitz, Striesen;Neubau;2018;4;30
54 Striesen-West;StB 5 Blasewitz;08 Blasewitz, Striesen;Neubau;2021;9;88
54 Striesen-West;StB 5 Blasewitz;08 Blasewitz, Striesen;Neubau;2022;4;40
54 Striesen-West;StB 5 Blasewitz;08 Blasewitz, Striesen;Neubau;2023;2;6
54 Striesen-West;StB 5 Blasewitz;08 Blasewitz, Striesen;Neubau;2024;3;13
54 Striesen-West;StB 5 Blasewitz;08 Blasewitz, Striesen;Neubau;2025;1;9
54 Striesen-West;StB 5 Blasewitz;08 Blasewitz, Striesen;Neubau;unbekannt;7;59
54 Striesen-West;StB 5 Blasewitz;08 Blasewitz, Striesen;Umbau;1994;3;1
54 Striesen-West;StB 5 Blasewitz;08 Blasewitz, Striesen;Umbau;1995;5;26
54 Striesen-West;StB 5 Blasewitz;08 Blasewitz, Striesen;Umbau;1996;9;86
54 Striesen-West;StB 5 Blasewitz;08 Blasewitz, Striesen;Umbau;1997;24;236
54 Striesen-West;StB 5 Blasewitz;08 Blasewitz, Striesen;Umbau;1998;12;129
54 Striesen-West;StB 5 Blasewitz;08 Blasewitz, Striesen;Umbau;1999;74;793
54 Striesen-West;StB 5 Blasewitz;08 Blasewitz, Striesen;Umbau;2000;55;561
54 Striesen-West;StB 5 Blasewitz;08 Blasewitz, Striesen;Umbau;2001;10;67
54 Striesen-West;StB 5 Blasewitz;08 Blasewitz, Striesen;Umbau;2002;11;124
54 Striesen-West;StB 5 Blasewitz;08 Blasewitz, Striesen;Umbau;2003;6;51
54 Striesen-West;StB 5 Blasewitz;08 Blasewitz, Striesen;Umbau;2004;4;8
54 Striesen-West;StB 5 Blasewitz;08 Blasewitz, Striesen;Umbau;2005;8;85
54 Striesen-West;StB 5 Blasewitz;08 Blasewitz, Striesen;Umbau;2006;3;26
54 Striesen-West;StB 5 Blasewitz;08 Blasewitz, Striesen;Umbau;2007;20;188
54 Striesen-West;StB 5 Blasewitz;08 Blasewitz, Striesen;Umbau;2008;6;82
54 Striesen-West;StB 5 Blasewitz;08 Blasewitz, Striesen;Umbau;2009;6;44
54 Striesen-West;StB 5 Blasewitz;08 Blasewitz, Striesen;Umbau;2010;10;69
54 Striesen-West;StB 5 Blasewitz;08 Blasewitz, Striesen;Umbau;2011;6;32
54 Striesen-West;StB 5 Blasewitz;08 Blasewitz, Striesen;Umbau;2012;9;109
54 Striesen-West;StB 5 Blasewitz;08 Blasewitz, Striesen;Umbau;2013;8;84
54 Striesen-West;StB 5 Blasewitz;08 Blasewitz, Striesen;Umbau;2014;3;35
54 Striesen-West;StB 5 Blasewitz;08 Blasewitz, Striesen;Umbau;2015;4;38
54 Striesen-West;StB 5 Blasewitz;08 Blasewitz, Striesen;Umbau;2016;1;2
54 Striesen-West;StB 5 Blasewitz;08 Blasewitz, Striesen;Umbau;2017;1;2
54 Striesen-West;StB 5 Blasewitz;08 Blasewitz, Striesen;Umbau;2018;6;41
54 Striesen-West;StB 5 Blasewitz;08 Blasewitz, Striesen;Umbau;2019;1;17
54 Striesen-West;StB 5 Blasewitz;08 Blasewitz, Striesen;Umbau;2020;2;1
54 Striesen-West;StB 5 Blasewitz;08 Blasewitz, Striesen;Umbau;2021;2;1
54 Striesen-West;StB 5 Blasewitz;08 Blasewitz, Striesen;Umbau;2022;8;139
54 Striesen-West;StB 5 Blasewitz;08 Blasewitz, Striesen;Umbau;2023;5;63
54 Striesen-West;StB 5 Blasewitz;08 Blasewitz, Striesen;Umbau;2024;5;13
54 Striesen-West;StB 5 Blasewitz;08 Blasewitz, Striesen;Umbau;2025;3;13
54 Striesen-West;StB 5 Blasewitz;08 Blasewitz, Striesen;Umbau;2026;1;23
54 Striesen-West;StB 5 Blasewitz;08 Blasewitz, Striesen;Umbau;unbekannt;10;58
55 Tolkewitz/Seidnitz-Nord;StB 5 Blasewitz;09 Tolkewitz, Seidnitz, Gruna;Neubau;1992;2;22
55 Tolkewitz/Seidnitz-Nord;StB 5 Blasewitz;09 Tolkewitz, Seidnitz, Gruna;Neubau;1994;10;94
55 Tolkewitz/Seidnitz-Nord;StB 5 Blasewitz;09 Tolkewitz, Seidnitz, Gruna;Neubau;1995;15;190
55 Tolkewitz/Seidnitz-Nord;StB 5 Blasewitz;09 Tolkewitz, Seidnitz, Gruna;Neubau;1996;66;607
55 Tolkewitz/Seidnitz-Nord;StB 5 Blasewitz;09 Tolkewitz, Seidnitz, Gruna;Neubau;1997;25;154
55 Tolkewitz/Seidnitz-Nord;StB 5 Blasewitz;09 Tolkewitz, Seidnitz, Gruna;Neubau;1998;15;41
55 Tolkewitz/Seidnitz-Nord;StB 5 Blasewitz;09 Tolkewitz, Seidnitz, Gruna;Neubau;1999;5;4
55 Tolkewitz/Seidnitz-Nord;StB 5 Blasewitz;09 Tolkewitz, Seidnitz, Gruna;Neubau;2000;6;30
55 Tolkewitz/Seidnitz-Nord;StB 5 Blasewitz;09 Tolkewitz, Seidnitz, Gruna;Neubau;2001;5;5
55 Tolkewitz/Seidnitz-Nord;StB 5 Blasewitz;09 Tolkewitz, Seidnitz, Gruna;Neubau;2002;1;1
55 Tolkewitz/Seidnitz-Nord;StB 5 Blasewitz;09 Tolkewitz, Seidnitz, Gruna;Neubau;2003;2;1
55 Tolkewitz/Seidnitz-Nord;StB 5 Blasewitz;09 Tolkewitz, Seidnitz, Gruna;Neubau;2004;6;6
55 Tolkewitz/Seidnitz-Nord;StB 5 Blasewitz;09 Tolkewitz, Seidnitz, Gruna;Neubau;2005;6;5
55 Tolkewitz/Seidnitz-Nord;StB 5 Blasewitz;09 Tolkewitz, Seidnitz, Gruna;Neubau;2006;1;2
55 Tolkewitz/Seidnitz-Nord;StB 5 Blasewitz;09 Tolkewitz, Seidnitz, Gruna;Neubau;2007;3;10
55 Tolkewitz/Seidnitz-Nord;StB 5 Blasewitz;09 Tolkewitz, Seidnitz, Gruna;Neubau;2008;4;4
55 Tolkewitz/Seidnitz-Nord;StB 5 Blasewitz;09 Tolkewitz, Seidnitz, Gruna;Neubau;2009;1;0
55 Tolkewitz/Seidnitz-Nord;StB 5 Blasewitz;09 Tolkewitz, Seidnitz, Gruna;Neubau;2010;1;5
55 Tolkewitz/Seidnitz-Nord;StB 5 Blasewitz;09 Tolkewitz, Seidnitz, Gruna;Neubau;2012;2;2
55 Tolkewitz/Seidnitz-Nord;StB 5 Blasewitz;09 Tolkewitz, Seidnitz, Gruna;Neubau;2015;2;8
55 Tolkewitz/Seidnitz-Nord;StB 5 Blasewitz;09 Tolkewitz, Seidnitz, Gruna;Neubau;2016;1;18
55 Tolkewitz/Seidnitz-Nord;StB 5 Blasewitz;09 Tolkewitz, Seidnitz, Gruna;Neubau;2017;2;26
55 Tolkewitz/Seidnitz-Nord;StB 5 Blasewitz;09 Tolkewitz, Seidnitz, Gruna;Neubau;2018;4;0
55 Tolkewitz/Seidnitz-Nord;StB 5 Blasewitz;09 Tolkewitz, Seidnitz, Gruna;Neubau;2020;4;15
55 Tolkewitz/Seidnitz-Nord;StB 5 Blasewitz;09 Tolkewitz, Seidnitz, Gruna;Neubau;2021;2;27
55 Tolkewitz/Seidnitz-Nord;StB 5 Blasewitz;09 Tolkewitz, Seidnitz, Gruna;Neubau;2022;1;10
55 Tolkewitz/Seidnitz-Nord;StB 5 Blasewitz;09 Tolkewitz, Seidnitz, Gruna;Neubau;2025;2;0
55 Tolkewitz/Seidnitz-Nord;StB 5 Blasewitz;09 Tolkewitz, Seidnitz, Gruna;Neubau;unbekannt;8;117
55 Tolkewitz/Seidnitz-Nord;StB 5 Blasewitz;09 Tolkewitz, Seidnitz, Gruna;Umbau;1992;2;2
55 Tolkewitz/Seidnitz-Nord;StB 5 Blasewitz;09 Tolkewitz, Seidnitz, Gruna;Umbau;1993;2;10
55 Tolkewitz/Seidnitz-Nord;StB 5 Blasewitz;09 Tolkewitz, Seidnitz, Gruna;Umbau;1994;1;14
55 Tolkewitz/Seidnitz-Nord;StB 5 Blasewitz;09 Tolkewitz, Seidnitz, Gruna;Umbau;1995;5;28
55 Tolkewitz/Seidnitz-Nord;StB 5 Blasewitz;09 Tolkewitz, Seidnitz, Gruna;Umbau;1996;3;25
55 Tolkewitz/Seidnitz-Nord;StB 5 Blasewitz;09 Tolkewitz, Seidnitz, Gruna;Umbau;1997;8;17
55 Tolkewitz/Seidnitz-Nord;StB 5 Blasewitz;09 Tolkewitz, Seidnitz, Gruna;Umbau;1998;10;61
55 Tolkewitz/Seidnitz-Nord;StB 5 Blasewitz;09 Tolkewitz, Seidnitz, Gruna;Umbau;1999;7;66
55 Tolkewitz/Seidnitz-Nord;StB 5 Blasewitz;09 Tolkewitz, Seidnitz, Gruna;Umbau;2000;25;190
55 Tolkewitz/Seidnitz-Nord;StB 5 Blasewitz;09 Tolkewitz, Seidnitz, Gruna;Umbau;2001;19;129
55 Tolkewitz/Seidnitz-Nord;StB 5 Blasewitz;09 Tolkewitz, Seidnitz, Gruna;Umbau;2002;32;198
55 Tolkewitz/Seidnitz-Nord;StB 5 Blasewitz;09 Tolkewitz, Seidnitz, Gruna;Umbau;2003;13;98
55 Tolkewitz/Seidnitz-Nord;StB 5 Blasewitz;09 Tolkewitz, Seidnitz, Gruna;Umbau;2004;11;82
55 Tolkewitz/Seidnitz-Nord;StB 5 Blasewitz;09 Tolkewitz, Seidnitz, Gruna;Umbau;2005;16;105
55 Tolkewitz/Seidnitz-Nord;StB 5 Blasewitz;09 Tolkewitz, Seidnitz, Gruna;Umbau;2006;8;54
55 Tolkewitz/Seidnitz-Nord;StB 5 Blasewitz;09 Tolkewitz, Seidnitz, Gruna;Umbau;2007;11;83
55 Tolkewitz/Seidnitz-Nord;StB 5 Blasewitz;09 Tolkewitz, Seidnitz, Gruna;Umbau;2008;14;90
55 Tolkewitz/Seidnitz-Nord;StB 5 Blasewitz;09 Tolkewitz, Seidnitz, Gruna;Umbau;2009;2;9
55 Tolkewitz/Seidnitz-Nord;StB 5 Blasewitz;09 Tolkewitz, Seidnitz, Gruna;Umbau;2010;10;81
55 Tolkewitz/Seidnitz-Nord;StB 5 Blasewitz;09 Tolkewitz, Seidnitz, Gruna;Umbau;2011;17;128
55 Tolkewitz/Seidnitz-Nord;StB 5 Blasewitz;09 Tolkewitz, Seidnitz, Gruna;Umbau;2012;22;147
55 Tolkewitz/Seidnitz-Nord;StB 5 Blasewitz;09 Tolkewitz, Seidnitz, Gruna;Umbau;2013;21;148
55 Tolkewitz/Seidnitz-Nord;StB 5 Blasewitz;09 Tolkewitz, Seidnitz, Gruna;Umbau;2014;15;92
55 Tolkewitz/Seidnitz-Nord;StB 5 Blasewitz;09 Tolkewitz, Seidnitz, Gruna;Umbau;2015;13;129
55 Tolkewitz/Seidnitz-Nord;StB 5 Blasewitz;09 Tolkewitz, Seidnitz, Gruna;Umbau;2016;3;1
55 Tolkewitz/Seidnitz-Nord;StB 5 Blasewitz;09 Tolkewitz, Seidnitz, Gruna;Umbau;2017;6;56
55 Tolkewitz/Seidnitz-Nord;StB 5 Blasewitz;09 Tolkewitz, Seidnitz, Gruna;Umbau;2018;15;133
55 Tolkewitz/Seidnitz-Nord;StB 5 Blasewitz;09 Tolkewitz, Seidnitz, Gruna;Umbau;2019;3;46
55 Tolkewitz/Seidnitz-Nord;StB 5 Blasewitz;09 Tolkewitz, Seidnitz, Gruna;Umbau;2020;12;102
55 Tolkewitz/Seidnitz-Nord;StB 5 Blasewitz;09 Tolkewitz, Seidnitz, Gruna;Umbau;2021;16;143
55 Tolkewitz/Seidnitz-Nord;StB 5 Blasewitz;09 Tolkewitz, Seidnitz, Gruna;Umbau;2022;32;311
55 Tolkewitz/Seidnitz-Nord;StB 5 Blasewitz;09 Tolkewitz, Seidnitz, Gruna;Umbau;2023;3;13
55 Tolkewitz/Seidnitz-Nord;StB 5 Blasewitz;09 Tolkewitz, Seidnitz, Gruna;Umbau;2024;2;21
55 Tolkewitz/Seidnitz-Nord;StB 5 Blasewitz;09 Tolkewitz, Seidnitz, Gruna;Umbau;2025;3;17
55 Tolkewitz/Seidnitz-Nord;StB 5 Blasewitz;09 Tolkewitz, Seidnitz, Gruna;Umbau;2026;1;5
55 Tolkewitz/Seidnitz-Nord;StB 5 Blasewitz;09 Tolkewitz, Seidnitz, Gruna;Umbau;unbekannt;2;6
56 Seidnitz/Dobritz;StB 5 Blasewitz;09 Tolkewitz, Seidnitz, Gruna;Neubau;1993;4;0
56 Seidnitz/Dobritz;StB 5 Blasewitz;09 Tolkewitz, Seidnitz, Gruna;Neubau;1994;28;189
56 Seidnitz/Dobritz;StB 5 Blasewitz;09 Tolkewitz, Seidnitz, Gruna;Neubau;1995;12;112
56 Seidnitz/Dobritz;StB 5 Blasewitz;09 Tolkewitz, Seidnitz, Gruna;Neubau;1996;3;1
56 Seidnitz/Dobritz;StB 5 Blasewitz;09 Tolkewitz, Seidnitz, Gruna;Neubau;1997;15;87
56 Seidnitz/Dobritz;StB 5 Blasewitz;09 Tolkewitz, Seidnitz, Gruna;Neubau;1998;3;1
56 Seidnitz/Dobritz;StB 5 Blasewitz;09 Tolkewitz, Seidnitz, Gruna;Neubau;1999;1;7
56 Seidnitz/Dobritz;StB 5 Blasewitz;09 Tolkewitz, Seidnitz, Gruna;Neubau;2000;3;13
56 Seidnitz/Dobritz;StB 5 Blasewitz;09 Tolkewitz, Seidnitz, Gruna;Neubau;2002;2;2
56 Seidnitz/Dobritz;StB 5 Blasewitz;09 Tolkewitz, Seidnitz, Gruna;Neubau;2003;16;16
56 Seidnitz/Dobritz;StB 5 Blasewitz;09 Tolkewitz, Seidnitz, Gruna;Neubau;2004;27;25
56 Seidnitz/Dobritz;StB 5 Blasewitz;09 Tolkewitz, Seidnitz, Gruna;Neubau;2005;10;9
56 Seidnitz/Dobritz;StB 5 Blasewitz;09 Tolkewitz, Seidnitz, Gruna;Neubau;2006;22;20
56 Seidnitz/Dobritz;StB 5 Blasewitz;09 Tolkewitz, Seidnitz, Gruna;Neubau;2007;5;2
56 Seidnitz/Dobritz;StB 5 Blasewitz;09 Tolkewitz, Seidnitz, Gruna;Neubau;2008;7;4
56 Seidnitz/Dobritz;StB 5 Blasewitz;09 Tolkewitz, Seidnitz, Gruna;Neubau;2009;7;5
56 Seidnitz/Dobritz;StB 5 Blasewitz;09 Tolkewitz, Seidnitz, Gruna;Neubau;2010;6;12
56 Seidnitz/Dobritz;StB 5 Blasewitz;09 Tolkewitz, Seidnitz, Gruna;Neubau;2011;11;7
56 Seidnitz/Dobritz;StB 5 Blasewitz;09 Tolkewitz, Seidnitz, Gruna;Neubau;2012;28;23
56 Seidnitz/Dobritz;StB 5 Blasewitz;09 Tolkewitz, Seidnitz, Gruna;Neubau;2013;12;24
56 Seidnitz/Dobritz;StB 5 Blasewitz;09 Tolkewitz, Seidnitz, Gruna;Neubau;2014;17;13
56 Seidnitz/Dobritz;StB 5 Blasewitz;09 Tolkewitz, Seidnitz, Gruna;Neubau;2015;2;3
56 Seidnitz/Dobritz;StB 5 Blasewitz;09 Tolkewitz, Seidnitz, Gruna;Neubau;2016;4;34
56 Seidnitz/Dobritz;StB 5 Blasewitz;09 Tolkewitz, Seidnitz, Gruna;Neubau;2017;10;115
56 Seidnitz/Dobritz;StB 5 Blasewitz;09 Tolkewitz, Seidnitz, Gruna;Neubau;2018;3;10
56 Seidnitz/Dobritz;StB 5 Blasewitz;09 Tolkewitz, Seidnitz, Gruna;Neubau;2019;3;1
56 Seidnitz/Dobritz;StB 5 Blasewitz;09 Tolkewitz, Seidnitz, Gruna;Neubau;2020;17;80
56 Seidnitz/Dobritz;StB 5 Blasewitz;09 Tolkewitz, Seidnitz, Gruna;Neubau;2021;3;6
56 Seidnitz/Dobritz;StB 5 Blasewitz;09 Tolkewitz, Seidnitz, Gruna;Neubau;2022;5;11
56 Seidnitz/Dobritz;StB 5 Blasewitz;09 Tolkewitz, Seidnitz, Gruna;Neubau;2023;3;0
56 Seidnitz/Dobritz;StB 5 Blasewitz;09 Tolkewitz, Seidnitz, Gruna;Neubau;2024;4;2
56 Seidnitz/Dobritz;StB 5 Blasewitz;09 Tolkewitz, Seidnitz, Gruna;Neubau;2025;2;0
56 Seidnitz/Dobritz;StB 5 Blasewitz;09 Tolkewitz, Seidnitz, Gruna;Neubau;unbekannt;11;42
56 Seidnitz/Dobritz;StB 5 Blasewitz;09 Tolkewitz, Seidnitz, Gruna;Umbau;1995;35;75
56 Seidnitz/Dobritz;StB 5 Blasewitz;09 Tolkewitz, Seidnitz, Gruna;Umbau;1996;5;18
56 Seidnitz/Dobritz;StB 5 Blasewitz;09 Tolkewitz, Seidnitz, Gruna;Umbau;1997;9;58
56 Seidnitz/Dobritz;StB 5 Blasewitz;09 Tolkewitz, Seidnitz, Gruna;Umbau;1998;8;71
56 Seidnitz/Dobritz;StB 5 Blasewitz;09 Tolkewitz, Seidnitz, Gruna;Umbau;1999;69;657
56 Seidnitz/Dobritz;StB 5 Blasewitz;09 Tolkewitz, Seidnitz, Gruna;Umbau;2000;37;312
56 Seidnitz/Dobritz;StB 5 Blasewitz;09 Tolkewitz, Seidnitz, Gruna;Umbau;2001;14;104
56 Seidnitz/Dobritz;StB 5 Blasewitz;09 Tolkewitz, Seidnitz, Gruna;Umbau;2002;22;128
56 Seidnitz/Dobritz;StB 5 Blasewitz;09 Tolkewitz, Seidnitz, Gruna;Umbau;2003;17;61
56 Seidnitz/Dobritz;StB 5 Blasewitz;09 Tolkewitz, Seidnitz, Gruna;Umbau;2004;6;29
56 Seidnitz/Dobritz;StB 5 Blasewitz;09 Tolkewitz, Seidnitz, Gruna;Umbau;2005;2;0
56 Seidnitz/Dobritz;StB 5 Blasewitz;09 Tolkewitz, Seidnitz, Gruna;Umbau;2006;17;137
56 Seidnitz/Dobritz;StB 5 Blasewitz;09 Tolkewitz, Seidnitz, Gruna;Umbau;2007;39;250
56 Seidnitz/Dobritz;StB 5 Blasewitz;09 Tolkewitz, Seidnitz, Gruna;Umbau;2008;6;43
56 Seidnitz/Dobritz;StB 5 Blasewitz;09 Tolkewitz, Seidnitz, Gruna;Umbau;2009;2;6
56 Seidnitz/Dobritz;StB 5 Blasewitz;09 Tolkewitz, Seidnitz, Gruna;Umbau;2010;5;38
56 Seidnitz/Dobritz;StB 5 Blasewitz;09 Tolkewitz, Seidnitz, Gruna;Umbau;2011;4;3
56 Seidnitz/Dobritz;StB 5 Blasewitz;09 Tolkewitz, Seidnitz, Gruna;Umbau;2012;20;108
56 Seidnitz/Dobritz;StB 5 Blasewitz;09 Tolkewitz, Seidnitz, Gruna;Umbau;2013;17;151
56 Seidnitz/Dobritz;StB 5 Blasewitz;09 Tolkewitz, Seidnitz, Gruna;Umbau;2014;33;294
56 Seidnitz/Dobritz;StB 5 Blasewitz;09 Tolkewitz, Seidnitz, Gruna;Umbau;2015;6;8
56 Seidnitz/Dobritz;StB 5 Blasewitz;09 Tolkewitz, Seidnitz, Gruna;Umbau;2016;5;9
56 Seidnitz/Dobritz;StB 5 Blasewitz;09 Tolkewitz, Seidnitz, Gruna;Umbau;2017;6;18
56 Seidnitz/Dobritz;StB 5 Blasewitz;09 Tolkewitz, Seidnitz, Gruna;Umbau;2018;30;29
56 Seidnitz/Dobritz;StB 5 Blasewitz;09 Tolkewitz, Seidnitz, Gruna;Umbau;2019;2;1
56 Seidnitz/Dobritz;StB 5 Blasewitz;09 Tolkewitz, Seidnitz, Gruna;Umbau;2020;39;432
56 Seidnitz/Dobritz;StB 5 Blasewitz;09 Tolkewitz, Seidnitz, Gruna;Umbau;2021;2;1
56 Seidnitz/Dobritz;StB 5 Blasewitz;09 Tolkewitz, Seidnitz, Gruna;Umbau;2022;2;1
56 Seidnitz/Dobritz;StB 5 Blasewitz;09 Tolkewitz, Seidnitz, Gruna;Umbau;2023;4;8
56 Seidnitz/Dobritz;StB 5 Blasewitz;09 Tolkewitz, Seidnitz, Gruna;Umbau;2024;4;6
56 Seidnitz/Dobritz;StB 5 Blasewitz;09 Tolkewitz, Seidnitz, Gruna;Umbau;2025;1;9
56 Seidnitz/Dobritz;StB 5 Blasewitz;09 Tolkewitz, Seidnitz, Gruna;Umbau;unbekannt;16;25
57 Gruna;StB 5 Blasewitz;09 Tolkewitz, Seidnitz, Gruna;Neubau;1992;2;1
57 Gruna;StB 5 Blasewitz;09 Tolkewitz, Seidnitz, Gruna;Neubau;1993;2;2
57 Gruna;StB 5 Blasewitz;09 Tolkewitz, Seidnitz, Gruna;Neubau;1994;3;5
57 Gruna;StB 5 Blasewitz;09 Tolkewitz, Seidnitz, Gruna;Neubau;1995;17;68
57 Gruna;StB 5 Blasewitz;09 Tolkewitz, Seidnitz, Gruna;Neubau;1996;14;89
57 Gruna;StB 5 Blasewitz;09 Tolkewitz, Seidnitz, Gruna;Neubau;1997;17;246
57 Gruna;StB 5 Blasewitz;09 Tolkewitz, Seidnitz, Gruna;Neubau;1998;10;94
57 Gruna;StB 5 Blasewitz;09 Tolkewitz, Seidnitz, Gruna;Neubau;1999;10;37
57 Gruna;StB 5 Blasewitz;09 Tolkewitz, Seidnitz, Gruna;Neubau;2000;6;7
57 Gruna;StB 5 Blasewitz;09 Tolkewitz, Seidnitz, Gruna;Neubau;2001;5;8
57 Gruna;StB 5 Blasewitz;09 Tolkewitz, Seidnitz, Gruna;Neubau;2002;17;18
57 Gruna;StB 5 Blasewitz;09 Tolkewitz, Seidnitz, Gruna;Neubau;2003;2;2
57 Gruna;StB 5 Blasewitz;09 Tolkewitz, Seidnitz, Gruna;Neubau;2004;7;4
57 Gruna;StB 5 Blasewitz;09 Tolkewitz, Seidnitz, Gruna;Neubau;2005;4;4
57 Gruna;StB 5 Blasewitz;09 Tolkewitz, Seidnitz, Gruna;Neubau;2006;4;0
57 Gruna;StB 5 Blasewitz;09 Tolkewitz, Seidnitz, Gruna;Neubau;2007;3;1
57 Gruna;StB 5 Blasewitz;09 Tolkewitz, Seidnitz, Gruna;Neubau;2008;4;8
57 Gruna;StB 5 Blasewitz;09 Tolkewitz, Seidnitz, Gruna;Neubau;2009;5;4
57 Gruna;StB 5 Blasewitz;09 Tolkewitz, Seidnitz, Gruna;Neubau;2010;4;0
57 Gruna;StB 5 Blasewitz;09 Tolkewitz, Seidnitz, Gruna;Neubau;2011;6;18
57 Gruna;StB 5 Blasewitz;09 Tolkewitz, Seidnitz, Gruna;Neubau;2012;16;15
57 Gruna;StB 5 Blasewitz;09 Tolkewitz, Seidnitz, Gruna;Neubau;2013;10;23
57 Gruna;StB 5 Blasewitz;09 Tolkewitz, Seidnitz, Gruna;Neubau;2014;6;2
57 Gruna;StB 5 Blasewitz;09 Tolkewitz, Seidnitz, Gruna;Neubau;2015;2;12
57 Gruna;StB 5 Blasewitz;09 Tolkewitz, Seidnitz, Gruna;Neubau;2016;9;40
57 Gruna;StB 5 Blasewitz;09 Tolkewitz, Seidnitz, Gruna;Neubau;2017;4;14
57 Gruna;StB 5 Blasewitz;09 Tolkewitz, Seidnitz, Gruna;Neubau;2018;4;2
57 Gruna;StB 5 Blasewitz;09 Tolkewitz, Seidnitz, Gruna;Neubau;2019;2;0
57 Gruna;StB 5 Blasewitz;09 Tolkewitz, Seidnitz, Gruna;Neubau;2020;3;3
57 Gruna;StB 5 Blasewitz;09 Tolkewitz, Seidnitz, Gruna;Neubau;2021;1;10
57 Gruna;StB 5 Blasewitz;09 Tolkewitz, Seidnitz, Gruna;Neubau;2023;5;20
57 Gruna;StB 5 Blasewitz;09 Tolkewitz, Seidnitz, Gruna;Neubau;2024;2;14
57 Gruna;StB 5 Blasewitz;09 Tolkewitz, Seidnitz, Gruna;Neubau;2025;1;1
57 Gruna;StB 5 Blasewitz;09 Tolkewitz, Seidnitz, Gruna;Neubau;2026;1;8
57 Gruna;StB 5 Blasewitz;09 Tolkewitz, Seidnitz, Gruna;Neubau;unbekannt;6;53
57 Gruna;StB 5 Blasewitz;09 Tolkewitz, Seidnitz, Gruna;Umbau;1993;5;27
57 Gruna;StB 5 Blasewitz;09 Tolkewitz, Seidnitz, Gruna;Umbau;1994;3;3
57 Gruna;StB 5 Blasewitz;09 Tolkewitz, Seidnitz, Gruna;Umbau;1995;6;37
57 Gruna;StB 5 Blasewitz;09 Tolkewitz, Seidnitz, Gruna;Umbau;1996;9;42
57 Gruna;StB 5 Blasewitz;09 Tolkewitz, Seidnitz, Gruna;Umbau;1997;7;181
57 Gruna;StB 5 Blasewitz;09 Tolkewitz, Seidnitz, Gruna;Umbau;1998;21;131
57 Gruna;StB 5 Blasewitz;09 Tolkewitz, Seidnitz, Gruna;Umbau;1999;14;128
57 Gruna;StB 5 Blasewitz;09 Tolkewitz, Seidnitz, Gruna;Umbau;2000;33;517
57 Gruna;StB 5 Blasewitz;09 Tolkewitz, Seidnitz, Gruna;Umbau;2001;20;175
57 Gruna;StB 5 Blasewitz;09 Tolkewitz, Seidnitz, Gruna;Umbau;2002;14;75
57 Gruna;StB 5 Blasewitz;09 Tolkewitz, Seidnitz, Gruna;Umbau;2003;29;298
57 Gruna;StB 5 Blasewitz;09 Tolkewitz, Seidnitz, Gruna;Umbau;2004;9;44
57 Gruna;StB 5 Blasewitz;09 Tolkewitz, Seidnitz, Gruna;Umbau;2005;34;290
57 Gruna;StB 5 Blasewitz;09 Tolkewitz, Seidnitz, Gruna;Umbau;2006;17;147
57 Gruna;StB 5 Blasewitz;09 Tolkewitz, Seidnitz, Gruna;Umbau;2007;12;105
57 Gruna;StB 5 Blasewitz;09 Tolkewitz, Seidnitz, Gruna;Umbau;2008;3;15
57 Gruna;StB 5 Blasewitz;09 Tolkewitz, Seidnitz, Gruna;Umbau;2009;6;45
57 Gruna;StB 5 Blasewitz;09 Tolkewitz, Seidnitz, Gruna;Umbau;2010;5;10
57 Gruna;StB 5 Blasewitz;09 Tolkewitz, Seidnitz, Gruna;Umbau;2011;15;134
57 Gruna;StB 5 Blasewitz;09 Tolkewitz, Seidnitz, Gruna;Umbau;2012;10;63
57 Gruna;StB 5 Blasewitz;09 Tolkewitz, Seidnitz, Gruna;Umbau;2013;9;28
57 Gruna;StB 5 Blasewitz;09 Tolkewitz, Seidnitz, Gruna;Umbau;2014;9;45
57 Gruna;StB 5 Blasewitz;09 Tolkewitz, Seidnitz, Gruna;Umbau;2015;24;238
57 Gruna;StB 5 Blasewitz;09 Tolkewitz, Seidnitz, Gruna;Umbau;2016;4;29
57 Gruna;StB 5 Blasewitz;09 Tolkewitz, Seidnitz, Gruna;Umbau;2017;3;10
57 Gruna;StB 5 Blasewitz;09 Tolkewitz, Seidnitz, Gruna;Umbau;2018;5;8
57 Gruna;StB 5 Blasewitz;09 Tolkewitz, Seidnitz, Gruna;Umbau;2019;5;32
57 Gruna;StB 5 Blasewitz;09 Tolkewitz, Seidnitz, Gruna;Umbau;2020;3;4
57 Gruna;StB 5 Blasewitz;09 Tolkewitz, Seidnitz, Gruna;Umbau;2021;4;18
57 Gruna;StB 5 Blasewitz;09 Tolkewitz, Seidnitz, Gruna;Umbau;2022;7;45
57 Gruna;StB 5 Blasewitz;09 Tolkewitz, Seidnitz, Gruna;Umbau;2023;5;218
57 Gruna;StB 5 Blasewitz;09 Tolkewitz, Seidnitz, Gruna;Umbau;2024;2;6
57 Gruna;StB 5 Blasewitz;09 Tolkewitz, Seidnitz, Gruna;Umbau;2025;2;7
57 Gruna;StB 5 Blasewitz;09 Tolkewitz, Seidnitz, Gruna;Umbau;unbekannt;11;77
61 Leuben;StB 6 Leuben;10 StB Leuben;Neubau;1992;3;0
61 Leuben;StB 6 Leuben;10 StB Leuben;Neubau;1993;10;2
61 Leuben;StB 6 Leuben;10 StB Leuben;Neubau;1994;8;88
61 Leuben;StB 6 Leuben;10 StB Leuben;Neubau;1995;13;42
61 Leuben;StB 6 Leuben;10 StB Leuben;Neubau;1996;2;2
61 Leuben;StB 6 Leuben;10 StB Leuben;Neubau;1997;7;40
61 Leuben;StB 6 Leuben;10 StB Leuben;Neubau;1998;39;39
61 Leuben;StB 6 Leuben;10 StB Leuben;Neubau;1999;6;14
61 Leuben;StB 6 Leuben;10 StB Leuben;Neubau;2000;3;0
61 Leuben;StB 6 Leuben;10 StB Leuben;Neubau;2001;6;4
61 Leuben;StB 6 Leuben;10 StB Leuben;Neubau;2002;11;15
61 Leuben;StB 6 Leuben;10 StB Leuben;Neubau;2003;8;6
61 Leuben;StB 6 Leuben;10 StB Leuben;Neubau;2004;13;13
61 Leuben;StB 6 Leuben;10 StB Leuben;Neubau;2005;5;5
61 Leuben;StB 6 Leuben;10 StB Leuben;Neubau;2006;13;12
61 Leuben;StB 6 Leuben;10 StB Leuben;Neubau;2007;5;9
61 Leuben;StB 6 Leuben;10 StB Leuben;Neubau;2008;5;5
61 Leuben;StB 6 Leuben;10 StB Leuben;Neubau;2009;12;9
61 Leuben;StB 6 Leuben;10 StB Leuben;Neubau;2010;6;5
61 Leuben;StB 6 Leuben;10 StB Leuben;Neubau;2011;3;1
61 Leuben;StB 6 Leuben;10 StB Leuben;Neubau;2012;5;63
61 Leuben;StB 6 Leuben;10 StB Leuben;Neubau;2013;11;8
61 Leuben;StB 6 Leuben;10 StB Leuben;Neubau;2014;14;15
61 Leuben;StB 6 Leuben;10 StB Leuben;Neubau;2015;9;8
61 Leuben;StB 6 Leuben;10 StB Leuben;Neubau;2016;3;8
61 Leuben;StB 6 Leuben;10 StB Leuben;Neubau;2017;7;65
61 Leuben;StB 6 Leuben;10 StB Leuben;Neubau;2018;2;2
61 Leuben;StB 6 Leuben;10 StB Leuben;Neubau;2019;5;56
61 Leuben;StB 6 Leuben;10 StB Leuben;Neubau;2020;16;129
61 Leuben;StB 6 Leuben;10 StB Leuben;Neubau;2021;6;3
61 Leuben;StB 6 Leuben;10 StB Leuben;Neubau;2022;2;0
61 Leuben;StB 6 Leuben;10 StB Leuben;Neubau;2023;2;2
61 Leuben;StB 6 Leuben;10 StB Leuben;Neubau;2024;3;27
61 Leuben;StB 6 Leuben;10 StB Leuben;Neubau;2025;6;27
61 Leuben;StB 6 Leuben;10 StB Leuben;Neubau;unbekannt;6;19
61 Leuben;StB 6 Leuben;10 StB Leuben;Umbau;1993;3;1
61 Leuben;StB 6 Leuben;10 StB Leuben;Umbau;1994;4;8
61 Leuben;StB 6 Leuben;10 StB Leuben;Umbau;1995;2;17
61 Leuben;StB 6 Leuben;10 StB Leuben;Umbau;1996;1;1
61 Leuben;StB 6 Leuben;10 StB Leuben;Umbau;1997;19;135
61 Leuben;StB 6 Leuben;10 StB Leuben;Umbau;1998;11;59
61 Leuben;StB 6 Leuben;10 StB Leuben;Umbau;1999;63;457
61 Leuben;StB 6 Leuben;10 StB Leuben;Umbau;2000;37;350
61 Leuben;StB 6 Leuben;10 StB Leuben;Umbau;2001;10;78
61 Leuben;StB 6 Leuben;10 StB Leuben;Umbau;2002;73;485
61 Leuben;StB 6 Leuben;10 StB Leuben;Umbau;2003;11;27
61 Leuben;StB 6 Leuben;10 StB Leuben;Umbau;2004;21;113
61 Leuben;StB 6 Leuben;10 StB Leuben;Umbau;2005;21;210
61 Leuben;StB 6 Leuben;10 StB Leuben;Umbau;2006;18;56
61 Leuben;StB 6 Leuben;10 StB Leuben;Umbau;2007;7;24
61 Leuben;StB 6 Leuben;10 StB Leuben;Umbau;2008;14;83
61 Leuben;StB 6 Leuben;10 StB Leuben;Umbau;2009;7;15
61 Leuben;StB 6 Leuben;10 StB Leuben;Umbau;2010;11;34
61 Leuben;StB 6 Leuben;10 StB Leuben;Umbau;2011;6;12
61 Leuben;StB 6 Leuben;10 StB Leuben;Umbau;2012;8;36
61 Leuben;StB 6 Leuben;10 StB Leuben;Umbau;2013;8;18
61 Leuben;StB 6 Leuben;10 StB Leuben;Umbau;2014;9;172
61 Leuben;StB 6 Leuben;10 StB Leuben;Umbau;2015;27;244
61 Leuben;StB 6 Leuben;10 StB Leuben;Umbau;2016;10;42
61 Leuben;StB 6 Leuben;10 StB Leuben;Umbau;2017;20;181
61 Leuben;StB 6 Leuben;10 StB Leuben;Umbau;2018;14;93
61 Leuben;StB 6 Leuben;10 StB Leuben;Umbau;2019;15;188
61 Leuben;StB 6 Leuben;10 StB Leuben;Umbau;2020;8;47
61 Leuben;StB 6 Leuben;10 StB Leuben;Umbau;2021;37;294
61 Leuben;StB 6 Leuben;10 StB Leuben;Umbau;2022;12;43
61 Leuben;StB 6 Leuben;10 StB Leuben;Umbau;2023;6;17
61 Leuben;StB 6 Leuben;10 StB Leuben;Umbau;2024;11;76
61 Leuben;StB 6 Leuben;10 StB Leuben;Umbau;2025;2;98
61 Leuben;StB 6 Leuben;10 StB Leuben;Umbau;unbekannt;18;82
62 Laubegast;StB 6 Leuben;10 StB Leuben;Neubau;1992;4;40
62 Laubegast;StB 6 Leuben;10 StB Leuben;Neubau;1993;23;278
62 Laubegast;StB 6 Leuben;10 StB Leuben;Neubau;1994;34;284
62 Laubegast;StB 6 Leuben;10 StB Leuben;Neubau;1995;48;573
62 Laubegast;StB 6 Leuben;10 StB Leuben;Neubau;1996;27;274
62 Laubegast;StB 6 Leuben;10 StB Leuben;Neubau;1997;19;151
62 Laubegast;StB 6 Leuben;10 StB Leuben;Neubau;1998;13;76
62 Laubegast;StB 6 Leuben;10 StB Leuben;Neubau;1999;13;33
62 Laubegast;StB 6 Leuben;10 StB Leuben;Neubau;2000;48;58
62 Laubegast;StB 6 Leuben;10 StB Leuben;Neubau;2001;36;48
62 Laubegast;StB 6 Leuben;10 StB Leuben;Neubau;2002;18;44
62 Laubegast;StB 6 Leuben;10 StB Leuben;Neubau;2003;22;28
62 Laubegast;StB 6 Leuben;10 StB Leuben;Neubau;2004;18;27
62 Laubegast;StB 6 Leuben;10 StB Leuben;Neubau;2005;15;15
62 Laubegast;StB 6 Leuben;10 StB Leuben;Neubau;2006;20;19
62 Laubegast;StB 6 Leuben;10 StB Leuben;Neubau;2007;6;5
62 Laubegast;StB 6 Leuben;10 StB Leuben;Neubau;2008;26;27
62 Laubegast;StB 6 Leuben;10 StB Leuben;Neubau;2009;6;7
62 Laubegast;StB 6 Leuben;10 StB Leuben;Neubau;2010;9;31
62 Laubegast;StB 6 Leuben;10 StB Leuben;Neubau;2011;7;23
62 Laubegast;StB 6 Leuben;10 StB Leuben;Neubau;2012;18;23
62 Laubegast;StB 6 Leuben;10 StB Leuben;Neubau;2013;3;2
62 Laubegast;StB 6 Leuben;10 StB Leuben;Neubau;2014;21;34
62 Laubegast;StB 6 Leuben;10 StB Leuben;Neubau;2015;12;12
62 Laubegast;StB 6 Leuben;10 StB Leuben;Neubau;2016;6;19
62 Laubegast;StB 6 Leuben;10 StB Leuben;Neubau;2017;15;22
62 Laubegast;StB 6 Leuben;10 StB Leuben;Neubau;2018;23;23
62 Laubegast;StB 6 Leuben;10 StB Leuben;Neubau;2019;13;25
62 Laubegast;StB 6 Leuben;10 StB Leuben;Neubau;2020;16;15
62 Laubegast;StB 6 Leuben;10 StB Leuben;Neubau;2021;4;11
62 Laubegast;StB 6 Leuben;10 StB Leuben;Neubau;2022;3;12
62 Laubegast;StB 6 Leuben;10 StB Leuben;Neubau;2024;7;6
62 Laubegast;StB 6 Leuben;10 StB Leuben;Neubau;unbekannt;6;17
62 Laubegast;StB 6 Leuben;10 StB Leuben;Umbau;1992;1;5
62 Laubegast;StB 6 Leuben;10 StB Leuben;Umbau;1994;2;3
62 Laubegast;StB 6 Leuben;10 StB Leuben;Umbau;1995;4;4
62 Laubegast;StB 6 Leuben;10 StB Leuben;Umbau;1996;5;28
62 Laubegast;StB 6 Leuben;10 StB Leuben;Umbau;1997;24;171
62 Laubegast;StB 6 Leuben;10 StB Leuben;Umbau;1998;15;120
62 Laubegast;StB 6 Leuben;10 StB Leuben;Umbau;1999;25;195
62 Laubegast;StB 6 Leuben;10 StB Leuben;Umbau;2000;38;178
62 Laubegast;StB 6 Leuben;10 StB Leuben;Umbau;2001;33;161
62 Laubegast;StB 6 Leuben;10 StB Leuben;Umbau;2002;40;290
62 Laubegast;StB 6 Leuben;10 StB Leuben;Umbau;2003;23;118
62 Laubegast;StB 6 Leuben;10 StB Leuben;Umbau;2004;67;353
62 Laubegast;StB 6 Leuben;10 StB Leuben;Umbau;2005;14;64
62 Laubegast;StB 6 Leuben;10 StB Leuben;Umbau;2006;16;64
62 Laubegast;StB 6 Leuben;10 StB Leuben;Umbau;2007;18;84
62 Laubegast;StB 6 Leuben;10 StB Leuben;Umbau;2008;5;16
62 Laubegast;StB 6 Leuben;10 StB Leuben;Umbau;2009;17;84
62 Laubegast;StB 6 Leuben;10 StB Leuben;Umbau;2010;14;68
62 Laubegast;StB 6 Leuben;10 StB Leuben;Umbau;2011;14;49
62 Laubegast;StB 6 Leuben;10 StB Leuben;Umbau;2012;12;48
62 Laubegast;StB 6 Leuben;10 StB Leuben;Umbau;2013;9;42
62 Laubegast;StB 6 Leuben;10 StB Leuben;Umbau;2014;11;56
62 Laubegast;StB 6 Leuben;10 StB Leuben;Umbau;2015;8;35
62 Laubegast;StB 6 Leuben;10 StB Leuben;Umbau;2016;17;96
62 Laubegast;StB 6 Leuben;10 StB Leuben;Umbau;2017;22;125
62 Laubegast;StB 6 Leuben;10 StB Leuben;Umbau;2018;7;14
62 Laubegast;StB 6 Leuben;10 StB Leuben;Umbau;2019;7;27
62 Laubegast;StB 6 Leuben;10 StB Leuben;Umbau;2020;2;4
62 Laubegast;StB 6 Leuben;10 StB Leuben;Umbau;2021;11;47
62 Laubegast;StB 6 Leuben;10 StB Leuben;Umbau;2022;4;20
62 Laubegast;StB 6 Leuben;10 StB Leuben;Umbau;2023;4;3
62 Laubegast;StB 6 Leuben;10 StB Leuben;Umbau;2024;4;6
62 Laubegast;StB 6 Leuben;10 StB Leuben;Umbau;2025;8;38
62 Laubegast;StB 6 Leuben;10 StB Leuben;Umbau;2026;1;1
62 Laubegast;StB 6 Leuben;10 StB Leuben;Umbau;unbekannt;11;57
63 Kleinzschachwitz;StB 6 Leuben;10 StB Leuben;Neubau;1992;24;65
63 Kleinzschachwitz;StB 6 Leuben;10 StB Leuben;Neubau;1993;46;75
63 Kleinzschachwitz;StB 6 Leuben;10 StB Leuben;Neubau;1994;33;115
63 Kleinzschachwitz;StB 6 Leuben;10 StB Leuben;Neubau;1995;45;208
63 Kleinzschachwitz;StB 6 Leuben;10 StB Leuben;Neubau;1996;50;297
63 Kleinzschachwitz;StB 6 Leuben;10 StB Leuben;Neubau;1997;95;361
63 Kleinzschachwitz;StB 6 Leuben;10 StB Leuben;Neubau;1998;45;84
63 Kleinzschachwitz;StB 6 Leuben;10 StB Leuben;Neubau;1999;40;74
63 Kleinzschachwitz;StB 6 Leuben;10 StB Leuben;Neubau;2000;50;90
63 Kleinzschachwitz;StB 6 Leuben;10 StB Leuben;Neubau;2001;19;21
63 Kleinzschachwitz;StB 6 Leuben;10 StB Leuben;Neubau;2002;21;22
63 Kleinzschachwitz;StB 6 Leuben;10 StB Leuben;Neubau;2003;22;27
63 Kleinzschachwitz;StB 6 Leuben;10 StB Leuben;Neubau;2004;21;26
63 Kleinzschachwitz;StB 6 Leuben;10 StB Leuben;Neubau;2005;17;15
63 Kleinzschachwitz;StB 6 Leuben;10 StB Leuben;Neubau;2006;18;17
63 Kleinzschachwitz;StB 6 Leuben;10 StB Leuben;Neubau;2007;8;9
63 Kleinzschachwitz;StB 6 Leuben;10 StB Leuben;Neubau;2008;19;20
63 Kleinzschachwitz;StB 6 Leuben;10 StB Leuben;Neubau;2009;9;16
63 Kleinzschachwitz;StB 6 Leuben;10 StB Leuben;Neubau;2010;17;18
63 Kleinzschachwitz;StB 6 Leuben;10 StB Leuben;Neubau;2011;25;25
63 Kleinzschachwitz;StB 6 Leuben;10 StB Leuben;Neubau;2012;16;25
63 Kleinzschachwitz;StB 6 Leuben;10 StB Leuben;Neubau;2013;15;16
63 Kleinzschachwitz;StB 6 Leuben;10 StB Leuben;Neubau;2014;9;14
63 Kleinzschachwitz;StB 6 Leuben;10 StB Leuben;Neubau;2015;11;23
63 Kleinzschachwitz;StB 6 Leuben;10 StB Leuben;Neubau;2016;6;4
63 Kleinzschachwitz;StB 6 Leuben;10 StB Leuben;Neubau;2017;5;5
63 Kleinzschachwitz;StB 6 Leuben;10 StB Leuben;Neubau;2018;7;12
63 Kleinzschachwitz;StB 6 Leuben;10 StB Leuben;Neubau;2019;7;20
63 Kleinzschachwitz;StB 6 Leuben;10 StB Leuben;Neubau;2020;2;2
63 Kleinzschachwitz;StB 6 Leuben;10 StB Leuben;Neubau;2021;10;12
63 Kleinzschachwitz;StB 6 Leuben;10 StB Leuben;Neubau;2022;10;16
63 Kleinzschachwitz;StB 6 Leuben;10 StB Leuben;Neubau;2023;8;7
63 Kleinzschachwitz;StB 6 Leuben;10 StB Leuben;Neubau;2024;8;34
63 Kleinzschachwitz;StB 6 Leuben;10 StB Leuben;Neubau;2025;2;4
63 Kleinzschachwitz;StB 6 Leuben;10 StB Leuben;Neubau;unbekannt;13;32
63 Kleinzschachwitz;StB 6 Leuben;10 StB Leuben;Umbau;1993;5;6
63 Kleinzschachwitz;StB 6 Leuben;10 StB Leuben;Umbau;1994;8;10
63 Kleinzschachwitz;StB 6 Leuben;10 StB Leuben;Umbau;1995;8;31
63 Kleinzschachwitz;StB 6 Leuben;10 StB Leuben;Umbau;1996;6;18
63 Kleinzschachwitz;StB 6 Leuben;10 StB Leuben;Umbau;1997;19;56
63 Kleinzschachwitz;StB 6 Leuben;10 StB Leuben;Umbau;1998;18;78
63 Kleinzschachwitz;StB 6 Leuben;10 StB Leuben;Umbau;1999;31;88
63 Kleinzschachwitz;StB 6 Leuben;10 StB Leuben;Umbau;2000;15;42
63 Kleinzschachwitz;StB 6 Leuben;10 StB Leuben;Umbau;2001;12;40
63 Kleinzschachwitz;StB 6 Leuben;10 StB Leuben;Umbau;2002;16;47
63 Kleinzschachwitz;StB 6 Leuben;10 StB Leuben;Umbau;2003;12;34
63 Kleinzschachwitz;StB 6 Leuben;10 StB Leuben;Umbau;2004;24;35
63 Kleinzschachwitz;StB 6 Leuben;10 StB Leuben;Umbau;2005;12;18
63 Kleinzschachwitz;StB 6 Leuben;10 StB Leuben;Umbau;2006;9;20
63 Kleinzschachwitz;StB 6 Leuben;10 StB Leuben;Umbau;2007;16;84
63 Kleinzschachwitz;StB 6 Leuben;10 StB Leuben;Umbau;2008;22;33
63 Kleinzschachwitz;StB 6 Leuben;10 StB Leuben;Umbau;2009;16;35
63 Kleinzschachwitz;StB 6 Leuben;10 StB Leuben;Umbau;2010;11;30
63 Kleinzschachwitz;StB 6 Leuben;10 StB Leuben;Umbau;2011;17;32
63 Kleinzschachwitz;StB 6 Leuben;10 StB Leuben;Umbau;2012;13;25
63 Kleinzschachwitz;StB 6 Leuben;10 StB Leuben;Umbau;2013;2;2
63 Kleinzschachwitz;StB 6 Leuben;10 StB Leuben;Umbau;2014;17;48
63 Kleinzschachwitz;StB 6 Leuben;10 StB Leuben;Umbau;2015;10;13
63 Kleinzschachwitz;StB 6 Leuben;10 StB Leuben;Umbau;2016;11;23
63 Kleinzschachwitz;StB 6 Leuben;10 StB Leuben;Umbau;2017;9;25
63 Kleinzschachwitz;StB 6 Leuben;10 StB Leuben;Umbau;2018;9;19
63 Kleinzschachwitz;StB 6 Leuben;10 StB Leuben;Umbau;2019;8;20
63 Kleinzschachwitz;StB 6 Leuben;10 StB Leuben;Umbau;2020;9;30
63 Kleinzschachwitz;StB 6 Leuben;10 StB Leuben;Umbau;2021;4;6
63 Kleinzschachwitz;StB 6 Leuben;10 StB Leuben;Umbau;2022;6;7
63 Kleinzschachwitz;StB 6 Leuben;10 StB Leuben;Umbau;2023;6;15
63 Kleinzschachwitz;StB 6 Leuben;10 StB Leuben;Umbau;2024;7;16
63 Kleinzschachwitz;StB 6 Leuben;10 StB Leuben;Umbau;2025;5;6
63 Kleinzschachwitz;StB 6 Leuben;10 StB Leuben;Umbau;unbekannt;32;92
64 Großzschachwitz;StB 6 Leuben;10 StB Leuben;Neubau;1992;1;0
64 Großzschachwitz;StB 6 Leuben;10 StB Leuben;Neubau;1993;1;0
64 Großzschachwitz;StB 6 Leuben;10 StB Leuben;Neubau;1994;8;42
64 Großzschachwitz;StB 6 Leuben;10 StB Leuben;Neubau;1995;7;33
64 Großzschachwitz;StB 6 Leuben;10 StB Leuben;Neubau;1996;5;37
64 Großzschachwitz;StB 6 Leuben;10 StB Leuben;Neubau;1997;5;39
64 Großzschachwitz;StB 6 Leuben;10 StB Leuben;Neubau;1998;5;15
64 Großzschachwitz;StB 6 Leuben;10 StB Leuben;Neubau;1999;20;26
64 Großzschachwitz;StB 6 Leuben;10 StB Leuben;Neubau;2000;8;6
64 Großzschachwitz;StB 6 Leuben;10 StB Leuben;Neubau;2001;3;2
64 Großzschachwitz;StB 6 Leuben;10 StB Leuben;Neubau;2002;3;1
64 Großzschachwitz;StB 6 Leuben;10 StB Leuben;Neubau;2003;5;4
64 Großzschachwitz;StB 6 Leuben;10 StB Leuben;Neubau;2004;6;5
64 Großzschachwitz;StB 6 Leuben;10 StB Leuben;Neubau;2005;1;1
64 Großzschachwitz;StB 6 Leuben;10 StB Leuben;Neubau;2006;2;1
64 Großzschachwitz;StB 6 Leuben;10 StB Leuben;Neubau;2007;7;7
64 Großzschachwitz;StB 6 Leuben;10 StB Leuben;Neubau;2008;4;3
64 Großzschachwitz;StB 6 Leuben;10 StB Leuben;Neubau;2009;2;3
64 Großzschachwitz;StB 6 Leuben;10 StB Leuben;Neubau;2010;1;0
64 Großzschachwitz;StB 6 Leuben;10 StB Leuben;Neubau;2011;3;2
64 Großzschachwitz;StB 6 Leuben;10 StB Leuben;Neubau;2012;6;7
64 Großzschachwitz;StB 6 Leuben;10 StB Leuben;Neubau;2013;3;1
64 Großzschachwitz;StB 6 Leuben;10 StB Leuben;Neubau;2014;1;1
64 Großzschachwitz;StB 6 Leuben;10 StB Leuben;Neubau;2015;2;10
64 Großzschachwitz;StB 6 Leuben;10 StB Leuben;Neubau;2016;4;8
64 Großzschachwitz;StB 6 Leuben;10 StB Leuben;Neubau;2017;1;1
64 Großzschachwitz;StB 6 Leuben;10 StB Leuben;Neubau;2018;13;10
64 Großzschachwitz;StB 6 Leuben;10 StB Leuben;Neubau;2019;1;0
64 Großzschachwitz;StB 6 Leuben;10 StB Leuben;Neubau;2020;3;4
64 Großzschachwitz;StB 6 Leuben;10 StB Leuben;Neubau;2021;1;0
64 Großzschachwitz;StB 6 Leuben;10 StB Leuben;Neubau;2022;3;2
64 Großzschachwitz;StB 6 Leuben;10 StB Leuben;Neubau;2023;3;2
64 Großzschachwitz;StB 6 Leuben;10 StB Leuben;Neubau;2025;2;0
64 Großzschachwitz;StB 6 Leuben;10 StB Leuben;Neubau;2026;1;28
64 Großzschachwitz;StB 6 Leuben;10 StB Leuben;Neubau;unbekannt;5;2
64 Großzschachwitz;StB 6 Leuben;10 StB Leuben;Umbau;1992;1;0
64 Großzschachwitz;StB 6 Leuben;10 StB Leuben;Umbau;1993;1;1
64 Großzschachwitz;StB 6 Leuben;10 StB Leuben;Umbau;1995;2;0
64 Großzschachwitz;StB 6 Leuben;10 StB Leuben;Umbau;1997;4;23
64 Großzschachwitz;StB 6 Leuben;10 StB Leuben;Umbau;1998;5;29
64 Großzschachwitz;StB 6 Leuben;10 StB Leuben;Umbau;1999;7;50
64 Großzschachwitz;StB 6 Leuben;10 StB Leuben;Umbau;2000;8;51
64 Großzschachwitz;StB 6 Leuben;10 StB Leuben;Umbau;2001;7;32
64 Großzschachwitz;StB 6 Leuben;10 StB Leuben;Umbau;2002;6;22
64 Großzschachwitz;StB 6 Leuben;10 StB Leuben;Umbau;2003;10;52
64 Großzschachwitz;StB 6 Leuben;10 StB Leuben;Umbau;2004;7;20
64 Großzschachwitz;StB 6 Leuben;10 StB Leuben;Umbau;2005;5;30
64 Großzschachwitz;StB 6 Leuben;10 StB Leuben;Umbau;2006;8;31
64 Großzschachwitz;StB 6 Leuben;10 StB Leuben;Umbau;2007;6;55
64 Großzschachwitz;StB 6 Leuben;10 StB Leuben;Umbau;2008;4;5
64 Großzschachwitz;StB 6 Leuben;10 StB Leuben;Umbau;2009;4;7
64 Großzschachwitz;StB 6 Leuben;10 StB Leuben;Umbau;2010;8;44
64 Großzschachwitz;StB 6 Leuben;10 StB Leuben;Umbau;2011;1;6
64 Großzschachwitz;StB 6 Leuben;10 StB Leuben;Umbau;2012;2;13
64 Großzschachwitz;StB 6 Leuben;10 StB Leuben;Umbau;2013;3;16
64 Großzschachwitz;StB 6 Leuben;10 StB Leuben;Umbau;2014;2;3
64 Großzschachwitz;StB 6 Leuben;10 StB Leuben;Umbau;2015;13;57
64 Großzschachwitz;StB 6 Leuben;10 StB Leuben;Umbau;2016;16;133
64 Großzschachwitz;StB 6 Leuben;10 StB Leuben;Umbau;2017;3;16
64 Großzschachwitz;StB 6 Leuben;10 StB Leuben;Umbau;2018;13;105
64 Großzschachwitz;StB 6 Leuben;10 StB Leuben;Umbau;2019;4;20
64 Großzschachwitz;StB 6 Leuben;10 StB Leuben;Umbau;2020;2;13
64 Großzschachwitz;StB 6 Leuben;10 StB Leuben;Umbau;2021;2;169
64 Großzschachwitz;StB 6 Leuben;10 StB Leuben;Umbau;2022;4;11
64 Großzschachwitz;StB 6 Leuben;10 StB Leuben;Umbau;2023;3;16
64 Großzschachwitz;StB 6 Leuben;10 StB Leuben;Umbau;2024;5;10
64 Großzschachwitz;StB 6 Leuben;10 StB Leuben;Umbau;2025;4;36
64 Großzschachwitz;StB 6 Leuben;10 StB Leuben;Umbau;unbekannt;6;14
71 Prohlis-Nord;StB 7 Prohlis;11 Prohlis, Reick (mit Sternhäuser, Am Koitschgraben);Neubau;1996;2;6
71 Prohlis-Nord;StB 7 Prohlis;11 Prohlis, Reick (mit Sternhäuser, Am Koitschgraben);Neubau;1999;1;0
71 Prohlis-Nord;StB 7 Prohlis;11 Prohlis, Reick (mit Sternhäuser, Am Koitschgraben);Neubau;2000;28;28
71 Prohlis-Nord;StB 7 Prohlis;11 Prohlis, Reick (mit Sternhäuser, Am Koitschgraben);Neubau;2001;2;1
71 Prohlis-Nord;StB 7 Prohlis;11 Prohlis, Reick (mit Sternhäuser, Am Koitschgraben);Neubau;2009;2;0
71 Prohlis-Nord;StB 7 Prohlis;11 Prohlis, Reick (mit Sternhäuser, Am Koitschgraben);Neubau;2010;1;0
71 Prohlis-Nord;StB 7 Prohlis;11 Prohlis, Reick (mit Sternhäuser, Am Koitschgraben);Neubau;2013;1;0
71 Prohlis-Nord;StB 7 Prohlis;11 Prohlis, Reick (mit Sternhäuser, Am Koitschgraben);Neubau;2017;1;0
71 Prohlis-Nord;StB 7 Prohlis;11 Prohlis, Reick (mit Sternhäuser, Am Koitschgraben);Neubau;2018;1;1
71 Prohlis-Nord;StB 7 Prohlis;11 Prohlis, Reick (mit Sternhäuser, Am Koitschgraben);Neubau;2022;2;2
71 Prohlis-Nord;StB 7 Prohlis;11 Prohlis, Reick (mit Sternhäuser, Am Koitschgraben);Neubau;2024;1;1
71 Prohlis-Nord;StB 7 Prohlis;11 Prohlis, Reick (mit Sternhäuser, Am Koitschgraben);Neubau;unbekannt;3;0
71 Prohlis-Nord;StB 7 Prohlis;11 Prohlis, Reick (mit Sternhäuser, Am Koitschgraben);Umbau;1995;1;2
71 Prohlis-Nord;StB 7 Prohlis;11 Prohlis, Reick (mit Sternhäuser, Am Koitschgraben);Umbau;1997;2;75
71 Prohlis-Nord;StB 7 Prohlis;11 Prohlis, Reick (mit Sternhäuser, Am Koitschgraben);Umbau;1998;2;13
71 Prohlis-Nord;StB 7 Prohlis;11 Prohlis, Reick (mit Sternhäuser, Am Koitschgraben);Umbau;1999;10;73
71 Prohlis-Nord;StB 7 Prohlis;11 Prohlis, Reick (mit Sternhäuser, Am Koitschgraben);Umbau;2000;6;44
71 Prohlis-Nord;StB 7 Prohlis;11 Prohlis, Reick (mit Sternhäuser, Am Koitschgraben);Umbau;2001;9;332
71 Prohlis-Nord;StB 7 Prohlis;11 Prohlis, Reick (mit Sternhäuser, Am Koitschgraben);Umbau;2002;1;49
71 Prohlis-Nord;StB 7 Prohlis;11 Prohlis, Reick (mit Sternhäuser, Am Koitschgraben);Umbau;2003;6;66
71 Prohlis-Nord;StB 7 Prohlis;11 Prohlis, Reick (mit Sternhäuser, Am Koitschgraben);Umbau;2004;11;157
71 Prohlis-Nord;StB 7 Prohlis;11 Prohlis, Reick (mit Sternhäuser, Am Koitschgraben);Umbau;2005;3;83
71 Prohlis-Nord;StB 7 Prohlis;11 Prohlis, Reick (mit Sternhäuser, Am Koitschgraben);Umbau;2006;1;0
71 Prohlis-Nord;StB 7 Prohlis;11 Prohlis, Reick (mit Sternhäuser, Am Koitschgraben);Umbau;2007;13;148
71 Prohlis-Nord;StB 7 Prohlis;11 Prohlis, Reick (mit Sternhäuser, Am Koitschgraben);Umbau;2008;6;36
71 Prohlis-Nord;StB 7 Prohlis;11 Prohlis, Reick (mit Sternhäuser, Am Koitschgraben);Umbau;2009;2;24
71 Prohlis-Nord;StB 7 Prohlis;11 Prohlis, Reick (mit Sternhäuser, Am Koitschgraben);Umbau;2010;4;48
71 Prohlis-Nord;StB 7 Prohlis;11 Prohlis, Reick (mit Sternhäuser, Am Koitschgraben);Umbau;2012;1;0
71 Prohlis-Nord;StB 7 Prohlis;11 Prohlis, Reick (mit Sternhäuser, Am Koitschgraben);Umbau;2014;1;6
71 Prohlis-Nord;StB 7 Prohlis;11 Prohlis, Reick (mit Sternhäuser, Am Koitschgraben);Umbau;2015;4;119
71 Prohlis-Nord;StB 7 Prohlis;11 Prohlis, Reick (mit Sternhäuser, Am Koitschgraben);Umbau;2017;2;12
71 Prohlis-Nord;StB 7 Prohlis;11 Prohlis, Reick (mit Sternhäuser, Am Koitschgraben);Umbau;2019;5;48
71 Prohlis-Nord;StB 7 Prohlis;11 Prohlis, Reick (mit Sternhäuser, Am Koitschgraben);Umbau;2020;1;6
71 Prohlis-Nord;StB 7 Prohlis;11 Prohlis, Reick (mit Sternhäuser, Am Koitschgraben);Umbau;2022;17;163
71 Prohlis-Nord;StB 7 Prohlis;11 Prohlis, Reick (mit Sternhäuser, Am Koitschgraben);Umbau;2024;1;0
71 Prohlis-Nord;StB 7 Prohlis;11 Prohlis, Reick (mit Sternhäuser, Am Koitschgraben);Umbau;unbekannt;4;297
72 Prohlis-Süd;StB 7 Prohlis;11 Prohlis, Reick (mit Sternhäuser, Am Koitschgraben);Neubau;1996;1;0
72 Prohlis-Süd;StB 7 Prohlis;11 Prohlis, Reick (mit Sternhäuser, Am Koitschgraben);Neubau;1998;1;0
72 Prohlis-Süd;StB 7 Prohlis;11 Prohlis, Reick (mit Sternhäuser, Am Koitschgraben);Neubau;1999;1;0
72 Prohlis-Süd;StB 7 Prohlis;11 Prohlis, Reick (mit Sternhäuser, Am Koitschgraben);Neubau;2001;1;0
72 Prohlis-Süd;StB 7 Prohlis;11 Prohlis, Reick (mit Sternhäuser, Am Koitschgraben);Neubau;2003;1;0
72 Prohlis-Süd;StB 7 Prohlis;11 Prohlis, Reick (mit Sternhäuser, Am Koitschgraben);Neubau;2008;1;0
72 Prohlis-Süd;StB 7 Prohlis;11 Prohlis, Reick (mit Sternhäuser, Am Koitschgraben);Neubau;2013;1;0
72 Prohlis-Süd;StB 7 Prohlis;11 Prohlis, Reick (mit Sternhäuser, Am Koitschgraben);Neubau;2014;1;0
72 Prohlis-Süd;StB 7 Prohlis;11 Prohlis, Reick (mit Sternhäuser, Am Koitschgraben);Neubau;2018;1;0
72 Prohlis-Süd;StB 7 Prohlis;11 Prohlis, Reick (mit Sternhäuser, Am Koitschgraben);Neubau;2020;1;0
72 Prohlis-Süd;StB 7 Prohlis;11 Prohlis, Reick (mit Sternhäuser, Am Koitschgraben);Neubau;2021;1;0
72 Prohlis-Süd;StB 7 Prohlis;11 Prohlis, Reick (mit Sternhäuser, Am Koitschgraben);Neubau;2022;2;159
72 Prohlis-Süd;StB 7 Prohlis;11 Prohlis, Reick (mit Sternhäuser, Am Koitschgraben);Neubau;2024;1;0
72 Prohlis-Süd;StB 7 Prohlis;11 Prohlis, Reick (mit Sternhäuser, Am Koitschgraben);Neubau;unbekannt;2;0
72 Prohlis-Süd;StB 7 Prohlis;11 Prohlis, Reick (mit Sternhäuser, Am Koitschgraben);Umbau;1999;16;264
72 Prohlis-Süd;StB 7 Prohlis;11 Prohlis, Reick (mit Sternhäuser, Am Koitschgraben);Umbau;2000;15;180
72 Prohlis-Süd;StB 7 Prohlis;11 Prohlis, Reick (mit Sternhäuser, Am Koitschgraben);Umbau;2001;76;1070
72 Prohlis-Süd;StB 7 Prohlis;11 Prohlis, Reick (mit Sternhäuser, Am Koitschgraben);Umbau;2002;1;4
72 Prohlis-Süd;StB 7 Prohlis;11 Prohlis, Reick (mit Sternhäuser, Am Koitschgraben);Umbau;2003;1;40
72 Prohlis-Süd;StB 7 Prohlis;11 Prohlis, Reick (mit Sternhäuser, Am Koitschgraben);Umbau;2004;1;40
72 Prohlis-Süd;StB 7 Prohlis;11 Prohlis, Reick (mit Sternhäuser, Am Koitschgraben);Umbau;2005;4;136
72 Prohlis-Süd;StB 7 Prohlis;11 Prohlis, Reick (mit Sternhäuser, Am Koitschgraben);Umbau;2006;1;0
72 Prohlis-Süd;StB 7 Prohlis;11 Prohlis, Reick (mit Sternhäuser, Am Koitschgraben);Umbau;2007;3;132
72 Prohlis-Süd;StB 7 Prohlis;11 Prohlis, Reick (mit Sternhäuser, Am Koitschgraben);Umbau;2008;2;104
72 Prohlis-Süd;StB 7 Prohlis;11 Prohlis, Reick (mit Sternhäuser, Am Koitschgraben);Umbau;2009;1;38
72 Prohlis-Süd;StB 7 Prohlis;11 Prohlis, Reick (mit Sternhäuser, Am Koitschgraben);Umbau;2010;2;74
72 Prohlis-Süd;StB 7 Prohlis;11 Prohlis, Reick (mit Sternhäuser, Am Koitschgraben);Umbau;2014;1;0
72 Prohlis-Süd;StB 7 Prohlis;11 Prohlis, Reick (mit Sternhäuser, Am Koitschgraben);Umbau;2016;3;36
72 Prohlis-Süd;StB 7 Prohlis;11 Prohlis, Reick (mit Sternhäuser, Am Koitschgraben);Umbau;2018;1;37
72 Prohlis-Süd;StB 7 Prohlis;11 Prohlis, Reick (mit Sternhäuser, Am Koitschgraben);Umbau;2019;26;300
72 Prohlis-Süd;StB 7 Prohlis;11 Prohlis, Reick (mit Sternhäuser, Am Koitschgraben);Umbau;2024;2;208
72 Prohlis-Süd;StB 7 Prohlis;11 Prohlis, Reick (mit Sternhäuser, Am Koitschgraben);Umbau;unbekannt;4;33
73 Niedersedlitz;StB 7 Prohlis;12 Niedersedlitz, Leubnitz, Strehlen (ohne Sternhäuser, Am Koitschgraben);Neubau;1993;5;8
73 Niedersedlitz;StB 7 Prohlis;12 Niedersedlitz, Leubnitz, Strehlen (ohne Sternhäuser, Am Koitschgraben);Neubau;1994;50;372
73 Niedersedlitz;StB 7 Prohlis;12 Niedersedlitz, Leubnitz, Strehlen (ohne Sternhäuser, Am Koitschgraben);Neubau;1995;6;10
73 Niedersedlitz;StB 7 Prohlis;12 Niedersedlitz, Leubnitz, Strehlen (ohne Sternhäuser, Am Koitschgraben);Neubau;1996;14;128
73 Niedersedlitz;StB 7 Prohlis;12 Niedersedlitz, Leubnitz, Strehlen (ohne Sternhäuser, Am Koitschgraben);Neubau;1997;11;68
73 Niedersedlitz;StB 7 Prohlis;12 Niedersedlitz, Leubnitz, Strehlen (ohne Sternhäuser, Am Koitschgraben);Neubau;1998;10;30
73 Niedersedlitz;StB 7 Prohlis;12 Niedersedlitz, Leubnitz, Strehlen (ohne Sternhäuser, Am Koitschgraben);Neubau;1999;50;53
73 Niedersedlitz;StB 7 Prohlis;12 Niedersedlitz, Leubnitz, Strehlen (ohne Sternhäuser, Am Koitschgraben);Neubau;2000;25;23
73 Niedersedlitz;StB 7 Prohlis;12 Niedersedlitz, Leubnitz, Strehlen (ohne Sternhäuser, Am Koitschgraben);Neubau;2001;9;7
73 Niedersedlitz;StB 7 Prohlis;12 Niedersedlitz, Leubnitz, Strehlen (ohne Sternhäuser, Am Koitschgraben);Neubau;2002;13;13
73 Niedersedlitz;StB 7 Prohlis;12 Niedersedlitz, Leubnitz, Strehlen (ohne Sternhäuser, Am Koitschgraben);Neubau;2003;25;24
73 Niedersedlitz;StB 7 Prohlis;12 Niedersedlitz, Leubnitz, Strehlen (ohne Sternhäuser, Am Koitschgraben);Neubau;2004;6;5
73 Niedersedlitz;StB 7 Prohlis;12 Niedersedlitz, Leubnitz, Strehlen (ohne Sternhäuser, Am Koitschgraben);Neubau;2005;21;20
73 Niedersedlitz;StB 7 Prohlis;12 Niedersedlitz, Leubnitz, Strehlen (ohne Sternhäuser, Am Koitschgraben);Neubau;2006;8;8
73 Niedersedlitz;StB 7 Prohlis;12 Niedersedlitz, Leubnitz, Strehlen (ohne Sternhäuser, Am Koitschgraben);Neubau;2007;6;6
73 Niedersedlitz;StB 7 Prohlis;12 Niedersedlitz, Leubnitz, Strehlen (ohne Sternhäuser, Am Koitschgraben);Neubau;2008;6;5
73 Niedersedlitz;StB 7 Prohlis;12 Niedersedlitz, Leubnitz, Strehlen (ohne Sternhäuser, Am Koitschgraben);Neubau;2009;1;3
73 Niedersedlitz;StB 7 Prohlis;12 Niedersedlitz, Leubnitz, Strehlen (ohne Sternhäuser, Am Koitschgraben);Neubau;2010;7;5
73 Niedersedlitz;StB 7 Prohlis;12 Niedersedlitz, Leubnitz, Strehlen (ohne Sternhäuser, Am Koitschgraben);Neubau;2011;14;13
73 Niedersedlitz;StB 7 Prohlis;12 Niedersedlitz, Leubnitz, Strehlen (ohne Sternhäuser, Am Koitschgraben);Neubau;2012;4;4
73 Niedersedlitz;StB 7 Prohlis;12 Niedersedlitz, Leubnitz, Strehlen (ohne Sternhäuser, Am Koitschgraben);Neubau;2013;12;10
73 Niedersedlitz;StB 7 Prohlis;12 Niedersedlitz, Leubnitz, Strehlen (ohne Sternhäuser, Am Koitschgraben);Neubau;2014;17;18
73 Niedersedlitz;StB 7 Prohlis;12 Niedersedlitz, Leubnitz, Strehlen (ohne Sternhäuser, Am Koitschgraben);Neubau;2015;12;11
73 Niedersedlitz;StB 7 Prohlis;12 Niedersedlitz, Leubnitz, Strehlen (ohne Sternhäuser, Am Koitschgraben);Neubau;2016;4;3
73 Niedersedlitz;StB 7 Prohlis;12 Niedersedlitz, Leubnitz, Strehlen (ohne Sternhäuser, Am Koitschgraben);Neubau;2017;12;67
73 Niedersedlitz;StB 7 Prohlis;12 Niedersedlitz, Leubnitz, Strehlen (ohne Sternhäuser, Am Koitschgraben);Neubau;2018;12;14
73 Niedersedlitz;StB 7 Prohlis;12 Niedersedlitz, Leubnitz, Strehlen (ohne Sternhäuser, Am Koitschgraben);Neubau;2019;15;13
73 Niedersedlitz;StB 7 Prohlis;12 Niedersedlitz, Leubnitz, Strehlen (ohne Sternhäuser, Am Koitschgraben);Neubau;2020;6;4
73 Niedersedlitz;StB 7 Prohlis;12 Niedersedlitz, Leubnitz, Strehlen (ohne Sternhäuser, Am Koitschgraben);Neubau;2021;4;40
73 Niedersedlitz;StB 7 Prohlis;12 Niedersedlitz, Leubnitz, Strehlen (ohne Sternhäuser, Am Koitschgraben);Neubau;2022;3;2
73 Niedersedlitz;StB 7 Prohlis;12 Niedersedlitz, Leubnitz, Strehlen (ohne Sternhäuser, Am Koitschgraben);Neubau;2023;6;9
73 Niedersedlitz;StB 7 Prohlis;12 Niedersedlitz, Leubnitz, Strehlen (ohne Sternhäuser, Am Koitschgraben);Neubau;2024;1;0
73 Niedersedlitz;StB 7 Prohlis;12 Niedersedlitz, Leubnitz, Strehlen (ohne Sternhäuser, Am Koitschgraben);Neubau;unbekannt;6;3
73 Niedersedlitz;StB 7 Prohlis;12 Niedersedlitz, Leubnitz, Strehlen (ohne Sternhäuser, Am Koitschgraben);Umbau;1992;2;1
73 Niedersedlitz;StB 7 Prohlis;12 Niedersedlitz, Leubnitz, Strehlen (ohne Sternhäuser, Am Koitschgraben);Umbau;1993;1;2
73 Niedersedlitz;StB 7 Prohlis;12 Niedersedlitz, Leubnitz, Strehlen (ohne Sternhäuser, Am Koitschgraben);Umbau;1994;3;3
73 Niedersedlitz;StB 7 Prohlis;12 Niedersedlitz, Leubnitz, Strehlen (ohne Sternhäuser, Am Koitschgraben);Umbau;1995;5;10
73 Niedersedlitz;StB 7 Prohlis;12 Niedersedlitz, Leubnitz, Strehlen (ohne Sternhäuser, Am Koitschgraben);Umbau;1996;3;9
73 Niedersedlitz;StB 7 Prohlis;12 Niedersedlitz, Leubnitz, Strehlen (ohne Sternhäuser, Am Koitschgraben);Umbau;1997;10;20
73 Niedersedlitz;StB 7 Prohlis;12 Niedersedlitz, Leubnitz, Strehlen (ohne Sternhäuser, Am Koitschgraben);Umbau;1998;5;6
73 Niedersedlitz;StB 7 Prohlis;12 Niedersedlitz, Leubnitz, Strehlen (ohne Sternhäuser, Am Koitschgraben);Umbau;1999;12;26
73 Niedersedlitz;StB 7 Prohlis;12 Niedersedlitz, Leubnitz, Strehlen (ohne Sternhäuser, Am Koitschgraben);Umbau;2000;8;21
73 Niedersedlitz;StB 7 Prohlis;12 Niedersedlitz, Leubnitz, Strehlen (ohne Sternhäuser, Am Koitschgraben);Umbau;2001;11;29
73 Niedersedlitz;StB 7 Prohlis;12 Niedersedlitz, Leubnitz, Strehlen (ohne Sternhäuser, Am Koitschgraben);Umbau;2002;8;36
73 Niedersedlitz;StB 7 Prohlis;12 Niedersedlitz, Leubnitz, Strehlen (ohne Sternhäuser, Am Koitschgraben);Umbau;2003;17;50
73 Niedersedlitz;StB 7 Prohlis;12 Niedersedlitz, Leubnitz, Strehlen (ohne Sternhäuser, Am Koitschgraben);Umbau;2004;4;10
73 Niedersedlitz;StB 7 Prohlis;12 Niedersedlitz, Leubnitz, Strehlen (ohne Sternhäuser, Am Koitschgraben);Umbau;2005;15;53
73 Niedersedlitz;StB 7 Prohlis;12 Niedersedlitz, Leubnitz, Strehlen (ohne Sternhäuser, Am Koitschgraben);Umbau;2006;8;34
73 Niedersedlitz;StB 7 Prohlis;12 Niedersedlitz, Leubnitz, Strehlen (ohne Sternhäuser, Am Koitschgraben);Umbau;2007;16;65
73 Niedersedlitz;StB 7 Prohlis;12 Niedersedlitz, Leubnitz, Strehlen (ohne Sternhäuser, Am Koitschgraben);Umbau;2008;8;26
73 Niedersedlitz;StB 7 Prohlis;12 Niedersedlitz, Leubnitz, Strehlen (ohne Sternhäuser, Am Koitschgraben);Umbau;2009;22;97
73 Niedersedlitz;StB 7 Prohlis;12 Niedersedlitz, Leubnitz, Strehlen (ohne Sternhäuser, Am Koitschgraben);Umbau;2010;6;11
73 Niedersedlitz;StB 7 Prohlis;12 Niedersedlitz, Leubnitz, Strehlen (ohne Sternhäuser, Am Koitschgraben);Umbau;2011;13;42
73 Niedersedlitz;StB 7 Prohlis;12 Niedersedlitz, Leubnitz, Strehlen (ohne Sternhäuser, Am Koitschgraben);Umbau;2012;5;6
73 Niedersedlitz;StB 7 Prohlis;12 Niedersedlitz, Leubnitz, Strehlen (ohne Sternhäuser, Am Koitschgraben);Umbau;2013;5;19
73 Niedersedlitz;StB 7 Prohlis;12 Niedersedlitz, Leubnitz, Strehlen (ohne Sternhäuser, Am Koitschgraben);Umbau;2014;11;58
73 Niedersedlitz;StB 7 Prohlis;12 Niedersedlitz, Leubnitz, Strehlen (ohne Sternhäuser, Am Koitschgraben);Umbau;2015;3;14
73 Niedersedlitz;StB 7 Prohlis;12 Niedersedlitz, Leubnitz, Strehlen (ohne Sternhäuser, Am Koitschgraben);Umbau;2016;4;21
73 Niedersedlitz;StB 7 Prohlis;12 Niedersedlitz, Leubnitz, Strehlen (ohne Sternhäuser, Am Koitschgraben);Umbau;2017;5;11
73 Niedersedlitz;StB 7 Prohlis;12 Niedersedlitz, Leubnitz, Strehlen (ohne Sternhäuser, Am Koitschgraben);Umbau;2018;9;37
73 Niedersedlitz;StB 7 Prohlis;12 Niedersedlitz, Leubnitz, Strehlen (ohne Sternhäuser, Am Koitschgraben);Umbau;2019;6;17
73 Niedersedlitz;StB 7 Prohlis;12 Niedersedlitz, Leubnitz, Strehlen (ohne Sternhäuser, Am Koitschgraben);Umbau;2020;11;15
73 Niedersedlitz;StB 7 Prohlis;12 Niedersedlitz, Leubnitz, Strehlen (ohne Sternhäuser, Am Koitschgraben);Umbau;2021;7;21
73 Niedersedlitz;StB 7 Prohlis;12 Niedersedlitz, Leubnitz, Strehlen (ohne Sternhäuser, Am Koitschgraben);Umbau;2022;5;14
73 Niedersedlitz;StB 7 Prohlis;12 Niedersedlitz, Leubnitz, Strehlen (ohne Sternhäuser, Am Koitschgraben);Umbau;2023;4;3
73 Niedersedlitz;StB 7 Prohlis;12 Niedersedlitz, Leubnitz, Strehlen (ohne Sternhäuser, Am Koitschgraben);Umbau;2024;4;6
73 Niedersedlitz;StB 7 Prohlis;12 Niedersedlitz, Leubnitz, Strehlen (ohne Sternhäuser, Am Koitschgraben);Umbau;2025;4;25
73 Niedersedlitz;StB 7 Prohlis;12 Niedersedlitz, Leubnitz, Strehlen (ohne Sternhäuser, Am Koitschgraben);Umbau;unbekannt;18;33
74 Lockwitz;StB 7 Prohlis;12 Niedersedlitz, Leubnitz, Strehlen (ohne Sternhäuser, Am Koitschgraben);Neubau;1992;2;1
74 Lockwitz;StB 7 Prohlis;12 Niedersedlitz, Leubnitz, Strehlen (ohne Sternhäuser, Am Koitschgraben);Neubau;1993;4;3
74 Lockwitz;StB 7 Prohlis;12 Niedersedlitz, Leubnitz, Strehlen (ohne Sternhäuser, Am Koitschgraben);Neubau;1994;16;23
74 Lockwitz;StB 7 Prohlis;12 Niedersedlitz, Leubnitz, Strehlen (ohne Sternhäuser, Am Koitschgraben);Neubau;1995;14;37
74 Lockwitz;StB 7 Prohlis;12 Niedersedlitz, Leubnitz, Strehlen (ohne Sternhäuser, Am Koitschgraben);Neubau;1996;35;85
74 Lockwitz;StB 7 Prohlis;12 Niedersedlitz, Leubnitz, Strehlen (ohne Sternhäuser, Am Koitschgraben);Neubau;1997;20;48
74 Lockwitz;StB 7 Prohlis;12 Niedersedlitz, Leubnitz, Strehlen (ohne Sternhäuser, Am Koitschgraben);Neubau;1998;81;213
74 Lockwitz;StB 7 Prohlis;12 Niedersedlitz, Leubnitz, Strehlen (ohne Sternhäuser, Am Koitschgraben);Neubau;1999;36;58
74 Lockwitz;StB 7 Prohlis;12 Niedersedlitz, Leubnitz, Strehlen (ohne Sternhäuser, Am Koitschgraben);Neubau;2000;96;99
74 Lockwitz;StB 7 Prohlis;12 Niedersedlitz, Leubnitz, Strehlen (ohne Sternhäuser, Am Koitschgraben);Neubau;2001;69;71
74 Lockwitz;StB 7 Prohlis;12 Niedersedlitz, Leubnitz, Strehlen (ohne Sternhäuser, Am Koitschgraben);Neubau;2002;41;42
74 Lockwitz;StB 7 Prohlis;12 Niedersedlitz, Leubnitz, Strehlen (ohne Sternhäuser, Am Koitschgraben);Neubau;2003;81;81
74 Lockwitz;StB 7 Prohlis;12 Niedersedlitz, Leubnitz, Strehlen (ohne Sternhäuser, Am Koitschgraben);Neubau;2004;29;26
74 Lockwitz;StB 7 Prohlis;12 Niedersedlitz, Leubnitz, Strehlen (ohne Sternhäuser, Am Koitschgraben);Neubau;2005;65;63
74 Lockwitz;StB 7 Prohlis;12 Niedersedlitz, Leubnitz, Strehlen (ohne Sternhäuser, Am Koitschgraben);Neubau;2006;62;64
74 Lockwitz;StB 7 Prohlis;12 Niedersedlitz, Leubnitz, Strehlen (ohne Sternhäuser, Am Koitschgraben);Neubau;2007;18;17
74 Lockwitz;StB 7 Prohlis;12 Niedersedlitz, Leubnitz, Strehlen (ohne Sternhäuser, Am Koitschgraben);Neubau;2008;24;23
74 Lockwitz;StB 7 Prohlis;12 Niedersedlitz, Leubnitz, Strehlen (ohne Sternhäuser, Am Koitschgraben);Neubau;2009;19;19
74 Lockwitz;StB 7 Prohlis;12 Niedersedlitz, Leubnitz, Strehlen (ohne Sternhäuser, Am Koitschgraben);Neubau;2010;28;28
74 Lockwitz;StB 7 Prohlis;12 Niedersedlitz, Leubnitz, Strehlen (ohne Sternhäuser, Am Koitschgraben);Neubau;2011;63;59
74 Lockwitz;StB 7 Prohlis;12 Niedersedlitz, Leubnitz, Strehlen (ohne Sternhäuser, Am Koitschgraben);Neubau;2012;36;38
74 Lockwitz;StB 7 Prohlis;12 Niedersedlitz, Leubnitz, Strehlen (ohne Sternhäuser, Am Koitschgraben);Neubau;2013;17;16
74 Lockwitz;StB 7 Prohlis;12 Niedersedlitz, Leubnitz, Strehlen (ohne Sternhäuser, Am Koitschgraben);Neubau;2014;12;11
74 Lockwitz;StB 7 Prohlis;12 Niedersedlitz, Leubnitz, Strehlen (ohne Sternhäuser, Am Koitschgraben);Neubau;2015;9;9
74 Lockwitz;StB 7 Prohlis;12 Niedersedlitz, Leubnitz, Strehlen (ohne Sternhäuser, Am Koitschgraben);Neubau;2016;29;27
74 Lockwitz;StB 7 Prohlis;12 Niedersedlitz, Leubnitz, Strehlen (ohne Sternhäuser, Am Koitschgraben);Neubau;2017;29;29
74 Lockwitz;StB 7 Prohlis;12 Niedersedlitz, Leubnitz, Strehlen (ohne Sternhäuser, Am Koitschgraben);Neubau;2018;40;38
74 Lockwitz;StB 7 Prohlis;12 Niedersedlitz, Leubnitz, Strehlen (ohne Sternhäuser, Am Koitschgraben);Neubau;2019;27;23
74 Lockwitz;StB 7 Prohlis;12 Niedersedlitz, Leubnitz, Strehlen (ohne Sternhäuser, Am Koitschgraben);Neubau;2020;60;96
74 Lockwitz;StB 7 Prohlis;12 Niedersedlitz, Leubnitz, Strehlen (ohne Sternhäuser, Am Koitschgraben);Neubau;2021;34;33
74 Lockwitz;StB 7 Prohlis;12 Niedersedlitz, Leubnitz, Strehlen (ohne Sternhäuser, Am Koitschgraben);Neubau;2022;16;12
74 Lockwitz;StB 7 Prohlis;12 Niedersedlitz, Leubnitz, Strehlen (ohne Sternhäuser, Am Koitschgraben);Neubau;2023;9;38
74 Lockwitz;StB 7 Prohlis;12 Niedersedlitz, Leubnitz, Strehlen (ohne Sternhäuser, Am Koitschgraben);Neubau;2024;23;22
74 Lockwitz;StB 7 Prohlis;12 Niedersedlitz, Leubnitz, Strehlen (ohne Sternhäuser, Am Koitschgraben);Neubau;2025;8;15
74 Lockwitz;StB 7 Prohlis;12 Niedersedlitz, Leubnitz, Strehlen (ohne Sternhäuser, Am Koitschgraben);Neubau;unbekannt;21;86
74 Lockwitz;StB 7 Prohlis;12 Niedersedlitz, Leubnitz, Strehlen (ohne Sternhäuser, Am Koitschgraben);Umbau;1993;1;2
74 Lockwitz;StB 7 Prohlis;12 Niedersedlitz, Leubnitz, Strehlen (ohne Sternhäuser, Am Koitschgraben);Umbau;1994;1;0
74 Lockwitz;StB 7 Prohlis;12 Niedersedlitz, Leubnitz, Strehlen (ohne Sternhäuser, Am Koitschgraben);Umbau;1995;4;2
74 Lockwitz;StB 7 Prohlis;12 Niedersedlitz, Leubnitz, Strehlen (ohne Sternhäuser, Am Koitschgraben);Umbau;1996;2;2
74 Lockwitz;StB 7 Prohlis;12 Niedersedlitz, Leubnitz, Strehlen (ohne Sternhäuser, Am Koitschgraben);Umbau;1997;17;31
74 Lockwitz;StB 7 Prohlis;12 Niedersedlitz, Leubnitz, Strehlen (ohne Sternhäuser, Am Koitschgraben);Umbau;1998;5;8
74 Lockwitz;StB 7 Prohlis;12 Niedersedlitz, Leubnitz, Strehlen (ohne Sternhäuser, Am Koitschgraben);Umbau;1999;17;110
74 Lockwitz;StB 7 Prohlis;12 Niedersedlitz, Leubnitz, Strehlen (ohne Sternhäuser, Am Koitschgraben);Umbau;2000;22;172
74 Lockwitz;StB 7 Prohlis;12 Niedersedlitz, Leubnitz, Strehlen (ohne Sternhäuser, Am Koitschgraben);Umbau;2001;11;16
74 Lockwitz;StB 7 Prohlis;12 Niedersedlitz, Leubnitz, Strehlen (ohne Sternhäuser, Am Koitschgraben);Umbau;2002;5;20
74 Lockwitz;StB 7 Prohlis;12 Niedersedlitz, Leubnitz, Strehlen (ohne Sternhäuser, Am Koitschgraben);Umbau;2003;7;16
74 Lockwitz;StB 7 Prohlis;12 Niedersedlitz, Leubnitz, Strehlen (ohne Sternhäuser, Am Koitschgraben);Umbau;2004;8;16
74 Lockwitz;StB 7 Prohlis;12 Niedersedlitz, Leubnitz, Strehlen (ohne Sternhäuser, Am Koitschgraben);Umbau;2005;12;24
74 Lockwitz;StB 7 Prohlis;12 Niedersedlitz, Leubnitz, Strehlen (ohne Sternhäuser, Am Koitschgraben);Umbau;2006;6;17
74 Lockwitz;StB 7 Prohlis;12 Niedersedlitz, Leubnitz, Strehlen (ohne Sternhäuser, Am Koitschgraben);Umbau;2007;6;14
74 Lockwitz;StB 7 Prohlis;12 Niedersedlitz, Leubnitz, Strehlen (ohne Sternhäuser, Am Koitschgraben);Umbau;2008;10;15
74 Lockwitz;StB 7 Prohlis;12 Niedersedlitz, Leubnitz, Strehlen (ohne Sternhäuser, Am Koitschgraben);Umbau;2009;20;68
74 Lockwitz;StB 7 Prohlis;12 Niedersedlitz, Leubnitz, Strehlen (ohne Sternhäuser, Am Koitschgraben);Umbau;2010;16;47
74 Lockwitz;StB 7 Prohlis;12 Niedersedlitz, Leubnitz, Strehlen (ohne Sternhäuser, Am Koitschgraben);Umbau;2011;9;12
74 Lockwitz;StB 7 Prohlis;12 Niedersedlitz, Leubnitz, Strehlen (ohne Sternhäuser, Am Koitschgraben);Umbau;2012;6;12
74 Lockwitz;StB 7 Prohlis;12 Niedersedlitz, Leubnitz, Strehlen (ohne Sternhäuser, Am Koitschgraben);Umbau;2013;7;6
74 Lockwitz;StB 7 Prohlis;12 Niedersedlitz, Leubnitz, Strehlen (ohne Sternhäuser, Am Koitschgraben);Umbau;2014;15;31
74 Lockwitz;StB 7 Prohlis;12 Niedersedlitz, Leubnitz, Strehlen (ohne Sternhäuser, Am Koitschgraben);Umbau;2015;6;12
74 Lockwitz;StB 7 Prohlis;12 Niedersedlitz, Leubnitz, Strehlen (ohne Sternhäuser, Am Koitschgraben);Umbau;2016;7;15
74 Lockwitz;StB 7 Prohlis;12 Niedersedlitz, Leubnitz, Strehlen (ohne Sternhäuser, Am Koitschgraben);Umbau;2017;5;6
74 Lockwitz;StB 7 Prohlis;12 Niedersedlitz, Leubnitz, Strehlen (ohne Sternhäuser, Am Koitschgraben);Umbau;2018;11;29
74 Lockwitz;StB 7 Prohlis;12 Niedersedlitz, Leubnitz, Strehlen (ohne Sternhäuser, Am Koitschgraben);Umbau;2019;15;35
74 Lockwitz;StB 7 Prohlis;12 Niedersedlitz, Leubnitz, Strehlen (ohne Sternhäuser, Am Koitschgraben);Umbau;2020;10;19
74 Lockwitz;StB 7 Prohlis;12 Niedersedlitz, Leubnitz, Strehlen (ohne Sternhäuser, Am Koitschgraben);Umbau;2021;11;22
74 Lockwitz;StB 7 Prohlis;12 Niedersedlitz, Leubnitz, Strehlen (ohne Sternhäuser, Am Koitschgraben);Umbau;2022;6;10
74 Lockwitz;StB 7 Prohlis;12 Niedersedlitz, Leubnitz, Strehlen (ohne Sternhäuser, Am Koitschgraben);Umbau;2023;13;38
74 Lockwitz;StB 7 Prohlis;12 Niedersedlitz, Leubnitz, Strehlen (ohne Sternhäuser, Am Koitschgraben);Umbau;2024;10;22
74 Lockwitz;StB 7 Prohlis;12 Niedersedlitz, Leubnitz, Strehlen (ohne Sternhäuser, Am Koitschgraben);Umbau;2025;4;25
74 Lockwitz;StB 7 Prohlis;12 Niedersedlitz, Leubnitz, Strehlen (ohne Sternhäuser, Am Koitschgraben);Umbau;unbekannt;21;40
75 Leubnitz-Neuostra;StB 7 Prohlis;12 Niedersedlitz, Leubnitz, Strehlen (ohne Sternhäuser, Am Koitschgraben);Neubau;1992;2;1
75 Leubnitz-Neuostra;StB 7 Prohlis;12 Niedersedlitz, Leubnitz, Strehlen (ohne Sternhäuser, Am Koitschgraben);Neubau;1993;6;6
75 Leubnitz-Neuostra;StB 7 Prohlis;12 Niedersedlitz, Leubnitz, Strehlen (ohne Sternhäuser, Am Koitschgraben);Neubau;1994;37;159
75 Leubnitz-Neuostra;StB 7 Prohlis;12 Niedersedlitz, Leubnitz, Strehlen (ohne Sternhäuser, Am Koitschgraben);Neubau;1995;69;101
75 Leubnitz-Neuostra;StB 7 Prohlis;12 Niedersedlitz, Leubnitz, Strehlen (ohne Sternhäuser, Am Koitschgraben);Neubau;1996;72;352
75 Leubnitz-Neuostra;StB 7 Prohlis;12 Niedersedlitz, Leubnitz, Strehlen (ohne Sternhäuser, Am Koitschgraben);Neubau;1997;147;863
75 Leubnitz-Neuostra;StB 7 Prohlis;12 Niedersedlitz, Leubnitz, Strehlen (ohne Sternhäuser, Am Koitschgraben);Neubau;1998;25;49
75 Leubnitz-Neuostra;StB 7 Prohlis;12 Niedersedlitz, Leubnitz, Strehlen (ohne Sternhäuser, Am Koitschgraben);Neubau;1999;28;101
75 Leubnitz-Neuostra;StB 7 Prohlis;12 Niedersedlitz, Leubnitz, Strehlen (ohne Sternhäuser, Am Koitschgraben);Neubau;2000;60;83
75 Leubnitz-Neuostra;StB 7 Prohlis;12 Niedersedlitz, Leubnitz, Strehlen (ohne Sternhäuser, Am Koitschgraben);Neubau;2001;33;33
75 Leubnitz-Neuostra;StB 7 Prohlis;12 Niedersedlitz, Leubnitz, Strehlen (ohne Sternhäuser, Am Koitschgraben);Neubau;2002;2;1
75 Leubnitz-Neuostra;StB 7 Prohlis;12 Niedersedlitz, Leubnitz, Strehlen (ohne Sternhäuser, Am Koitschgraben);Neubau;2003;7;9
75 Leubnitz-Neuostra;StB 7 Prohlis;12 Niedersedlitz, Leubnitz, Strehlen (ohne Sternhäuser, Am Koitschgraben);Neubau;2004;19;19
75 Leubnitz-Neuostra;StB 7 Prohlis;12 Niedersedlitz, Leubnitz, Strehlen (ohne Sternhäuser, Am Koitschgraben);Neubau;2005;8;7
75 Leubnitz-Neuostra;StB 7 Prohlis;12 Niedersedlitz, Leubnitz, Strehlen (ohne Sternhäuser, Am Koitschgraben);Neubau;2006;22;22
75 Leubnitz-Neuostra;StB 7 Prohlis;12 Niedersedlitz, Leubnitz, Strehlen (ohne Sternhäuser, Am Koitschgraben);Neubau;2007;12;12
75 Leubnitz-Neuostra;StB 7 Prohlis;12 Niedersedlitz, Leubnitz, Strehlen (ohne Sternhäuser, Am Koitschgraben);Neubau;2008;10;12
75 Leubnitz-Neuostra;StB 7 Prohlis;12 Niedersedlitz, Leubnitz, Strehlen (ohne Sternhäuser, Am Koitschgraben);Neubau;2009;4;5
75 Leubnitz-Neuostra;StB 7 Prohlis;12 Niedersedlitz, Leubnitz, Strehlen (ohne Sternhäuser, Am Koitschgraben);Neubau;2010;9;9
75 Leubnitz-Neuostra;StB 7 Prohlis;12 Niedersedlitz, Leubnitz, Strehlen (ohne Sternhäuser, Am Koitschgraben);Neubau;2011;13;9
75 Leubnitz-Neuostra;StB 7 Prohlis;12 Niedersedlitz, Leubnitz, Strehlen (ohne Sternhäuser, Am Koitschgraben);Neubau;2012;16;16
75 Leubnitz-Neuostra;StB 7 Prohlis;12 Niedersedlitz, Leubnitz, Strehlen (ohne Sternhäuser, Am Koitschgraben);Neubau;2013;20;24
75 Leubnitz-Neuostra;StB 7 Prohlis;12 Niedersedlitz, Leubnitz, Strehlen (ohne Sternhäuser, Am Koitschgraben);Neubau;2014;6;6
75 Leubnitz-Neuostra;StB 7 Prohlis;12 Niedersedlitz, Leubnitz, Strehlen (ohne Sternhäuser, Am Koitschgraben);Neubau;2015;13;23
75 Leubnitz-Neuostra;StB 7 Prohlis;12 Niedersedlitz, Leubnitz, Strehlen (ohne Sternhäuser, Am Koitschgraben);Neubau;2016;11;17
75 Leubnitz-Neuostra;StB 7 Prohlis;12 Niedersedlitz, Leubnitz, Strehlen (ohne Sternhäuser, Am Koitschgraben);Neubau;2017;5;5
75 Leubnitz-Neuostra;StB 7 Prohlis;12 Niedersedlitz, Leubnitz, Strehlen (ohne Sternhäuser, Am Koitschgraben);Neubau;2018;7;4
75 Leubnitz-Neuostra;StB 7 Prohlis;12 Niedersedlitz, Leubnitz, Strehlen (ohne Sternhäuser, Am Koitschgraben);Neubau;2019;11;39
75 Leubnitz-Neuostra;StB 7 Prohlis;12 Niedersedlitz, Leubnitz, Strehlen (ohne Sternhäuser, Am Koitschgraben);Neubau;2020;6;8
75 Leubnitz-Neuostra;StB 7 Prohlis;12 Niedersedlitz, Leubnitz, Strehlen (ohne Sternhäuser, Am Koitschgraben);Neubau;2021;17;140
75 Leubnitz-Neuostra;StB 7 Prohlis;12 Niedersedlitz, Leubnitz, Strehlen (ohne Sternhäuser, Am Koitschgraben);Neubau;2022;7;24
75 Leubnitz-Neuostra;StB 7 Prohlis;12 Niedersedlitz, Leubnitz, Strehlen (ohne Sternhäuser, Am Koitschgraben);Neubau;2023;10;7
75 Leubnitz-Neuostra;StB 7 Prohlis;12 Niedersedlitz, Leubnitz, Strehlen (ohne Sternhäuser, Am Koitschgraben);Neubau;2024;1;2
75 Leubnitz-Neuostra;StB 7 Prohlis;12 Niedersedlitz, Leubnitz, Strehlen (ohne Sternhäuser, Am Koitschgraben);Neubau;2025;2;1
75 Leubnitz-Neuostra;StB 7 Prohlis;12 Niedersedlitz, Leubnitz, Strehlen (ohne Sternhäuser, Am Koitschgraben);Neubau;unbekannt;13;82
75 Leubnitz-Neuostra;StB 7 Prohlis;12 Niedersedlitz, Leubnitz, Strehlen (ohne Sternhäuser, Am Koitschgraben);Umbau;1992;1;0
75 Leubnitz-Neuostra;StB 7 Prohlis;12 Niedersedlitz, Leubnitz, Strehlen (ohne Sternhäuser, Am Koitschgraben);Umbau;1993;1;1
75 Leubnitz-Neuostra;StB 7 Prohlis;12 Niedersedlitz, Leubnitz, Strehlen (ohne Sternhäuser, Am Koitschgraben);Umbau;1994;6;5
75 Leubnitz-Neuostra;StB 7 Prohlis;12 Niedersedlitz, Leubnitz, Strehlen (ohne Sternhäuser, Am Koitschgraben);Umbau;1995;3;4
75 Leubnitz-Neuostra;StB 7 Prohlis;12 Niedersedlitz, Leubnitz, Strehlen (ohne Sternhäuser, Am Koitschgraben);Umbau;1996;12;70
75 Leubnitz-Neuostra;StB 7 Prohlis;12 Niedersedlitz, Leubnitz, Strehlen (ohne Sternhäuser, Am Koitschgraben);Umbau;1997;9;33
75 Leubnitz-Neuostra;StB 7 Prohlis;12 Niedersedlitz, Leubnitz, Strehlen (ohne Sternhäuser, Am Koitschgraben);Umbau;1998;8;41
75 Leubnitz-Neuostra;StB 7 Prohlis;12 Niedersedlitz, Leubnitz, Strehlen (ohne Sternhäuser, Am Koitschgraben);Umbau;1999;5;8
75 Leubnitz-Neuostra;StB 7 Prohlis;12 Niedersedlitz, Leubnitz, Strehlen (ohne Sternhäuser, Am Koitschgraben);Umbau;2000;15;68
75 Leubnitz-Neuostra;StB 7 Prohlis;12 Niedersedlitz, Leubnitz, Strehlen (ohne Sternhäuser, Am Koitschgraben);Umbau;2001;11;25
75 Leubnitz-Neuostra;StB 7 Prohlis;12 Niedersedlitz, Leubnitz, Strehlen (ohne Sternhäuser, Am Koitschgraben);Umbau;2002;6;7
75 Leubnitz-Neuostra;StB 7 Prohlis;12 Niedersedlitz, Leubnitz, Strehlen (ohne Sternhäuser, Am Koitschgraben);Umbau;2003;10;41
75 Leubnitz-Neuostra;StB 7 Prohlis;12 Niedersedlitz, Leubnitz, Strehlen (ohne Sternhäuser, Am Koitschgraben);Umbau;2004;37;155
75 Leubnitz-Neuostra;StB 7 Prohlis;12 Niedersedlitz, Leubnitz, Strehlen (ohne Sternhäuser, Am Koitschgraben);Umbau;2005;14;31
75 Leubnitz-Neuostra;StB 7 Prohlis;12 Niedersedlitz, Leubnitz, Strehlen (ohne Sternhäuser, Am Koitschgraben);Umbau;2006;10;25
75 Leubnitz-Neuostra;StB 7 Prohlis;12 Niedersedlitz, Leubnitz, Strehlen (ohne Sternhäuser, Am Koitschgraben);Umbau;2007;39;174
75 Leubnitz-Neuostra;StB 7 Prohlis;12 Niedersedlitz, Leubnitz, Strehlen (ohne Sternhäuser, Am Koitschgraben);Umbau;2008;34;220
75 Leubnitz-Neuostra;StB 7 Prohlis;12 Niedersedlitz, Leubnitz, Strehlen (ohne Sternhäuser, Am Koitschgraben);Umbau;2009;27;117
75 Leubnitz-Neuostra;StB 7 Prohlis;12 Niedersedlitz, Leubnitz, Strehlen (ohne Sternhäuser, Am Koitschgraben);Umbau;2010;30;172
75 Leubnitz-Neuostra;StB 7 Prohlis;12 Niedersedlitz, Leubnitz, Strehlen (ohne Sternhäuser, Am Koitschgraben);Umbau;2011;6;12
75 Leubnitz-Neuostra;StB 7 Prohlis;12 Niedersedlitz, Leubnitz, Strehlen (ohne Sternhäuser, Am Koitschgraben);Umbau;2012;21;70
75 Leubnitz-Neuostra;StB 7 Prohlis;12 Niedersedlitz, Leubnitz, Strehlen (ohne Sternhäuser, Am Koitschgraben);Umbau;2013;14;63
75 Leubnitz-Neuostra;StB 7 Prohlis;12 Niedersedlitz, Leubnitz, Strehlen (ohne Sternhäuser, Am Koitschgraben);Umbau;2014;15;49
75 Leubnitz-Neuostra;StB 7 Prohlis;12 Niedersedlitz, Leubnitz, Strehlen (ohne Sternhäuser, Am Koitschgraben);Umbau;2015;14;20
75 Leubnitz-Neuostra;StB 7 Prohlis;12 Niedersedlitz, Leubnitz, Strehlen (ohne Sternhäuser, Am Koitschgraben);Umbau;2016;14;20
75 Leubnitz-Neuostra;StB 7 Prohlis;12 Niedersedlitz, Leubnitz, Strehlen (ohne Sternhäuser, Am Koitschgraben);Umbau;2017;10;12
75 Leubnitz-Neuostra;StB 7 Prohlis;12 Niedersedlitz, Leubnitz, Strehlen (ohne Sternhäuser, Am Koitschgraben);Umbau;2018;9;14
75 Leubnitz-Neuostra;StB 7 Prohlis;12 Niedersedlitz, Leubnitz, Strehlen (ohne Sternhäuser, Am Koitschgraben);Umbau;2019;22;161
75 Leubnitz-Neuostra;StB 7 Prohlis;12 Niedersedlitz, Leubnitz, Strehlen (ohne Sternhäuser, Am Koitschgraben);Umbau;2020;4;4
75 Leubnitz-Neuostra;StB 7 Prohlis;12 Niedersedlitz, Leubnitz, Strehlen (ohne Sternhäuser, Am Koitschgraben);Umbau;2021;17;82
75 Leubnitz-Neuostra;StB 7 Prohlis;12 Niedersedlitz, Leubnitz, Strehlen (ohne Sternhäuser, Am Koitschgraben);Umbau;2022;10;25
75 Leubnitz-Neuostra;StB 7 Prohlis;12 Niedersedlitz, Leubnitz, Strehlen (ohne Sternhäuser, Am Koitschgraben);Umbau;2023;8;17
75 Leubnitz-Neuostra;StB 7 Prohlis;12 Niedersedlitz, Leubnitz, Strehlen (ohne Sternhäuser, Am Koitschgraben);Umbau;2024;12;21
75 Leubnitz-Neuostra;StB 7 Prohlis;12 Niedersedlitz, Leubnitz, Strehlen (ohne Sternhäuser, Am Koitschgraben);Umbau;2025;3;8
75 Leubnitz-Neuostra;StB 7 Prohlis;12 Niedersedlitz, Leubnitz, Strehlen (ohne Sternhäuser, Am Koitschgraben);Umbau;unbekannt;23;35
76 Strehlen;StB 7 Prohlis;11 Prohlis, Reick (mit Sternhäuser, Am Koitschgraben);Neubau;1996;1;0
76 Strehlen;StB 7 Prohlis;11 Prohlis, Reick (mit Sternhäuser, Am Koitschgraben);Neubau;1998;2;0
76 Strehlen;StB 7 Prohlis;11 Prohlis, Reick (mit Sternhäuser, Am Koitschgraben);Neubau;2001;6;1
76 Strehlen;StB 7 Prohlis;11 Prohlis, Reick (mit Sternhäuser, Am Koitschgraben);Neubau;2004;1;0
76 Strehlen;StB 7 Prohlis;11 Prohlis, Reick (mit Sternhäuser, Am Koitschgraben);Neubau;2009;2;2
76 Strehlen;StB 7 Prohlis;11 Prohlis, Reick (mit Sternhäuser, Am Koitschgraben);Neubau;2010;3;3
76 Strehlen;StB 7 Prohlis;11 Prohlis, Reick (mit Sternhäuser, Am Koitschgraben);Neubau;2011;3;3
76 Strehlen;StB 7 Prohlis;11 Prohlis, Reick (mit Sternhäuser, Am Koitschgraben);Neubau;2012;1;0
76 Strehlen;StB 7 Prohlis;11 Prohlis, Reick (mit Sternhäuser, Am Koitschgraben);Neubau;2013;1;0
76 Strehlen;StB 7 Prohlis;11 Prohlis, Reick (mit Sternhäuser, Am Koitschgraben);Neubau;unbekannt;1;0
76 Strehlen;StB 7 Prohlis;11 Prohlis, Reick (mit Sternhäuser, Am Koitschgraben);Umbau;2001;1;0
76 Strehlen;StB 7 Prohlis;11 Prohlis, Reick (mit Sternhäuser, Am Koitschgraben);Umbau;2006;1;0
76 Strehlen;StB 7 Prohlis;11 Prohlis, Reick (mit Sternhäuser, Am Koitschgraben);Umbau;2008;1;0
76 Strehlen;StB 7 Prohlis;11 Prohlis, Reick (mit Sternhäuser, Am Koitschgraben);Umbau;2010;1;0
76 Strehlen;StB 7 Prohlis;11 Prohlis, Reick (mit Sternhäuser, Am Koitschgraben);Umbau;2011;2;0
76 Strehlen;StB 7 Prohlis;11 Prohlis, Reick (mit Sternhäuser, Am Koitschgraben);Umbau;2015;1;12
76 Strehlen;StB 7 Prohlis;11 Prohlis, Reick (mit Sternhäuser, Am Koitschgraben);Umbau;2016;2;12
76 Strehlen;StB 7 Prohlis;11 Prohlis, Reick (mit Sternhäuser, Am Koitschgraben);Umbau;2022;1;0
76 Strehlen;StB 7 Prohlis;11 Prohlis, Reick (mit Sternhäuser, Am Koitschgraben);Umbau;2024;1;0
76 Strehlen;StB 7 Prohlis;11 Prohlis, Reick (mit Sternhäuser, Am Koitschgraben);Umbau;unbekannt;1;0
76 Strehlen;StB 7 Prohlis;12 Niedersedlitz, Leubnitz, Strehlen (ohne Sternhäuser, Am Koitschgraben);Neubau;1993;4;0
76 Strehlen;StB 7 Prohlis;12 Niedersedlitz, Leubnitz, Strehlen (ohne Sternhäuser, Am Koitschgraben);Neubau;1994;6;11
76 Strehlen;StB 7 Prohlis;12 Niedersedlitz, Leubnitz, Strehlen (ohne Sternhäuser, Am Koitschgraben);Neubau;1995;5;22
76 Strehlen;StB 7 Prohlis;12 Niedersedlitz, Leubnitz, Strehlen (ohne Sternhäuser, Am Koitschgraben);Neubau;1996;13;167
76 Strehlen;StB 7 Prohlis;12 Niedersedlitz, Leubnitz, Strehlen (ohne Sternhäuser, Am Koitschgraben);Neubau;1997;22;130
76 Strehlen;StB 7 Prohlis;12 Niedersedlitz, Leubnitz, Strehlen (ohne Sternhäuser, Am Koitschgraben);Neubau;1998;9;26
76 Strehlen;StB 7 Prohlis;12 Niedersedlitz, Leubnitz, Strehlen (ohne Sternhäuser, Am Koitschgraben);Neubau;1999;35;45
76 Strehlen;StB 7 Prohlis;12 Niedersedlitz, Leubnitz, Strehlen (ohne Sternhäuser, Am Koitschgraben);Neubau;2000;5;17
76 Strehlen;StB 7 Prohlis;12 Niedersedlitz, Leubnitz, Strehlen (ohne Sternhäuser, Am Koitschgraben);Neubau;2001;9;9
76 Strehlen;StB 7 Prohlis;12 Niedersedlitz, Leubnitz, Strehlen (ohne Sternhäuser, Am Koitschgraben);Neubau;2002;3;3
76 Strehlen;StB 7 Prohlis;12 Niedersedlitz, Leubnitz, Strehlen (ohne Sternhäuser, Am Koitschgraben);Neubau;2003;1;1
76 Strehlen;StB 7 Prohlis;12 Niedersedlitz, Leubnitz, Strehlen (ohne Sternhäuser, Am Koitschgraben);Neubau;2004;3;2
76 Strehlen;StB 7 Prohlis;12 Niedersedlitz, Leubnitz, Strehlen (ohne Sternhäuser, Am Koitschgraben);Neubau;2005;9;8
76 Strehlen;StB 7 Prohlis;12 Niedersedlitz, Leubnitz, Strehlen (ohne Sternhäuser, Am Koitschgraben);Neubau;2006;3;2
76 Strehlen;StB 7 Prohlis;12 Niedersedlitz, Leubnitz, Strehlen (ohne Sternhäuser, Am Koitschgraben);Neubau;2007;3;3
76 Strehlen;StB 7 Prohlis;12 Niedersedlitz, Leubnitz, Strehlen (ohne Sternhäuser, Am Koitschgraben);Neubau;2008;4;3
76 Strehlen;StB 7 Prohlis;12 Niedersedlitz, Leubnitz, Strehlen (ohne Sternhäuser, Am Koitschgraben);Neubau;2009;3;3
76 Strehlen;StB 7 Prohlis;12 Niedersedlitz, Leubnitz, Strehlen (ohne Sternhäuser, Am Koitschgraben);Neubau;2010;4;5
76 Strehlen;StB 7 Prohlis;12 Niedersedlitz, Leubnitz, Strehlen (ohne Sternhäuser, Am Koitschgraben);Neubau;2011;6;367
76 Strehlen;StB 7 Prohlis;12 Niedersedlitz, Leubnitz, Strehlen (ohne Sternhäuser, Am Koitschgraben);Neubau;2012;2;2
76 Strehlen;StB 7 Prohlis;12 Niedersedlitz, Leubnitz, Strehlen (ohne Sternhäuser, Am Koitschgraben);Neubau;2013;1;0
76 Strehlen;StB 7 Prohlis;12 Niedersedlitz, Leubnitz, Strehlen (ohne Sternhäuser, Am Koitschgraben);Neubau;2014;5;5
76 Strehlen;StB 7 Prohlis;12 Niedersedlitz, Leubnitz, Strehlen (ohne Sternhäuser, Am Koitschgraben);Neubau;2015;3;17
76 Strehlen;StB 7 Prohlis;12 Niedersedlitz, Leubnitz, Strehlen (ohne Sternhäuser, Am Koitschgraben);Neubau;2016;11;48
76 Strehlen;StB 7 Prohlis;12 Niedersedlitz, Leubnitz, Strehlen (ohne Sternhäuser, Am Koitschgraben);Neubau;2017;7;8
76 Strehlen;StB 7 Prohlis;12 Niedersedlitz, Leubnitz, Strehlen (ohne Sternhäuser, Am Koitschgraben);Neubau;2018;3;5
76 Strehlen;StB 7 Prohlis;12 Niedersedlitz, Leubnitz, Strehlen (ohne Sternhäuser, Am Koitschgraben);Neubau;2019;1;0
76 Strehlen;StB 7 Prohlis;12 Niedersedlitz, Leubnitz, Strehlen (ohne Sternhäuser, Am Koitschgraben);Neubau;2020;7;35
76 Strehlen;StB 7 Prohlis;12 Niedersedlitz, Leubnitz, Strehlen (ohne Sternhäuser, Am Koitschgraben);Neubau;2021;8;77
76 Strehlen;StB 7 Prohlis;12 Niedersedlitz, Leubnitz, Strehlen (ohne Sternhäuser, Am Koitschgraben);Neubau;2022;3;2
76 Strehlen;StB 7 Prohlis;12 Niedersedlitz, Leubnitz, Strehlen (ohne Sternhäuser, Am Koitschgraben);Neubau;2023;3;2
76 Strehlen;StB 7 Prohlis;12 Niedersedlitz, Leubnitz, Strehlen (ohne Sternhäuser, Am Koitschgraben);Neubau;2024;1;0
76 Strehlen;StB 7 Prohlis;12 Niedersedlitz, Leubnitz, Strehlen (ohne Sternhäuser, Am Koitschgraben);Neubau;unbekannt;33;398
76 Strehlen;StB 7 Prohlis;12 Niedersedlitz, Leubnitz, Strehlen (ohne Sternhäuser, Am Koitschgraben);Umbau;1994;2;6
76 Strehlen;StB 7 Prohlis;12 Niedersedlitz, Leubnitz, Strehlen (ohne Sternhäuser, Am Koitschgraben);Umbau;1995;6;12
76 Strehlen;StB 7 Prohlis;12 Niedersedlitz, Leubnitz, Strehlen (ohne Sternhäuser, Am Koitschgraben);Umbau;1996;1;9
76 Strehlen;StB 7 Prohlis;12 Niedersedlitz, Leubnitz, Strehlen (ohne Sternhäuser, Am Koitschgraben);Umbau;1997;9;70
76 Strehlen;StB 7 Prohlis;12 Niedersedlitz, Leubnitz, Strehlen (ohne Sternhäuser, Am Koitschgraben);Umbau;1998;9;54
76 Strehlen;StB 7 Prohlis;12 Niedersedlitz, Leubnitz, Strehlen (ohne Sternhäuser, Am Koitschgraben);Umbau;1999;10;162
76 Strehlen;StB 7 Prohlis;12 Niedersedlitz, Leubnitz, Strehlen (ohne Sternhäuser, Am Koitschgraben);Umbau;2000;10;55
76 Strehlen;StB 7 Prohlis;12 Niedersedlitz, Leubnitz, Strehlen (ohne Sternhäuser, Am Koitschgraben);Umbau;2001;8;43
76 Strehlen;StB 7 Prohlis;12 Niedersedlitz, Leubnitz, Strehlen (ohne Sternhäuser, Am Koitschgraben);Umbau;2002;15;74
76 Strehlen;StB 7 Prohlis;12 Niedersedlitz, Leubnitz, Strehlen (ohne Sternhäuser, Am Koitschgraben);Umbau;2003;5;10
76 Strehlen;StB 7 Prohlis;12 Niedersedlitz, Leubnitz, Strehlen (ohne Sternhäuser, Am Koitschgraben);Umbau;2004;18;33
76 Strehlen;StB 7 Prohlis;12 Niedersedlitz, Leubnitz, Strehlen (ohne Sternhäuser, Am Koitschgraben);Umbau;2005;32;239
76 Strehlen;StB 7 Prohlis;12 Niedersedlitz, Leubnitz, Strehlen (ohne Sternhäuser, Am Koitschgraben);Umbau;2006;16;74
76 Strehlen;StB 7 Prohlis;12 Niedersedlitz, Leubnitz, Strehlen (ohne Sternhäuser, Am Koitschgraben);Umbau;2007;20;106
76 Strehlen;StB 7 Prohlis;12 Niedersedlitz, Leubnitz, Strehlen (ohne Sternhäuser, Am Koitschgraben);Umbau;2008;3;8
76 Strehlen;StB 7 Prohlis;12 Niedersedlitz, Leubnitz, Strehlen (ohne Sternhäuser, Am Koitschgraben);Umbau;2009;6;241
76 Strehlen;StB 7 Prohlis;12 Niedersedlitz, Leubnitz, Strehlen (ohne Sternhäuser, Am Koitschgraben);Umbau;2010;2;1
76 Strehlen;StB 7 Prohlis;12 Niedersedlitz, Leubnitz, Strehlen (ohne Sternhäuser, Am Koitschgraben);Umbau;2011;4;6
76 Strehlen;StB 7 Prohlis;12 Niedersedlitz, Leubnitz, Strehlen (ohne Sternhäuser, Am Koitschgraben);Umbau;2012;7;17
76 Strehlen;StB 7 Prohlis;12 Niedersedlitz, Leubnitz, Strehlen (ohne Sternhäuser, Am Koitschgraben);Umbau;2013;5;13
76 Strehlen;StB 7 Prohlis;12 Niedersedlitz, Leubnitz, Strehlen (ohne Sternhäuser, Am Koitschgraben);Umbau;2014;11;70
76 Strehlen;StB 7 Prohlis;12 Niedersedlitz, Leubnitz, Strehlen (ohne Sternhäuser, Am Koitschgraben);Umbau;2015;6;23
76 Strehlen;StB 7 Prohlis;12 Niedersedlitz, Leubnitz, Strehlen (ohne Sternhäuser, Am Koitschgraben);Umbau;2016;5;10
76 Strehlen;StB 7 Prohlis;12 Niedersedlitz, Leubnitz, Strehlen (ohne Sternhäuser, Am Koitschgraben);Umbau;2017;4;107
76 Strehlen;StB 7 Prohlis;12 Niedersedlitz, Leubnitz, Strehlen (ohne Sternhäuser, Am Koitschgraben);Umbau;2018;8;40
76 Strehlen;StB 7 Prohlis;12 Niedersedlitz, Leubnitz, Strehlen (ohne Sternhäuser, Am Koitschgraben);Umbau;2019;4;3
76 Strehlen;StB 7 Prohlis;12 Niedersedlitz, Leubnitz, Strehlen (ohne Sternhäuser, Am Koitschgraben);Umbau;2020;3;12
76 Strehlen;StB 7 Prohlis;12 Niedersedlitz, Leubnitz, Strehlen (ohne Sternhäuser, Am Koitschgraben);Umbau;2021;2;4
76 Strehlen;StB 7 Prohlis;12 Niedersedlitz, Leubnitz, Strehlen (ohne Sternhäuser, Am Koitschgraben);Umbau;2022;2;0
76 Strehlen;StB 7 Prohlis;12 Niedersedlitz, Leubnitz, Strehlen (ohne Sternhäuser, Am Koitschgraben);Umbau;2023;2;3
76 Strehlen;StB 7 Prohlis;12 Niedersedlitz, Leubnitz, Strehlen (ohne Sternhäuser, Am Koitschgraben);Umbau;2024;7;46
76 Strehlen;StB 7 Prohlis;12 Niedersedlitz, Leubnitz, Strehlen (ohne Sternhäuser, Am Koitschgraben);Umbau;2025;1;4
76 Strehlen;StB 7 Prohlis;12 Niedersedlitz, Leubnitz, Strehlen (ohne Sternhäuser, Am Koitschgraben);Umbau;unbekannt;5;18
77 Reick;StB 7 Prohlis;11 Prohlis, Reick (mit Sternhäuser, Am Koitschgraben);Neubau;1993;2;0
77 Reick;StB 7 Prohlis;11 Prohlis, Reick (mit Sternhäuser, Am Koitschgraben);Neubau;1994;10;48
77 Reick;StB 7 Prohlis;11 Prohlis, Reick (mit Sternhäuser, Am Koitschgraben);Neubau;1995;28;281
77 Reick;StB 7 Prohlis;11 Prohlis, Reick (mit Sternhäuser, Am Koitschgraben);Neubau;1996;29;315
77 Reick;StB 7 Prohlis;11 Prohlis, Reick (mit Sternhäuser, Am Koitschgraben);Neubau;1997;22;148
77 Reick;StB 7 Prohlis;11 Prohlis, Reick (mit Sternhäuser, Am Koitschgraben);Neubau;1998;4;16
77 Reick;StB 7 Prohlis;11 Prohlis, Reick (mit Sternhäuser, Am Koitschgraben);Neubau;1999;4;0
77 Reick;StB 7 Prohlis;11 Prohlis, Reick (mit Sternhäuser, Am Koitschgraben);Neubau;2000;3;0
77 Reick;StB 7 Prohlis;11 Prohlis, Reick (mit Sternhäuser, Am Koitschgraben);Neubau;2001;3;0
77 Reick;StB 7 Prohlis;11 Prohlis, Reick (mit Sternhäuser, Am Koitschgraben);Neubau;2002;6;3
77 Reick;StB 7 Prohlis;11 Prohlis, Reick (mit Sternhäuser, Am Koitschgraben);Neubau;2003;1;1
77 Reick;StB 7 Prohlis;11 Prohlis, Reick (mit Sternhäuser, Am Koitschgraben);Neubau;2004;5;2
77 Reick;StB 7 Prohlis;11 Prohlis, Reick (mit Sternhäuser, Am Koitschgraben);Neubau;2005;1;0
77 Reick;StB 7 Prohlis;11 Prohlis, Reick (mit Sternhäuser, Am Koitschgraben);Neubau;2006;9;1
77 Reick;StB 7 Prohlis;11 Prohlis, Reick (mit Sternhäuser, Am Koitschgraben);Neubau;2007;2;0
77 Reick;StB 7 Prohlis;11 Prohlis, Reick (mit Sternhäuser, Am Koitschgraben);Neubau;2008;2;0
77 Reick;StB 7 Prohlis;11 Prohlis, Reick (mit Sternhäuser, Am Koitschgraben);Neubau;2009;4;3
77 Reick;StB 7 Prohlis;11 Prohlis, Reick (mit Sternhäuser, Am Koitschgraben);Neubau;2010;4;4
77 Reick;StB 7 Prohlis;11 Prohlis, Reick (mit Sternhäuser, Am Koitschgraben);Neubau;2011;5;0
77 Reick;StB 7 Prohlis;11 Prohlis, Reick (mit Sternhäuser, Am Koitschgraben);Neubau;2013;1;0
77 Reick;StB 7 Prohlis;11 Prohlis, Reick (mit Sternhäuser, Am Koitschgraben);Neubau;2014;2;1
77 Reick;StB 7 Prohlis;11 Prohlis, Reick (mit Sternhäuser, Am Koitschgraben);Neubau;2015;6;4
77 Reick;StB 7 Prohlis;11 Prohlis, Reick (mit Sternhäuser, Am Koitschgraben);Neubau;2016;2;1
77 Reick;StB 7 Prohlis;11 Prohlis, Reick (mit Sternhäuser, Am Koitschgraben);Neubau;2017;1;0
77 Reick;StB 7 Prohlis;11 Prohlis, Reick (mit Sternhäuser, Am Koitschgraben);Neubau;2018;3;23
77 Reick;StB 7 Prohlis;11 Prohlis, Reick (mit Sternhäuser, Am Koitschgraben);Neubau;2019;10;65
77 Reick;StB 7 Prohlis;11 Prohlis, Reick (mit Sternhäuser, Am Koitschgraben);Neubau;2020;8;144
77 Reick;StB 7 Prohlis;11 Prohlis, Reick (mit Sternhäuser, Am Koitschgraben);Neubau;2021;1;0
77 Reick;StB 7 Prohlis;11 Prohlis, Reick (mit Sternhäuser, Am Koitschgraben);Neubau;unbekannt;10;25
77 Reick;StB 7 Prohlis;11 Prohlis, Reick (mit Sternhäuser, Am Koitschgraben);Umbau;1993;3;3
77 Reick;StB 7 Prohlis;11 Prohlis, Reick (mit Sternhäuser, Am Koitschgraben);Umbau;1996;1;0
77 Reick;StB 7 Prohlis;11 Prohlis, Reick (mit Sternhäuser, Am Koitschgraben);Umbau;1997;3;12
77 Reick;StB 7 Prohlis;11 Prohlis, Reick (mit Sternhäuser, Am Koitschgraben);Umbau;1998;2;8
77 Reick;StB 7 Prohlis;11 Prohlis, Reick (mit Sternhäuser, Am Koitschgraben);Umbau;1999;2;16
77 Reick;StB 7 Prohlis;11 Prohlis, Reick (mit Sternhäuser, Am Koitschgraben);Umbau;2000;3;28
77 Reick;StB 7 Prohlis;11 Prohlis, Reick (mit Sternhäuser, Am Koitschgraben);Umbau;2001;2;1
77 Reick;StB 7 Prohlis;11 Prohlis, Reick (mit Sternhäuser, Am Koitschgraben);Umbau;2002;1;0
77 Reick;StB 7 Prohlis;11 Prohlis, Reick (mit Sternhäuser, Am Koitschgraben);Umbau;2003;1;4
77 Reick;StB 7 Prohlis;11 Prohlis, Reick (mit Sternhäuser, Am Koitschgraben);Umbau;2004;1;1
77 Reick;StB 7 Prohlis;11 Prohlis, Reick (mit Sternhäuser, Am Koitschgraben);Umbau;2005;38;210
77 Reick;StB 7 Prohlis;11 Prohlis, Reick (mit Sternhäuser, Am Koitschgraben);Umbau;2006;8;41
77 Reick;StB 7 Prohlis;11 Prohlis, Reick (mit Sternhäuser, Am Koitschgraben);Umbau;2007;2;0
77 Reick;StB 7 Prohlis;11 Prohlis, Reick (mit Sternhäuser, Am Koitschgraben);Umbau;2008;7;37
77 Reick;StB 7 Prohlis;11 Prohlis, Reick (mit Sternhäuser, Am Koitschgraben);Umbau;2009;10;61
77 Reick;StB 7 Prohlis;11 Prohlis, Reick (mit Sternhäuser, Am Koitschgraben);Umbau;2010;23;184
77 Reick;StB 7 Prohlis;11 Prohlis, Reick (mit Sternhäuser, Am Koitschgraben);Umbau;2011;5;19
77 Reick;StB 7 Prohlis;11 Prohlis, Reick (mit Sternhäuser, Am Koitschgraben);Umbau;2012;1;0
77 Reick;StB 7 Prohlis;11 Prohlis, Reick (mit Sternhäuser, Am Koitschgraben);Umbau;2013;4;2
77 Reick;StB 7 Prohlis;11 Prohlis, Reick (mit Sternhäuser, Am Koitschgraben);Umbau;2014;1;6
77 Reick;StB 7 Prohlis;11 Prohlis, Reick (mit Sternhäuser, Am Koitschgraben);Umbau;2015;3;11
77 Reick;StB 7 Prohlis;11 Prohlis, Reick (mit Sternhäuser, Am Koitschgraben);Umbau;2016;2;2
77 Reick;StB 7 Prohlis;11 Prohlis, Reick (mit Sternhäuser, Am Koitschgraben);Umbau;2017;4;2
77 Reick;StB 7 Prohlis;11 Prohlis, Reick (mit Sternhäuser, Am Koitschgraben);Umbau;2018;3;12
77 Reick;StB 7 Prohlis;11 Prohlis, Reick (mit Sternhäuser, Am Koitschgraben);Umbau;2019;2;35
77 Reick;StB 7 Prohlis;11 Prohlis, Reick (mit Sternhäuser, Am Koitschgraben);Umbau;2020;3;2
77 Reick;StB 7 Prohlis;11 Prohlis, Reick (mit Sternhäuser, Am Koitschgraben);Umbau;2021;9;58
77 Reick;StB 7 Prohlis;11 Prohlis, Reick (mit Sternhäuser, Am Koitschgraben);Umbau;2022;20;132
77 Reick;StB 7 Prohlis;11 Prohlis, Reick (mit Sternhäuser, Am Koitschgraben);Umbau;2023;2;4
77 Reick;StB 7 Prohlis;11 Prohlis, Reick (mit Sternhäuser, Am Koitschgraben);Umbau;2025;3;12
77 Reick;StB 7 Prohlis;11 Prohlis, Reick (mit Sternhäuser, Am Koitschgraben);Umbau;unbekannt;9;10
81 Südvorstadt-West;StB 8 Plauen;13 Südvorstadt, Zschertnitz;Neubau;1993;1;0
81 Südvorstadt-West;StB 8 Plauen;13 Südvorstadt, Zschertnitz;Neubau;1994;1;0
81 Südvorstadt-West;StB 8 Plauen;13 Südvorstadt, Zschertnitz;Neubau;1995;6;21
81 Südvorstadt-West;StB 8 Plauen;13 Südvorstadt, Zschertnitz;Neubau;1996;10;123
81 Südvorstadt-West;StB 8 Plauen;13 Südvorstadt, Zschertnitz;Neubau;1997;2;36
81 Südvorstadt-West;StB 8 Plauen;13 Südvorstadt, Zschertnitz;Neubau;1998;14;19
81 Südvorstadt-West;StB 8 Plauen;13 Südvorstadt, Zschertnitz;Neubau;1999;2;0
81 Südvorstadt-West;StB 8 Plauen;13 Südvorstadt, Zschertnitz;Neubau;2000;2;0
81 Südvorstadt-West;StB 8 Plauen;13 Südvorstadt, Zschertnitz;Neubau;2001;2;32
81 Südvorstadt-West;StB 8 Plauen;13 Südvorstadt, Zschertnitz;Neubau;2002;1;0
81 Südvorstadt-West;StB 8 Plauen;13 Südvorstadt, Zschertnitz;Neubau;2003;2;7
81 Südvorstadt-West;StB 8 Plauen;13 Südvorstadt, Zschertnitz;Neubau;2004;1;2
81 Südvorstadt-West;StB 8 Plauen;13 Südvorstadt, Zschertnitz;Neubau;2005;1;0
81 Südvorstadt-West;StB 8 Plauen;13 Südvorstadt, Zschertnitz;Neubau;2006;5;10
81 Südvorstadt-West;StB 8 Plauen;13 Südvorstadt, Zschertnitz;Neubau;2008;1;2
81 Südvorstadt-West;StB 8 Plauen;13 Südvorstadt, Zschertnitz;Neubau;2009;4;15
81 Südvorstadt-West;StB 8 Plauen;13 Südvorstadt, Zschertnitz;Neubau;2010;5;27
81 Südvorstadt-West;StB 8 Plauen;13 Südvorstadt, Zschertnitz;Neubau;2011;2;0
81 Südvorstadt-West;StB 8 Plauen;13 Südvorstadt, Zschertnitz;Neubau;2012;2;9
81 Südvorstadt-West;StB 8 Plauen;13 Südvorstadt, Zschertnitz;Neubau;2013;2;147
81 Südvorstadt-West;StB 8 Plauen;13 Südvorstadt, Zschertnitz;Neubau;2014;4;29
81 Südvorstadt-West;StB 8 Plauen;13 Südvorstadt, Zschertnitz;Neubau;2015;5;53
81 Südvorstadt-West;StB 8 Plauen;13 Südvorstadt, Zschertnitz;Neubau;2016;3;24
81 Südvorstadt-West;StB 8 Plauen;13 Südvorstadt, Zschertnitz;Neubau;2017;7;60
81 Südvorstadt-West;StB 8 Plauen;13 Südvorstadt, Zschertnitz;Neubau;2018;10;91
81 Südvorstadt-West;StB 8 Plauen;13 Südvorstadt, Zschertnitz;Neubau;2019;13;393
81 Südvorstadt-West;StB 8 Plauen;13 Südvorstadt, Zschertnitz;Neubau;2020;5;33
81 Südvorstadt-West;StB 8 Plauen;13 Südvorstadt, Zschertnitz;Neubau;2021;3;0
81 Südvorstadt-West;StB 8 Plauen;13 Südvorstadt, Zschertnitz;Neubau;2022;2;10
81 Südvorstadt-West;StB 8 Plauen;13 Südvorstadt, Zschertnitz;Neubau;2023;1;15
81 Südvorstadt-West;StB 8 Plauen;13 Südvorstadt, Zschertnitz;Neubau;2024;1;0
81 Südvorstadt-West;StB 8 Plauen;13 Südvorstadt, Zschertnitz;Neubau;2026;1;0
81 Südvorstadt-West;StB 8 Plauen;13 Südvorstadt, Zschertnitz;Neubau;unbekannt;28;411
81 Südvorstadt-West;StB 8 Plauen;13 Südvorstadt, Zschertnitz;Umbau;1992;3;4
81 Südvorstadt-West;StB 8 Plauen;13 Südvorstadt, Zschertnitz;Umbau;1993;4;0
81 Südvorstadt-West;StB 8 Plauen;13 Südvorstadt, Zschertnitz;Umbau;1994;4;0
81 Südvorstadt-West;StB 8 Plauen;13 Südvorstadt, Zschertnitz;Umbau;1995;6;34
81 Südvorstadt-West;StB 8 Plauen;13 Südvorstadt, Zschertnitz;Umbau;1996;2;36
81 Südvorstadt-West;StB 8 Plauen;13 Südvorstadt, Zschertnitz;Umbau;1997;13;157
81 Südvorstadt-West;StB 8 Plauen;13 Südvorstadt, Zschertnitz;Umbau;1998;7;682
81 Südvorstadt-West;StB 8 Plauen;13 Südvorstadt, Zschertnitz;Umbau;1999;36;396
81 Südvorstadt-West;StB 8 Plauen;13 Südvorstadt, Zschertnitz;Umbau;2000;98;1076
81 Südvorstadt-West;StB 8 Plauen;13 Südvorstadt, Zschertnitz;Umbau;2001;23;192
81 Südvorstadt-West;StB 8 Plauen;13 Südvorstadt, Zschertnitz;Umbau;2002;9;97
81 Südvorstadt-West;StB 8 Plauen;13 Südvorstadt, Zschertnitz;Umbau;2003;4;30
81 Südvorstadt-West;StB 8 Plauen;13 Südvorstadt, Zschertnitz;Umbau;2004;14;97
81 Südvorstadt-West;StB 8 Plauen;13 Südvorstadt, Zschertnitz;Umbau;2005;6;55
81 Südvorstadt-West;StB 8 Plauen;13 Südvorstadt, Zschertnitz;Umbau;2006;12;99
81 Südvorstadt-West;StB 8 Plauen;13 Südvorstadt, Zschertnitz;Umbau;2007;13;102
81 Südvorstadt-West;StB 8 Plauen;13 Südvorstadt, Zschertnitz;Umbau;2008;4;22
81 Südvorstadt-West;StB 8 Plauen;13 Südvorstadt, Zschertnitz;Umbau;2009;6;25
81 Südvorstadt-West;StB 8 Plauen;13 Südvorstadt, Zschertnitz;Umbau;2010;8;52
81 Südvorstadt-West;StB 8 Plauen;13 Südvorstadt, Zschertnitz;Umbau;2011;5;18
81 Südvorstadt-West;StB 8 Plauen;13 Südvorstadt, Zschertnitz;Umbau;2012;11;106
81 Südvorstadt-West;StB 8 Plauen;13 Südvorstadt, Zschertnitz;Umbau;2013;4;27
81 Südvorstadt-West;StB 8 Plauen;13 Südvorstadt, Zschertnitz;Umbau;2014;10;141
81 Südvorstadt-West;StB 8 Plauen;13 Südvorstadt, Zschertnitz;Umbau;2015;27;221
81 Südvorstadt-West;StB 8 Plauen;13 Südvorstadt, Zschertnitz;Umbau;2016;1;12
81 Südvorstadt-West;StB 8 Plauen;13 Südvorstadt, Zschertnitz;Umbau;2017;10;47
81 Südvorstadt-West;StB 8 Plauen;13 Südvorstadt, Zschertnitz;Umbau;2018;16;155
81 Südvorstadt-West;StB 8 Plauen;13 Südvorstadt, Zschertnitz;Umbau;2019;11;96
81 Südvorstadt-West;StB 8 Plauen;13 Südvorstadt, Zschertnitz;Umbau;2020;3;28
81 Südvorstadt-West;StB 8 Plauen;13 Südvorstadt, Zschertnitz;Umbau;2021;8;54
81 Südvorstadt-West;StB 8 Plauen;13 Südvorstadt, Zschertnitz;Umbau;2022;4;19
81 Südvorstadt-West;StB 8 Plauen;13 Südvorstadt, Zschertnitz;Umbau;2023;3;8
81 Südvorstadt-West;StB 8 Plauen;13 Südvorstadt, Zschertnitz;Umbau;2024;12;124
81 Südvorstadt-West;StB 8 Plauen;13 Südvorstadt, Zschertnitz;Umbau;unbekannt;6;16
82 Südvorstadt-Ost;StB 8 Plauen;13 Südvorstadt, Zschertnitz;Neubau;1994;10;63
82 Südvorstadt-Ost;StB 8 Plauen;13 Südvorstadt, Zschertnitz;Neubau;1995;5;34
82 Südvorstadt-Ost;StB 8 Plauen;13 Südvorstadt, Zschertnitz;Neubau;1996;3;27
82 Südvorstadt-Ost;StB 8 Plauen;13 Südvorstadt, Zschertnitz;Neubau;1997;8;45
82 Südvorstadt-Ost;StB 8 Plauen;13 Südvorstadt, Zschertnitz;Neubau;1998;6;52
82 Südvorstadt-Ost;StB 8 Plauen;13 Südvorstadt, Zschertnitz;Neubau;1999;4;11
82 Südvorstadt-Ost;StB 8 Plauen;13 Südvorstadt, Zschertnitz;Neubau;2000;1;8
82 Südvorstadt-Ost;StB 8 Plauen;13 Südvorstadt, Zschertnitz;Neubau;2001;7;17
82 Südvorstadt-Ost;StB 8 Plauen;13 Südvorstadt, Zschertnitz;Neubau;2002;20;30
82 Südvorstadt-Ost;StB 8 Plauen;13 Südvorstadt, Zschertnitz;Neubau;2003;24;50
82 Südvorstadt-Ost;StB 8 Plauen;13 Südvorstadt, Zschertnitz;Neubau;2004;2;2
82 Südvorstadt-Ost;StB 8 Plauen;13 Südvorstadt, Zschertnitz;Neubau;2007;4;12
82 Südvorstadt-Ost;StB 8 Plauen;13 Südvorstadt, Zschertnitz;Neubau;2008;10;10
82 Südvorstadt-Ost;StB 8 Plauen;13 Südvorstadt, Zschertnitz;Neubau;2009;3;1
82 Südvorstadt-Ost;StB 8 Plauen;13 Südvorstadt, Zschertnitz;Neubau;2010;9;12
82 Südvorstadt-Ost;StB 8 Plauen;13 Südvorstadt, Zschertnitz;Neubau;2011;2;76
82 Südvorstadt-Ost;StB 8 Plauen;13 Südvorstadt, Zschertnitz;Neubau;2012;5;16
82 Südvorstadt-Ost;StB 8 Plauen;13 Südvorstadt, Zschertnitz;Neubau;2013;2;11
82 Südvorstadt-Ost;StB 8 Plauen;13 Südvorstadt, Zschertnitz;Neubau;2014;12;87
82 Südvorstadt-Ost;StB 8 Plauen;13 Südvorstadt, Zschertnitz;Neubau;2015;2;36
82 Südvorstadt-Ost;StB 8 Plauen;13 Südvorstadt, Zschertnitz;Neubau;2016;5;57
82 Südvorstadt-Ost;StB 8 Plauen;13 Südvorstadt, Zschertnitz;Neubau;2017;4;42
82 Südvorstadt-Ost;StB 8 Plauen;13 Südvorstadt, Zschertnitz;Neubau;2018;2;23
82 Südvorstadt-Ost;StB 8 Plauen;13 Südvorstadt, Zschertnitz;Neubau;2019;3;62
82 Südvorstadt-Ost;StB 8 Plauen;13 Südvorstadt, Zschertnitz;Neubau;2020;2;19
82 Südvorstadt-Ost;StB 8 Plauen;13 Südvorstadt, Zschertnitz;Neubau;2021;4;64
82 Südvorstadt-Ost;StB 8 Plauen;13 Südvorstadt, Zschertnitz;Neubau;2022;4;18
82 Südvorstadt-Ost;StB 8 Plauen;13 Südvorstadt, Zschertnitz;Neubau;2023;1;0
82 Südvorstadt-Ost;StB 8 Plauen;13 Südvorstadt, Zschertnitz;Neubau;2024;2;2
82 Südvorstadt-Ost;StB 8 Plauen;13 Südvorstadt, Zschertnitz;Neubau;2025;1;7
82 Südvorstadt-Ost;StB 8 Plauen;13 Südvorstadt, Zschertnitz;Neubau;2026;1;1
82 Südvorstadt-Ost;StB 8 Plauen;13 Südvorstadt, Zschertnitz;Neubau;unbekannt;2;27
82 Südvorstadt-Ost;StB 8 Plauen;13 Südvorstadt, Zschertnitz;Umbau;1992;1;1
82 Südvorstadt-Ost;StB 8 Plauen;13 Südvorstadt, Zschertnitz;Umbau;1993;1;2
82 Südvorstadt-Ost;StB 8 Plauen;13 Südvorstadt, Zschertnitz;Umbau;1994;2;1
82 Südvorstadt-Ost;StB 8 Plauen;13 Südvorstadt, Zschertnitz;Umbau;1995;1;0
82 Südvorstadt-Ost;StB 8 Plauen;13 Südvorstadt, Zschertnitz;Umbau;1997;3;55
82 Südvorstadt-Ost;StB 8 Plauen;13 Südvorstadt, Zschertnitz;Umbau;1998;2;10
82 Südvorstadt-Ost;StB 8 Plauen;13 Südvorstadt, Zschertnitz;Umbau;1999;2;7
82 Südvorstadt-Ost;StB 8 Plauen;13 Südvorstadt, Zschertnitz;Umbau;2000;1;1
82 Südvorstadt-Ost;StB 8 Plauen;13 Südvorstadt, Zschertnitz;Umbau;2001;3;10
82 Südvorstadt-Ost;StB 8 Plauen;13 Südvorstadt, Zschertnitz;Umbau;2002;3;197
82 Südvorstadt-Ost;StB 8 Plauen;13 Südvorstadt, Zschertnitz;Umbau;2003;2;16
82 Südvorstadt-Ost;StB 8 Plauen;13 Südvorstadt, Zschertnitz;Umbau;2004;3;36
82 Südvorstadt-Ost;StB 8 Plauen;13 Südvorstadt, Zschertnitz;Umbau;2005;1;4
82 Südvorstadt-Ost;StB 8 Plauen;13 Südvorstadt, Zschertnitz;Umbau;2006;4;235
82 Südvorstadt-Ost;StB 8 Plauen;13 Südvorstadt, Zschertnitz;Umbau;2007;4;172
82 Südvorstadt-Ost;StB 8 Plauen;13 Südvorstadt, Zschertnitz;Umbau;2008;7;278
82 Südvorstadt-Ost;StB 8 Plauen;13 Südvorstadt, Zschertnitz;Umbau;2009;5;229
82 Südvorstadt-Ost;StB 8 Plauen;13 Südvorstadt, Zschertnitz;Umbau;2010;5;116
82 Südvorstadt-Ost;StB 8 Plauen;13 Südvorstadt, Zschertnitz;Umbau;2011;7;66
82 Südvorstadt-Ost;StB 8 Plauen;13 Südvorstadt, Zschertnitz;Umbau;2012;6;90
82 Südvorstadt-Ost;StB 8 Plauen;13 Südvorstadt, Zschertnitz;Umbau;2013;3;8
82 Südvorstadt-Ost;StB 8 Plauen;13 Südvorstadt, Zschertnitz;Umbau;2014;4;78
82 Südvorstadt-Ost;StB 8 Plauen;13 Südvorstadt, Zschertnitz;Umbau;2016;2;10
82 Südvorstadt-Ost;StB 8 Plauen;13 Südvorstadt, Zschertnitz;Umbau;2017;1;0
82 Südvorstadt-Ost;StB 8 Plauen;13 Südvorstadt, Zschertnitz;Umbau;2018;2;80
82 Südvorstadt-Ost;StB 8 Plauen;13 Südvorstadt, Zschertnitz;Umbau;2019;10;283
82 Südvorstadt-Ost;StB 8 Plauen;13 Südvorstadt, Zschertnitz;Umbau;2020;2;2
82 Südvorstadt-Ost;StB 8 Plauen;13 Südvorstadt, Zschertnitz;Umbau;2021;2;1
82 Südvorstadt-Ost;StB 8 Plauen;13 Südvorstadt, Zschertnitz;Umbau;2022;1;0
82 Südvorstadt-Ost;StB 8 Plauen;13 Südvorstadt, Zschertnitz;Umbau;2023;3;21
82 Südvorstadt-Ost;StB 8 Plauen;13 Südvorstadt, Zschertnitz;Umbau;2024;17;684
82 Südvorstadt-Ost;StB 8 Plauen;13 Südvorstadt, Zschertnitz;Umbau;2025;2;19
82 Südvorstadt-Ost;StB 8 Plauen;13 Südvorstadt, Zschertnitz;Umbau;unbekannt;7;605
83 Räcknitz/Zschertnitz;StB 8 Plauen;13 Südvorstadt, Zschertnitz;Neubau;1994;2;5
83 Räcknitz/Zschertnitz;StB 8 Plauen;13 Südvorstadt, Zschertnitz;Neubau;1995;2;5
83 Räcknitz/Zschertnitz;StB 8 Plauen;13 Südvorstadt, Zschertnitz;Neubau;1996;14;170
83 Räcknitz/Zschertnitz;StB 8 Plauen;13 Südvorstadt, Zschertnitz;Neubau;1997;10;177
83 Räcknitz/Zschertnitz;StB 8 Plauen;13 Südvorstadt, Zschertnitz;Neubau;1998;1;8
83 Räcknitz/Zschertnitz;StB 8 Plauen;13 Südvorstadt, Zschertnitz;Neubau;1999;3;42
83 Räcknitz/Zschertnitz;StB 8 Plauen;13 Südvorstadt, Zschertnitz;Neubau;2000;3;2
83 Räcknitz/Zschertnitz;StB 8 Plauen;13 Südvorstadt, Zschertnitz;Neubau;2001;3;2
83 Räcknitz/Zschertnitz;StB 8 Plauen;13 Südvorstadt, Zschertnitz;Neubau;2003;2;1
83 Räcknitz/Zschertnitz;StB 8 Plauen;13 Südvorstadt, Zschertnitz;Neubau;2004;2;2
83 Räcknitz/Zschertnitz;StB 8 Plauen;13 Südvorstadt, Zschertnitz;Neubau;2005;4;2
83 Räcknitz/Zschertnitz;StB 8 Plauen;13 Südvorstadt, Zschertnitz;Neubau;2006;8;8
83 Räcknitz/Zschertnitz;StB 8 Plauen;13 Südvorstadt, Zschertnitz;Neubau;2007;7;6
83 Räcknitz/Zschertnitz;StB 8 Plauen;13 Südvorstadt, Zschertnitz;Neubau;2008;8;7
83 Räcknitz/Zschertnitz;StB 8 Plauen;13 Südvorstadt, Zschertnitz;Neubau;2009;2;0
83 Räcknitz/Zschertnitz;StB 8 Plauen;13 Südvorstadt, Zschertnitz;Neubau;2010;4;0
83 Räcknitz/Zschertnitz;StB 8 Plauen;13 Südvorstadt, Zschertnitz;Neubau;2011;1;0
83 Räcknitz/Zschertnitz;StB 8 Plauen;13 Südvorstadt, Zschertnitz;Neubau;2012;1;22
83 Räcknitz/Zschertnitz;StB 8 Plauen;13 Südvorstadt, Zschertnitz;Neubau;2013;2;0
83 Räcknitz/Zschertnitz;StB 8 Plauen;13 Südvorstadt, Zschertnitz;Neubau;2014;1;0
83 Räcknitz/Zschertnitz;StB 8 Plauen;13 Südvorstadt, Zschertnitz;Neubau;2015;1;0
83 Räcknitz/Zschertnitz;StB 8 Plauen;13 Südvorstadt, Zschertnitz;Neubau;2016;1;0
83 Räcknitz/Zschertnitz;StB 8 Plauen;13 Südvorstadt, Zschertnitz;Neubau;2017;5;71
83 Räcknitz/Zschertnitz;StB 8 Plauen;13 Südvorstadt, Zschertnitz;Neubau;2019;1;1
83 Räcknitz/Zschertnitz;StB 8 Plauen;13 Südvorstadt, Zschertnitz;Neubau;2020;1;0
83 Räcknitz/Zschertnitz;StB 8 Plauen;13 Südvorstadt, Zschertnitz;Neubau;2021;4;2
83 Räcknitz/Zschertnitz;StB 8 Plauen;13 Südvorstadt, Zschertnitz;Neubau;2022;11;85
83 Räcknitz/Zschertnitz;StB 8 Plauen;13 Südvorstadt, Zschertnitz;Neubau;2023;6;1
83 Räcknitz/Zschertnitz;StB 8 Plauen;13 Südvorstadt, Zschertnitz;Neubau;2024;1;0
83 Räcknitz/Zschertnitz;StB 8 Plauen;13 Südvorstadt, Zschertnitz;Neubau;2025;1;0
83 Räcknitz/Zschertnitz;StB 8 Plauen;13 Südvorstadt, Zschertnitz;Neubau;unbekannt;10;30
83 Räcknitz/Zschertnitz;StB 8 Plauen;13 Südvorstadt, Zschertnitz;Umbau;1995;2;8
83 Räcknitz/Zschertnitz;StB 8 Plauen;13 Südvorstadt, Zschertnitz;Umbau;1996;1;7
83 Räcknitz/Zschertnitz;StB 8 Plauen;13 Südvorstadt, Zschertnitz;Umbau;1997;2;10
83 Räcknitz/Zschertnitz;StB 8 Plauen;13 Südvorstadt, Zschertnitz;Umbau;1998;3;15
83 Räcknitz/Zschertnitz;StB 8 Plauen;13 Südvorstadt, Zschertnitz;Umbau;1999;6;51
83 Räcknitz/Zschertnitz;StB 8 Plauen;13 Südvorstadt, Zschertnitz;Umbau;2000;5;14
83 Räcknitz/Zschertnitz;StB 8 Plauen;13 Südvorstadt, Zschertnitz;Umbau;2003;5;189
83 Räcknitz/Zschertnitz;StB 8 Plauen;13 Südvorstadt, Zschertnitz;Umbau;2004;15;104
83 Räcknitz/Zschertnitz;StB 8 Plauen;13 Südvorstadt, Zschertnitz;Umbau;2005;2;1
83 Räcknitz/Zschertnitz;StB 8 Plauen;13 Südvorstadt, Zschertnitz;Umbau;2006;3;5
83 Räcknitz/Zschertnitz;StB 8 Plauen;13 Südvorstadt, Zschertnitz;Umbau;2007;6;60
83 Räcknitz/Zschertnitz;StB 8 Plauen;13 Südvorstadt, Zschertnitz;Umbau;2008;3;2
83 Räcknitz/Zschertnitz;StB 8 Plauen;13 Südvorstadt, Zschertnitz;Umbau;2009;7;56
83 Räcknitz/Zschertnitz;StB 8 Plauen;13 Südvorstadt, Zschertnitz;Umbau;2010;5;31
83 Räcknitz/Zschertnitz;StB 8 Plauen;13 Südvorstadt, Zschertnitz;Umbau;2011;14;120
83 Räcknitz/Zschertnitz;StB 8 Plauen;13 Südvorstadt, Zschertnitz;Umbau;2012;8;44
83 Räcknitz/Zschertnitz;StB 8 Plauen;13 Südvorstadt, Zschertnitz;Umbau;2013;4;41
83 Räcknitz/Zschertnitz;StB 8 Plauen;13 Südvorstadt, Zschertnitz;Umbau;2014;11;120
83 Räcknitz/Zschertnitz;StB 8 Plauen;13 Südvorstadt, Zschertnitz;Umbau;2015;6;56
83 Räcknitz/Zschertnitz;StB 8 Plauen;13 Südvorstadt, Zschertnitz;Umbau;2016;12;127
83 Räcknitz/Zschertnitz;StB 8 Plauen;13 Südvorstadt, Zschertnitz;Umbau;2017;15;133
83 Räcknitz/Zschertnitz;StB 8 Plauen;13 Südvorstadt, Zschertnitz;Umbau;2018;12;97
83 Räcknitz/Zschertnitz;StB 8 Plauen;13 Südvorstadt, Zschertnitz;Umbau;2019;7;213
83 Räcknitz/Zschertnitz;StB 8 Plauen;13 Südvorstadt, Zschertnitz;Umbau;2020;9;97
83 Räcknitz/Zschertnitz;StB 8 Plauen;13 Südvorstadt, Zschertnitz;Umbau;2021;2;3
83 Räcknitz/Zschertnitz;StB 8 Plauen;13 Südvorstadt, Zschertnitz;Umbau;2022;16;154
83 Räcknitz/Zschertnitz;StB 8 Plauen;13 Südvorstadt, Zschertnitz;Umbau;2023;9;72
83 Räcknitz/Zschertnitz;StB 8 Plauen;13 Südvorstadt, Zschertnitz;Umbau;2024;10;100
83 Räcknitz/Zschertnitz;StB 8 Plauen;13 Südvorstadt, Zschertnitz;Umbau;2025;1;0
83 Räcknitz/Zschertnitz;StB 8 Plauen;13 Südvorstadt, Zschertnitz;Umbau;unbekannt;11;460
84 Kleinpestitz/Mockritz;StB 8 Plauen;14 Mockritz, Coschütz, Plauen;Neubau;1992;1;16
84 Kleinpestitz/Mockritz;StB 8 Plauen;14 Mockritz, Coschütz, Plauen;Neubau;1993;6;13
84 Kleinpestitz/Mockritz;StB 8 Plauen;14 Mockritz, Coschütz, Plauen;Neubau;1994;17;51
84 Kleinpestitz/Mockritz;StB 8 Plauen;14 Mockritz, Coschütz, Plauen;Neubau;1995;11;30
84 Kleinpestitz/Mockritz;StB 8 Plauen;14 Mockritz, Coschütz, Plauen;Neubau;1996;13;106
84 Kleinpestitz/Mockritz;StB 8 Plauen;14 Mockritz, Coschütz, Plauen;Neubau;1997;38;287
84 Kleinpestitz/Mockritz;StB 8 Plauen;14 Mockritz, Coschütz, Plauen;Neubau;1998;47;104
84 Kleinpestitz/Mockritz;StB 8 Plauen;14 Mockritz, Coschütz, Plauen;Neubau;1999;55;68
84 Kleinpestitz/Mockritz;StB 8 Plauen;14 Mockritz, Coschütz, Plauen;Neubau;2000;8;11
84 Kleinpestitz/Mockritz;StB 8 Plauen;14 Mockritz, Coschütz, Plauen;Neubau;2001;11;12
84 Kleinpestitz/Mockritz;StB 8 Plauen;14 Mockritz, Coschütz, Plauen;Neubau;2002;4;6
84 Kleinpestitz/Mockritz;StB 8 Plauen;14 Mockritz, Coschütz, Plauen;Neubau;2003;6;6
84 Kleinpestitz/Mockritz;StB 8 Plauen;14 Mockritz, Coschütz, Plauen;Neubau;2004;14;14
84 Kleinpestitz/Mockritz;StB 8 Plauen;14 Mockritz, Coschütz, Plauen;Neubau;2005;14;15
84 Kleinpestitz/Mockritz;StB 8 Plauen;14 Mockritz, Coschütz, Plauen;Neubau;2006;25;23
84 Kleinpestitz/Mockritz;StB 8 Plauen;14 Mockritz, Coschütz, Plauen;Neubau;2007;13;13
84 Kleinpestitz/Mockritz;StB 8 Plauen;14 Mockritz, Coschütz, Plauen;Neubau;2008;2;2
84 Kleinpestitz/Mockritz;StB 8 Plauen;14 Mockritz, Coschütz, Plauen;Neubau;2009;5;8
84 Kleinpestitz/Mockritz;StB 8 Plauen;14 Mockritz, Coschütz, Plauen;Neubau;2010;6;6
84 Kleinpestitz/Mockritz;StB 8 Plauen;14 Mockritz, Coschütz, Plauen;Neubau;2011;14;13
84 Kleinpestitz/Mockritz;StB 8 Plauen;14 Mockritz, Coschütz, Plauen;Neubau;2012;9;10
84 Kleinpestitz/Mockritz;StB 8 Plauen;14 Mockritz, Coschütz, Plauen;Neubau;2013;4;53
84 Kleinpestitz/Mockritz;StB 8 Plauen;14 Mockritz, Coschütz, Plauen;Neubau;2014;7;7
84 Kleinpestitz/Mockritz;StB 8 Plauen;14 Mockritz, Coschütz, Plauen;Neubau;2015;7;7
84 Kleinpestitz/Mockritz;StB 8 Plauen;14 Mockritz, Coschütz, Plauen;Neubau;2016;4;26
84 Kleinpestitz/Mockritz;StB 8 Plauen;14 Mockritz, Coschütz, Plauen;Neubau;2017;5;7
84 Kleinpestitz/Mockritz;StB 8 Plauen;14 Mockritz, Coschütz, Plauen;Neubau;2018;6;55
84 Kleinpestitz/Mockritz;StB 8 Plauen;14 Mockritz, Coschütz, Plauen;Neubau;2019;8;47
84 Kleinpestitz/Mockritz;StB 8 Plauen;14 Mockritz, Coschütz, Plauen;Neubau;2020;1;2
84 Kleinpestitz/Mockritz;StB 8 Plauen;14 Mockritz, Coschütz, Plauen;Neubau;2021;1;1
84 Kleinpestitz/Mockritz;StB 8 Plauen;14 Mockritz, Coschütz, Plauen;Neubau;2022;2;3
84 Kleinpestitz/Mockritz;StB 8 Plauen;14 Mockritz, Coschütz, Plauen;Neubau;2023;1;1
84 Kleinpestitz/Mockritz;StB 8 Plauen;14 Mockritz, Coschütz, Plauen;Neubau;2024;1;0
84 Kleinpestitz/Mockritz;StB 8 Plauen;14 Mockritz, Coschütz, Plauen;Neubau;2025;8;51
84 Kleinpestitz/Mockritz;StB 8 Plauen;14 Mockritz, Coschütz, Plauen;Neubau;unbekannt;5;38
84 Kleinpestitz/Mockritz;StB 8 Plauen;14 Mockritz, Coschütz, Plauen;Umbau;1992;1;0
84 Kleinpestitz/Mockritz;StB 8 Plauen;14 Mockritz, Coschütz, Plauen;Umbau;1994;2;5
84 Kleinpestitz/Mockritz;StB 8 Plauen;14 Mockritz, Coschütz, Plauen;Umbau;1995;2;13
84 Kleinpestitz/Mockritz;StB 8 Plauen;14 Mockritz, Coschütz, Plauen;Umbau;1996;2;4
84 Kleinpestitz/Mockritz;StB 8 Plauen;14 Mockritz, Coschütz, Plauen;Umbau;1997;4;15
84 Kleinpestitz/Mockritz;StB 8 Plauen;14 Mockritz, Coschütz, Plauen;Umbau;1998;5;13
84 Kleinpestitz/Mockritz;StB 8 Plauen;14 Mockritz, Coschütz, Plauen;Umbau;1999;6;25
84 Kleinpestitz/Mockritz;StB 8 Plauen;14 Mockritz, Coschütz, Plauen;Umbau;2000;11;89
84 Kleinpestitz/Mockritz;StB 8 Plauen;14 Mockritz, Coschütz, Plauen;Umbau;2001;10;30
84 Kleinpestitz/Mockritz;StB 8 Plauen;14 Mockritz, Coschütz, Plauen;Umbau;2002;10;41
84 Kleinpestitz/Mockritz;StB 8 Plauen;14 Mockritz, Coschütz, Plauen;Umbau;2003;6;21
84 Kleinpestitz/Mockritz;StB 8 Plauen;14 Mockritz, Coschütz, Plauen;Umbau;2004;8;21
84 Kleinpestitz/Mockritz;StB 8 Plauen;14 Mockritz, Coschütz, Plauen;Umbau;2005;3;9
84 Kleinpestitz/Mockritz;StB 8 Plauen;14 Mockritz, Coschütz, Plauen;Umbau;2006;5;15
84 Kleinpestitz/Mockritz;StB 8 Plauen;14 Mockritz, Coschütz, Plauen;Umbau;2007;6;14
84 Kleinpestitz/Mockritz;StB 8 Plauen;14 Mockritz, Coschütz, Plauen;Umbau;2008;6;10
84 Kleinpestitz/Mockritz;StB 8 Plauen;14 Mockritz, Coschütz, Plauen;Umbau;2009;7;53
84 Kleinpestitz/Mockritz;StB 8 Plauen;14 Mockritz, Coschütz, Plauen;Umbau;2010;8;32
84 Kleinpestitz/Mockritz;StB 8 Plauen;14 Mockritz, Coschütz, Plauen;Umbau;2011;9;51
84 Kleinpestitz/Mockritz;StB 8 Plauen;14 Mockritz, Coschütz, Plauen;Umbau;2012;19;36
84 Kleinpestitz/Mockritz;StB 8 Plauen;14 Mockritz, Coschütz, Plauen;Umbau;2013;6;39
84 Kleinpestitz/Mockritz;StB 8 Plauen;14 Mockritz, Coschütz, Plauen;Umbau;2014;3;5
84 Kleinpestitz/Mockritz;StB 8 Plauen;14 Mockritz, Coschütz, Plauen;Umbau;2015;4;3
84 Kleinpestitz/Mockritz;StB 8 Plauen;14 Mockritz, Coschütz, Plauen;Umbau;2016;5;8
84 Kleinpestitz/Mockritz;StB 8 Plauen;14 Mockritz, Coschütz, Plauen;Umbau;2017;4;9
84 Kleinpestitz/Mockritz;StB 8 Plauen;14 Mockritz, Coschütz, Plauen;Umbau;2018;3;5
84 Kleinpestitz/Mockritz;StB 8 Plauen;14 Mockritz, Coschütz, Plauen;Umbau;2019;10;88
84 Kleinpestitz/Mockritz;StB 8 Plauen;14 Mockritz, Coschütz, Plauen;Umbau;2020;17;152
84 Kleinpestitz/Mockritz;StB 8 Plauen;14 Mockritz, Coschütz, Plauen;Umbau;2021;6;17
84 Kleinpestitz/Mockritz;StB 8 Plauen;14 Mockritz, Coschütz, Plauen;Umbau;2022;8;49
84 Kleinpestitz/Mockritz;StB 8 Plauen;14 Mockritz, Coschütz, Plauen;Umbau;2023;5;22
84 Kleinpestitz/Mockritz;StB 8 Plauen;14 Mockritz, Coschütz, Plauen;Umbau;2024;7;21
84 Kleinpestitz/Mockritz;StB 8 Plauen;14 Mockritz, Coschütz, Plauen;Umbau;2025;6;19
84 Kleinpestitz/Mockritz;StB 8 Plauen;14 Mockritz, Coschütz, Plauen;Umbau;unbekannt;10;35
85 Coschütz/Gittersee;StB 8 Plauen;14 Mockritz, Coschütz, Plauen;Neubau;1992;2;2
85 Coschütz/Gittersee;StB 8 Plauen;14 Mockritz, Coschütz, Plauen;Neubau;1993;2;70
85 Coschütz/Gittersee;StB 8 Plauen;14 Mockritz, Coschütz, Plauen;Neubau;1994;9;9
85 Coschütz/Gittersee;StB 8 Plauen;14 Mockritz, Coschütz, Plauen;Neubau;1995;28;139
85 Coschütz/Gittersee;StB 8 Plauen;14 Mockritz, Coschütz, Plauen;Neubau;1996;19;142
85 Coschütz/Gittersee;StB 8 Plauen;14 Mockritz, Coschütz, Plauen;Neubau;1997;41;57
85 Coschütz/Gittersee;StB 8 Plauen;14 Mockritz, Coschütz, Plauen;Neubau;1998;16;19
85 Coschütz/Gittersee;StB 8 Plauen;14 Mockritz, Coschütz, Plauen;Neubau;1999;42;53
85 Coschütz/Gittersee;StB 8 Plauen;14 Mockritz, Coschütz, Plauen;Neubau;2000;21;23
85 Coschütz/Gittersee;StB 8 Plauen;14 Mockritz, Coschütz, Plauen;Neubau;2001;22;13
85 Coschütz/Gittersee;StB 8 Plauen;14 Mockritz, Coschütz, Plauen;Neubau;2002;17;18
85 Coschütz/Gittersee;StB 8 Plauen;14 Mockritz, Coschütz, Plauen;Neubau;2003;7;8
85 Coschütz/Gittersee;StB 8 Plauen;14 Mockritz, Coschütz, Plauen;Neubau;2004;20;19
85 Coschütz/Gittersee;StB 8 Plauen;14 Mockritz, Coschütz, Plauen;Neubau;2005;15;14
85 Coschütz/Gittersee;StB 8 Plauen;14 Mockritz, Coschütz, Plauen;Neubau;2006;12;9
85 Coschütz/Gittersee;StB 8 Plauen;14 Mockritz, Coschütz, Plauen;Neubau;2007;9;7
85 Coschütz/Gittersee;StB 8 Plauen;14 Mockritz, Coschütz, Plauen;Neubau;2008;10;12
85 Coschütz/Gittersee;StB 8 Plauen;14 Mockritz, Coschütz, Plauen;Neubau;2009;8;8
85 Coschütz/Gittersee;StB 8 Plauen;14 Mockritz, Coschütz, Plauen;Neubau;2010;8;4
85 Coschütz/Gittersee;StB 8 Plauen;14 Mockritz, Coschütz, Plauen;Neubau;2011;10;5
85 Coschütz/Gittersee;StB 8 Plauen;14 Mockritz, Coschütz, Plauen;Neubau;2012;10;8
85 Coschütz/Gittersee;StB 8 Plauen;14 Mockritz, Coschütz, Plauen;Neubau;2013;10;7
85 Coschütz/Gittersee;StB 8 Plauen;14 Mockritz, Coschütz, Plauen;Neubau;2014;12;16
85 Coschütz/Gittersee;StB 8 Plauen;14 Mockritz, Coschütz, Plauen;Neubau;2015;6;5
85 Coschütz/Gittersee;StB 8 Plauen;14 Mockritz, Coschütz, Plauen;Neubau;2016;4;1
85 Coschütz/Gittersee;StB 8 Plauen;14 Mockritz, Coschütz, Plauen;Neubau;2017;5;1
85 Coschütz/Gittersee;StB 8 Plauen;14 Mockritz, Coschütz, Plauen;Neubau;2018;4;2
85 Coschütz/Gittersee;StB 8 Plauen;14 Mockritz, Coschütz, Plauen;Neubau;2019;8;5
85 Coschütz/Gittersee;StB 8 Plauen;14 Mockritz, Coschütz, Plauen;Neubau;2020;7;7
85 Coschütz/Gittersee;StB 8 Plauen;14 Mockritz, Coschütz, Plauen;Neubau;2021;6;9
85 Coschütz/Gittersee;StB 8 Plauen;14 Mockritz, Coschütz, Plauen;Neubau;2022;7;6
85 Coschütz/Gittersee;StB 8 Plauen;14 Mockritz, Coschütz, Plauen;Neubau;2023;4;2
85 Coschütz/Gittersee;StB 8 Plauen;14 Mockritz, Coschütz, Plauen;Neubau;2024;2;0
85 Coschütz/Gittersee;StB 8 Plauen;14 Mockritz, Coschütz, Plauen;Neubau;2025;12;10
85 Coschütz/Gittersee;StB 8 Plauen;14 Mockritz, Coschütz, Plauen;Neubau;unbekannt;84;95
85 Coschütz/Gittersee;StB 8 Plauen;14 Mockritz, Coschütz, Plauen;Umbau;1993;1;0
85 Coschütz/Gittersee;StB 8 Plauen;14 Mockritz, Coschütz, Plauen;Umbau;1994;3;4
85 Coschütz/Gittersee;StB 8 Plauen;14 Mockritz, Coschütz, Plauen;Umbau;1995;1;7
85 Coschütz/Gittersee;StB 8 Plauen;14 Mockritz, Coschütz, Plauen;Umbau;1996;4;4
85 Coschütz/Gittersee;StB 8 Plauen;14 Mockritz, Coschütz, Plauen;Umbau;1997;3;19
85 Coschütz/Gittersee;StB 8 Plauen;14 Mockritz, Coschütz, Plauen;Umbau;1998;15;123
85 Coschütz/Gittersee;StB 8 Plauen;14 Mockritz, Coschütz, Plauen;Umbau;1999;24;145
85 Coschütz/Gittersee;StB 8 Plauen;14 Mockritz, Coschütz, Plauen;Umbau;2000;19;71
85 Coschütz/Gittersee;StB 8 Plauen;14 Mockritz, Coschütz, Plauen;Umbau;2001;13;39
85 Coschütz/Gittersee;StB 8 Plauen;14 Mockritz, Coschütz, Plauen;Umbau;2002;5;13
85 Coschütz/Gittersee;StB 8 Plauen;14 Mockritz, Coschütz, Plauen;Umbau;2003;5;25
85 Coschütz/Gittersee;StB 8 Plauen;14 Mockritz, Coschütz, Plauen;Umbau;2004;3;7
85 Coschütz/Gittersee;StB 8 Plauen;14 Mockritz, Coschütz, Plauen;Umbau;2005;8;27
85 Coschütz/Gittersee;StB 8 Plauen;14 Mockritz, Coschütz, Plauen;Umbau;2006;6;19
85 Coschütz/Gittersee;StB 8 Plauen;14 Mockritz, Coschütz, Plauen;Umbau;2007;10;42
85 Coschütz/Gittersee;StB 8 Plauen;14 Mockritz, Coschütz, Plauen;Umbau;2008;8;19
85 Coschütz/Gittersee;StB 8 Plauen;14 Mockritz, Coschütz, Plauen;Umbau;2009;14;50
85 Coschütz/Gittersee;StB 8 Plauen;14 Mockritz, Coschütz, Plauen;Umbau;2010;9;24
85 Coschütz/Gittersee;StB 8 Plauen;14 Mockritz, Coschütz, Plauen;Umbau;2011;4;9
85 Coschütz/Gittersee;StB 8 Plauen;14 Mockritz, Coschütz, Plauen;Umbau;2012;11;24
85 Coschütz/Gittersee;StB 8 Plauen;14 Mockritz, Coschütz, Plauen;Umbau;2013;7;19
85 Coschütz/Gittersee;StB 8 Plauen;14 Mockritz, Coschütz, Plauen;Umbau;2014;12;25
85 Coschütz/Gittersee;StB 8 Plauen;14 Mockritz, Coschütz, Plauen;Umbau;2015;15;55
85 Coschütz/Gittersee;StB 8 Plauen;14 Mockritz, Coschütz, Plauen;Umbau;2016;10;34
85 Coschütz/Gittersee;StB 8 Plauen;14 Mockritz, Coschütz, Plauen;Umbau;2017;10;16
85 Coschütz/Gittersee;StB 8 Plauen;14 Mockritz, Coschütz, Plauen;Umbau;2018;11;45
85 Coschütz/Gittersee;StB 8 Plauen;14 Mockritz, Coschütz, Plauen;Umbau;2019;8;23
85 Coschütz/Gittersee;StB 8 Plauen;14 Mockritz, Coschütz, Plauen;Umbau;2020;10;43
85 Coschütz/Gittersee;StB 8 Plauen;14 Mockritz, Coschütz, Plauen;Umbau;2021;2;68
85 Coschütz/Gittersee;StB 8 Plauen;14 Mockritz, Coschütz, Plauen;Umbau;2022;7;15
85 Coschütz/Gittersee;StB 8 Plauen;14 Mockritz, Coschütz, Plauen;Umbau;2023;8;23
85 Coschütz/Gittersee;StB 8 Plauen;14 Mockritz, Coschütz, Plauen;Umbau;2024;8;11
85 Coschütz/Gittersee;StB 8 Plauen;14 Mockritz, Coschütz, Plauen;Umbau;2025;7;8
85 Coschütz/Gittersee;StB 8 Plauen;14 Mockritz, Coschütz, Plauen;Umbau;2026;1;3
85 Coschütz/Gittersee;StB 8 Plauen;14 Mockritz, Coschütz, Plauen;Umbau;unbekannt;24;95
86 Plauen;StB 8 Plauen;14 Mockritz, Coschütz, Plauen;Neubau;1993;1;2
86 Plauen;StB 8 Plauen;14 Mockritz, Coschütz, Plauen;Neubau;1994;3;41
86 Plauen;StB 8 Plauen;14 Mockritz, Coschütz, Plauen;Neubau;1995;15;89
86 Plauen;StB 8 Plauen;14 Mockritz, Coschütz, Plauen;Neubau;1996;21;282
86 Plauen;StB 8 Plauen;14 Mockritz, Coschütz, Plauen;Neubau;1997;28;239
86 Plauen;StB 8 Plauen;14 Mockritz, Coschütz, Plauen;Neubau;1998;9;99
86 Plauen;StB 8 Plauen;14 Mockritz, Coschütz, Plauen;Neubau;1999;11;58
86 Plauen;StB 8 Plauen;14 Mockritz, Coschütz, Plauen;Neubau;2000;4;21
86 Plauen;StB 8 Plauen;14 Mockritz, Coschütz, Plauen;Neubau;2001;9;23
86 Plauen;StB 8 Plauen;14 Mockritz, Coschütz, Plauen;Neubau;2002;5;18
86 Plauen;StB 8 Plauen;14 Mockritz, Coschütz, Plauen;Neubau;2003;4;9
86 Plauen;StB 8 Plauen;14 Mockritz, Coschütz, Plauen;Neubau;2004;12;28
86 Plauen;StB 8 Plauen;14 Mockritz, Coschütz, Plauen;Neubau;2005;11;12
86 Plauen;StB 8 Plauen;14 Mockritz, Coschütz, Plauen;Neubau;2006;12;115
86 Plauen;StB 8 Plauen;14 Mockritz, Coschütz, Plauen;Neubau;2007;3;8
86 Plauen;StB 8 Plauen;14 Mockritz, Coschütz, Plauen;Neubau;2008;1;3
86 Plauen;StB 8 Plauen;14 Mockritz, Coschütz, Plauen;Neubau;2009;5;21
86 Plauen;StB 8 Plauen;14 Mockritz, Coschütz, Plauen;Neubau;2010;8;8
86 Plauen;StB 8 Plauen;14 Mockritz, Coschütz, Plauen;Neubau;2011;6;6
86 Plauen;StB 8 Plauen;14 Mockritz, Coschütz, Plauen;Neubau;2012;9;11
86 Plauen;StB 8 Plauen;14 Mockritz, Coschütz, Plauen;Neubau;2013;6;4
86 Plauen;StB 8 Plauen;14 Mockritz, Coschütz, Plauen;Neubau;2014;2;8
86 Plauen;StB 8 Plauen;14 Mockritz, Coschütz, Plauen;Neubau;2015;4;9
86 Plauen;StB 8 Plauen;14 Mockritz, Coschütz, Plauen;Neubau;2016;8;45
86 Plauen;StB 8 Plauen;14 Mockritz, Coschütz, Plauen;Neubau;2017;5;16
86 Plauen;StB 8 Plauen;14 Mockritz, Coschütz, Plauen;Neubau;2018;4;10
86 Plauen;StB 8 Plauen;14 Mockritz, Coschütz, Plauen;Neubau;2019;4;23
86 Plauen;StB 8 Plauen;14 Mockritz, Coschütz, Plauen;Neubau;2020;5;18
86 Plauen;StB 8 Plauen;14 Mockritz, Coschütz, Plauen;Neubau;2021;3;11
86 Plauen;StB 8 Plauen;14 Mockritz, Coschütz, Plauen;Neubau;2022;1;10
86 Plauen;StB 8 Plauen;14 Mockritz, Coschütz, Plauen;Neubau;2023;2;13
86 Plauen;StB 8 Plauen;14 Mockritz, Coschütz, Plauen;Neubau;2024;2;1
86 Plauen;StB 8 Plauen;14 Mockritz, Coschütz, Plauen;Neubau;2025;3;1
86 Plauen;StB 8 Plauen;14 Mockritz, Coschütz, Plauen;Neubau;unbekannt;8;16
86 Plauen;StB 8 Plauen;14 Mockritz, Coschütz, Plauen;Umbau;1993;2;6
86 Plauen;StB 8 Plauen;14 Mockritz, Coschütz, Plauen;Umbau;1994;7;33
86 Plauen;StB 8 Plauen;14 Mockritz, Coschütz, Plauen;Umbau;1995;4;15
86 Plauen;StB 8 Plauen;14 Mockritz, Coschütz, Plauen;Umbau;1996;7;24
86 Plauen;StB 8 Plauen;14 Mockritz, Coschütz, Plauen;Umbau;1997;21;150
86 Plauen;StB 8 Plauen;14 Mockritz, Coschütz, Plauen;Umbau;1998;21;128
86 Plauen;StB 8 Plauen;14 Mockritz, Coschütz, Plauen;Umbau;1999;33;247
86 Plauen;StB 8 Plauen;14 Mockritz, Coschütz, Plauen;Umbau;2000;63;640
86 Plauen;StB 8 Plauen;14 Mockritz, Coschütz, Plauen;Umbau;2001;14;100
86 Plauen;StB 8 Plauen;14 Mockritz, Coschütz, Plauen;Umbau;2002;20;131
86 Plauen;StB 8 Plauen;14 Mockritz, Coschütz, Plauen;Umbau;2003;17;95
86 Plauen;StB 8 Plauen;14 Mockritz, Coschütz, Plauen;Umbau;2004;15;75
86 Plauen;StB 8 Plauen;14 Mockritz, Coschütz, Plauen;Umbau;2005;10;34
86 Plauen;StB 8 Plauen;14 Mockritz, Coschütz, Plauen;Umbau;2006;6;28
86 Plauen;StB 8 Plauen;14 Mockritz, Coschütz, Plauen;Umbau;2007;16;93
86 Plauen;StB 8 Plauen;14 Mockritz, Coschütz, Plauen;Umbau;2008;19;128
86 Plauen;StB 8 Plauen;14 Mockritz, Coschütz, Plauen;Umbau;2009;8;62
86 Plauen;StB 8 Plauen;14 Mockritz, Coschütz, Plauen;Umbau;2010;11;63
86 Plauen;StB 8 Plauen;14 Mockritz, Coschütz, Plauen;Umbau;2011;5;23
86 Plauen;StB 8 Plauen;14 Mockritz, Coschütz, Plauen;Umbau;2012;4;16
86 Plauen;StB 8 Plauen;14 Mockritz, Coschütz, Plauen;Umbau;2013;7;10
86 Plauen;StB 8 Plauen;14 Mockritz, Coschütz, Plauen;Umbau;2014;10;82
86 Plauen;StB 8 Plauen;14 Mockritz, Coschütz, Plauen;Umbau;2015;9;93
86 Plauen;StB 8 Plauen;14 Mockritz, Coschütz, Plauen;Umbau;2016;12;58
86 Plauen;StB 8 Plauen;14 Mockritz, Coschütz, Plauen;Umbau;2017;10;61
86 Plauen;StB 8 Plauen;14 Mockritz, Coschütz, Plauen;Umbau;2018;17;91
86 Plauen;StB 8 Plauen;14 Mockritz, Coschütz, Plauen;Umbau;2019;8;76
86 Plauen;StB 8 Plauen;14 Mockritz, Coschütz, Plauen;Umbau;2020;4;11
86 Plauen;StB 8 Plauen;14 Mockritz, Coschütz, Plauen;Umbau;2021;9;22
86 Plauen;StB 8 Plauen;14 Mockritz, Coschütz, Plauen;Umbau;2022;7;31
86 Plauen;StB 8 Plauen;14 Mockritz, Coschütz, Plauen;Umbau;2023;4;34
86 Plauen;StB 8 Plauen;14 Mockritz, Coschütz, Plauen;Umbau;2024;4;19
86 Plauen;StB 8 Plauen;14 Mockritz, Coschütz, Plauen;Umbau;2025;1;6
86 Plauen;StB 8 Plauen;14 Mockritz, Coschütz, Plauen;Umbau;unbekannt;10;37
90 Cossebaude/Mobschatz/Oberw.;StB 9 Cotta/westliche Ortschaften;17 Briesnitz und westliche OS;Neubau;1998;19;33
90 Cossebaude/Mobschatz/Oberw.;StB 9 Cotta/westliche Ortschaften;17 Briesnitz und westliche OS;Neubau;1999;16;19
90 Cossebaude/Mobschatz/Oberw.;StB 9 Cotta/westliche Ortschaften;17 Briesnitz und westliche OS;Neubau;2000;20;19
90 Cossebaude/Mobschatz/Oberw.;StB 9 Cotta/westliche Ortschaften;17 Briesnitz und westliche OS;Neubau;2001;36;70
90 Cossebaude/Mobschatz/Oberw.;StB 9 Cotta/westliche Ortschaften;17 Briesnitz und westliche OS;Neubau;2002;29;63
90 Cossebaude/Mobschatz/Oberw.;StB 9 Cotta/westliche Ortschaften;17 Briesnitz und westliche OS;Neubau;2003;12;13
90 Cossebaude/Mobschatz/Oberw.;StB 9 Cotta/westliche Ortschaften;17 Briesnitz und westliche OS;Neubau;2004;19;18
90 Cossebaude/Mobschatz/Oberw.;StB 9 Cotta/westliche Ortschaften;17 Briesnitz und westliche OS;Neubau;2005;24;23
90 Cossebaude/Mobschatz/Oberw.;StB 9 Cotta/westliche Ortschaften;17 Briesnitz und westliche OS;Neubau;2006;14;13
90 Cossebaude/Mobschatz/Oberw.;StB 9 Cotta/westliche Ortschaften;17 Briesnitz und westliche OS;Neubau;2007;15;16
90 Cossebaude/Mobschatz/Oberw.;StB 9 Cotta/westliche Ortschaften;17 Briesnitz und westliche OS;Neubau;2008;10;9
90 Cossebaude/Mobschatz/Oberw.;StB 9 Cotta/westliche Ortschaften;17 Briesnitz und westliche OS;Neubau;2009;16;14
90 Cossebaude/Mobschatz/Oberw.;StB 9 Cotta/westliche Ortschaften;17 Briesnitz und westliche OS;Neubau;2010;13;12
90 Cossebaude/Mobschatz/Oberw.;StB 9 Cotta/westliche Ortschaften;17 Briesnitz und westliche OS;Neubau;2011;17;15
90 Cossebaude/Mobschatz/Oberw.;StB 9 Cotta/westliche Ortschaften;17 Briesnitz und westliche OS;Neubau;2012;14;13
90 Cossebaude/Mobschatz/Oberw.;StB 9 Cotta/westliche Ortschaften;17 Briesnitz und westliche OS;Neubau;2013;15;14
90 Cossebaude/Mobschatz/Oberw.;StB 9 Cotta/westliche Ortschaften;17 Briesnitz und westliche OS;Neubau;2014;12;14
90 Cossebaude/Mobschatz/Oberw.;StB 9 Cotta/westliche Ortschaften;17 Briesnitz und westliche OS;Neubau;2015;12;12
90 Cossebaude/Mobschatz/Oberw.;StB 9 Cotta/westliche Ortschaften;17 Briesnitz und westliche OS;Neubau;2016;19;19
90 Cossebaude/Mobschatz/Oberw.;StB 9 Cotta/westliche Ortschaften;17 Briesnitz und westliche OS;Neubau;2017;35;35
90 Cossebaude/Mobschatz/Oberw.;StB 9 Cotta/westliche Ortschaften;17 Briesnitz und westliche OS;Neubau;2018;17;31
90 Cossebaude/Mobschatz/Oberw.;StB 9 Cotta/westliche Ortschaften;17 Briesnitz und westliche OS;Neubau;2019;26;32
90 Cossebaude/Mobschatz/Oberw.;StB 9 Cotta/westliche Ortschaften;17 Briesnitz und westliche OS;Neubau;2020;20;23
90 Cossebaude/Mobschatz/Oberw.;StB 9 Cotta/westliche Ortschaften;17 Briesnitz und westliche OS;Neubau;2021;3;3
90 Cossebaude/Mobschatz/Oberw.;StB 9 Cotta/westliche Ortschaften;17 Briesnitz und westliche OS;Neubau;2022;9;6
90 Cossebaude/Mobschatz/Oberw.;StB 9 Cotta/westliche Ortschaften;17 Briesnitz und westliche OS;Neubau;2023;17;16
90 Cossebaude/Mobschatz/Oberw.;StB 9 Cotta/westliche Ortschaften;17 Briesnitz und westliche OS;Neubau;2024;9;9
90 Cossebaude/Mobschatz/Oberw.;StB 9 Cotta/westliche Ortschaften;17 Briesnitz und westliche OS;Neubau;2025;8;9
90 Cossebaude/Mobschatz/Oberw.;StB 9 Cotta/westliche Ortschaften;17 Briesnitz und westliche OS;Neubau;2026;6;6
90 Cossebaude/Mobschatz/Oberw.;StB 9 Cotta/westliche Ortschaften;17 Briesnitz und westliche OS;Neubau;unbekannt;29;29
90 Cossebaude/Mobschatz/Oberw.;StB 9 Cotta/westliche Ortschaften;17 Briesnitz und westliche OS;Umbau;1998;2;11
90 Cossebaude/Mobschatz/Oberw.;StB 9 Cotta/westliche Ortschaften;17 Briesnitz und westliche OS;Umbau;1999;8;13
90 Cossebaude/Mobschatz/Oberw.;StB 9 Cotta/westliche Ortschaften;17 Briesnitz und westliche OS;Umbau;2000;6;13
90 Cossebaude/Mobschatz/Oberw.;StB 9 Cotta/westliche Ortschaften;17 Briesnitz und westliche OS;Umbau;2001;8;14
90 Cossebaude/Mobschatz/Oberw.;StB 9 Cotta/westliche Ortschaften;17 Briesnitz und westliche OS;Umbau;2002;5;7
90 Cossebaude/Mobschatz/Oberw.;StB 9 Cotta/westliche Ortschaften;17 Briesnitz und westliche OS;Umbau;2003;10;33
90 Cossebaude/Mobschatz/Oberw.;StB 9 Cotta/westliche Ortschaften;17 Briesnitz und westliche OS;Umbau;2004;7;12
90 Cossebaude/Mobschatz/Oberw.;StB 9 Cotta/westliche Ortschaften;17 Briesnitz und westliche OS;Umbau;2005;15;16
90 Cossebaude/Mobschatz/Oberw.;StB 9 Cotta/westliche Ortschaften;17 Briesnitz und westliche OS;Umbau;2006;29;184
90 Cossebaude/Mobschatz/Oberw.;StB 9 Cotta/westliche Ortschaften;17 Briesnitz und westliche OS;Umbau;2007;13;16
90 Cossebaude/Mobschatz/Oberw.;StB 9 Cotta/westliche Ortschaften;17 Briesnitz und westliche OS;Umbau;2008;13;47
90 Cossebaude/Mobschatz/Oberw.;StB 9 Cotta/westliche Ortschaften;17 Briesnitz und westliche OS;Umbau;2009;8;35
90 Cossebaude/Mobschatz/Oberw.;StB 9 Cotta/westliche Ortschaften;17 Briesnitz und westliche OS;Umbau;2010;11;43
90 Cossebaude/Mobschatz/Oberw.;StB 9 Cotta/westliche Ortschaften;17 Briesnitz und westliche OS;Umbau;2011;15;67
90 Cossebaude/Mobschatz/Oberw.;StB 9 Cotta/westliche Ortschaften;17 Briesnitz und westliche OS;Umbau;2012;14;38
90 Cossebaude/Mobschatz/Oberw.;StB 9 Cotta/westliche Ortschaften;17 Briesnitz und westliche OS;Umbau;2013;8;32
90 Cossebaude/Mobschatz/Oberw.;StB 9 Cotta/westliche Ortschaften;17 Briesnitz und westliche OS;Umbau;2014;12;19
90 Cossebaude/Mobschatz/Oberw.;StB 9 Cotta/westliche Ortschaften;17 Briesnitz und westliche OS;Umbau;2015;11;17
90 Cossebaude/Mobschatz/Oberw.;StB 9 Cotta/westliche Ortschaften;17 Briesnitz und westliche OS;Umbau;2016;15;20
90 Cossebaude/Mobschatz/Oberw.;StB 9 Cotta/westliche Ortschaften;17 Briesnitz und westliche OS;Umbau;2017;8;17
90 Cossebaude/Mobschatz/Oberw.;StB 9 Cotta/westliche Ortschaften;17 Briesnitz und westliche OS;Umbau;2018;9;26
90 Cossebaude/Mobschatz/Oberw.;StB 9 Cotta/westliche Ortschaften;17 Briesnitz und westliche OS;Umbau;2019;12;36
90 Cossebaude/Mobschatz/Oberw.;StB 9 Cotta/westliche Ortschaften;17 Briesnitz und westliche OS;Umbau;2020;6;9
90 Cossebaude/Mobschatz/Oberw.;StB 9 Cotta/westliche Ortschaften;17 Briesnitz und westliche OS;Umbau;2021;15;61
90 Cossebaude/Mobschatz/Oberw.;StB 9 Cotta/westliche Ortschaften;17 Briesnitz und westliche OS;Umbau;2022;14;32
90 Cossebaude/Mobschatz/Oberw.;StB 9 Cotta/westliche Ortschaften;17 Briesnitz und westliche OS;Umbau;2023;15;24
90 Cossebaude/Mobschatz/Oberw.;StB 9 Cotta/westliche Ortschaften;17 Briesnitz und westliche OS;Umbau;2024;11;14
90 Cossebaude/Mobschatz/Oberw.;StB 9 Cotta/westliche Ortschaften;17 Briesnitz und westliche OS;Umbau;2025;13;19
90 Cossebaude/Mobschatz/Oberw.;StB 9 Cotta/westliche Ortschaften;17 Briesnitz und westliche OS;Umbau;2026;2;4
90 Cossebaude/Mobschatz/Oberw.;StB 9 Cotta/westliche Ortschaften;17 Briesnitz und westliche OS;Umbau;unbekannt;33;81
91 Cotta;StB 9 Cotta/westliche Ortschaften;15 Cotta, Löbtau, Naußlitz, Dölzschen;Neubau;1992;1;0
91 Cotta;StB 9 Cotta/westliche Ortschaften;15 Cotta, Löbtau, Naußlitz, Dölzschen;Neubau;1993;1;9
91 Cotta;StB 9 Cotta/westliche Ortschaften;15 Cotta, Löbtau, Naußlitz, Dölzschen;Neubau;1994;6;30
91 Cotta;StB 9 Cotta/westliche Ortschaften;15 Cotta, Löbtau, Naußlitz, Dölzschen;Neubau;1995;12;192
91 Cotta;StB 9 Cotta/westliche Ortschaften;15 Cotta, Löbtau, Naußlitz, Dölzschen;Neubau;1996;15;189
91 Cotta;StB 9 Cotta/westliche Ortschaften;15 Cotta, Löbtau, Naußlitz, Dölzschen;Neubau;1997;19;230
91 Cotta;StB 9 Cotta/westliche Ortschaften;15 Cotta, Löbtau, Naußlitz, Dölzschen;Neubau;1998;3;24
91 Cotta;StB 9 Cotta/westliche Ortschaften;15 Cotta, Löbtau, Naußlitz, Dölzschen;Neubau;1999;6;73
91 Cotta;StB 9 Cotta/westliche Ortschaften;15 Cotta, Löbtau, Naußlitz, Dölzschen;Neubau;2000;13;27
91 Cotta;StB 9 Cotta/westliche Ortschaften;15 Cotta, Löbtau, Naußlitz, Dölzschen;Neubau;2001;26;26
91 Cotta;StB 9 Cotta/westliche Ortschaften;15 Cotta, Löbtau, Naußlitz, Dölzschen;Neubau;2002;26;25
91 Cotta;StB 9 Cotta/westliche Ortschaften;15 Cotta, Löbtau, Naußlitz, Dölzschen;Neubau;2003;1;0
91 Cotta;StB 9 Cotta/westliche Ortschaften;15 Cotta, Löbtau, Naußlitz, Dölzschen;Neubau;2004;6;14
91 Cotta;StB 9 Cotta/westliche Ortschaften;15 Cotta, Löbtau, Naußlitz, Dölzschen;Neubau;2005;21;20
91 Cotta;StB 9 Cotta/westliche Ortschaften;15 Cotta, Löbtau, Naußlitz, Dölzschen;Neubau;2006;15;13
91 Cotta;StB 9 Cotta/westliche Ortschaften;15 Cotta, Löbtau, Naußlitz, Dölzschen;Neubau;2007;20;20
91 Cotta;StB 9 Cotta/westliche Ortschaften;15 Cotta, Löbtau, Naußlitz, Dölzschen;Neubau;2008;1;1
91 Cotta;StB 9 Cotta/westliche Ortschaften;15 Cotta, Löbtau, Naußlitz, Dölzschen;Neubau;2009;1;1
91 Cotta;StB 9 Cotta/westliche Ortschaften;15 Cotta, Löbtau, Naußlitz, Dölzschen;Neubau;2010;5;7
91 Cotta;StB 9 Cotta/westliche Ortschaften;15 Cotta, Löbtau, Naußlitz, Dölzschen;Neubau;2011;3;1
91 Cotta;StB 9 Cotta/westliche Ortschaften;15 Cotta, Löbtau, Naußlitz, Dölzschen;Neubau;2012;11;31
91 Cotta;StB 9 Cotta/westliche Ortschaften;15 Cotta, Löbtau, Naußlitz, Dölzschen;Neubau;2013;3;2
91 Cotta;StB 9 Cotta/westliche Ortschaften;15 Cotta, Löbtau, Naußlitz, Dölzschen;Neubau;2014;8;14
91 Cotta;StB 9 Cotta/westliche Ortschaften;15 Cotta, Löbtau, Naußlitz, Dölzschen;Neubau;2015;5;15
91 Cotta;StB 9 Cotta/westliche Ortschaften;15 Cotta, Löbtau, Naußlitz, Dölzschen;Neubau;2016;21;48
91 Cotta;StB 9 Cotta/westliche Ortschaften;15 Cotta, Löbtau, Naußlitz, Dölzschen;Neubau;2017;11;38
91 Cotta;StB 9 Cotta/westliche Ortschaften;15 Cotta, Löbtau, Naußlitz, Dölzschen;Neubau;2018;3;17
91 Cotta;StB 9 Cotta/westliche Ortschaften;15 Cotta, Löbtau, Naußlitz, Dölzschen;Neubau;2019;6;29
91 Cotta;StB 9 Cotta/westliche Ortschaften;15 Cotta, Löbtau, Naußlitz, Dölzschen;Neubau;2020;6;5
91 Cotta;StB 9 Cotta/westliche Ortschaften;15 Cotta, Löbtau, Naußlitz, Dölzschen;Neubau;2021;5;25
91 Cotta;StB 9 Cotta/westliche Ortschaften;15 Cotta, Löbtau, Naußlitz, Dölzschen;Neubau;2022;5;21
91 Cotta;StB 9 Cotta/westliche Ortschaften;15 Cotta, Löbtau, Naußlitz, Dölzschen;Neubau;2023;3;25
91 Cotta;StB 9 Cotta/westliche Ortschaften;15 Cotta, Löbtau, Naußlitz, Dölzschen;Neubau;2024;1;0
91 Cotta;StB 9 Cotta/westliche Ortschaften;15 Cotta, Löbtau, Naußlitz, Dölzschen;Neubau;2025;3;4
91 Cotta;StB 9 Cotta/westliche Ortschaften;15 Cotta, Löbtau, Naußlitz, Dölzschen;Neubau;unbekannt;31;166
91 Cotta;StB 9 Cotta/westliche Ortschaften;15 Cotta, Löbtau, Naußlitz, Dölzschen;Umbau;1992;1;5
91 Cotta;StB 9 Cotta/westliche Ortschaften;15 Cotta, Löbtau, Naußlitz, Dölzschen;Umbau;1993;3;10
91 Cotta;StB 9 Cotta/westliche Ortschaften;15 Cotta, Löbtau, Naußlitz, Dölzschen;Umbau;1994;3;13
91 Cotta;StB 9 Cotta/westliche Ortschaften;15 Cotta, Löbtau, Naußlitz, Dölzschen;Umbau;1995;3;10
91 Cotta;StB 9 Cotta/westliche Ortschaften;15 Cotta, Löbtau, Naußlitz, Dölzschen;Umbau;1996;7;79
91 Cotta;StB 9 Cotta/westliche Ortschaften;15 Cotta, Löbtau, Naußlitz, Dölzschen;Umbau;1997;26;235
91 Cotta;StB 9 Cotta/westliche Ortschaften;15 Cotta, Löbtau, Naußlitz, Dölzschen;Umbau;1998;37;309
91 Cotta;StB 9 Cotta/westliche Ortschaften;15 Cotta, Löbtau, Naußlitz, Dölzschen;Umbau;1999;32;279
91 Cotta;StB 9 Cotta/westliche Ortschaften;15 Cotta, Löbtau, Naußlitz, Dölzschen;Umbau;2000;44;343
91 Cotta;StB 9 Cotta/westliche Ortschaften;15 Cotta, Löbtau, Naußlitz, Dölzschen;Umbau;2001;18;122
91 Cotta;StB 9 Cotta/westliche Ortschaften;15 Cotta, Löbtau, Naußlitz, Dölzschen;Umbau;2002;24;149
91 Cotta;StB 9 Cotta/westliche Ortschaften;15 Cotta, Löbtau, Naußlitz, Dölzschen;Umbau;2003;19;139
91 Cotta;StB 9 Cotta/westliche Ortschaften;15 Cotta, Löbtau, Naußlitz, Dölzschen;Umbau;2004;21;152
91 Cotta;StB 9 Cotta/westliche Ortschaften;15 Cotta, Löbtau, Naußlitz, Dölzschen;Umbau;2005;9;37
91 Cotta;StB 9 Cotta/westliche Ortschaften;15 Cotta, Löbtau, Naußlitz, Dölzschen;Umbau;2006;6;49
91 Cotta;StB 9 Cotta/westliche Ortschaften;15 Cotta, Löbtau, Naußlitz, Dölzschen;Umbau;2007;11;109
91 Cotta;StB 9 Cotta/westliche Ortschaften;15 Cotta, Löbtau, Naußlitz, Dölzschen;Umbau;2008;27;196
91 Cotta;StB 9 Cotta/westliche Ortschaften;15 Cotta, Löbtau, Naußlitz, Dölzschen;Umbau;2009;9;67
91 Cotta;StB 9 Cotta/westliche Ortschaften;15 Cotta, Löbtau, Naußlitz, Dölzschen;Umbau;2010;11;98
91 Cotta;StB 9 Cotta/westliche Ortschaften;15 Cotta, Löbtau, Naußlitz, Dölzschen;Umbau;2011;14;66
91 Cotta;StB 9 Cotta/westliche Ortschaften;15 Cotta, Löbtau, Naußlitz, Dölzschen;Umbau;2012;16;127
91 Cotta;StB 9 Cotta/westliche Ortschaften;15 Cotta, Löbtau, Naußlitz, Dölzschen;Umbau;2013;5;38
91 Cotta;StB 9 Cotta/westliche Ortschaften;15 Cotta, Löbtau, Naußlitz, Dölzschen;Umbau;2014;10;54
91 Cotta;StB 9 Cotta/westliche Ortschaften;15 Cotta, Löbtau, Naußlitz, Dölzschen;Umbau;2015;13;113
91 Cotta;StB 9 Cotta/westliche Ortschaften;15 Cotta, Löbtau, Naußlitz, Dölzschen;Umbau;2016;5;42
91 Cotta;StB 9 Cotta/westliche Ortschaften;15 Cotta, Löbtau, Naußlitz, Dölzschen;Umbau;2017;12;53
91 Cotta;StB 9 Cotta/westliche Ortschaften;15 Cotta, Löbtau, Naußlitz, Dölzschen;Umbau;2018;12;86
91 Cotta;StB 9 Cotta/westliche Ortschaften;15 Cotta, Löbtau, Naußlitz, Dölzschen;Umbau;2019;6;19
91 Cotta;StB 9 Cotta/westliche Ortschaften;15 Cotta, Löbtau, Naußlitz, Dölzschen;Umbau;2020;7;62
91 Cotta;StB 9 Cotta/westliche Ortschaften;15 Cotta, Löbtau, Naußlitz, Dölzschen;Umbau;2021;7;96
91 Cotta;StB 9 Cotta/westliche Ortschaften;15 Cotta, Löbtau, Naußlitz, Dölzschen;Umbau;2022;5;20
91 Cotta;StB 9 Cotta/westliche Ortschaften;15 Cotta, Löbtau, Naußlitz, Dölzschen;Umbau;2023;8;50
91 Cotta;StB 9 Cotta/westliche Ortschaften;15 Cotta, Löbtau, Naußlitz, Dölzschen;Umbau;2024;7;45
91 Cotta;StB 9 Cotta/westliche Ortschaften;15 Cotta, Löbtau, Naußlitz, Dölzschen;Umbau;2025;8;73
91 Cotta;StB 9 Cotta/westliche Ortschaften;15 Cotta, Löbtau, Naußlitz, Dölzschen;Umbau;2026;1;12
91 Cotta;StB 9 Cotta/westliche Ortschaften;15 Cotta, Löbtau, Naußlitz, Dölzschen;Umbau;unbekannt;12;57
92 Löbtau-Nord;StB 9 Cotta/westliche Ortschaften;15 Cotta, Löbtau, Naußlitz, Dölzschen;Neubau;1994;3;62
92 Löbtau-Nord;StB 9 Cotta/westliche Ortschaften;15 Cotta, Löbtau, Naußlitz, Dölzschen;Neubau;1995;5;68
92 Löbtau-Nord;StB 9 Cotta/westliche Ortschaften;15 Cotta, Löbtau, Naußlitz, Dölzschen;Neubau;1996;10;154
92 Löbtau-Nord;StB 9 Cotta/westliche Ortschaften;15 Cotta, Löbtau, Naußlitz, Dölzschen;Neubau;1997;17;249
92 Löbtau-Nord;StB 9 Cotta/westliche Ortschaften;15 Cotta, Löbtau, Naußlitz, Dölzschen;Neubau;1998;6;70
92 Löbtau-Nord;StB 9 Cotta/westliche Ortschaften;15 Cotta, Löbtau, Naußlitz, Dölzschen;Neubau;1999;3;25
92 Löbtau-Nord;StB 9 Cotta/westliche Ortschaften;15 Cotta, Löbtau, Naußlitz, Dölzschen;Neubau;2000;4;67
92 Löbtau-Nord;StB 9 Cotta/westliche Ortschaften;15 Cotta, Löbtau, Naußlitz, Dölzschen;Neubau;2001;1;15
92 Löbtau-Nord;StB 9 Cotta/westliche Ortschaften;15 Cotta, Löbtau, Naußlitz, Dölzschen;Neubau;2002;3;28
92 Löbtau-Nord;StB 9 Cotta/westliche Ortschaften;15 Cotta, Löbtau, Naußlitz, Dölzschen;Neubau;2003;1;0
92 Löbtau-Nord;StB 9 Cotta/westliche Ortschaften;15 Cotta, Löbtau, Naußlitz, Dölzschen;Neubau;2004;1;0
92 Löbtau-Nord;StB 9 Cotta/westliche Ortschaften;15 Cotta, Löbtau, Naußlitz, Dölzschen;Neubau;2005;2;1
92 Löbtau-Nord;StB 9 Cotta/westliche Ortschaften;15 Cotta, Löbtau, Naußlitz, Dölzschen;Neubau;2006;3;3
92 Löbtau-Nord;StB 9 Cotta/westliche Ortschaften;15 Cotta, Löbtau, Naußlitz, Dölzschen;Neubau;2007;4;1
92 Löbtau-Nord;StB 9 Cotta/westliche Ortschaften;15 Cotta, Löbtau, Naußlitz, Dölzschen;Neubau;2008;4;3
92 Löbtau-Nord;StB 9 Cotta/westliche Ortschaften;15 Cotta, Löbtau, Naußlitz, Dölzschen;Neubau;2009;1;0
92 Löbtau-Nord;StB 9 Cotta/westliche Ortschaften;15 Cotta, Löbtau, Naußlitz, Dölzschen;Neubau;2010;6;6
92 Löbtau-Nord;StB 9 Cotta/westliche Ortschaften;15 Cotta, Löbtau, Naußlitz, Dölzschen;Neubau;2011;1;7
92 Löbtau-Nord;StB 9 Cotta/westliche Ortschaften;15 Cotta, Löbtau, Naußlitz, Dölzschen;Neubau;2012;6;7
92 Löbtau-Nord;StB 9 Cotta/westliche Ortschaften;15 Cotta, Löbtau, Naußlitz, Dölzschen;Neubau;2013;8;16
92 Löbtau-Nord;StB 9 Cotta/westliche Ortschaften;15 Cotta, Löbtau, Naußlitz, Dölzschen;Neubau;2014;9;136
92 Löbtau-Nord;StB 9 Cotta/westliche Ortschaften;15 Cotta, Löbtau, Naußlitz, Dölzschen;Neubau;2015;1;2
92 Löbtau-Nord;StB 9 Cotta/westliche Ortschaften;15 Cotta, Löbtau, Naußlitz, Dölzschen;Neubau;2016;2;32
92 Löbtau-Nord;StB 9 Cotta/westliche Ortschaften;15 Cotta, Löbtau, Naußlitz, Dölzschen;Neubau;2017;5;65
92 Löbtau-Nord;StB 9 Cotta/westliche Ortschaften;15 Cotta, Löbtau, Naußlitz, Dölzschen;Neubau;2018;3;8
92 Löbtau-Nord;StB 9 Cotta/westliche Ortschaften;15 Cotta, Löbtau, Naußlitz, Dölzschen;Neubau;2019;3;0
92 Löbtau-Nord;StB 9 Cotta/westliche Ortschaften;15 Cotta, Löbtau, Naußlitz, Dölzschen;Neubau;2020;10;24
92 Löbtau-Nord;StB 9 Cotta/westliche Ortschaften;15 Cotta, Löbtau, Naußlitz, Dölzschen;Neubau;2021;11;68
92 Löbtau-Nord;StB 9 Cotta/westliche Ortschaften;15 Cotta, Löbtau, Naußlitz, Dölzschen;Neubau;2022;8;32
92 Löbtau-Nord;StB 9 Cotta/westliche Ortschaften;15 Cotta, Löbtau, Naußlitz, Dölzschen;Neubau;2023;15;179
92 Löbtau-Nord;StB 9 Cotta/westliche Ortschaften;15 Cotta, Löbtau, Naußlitz, Dölzschen;Neubau;2025;1;5
92 Löbtau-Nord;StB 9 Cotta/westliche Ortschaften;15 Cotta, Löbtau, Naußlitz, Dölzschen;Neubau;unbekannt;18;210
92 Löbtau-Nord;StB 9 Cotta/westliche Ortschaften;15 Cotta, Löbtau, Naußlitz, Dölzschen;Umbau;1992;2;11
92 Löbtau-Nord;StB 9 Cotta/westliche Ortschaften;15 Cotta, Löbtau, Naußlitz, Dölzschen;Umbau;1993;2;7
92 Löbtau-Nord;StB 9 Cotta/westliche Ortschaften;15 Cotta, Löbtau, Naußlitz, Dölzschen;Umbau;1994;6;27
92 Löbtau-Nord;StB 9 Cotta/westliche Ortschaften;15 Cotta, Löbtau, Naußlitz, Dölzschen;Umbau;1995;8;71
92 Löbtau-Nord;StB 9 Cotta/westliche Ortschaften;15 Cotta, Löbtau, Naußlitz, Dölzschen;Umbau;1996;13;143
92 Löbtau-Nord;StB 9 Cotta/westliche Ortschaften;15 Cotta, Löbtau, Naußlitz, Dölzschen;Umbau;1997;18;229
92 Löbtau-Nord;StB 9 Cotta/westliche Ortschaften;15 Cotta, Löbtau, Naußlitz, Dölzschen;Umbau;1998;24;290
92 Löbtau-Nord;StB 9 Cotta/westliche Ortschaften;15 Cotta, Löbtau, Naußlitz, Dölzschen;Umbau;1999;27;299
92 Löbtau-Nord;StB 9 Cotta/westliche Ortschaften;15 Cotta, Löbtau, Naußlitz, Dölzschen;Umbau;2000;11;106
92 Löbtau-Nord;StB 9 Cotta/westliche Ortschaften;15 Cotta, Löbtau, Naußlitz, Dölzschen;Umbau;2001;12;117
92 Löbtau-Nord;StB 9 Cotta/westliche Ortschaften;15 Cotta, Löbtau, Naußlitz, Dölzschen;Umbau;2002;7;80
92 Löbtau-Nord;StB 9 Cotta/westliche Ortschaften;15 Cotta, Löbtau, Naußlitz, Dölzschen;Umbau;2003;6;52
92 Löbtau-Nord;StB 9 Cotta/westliche Ortschaften;15 Cotta, Löbtau, Naußlitz, Dölzschen;Umbau;2004;3;36
92 Löbtau-Nord;StB 9 Cotta/westliche Ortschaften;15 Cotta, Löbtau, Naußlitz, Dölzschen;Umbau;2005;6;52
92 Löbtau-Nord;StB 9 Cotta/westliche Ortschaften;15 Cotta, Löbtau, Naußlitz, Dölzschen;Umbau;2007;4;47
92 Löbtau-Nord;StB 9 Cotta/westliche Ortschaften;15 Cotta, Löbtau, Naußlitz, Dölzschen;Umbau;2008;8;61
92 Löbtau-Nord;StB 9 Cotta/westliche Ortschaften;15 Cotta, Löbtau, Naußlitz, Dölzschen;Umbau;2009;8;44
92 Löbtau-Nord;StB 9 Cotta/westliche Ortschaften;15 Cotta, Löbtau, Naußlitz, Dölzschen;Umbau;2010;2;12
92 Löbtau-Nord;StB 9 Cotta/westliche Ortschaften;15 Cotta, Löbtau, Naußlitz, Dölzschen;Umbau;2011;5;52
92 Löbtau-Nord;StB 9 Cotta/westliche Ortschaften;15 Cotta, Löbtau, Naußlitz, Dölzschen;Umbau;2012;7;55
92 Löbtau-Nord;StB 9 Cotta/westliche Ortschaften;15 Cotta, Löbtau, Naußlitz, Dölzschen;Umbau;2013;2;23
92 Löbtau-Nord;StB 9 Cotta/westliche Ortschaften;15 Cotta, Löbtau, Naußlitz, Dölzschen;Umbau;2014;4;41
92 Löbtau-Nord;StB 9 Cotta/westliche Ortschaften;15 Cotta, Löbtau, Naußlitz, Dölzschen;Umbau;2015;9;168
92 Löbtau-Nord;StB 9 Cotta/westliche Ortschaften;15 Cotta, Löbtau, Naußlitz, Dölzschen;Umbau;2016;7;135
92 Löbtau-Nord;StB 9 Cotta/westliche Ortschaften;15 Cotta, Löbtau, Naußlitz, Dölzschen;Umbau;2017;9;78
92 Löbtau-Nord;StB 9 Cotta/westliche Ortschaften;15 Cotta, Löbtau, Naußlitz, Dölzschen;Umbau;2018;3;24
92 Löbtau-Nord;StB 9 Cotta/westliche Ortschaften;15 Cotta, Löbtau, Naußlitz, Dölzschen;Umbau;2019;14;159
92 Löbtau-Nord;StB 9 Cotta/westliche Ortschaften;15 Cotta, Löbtau, Naußlitz, Dölzschen;Umbau;2020;8;83
92 Löbtau-Nord;StB 9 Cotta/westliche Ortschaften;15 Cotta, Löbtau, Naußlitz, Dölzschen;Umbau;2021;6;51
92 Löbtau-Nord;StB 9 Cotta/westliche Ortschaften;15 Cotta, Löbtau, Naußlitz, Dölzschen;Umbau;2022;1;8
92 Löbtau-Nord;StB 9 Cotta/westliche Ortschaften;15 Cotta, Löbtau, Naußlitz, Dölzschen;Umbau;2024;3;12
92 Löbtau-Nord;StB 9 Cotta/westliche Ortschaften;15 Cotta, Löbtau, Naußlitz, Dölzschen;Umbau;unbekannt;19;135
93 Löbtau-Süd;StB 9 Cotta/westliche Ortschaften;15 Cotta, Löbtau, Naußlitz, Dölzschen;Neubau;1993;5;17
93 Löbtau-Süd;StB 9 Cotta/westliche Ortschaften;15 Cotta, Löbtau, Naußlitz, Dölzschen;Neubau;1994;8;30
93 Löbtau-Süd;StB 9 Cotta/westliche Ortschaften;15 Cotta, Löbtau, Naußlitz, Dölzschen;Neubau;1995;6;60
93 Löbtau-Süd;StB 9 Cotta/westliche Ortschaften;15 Cotta, Löbtau, Naußlitz, Dölzschen;Neubau;1996;20;258
93 Löbtau-Süd;StB 9 Cotta/westliche Ortschaften;15 Cotta, Löbtau, Naußlitz, Dölzschen;Neubau;1997;35;439
93 Löbtau-Süd;StB 9 Cotta/westliche Ortschaften;15 Cotta, Löbtau, Naußlitz, Dölzschen;Neubau;1998;3;30
93 Löbtau-Süd;StB 9 Cotta/westliche Ortschaften;15 Cotta, Löbtau, Naußlitz, Dölzschen;Neubau;1999;8;99
93 Löbtau-Süd;StB 9 Cotta/westliche Ortschaften;15 Cotta, Löbtau, Naußlitz, Dölzschen;Neubau;2001;3;0
93 Löbtau-Süd;StB 9 Cotta/westliche Ortschaften;15 Cotta, Löbtau, Naußlitz, Dölzschen;Neubau;2004;1;0
93 Löbtau-Süd;StB 9 Cotta/westliche Ortschaften;15 Cotta, Löbtau, Naußlitz, Dölzschen;Neubau;2005;2;0
93 Löbtau-Süd;StB 9 Cotta/westliche Ortschaften;15 Cotta, Löbtau, Naußlitz, Dölzschen;Neubau;2006;2;0
93 Löbtau-Süd;StB 9 Cotta/westliche Ortschaften;15 Cotta, Löbtau, Naußlitz, Dölzschen;Neubau;2007;3;0
93 Löbtau-Süd;StB 9 Cotta/westliche Ortschaften;15 Cotta, Löbtau, Naußlitz, Dölzschen;Neubau;2009;1;0
93 Löbtau-Süd;StB 9 Cotta/westliche Ortschaften;15 Cotta, Löbtau, Naußlitz, Dölzschen;Neubau;2010;1;0
93 Löbtau-Süd;StB 9 Cotta/westliche Ortschaften;15 Cotta, Löbtau, Naußlitz, Dölzschen;Neubau;2011;1;0
93 Löbtau-Süd;StB 9 Cotta/westliche Ortschaften;15 Cotta, Löbtau, Naußlitz, Dölzschen;Neubau;2014;5;41
93 Löbtau-Süd;StB 9 Cotta/westliche Ortschaften;15 Cotta, Löbtau, Naußlitz, Dölzschen;Neubau;2015;5;25
93 Löbtau-Süd;StB 9 Cotta/westliche Ortschaften;15 Cotta, Löbtau, Naußlitz, Dölzschen;Neubau;2016;5;27
93 Löbtau-Süd;StB 9 Cotta/westliche Ortschaften;15 Cotta, Löbtau, Naußlitz, Dölzschen;Neubau;2017;1;9
93 Löbtau-Süd;StB 9 Cotta/westliche Ortschaften;15 Cotta, Löbtau, Naußlitz, Dölzschen;Neubau;2018;5;36
93 Löbtau-Süd;StB 9 Cotta/westliche Ortschaften;15 Cotta, Löbtau, Naußlitz, Dölzschen;Neubau;2019;7;101
93 Löbtau-Süd;StB 9 Cotta/westliche Ortschaften;15 Cotta, Löbtau, Naußlitz, Dölzschen;Neubau;2020;4;78
93 Löbtau-Süd;StB 9 Cotta/westliche Ortschaften;15 Cotta, Löbtau, Naußlitz, Dölzschen;Neubau;2021;2;23
93 Löbtau-Süd;StB 9 Cotta/westliche Ortschaften;15 Cotta, Löbtau, Naußlitz, Dölzschen;Neubau;2022;2;61
93 Löbtau-Süd;StB 9 Cotta/westliche Ortschaften;15 Cotta, Löbtau, Naußlitz, Dölzschen;Neubau;2023;6;77
93 Löbtau-Süd;StB 9 Cotta/westliche Ortschaften;15 Cotta, Löbtau, Naußlitz, Dölzschen;Neubau;2024;2;38
93 Löbtau-Süd;StB 9 Cotta/westliche Ortschaften;15 Cotta, Löbtau, Naußlitz, Dölzschen;Neubau;2025;3;23
93 Löbtau-Süd;StB 9 Cotta/westliche Ortschaften;15 Cotta, Löbtau, Naußlitz, Dölzschen;Neubau;unbekannt;7;63
93 Löbtau-Süd;StB 9 Cotta/westliche Ortschaften;15 Cotta, Löbtau, Naußlitz, Dölzschen;Umbau;1992;2;1
93 Löbtau-Süd;StB 9 Cotta/westliche Ortschaften;15 Cotta, Löbtau, Naußlitz, Dölzschen;Umbau;1993;10;41
93 Löbtau-Süd;StB 9 Cotta/westliche Ortschaften;15 Cotta, Löbtau, Naußlitz, Dölzschen;Umbau;1994;8;45
93 Löbtau-Süd;StB 9 Cotta/westliche Ortschaften;15 Cotta, Löbtau, Naußlitz, Dölzschen;Umbau;1995;7;62
93 Löbtau-Süd;StB 9 Cotta/westliche Ortschaften;15 Cotta, Löbtau, Naußlitz, Dölzschen;Umbau;1996;24;261
93 Löbtau-Süd;StB 9 Cotta/westliche Ortschaften;15 Cotta, Löbtau, Naußlitz, Dölzschen;Umbau;1997;34;299
93 Löbtau-Süd;StB 9 Cotta/westliche Ortschaften;15 Cotta, Löbtau, Naußlitz, Dölzschen;Umbau;1998;22;238
93 Löbtau-Süd;StB 9 Cotta/westliche Ortschaften;15 Cotta, Löbtau, Naußlitz, Dölzschen;Umbau;1999;28;278
93 Löbtau-Süd;StB 9 Cotta/westliche Ortschaften;15 Cotta, Löbtau, Naußlitz, Dölzschen;Umbau;2000;23;223
93 Löbtau-Süd;StB 9 Cotta/westliche Ortschaften;15 Cotta, Löbtau, Naußlitz, Dölzschen;Umbau;2001;11;101
93 Löbtau-Süd;StB 9 Cotta/westliche Ortschaften;15 Cotta, Löbtau, Naußlitz, Dölzschen;Umbau;2002;11;83
93 Löbtau-Süd;StB 9 Cotta/westliche Ortschaften;15 Cotta, Löbtau, Naußlitz, Dölzschen;Umbau;2003;13;103
93 Löbtau-Süd;StB 9 Cotta/westliche Ortschaften;15 Cotta, Löbtau, Naußlitz, Dölzschen;Umbau;2004;4;23
93 Löbtau-Süd;StB 9 Cotta/westliche Ortschaften;15 Cotta, Löbtau, Naußlitz, Dölzschen;Umbau;2005;5;45
93 Löbtau-Süd;StB 9 Cotta/westliche Ortschaften;15 Cotta, Löbtau, Naußlitz, Dölzschen;Umbau;2006;5;34
93 Löbtau-Süd;StB 9 Cotta/westliche Ortschaften;15 Cotta, Löbtau, Naußlitz, Dölzschen;Umbau;2007;11;110
93 Löbtau-Süd;StB 9 Cotta/westliche Ortschaften;15 Cotta, Löbtau, Naußlitz, Dölzschen;Umbau;2008;11;87
93 Löbtau-Süd;StB 9 Cotta/westliche Ortschaften;15 Cotta, Löbtau, Naußlitz, Dölzschen;Umbau;2009;9;72
93 Löbtau-Süd;StB 9 Cotta/westliche Ortschaften;15 Cotta, Löbtau, Naußlitz, Dölzschen;Umbau;2010;15;153
93 Löbtau-Süd;StB 9 Cotta/westliche Ortschaften;15 Cotta, Löbtau, Naußlitz, Dölzschen;Umbau;2011;9;31
93 Löbtau-Süd;StB 9 Cotta/westliche Ortschaften;15 Cotta, Löbtau, Naußlitz, Dölzschen;Umbau;2012;10;57
93 Löbtau-Süd;StB 9 Cotta/westliche Ortschaften;15 Cotta, Löbtau, Naußlitz, Dölzschen;Umbau;2013;4;30
93 Löbtau-Süd;StB 9 Cotta/westliche Ortschaften;15 Cotta, Löbtau, Naußlitz, Dölzschen;Umbau;2014;4;38
93 Löbtau-Süd;StB 9 Cotta/westliche Ortschaften;15 Cotta, Löbtau, Naußlitz, Dölzschen;Umbau;2015;7;41
93 Löbtau-Süd;StB 9 Cotta/westliche Ortschaften;15 Cotta, Löbtau, Naußlitz, Dölzschen;Umbau;2016;4;30
93 Löbtau-Süd;StB 9 Cotta/westliche Ortschaften;15 Cotta, Löbtau, Naußlitz, Dölzschen;Umbau;2017;3;43
93 Löbtau-Süd;StB 9 Cotta/westliche Ortschaften;15 Cotta, Löbtau, Naußlitz, Dölzschen;Umbau;2018;4;19
93 Löbtau-Süd;StB 9 Cotta/westliche Ortschaften;15 Cotta, Löbtau, Naußlitz, Dölzschen;Umbau;2019;2;8
93 Löbtau-Süd;StB 9 Cotta/westliche Ortschaften;15 Cotta, Löbtau, Naußlitz, Dölzschen;Umbau;2020;6;53
93 Löbtau-Süd;StB 9 Cotta/westliche Ortschaften;15 Cotta, Löbtau, Naußlitz, Dölzschen;Umbau;2021;7;65
93 Löbtau-Süd;StB 9 Cotta/westliche Ortschaften;15 Cotta, Löbtau, Naußlitz, Dölzschen;Umbau;2022;5;28
93 Löbtau-Süd;StB 9 Cotta/westliche Ortschaften;15 Cotta, Löbtau, Naußlitz, Dölzschen;Umbau;2023;3;57
93 Löbtau-Süd;StB 9 Cotta/westliche Ortschaften;15 Cotta, Löbtau, Naußlitz, Dölzschen;Umbau;2024;10;52
93 Löbtau-Süd;StB 9 Cotta/westliche Ortschaften;15 Cotta, Löbtau, Naußlitz, Dölzschen;Umbau;2025;2;19
93 Löbtau-Süd;StB 9 Cotta/westliche Ortschaften;15 Cotta, Löbtau, Naußlitz, Dölzschen;Umbau;2026;3;13
93 Löbtau-Süd;StB 9 Cotta/westliche Ortschaften;15 Cotta, Löbtau, Naußlitz, Dölzschen;Umbau;unbekannt;9;144
94 Naußlitz;StB 9 Cotta/westliche Ortschaften;15 Cotta, Löbtau, Naußlitz, Dölzschen;Neubau;1993;1;1
94 Naußlitz;StB 9 Cotta/westliche Ortschaften;15 Cotta, Löbtau, Naußlitz, Dölzschen;Neubau;1994;10;19
94 Naußlitz;StB 9 Cotta/westliche Ortschaften;15 Cotta, Löbtau, Naußlitz, Dölzschen;Neubau;1995;14;90
94 Naußlitz;StB 9 Cotta/westliche Ortschaften;15 Cotta, Löbtau, Naußlitz, Dölzschen;Neubau;1996;21;57
94 Naußlitz;StB 9 Cotta/westliche Ortschaften;15 Cotta, Löbtau, Naußlitz, Dölzschen;Neubau;1997;59;130
94 Naußlitz;StB 9 Cotta/westliche Ortschaften;15 Cotta, Löbtau, Naußlitz, Dölzschen;Neubau;1998;127;183
94 Naußlitz;StB 9 Cotta/westliche Ortschaften;15 Cotta, Löbtau, Naußlitz, Dölzschen;Neubau;1999;13;18
94 Naußlitz;StB 9 Cotta/westliche Ortschaften;15 Cotta, Löbtau, Naußlitz, Dölzschen;Neubau;2000;18;26
94 Naußlitz;StB 9 Cotta/westliche Ortschaften;15 Cotta, Löbtau, Naußlitz, Dölzschen;Neubau;2001;18;18
94 Naußlitz;StB 9 Cotta/westliche Ortschaften;15 Cotta, Löbtau, Naußlitz, Dölzschen;Neubau;2002;11;13
94 Naußlitz;StB 9 Cotta/westliche Ortschaften;15 Cotta, Löbtau, Naußlitz, Dölzschen;Neubau;2003;11;11
94 Naußlitz;StB 9 Cotta/westliche Ortschaften;15 Cotta, Löbtau, Naußlitz, Dölzschen;Neubau;2004;61;65
94 Naußlitz;StB 9 Cotta/westliche Ortschaften;15 Cotta, Löbtau, Naußlitz, Dölzschen;Neubau;2005;12;12
94 Naußlitz;StB 9 Cotta/westliche Ortschaften;15 Cotta, Löbtau, Naußlitz, Dölzschen;Neubau;2006;9;10
94 Naußlitz;StB 9 Cotta/westliche Ortschaften;15 Cotta, Löbtau, Naußlitz, Dölzschen;Neubau;2007;7;7
94 Naußlitz;StB 9 Cotta/westliche Ortschaften;15 Cotta, Löbtau, Naußlitz, Dölzschen;Neubau;2008;11;11
94 Naußlitz;StB 9 Cotta/westliche Ortschaften;15 Cotta, Löbtau, Naußlitz, Dölzschen;Neubau;2009;11;9
94 Naußlitz;StB 9 Cotta/westliche Ortschaften;15 Cotta, Löbtau, Naußlitz, Dölzschen;Neubau;2010;11;11
94 Naußlitz;StB 9 Cotta/westliche Ortschaften;15 Cotta, Löbtau, Naußlitz, Dölzschen;Neubau;2011;17;17
94 Naußlitz;StB 9 Cotta/westliche Ortschaften;15 Cotta, Löbtau, Naußlitz, Dölzschen;Neubau;2012;5;6
94 Naußlitz;StB 9 Cotta/westliche Ortschaften;15 Cotta, Löbtau, Naußlitz, Dölzschen;Neubau;2013;5;5
94 Naußlitz;StB 9 Cotta/westliche Ortschaften;15 Cotta, Löbtau, Naußlitz, Dölzschen;Neubau;2014;18;17
94 Naußlitz;StB 9 Cotta/westliche Ortschaften;15 Cotta, Löbtau, Naußlitz, Dölzschen;Neubau;2015;21;21
94 Naußlitz;StB 9 Cotta/westliche Ortschaften;15 Cotta, Löbtau, Naußlitz, Dölzschen;Neubau;2016;4;6
94 Naußlitz;StB 9 Cotta/westliche Ortschaften;15 Cotta, Löbtau, Naußlitz, Dölzschen;Neubau;2017;8;23
94 Naußlitz;StB 9 Cotta/westliche Ortschaften;15 Cotta, Löbtau, Naußlitz, Dölzschen;Neubau;2018;9;23
94 Naußlitz;StB 9 Cotta/westliche Ortschaften;15 Cotta, Löbtau, Naußlitz, Dölzschen;Neubau;2019;10;10
94 Naußlitz;StB 9 Cotta/westliche Ortschaften;15 Cotta, Löbtau, Naußlitz, Dölzschen;Neubau;2020;3;11
94 Naußlitz;StB 9 Cotta/westliche Ortschaften;15 Cotta, Löbtau, Naußlitz, Dölzschen;Neubau;2021;8;4
94 Naußlitz;StB 9 Cotta/westliche Ortschaften;15 Cotta, Löbtau, Naußlitz, Dölzschen;Neubau;2022;5;18
94 Naußlitz;StB 9 Cotta/westliche Ortschaften;15 Cotta, Löbtau, Naußlitz, Dölzschen;Neubau;2023;3;3
94 Naußlitz;StB 9 Cotta/westliche Ortschaften;15 Cotta, Löbtau, Naußlitz, Dölzschen;Neubau;2024;8;42
94 Naußlitz;StB 9 Cotta/westliche Ortschaften;15 Cotta, Löbtau, Naußlitz, Dölzschen;Neubau;2025;7;43
94 Naußlitz;StB 9 Cotta/westliche Ortschaften;15 Cotta, Löbtau, Naußlitz, Dölzschen;Neubau;unbekannt;25;208
94 Naußlitz;StB 9 Cotta/westliche Ortschaften;15 Cotta, Löbtau, Naußlitz, Dölzschen;Umbau;1992;3;7
94 Naußlitz;StB 9 Cotta/westliche Ortschaften;15 Cotta, Löbtau, Naußlitz, Dölzschen;Umbau;1993;3;4
94 Naußlitz;StB 9 Cotta/westliche Ortschaften;15 Cotta, Löbtau, Naußlitz, Dölzschen;Umbau;1994;36;75
94 Naußlitz;StB 9 Cotta/westliche Ortschaften;15 Cotta, Löbtau, Naußlitz, Dölzschen;Umbau;1995;8;14
94 Naußlitz;StB 9 Cotta/westliche Ortschaften;15 Cotta, Löbtau, Naußlitz, Dölzschen;Umbau;1996;41;266
94 Naußlitz;StB 9 Cotta/westliche Ortschaften;15 Cotta, Löbtau, Naußlitz, Dölzschen;Umbau;1997;35;240
94 Naußlitz;StB 9 Cotta/westliche Ortschaften;15 Cotta, Löbtau, Naußlitz, Dölzschen;Umbau;1998;16;82
94 Naußlitz;StB 9 Cotta/westliche Ortschaften;15 Cotta, Löbtau, Naußlitz, Dölzschen;Umbau;1999;27;174
94 Naußlitz;StB 9 Cotta/westliche Ortschaften;15 Cotta, Löbtau, Naußlitz, Dölzschen;Umbau;2000;21;94
94 Naußlitz;StB 9 Cotta/westliche Ortschaften;15 Cotta, Löbtau, Naußlitz, Dölzschen;Umbau;2001;10;45
94 Naußlitz;StB 9 Cotta/westliche Ortschaften;15 Cotta, Löbtau, Naußlitz, Dölzschen;Umbau;2002;9;26
94 Naußlitz;StB 9 Cotta/westliche Ortschaften;15 Cotta, Löbtau, Naußlitz, Dölzschen;Umbau;2003;13;56
94 Naußlitz;StB 9 Cotta/westliche Ortschaften;15 Cotta, Löbtau, Naußlitz, Dölzschen;Umbau;2004;14;42
94 Naußlitz;StB 9 Cotta/westliche Ortschaften;15 Cotta, Löbtau, Naußlitz, Dölzschen;Umbau;2005;8;42
94 Naußlitz;StB 9 Cotta/westliche Ortschaften;15 Cotta, Löbtau, Naußlitz, Dölzschen;Umbau;2006;7;19
94 Naußlitz;StB 9 Cotta/westliche Ortschaften;15 Cotta, Löbtau, Naußlitz, Dölzschen;Umbau;2007;11;33
94 Naußlitz;StB 9 Cotta/westliche Ortschaften;15 Cotta, Löbtau, Naußlitz, Dölzschen;Umbau;2008;9;26
94 Naußlitz;StB 9 Cotta/westliche Ortschaften;15 Cotta, Löbtau, Naußlitz, Dölzschen;Umbau;2009;4;10
94 Naußlitz;StB 9 Cotta/westliche Ortschaften;15 Cotta, Löbtau, Naußlitz, Dölzschen;Umbau;2010;9;25
94 Naußlitz;StB 9 Cotta/westliche Ortschaften;15 Cotta, Löbtau, Naußlitz, Dölzschen;Umbau;2011;8;56
94 Naußlitz;StB 9 Cotta/westliche Ortschaften;15 Cotta, Löbtau, Naußlitz, Dölzschen;Umbau;2012;11;49
94 Naußlitz;StB 9 Cotta/westliche Ortschaften;15 Cotta, Löbtau, Naußlitz, Dölzschen;Umbau;2013;9;19
94 Naußlitz;StB 9 Cotta/westliche Ortschaften;15 Cotta, Löbtau, Naußlitz, Dölzschen;Umbau;2014;14;52
94 Naußlitz;StB 9 Cotta/westliche Ortschaften;15 Cotta, Löbtau, Naußlitz, Dölzschen;Umbau;2015;11;31
94 Naußlitz;StB 9 Cotta/westliche Ortschaften;15 Cotta, Löbtau, Naußlitz, Dölzschen;Umbau;2016;40;228
94 Naußlitz;StB 9 Cotta/westliche Ortschaften;15 Cotta, Löbtau, Naußlitz, Dölzschen;Umbau;2017;11;50
94 Naußlitz;StB 9 Cotta/westliche Ortschaften;15 Cotta, Löbtau, Naußlitz, Dölzschen;Umbau;2018;9;12
94 Naußlitz;StB 9 Cotta/westliche Ortschaften;15 Cotta, Löbtau, Naußlitz, Dölzschen;Umbau;2019;13;95
94 Naußlitz;StB 9 Cotta/westliche Ortschaften;15 Cotta, Löbtau, Naußlitz, Dölzschen;Umbau;2020;15;83
94 Naußlitz;StB 9 Cotta/westliche Ortschaften;15 Cotta, Löbtau, Naußlitz, Dölzschen;Umbau;2021;14;64
94 Naußlitz;StB 9 Cotta/westliche Ortschaften;15 Cotta, Löbtau, Naußlitz, Dölzschen;Umbau;2022;4;15
94 Naußlitz;StB 9 Cotta/westliche Ortschaften;15 Cotta, Löbtau, Naußlitz, Dölzschen;Umbau;2023;12;50
94 Naußlitz;StB 9 Cotta/westliche Ortschaften;15 Cotta, Löbtau, Naußlitz, Dölzschen;Umbau;2024;8;20
94 Naußlitz;StB 9 Cotta/westliche Ortschaften;15 Cotta, Löbtau, Naußlitz, Dölzschen;Umbau;2025;9;17
94 Naußlitz;StB 9 Cotta/westliche Ortschaften;15 Cotta, Löbtau, Naußlitz, Dölzschen;Umbau;unbekannt;24;98
95 Gorbitz-Süd;StB 9 Cotta/westliche Ortschaften;16 Gorbitz;Neubau;1992;1;0
95 Gorbitz-Süd;StB 9 Cotta/westliche Ortschaften;16 Gorbitz;Neubau;1993;2;0
95 Gorbitz-Süd;StB 9 Cotta/westliche Ortschaften;16 Gorbitz;Neubau;1994;2;1
95 Gorbitz-Süd;StB 9 Cotta/westliche Ortschaften;16 Gorbitz;Neubau;1995;5;1
95 Gorbitz-Süd;StB 9 Cotta/westliche Ortschaften;16 Gorbitz;Neubau;1996;4;14
95 Gorbitz-Süd;StB 9 Cotta/westliche Ortschaften;16 Gorbitz;Neubau;1997;1;0
95 Gorbitz-Süd;StB 9 Cotta/westliche Ortschaften;16 Gorbitz;Neubau;1998;2;0
95 Gorbitz-Süd;StB 9 Cotta/westliche Ortschaften;16 Gorbitz;Neubau;2001;3;17
95 Gorbitz-Süd;StB 9 Cotta/westliche Ortschaften;16 Gorbitz;Neubau;2002;1;1
95 Gorbitz-Süd;StB 9 Cotta/westliche Ortschaften;16 Gorbitz;Neubau;2006;2;0
95 Gorbitz-Süd;StB 9 Cotta/westliche Ortschaften;16 Gorbitz;Neubau;2009;1;1
95 Gorbitz-Süd;StB 9 Cotta/westliche Ortschaften;16 Gorbitz;Neubau;2010;1;0
95 Gorbitz-Süd;StB 9 Cotta/westliche Ortschaften;16 Gorbitz;Neubau;2011;1;0
95 Gorbitz-Süd;StB 9 Cotta/westliche Ortschaften;16 Gorbitz;Neubau;2013;1;0
95 Gorbitz-Süd;StB 9 Cotta/westliche Ortschaften;16 Gorbitz;Neubau;2016;4;9
95 Gorbitz-Süd;StB 9 Cotta/westliche Ortschaften;16 Gorbitz;Neubau;2018;3;2
95 Gorbitz-Süd;StB 9 Cotta/westliche Ortschaften;16 Gorbitz;Neubau;2019;1;0
95 Gorbitz-Süd;StB 9 Cotta/westliche Ortschaften;16 Gorbitz;Neubau;2020;1;0
95 Gorbitz-Süd;StB 9 Cotta/westliche Ortschaften;16 Gorbitz;Neubau;2022;1;1
95 Gorbitz-Süd;StB 9 Cotta/westliche Ortschaften;16 Gorbitz;Neubau;2024;1;1
95 Gorbitz-Süd;StB 9 Cotta/westliche Ortschaften;16 Gorbitz;Neubau;unbekannt;2;0
95 Gorbitz-Süd;StB 9 Cotta/westliche Ortschaften;16 Gorbitz;Umbau;1994;1;1
95 Gorbitz-Süd;StB 9 Cotta/westliche Ortschaften;16 Gorbitz;Umbau;1995;1;3
95 Gorbitz-Süd;StB 9 Cotta/westliche Ortschaften;16 Gorbitz;Umbau;1996;8;69
95 Gorbitz-Süd;StB 9 Cotta/westliche Ortschaften;16 Gorbitz;Umbau;1997;4;8
95 Gorbitz-Süd;StB 9 Cotta/westliche Ortschaften;16 Gorbitz;Umbau;1998;1;2
95 Gorbitz-Süd;StB 9 Cotta/westliche Ortschaften;16 Gorbitz;Umbau;1999;3;3
95 Gorbitz-Süd;StB 9 Cotta/westliche Ortschaften;16 Gorbitz;Umbau;2000;2;3
95 Gorbitz-Süd;StB 9 Cotta/westliche Ortschaften;16 Gorbitz;Umbau;2001;1;12
95 Gorbitz-Süd;StB 9 Cotta/westliche Ortschaften;16 Gorbitz;Umbau;2002;46;553
95 Gorbitz-Süd;StB 9 Cotta/westliche Ortschaften;16 Gorbitz;Umbau;2003;2;2
95 Gorbitz-Süd;StB 9 Cotta/westliche Ortschaften;16 Gorbitz;Umbau;2004;11;165
95 Gorbitz-Süd;StB 9 Cotta/westliche Ortschaften;16 Gorbitz;Umbau;2005;3;3
95 Gorbitz-Süd;StB 9 Cotta/westliche Ortschaften;16 Gorbitz;Umbau;2006;12;121
95 Gorbitz-Süd;StB 9 Cotta/westliche Ortschaften;16 Gorbitz;Umbau;2007;3;2
95 Gorbitz-Süd;StB 9 Cotta/westliche Ortschaften;16 Gorbitz;Umbau;2008;1;7
95 Gorbitz-Süd;StB 9 Cotta/westliche Ortschaften;16 Gorbitz;Umbau;2010;1;2
95 Gorbitz-Süd;StB 9 Cotta/westliche Ortschaften;16 Gorbitz;Umbau;2011;2;2
95 Gorbitz-Süd;StB 9 Cotta/westliche Ortschaften;16 Gorbitz;Umbau;2012;11;28
95 Gorbitz-Süd;StB 9 Cotta/westliche Ortschaften;16 Gorbitz;Umbau;2013;3;14
95 Gorbitz-Süd;StB 9 Cotta/westliche Ortschaften;16 Gorbitz;Umbau;2014;2;4
95 Gorbitz-Süd;StB 9 Cotta/westliche Ortschaften;16 Gorbitz;Umbau;2015;1;0
95 Gorbitz-Süd;StB 9 Cotta/westliche Ortschaften;16 Gorbitz;Umbau;2016;2;2
95 Gorbitz-Süd;StB 9 Cotta/westliche Ortschaften;16 Gorbitz;Umbau;2017;2;2
95 Gorbitz-Süd;StB 9 Cotta/westliche Ortschaften;16 Gorbitz;Umbau;2018;6;74
95 Gorbitz-Süd;StB 9 Cotta/westliche Ortschaften;16 Gorbitz;Umbau;2019;2;2
95 Gorbitz-Süd;StB 9 Cotta/westliche Ortschaften;16 Gorbitz;Umbau;2020;5;51
95 Gorbitz-Süd;StB 9 Cotta/westliche Ortschaften;16 Gorbitz;Umbau;2021;2;7
95 Gorbitz-Süd;StB 9 Cotta/westliche Ortschaften;16 Gorbitz;Umbau;2022;2;36
95 Gorbitz-Süd;StB 9 Cotta/westliche Ortschaften;16 Gorbitz;Umbau;2023;3;3
95 Gorbitz-Süd;StB 9 Cotta/westliche Ortschaften;16 Gorbitz;Umbau;2024;3;4
95 Gorbitz-Süd;StB 9 Cotta/westliche Ortschaften;16 Gorbitz;Umbau;2025;3;39
95 Gorbitz-Süd;StB 9 Cotta/westliche Ortschaften;16 Gorbitz;Umbau;unbekannt;10;650
96 Gorbitz-Ost;StB 9 Cotta/westliche Ortschaften;16 Gorbitz;Neubau;1992;2;0
96 Gorbitz-Ost;StB 9 Cotta/westliche Ortschaften;16 Gorbitz;Neubau;1995;1;0
96 Gorbitz-Ost;StB 9 Cotta/westliche Ortschaften;16 Gorbitz;Neubau;1996;1;0
96 Gorbitz-Ost;StB 9 Cotta/westliche Ortschaften;16 Gorbitz;Neubau;2000;1;0
96 Gorbitz-Ost;StB 9 Cotta/westliche Ortschaften;16 Gorbitz;Neubau;2004;1;0
96 Gorbitz-Ost;StB 9 Cotta/westliche Ortschaften;16 Gorbitz;Neubau;2005;1;0
96 Gorbitz-Ost;StB 9 Cotta/westliche Ortschaften;16 Gorbitz;Neubau;2010;1;0
96 Gorbitz-Ost;StB 9 Cotta/westliche Ortschaften;16 Gorbitz;Neubau;2013;1;0
96 Gorbitz-Ost;StB 9 Cotta/westliche Ortschaften;16 Gorbitz;Neubau;2014;1;4
96 Gorbitz-Ost;StB 9 Cotta/westliche Ortschaften;16 Gorbitz;Neubau;2021;1;0
96 Gorbitz-Ost;StB 9 Cotta/westliche Ortschaften;16 Gorbitz;Neubau;2024;2;180
96 Gorbitz-Ost;StB 9 Cotta/westliche Ortschaften;16 Gorbitz;Neubau;2025;1;0
96 Gorbitz-Ost;StB 9 Cotta/westliche Ortschaften;16 Gorbitz;Umbau;1993;1;0
96 Gorbitz-Ost;StB 9 Cotta/westliche Ortschaften;16 Gorbitz;Umbau;1995;1;0
96 Gorbitz-Ost;StB 9 Cotta/westliche Ortschaften;16 Gorbitz;Umbau;1999;1;0
96 Gorbitz-Ost;StB 9 Cotta/westliche Ortschaften;16 Gorbitz;Umbau;2000;1;12
96 Gorbitz-Ost;StB 9 Cotta/westliche Ortschaften;16 Gorbitz;Umbau;2001;1;12
96 Gorbitz-Ost;StB 9 Cotta/westliche Ortschaften;16 Gorbitz;Umbau;2009;5;47
96 Gorbitz-Ost;StB 9 Cotta/westliche Ortschaften;16 Gorbitz;Umbau;2010;4;39
96 Gorbitz-Ost;StB 9 Cotta/westliche Ortschaften;16 Gorbitz;Umbau;2011;5;48
96 Gorbitz-Ost;StB 9 Cotta/westliche Ortschaften;16 Gorbitz;Umbau;2012;6;72
96 Gorbitz-Ost;StB 9 Cotta/westliche Ortschaften;16 Gorbitz;Umbau;2013;5;51
96 Gorbitz-Ost;StB 9 Cotta/westliche Ortschaften;16 Gorbitz;Umbau;2014;28;92
96 Gorbitz-Ost;StB 9 Cotta/westliche Ortschaften;16 Gorbitz;Umbau;2015;5;52
96 Gorbitz-Ost;StB 9 Cotta/westliche Ortschaften;16 Gorbitz;Umbau;2017;5;96
96 Gorbitz-Ost;StB 9 Cotta/westliche Ortschaften;16 Gorbitz;Umbau;2018;6;51
96 Gorbitz-Ost;StB 9 Cotta/westliche Ortschaften;16 Gorbitz;Umbau;2019;2;33
96 Gorbitz-Ost;StB 9 Cotta/westliche Ortschaften;16 Gorbitz;Umbau;2020;7;83
96 Gorbitz-Ost;StB 9 Cotta/westliche Ortschaften;16 Gorbitz;Umbau;2025;1;58
96 Gorbitz-Ost;StB 9 Cotta/westliche Ortschaften;16 Gorbitz;Umbau;unbekannt;12;155
97 Gorbitz-Nord/Neu-Omsewitz;StB 9 Cotta/westliche Ortschaften;16 Gorbitz;Neubau;1992;2;0
97 Gorbitz-Nord/Neu-Omsewitz;StB 9 Cotta/westliche Ortschaften;16 Gorbitz;Neubau;1993;1;1
97 Gorbitz-Nord/Neu-Omsewitz;StB 9 Cotta/westliche Ortschaften;16 Gorbitz;Neubau;1995;2;0
97 Gorbitz-Nord/Neu-Omsewitz;StB 9 Cotta/westliche Ortschaften;16 Gorbitz;Neubau;1997;1;0
97 Gorbitz-Nord/Neu-Omsewitz;StB 9 Cotta/westliche Ortschaften;16 Gorbitz;Neubau;1998;1;0
97 Gorbitz-Nord/Neu-Omsewitz;StB 9 Cotta/westliche Ortschaften;16 Gorbitz;Neubau;1999;1;0
97 Gorbitz-Nord/Neu-Omsewitz;StB 9 Cotta/westliche Ortschaften;16 Gorbitz;Neubau;2004;1;1
97 Gorbitz-Nord/Neu-Omsewitz;StB 9 Cotta/westliche Ortschaften;16 Gorbitz;Neubau;2006;2;1
97 Gorbitz-Nord/Neu-Omsewitz;StB 9 Cotta/westliche Ortschaften;16 Gorbitz;Neubau;2007;2;14
97 Gorbitz-Nord/Neu-Omsewitz;StB 9 Cotta/westliche Ortschaften;16 Gorbitz;Neubau;2008;2;2
97 Gorbitz-Nord/Neu-Omsewitz;StB 9 Cotta/westliche Ortschaften;16 Gorbitz;Neubau;2009;1;1
97 Gorbitz-Nord/Neu-Omsewitz;StB 9 Cotta/westliche Ortschaften;16 Gorbitz;Neubau;2013;1;1
97 Gorbitz-Nord/Neu-Omsewitz;StB 9 Cotta/westliche Ortschaften;16 Gorbitz;Neubau;2016;3;2
97 Gorbitz-Nord/Neu-Omsewitz;StB 9 Cotta/westliche Ortschaften;16 Gorbitz;Neubau;2017;1;1
97 Gorbitz-Nord/Neu-Omsewitz;StB 9 Cotta/westliche Ortschaften;16 Gorbitz;Neubau;2018;4;44
97 Gorbitz-Nord/Neu-Omsewitz;StB 9 Cotta/westliche Ortschaften;16 Gorbitz;Neubau;2019;12;125
97 Gorbitz-Nord/Neu-Omsewitz;StB 9 Cotta/westliche Ortschaften;16 Gorbitz;Neubau;2020;3;16
97 Gorbitz-Nord/Neu-Omsewitz;StB 9 Cotta/westliche Ortschaften;16 Gorbitz;Neubau;2022;2;26
97 Gorbitz-Nord/Neu-Omsewitz;StB 9 Cotta/westliche Ortschaften;16 Gorbitz;Umbau;1996;1;0
97 Gorbitz-Nord/Neu-Omsewitz;StB 9 Cotta/westliche Ortschaften;16 Gorbitz;Umbau;2002;8;45
97 Gorbitz-Nord/Neu-Omsewitz;StB 9 Cotta/westliche Ortschaften;16 Gorbitz;Umbau;2003;1;3
97 Gorbitz-Nord/Neu-Omsewitz;StB 9 Cotta/westliche Ortschaften;16 Gorbitz;Umbau;2004;34;428
97 Gorbitz-Nord/Neu-Omsewitz;StB 9 Cotta/westliche Ortschaften;16 Gorbitz;Umbau;2005;1;2
97 Gorbitz-Nord/Neu-Omsewitz;StB 9 Cotta/westliche Ortschaften;16 Gorbitz;Umbau;2008;3;26
97 Gorbitz-Nord/Neu-Omsewitz;StB 9 Cotta/westliche Ortschaften;16 Gorbitz;Umbau;2009;22;257
97 Gorbitz-Nord/Neu-Omsewitz;StB 9 Cotta/westliche Ortschaften;16 Gorbitz;Umbau;2010;12;120
97 Gorbitz-Nord/Neu-Omsewitz;StB 9 Cotta/westliche Ortschaften;16 Gorbitz;Umbau;2011;2;0
97 Gorbitz-Nord/Neu-Omsewitz;StB 9 Cotta/westliche Ortschaften;16 Gorbitz;Umbau;2013;2;1
97 Gorbitz-Nord/Neu-Omsewitz;StB 9 Cotta/westliche Ortschaften;16 Gorbitz;Umbau;2016;1;0
97 Gorbitz-Nord/Neu-Omsewitz;StB 9 Cotta/westliche Ortschaften;16 Gorbitz;Umbau;2018;2;0
97 Gorbitz-Nord/Neu-Omsewitz;StB 9 Cotta/westliche Ortschaften;16 Gorbitz;Umbau;2022;7;73
97 Gorbitz-Nord/Neu-Omsewitz;StB 9 Cotta/westliche Ortschaften;16 Gorbitz;Umbau;2023;8;106
97 Gorbitz-Nord/Neu-Omsewitz;StB 9 Cotta/westliche Ortschaften;16 Gorbitz;Umbau;2025;5;48
97 Gorbitz-Nord/Neu-Omsewitz;StB 9 Cotta/westliche Ortschaften;16 Gorbitz;Umbau;unbekannt;11;218
98 Briesnitz;StB 9 Cotta/westliche Ortschaften;17 Briesnitz und westliche OS;Neubau;1992;1;0
98 Briesnitz;StB 9 Cotta/westliche Ortschaften;17 Briesnitz und westliche OS;Neubau;1993;4;25
98 Briesnitz;StB 9 Cotta/westliche Ortschaften;17 Briesnitz und westliche OS;Neubau;1994;15;70
98 Briesnitz;StB 9 Cotta/westliche Ortschaften;17 Briesnitz und westliche OS;Neubau;1995;27;141
98 Briesnitz;StB 9 Cotta/westliche Ortschaften;17 Briesnitz und westliche OS;Neubau;1996;25;92
98 Briesnitz;StB 9 Cotta/westliche Ortschaften;17 Briesnitz und westliche OS;Neubau;1997;87;495
98 Briesnitz;StB 9 Cotta/westliche Ortschaften;17 Briesnitz und westliche OS;Neubau;1998;26;111
98 Briesnitz;StB 9 Cotta/westliche Ortschaften;17 Briesnitz und westliche OS;Neubau;1999;78;132
98 Briesnitz;StB 9 Cotta/westliche Ortschaften;17 Briesnitz und westliche OS;Neubau;2000;17;21
98 Briesnitz;StB 9 Cotta/westliche Ortschaften;17 Briesnitz und westliche OS;Neubau;2001;14;39
98 Briesnitz;StB 9 Cotta/westliche Ortschaften;17 Briesnitz und westliche OS;Neubau;2002;5;3
98 Briesnitz;StB 9 Cotta/westliche Ortschaften;17 Briesnitz und westliche OS;Neubau;2003;11;9
98 Briesnitz;StB 9 Cotta/westliche Ortschaften;17 Briesnitz und westliche OS;Neubau;2004;21;17
98 Briesnitz;StB 9 Cotta/westliche Ortschaften;17 Briesnitz und westliche OS;Neubau;2005;28;29
98 Briesnitz;StB 9 Cotta/westliche Ortschaften;17 Briesnitz und westliche OS;Neubau;2006;28;25
98 Briesnitz;StB 9 Cotta/westliche Ortschaften;17 Briesnitz und westliche OS;Neubau;2007;11;12
98 Briesnitz;StB 9 Cotta/westliche Ortschaften;17 Briesnitz und westliche OS;Neubau;2008;5;4
98 Briesnitz;StB 9 Cotta/westliche Ortschaften;17 Briesnitz und westliche OS;Neubau;2009;12;12
98 Briesnitz;StB 9 Cotta/westliche Ortschaften;17 Briesnitz und westliche OS;Neubau;2010;37;34
98 Briesnitz;StB 9 Cotta/westliche Ortschaften;17 Briesnitz und westliche OS;Neubau;2011;27;23
98 Briesnitz;StB 9 Cotta/westliche Ortschaften;17 Briesnitz und westliche OS;Neubau;2012;21;26
98 Briesnitz;StB 9 Cotta/westliche Ortschaften;17 Briesnitz und westliche OS;Neubau;2013;17;28
98 Briesnitz;StB 9 Cotta/westliche Ortschaften;17 Briesnitz und westliche OS;Neubau;2014;35;47
98 Briesnitz;StB 9 Cotta/westliche Ortschaften;17 Briesnitz und westliche OS;Neubau;2015;12;17
98 Briesnitz;StB 9 Cotta/westliche Ortschaften;17 Briesnitz und westliche OS;Neubau;2016;12;30
98 Briesnitz;StB 9 Cotta/westliche Ortschaften;17 Briesnitz und westliche OS;Neubau;2017;19;53
98 Briesnitz;StB 9 Cotta/westliche Ortschaften;17 Briesnitz und westliche OS;Neubau;2018;26;47
98 Briesnitz;StB 9 Cotta/westliche Ortschaften;17 Briesnitz und westliche OS;Neubau;2019;35;71
98 Briesnitz;StB 9 Cotta/westliche Ortschaften;17 Briesnitz und westliche OS;Neubau;2020;7;17
98 Briesnitz;StB 9 Cotta/westliche Ortschaften;17 Briesnitz und westliche OS;Neubau;2021;7;6
98 Briesnitz;StB 9 Cotta/westliche Ortschaften;17 Briesnitz und westliche OS;Neubau;2022;2;7
98 Briesnitz;StB 9 Cotta/westliche Ortschaften;17 Briesnitz und westliche OS;Neubau;2023;7;30
98 Briesnitz;StB 9 Cotta/westliche Ortschaften;17 Briesnitz und westliche OS;Neubau;2024;7;9
98 Briesnitz;StB 9 Cotta/westliche Ortschaften;17 Briesnitz und westliche OS;Neubau;2025;9;25
98 Briesnitz;StB 9 Cotta/westliche Ortschaften;17 Briesnitz und westliche OS;Neubau;2026;1;1
98 Briesnitz;StB 9 Cotta/westliche Ortschaften;17 Briesnitz und westliche OS;Neubau;unbekannt;25;37
98 Briesnitz;StB 9 Cotta/westliche Ortschaften;17 Briesnitz und westliche OS;Umbau;1992;3;2
98 Briesnitz;StB 9 Cotta/westliche Ortschaften;17 Briesnitz und westliche OS;Umbau;1993;6;24
98 Briesnitz;StB 9 Cotta/westliche Ortschaften;17 Briesnitz und westliche OS;Umbau;1994;8;32
98 Briesnitz;StB 9 Cotta/westliche Ortschaften;17 Briesnitz und westliche OS;Umbau;1995;5;22
98 Briesnitz;StB 9 Cotta/westliche Ortschaften;17 Briesnitz und westliche OS;Umbau;1996;7;36
98 Briesnitz;StB 9 Cotta/westliche Ortschaften;17 Briesnitz und westliche OS;Umbau;1997;27;119
98 Briesnitz;StB 9 Cotta/westliche Ortschaften;17 Briesnitz und westliche OS;Umbau;1998;18;98
98 Briesnitz;StB 9 Cotta/westliche Ortschaften;17 Briesnitz und westliche OS;Umbau;1999;19;130
98 Briesnitz;StB 9 Cotta/westliche Ortschaften;17 Briesnitz und westliche OS;Umbau;2000;18;67
98 Briesnitz;StB 9 Cotta/westliche Ortschaften;17 Briesnitz und westliche OS;Umbau;2001;23;117
98 Briesnitz;StB 9 Cotta/westliche Ortschaften;17 Briesnitz und westliche OS;Umbau;2002;10;27
98 Briesnitz;StB 9 Cotta/westliche Ortschaften;17 Briesnitz und westliche OS;Umbau;2003;6;22
98 Briesnitz;StB 9 Cotta/westliche Ortschaften;17 Briesnitz und westliche OS;Umbau;2004;16;42
98 Briesnitz;StB 9 Cotta/westliche Ortschaften;17 Briesnitz und westliche OS;Umbau;2005;10;38
98 Briesnitz;StB 9 Cotta/westliche Ortschaften;17 Briesnitz und westliche OS;Umbau;2006;10;36
98 Briesnitz;StB 9 Cotta/westliche Ortschaften;17 Briesnitz und westliche OS;Umbau;2007;11;53
98 Briesnitz;StB 9 Cotta/westliche Ortschaften;17 Briesnitz und westliche OS;Umbau;2008;15;60
98 Briesnitz;StB 9 Cotta/westliche Ortschaften;17 Briesnitz und westliche OS;Umbau;2009;2;4
98 Briesnitz;StB 9 Cotta/westliche Ortschaften;17 Briesnitz und westliche OS;Umbau;2010;14;31
98 Briesnitz;StB 9 Cotta/westliche Ortschaften;17 Briesnitz und westliche OS;Umbau;2011;6;17
98 Briesnitz;StB 9 Cotta/westliche Ortschaften;17 Briesnitz und westliche OS;Umbau;2012;15;49
98 Briesnitz;StB 9 Cotta/westliche Ortschaften;17 Briesnitz und westliche OS;Umbau;2013;13;44
98 Briesnitz;StB 9 Cotta/westliche Ortschaften;17 Briesnitz und westliche OS;Umbau;2014;10;28
98 Briesnitz;StB 9 Cotta/westliche Ortschaften;17 Briesnitz und westliche OS;Umbau;2015;15;26
98 Briesnitz;StB 9 Cotta/westliche Ortschaften;17 Briesnitz und westliche OS;Umbau;2016;17;27
98 Briesnitz;StB 9 Cotta/westliche Ortschaften;17 Briesnitz und westliche OS;Umbau;2017;10;35
98 Briesnitz;StB 9 Cotta/westliche Ortschaften;17 Briesnitz und westliche OS;Umbau;2018;14;30
98 Briesnitz;StB 9 Cotta/westliche Ortschaften;17 Briesnitz und westliche OS;Umbau;2019;27;119
98 Briesnitz;StB 9 Cotta/westliche Ortschaften;17 Briesnitz und westliche OS;Umbau;2020;10;28
98 Briesnitz;StB 9 Cotta/westliche Ortschaften;17 Briesnitz und westliche OS;Umbau;2021;9;25
98 Briesnitz;StB 9 Cotta/westliche Ortschaften;17 Briesnitz und westliche OS;Umbau;2022;7;14
98 Briesnitz;StB 9 Cotta/westliche Ortschaften;17 Briesnitz und westliche OS;Umbau;2023;13;29
98 Briesnitz;StB 9 Cotta/westliche Ortschaften;17 Briesnitz und westliche OS;Umbau;2024;29;135
98 Briesnitz;StB 9 Cotta/westliche Ortschaften;17 Briesnitz und westliche OS;Umbau;2025;15;47
98 Briesnitz;StB 9 Cotta/westliche Ortschaften;17 Briesnitz und westliche OS;Umbau;2026;4;4
98 Briesnitz;StB 9 Cotta/westliche Ortschaften;17 Briesnitz und westliche OS;Umbau;unbekannt;28;75
99 Altfranken/Gompitz;StB 9 Cotta/westliche Ortschaften;17 Briesnitz und westliche OS;Neubau;1997;66;66
99 Altfranken/Gompitz;StB 9 Cotta/westliche Ortschaften;17 Briesnitz und westliche OS;Neubau;1998;11;11
99 Altfranken/Gompitz;StB 9 Cotta/westliche Ortschaften;17 Briesnitz und westliche OS;Neubau;1999;37;42
99 Altfranken/Gompitz;StB 9 Cotta/westliche Ortschaften;17 Briesnitz und westliche OS;Neubau;2000;42;45
99 Altfranken/Gompitz;StB 9 Cotta/westliche Ortschaften;17 Briesnitz und westliche OS;Neubau;2001;47;46
99 Altfranken/Gompitz;StB 9 Cotta/westliche Ortschaften;17 Briesnitz und westliche OS;Neubau;2002;42;43
99 Altfranken/Gompitz;StB 9 Cotta/westliche Ortschaften;17 Briesnitz und westliche OS;Neubau;2003;39;38
99 Altfranken/Gompitz;StB 9 Cotta/westliche Ortschaften;17 Briesnitz und westliche OS;Neubau;2004;32;32
99 Altfranken/Gompitz;StB 9 Cotta/westliche Ortschaften;17 Briesnitz und westliche OS;Neubau;2005;13;13
99 Altfranken/Gompitz;StB 9 Cotta/westliche Ortschaften;17 Briesnitz und westliche OS;Neubau;2006;17;15
99 Altfranken/Gompitz;StB 9 Cotta/westliche Ortschaften;17 Briesnitz und westliche OS;Neubau;2007;20;19
99 Altfranken/Gompitz;StB 9 Cotta/westliche Ortschaften;17 Briesnitz und westliche OS;Neubau;2008;27;30
99 Altfranken/Gompitz;StB 9 Cotta/westliche Ortschaften;17 Briesnitz und westliche OS;Neubau;2009;18;19
99 Altfranken/Gompitz;StB 9 Cotta/westliche Ortschaften;17 Briesnitz und westliche OS;Neubau;2010;12;12
99 Altfranken/Gompitz;StB 9 Cotta/westliche Ortschaften;17 Briesnitz und westliche OS;Neubau;2011;14;12
99 Altfranken/Gompitz;StB 9 Cotta/westliche Ortschaften;17 Briesnitz und westliche OS;Neubau;2012;31;32
99 Altfranken/Gompitz;StB 9 Cotta/westliche Ortschaften;17 Briesnitz und westliche OS;Neubau;2013;29;30
99 Altfranken/Gompitz;StB 9 Cotta/westliche Ortschaften;17 Briesnitz und westliche OS;Neubau;2014;20;24
99 Altfranken/Gompitz;StB 9 Cotta/westliche Ortschaften;17 Briesnitz und westliche OS;Neubau;2015;10;8
99 Altfranken/Gompitz;StB 9 Cotta/westliche Ortschaften;17 Briesnitz und westliche OS;Neubau;2016;10;15
99 Altfranken/Gompitz;StB 9 Cotta/westliche Ortschaften;17 Briesnitz und westliche OS;Neubau;2017;12;31
99 Altfranken/Gompitz;StB 9 Cotta/westliche Ortschaften;17 Briesnitz und westliche OS;Neubau;2018;5;2
99 Altfranken/Gompitz;StB 9 Cotta/westliche Ortschaften;17 Briesnitz und westliche OS;Neubau;2019;6;4
99 Altfranken/Gompitz;StB 9 Cotta/westliche Ortschaften;17 Briesnitz und westliche OS;Neubau;2020;6;5
99 Altfranken/Gompitz;StB 9 Cotta/westliche Ortschaften;17 Briesnitz und westliche OS;Neubau;2021;4;4
99 Altfranken/Gompitz;StB 9 Cotta/westliche Ortschaften;17 Briesnitz und westliche OS;Neubau;2022;9;9
99 Altfranken/Gompitz;StB 9 Cotta/westliche Ortschaften;17 Briesnitz und westliche OS;Neubau;2023;7;9
99 Altfranken/Gompitz;StB 9 Cotta/westliche Ortschaften;17 Briesnitz und westliche OS;Neubau;2024;7;7
99 Altfranken/Gompitz;StB 9 Cotta/westliche Ortschaften;17 Briesnitz und westliche OS;Neubau;2025;3;2
99 Altfranken/Gompitz;StB 9 Cotta/westliche Ortschaften;17 Briesnitz und westliche OS;Neubau;2026;1;1
99 Altfranken/Gompitz;StB 9 Cotta/westliche Ortschaften;17 Briesnitz und westliche OS;Neubau;unbekannt;6;17
99 Altfranken/Gompitz;StB 9 Cotta/westliche Ortschaften;17 Briesnitz und westliche OS;Umbau;1999;2;12
99 Altfranken/Gompitz;StB 9 Cotta/westliche Ortschaften;17 Briesnitz und westliche OS;Umbau;2000;4;8
99 Altfranken/Gompitz;StB 9 Cotta/westliche Ortschaften;17 Briesnitz und westliche OS;Umbau;2001;1;2
99 Altfranken/Gompitz;StB 9 Cotta/westliche Ortschaften;17 Briesnitz und westliche OS;Umbau;2002;2;3
99 Altfranken/Gompitz;StB 9 Cotta/westliche Ortschaften;17 Briesnitz und westliche OS;Umbau;2003;3;5
99 Altfranken/Gompitz;StB 9 Cotta/westliche Ortschaften;17 Briesnitz und westliche OS;Umbau;2004;7;8
99 Altfranken/Gompitz;StB 9 Cotta/westliche Ortschaften;17 Briesnitz und westliche OS;Umbau;2005;4;9
99 Altfranken/Gompitz;StB 9 Cotta/westliche Ortschaften;17 Briesnitz und westliche OS;Umbau;2006;3;4
99 Altfranken/Gompitz;StB 9 Cotta/westliche Ortschaften;17 Briesnitz und westliche OS;Umbau;2007;6;7
99 Altfranken/Gompitz;StB 9 Cotta/westliche Ortschaften;17 Briesnitz und westliche OS;Umbau;2008;3;4
99 Altfranken/Gompitz;StB 9 Cotta/westliche Ortschaften;17 Briesnitz und westliche OS;Umbau;2009;3;2
99 Altfranken/Gompitz;StB 9 Cotta/westliche Ortschaften;17 Briesnitz und westliche OS;Umbau;2010;4;5
99 Altfranken/Gompitz;StB 9 Cotta/westliche Ortschaften;17 Briesnitz und westliche OS;Umbau;2011;6;11
99 Altfranken/Gompitz;StB 9 Cotta/westliche Ortschaften;17 Briesnitz und westliche OS;Umbau;2012;4;5
99 Altfranken/Gompitz;StB 9 Cotta/westliche Ortschaften;17 Briesnitz und westliche OS;Umbau;2013;4;1
99 Altfranken/Gompitz;StB 9 Cotta/westliche Ortschaften;17 Briesnitz und westliche OS;Umbau;2014;5;15
99 Altfranken/Gompitz;StB 9 Cotta/westliche Ortschaften;17 Briesnitz und westliche OS;Umbau;2015;5;6
99 Altfranken/Gompitz;StB 9 Cotta/westliche Ortschaften;17 Briesnitz und westliche OS;Umbau;2016;6;26
99 Altfranken/Gompitz;StB 9 Cotta/westliche Ortschaften;17 Briesnitz und westliche OS;Umbau;2017;5;5
99 Altfranken/Gompitz;StB 9 Cotta/westliche Ortschaften;17 Briesnitz und westliche OS;Umbau;2018;4;6
99 Altfranken/Gompitz;StB 9 Cotta/westliche Ortschaften;17 Briesnitz und westliche OS;Umbau;2019;2;2
99 Altfranken/Gompitz;StB 9 Cotta/westliche Ortschaften;17 Briesnitz und westliche OS;Umbau;2020;2;1
99 Altfranken/Gompitz;StB 9 Cotta/westliche Ortschaften;17 Briesnitz und westliche OS;Umbau;2021;1;1
99 Altfranken/Gompitz;StB 9 Cotta/westliche Ortschaften;17 Briesnitz und westliche OS;Umbau;2022;5;6
99 Altfranken/Gompitz;StB 9 Cotta/westliche Ortschaften;17 Briesnitz und westliche OS;Umbau;2023;8;7
99 Altfranken/Gompitz;StB 9 Cotta/westliche Ortschaften;17 Briesnitz und westliche OS;Umbau;2024;6;13
99 Altfranken/Gompitz;StB 9 Cotta/westliche Ortschaften;17 Briesnitz und westliche OS;Umbau;2025;5;5
99 Altfranken/Gompitz;StB 9 Cotta/westliche Ortschaften;17 Briesnitz und westliche OS;Umbau;unbekannt;13;23
