Jahr;Geschlecht;Alter;Anzahl Einwohner
1999;männlich;"  0 Jahre";15
1999;männlich;"  3 Jahre";1
1999;männlich;"  8 Jahre";1
1999;männlich;" 16 Jahre";3
1999;männlich;" 17 Jahre";1
1999;männlich;" 18 Jahre";3
1999;männlich;" 19 Jahre";1
1999;männlich;" 20 Jahre";2
1999;männlich;" 22 Jahre";2
1999;männlich;" 23 Jahre";1
1999;männlich;" 24 Jahre";2
1999;männlich;" 25 Jahre";3
1999;männlich;" 26 Jahre";2
1999;männlich;" 27 Jahre";2
1999;männlich;" 28 Jahre";1
1999;männlich;" 29 Jahre";2
1999;männlich;" 30 Jahre";7
1999;männlich;" 31 Jahre";4
1999;männlich;" 32 Jahre";2
1999;männlich;" 33 Jahre";5
1999;männlich;" 34 Jahre";3
1999;männlich;" 35 Jahre";5
1999;männlich;" 36 Jahre";6
1999;männlich;" 37 Jahre";4
1999;männlich;" 38 Jahre";6
1999;männlich;" 39 Jahre";4
1999;männlich;" 40 Jahre";5
1999;männlich;" 41 Jahre";4
1999;männlich;" 42 Jahre";7
1999;männlich;" 43 Jahre";5
1999;männlich;" 44 Jahre";13
1999;männlich;" 45 Jahre";15
1999;männlich;" 46 Jahre";18
1999;männlich;" 47 Jahre";11
1999;männlich;" 48 Jahre";20
1999;männlich;" 49 Jahre";15
1999;männlich;" 50 Jahre";13
1999;männlich;" 51 Jahre";16
1999;männlich;" 52 Jahre";9
1999;männlich;" 53 Jahre";14
1999;männlich;" 54 Jahre";17
1999;männlich;" 55 Jahre";24
1999;männlich;" 56 Jahre";25
1999;männlich;" 57 Jahre";18
1999;männlich;" 58 Jahre";31
1999;männlich;" 59 Jahre";25
1999;männlich;" 60 Jahre";32
1999;männlich;" 61 Jahre";29
1999;männlich;" 62 Jahre";41
1999;männlich;" 63 Jahre";39
1999;männlich;" 64 Jahre";57
1999;männlich;" 65 Jahre";36
1999;männlich;" 66 Jahre";31
1999;männlich;" 67 Jahre";49
1999;männlich;" 68 Jahre";58
1999;männlich;" 69 Jahre";56
1999;männlich;" 70 Jahre";45
1999;männlich;" 71 Jahre";44
1999;männlich;" 72 Jahre";48
1999;männlich;" 73 Jahre";51
1999;männlich;" 74 Jahre";42
1999;männlich;" 75 Jahre";54
1999;männlich;" 76 Jahre";60
1999;männlich;" 77 Jahre";51
1999;männlich;" 78 Jahre";75
1999;männlich;" 79 Jahre";67
1999;männlich;" 80 Jahre";38
1999;männlich;" 81 Jahre";31
1999;männlich;" 82 Jahre";37
1999;männlich;" 83 Jahre";32
1999;männlich;" 84 Jahre";45
1999;männlich;" 85 Jahre";81
1999;männlich;" 86 Jahre";56
1999;männlich;" 87 Jahre";47
1999;männlich;" 88 Jahre";47
1999;männlich;" 89 Jahre";49
1999;männlich;" 90 Jahre";40
1999;männlich;" 91 Jahre";46
1999;männlich;" 92 Jahre";35
1999;männlich;" 93 Jahre";28
1999;männlich;" 94 Jahre";16
1999;männlich;" 95 Jahre";13
1999;männlich;" 96 Jahre";6
1999;männlich;" 97 Jahre";4
1999;männlich;" 98 Jahre";2
1999;männlich;" 99 Jahre";1
1999;männlich;100 Jahre;2
1999;männlich;101 Jahre;1
1999;männlich;106 Jahre;1
1999;weiblich;"  0 Jahre";7
1999;weiblich;"  8 Jahre";1
1999;weiblich;" 10 Jahre";1
1999;weiblich;" 13 Jahre";1
1999;weiblich;" 19 Jahre";1
1999;weiblich;" 21 Jahre";2
1999;weiblich;" 23 Jahre";1
1999;weiblich;" 26 Jahre";1
1999;weiblich;" 28 Jahre";3
1999;weiblich;" 30 Jahre";1
1999;weiblich;" 31 Jahre";1
1999;weiblich;" 32 Jahre";2
1999;weiblich;" 33 Jahre";2
1999;weiblich;" 34 Jahre";2
1999;weiblich;" 36 Jahre";3
1999;weiblich;" 38 Jahre";2
1999;weiblich;" 40 Jahre";4
1999;weiblich;" 41 Jahre";2
1999;weiblich;" 42 Jahre";3
1999;weiblich;" 43 Jahre";3
1999;weiblich;" 44 Jahre";5
1999;weiblich;" 45 Jahre";5
1999;weiblich;" 46 Jahre";8
1999;weiblich;" 47 Jahre";8
1999;weiblich;" 48 Jahre";11
1999;weiblich;" 49 Jahre";4
1999;weiblich;" 50 Jahre";6
1999;weiblich;" 51 Jahre";7
1999;weiblich;" 52 Jahre";5
1999;weiblich;" 53 Jahre";6
1999;weiblich;" 54 Jahre";11
1999;weiblich;" 55 Jahre";7
1999;weiblich;" 56 Jahre";13
1999;weiblich;" 57 Jahre";9
1999;weiblich;" 58 Jahre";15
1999;weiblich;" 59 Jahre";15
1999;weiblich;" 60 Jahre";14
1999;weiblich;" 61 Jahre";15
1999;weiblich;" 62 Jahre";18
1999;weiblich;" 63 Jahre";22
1999;weiblich;" 64 Jahre";22
1999;weiblich;" 65 Jahre";20
1999;weiblich;" 66 Jahre";14
1999;weiblich;" 67 Jahre";32
1999;weiblich;" 68 Jahre";33
1999;weiblich;" 69 Jahre";25
1999;weiblich;" 70 Jahre";28
1999;weiblich;" 71 Jahre";34
1999;weiblich;" 72 Jahre";44
1999;weiblich;" 73 Jahre";51
1999;weiblich;" 74 Jahre";62
1999;weiblich;" 75 Jahre";56
1999;weiblich;" 76 Jahre";56
1999;weiblich;" 77 Jahre";71
1999;weiblich;" 78 Jahre";82
1999;weiblich;" 79 Jahre";98
1999;weiblich;" 80 Jahre";52
1999;weiblich;" 81 Jahre";48
1999;weiblich;" 82 Jahre";58
1999;weiblich;" 83 Jahre";86
1999;weiblich;" 84 Jahre";99
1999;weiblich;" 85 Jahre";134
1999;weiblich;" 86 Jahre";140
1999;weiblich;" 87 Jahre";132
1999;weiblich;" 88 Jahre";117
1999;weiblich;" 89 Jahre";116
1999;weiblich;" 90 Jahre";127
1999;weiblich;" 91 Jahre";121
1999;weiblich;" 92 Jahre";101
1999;weiblich;" 93 Jahre";80
1999;weiblich;" 94 Jahre";52
1999;weiblich;" 95 Jahre";54
1999;weiblich;" 96 Jahre";46
1999;weiblich;" 97 Jahre";17
1999;weiblich;" 98 Jahre";19
1999;weiblich;" 99 Jahre";10
1999;weiblich;100 Jahre;5
1999;weiblich;102 Jahre;2
1999;weiblich;103 Jahre;2
2000;männlich;"  0 Jahre";6
2000;männlich;" 11 Jahre";1
2000;männlich;" 14 Jahre";1
2000;männlich;" 17 Jahre";1
2000;männlich;" 18 Jahre";1
2000;männlich;" 19 Jahre";5
2000;männlich;" 20 Jahre";3
2000;männlich;" 21 Jahre";3
2000;männlich;" 22 Jahre";2
2000;männlich;" 23 Jahre";4
2000;männlich;" 24 Jahre";4
2000;männlich;" 25 Jahre";3
2000;männlich;" 27 Jahre";1
2000;männlich;" 28 Jahre";3
2000;männlich;" 29 Jahre";2
2000;männlich;" 30 Jahre";2
2000;männlich;" 31 Jahre";7
2000;männlich;" 32 Jahre";3
2000;männlich;" 33 Jahre";6
2000;männlich;" 34 Jahre";9
2000;männlich;" 35 Jahre";6
2000;männlich;" 36 Jahre";7
2000;männlich;" 37 Jahre";9
2000;männlich;" 38 Jahre";13
2000;männlich;" 39 Jahre";4
2000;männlich;" 40 Jahre";8
2000;männlich;" 41 Jahre";12
2000;männlich;" 42 Jahre";14
2000;männlich;" 43 Jahre";14
2000;männlich;" 44 Jahre";4
2000;männlich;" 45 Jahre";7
2000;männlich;" 46 Jahre";16
2000;männlich;" 47 Jahre";11
2000;männlich;" 48 Jahre";12
2000;männlich;" 49 Jahre";15
2000;männlich;" 50 Jahre";16
2000;männlich;" 51 Jahre";21
2000;männlich;" 52 Jahre";8
2000;männlich;" 53 Jahre";11
2000;männlich;" 54 Jahre";26
2000;männlich;" 55 Jahre";28
2000;männlich;" 56 Jahre";20
2000;männlich;" 57 Jahre";24
2000;männlich;" 58 Jahre";22
2000;männlich;" 59 Jahre";26
2000;männlich;" 60 Jahre";40
2000;männlich;" 61 Jahre";32
2000;männlich;" 62 Jahre";48
2000;männlich;" 63 Jahre";33
2000;männlich;" 64 Jahre";38
2000;männlich;" 65 Jahre";70
2000;männlich;" 66 Jahre";40
2000;männlich;" 67 Jahre";45
2000;männlich;" 68 Jahre";47
2000;männlich;" 69 Jahre";54
2000;männlich;" 70 Jahre";55
2000;männlich;" 71 Jahre";72
2000;männlich;" 72 Jahre";37
2000;männlich;" 73 Jahre";48
2000;männlich;" 74 Jahre";41
2000;männlich;" 75 Jahre";43
2000;männlich;" 76 Jahre";38
2000;männlich;" 77 Jahre";51
2000;männlich;" 78 Jahre";49
2000;männlich;" 79 Jahre";75
2000;männlich;" 80 Jahre";78
2000;männlich;" 81 Jahre";35
2000;männlich;" 82 Jahre";37
2000;männlich;" 83 Jahre";38
2000;männlich;" 84 Jahre";44
2000;männlich;" 85 Jahre";57
2000;männlich;" 86 Jahre";54
2000;männlich;" 87 Jahre";67
2000;männlich;" 88 Jahre";51
2000;männlich;" 89 Jahre";62
2000;männlich;" 90 Jahre";34
2000;männlich;" 91 Jahre";49
2000;männlich;" 92 Jahre";34
2000;männlich;" 93 Jahre";21
2000;männlich;" 94 Jahre";21
2000;männlich;" 95 Jahre";13
2000;männlich;" 96 Jahre";5
2000;männlich;" 97 Jahre";8
2000;männlich;" 98 Jahre";3
2000;männlich;" 99 Jahre";2
2000;männlich;100 Jahre;2
2000;männlich;101 Jahre;2
2000;weiblich;"  0 Jahre";8
2000;weiblich;"  1 Jahre";2
2000;weiblich;" 14 Jahre";1
2000;weiblich;" 19 Jahre";1
2000;weiblich;" 22 Jahre";1
2000;weiblich;" 25 Jahre";3
2000;weiblich;" 27 Jahre";2
2000;weiblich;" 29 Jahre";1
2000;weiblich;" 31 Jahre";1
2000;weiblich;" 32 Jahre";2
2000;weiblich;" 33 Jahre";1
2000;weiblich;" 35 Jahre";2
2000;weiblich;" 37 Jahre";2
2000;weiblich;" 38 Jahre";2
2000;weiblich;" 39 Jahre";2
2000;weiblich;" 40 Jahre";4
2000;weiblich;" 41 Jahre";5
2000;weiblich;" 42 Jahre";3
2000;weiblich;" 43 Jahre";6
2000;weiblich;" 45 Jahre";2
2000;weiblich;" 46 Jahre";5
2000;weiblich;" 47 Jahre";1
2000;weiblich;" 48 Jahre";3
2000;weiblich;" 49 Jahre";4
2000;weiblich;" 50 Jahre";3
2000;weiblich;" 51 Jahre";8
2000;weiblich;" 52 Jahre";5
2000;weiblich;" 53 Jahre";7
2000;weiblich;" 54 Jahre";4
2000;weiblich;" 55 Jahre";8
2000;weiblich;" 56 Jahre";18
2000;weiblich;" 57 Jahre";14
2000;weiblich;" 58 Jahre";10
2000;weiblich;" 59 Jahre";12
2000;weiblich;" 60 Jahre";20
2000;weiblich;" 61 Jahre";14
2000;weiblich;" 62 Jahre";22
2000;weiblich;" 63 Jahre";30
2000;weiblich;" 64 Jahre";34
2000;weiblich;" 65 Jahre";22
2000;weiblich;" 66 Jahre";17
2000;weiblich;" 67 Jahre";22
2000;weiblich;" 68 Jahre";25
2000;weiblich;" 69 Jahre";35
2000;weiblich;" 70 Jahre";30
2000;weiblich;" 71 Jahre";30
2000;weiblich;" 72 Jahre";39
2000;weiblich;" 73 Jahre";48
2000;weiblich;" 74 Jahre";58
2000;weiblich;" 75 Jahre";56
2000;weiblich;" 76 Jahre";71
2000;weiblich;" 77 Jahre";58
2000;weiblich;" 78 Jahre";93
2000;weiblich;" 79 Jahre";92
2000;weiblich;" 80 Jahre";108
2000;weiblich;" 81 Jahre";69
2000;weiblich;" 82 Jahre";46
2000;weiblich;" 83 Jahre";70
2000;weiblich;" 84 Jahre";95
2000;weiblich;" 85 Jahre";146
2000;weiblich;" 86 Jahre";130
2000;weiblich;" 87 Jahre";137
2000;weiblich;" 88 Jahre";140
2000;weiblich;" 89 Jahre";108
2000;weiblich;" 90 Jahre";126
2000;weiblich;" 91 Jahre";115
2000;weiblich;" 92 Jahre";106
2000;weiblich;" 93 Jahre";105
2000;weiblich;" 94 Jahre";68
2000;weiblich;" 95 Jahre";55
2000;weiblich;" 96 Jahre";39
2000;weiblich;" 97 Jahre";25
2000;weiblich;" 98 Jahre";25
2000;weiblich;" 99 Jahre";11
2000;weiblich;100 Jahre;8
2000;weiblich;101 Jahre;10
2000;weiblich;102 Jahre;5
2000;weiblich;103 Jahre;1
2000;weiblich;105 Jahre;1
2001;männlich;"  0 Jahre";7
2001;männlich;"  3 Jahre";1
2001;männlich;" 10 Jahre";1
2001;männlich;" 11 Jahre";1
2001;männlich;" 17 Jahre";1
2001;männlich;" 18 Jahre";2
2001;männlich;" 19 Jahre";2
2001;männlich;" 20 Jahre";2
2001;männlich;" 21 Jahre";4
2001;männlich;" 22 Jahre";1
2001;männlich;" 23 Jahre";3
2001;männlich;" 24 Jahre";2
2001;männlich;" 25 Jahre";2
2001;männlich;" 26 Jahre";4
2001;männlich;" 28 Jahre";2
2001;männlich;" 29 Jahre";4
2001;männlich;" 31 Jahre";2
2001;männlich;" 32 Jahre";5
2001;männlich;" 33 Jahre";4
2001;männlich;" 34 Jahre";3
2001;männlich;" 35 Jahre";3
2001;männlich;" 36 Jahre";6
2001;männlich;" 37 Jahre";5
2001;männlich;" 38 Jahre";4
2001;männlich;" 39 Jahre";8
2001;männlich;" 40 Jahre";6
2001;männlich;" 41 Jahre";5
2001;männlich;" 42 Jahre";7
2001;männlich;" 43 Jahre";7
2001;männlich;" 44 Jahre";12
2001;männlich;" 45 Jahre";13
2001;männlich;" 46 Jahre";14
2001;männlich;" 47 Jahre";13
2001;männlich;" 48 Jahre";11
2001;männlich;" 49 Jahre";19
2001;männlich;" 50 Jahre";11
2001;männlich;" 51 Jahre";16
2001;männlich;" 52 Jahre";16
2001;männlich;" 53 Jahre";14
2001;männlich;" 54 Jahre";20
2001;männlich;" 55 Jahre";15
2001;männlich;" 56 Jahre";15
2001;männlich;" 57 Jahre";25
2001;männlich;" 58 Jahre";25
2001;männlich;" 59 Jahre";37
2001;männlich;" 60 Jahre";47
2001;männlich;" 61 Jahre";43
2001;männlich;" 62 Jahre";40
2001;männlich;" 63 Jahre";35
2001;männlich;" 64 Jahre";45
2001;männlich;" 65 Jahre";52
2001;männlich;" 66 Jahre";48
2001;männlich;" 67 Jahre";50
2001;männlich;" 68 Jahre";37
2001;männlich;" 69 Jahre";36
2001;männlich;" 70 Jahre";56
2001;männlich;" 71 Jahre";70
2001;männlich;" 72 Jahre";62
2001;männlich;" 73 Jahre";60
2001;männlich;" 74 Jahre";49
2001;männlich;" 75 Jahre";51
2001;männlich;" 76 Jahre";54
2001;männlich;" 77 Jahre";51
2001;männlich;" 78 Jahre";53
2001;männlich;" 79 Jahre";60
2001;männlich;" 80 Jahre";65
2001;männlich;" 81 Jahre";65
2001;männlich;" 82 Jahre";36
2001;männlich;" 83 Jahre";37
2001;männlich;" 84 Jahre";48
2001;männlich;" 85 Jahre";36
2001;männlich;" 86 Jahre";39
2001;männlich;" 87 Jahre";48
2001;männlich;" 88 Jahre";46
2001;männlich;" 89 Jahre";40
2001;männlich;" 90 Jahre";41
2001;männlich;" 91 Jahre";31
2001;männlich;" 92 Jahre";31
2001;männlich;" 93 Jahre";26
2001;männlich;" 94 Jahre";17
2001;männlich;" 95 Jahre";15
2001;männlich;" 96 Jahre";11
2001;männlich;" 97 Jahre";8
2001;männlich;" 98 Jahre";1
2001;männlich;" 99 Jahre";1
2001;männlich;100 Jahre;1
2001;weiblich;"  0 Jahre";4
2001;weiblich;"  3 Jahre";1
2001;weiblich;"  4 Jahre";1
2001;weiblich;"  5 Jahre";1
2001;weiblich;"  7 Jahre";1
2001;weiblich;" 10 Jahre";1
2001;weiblich;" 16 Jahre";1
2001;weiblich;" 19 Jahre";2
2001;weiblich;" 20 Jahre";3
2001;weiblich;" 22 Jahre";1
2001;weiblich;" 28 Jahre";3
2001;weiblich;" 29 Jahre";2
2001;weiblich;" 32 Jahre";1
2001;weiblich;" 33 Jahre";1
2001;weiblich;" 34 Jahre";3
2001;weiblich;" 35 Jahre";2
2001;weiblich;" 36 Jahre";3
2001;weiblich;" 37 Jahre";3
2001;weiblich;" 38 Jahre";4
2001;weiblich;" 39 Jahre";2
2001;weiblich;" 40 Jahre";1
2001;weiblich;" 41 Jahre";4
2001;weiblich;" 42 Jahre";3
2001;weiblich;" 43 Jahre";4
2001;weiblich;" 44 Jahre";5
2001;weiblich;" 45 Jahre";4
2001;weiblich;" 46 Jahre";5
2001;weiblich;" 47 Jahre";3
2001;weiblich;" 48 Jahre";6
2001;weiblich;" 49 Jahre";5
2001;weiblich;" 50 Jahre";6
2001;weiblich;" 51 Jahre";11
2001;weiblich;" 52 Jahre";8
2001;weiblich;" 53 Jahre";10
2001;weiblich;" 54 Jahre";4
2001;weiblich;" 55 Jahre";8
2001;weiblich;" 56 Jahre";12
2001;weiblich;" 57 Jahre";14
2001;weiblich;" 58 Jahre";11
2001;weiblich;" 59 Jahre";11
2001;weiblich;" 60 Jahre";23
2001;weiblich;" 61 Jahre";19
2001;weiblich;" 62 Jahre";21
2001;weiblich;" 63 Jahre";14
2001;weiblich;" 64 Jahre";18
2001;weiblich;" 65 Jahre";22
2001;weiblich;" 66 Jahre";29
2001;weiblich;" 67 Jahre";30
2001;weiblich;" 68 Jahre";21
2001;weiblich;" 69 Jahre";26
2001;weiblich;" 70 Jahre";29
2001;weiblich;" 71 Jahre";41
2001;weiblich;" 72 Jahre";38
2001;weiblich;" 73 Jahre";34
2001;weiblich;" 74 Jahre";40
2001;weiblich;" 75 Jahre";54
2001;weiblich;" 76 Jahre";80
2001;weiblich;" 77 Jahre";64
2001;weiblich;" 78 Jahre";74
2001;weiblich;" 79 Jahre";94
2001;weiblich;" 80 Jahre";114
2001;weiblich;" 81 Jahre";115
2001;weiblich;" 82 Jahre";73
2001;weiblich;" 83 Jahre";56
2001;weiblich;" 84 Jahre";61
2001;weiblich;" 85 Jahre";84
2001;weiblich;" 86 Jahre";122
2001;weiblich;" 87 Jahre";150
2001;weiblich;" 88 Jahre";141
2001;weiblich;" 89 Jahre";129
2001;weiblich;" 90 Jahre";107
2001;weiblich;" 91 Jahre";123
2001;weiblich;" 92 Jahre";113
2001;weiblich;" 93 Jahre";100
2001;weiblich;" 94 Jahre";60
2001;weiblich;" 95 Jahre";52
2001;weiblich;" 96 Jahre";47
2001;weiblich;" 97 Jahre";42
2001;weiblich;" 98 Jahre";17
2001;weiblich;" 99 Jahre";13
2001;weiblich;100 Jahre;8
2001;weiblich;101 Jahre;4
2001;weiblich;102 Jahre;2
2001;weiblich;104 Jahre;1
2003;männlich;"  0 Jahre";7
2003;männlich;"  2 Jahre";1
2003;männlich;" 15 Jahre";2
2003;männlich;" 17 Jahre";2
2003;männlich;" 18 Jahre";1
2003;männlich;" 21 Jahre";2
2003;männlich;" 23 Jahre";4
2003;männlich;" 24 Jahre";1
2003;männlich;" 25 Jahre";4
2003;männlich;" 26 Jahre";3
2003;männlich;" 28 Jahre";5
2003;männlich;" 29 Jahre";3
2003;männlich;" 30 Jahre";2
2003;männlich;" 31 Jahre";1
2003;männlich;" 32 Jahre";3
2003;männlich;" 33 Jahre";2
2003;männlich;" 34 Jahre";3
2003;männlich;" 35 Jahre";4
2003;männlich;" 36 Jahre";6
2003;männlich;" 37 Jahre";7
2003;männlich;" 38 Jahre";7
2003;männlich;" 39 Jahre";10
2003;männlich;" 40 Jahre";6
2003;männlich;" 41 Jahre";2
2003;männlich;" 42 Jahre";12
2003;männlich;" 43 Jahre";11
2003;männlich;" 44 Jahre";9
2003;männlich;" 45 Jahre";7
2003;männlich;" 46 Jahre";12
2003;männlich;" 47 Jahre";7
2003;männlich;" 48 Jahre";9
2003;männlich;" 49 Jahre";18
2003;männlich;" 50 Jahre";22
2003;männlich;" 51 Jahre";15
2003;männlich;" 52 Jahre";15
2003;männlich;" 53 Jahre";11
2003;männlich;" 54 Jahre";16
2003;männlich;" 55 Jahre";13
2003;männlich;" 56 Jahre";16
2003;männlich;" 57 Jahre";18
2003;männlich;" 58 Jahre";20
2003;männlich;" 59 Jahre";33
2003;männlich;" 60 Jahre";26
2003;männlich;" 61 Jahre";19
2003;männlich;" 62 Jahre";42
2003;männlich;" 63 Jahre";39
2003;männlich;" 64 Jahre";42
2003;männlich;" 65 Jahre";39
2003;männlich;" 66 Jahre";36
2003;männlich;" 67 Jahre";57
2003;männlich;" 68 Jahre";55
2003;männlich;" 69 Jahre";48
2003;männlich;" 70 Jahre";51
2003;männlich;" 71 Jahre";40
2003;männlich;" 72 Jahre";58
2003;männlich;" 73 Jahre";57
2003;männlich;" 74 Jahre";62
2003;männlich;" 75 Jahre";72
2003;männlich;" 76 Jahre";55
2003;männlich;" 77 Jahre";65
2003;männlich;" 78 Jahre";54
2003;männlich;" 79 Jahre";69
2003;männlich;" 80 Jahre";59
2003;männlich;" 81 Jahre";65
2003;männlich;" 82 Jahre";57
2003;männlich;" 83 Jahre";95
2003;männlich;" 84 Jahre";42
2003;männlich;" 85 Jahre";42
2003;männlich;" 86 Jahre";32
2003;männlich;" 87 Jahre";30
2003;männlich;" 88 Jahre";40
2003;männlich;" 89 Jahre";47
2003;männlich;" 90 Jahre";48
2003;männlich;" 91 Jahre";50
2003;männlich;" 92 Jahre";33
2003;männlich;" 93 Jahre";20
2003;männlich;" 94 Jahre";19
2003;männlich;" 95 Jahre";11
2003;männlich;" 96 Jahre";15
2003;männlich;" 97 Jahre";13
2003;männlich;" 98 Jahre";6
2003;männlich;" 99 Jahre";3
2003;männlich;100 Jahre;3
2003;männlich;101 Jahre;1
2003;männlich;102 Jahre;1
2003;männlich;103 Jahre;1
2003;weiblich;"  0 Jahre";11
2003;weiblich;"  1 Jahre";3
2003;weiblich;"  2 Jahre";1
2003;weiblich;"  6 Jahre";1
2003;weiblich;"  9 Jahre";1
2003;weiblich;" 11 Jahre";1
2003;weiblich;" 15 Jahre";1
2003;weiblich;" 16 Jahre";1
2003;weiblich;" 17 Jahre";1
2003;weiblich;" 20 Jahre";4
2003;weiblich;" 21 Jahre";1
2003;weiblich;" 22 Jahre";1
2003;weiblich;" 23 Jahre";2
2003;weiblich;" 25 Jahre";1
2003;weiblich;" 27 Jahre";2
2003;weiblich;" 28 Jahre";1
2003;weiblich;" 29 Jahre";1
2003;weiblich;" 32 Jahre";2
2003;weiblich;" 33 Jahre";2
2003;weiblich;" 34 Jahre";1
2003;weiblich;" 36 Jahre";3
2003;weiblich;" 38 Jahre";4
2003;weiblich;" 39 Jahre";1
2003;weiblich;" 41 Jahre";3
2003;weiblich;" 42 Jahre";6
2003;weiblich;" 43 Jahre";1
2003;weiblich;" 44 Jahre";2
2003;weiblich;" 45 Jahre";3
2003;weiblich;" 46 Jahre";3
2003;weiblich;" 47 Jahre";9
2003;weiblich;" 48 Jahre";3
2003;weiblich;" 49 Jahre";12
2003;weiblich;" 50 Jahre";5
2003;weiblich;" 51 Jahre";9
2003;weiblich;" 52 Jahre";6
2003;weiblich;" 53 Jahre";4
2003;weiblich;" 54 Jahre";9
2003;weiblich;" 55 Jahre";9
2003;weiblich;" 56 Jahre";9
2003;weiblich;" 57 Jahre";5
2003;weiblich;" 58 Jahre";3
2003;weiblich;" 59 Jahre";10
2003;weiblich;" 60 Jahre";11
2003;weiblich;" 61 Jahre";18
2003;weiblich;" 62 Jahre";20
2003;weiblich;" 63 Jahre";25
2003;weiblich;" 64 Jahre";24
2003;weiblich;" 65 Jahre";29
2003;weiblich;" 66 Jahre";21
2003;weiblich;" 67 Jahre";20
2003;weiblich;" 68 Jahre";32
2003;weiblich;" 69 Jahre";33
2003;weiblich;" 70 Jahre";28
2003;weiblich;" 71 Jahre";30
2003;weiblich;" 72 Jahre";43
2003;weiblich;" 73 Jahre";35
2003;weiblich;" 74 Jahre";51
2003;weiblich;" 75 Jahre";56
2003;weiblich;" 76 Jahre";52
2003;weiblich;" 77 Jahre";74
2003;weiblich;" 78 Jahre";63
2003;weiblich;" 79 Jahre";76
2003;weiblich;" 80 Jahre";91
2003;weiblich;" 81 Jahre";90
2003;weiblich;" 82 Jahre";107
2003;weiblich;" 83 Jahre";141
2003;weiblich;" 84 Jahre";107
2003;weiblich;" 85 Jahre";68
2003;weiblich;" 86 Jahre";69
2003;weiblich;" 87 Jahre";79
2003;weiblich;" 88 Jahre";124
2003;weiblich;" 89 Jahre";151
2003;weiblich;" 90 Jahre";144
2003;weiblich;" 91 Jahre";143
2003;weiblich;" 92 Jahre";116
2003;weiblich;" 93 Jahre";85
2003;weiblich;" 94 Jahre";75
2003;weiblich;" 95 Jahre";78
2003;weiblich;" 96 Jahre";52
2003;weiblich;" 97 Jahre";46
2003;weiblich;" 98 Jahre";31
2003;weiblich;" 99 Jahre";22
2003;weiblich;100 Jahre;14
2003;weiblich;101 Jahre;8
2003;weiblich;102 Jahre;5
2003;weiblich;103 Jahre;4
2003;weiblich;106 Jahre;2
2004;männlich;"  0 Jahre";7
2004;männlich;"  1 Jahre";6
2004;männlich;"  3 Jahre";1
2004;männlich;"  4 Jahre";1
2004;männlich;"  5 Jahre";1
2004;männlich;" 12 Jahre";1
2004;männlich;" 14 Jahre";1
2004;männlich;" 17 Jahre";1
2004;männlich;" 19 Jahre";1
2004;männlich;" 20 Jahre";2
2004;männlich;" 21 Jahre";2
2004;männlich;" 22 Jahre";4
2004;männlich;" 23 Jahre";3
2004;männlich;" 24 Jahre";1
2004;männlich;" 25 Jahre";1
2004;männlich;" 26 Jahre";2
2004;männlich;" 27 Jahre";2
2004;männlich;" 28 Jahre";2
2004;männlich;" 29 Jahre";2
2004;männlich;" 30 Jahre";1
2004;männlich;" 31 Jahre";4
2004;männlich;" 32 Jahre";3
2004;männlich;" 33 Jahre";3
2004;männlich;" 34 Jahre";4
2004;männlich;" 35 Jahre";4
2004;männlich;" 36 Jahre";5
2004;männlich;" 37 Jahre";5
2004;männlich;" 38 Jahre";2
2004;männlich;" 39 Jahre";9
2004;männlich;" 40 Jahre";8
2004;männlich;" 41 Jahre";8
2004;männlich;" 42 Jahre";8
2004;männlich;" 43 Jahre";6
2004;männlich;" 44 Jahre";12
2004;männlich;" 45 Jahre";12
2004;männlich;" 46 Jahre";9
2004;männlich;" 47 Jahre";15
2004;männlich;" 48 Jahre";16
2004;männlich;" 49 Jahre";20
2004;männlich;" 50 Jahre";17
2004;männlich;" 51 Jahre";14
2004;männlich;" 52 Jahre";20
2004;männlich;" 53 Jahre";19
2004;männlich;" 54 Jahre";19
2004;männlich;" 55 Jahre";21
2004;männlich;" 56 Jahre";13
2004;männlich;" 57 Jahre";13
2004;männlich;" 58 Jahre";21
2004;männlich;" 59 Jahre";16
2004;männlich;" 60 Jahre";31
2004;männlich;" 61 Jahre";40
2004;männlich;" 62 Jahre";30
2004;männlich;" 63 Jahre";41
2004;männlich;" 64 Jahre";45
2004;männlich;" 65 Jahre";47
2004;männlich;" 66 Jahre";45
2004;männlich;" 67 Jahre";51
2004;männlich;" 68 Jahre";49
2004;männlich;" 69 Jahre";40
2004;männlich;" 70 Jahre";53
2004;männlich;" 71 Jahre";50
2004;männlich;" 72 Jahre";65
2004;männlich;" 73 Jahre";58
2004;männlich;" 74 Jahre";58
2004;männlich;" 75 Jahre";79
2004;männlich;" 76 Jahre";66
2004;männlich;" 77 Jahre";51
2004;männlich;" 78 Jahre";65
2004;männlich;" 79 Jahre";61
2004;männlich;" 80 Jahre";53
2004;männlich;" 81 Jahre";45
2004;männlich;" 82 Jahre";48
2004;männlich;" 83 Jahre";68
2004;männlich;" 84 Jahre";78
2004;männlich;" 85 Jahre";47
2004;männlich;" 86 Jahre";25
2004;männlich;" 87 Jahre";19
2004;männlich;" 88 Jahre";25
2004;männlich;" 89 Jahre";40
2004;männlich;" 90 Jahre";40
2004;männlich;" 91 Jahre";50
2004;männlich;" 92 Jahre";32
2004;männlich;" 93 Jahre";24
2004;männlich;" 94 Jahre";29
2004;männlich;" 95 Jahre";23
2004;männlich;" 96 Jahre";10
2004;männlich;" 97 Jahre";9
2004;männlich;" 98 Jahre";8
2004;männlich;" 99 Jahre";6
2004;männlich;100 Jahre;2
2004;männlich;101 Jahre;2
2004;männlich;107 Jahre;1
2004;weiblich;"  0 Jahre";8
2004;weiblich;"  1 Jahre";5
2004;weiblich;" 17 Jahre";1
2004;weiblich;" 19 Jahre";2
2004;weiblich;" 22 Jahre";2
2004;weiblich;" 24 Jahre";1
2004;weiblich;" 26 Jahre";1
2004;weiblich;" 31 Jahre";2
2004;weiblich;" 32 Jahre";1
2004;weiblich;" 33 Jahre";1
2004;weiblich;" 35 Jahre";4
2004;weiblich;" 36 Jahre";1
2004;weiblich;" 37 Jahre";2
2004;weiblich;" 39 Jahre";3
2004;weiblich;" 40 Jahre";4
2004;weiblich;" 41 Jahre";4
2004;weiblich;" 42 Jahre";4
2004;weiblich;" 43 Jahre";4
2004;weiblich;" 44 Jahre";2
2004;weiblich;" 45 Jahre";3
2004;weiblich;" 46 Jahre";3
2004;weiblich;" 47 Jahre";5
2004;weiblich;" 48 Jahre";10
2004;weiblich;" 49 Jahre";5
2004;weiblich;" 50 Jahre";5
2004;weiblich;" 51 Jahre";6
2004;weiblich;" 52 Jahre";12
2004;weiblich;" 53 Jahre";8
2004;weiblich;" 54 Jahre";3
2004;weiblich;" 55 Jahre";4
2004;weiblich;" 56 Jahre";9
2004;weiblich;" 57 Jahre";5
2004;weiblich;" 58 Jahre";7
2004;weiblich;" 59 Jahre";15
2004;weiblich;" 60 Jahre";17
2004;weiblich;" 61 Jahre";18
2004;weiblich;" 62 Jahre";17
2004;weiblich;" 63 Jahre";24
2004;weiblich;" 64 Jahre";22
2004;weiblich;" 65 Jahre";25
2004;weiblich;" 66 Jahre";24
2004;weiblich;" 67 Jahre";28
2004;weiblich;" 68 Jahre";38
2004;weiblich;" 69 Jahre";27
2004;weiblich;" 70 Jahre";39
2004;weiblich;" 71 Jahre";43
2004;weiblich;" 72 Jahre";39
2004;weiblich;" 73 Jahre";32
2004;weiblich;" 74 Jahre";60
2004;weiblich;" 75 Jahre";63
2004;weiblich;" 76 Jahre";59
2004;weiblich;" 77 Jahre";52
2004;weiblich;" 78 Jahre";68
2004;weiblich;" 79 Jahre";89
2004;weiblich;" 80 Jahre";78
2004;weiblich;" 81 Jahre";80
2004;weiblich;" 82 Jahre";102
2004;weiblich;" 83 Jahre";122
2004;weiblich;" 84 Jahre";154
2004;weiblich;" 85 Jahre";112
2004;weiblich;" 86 Jahre";66
2004;weiblich;" 87 Jahre";61
2004;weiblich;" 88 Jahre";96
2004;weiblich;" 89 Jahre";108
2004;weiblich;" 90 Jahre";140
2004;weiblich;" 91 Jahre";111
2004;weiblich;" 92 Jahre";123
2004;weiblich;" 93 Jahre";91
2004;weiblich;" 94 Jahre";87
2004;weiblich;" 95 Jahre";75
2004;weiblich;" 96 Jahre";61
2004;weiblich;" 97 Jahre";34
2004;weiblich;" 98 Jahre";37
2004;weiblich;" 99 Jahre";24
2004;weiblich;100 Jahre;20
2004;weiblich;101 Jahre;6
2004;weiblich;102 Jahre;5
2004;weiblich;103 Jahre;2
2004;weiblich;104 Jahre;2
2004;weiblich;105 Jahre;2
2004;weiblich;106 Jahre;1
2005;männlich;"  0 Jahre";6
2005;männlich;"  1 Jahre";2
2005;männlich;"  4 Jahre";2
2005;männlich;" 15 Jahre";1
2005;männlich;" 17 Jahre";1
2005;männlich;" 18 Jahre";1
2005;männlich;" 19 Jahre";1
2005;männlich;" 20 Jahre";3
2005;männlich;" 21 Jahre";2
2005;männlich;" 22 Jahre";2
2005;männlich;" 23 Jahre";3
2005;männlich;" 24 Jahre";4
2005;männlich;" 26 Jahre";2
2005;männlich;" 27 Jahre";4
2005;männlich;" 28 Jahre";1
2005;männlich;" 29 Jahre";2
2005;männlich;" 31 Jahre";4
2005;männlich;" 32 Jahre";7
2005;männlich;" 33 Jahre";1
2005;männlich;" 34 Jahre";4
2005;männlich;" 35 Jahre";2
2005;männlich;" 36 Jahre";3
2005;männlich;" 37 Jahre";4
2005;männlich;" 38 Jahre";4
2005;männlich;" 39 Jahre";6
2005;männlich;" 40 Jahre";6
2005;männlich;" 41 Jahre";6
2005;männlich;" 42 Jahre";12
2005;männlich;" 43 Jahre";8
2005;männlich;" 44 Jahre";10
2005;männlich;" 45 Jahre";18
2005;männlich;" 46 Jahre";14
2005;männlich;" 47 Jahre";10
2005;männlich;" 48 Jahre";12
2005;männlich;" 49 Jahre";12
2005;männlich;" 50 Jahre";14
2005;männlich;" 51 Jahre";21
2005;männlich;" 52 Jahre";19
2005;männlich;" 53 Jahre";20
2005;männlich;" 54 Jahre";22
2005;männlich;" 55 Jahre";29
2005;männlich;" 56 Jahre";19
2005;männlich;" 57 Jahre";17
2005;männlich;" 58 Jahre";19
2005;männlich;" 59 Jahre";24
2005;männlich;" 60 Jahre";32
2005;männlich;" 61 Jahre";33
2005;männlich;" 62 Jahre";40
2005;männlich;" 63 Jahre";39
2005;männlich;" 64 Jahre";42
2005;männlich;" 65 Jahre";48
2005;männlich;" 66 Jahre";44
2005;männlich;" 67 Jahre";54
2005;männlich;" 68 Jahre";45
2005;männlich;" 69 Jahre";51
2005;männlich;" 70 Jahre";75
2005;männlich;" 71 Jahre";39
2005;männlich;" 72 Jahre";55
2005;männlich;" 73 Jahre";66
2005;männlich;" 74 Jahre";55
2005;männlich;" 75 Jahre";80
2005;männlich;" 76 Jahre";58
2005;männlich;" 77 Jahre";75
2005;männlich;" 78 Jahre";54
2005;männlich;" 79 Jahre";62
2005;männlich;" 80 Jahre";43
2005;männlich;" 81 Jahre";51
2005;männlich;" 82 Jahre";49
2005;männlich;" 83 Jahre";71
2005;männlich;" 84 Jahre";76
2005;männlich;" 85 Jahre";66
2005;männlich;" 86 Jahre";43
2005;männlich;" 87 Jahre";34
2005;männlich;" 88 Jahre";23
2005;männlich;" 89 Jahre";31
2005;männlich;" 90 Jahre";39
2005;männlich;" 91 Jahre";43
2005;männlich;" 92 Jahre";34
2005;männlich;" 93 Jahre";28
2005;männlich;" 94 Jahre";25
2005;männlich;" 95 Jahre";11
2005;männlich;" 96 Jahre";11
2005;männlich;" 97 Jahre";3
2005;männlich;" 98 Jahre";14
2005;männlich;" 99 Jahre";4
2005;männlich;100 Jahre;1
2005;männlich;103 Jahre;1
2005;weiblich;"  0 Jahre";2
2005;weiblich;"  1 Jahre";1
2005;weiblich;"  6 Jahre";1
2005;weiblich;" 15 Jahre";1
2005;weiblich;" 17 Jahre";2
2005;weiblich;" 19 Jahre";2
2005;weiblich;" 21 Jahre";1
2005;weiblich;" 22 Jahre";2
2005;weiblich;" 23 Jahre";2
2005;weiblich;" 26 Jahre";1
2005;weiblich;" 27 Jahre";1
2005;weiblich;" 28 Jahre";2
2005;weiblich;" 29 Jahre";1
2005;weiblich;" 30 Jahre";3
2005;weiblich;" 33 Jahre";2
2005;weiblich;" 34 Jahre";1
2005;weiblich;" 35 Jahre";2
2005;weiblich;" 37 Jahre";3
2005;weiblich;" 38 Jahre";2
2005;weiblich;" 39 Jahre";3
2005;weiblich;" 40 Jahre";3
2005;weiblich;" 41 Jahre";1
2005;weiblich;" 42 Jahre";1
2005;weiblich;" 43 Jahre";3
2005;weiblich;" 44 Jahre";5
2005;weiblich;" 45 Jahre";3
2005;weiblich;" 46 Jahre";6
2005;weiblich;" 47 Jahre";4
2005;weiblich;" 48 Jahre";2
2005;weiblich;" 49 Jahre";2
2005;weiblich;" 50 Jahre";8
2005;weiblich;" 51 Jahre";9
2005;weiblich;" 52 Jahre";6
2005;weiblich;" 53 Jahre";9
2005;weiblich;" 54 Jahre";14
2005;weiblich;" 55 Jahre";12
2005;weiblich;" 56 Jahre";11
2005;weiblich;" 57 Jahre";7
2005;weiblich;" 58 Jahre";3
2005;weiblich;" 59 Jahre";10
2005;weiblich;" 60 Jahre";20
2005;weiblich;" 61 Jahre";19
2005;weiblich;" 62 Jahre";23
2005;weiblich;" 63 Jahre";23
2005;weiblich;" 64 Jahre";25
2005;weiblich;" 65 Jahre";31
2005;weiblich;" 66 Jahre";16
2005;weiblich;" 67 Jahre";25
2005;weiblich;" 68 Jahre";29
2005;weiblich;" 69 Jahre";41
2005;weiblich;" 70 Jahre";33
2005;weiblich;" 71 Jahre";30
2005;weiblich;" 72 Jahre";39
2005;weiblich;" 73 Jahre";41
2005;weiblich;" 74 Jahre";43
2005;weiblich;" 75 Jahre";51
2005;weiblich;" 76 Jahre";59
2005;weiblich;" 77 Jahre";64
2005;weiblich;" 78 Jahre";68
2005;weiblich;" 79 Jahre";82
2005;weiblich;" 80 Jahre";101
2005;weiblich;" 81 Jahre";71
2005;weiblich;" 82 Jahre";115
2005;weiblich;" 83 Jahre";140
2005;weiblich;" 84 Jahre";151
2005;weiblich;" 85 Jahre";156
2005;weiblich;" 86 Jahre";86
2005;weiblich;" 87 Jahre";57
2005;weiblich;" 88 Jahre";67
2005;weiblich;" 89 Jahre";95
2005;weiblich;" 90 Jahre";114
2005;weiblich;" 91 Jahre";105
2005;weiblich;" 92 Jahre";124
2005;weiblich;" 93 Jahre";99
2005;weiblich;" 94 Jahre";83
2005;weiblich;" 95 Jahre";75
2005;weiblich;" 96 Jahre";49
2005;weiblich;" 97 Jahre";32
2005;weiblich;" 98 Jahre";24
2005;weiblich;" 99 Jahre";25
2005;weiblich;100 Jahre;7
2005;weiblich;101 Jahre;5
2005;weiblich;102 Jahre;3
2005;weiblich;103 Jahre;4
2006;männlich;"  0 Jahre";3
2006;männlich;"  8 Jahre";1
2006;männlich;" 14 Jahre";1
2006;männlich;" 15 Jahre";1
2006;männlich;" 18 Jahre";2
2006;männlich;" 19 Jahre";3
2006;männlich;" 20 Jahre";2
2006;männlich;" 21 Jahre";2
2006;männlich;" 22 Jahre";2
2006;männlich;" 24 Jahre";2
2006;männlich;" 25 Jahre";4
2006;männlich;" 26 Jahre";3
2006;männlich;" 27 Jahre";1
2006;männlich;" 28 Jahre";1
2006;männlich;" 29 Jahre";2
2006;männlich;" 30 Jahre";1
2006;männlich;" 31 Jahre";2
2006;männlich;" 32 Jahre";2
2006;männlich;" 33 Jahre";3
2006;männlich;" 34 Jahre";2
2006;männlich;" 35 Jahre";3
2006;männlich;" 36 Jahre";4
2006;männlich;" 37 Jahre";5
2006;männlich;" 38 Jahre";7
2006;männlich;" 39 Jahre";9
2006;männlich;" 40 Jahre";6
2006;männlich;" 41 Jahre";8
2006;männlich;" 42 Jahre";7
2006;männlich;" 43 Jahre";9
2006;männlich;" 44 Jahre";12
2006;männlich;" 45 Jahre";14
2006;männlich;" 46 Jahre";14
2006;männlich;" 47 Jahre";8
2006;männlich;" 48 Jahre";14
2006;männlich;" 49 Jahre";10
2006;männlich;" 50 Jahre";12
2006;männlich;" 51 Jahre";18
2006;männlich;" 52 Jahre";19
2006;männlich;" 53 Jahre";17
2006;männlich;" 54 Jahre";16
2006;männlich;" 55 Jahre";17
2006;männlich;" 56 Jahre";27
2006;männlich;" 57 Jahre";27
2006;männlich;" 58 Jahre";19
2006;männlich;" 59 Jahre";10
2006;männlich;" 60 Jahre";14
2006;männlich;" 61 Jahre";31
2006;männlich;" 62 Jahre";27
2006;männlich;" 63 Jahre";30
2006;männlich;" 64 Jahre";43
2006;männlich;" 65 Jahre";43
2006;männlich;" 66 Jahre";62
2006;männlich;" 67 Jahre";46
2006;männlich;" 68 Jahre";39
2006;männlich;" 69 Jahre";56
2006;männlich;" 70 Jahre";56
2006;männlich;" 71 Jahre";72
2006;männlich;" 72 Jahre";45
2006;männlich;" 73 Jahre";58
2006;männlich;" 74 Jahre";59
2006;männlich;" 75 Jahre";70
2006;männlich;" 76 Jahre";84
2006;männlich;" 77 Jahre";76
2006;männlich;" 78 Jahre";60
2006;männlich;" 79 Jahre";81
2006;männlich;" 80 Jahre";49
2006;männlich;" 81 Jahre";48
2006;männlich;" 82 Jahre";54
2006;männlich;" 83 Jahre";46
2006;männlich;" 84 Jahre";74
2006;männlich;" 85 Jahre";67
2006;männlich;" 86 Jahre";53
2006;männlich;" 87 Jahre";23
2006;männlich;" 88 Jahre";18
2006;männlich;" 89 Jahre";26
2006;männlich;" 90 Jahre";23
2006;männlich;" 91 Jahre";41
2006;männlich;" 92 Jahre";37
2006;männlich;" 93 Jahre";31
2006;männlich;" 94 Jahre";21
2006;männlich;" 95 Jahre";18
2006;männlich;" 96 Jahre";15
2006;männlich;" 97 Jahre";8
2006;männlich;" 98 Jahre";4
2006;männlich;" 99 Jahre";10
2006;männlich;100 Jahre;6
2006;männlich;101 Jahre;1
2006;männlich;102 Jahre;1
2006;männlich;104 Jahre;1
2006;weiblich;"  0 Jahre";2
2006;weiblich;"  1 Jahre";1
2006;weiblich;" 16 Jahre";1
2006;weiblich;" 17 Jahre";1
2006;weiblich;" 18 Jahre";1
2006;weiblich;" 22 Jahre";1
2006;weiblich;" 26 Jahre";4
2006;weiblich;" 27 Jahre";1
2006;weiblich;" 29 Jahre";1
2006;weiblich;" 32 Jahre";1
2006;weiblich;" 34 Jahre";2
2006;weiblich;" 35 Jahre";1
2006;weiblich;" 37 Jahre";3
2006;weiblich;" 38 Jahre";2
2006;weiblich;" 39 Jahre";2
2006;weiblich;" 40 Jahre";3
2006;weiblich;" 41 Jahre";4
2006;weiblich;" 42 Jahre";3
2006;weiblich;" 43 Jahre";5
2006;weiblich;" 44 Jahre";4
2006;weiblich;" 45 Jahre";4
2006;weiblich;" 46 Jahre";4
2006;weiblich;" 47 Jahre";5
2006;weiblich;" 48 Jahre";6
2006;weiblich;" 50 Jahre";7
2006;weiblich;" 51 Jahre";4
2006;weiblich;" 52 Jahre";7
2006;weiblich;" 53 Jahre";9
2006;weiblich;" 54 Jahre";8
2006;weiblich;" 55 Jahre";8
2006;weiblich;" 56 Jahre";8
2006;weiblich;" 57 Jahre";7
2006;weiblich;" 58 Jahre";7
2006;weiblich;" 59 Jahre";10
2006;weiblich;" 60 Jahre";5
2006;weiblich;" 61 Jahre";16
2006;weiblich;" 62 Jahre";18
2006;weiblich;" 63 Jahre";21
2006;weiblich;" 64 Jahre";16
2006;weiblich;" 65 Jahre";21
2006;weiblich;" 66 Jahre";34
2006;weiblich;" 67 Jahre";25
2006;weiblich;" 68 Jahre";24
2006;weiblich;" 69 Jahre";38
2006;weiblich;" 70 Jahre";35
2006;weiblich;" 71 Jahre";30
2006;weiblich;" 72 Jahre";29
2006;weiblich;" 73 Jahre";26
2006;weiblich;" 74 Jahre";45
2006;weiblich;" 75 Jahre";59
2006;weiblich;" 76 Jahre";52
2006;weiblich;" 77 Jahre";49
2006;weiblich;" 78 Jahre";70
2006;weiblich;" 79 Jahre";68
2006;weiblich;" 80 Jahre";77
2006;weiblich;" 81 Jahre";85
2006;weiblich;" 82 Jahre";94
2006;weiblich;" 83 Jahre";99
2006;weiblich;" 84 Jahre";118
2006;weiblich;" 85 Jahre";164
2006;weiblich;" 86 Jahre";155
2006;weiblich;" 87 Jahre";78
2006;weiblich;" 88 Jahre";64
2006;weiblich;" 89 Jahre";72
2006;weiblich;" 90 Jahre";77
2006;weiblich;" 91 Jahre";112
2006;weiblich;" 92 Jahre";106
2006;weiblich;" 93 Jahre";106
2006;weiblich;" 94 Jahre";92
2006;weiblich;" 95 Jahre";60
2006;weiblich;" 96 Jahre";65
2006;weiblich;" 97 Jahre";50
2006;weiblich;" 98 Jahre";28
2006;weiblich;" 99 Jahre";22
2006;weiblich;100 Jahre;15
2006;weiblich;101 Jahre;5
2006;weiblich;102 Jahre;5
2006;weiblich;103 Jahre;2
2006;weiblich;104 Jahre;3
2006;weiblich;105 Jahre;1
2007;männlich;"  0 Jahre";5
2007;männlich;"  5 Jahre";1
2007;männlich;" 16 Jahre";3
2007;männlich;" 17 Jahre";1
2007;männlich;" 18 Jahre";2
2007;männlich;" 19 Jahre";3
2007;männlich;" 20 Jahre";2
2007;männlich;" 21 Jahre";5
2007;männlich;" 22 Jahre";1
2007;männlich;" 23 Jahre";3
2007;männlich;" 24 Jahre";3
2007;männlich;" 25 Jahre";1
2007;männlich;" 26 Jahre";3
2007;männlich;" 27 Jahre";3
2007;männlich;" 28 Jahre";1
2007;männlich;" 29 Jahre";2
2007;männlich;" 31 Jahre";5
2007;männlich;" 32 Jahre";1
2007;männlich;" 33 Jahre";1
2007;männlich;" 34 Jahre";1
2007;männlich;" 35 Jahre";1
2007;männlich;" 36 Jahre";5
2007;männlich;" 37 Jahre";3
2007;männlich;" 38 Jahre";5
2007;männlich;" 39 Jahre";6
2007;männlich;" 40 Jahre";5
2007;männlich;" 41 Jahre";7
2007;männlich;" 42 Jahre";14
2007;männlich;" 43 Jahre";14
2007;männlich;" 44 Jahre";9
2007;männlich;" 45 Jahre";9
2007;männlich;" 46 Jahre";10
2007;männlich;" 47 Jahre";13
2007;männlich;" 48 Jahre";18
2007;männlich;" 49 Jahre";5
2007;männlich;" 50 Jahre";19
2007;männlich;" 51 Jahre";9
2007;männlich;" 52 Jahre";16
2007;männlich;" 53 Jahre";20
2007;männlich;" 54 Jahre";16
2007;männlich;" 55 Jahre";18
2007;männlich;" 56 Jahre";31
2007;männlich;" 57 Jahre";28
2007;männlich;" 58 Jahre";23
2007;männlich;" 59 Jahre";17
2007;männlich;" 60 Jahre";27
2007;männlich;" 61 Jahre";11
2007;männlich;" 62 Jahre";27
2007;männlich;" 63 Jahre";41
2007;männlich;" 64 Jahre";33
2007;männlich;" 65 Jahre";45
2007;männlich;" 66 Jahre";42
2007;männlich;" 67 Jahre";49
2007;männlich;" 68 Jahre";57
2007;männlich;" 69 Jahre";69
2007;männlich;" 70 Jahre";57
2007;männlich;" 71 Jahre";58
2007;männlich;" 72 Jahre";66
2007;männlich;" 73 Jahre";39
2007;männlich;" 74 Jahre";49
2007;männlich;" 75 Jahre";58
2007;männlich;" 76 Jahre";65
2007;männlich;" 77 Jahre";69
2007;männlich;" 78 Jahre";72
2007;männlich;" 79 Jahre";60
2007;männlich;" 80 Jahre";63
2007;männlich;" 81 Jahre";55
2007;männlich;" 82 Jahre";51
2007;männlich;" 83 Jahre";48
2007;männlich;" 84 Jahre";55
2007;männlich;" 85 Jahre";51
2007;männlich;" 86 Jahre";69
2007;männlich;" 87 Jahre";73
2007;männlich;" 88 Jahre";41
2007;männlich;" 89 Jahre";15
2007;männlich;" 90 Jahre";24
2007;männlich;" 91 Jahre";18
2007;männlich;" 92 Jahre";27
2007;männlich;" 93 Jahre";23
2007;männlich;" 94 Jahre";19
2007;männlich;" 95 Jahre";18
2007;männlich;" 96 Jahre";14
2007;männlich;" 97 Jahre";10
2007;männlich;" 98 Jahre";5
2007;männlich;" 99 Jahre";3
2007;männlich;100 Jahre;1
2007;männlich;101 Jahre;4
2007;männlich;106 Jahre;2
2007;weiblich;"  0 Jahre";5
2007;weiblich;"  1 Jahre";1
2007;weiblich;"  4 Jahre";1
2007;weiblich;"  7 Jahre";1
2007;weiblich;" 18 Jahre";1
2007;weiblich;" 19 Jahre";1
2007;weiblich;" 20 Jahre";1
2007;weiblich;" 21 Jahre";1
2007;weiblich;" 22 Jahre";1
2007;weiblich;" 23 Jahre";1
2007;weiblich;" 24 Jahre";1
2007;weiblich;" 25 Jahre";3
2007;weiblich;" 26 Jahre";1
2007;weiblich;" 27 Jahre";1
2007;weiblich;" 30 Jahre";1
2007;weiblich;" 31 Jahre";1
2007;weiblich;" 32 Jahre";1
2007;weiblich;" 33 Jahre";1
2007;weiblich;" 35 Jahre";2
2007;weiblich;" 36 Jahre";2
2007;weiblich;" 37 Jahre";3
2007;weiblich;" 38 Jahre";2
2007;weiblich;" 39 Jahre";2
2007;weiblich;" 42 Jahre";4
2007;weiblich;" 43 Jahre";6
2007;weiblich;" 44 Jahre";6
2007;weiblich;" 45 Jahre";7
2007;weiblich;" 46 Jahre";6
2007;weiblich;" 47 Jahre";4
2007;weiblich;" 48 Jahre";7
2007;weiblich;" 49 Jahre";4
2007;weiblich;" 50 Jahre";5
2007;weiblich;" 51 Jahre";5
2007;weiblich;" 52 Jahre";4
2007;weiblich;" 53 Jahre";3
2007;weiblich;" 54 Jahre";3
2007;weiblich;" 55 Jahre";5
2007;weiblich;" 56 Jahre";11
2007;weiblich;" 57 Jahre";6
2007;weiblich;" 58 Jahre";15
2007;weiblich;" 59 Jahre";8
2007;weiblich;" 60 Jahre";12
2007;weiblich;" 61 Jahre";8
2007;weiblich;" 62 Jahre";14
2007;weiblich;" 63 Jahre";28
2007;weiblich;" 64 Jahre";24
2007;weiblich;" 65 Jahre";24
2007;weiblich;" 66 Jahre";33
2007;weiblich;" 67 Jahre";37
2007;weiblich;" 68 Jahre";35
2007;weiblich;" 69 Jahre";47
2007;weiblich;" 70 Jahre";32
2007;weiblich;" 71 Jahre";29
2007;weiblich;" 72 Jahre";39
2007;weiblich;" 73 Jahre";37
2007;weiblich;" 74 Jahre";30
2007;weiblich;" 75 Jahre";45
2007;weiblich;" 76 Jahre";51
2007;weiblich;" 77 Jahre";54
2007;weiblich;" 78 Jahre";66
2007;weiblich;" 79 Jahre";62
2007;weiblich;" 80 Jahre";66
2007;weiblich;" 81 Jahre";87
2007;weiblich;" 82 Jahre";91
2007;weiblich;" 83 Jahre";120
2007;weiblich;" 84 Jahre";127
2007;weiblich;" 85 Jahre";135
2007;weiblich;" 86 Jahre";142
2007;weiblich;" 87 Jahre";163
2007;weiblich;" 88 Jahre";100
2007;weiblich;" 89 Jahre";80
2007;weiblich;" 90 Jahre";64
2007;weiblich;" 91 Jahre";66
2007;weiblich;" 92 Jahre";109
2007;weiblich;" 93 Jahre";99
2007;weiblich;" 94 Jahre";97
2007;weiblich;" 95 Jahre";63
2007;weiblich;" 96 Jahre";49
2007;weiblich;" 97 Jahre";39
2007;weiblich;" 98 Jahre";36
2007;weiblich;" 99 Jahre";23
2007;weiblich;100 Jahre;21
2007;weiblich;101 Jahre;9
2007;weiblich;102 Jahre;1
2007;weiblich;103 Jahre;2
2007;weiblich;104 Jahre;2
2007;weiblich;106 Jahre;1
2007;weiblich;107 Jahre;1
2008;männlich;"  0 Jahre";1
2008;männlich;"  1 Jahre";2
2008;männlich;"  3 Jahre";1
2008;männlich;" 13 Jahre";1
2008;männlich;" 18 Jahre";1
2008;männlich;" 19 Jahre";1
2008;männlich;" 22 Jahre";3
2008;männlich;" 23 Jahre";2
2008;männlich;" 24 Jahre";3
2008;männlich;" 25 Jahre";5
2008;männlich;" 26 Jahre";3
2008;männlich;" 28 Jahre";3
2008;männlich;" 29 Jahre";2
2008;männlich;" 30 Jahre";4
2008;männlich;" 31 Jahre";1
2008;männlich;" 32 Jahre";2
2008;männlich;" 33 Jahre";4
2008;männlich;" 34 Jahre";3
2008;männlich;" 35 Jahre";1
2008;männlich;" 36 Jahre";3
2008;männlich;" 37 Jahre";5
2008;männlich;" 38 Jahre";3
2008;männlich;" 39 Jahre";2
2008;männlich;" 40 Jahre";7
2008;männlich;" 41 Jahre";10
2008;männlich;" 42 Jahre";6
2008;männlich;" 43 Jahre";5
2008;männlich;" 44 Jahre";9
2008;männlich;" 45 Jahre";8
2008;männlich;" 46 Jahre";11
2008;männlich;" 47 Jahre";13
2008;männlich;" 48 Jahre";13
2008;männlich;" 49 Jahre";17
2008;männlich;" 50 Jahre";12
2008;männlich;" 51 Jahre";18
2008;männlich;" 52 Jahre";16
2008;männlich;" 53 Jahre";18
2008;männlich;" 54 Jahre";17
2008;männlich;" 55 Jahre";17
2008;männlich;" 56 Jahre";21
2008;männlich;" 57 Jahre";31
2008;männlich;" 58 Jahre";37
2008;männlich;" 59 Jahre";23
2008;männlich;" 60 Jahre";23
2008;männlich;" 61 Jahre";23
2008;männlich;" 62 Jahre";29
2008;männlich;" 63 Jahre";28
2008;männlich;" 64 Jahre";52
2008;männlich;" 65 Jahre";38
2008;männlich;" 66 Jahre";42
2008;männlich;" 67 Jahre";44
2008;männlich;" 68 Jahre";57
2008;männlich;" 69 Jahre";48
2008;männlich;" 70 Jahre";49
2008;männlich;" 71 Jahre";59
2008;männlich;" 72 Jahre";64
2008;männlich;" 73 Jahre";70
2008;männlich;" 74 Jahre";78
2008;männlich;" 75 Jahre";67
2008;männlich;" 76 Jahre";74
2008;männlich;" 77 Jahre";64
2008;männlich;" 78 Jahre";75
2008;männlich;" 79 Jahre";74
2008;männlich;" 80 Jahre";71
2008;männlich;" 81 Jahre";67
2008;männlich;" 82 Jahre";60
2008;männlich;" 83 Jahre";55
2008;männlich;" 84 Jahre";46
2008;männlich;" 85 Jahre";59
2008;männlich;" 86 Jahre";68
2008;männlich;" 87 Jahre";81
2008;männlich;" 88 Jahre";58
2008;männlich;" 89 Jahre";26
2008;männlich;" 90 Jahre";16
2008;männlich;" 91 Jahre";21
2008;männlich;" 92 Jahre";16
2008;männlich;" 93 Jahre";22
2008;männlich;" 94 Jahre";22
2008;männlich;" 95 Jahre";13
2008;männlich;" 96 Jahre";10
2008;männlich;" 97 Jahre";16
2008;männlich;" 98 Jahre";12
2008;männlich;" 99 Jahre";3
2008;männlich;100 Jahre;3
2008;männlich;101 Jahre;1
2008;männlich;103 Jahre;1
2008;weiblich;"  0 Jahre";2
2008;weiblich;"  8 Jahre";1
2008;weiblich;" 10 Jahre";1
2008;weiblich;" 13 Jahre";1
2008;weiblich;" 15 Jahre";1
2008;weiblich;" 19 Jahre";1
2008;weiblich;" 21 Jahre";1
2008;weiblich;" 23 Jahre";1
2008;weiblich;" 24 Jahre";1
2008;weiblich;" 25 Jahre";1
2008;weiblich;" 26 Jahre";1
2008;weiblich;" 28 Jahre";2
2008;weiblich;" 29 Jahre";1
2008;weiblich;" 31 Jahre";1
2008;weiblich;" 32 Jahre";1
2008;weiblich;" 35 Jahre";2
2008;weiblich;" 36 Jahre";1
2008;weiblich;" 37 Jahre";3
2008;weiblich;" 38 Jahre";4
2008;weiblich;" 39 Jahre";2
2008;weiblich;" 40 Jahre";1
2008;weiblich;" 41 Jahre";2
2008;weiblich;" 42 Jahre";1
2008;weiblich;" 43 Jahre";3
2008;weiblich;" 44 Jahre";2
2008;weiblich;" 45 Jahre";3
2008;weiblich;" 47 Jahre";6
2008;weiblich;" 48 Jahre";6
2008;weiblich;" 49 Jahre";6
2008;weiblich;" 50 Jahre";8
2008;weiblich;" 51 Jahre";11
2008;weiblich;" 52 Jahre";3
2008;weiblich;" 53 Jahre";7
2008;weiblich;" 54 Jahre";7
2008;weiblich;" 55 Jahre";4
2008;weiblich;" 56 Jahre";9
2008;weiblich;" 57 Jahre";10
2008;weiblich;" 58 Jahre";15
2008;weiblich;" 59 Jahre";15
2008;weiblich;" 60 Jahre";2
2008;weiblich;" 61 Jahre";12
2008;weiblich;" 62 Jahre";5
2008;weiblich;" 63 Jahre";12
2008;weiblich;" 64 Jahre";22
2008;weiblich;" 65 Jahre";21
2008;weiblich;" 66 Jahre";21
2008;weiblich;" 67 Jahre";40
2008;weiblich;" 68 Jahre";26
2008;weiblich;" 69 Jahre";37
2008;weiblich;" 70 Jahre";52
2008;weiblich;" 71 Jahre";46
2008;weiblich;" 72 Jahre";37
2008;weiblich;" 73 Jahre";33
2008;weiblich;" 74 Jahre";42
2008;weiblich;" 75 Jahre";38
2008;weiblich;" 76 Jahre";49
2008;weiblich;" 77 Jahre";48
2008;weiblich;" 78 Jahre";74
2008;weiblich;" 79 Jahre";67
2008;weiblich;" 80 Jahre";67
2008;weiblich;" 81 Jahre";95
2008;weiblich;" 82 Jahre";115
2008;weiblich;" 83 Jahre";93
2008;weiblich;" 84 Jahre";102
2008;weiblich;" 85 Jahre";122
2008;weiblich;" 86 Jahre";156
2008;weiblich;" 87 Jahre";158
2008;weiblich;" 88 Jahre";154
2008;weiblich;" 89 Jahre";83
2008;weiblich;" 90 Jahre";61
2008;weiblich;" 91 Jahre";66
2008;weiblich;" 92 Jahre";85
2008;weiblich;" 93 Jahre";106
2008;weiblich;" 94 Jahre";92
2008;weiblich;" 95 Jahre";78
2008;weiblich;" 96 Jahre";53
2008;weiblich;" 97 Jahre";55
2008;weiblich;" 98 Jahre";31
2008;weiblich;" 99 Jahre";22
2008;weiblich;100 Jahre;17
2008;weiblich;101 Jahre;14
2008;weiblich;102 Jahre;4
2008;weiblich;105 Jahre;1
2008;weiblich;106 Jahre;1
2009;männlich;"  0 Jahre";10
2009;männlich;" 12 Jahre";1
2009;männlich;" 18 Jahre";1
2009;männlich;" 20 Jahre";3
2009;männlich;" 22 Jahre";1
2009;männlich;" 23 Jahre";2
2009;männlich;" 25 Jahre";3
2009;männlich;" 27 Jahre";1
2009;männlich;" 28 Jahre";2
2009;männlich;" 29 Jahre";3
2009;männlich;" 30 Jahre";2
2009;männlich;" 31 Jahre";2
2009;männlich;" 32 Jahre";1
2009;männlich;" 33 Jahre";2
2009;männlich;" 35 Jahre";4
2009;männlich;" 36 Jahre";2
2009;männlich;" 37 Jahre";4
2009;männlich;" 38 Jahre";6
2009;männlich;" 39 Jahre";2
2009;männlich;" 40 Jahre";10
2009;männlich;" 41 Jahre";7
2009;männlich;" 42 Jahre";4
2009;männlich;" 43 Jahre";11
2009;männlich;" 44 Jahre";12
2009;männlich;" 45 Jahre";4
2009;männlich;" 46 Jahre";9
2009;männlich;" 47 Jahre";11
2009;männlich;" 48 Jahre";14
2009;männlich;" 49 Jahre";24
2009;männlich;" 50 Jahre";12
2009;männlich;" 51 Jahre";18
2009;männlich;" 52 Jahre";19
2009;männlich;" 53 Jahre";20
2009;männlich;" 54 Jahre";28
2009;männlich;" 55 Jahre";19
2009;männlich;" 56 Jahre";23
2009;männlich;" 57 Jahre";18
2009;männlich;" 58 Jahre";26
2009;männlich;" 59 Jahre";34
2009;männlich;" 60 Jahre";27
2009;männlich;" 61 Jahre";23
2009;männlich;" 62 Jahre";29
2009;männlich;" 63 Jahre";26
2009;männlich;" 64 Jahre";30
2009;männlich;" 65 Jahre";38
2009;männlich;" 66 Jahre";41
2009;männlich;" 67 Jahre";61
2009;männlich;" 68 Jahre";51
2009;männlich;" 69 Jahre";69
2009;männlich;" 70 Jahre";56
2009;männlich;" 71 Jahre";72
2009;männlich;" 72 Jahre";87
2009;männlich;" 73 Jahre";66
2009;männlich;" 74 Jahre";73
2009;männlich;" 75 Jahre";64
2009;männlich;" 76 Jahre";67
2009;männlich;" 77 Jahre";67
2009;männlich;" 78 Jahre";76
2009;männlich;" 79 Jahre";84
2009;männlich;" 80 Jahre";86
2009;männlich;" 81 Jahre";79
2009;männlich;" 82 Jahre";58
2009;männlich;" 83 Jahre";73
2009;männlich;" 84 Jahre";68
2009;männlich;" 85 Jahre";45
2009;männlich;" 86 Jahre";54
2009;männlich;" 87 Jahre";74
2009;männlich;" 88 Jahre";62
2009;männlich;" 89 Jahre";55
2009;männlich;" 90 Jahre";27
2009;männlich;" 91 Jahre";20
2009;männlich;" 92 Jahre";27
2009;männlich;" 93 Jahre";19
2009;männlich;" 94 Jahre";20
2009;männlich;" 95 Jahre";9
2009;männlich;" 96 Jahre";13
2009;männlich;" 97 Jahre";6
2009;männlich;" 98 Jahre";7
2009;männlich;" 99 Jahre";6
2009;männlich;100 Jahre;3
2009;männlich;101 Jahre;2
2009;männlich;104 Jahre;1
2009;weiblich;"  0 Jahre";3
2009;weiblich;" 12 Jahre";1
2009;weiblich;" 18 Jahre";1
2009;weiblich;" 19 Jahre";3
2009;weiblich;" 23 Jahre";1
2009;weiblich;" 25 Jahre";1
2009;weiblich;" 26 Jahre";2
2009;weiblich;" 27 Jahre";1
2009;weiblich;" 28 Jahre";1
2009;weiblich;" 31 Jahre";2
2009;weiblich;" 33 Jahre";1
2009;weiblich;" 34 Jahre";1
2009;weiblich;" 35 Jahre";3
2009;weiblich;" 36 Jahre";2
2009;weiblich;" 37 Jahre";1
2009;weiblich;" 38 Jahre";1
2009;weiblich;" 40 Jahre";1
2009;weiblich;" 41 Jahre";4
2009;weiblich;" 42 Jahre";2
2009;weiblich;" 43 Jahre";4
2009;weiblich;" 44 Jahre";2
2009;weiblich;" 45 Jahre";3
2009;weiblich;" 46 Jahre";4
2009;weiblich;" 47 Jahre";7
2009;weiblich;" 48 Jahre";9
2009;weiblich;" 49 Jahre";10
2009;weiblich;" 50 Jahre";3
2009;weiblich;" 51 Jahre";8
2009;weiblich;" 52 Jahre";5
2009;weiblich;" 53 Jahre";11
2009;weiblich;" 54 Jahre";8
2009;weiblich;" 55 Jahre";12
2009;weiblich;" 56 Jahre";11
2009;weiblich;" 57 Jahre";14
2009;weiblich;" 58 Jahre";6
2009;weiblich;" 59 Jahre";16
2009;weiblich;" 60 Jahre";12
2009;weiblich;" 61 Jahre";5
2009;weiblich;" 62 Jahre";15
2009;weiblich;" 63 Jahre";14
2009;weiblich;" 64 Jahre";18
2009;weiblich;" 65 Jahre";15
2009;weiblich;" 66 Jahre";22
2009;weiblich;" 67 Jahre";26
2009;weiblich;" 68 Jahre";32
2009;weiblich;" 69 Jahre";31
2009;weiblich;" 70 Jahre";24
2009;weiblich;" 71 Jahre";31
2009;weiblich;" 72 Jahre";49
2009;weiblich;" 73 Jahre";41
2009;weiblich;" 74 Jahre";58
2009;weiblich;" 75 Jahre";52
2009;weiblich;" 76 Jahre";53
2009;weiblich;" 77 Jahre";49
2009;weiblich;" 78 Jahre";73
2009;weiblich;" 79 Jahre";88
2009;weiblich;" 80 Jahre";80
2009;weiblich;" 81 Jahre";81
2009;weiblich;" 82 Jahre";103
2009;weiblich;" 83 Jahre";119
2009;weiblich;" 84 Jahre";102
2009;weiblich;" 85 Jahre";133
2009;weiblich;" 86 Jahre";137
2009;weiblich;" 87 Jahre";170
2009;weiblich;" 88 Jahre";161
2009;weiblich;" 89 Jahre";164
2009;weiblich;" 90 Jahre";78
2009;weiblich;" 91 Jahre";61
2009;weiblich;" 92 Jahre";71
2009;weiblich;" 93 Jahre";60
2009;weiblich;" 94 Jahre";84
2009;weiblich;" 95 Jahre";87
2009;weiblich;" 96 Jahre";65
2009;weiblich;" 97 Jahre";46
2009;weiblich;" 98 Jahre";33
2009;weiblich;" 99 Jahre";32
2009;weiblich;100 Jahre;24
2009;weiblich;101 Jahre;16
2009;weiblich;102 Jahre;9
2009;weiblich;103 Jahre;1
2009;weiblich;104 Jahre;4
2009;weiblich;105 Jahre;1
2009;weiblich;106 Jahre;2
2010;männlich;"  0 Jahre";7
2010;männlich;"  4 Jahre";1
2010;männlich;" 11 Jahre";2
2010;männlich;" 19 Jahre";2
2010;männlich;" 20 Jahre";1
2010;männlich;" 21 Jahre";2
2010;männlich;" 22 Jahre";2
2010;männlich;" 23 Jahre";4
2010;männlich;" 24 Jahre";3
2010;männlich;" 25 Jahre";2
2010;männlich;" 26 Jahre";2
2010;männlich;" 27 Jahre";4
2010;männlich;" 28 Jahre";3
2010;männlich;" 29 Jahre";2
2010;männlich;" 30 Jahre";1
2010;männlich;" 32 Jahre";3
2010;männlich;" 33 Jahre";3
2010;männlich;" 34 Jahre";3
2010;männlich;" 35 Jahre";2
2010;männlich;" 36 Jahre";2
2010;männlich;" 37 Jahre";2
2010;männlich;" 38 Jahre";3
2010;männlich;" 39 Jahre";3
2010;männlich;" 40 Jahre";2
2010;männlich;" 41 Jahre";6
2010;männlich;" 42 Jahre";7
2010;männlich;" 43 Jahre";6
2010;männlich;" 44 Jahre";12
2010;männlich;" 45 Jahre";13
2010;männlich;" 46 Jahre";11
2010;männlich;" 47 Jahre";8
2010;männlich;" 48 Jahre";18
2010;männlich;" 49 Jahre";9
2010;männlich;" 50 Jahre";18
2010;männlich;" 51 Jahre";14
2010;männlich;" 52 Jahre";18
2010;männlich;" 53 Jahre";29
2010;männlich;" 54 Jahre";19
2010;männlich;" 55 Jahre";18
2010;männlich;" 56 Jahre";17
2010;männlich;" 57 Jahre";26
2010;männlich;" 58 Jahre";22
2010;männlich;" 59 Jahre";28
2010;männlich;" 60 Jahre";27
2010;männlich;" 61 Jahre";25
2010;männlich;" 62 Jahre";23
2010;männlich;" 63 Jahre";23
2010;männlich;" 64 Jahre";31
2010;männlich;" 65 Jahre";22
2010;männlich;" 66 Jahre";42
2010;männlich;" 67 Jahre";48
2010;männlich;" 68 Jahre";48
2010;männlich;" 69 Jahre";50
2010;männlich;" 70 Jahre";64
2010;männlich;" 71 Jahre";58
2010;männlich;" 72 Jahre";67
2010;männlich;" 73 Jahre";68
2010;männlich;" 74 Jahre";67
2010;männlich;" 75 Jahre";70
2010;männlich;" 76 Jahre";71
2010;männlich;" 77 Jahre";51
2010;männlich;" 78 Jahre";74
2010;männlich;" 79 Jahre";90
2010;männlich;" 80 Jahre";76
2010;männlich;" 81 Jahre";82
2010;männlich;" 82 Jahre";65
2010;männlich;" 83 Jahre";84
2010;männlich;" 84 Jahre";55
2010;männlich;" 85 Jahre";55
2010;männlich;" 86 Jahre";47
2010;männlich;" 87 Jahre";51
2010;männlich;" 88 Jahre";48
2010;männlich;" 89 Jahre";52
2010;männlich;" 90 Jahre";41
2010;männlich;" 91 Jahre";24
2010;männlich;" 92 Jahre";25
2010;männlich;" 93 Jahre";15
2010;männlich;" 94 Jahre";19
2010;männlich;" 95 Jahre";6
2010;männlich;" 96 Jahre";8
2010;männlich;" 97 Jahre";11
2010;männlich;" 98 Jahre";9
2010;männlich;" 99 Jahre";4
2010;männlich;100 Jahre;5
2010;männlich;104 Jahre;2
2010;weiblich;"  0 Jahre";10
2010;weiblich;" 10 Jahre";1
2010;weiblich;" 19 Jahre";1
2010;weiblich;" 21 Jahre";1
2010;weiblich;" 22 Jahre";2
2010;weiblich;" 25 Jahre";2
2010;weiblich;" 27 Jahre";4
2010;weiblich;" 30 Jahre";1
2010;weiblich;" 31 Jahre";2
2010;weiblich;" 32 Jahre";1
2010;weiblich;" 33 Jahre";1
2010;weiblich;" 34 Jahre";1
2010;weiblich;" 35 Jahre";1
2010;weiblich;" 36 Jahre";2
2010;weiblich;" 37 Jahre";4
2010;weiblich;" 38 Jahre";2
2010;weiblich;" 39 Jahre";1
2010;weiblich;" 40 Jahre";1
2010;weiblich;" 41 Jahre";1
2010;weiblich;" 42 Jahre";2
2010;weiblich;" 43 Jahre";3
2010;weiblich;" 44 Jahre";1
2010;weiblich;" 45 Jahre";4
2010;weiblich;" 46 Jahre";3
2010;weiblich;" 47 Jahre";6
2010;weiblich;" 48 Jahre";9
2010;weiblich;" 49 Jahre";10
2010;weiblich;" 50 Jahre";7
2010;weiblich;" 51 Jahre";9
2010;weiblich;" 52 Jahre";2
2010;weiblich;" 53 Jahre";9
2010;weiblich;" 54 Jahre";6
2010;weiblich;" 55 Jahre";10
2010;weiblich;" 56 Jahre";16
2010;weiblich;" 57 Jahre";9
2010;weiblich;" 58 Jahre";13
2010;weiblich;" 59 Jahre";15
2010;weiblich;" 60 Jahre";10
2010;weiblich;" 61 Jahre";12
2010;weiblich;" 62 Jahre";12
2010;weiblich;" 63 Jahre";12
2010;weiblich;" 64 Jahre";14
2010;weiblich;" 65 Jahre";23
2010;weiblich;" 66 Jahre";22
2010;weiblich;" 67 Jahre";24
2010;weiblich;" 68 Jahre";24
2010;weiblich;" 69 Jahre";35
2010;weiblich;" 70 Jahre";38
2010;weiblich;" 71 Jahre";36
2010;weiblich;" 72 Jahre";38
2010;weiblich;" 73 Jahre";55
2010;weiblich;" 74 Jahre";59
2010;weiblich;" 75 Jahre";66
2010;weiblich;" 76 Jahre";55
2010;weiblich;" 77 Jahre";39
2010;weiblich;" 78 Jahre";49
2010;weiblich;" 79 Jahre";80
2010;weiblich;" 80 Jahre";87
2010;weiblich;" 81 Jahre";72
2010;weiblich;" 82 Jahre";87
2010;weiblich;" 83 Jahre";105
2010;weiblich;" 84 Jahre";112
2010;weiblich;" 85 Jahre";140
2010;weiblich;" 86 Jahre";113
2010;weiblich;" 87 Jahre";138
2010;weiblich;" 88 Jahre";155
2010;weiblich;" 89 Jahre";159
2010;weiblich;" 90 Jahre";132
2010;weiblich;" 91 Jahre";84
2010;weiblich;" 92 Jahre";63
2010;weiblich;" 93 Jahre";70
2010;weiblich;" 94 Jahre";60
2010;weiblich;" 95 Jahre";57
2010;weiblich;" 96 Jahre";70
2010;weiblich;" 97 Jahre";39
2010;weiblich;" 98 Jahre";21
2010;weiblich;" 99 Jahre";26
2010;weiblich;100 Jahre;20
2010;weiblich;101 Jahre;11
2010;weiblich;102 Jahre;7
2010;weiblich;103 Jahre;3
2010;weiblich;104 Jahre;4
2010;weiblich;105 Jahre;3
2011;männlich;"  0 Jahre";5
2011;männlich;"  1 Jahre";1
2011;männlich;"  4 Jahre";1
2011;männlich;" 11 Jahre";1
2011;männlich;" 12 Jahre";1
2011;männlich;" 16 Jahre";1
2011;männlich;" 20 Jahre";1
2011;männlich;" 21 Jahre";1
2011;männlich;" 22 Jahre";2
2011;männlich;" 23 Jahre";1
2011;männlich;" 24 Jahre";3
2011;männlich;" 25 Jahre";3
2011;männlich;" 26 Jahre";3
2011;männlich;" 27 Jahre";1
2011;männlich;" 29 Jahre";2
2011;männlich;" 30 Jahre";3
2011;männlich;" 31 Jahre";2
2011;männlich;" 32 Jahre";2
2011;männlich;" 33 Jahre";1
2011;männlich;" 34 Jahre";4
2011;männlich;" 35 Jahre";1
2011;männlich;" 36 Jahre";2
2011;männlich;" 37 Jahre";1
2011;männlich;" 38 Jahre";2
2011;männlich;" 39 Jahre";3
2011;männlich;" 40 Jahre";2
2011;männlich;" 41 Jahre";3
2011;männlich;" 42 Jahre";6
2011;männlich;" 43 Jahre";5
2011;männlich;" 44 Jahre";7
2011;männlich;" 45 Jahre";7
2011;männlich;" 46 Jahre";7
2011;männlich;" 47 Jahre";14
2011;männlich;" 48 Jahre";18
2011;männlich;" 49 Jahre";11
2011;männlich;" 50 Jahre";16
2011;männlich;" 51 Jahre";15
2011;männlich;" 52 Jahre";12
2011;männlich;" 53 Jahre";18
2011;männlich;" 54 Jahre";21
2011;männlich;" 55 Jahre";24
2011;männlich;" 56 Jahre";24
2011;männlich;" 57 Jahre";28
2011;männlich;" 58 Jahre";30
2011;männlich;" 59 Jahre";25
2011;männlich;" 60 Jahre";33
2011;männlich;" 61 Jahre";41
2011;männlich;" 62 Jahre";30
2011;männlich;" 63 Jahre";24
2011;männlich;" 64 Jahre";23
2011;männlich;" 65 Jahre";29
2011;männlich;" 66 Jahre";35
2011;männlich;" 67 Jahre";64
2011;männlich;" 68 Jahre";39
2011;männlich;" 69 Jahre";46
2011;männlich;" 70 Jahre";64
2011;männlich;" 71 Jahre";64
2011;männlich;" 72 Jahre";69
2011;männlich;" 73 Jahre";65
2011;männlich;" 74 Jahre";73
2011;männlich;" 75 Jahre";65
2011;männlich;" 76 Jahre";91
2011;männlich;" 77 Jahre";68
2011;männlich;" 78 Jahre";66
2011;männlich;" 79 Jahre";67
2011;männlich;" 80 Jahre";77
2011;männlich;" 81 Jahre";77
2011;männlich;" 82 Jahre";73
2011;männlich;" 83 Jahre";77
2011;männlich;" 84 Jahre";64
2011;männlich;" 85 Jahre";69
2011;männlich;" 86 Jahre";59
2011;männlich;" 87 Jahre";63
2011;männlich;" 88 Jahre";63
2011;männlich;" 89 Jahre";51
2011;männlich;" 90 Jahre";46
2011;männlich;" 91 Jahre";38
2011;männlich;" 92 Jahre";19
2011;männlich;" 93 Jahre";10
2011;männlich;" 94 Jahre";7
2011;männlich;" 95 Jahre";9
2011;männlich;" 96 Jahre";6
2011;männlich;" 97 Jahre";8
2011;männlich;" 98 Jahre";6
2011;männlich;" 99 Jahre";1
2011;männlich;100 Jahre;5
2011;männlich;101 Jahre;2
2011;männlich;103 Jahre;1
2011;männlich;105 Jahre;1
2011;weiblich;"  0 Jahre";15
2011;weiblich;"  1 Jahre";1
2011;weiblich;"  3 Jahre";1
2011;weiblich;"  9 Jahre";1
2011;weiblich;" 11 Jahre";1
2011;weiblich;" 14 Jahre";1
2011;weiblich;" 19 Jahre";1
2011;weiblich;" 23 Jahre";1
2011;weiblich;" 24 Jahre";2
2011;weiblich;" 26 Jahre";2
2011;weiblich;" 27 Jahre";1
2011;weiblich;" 28 Jahre";1
2011;weiblich;" 29 Jahre";3
2011;weiblich;" 31 Jahre";1
2011;weiblich;" 32 Jahre";2
2011;weiblich;" 33 Jahre";1
2011;weiblich;" 34 Jahre";1
2011;weiblich;" 36 Jahre";2
2011;weiblich;" 37 Jahre";3
2011;weiblich;" 38 Jahre";2
2011;weiblich;" 40 Jahre";3
2011;weiblich;" 41 Jahre";3
2011;weiblich;" 42 Jahre";4
2011;weiblich;" 43 Jahre";3
2011;weiblich;" 44 Jahre";1
2011;weiblich;" 45 Jahre";1
2011;weiblich;" 46 Jahre";3
2011;weiblich;" 47 Jahre";5
2011;weiblich;" 48 Jahre";8
2011;weiblich;" 49 Jahre";6
2011;weiblich;" 50 Jahre";4
2011;weiblich;" 51 Jahre";3
2011;weiblich;" 52 Jahre";12
2011;weiblich;" 53 Jahre";4
2011;weiblich;" 54 Jahre";5
2011;weiblich;" 55 Jahre";11
2011;weiblich;" 56 Jahre";11
2011;weiblich;" 57 Jahre";11
2011;weiblich;" 58 Jahre";14
2011;weiblich;" 59 Jahre";16
2011;weiblich;" 60 Jahre";9
2011;weiblich;" 61 Jahre";20
2011;weiblich;" 62 Jahre";11
2011;weiblich;" 63 Jahre";14
2011;weiblich;" 64 Jahre";16
2011;weiblich;" 65 Jahre";7
2011;weiblich;" 66 Jahre";11
2011;weiblich;" 67 Jahre";22
2011;weiblich;" 68 Jahre";23
2011;weiblich;" 69 Jahre";22
2011;weiblich;" 70 Jahre";29
2011;weiblich;" 71 Jahre";40
2011;weiblich;" 72 Jahre";37
2011;weiblich;" 73 Jahre";47
2011;weiblich;" 74 Jahre";51
2011;weiblich;" 75 Jahre";42
2011;weiblich;" 76 Jahre";61
2011;weiblich;" 77 Jahre";65
2011;weiblich;" 78 Jahre";55
2011;weiblich;" 79 Jahre";49
2011;weiblich;" 80 Jahre";74
2011;weiblich;" 81 Jahre";79
2011;weiblich;" 82 Jahre";103
2011;weiblich;" 83 Jahre";87
2011;weiblich;" 84 Jahre";118
2011;weiblich;" 85 Jahre";120
2011;weiblich;" 86 Jahre";117
2011;weiblich;" 87 Jahre";89
2011;weiblich;" 88 Jahre";118
2011;weiblich;" 89 Jahre";134
2011;weiblich;" 90 Jahre";150
2011;weiblich;" 91 Jahre";131
2011;weiblich;" 92 Jahre";61
2011;weiblich;" 93 Jahre";45
2011;weiblich;" 94 Jahre";48
2011;weiblich;" 95 Jahre";46
2011;weiblich;" 96 Jahre";54
2011;weiblich;" 97 Jahre";54
2011;weiblich;" 98 Jahre";35
2011;weiblich;" 99 Jahre";30
2011;weiblich;100 Jahre;22
2011;weiblich;101 Jahre;13
2011;weiblich;102 Jahre;8
2011;weiblich;103 Jahre;8
2011;weiblich;104 Jahre;3
2011;weiblich;105 Jahre;1
2011;weiblich;107 Jahre;1
2012;männlich;"  0 Jahre";4
2012;männlich;"  1 Jahre";1
2012;männlich;"  3 Jahre";2
2012;männlich;" 10 Jahre";1
2012;männlich;" 15 Jahre";1
2012;männlich;" 18 Jahre";1
2012;männlich;" 19 Jahre";1
2012;männlich;" 20 Jahre";1
2012;männlich;" 21 Jahre";1
2012;männlich;" 22 Jahre";2
2012;männlich;" 23 Jahre";3
2012;männlich;" 25 Jahre";1
2012;männlich;" 26 Jahre";2
2012;männlich;" 27 Jahre";1
2012;männlich;" 28 Jahre";6
2012;männlich;" 29 Jahre";2
2012;männlich;" 30 Jahre";2
2012;männlich;" 31 Jahre";5
2012;männlich;" 32 Jahre";4
2012;männlich;" 33 Jahre";2
2012;männlich;" 34 Jahre";1
2012;männlich;" 35 Jahre";1
2012;männlich;" 36 Jahre";3
2012;männlich;" 38 Jahre";5
2012;männlich;" 40 Jahre";3
2012;männlich;" 41 Jahre";3
2012;männlich;" 42 Jahre";2
2012;männlich;" 43 Jahre";3
2012;männlich;" 44 Jahre";10
2012;männlich;" 45 Jahre";6
2012;männlich;" 46 Jahre";13
2012;männlich;" 47 Jahre";15
2012;männlich;" 48 Jahre";12
2012;männlich;" 49 Jahre";9
2012;männlich;" 50 Jahre";5
2012;männlich;" 51 Jahre";15
2012;männlich;" 52 Jahre";27
2012;männlich;" 53 Jahre";16
2012;männlich;" 54 Jahre";21
2012;männlich;" 55 Jahre";19
2012;männlich;" 56 Jahre";30
2012;männlich;" 57 Jahre";13
2012;männlich;" 58 Jahre";28
2012;männlich;" 59 Jahre";27
2012;männlich;" 60 Jahre";17
2012;männlich;" 61 Jahre";30
2012;männlich;" 62 Jahre";26
2012;männlich;" 63 Jahre";34
2012;männlich;" 64 Jahre";24
2012;männlich;" 65 Jahre";34
2012;männlich;" 66 Jahre";23
2012;männlich;" 67 Jahre";46
2012;männlich;" 68 Jahre";52
2012;männlich;" 69 Jahre";53
2012;männlich;" 70 Jahre";68
2012;männlich;" 71 Jahre";75
2012;männlich;" 72 Jahre";56
2012;männlich;" 73 Jahre";49
2012;männlich;" 74 Jahre";71
2012;männlich;" 75 Jahre";75
2012;männlich;" 76 Jahre";74
2012;männlich;" 77 Jahre";78
2012;männlich;" 78 Jahre";70
2012;männlich;" 79 Jahre";67
2012;männlich;" 80 Jahre";81
2012;männlich;" 81 Jahre";95
2012;männlich;" 82 Jahre";87
2012;männlich;" 83 Jahre";85
2012;männlich;" 84 Jahre";75
2012;männlich;" 85 Jahre";78
2012;männlich;" 86 Jahre";60
2012;männlich;" 87 Jahre";54
2012;männlich;" 88 Jahre";40
2012;männlich;" 89 Jahre";45
2012;männlich;" 90 Jahre";49
2012;männlich;" 91 Jahre";41
2012;männlich;" 92 Jahre";43
2012;männlich;" 93 Jahre";14
2012;männlich;" 94 Jahre";14
2012;männlich;" 95 Jahre";9
2012;männlich;" 96 Jahre";14
2012;männlich;" 97 Jahre";7
2012;männlich;" 98 Jahre";9
2012;männlich;" 99 Jahre";2
2012;männlich;102 Jahre;1
2012;weiblich;"  0 Jahre";4
2012;weiblich;"  1 Jahre";1
2012;weiblich;"  4 Jahre";1
2012;weiblich;" 13 Jahre";1
2012;weiblich;" 19 Jahre";1
2012;weiblich;" 21 Jahre";1
2012;weiblich;" 22 Jahre";2
2012;weiblich;" 23 Jahre";2
2012;weiblich;" 24 Jahre";2
2012;weiblich;" 28 Jahre";2
2012;weiblich;" 31 Jahre";1
2012;weiblich;" 32 Jahre";2
2012;weiblich;" 36 Jahre";3
2012;weiblich;" 38 Jahre";1
2012;weiblich;" 39 Jahre";1
2012;weiblich;" 40 Jahre";1
2012;weiblich;" 41 Jahre";4
2012;weiblich;" 42 Jahre";4
2012;weiblich;" 43 Jahre";4
2012;weiblich;" 44 Jahre";2
2012;weiblich;" 45 Jahre";4
2012;weiblich;" 46 Jahre";5
2012;weiblich;" 47 Jahre";2
2012;weiblich;" 48 Jahre";6
2012;weiblich;" 49 Jahre";6
2012;weiblich;" 50 Jahre";12
2012;weiblich;" 51 Jahre";12
2012;weiblich;" 52 Jahre";7
2012;weiblich;" 53 Jahre";6
2012;weiblich;" 54 Jahre";4
2012;weiblich;" 55 Jahre";7
2012;weiblich;" 56 Jahre";10
2012;weiblich;" 57 Jahre";7
2012;weiblich;" 58 Jahre";6
2012;weiblich;" 59 Jahre";14
2012;weiblich;" 60 Jahre";14
2012;weiblich;" 61 Jahre";11
2012;weiblich;" 62 Jahre";15
2012;weiblich;" 63 Jahre";13
2012;weiblich;" 64 Jahre";6
2012;weiblich;" 65 Jahre";8
2012;weiblich;" 66 Jahre";7
2012;weiblich;" 67 Jahre";33
2012;weiblich;" 68 Jahre";29
2012;weiblich;" 69 Jahre";30
2012;weiblich;" 70 Jahre";36
2012;weiblich;" 71 Jahre";37
2012;weiblich;" 72 Jahre";50
2012;weiblich;" 73 Jahre";45
2012;weiblich;" 74 Jahre";59
2012;weiblich;" 75 Jahre";46
2012;weiblich;" 76 Jahre";49
2012;weiblich;" 77 Jahre";69
2012;weiblich;" 78 Jahre";56
2012;weiblich;" 79 Jahre";53
2012;weiblich;" 80 Jahre";79
2012;weiblich;" 81 Jahre";84
2012;weiblich;" 82 Jahre";81
2012;weiblich;" 83 Jahre";99
2012;weiblich;" 84 Jahre";107
2012;weiblich;" 85 Jahre";128
2012;weiblich;" 86 Jahre";120
2012;weiblich;" 87 Jahre";110
2012;weiblich;" 88 Jahre";122
2012;weiblich;" 89 Jahre";146
2012;weiblich;" 90 Jahre";157
2012;weiblich;" 91 Jahre";142
2012;weiblich;" 92 Jahre";127
2012;weiblich;" 93 Jahre";57
2012;weiblich;" 94 Jahre";42
2012;weiblich;" 95 Jahre";43
2012;weiblich;" 96 Jahre";44
2012;weiblich;" 97 Jahre";57
2012;weiblich;" 98 Jahre";32
2012;weiblich;" 99 Jahre";26
2012;weiblich;100 Jahre;26
2012;weiblich;101 Jahre;10
2012;weiblich;102 Jahre;9
2012;weiblich;103 Jahre;5
2012;weiblich;104 Jahre;4
2012;weiblich;105 Jahre;1
2012;weiblich;108 Jahre;1
2013;männlich;"  0 Jahre";4
2013;männlich;"  1 Jahre";1
2013;männlich;"  9 Jahre";1
2013;männlich;" 17 Jahre";1
2013;männlich;" 19 Jahre";1
2013;männlich;" 21 Jahre";2
2013;männlich;" 22 Jahre";5
2013;männlich;" 23 Jahre";1
2013;männlich;" 24 Jahre";4
2013;männlich;" 25 Jahre";2
2013;männlich;" 26 Jahre";2
2013;männlich;" 27 Jahre";1
2013;männlich;" 28 Jahre";5
2013;männlich;" 29 Jahre";4
2013;männlich;" 30 Jahre";4
2013;männlich;" 31 Jahre";4
2013;männlich;" 32 Jahre";2
2013;männlich;" 33 Jahre";3
2013;männlich;" 34 Jahre";4
2013;männlich;" 35 Jahre";4
2013;männlich;" 36 Jahre";2
2013;männlich;" 37 Jahre";2
2013;männlich;" 38 Jahre";4
2013;männlich;" 39 Jahre";1
2013;männlich;" 40 Jahre";5
2013;männlich;" 41 Jahre";13
2013;männlich;" 42 Jahre";6
2013;männlich;" 43 Jahre";5
2013;männlich;" 44 Jahre";3
2013;männlich;" 45 Jahre";5
2013;männlich;" 46 Jahre";9
2013;männlich;" 47 Jahre";17
2013;männlich;" 48 Jahre";6
2013;männlich;" 49 Jahre";17
2013;männlich;" 50 Jahre";15
2013;männlich;" 51 Jahre";16
2013;männlich;" 52 Jahre";26
2013;männlich;" 53 Jahre";25
2013;männlich;" 54 Jahre";15
2013;männlich;" 55 Jahre";24
2013;männlich;" 56 Jahre";27
2013;männlich;" 57 Jahre";21
2013;männlich;" 58 Jahre";25
2013;männlich;" 59 Jahre";31
2013;männlich;" 60 Jahre";18
2013;männlich;" 61 Jahre";34
2013;männlich;" 62 Jahre";35
2013;männlich;" 63 Jahre";51
2013;männlich;" 64 Jahre";36
2013;männlich;" 65 Jahre";47
2013;männlich;" 66 Jahre";34
2013;männlich;" 67 Jahre";25
2013;männlich;" 68 Jahre";51
2013;männlich;" 69 Jahre";48
2013;männlich;" 70 Jahre";44
2013;männlich;" 71 Jahre";66
2013;männlich;" 72 Jahre";70
2013;männlich;" 73 Jahre";72
2013;männlich;" 74 Jahre";92
2013;männlich;" 75 Jahre";80
2013;männlich;" 76 Jahre";82
2013;männlich;" 77 Jahre";76
2013;männlich;" 78 Jahre";91
2013;männlich;" 79 Jahre";80
2013;männlich;" 80 Jahre";78
2013;männlich;" 81 Jahre";76
2013;männlich;" 82 Jahre";91
2013;männlich;" 83 Jahre";97
2013;männlich;" 84 Jahre";102
2013;männlich;" 85 Jahre";70
2013;männlich;" 86 Jahre";76
2013;männlich;" 87 Jahre";56
2013;männlich;" 88 Jahre";58
2013;männlich;" 89 Jahre";52
2013;männlich;" 90 Jahre";42
2013;männlich;" 91 Jahre";55
2013;männlich;" 92 Jahre";44
2013;männlich;" 93 Jahre";44
2013;männlich;" 94 Jahre";18
2013;männlich;" 95 Jahre";11
2013;männlich;" 96 Jahre";8
2013;männlich;" 97 Jahre";5
2013;männlich;" 98 Jahre";8
2013;männlich;" 99 Jahre";4
2013;männlich;100 Jahre;4
2013;männlich;101 Jahre;2
2013;männlich;102 Jahre;1
2013;männlich;103 Jahre;1
2013;männlich;104 Jahre;2
2013;weiblich;"  0 Jahre";6
2013;weiblich;"  4 Jahre";1
2013;weiblich;" 11 Jahre";1
2013;weiblich;" 12 Jahre";1
2013;weiblich;" 20 Jahre";1
2013;weiblich;" 21 Jahre";1
2013;weiblich;" 23 Jahre";1
2013;weiblich;" 28 Jahre";1
2013;weiblich;" 29 Jahre";2
2013;weiblich;" 31 Jahre";1
2013;weiblich;" 32 Jahre";1
2013;weiblich;" 33 Jahre";2
2013;weiblich;" 34 Jahre";1
2013;weiblich;" 35 Jahre";3
2013;weiblich;" 36 Jahre";1
2013;weiblich;" 37 Jahre";5
2013;weiblich;" 38 Jahre";2
2013;weiblich;" 39 Jahre";2
2013;weiblich;" 40 Jahre";4
2013;weiblich;" 41 Jahre";1
2013;weiblich;" 42 Jahre";3
2013;weiblich;" 43 Jahre";4
2013;weiblich;" 44 Jahre";2
2013;weiblich;" 45 Jahre";3
2013;weiblich;" 46 Jahre";3
2013;weiblich;" 47 Jahre";4
2013;weiblich;" 48 Jahre";9
2013;weiblich;" 49 Jahre";9
2013;weiblich;" 50 Jahre";5
2013;weiblich;" 51 Jahre";10
2013;weiblich;" 52 Jahre";9
2013;weiblich;" 53 Jahre";7
2013;weiblich;" 54 Jahre";6
2013;weiblich;" 55 Jahre";8
2013;weiblich;" 56 Jahre";11
2013;weiblich;" 57 Jahre";13
2013;weiblich;" 58 Jahre";14
2013;weiblich;" 59 Jahre";11
2013;weiblich;" 60 Jahre";15
2013;weiblich;" 61 Jahre";16
2013;weiblich;" 62 Jahre";17
2013;weiblich;" 63 Jahre";13
2013;weiblich;" 64 Jahre";16
2013;weiblich;" 65 Jahre";16
2013;weiblich;" 66 Jahre";16
2013;weiblich;" 67 Jahre";15
2013;weiblich;" 68 Jahre";23
2013;weiblich;" 69 Jahre";23
2013;weiblich;" 70 Jahre";30
2013;weiblich;" 71 Jahre";36
2013;weiblich;" 72 Jahre";43
2013;weiblich;" 73 Jahre";55
2013;weiblich;" 74 Jahre";48
2013;weiblich;" 75 Jahre";56
2013;weiblich;" 76 Jahre";67
2013;weiblich;" 77 Jahre";68
2013;weiblich;" 78 Jahre";71
2013;weiblich;" 79 Jahre";61
2013;weiblich;" 80 Jahre";60
2013;weiblich;" 81 Jahre";79
2013;weiblich;" 82 Jahre";106
2013;weiblich;" 83 Jahre";106
2013;weiblich;" 84 Jahre";103
2013;weiblich;" 85 Jahre";123
2013;weiblich;" 86 Jahre";143
2013;weiblich;" 87 Jahre";146
2013;weiblich;" 88 Jahre";124
2013;weiblich;" 89 Jahre";129
2013;weiblich;" 90 Jahre";145
2013;weiblich;" 91 Jahre";152
2013;weiblich;" 92 Jahre";151
2013;weiblich;" 93 Jahre";118
2013;weiblich;" 94 Jahre";52
2013;weiblich;" 95 Jahre";27
2013;weiblich;" 96 Jahre";37
2013;weiblich;" 97 Jahre";34
2013;weiblich;" 98 Jahre";42
2013;weiblich;" 99 Jahre";25
2013;weiblich;100 Jahre;19
2013;weiblich;101 Jahre;12
2013;weiblich;102 Jahre;5
2013;weiblich;103 Jahre;4
2013;weiblich;104 Jahre;2
2013;weiblich;105 Jahre;2
2013;weiblich;107 Jahre;2
2014;männlich;"  0 Jahre";9
2014;männlich;"  7 Jahre";1
2014;männlich;" 10 Jahre";1
2014;männlich;" 11 Jahre";1
2014;männlich;" 20 Jahre";1
2014;männlich;" 22 Jahre";1
2014;männlich;" 23 Jahre";1
2014;männlich;" 24 Jahre";1
2014;männlich;" 26 Jahre";1
2014;männlich;" 27 Jahre";5
2014;männlich;" 31 Jahre";2
2014;männlich;" 32 Jahre";6
2014;männlich;" 33 Jahre";1
2014;männlich;" 34 Jahre";4
2014;männlich;" 36 Jahre";1
2014;männlich;" 37 Jahre";4
2014;männlich;" 38 Jahre";2
2014;männlich;" 39 Jahre";5
2014;männlich;" 41 Jahre";4
2014;männlich;" 42 Jahre";5
2014;männlich;" 43 Jahre";3
2014;männlich;" 44 Jahre";7
2014;männlich;" 45 Jahre";7
2014;männlich;" 46 Jahre";10
2014;männlich;" 47 Jahre";12
2014;männlich;" 48 Jahre";6
2014;männlich;" 49 Jahre";14
2014;männlich;" 50 Jahre";16
2014;männlich;" 51 Jahre";18
2014;männlich;" 52 Jahre";19
2014;männlich;" 53 Jahre";17
2014;männlich;" 54 Jahre";27
2014;männlich;" 55 Jahre";21
2014;männlich;" 56 Jahre";18
2014;männlich;" 57 Jahre";21
2014;männlich;" 58 Jahre";19
2014;männlich;" 59 Jahre";29
2014;männlich;" 60 Jahre";26
2014;männlich;" 61 Jahre";32
2014;männlich;" 62 Jahre";32
2014;männlich;" 63 Jahre";42
2014;männlich;" 64 Jahre";28
2014;männlich;" 65 Jahre";26
2014;männlich;" 66 Jahre";25
2014;männlich;" 67 Jahre";30
2014;männlich;" 68 Jahre";31
2014;männlich;" 69 Jahre";46
2014;männlich;" 70 Jahre";55
2014;männlich;" 71 Jahre";55
2014;männlich;" 72 Jahre";66
2014;männlich;" 73 Jahre";54
2014;männlich;" 74 Jahre";88
2014;männlich;" 75 Jahre";78
2014;männlich;" 76 Jahre";79
2014;männlich;" 77 Jahre";70
2014;männlich;" 78 Jahre";93
2014;männlich;" 79 Jahre";96
2014;männlich;" 80 Jahre";85
2014;männlich;" 81 Jahre";83
2014;männlich;" 82 Jahre";86
2014;männlich;" 83 Jahre";98
2014;männlich;" 84 Jahre";95
2014;männlich;" 85 Jahre";78
2014;männlich;" 86 Jahre";84
2014;männlich;" 87 Jahre";62
2014;männlich;" 88 Jahre";63
2014;männlich;" 89 Jahre";53
2014;männlich;" 90 Jahre";39
2014;männlich;" 91 Jahre";46
2014;männlich;" 92 Jahre";39
2014;männlich;" 93 Jahre";29
2014;männlich;" 94 Jahre";30
2014;männlich;" 95 Jahre";9
2014;männlich;" 96 Jahre";8
2014;männlich;" 97 Jahre";8
2014;männlich;" 98 Jahre";6
2014;männlich;" 99 Jahre";5
2014;männlich;100 Jahre;2
2014;männlich;101 Jahre;1
2014;weiblich;"  0 Jahre";7
2014;weiblich;"  1 Jahre";2
2014;weiblich;"  5 Jahre";1
2014;weiblich;"  9 Jahre";1
2014;weiblich;" 17 Jahre";1
2014;weiblich;" 20 Jahre";1
2014;weiblich;" 23 Jahre";1
2014;weiblich;" 24 Jahre";1
2014;weiblich;" 25 Jahre";1
2014;weiblich;" 27 Jahre";1
2014;weiblich;" 30 Jahre";1
2014;weiblich;" 32 Jahre";1
2014;weiblich;" 33 Jahre";1
2014;weiblich;" 34 Jahre";1
2014;weiblich;" 35 Jahre";1
2014;weiblich;" 36 Jahre";1
2014;weiblich;" 37 Jahre";1
2014;weiblich;" 38 Jahre";2
2014;weiblich;" 39 Jahre";1
2014;weiblich;" 40 Jahre";2
2014;weiblich;" 41 Jahre";2
2014;weiblich;" 42 Jahre";1
2014;weiblich;" 43 Jahre";4
2014;weiblich;" 44 Jahre";4
2014;weiblich;" 45 Jahre";3
2014;weiblich;" 46 Jahre";6
2014;weiblich;" 47 Jahre";5
2014;weiblich;" 48 Jahre";3
2014;weiblich;" 49 Jahre";4
2014;weiblich;" 50 Jahre";9
2014;weiblich;" 51 Jahre";9
2014;weiblich;" 52 Jahre";2
2014;weiblich;" 53 Jahre";6
2014;weiblich;" 54 Jahre";5
2014;weiblich;" 55 Jahre";8
2014;weiblich;" 56 Jahre";8
2014;weiblich;" 57 Jahre";4
2014;weiblich;" 58 Jahre";10
2014;weiblich;" 59 Jahre";9
2014;weiblich;" 60 Jahre";9
2014;weiblich;" 61 Jahre";17
2014;weiblich;" 62 Jahre";16
2014;weiblich;" 63 Jahre";18
2014;weiblich;" 64 Jahre";20
2014;weiblich;" 65 Jahre";12
2014;weiblich;" 66 Jahre";9
2014;weiblich;" 67 Jahre";13
2014;weiblich;" 68 Jahre";18
2014;weiblich;" 69 Jahre";21
2014;weiblich;" 70 Jahre";28
2014;weiblich;" 71 Jahre";39
2014;weiblich;" 72 Jahre";43
2014;weiblich;" 73 Jahre";52
2014;weiblich;" 74 Jahre";42
2014;weiblich;" 75 Jahre";66
2014;weiblich;" 76 Jahre";74
2014;weiblich;" 77 Jahre";71
2014;weiblich;" 78 Jahre";52
2014;weiblich;" 79 Jahre";77
2014;weiblich;" 80 Jahre";80
2014;weiblich;" 81 Jahre";59
2014;weiblich;" 82 Jahre";79
2014;weiblich;" 83 Jahre";84
2014;weiblich;" 84 Jahre";114
2014;weiblich;" 85 Jahre";115
2014;weiblich;" 86 Jahre";100
2014;weiblich;" 87 Jahre";115
2014;weiblich;" 88 Jahre";146
2014;weiblich;" 89 Jahre";120
2014;weiblich;" 90 Jahre";113
2014;weiblich;" 91 Jahre";104
2014;weiblich;" 92 Jahre";117
2014;weiblich;" 93 Jahre";129
2014;weiblich;" 94 Jahre";109
2014;weiblich;" 95 Jahre";52
2014;weiblich;" 96 Jahre";33
2014;weiblich;" 97 Jahre";25
2014;weiblich;" 98 Jahre";31
2014;weiblich;" 99 Jahre";23
2014;weiblich;100 Jahre;22
2014;weiblich;101 Jahre;15
2014;weiblich;102 Jahre;4
2014;weiblich;103 Jahre;6
2014;weiblich;104 Jahre;2
2014;weiblich;106 Jahre;1
2015;männlich;"  0 Jahre";4
2015;männlich;"  1 Jahre";1
2015;männlich;"  5 Jahre";1
2015;männlich;" 13 Jahre";1
2015;männlich;" 16 Jahre";1
2015;männlich;" 17 Jahre";1
2015;männlich;" 18 Jahre";1
2015;männlich;" 20 Jahre";1
2015;männlich;" 21 Jahre";2
2015;männlich;" 22 Jahre";1
2015;männlich;" 23 Jahre";2
2015;männlich;" 24 Jahre";1
2015;männlich;" 25 Jahre";1
2015;männlich;" 26 Jahre";2
2015;männlich;" 27 Jahre";2
2015;männlich;" 28 Jahre";2
2015;männlich;" 29 Jahre";2
2015;männlich;" 30 Jahre";5
2015;männlich;" 31 Jahre";6
2015;männlich;" 32 Jahre";4
2015;männlich;" 33 Jahre";6
2015;männlich;" 34 Jahre";2
2015;männlich;" 35 Jahre";4
2015;männlich;" 36 Jahre";3
2015;männlich;" 37 Jahre";2
2015;männlich;" 38 Jahre";2
2015;männlich;" 39 Jahre";3
2015;männlich;" 40 Jahre";3
2015;männlich;" 41 Jahre";2
2015;männlich;" 42 Jahre";4
2015;männlich;" 43 Jahre";6
2015;männlich;" 44 Jahre";3
2015;männlich;" 45 Jahre";5
2015;männlich;" 46 Jahre";10
2015;männlich;" 47 Jahre";8
2015;männlich;" 48 Jahre";11
2015;männlich;" 49 Jahre";15
2015;männlich;" 50 Jahre";12
2015;männlich;" 51 Jahre";17
2015;männlich;" 52 Jahre";20
2015;männlich;" 53 Jahre";19
2015;männlich;" 54 Jahre";23
2015;männlich;" 55 Jahre";24
2015;männlich;" 56 Jahre";29
2015;männlich;" 57 Jahre";25
2015;männlich;" 58 Jahre";30
2015;männlich;" 59 Jahre";26
2015;männlich;" 60 Jahre";41
2015;männlich;" 61 Jahre";33
2015;männlich;" 62 Jahre";22
2015;männlich;" 63 Jahre";53
2015;männlich;" 64 Jahre";43
2015;männlich;" 65 Jahre";48
2015;männlich;" 66 Jahre";34
2015;männlich;" 67 Jahre";40
2015;männlich;" 68 Jahre";39
2015;männlich;" 69 Jahre";33
2015;männlich;" 70 Jahre";56
2015;männlich;" 71 Jahre";66
2015;männlich;" 72 Jahre";58
2015;männlich;" 73 Jahre";68
2015;männlich;" 74 Jahre";78
2015;männlich;" 75 Jahre";101
2015;männlich;" 76 Jahre";84
2015;männlich;" 77 Jahre";83
2015;männlich;" 78 Jahre";103
2015;männlich;" 79 Jahre";95
2015;männlich;" 80 Jahre";109
2015;männlich;" 81 Jahre";80
2015;männlich;" 82 Jahre";74
2015;männlich;" 83 Jahre";87
2015;männlich;" 84 Jahre";85
2015;männlich;" 85 Jahre";119
2015;männlich;" 86 Jahre";84
2015;männlich;" 87 Jahre";75
2015;männlich;" 88 Jahre";77
2015;männlich;" 89 Jahre";68
2015;männlich;" 90 Jahre";45
2015;männlich;" 91 Jahre";41
2015;männlich;" 92 Jahre";28
2015;männlich;" 93 Jahre";41
2015;männlich;" 94 Jahre";32
2015;männlich;" 95 Jahre";28
2015;männlich;" 96 Jahre";12
2015;männlich;" 97 Jahre";12
2015;männlich;" 98 Jahre";2
2015;männlich;" 99 Jahre";4
2015;männlich;101 Jahre;3
2015;männlich;102 Jahre;1
2015;weiblich;"  0 Jahre";3
2015;weiblich;"  1 Jahre";1
2015;weiblich;"  4 Jahre";1
2015;weiblich;" 10 Jahre";1
2015;weiblich;" 16 Jahre";2
2015;weiblich;" 18 Jahre";1
2015;weiblich;" 20 Jahre";2
2015;weiblich;" 23 Jahre";2
2015;weiblich;" 26 Jahre";1
2015;weiblich;" 27 Jahre";1
2015;weiblich;" 28 Jahre";2
2015;weiblich;" 30 Jahre";2
2015;weiblich;" 31 Jahre";1
2015;weiblich;" 32 Jahre";1
2015;weiblich;" 34 Jahre";1
2015;weiblich;" 35 Jahre";1
2015;weiblich;" 37 Jahre";2
2015;weiblich;" 38 Jahre";1
2015;weiblich;" 39 Jahre";3
2015;weiblich;" 40 Jahre";2
2015;weiblich;" 41 Jahre";2
2015;weiblich;" 42 Jahre";1
2015;weiblich;" 43 Jahre";3
2015;weiblich;" 44 Jahre";1
2015;weiblich;" 45 Jahre";4
2015;weiblich;" 46 Jahre";1
2015;weiblich;" 47 Jahre";7
2015;weiblich;" 48 Jahre";4
2015;weiblich;" 49 Jahre";7
2015;weiblich;" 50 Jahre";6
2015;weiblich;" 51 Jahre";6
2015;weiblich;" 52 Jahre";6
2015;weiblich;" 53 Jahre";13
2015;weiblich;" 54 Jahre";8
2015;weiblich;" 55 Jahre";15
2015;weiblich;" 56 Jahre";10
2015;weiblich;" 57 Jahre";9
2015;weiblich;" 58 Jahre";9
2015;weiblich;" 59 Jahre";7
2015;weiblich;" 60 Jahre";15
2015;weiblich;" 61 Jahre";9
2015;weiblich;" 62 Jahre";14
2015;weiblich;" 63 Jahre";15
2015;weiblich;" 64 Jahre";19
2015;weiblich;" 65 Jahre";22
2015;weiblich;" 66 Jahre";24
2015;weiblich;" 67 Jahre";9
2015;weiblich;" 68 Jahre";19
2015;weiblich;" 69 Jahre";18
2015;weiblich;" 70 Jahre";21
2015;weiblich;" 71 Jahre";34
2015;weiblich;" 72 Jahre";38
2015;weiblich;" 73 Jahre";36
2015;weiblich;" 74 Jahre";41
2015;weiblich;" 75 Jahre";71
2015;weiblich;" 76 Jahre";67
2015;weiblich;" 77 Jahre";56
2015;weiblich;" 78 Jahre";77
2015;weiblich;" 79 Jahre";84
2015;weiblich;" 80 Jahre";86
2015;weiblich;" 81 Jahre";98
2015;weiblich;" 82 Jahre";79
2015;weiblich;" 83 Jahre";78
2015;weiblich;" 84 Jahre";98
2015;weiblich;" 85 Jahre";133
2015;weiblich;" 86 Jahre";128
2015;weiblich;" 87 Jahre";130
2015;weiblich;" 88 Jahre";120
2015;weiblich;" 89 Jahre";141
2015;weiblich;" 90 Jahre";132
2015;weiblich;" 91 Jahre";143
2015;weiblich;" 92 Jahre";132
2015;weiblich;" 93 Jahre";134
2015;weiblich;" 94 Jahre";113
2015;weiblich;" 95 Jahre";93
2015;weiblich;" 96 Jahre";32
2015;weiblich;" 97 Jahre";21
2015;weiblich;" 98 Jahre";17
2015;weiblich;" 99 Jahre";20
2015;weiblich;100 Jahre;12
2015;weiblich;101 Jahre;15
2015;weiblich;102 Jahre;9
2015;weiblich;103 Jahre;10
2015;weiblich;104 Jahre;3
2015;weiblich;107 Jahre;1
2016;männlich;"  0 Jahre";10
2016;männlich;"  1 Jahre";2
2016;männlich;"  2 Jahre";1
2016;männlich;"  6 Jahre";1
2016;männlich;" 16 Jahre";1
2016;männlich;" 20 Jahre";1
2016;männlich;" 21 Jahre";1
2016;männlich;" 22 Jahre";2
2016;männlich;" 24 Jahre";2
2016;männlich;" 25 Jahre";2
2016;männlich;" 26 Jahre";8
2016;männlich;" 27 Jahre";1
2016;männlich;" 28 Jahre";2
2016;männlich;" 29 Jahre";5
2016;männlich;" 30 Jahre";4
2016;männlich;" 31 Jahre";2
2016;männlich;" 33 Jahre";3
2016;männlich;" 34 Jahre";5
2016;männlich;" 35 Jahre";1
2016;männlich;" 36 Jahre";5
2016;männlich;" 38 Jahre";3
2016;männlich;" 39 Jahre";2
2016;männlich;" 40 Jahre";4
2016;männlich;" 41 Jahre";3
2016;männlich;" 42 Jahre";4
2016;männlich;" 43 Jahre";1
2016;männlich;" 44 Jahre";7
2016;männlich;" 45 Jahre";5
2016;männlich;" 46 Jahre";9
2016;männlich;" 47 Jahre";11
2016;männlich;" 48 Jahre";5
2016;männlich;" 49 Jahre";15
2016;männlich;" 50 Jahre";7
2016;männlich;" 51 Jahre";20
2016;männlich;" 52 Jahre";13
2016;männlich;" 53 Jahre";14
2016;männlich;" 54 Jahre";19
2016;männlich;" 55 Jahre";27
2016;männlich;" 56 Jahre";21
2016;männlich;" 57 Jahre";26
2016;männlich;" 58 Jahre";33
2016;männlich;" 59 Jahre";32
2016;männlich;" 60 Jahre";26
2016;männlich;" 61 Jahre";25
2016;männlich;" 62 Jahre";39
2016;männlich;" 63 Jahre";33
2016;männlich;" 64 Jahre";49
2016;männlich;" 65 Jahre";34
2016;männlich;" 66 Jahre";53
2016;männlich;" 67 Jahre";43
2016;männlich;" 68 Jahre";31
2016;männlich;" 69 Jahre";30
2016;männlich;" 70 Jahre";35
2016;männlich;" 71 Jahre";40
2016;männlich;" 72 Jahre";75
2016;männlich;" 73 Jahre";57
2016;männlich;" 74 Jahre";72
2016;männlich;" 75 Jahre";93
2016;männlich;" 76 Jahre";74
2016;männlich;" 77 Jahre";81
2016;männlich;" 78 Jahre";83
2016;männlich;" 79 Jahre";91
2016;männlich;" 80 Jahre";105
2016;männlich;" 81 Jahre";125
2016;männlich;" 82 Jahre";94
2016;männlich;" 83 Jahre";74
2016;männlich;" 84 Jahre";75
2016;männlich;" 85 Jahre";84
2016;männlich;" 86 Jahre";94
2016;männlich;" 87 Jahre";96
2016;männlich;" 88 Jahre";57
2016;männlich;" 89 Jahre";61
2016;männlich;" 90 Jahre";58
2016;männlich;" 91 Jahre";40
2016;männlich;" 92 Jahre";40
2016;männlich;" 93 Jahre";28
2016;männlich;" 94 Jahre";31
2016;männlich;" 95 Jahre";28
2016;männlich;" 96 Jahre";19
2016;männlich;" 97 Jahre";10
2016;männlich;" 98 Jahre";2
2016;männlich;" 99 Jahre";1
2016;männlich;100 Jahre;2
2016;männlich;101 Jahre;1
2016;männlich;102 Jahre;1
2016;männlich;105 Jahre;1
2016;weiblich;"  0 Jahre";5
2016;weiblich;"  8 Jahre";1
2016;weiblich;" 13 Jahre";1
2016;weiblich;" 15 Jahre";1
2016;weiblich;" 16 Jahre";1
2016;weiblich;" 21 Jahre";1
2016;weiblich;" 22 Jahre";1
2016;weiblich;" 23 Jahre";1
2016;weiblich;" 26 Jahre";2
2016;weiblich;" 28 Jahre";1
2016;weiblich;" 29 Jahre";1
2016;weiblich;" 30 Jahre";2
2016;weiblich;" 31 Jahre";1
2016;weiblich;" 32 Jahre";2
2016;weiblich;" 33 Jahre";1
2016;weiblich;" 34 Jahre";2
2016;weiblich;" 35 Jahre";2
2016;weiblich;" 39 Jahre";2
2016;weiblich;" 40 Jahre";3
2016;weiblich;" 42 Jahre";1
2016;weiblich;" 44 Jahre";4
2016;weiblich;" 45 Jahre";3
2016;weiblich;" 46 Jahre";1
2016;weiblich;" 47 Jahre";6
2016;weiblich;" 48 Jahre";6
2016;weiblich;" 49 Jahre";4
2016;weiblich;" 50 Jahre";7
2016;weiblich;" 51 Jahre";8
2016;weiblich;" 52 Jahre";6
2016;weiblich;" 53 Jahre";11
2016;weiblich;" 54 Jahre";11
2016;weiblich;" 55 Jahre";10
2016;weiblich;" 56 Jahre";10
2016;weiblich;" 57 Jahre";12
2016;weiblich;" 58 Jahre";7
2016;weiblich;" 59 Jahre";5
2016;weiblich;" 60 Jahre";21
2016;weiblich;" 61 Jahre";15
2016;weiblich;" 62 Jahre";12
2016;weiblich;" 63 Jahre";19
2016;weiblich;" 64 Jahre";13
2016;weiblich;" 65 Jahre";22
2016;weiblich;" 66 Jahre";20
2016;weiblich;" 67 Jahre";20
2016;weiblich;" 68 Jahre";19
2016;weiblich;" 69 Jahre";20
2016;weiblich;" 70 Jahre";19
2016;weiblich;" 71 Jahre";27
2016;weiblich;" 72 Jahre";44
2016;weiblich;" 73 Jahre";39
2016;weiblich;" 74 Jahre";56
2016;weiblich;" 75 Jahre";54
2016;weiblich;" 76 Jahre";61
2016;weiblich;" 77 Jahre";63
2016;weiblich;" 78 Jahre";63
2016;weiblich;" 79 Jahre";59
2016;weiblich;" 80 Jahre";71
2016;weiblich;" 81 Jahre";78
2016;weiblich;" 82 Jahre";75
2016;weiblich;" 83 Jahre";86
2016;weiblich;" 84 Jahre";82
2016;weiblich;" 85 Jahre";113
2016;weiblich;" 86 Jahre";104
2016;weiblich;" 87 Jahre";132
2016;weiblich;" 88 Jahre";109
2016;weiblich;" 89 Jahre";127
2016;weiblich;" 90 Jahre";138
2016;weiblich;" 91 Jahre";118
2016;weiblich;" 92 Jahre";102
2016;weiblich;" 93 Jahre";105
2016;weiblich;" 94 Jahre";107
2016;weiblich;" 95 Jahre";81
2016;weiblich;" 96 Jahre";81
2016;weiblich;" 97 Jahre";39
2016;weiblich;" 98 Jahre";15
2016;weiblich;" 99 Jahre";8
2016;weiblich;100 Jahre;13
2016;weiblich;101 Jahre;10
2016;weiblich;102 Jahre;12
2016;weiblich;103 Jahre;6
2016;weiblich;104 Jahre;7
2016;weiblich;105 Jahre;2
2016;weiblich;106 Jahre;1
2016;weiblich;108 Jahre;1
2017;männlich;"  0 Jahre";7
2017;männlich;"  5 Jahre";1
2017;männlich;"  6 Jahre";1
2017;männlich;"  8 Jahre";1
2017;männlich;" 13 Jahre";1
2017;männlich;" 16 Jahre";1
2017;männlich;" 17 Jahre";1
2017;männlich;" 19 Jahre";1
2017;männlich;" 20 Jahre";1
2017;männlich;" 22 Jahre";1
2017;männlich;" 23 Jahre";1
2017;männlich;" 25 Jahre";2
2017;männlich;" 26 Jahre";2
2017;männlich;" 28 Jahre";2
2017;männlich;" 29 Jahre";1
2017;männlich;" 30 Jahre";1
2017;männlich;" 31 Jahre";2
2017;männlich;" 32 Jahre";6
2017;männlich;" 33 Jahre";3
2017;männlich;" 34 Jahre";1
2017;männlich;" 35 Jahre";2
2017;männlich;" 36 Jahre";6
2017;männlich;" 37 Jahre";5
2017;männlich;" 38 Jahre";2
2017;männlich;" 39 Jahre";3
2017;männlich;" 40 Jahre";4
2017;männlich;" 41 Jahre";5
2017;männlich;" 42 Jahre";7
2017;männlich;" 43 Jahre";2
2017;männlich;" 44 Jahre";6
2017;männlich;" 45 Jahre";9
2017;männlich;" 46 Jahre";12
2017;männlich;" 47 Jahre";6
2017;männlich;" 48 Jahre";10
2017;männlich;" 49 Jahre";13
2017;männlich;" 50 Jahre";9
2017;männlich;" 51 Jahre";13
2017;männlich;" 52 Jahre";17
2017;männlich;" 53 Jahre";24
2017;männlich;" 54 Jahre";15
2017;männlich;" 55 Jahre";21
2017;männlich;" 56 Jahre";12
2017;männlich;" 57 Jahre";27
2017;männlich;" 58 Jahre";26
2017;männlich;" 59 Jahre";25
2017;männlich;" 60 Jahre";31
2017;männlich;" 61 Jahre";34
2017;männlich;" 62 Jahre";36
2017;männlich;" 63 Jahre";37
2017;männlich;" 64 Jahre";31
2017;männlich;" 65 Jahre";35
2017;männlich;" 66 Jahre";43
2017;männlich;" 67 Jahre";47
2017;männlich;" 68 Jahre";46
2017;männlich;" 69 Jahre";33
2017;männlich;" 70 Jahre";26
2017;männlich;" 71 Jahre";31
2017;männlich;" 72 Jahre";60
2017;männlich;" 73 Jahre";62
2017;männlich;" 74 Jahre";71
2017;männlich;" 75 Jahre";79
2017;männlich;" 76 Jahre";69
2017;männlich;" 77 Jahre";121
2017;männlich;" 78 Jahre";101
2017;männlich;" 79 Jahre";110
2017;männlich;" 80 Jahre";83
2017;männlich;" 81 Jahre";109
2017;männlich;" 82 Jahre";141
2017;männlich;" 83 Jahre";97
2017;männlich;" 84 Jahre";73
2017;männlich;" 85 Jahre";83
2017;männlich;" 86 Jahre";104
2017;männlich;" 87 Jahre";95
2017;männlich;" 88 Jahre";105
2017;männlich;" 89 Jahre";67
2017;männlich;" 90 Jahre";45
2017;männlich;" 91 Jahre";55
2017;männlich;" 92 Jahre";32
2017;männlich;" 93 Jahre";34
2017;männlich;" 94 Jahre";30
2017;männlich;" 95 Jahre";19
2017;männlich;" 96 Jahre";22
2017;männlich;" 97 Jahre";11
2017;männlich;" 98 Jahre";7
2017;männlich;" 99 Jahre";2
2017;männlich;100 Jahre;2
2017;männlich;101 Jahre;1
2017;männlich;104 Jahre;2
2017;männlich;105 Jahre;2
2017;weiblich;"  0 Jahre";9
2017;weiblich;"  1 Jahre";1
2017;weiblich;" 14 Jahre";1
2017;weiblich;" 19 Jahre";1
2017;weiblich;" 21 Jahre";1
2017;weiblich;" 22 Jahre";2
2017;weiblich;" 24 Jahre";1
2017;weiblich;" 28 Jahre";3
2017;weiblich;" 30 Jahre";2
2017;weiblich;" 31 Jahre";1
2017;weiblich;" 32 Jahre";1
2017;weiblich;" 33 Jahre";3
2017;weiblich;" 34 Jahre";1
2017;weiblich;" 36 Jahre";1
2017;weiblich;" 37 Jahre";3
2017;weiblich;" 38 Jahre";2
2017;weiblich;" 41 Jahre";3
2017;weiblich;" 44 Jahre";3
2017;weiblich;" 45 Jahre";3
2017;weiblich;" 46 Jahre";5
2017;weiblich;" 47 Jahre";3
2017;weiblich;" 48 Jahre";2
2017;weiblich;" 49 Jahre";3
2017;weiblich;" 50 Jahre";2
2017;weiblich;" 51 Jahre";3
2017;weiblich;" 52 Jahre";6
2017;weiblich;" 53 Jahre";12
2017;weiblich;" 54 Jahre";12
2017;weiblich;" 55 Jahre";10
2017;weiblich;" 56 Jahre";9
2017;weiblich;" 57 Jahre";11
2017;weiblich;" 58 Jahre";10
2017;weiblich;" 59 Jahre";5
2017;weiblich;" 60 Jahre";8
2017;weiblich;" 61 Jahre";18
2017;weiblich;" 62 Jahre";11
2017;weiblich;" 63 Jahre";18
2017;weiblich;" 64 Jahre";19
2017;weiblich;" 65 Jahre";21
2017;weiblich;" 66 Jahre";29
2017;weiblich;" 67 Jahre";28
2017;weiblich;" 68 Jahre";19
2017;weiblich;" 69 Jahre";23
2017;weiblich;" 70 Jahre";12
2017;weiblich;" 71 Jahre";13
2017;weiblich;" 72 Jahre";35
2017;weiblich;" 73 Jahre";32
2017;weiblich;" 74 Jahre";44
2017;weiblich;" 75 Jahre";62
2017;weiblich;" 76 Jahre";57
2017;weiblich;" 77 Jahre";73
2017;weiblich;" 78 Jahre";90
2017;weiblich;" 79 Jahre";78
2017;weiblich;" 80 Jahre";87
2017;weiblich;" 81 Jahre";92
2017;weiblich;" 82 Jahre";103
2017;weiblich;" 83 Jahre";89
2017;weiblich;" 84 Jahre";92
2017;weiblich;" 85 Jahre";95
2017;weiblich;" 86 Jahre";118
2017;weiblich;" 87 Jahre";96
2017;weiblich;" 88 Jahre";118
2017;weiblich;" 89 Jahre";141
2017;weiblich;" 90 Jahre";117
2017;weiblich;" 91 Jahre";124
2017;weiblich;" 92 Jahre";125
2017;weiblich;" 93 Jahre";98
2017;weiblich;" 94 Jahre";97
2017;weiblich;" 95 Jahre";82
2017;weiblich;" 96 Jahre";77
2017;weiblich;" 97 Jahre";45
2017;weiblich;" 98 Jahre";24
2017;weiblich;" 99 Jahre";14
2017;weiblich;100 Jahre;11
2017;weiblich;101 Jahre;11
2017;weiblich;102 Jahre;8
2017;weiblich;103 Jahre;4
2017;weiblich;104 Jahre;3
2017;weiblich;105 Jahre;2
2018;männlich;"  0 Jahre";5
2018;männlich;"  1 Jahre";1
2018;männlich;"  2 Jahre";1
2018;männlich;"  7 Jahre";1
2018;männlich;" 10 Jahre";2
2018;männlich;" 14 Jahre";1
2018;männlich;" 17 Jahre";1
2018;männlich;" 18 Jahre";1
2018;männlich;" 19 Jahre";1
2018;männlich;" 20 Jahre";1
2018;männlich;" 23 Jahre";1
2018;männlich;" 24 Jahre";2
2018;männlich;" 25 Jahre";2
2018;männlich;" 27 Jahre";3
2018;männlich;" 28 Jahre";3
2018;männlich;" 30 Jahre";3
2018;männlich;" 31 Jahre";4
2018;männlich;" 32 Jahre";2
2018;männlich;" 33 Jahre";3
2018;männlich;" 35 Jahre";3
2018;männlich;" 36 Jahre";2
2018;männlich;" 37 Jahre";2
2018;männlich;" 38 Jahre";4
2018;männlich;" 39 Jahre";8
2018;männlich;" 40 Jahre";3
2018;männlich;" 41 Jahre";2
2018;männlich;" 43 Jahre";7
2018;männlich;" 44 Jahre";5
2018;männlich;" 45 Jahre";7
2018;männlich;" 46 Jahre";9
2018;männlich;" 47 Jahre";5
2018;männlich;" 48 Jahre";9
2018;männlich;" 49 Jahre";14
2018;männlich;" 50 Jahre";11
2018;männlich;" 51 Jahre";13
2018;männlich;" 52 Jahre";16
2018;männlich;" 53 Jahre";16
2018;männlich;" 54 Jahre";30
2018;männlich;" 55 Jahre";22
2018;männlich;" 56 Jahre";31
2018;männlich;" 57 Jahre";28
2018;männlich;" 58 Jahre";25
2018;männlich;" 59 Jahre";20
2018;männlich;" 60 Jahre";28
2018;männlich;" 61 Jahre";32
2018;männlich;" 62 Jahre";36
2018;männlich;" 63 Jahre";36
2018;männlich;" 64 Jahre";43
2018;männlich;" 65 Jahre";44
2018;männlich;" 66 Jahre";49
2018;männlich;" 67 Jahre";44
2018;männlich;" 68 Jahre";47
2018;männlich;" 69 Jahre";37
2018;männlich;" 70 Jahre";38
2018;männlich;" 71 Jahre";30
2018;männlich;" 72 Jahre";42
2018;männlich;" 73 Jahre";47
2018;männlich;" 74 Jahre";79
2018;männlich;" 75 Jahre";75
2018;männlich;" 76 Jahre";90
2018;männlich;" 77 Jahre";104
2018;männlich;" 78 Jahre";122
2018;männlich;" 79 Jahre";118
2018;männlich;" 80 Jahre";111
2018;männlich;" 81 Jahre";92
2018;männlich;" 82 Jahre";115
2018;männlich;" 83 Jahre";117
2018;männlich;" 84 Jahre";103
2018;männlich;" 85 Jahre";72
2018;männlich;" 86 Jahre";88
2018;männlich;" 87 Jahre";92
2018;männlich;" 88 Jahre";94
2018;männlich;" 89 Jahre";90
2018;männlich;" 90 Jahre";75
2018;männlich;" 91 Jahre";53
2018;männlich;" 92 Jahre";49
2018;männlich;" 93 Jahre";51
2018;männlich;" 94 Jahre";27
2018;männlich;" 95 Jahre";20
2018;männlich;" 96 Jahre";17
2018;männlich;" 97 Jahre";16
2018;männlich;" 98 Jahre";8
2018;männlich;" 99 Jahre";4
2018;männlich;100 Jahre;2
2018;männlich;101 Jahre;1
2018;weiblich;"  0 Jahre";5
2018;weiblich;"  2 Jahre";1
2018;weiblich;"  3 Jahre";2
2018;weiblich;"  6 Jahre";1
2018;weiblich;" 11 Jahre";1
2018;weiblich;" 13 Jahre";1
2018;weiblich;" 15 Jahre";1
2018;weiblich;" 28 Jahre";3
2018;weiblich;" 30 Jahre";1
2018;weiblich;" 32 Jahre";2
2018;weiblich;" 34 Jahre";2
2018;weiblich;" 36 Jahre";1
2018;weiblich;" 37 Jahre";2
2018;weiblich;" 38 Jahre";3
2018;weiblich;" 39 Jahre";3
2018;weiblich;" 40 Jahre";2
2018;weiblich;" 41 Jahre";4
2018;weiblich;" 42 Jahre";4
2018;weiblich;" 43 Jahre";2
2018;weiblich;" 44 Jahre";3
2018;weiblich;" 45 Jahre";6
2018;weiblich;" 46 Jahre";2
2018;weiblich;" 47 Jahre";3
2018;weiblich;" 48 Jahre";3
2018;weiblich;" 49 Jahre";4
2018;weiblich;" 50 Jahre";2
2018;weiblich;" 51 Jahre";9
2018;weiblich;" 52 Jahre";6
2018;weiblich;" 53 Jahre";8
2018;weiblich;" 54 Jahre";10
2018;weiblich;" 55 Jahre";5
2018;weiblich;" 56 Jahre";8
2018;weiblich;" 57 Jahre";12
2018;weiblich;" 58 Jahre";7
2018;weiblich;" 59 Jahre";9
2018;weiblich;" 60 Jahre";11
2018;weiblich;" 61 Jahre";13
2018;weiblich;" 62 Jahre";13
2018;weiblich;" 63 Jahre";18
2018;weiblich;" 64 Jahre";18
2018;weiblich;" 65 Jahre";17
2018;weiblich;" 66 Jahre";10
2018;weiblich;" 67 Jahre";29
2018;weiblich;" 68 Jahre";30
2018;weiblich;" 69 Jahre";26
2018;weiblich;" 70 Jahre";23
2018;weiblich;" 71 Jahre";27
2018;weiblich;" 72 Jahre";24
2018;weiblich;" 73 Jahre";42
2018;weiblich;" 74 Jahre";50
2018;weiblich;" 75 Jahre";56
2018;weiblich;" 76 Jahre";45
2018;weiblich;" 77 Jahre";76
2018;weiblich;" 78 Jahre";60
2018;weiblich;" 79 Jahre";74
2018;weiblich;" 80 Jahre";88
2018;weiblich;" 81 Jahre";89
2018;weiblich;" 82 Jahre";93
2018;weiblich;" 83 Jahre";118
2018;weiblich;" 84 Jahre";100
2018;weiblich;" 85 Jahre";72
2018;weiblich;" 86 Jahre";93
2018;weiblich;" 87 Jahre";135
2018;weiblich;" 88 Jahre";144
2018;weiblich;" 89 Jahre";122
2018;weiblich;" 90 Jahre";137
2018;weiblich;" 91 Jahre";140
2018;weiblich;" 92 Jahre";120
2018;weiblich;" 93 Jahre";103
2018;weiblich;" 94 Jahre";74
2018;weiblich;" 95 Jahre";89
2018;weiblich;" 96 Jahre";83
2018;weiblich;" 97 Jahre";66
2018;weiblich;" 98 Jahre";51
2018;weiblich;" 99 Jahre";13
2018;weiblich;100 Jahre;14
2018;weiblich;101 Jahre;14
2018;weiblich;102 Jahre;6
2018;weiblich;103 Jahre;5
2018;weiblich;104 Jahre;5
2018;weiblich;105 Jahre;3
2019;männlich;"  0 Jahre";7
2019;männlich;"  2 Jahre";1
2019;männlich;"  4 Jahre";1
2019;männlich;"  5 Jahre";2
2019;männlich;" 10 Jahre";1
2019;männlich;" 18 Jahre";1
2019;männlich;" 20 Jahre";2
2019;männlich;" 21 Jahre";3
2019;männlich;" 24 Jahre";2
2019;männlich;" 25 Jahre";4
2019;männlich;" 26 Jahre";1
2019;männlich;" 28 Jahre";1
2019;männlich;" 29 Jahre";4
2019;männlich;" 30 Jahre";1
2019;männlich;" 31 Jahre";2
2019;männlich;" 32 Jahre";6
2019;männlich;" 33 Jahre";3
2019;männlich;" 34 Jahre";4
2019;männlich;" 35 Jahre";2
2019;männlich;" 36 Jahre";1
2019;männlich;" 37 Jahre";4
2019;männlich;" 38 Jahre";1
2019;männlich;" 39 Jahre";3
2019;männlich;" 40 Jahre";3
2019;männlich;" 41 Jahre";3
2019;männlich;" 42 Jahre";2
2019;männlich;" 43 Jahre";4
2019;männlich;" 44 Jahre";6
2019;männlich;" 45 Jahre";5
2019;männlich;" 46 Jahre";6
2019;männlich;" 47 Jahre";8
2019;männlich;" 48 Jahre";15
2019;männlich;" 49 Jahre";6
2019;männlich;" 50 Jahre";8
2019;männlich;" 51 Jahre";7
2019;männlich;" 52 Jahre";10
2019;männlich;" 53 Jahre";14
2019;männlich;" 54 Jahre";17
2019;männlich;" 55 Jahre";24
2019;männlich;" 56 Jahre";19
2019;männlich;" 57 Jahre";22
2019;männlich;" 58 Jahre";26
2019;männlich;" 59 Jahre";29
2019;männlich;" 60 Jahre";25
2019;männlich;" 61 Jahre";28
2019;männlich;" 62 Jahre";33
2019;männlich;" 63 Jahre";39
2019;männlich;" 64 Jahre";41
2019;männlich;" 65 Jahre";37
2019;männlich;" 66 Jahre";38
2019;männlich;" 67 Jahre";62
2019;männlich;" 68 Jahre";49
2019;männlich;" 69 Jahre";55
2019;männlich;" 70 Jahre";40
2019;männlich;" 71 Jahre";64
2019;männlich;" 72 Jahre";35
2019;männlich;" 73 Jahre";43
2019;männlich;" 74 Jahre";59
2019;männlich;" 75 Jahre";87
2019;männlich;" 76 Jahre";86
2019;männlich;" 77 Jahre";67
2019;männlich;" 78 Jahre";108
2019;männlich;" 79 Jahre";112
2019;männlich;" 80 Jahre";101
2019;männlich;" 81 Jahre";113
2019;männlich;" 82 Jahre";109
2019;männlich;" 83 Jahre";121
2019;männlich;" 84 Jahre";121
2019;männlich;" 85 Jahre";96
2019;männlich;" 86 Jahre";87
2019;männlich;" 87 Jahre";84
2019;männlich;" 88 Jahre";91
2019;männlich;" 89 Jahre";99
2019;männlich;" 90 Jahre";79
2019;männlich;" 91 Jahre";47
2019;männlich;" 92 Jahre";49
2019;männlich;" 93 Jahre";43
2019;männlich;" 94 Jahre";27
2019;männlich;" 95 Jahre";30
2019;männlich;" 96 Jahre";20
2019;männlich;" 97 Jahre";16
2019;männlich;" 98 Jahre";11
2019;männlich;" 99 Jahre";4
2019;männlich;100 Jahre;4
2019;männlich;103 Jahre;2
2019;männlich;104 Jahre;2
2019;weiblich;"  0 Jahre";8
2019;weiblich;"  2 Jahre";1
2019;weiblich;"  3 Jahre";1
2019;weiblich;"  8 Jahre";1
2019;weiblich;" 10 Jahre";1
2019;weiblich;" 14 Jahre";1
2019;weiblich;" 18 Jahre";1
2019;weiblich;" 24 Jahre";1
2019;weiblich;" 25 Jahre";1
2019;weiblich;" 26 Jahre";2
2019;weiblich;" 27 Jahre";1
2019;weiblich;" 28 Jahre";1
2019;weiblich;" 29 Jahre";1
2019;weiblich;" 30 Jahre";1
2019;weiblich;" 31 Jahre";2
2019;weiblich;" 32 Jahre";3
2019;weiblich;" 33 Jahre";1
2019;weiblich;" 36 Jahre";2
2019;weiblich;" 37 Jahre";1
2019;weiblich;" 38 Jahre";3
2019;weiblich;" 39 Jahre";2
2019;weiblich;" 41 Jahre";2
2019;weiblich;" 42 Jahre";2
2019;weiblich;" 43 Jahre";4
2019;weiblich;" 44 Jahre";4
2019;weiblich;" 45 Jahre";4
2019;weiblich;" 47 Jahre";3
2019;weiblich;" 48 Jahre";5
2019;weiblich;" 49 Jahre";2
2019;weiblich;" 50 Jahre";9
2019;weiblich;" 51 Jahre";8
2019;weiblich;" 52 Jahre";10
2019;weiblich;" 53 Jahre";7
2019;weiblich;" 54 Jahre";9
2019;weiblich;" 55 Jahre";11
2019;weiblich;" 56 Jahre";6
2019;weiblich;" 57 Jahre";19
2019;weiblich;" 58 Jahre";12
2019;weiblich;" 59 Jahre";15
2019;weiblich;" 60 Jahre";11
2019;weiblich;" 61 Jahre";15
2019;weiblich;" 62 Jahre";13
2019;weiblich;" 63 Jahre";17
2019;weiblich;" 64 Jahre";24
2019;weiblich;" 65 Jahre";20
2019;weiblich;" 66 Jahre";26
2019;weiblich;" 67 Jahre";28
2019;weiblich;" 68 Jahre";23
2019;weiblich;" 69 Jahre";25
2019;weiblich;" 70 Jahre";31
2019;weiblich;" 71 Jahre";26
2019;weiblich;" 72 Jahre";16
2019;weiblich;" 73 Jahre";21
2019;weiblich;" 74 Jahre";33
2019;weiblich;" 75 Jahre";52
2019;weiblich;" 76 Jahre";52
2019;weiblich;" 77 Jahre";65
2019;weiblich;" 78 Jahre";70
2019;weiblich;" 79 Jahre";91
2019;weiblich;" 80 Jahre";106
2019;weiblich;" 81 Jahre";73
2019;weiblich;" 82 Jahre";100
2019;weiblich;" 83 Jahre";120
2019;weiblich;" 84 Jahre";129
2019;weiblich;" 85 Jahre";83
2019;weiblich;" 86 Jahre";100
2019;weiblich;" 87 Jahre";100
2019;weiblich;" 88 Jahre";118
2019;weiblich;" 89 Jahre";125
2019;weiblich;" 90 Jahre";122
2019;weiblich;" 91 Jahre";119
2019;weiblich;" 92 Jahre";117
2019;weiblich;" 93 Jahre";105
2019;weiblich;" 94 Jahre";93
2019;weiblich;" 95 Jahre";67
2019;weiblich;" 96 Jahre";72
2019;weiblich;" 97 Jahre";60
2019;weiblich;" 98 Jahre";46
2019;weiblich;" 99 Jahre";33
2019;weiblich;100 Jahre;8
2019;weiblich;101 Jahre;6
2019;weiblich;102 Jahre;4
2019;weiblich;103 Jahre;5
2019;weiblich;104 Jahre;1
2019;weiblich;105 Jahre;4
2019;weiblich;108 Jahre;1
2020;männlich;"  0 Jahre";3
2020;männlich;"  1 Jahre";1
2020;männlich;"  6 Jahre";1
2020;männlich;"  7 Jahre";1
2020;männlich;" 11 Jahre";1
2020;männlich;" 16 Jahre";1
2020;männlich;" 19 Jahre";2
2020;männlich;" 22 Jahre";1
2020;männlich;" 23 Jahre";1
2020;männlich;" 24 Jahre";2
2020;männlich;" 25 Jahre";2
2020;männlich;" 27 Jahre";2
2020;männlich;" 28 Jahre";2
2020;männlich;" 29 Jahre";4
2020;männlich;" 30 Jahre";2
2020;männlich;" 31 Jahre";2
2020;männlich;" 32 Jahre";2
2020;männlich;" 33 Jahre";2
2020;männlich;" 34 Jahre";10
2020;männlich;" 35 Jahre";1
2020;männlich;" 36 Jahre";2
2020;männlich;" 37 Jahre";5
2020;männlich;" 38 Jahre";6
2020;männlich;" 39 Jahre";6
2020;männlich;" 40 Jahre";4
2020;männlich;" 41 Jahre";3
2020;männlich;" 42 Jahre";5
2020;männlich;" 43 Jahre";5
2020;männlich;" 44 Jahre";7
2020;männlich;" 45 Jahre";9
2020;männlich;" 46 Jahre";5
2020;männlich;" 47 Jahre";9
2020;männlich;" 48 Jahre";10
2020;männlich;" 49 Jahre";10
2020;männlich;" 50 Jahre";6
2020;männlich;" 51 Jahre";15
2020;männlich;" 52 Jahre";12
2020;männlich;" 53 Jahre";20
2020;männlich;" 54 Jahre";21
2020;männlich;" 55 Jahre";30
2020;männlich;" 56 Jahre";30
2020;männlich;" 57 Jahre";32
2020;männlich;" 58 Jahre";24
2020;männlich;" 59 Jahre";24
2020;männlich;" 60 Jahre";22
2020;männlich;" 61 Jahre";26
2020;männlich;" 62 Jahre";29
2020;männlich;" 63 Jahre";35
2020;männlich;" 64 Jahre";36
2020;männlich;" 65 Jahre";49
2020;männlich;" 66 Jahre";37
2020;männlich;" 67 Jahre";51
2020;männlich;" 68 Jahre";51
2020;männlich;" 69 Jahre";61
2020;männlich;" 70 Jahre";62
2020;männlich;" 71 Jahre";59
2020;männlich;" 72 Jahre";50
2020;männlich;" 73 Jahre";45
2020;männlich;" 74 Jahre";57
2020;männlich;" 75 Jahre";73
2020;männlich;" 76 Jahre";96
2020;männlich;" 77 Jahre";71
2020;männlich;" 78 Jahre";91
2020;männlich;" 79 Jahre";98
2020;männlich;" 80 Jahre";128
2020;männlich;" 81 Jahre";131
2020;männlich;" 82 Jahre";118
2020;männlich;" 83 Jahre";119
2020;männlich;" 84 Jahre";135
2020;männlich;" 85 Jahre";147
2020;männlich;" 86 Jahre";95
2020;männlich;" 87 Jahre";92
2020;männlich;" 88 Jahre";96
2020;männlich;" 89 Jahre";100
2020;männlich;" 90 Jahre";116
2020;männlich;" 91 Jahre";81
2020;männlich;" 92 Jahre";67
2020;männlich;" 93 Jahre";54
2020;männlich;" 94 Jahre";32
2020;männlich;" 95 Jahre";28
2020;männlich;" 96 Jahre";21
2020;männlich;" 97 Jahre";13
2020;männlich;" 98 Jahre";8
2020;männlich;" 99 Jahre";10
2020;männlich;100 Jahre;8
2020;männlich;101 Jahre;1
2020;männlich;102 Jahre;1
2020;weiblich;"  0 Jahre";4
2020;weiblich;"  8 Jahre";1
2020;weiblich;" 21 Jahre";1
2020;weiblich;" 23 Jahre";2
2020;weiblich;" 24 Jahre";1
2020;weiblich;" 26 Jahre";1
2020;weiblich;" 29 Jahre";1
2020;weiblich;" 32 Jahre";1
2020;weiblich;" 33 Jahre";2
2020;weiblich;" 34 Jahre";3
2020;weiblich;" 35 Jahre";2
2020;weiblich;" 36 Jahre";2
2020;weiblich;" 38 Jahre";1
2020;weiblich;" 41 Jahre";1
2020;weiblich;" 42 Jahre";3
2020;weiblich;" 43 Jahre";2
2020;weiblich;" 44 Jahre";2
2020;weiblich;" 45 Jahre";3
2020;weiblich;" 46 Jahre";5
2020;weiblich;" 47 Jahre";3
2020;weiblich;" 49 Jahre";6
2020;weiblich;" 50 Jahre";3
2020;weiblich;" 51 Jahre";4
2020;weiblich;" 52 Jahre";6
2020;weiblich;" 53 Jahre";6
2020;weiblich;" 54 Jahre";8
2020;weiblich;" 55 Jahre";10
2020;weiblich;" 56 Jahre";4
2020;weiblich;" 57 Jahre";9
2020;weiblich;" 58 Jahre";12
2020;weiblich;" 59 Jahre";12
2020;weiblich;" 60 Jahre";15
2020;weiblich;" 61 Jahre";13
2020;weiblich;" 62 Jahre";16
2020;weiblich;" 63 Jahre";17
2020;weiblich;" 64 Jahre";21
2020;weiblich;" 65 Jahre";19
2020;weiblich;" 66 Jahre";20
2020;weiblich;" 67 Jahre";18
2020;weiblich;" 68 Jahre";38
2020;weiblich;" 69 Jahre";40
2020;weiblich;" 70 Jahre";25
2020;weiblich;" 71 Jahre";32
2020;weiblich;" 72 Jahre";20
2020;weiblich;" 73 Jahre";24
2020;weiblich;" 74 Jahre";34
2020;weiblich;" 75 Jahre";38
2020;weiblich;" 76 Jahre";56
2020;weiblich;" 77 Jahre";51
2020;weiblich;" 78 Jahre";74
2020;weiblich;" 79 Jahre";104
2020;weiblich;" 80 Jahre";105
2020;weiblich;" 81 Jahre";103
2020;weiblich;" 82 Jahre";113
2020;weiblich;" 83 Jahre";122
2020;weiblich;" 84 Jahre";152
2020;weiblich;" 85 Jahre";140
2020;weiblich;" 86 Jahre";125
2020;weiblich;" 87 Jahre";118
2020;weiblich;" 88 Jahre";108
2020;weiblich;" 89 Jahre";127
2020;weiblich;" 90 Jahre";143
2020;weiblich;" 91 Jahre";142
2020;weiblich;" 92 Jahre";129
2020;weiblich;" 93 Jahre";112
2020;weiblich;" 94 Jahre";111
2020;weiblich;" 95 Jahre";98
2020;weiblich;" 96 Jahre";62
2020;weiblich;" 97 Jahre";74
2020;weiblich;" 98 Jahre";54
2020;weiblich;" 99 Jahre";38
2020;weiblich;100 Jahre;24
2020;weiblich;101 Jahre;11
2020;weiblich;102 Jahre;5
2020;weiblich;104 Jahre;2
2020;weiblich;105 Jahre;3
2020;weiblich;106 Jahre;1
2021;männlich;"  0 Jahre";6
2021;männlich;"  2 Jahre";1
2021;männlich;" 12 Jahre";1
2021;männlich;" 17 Jahre";2
2021;männlich;" 18 Jahre";1
2021;männlich;" 19 Jahre";5
2021;männlich;" 20 Jahre";2
2021;männlich;" 21 Jahre";2
2021;männlich;" 22 Jahre";2
2021;männlich;" 23 Jahre";1
2021;männlich;" 25 Jahre";1
2021;männlich;" 26 Jahre";2
2021;männlich;" 27 Jahre";2
2021;männlich;" 28 Jahre";2
2021;männlich;" 29 Jahre";3
2021;männlich;" 30 Jahre";4
2021;männlich;" 31 Jahre";3
2021;männlich;" 34 Jahre";4
2021;männlich;" 35 Jahre";7
2021;männlich;" 36 Jahre";3
2021;männlich;" 37 Jahre";2
2021;männlich;" 38 Jahre";5
2021;männlich;" 39 Jahre";3
2021;männlich;" 40 Jahre";5
2021;männlich;" 41 Jahre";2
2021;männlich;" 42 Jahre";6
2021;männlich;" 43 Jahre";11
2021;männlich;" 44 Jahre";6
2021;männlich;" 45 Jahre";5
2021;männlich;" 46 Jahre";4
2021;männlich;" 47 Jahre";10
2021;männlich;" 48 Jahre";5
2021;männlich;" 49 Jahre";13
2021;männlich;" 50 Jahre";10
2021;männlich;" 51 Jahre";14
2021;männlich;" 52 Jahre";14
2021;männlich;" 53 Jahre";20
2021;männlich;" 54 Jahre";17
2021;männlich;" 55 Jahre";28
2021;männlich;" 56 Jahre";29
2021;männlich;" 57 Jahre";21
2021;männlich;" 58 Jahre";35
2021;männlich;" 59 Jahre";37
2021;männlich;" 60 Jahre";41
2021;männlich;" 61 Jahre";49
2021;männlich;" 62 Jahre";34
2021;männlich;" 63 Jahre";35
2021;männlich;" 64 Jahre";38
2021;männlich;" 65 Jahre";52
2021;männlich;" 66 Jahre";45
2021;männlich;" 67 Jahre";57
2021;männlich;" 68 Jahre";64
2021;männlich;" 69 Jahre";56
2021;männlich;" 70 Jahre";68
2021;männlich;" 71 Jahre";51
2021;männlich;" 72 Jahre";50
2021;männlich;" 73 Jahre";57
2021;männlich;" 74 Jahre";56
2021;männlich;" 75 Jahre";48
2021;männlich;" 76 Jahre";62
2021;männlich;" 77 Jahre";95
2021;männlich;" 78 Jahre";106
2021;männlich;" 79 Jahre";128
2021;männlich;" 80 Jahre";130
2021;männlich;" 81 Jahre";143
2021;männlich;" 82 Jahre";147
2021;männlich;" 83 Jahre";151
2021;männlich;" 84 Jahre";140
2021;männlich;" 85 Jahre";153
2021;männlich;" 86 Jahre";131
2021;männlich;" 87 Jahre";121
2021;männlich;" 88 Jahre";99
2021;männlich;" 89 Jahre";101
2021;männlich;" 90 Jahre";96
2021;männlich;" 91 Jahre";104
2021;männlich;" 92 Jahre";68
2021;männlich;" 93 Jahre";55
2021;männlich;" 94 Jahre";53
2021;männlich;" 95 Jahre";40
2021;männlich;" 96 Jahre";21
2021;männlich;" 97 Jahre";18
2021;männlich;" 98 Jahre";9
2021;männlich;" 99 Jahre";14
2021;männlich;100 Jahre;6
2021;männlich;101 Jahre;4
2021;männlich;102 Jahre;2
2021;männlich;103 Jahre;2
2021;weiblich;"  0 Jahre";6
2021;weiblich;"  4 Jahre";1
2021;weiblich;" 14 Jahre";1
2021;weiblich;" 20 Jahre";2
2021;weiblich;" 21 Jahre";1
2021;weiblich;" 23 Jahre";1
2021;weiblich;" 24 Jahre";1
2021;weiblich;" 27 Jahre";1
2021;weiblich;" 29 Jahre";1
2021;weiblich;" 31 Jahre";1
2021;weiblich;" 34 Jahre";6
2021;weiblich;" 35 Jahre";3
2021;weiblich;" 36 Jahre";2
2021;weiblich;" 37 Jahre";1
2021;weiblich;" 38 Jahre";2
2021;weiblich;" 39 Jahre";2
2021;weiblich;" 40 Jahre";1
2021;weiblich;" 41 Jahre";2
2021;weiblich;" 42 Jahre";2
2021;weiblich;" 43 Jahre";4
2021;weiblich;" 44 Jahre";2
2021;weiblich;" 45 Jahre";3
2021;weiblich;" 47 Jahre";4
2021;weiblich;" 48 Jahre";6
2021;weiblich;" 49 Jahre";9
2021;weiblich;" 50 Jahre";7
2021;weiblich;" 51 Jahre";7
2021;weiblich;" 52 Jahre";10
2021;weiblich;" 53 Jahre";7
2021;weiblich;" 54 Jahre";5
2021;weiblich;" 55 Jahre";8
2021;weiblich;" 56 Jahre";12
2021;weiblich;" 57 Jahre";16
2021;weiblich;" 58 Jahre";12
2021;weiblich;" 59 Jahre";10
2021;weiblich;" 60 Jahre";10
2021;weiblich;" 61 Jahre";20
2021;weiblich;" 62 Jahre";11
2021;weiblich;" 63 Jahre";17
2021;weiblich;" 64 Jahre";24
2021;weiblich;" 65 Jahre";27
2021;weiblich;" 66 Jahre";19
2021;weiblich;" 67 Jahre";28
2021;weiblich;" 68 Jahre";25
2021;weiblich;" 69 Jahre";31
2021;weiblich;" 70 Jahre";22
2021;weiblich;" 71 Jahre";34
2021;weiblich;" 72 Jahre";38
2021;weiblich;" 73 Jahre";33
2021;weiblich;" 74 Jahre";34
2021;weiblich;" 75 Jahre";36
2021;weiblich;" 76 Jahre";53
2021;weiblich;" 77 Jahre";69
2021;weiblich;" 78 Jahre";71
2021;weiblich;" 79 Jahre";89
2021;weiblich;" 80 Jahre";130
2021;weiblich;" 81 Jahre";101
2021;weiblich;" 82 Jahre";137
2021;weiblich;" 83 Jahre";118
2021;weiblich;" 84 Jahre";139
2021;weiblich;" 85 Jahre";140
2021;weiblich;" 86 Jahre";155
2021;weiblich;" 87 Jahre";136
2021;weiblich;" 88 Jahre";112
2021;weiblich;" 89 Jahre";140
2021;weiblich;" 90 Jahre";157
2021;weiblich;" 91 Jahre";137
2021;weiblich;" 92 Jahre";130
2021;weiblich;" 93 Jahre";137
2021;weiblich;" 94 Jahre";111
2021;weiblich;" 95 Jahre";96
2021;weiblich;" 96 Jahre";61
2021;weiblich;" 97 Jahre";61
2021;weiblich;" 98 Jahre";52
2021;weiblich;" 99 Jahre";37
2021;weiblich;100 Jahre;34
2021;weiblich;101 Jahre;15
2021;weiblich;102 Jahre;10
2021;weiblich;103 Jahre;7
2021;weiblich;104 Jahre;1
2021;weiblich;105 Jahre;1
2021;weiblich;107 Jahre;1
2021;weiblich;108 Jahre;2
2022;männlich;"  0 Jahre";4
2022;männlich;"  3 Jahre";2
2022;männlich;" 12 Jahre";1
2022;männlich;" 16 Jahre";1
2022;männlich;" 17 Jahre";1
2022;männlich;" 19 Jahre";2
2022;männlich;" 20 Jahre";3
2022;männlich;" 21 Jahre";1
2022;männlich;" 23 Jahre";2
2022;männlich;" 24 Jahre";1
2022;männlich;" 25 Jahre";2
2022;männlich;" 26 Jahre";3
2022;männlich;" 27 Jahre";2
2022;männlich;" 28 Jahre";4
2022;männlich;" 29 Jahre";3
2022;männlich;" 30 Jahre";2
2022;männlich;" 31 Jahre";2
2022;männlich;" 32 Jahre";3
2022;männlich;" 33 Jahre";2
2022;männlich;" 34 Jahre";4
2022;männlich;" 35 Jahre";7
2022;männlich;" 36 Jahre";3
2022;männlich;" 37 Jahre";1
2022;männlich;" 38 Jahre";6
2022;männlich;" 39 Jahre";1
2022;männlich;" 40 Jahre";8
2022;männlich;" 41 Jahre";6
2022;männlich;" 42 Jahre";8
2022;männlich;" 43 Jahre";5
2022;männlich;" 44 Jahre";7
2022;männlich;" 45 Jahre";5
2022;männlich;" 46 Jahre";3
2022;männlich;" 47 Jahre";5
2022;männlich;" 48 Jahre";7
2022;männlich;" 49 Jahre";9
2022;männlich;" 50 Jahre";14
2022;männlich;" 51 Jahre";9
2022;männlich;" 52 Jahre";17
2022;männlich;" 53 Jahre";14
2022;männlich;" 54 Jahre";21
2022;männlich;" 55 Jahre";22
2022;männlich;" 56 Jahre";18
2022;männlich;" 57 Jahre";23
2022;männlich;" 58 Jahre";28
2022;männlich;" 59 Jahre";27
2022;männlich;" 60 Jahre";42
2022;männlich;" 61 Jahre";30
2022;männlich;" 62 Jahre";34
2022;männlich;" 63 Jahre";38
2022;männlich;" 64 Jahre";34
2022;männlich;" 65 Jahre";39
2022;männlich;" 66 Jahre";30
2022;männlich;" 67 Jahre";39
2022;männlich;" 68 Jahre";47
2022;männlich;" 69 Jahre";64
2022;männlich;" 70 Jahre";53
2022;männlich;" 71 Jahre";54
2022;männlich;" 72 Jahre";75
2022;männlich;" 73 Jahre";51
2022;männlich;" 74 Jahre";46
2022;männlich;" 75 Jahre";43
2022;männlich;" 76 Jahre";48
2022;männlich;" 77 Jahre";75
2022;männlich;" 78 Jahre";98
2022;männlich;" 79 Jahre";100
2022;männlich;" 80 Jahre";125
2022;männlich;" 81 Jahre";119
2022;männlich;" 82 Jahre";135
2022;männlich;" 83 Jahre";126
2022;männlich;" 84 Jahre";134
2022;männlich;" 85 Jahre";134
2022;männlich;" 86 Jahre";115
2022;männlich;" 87 Jahre";137
2022;männlich;" 88 Jahre";90
2022;männlich;" 89 Jahre";103
2022;männlich;" 90 Jahre";90
2022;männlich;" 91 Jahre";62
2022;männlich;" 92 Jahre";76
2022;männlich;" 93 Jahre";60
2022;männlich;" 94 Jahre";47
2022;männlich;" 95 Jahre";32
2022;männlich;" 96 Jahre";19
2022;männlich;" 97 Jahre";18
2022;männlich;" 98 Jahre";13
2022;männlich;" 99 Jahre";9
2022;männlich;100 Jahre;5
2022;männlich;101 Jahre;7
2022;männlich;102 Jahre;1
2022;männlich;105 Jahre;1
2022;weiblich;"  0 Jahre";4
2022;weiblich;"  1 Jahre";1
2022;weiblich;"  7 Jahre";1
2022;weiblich;" 21 Jahre";2
2022;weiblich;" 29 Jahre";1
2022;weiblich;" 30 Jahre";1
2022;weiblich;" 31 Jahre";3
2022;weiblich;" 33 Jahre";1
2022;weiblich;" 34 Jahre";1
2022;weiblich;" 35 Jahre";3
2022;weiblich;" 36 Jahre";1
2022;weiblich;" 37 Jahre";1
2022;weiblich;" 38 Jahre";1
2022;weiblich;" 39 Jahre";3
2022;weiblich;" 40 Jahre";1
2022;weiblich;" 41 Jahre";1
2022;weiblich;" 42 Jahre";1
2022;weiblich;" 43 Jahre";1
2022;weiblich;" 44 Jahre";3
2022;weiblich;" 45 Jahre";1
2022;weiblich;" 46 Jahre";4
2022;weiblich;" 47 Jahre";2
2022;weiblich;" 48 Jahre";2
2022;weiblich;" 49 Jahre";5
2022;weiblich;" 50 Jahre";8
2022;weiblich;" 51 Jahre";4
2022;weiblich;" 52 Jahre";2
2022;weiblich;" 53 Jahre";5
2022;weiblich;" 54 Jahre";5
2022;weiblich;" 55 Jahre";12
2022;weiblich;" 56 Jahre";11
2022;weiblich;" 57 Jahre";9
2022;weiblich;" 58 Jahre";10
2022;weiblich;" 59 Jahre";14
2022;weiblich;" 60 Jahre";13
2022;weiblich;" 61 Jahre";13
2022;weiblich;" 62 Jahre";19
2022;weiblich;" 63 Jahre";14
2022;weiblich;" 64 Jahre";14
2022;weiblich;" 65 Jahre";20
2022;weiblich;" 66 Jahre";13
2022;weiblich;" 67 Jahre";17
2022;weiblich;" 68 Jahre";31
2022;weiblich;" 69 Jahre";26
2022;weiblich;" 70 Jahre";40
2022;weiblich;" 71 Jahre";38
2022;weiblich;" 72 Jahre";41
2022;weiblich;" 73 Jahre";40
2022;weiblich;" 74 Jahre";31
2022;weiblich;" 75 Jahre";36
2022;weiblich;" 76 Jahre";31
2022;weiblich;" 77 Jahre";57
2022;weiblich;" 78 Jahre";72
2022;weiblich;" 79 Jahre";75
2022;weiblich;" 80 Jahre";92
2022;weiblich;" 81 Jahre";96
2022;weiblich;" 82 Jahre";113
2022;weiblich;" 83 Jahre";153
2022;weiblich;" 84 Jahre";137
2022;weiblich;" 85 Jahre";156
2022;weiblich;" 86 Jahre";134
2022;weiblich;" 87 Jahre";163
2022;weiblich;" 88 Jahre";134
2022;weiblich;" 89 Jahre";116
2022;weiblich;" 90 Jahre";128
2022;weiblich;" 91 Jahre";120
2022;weiblich;" 92 Jahre";136
2022;weiblich;" 93 Jahre";140
2022;weiblich;" 94 Jahre";97
2022;weiblich;" 95 Jahre";74
2022;weiblich;" 96 Jahre";78
2022;weiblich;" 97 Jahre";63
2022;weiblich;" 98 Jahre";34
2022;weiblich;" 99 Jahre";27
2022;weiblich;100 Jahre;26
2022;weiblich;101 Jahre;28
2022;weiblich;102 Jahre;11
2022;weiblich;103 Jahre;1
2022;weiblich;104 Jahre;3
2022;weiblich;105 Jahre;3
2022;weiblich;107 Jahre;2
2023;männlich;"  0 Jahre";6
2023;männlich;"  2 Jahre";1
2023;männlich;"  6 Jahre";1
2023;männlich;"  7 Jahre";1
2023;männlich;"  9 Jahre";1
2023;männlich;" 16 Jahre";2
2023;männlich;" 19 Jahre";1
2023;männlich;" 20 Jahre";3
2023;männlich;" 22 Jahre";2
2023;männlich;" 24 Jahre";5
2023;männlich;" 25 Jahre";1
2023;männlich;" 26 Jahre";1
2023;männlich;" 27 Jahre";2
2023;männlich;" 28 Jahre";1
2023;männlich;" 30 Jahre";2
2023;männlich;" 32 Jahre";2
2023;männlich;" 33 Jahre";1
2023;männlich;" 34 Jahre";1
2023;männlich;" 35 Jahre";1
2023;männlich;" 36 Jahre";2
2023;männlich;" 37 Jahre";3
2023;männlich;" 38 Jahre";7
2023;männlich;" 39 Jahre";2
2023;männlich;" 40 Jahre";7
2023;männlich;" 41 Jahre";3
2023;männlich;" 42 Jahre";9
2023;männlich;" 43 Jahre";8
2023;männlich;" 44 Jahre";11
2023;männlich;" 45 Jahre";5
2023;männlich;" 46 Jahre";6
2023;männlich;" 47 Jahre";6
2023;männlich;" 48 Jahre";6
2023;männlich;" 49 Jahre";9
2023;männlich;" 50 Jahre";7
2023;männlich;" 51 Jahre";13
2023;männlich;" 52 Jahre";13
2023;männlich;" 53 Jahre";8
2023;männlich;" 54 Jahre";16
2023;männlich;" 55 Jahre";15
2023;männlich;" 56 Jahre";14
2023;männlich;" 57 Jahre";24
2023;männlich;" 58 Jahre";22
2023;männlich;" 59 Jahre";36
2023;männlich;" 60 Jahre";41
2023;männlich;" 61 Jahre";31
2023;männlich;" 62 Jahre";30
2023;männlich;" 63 Jahre";40
2023;männlich;" 64 Jahre";40
2023;männlich;" 65 Jahre";37
2023;männlich;" 66 Jahre";36
2023;männlich;" 67 Jahre";55
2023;männlich;" 68 Jahre";55
2023;männlich;" 69 Jahre";38
2023;männlich;" 70 Jahre";54
2023;männlich;" 71 Jahre";57
2023;männlich;" 72 Jahre";58
2023;männlich;" 73 Jahre";61
2023;männlich;" 74 Jahre";57
2023;männlich;" 75 Jahre";64
2023;männlich;" 76 Jahre";55
2023;männlich;" 77 Jahre";35
2023;männlich;" 78 Jahre";95
2023;männlich;" 79 Jahre";113
2023;männlich;" 80 Jahre";113
2023;männlich;" 81 Jahre";102
2023;männlich;" 82 Jahre";134
2023;männlich;" 83 Jahre";120
2023;männlich;" 84 Jahre";127
2023;männlich;" 85 Jahre";115
2023;männlich;" 86 Jahre";131
2023;männlich;" 87 Jahre";133
2023;männlich;" 88 Jahre";153
2023;männlich;" 89 Jahre";110
2023;männlich;" 90 Jahre";104
2023;männlich;" 91 Jahre";61
2023;männlich;" 92 Jahre";79
2023;männlich;" 93 Jahre";66
2023;männlich;" 94 Jahre";53
2023;männlich;" 95 Jahre";34
2023;männlich;" 96 Jahre";21
2023;männlich;" 97 Jahre";15
2023;männlich;" 98 Jahre";13
2023;männlich;" 99 Jahre";5
2023;männlich;100 Jahre;7
2023;männlich;101 Jahre;7
2023;männlich;102 Jahre;3
2023;männlich;104 Jahre;1
2023;männlich;106 Jahre;1
2023;weiblich;"  0 Jahre";2
2023;weiblich;"  1 Jahre";1
2023;weiblich;"  3 Jahre";1
2023;weiblich;"  5 Jahre";1
2023;weiblich;"  6 Jahre";2
2023;weiblich;" 10 Jahre";1
2023;weiblich;" 15 Jahre";1
2023;weiblich;" 17 Jahre";1
2023;weiblich;" 19 Jahre";1
2023;weiblich;" 21 Jahre";1
2023;weiblich;" 22 Jahre";1
2023;weiblich;" 25 Jahre";1
2023;weiblich;" 27 Jahre";2
2023;weiblich;" 28 Jahre";1
2023;weiblich;" 30 Jahre";2
2023;weiblich;" 31 Jahre";1
2023;weiblich;" 32 Jahre";1
2023;weiblich;" 33 Jahre";1
2023;weiblich;" 34 Jahre";1
2023;weiblich;" 35 Jahre";4
2023;weiblich;" 37 Jahre";3
2023;weiblich;" 38 Jahre";4
2023;weiblich;" 39 Jahre";2
2023;weiblich;" 40 Jahre";1
2023;weiblich;" 41 Jahre";3
2023;weiblich;" 42 Jahre";1
2023;weiblich;" 43 Jahre";6
2023;weiblich;" 44 Jahre";6
2023;weiblich;" 45 Jahre";5
2023;weiblich;" 46 Jahre";5
2023;weiblich;" 48 Jahre";2
2023;weiblich;" 49 Jahre";2
2023;weiblich;" 50 Jahre";6
2023;weiblich;" 51 Jahre";8
2023;weiblich;" 52 Jahre";5
2023;weiblich;" 53 Jahre";7
2023;weiblich;" 54 Jahre";7
2023;weiblich;" 55 Jahre";6
2023;weiblich;" 56 Jahre";13
2023;weiblich;" 57 Jahre";8
2023;weiblich;" 58 Jahre";9
2023;weiblich;" 59 Jahre";11
2023;weiblich;" 60 Jahre";22
2023;weiblich;" 61 Jahre";12
2023;weiblich;" 62 Jahre";23
2023;weiblich;" 63 Jahre";23
2023;weiblich;" 64 Jahre";19
2023;weiblich;" 65 Jahre";15
2023;weiblich;" 66 Jahre";22
2023;weiblich;" 67 Jahre";32
2023;weiblich;" 68 Jahre";33
2023;weiblich;" 69 Jahre";31
2023;weiblich;" 70 Jahre";31
2023;weiblich;" 71 Jahre";44
2023;weiblich;" 72 Jahre";44
2023;weiblich;" 73 Jahre";37
2023;weiblich;" 74 Jahre";38
2023;weiblich;" 75 Jahre";33
2023;weiblich;" 76 Jahre";25
2023;weiblich;" 77 Jahre";36
2023;weiblich;" 78 Jahre";63
2023;weiblich;" 79 Jahre";79
2023;weiblich;" 80 Jahre";81
2023;weiblich;" 81 Jahre";107
2023;weiblich;" 82 Jahre";123
2023;weiblich;" 83 Jahre";117
2023;weiblich;" 84 Jahre";149
2023;weiblich;" 85 Jahre";138
2023;weiblich;" 86 Jahre";131
2023;weiblich;" 87 Jahre";148
2023;weiblich;" 88 Jahre";165
2023;weiblich;" 89 Jahre";114
2023;weiblich;" 90 Jahre";121
2023;weiblich;" 91 Jahre";122
2023;weiblich;" 92 Jahre";111
2023;weiblich;" 93 Jahre";116
2023;weiblich;" 94 Jahre";102
2023;weiblich;" 95 Jahre";66
2023;weiblich;" 96 Jahre";71
2023;weiblich;" 97 Jahre";58
2023;weiblich;" 98 Jahre";46
2023;weiblich;" 99 Jahre";29
2023;weiblich;100 Jahre;22
2023;weiblich;101 Jahre;24
2023;weiblich;102 Jahre;9
2023;weiblich;103 Jahre;4
2023;weiblich;106 Jahre;1
2023;weiblich;107 Jahre;1
2024;männlich;"  0 Jahre";6
2024;männlich;"  2 Jahre";1
2024;männlich;" 12 Jahre";1
2024;männlich;" 13 Jahre";1
2024;männlich;" 16 Jahre";2
2024;männlich;" 18 Jahre";1
2024;männlich;" 19 Jahre";2
2024;männlich;" 21 Jahre";5
2024;männlich;" 22 Jahre";1
2024;männlich;" 23 Jahre";1
2024;männlich;" 25 Jahre";2
2024;männlich;" 26 Jahre";2
2024;männlich;" 27 Jahre";1
2024;männlich;" 28 Jahre";1
2024;männlich;" 29 Jahre";2
2024;männlich;" 30 Jahre";1
2024;männlich;" 31 Jahre";1
2024;männlich;" 34 Jahre";2
2024;männlich;" 35 Jahre";3
2024;männlich;" 36 Jahre";2
2024;männlich;" 38 Jahre";3
2024;männlich;" 39 Jahre";6
2024;männlich;" 40 Jahre";6
2024;männlich;" 41 Jahre";6
2024;männlich;" 42 Jahre";3
2024;männlich;" 43 Jahre";4
2024;männlich;" 44 Jahre";10
2024;männlich;" 45 Jahre";6
2024;männlich;" 46 Jahre";9
2024;männlich;" 47 Jahre";7
2024;männlich;" 48 Jahre";6
2024;männlich;" 49 Jahre";5
2024;männlich;" 50 Jahre";7
2024;männlich;" 51 Jahre";13
2024;männlich;" 52 Jahre";12
2024;männlich;" 53 Jahre";10
2024;männlich;" 54 Jahre";10
2024;männlich;" 55 Jahre";16
2024;männlich;" 56 Jahre";22
2024;männlich;" 57 Jahre";19
2024;männlich;" 58 Jahre";24
2024;männlich;" 59 Jahre";22
2024;männlich;" 60 Jahre";29
2024;männlich;" 61 Jahre";38
2024;männlich;" 62 Jahre";38
2024;männlich;" 63 Jahre";41
2024;männlich;" 64 Jahre";49
2024;männlich;" 65 Jahre";44
2024;männlich;" 66 Jahre";34
2024;männlich;" 67 Jahre";37
2024;männlich;" 68 Jahre";39
2024;männlich;" 69 Jahre";43
2024;männlich;" 70 Jahre";57
2024;männlich;" 71 Jahre";66
2024;männlich;" 72 Jahre";50
2024;männlich;" 73 Jahre";55
2024;männlich;" 74 Jahre";71
2024;männlich;" 75 Jahre";48
2024;männlich;" 76 Jahre";57
2024;männlich;" 77 Jahre";44
2024;männlich;" 78 Jahre";36
2024;männlich;" 79 Jahre";78
2024;männlich;" 80 Jahre";100
2024;männlich;" 81 Jahre";99
2024;männlich;" 82 Jahre";105
2024;männlich;" 83 Jahre";137
2024;männlich;" 84 Jahre";120
2024;männlich;" 85 Jahre";133
2024;männlich;" 86 Jahre";128
2024;männlich;" 87 Jahre";125
2024;männlich;" 88 Jahre";118
2024;männlich;" 89 Jahre";137
2024;männlich;" 90 Jahre";83
2024;männlich;" 91 Jahre";60
2024;männlich;" 92 Jahre";72
2024;männlich;" 93 Jahre";69
2024;männlich;" 94 Jahre";58
2024;männlich;" 95 Jahre";42
2024;männlich;" 96 Jahre";30
2024;männlich;" 97 Jahre";20
2024;männlich;" 98 Jahre";10
2024;männlich;" 99 Jahre";7
2024;männlich;100 Jahre;3
2024;männlich;101 Jahre;1
2024;männlich;102 Jahre;2
2024;männlich;103 Jahre;1
2024;weiblich;"  0 Jahre";3
2024;weiblich;"  1 Jahre";1
2024;weiblich;"  3 Jahre";1
2024;weiblich;"  4 Jahre";1
2024;weiblich;"  7 Jahre";1
2024;weiblich;" 11 Jahre";1
2024;weiblich;" 12 Jahre";1
2024;weiblich;" 19 Jahre";1
2024;weiblich;" 22 Jahre";1
2024;weiblich;" 23 Jahre";1
2024;weiblich;" 24 Jahre";1
2024;weiblich;" 27 Jahre";1
2024;weiblich;" 33 Jahre";3
2024;weiblich;" 34 Jahre";4
2024;weiblich;" 35 Jahre";3
2024;weiblich;" 36 Jahre";1
2024;weiblich;" 37 Jahre";1
2024;weiblich;" 38 Jahre";3
2024;weiblich;" 39 Jahre";2
2024;weiblich;" 40 Jahre";2
2024;weiblich;" 41 Jahre";4
2024;weiblich;" 43 Jahre";4
2024;weiblich;" 44 Jahre";3
2024;weiblich;" 46 Jahre";3
2024;weiblich;" 47 Jahre";7
2024;weiblich;" 48 Jahre";4
2024;weiblich;" 49 Jahre";2
2024;weiblich;" 50 Jahre";3
2024;weiblich;" 51 Jahre";5
2024;weiblich;" 52 Jahre";8
2024;weiblich;" 53 Jahre";3
2024;weiblich;" 54 Jahre";6
2024;weiblich;" 55 Jahre";9
2024;weiblich;" 56 Jahre";10
2024;weiblich;" 57 Jahre";8
2024;weiblich;" 58 Jahre";14
2024;weiblich;" 59 Jahre";17
2024;weiblich;" 60 Jahre";18
2024;weiblich;" 61 Jahre";18
2024;weiblich;" 62 Jahre";15
2024;weiblich;" 63 Jahre";16
2024;weiblich;" 64 Jahre";16
2024;weiblich;" 65 Jahre";22
2024;weiblich;" 66 Jahre";21
2024;weiblich;" 67 Jahre";26
2024;weiblich;" 68 Jahre";24
2024;weiblich;" 69 Jahre";26
2024;weiblich;" 70 Jahre";30
2024;weiblich;" 71 Jahre";35
2024;weiblich;" 72 Jahre";55
2024;weiblich;" 73 Jahre";30
2024;weiblich;" 74 Jahre";39
2024;weiblich;" 75 Jahre";37
2024;weiblich;" 76 Jahre";36
2024;weiblich;" 77 Jahre";47
2024;weiblich;" 78 Jahre";30
2024;weiblich;" 79 Jahre";64
2024;weiblich;" 80 Jahre";90
2024;weiblich;" 81 Jahre";82
2024;weiblich;" 82 Jahre";113
2024;weiblich;" 83 Jahre";124
2024;weiblich;" 84 Jahre";139
2024;weiblich;" 85 Jahre";138
2024;weiblich;" 86 Jahre";131
2024;weiblich;" 87 Jahre";163
2024;weiblich;" 88 Jahre";149
2024;weiblich;" 89 Jahre";145
2024;weiblich;" 90 Jahre";131
2024;weiblich;" 91 Jahre";110
2024;weiblich;" 92 Jahre";129
2024;weiblich;" 93 Jahre";110
2024;weiblich;" 94 Jahre";88
2024;weiblich;" 95 Jahre";84
2024;weiblich;" 96 Jahre";76
2024;weiblich;" 97 Jahre";55
2024;weiblich;" 98 Jahre";43
2024;weiblich;" 99 Jahre";32
2024;weiblich;100 Jahre;17
2024;weiblich;101 Jahre;11
2024;weiblich;102 Jahre;13
2024;weiblich;103 Jahre;11
2024;weiblich;104 Jahre;4
2024;weiblich;106 Jahre;2
2025;männlich;"  0 Jahre";7
2025;männlich;"  1 Jahre";1
2025;männlich;" 12 Jahre";1
2025;männlich;" 14 Jahre";1
2025;männlich;" 16 Jahre";1
2025;männlich;" 18 Jahre";4
2025;männlich;" 20 Jahre";1
2025;männlich;" 24 Jahre";1
2025;männlich;" 26 Jahre";1
2025;männlich;" 27 Jahre";3
2025;männlich;" 28 Jahre";1
2025;männlich;" 30 Jahre";1
2025;männlich;" 31 Jahre";1
2025;männlich;" 32 Jahre";5
2025;männlich;" 33 Jahre";3
2025;männlich;" 34 Jahre";4
2025;männlich;" 35 Jahre";2
2025;männlich;" 36 Jahre";8
2025;männlich;" 37 Jahre";3
2025;männlich;" 38 Jahre";2
2025;männlich;" 39 Jahre";5
2025;männlich;" 40 Jahre";4
2025;männlich;" 41 Jahre";6
2025;männlich;" 42 Jahre";7
2025;männlich;" 43 Jahre";4
2025;männlich;" 44 Jahre";8
2025;männlich;" 45 Jahre";7
2025;männlich;" 46 Jahre";6
2025;männlich;" 47 Jahre";3
2025;männlich;" 48 Jahre";6
2025;männlich;" 49 Jahre";8
2025;männlich;" 50 Jahre";10
2025;männlich;" 51 Jahre";4
2025;männlich;" 52 Jahre";10
2025;männlich;" 53 Jahre";7
2025;männlich;" 54 Jahre";23
2025;männlich;" 55 Jahre";25
2025;männlich;" 56 Jahre";16
2025;männlich;" 57 Jahre";8
2025;männlich;" 58 Jahre";18
2025;männlich;" 59 Jahre";30
2025;männlich;" 60 Jahre";31
2025;männlich;" 61 Jahre";28
2025;männlich;" 62 Jahre";36
2025;männlich;" 63 Jahre";47
2025;männlich;" 64 Jahre";39
2025;männlich;" 65 Jahre";37
2025;männlich;" 66 Jahre";52
2025;männlich;" 67 Jahre";47
2025;männlich;" 68 Jahre";49
2025;männlich;" 69 Jahre";54
2025;männlich;" 70 Jahre";51
2025;männlich;" 71 Jahre";63
2025;männlich;" 72 Jahre";63
2025;männlich;" 73 Jahre";68
2025;männlich;" 74 Jahre";61
2025;männlich;" 75 Jahre";71
2025;männlich;" 76 Jahre";52
2025;männlich;" 77 Jahre";44
2025;männlich;" 78 Jahre";58
2025;männlich;" 79 Jahre";52
2025;männlich;" 80 Jahre";68
2025;männlich;" 81 Jahre";124
2025;männlich;" 82 Jahre";108
2025;männlich;" 83 Jahre";124
2025;männlich;" 84 Jahre";131
2025;männlich;" 85 Jahre";146
2025;männlich;" 86 Jahre";120
2025;männlich;" 87 Jahre";105
2025;männlich;" 88 Jahre";123
2025;männlich;" 89 Jahre";108
2025;männlich;" 90 Jahre";99
2025;männlich;" 91 Jahre";85
2025;männlich;" 92 Jahre";63
2025;männlich;" 93 Jahre";48
2025;männlich;" 94 Jahre";52
2025;männlich;" 95 Jahre";43
2025;männlich;" 96 Jahre";29
2025;männlich;" 97 Jahre";20
2025;männlich;" 98 Jahre";18
2025;männlich;" 99 Jahre";11
2025;männlich;100 Jahre;5
2025;männlich;102 Jahre;1
2025;weiblich;"  0 Jahre";7
2025;weiblich;"  1 Jahre";2
2025;weiblich;"  3 Jahre";1
2025;weiblich;" 13 Jahre";2
2025;weiblich;" 15 Jahre";1
2025;weiblich;" 18 Jahre";1
2025;weiblich;" 21 Jahre";2
2025;weiblich;" 22 Jahre";2
2025;weiblich;" 25 Jahre";1
2025;weiblich;" 26 Jahre";2
2025;weiblich;" 29 Jahre";1
2025;weiblich;" 31 Jahre";3
2025;weiblich;" 33 Jahre";1
2025;weiblich;" 34 Jahre";1
2025;weiblich;" 35 Jahre";2
2025;weiblich;" 36 Jahre";2
2025;weiblich;" 37 Jahre";3
2025;weiblich;" 38 Jahre";4
2025;weiblich;" 39 Jahre";1
2025;weiblich;" 40 Jahre";5
2025;weiblich;" 41 Jahre";2
2025;weiblich;" 42 Jahre";2
2025;weiblich;" 43 Jahre";6
2025;weiblich;" 44 Jahre";5
2025;weiblich;" 45 Jahre";1
2025;weiblich;" 46 Jahre";4
2025;weiblich;" 47 Jahre";3
2025;weiblich;" 48 Jahre";3
2025;weiblich;" 49 Jahre";7
2025;weiblich;" 50 Jahre";6
2025;weiblich;" 51 Jahre";4
2025;weiblich;" 52 Jahre";5
2025;weiblich;" 53 Jahre";4
2025;weiblich;" 54 Jahre";10
2025;weiblich;" 55 Jahre";9
2025;weiblich;" 56 Jahre";2
2025;weiblich;" 57 Jahre";19
2025;weiblich;" 58 Jahre";9
2025;weiblich;" 59 Jahre";14
2025;weiblich;" 60 Jahre";18
2025;weiblich;" 61 Jahre";14
2025;weiblich;" 62 Jahre";15
2025;weiblich;" 63 Jahre";23
2025;weiblich;" 64 Jahre";22
2025;weiblich;" 65 Jahre";22
2025;weiblich;" 66 Jahre";18
2025;weiblich;" 67 Jahre";17
2025;weiblich;" 68 Jahre";26
2025;weiblich;" 69 Jahre";24
2025;weiblich;" 70 Jahre";26
2025;weiblich;" 71 Jahre";30
2025;weiblich;" 72 Jahre";36
2025;weiblich;" 73 Jahre";50
2025;weiblich;" 74 Jahre";38
2025;weiblich;" 75 Jahre";53
2025;weiblich;" 76 Jahre";44
2025;weiblich;" 77 Jahre";36
2025;weiblich;" 78 Jahre";39
2025;weiblich;" 79 Jahre";57
2025;weiblich;" 80 Jahre";69
2025;weiblich;" 81 Jahre";100
2025;weiblich;" 82 Jahre";84
2025;weiblich;" 83 Jahre";125
2025;weiblich;" 84 Jahre";123
2025;weiblich;" 85 Jahre";159
2025;weiblich;" 86 Jahre";158
2025;weiblich;" 87 Jahre";132
2025;weiblich;" 88 Jahre";159
2025;weiblich;" 89 Jahre";173
2025;weiblich;" 90 Jahre";164
2025;weiblich;" 91 Jahre";125
2025;weiblich;" 92 Jahre";104
2025;weiblich;" 93 Jahre";94
2025;weiblich;" 94 Jahre";88
2025;weiblich;" 95 Jahre";82
2025;weiblich;" 96 Jahre";63
2025;weiblich;" 97 Jahre";57
2025;weiblich;" 98 Jahre";49
2025;weiblich;" 99 Jahre";44
2025;weiblich;100 Jahre;22
2025;weiblich;101 Jahre;18
2025;weiblich;102 Jahre;11
2025;weiblich;103 Jahre;6
2025;weiblich;104 Jahre;2
2025;weiblich;107 Jahre;2
2025;weiblich;108 Jahre;1
