Jahr;Stadtbezirk mit zugeordneten Ortschaften;Stadtraum;Alter in Jahren bis 85 (über 85-Jährige werden Jahrgang 85 zugeordnet);Anzahl Einwohner
2020;StB 0 Altstadt;01 StB Altstadt ohne Johannstadt;0 Jahre;345
2020;StB 0 Altstadt;01 StB Altstadt ohne Johannstadt;1 Jahre;350
2020;StB 0 Altstadt;01 StB Altstadt ohne Johannstadt;2 Jahre;299
2020;StB 0 Altstadt;01 StB Altstadt ohne Johannstadt;3 Jahre;306
2020;StB 0 Altstadt;01 StB Altstadt ohne Johannstadt;4 Jahre;269
2020;StB 0 Altstadt;01 StB Altstadt ohne Johannstadt;5 Jahre;260
2020;StB 0 Altstadt;01 StB Altstadt ohne Johannstadt;6 Jahre;244
2020;StB 0 Altstadt;01 StB Altstadt ohne Johannstadt;7 Jahre;221
2020;StB 0 Altstadt;01 StB Altstadt ohne Johannstadt;8 Jahre;218
2020;StB 0 Altstadt;01 StB Altstadt ohne Johannstadt;9 Jahre;219
2020;StB 0 Altstadt;01 StB Altstadt ohne Johannstadt;10 Jahre;185
2020;StB 0 Altstadt;01 StB Altstadt ohne Johannstadt;11 Jahre;178
2020;StB 0 Altstadt;01 StB Altstadt ohne Johannstadt;12 Jahre;198
2020;StB 0 Altstadt;01 StB Altstadt ohne Johannstadt;13 Jahre;149
2020;StB 0 Altstadt;01 StB Altstadt ohne Johannstadt;14 Jahre;168
2020;StB 0 Altstadt;01 StB Altstadt ohne Johannstadt;15 Jahre;124
2020;StB 0 Altstadt;01 StB Altstadt ohne Johannstadt;16 Jahre;164
2020;StB 0 Altstadt;01 StB Altstadt ohne Johannstadt;17 Jahre;196
2020;StB 0 Altstadt;01 StB Altstadt ohne Johannstadt;18 Jahre;283
2020;StB 0 Altstadt;01 StB Altstadt ohne Johannstadt;19 Jahre;554
2020;StB 0 Altstadt;01 StB Altstadt ohne Johannstadt;20 Jahre;734
2020;StB 0 Altstadt;01 StB Altstadt ohne Johannstadt;21 Jahre;842
2020;StB 0 Altstadt;01 StB Altstadt ohne Johannstadt;22 Jahre;854
2020;StB 0 Altstadt;01 StB Altstadt ohne Johannstadt;23 Jahre;939
2020;StB 0 Altstadt;01 StB Altstadt ohne Johannstadt;24 Jahre;994
2020;StB 0 Altstadt;01 StB Altstadt ohne Johannstadt;25 Jahre;874
2020;StB 0 Altstadt;01 StB Altstadt ohne Johannstadt;26 Jahre;895
2020;StB 0 Altstadt;01 StB Altstadt ohne Johannstadt;27 Jahre;829
2020;StB 0 Altstadt;01 StB Altstadt ohne Johannstadt;28 Jahre;852
2020;StB 0 Altstadt;01 StB Altstadt ohne Johannstadt;29 Jahre;810
2020;StB 0 Altstadt;01 StB Altstadt ohne Johannstadt;30 Jahre;960
2020;StB 0 Altstadt;01 StB Altstadt ohne Johannstadt;31 Jahre;934
2020;StB 0 Altstadt;01 StB Altstadt ohne Johannstadt;32 Jahre;818
2020;StB 0 Altstadt;01 StB Altstadt ohne Johannstadt;33 Jahre;737
2020;StB 0 Altstadt;01 StB Altstadt ohne Johannstadt;34 Jahre;670
2020;StB 0 Altstadt;01 StB Altstadt ohne Johannstadt;35 Jahre;643
2020;StB 0 Altstadt;01 StB Altstadt ohne Johannstadt;36 Jahre;535
2020;StB 0 Altstadt;01 StB Altstadt ohne Johannstadt;37 Jahre;517
2020;StB 0 Altstadt;01 StB Altstadt ohne Johannstadt;38 Jahre;492
2020;StB 0 Altstadt;01 StB Altstadt ohne Johannstadt;39 Jahre;434
2020;StB 0 Altstadt;01 StB Altstadt ohne Johannstadt;40 Jahre;456
2020;StB 0 Altstadt;01 StB Altstadt ohne Johannstadt;41 Jahre;393
2020;StB 0 Altstadt;01 StB Altstadt ohne Johannstadt;42 Jahre;350
2020;StB 0 Altstadt;01 StB Altstadt ohne Johannstadt;43 Jahre;325
2020;StB 0 Altstadt;01 StB Altstadt ohne Johannstadt;44 Jahre;269
2020;StB 0 Altstadt;01 StB Altstadt ohne Johannstadt;45 Jahre;264
2020;StB 0 Altstadt;01 StB Altstadt ohne Johannstadt;46 Jahre;204
2020;StB 0 Altstadt;01 StB Altstadt ohne Johannstadt;47 Jahre;240
2020;StB 0 Altstadt;01 StB Altstadt ohne Johannstadt;48 Jahre;229
2020;StB 0 Altstadt;01 StB Altstadt ohne Johannstadt;49 Jahre;269
2020;StB 0 Altstadt;01 StB Altstadt ohne Johannstadt;50 Jahre;226
2020;StB 0 Altstadt;01 StB Altstadt ohne Johannstadt;51 Jahre;265
2020;StB 0 Altstadt;01 StB Altstadt ohne Johannstadt;52 Jahre;264
2020;StB 0 Altstadt;01 StB Altstadt ohne Johannstadt;53 Jahre;254
2020;StB 0 Altstadt;01 StB Altstadt ohne Johannstadt;54 Jahre;283
2020;StB 0 Altstadt;01 StB Altstadt ohne Johannstadt;55 Jahre;287
2020;StB 0 Altstadt;01 StB Altstadt ohne Johannstadt;56 Jahre;306
2020;StB 0 Altstadt;01 StB Altstadt ohne Johannstadt;57 Jahre;308
2020;StB 0 Altstadt;01 StB Altstadt ohne Johannstadt;58 Jahre;295
2020;StB 0 Altstadt;01 StB Altstadt ohne Johannstadt;59 Jahre;291
2020;StB 0 Altstadt;01 StB Altstadt ohne Johannstadt;60 Jahre;329
2020;StB 0 Altstadt;01 StB Altstadt ohne Johannstadt;61 Jahre;301
2020;StB 0 Altstadt;01 StB Altstadt ohne Johannstadt;62 Jahre;259
2020;StB 0 Altstadt;01 StB Altstadt ohne Johannstadt;63 Jahre;242
2020;StB 0 Altstadt;01 StB Altstadt ohne Johannstadt;64 Jahre;267
2020;StB 0 Altstadt;01 StB Altstadt ohne Johannstadt;65 Jahre;256
2020;StB 0 Altstadt;01 StB Altstadt ohne Johannstadt;66 Jahre;268
2020;StB 0 Altstadt;01 StB Altstadt ohne Johannstadt;67 Jahre;218
2020;StB 0 Altstadt;01 StB Altstadt ohne Johannstadt;68 Jahre;244
2020;StB 0 Altstadt;01 StB Altstadt ohne Johannstadt;69 Jahre;258
2020;StB 0 Altstadt;01 StB Altstadt ohne Johannstadt;70 Jahre;234
2020;StB 0 Altstadt;01 StB Altstadt ohne Johannstadt;71 Jahre;251
2020;StB 0 Altstadt;01 StB Altstadt ohne Johannstadt;72 Jahre;196
2020;StB 0 Altstadt;01 StB Altstadt ohne Johannstadt;73 Jahre;192
2020;StB 0 Altstadt;01 StB Altstadt ohne Johannstadt;74 Jahre;148
2020;StB 0 Altstadt;01 StB Altstadt ohne Johannstadt;75 Jahre;183
2020;StB 0 Altstadt;01 StB Altstadt ohne Johannstadt;76 Jahre;254
2020;StB 0 Altstadt;01 StB Altstadt ohne Johannstadt;77 Jahre;276
2020;StB 0 Altstadt;01 StB Altstadt ohne Johannstadt;78 Jahre;295
2020;StB 0 Altstadt;01 StB Altstadt ohne Johannstadt;79 Jahre;349
2020;StB 0 Altstadt;01 StB Altstadt ohne Johannstadt;80 Jahre;421
2020;StB 0 Altstadt;01 StB Altstadt ohne Johannstadt;81 Jahre;437
2020;StB 0 Altstadt;01 StB Altstadt ohne Johannstadt;82 Jahre;481
2020;StB 0 Altstadt;01 StB Altstadt ohne Johannstadt;83 Jahre;510
2020;StB 0 Altstadt;01 StB Altstadt ohne Johannstadt;84 Jahre;428
2020;StB 0 Altstadt;01 StB Altstadt ohne Johannstadt;85 Jahre u.älter;2274
2020;StB 0 Altstadt;02 Johannstadt;0 Jahre;258
2020;StB 0 Altstadt;02 Johannstadt;1 Jahre;252
2020;StB 0 Altstadt;02 Johannstadt;2 Jahre;254
2020;StB 0 Altstadt;02 Johannstadt;3 Jahre;252
2020;StB 0 Altstadt;02 Johannstadt;4 Jahre;229
2020;StB 0 Altstadt;02 Johannstadt;5 Jahre;216
2020;StB 0 Altstadt;02 Johannstadt;6 Jahre;202
2020;StB 0 Altstadt;02 Johannstadt;7 Jahre;199
2020;StB 0 Altstadt;02 Johannstadt;8 Jahre;190
2020;StB 0 Altstadt;02 Johannstadt;9 Jahre;206
2020;StB 0 Altstadt;02 Johannstadt;10 Jahre;164
2020;StB 0 Altstadt;02 Johannstadt;11 Jahre;173
2020;StB 0 Altstadt;02 Johannstadt;12 Jahre;148
2020;StB 0 Altstadt;02 Johannstadt;13 Jahre;165
2020;StB 0 Altstadt;02 Johannstadt;14 Jahre;166
2020;StB 0 Altstadt;02 Johannstadt;15 Jahre;142
2020;StB 0 Altstadt;02 Johannstadt;16 Jahre;181
2020;StB 0 Altstadt;02 Johannstadt;17 Jahre;135
2020;StB 0 Altstadt;02 Johannstadt;18 Jahre;195
2020;StB 0 Altstadt;02 Johannstadt;19 Jahre;229
2020;StB 0 Altstadt;02 Johannstadt;20 Jahre;284
2020;StB 0 Altstadt;02 Johannstadt;21 Jahre;310
2020;StB 0 Altstadt;02 Johannstadt;22 Jahre;318
2020;StB 0 Altstadt;02 Johannstadt;23 Jahre;347
2020;StB 0 Altstadt;02 Johannstadt;24 Jahre;356
2020;StB 0 Altstadt;02 Johannstadt;25 Jahre;347
2020;StB 0 Altstadt;02 Johannstadt;26 Jahre;324
2020;StB 0 Altstadt;02 Johannstadt;27 Jahre;331
2020;StB 0 Altstadt;02 Johannstadt;28 Jahre;344
2020;StB 0 Altstadt;02 Johannstadt;29 Jahre;362
2020;StB 0 Altstadt;02 Johannstadt;30 Jahre;430
2020;StB 0 Altstadt;02 Johannstadt;31 Jahre;442
2020;StB 0 Altstadt;02 Johannstadt;32 Jahre;460
2020;StB 0 Altstadt;02 Johannstadt;33 Jahre;401
2020;StB 0 Altstadt;02 Johannstadt;34 Jahre;394
2020;StB 0 Altstadt;02 Johannstadt;35 Jahre;352
2020;StB 0 Altstadt;02 Johannstadt;36 Jahre;340
2020;StB 0 Altstadt;02 Johannstadt;37 Jahre;319
2020;StB 0 Altstadt;02 Johannstadt;38 Jahre;308
2020;StB 0 Altstadt;02 Johannstadt;39 Jahre;284
2020;StB 0 Altstadt;02 Johannstadt;40 Jahre;257
2020;StB 0 Altstadt;02 Johannstadt;41 Jahre;279
2020;StB 0 Altstadt;02 Johannstadt;42 Jahre;227
2020;StB 0 Altstadt;02 Johannstadt;43 Jahre;269
2020;StB 0 Altstadt;02 Johannstadt;44 Jahre;190
2020;StB 0 Altstadt;02 Johannstadt;45 Jahre;202
2020;StB 0 Altstadt;02 Johannstadt;46 Jahre;192
2020;StB 0 Altstadt;02 Johannstadt;47 Jahre;192
2020;StB 0 Altstadt;02 Johannstadt;48 Jahre;226
2020;StB 0 Altstadt;02 Johannstadt;49 Jahre;217
2020;StB 0 Altstadt;02 Johannstadt;50 Jahre;245
2020;StB 0 Altstadt;02 Johannstadt;51 Jahre;221
2020;StB 0 Altstadt;02 Johannstadt;52 Jahre;205
2020;StB 0 Altstadt;02 Johannstadt;53 Jahre;229
2020;StB 0 Altstadt;02 Johannstadt;54 Jahre;230
2020;StB 0 Altstadt;02 Johannstadt;55 Jahre;241
2020;StB 0 Altstadt;02 Johannstadt;56 Jahre;252
2020;StB 0 Altstadt;02 Johannstadt;57 Jahre;224
2020;StB 0 Altstadt;02 Johannstadt;58 Jahre;255
2020;StB 0 Altstadt;02 Johannstadt;59 Jahre;224
2020;StB 0 Altstadt;02 Johannstadt;60 Jahre;250
2020;StB 0 Altstadt;02 Johannstadt;61 Jahre;220
2020;StB 0 Altstadt;02 Johannstadt;62 Jahre;210
2020;StB 0 Altstadt;02 Johannstadt;63 Jahre;203
2020;StB 0 Altstadt;02 Johannstadt;64 Jahre;211
2020;StB 0 Altstadt;02 Johannstadt;65 Jahre;262
2020;StB 0 Altstadt;02 Johannstadt;66 Jahre;250
2020;StB 0 Altstadt;02 Johannstadt;67 Jahre;240
2020;StB 0 Altstadt;02 Johannstadt;68 Jahre;256
2020;StB 0 Altstadt;02 Johannstadt;69 Jahre;274
2020;StB 0 Altstadt;02 Johannstadt;70 Jahre;290
2020;StB 0 Altstadt;02 Johannstadt;71 Jahre;293
2020;StB 0 Altstadt;02 Johannstadt;72 Jahre;217
2020;StB 0 Altstadt;02 Johannstadt;73 Jahre;293
2020;StB 0 Altstadt;02 Johannstadt;74 Jahre;218
2020;StB 0 Altstadt;02 Johannstadt;75 Jahre;306
2020;StB 0 Altstadt;02 Johannstadt;76 Jahre;443
2020;StB 0 Altstadt;02 Johannstadt;77 Jahre;423
2020;StB 0 Altstadt;02 Johannstadt;78 Jahre;390
2020;StB 0 Altstadt;02 Johannstadt;79 Jahre;497
2020;StB 0 Altstadt;02 Johannstadt;80 Jahre;460
2020;StB 0 Altstadt;02 Johannstadt;81 Jahre;469
2020;StB 0 Altstadt;02 Johannstadt;82 Jahre;403
2020;StB 0 Altstadt;02 Johannstadt;83 Jahre;382
2020;StB 0 Altstadt;02 Johannstadt;84 Jahre;386
2020;StB 0 Altstadt;02 Johannstadt;85 Jahre u.älter;1720
2020;StB 1 Neustadt;03 StB Neustadt ohne Leipziger Vorstadt;0 Jahre;497
2020;StB 1 Neustadt;03 StB Neustadt ohne Leipziger Vorstadt;1 Jahre;512
2020;StB 1 Neustadt;03 StB Neustadt ohne Leipziger Vorstadt;2 Jahre;524
2020;StB 1 Neustadt;03 StB Neustadt ohne Leipziger Vorstadt;3 Jahre;482
2020;StB 1 Neustadt;03 StB Neustadt ohne Leipziger Vorstadt;4 Jahre;436
2020;StB 1 Neustadt;03 StB Neustadt ohne Leipziger Vorstadt;5 Jahre;453
2020;StB 1 Neustadt;03 StB Neustadt ohne Leipziger Vorstadt;6 Jahre;431
2020;StB 1 Neustadt;03 StB Neustadt ohne Leipziger Vorstadt;7 Jahre;418
2020;StB 1 Neustadt;03 StB Neustadt ohne Leipziger Vorstadt;8 Jahre;397
2020;StB 1 Neustadt;03 StB Neustadt ohne Leipziger Vorstadt;9 Jahre;386
2020;StB 1 Neustadt;03 StB Neustadt ohne Leipziger Vorstadt;10 Jahre;397
2020;StB 1 Neustadt;03 StB Neustadt ohne Leipziger Vorstadt;11 Jahre;395
2020;StB 1 Neustadt;03 StB Neustadt ohne Leipziger Vorstadt;12 Jahre;357
2020;StB 1 Neustadt;03 StB Neustadt ohne Leipziger Vorstadt;13 Jahre;364
2020;StB 1 Neustadt;03 StB Neustadt ohne Leipziger Vorstadt;14 Jahre;318
2020;StB 1 Neustadt;03 StB Neustadt ohne Leipziger Vorstadt;15 Jahre;290
2020;StB 1 Neustadt;03 StB Neustadt ohne Leipziger Vorstadt;16 Jahre;325
2020;StB 1 Neustadt;03 StB Neustadt ohne Leipziger Vorstadt;17 Jahre;273
2020;StB 1 Neustadt;03 StB Neustadt ohne Leipziger Vorstadt;18 Jahre;301
2020;StB 1 Neustadt;03 StB Neustadt ohne Leipziger Vorstadt;19 Jahre;288
2020;StB 1 Neustadt;03 StB Neustadt ohne Leipziger Vorstadt;20 Jahre;348
2020;StB 1 Neustadt;03 StB Neustadt ohne Leipziger Vorstadt;21 Jahre;426
2020;StB 1 Neustadt;03 StB Neustadt ohne Leipziger Vorstadt;22 Jahre;455
2020;StB 1 Neustadt;03 StB Neustadt ohne Leipziger Vorstadt;23 Jahre;563
2020;StB 1 Neustadt;03 StB Neustadt ohne Leipziger Vorstadt;24 Jahre;660
2020;StB 1 Neustadt;03 StB Neustadt ohne Leipziger Vorstadt;25 Jahre;710
2020;StB 1 Neustadt;03 StB Neustadt ohne Leipziger Vorstadt;26 Jahre;778
2020;StB 1 Neustadt;03 StB Neustadt ohne Leipziger Vorstadt;27 Jahre;837
2020;StB 1 Neustadt;03 StB Neustadt ohne Leipziger Vorstadt;28 Jahre;768
2020;StB 1 Neustadt;03 StB Neustadt ohne Leipziger Vorstadt;29 Jahre;853
2020;StB 1 Neustadt;03 StB Neustadt ohne Leipziger Vorstadt;30 Jahre;1067
2020;StB 1 Neustadt;03 StB Neustadt ohne Leipziger Vorstadt;31 Jahre;1026
2020;StB 1 Neustadt;03 StB Neustadt ohne Leipziger Vorstadt;32 Jahre;994
2020;StB 1 Neustadt;03 StB Neustadt ohne Leipziger Vorstadt;33 Jahre;977
2020;StB 1 Neustadt;03 StB Neustadt ohne Leipziger Vorstadt;34 Jahre;892
2020;StB 1 Neustadt;03 StB Neustadt ohne Leipziger Vorstadt;35 Jahre;860
2020;StB 1 Neustadt;03 StB Neustadt ohne Leipziger Vorstadt;36 Jahre;815
2020;StB 1 Neustadt;03 StB Neustadt ohne Leipziger Vorstadt;37 Jahre;788
2020;StB 1 Neustadt;03 StB Neustadt ohne Leipziger Vorstadt;38 Jahre;745
2020;StB 1 Neustadt;03 StB Neustadt ohne Leipziger Vorstadt;39 Jahre;689
2020;StB 1 Neustadt;03 StB Neustadt ohne Leipziger Vorstadt;40 Jahre;711
2020;StB 1 Neustadt;03 StB Neustadt ohne Leipziger Vorstadt;41 Jahre;719
2020;StB 1 Neustadt;03 StB Neustadt ohne Leipziger Vorstadt;42 Jahre;670
2020;StB 1 Neustadt;03 StB Neustadt ohne Leipziger Vorstadt;43 Jahre;674
2020;StB 1 Neustadt;03 StB Neustadt ohne Leipziger Vorstadt;44 Jahre;580
2020;StB 1 Neustadt;03 StB Neustadt ohne Leipziger Vorstadt;45 Jahre;518
2020;StB 1 Neustadt;03 StB Neustadt ohne Leipziger Vorstadt;46 Jahre;482
2020;StB 1 Neustadt;03 StB Neustadt ohne Leipziger Vorstadt;47 Jahre;420
2020;StB 1 Neustadt;03 StB Neustadt ohne Leipziger Vorstadt;48 Jahre;455
2020;StB 1 Neustadt;03 StB Neustadt ohne Leipziger Vorstadt;49 Jahre;513
2020;StB 1 Neustadt;03 StB Neustadt ohne Leipziger Vorstadt;50 Jahre;495
2020;StB 1 Neustadt;03 StB Neustadt ohne Leipziger Vorstadt;51 Jahre;481
2020;StB 1 Neustadt;03 StB Neustadt ohne Leipziger Vorstadt;52 Jahre;454
2020;StB 1 Neustadt;03 StB Neustadt ohne Leipziger Vorstadt;53 Jahre;454
2020;StB 1 Neustadt;03 StB Neustadt ohne Leipziger Vorstadt;54 Jahre;406
2020;StB 1 Neustadt;03 StB Neustadt ohne Leipziger Vorstadt;55 Jahre;388
2020;StB 1 Neustadt;03 StB Neustadt ohne Leipziger Vorstadt;56 Jahre;384
2020;StB 1 Neustadt;03 StB Neustadt ohne Leipziger Vorstadt;57 Jahre;358
2020;StB 1 Neustadt;03 StB Neustadt ohne Leipziger Vorstadt;58 Jahre;323
2020;StB 1 Neustadt;03 StB Neustadt ohne Leipziger Vorstadt;59 Jahre;321
2020;StB 1 Neustadt;03 StB Neustadt ohne Leipziger Vorstadt;60 Jahre;291
2020;StB 1 Neustadt;03 StB Neustadt ohne Leipziger Vorstadt;61 Jahre;269
2020;StB 1 Neustadt;03 StB Neustadt ohne Leipziger Vorstadt;62 Jahre;229
2020;StB 1 Neustadt;03 StB Neustadt ohne Leipziger Vorstadt;63 Jahre;210
2020;StB 1 Neustadt;03 StB Neustadt ohne Leipziger Vorstadt;64 Jahre;216
2020;StB 1 Neustadt;03 StB Neustadt ohne Leipziger Vorstadt;65 Jahre;208
2020;StB 1 Neustadt;03 StB Neustadt ohne Leipziger Vorstadt;66 Jahre;190
2020;StB 1 Neustadt;03 StB Neustadt ohne Leipziger Vorstadt;67 Jahre;199
2020;StB 1 Neustadt;03 StB Neustadt ohne Leipziger Vorstadt;68 Jahre;179
2020;StB 1 Neustadt;03 StB Neustadt ohne Leipziger Vorstadt;69 Jahre;172
2020;StB 1 Neustadt;03 StB Neustadt ohne Leipziger Vorstadt;70 Jahre;182
2020;StB 1 Neustadt;03 StB Neustadt ohne Leipziger Vorstadt;71 Jahre;173
2020;StB 1 Neustadt;03 StB Neustadt ohne Leipziger Vorstadt;72 Jahre;120
2020;StB 1 Neustadt;03 StB Neustadt ohne Leipziger Vorstadt;73 Jahre;146
2020;StB 1 Neustadt;03 StB Neustadt ohne Leipziger Vorstadt;74 Jahre;119
2020;StB 1 Neustadt;03 StB Neustadt ohne Leipziger Vorstadt;75 Jahre;136
2020;StB 1 Neustadt;03 StB Neustadt ohne Leipziger Vorstadt;76 Jahre;202
2020;StB 1 Neustadt;03 StB Neustadt ohne Leipziger Vorstadt;77 Jahre;196
2020;StB 1 Neustadt;03 StB Neustadt ohne Leipziger Vorstadt;78 Jahre;142
2020;StB 1 Neustadt;03 StB Neustadt ohne Leipziger Vorstadt;79 Jahre;193
2020;StB 1 Neustadt;03 StB Neustadt ohne Leipziger Vorstadt;80 Jahre;187
2020;StB 1 Neustadt;03 StB Neustadt ohne Leipziger Vorstadt;81 Jahre;182
2020;StB 1 Neustadt;03 StB Neustadt ohne Leipziger Vorstadt;82 Jahre;148
2020;StB 1 Neustadt;03 StB Neustadt ohne Leipziger Vorstadt;83 Jahre;142
2020;StB 1 Neustadt;03 StB Neustadt ohne Leipziger Vorstadt;84 Jahre;116
2020;StB 1 Neustadt;03 StB Neustadt ohne Leipziger Vorstadt;85 Jahre u.älter;703
2020;StB 1 Neustadt;04 Leipziger Vorstadt, Pieschen;0 Jahre;183
2020;StB 1 Neustadt;04 Leipziger Vorstadt, Pieschen;1 Jahre;168
2020;StB 1 Neustadt;04 Leipziger Vorstadt, Pieschen;2 Jahre;167
2020;StB 1 Neustadt;04 Leipziger Vorstadt, Pieschen;3 Jahre;161
2020;StB 1 Neustadt;04 Leipziger Vorstadt, Pieschen;4 Jahre;173
2020;StB 1 Neustadt;04 Leipziger Vorstadt, Pieschen;5 Jahre;161
2020;StB 1 Neustadt;04 Leipziger Vorstadt, Pieschen;6 Jahre;151
2020;StB 1 Neustadt;04 Leipziger Vorstadt, Pieschen;7 Jahre;149
2020;StB 1 Neustadt;04 Leipziger Vorstadt, Pieschen;8 Jahre;156
2020;StB 1 Neustadt;04 Leipziger Vorstadt, Pieschen;9 Jahre;135
2020;StB 1 Neustadt;04 Leipziger Vorstadt, Pieschen;10 Jahre;117
2020;StB 1 Neustadt;04 Leipziger Vorstadt, Pieschen;11 Jahre;114
2020;StB 1 Neustadt;04 Leipziger Vorstadt, Pieschen;12 Jahre;125
2020;StB 1 Neustadt;04 Leipziger Vorstadt, Pieschen;13 Jahre;105
2020;StB 1 Neustadt;04 Leipziger Vorstadt, Pieschen;14 Jahre;104
2020;StB 1 Neustadt;04 Leipziger Vorstadt, Pieschen;15 Jahre;85
2020;StB 1 Neustadt;04 Leipziger Vorstadt, Pieschen;16 Jahre;87
2020;StB 1 Neustadt;04 Leipziger Vorstadt, Pieschen;17 Jahre;86
2020;StB 1 Neustadt;04 Leipziger Vorstadt, Pieschen;18 Jahre;105
2020;StB 1 Neustadt;04 Leipziger Vorstadt, Pieschen;19 Jahre;128
2020;StB 1 Neustadt;04 Leipziger Vorstadt, Pieschen;20 Jahre;163
2020;StB 1 Neustadt;04 Leipziger Vorstadt, Pieschen;21 Jahre;189
2020;StB 1 Neustadt;04 Leipziger Vorstadt, Pieschen;22 Jahre;274
2020;StB 1 Neustadt;04 Leipziger Vorstadt, Pieschen;23 Jahre;237
2020;StB 1 Neustadt;04 Leipziger Vorstadt, Pieschen;24 Jahre;269
2020;StB 1 Neustadt;04 Leipziger Vorstadt, Pieschen;25 Jahre;311
2020;StB 1 Neustadt;04 Leipziger Vorstadt, Pieschen;26 Jahre;286
2020;StB 1 Neustadt;04 Leipziger Vorstadt, Pieschen;27 Jahre;296
2020;StB 1 Neustadt;04 Leipziger Vorstadt, Pieschen;28 Jahre;320
2020;StB 1 Neustadt;04 Leipziger Vorstadt, Pieschen;29 Jahre;333
2020;StB 1 Neustadt;04 Leipziger Vorstadt, Pieschen;30 Jahre;429
2020;StB 1 Neustadt;04 Leipziger Vorstadt, Pieschen;31 Jahre;433
2020;StB 1 Neustadt;04 Leipziger Vorstadt, Pieschen;32 Jahre;424
2020;StB 1 Neustadt;04 Leipziger Vorstadt, Pieschen;33 Jahre;365
2020;StB 1 Neustadt;04 Leipziger Vorstadt, Pieschen;34 Jahre;347
2020;StB 1 Neustadt;04 Leipziger Vorstadt, Pieschen;35 Jahre;309
2020;StB 1 Neustadt;04 Leipziger Vorstadt, Pieschen;36 Jahre;313
2020;StB 1 Neustadt;04 Leipziger Vorstadt, Pieschen;37 Jahre;302
2020;StB 1 Neustadt;04 Leipziger Vorstadt, Pieschen;38 Jahre;310
2020;StB 1 Neustadt;04 Leipziger Vorstadt, Pieschen;39 Jahre;261
2020;StB 1 Neustadt;04 Leipziger Vorstadt, Pieschen;40 Jahre;273
2020;StB 1 Neustadt;04 Leipziger Vorstadt, Pieschen;41 Jahre;265
2020;StB 1 Neustadt;04 Leipziger Vorstadt, Pieschen;42 Jahre;268
2020;StB 1 Neustadt;04 Leipziger Vorstadt, Pieschen;43 Jahre;224
2020;StB 1 Neustadt;04 Leipziger Vorstadt, Pieschen;44 Jahre;195
2020;StB 1 Neustadt;04 Leipziger Vorstadt, Pieschen;45 Jahre;161
2020;StB 1 Neustadt;04 Leipziger Vorstadt, Pieschen;46 Jahre;124
2020;StB 1 Neustadt;04 Leipziger Vorstadt, Pieschen;47 Jahre;138
2020;StB 1 Neustadt;04 Leipziger Vorstadt, Pieschen;48 Jahre;134
2020;StB 1 Neustadt;04 Leipziger Vorstadt, Pieschen;49 Jahre;156
2020;StB 1 Neustadt;04 Leipziger Vorstadt, Pieschen;50 Jahre;116
2020;StB 1 Neustadt;04 Leipziger Vorstadt, Pieschen;51 Jahre;104
2020;StB 1 Neustadt;04 Leipziger Vorstadt, Pieschen;52 Jahre;110
2020;StB 1 Neustadt;04 Leipziger Vorstadt, Pieschen;53 Jahre;112
2020;StB 1 Neustadt;04 Leipziger Vorstadt, Pieschen;54 Jahre;103
2020;StB 1 Neustadt;04 Leipziger Vorstadt, Pieschen;55 Jahre;89
2020;StB 1 Neustadt;04 Leipziger Vorstadt, Pieschen;56 Jahre;89
2020;StB 1 Neustadt;04 Leipziger Vorstadt, Pieschen;57 Jahre;101
2020;StB 1 Neustadt;04 Leipziger Vorstadt, Pieschen;58 Jahre;89
2020;StB 1 Neustadt;04 Leipziger Vorstadt, Pieschen;59 Jahre;89
2020;StB 1 Neustadt;04 Leipziger Vorstadt, Pieschen;60 Jahre;83
2020;StB 1 Neustadt;04 Leipziger Vorstadt, Pieschen;61 Jahre;67
2020;StB 1 Neustadt;04 Leipziger Vorstadt, Pieschen;62 Jahre;60
2020;StB 1 Neustadt;04 Leipziger Vorstadt, Pieschen;63 Jahre;57
2020;StB 1 Neustadt;04 Leipziger Vorstadt, Pieschen;64 Jahre;64
2020;StB 1 Neustadt;04 Leipziger Vorstadt, Pieschen;65 Jahre;51
2020;StB 1 Neustadt;04 Leipziger Vorstadt, Pieschen;66 Jahre;52
2020;StB 1 Neustadt;04 Leipziger Vorstadt, Pieschen;67 Jahre;43
2020;StB 1 Neustadt;04 Leipziger Vorstadt, Pieschen;68 Jahre;48
2020;StB 1 Neustadt;04 Leipziger Vorstadt, Pieschen;69 Jahre;51
2020;StB 1 Neustadt;04 Leipziger Vorstadt, Pieschen;70 Jahre;58
2020;StB 1 Neustadt;04 Leipziger Vorstadt, Pieschen;71 Jahre;36
2020;StB 1 Neustadt;04 Leipziger Vorstadt, Pieschen;72 Jahre;37
2020;StB 1 Neustadt;04 Leipziger Vorstadt, Pieschen;73 Jahre;40
2020;StB 1 Neustadt;04 Leipziger Vorstadt, Pieschen;74 Jahre;26
2020;StB 1 Neustadt;04 Leipziger Vorstadt, Pieschen;75 Jahre;25
2020;StB 1 Neustadt;04 Leipziger Vorstadt, Pieschen;76 Jahre;52
2020;StB 1 Neustadt;04 Leipziger Vorstadt, Pieschen;77 Jahre;43
2020;StB 1 Neustadt;04 Leipziger Vorstadt, Pieschen;78 Jahre;36
2020;StB 1 Neustadt;04 Leipziger Vorstadt, Pieschen;79 Jahre;40
2020;StB 1 Neustadt;04 Leipziger Vorstadt, Pieschen;80 Jahre;43
2020;StB 1 Neustadt;04 Leipziger Vorstadt, Pieschen;81 Jahre;33
2020;StB 1 Neustadt;04 Leipziger Vorstadt, Pieschen;82 Jahre;32
2020;StB 1 Neustadt;04 Leipziger Vorstadt, Pieschen;83 Jahre;22
2020;StB 1 Neustadt;04 Leipziger Vorstadt, Pieschen;84 Jahre;20
2020;StB 1 Neustadt;04 Leipziger Vorstadt, Pieschen;85 Jahre u.älter;115
2020;StB 2 Pieschen;04 Leipziger Vorstadt, Pieschen;0 Jahre;273
2020;StB 2 Pieschen;04 Leipziger Vorstadt, Pieschen;1 Jahre;309
2020;StB 2 Pieschen;04 Leipziger Vorstadt, Pieschen;2 Jahre;320
2020;StB 2 Pieschen;04 Leipziger Vorstadt, Pieschen;3 Jahre;337
2020;StB 2 Pieschen;04 Leipziger Vorstadt, Pieschen;4 Jahre;309
2020;StB 2 Pieschen;04 Leipziger Vorstadt, Pieschen;5 Jahre;323
2020;StB 2 Pieschen;04 Leipziger Vorstadt, Pieschen;6 Jahre;311
2020;StB 2 Pieschen;04 Leipziger Vorstadt, Pieschen;7 Jahre;270
2020;StB 2 Pieschen;04 Leipziger Vorstadt, Pieschen;8 Jahre;278
2020;StB 2 Pieschen;04 Leipziger Vorstadt, Pieschen;9 Jahre;248
2020;StB 2 Pieschen;04 Leipziger Vorstadt, Pieschen;10 Jahre;265
2020;StB 2 Pieschen;04 Leipziger Vorstadt, Pieschen;11 Jahre;251
2020;StB 2 Pieschen;04 Leipziger Vorstadt, Pieschen;12 Jahre;239
2020;StB 2 Pieschen;04 Leipziger Vorstadt, Pieschen;13 Jahre;231
2020;StB 2 Pieschen;04 Leipziger Vorstadt, Pieschen;14 Jahre;205
2020;StB 2 Pieschen;04 Leipziger Vorstadt, Pieschen;15 Jahre;197
2020;StB 2 Pieschen;04 Leipziger Vorstadt, Pieschen;16 Jahre;182
2020;StB 2 Pieschen;04 Leipziger Vorstadt, Pieschen;17 Jahre;169
2020;StB 2 Pieschen;04 Leipziger Vorstadt, Pieschen;18 Jahre;171
2020;StB 2 Pieschen;04 Leipziger Vorstadt, Pieschen;19 Jahre;230
2020;StB 2 Pieschen;04 Leipziger Vorstadt, Pieschen;20 Jahre;276
2020;StB 2 Pieschen;04 Leipziger Vorstadt, Pieschen;21 Jahre;306
2020;StB 2 Pieschen;04 Leipziger Vorstadt, Pieschen;22 Jahre;298
2020;StB 2 Pieschen;04 Leipziger Vorstadt, Pieschen;23 Jahre;379
2020;StB 2 Pieschen;04 Leipziger Vorstadt, Pieschen;24 Jahre;350
2020;StB 2 Pieschen;04 Leipziger Vorstadt, Pieschen;25 Jahre;387
2020;StB 2 Pieschen;04 Leipziger Vorstadt, Pieschen;26 Jahre;372
2020;StB 2 Pieschen;04 Leipziger Vorstadt, Pieschen;27 Jahre;391
2020;StB 2 Pieschen;04 Leipziger Vorstadt, Pieschen;28 Jahre;426
2020;StB 2 Pieschen;04 Leipziger Vorstadt, Pieschen;29 Jahre;430
2020;StB 2 Pieschen;04 Leipziger Vorstadt, Pieschen;30 Jahre;651
2020;StB 2 Pieschen;04 Leipziger Vorstadt, Pieschen;31 Jahre;659
2020;StB 2 Pieschen;04 Leipziger Vorstadt, Pieschen;32 Jahre;612
2020;StB 2 Pieschen;04 Leipziger Vorstadt, Pieschen;33 Jahre;676
2020;StB 2 Pieschen;04 Leipziger Vorstadt, Pieschen;34 Jahre;602
2020;StB 2 Pieschen;04 Leipziger Vorstadt, Pieschen;35 Jahre;593
2020;StB 2 Pieschen;04 Leipziger Vorstadt, Pieschen;36 Jahre;559
2020;StB 2 Pieschen;04 Leipziger Vorstadt, Pieschen;37 Jahre;600
2020;StB 2 Pieschen;04 Leipziger Vorstadt, Pieschen;38 Jahre;562
2020;StB 2 Pieschen;04 Leipziger Vorstadt, Pieschen;39 Jahre;493
2020;StB 2 Pieschen;04 Leipziger Vorstadt, Pieschen;40 Jahre;483
2020;StB 2 Pieschen;04 Leipziger Vorstadt, Pieschen;41 Jahre;456
2020;StB 2 Pieschen;04 Leipziger Vorstadt, Pieschen;42 Jahre;407
2020;StB 2 Pieschen;04 Leipziger Vorstadt, Pieschen;43 Jahre;362
2020;StB 2 Pieschen;04 Leipziger Vorstadt, Pieschen;44 Jahre;317
2020;StB 2 Pieschen;04 Leipziger Vorstadt, Pieschen;45 Jahre;306
2020;StB 2 Pieschen;04 Leipziger Vorstadt, Pieschen;46 Jahre;285
2020;StB 2 Pieschen;04 Leipziger Vorstadt, Pieschen;47 Jahre;252
2020;StB 2 Pieschen;04 Leipziger Vorstadt, Pieschen;48 Jahre;275
2020;StB 2 Pieschen;04 Leipziger Vorstadt, Pieschen;49 Jahre;284
2020;StB 2 Pieschen;04 Leipziger Vorstadt, Pieschen;50 Jahre;259
2020;StB 2 Pieschen;04 Leipziger Vorstadt, Pieschen;51 Jahre;268
2020;StB 2 Pieschen;04 Leipziger Vorstadt, Pieschen;52 Jahre;274
2020;StB 2 Pieschen;04 Leipziger Vorstadt, Pieschen;53 Jahre;250
2020;StB 2 Pieschen;04 Leipziger Vorstadt, Pieschen;54 Jahre;257
2020;StB 2 Pieschen;04 Leipziger Vorstadt, Pieschen;55 Jahre;279
2020;StB 2 Pieschen;04 Leipziger Vorstadt, Pieschen;56 Jahre;255
2020;StB 2 Pieschen;04 Leipziger Vorstadt, Pieschen;57 Jahre;272
2020;StB 2 Pieschen;04 Leipziger Vorstadt, Pieschen;58 Jahre;253
2020;StB 2 Pieschen;04 Leipziger Vorstadt, Pieschen;59 Jahre;265
2020;StB 2 Pieschen;04 Leipziger Vorstadt, Pieschen;60 Jahre;226
2020;StB 2 Pieschen;04 Leipziger Vorstadt, Pieschen;61 Jahre;216
2020;StB 2 Pieschen;04 Leipziger Vorstadt, Pieschen;62 Jahre;192
2020;StB 2 Pieschen;04 Leipziger Vorstadt, Pieschen;63 Jahre;181
2020;StB 2 Pieschen;04 Leipziger Vorstadt, Pieschen;64 Jahre;161
2020;StB 2 Pieschen;04 Leipziger Vorstadt, Pieschen;65 Jahre;166
2020;StB 2 Pieschen;04 Leipziger Vorstadt, Pieschen;66 Jahre;163
2020;StB 2 Pieschen;04 Leipziger Vorstadt, Pieschen;67 Jahre;161
2020;StB 2 Pieschen;04 Leipziger Vorstadt, Pieschen;68 Jahre;164
2020;StB 2 Pieschen;04 Leipziger Vorstadt, Pieschen;69 Jahre;175
2020;StB 2 Pieschen;04 Leipziger Vorstadt, Pieschen;70 Jahre;135
2020;StB 2 Pieschen;04 Leipziger Vorstadt, Pieschen;71 Jahre;143
2020;StB 2 Pieschen;04 Leipziger Vorstadt, Pieschen;72 Jahre;98
2020;StB 2 Pieschen;04 Leipziger Vorstadt, Pieschen;73 Jahre;124
2020;StB 2 Pieschen;04 Leipziger Vorstadt, Pieschen;74 Jahre;81
2020;StB 2 Pieschen;04 Leipziger Vorstadt, Pieschen;75 Jahre;94
2020;StB 2 Pieschen;04 Leipziger Vorstadt, Pieschen;76 Jahre;132
2020;StB 2 Pieschen;04 Leipziger Vorstadt, Pieschen;77 Jahre;153
2020;StB 2 Pieschen;04 Leipziger Vorstadt, Pieschen;78 Jahre;105
2020;StB 2 Pieschen;04 Leipziger Vorstadt, Pieschen;79 Jahre;134
2020;StB 2 Pieschen;04 Leipziger Vorstadt, Pieschen;80 Jahre;146
2020;StB 2 Pieschen;04 Leipziger Vorstadt, Pieschen;81 Jahre;102
2020;StB 2 Pieschen;04 Leipziger Vorstadt, Pieschen;82 Jahre;105
2020;StB 2 Pieschen;04 Leipziger Vorstadt, Pieschen;83 Jahre;90
2020;StB 2 Pieschen;04 Leipziger Vorstadt, Pieschen;84 Jahre;105
2020;StB 2 Pieschen;04 Leipziger Vorstadt, Pieschen;85 Jahre u.älter;451
2020;StB 2 Pieschen;05 Mickten, Kaditz, Trachau;0 Jahre;293
2020;StB 2 Pieschen;05 Mickten, Kaditz, Trachau;1 Jahre;298
2020;StB 2 Pieschen;05 Mickten, Kaditz, Trachau;2 Jahre;307
2020;StB 2 Pieschen;05 Mickten, Kaditz, Trachau;3 Jahre;334
2020;StB 2 Pieschen;05 Mickten, Kaditz, Trachau;4 Jahre;317
2020;StB 2 Pieschen;05 Mickten, Kaditz, Trachau;5 Jahre;320
2020;StB 2 Pieschen;05 Mickten, Kaditz, Trachau;6 Jahre;322
2020;StB 2 Pieschen;05 Mickten, Kaditz, Trachau;7 Jahre;325
2020;StB 2 Pieschen;05 Mickten, Kaditz, Trachau;8 Jahre;307
2020;StB 2 Pieschen;05 Mickten, Kaditz, Trachau;9 Jahre;310
2020;StB 2 Pieschen;05 Mickten, Kaditz, Trachau;10 Jahre;314
2020;StB 2 Pieschen;05 Mickten, Kaditz, Trachau;11 Jahre;270
2020;StB 2 Pieschen;05 Mickten, Kaditz, Trachau;12 Jahre;259
2020;StB 2 Pieschen;05 Mickten, Kaditz, Trachau;13 Jahre;310
2020;StB 2 Pieschen;05 Mickten, Kaditz, Trachau;14 Jahre;278
2020;StB 2 Pieschen;05 Mickten, Kaditz, Trachau;15 Jahre;253
2020;StB 2 Pieschen;05 Mickten, Kaditz, Trachau;16 Jahre;219
2020;StB 2 Pieschen;05 Mickten, Kaditz, Trachau;17 Jahre;213
2020;StB 2 Pieschen;05 Mickten, Kaditz, Trachau;18 Jahre;250
2020;StB 2 Pieschen;05 Mickten, Kaditz, Trachau;19 Jahre;231
2020;StB 2 Pieschen;05 Mickten, Kaditz, Trachau;20 Jahre;235
2020;StB 2 Pieschen;05 Mickten, Kaditz, Trachau;21 Jahre;241
2020;StB 2 Pieschen;05 Mickten, Kaditz, Trachau;22 Jahre;285
2020;StB 2 Pieschen;05 Mickten, Kaditz, Trachau;23 Jahre;253
2020;StB 2 Pieschen;05 Mickten, Kaditz, Trachau;24 Jahre;249
2020;StB 2 Pieschen;05 Mickten, Kaditz, Trachau;25 Jahre;234
2020;StB 2 Pieschen;05 Mickten, Kaditz, Trachau;26 Jahre;232
2020;StB 2 Pieschen;05 Mickten, Kaditz, Trachau;27 Jahre;286
2020;StB 2 Pieschen;05 Mickten, Kaditz, Trachau;28 Jahre;261
2020;StB 2 Pieschen;05 Mickten, Kaditz, Trachau;29 Jahre;336
2020;StB 2 Pieschen;05 Mickten, Kaditz, Trachau;30 Jahre;555
2020;StB 2 Pieschen;05 Mickten, Kaditz, Trachau;31 Jahre;518
2020;StB 2 Pieschen;05 Mickten, Kaditz, Trachau;32 Jahre;578
2020;StB 2 Pieschen;05 Mickten, Kaditz, Trachau;33 Jahre;555
2020;StB 2 Pieschen;05 Mickten, Kaditz, Trachau;34 Jahre;553
2020;StB 2 Pieschen;05 Mickten, Kaditz, Trachau;35 Jahre;525
2020;StB 2 Pieschen;05 Mickten, Kaditz, Trachau;36 Jahre;517
2020;StB 2 Pieschen;05 Mickten, Kaditz, Trachau;37 Jahre;512
2020;StB 2 Pieschen;05 Mickten, Kaditz, Trachau;38 Jahre;552
2020;StB 2 Pieschen;05 Mickten, Kaditz, Trachau;39 Jahre;499
2020;StB 2 Pieschen;05 Mickten, Kaditz, Trachau;40 Jahre;512
2020;StB 2 Pieschen;05 Mickten, Kaditz, Trachau;41 Jahre;478
2020;StB 2 Pieschen;05 Mickten, Kaditz, Trachau;42 Jahre;482
2020;StB 2 Pieschen;05 Mickten, Kaditz, Trachau;43 Jahre;442
2020;StB 2 Pieschen;05 Mickten, Kaditz, Trachau;44 Jahre;365
2020;StB 2 Pieschen;05 Mickten, Kaditz, Trachau;45 Jahre;341
2020;StB 2 Pieschen;05 Mickten, Kaditz, Trachau;46 Jahre;325
2020;StB 2 Pieschen;05 Mickten, Kaditz, Trachau;47 Jahre;313
2020;StB 2 Pieschen;05 Mickten, Kaditz, Trachau;48 Jahre;329
2020;StB 2 Pieschen;05 Mickten, Kaditz, Trachau;49 Jahre;424
2020;StB 2 Pieschen;05 Mickten, Kaditz, Trachau;50 Jahre;385
2020;StB 2 Pieschen;05 Mickten, Kaditz, Trachau;51 Jahre;426
2020;StB 2 Pieschen;05 Mickten, Kaditz, Trachau;52 Jahre;370
2020;StB 2 Pieschen;05 Mickten, Kaditz, Trachau;53 Jahre;404
2020;StB 2 Pieschen;05 Mickten, Kaditz, Trachau;54 Jahre;394
2020;StB 2 Pieschen;05 Mickten, Kaditz, Trachau;55 Jahre;393
2020;StB 2 Pieschen;05 Mickten, Kaditz, Trachau;56 Jahre;372
2020;StB 2 Pieschen;05 Mickten, Kaditz, Trachau;57 Jahre;438
2020;StB 2 Pieschen;05 Mickten, Kaditz, Trachau;58 Jahre;389
2020;StB 2 Pieschen;05 Mickten, Kaditz, Trachau;59 Jahre;373
2020;StB 2 Pieschen;05 Mickten, Kaditz, Trachau;60 Jahre;345
2020;StB 2 Pieschen;05 Mickten, Kaditz, Trachau;61 Jahre;340
2020;StB 2 Pieschen;05 Mickten, Kaditz, Trachau;62 Jahre;302
2020;StB 2 Pieschen;05 Mickten, Kaditz, Trachau;63 Jahre;303
2020;StB 2 Pieschen;05 Mickten, Kaditz, Trachau;64 Jahre;280
2020;StB 2 Pieschen;05 Mickten, Kaditz, Trachau;65 Jahre;280
2020;StB 2 Pieschen;05 Mickten, Kaditz, Trachau;66 Jahre;308
2020;StB 2 Pieschen;05 Mickten, Kaditz, Trachau;67 Jahre;277
2020;StB 2 Pieschen;05 Mickten, Kaditz, Trachau;68 Jahre;274
2020;StB 2 Pieschen;05 Mickten, Kaditz, Trachau;69 Jahre;310
2020;StB 2 Pieschen;05 Mickten, Kaditz, Trachau;70 Jahre;310
2020;StB 2 Pieschen;05 Mickten, Kaditz, Trachau;71 Jahre;247
2020;StB 2 Pieschen;05 Mickten, Kaditz, Trachau;72 Jahre;186
2020;StB 2 Pieschen;05 Mickten, Kaditz, Trachau;73 Jahre;196
2020;StB 2 Pieschen;05 Mickten, Kaditz, Trachau;74 Jahre;153
2020;StB 2 Pieschen;05 Mickten, Kaditz, Trachau;75 Jahre;196
2020;StB 2 Pieschen;05 Mickten, Kaditz, Trachau;76 Jahre;303
2020;StB 2 Pieschen;05 Mickten, Kaditz, Trachau;77 Jahre;277
2020;StB 2 Pieschen;05 Mickten, Kaditz, Trachau;78 Jahre;250
2020;StB 2 Pieschen;05 Mickten, Kaditz, Trachau;79 Jahre;276
2020;StB 2 Pieschen;05 Mickten, Kaditz, Trachau;80 Jahre;303
2020;StB 2 Pieschen;05 Mickten, Kaditz, Trachau;81 Jahre;270
2020;StB 2 Pieschen;05 Mickten, Kaditz, Trachau;82 Jahre;228
2020;StB 2 Pieschen;05 Mickten, Kaditz, Trachau;83 Jahre;198
2020;StB 2 Pieschen;05 Mickten, Kaditz, Trachau;84 Jahre;167
2020;StB 2 Pieschen;05 Mickten, Kaditz, Trachau;85 Jahre u.älter;789
2020;StB 3 Klotzsche/nördliche Ortschaften;06 StB Klotzsche und nördliche OS;0 Jahre;221
2020;StB 3 Klotzsche/nördliche Ortschaften;06 StB Klotzsche und nördliche OS;1 Jahre;253
2020;StB 3 Klotzsche/nördliche Ortschaften;06 StB Klotzsche und nördliche OS;2 Jahre;281
2020;StB 3 Klotzsche/nördliche Ortschaften;06 StB Klotzsche und nördliche OS;3 Jahre;322
2020;StB 3 Klotzsche/nördliche Ortschaften;06 StB Klotzsche und nördliche OS;4 Jahre;347
2020;StB 3 Klotzsche/nördliche Ortschaften;06 StB Klotzsche und nördliche OS;5 Jahre;343
2020;StB 3 Klotzsche/nördliche Ortschaften;06 StB Klotzsche und nördliche OS;6 Jahre;363
2020;StB 3 Klotzsche/nördliche Ortschaften;06 StB Klotzsche und nördliche OS;7 Jahre;337
2020;StB 3 Klotzsche/nördliche Ortschaften;06 StB Klotzsche und nördliche OS;8 Jahre;345
2020;StB 3 Klotzsche/nördliche Ortschaften;06 StB Klotzsche und nördliche OS;9 Jahre;363
2020;StB 3 Klotzsche/nördliche Ortschaften;06 StB Klotzsche und nördliche OS;10 Jahre;364
2020;StB 3 Klotzsche/nördliche Ortschaften;06 StB Klotzsche und nördliche OS;11 Jahre;361
2020;StB 3 Klotzsche/nördliche Ortschaften;06 StB Klotzsche und nördliche OS;12 Jahre;362
2020;StB 3 Klotzsche/nördliche Ortschaften;06 StB Klotzsche und nördliche OS;13 Jahre;351
2020;StB 3 Klotzsche/nördliche Ortschaften;06 StB Klotzsche und nördliche OS;14 Jahre;307
2020;StB 3 Klotzsche/nördliche Ortschaften;06 StB Klotzsche und nördliche OS;15 Jahre;323
2020;StB 3 Klotzsche/nördliche Ortschaften;06 StB Klotzsche und nördliche OS;16 Jahre;337
2020;StB 3 Klotzsche/nördliche Ortschaften;06 StB Klotzsche und nördliche OS;17 Jahre;336
2020;StB 3 Klotzsche/nördliche Ortschaften;06 StB Klotzsche und nördliche OS;18 Jahre;279
2020;StB 3 Klotzsche/nördliche Ortschaften;06 StB Klotzsche und nördliche OS;19 Jahre;246
2020;StB 3 Klotzsche/nördliche Ortschaften;06 StB Klotzsche und nördliche OS;20 Jahre;219
2020;StB 3 Klotzsche/nördliche Ortschaften;06 StB Klotzsche und nördliche OS;21 Jahre;193
2020;StB 3 Klotzsche/nördliche Ortschaften;06 StB Klotzsche und nördliche OS;22 Jahre;176
2020;StB 3 Klotzsche/nördliche Ortschaften;06 StB Klotzsche und nördliche OS;23 Jahre;170
2020;StB 3 Klotzsche/nördliche Ortschaften;06 StB Klotzsche und nördliche OS;24 Jahre;162
2020;StB 3 Klotzsche/nördliche Ortschaften;06 StB Klotzsche und nördliche OS;25 Jahre;135
2020;StB 3 Klotzsche/nördliche Ortschaften;06 StB Klotzsche und nördliche OS;26 Jahre;130
2020;StB 3 Klotzsche/nördliche Ortschaften;06 StB Klotzsche und nördliche OS;27 Jahre;131
2020;StB 3 Klotzsche/nördliche Ortschaften;06 StB Klotzsche und nördliche OS;28 Jahre;125
2020;StB 3 Klotzsche/nördliche Ortschaften;06 StB Klotzsche und nördliche OS;29 Jahre;174
2020;StB 3 Klotzsche/nördliche Ortschaften;06 StB Klotzsche und nördliche OS;30 Jahre;270
2020;StB 3 Klotzsche/nördliche Ortschaften;06 StB Klotzsche und nördliche OS;31 Jahre;301
2020;StB 3 Klotzsche/nördliche Ortschaften;06 StB Klotzsche und nördliche OS;32 Jahre;357
2020;StB 3 Klotzsche/nördliche Ortschaften;06 StB Klotzsche und nördliche OS;33 Jahre;351
2020;StB 3 Klotzsche/nördliche Ortschaften;06 StB Klotzsche und nördliche OS;34 Jahre;336
2020;StB 3 Klotzsche/nördliche Ortschaften;06 StB Klotzsche und nördliche OS;35 Jahre;374
2020;StB 3 Klotzsche/nördliche Ortschaften;06 StB Klotzsche und nördliche OS;36 Jahre;371
2020;StB 3 Klotzsche/nördliche Ortschaften;06 StB Klotzsche und nördliche OS;37 Jahre;389
2020;StB 3 Klotzsche/nördliche Ortschaften;06 StB Klotzsche und nördliche OS;38 Jahre;391
2020;StB 3 Klotzsche/nördliche Ortschaften;06 StB Klotzsche und nördliche OS;39 Jahre;451
2020;StB 3 Klotzsche/nördliche Ortschaften;06 StB Klotzsche und nördliche OS;40 Jahre;433
2020;StB 3 Klotzsche/nördliche Ortschaften;06 StB Klotzsche und nördliche OS;41 Jahre;451
2020;StB 3 Klotzsche/nördliche Ortschaften;06 StB Klotzsche und nördliche OS;42 Jahre;496
2020;StB 3 Klotzsche/nördliche Ortschaften;06 StB Klotzsche und nördliche OS;43 Jahre;456
2020;StB 3 Klotzsche/nördliche Ortschaften;06 StB Klotzsche und nördliche OS;44 Jahre;385
2020;StB 3 Klotzsche/nördliche Ortschaften;06 StB Klotzsche und nördliche OS;45 Jahre;426
2020;StB 3 Klotzsche/nördliche Ortschaften;06 StB Klotzsche und nördliche OS;46 Jahre;376
2020;StB 3 Klotzsche/nördliche Ortschaften;06 StB Klotzsche und nördliche OS;47 Jahre;334
2020;StB 3 Klotzsche/nördliche Ortschaften;06 StB Klotzsche und nördliche OS;48 Jahre;448
2020;StB 3 Klotzsche/nördliche Ortschaften;06 StB Klotzsche und nördliche OS;49 Jahre;483
2020;StB 3 Klotzsche/nördliche Ortschaften;06 StB Klotzsche und nördliche OS;50 Jahre;517
2020;StB 3 Klotzsche/nördliche Ortschaften;06 StB Klotzsche und nördliche OS;51 Jahre;484
2020;StB 3 Klotzsche/nördliche Ortschaften;06 StB Klotzsche und nördliche OS;52 Jahre;527
2020;StB 3 Klotzsche/nördliche Ortschaften;06 StB Klotzsche und nördliche OS;53 Jahre;526
2020;StB 3 Klotzsche/nördliche Ortschaften;06 StB Klotzsche und nördliche OS;54 Jahre;535
2020;StB 3 Klotzsche/nördliche Ortschaften;06 StB Klotzsche und nördliche OS;55 Jahre;500
2020;StB 3 Klotzsche/nördliche Ortschaften;06 StB Klotzsche und nördliche OS;56 Jahre;564
2020;StB 3 Klotzsche/nördliche Ortschaften;06 StB Klotzsche und nördliche OS;57 Jahre;506
2020;StB 3 Klotzsche/nördliche Ortschaften;06 StB Klotzsche und nördliche OS;58 Jahre;531
2020;StB 3 Klotzsche/nördliche Ortschaften;06 StB Klotzsche und nördliche OS;59 Jahre;504
2020;StB 3 Klotzsche/nördliche Ortschaften;06 StB Klotzsche und nördliche OS;60 Jahre;443
2020;StB 3 Klotzsche/nördliche Ortschaften;06 StB Klotzsche und nördliche OS;61 Jahre;481
2020;StB 3 Klotzsche/nördliche Ortschaften;06 StB Klotzsche und nördliche OS;62 Jahre;456
2020;StB 3 Klotzsche/nördliche Ortschaften;06 StB Klotzsche und nördliche OS;63 Jahre;433
2020;StB 3 Klotzsche/nördliche Ortschaften;06 StB Klotzsche und nördliche OS;64 Jahre;413
2020;StB 3 Klotzsche/nördliche Ortschaften;06 StB Klotzsche und nördliche OS;65 Jahre;426
2020;StB 3 Klotzsche/nördliche Ortschaften;06 StB Klotzsche und nördliche OS;66 Jahre;429
2020;StB 3 Klotzsche/nördliche Ortschaften;06 StB Klotzsche und nördliche OS;67 Jahre;388
2020;StB 3 Klotzsche/nördliche Ortschaften;06 StB Klotzsche und nördliche OS;68 Jahre;415
2020;StB 3 Klotzsche/nördliche Ortschaften;06 StB Klotzsche und nördliche OS;69 Jahre;371
2020;StB 3 Klotzsche/nördliche Ortschaften;06 StB Klotzsche und nördliche OS;70 Jahre;388
2020;StB 3 Klotzsche/nördliche Ortschaften;06 StB Klotzsche und nördliche OS;71 Jahre;342
2020;StB 3 Klotzsche/nördliche Ortschaften;06 StB Klotzsche und nördliche OS;72 Jahre;284
2020;StB 3 Klotzsche/nördliche Ortschaften;06 StB Klotzsche und nördliche OS;73 Jahre;316
2020;StB 3 Klotzsche/nördliche Ortschaften;06 StB Klotzsche und nördliche OS;74 Jahre;201
2020;StB 3 Klotzsche/nördliche Ortschaften;06 StB Klotzsche und nördliche OS;75 Jahre;254
2020;StB 3 Klotzsche/nördliche Ortschaften;06 StB Klotzsche und nördliche OS;76 Jahre;374
2020;StB 3 Klotzsche/nördliche Ortschaften;06 StB Klotzsche und nördliche OS;77 Jahre;408
2020;StB 3 Klotzsche/nördliche Ortschaften;06 StB Klotzsche und nördliche OS;78 Jahre;344
2020;StB 3 Klotzsche/nördliche Ortschaften;06 StB Klotzsche und nördliche OS;79 Jahre;392
2020;StB 3 Klotzsche/nördliche Ortschaften;06 StB Klotzsche und nördliche OS;80 Jahre;384
2020;StB 3 Klotzsche/nördliche Ortschaften;06 StB Klotzsche und nördliche OS;81 Jahre;345
2020;StB 3 Klotzsche/nördliche Ortschaften;06 StB Klotzsche und nördliche OS;82 Jahre;266
2020;StB 3 Klotzsche/nördliche Ortschaften;06 StB Klotzsche und nördliche OS;83 Jahre;263
2020;StB 3 Klotzsche/nördliche Ortschaften;06 StB Klotzsche und nördliche OS;84 Jahre;247
2020;StB 3 Klotzsche/nördliche Ortschaften;06 StB Klotzsche und nördliche OS;85 Jahre u.älter;1167
2020;StB 4 Loschwitz/OS Schönfeld-Weißig;07 StB Loschwitz und OS Schönfeld-Weißig;0 Jahre;224
2020;StB 4 Loschwitz/OS Schönfeld-Weißig;07 StB Loschwitz und OS Schönfeld-Weißig;1 Jahre;254
2020;StB 4 Loschwitz/OS Schönfeld-Weißig;07 StB Loschwitz und OS Schönfeld-Weißig;2 Jahre;308
2020;StB 4 Loschwitz/OS Schönfeld-Weißig;07 StB Loschwitz und OS Schönfeld-Weißig;3 Jahre;311
2020;StB 4 Loschwitz/OS Schönfeld-Weißig;07 StB Loschwitz und OS Schönfeld-Weißig;4 Jahre;369
2020;StB 4 Loschwitz/OS Schönfeld-Weißig;07 StB Loschwitz und OS Schönfeld-Weißig;5 Jahre;344
2020;StB 4 Loschwitz/OS Schönfeld-Weißig;07 StB Loschwitz und OS Schönfeld-Weißig;6 Jahre;372
2020;StB 4 Loschwitz/OS Schönfeld-Weißig;07 StB Loschwitz und OS Schönfeld-Weißig;7 Jahre;371
2020;StB 4 Loschwitz/OS Schönfeld-Weißig;07 StB Loschwitz und OS Schönfeld-Weißig;8 Jahre;394
2020;StB 4 Loschwitz/OS Schönfeld-Weißig;07 StB Loschwitz und OS Schönfeld-Weißig;9 Jahre;391
2020;StB 4 Loschwitz/OS Schönfeld-Weißig;07 StB Loschwitz und OS Schönfeld-Weißig;10 Jahre;389
2020;StB 4 Loschwitz/OS Schönfeld-Weißig;07 StB Loschwitz und OS Schönfeld-Weißig;11 Jahre;398
2020;StB 4 Loschwitz/OS Schönfeld-Weißig;07 StB Loschwitz und OS Schönfeld-Weißig;12 Jahre;412
2020;StB 4 Loschwitz/OS Schönfeld-Weißig;07 StB Loschwitz und OS Schönfeld-Weißig;13 Jahre;414
2020;StB 4 Loschwitz/OS Schönfeld-Weißig;07 StB Loschwitz und OS Schönfeld-Weißig;14 Jahre;384
2020;StB 4 Loschwitz/OS Schönfeld-Weißig;07 StB Loschwitz und OS Schönfeld-Weißig;15 Jahre;340
2020;StB 4 Loschwitz/OS Schönfeld-Weißig;07 StB Loschwitz und OS Schönfeld-Weißig;16 Jahre;370
2020;StB 4 Loschwitz/OS Schönfeld-Weißig;07 StB Loschwitz und OS Schönfeld-Weißig;17 Jahre;382
2020;StB 4 Loschwitz/OS Schönfeld-Weißig;07 StB Loschwitz und OS Schönfeld-Weißig;18 Jahre;328
2020;StB 4 Loschwitz/OS Schönfeld-Weißig;07 StB Loschwitz und OS Schönfeld-Weißig;19 Jahre;310
2020;StB 4 Loschwitz/OS Schönfeld-Weißig;07 StB Loschwitz und OS Schönfeld-Weißig;20 Jahre;256
2020;StB 4 Loschwitz/OS Schönfeld-Weißig;07 StB Loschwitz und OS Schönfeld-Weißig;21 Jahre;203
2020;StB 4 Loschwitz/OS Schönfeld-Weißig;07 StB Loschwitz und OS Schönfeld-Weißig;22 Jahre;179
2020;StB 4 Loschwitz/OS Schönfeld-Weißig;07 StB Loschwitz und OS Schönfeld-Weißig;23 Jahre;176
2020;StB 4 Loschwitz/OS Schönfeld-Weißig;07 StB Loschwitz und OS Schönfeld-Weißig;24 Jahre;150
2020;StB 4 Loschwitz/OS Schönfeld-Weißig;07 StB Loschwitz und OS Schönfeld-Weißig;25 Jahre;132
2020;StB 4 Loschwitz/OS Schönfeld-Weißig;07 StB Loschwitz und OS Schönfeld-Weißig;26 Jahre;122
2020;StB 4 Loschwitz/OS Schönfeld-Weißig;07 StB Loschwitz und OS Schönfeld-Weißig;27 Jahre;162
2020;StB 4 Loschwitz/OS Schönfeld-Weißig;07 StB Loschwitz und OS Schönfeld-Weißig;28 Jahre;152
2020;StB 4 Loschwitz/OS Schönfeld-Weißig;07 StB Loschwitz und OS Schönfeld-Weißig;29 Jahre;204
2020;StB 4 Loschwitz/OS Schönfeld-Weißig;07 StB Loschwitz und OS Schönfeld-Weißig;30 Jahre;256
2020;StB 4 Loschwitz/OS Schönfeld-Weißig;07 StB Loschwitz und OS Schönfeld-Weißig;31 Jahre;318
2020;StB 4 Loschwitz/OS Schönfeld-Weißig;07 StB Loschwitz und OS Schönfeld-Weißig;32 Jahre;314
2020;StB 4 Loschwitz/OS Schönfeld-Weißig;07 StB Loschwitz und OS Schönfeld-Weißig;33 Jahre;326
2020;StB 4 Loschwitz/OS Schönfeld-Weißig;07 StB Loschwitz und OS Schönfeld-Weißig;34 Jahre;330
2020;StB 4 Loschwitz/OS Schönfeld-Weißig;07 StB Loschwitz und OS Schönfeld-Weißig;35 Jahre;377
2020;StB 4 Loschwitz/OS Schönfeld-Weißig;07 StB Loschwitz und OS Schönfeld-Weißig;36 Jahre;372
2020;StB 4 Loschwitz/OS Schönfeld-Weißig;07 StB Loschwitz und OS Schönfeld-Weißig;37 Jahre;376
2020;StB 4 Loschwitz/OS Schönfeld-Weißig;07 StB Loschwitz und OS Schönfeld-Weißig;38 Jahre;441
2020;StB 4 Loschwitz/OS Schönfeld-Weißig;07 StB Loschwitz und OS Schönfeld-Weißig;39 Jahre;421
2020;StB 4 Loschwitz/OS Schönfeld-Weißig;07 StB Loschwitz und OS Schönfeld-Weißig;40 Jahre;447
2020;StB 4 Loschwitz/OS Schönfeld-Weißig;07 StB Loschwitz und OS Schönfeld-Weißig;41 Jahre;519
2020;StB 4 Loschwitz/OS Schönfeld-Weißig;07 StB Loschwitz und OS Schönfeld-Weißig;42 Jahre;473
2020;StB 4 Loschwitz/OS Schönfeld-Weißig;07 StB Loschwitz und OS Schönfeld-Weißig;43 Jahre;513
2020;StB 4 Loschwitz/OS Schönfeld-Weißig;07 StB Loschwitz und OS Schönfeld-Weißig;44 Jahre;526
2020;StB 4 Loschwitz/OS Schönfeld-Weißig;07 StB Loschwitz und OS Schönfeld-Weißig;45 Jahre;444
2020;StB 4 Loschwitz/OS Schönfeld-Weißig;07 StB Loschwitz und OS Schönfeld-Weißig;46 Jahre;490
2020;StB 4 Loschwitz/OS Schönfeld-Weißig;07 StB Loschwitz und OS Schönfeld-Weißig;47 Jahre;455
2020;StB 4 Loschwitz/OS Schönfeld-Weißig;07 StB Loschwitz und OS Schönfeld-Weißig;48 Jahre;485
2020;StB 4 Loschwitz/OS Schönfeld-Weißig;07 StB Loschwitz und OS Schönfeld-Weißig;49 Jahre;537
2020;StB 4 Loschwitz/OS Schönfeld-Weißig;07 StB Loschwitz und OS Schönfeld-Weißig;50 Jahre;563
2020;StB 4 Loschwitz/OS Schönfeld-Weißig;07 StB Loschwitz und OS Schönfeld-Weißig;51 Jahre;547
2020;StB 4 Loschwitz/OS Schönfeld-Weißig;07 StB Loschwitz und OS Schönfeld-Weißig;52 Jahre;540
2020;StB 4 Loschwitz/OS Schönfeld-Weißig;07 StB Loschwitz und OS Schönfeld-Weißig;53 Jahre;571
2020;StB 4 Loschwitz/OS Schönfeld-Weißig;07 StB Loschwitz und OS Schönfeld-Weißig;54 Jahre;557
2020;StB 4 Loschwitz/OS Schönfeld-Weißig;07 StB Loschwitz und OS Schönfeld-Weißig;55 Jahre;609
2020;StB 4 Loschwitz/OS Schönfeld-Weißig;07 StB Loschwitz und OS Schönfeld-Weißig;56 Jahre;577
2020;StB 4 Loschwitz/OS Schönfeld-Weißig;07 StB Loschwitz und OS Schönfeld-Weißig;57 Jahre;574
2020;StB 4 Loschwitz/OS Schönfeld-Weißig;07 StB Loschwitz und OS Schönfeld-Weißig;58 Jahre;553
2020;StB 4 Loschwitz/OS Schönfeld-Weißig;07 StB Loschwitz und OS Schönfeld-Weißig;59 Jahre;533
2020;StB 4 Loschwitz/OS Schönfeld-Weißig;07 StB Loschwitz und OS Schönfeld-Weißig;60 Jahre;496
2020;StB 4 Loschwitz/OS Schönfeld-Weißig;07 StB Loschwitz und OS Schönfeld-Weißig;61 Jahre;474
2020;StB 4 Loschwitz/OS Schönfeld-Weißig;07 StB Loschwitz und OS Schönfeld-Weißig;62 Jahre;413
2020;StB 4 Loschwitz/OS Schönfeld-Weißig;07 StB Loschwitz und OS Schönfeld-Weißig;63 Jahre;402
2020;StB 4 Loschwitz/OS Schönfeld-Weißig;07 StB Loschwitz und OS Schönfeld-Weißig;64 Jahre;387
2020;StB 4 Loschwitz/OS Schönfeld-Weißig;07 StB Loschwitz und OS Schönfeld-Weißig;65 Jahre;442
2020;StB 4 Loschwitz/OS Schönfeld-Weißig;07 StB Loschwitz und OS Schönfeld-Weißig;66 Jahre;437
2020;StB 4 Loschwitz/OS Schönfeld-Weißig;07 StB Loschwitz und OS Schönfeld-Weißig;67 Jahre;456
2020;StB 4 Loschwitz/OS Schönfeld-Weißig;07 StB Loschwitz und OS Schönfeld-Weißig;68 Jahre;446
2020;StB 4 Loschwitz/OS Schönfeld-Weißig;07 StB Loschwitz und OS Schönfeld-Weißig;69 Jahre;442
2020;StB 4 Loschwitz/OS Schönfeld-Weißig;07 StB Loschwitz und OS Schönfeld-Weißig;70 Jahre;417
2020;StB 4 Loschwitz/OS Schönfeld-Weißig;07 StB Loschwitz und OS Schönfeld-Weißig;71 Jahre;362
2020;StB 4 Loschwitz/OS Schönfeld-Weißig;07 StB Loschwitz und OS Schönfeld-Weißig;72 Jahre;290
2020;StB 4 Loschwitz/OS Schönfeld-Weißig;07 StB Loschwitz und OS Schönfeld-Weißig;73 Jahre;322
2020;StB 4 Loschwitz/OS Schönfeld-Weißig;07 StB Loschwitz und OS Schönfeld-Weißig;74 Jahre;247
2020;StB 4 Loschwitz/OS Schönfeld-Weißig;07 StB Loschwitz und OS Schönfeld-Weißig;75 Jahre;294
2020;StB 4 Loschwitz/OS Schönfeld-Weißig;07 StB Loschwitz und OS Schönfeld-Weißig;76 Jahre;419
2020;StB 4 Loschwitz/OS Schönfeld-Weißig;07 StB Loschwitz und OS Schönfeld-Weißig;77 Jahre;420
2020;StB 4 Loschwitz/OS Schönfeld-Weißig;07 StB Loschwitz und OS Schönfeld-Weißig;78 Jahre;392
2020;StB 4 Loschwitz/OS Schönfeld-Weißig;07 StB Loschwitz und OS Schönfeld-Weißig;79 Jahre;419
2020;StB 4 Loschwitz/OS Schönfeld-Weißig;07 StB Loschwitz und OS Schönfeld-Weißig;80 Jahre;419
2020;StB 4 Loschwitz/OS Schönfeld-Weißig;07 StB Loschwitz und OS Schönfeld-Weißig;81 Jahre;394
2020;StB 4 Loschwitz/OS Schönfeld-Weißig;07 StB Loschwitz und OS Schönfeld-Weißig;82 Jahre;330
2020;StB 4 Loschwitz/OS Schönfeld-Weißig;07 StB Loschwitz und OS Schönfeld-Weißig;83 Jahre;326
2020;StB 4 Loschwitz/OS Schönfeld-Weißig;07 StB Loschwitz und OS Schönfeld-Weißig;84 Jahre;245
2020;StB 4 Loschwitz/OS Schönfeld-Weißig;07 StB Loschwitz und OS Schönfeld-Weißig;85 Jahre u.älter;1206
2020;StB 5 Blasewitz;08 Blasewitz, Striesen;0 Jahre;581
2020;StB 5 Blasewitz;08 Blasewitz, Striesen;1 Jahre;594
2020;StB 5 Blasewitz;08 Blasewitz, Striesen;2 Jahre;612
2020;StB 5 Blasewitz;08 Blasewitz, Striesen;3 Jahre;595
2020;StB 5 Blasewitz;08 Blasewitz, Striesen;4 Jahre;619
2020;StB 5 Blasewitz;08 Blasewitz, Striesen;5 Jahre;589
2020;StB 5 Blasewitz;08 Blasewitz, Striesen;6 Jahre;592
2020;StB 5 Blasewitz;08 Blasewitz, Striesen;7 Jahre;488
2020;StB 5 Blasewitz;08 Blasewitz, Striesen;8 Jahre;558
2020;StB 5 Blasewitz;08 Blasewitz, Striesen;9 Jahre;520
2020;StB 5 Blasewitz;08 Blasewitz, Striesen;10 Jahre;528
2020;StB 5 Blasewitz;08 Blasewitz, Striesen;11 Jahre;538
2020;StB 5 Blasewitz;08 Blasewitz, Striesen;12 Jahre;484
2020;StB 5 Blasewitz;08 Blasewitz, Striesen;13 Jahre;462
2020;StB 5 Blasewitz;08 Blasewitz, Striesen;14 Jahre;448
2020;StB 5 Blasewitz;08 Blasewitz, Striesen;15 Jahre;451
2020;StB 5 Blasewitz;08 Blasewitz, Striesen;16 Jahre;412
2020;StB 5 Blasewitz;08 Blasewitz, Striesen;17 Jahre;415
2020;StB 5 Blasewitz;08 Blasewitz, Striesen;18 Jahre;447
2020;StB 5 Blasewitz;08 Blasewitz, Striesen;19 Jahre;459
2020;StB 5 Blasewitz;08 Blasewitz, Striesen;20 Jahre;510
2020;StB 5 Blasewitz;08 Blasewitz, Striesen;21 Jahre;466
2020;StB 5 Blasewitz;08 Blasewitz, Striesen;22 Jahre;564
2020;StB 5 Blasewitz;08 Blasewitz, Striesen;23 Jahre;586
2020;StB 5 Blasewitz;08 Blasewitz, Striesen;24 Jahre;528
2020;StB 5 Blasewitz;08 Blasewitz, Striesen;25 Jahre;584
2020;StB 5 Blasewitz;08 Blasewitz, Striesen;26 Jahre;569
2020;StB 5 Blasewitz;08 Blasewitz, Striesen;27 Jahre;539
2020;StB 5 Blasewitz;08 Blasewitz, Striesen;28 Jahre;560
2020;StB 5 Blasewitz;08 Blasewitz, Striesen;29 Jahre;602
2020;StB 5 Blasewitz;08 Blasewitz, Striesen;30 Jahre;948
2020;StB 5 Blasewitz;08 Blasewitz, Striesen;31 Jahre;892
2020;StB 5 Blasewitz;08 Blasewitz, Striesen;32 Jahre;899
2020;StB 5 Blasewitz;08 Blasewitz, Striesen;33 Jahre;941
2020;StB 5 Blasewitz;08 Blasewitz, Striesen;34 Jahre;863
2020;StB 5 Blasewitz;08 Blasewitz, Striesen;35 Jahre;870
2020;StB 5 Blasewitz;08 Blasewitz, Striesen;36 Jahre;772
2020;StB 5 Blasewitz;08 Blasewitz, Striesen;37 Jahre;841
2020;StB 5 Blasewitz;08 Blasewitz, Striesen;38 Jahre;864
2020;StB 5 Blasewitz;08 Blasewitz, Striesen;39 Jahre;768
2020;StB 5 Blasewitz;08 Blasewitz, Striesen;40 Jahre;737
2020;StB 5 Blasewitz;08 Blasewitz, Striesen;41 Jahre;726
2020;StB 5 Blasewitz;08 Blasewitz, Striesen;42 Jahre;775
2020;StB 5 Blasewitz;08 Blasewitz, Striesen;43 Jahre;717
2020;StB 5 Blasewitz;08 Blasewitz, Striesen;44 Jahre;684
2020;StB 5 Blasewitz;08 Blasewitz, Striesen;45 Jahre;586
2020;StB 5 Blasewitz;08 Blasewitz, Striesen;46 Jahre;607
2020;StB 5 Blasewitz;08 Blasewitz, Striesen;47 Jahre;625
2020;StB 5 Blasewitz;08 Blasewitz, Striesen;48 Jahre;632
2020;StB 5 Blasewitz;08 Blasewitz, Striesen;49 Jahre;667
2020;StB 5 Blasewitz;08 Blasewitz, Striesen;50 Jahre;683
2020;StB 5 Blasewitz;08 Blasewitz, Striesen;51 Jahre;683
2020;StB 5 Blasewitz;08 Blasewitz, Striesen;52 Jahre;700
2020;StB 5 Blasewitz;08 Blasewitz, Striesen;53 Jahre;683
2020;StB 5 Blasewitz;08 Blasewitz, Striesen;54 Jahre;747
2020;StB 5 Blasewitz;08 Blasewitz, Striesen;55 Jahre;682
2020;StB 5 Blasewitz;08 Blasewitz, Striesen;56 Jahre;676
2020;StB 5 Blasewitz;08 Blasewitz, Striesen;57 Jahre;688
2020;StB 5 Blasewitz;08 Blasewitz, Striesen;58 Jahre;593
2020;StB 5 Blasewitz;08 Blasewitz, Striesen;59 Jahre;605
2020;StB 5 Blasewitz;08 Blasewitz, Striesen;60 Jahre;551
2020;StB 5 Blasewitz;08 Blasewitz, Striesen;61 Jahre;516
2020;StB 5 Blasewitz;08 Blasewitz, Striesen;62 Jahre;460
2020;StB 5 Blasewitz;08 Blasewitz, Striesen;63 Jahre;380
2020;StB 5 Blasewitz;08 Blasewitz, Striesen;64 Jahre;415
2020;StB 5 Blasewitz;08 Blasewitz, Striesen;65 Jahre;442
2020;StB 5 Blasewitz;08 Blasewitz, Striesen;66 Jahre;433
2020;StB 5 Blasewitz;08 Blasewitz, Striesen;67 Jahre;462
2020;StB 5 Blasewitz;08 Blasewitz, Striesen;68 Jahre;434
2020;StB 5 Blasewitz;08 Blasewitz, Striesen;69 Jahre;455
2020;StB 5 Blasewitz;08 Blasewitz, Striesen;70 Jahre;423
2020;StB 5 Blasewitz;08 Blasewitz, Striesen;71 Jahre;377
2020;StB 5 Blasewitz;08 Blasewitz, Striesen;72 Jahre;322
2020;StB 5 Blasewitz;08 Blasewitz, Striesen;73 Jahre;369
2020;StB 5 Blasewitz;08 Blasewitz, Striesen;74 Jahre;245
2020;StB 5 Blasewitz;08 Blasewitz, Striesen;75 Jahre;285
2020;StB 5 Blasewitz;08 Blasewitz, Striesen;76 Jahre;425
2020;StB 5 Blasewitz;08 Blasewitz, Striesen;77 Jahre;487
2020;StB 5 Blasewitz;08 Blasewitz, Striesen;78 Jahre;472
2020;StB 5 Blasewitz;08 Blasewitz, Striesen;79 Jahre;602
2020;StB 5 Blasewitz;08 Blasewitz, Striesen;80 Jahre;603
2020;StB 5 Blasewitz;08 Blasewitz, Striesen;81 Jahre;622
2020;StB 5 Blasewitz;08 Blasewitz, Striesen;82 Jahre;531
2020;StB 5 Blasewitz;08 Blasewitz, Striesen;83 Jahre;472
2020;StB 5 Blasewitz;08 Blasewitz, Striesen;84 Jahre;430
2020;StB 5 Blasewitz;08 Blasewitz, Striesen;85 Jahre u.älter;1814
2020;StB 5 Blasewitz;09 Tolkewitz, Seidnitz, Gruna;0 Jahre;305
2020;StB 5 Blasewitz;09 Tolkewitz, Seidnitz, Gruna;1 Jahre;314
2020;StB 5 Blasewitz;09 Tolkewitz, Seidnitz, Gruna;2 Jahre;325
2020;StB 5 Blasewitz;09 Tolkewitz, Seidnitz, Gruna;3 Jahre;373
2020;StB 5 Blasewitz;09 Tolkewitz, Seidnitz, Gruna;4 Jahre;401
2020;StB 5 Blasewitz;09 Tolkewitz, Seidnitz, Gruna;5 Jahre;332
2020;StB 5 Blasewitz;09 Tolkewitz, Seidnitz, Gruna;6 Jahre;344
2020;StB 5 Blasewitz;09 Tolkewitz, Seidnitz, Gruna;7 Jahre;317
2020;StB 5 Blasewitz;09 Tolkewitz, Seidnitz, Gruna;8 Jahre;342
2020;StB 5 Blasewitz;09 Tolkewitz, Seidnitz, Gruna;9 Jahre;337
2020;StB 5 Blasewitz;09 Tolkewitz, Seidnitz, Gruna;10 Jahre;317
2020;StB 5 Blasewitz;09 Tolkewitz, Seidnitz, Gruna;11 Jahre;290
2020;StB 5 Blasewitz;09 Tolkewitz, Seidnitz, Gruna;12 Jahre;361
2020;StB 5 Blasewitz;09 Tolkewitz, Seidnitz, Gruna;13 Jahre;311
2020;StB 5 Blasewitz;09 Tolkewitz, Seidnitz, Gruna;14 Jahre;316
2020;StB 5 Blasewitz;09 Tolkewitz, Seidnitz, Gruna;15 Jahre;306
2020;StB 5 Blasewitz;09 Tolkewitz, Seidnitz, Gruna;16 Jahre;287
2020;StB 5 Blasewitz;09 Tolkewitz, Seidnitz, Gruna;17 Jahre;297
2020;StB 5 Blasewitz;09 Tolkewitz, Seidnitz, Gruna;18 Jahre;325
2020;StB 5 Blasewitz;09 Tolkewitz, Seidnitz, Gruna;19 Jahre;326
2020;StB 5 Blasewitz;09 Tolkewitz, Seidnitz, Gruna;20 Jahre;379
2020;StB 5 Blasewitz;09 Tolkewitz, Seidnitz, Gruna;21 Jahre;419
2020;StB 5 Blasewitz;09 Tolkewitz, Seidnitz, Gruna;22 Jahre;354
2020;StB 5 Blasewitz;09 Tolkewitz, Seidnitz, Gruna;23 Jahre;364
2020;StB 5 Blasewitz;09 Tolkewitz, Seidnitz, Gruna;24 Jahre;340
2020;StB 5 Blasewitz;09 Tolkewitz, Seidnitz, Gruna;25 Jahre;315
2020;StB 5 Blasewitz;09 Tolkewitz, Seidnitz, Gruna;26 Jahre;332
2020;StB 5 Blasewitz;09 Tolkewitz, Seidnitz, Gruna;27 Jahre;349
2020;StB 5 Blasewitz;09 Tolkewitz, Seidnitz, Gruna;28 Jahre;336
2020;StB 5 Blasewitz;09 Tolkewitz, Seidnitz, Gruna;29 Jahre;408
2020;StB 5 Blasewitz;09 Tolkewitz, Seidnitz, Gruna;30 Jahre;596
2020;StB 5 Blasewitz;09 Tolkewitz, Seidnitz, Gruna;31 Jahre;614
2020;StB 5 Blasewitz;09 Tolkewitz, Seidnitz, Gruna;32 Jahre;600
2020;StB 5 Blasewitz;09 Tolkewitz, Seidnitz, Gruna;33 Jahre;593
2020;StB 5 Blasewitz;09 Tolkewitz, Seidnitz, Gruna;34 Jahre;554
2020;StB 5 Blasewitz;09 Tolkewitz, Seidnitz, Gruna;35 Jahre;548
2020;StB 5 Blasewitz;09 Tolkewitz, Seidnitz, Gruna;36 Jahre;530
2020;StB 5 Blasewitz;09 Tolkewitz, Seidnitz, Gruna;37 Jahre;497
2020;StB 5 Blasewitz;09 Tolkewitz, Seidnitz, Gruna;38 Jahre;505
2020;StB 5 Blasewitz;09 Tolkewitz, Seidnitz, Gruna;39 Jahre;500
2020;StB 5 Blasewitz;09 Tolkewitz, Seidnitz, Gruna;40 Jahre;485
2020;StB 5 Blasewitz;09 Tolkewitz, Seidnitz, Gruna;41 Jahre;483
2020;StB 5 Blasewitz;09 Tolkewitz, Seidnitz, Gruna;42 Jahre;469
2020;StB 5 Blasewitz;09 Tolkewitz, Seidnitz, Gruna;43 Jahre;470
2020;StB 5 Blasewitz;09 Tolkewitz, Seidnitz, Gruna;44 Jahre;452
2020;StB 5 Blasewitz;09 Tolkewitz, Seidnitz, Gruna;45 Jahre;404
2020;StB 5 Blasewitz;09 Tolkewitz, Seidnitz, Gruna;46 Jahre;372
2020;StB 5 Blasewitz;09 Tolkewitz, Seidnitz, Gruna;47 Jahre;408
2020;StB 5 Blasewitz;09 Tolkewitz, Seidnitz, Gruna;48 Jahre;400
2020;StB 5 Blasewitz;09 Tolkewitz, Seidnitz, Gruna;49 Jahre;445
2020;StB 5 Blasewitz;09 Tolkewitz, Seidnitz, Gruna;50 Jahre;479
2020;StB 5 Blasewitz;09 Tolkewitz, Seidnitz, Gruna;51 Jahre;489
2020;StB 5 Blasewitz;09 Tolkewitz, Seidnitz, Gruna;52 Jahre;467
2020;StB 5 Blasewitz;09 Tolkewitz, Seidnitz, Gruna;53 Jahre;476
2020;StB 5 Blasewitz;09 Tolkewitz, Seidnitz, Gruna;54 Jahre;509
2020;StB 5 Blasewitz;09 Tolkewitz, Seidnitz, Gruna;55 Jahre;522
2020;StB 5 Blasewitz;09 Tolkewitz, Seidnitz, Gruna;56 Jahre;524
2020;StB 5 Blasewitz;09 Tolkewitz, Seidnitz, Gruna;57 Jahre;519
2020;StB 5 Blasewitz;09 Tolkewitz, Seidnitz, Gruna;58 Jahre;529
2020;StB 5 Blasewitz;09 Tolkewitz, Seidnitz, Gruna;59 Jahre;473
2020;StB 5 Blasewitz;09 Tolkewitz, Seidnitz, Gruna;60 Jahre;447
2020;StB 5 Blasewitz;09 Tolkewitz, Seidnitz, Gruna;61 Jahre;455
2020;StB 5 Blasewitz;09 Tolkewitz, Seidnitz, Gruna;62 Jahre;367
2020;StB 5 Blasewitz;09 Tolkewitz, Seidnitz, Gruna;63 Jahre;389
2020;StB 5 Blasewitz;09 Tolkewitz, Seidnitz, Gruna;64 Jahre;386
2020;StB 5 Blasewitz;09 Tolkewitz, Seidnitz, Gruna;65 Jahre;415
2020;StB 5 Blasewitz;09 Tolkewitz, Seidnitz, Gruna;66 Jahre;390
2020;StB 5 Blasewitz;09 Tolkewitz, Seidnitz, Gruna;67 Jahre;427
2020;StB 5 Blasewitz;09 Tolkewitz, Seidnitz, Gruna;68 Jahre;459
2020;StB 5 Blasewitz;09 Tolkewitz, Seidnitz, Gruna;69 Jahre;473
2020;StB 5 Blasewitz;09 Tolkewitz, Seidnitz, Gruna;70 Jahre;489
2020;StB 5 Blasewitz;09 Tolkewitz, Seidnitz, Gruna;71 Jahre;410
2020;StB 5 Blasewitz;09 Tolkewitz, Seidnitz, Gruna;72 Jahre;341
2020;StB 5 Blasewitz;09 Tolkewitz, Seidnitz, Gruna;73 Jahre;403
2020;StB 5 Blasewitz;09 Tolkewitz, Seidnitz, Gruna;74 Jahre;314
2020;StB 5 Blasewitz;09 Tolkewitz, Seidnitz, Gruna;75 Jahre;404
2020;StB 5 Blasewitz;09 Tolkewitz, Seidnitz, Gruna;76 Jahre;533
2020;StB 5 Blasewitz;09 Tolkewitz, Seidnitz, Gruna;77 Jahre;589
2020;StB 5 Blasewitz;09 Tolkewitz, Seidnitz, Gruna;78 Jahre;520
2020;StB 5 Blasewitz;09 Tolkewitz, Seidnitz, Gruna;79 Jahre;585
2020;StB 5 Blasewitz;09 Tolkewitz, Seidnitz, Gruna;80 Jahre;608
2020;StB 5 Blasewitz;09 Tolkewitz, Seidnitz, Gruna;81 Jahre;616
2020;StB 5 Blasewitz;09 Tolkewitz, Seidnitz, Gruna;82 Jahre;511
2020;StB 5 Blasewitz;09 Tolkewitz, Seidnitz, Gruna;83 Jahre;386
2020;StB 5 Blasewitz;09 Tolkewitz, Seidnitz, Gruna;84 Jahre;370
2020;StB 5 Blasewitz;09 Tolkewitz, Seidnitz, Gruna;85 Jahre u.älter;1478
2020;StB 6 Leuben;10 StB Leuben;0 Jahre;318
2020;StB 6 Leuben;10 StB Leuben;1 Jahre;324
2020;StB 6 Leuben;10 StB Leuben;2 Jahre;333
2020;StB 6 Leuben;10 StB Leuben;3 Jahre;359
2020;StB 6 Leuben;10 StB Leuben;4 Jahre;391
2020;StB 6 Leuben;10 StB Leuben;5 Jahre;410
2020;StB 6 Leuben;10 StB Leuben;6 Jahre;348
2020;StB 6 Leuben;10 StB Leuben;7 Jahre;366
2020;StB 6 Leuben;10 StB Leuben;8 Jahre;374
2020;StB 6 Leuben;10 StB Leuben;9 Jahre;340
2020;StB 6 Leuben;10 StB Leuben;10 Jahre;398
2020;StB 6 Leuben;10 StB Leuben;11 Jahre;393
2020;StB 6 Leuben;10 StB Leuben;12 Jahre;356
2020;StB 6 Leuben;10 StB Leuben;13 Jahre;350
2020;StB 6 Leuben;10 StB Leuben;14 Jahre;333
2020;StB 6 Leuben;10 StB Leuben;15 Jahre;351
2020;StB 6 Leuben;10 StB Leuben;16 Jahre;350
2020;StB 6 Leuben;10 StB Leuben;17 Jahre;336
2020;StB 6 Leuben;10 StB Leuben;18 Jahre;331
2020;StB 6 Leuben;10 StB Leuben;19 Jahre;349
2020;StB 6 Leuben;10 StB Leuben;20 Jahre;328
2020;StB 6 Leuben;10 StB Leuben;21 Jahre;347
2020;StB 6 Leuben;10 StB Leuben;22 Jahre;280
2020;StB 6 Leuben;10 StB Leuben;23 Jahre;305
2020;StB 6 Leuben;10 StB Leuben;24 Jahre;243
2020;StB 6 Leuben;10 StB Leuben;25 Jahre;253
2020;StB 6 Leuben;10 StB Leuben;26 Jahre;234
2020;StB 6 Leuben;10 StB Leuben;27 Jahre;262
2020;StB 6 Leuben;10 StB Leuben;28 Jahre;259
2020;StB 6 Leuben;10 StB Leuben;29 Jahre;308
2020;StB 6 Leuben;10 StB Leuben;30 Jahre;443
2020;StB 6 Leuben;10 StB Leuben;31 Jahre;455
2020;StB 6 Leuben;10 StB Leuben;32 Jahre;492
2020;StB 6 Leuben;10 StB Leuben;33 Jahre;508
2020;StB 6 Leuben;10 StB Leuben;34 Jahre;476
2020;StB 6 Leuben;10 StB Leuben;35 Jahre;556
2020;StB 6 Leuben;10 StB Leuben;36 Jahre;457
2020;StB 6 Leuben;10 StB Leuben;37 Jahre;537
2020;StB 6 Leuben;10 StB Leuben;38 Jahre;517
2020;StB 6 Leuben;10 StB Leuben;39 Jahre;511
2020;StB 6 Leuben;10 StB Leuben;40 Jahre;529
2020;StB 6 Leuben;10 StB Leuben;41 Jahre;515
2020;StB 6 Leuben;10 StB Leuben;42 Jahre;547
2020;StB 6 Leuben;10 StB Leuben;43 Jahre;469
2020;StB 6 Leuben;10 StB Leuben;44 Jahre;517
2020;StB 6 Leuben;10 StB Leuben;45 Jahre;456
2020;StB 6 Leuben;10 StB Leuben;46 Jahre;435
2020;StB 6 Leuben;10 StB Leuben;47 Jahre;447
2020;StB 6 Leuben;10 StB Leuben;48 Jahre;495
2020;StB 6 Leuben;10 StB Leuben;49 Jahre;536
2020;StB 6 Leuben;10 StB Leuben;50 Jahre;572
2020;StB 6 Leuben;10 StB Leuben;51 Jahre;592
2020;StB 6 Leuben;10 StB Leuben;52 Jahre;636
2020;StB 6 Leuben;10 StB Leuben;53 Jahre;620
2020;StB 6 Leuben;10 StB Leuben;54 Jahre;617
2020;StB 6 Leuben;10 StB Leuben;55 Jahre;593
2020;StB 6 Leuben;10 StB Leuben;56 Jahre;599
2020;StB 6 Leuben;10 StB Leuben;57 Jahre;596
2020;StB 6 Leuben;10 StB Leuben;58 Jahre;589
2020;StB 6 Leuben;10 StB Leuben;59 Jahre;585
2020;StB 6 Leuben;10 StB Leuben;60 Jahre;509
2020;StB 6 Leuben;10 StB Leuben;61 Jahre;495
2020;StB 6 Leuben;10 StB Leuben;62 Jahre;382
2020;StB 6 Leuben;10 StB Leuben;63 Jahre;398
2020;StB 6 Leuben;10 StB Leuben;64 Jahre;455
2020;StB 6 Leuben;10 StB Leuben;65 Jahre;475
2020;StB 6 Leuben;10 StB Leuben;66 Jahre;518
2020;StB 6 Leuben;10 StB Leuben;67 Jahre;521
2020;StB 6 Leuben;10 StB Leuben;68 Jahre;528
2020;StB 6 Leuben;10 StB Leuben;69 Jahre;509
2020;StB 6 Leuben;10 StB Leuben;70 Jahre;562
2020;StB 6 Leuben;10 StB Leuben;71 Jahre;468
2020;StB 6 Leuben;10 StB Leuben;72 Jahre;438
2020;StB 6 Leuben;10 StB Leuben;73 Jahre;412
2020;StB 6 Leuben;10 StB Leuben;74 Jahre;303
2020;StB 6 Leuben;10 StB Leuben;75 Jahre;416
2020;StB 6 Leuben;10 StB Leuben;76 Jahre;558
2020;StB 6 Leuben;10 StB Leuben;77 Jahre;615
2020;StB 6 Leuben;10 StB Leuben;78 Jahre;553
2020;StB 6 Leuben;10 StB Leuben;79 Jahre;688
2020;StB 6 Leuben;10 StB Leuben;80 Jahre;624
2020;StB 6 Leuben;10 StB Leuben;81 Jahre;558
2020;StB 6 Leuben;10 StB Leuben;82 Jahre;453
2020;StB 6 Leuben;10 StB Leuben;83 Jahre;393
2020;StB 6 Leuben;10 StB Leuben;84 Jahre;310
2020;StB 6 Leuben;10 StB Leuben;85 Jahre u.älter;1386
2020;StB 7 Prohlis;11 Prohlis, Reick (mit Sternhäuser, Am Koitschgraben);0 Jahre;202
2020;StB 7 Prohlis;11 Prohlis, Reick (mit Sternhäuser, Am Koitschgraben);1 Jahre;194
2020;StB 7 Prohlis;11 Prohlis, Reick (mit Sternhäuser, Am Koitschgraben);2 Jahre;202
2020;StB 7 Prohlis;11 Prohlis, Reick (mit Sternhäuser, Am Koitschgraben);3 Jahre;221
2020;StB 7 Prohlis;11 Prohlis, Reick (mit Sternhäuser, Am Koitschgraben);4 Jahre;222
2020;StB 7 Prohlis;11 Prohlis, Reick (mit Sternhäuser, Am Koitschgraben);5 Jahre;218
2020;StB 7 Prohlis;11 Prohlis, Reick (mit Sternhäuser, Am Koitschgraben);6 Jahre;225
2020;StB 7 Prohlis;11 Prohlis, Reick (mit Sternhäuser, Am Koitschgraben);7 Jahre;237
2020;StB 7 Prohlis;11 Prohlis, Reick (mit Sternhäuser, Am Koitschgraben);8 Jahre;250
2020;StB 7 Prohlis;11 Prohlis, Reick (mit Sternhäuser, Am Koitschgraben);9 Jahre;217
2020;StB 7 Prohlis;11 Prohlis, Reick (mit Sternhäuser, Am Koitschgraben);10 Jahre;235
2020;StB 7 Prohlis;11 Prohlis, Reick (mit Sternhäuser, Am Koitschgraben);11 Jahre;199
2020;StB 7 Prohlis;11 Prohlis, Reick (mit Sternhäuser, Am Koitschgraben);12 Jahre;226
2020;StB 7 Prohlis;11 Prohlis, Reick (mit Sternhäuser, Am Koitschgraben);13 Jahre;232
2020;StB 7 Prohlis;11 Prohlis, Reick (mit Sternhäuser, Am Koitschgraben);14 Jahre;188
2020;StB 7 Prohlis;11 Prohlis, Reick (mit Sternhäuser, Am Koitschgraben);15 Jahre;210
2020;StB 7 Prohlis;11 Prohlis, Reick (mit Sternhäuser, Am Koitschgraben);16 Jahre;172
2020;StB 7 Prohlis;11 Prohlis, Reick (mit Sternhäuser, Am Koitschgraben);17 Jahre;184
2020;StB 7 Prohlis;11 Prohlis, Reick (mit Sternhäuser, Am Koitschgraben);18 Jahre;231
2020;StB 7 Prohlis;11 Prohlis, Reick (mit Sternhäuser, Am Koitschgraben);19 Jahre;253
2020;StB 7 Prohlis;11 Prohlis, Reick (mit Sternhäuser, Am Koitschgraben);20 Jahre;265
2020;StB 7 Prohlis;11 Prohlis, Reick (mit Sternhäuser, Am Koitschgraben);21 Jahre;274
2020;StB 7 Prohlis;11 Prohlis, Reick (mit Sternhäuser, Am Koitschgraben);22 Jahre;217
2020;StB 7 Prohlis;11 Prohlis, Reick (mit Sternhäuser, Am Koitschgraben);23 Jahre;242
2020;StB 7 Prohlis;11 Prohlis, Reick (mit Sternhäuser, Am Koitschgraben);24 Jahre;253
2020;StB 7 Prohlis;11 Prohlis, Reick (mit Sternhäuser, Am Koitschgraben);25 Jahre;209
2020;StB 7 Prohlis;11 Prohlis, Reick (mit Sternhäuser, Am Koitschgraben);26 Jahre;222
2020;StB 7 Prohlis;11 Prohlis, Reick (mit Sternhäuser, Am Koitschgraben);27 Jahre;254
2020;StB 7 Prohlis;11 Prohlis, Reick (mit Sternhäuser, Am Koitschgraben);28 Jahre;265
2020;StB 7 Prohlis;11 Prohlis, Reick (mit Sternhäuser, Am Koitschgraben);29 Jahre;280
2020;StB 7 Prohlis;11 Prohlis, Reick (mit Sternhäuser, Am Koitschgraben);30 Jahre;346
2020;StB 7 Prohlis;11 Prohlis, Reick (mit Sternhäuser, Am Koitschgraben);31 Jahre;325
2020;StB 7 Prohlis;11 Prohlis, Reick (mit Sternhäuser, Am Koitschgraben);32 Jahre;331
2020;StB 7 Prohlis;11 Prohlis, Reick (mit Sternhäuser, Am Koitschgraben);33 Jahre;345
2020;StB 7 Prohlis;11 Prohlis, Reick (mit Sternhäuser, Am Koitschgraben);34 Jahre;315
2020;StB 7 Prohlis;11 Prohlis, Reick (mit Sternhäuser, Am Koitschgraben);35 Jahre;303
2020;StB 7 Prohlis;11 Prohlis, Reick (mit Sternhäuser, Am Koitschgraben);36 Jahre;318
2020;StB 7 Prohlis;11 Prohlis, Reick (mit Sternhäuser, Am Koitschgraben);37 Jahre;299
2020;StB 7 Prohlis;11 Prohlis, Reick (mit Sternhäuser, Am Koitschgraben);38 Jahre;297
2020;StB 7 Prohlis;11 Prohlis, Reick (mit Sternhäuser, Am Koitschgraben);39 Jahre;292
2020;StB 7 Prohlis;11 Prohlis, Reick (mit Sternhäuser, Am Koitschgraben);40 Jahre;289
2020;StB 7 Prohlis;11 Prohlis, Reick (mit Sternhäuser, Am Koitschgraben);41 Jahre;252
2020;StB 7 Prohlis;11 Prohlis, Reick (mit Sternhäuser, Am Koitschgraben);42 Jahre;293
2020;StB 7 Prohlis;11 Prohlis, Reick (mit Sternhäuser, Am Koitschgraben);43 Jahre;276
2020;StB 7 Prohlis;11 Prohlis, Reick (mit Sternhäuser, Am Koitschgraben);44 Jahre;229
2020;StB 7 Prohlis;11 Prohlis, Reick (mit Sternhäuser, Am Koitschgraben);45 Jahre;242
2020;StB 7 Prohlis;11 Prohlis, Reick (mit Sternhäuser, Am Koitschgraben);46 Jahre;237
2020;StB 7 Prohlis;11 Prohlis, Reick (mit Sternhäuser, Am Koitschgraben);47 Jahre;199
2020;StB 7 Prohlis;11 Prohlis, Reick (mit Sternhäuser, Am Koitschgraben);48 Jahre;234
2020;StB 7 Prohlis;11 Prohlis, Reick (mit Sternhäuser, Am Koitschgraben);49 Jahre;279
2020;StB 7 Prohlis;11 Prohlis, Reick (mit Sternhäuser, Am Koitschgraben);50 Jahre;276
2020;StB 7 Prohlis;11 Prohlis, Reick (mit Sternhäuser, Am Koitschgraben);51 Jahre;221
2020;StB 7 Prohlis;11 Prohlis, Reick (mit Sternhäuser, Am Koitschgraben);52 Jahre;255
2020;StB 7 Prohlis;11 Prohlis, Reick (mit Sternhäuser, Am Koitschgraben);53 Jahre;267
2020;StB 7 Prohlis;11 Prohlis, Reick (mit Sternhäuser, Am Koitschgraben);54 Jahre;271
2020;StB 7 Prohlis;11 Prohlis, Reick (mit Sternhäuser, Am Koitschgraben);55 Jahre;297
2020;StB 7 Prohlis;11 Prohlis, Reick (mit Sternhäuser, Am Koitschgraben);56 Jahre;315
2020;StB 7 Prohlis;11 Prohlis, Reick (mit Sternhäuser, Am Koitschgraben);57 Jahre;296
2020;StB 7 Prohlis;11 Prohlis, Reick (mit Sternhäuser, Am Koitschgraben);58 Jahre;293
2020;StB 7 Prohlis;11 Prohlis, Reick (mit Sternhäuser, Am Koitschgraben);59 Jahre;288
2020;StB 7 Prohlis;11 Prohlis, Reick (mit Sternhäuser, Am Koitschgraben);60 Jahre;313
2020;StB 7 Prohlis;11 Prohlis, Reick (mit Sternhäuser, Am Koitschgraben);61 Jahre;300
2020;StB 7 Prohlis;11 Prohlis, Reick (mit Sternhäuser, Am Koitschgraben);62 Jahre;249
2020;StB 7 Prohlis;11 Prohlis, Reick (mit Sternhäuser, Am Koitschgraben);63 Jahre;278
2020;StB 7 Prohlis;11 Prohlis, Reick (mit Sternhäuser, Am Koitschgraben);64 Jahre;304
2020;StB 7 Prohlis;11 Prohlis, Reick (mit Sternhäuser, Am Koitschgraben);65 Jahre;312
2020;StB 7 Prohlis;11 Prohlis, Reick (mit Sternhäuser, Am Koitschgraben);66 Jahre;300
2020;StB 7 Prohlis;11 Prohlis, Reick (mit Sternhäuser, Am Koitschgraben);67 Jahre;331
2020;StB 7 Prohlis;11 Prohlis, Reick (mit Sternhäuser, Am Koitschgraben);68 Jahre;361
2020;StB 7 Prohlis;11 Prohlis, Reick (mit Sternhäuser, Am Koitschgraben);69 Jahre;400
2020;StB 7 Prohlis;11 Prohlis, Reick (mit Sternhäuser, Am Koitschgraben);70 Jahre;336
2020;StB 7 Prohlis;11 Prohlis, Reick (mit Sternhäuser, Am Koitschgraben);71 Jahre;347
2020;StB 7 Prohlis;11 Prohlis, Reick (mit Sternhäuser, Am Koitschgraben);72 Jahre;248
2020;StB 7 Prohlis;11 Prohlis, Reick (mit Sternhäuser, Am Koitschgraben);73 Jahre;279
2020;StB 7 Prohlis;11 Prohlis, Reick (mit Sternhäuser, Am Koitschgraben);74 Jahre;202
2020;StB 7 Prohlis;11 Prohlis, Reick (mit Sternhäuser, Am Koitschgraben);75 Jahre;245
2020;StB 7 Prohlis;11 Prohlis, Reick (mit Sternhäuser, Am Koitschgraben);76 Jahre;326
2020;StB 7 Prohlis;11 Prohlis, Reick (mit Sternhäuser, Am Koitschgraben);77 Jahre;280
2020;StB 7 Prohlis;11 Prohlis, Reick (mit Sternhäuser, Am Koitschgraben);78 Jahre;275
2020;StB 7 Prohlis;11 Prohlis, Reick (mit Sternhäuser, Am Koitschgraben);79 Jahre;296
2020;StB 7 Prohlis;11 Prohlis, Reick (mit Sternhäuser, Am Koitschgraben);80 Jahre;291
2020;StB 7 Prohlis;11 Prohlis, Reick (mit Sternhäuser, Am Koitschgraben);81 Jahre;260
2020;StB 7 Prohlis;11 Prohlis, Reick (mit Sternhäuser, Am Koitschgraben);82 Jahre;186
2020;StB 7 Prohlis;11 Prohlis, Reick (mit Sternhäuser, Am Koitschgraben);83 Jahre;198
2020;StB 7 Prohlis;11 Prohlis, Reick (mit Sternhäuser, Am Koitschgraben);84 Jahre;192
2020;StB 7 Prohlis;11 Prohlis, Reick (mit Sternhäuser, Am Koitschgraben);85 Jahre u.älter;843
2020;StB 7 Prohlis;12 Niedersedlitz, Leubnitz, Strehlen (ohne Sternhäuser, Am Koitschgraben);0 Jahre;277
2020;StB 7 Prohlis;12 Niedersedlitz, Leubnitz, Strehlen (ohne Sternhäuser, Am Koitschgraben);1 Jahre;291
2020;StB 7 Prohlis;12 Niedersedlitz, Leubnitz, Strehlen (ohne Sternhäuser, Am Koitschgraben);2 Jahre;298
2020;StB 7 Prohlis;12 Niedersedlitz, Leubnitz, Strehlen (ohne Sternhäuser, Am Koitschgraben);3 Jahre;331
2020;StB 7 Prohlis;12 Niedersedlitz, Leubnitz, Strehlen (ohne Sternhäuser, Am Koitschgraben);4 Jahre;336
2020;StB 7 Prohlis;12 Niedersedlitz, Leubnitz, Strehlen (ohne Sternhäuser, Am Koitschgraben);5 Jahre;349
2020;StB 7 Prohlis;12 Niedersedlitz, Leubnitz, Strehlen (ohne Sternhäuser, Am Koitschgraben);6 Jahre;330
2020;StB 7 Prohlis;12 Niedersedlitz, Leubnitz, Strehlen (ohne Sternhäuser, Am Koitschgraben);7 Jahre;391
2020;StB 7 Prohlis;12 Niedersedlitz, Leubnitz, Strehlen (ohne Sternhäuser, Am Koitschgraben);8 Jahre;356
2020;StB 7 Prohlis;12 Niedersedlitz, Leubnitz, Strehlen (ohne Sternhäuser, Am Koitschgraben);9 Jahre;305
2020;StB 7 Prohlis;12 Niedersedlitz, Leubnitz, Strehlen (ohne Sternhäuser, Am Koitschgraben);10 Jahre;355
2020;StB 7 Prohlis;12 Niedersedlitz, Leubnitz, Strehlen (ohne Sternhäuser, Am Koitschgraben);11 Jahre;350
2020;StB 7 Prohlis;12 Niedersedlitz, Leubnitz, Strehlen (ohne Sternhäuser, Am Koitschgraben);12 Jahre;345
2020;StB 7 Prohlis;12 Niedersedlitz, Leubnitz, Strehlen (ohne Sternhäuser, Am Koitschgraben);13 Jahre;335
2020;StB 7 Prohlis;12 Niedersedlitz, Leubnitz, Strehlen (ohne Sternhäuser, Am Koitschgraben);14 Jahre;320
2020;StB 7 Prohlis;12 Niedersedlitz, Leubnitz, Strehlen (ohne Sternhäuser, Am Koitschgraben);15 Jahre;304
2020;StB 7 Prohlis;12 Niedersedlitz, Leubnitz, Strehlen (ohne Sternhäuser, Am Koitschgraben);16 Jahre;304
2020;StB 7 Prohlis;12 Niedersedlitz, Leubnitz, Strehlen (ohne Sternhäuser, Am Koitschgraben);17 Jahre;314
2020;StB 7 Prohlis;12 Niedersedlitz, Leubnitz, Strehlen (ohne Sternhäuser, Am Koitschgraben);18 Jahre;319
2020;StB 7 Prohlis;12 Niedersedlitz, Leubnitz, Strehlen (ohne Sternhäuser, Am Koitschgraben);19 Jahre;314
2020;StB 7 Prohlis;12 Niedersedlitz, Leubnitz, Strehlen (ohne Sternhäuser, Am Koitschgraben);20 Jahre;372
2020;StB 7 Prohlis;12 Niedersedlitz, Leubnitz, Strehlen (ohne Sternhäuser, Am Koitschgraben);21 Jahre;364
2020;StB 7 Prohlis;12 Niedersedlitz, Leubnitz, Strehlen (ohne Sternhäuser, Am Koitschgraben);22 Jahre;391
2020;StB 7 Prohlis;12 Niedersedlitz, Leubnitz, Strehlen (ohne Sternhäuser, Am Koitschgraben);23 Jahre;358
2020;StB 7 Prohlis;12 Niedersedlitz, Leubnitz, Strehlen (ohne Sternhäuser, Am Koitschgraben);24 Jahre;367
2020;StB 7 Prohlis;12 Niedersedlitz, Leubnitz, Strehlen (ohne Sternhäuser, Am Koitschgraben);25 Jahre;347
2020;StB 7 Prohlis;12 Niedersedlitz, Leubnitz, Strehlen (ohne Sternhäuser, Am Koitschgraben);26 Jahre;307
2020;StB 7 Prohlis;12 Niedersedlitz, Leubnitz, Strehlen (ohne Sternhäuser, Am Koitschgraben);27 Jahre;303
2020;StB 7 Prohlis;12 Niedersedlitz, Leubnitz, Strehlen (ohne Sternhäuser, Am Koitschgraben);28 Jahre;316
2020;StB 7 Prohlis;12 Niedersedlitz, Leubnitz, Strehlen (ohne Sternhäuser, Am Koitschgraben);29 Jahre;369
2020;StB 7 Prohlis;12 Niedersedlitz, Leubnitz, Strehlen (ohne Sternhäuser, Am Koitschgraben);30 Jahre;432
2020;StB 7 Prohlis;12 Niedersedlitz, Leubnitz, Strehlen (ohne Sternhäuser, Am Koitschgraben);31 Jahre;445
2020;StB 7 Prohlis;12 Niedersedlitz, Leubnitz, Strehlen (ohne Sternhäuser, Am Koitschgraben);32 Jahre;483
2020;StB 7 Prohlis;12 Niedersedlitz, Leubnitz, Strehlen (ohne Sternhäuser, Am Koitschgraben);33 Jahre;503
2020;StB 7 Prohlis;12 Niedersedlitz, Leubnitz, Strehlen (ohne Sternhäuser, Am Koitschgraben);34 Jahre;461
2020;StB 7 Prohlis;12 Niedersedlitz, Leubnitz, Strehlen (ohne Sternhäuser, Am Koitschgraben);35 Jahre;506
2020;StB 7 Prohlis;12 Niedersedlitz, Leubnitz, Strehlen (ohne Sternhäuser, Am Koitschgraben);36 Jahre;478
2020;StB 7 Prohlis;12 Niedersedlitz, Leubnitz, Strehlen (ohne Sternhäuser, Am Koitschgraben);37 Jahre;459
2020;StB 7 Prohlis;12 Niedersedlitz, Leubnitz, Strehlen (ohne Sternhäuser, Am Koitschgraben);38 Jahre;477
2020;StB 7 Prohlis;12 Niedersedlitz, Leubnitz, Strehlen (ohne Sternhäuser, Am Koitschgraben);39 Jahre;459
2020;StB 7 Prohlis;12 Niedersedlitz, Leubnitz, Strehlen (ohne Sternhäuser, Am Koitschgraben);40 Jahre;435
2020;StB 7 Prohlis;12 Niedersedlitz, Leubnitz, Strehlen (ohne Sternhäuser, Am Koitschgraben);41 Jahre;487
2020;StB 7 Prohlis;12 Niedersedlitz, Leubnitz, Strehlen (ohne Sternhäuser, Am Koitschgraben);42 Jahre;477
2020;StB 7 Prohlis;12 Niedersedlitz, Leubnitz, Strehlen (ohne Sternhäuser, Am Koitschgraben);43 Jahre;468
2020;StB 7 Prohlis;12 Niedersedlitz, Leubnitz, Strehlen (ohne Sternhäuser, Am Koitschgraben);44 Jahre;417
2020;StB 7 Prohlis;12 Niedersedlitz, Leubnitz, Strehlen (ohne Sternhäuser, Am Koitschgraben);45 Jahre;383
2020;StB 7 Prohlis;12 Niedersedlitz, Leubnitz, Strehlen (ohne Sternhäuser, Am Koitschgraben);46 Jahre;399
2020;StB 7 Prohlis;12 Niedersedlitz, Leubnitz, Strehlen (ohne Sternhäuser, Am Koitschgraben);47 Jahre;378
2020;StB 7 Prohlis;12 Niedersedlitz, Leubnitz, Strehlen (ohne Sternhäuser, Am Koitschgraben);48 Jahre;431
2020;StB 7 Prohlis;12 Niedersedlitz, Leubnitz, Strehlen (ohne Sternhäuser, Am Koitschgraben);49 Jahre;482
2020;StB 7 Prohlis;12 Niedersedlitz, Leubnitz, Strehlen (ohne Sternhäuser, Am Koitschgraben);50 Jahre;478
2020;StB 7 Prohlis;12 Niedersedlitz, Leubnitz, Strehlen (ohne Sternhäuser, Am Koitschgraben);51 Jahre;501
2020;StB 7 Prohlis;12 Niedersedlitz, Leubnitz, Strehlen (ohne Sternhäuser, Am Koitschgraben);52 Jahre;480
2020;StB 7 Prohlis;12 Niedersedlitz, Leubnitz, Strehlen (ohne Sternhäuser, Am Koitschgraben);53 Jahre;467
2020;StB 7 Prohlis;12 Niedersedlitz, Leubnitz, Strehlen (ohne Sternhäuser, Am Koitschgraben);54 Jahre;568
2020;StB 7 Prohlis;12 Niedersedlitz, Leubnitz, Strehlen (ohne Sternhäuser, Am Koitschgraben);55 Jahre;519
2020;StB 7 Prohlis;12 Niedersedlitz, Leubnitz, Strehlen (ohne Sternhäuser, Am Koitschgraben);56 Jahre;542
2020;StB 7 Prohlis;12 Niedersedlitz, Leubnitz, Strehlen (ohne Sternhäuser, Am Koitschgraben);57 Jahre;539
2020;StB 7 Prohlis;12 Niedersedlitz, Leubnitz, Strehlen (ohne Sternhäuser, Am Koitschgraben);58 Jahre;512
2020;StB 7 Prohlis;12 Niedersedlitz, Leubnitz, Strehlen (ohne Sternhäuser, Am Koitschgraben);59 Jahre;507
2020;StB 7 Prohlis;12 Niedersedlitz, Leubnitz, Strehlen (ohne Sternhäuser, Am Koitschgraben);60 Jahre;476
2020;StB 7 Prohlis;12 Niedersedlitz, Leubnitz, Strehlen (ohne Sternhäuser, Am Koitschgraben);61 Jahre;469
2020;StB 7 Prohlis;12 Niedersedlitz, Leubnitz, Strehlen (ohne Sternhäuser, Am Koitschgraben);62 Jahre;411
2020;StB 7 Prohlis;12 Niedersedlitz, Leubnitz, Strehlen (ohne Sternhäuser, Am Koitschgraben);63 Jahre;379
2020;StB 7 Prohlis;12 Niedersedlitz, Leubnitz, Strehlen (ohne Sternhäuser, Am Koitschgraben);64 Jahre;394
2020;StB 7 Prohlis;12 Niedersedlitz, Leubnitz, Strehlen (ohne Sternhäuser, Am Koitschgraben);65 Jahre;426
2020;StB 7 Prohlis;12 Niedersedlitz, Leubnitz, Strehlen (ohne Sternhäuser, Am Koitschgraben);66 Jahre;444
2020;StB 7 Prohlis;12 Niedersedlitz, Leubnitz, Strehlen (ohne Sternhäuser, Am Koitschgraben);67 Jahre;434
2020;StB 7 Prohlis;12 Niedersedlitz, Leubnitz, Strehlen (ohne Sternhäuser, Am Koitschgraben);68 Jahre;458
2020;StB 7 Prohlis;12 Niedersedlitz, Leubnitz, Strehlen (ohne Sternhäuser, Am Koitschgraben);69 Jahre;411
2020;StB 7 Prohlis;12 Niedersedlitz, Leubnitz, Strehlen (ohne Sternhäuser, Am Koitschgraben);70 Jahre;456
2020;StB 7 Prohlis;12 Niedersedlitz, Leubnitz, Strehlen (ohne Sternhäuser, Am Koitschgraben);71 Jahre;373
2020;StB 7 Prohlis;12 Niedersedlitz, Leubnitz, Strehlen (ohne Sternhäuser, Am Koitschgraben);72 Jahre;286
2020;StB 7 Prohlis;12 Niedersedlitz, Leubnitz, Strehlen (ohne Sternhäuser, Am Koitschgraben);73 Jahre;331
2020;StB 7 Prohlis;12 Niedersedlitz, Leubnitz, Strehlen (ohne Sternhäuser, Am Koitschgraben);74 Jahre;217
2020;StB 7 Prohlis;12 Niedersedlitz, Leubnitz, Strehlen (ohne Sternhäuser, Am Koitschgraben);75 Jahre;311
2020;StB 7 Prohlis;12 Niedersedlitz, Leubnitz, Strehlen (ohne Sternhäuser, Am Koitschgraben);76 Jahre;388
2020;StB 7 Prohlis;12 Niedersedlitz, Leubnitz, Strehlen (ohne Sternhäuser, Am Koitschgraben);77 Jahre;413
2020;StB 7 Prohlis;12 Niedersedlitz, Leubnitz, Strehlen (ohne Sternhäuser, Am Koitschgraben);78 Jahre;397
2020;StB 7 Prohlis;12 Niedersedlitz, Leubnitz, Strehlen (ohne Sternhäuser, Am Koitschgraben);79 Jahre;413
2020;StB 7 Prohlis;12 Niedersedlitz, Leubnitz, Strehlen (ohne Sternhäuser, Am Koitschgraben);80 Jahre;449
2020;StB 7 Prohlis;12 Niedersedlitz, Leubnitz, Strehlen (ohne Sternhäuser, Am Koitschgraben);81 Jahre;345
2020;StB 7 Prohlis;12 Niedersedlitz, Leubnitz, Strehlen (ohne Sternhäuser, Am Koitschgraben);82 Jahre;296
2020;StB 7 Prohlis;12 Niedersedlitz, Leubnitz, Strehlen (ohne Sternhäuser, Am Koitschgraben);83 Jahre;281
2020;StB 7 Prohlis;12 Niedersedlitz, Leubnitz, Strehlen (ohne Sternhäuser, Am Koitschgraben);84 Jahre;237
2020;StB 7 Prohlis;12 Niedersedlitz, Leubnitz, Strehlen (ohne Sternhäuser, Am Koitschgraben);85 Jahre u.älter;974
2020;StB 8 Plauen;13 Südvorstadt, Zschertnitz;0 Jahre;314
2020;StB 8 Plauen;13 Südvorstadt, Zschertnitz;1 Jahre;297
2020;StB 8 Plauen;13 Südvorstadt, Zschertnitz;2 Jahre;288
2020;StB 8 Plauen;13 Südvorstadt, Zschertnitz;3 Jahre;299
2020;StB 8 Plauen;13 Südvorstadt, Zschertnitz;4 Jahre;315
2020;StB 8 Plauen;13 Südvorstadt, Zschertnitz;5 Jahre;292
2020;StB 8 Plauen;13 Südvorstadt, Zschertnitz;6 Jahre;280
2020;StB 8 Plauen;13 Südvorstadt, Zschertnitz;7 Jahre;284
2020;StB 8 Plauen;13 Südvorstadt, Zschertnitz;8 Jahre;295
2020;StB 8 Plauen;13 Südvorstadt, Zschertnitz;9 Jahre;285
2020;StB 8 Plauen;13 Südvorstadt, Zschertnitz;10 Jahre;254
2020;StB 8 Plauen;13 Südvorstadt, Zschertnitz;11 Jahre;259
2020;StB 8 Plauen;13 Südvorstadt, Zschertnitz;12 Jahre;242
2020;StB 8 Plauen;13 Südvorstadt, Zschertnitz;13 Jahre;209
2020;StB 8 Plauen;13 Südvorstadt, Zschertnitz;14 Jahre;205
2020;StB 8 Plauen;13 Südvorstadt, Zschertnitz;15 Jahre;215
2020;StB 8 Plauen;13 Südvorstadt, Zschertnitz;16 Jahre;205
2020;StB 8 Plauen;13 Südvorstadt, Zschertnitz;17 Jahre;242
2020;StB 8 Plauen;13 Südvorstadt, Zschertnitz;18 Jahre;377
2020;StB 8 Plauen;13 Südvorstadt, Zschertnitz;19 Jahre;697
2020;StB 8 Plauen;13 Südvorstadt, Zschertnitz;20 Jahre;969
2020;StB 8 Plauen;13 Südvorstadt, Zschertnitz;21 Jahre;920
2020;StB 8 Plauen;13 Südvorstadt, Zschertnitz;22 Jahre;970
2020;StB 8 Plauen;13 Südvorstadt, Zschertnitz;23 Jahre;1087
2020;StB 8 Plauen;13 Südvorstadt, Zschertnitz;24 Jahre;1064
2020;StB 8 Plauen;13 Südvorstadt, Zschertnitz;25 Jahre;973
2020;StB 8 Plauen;13 Südvorstadt, Zschertnitz;26 Jahre;822
2020;StB 8 Plauen;13 Südvorstadt, Zschertnitz;27 Jahre;700
2020;StB 8 Plauen;13 Südvorstadt, Zschertnitz;28 Jahre;644
2020;StB 8 Plauen;13 Südvorstadt, Zschertnitz;29 Jahre;598
2020;StB 8 Plauen;13 Südvorstadt, Zschertnitz;30 Jahre;669
2020;StB 8 Plauen;13 Südvorstadt, Zschertnitz;31 Jahre;637
2020;StB 8 Plauen;13 Südvorstadt, Zschertnitz;32 Jahre;571
2020;StB 8 Plauen;13 Südvorstadt, Zschertnitz;33 Jahre;557
2020;StB 8 Plauen;13 Südvorstadt, Zschertnitz;34 Jahre;442
2020;StB 8 Plauen;13 Südvorstadt, Zschertnitz;35 Jahre;481
2020;StB 8 Plauen;13 Südvorstadt, Zschertnitz;36 Jahre;421
2020;StB 8 Plauen;13 Südvorstadt, Zschertnitz;37 Jahre;390
2020;StB 8 Plauen;13 Südvorstadt, Zschertnitz;38 Jahre;345
2020;StB 8 Plauen;13 Südvorstadt, Zschertnitz;39 Jahre;339
2020;StB 8 Plauen;13 Südvorstadt, Zschertnitz;40 Jahre;322
2020;StB 8 Plauen;13 Südvorstadt, Zschertnitz;41 Jahre;332
2020;StB 8 Plauen;13 Südvorstadt, Zschertnitz;42 Jahre;348
2020;StB 8 Plauen;13 Südvorstadt, Zschertnitz;43 Jahre;306
2020;StB 8 Plauen;13 Südvorstadt, Zschertnitz;44 Jahre;268
2020;StB 8 Plauen;13 Südvorstadt, Zschertnitz;45 Jahre;245
2020;StB 8 Plauen;13 Südvorstadt, Zschertnitz;46 Jahre;216
2020;StB 8 Plauen;13 Südvorstadt, Zschertnitz;47 Jahre;203
2020;StB 8 Plauen;13 Südvorstadt, Zschertnitz;48 Jahre;255
2020;StB 8 Plauen;13 Südvorstadt, Zschertnitz;49 Jahre;248
2020;StB 8 Plauen;13 Südvorstadt, Zschertnitz;50 Jahre;257
2020;StB 8 Plauen;13 Südvorstadt, Zschertnitz;51 Jahre;213
2020;StB 8 Plauen;13 Südvorstadt, Zschertnitz;52 Jahre;269
2020;StB 8 Plauen;13 Südvorstadt, Zschertnitz;53 Jahre;258
2020;StB 8 Plauen;13 Südvorstadt, Zschertnitz;54 Jahre;271
2020;StB 8 Plauen;13 Südvorstadt, Zschertnitz;55 Jahre;259
2020;StB 8 Plauen;13 Südvorstadt, Zschertnitz;56 Jahre;254
2020;StB 8 Plauen;13 Südvorstadt, Zschertnitz;57 Jahre;299
2020;StB 8 Plauen;13 Südvorstadt, Zschertnitz;58 Jahre;264
2020;StB 8 Plauen;13 Südvorstadt, Zschertnitz;59 Jahre;253
2020;StB 8 Plauen;13 Südvorstadt, Zschertnitz;60 Jahre;260
2020;StB 8 Plauen;13 Südvorstadt, Zschertnitz;61 Jahre;270
2020;StB 8 Plauen;13 Südvorstadt, Zschertnitz;62 Jahre;259
2020;StB 8 Plauen;13 Südvorstadt, Zschertnitz;63 Jahre;219
2020;StB 8 Plauen;13 Südvorstadt, Zschertnitz;64 Jahre;233
2020;StB 8 Plauen;13 Südvorstadt, Zschertnitz;65 Jahre;239
2020;StB 8 Plauen;13 Südvorstadt, Zschertnitz;66 Jahre;265
2020;StB 8 Plauen;13 Südvorstadt, Zschertnitz;67 Jahre;270
2020;StB 8 Plauen;13 Südvorstadt, Zschertnitz;68 Jahre;273
2020;StB 8 Plauen;13 Südvorstadt, Zschertnitz;69 Jahre;304
2020;StB 8 Plauen;13 Südvorstadt, Zschertnitz;70 Jahre;293
2020;StB 8 Plauen;13 Südvorstadt, Zschertnitz;71 Jahre;272
2020;StB 8 Plauen;13 Südvorstadt, Zschertnitz;72 Jahre;245
2020;StB 8 Plauen;13 Südvorstadt, Zschertnitz;73 Jahre;251
2020;StB 8 Plauen;13 Südvorstadt, Zschertnitz;74 Jahre;152
2020;StB 8 Plauen;13 Südvorstadt, Zschertnitz;75 Jahre;245
2020;StB 8 Plauen;13 Südvorstadt, Zschertnitz;76 Jahre;366
2020;StB 8 Plauen;13 Südvorstadt, Zschertnitz;77 Jahre;340
2020;StB 8 Plauen;13 Südvorstadt, Zschertnitz;78 Jahre;302
2020;StB 8 Plauen;13 Südvorstadt, Zschertnitz;79 Jahre;354
2020;StB 8 Plauen;13 Südvorstadt, Zschertnitz;80 Jahre;345
2020;StB 8 Plauen;13 Südvorstadt, Zschertnitz;81 Jahre;309
2020;StB 8 Plauen;13 Südvorstadt, Zschertnitz;82 Jahre;264
2020;StB 8 Plauen;13 Südvorstadt, Zschertnitz;83 Jahre;228
2020;StB 8 Plauen;13 Südvorstadt, Zschertnitz;84 Jahre;231
2020;StB 8 Plauen;13 Südvorstadt, Zschertnitz;85 Jahre u.älter;1014
2020;StB 8 Plauen;14 Mockritz, Coschütz, Plauen;0 Jahre;228
2020;StB 8 Plauen;14 Mockritz, Coschütz, Plauen;1 Jahre;210
2020;StB 8 Plauen;14 Mockritz, Coschütz, Plauen;2 Jahre;255
2020;StB 8 Plauen;14 Mockritz, Coschütz, Plauen;3 Jahre;230
2020;StB 8 Plauen;14 Mockritz, Coschütz, Plauen;4 Jahre;279
2020;StB 8 Plauen;14 Mockritz, Coschütz, Plauen;5 Jahre;242
2020;StB 8 Plauen;14 Mockritz, Coschütz, Plauen;6 Jahre;282
2020;StB 8 Plauen;14 Mockritz, Coschütz, Plauen;7 Jahre;228
2020;StB 8 Plauen;14 Mockritz, Coschütz, Plauen;8 Jahre;238
2020;StB 8 Plauen;14 Mockritz, Coschütz, Plauen;9 Jahre;243
2020;StB 8 Plauen;14 Mockritz, Coschütz, Plauen;10 Jahre;244
2020;StB 8 Plauen;14 Mockritz, Coschütz, Plauen;11 Jahre;271
2020;StB 8 Plauen;14 Mockritz, Coschütz, Plauen;12 Jahre;236
2020;StB 8 Plauen;14 Mockritz, Coschütz, Plauen;13 Jahre;217
2020;StB 8 Plauen;14 Mockritz, Coschütz, Plauen;14 Jahre;237
2020;StB 8 Plauen;14 Mockritz, Coschütz, Plauen;15 Jahre;193
2020;StB 8 Plauen;14 Mockritz, Coschütz, Plauen;16 Jahre;218
2020;StB 8 Plauen;14 Mockritz, Coschütz, Plauen;17 Jahre;195
2020;StB 8 Plauen;14 Mockritz, Coschütz, Plauen;18 Jahre;211
2020;StB 8 Plauen;14 Mockritz, Coschütz, Plauen;19 Jahre;224
2020;StB 8 Plauen;14 Mockritz, Coschütz, Plauen;20 Jahre;271
2020;StB 8 Plauen;14 Mockritz, Coschütz, Plauen;21 Jahre;293
2020;StB 8 Plauen;14 Mockritz, Coschütz, Plauen;22 Jahre;304
2020;StB 8 Plauen;14 Mockritz, Coschütz, Plauen;23 Jahre;321
2020;StB 8 Plauen;14 Mockritz, Coschütz, Plauen;24 Jahre;303
2020;StB 8 Plauen;14 Mockritz, Coschütz, Plauen;25 Jahre;263
2020;StB 8 Plauen;14 Mockritz, Coschütz, Plauen;26 Jahre;263
2020;StB 8 Plauen;14 Mockritz, Coschütz, Plauen;27 Jahre;301
2020;StB 8 Plauen;14 Mockritz, Coschütz, Plauen;28 Jahre;265
2020;StB 8 Plauen;14 Mockritz, Coschütz, Plauen;29 Jahre;290
2020;StB 8 Plauen;14 Mockritz, Coschütz, Plauen;30 Jahre;433
2020;StB 8 Plauen;14 Mockritz, Coschütz, Plauen;31 Jahre;366
2020;StB 8 Plauen;14 Mockritz, Coschütz, Plauen;32 Jahre;435
2020;StB 8 Plauen;14 Mockritz, Coschütz, Plauen;33 Jahre;387
2020;StB 8 Plauen;14 Mockritz, Coschütz, Plauen;34 Jahre;347
2020;StB 8 Plauen;14 Mockritz, Coschütz, Plauen;35 Jahre;370
2020;StB 8 Plauen;14 Mockritz, Coschütz, Plauen;36 Jahre;354
2020;StB 8 Plauen;14 Mockritz, Coschütz, Plauen;37 Jahre;334
2020;StB 8 Plauen;14 Mockritz, Coschütz, Plauen;38 Jahre;354
2020;StB 8 Plauen;14 Mockritz, Coschütz, Plauen;39 Jahre;356
2020;StB 8 Plauen;14 Mockritz, Coschütz, Plauen;40 Jahre;354
2020;StB 8 Plauen;14 Mockritz, Coschütz, Plauen;41 Jahre;352
2020;StB 8 Plauen;14 Mockritz, Coschütz, Plauen;42 Jahre;357
2020;StB 8 Plauen;14 Mockritz, Coschütz, Plauen;43 Jahre;374
2020;StB 8 Plauen;14 Mockritz, Coschütz, Plauen;44 Jahre;300
2020;StB 8 Plauen;14 Mockritz, Coschütz, Plauen;45 Jahre;284
2020;StB 8 Plauen;14 Mockritz, Coschütz, Plauen;46 Jahre;266
2020;StB 8 Plauen;14 Mockritz, Coschütz, Plauen;47 Jahre;280
2020;StB 8 Plauen;14 Mockritz, Coschütz, Plauen;48 Jahre;282
2020;StB 8 Plauen;14 Mockritz, Coschütz, Plauen;49 Jahre;331
2020;StB 8 Plauen;14 Mockritz, Coschütz, Plauen;50 Jahre;309
2020;StB 8 Plauen;14 Mockritz, Coschütz, Plauen;51 Jahre;300
2020;StB 8 Plauen;14 Mockritz, Coschütz, Plauen;52 Jahre;321
2020;StB 8 Plauen;14 Mockritz, Coschütz, Plauen;53 Jahre;290
2020;StB 8 Plauen;14 Mockritz, Coschütz, Plauen;54 Jahre;317
2020;StB 8 Plauen;14 Mockritz, Coschütz, Plauen;55 Jahre;352
2020;StB 8 Plauen;14 Mockritz, Coschütz, Plauen;56 Jahre;332
2020;StB 8 Plauen;14 Mockritz, Coschütz, Plauen;57 Jahre;343
2020;StB 8 Plauen;14 Mockritz, Coschütz, Plauen;58 Jahre;334
2020;StB 8 Plauen;14 Mockritz, Coschütz, Plauen;59 Jahre;300
2020;StB 8 Plauen;14 Mockritz, Coschütz, Plauen;60 Jahre;287
2020;StB 8 Plauen;14 Mockritz, Coschütz, Plauen;61 Jahre;302
2020;StB 8 Plauen;14 Mockritz, Coschütz, Plauen;62 Jahre;296
2020;StB 8 Plauen;14 Mockritz, Coschütz, Plauen;63 Jahre;285
2020;StB 8 Plauen;14 Mockritz, Coschütz, Plauen;64 Jahre;260
2020;StB 8 Plauen;14 Mockritz, Coschütz, Plauen;65 Jahre;302
2020;StB 8 Plauen;14 Mockritz, Coschütz, Plauen;66 Jahre;319
2020;StB 8 Plauen;14 Mockritz, Coschütz, Plauen;67 Jahre;336
2020;StB 8 Plauen;14 Mockritz, Coschütz, Plauen;68 Jahre;276
2020;StB 8 Plauen;14 Mockritz, Coschütz, Plauen;69 Jahre;316
2020;StB 8 Plauen;14 Mockritz, Coschütz, Plauen;70 Jahre;307
2020;StB 8 Plauen;14 Mockritz, Coschütz, Plauen;71 Jahre;266
2020;StB 8 Plauen;14 Mockritz, Coschütz, Plauen;72 Jahre;225
2020;StB 8 Plauen;14 Mockritz, Coschütz, Plauen;73 Jahre;174
2020;StB 8 Plauen;14 Mockritz, Coschütz, Plauen;74 Jahre;144
2020;StB 8 Plauen;14 Mockritz, Coschütz, Plauen;75 Jahre;183
2020;StB 8 Plauen;14 Mockritz, Coschütz, Plauen;76 Jahre;256
2020;StB 8 Plauen;14 Mockritz, Coschütz, Plauen;77 Jahre;269
2020;StB 8 Plauen;14 Mockritz, Coschütz, Plauen;78 Jahre;276
2020;StB 8 Plauen;14 Mockritz, Coschütz, Plauen;79 Jahre;263
2020;StB 8 Plauen;14 Mockritz, Coschütz, Plauen;80 Jahre;286
2020;StB 8 Plauen;14 Mockritz, Coschütz, Plauen;81 Jahre;260
2020;StB 8 Plauen;14 Mockritz, Coschütz, Plauen;82 Jahre;228
2020;StB 8 Plauen;14 Mockritz, Coschütz, Plauen;83 Jahre;183
2020;StB 8 Plauen;14 Mockritz, Coschütz, Plauen;84 Jahre;173
2020;StB 8 Plauen;14 Mockritz, Coschütz, Plauen;85 Jahre u.älter;806
2020;StB 9 Cotta/westliche Ortschaften;15 Cotta, Löbtau, Naußlitz, Dölzschen;0 Jahre;494
2020;StB 9 Cotta/westliche Ortschaften;15 Cotta, Löbtau, Naußlitz, Dölzschen;1 Jahre;548
2020;StB 9 Cotta/westliche Ortschaften;15 Cotta, Löbtau, Naußlitz, Dölzschen;2 Jahre;486
2020;StB 9 Cotta/westliche Ortschaften;15 Cotta, Löbtau, Naußlitz, Dölzschen;3 Jahre;505
2020;StB 9 Cotta/westliche Ortschaften;15 Cotta, Löbtau, Naußlitz, Dölzschen;4 Jahre;497
2020;StB 9 Cotta/westliche Ortschaften;15 Cotta, Löbtau, Naußlitz, Dölzschen;5 Jahre;435
2020;StB 9 Cotta/westliche Ortschaften;15 Cotta, Löbtau, Naußlitz, Dölzschen;6 Jahre;426
2020;StB 9 Cotta/westliche Ortschaften;15 Cotta, Löbtau, Naußlitz, Dölzschen;7 Jahre;425
2020;StB 9 Cotta/westliche Ortschaften;15 Cotta, Löbtau, Naußlitz, Dölzschen;8 Jahre;404
2020;StB 9 Cotta/westliche Ortschaften;15 Cotta, Löbtau, Naußlitz, Dölzschen;9 Jahre;394
2020;StB 9 Cotta/westliche Ortschaften;15 Cotta, Löbtau, Naußlitz, Dölzschen;10 Jahre;362
2020;StB 9 Cotta/westliche Ortschaften;15 Cotta, Löbtau, Naußlitz, Dölzschen;11 Jahre;372
2020;StB 9 Cotta/westliche Ortschaften;15 Cotta, Löbtau, Naußlitz, Dölzschen;12 Jahre;350
2020;StB 9 Cotta/westliche Ortschaften;15 Cotta, Löbtau, Naußlitz, Dölzschen;13 Jahre;324
2020;StB 9 Cotta/westliche Ortschaften;15 Cotta, Löbtau, Naußlitz, Dölzschen;14 Jahre;265
2020;StB 9 Cotta/westliche Ortschaften;15 Cotta, Löbtau, Naußlitz, Dölzschen;15 Jahre;279
2020;StB 9 Cotta/westliche Ortschaften;15 Cotta, Löbtau, Naußlitz, Dölzschen;16 Jahre;265
2020;StB 9 Cotta/westliche Ortschaften;15 Cotta, Löbtau, Naußlitz, Dölzschen;17 Jahre;274
2020;StB 9 Cotta/westliche Ortschaften;15 Cotta, Löbtau, Naußlitz, Dölzschen;18 Jahre;309
2020;StB 9 Cotta/westliche Ortschaften;15 Cotta, Löbtau, Naußlitz, Dölzschen;19 Jahre;469
2020;StB 9 Cotta/westliche Ortschaften;15 Cotta, Löbtau, Naußlitz, Dölzschen;20 Jahre;662
2020;StB 9 Cotta/westliche Ortschaften;15 Cotta, Löbtau, Naußlitz, Dölzschen;21 Jahre;822
2020;StB 9 Cotta/westliche Ortschaften;15 Cotta, Löbtau, Naußlitz, Dölzschen;22 Jahre;859
2020;StB 9 Cotta/westliche Ortschaften;15 Cotta, Löbtau, Naußlitz, Dölzschen;23 Jahre;957
2020;StB 9 Cotta/westliche Ortschaften;15 Cotta, Löbtau, Naußlitz, Dölzschen;24 Jahre;879
2020;StB 9 Cotta/westliche Ortschaften;15 Cotta, Löbtau, Naußlitz, Dölzschen;25 Jahre;864
2020;StB 9 Cotta/westliche Ortschaften;15 Cotta, Löbtau, Naußlitz, Dölzschen;26 Jahre;800
2020;StB 9 Cotta/westliche Ortschaften;15 Cotta, Löbtau, Naußlitz, Dölzschen;27 Jahre;753
2020;StB 9 Cotta/westliche Ortschaften;15 Cotta, Löbtau, Naußlitz, Dölzschen;28 Jahre;769
2020;StB 9 Cotta/westliche Ortschaften;15 Cotta, Löbtau, Naußlitz, Dölzschen;29 Jahre;846
2020;StB 9 Cotta/westliche Ortschaften;15 Cotta, Löbtau, Naußlitz, Dölzschen;30 Jahre;1083
2020;StB 9 Cotta/westliche Ortschaften;15 Cotta, Löbtau, Naußlitz, Dölzschen;31 Jahre;1059
2020;StB 9 Cotta/westliche Ortschaften;15 Cotta, Löbtau, Naußlitz, Dölzschen;32 Jahre;1030
2020;StB 9 Cotta/westliche Ortschaften;15 Cotta, Löbtau, Naußlitz, Dölzschen;33 Jahre;980
2020;StB 9 Cotta/westliche Ortschaften;15 Cotta, Löbtau, Naußlitz, Dölzschen;34 Jahre;832
2020;StB 9 Cotta/westliche Ortschaften;15 Cotta, Löbtau, Naußlitz, Dölzschen;35 Jahre;812
2020;StB 9 Cotta/westliche Ortschaften;15 Cotta, Löbtau, Naußlitz, Dölzschen;36 Jahre;757
2020;StB 9 Cotta/westliche Ortschaften;15 Cotta, Löbtau, Naußlitz, Dölzschen;37 Jahre;799
2020;StB 9 Cotta/westliche Ortschaften;15 Cotta, Löbtau, Naußlitz, Dölzschen;38 Jahre;690
2020;StB 9 Cotta/westliche Ortschaften;15 Cotta, Löbtau, Naußlitz, Dölzschen;39 Jahre;718
2020;StB 9 Cotta/westliche Ortschaften;15 Cotta, Löbtau, Naußlitz, Dölzschen;40 Jahre;651
2020;StB 9 Cotta/westliche Ortschaften;15 Cotta, Löbtau, Naußlitz, Dölzschen;41 Jahre;624
2020;StB 9 Cotta/westliche Ortschaften;15 Cotta, Löbtau, Naußlitz, Dölzschen;42 Jahre;561
2020;StB 9 Cotta/westliche Ortschaften;15 Cotta, Löbtau, Naußlitz, Dölzschen;43 Jahre;558
2020;StB 9 Cotta/westliche Ortschaften;15 Cotta, Löbtau, Naußlitz, Dölzschen;44 Jahre;461
2020;StB 9 Cotta/westliche Ortschaften;15 Cotta, Löbtau, Naußlitz, Dölzschen;45 Jahre;414
2020;StB 9 Cotta/westliche Ortschaften;15 Cotta, Löbtau, Naußlitz, Dölzschen;46 Jahre;382
2020;StB 9 Cotta/westliche Ortschaften;15 Cotta, Löbtau, Naußlitz, Dölzschen;47 Jahre;369
2020;StB 9 Cotta/westliche Ortschaften;15 Cotta, Löbtau, Naußlitz, Dölzschen;48 Jahre;405
2020;StB 9 Cotta/westliche Ortschaften;15 Cotta, Löbtau, Naußlitz, Dölzschen;49 Jahre;435
2020;StB 9 Cotta/westliche Ortschaften;15 Cotta, Löbtau, Naußlitz, Dölzschen;50 Jahre;380
2020;StB 9 Cotta/westliche Ortschaften;15 Cotta, Löbtau, Naußlitz, Dölzschen;51 Jahre;415
2020;StB 9 Cotta/westliche Ortschaften;15 Cotta, Löbtau, Naußlitz, Dölzschen;52 Jahre;440
2020;StB 9 Cotta/westliche Ortschaften;15 Cotta, Löbtau, Naußlitz, Dölzschen;53 Jahre;415
2020;StB 9 Cotta/westliche Ortschaften;15 Cotta, Löbtau, Naußlitz, Dölzschen;54 Jahre;466
2020;StB 9 Cotta/westliche Ortschaften;15 Cotta, Löbtau, Naußlitz, Dölzschen;55 Jahre;512
2020;StB 9 Cotta/westliche Ortschaften;15 Cotta, Löbtau, Naußlitz, Dölzschen;56 Jahre;482
2020;StB 9 Cotta/westliche Ortschaften;15 Cotta, Löbtau, Naußlitz, Dölzschen;57 Jahre;482
2020;StB 9 Cotta/westliche Ortschaften;15 Cotta, Löbtau, Naußlitz, Dölzschen;58 Jahre;476
2020;StB 9 Cotta/westliche Ortschaften;15 Cotta, Löbtau, Naußlitz, Dölzschen;59 Jahre;464
2020;StB 9 Cotta/westliche Ortschaften;15 Cotta, Löbtau, Naußlitz, Dölzschen;60 Jahre;412
2020;StB 9 Cotta/westliche Ortschaften;15 Cotta, Löbtau, Naußlitz, Dölzschen;61 Jahre;414
2020;StB 9 Cotta/westliche Ortschaften;15 Cotta, Löbtau, Naußlitz, Dölzschen;62 Jahre;387
2020;StB 9 Cotta/westliche Ortschaften;15 Cotta, Löbtau, Naußlitz, Dölzschen;63 Jahre;394
2020;StB 9 Cotta/westliche Ortschaften;15 Cotta, Löbtau, Naußlitz, Dölzschen;64 Jahre;382
2020;StB 9 Cotta/westliche Ortschaften;15 Cotta, Löbtau, Naußlitz, Dölzschen;65 Jahre;375
2020;StB 9 Cotta/westliche Ortschaften;15 Cotta, Löbtau, Naußlitz, Dölzschen;66 Jahre;347
2020;StB 9 Cotta/westliche Ortschaften;15 Cotta, Löbtau, Naußlitz, Dölzschen;67 Jahre;357
2020;StB 9 Cotta/westliche Ortschaften;15 Cotta, Löbtau, Naußlitz, Dölzschen;68 Jahre;311
2020;StB 9 Cotta/westliche Ortschaften;15 Cotta, Löbtau, Naußlitz, Dölzschen;69 Jahre;305
2020;StB 9 Cotta/westliche Ortschaften;15 Cotta, Löbtau, Naußlitz, Dölzschen;70 Jahre;317
2020;StB 9 Cotta/westliche Ortschaften;15 Cotta, Löbtau, Naußlitz, Dölzschen;71 Jahre;278
2020;StB 9 Cotta/westliche Ortschaften;15 Cotta, Löbtau, Naußlitz, Dölzschen;72 Jahre;238
2020;StB 9 Cotta/westliche Ortschaften;15 Cotta, Löbtau, Naußlitz, Dölzschen;73 Jahre;234
2020;StB 9 Cotta/westliche Ortschaften;15 Cotta, Löbtau, Naußlitz, Dölzschen;74 Jahre;172
2020;StB 9 Cotta/westliche Ortschaften;15 Cotta, Löbtau, Naußlitz, Dölzschen;75 Jahre;201
2020;StB 9 Cotta/westliche Ortschaften;15 Cotta, Löbtau, Naußlitz, Dölzschen;76 Jahre;253
2020;StB 9 Cotta/westliche Ortschaften;15 Cotta, Löbtau, Naußlitz, Dölzschen;77 Jahre;238
2020;StB 9 Cotta/westliche Ortschaften;15 Cotta, Löbtau, Naußlitz, Dölzschen;78 Jahre;257
2020;StB 9 Cotta/westliche Ortschaften;15 Cotta, Löbtau, Naußlitz, Dölzschen;79 Jahre;275
2020;StB 9 Cotta/westliche Ortschaften;15 Cotta, Löbtau, Naußlitz, Dölzschen;80 Jahre;251
2020;StB 9 Cotta/westliche Ortschaften;15 Cotta, Löbtau, Naußlitz, Dölzschen;81 Jahre;234
2020;StB 9 Cotta/westliche Ortschaften;15 Cotta, Löbtau, Naußlitz, Dölzschen;82 Jahre;195
2020;StB 9 Cotta/westliche Ortschaften;15 Cotta, Löbtau, Naußlitz, Dölzschen;83 Jahre;198
2020;StB 9 Cotta/westliche Ortschaften;15 Cotta, Löbtau, Naußlitz, Dölzschen;84 Jahre;162
2020;StB 9 Cotta/westliche Ortschaften;15 Cotta, Löbtau, Naußlitz, Dölzschen;85 Jahre u.älter;695
2020;StB 9 Cotta/westliche Ortschaften;16 Gorbitz;0 Jahre;163
2020;StB 9 Cotta/westliche Ortschaften;16 Gorbitz;1 Jahre;215
2020;StB 9 Cotta/westliche Ortschaften;16 Gorbitz;2 Jahre;217
2020;StB 9 Cotta/westliche Ortschaften;16 Gorbitz;3 Jahre;229
2020;StB 9 Cotta/westliche Ortschaften;16 Gorbitz;4 Jahre;240
2020;StB 9 Cotta/westliche Ortschaften;16 Gorbitz;5 Jahre;213
2020;StB 9 Cotta/westliche Ortschaften;16 Gorbitz;6 Jahre;214
2020;StB 9 Cotta/westliche Ortschaften;16 Gorbitz;7 Jahre;215
2020;StB 9 Cotta/westliche Ortschaften;16 Gorbitz;8 Jahre;203
2020;StB 9 Cotta/westliche Ortschaften;16 Gorbitz;9 Jahre;200
2020;StB 9 Cotta/westliche Ortschaften;16 Gorbitz;10 Jahre;252
2020;StB 9 Cotta/westliche Ortschaften;16 Gorbitz;11 Jahre;231
2020;StB 9 Cotta/westliche Ortschaften;16 Gorbitz;12 Jahre;203
2020;StB 9 Cotta/westliche Ortschaften;16 Gorbitz;13 Jahre;206
2020;StB 9 Cotta/westliche Ortschaften;16 Gorbitz;14 Jahre;211
2020;StB 9 Cotta/westliche Ortschaften;16 Gorbitz;15 Jahre;193
2020;StB 9 Cotta/westliche Ortschaften;16 Gorbitz;16 Jahre;174
2020;StB 9 Cotta/westliche Ortschaften;16 Gorbitz;17 Jahre;177
2020;StB 9 Cotta/westliche Ortschaften;16 Gorbitz;18 Jahre;186
2020;StB 9 Cotta/westliche Ortschaften;16 Gorbitz;19 Jahre;267
2020;StB 9 Cotta/westliche Ortschaften;16 Gorbitz;20 Jahre;285
2020;StB 9 Cotta/westliche Ortschaften;16 Gorbitz;21 Jahre;295
2020;StB 9 Cotta/westliche Ortschaften;16 Gorbitz;22 Jahre;289
2020;StB 9 Cotta/westliche Ortschaften;16 Gorbitz;23 Jahre;293
2020;StB 9 Cotta/westliche Ortschaften;16 Gorbitz;24 Jahre;281
2020;StB 9 Cotta/westliche Ortschaften;16 Gorbitz;25 Jahre;267
2020;StB 9 Cotta/westliche Ortschaften;16 Gorbitz;26 Jahre;226
2020;StB 9 Cotta/westliche Ortschaften;16 Gorbitz;27 Jahre;254
2020;StB 9 Cotta/westliche Ortschaften;16 Gorbitz;28 Jahre;240
2020;StB 9 Cotta/westliche Ortschaften;16 Gorbitz;29 Jahre;293
2020;StB 9 Cotta/westliche Ortschaften;16 Gorbitz;30 Jahre;338
2020;StB 9 Cotta/westliche Ortschaften;16 Gorbitz;31 Jahre;325
2020;StB 9 Cotta/westliche Ortschaften;16 Gorbitz;32 Jahre;338
2020;StB 9 Cotta/westliche Ortschaften;16 Gorbitz;33 Jahre;316
2020;StB 9 Cotta/westliche Ortschaften;16 Gorbitz;34 Jahre;346
2020;StB 9 Cotta/westliche Ortschaften;16 Gorbitz;35 Jahre;355
2020;StB 9 Cotta/westliche Ortschaften;16 Gorbitz;36 Jahre;316
2020;StB 9 Cotta/westliche Ortschaften;16 Gorbitz;37 Jahre;304
2020;StB 9 Cotta/westliche Ortschaften;16 Gorbitz;38 Jahre;317
2020;StB 9 Cotta/westliche Ortschaften;16 Gorbitz;39 Jahre;334
2020;StB 9 Cotta/westliche Ortschaften;16 Gorbitz;40 Jahre;308
2020;StB 9 Cotta/westliche Ortschaften;16 Gorbitz;41 Jahre;275
2020;StB 9 Cotta/westliche Ortschaften;16 Gorbitz;42 Jahre;264
2020;StB 9 Cotta/westliche Ortschaften;16 Gorbitz;43 Jahre;261
2020;StB 9 Cotta/westliche Ortschaften;16 Gorbitz;44 Jahre;227
2020;StB 9 Cotta/westliche Ortschaften;16 Gorbitz;45 Jahre;174
2020;StB 9 Cotta/westliche Ortschaften;16 Gorbitz;46 Jahre;184
2020;StB 9 Cotta/westliche Ortschaften;16 Gorbitz;47 Jahre;170
2020;StB 9 Cotta/westliche Ortschaften;16 Gorbitz;48 Jahre;183
2020;StB 9 Cotta/westliche Ortschaften;16 Gorbitz;49 Jahre;194
2020;StB 9 Cotta/westliche Ortschaften;16 Gorbitz;50 Jahre;194
2020;StB 9 Cotta/westliche Ortschaften;16 Gorbitz;51 Jahre;197
2020;StB 9 Cotta/westliche Ortschaften;16 Gorbitz;52 Jahre;193
2020;StB 9 Cotta/westliche Ortschaften;16 Gorbitz;53 Jahre;193
2020;StB 9 Cotta/westliche Ortschaften;16 Gorbitz;54 Jahre;212
2020;StB 9 Cotta/westliche Ortschaften;16 Gorbitz;55 Jahre;239
2020;StB 9 Cotta/westliche Ortschaften;16 Gorbitz;56 Jahre;236
2020;StB 9 Cotta/westliche Ortschaften;16 Gorbitz;57 Jahre;314
2020;StB 9 Cotta/westliche Ortschaften;16 Gorbitz;58 Jahre;275
2020;StB 9 Cotta/westliche Ortschaften;16 Gorbitz;59 Jahre;323
2020;StB 9 Cotta/westliche Ortschaften;16 Gorbitz;60 Jahre;312
2020;StB 9 Cotta/westliche Ortschaften;16 Gorbitz;61 Jahre;335
2020;StB 9 Cotta/westliche Ortschaften;16 Gorbitz;62 Jahre;312
2020;StB 9 Cotta/westliche Ortschaften;16 Gorbitz;63 Jahre;348
2020;StB 9 Cotta/westliche Ortschaften;16 Gorbitz;64 Jahre;368
2020;StB 9 Cotta/westliche Ortschaften;16 Gorbitz;65 Jahre;397
2020;StB 9 Cotta/westliche Ortschaften;16 Gorbitz;66 Jahre;357
2020;StB 9 Cotta/westliche Ortschaften;16 Gorbitz;67 Jahre;340
2020;StB 9 Cotta/westliche Ortschaften;16 Gorbitz;68 Jahre;332
2020;StB 9 Cotta/westliche Ortschaften;16 Gorbitz;69 Jahre;361
2020;StB 9 Cotta/westliche Ortschaften;16 Gorbitz;70 Jahre;313
2020;StB 9 Cotta/westliche Ortschaften;16 Gorbitz;71 Jahre;250
2020;StB 9 Cotta/westliche Ortschaften;16 Gorbitz;72 Jahre;189
2020;StB 9 Cotta/westliche Ortschaften;16 Gorbitz;73 Jahre;186
2020;StB 9 Cotta/westliche Ortschaften;16 Gorbitz;74 Jahre;126
2020;StB 9 Cotta/westliche Ortschaften;16 Gorbitz;75 Jahre;143
2020;StB 9 Cotta/westliche Ortschaften;16 Gorbitz;76 Jahre;230
2020;StB 9 Cotta/westliche Ortschaften;16 Gorbitz;77 Jahre;184
2020;StB 9 Cotta/westliche Ortschaften;16 Gorbitz;78 Jahre;162
2020;StB 9 Cotta/westliche Ortschaften;16 Gorbitz;79 Jahre;188
2020;StB 9 Cotta/westliche Ortschaften;16 Gorbitz;80 Jahre;191
2020;StB 9 Cotta/westliche Ortschaften;16 Gorbitz;81 Jahre;151
2020;StB 9 Cotta/westliche Ortschaften;16 Gorbitz;82 Jahre;142
2020;StB 9 Cotta/westliche Ortschaften;16 Gorbitz;83 Jahre;110
2020;StB 9 Cotta/westliche Ortschaften;16 Gorbitz;84 Jahre;99
2020;StB 9 Cotta/westliche Ortschaften;16 Gorbitz;85 Jahre u.älter;636
2020;StB 9 Cotta/westliche Ortschaften;17 Briesnitz und westliche OS;0 Jahre;192
2020;StB 9 Cotta/westliche Ortschaften;17 Briesnitz und westliche OS;1 Jahre;218
2020;StB 9 Cotta/westliche Ortschaften;17 Briesnitz und westliche OS;2 Jahre;209
2020;StB 9 Cotta/westliche Ortschaften;17 Briesnitz und westliche OS;3 Jahre;241
2020;StB 9 Cotta/westliche Ortschaften;17 Briesnitz und westliche OS;4 Jahre;260
2020;StB 9 Cotta/westliche Ortschaften;17 Briesnitz und westliche OS;5 Jahre;250
2020;StB 9 Cotta/westliche Ortschaften;17 Briesnitz und westliche OS;6 Jahre;294
2020;StB 9 Cotta/westliche Ortschaften;17 Briesnitz und westliche OS;7 Jahre;299
2020;StB 9 Cotta/westliche Ortschaften;17 Briesnitz und westliche OS;8 Jahre;257
2020;StB 9 Cotta/westliche Ortschaften;17 Briesnitz und westliche OS;9 Jahre;280
2020;StB 9 Cotta/westliche Ortschaften;17 Briesnitz und westliche OS;10 Jahre;246
2020;StB 9 Cotta/westliche Ortschaften;17 Briesnitz und westliche OS;11 Jahre;227
2020;StB 9 Cotta/westliche Ortschaften;17 Briesnitz und westliche OS;12 Jahre;247
2020;StB 9 Cotta/westliche Ortschaften;17 Briesnitz und westliche OS;13 Jahre;262
2020;StB 9 Cotta/westliche Ortschaften;17 Briesnitz und westliche OS;14 Jahre;216
2020;StB 9 Cotta/westliche Ortschaften;17 Briesnitz und westliche OS;15 Jahre;230
2020;StB 9 Cotta/westliche Ortschaften;17 Briesnitz und westliche OS;16 Jahre;220
2020;StB 9 Cotta/westliche Ortschaften;17 Briesnitz und westliche OS;17 Jahre;213
2020;StB 9 Cotta/westliche Ortschaften;17 Briesnitz und westliche OS;18 Jahre;196
2020;StB 9 Cotta/westliche Ortschaften;17 Briesnitz und westliche OS;19 Jahre;157
2020;StB 9 Cotta/westliche Ortschaften;17 Briesnitz und westliche OS;20 Jahre;190
2020;StB 9 Cotta/westliche Ortschaften;17 Briesnitz und westliche OS;21 Jahre;164
2020;StB 9 Cotta/westliche Ortschaften;17 Briesnitz und westliche OS;22 Jahre;134
2020;StB 9 Cotta/westliche Ortschaften;17 Briesnitz und westliche OS;23 Jahre;148
2020;StB 9 Cotta/westliche Ortschaften;17 Briesnitz und westliche OS;24 Jahre;135
2020;StB 9 Cotta/westliche Ortschaften;17 Briesnitz und westliche OS;25 Jahre;128
2020;StB 9 Cotta/westliche Ortschaften;17 Briesnitz und westliche OS;26 Jahre;132
2020;StB 9 Cotta/westliche Ortschaften;17 Briesnitz und westliche OS;27 Jahre;120
2020;StB 9 Cotta/westliche Ortschaften;17 Briesnitz und westliche OS;28 Jahre;129
2020;StB 9 Cotta/westliche Ortschaften;17 Briesnitz und westliche OS;29 Jahre;158
2020;StB 9 Cotta/westliche Ortschaften;17 Briesnitz und westliche OS;30 Jahre;225
2020;StB 9 Cotta/westliche Ortschaften;17 Briesnitz und westliche OS;31 Jahre;299
2020;StB 9 Cotta/westliche Ortschaften;17 Briesnitz und westliche OS;32 Jahre;321
2020;StB 9 Cotta/westliche Ortschaften;17 Briesnitz und westliche OS;33 Jahre;316
2020;StB 9 Cotta/westliche Ortschaften;17 Briesnitz und westliche OS;34 Jahre;303
2020;StB 9 Cotta/westliche Ortschaften;17 Briesnitz und westliche OS;35 Jahre;314
2020;StB 9 Cotta/westliche Ortschaften;17 Briesnitz und westliche OS;36 Jahre;326
2020;StB 9 Cotta/westliche Ortschaften;17 Briesnitz und westliche OS;37 Jahre;374
2020;StB 9 Cotta/westliche Ortschaften;17 Briesnitz und westliche OS;38 Jahre;370
2020;StB 9 Cotta/westliche Ortschaften;17 Briesnitz und westliche OS;39 Jahre;346
2020;StB 9 Cotta/westliche Ortschaften;17 Briesnitz und westliche OS;40 Jahre;401
2020;StB 9 Cotta/westliche Ortschaften;17 Briesnitz und westliche OS;41 Jahre;370
2020;StB 9 Cotta/westliche Ortschaften;17 Briesnitz und westliche OS;42 Jahre;344
2020;StB 9 Cotta/westliche Ortschaften;17 Briesnitz und westliche OS;43 Jahre;355
2020;StB 9 Cotta/westliche Ortschaften;17 Briesnitz und westliche OS;44 Jahre;300
2020;StB 9 Cotta/westliche Ortschaften;17 Briesnitz und westliche OS;45 Jahre;270
2020;StB 9 Cotta/westliche Ortschaften;17 Briesnitz und westliche OS;46 Jahre;275
2020;StB 9 Cotta/westliche Ortschaften;17 Briesnitz und westliche OS;47 Jahre;281
2020;StB 9 Cotta/westliche Ortschaften;17 Briesnitz und westliche OS;48 Jahre;302
2020;StB 9 Cotta/westliche Ortschaften;17 Briesnitz und westliche OS;49 Jahre;353
2020;StB 9 Cotta/westliche Ortschaften;17 Briesnitz und westliche OS;50 Jahre;376
2020;StB 9 Cotta/westliche Ortschaften;17 Briesnitz und westliche OS;51 Jahre;364
2020;StB 9 Cotta/westliche Ortschaften;17 Briesnitz und westliche OS;52 Jahre;358
2020;StB 9 Cotta/westliche Ortschaften;17 Briesnitz und westliche OS;53 Jahre;359
2020;StB 9 Cotta/westliche Ortschaften;17 Briesnitz und westliche OS;54 Jahre;392
2020;StB 9 Cotta/westliche Ortschaften;17 Briesnitz und westliche OS;55 Jahre;397
2020;StB 9 Cotta/westliche Ortschaften;17 Briesnitz und westliche OS;56 Jahre;378
2020;StB 9 Cotta/westliche Ortschaften;17 Briesnitz und westliche OS;57 Jahre;403
2020;StB 9 Cotta/westliche Ortschaften;17 Briesnitz und westliche OS;58 Jahre;418
2020;StB 9 Cotta/westliche Ortschaften;17 Briesnitz und westliche OS;59 Jahre;384
2020;StB 9 Cotta/westliche Ortschaften;17 Briesnitz und westliche OS;60 Jahre;383
2020;StB 9 Cotta/westliche Ortschaften;17 Briesnitz und westliche OS;61 Jahre;387
2020;StB 9 Cotta/westliche Ortschaften;17 Briesnitz und westliche OS;62 Jahre;367
2020;StB 9 Cotta/westliche Ortschaften;17 Briesnitz und westliche OS;63 Jahre;340
2020;StB 9 Cotta/westliche Ortschaften;17 Briesnitz und westliche OS;64 Jahre;331
2020;StB 9 Cotta/westliche Ortschaften;17 Briesnitz und westliche OS;65 Jahre;322
2020;StB 9 Cotta/westliche Ortschaften;17 Briesnitz und westliche OS;66 Jahre;355
2020;StB 9 Cotta/westliche Ortschaften;17 Briesnitz und westliche OS;67 Jahre;297
2020;StB 9 Cotta/westliche Ortschaften;17 Briesnitz und westliche OS;68 Jahre;312
2020;StB 9 Cotta/westliche Ortschaften;17 Briesnitz und westliche OS;69 Jahre;276
2020;StB 9 Cotta/westliche Ortschaften;17 Briesnitz und westliche OS;70 Jahre;291
2020;StB 9 Cotta/westliche Ortschaften;17 Briesnitz und westliche OS;71 Jahre;242
2020;StB 9 Cotta/westliche Ortschaften;17 Briesnitz und westliche OS;72 Jahre;207
2020;StB 9 Cotta/westliche Ortschaften;17 Briesnitz und westliche OS;73 Jahre;198
2020;StB 9 Cotta/westliche Ortschaften;17 Briesnitz und westliche OS;74 Jahre;147
2020;StB 9 Cotta/westliche Ortschaften;17 Briesnitz und westliche OS;75 Jahre;173
2020;StB 9 Cotta/westliche Ortschaften;17 Briesnitz und westliche OS;76 Jahre;258
2020;StB 9 Cotta/westliche Ortschaften;17 Briesnitz und westliche OS;77 Jahre;247
2020;StB 9 Cotta/westliche Ortschaften;17 Briesnitz und westliche OS;78 Jahre;241
2020;StB 9 Cotta/westliche Ortschaften;17 Briesnitz und westliche OS;79 Jahre;297
2020;StB 9 Cotta/westliche Ortschaften;17 Briesnitz und westliche OS;80 Jahre;244
2020;StB 9 Cotta/westliche Ortschaften;17 Briesnitz und westliche OS;81 Jahre;206
2020;StB 9 Cotta/westliche Ortschaften;17 Briesnitz und westliche OS;82 Jahre;203
2020;StB 9 Cotta/westliche Ortschaften;17 Briesnitz und westliche OS;83 Jahre;155
2020;StB 9 Cotta/westliche Ortschaften;17 Briesnitz und westliche OS;84 Jahre;136
2020;StB 9 Cotta/westliche Ortschaften;17 Briesnitz und westliche OS;85 Jahre u.älter;625
