Jahr;Stadtteil zus.;Stadtbezirk mit zugeordneten Ortschaften;Stadtbezirk/Ortschaft;Stadtraum;Geschlecht;Gestorbene
1999;01 Innere Altstadt;StB 0 Altstadt;StB 0 Altstadt;01 StB Altstadt ohne Johannstadt;männlich;8
1999;01 Innere Altstadt;StB 0 Altstadt;StB 0 Altstadt;01 StB Altstadt ohne Johannstadt;weiblich;10
1999;02 Pirnaische Vorstadt;StB 0 Altstadt;StB 0 Altstadt;01 StB Altstadt ohne Johannstadt;männlich;42
1999;02 Pirnaische Vorstadt;StB 0 Altstadt;StB 0 Altstadt;01 StB Altstadt ohne Johannstadt;weiblich;90
1999;03 Seevorstadt-Ost;StB 0 Altstadt;StB 0 Altstadt;01 StB Altstadt ohne Johannstadt;männlich;42
1999;03 Seevorstadt-Ost;StB 0 Altstadt;StB 0 Altstadt;01 StB Altstadt ohne Johannstadt;weiblich;77
1999;04 Wilsdruffer Vs./Seevs.-West;StB 0 Altstadt;StB 0 Altstadt;01 StB Altstadt ohne Johannstadt;männlich;62
1999;04 Wilsdruffer Vs./Seevs.-West;StB 0 Altstadt;StB 0 Altstadt;01 StB Altstadt ohne Johannstadt;weiblich;125
1999;05 Friedrichstadt;StB 0 Altstadt;StB 0 Altstadt;01 StB Altstadt ohne Johannstadt;männlich;31
1999;05 Friedrichstadt;StB 0 Altstadt;StB 0 Altstadt;01 StB Altstadt ohne Johannstadt;weiblich;102
1999;06 Johannstadt-Nord;StB 0 Altstadt;StB 0 Altstadt;02 Johannstadt;männlich;73
1999;06 Johannstadt-Nord;StB 0 Altstadt;StB 0 Altstadt;02 Johannstadt;weiblich;107
1999;07 Johannstadt-Süd;StB 0 Altstadt;StB 0 Altstadt;02 Johannstadt;männlich;69
1999;07 Johannstadt-Süd;StB 0 Altstadt;StB 0 Altstadt;02 Johannstadt;weiblich;60
1999;11 Äußere Neustadt (Antonstadt);StB 1 Neustadt;StB 1 Neustadt;03 StB Neustadt ohne Leipziger Vorstadt;männlich;34
1999;11 Äußere Neustadt (Antonstadt);StB 1 Neustadt;StB 1 Neustadt;03 StB Neustadt ohne Leipziger Vorstadt;weiblich;37
1999;12 Radeberger Vorstadt;StB 1 Neustadt;StB 1 Neustadt;03 StB Neustadt ohne Leipziger Vorstadt;männlich;20
1999;12 Radeberger Vorstadt;StB 1 Neustadt;StB 1 Neustadt;03 StB Neustadt ohne Leipziger Vorstadt;weiblich;27
1999;13 Innere Neustadt;StB 1 Neustadt;StB 1 Neustadt;03 StB Neustadt ohne Leipziger Vorstadt;männlich;22
1999;13 Innere Neustadt;StB 1 Neustadt;StB 1 Neustadt;03 StB Neustadt ohne Leipziger Vorstadt;weiblich;32
1999;14 Leipziger Vorstadt;StB 1 Neustadt;StB 1 Neustadt;04 Leipziger Vorstadt, Pieschen;männlich;30
1999;14 Leipziger Vorstadt;StB 1 Neustadt;StB 1 Neustadt;04 Leipziger Vorstadt, Pieschen;weiblich;27
1999;15 Albertstadt;StB 1 Neustadt;StB 1 Neustadt;03 StB Neustadt ohne Leipziger Vorstadt;männlich;4
1999;15 Albertstadt;StB 1 Neustadt;StB 1 Neustadt;03 StB Neustadt ohne Leipziger Vorstadt;weiblich;9
1999;21 Pieschen-Süd;StB 2 Pieschen;StB 2 Pieschen;04 Leipziger Vorstadt, Pieschen;männlich;31
1999;21 Pieschen-Süd;StB 2 Pieschen;StB 2 Pieschen;04 Leipziger Vorstadt, Pieschen;weiblich;31
1999;22 Mickten;StB 2 Pieschen;StB 2 Pieschen;05 Mickten, Kaditz, Trachau;männlich;41
1999;22 Mickten;StB 2 Pieschen;StB 2 Pieschen;05 Mickten, Kaditz, Trachau;weiblich;46
1999;23 Kaditz;StB 2 Pieschen;StB 2 Pieschen;05 Mickten, Kaditz, Trachau;männlich;16
1999;23 Kaditz;StB 2 Pieschen;StB 2 Pieschen;05 Mickten, Kaditz, Trachau;weiblich;23
1999;24 Trachau;StB 2 Pieschen;StB 2 Pieschen;05 Mickten, Kaditz, Trachau;männlich;41
1999;24 Trachau;StB 2 Pieschen;StB 2 Pieschen;05 Mickten, Kaditz, Trachau;weiblich;55
1999;25 Pieschen-N/Trachenberge;StB 2 Pieschen;StB 2 Pieschen;04 Leipziger Vorstadt, Pieschen;männlich;38
1999;25 Pieschen-N/Trachenberge;StB 2 Pieschen;StB 2 Pieschen;04 Leipziger Vorstadt, Pieschen;weiblich;37
1999;31 Klotzsche;StB 3 Klotzsche/nördliche Ortschaften;StB 3 Klotzsche;06 StB Klotzsche und nördliche OS;männlich;51
1999;31 Klotzsche;StB 3 Klotzsche/nördliche Ortschaften;StB 3 Klotzsche;06 StB Klotzsche und nördliche OS;weiblich;41
1999;32 Hellerau/Wilschdorf;StB 3 Klotzsche/nördliche Ortschaften;StB 3 Klotzsche;06 StB Klotzsche und nördliche OS;männlich;27
1999;32 Hellerau/Wilschdorf;StB 3 Klotzsche/nördliche Ortschaften;StB 3 Klotzsche;06 StB Klotzsche und nördliche OS;weiblich;28
1999;35 Weixdorf;StB 3 Klotzsche/nördliche Ortschaften;OS Weixdorf;06 StB Klotzsche und nördliche OS;männlich;22
1999;35 Weixdorf;StB 3 Klotzsche/nördliche Ortschaften;OS Weixdorf;06 StB Klotzsche und nördliche OS;weiblich;21
1999;36 Langebrück/Schönborn;StB 3 Klotzsche/nördliche Ortschaften;OS Langebrück;06 StB Klotzsche und nördliche OS;männlich;17
1999;36 Langebrück/Schönborn;StB 3 Klotzsche/nördliche Ortschaften;OS Langebrück;06 StB Klotzsche und nördliche OS;weiblich;15
1999;36 Langebrück/Schönborn;StB 3 Klotzsche/nördliche Ortschaften;OS Schönborn;06 StB Klotzsche und nördliche OS;männlich;2
1999;36 Langebrück/Schönborn;StB 3 Klotzsche/nördliche Ortschaften;OS Schönborn;06 StB Klotzsche und nördliche OS;weiblich;1
1999;41 Loschwitz/Wachwitz;StB 4 Loschwitz/OS Schönfeld-Weißig;StB 4 Loschwitz;07 StB Loschwitz und OS Schönfeld-Weißig;männlich;11
1999;41 Loschwitz/Wachwitz;StB 4 Loschwitz/OS Schönfeld-Weißig;StB 4 Loschwitz;07 StB Loschwitz und OS Schönfeld-Weißig;weiblich;12
1999;42 Bühlau/Weißer Hirsch;StB 4 Loschwitz/OS Schönfeld-Weißig;StB 4 Loschwitz;07 StB Loschwitz und OS Schönfeld-Weißig;männlich;41
1999;42 Bühlau/Weißer Hirsch;StB 4 Loschwitz/OS Schönfeld-Weißig;StB 4 Loschwitz;07 StB Loschwitz und OS Schönfeld-Weißig;weiblich;68
1999;43 Hosterwitz/Pillnitz;StB 4 Loschwitz/OS Schönfeld-Weißig;StB 4 Loschwitz;07 StB Loschwitz und OS Schönfeld-Weißig;männlich;13
1999;43 Hosterwitz/Pillnitz;StB 4 Loschwitz/OS Schönfeld-Weißig;StB 4 Loschwitz;07 StB Loschwitz und OS Schönfeld-Weißig;weiblich;15
1999;45 Weißig;StB 4 Loschwitz/OS Schönfeld-Weißig;OS Schönfeld-Weißig;07 StB Loschwitz und OS Schönfeld-Weißig;männlich;21
1999;45 Weißig;StB 4 Loschwitz/OS Schönfeld-Weißig;OS Schönfeld-Weißig;07 StB Loschwitz und OS Schönfeld-Weißig;weiblich;30
1999;46 Gönnsdorf/Pappritz;StB 4 Loschwitz/OS Schönfeld-Weißig;OS Schönfeld-Weißig;07 StB Loschwitz und OS Schönfeld-Weißig;männlich;13
1999;46 Gönnsdorf/Pappritz;StB 4 Loschwitz/OS Schönfeld-Weißig;OS Schönfeld-Weißig;07 StB Loschwitz und OS Schönfeld-Weißig;weiblich;13
1999;47 Schönfeld/Schullwitz;StB 4 Loschwitz/OS Schönfeld-Weißig;OS Schönfeld-Weißig;07 StB Loschwitz und OS Schönfeld-Weißig;männlich;14
1999;47 Schönfeld/Schullwitz;StB 4 Loschwitz/OS Schönfeld-Weißig;OS Schönfeld-Weißig;07 StB Loschwitz und OS Schönfeld-Weißig;weiblich;20
1999;51 Blasewitz;StB 5 Blasewitz;StB 5 Blasewitz;08 Blasewitz, Striesen;männlich;15
1999;51 Blasewitz;StB 5 Blasewitz;StB 5 Blasewitz;08 Blasewitz, Striesen;weiblich;30
1999;52 Striesen-Ost;StB 5 Blasewitz;StB 5 Blasewitz;08 Blasewitz, Striesen;männlich;17
1999;52 Striesen-Ost;StB 5 Blasewitz;StB 5 Blasewitz;08 Blasewitz, Striesen;weiblich;26
1999;53 Striesen-Süd;StB 5 Blasewitz;StB 5 Blasewitz;08 Blasewitz, Striesen;männlich;46
1999;53 Striesen-Süd;StB 5 Blasewitz;StB 5 Blasewitz;08 Blasewitz, Striesen;weiblich;53
1999;54 Striesen-West;StB 5 Blasewitz;StB 5 Blasewitz;08 Blasewitz, Striesen;männlich;31
1999;54 Striesen-West;StB 5 Blasewitz;StB 5 Blasewitz;08 Blasewitz, Striesen;weiblich;45
1999;55 Tolkewitz/Seidnitz-Nord;StB 5 Blasewitz;StB 5 Blasewitz;09 Tolkewitz, Seidnitz, Gruna;männlich;57
1999;55 Tolkewitz/Seidnitz-Nord;StB 5 Blasewitz;StB 5 Blasewitz;09 Tolkewitz, Seidnitz, Gruna;weiblich;30
1999;56 Seidnitz/Dobritz;StB 5 Blasewitz;StB 5 Blasewitz;09 Tolkewitz, Seidnitz, Gruna;männlich;50
1999;56 Seidnitz/Dobritz;StB 5 Blasewitz;StB 5 Blasewitz;09 Tolkewitz, Seidnitz, Gruna;weiblich;45
1999;57 Gruna;StB 5 Blasewitz;StB 5 Blasewitz;09 Tolkewitz, Seidnitz, Gruna;männlich;53
1999;57 Gruna;StB 5 Blasewitz;StB 5 Blasewitz;09 Tolkewitz, Seidnitz, Gruna;weiblich;60
1999;61 Leuben;StB 6 Leuben;StB 6 Leuben;10 StB Leuben;männlich;37
1999;61 Leuben;StB 6 Leuben;StB 6 Leuben;10 StB Leuben;weiblich;49
1999;62 Laubegast;StB 6 Leuben;StB 6 Leuben;10 StB Leuben;männlich;47
1999;62 Laubegast;StB 6 Leuben;StB 6 Leuben;10 StB Leuben;weiblich;40
1999;63 Kleinzschachwitz;StB 6 Leuben;StB 6 Leuben;10 StB Leuben;männlich;30
1999;63 Kleinzschachwitz;StB 6 Leuben;StB 6 Leuben;10 StB Leuben;weiblich;26
1999;64 Großzschachwitz;StB 6 Leuben;StB 6 Leuben;10 StB Leuben;männlich;33
1999;64 Großzschachwitz;StB 6 Leuben;StB 6 Leuben;10 StB Leuben;weiblich;62
1999;71 Prohlis-Nord;StB 7 Prohlis;StB 7 Prohlis;11 Prohlis, Reick (mit Sternhäuser, Am Koitschgraben);männlich;35
1999;71 Prohlis-Nord;StB 7 Prohlis;StB 7 Prohlis;11 Prohlis, Reick (mit Sternhäuser, Am Koitschgraben);weiblich;25
1999;72 Prohlis-Süd;StB 7 Prohlis;StB 7 Prohlis;11 Prohlis, Reick (mit Sternhäuser, Am Koitschgraben);männlich;50
1999;72 Prohlis-Süd;StB 7 Prohlis;StB 7 Prohlis;11 Prohlis, Reick (mit Sternhäuser, Am Koitschgraben);weiblich;124
1999;73 Niedersedlitz;StB 7 Prohlis;StB 7 Prohlis;12 Niedersedlitz, Leubnitz, Strehlen (ohne Sternhäuser, Am Koitschgraben);männlich;29
1999;73 Niedersedlitz;StB 7 Prohlis;StB 7 Prohlis;12 Niedersedlitz, Leubnitz, Strehlen (ohne Sternhäuser, Am Koitschgraben);weiblich;20
1999;74 Lockwitz;StB 7 Prohlis;StB 7 Prohlis;12 Niedersedlitz, Leubnitz, Strehlen (ohne Sternhäuser, Am Koitschgraben);männlich;21
1999;74 Lockwitz;StB 7 Prohlis;StB 7 Prohlis;12 Niedersedlitz, Leubnitz, Strehlen (ohne Sternhäuser, Am Koitschgraben);weiblich;9
1999;75 Leubnitz-Neuostra;StB 7 Prohlis;StB 7 Prohlis;12 Niedersedlitz, Leubnitz, Strehlen (ohne Sternhäuser, Am Koitschgraben);männlich;52
1999;75 Leubnitz-Neuostra;StB 7 Prohlis;StB 7 Prohlis;12 Niedersedlitz, Leubnitz, Strehlen (ohne Sternhäuser, Am Koitschgraben);weiblich;50
1999;76 Strehlen;StB 7 Prohlis;StB 7 Prohlis;11 Prohlis, Reick (mit Sternhäuser, Am Koitschgraben);männlich;22
1999;76 Strehlen;StB 7 Prohlis;StB 7 Prohlis;11 Prohlis, Reick (mit Sternhäuser, Am Koitschgraben);weiblich;16
1999;76 Strehlen;StB 7 Prohlis;StB 7 Prohlis;12 Niedersedlitz, Leubnitz, Strehlen (ohne Sternhäuser, Am Koitschgraben);männlich;33
1999;76 Strehlen;StB 7 Prohlis;StB 7 Prohlis;12 Niedersedlitz, Leubnitz, Strehlen (ohne Sternhäuser, Am Koitschgraben);weiblich;55
1999;77 Reick;StB 7 Prohlis;StB 7 Prohlis;11 Prohlis, Reick (mit Sternhäuser, Am Koitschgraben);männlich;14
1999;77 Reick;StB 7 Prohlis;StB 7 Prohlis;11 Prohlis, Reick (mit Sternhäuser, Am Koitschgraben);weiblich;15
1999;81 Südvorstadt-West;StB 8 Plauen;StB 8 Plauen;13 Südvorstadt, Zschertnitz;männlich;55
1999;81 Südvorstadt-West;StB 8 Plauen;StB 8 Plauen;13 Südvorstadt, Zschertnitz;weiblich;31
1999;82 Südvorstadt-Ost;StB 8 Plauen;StB 8 Plauen;13 Südvorstadt, Zschertnitz;männlich;15
1999;82 Südvorstadt-Ost;StB 8 Plauen;StB 8 Plauen;13 Südvorstadt, Zschertnitz;weiblich;23
1999;83 Räcknitz/Zschertnitz;StB 8 Plauen;StB 8 Plauen;13 Südvorstadt, Zschertnitz;männlich;38
1999;83 Räcknitz/Zschertnitz;StB 8 Plauen;StB 8 Plauen;13 Südvorstadt, Zschertnitz;weiblich;36
1999;84 Kleinpestitz/Mockritz;StB 8 Plauen;StB 8 Plauen;14 Mockritz, Coschütz, Plauen;männlich;17
1999;84 Kleinpestitz/Mockritz;StB 8 Plauen;StB 8 Plauen;14 Mockritz, Coschütz, Plauen;weiblich;25
1999;85 Coschütz/Gittersee;StB 8 Plauen;StB 8 Plauen;14 Mockritz, Coschütz, Plauen;männlich;15
1999;85 Coschütz/Gittersee;StB 8 Plauen;StB 8 Plauen;14 Mockritz, Coschütz, Plauen;weiblich;9
1999;86 Plauen;StB 8 Plauen;StB 8 Plauen;14 Mockritz, Coschütz, Plauen;männlich;33
1999;86 Plauen;StB 8 Plauen;StB 8 Plauen;14 Mockritz, Coschütz, Plauen;weiblich;50
1999;90 Cossebaude/Mobschatz/Oberw.;StB 9 Cotta/westliche Ortschaften;OS Cossebaude;17 Briesnitz und westliche OS;männlich;20
1999;90 Cossebaude/Mobschatz/Oberw.;StB 9 Cotta/westliche Ortschaften;OS Cossebaude;17 Briesnitz und westliche OS;weiblich;16
1999;90 Cossebaude/Mobschatz/Oberw.;StB 9 Cotta/westliche Ortschaften;OS Mobschatz;17 Briesnitz und westliche OS;männlich;7
1999;90 Cossebaude/Mobschatz/Oberw.;StB 9 Cotta/westliche Ortschaften;OS Mobschatz;17 Briesnitz und westliche OS;weiblich;2
1999;90 Cossebaude/Mobschatz/Oberw.;StB 9 Cotta/westliche Ortschaften;OS Oberwartha;17 Briesnitz und westliche OS;männlich;1
1999;90 Cossebaude/Mobschatz/Oberw.;StB 9 Cotta/westliche Ortschaften;OS Oberwartha;17 Briesnitz und westliche OS;weiblich;1
1999;91 Cotta;StB 9 Cotta/westliche Ortschaften;StB 9 Cotta;15 Cotta, Löbtau, Naußlitz, Dölzschen;männlich;44
1999;91 Cotta;StB 9 Cotta/westliche Ortschaften;StB 9 Cotta;15 Cotta, Löbtau, Naußlitz, Dölzschen;weiblich;35
1999;92 Löbtau-Nord;StB 9 Cotta/westliche Ortschaften;StB 9 Cotta;15 Cotta, Löbtau, Naußlitz, Dölzschen;männlich;27
1999;92 Löbtau-Nord;StB 9 Cotta/westliche Ortschaften;StB 9 Cotta;15 Cotta, Löbtau, Naußlitz, Dölzschen;weiblich;24
1999;93 Löbtau-Süd;StB 9 Cotta/westliche Ortschaften;StB 9 Cotta;15 Cotta, Löbtau, Naußlitz, Dölzschen;männlich;38
1999;93 Löbtau-Süd;StB 9 Cotta/westliche Ortschaften;StB 9 Cotta;15 Cotta, Löbtau, Naußlitz, Dölzschen;weiblich;43
1999;94 Naußlitz;StB 9 Cotta/westliche Ortschaften;StB 9 Cotta;15 Cotta, Löbtau, Naußlitz, Dölzschen;männlich;51
1999;94 Naußlitz;StB 9 Cotta/westliche Ortschaften;StB 9 Cotta;15 Cotta, Löbtau, Naußlitz, Dölzschen;weiblich;42
1999;95 Gorbitz-Süd;StB 9 Cotta/westliche Ortschaften;StB 9 Cotta;16 Gorbitz;männlich;56
1999;95 Gorbitz-Süd;StB 9 Cotta/westliche Ortschaften;StB 9 Cotta;16 Gorbitz;weiblich;115
1999;96 Gorbitz-Ost;StB 9 Cotta/westliche Ortschaften;StB 9 Cotta;16 Gorbitz;männlich;35
1999;96 Gorbitz-Ost;StB 9 Cotta/westliche Ortschaften;StB 9 Cotta;16 Gorbitz;weiblich;113
1999;97 Gorbitz-Nord/Neu-Omsewitz;StB 9 Cotta/westliche Ortschaften;StB 9 Cotta;16 Gorbitz;männlich;13
1999;97 Gorbitz-Nord/Neu-Omsewitz;StB 9 Cotta/westliche Ortschaften;StB 9 Cotta;16 Gorbitz;weiblich;18
1999;98 Briesnitz;StB 9 Cotta/westliche Ortschaften;StB 9 Cotta;17 Briesnitz und westliche OS;männlich;35
1999;98 Briesnitz;StB 9 Cotta/westliche Ortschaften;StB 9 Cotta;17 Briesnitz und westliche OS;weiblich;53
1999;99 Altfranken/Gompitz;StB 9 Cotta/westliche Ortschaften;OS Altfranken;17 Briesnitz und westliche OS;weiblich;3
1999;99 Altfranken/Gompitz;StB 9 Cotta/westliche Ortschaften;OS Gompitz;17 Briesnitz und westliche OS;männlich;8
1999;99 Altfranken/Gompitz;StB 9 Cotta/westliche Ortschaften;OS Gompitz;17 Briesnitz und westliche OS;weiblich;15
2000;01 Innere Altstadt;StB 0 Altstadt;StB 0 Altstadt;01 StB Altstadt ohne Johannstadt;männlich;12
2000;01 Innere Altstadt;StB 0 Altstadt;StB 0 Altstadt;01 StB Altstadt ohne Johannstadt;weiblich;10
2000;02 Pirnaische Vorstadt;StB 0 Altstadt;StB 0 Altstadt;01 StB Altstadt ohne Johannstadt;männlich;54
2000;02 Pirnaische Vorstadt;StB 0 Altstadt;StB 0 Altstadt;01 StB Altstadt ohne Johannstadt;weiblich;64
2000;03 Seevorstadt-Ost;StB 0 Altstadt;StB 0 Altstadt;01 StB Altstadt ohne Johannstadt;männlich;29
2000;03 Seevorstadt-Ost;StB 0 Altstadt;StB 0 Altstadt;01 StB Altstadt ohne Johannstadt;weiblich;67
2000;04 Wilsdruffer Vs./Seevs.-West;StB 0 Altstadt;StB 0 Altstadt;01 StB Altstadt ohne Johannstadt;männlich;52
2000;04 Wilsdruffer Vs./Seevs.-West;StB 0 Altstadt;StB 0 Altstadt;01 StB Altstadt ohne Johannstadt;weiblich;119
2000;05 Friedrichstadt;StB 0 Altstadt;StB 0 Altstadt;01 StB Altstadt ohne Johannstadt;männlich;40
2000;05 Friedrichstadt;StB 0 Altstadt;StB 0 Altstadt;01 StB Altstadt ohne Johannstadt;weiblich;100
2000;06 Johannstadt-Nord;StB 0 Altstadt;StB 0 Altstadt;02 Johannstadt;männlich;72
2000;06 Johannstadt-Nord;StB 0 Altstadt;StB 0 Altstadt;02 Johannstadt;weiblich;120
2000;07 Johannstadt-Süd;StB 0 Altstadt;StB 0 Altstadt;02 Johannstadt;männlich;76
2000;07 Johannstadt-Süd;StB 0 Altstadt;StB 0 Altstadt;02 Johannstadt;weiblich;70
2000;11 Äußere Neustadt (Antonstadt);StB 1 Neustadt;StB 1 Neustadt;03 StB Neustadt ohne Leipziger Vorstadt;männlich;42
2000;11 Äußere Neustadt (Antonstadt);StB 1 Neustadt;StB 1 Neustadt;03 StB Neustadt ohne Leipziger Vorstadt;weiblich;59
2000;12 Radeberger Vorstadt;StB 1 Neustadt;StB 1 Neustadt;03 StB Neustadt ohne Leipziger Vorstadt;männlich;24
2000;12 Radeberger Vorstadt;StB 1 Neustadt;StB 1 Neustadt;03 StB Neustadt ohne Leipziger Vorstadt;weiblich;18
2000;13 Innere Neustadt;StB 1 Neustadt;StB 1 Neustadt;03 StB Neustadt ohne Leipziger Vorstadt;männlich;22
2000;13 Innere Neustadt;StB 1 Neustadt;StB 1 Neustadt;03 StB Neustadt ohne Leipziger Vorstadt;weiblich;30
2000;14 Leipziger Vorstadt;StB 1 Neustadt;StB 1 Neustadt;04 Leipziger Vorstadt, Pieschen;männlich;42
2000;14 Leipziger Vorstadt;StB 1 Neustadt;StB 1 Neustadt;04 Leipziger Vorstadt, Pieschen;weiblich;28
2000;15 Albertstadt;StB 1 Neustadt;StB 1 Neustadt;03 StB Neustadt ohne Leipziger Vorstadt;männlich;5
2000;15 Albertstadt;StB 1 Neustadt;StB 1 Neustadt;03 StB Neustadt ohne Leipziger Vorstadt;weiblich;2
2000;21 Pieschen-Süd;StB 2 Pieschen;StB 2 Pieschen;04 Leipziger Vorstadt, Pieschen;männlich;29
2000;21 Pieschen-Süd;StB 2 Pieschen;StB 2 Pieschen;04 Leipziger Vorstadt, Pieschen;weiblich;38
2000;22 Mickten;StB 2 Pieschen;StB 2 Pieschen;05 Mickten, Kaditz, Trachau;männlich;52
2000;22 Mickten;StB 2 Pieschen;StB 2 Pieschen;05 Mickten, Kaditz, Trachau;weiblich;49
2000;23 Kaditz;StB 2 Pieschen;StB 2 Pieschen;05 Mickten, Kaditz, Trachau;männlich;28
2000;23 Kaditz;StB 2 Pieschen;StB 2 Pieschen;05 Mickten, Kaditz, Trachau;weiblich;22
2000;24 Trachau;StB 2 Pieschen;StB 2 Pieschen;05 Mickten, Kaditz, Trachau;männlich;34
2000;24 Trachau;StB 2 Pieschen;StB 2 Pieschen;05 Mickten, Kaditz, Trachau;weiblich;39
2000;25 Pieschen-N/Trachenberge;StB 2 Pieschen;StB 2 Pieschen;04 Leipziger Vorstadt, Pieschen;männlich;40
2000;25 Pieschen-N/Trachenberge;StB 2 Pieschen;StB 2 Pieschen;04 Leipziger Vorstadt, Pieschen;weiblich;52
2000;31 Klotzsche;StB 3 Klotzsche/nördliche Ortschaften;StB 3 Klotzsche;06 StB Klotzsche und nördliche OS;männlich;63
2000;31 Klotzsche;StB 3 Klotzsche/nördliche Ortschaften;StB 3 Klotzsche;06 StB Klotzsche und nördliche OS;weiblich;66
2000;32 Hellerau/Wilschdorf;StB 3 Klotzsche/nördliche Ortschaften;StB 3 Klotzsche;06 StB Klotzsche und nördliche OS;männlich;18
2000;32 Hellerau/Wilschdorf;StB 3 Klotzsche/nördliche Ortschaften;StB 3 Klotzsche;06 StB Klotzsche und nördliche OS;weiblich;26
2000;35 Weixdorf;StB 3 Klotzsche/nördliche Ortschaften;OS Weixdorf;06 StB Klotzsche und nördliche OS;männlich;18
2000;35 Weixdorf;StB 3 Klotzsche/nördliche Ortschaften;OS Weixdorf;06 StB Klotzsche und nördliche OS;weiblich;21
2000;36 Langebrück/Schönborn;StB 3 Klotzsche/nördliche Ortschaften;OS Langebrück;06 StB Klotzsche und nördliche OS;männlich;18
2000;36 Langebrück/Schönborn;StB 3 Klotzsche/nördliche Ortschaften;OS Langebrück;06 StB Klotzsche und nördliche OS;weiblich;26
2000;36 Langebrück/Schönborn;StB 3 Klotzsche/nördliche Ortschaften;OS Schönborn;06 StB Klotzsche und nördliche OS;männlich;3
2000;36 Langebrück/Schönborn;StB 3 Klotzsche/nördliche Ortschaften;OS Schönborn;06 StB Klotzsche und nördliche OS;weiblich;5
2000;41 Loschwitz/Wachwitz;StB 4 Loschwitz/OS Schönfeld-Weißig;StB 4 Loschwitz;07 StB Loschwitz und OS Schönfeld-Weißig;männlich;29
2000;41 Loschwitz/Wachwitz;StB 4 Loschwitz/OS Schönfeld-Weißig;StB 4 Loschwitz;07 StB Loschwitz und OS Schönfeld-Weißig;weiblich;16
2000;42 Bühlau/Weißer Hirsch;StB 4 Loschwitz/OS Schönfeld-Weißig;StB 4 Loschwitz;07 StB Loschwitz und OS Schönfeld-Weißig;männlich;57
2000;42 Bühlau/Weißer Hirsch;StB 4 Loschwitz/OS Schönfeld-Weißig;StB 4 Loschwitz;07 StB Loschwitz und OS Schönfeld-Weißig;weiblich;76
2000;43 Hosterwitz/Pillnitz;StB 4 Loschwitz/OS Schönfeld-Weißig;StB 4 Loschwitz;07 StB Loschwitz und OS Schönfeld-Weißig;männlich;14
2000;43 Hosterwitz/Pillnitz;StB 4 Loschwitz/OS Schönfeld-Weißig;StB 4 Loschwitz;07 StB Loschwitz und OS Schönfeld-Weißig;weiblich;15
2000;45 Weißig;StB 4 Loschwitz/OS Schönfeld-Weißig;OS Schönfeld-Weißig;07 StB Loschwitz und OS Schönfeld-Weißig;männlich;25
2000;45 Weißig;StB 4 Loschwitz/OS Schönfeld-Weißig;OS Schönfeld-Weißig;07 StB Loschwitz und OS Schönfeld-Weißig;weiblich;22
2000;46 Gönnsdorf/Pappritz;StB 4 Loschwitz/OS Schönfeld-Weißig;OS Schönfeld-Weißig;07 StB Loschwitz und OS Schönfeld-Weißig;männlich;7
2000;46 Gönnsdorf/Pappritz;StB 4 Loschwitz/OS Schönfeld-Weißig;OS Schönfeld-Weißig;07 StB Loschwitz und OS Schönfeld-Weißig;weiblich;7
2000;47 Schönfeld/Schullwitz;StB 4 Loschwitz/OS Schönfeld-Weißig;OS Schönfeld-Weißig;07 StB Loschwitz und OS Schönfeld-Weißig;männlich;8
2000;47 Schönfeld/Schullwitz;StB 4 Loschwitz/OS Schönfeld-Weißig;OS Schönfeld-Weißig;07 StB Loschwitz und OS Schönfeld-Weißig;weiblich;10
2000;51 Blasewitz;StB 5 Blasewitz;StB 5 Blasewitz;08 Blasewitz, Striesen;männlich;21
2000;51 Blasewitz;StB 5 Blasewitz;StB 5 Blasewitz;08 Blasewitz, Striesen;weiblich;23
2000;52 Striesen-Ost;StB 5 Blasewitz;StB 5 Blasewitz;08 Blasewitz, Striesen;männlich;21
2000;52 Striesen-Ost;StB 5 Blasewitz;StB 5 Blasewitz;08 Blasewitz, Striesen;weiblich;39
2000;53 Striesen-Süd;StB 5 Blasewitz;StB 5 Blasewitz;08 Blasewitz, Striesen;männlich;44
2000;53 Striesen-Süd;StB 5 Blasewitz;StB 5 Blasewitz;08 Blasewitz, Striesen;weiblich;48
2000;54 Striesen-West;StB 5 Blasewitz;StB 5 Blasewitz;08 Blasewitz, Striesen;männlich;33
2000;54 Striesen-West;StB 5 Blasewitz;StB 5 Blasewitz;08 Blasewitz, Striesen;weiblich;50
2000;55 Tolkewitz/Seidnitz-Nord;StB 5 Blasewitz;StB 5 Blasewitz;09 Tolkewitz, Seidnitz, Gruna;männlich;36
2000;55 Tolkewitz/Seidnitz-Nord;StB 5 Blasewitz;StB 5 Blasewitz;09 Tolkewitz, Seidnitz, Gruna;weiblich;46
2000;56 Seidnitz/Dobritz;StB 5 Blasewitz;StB 5 Blasewitz;09 Tolkewitz, Seidnitz, Gruna;männlich;49
2000;56 Seidnitz/Dobritz;StB 5 Blasewitz;StB 5 Blasewitz;09 Tolkewitz, Seidnitz, Gruna;weiblich;64
2000;57 Gruna;StB 5 Blasewitz;StB 5 Blasewitz;09 Tolkewitz, Seidnitz, Gruna;männlich;59
2000;57 Gruna;StB 5 Blasewitz;StB 5 Blasewitz;09 Tolkewitz, Seidnitz, Gruna;weiblich;53
2000;61 Leuben;StB 6 Leuben;StB 6 Leuben;10 StB Leuben;männlich;42
2000;61 Leuben;StB 6 Leuben;StB 6 Leuben;10 StB Leuben;weiblich;56
2000;62 Laubegast;StB 6 Leuben;StB 6 Leuben;10 StB Leuben;männlich;40
2000;62 Laubegast;StB 6 Leuben;StB 6 Leuben;10 StB Leuben;weiblich;42
2000;63 Kleinzschachwitz;StB 6 Leuben;StB 6 Leuben;10 StB Leuben;männlich;35
2000;63 Kleinzschachwitz;StB 6 Leuben;StB 6 Leuben;10 StB Leuben;weiblich;28
2000;64 Großzschachwitz;StB 6 Leuben;StB 6 Leuben;10 StB Leuben;männlich;29
2000;64 Großzschachwitz;StB 6 Leuben;StB 6 Leuben;10 StB Leuben;weiblich;53
2000;71 Prohlis-Nord;StB 7 Prohlis;StB 7 Prohlis;11 Prohlis, Reick (mit Sternhäuser, Am Koitschgraben);männlich;29
2000;71 Prohlis-Nord;StB 7 Prohlis;StB 7 Prohlis;11 Prohlis, Reick (mit Sternhäuser, Am Koitschgraben);weiblich;28
2000;72 Prohlis-Süd;StB 7 Prohlis;StB 7 Prohlis;11 Prohlis, Reick (mit Sternhäuser, Am Koitschgraben);männlich;55
2000;72 Prohlis-Süd;StB 7 Prohlis;StB 7 Prohlis;11 Prohlis, Reick (mit Sternhäuser, Am Koitschgraben);weiblich;128
2000;73 Niedersedlitz;StB 7 Prohlis;StB 7 Prohlis;12 Niedersedlitz, Leubnitz, Strehlen (ohne Sternhäuser, Am Koitschgraben);männlich;25
2000;73 Niedersedlitz;StB 7 Prohlis;StB 7 Prohlis;12 Niedersedlitz, Leubnitz, Strehlen (ohne Sternhäuser, Am Koitschgraben);weiblich;33
2000;74 Lockwitz;StB 7 Prohlis;StB 7 Prohlis;12 Niedersedlitz, Leubnitz, Strehlen (ohne Sternhäuser, Am Koitschgraben);männlich;11
2000;74 Lockwitz;StB 7 Prohlis;StB 7 Prohlis;12 Niedersedlitz, Leubnitz, Strehlen (ohne Sternhäuser, Am Koitschgraben);weiblich;17
2000;75 Leubnitz-Neuostra;StB 7 Prohlis;StB 7 Prohlis;12 Niedersedlitz, Leubnitz, Strehlen (ohne Sternhäuser, Am Koitschgraben);männlich;45
2000;75 Leubnitz-Neuostra;StB 7 Prohlis;StB 7 Prohlis;12 Niedersedlitz, Leubnitz, Strehlen (ohne Sternhäuser, Am Koitschgraben);weiblich;69
2000;76 Strehlen;StB 7 Prohlis;StB 7 Prohlis;11 Prohlis, Reick (mit Sternhäuser, Am Koitschgraben);männlich;18
2000;76 Strehlen;StB 7 Prohlis;StB 7 Prohlis;11 Prohlis, Reick (mit Sternhäuser, Am Koitschgraben);weiblich;11
2000;76 Strehlen;StB 7 Prohlis;StB 7 Prohlis;12 Niedersedlitz, Leubnitz, Strehlen (ohne Sternhäuser, Am Koitschgraben);männlich;27
2000;76 Strehlen;StB 7 Prohlis;StB 7 Prohlis;12 Niedersedlitz, Leubnitz, Strehlen (ohne Sternhäuser, Am Koitschgraben);weiblich;71
2000;77 Reick;StB 7 Prohlis;StB 7 Prohlis;11 Prohlis, Reick (mit Sternhäuser, Am Koitschgraben);männlich;24
2000;77 Reick;StB 7 Prohlis;StB 7 Prohlis;11 Prohlis, Reick (mit Sternhäuser, Am Koitschgraben);weiblich;20
2000;81 Südvorstadt-West;StB 8 Plauen;StB 8 Plauen;13 Südvorstadt, Zschertnitz;männlich;49
2000;81 Südvorstadt-West;StB 8 Plauen;StB 8 Plauen;13 Südvorstadt, Zschertnitz;weiblich;40
2000;82 Südvorstadt-Ost;StB 8 Plauen;StB 8 Plauen;13 Südvorstadt, Zschertnitz;männlich;30
2000;82 Südvorstadt-Ost;StB 8 Plauen;StB 8 Plauen;13 Südvorstadt, Zschertnitz;weiblich;15
2000;83 Räcknitz/Zschertnitz;StB 8 Plauen;StB 8 Plauen;13 Südvorstadt, Zschertnitz;männlich;60
2000;83 Räcknitz/Zschertnitz;StB 8 Plauen;StB 8 Plauen;13 Südvorstadt, Zschertnitz;weiblich;59
2000;84 Kleinpestitz/Mockritz;StB 8 Plauen;StB 8 Plauen;14 Mockritz, Coschütz, Plauen;männlich;19
2000;84 Kleinpestitz/Mockritz;StB 8 Plauen;StB 8 Plauen;14 Mockritz, Coschütz, Plauen;weiblich;14
2000;85 Coschütz/Gittersee;StB 8 Plauen;StB 8 Plauen;14 Mockritz, Coschütz, Plauen;männlich;20
2000;85 Coschütz/Gittersee;StB 8 Plauen;StB 8 Plauen;14 Mockritz, Coschütz, Plauen;weiblich;17
2000;86 Plauen;StB 8 Plauen;StB 8 Plauen;14 Mockritz, Coschütz, Plauen;männlich;32
2000;86 Plauen;StB 8 Plauen;StB 8 Plauen;14 Mockritz, Coschütz, Plauen;weiblich;52
2000;90 Cossebaude/Mobschatz/Oberw.;StB 9 Cotta/westliche Ortschaften;OS Cossebaude;17 Briesnitz und westliche OS;männlich;24
2000;90 Cossebaude/Mobschatz/Oberw.;StB 9 Cotta/westliche Ortschaften;OS Cossebaude;17 Briesnitz und westliche OS;weiblich;23
2000;90 Cossebaude/Mobschatz/Oberw.;StB 9 Cotta/westliche Ortschaften;OS Mobschatz;17 Briesnitz und westliche OS;männlich;4
2000;90 Cossebaude/Mobschatz/Oberw.;StB 9 Cotta/westliche Ortschaften;OS Mobschatz;17 Briesnitz und westliche OS;weiblich;4
2000;90 Cossebaude/Mobschatz/Oberw.;StB 9 Cotta/westliche Ortschaften;OS Oberwartha;17 Briesnitz und westliche OS;männlich;2
2000;90 Cossebaude/Mobschatz/Oberw.;StB 9 Cotta/westliche Ortschaften;OS Oberwartha;17 Briesnitz und westliche OS;weiblich;2
2000;91 Cotta;StB 9 Cotta/westliche Ortschaften;StB 9 Cotta;15 Cotta, Löbtau, Naußlitz, Dölzschen;männlich;36
2000;91 Cotta;StB 9 Cotta/westliche Ortschaften;StB 9 Cotta;15 Cotta, Löbtau, Naußlitz, Dölzschen;weiblich;30
2000;92 Löbtau-Nord;StB 9 Cotta/westliche Ortschaften;StB 9 Cotta;15 Cotta, Löbtau, Naußlitz, Dölzschen;männlich;24
2000;92 Löbtau-Nord;StB 9 Cotta/westliche Ortschaften;StB 9 Cotta;15 Cotta, Löbtau, Naußlitz, Dölzschen;weiblich;29
2000;93 Löbtau-Süd;StB 9 Cotta/westliche Ortschaften;StB 9 Cotta;15 Cotta, Löbtau, Naußlitz, Dölzschen;männlich;33
2000;93 Löbtau-Süd;StB 9 Cotta/westliche Ortschaften;StB 9 Cotta;15 Cotta, Löbtau, Naußlitz, Dölzschen;weiblich;41
2000;94 Naußlitz;StB 9 Cotta/westliche Ortschaften;StB 9 Cotta;15 Cotta, Löbtau, Naußlitz, Dölzschen;männlich;44
2000;94 Naußlitz;StB 9 Cotta/westliche Ortschaften;StB 9 Cotta;15 Cotta, Löbtau, Naußlitz, Dölzschen;weiblich;46
2000;95 Gorbitz-Süd;StB 9 Cotta/westliche Ortschaften;StB 9 Cotta;16 Gorbitz;männlich;52
2000;95 Gorbitz-Süd;StB 9 Cotta/westliche Ortschaften;StB 9 Cotta;16 Gorbitz;weiblich;125
2000;96 Gorbitz-Ost;StB 9 Cotta/westliche Ortschaften;StB 9 Cotta;16 Gorbitz;männlich;38
2000;96 Gorbitz-Ost;StB 9 Cotta/westliche Ortschaften;StB 9 Cotta;16 Gorbitz;weiblich;97
2000;97 Gorbitz-Nord/Neu-Omsewitz;StB 9 Cotta/westliche Ortschaften;StB 9 Cotta;16 Gorbitz;männlich;18
2000;97 Gorbitz-Nord/Neu-Omsewitz;StB 9 Cotta/westliche Ortschaften;StB 9 Cotta;16 Gorbitz;weiblich;19
2000;98 Briesnitz;StB 9 Cotta/westliche Ortschaften;StB 9 Cotta;17 Briesnitz und westliche OS;männlich;41
2000;98 Briesnitz;StB 9 Cotta/westliche Ortschaften;StB 9 Cotta;17 Briesnitz und westliche OS;weiblich;44
2000;99 Altfranken/Gompitz;StB 9 Cotta/westliche Ortschaften;OS Altfranken;17 Briesnitz und westliche OS;männlich;3
2000;99 Altfranken/Gompitz;StB 9 Cotta/westliche Ortschaften;OS Altfranken;17 Briesnitz und westliche OS;weiblich;1
2000;99 Altfranken/Gompitz;StB 9 Cotta/westliche Ortschaften;OS Gompitz;17 Briesnitz und westliche OS;männlich;9
2000;99 Altfranken/Gompitz;StB 9 Cotta/westliche Ortschaften;OS Gompitz;17 Briesnitz und westliche OS;weiblich;4
2001;01 Innere Altstadt;StB 0 Altstadt;StB 0 Altstadt;01 StB Altstadt ohne Johannstadt;männlich;11
2001;01 Innere Altstadt;StB 0 Altstadt;StB 0 Altstadt;01 StB Altstadt ohne Johannstadt;weiblich;11
2001;02 Pirnaische Vorstadt;StB 0 Altstadt;StB 0 Altstadt;01 StB Altstadt ohne Johannstadt;männlich;48
2001;02 Pirnaische Vorstadt;StB 0 Altstadt;StB 0 Altstadt;01 StB Altstadt ohne Johannstadt;weiblich;91
2001;03 Seevorstadt-Ost;StB 0 Altstadt;StB 0 Altstadt;01 StB Altstadt ohne Johannstadt;männlich;35
2001;03 Seevorstadt-Ost;StB 0 Altstadt;StB 0 Altstadt;01 StB Altstadt ohne Johannstadt;weiblich;73
2001;04 Wilsdruffer Vs./Seevs.-West;StB 0 Altstadt;StB 0 Altstadt;01 StB Altstadt ohne Johannstadt;männlich;49
2001;04 Wilsdruffer Vs./Seevs.-West;StB 0 Altstadt;StB 0 Altstadt;01 StB Altstadt ohne Johannstadt;weiblich;105
2001;05 Friedrichstadt;StB 0 Altstadt;StB 0 Altstadt;01 StB Altstadt ohne Johannstadt;männlich;43
2001;05 Friedrichstadt;StB 0 Altstadt;StB 0 Altstadt;01 StB Altstadt ohne Johannstadt;weiblich;99
2001;06 Johannstadt-Nord;StB 0 Altstadt;StB 0 Altstadt;02 Johannstadt;männlich;63
2001;06 Johannstadt-Nord;StB 0 Altstadt;StB 0 Altstadt;02 Johannstadt;weiblich;114
2001;07 Johannstadt-Süd;StB 0 Altstadt;StB 0 Altstadt;02 Johannstadt;männlich;60
2001;07 Johannstadt-Süd;StB 0 Altstadt;StB 0 Altstadt;02 Johannstadt;weiblich;69
2001;11 Äußere Neustadt (Antonstadt);StB 1 Neustadt;StB 1 Neustadt;03 StB Neustadt ohne Leipziger Vorstadt;männlich;35
2001;11 Äußere Neustadt (Antonstadt);StB 1 Neustadt;StB 1 Neustadt;03 StB Neustadt ohne Leipziger Vorstadt;weiblich;61
2001;12 Radeberger Vorstadt;StB 1 Neustadt;StB 1 Neustadt;03 StB Neustadt ohne Leipziger Vorstadt;männlich;24
2001;12 Radeberger Vorstadt;StB 1 Neustadt;StB 1 Neustadt;03 StB Neustadt ohne Leipziger Vorstadt;weiblich;17
2001;13 Innere Neustadt;StB 1 Neustadt;StB 1 Neustadt;03 StB Neustadt ohne Leipziger Vorstadt;männlich;24
2001;13 Innere Neustadt;StB 1 Neustadt;StB 1 Neustadt;03 StB Neustadt ohne Leipziger Vorstadt;weiblich;35
2001;14 Leipziger Vorstadt;StB 1 Neustadt;StB 1 Neustadt;04 Leipziger Vorstadt, Pieschen;männlich;26
2001;14 Leipziger Vorstadt;StB 1 Neustadt;StB 1 Neustadt;04 Leipziger Vorstadt, Pieschen;weiblich;35
2001;15 Albertstadt;StB 1 Neustadt;StB 1 Neustadt;03 StB Neustadt ohne Leipziger Vorstadt;männlich;4
2001;15 Albertstadt;StB 1 Neustadt;StB 1 Neustadt;03 StB Neustadt ohne Leipziger Vorstadt;weiblich;3
2001;21 Pieschen-Süd;StB 2 Pieschen;StB 2 Pieschen;04 Leipziger Vorstadt, Pieschen;männlich;18
2001;21 Pieschen-Süd;StB 2 Pieschen;StB 2 Pieschen;04 Leipziger Vorstadt, Pieschen;weiblich;22
2001;22 Mickten;StB 2 Pieschen;StB 2 Pieschen;05 Mickten, Kaditz, Trachau;männlich;56
2001;22 Mickten;StB 2 Pieschen;StB 2 Pieschen;05 Mickten, Kaditz, Trachau;weiblich;36
2001;23 Kaditz;StB 2 Pieschen;StB 2 Pieschen;05 Mickten, Kaditz, Trachau;männlich;25
2001;23 Kaditz;StB 2 Pieschen;StB 2 Pieschen;05 Mickten, Kaditz, Trachau;weiblich;27
2001;24 Trachau;StB 2 Pieschen;StB 2 Pieschen;05 Mickten, Kaditz, Trachau;männlich;54
2001;24 Trachau;StB 2 Pieschen;StB 2 Pieschen;05 Mickten, Kaditz, Trachau;weiblich;47
2001;25 Pieschen-N/Trachenberge;StB 2 Pieschen;StB 2 Pieschen;04 Leipziger Vorstadt, Pieschen;männlich;39
2001;25 Pieschen-N/Trachenberge;StB 2 Pieschen;StB 2 Pieschen;04 Leipziger Vorstadt, Pieschen;weiblich;79
2001;31 Klotzsche;StB 3 Klotzsche/nördliche Ortschaften;StB 3 Klotzsche;06 StB Klotzsche und nördliche OS;männlich;43
2001;31 Klotzsche;StB 3 Klotzsche/nördliche Ortschaften;StB 3 Klotzsche;06 StB Klotzsche und nördliche OS;weiblich;72
2001;32 Hellerau/Wilschdorf;StB 3 Klotzsche/nördliche Ortschaften;StB 3 Klotzsche;06 StB Klotzsche und nördliche OS;männlich;27
2001;32 Hellerau/Wilschdorf;StB 3 Klotzsche/nördliche Ortschaften;StB 3 Klotzsche;06 StB Klotzsche und nördliche OS;weiblich;24
2001;35 Weixdorf;StB 3 Klotzsche/nördliche Ortschaften;OS Weixdorf;06 StB Klotzsche und nördliche OS;männlich;19
2001;35 Weixdorf;StB 3 Klotzsche/nördliche Ortschaften;OS Weixdorf;06 StB Klotzsche und nördliche OS;weiblich;20
2001;36 Langebrück/Schönborn;StB 3 Klotzsche/nördliche Ortschaften;OS Langebrück;06 StB Klotzsche und nördliche OS;männlich;19
2001;36 Langebrück/Schönborn;StB 3 Klotzsche/nördliche Ortschaften;OS Langebrück;06 StB Klotzsche und nördliche OS;weiblich;21
2001;36 Langebrück/Schönborn;StB 3 Klotzsche/nördliche Ortschaften;OS Schönborn;06 StB Klotzsche und nördliche OS;weiblich;1
2001;41 Loschwitz/Wachwitz;StB 4 Loschwitz/OS Schönfeld-Weißig;StB 4 Loschwitz;07 StB Loschwitz und OS Schönfeld-Weißig;männlich;9
2001;41 Loschwitz/Wachwitz;StB 4 Loschwitz/OS Schönfeld-Weißig;StB 4 Loschwitz;07 StB Loschwitz und OS Schönfeld-Weißig;weiblich;19
2001;42 Bühlau/Weißer Hirsch;StB 4 Loschwitz/OS Schönfeld-Weißig;StB 4 Loschwitz;07 StB Loschwitz und OS Schönfeld-Weißig;männlich;45
2001;42 Bühlau/Weißer Hirsch;StB 4 Loschwitz/OS Schönfeld-Weißig;StB 4 Loschwitz;07 StB Loschwitz und OS Schönfeld-Weißig;weiblich;75
2001;43 Hosterwitz/Pillnitz;StB 4 Loschwitz/OS Schönfeld-Weißig;StB 4 Loschwitz;07 StB Loschwitz und OS Schönfeld-Weißig;männlich;18
2001;43 Hosterwitz/Pillnitz;StB 4 Loschwitz/OS Schönfeld-Weißig;StB 4 Loschwitz;07 StB Loschwitz und OS Schönfeld-Weißig;weiblich;33
2001;45 Weißig;StB 4 Loschwitz/OS Schönfeld-Weißig;OS Schönfeld-Weißig;07 StB Loschwitz und OS Schönfeld-Weißig;männlich;26
2001;45 Weißig;StB 4 Loschwitz/OS Schönfeld-Weißig;OS Schönfeld-Weißig;07 StB Loschwitz und OS Schönfeld-Weißig;weiblich;31
2001;46 Gönnsdorf/Pappritz;StB 4 Loschwitz/OS Schönfeld-Weißig;OS Schönfeld-Weißig;07 StB Loschwitz und OS Schönfeld-Weißig;männlich;8
2001;46 Gönnsdorf/Pappritz;StB 4 Loschwitz/OS Schönfeld-Weißig;OS Schönfeld-Weißig;07 StB Loschwitz und OS Schönfeld-Weißig;weiblich;5
2001;47 Schönfeld/Schullwitz;StB 4 Loschwitz/OS Schönfeld-Weißig;OS Schönfeld-Weißig;07 StB Loschwitz und OS Schönfeld-Weißig;männlich;12
2001;47 Schönfeld/Schullwitz;StB 4 Loschwitz/OS Schönfeld-Weißig;OS Schönfeld-Weißig;07 StB Loschwitz und OS Schönfeld-Weißig;weiblich;10
2001;51 Blasewitz;StB 5 Blasewitz;StB 5 Blasewitz;08 Blasewitz, Striesen;männlich;25
2001;51 Blasewitz;StB 5 Blasewitz;StB 5 Blasewitz;08 Blasewitz, Striesen;weiblich;30
2001;52 Striesen-Ost;StB 5 Blasewitz;StB 5 Blasewitz;08 Blasewitz, Striesen;männlich;36
2001;52 Striesen-Ost;StB 5 Blasewitz;StB 5 Blasewitz;08 Blasewitz, Striesen;weiblich;48
2001;53 Striesen-Süd;StB 5 Blasewitz;StB 5 Blasewitz;08 Blasewitz, Striesen;männlich;43
2001;53 Striesen-Süd;StB 5 Blasewitz;StB 5 Blasewitz;08 Blasewitz, Striesen;weiblich;52
2001;54 Striesen-West;StB 5 Blasewitz;StB 5 Blasewitz;08 Blasewitz, Striesen;männlich;41
2001;54 Striesen-West;StB 5 Blasewitz;StB 5 Blasewitz;08 Blasewitz, Striesen;weiblich;43
2001;55 Tolkewitz/Seidnitz-Nord;StB 5 Blasewitz;StB 5 Blasewitz;09 Tolkewitz, Seidnitz, Gruna;männlich;43
2001;55 Tolkewitz/Seidnitz-Nord;StB 5 Blasewitz;StB 5 Blasewitz;09 Tolkewitz, Seidnitz, Gruna;weiblich;47
2001;56 Seidnitz/Dobritz;StB 5 Blasewitz;StB 5 Blasewitz;09 Tolkewitz, Seidnitz, Gruna;männlich;63
2001;56 Seidnitz/Dobritz;StB 5 Blasewitz;StB 5 Blasewitz;09 Tolkewitz, Seidnitz, Gruna;weiblich;53
2001;57 Gruna;StB 5 Blasewitz;StB 5 Blasewitz;09 Tolkewitz, Seidnitz, Gruna;männlich;46
2001;57 Gruna;StB 5 Blasewitz;StB 5 Blasewitz;09 Tolkewitz, Seidnitz, Gruna;weiblich;51
2001;61 Leuben;StB 6 Leuben;StB 6 Leuben;10 StB Leuben;männlich;53
2001;61 Leuben;StB 6 Leuben;StB 6 Leuben;10 StB Leuben;weiblich;67
2001;62 Laubegast;StB 6 Leuben;StB 6 Leuben;10 StB Leuben;männlich;50
2001;62 Laubegast;StB 6 Leuben;StB 6 Leuben;10 StB Leuben;weiblich;39
2001;63 Kleinzschachwitz;StB 6 Leuben;StB 6 Leuben;10 StB Leuben;männlich;36
2001;63 Kleinzschachwitz;StB 6 Leuben;StB 6 Leuben;10 StB Leuben;weiblich;24
2001;64 Großzschachwitz;StB 6 Leuben;StB 6 Leuben;10 StB Leuben;männlich;27
2001;64 Großzschachwitz;StB 6 Leuben;StB 6 Leuben;10 StB Leuben;weiblich;45
2001;71 Prohlis-Nord;StB 7 Prohlis;StB 7 Prohlis;11 Prohlis, Reick (mit Sternhäuser, Am Koitschgraben);männlich;33
2001;71 Prohlis-Nord;StB 7 Prohlis;StB 7 Prohlis;11 Prohlis, Reick (mit Sternhäuser, Am Koitschgraben);weiblich;27
2001;72 Prohlis-Süd;StB 7 Prohlis;StB 7 Prohlis;11 Prohlis, Reick (mit Sternhäuser, Am Koitschgraben);männlich;47
2001;72 Prohlis-Süd;StB 7 Prohlis;StB 7 Prohlis;11 Prohlis, Reick (mit Sternhäuser, Am Koitschgraben);weiblich;95
2001;73 Niedersedlitz;StB 7 Prohlis;StB 7 Prohlis;12 Niedersedlitz, Leubnitz, Strehlen (ohne Sternhäuser, Am Koitschgraben);männlich;31
2001;73 Niedersedlitz;StB 7 Prohlis;StB 7 Prohlis;12 Niedersedlitz, Leubnitz, Strehlen (ohne Sternhäuser, Am Koitschgraben);weiblich;21
2001;74 Lockwitz;StB 7 Prohlis;StB 7 Prohlis;12 Niedersedlitz, Leubnitz, Strehlen (ohne Sternhäuser, Am Koitschgraben);männlich;17
2001;74 Lockwitz;StB 7 Prohlis;StB 7 Prohlis;12 Niedersedlitz, Leubnitz, Strehlen (ohne Sternhäuser, Am Koitschgraben);weiblich;19
2001;75 Leubnitz-Neuostra;StB 7 Prohlis;StB 7 Prohlis;12 Niedersedlitz, Leubnitz, Strehlen (ohne Sternhäuser, Am Koitschgraben);männlich;53
2001;75 Leubnitz-Neuostra;StB 7 Prohlis;StB 7 Prohlis;12 Niedersedlitz, Leubnitz, Strehlen (ohne Sternhäuser, Am Koitschgraben);weiblich;58
2001;76 Strehlen;StB 7 Prohlis;StB 7 Prohlis;11 Prohlis, Reick (mit Sternhäuser, Am Koitschgraben);männlich;11
2001;76 Strehlen;StB 7 Prohlis;StB 7 Prohlis;11 Prohlis, Reick (mit Sternhäuser, Am Koitschgraben);weiblich;11
2001;76 Strehlen;StB 7 Prohlis;StB 7 Prohlis;12 Niedersedlitz, Leubnitz, Strehlen (ohne Sternhäuser, Am Koitschgraben);männlich;40
2001;76 Strehlen;StB 7 Prohlis;StB 7 Prohlis;12 Niedersedlitz, Leubnitz, Strehlen (ohne Sternhäuser, Am Koitschgraben);weiblich;80
2001;77 Reick;StB 7 Prohlis;StB 7 Prohlis;11 Prohlis, Reick (mit Sternhäuser, Am Koitschgraben);männlich;28
2001;77 Reick;StB 7 Prohlis;StB 7 Prohlis;11 Prohlis, Reick (mit Sternhäuser, Am Koitschgraben);weiblich;28
2001;81 Südvorstadt-West;StB 8 Plauen;StB 8 Plauen;13 Südvorstadt, Zschertnitz;männlich;43
2001;81 Südvorstadt-West;StB 8 Plauen;StB 8 Plauen;13 Südvorstadt, Zschertnitz;weiblich;51
2001;82 Südvorstadt-Ost;StB 8 Plauen;StB 8 Plauen;13 Südvorstadt, Zschertnitz;männlich;19
2001;82 Südvorstadt-Ost;StB 8 Plauen;StB 8 Plauen;13 Südvorstadt, Zschertnitz;weiblich;12
2001;83 Räcknitz/Zschertnitz;StB 8 Plauen;StB 8 Plauen;13 Südvorstadt, Zschertnitz;männlich;23
2001;83 Räcknitz/Zschertnitz;StB 8 Plauen;StB 8 Plauen;13 Südvorstadt, Zschertnitz;weiblich;51
2001;84 Kleinpestitz/Mockritz;StB 8 Plauen;StB 8 Plauen;14 Mockritz, Coschütz, Plauen;männlich;21
2001;84 Kleinpestitz/Mockritz;StB 8 Plauen;StB 8 Plauen;14 Mockritz, Coschütz, Plauen;weiblich;23
2001;85 Coschütz/Gittersee;StB 8 Plauen;StB 8 Plauen;14 Mockritz, Coschütz, Plauen;männlich;19
2001;85 Coschütz/Gittersee;StB 8 Plauen;StB 8 Plauen;14 Mockritz, Coschütz, Plauen;weiblich;19
2001;86 Plauen;StB 8 Plauen;StB 8 Plauen;14 Mockritz, Coschütz, Plauen;männlich;41
2001;86 Plauen;StB 8 Plauen;StB 8 Plauen;14 Mockritz, Coschütz, Plauen;weiblich;41
2001;90 Cossebaude/Mobschatz/Oberw.;StB 9 Cotta/westliche Ortschaften;OS Cossebaude;17 Briesnitz und westliche OS;männlich;24
2001;90 Cossebaude/Mobschatz/Oberw.;StB 9 Cotta/westliche Ortschaften;OS Cossebaude;17 Briesnitz und westliche OS;weiblich;24
2001;90 Cossebaude/Mobschatz/Oberw.;StB 9 Cotta/westliche Ortschaften;OS Mobschatz;17 Briesnitz und westliche OS;männlich;6
2001;90 Cossebaude/Mobschatz/Oberw.;StB 9 Cotta/westliche Ortschaften;OS Mobschatz;17 Briesnitz und westliche OS;weiblich;2
2001;90 Cossebaude/Mobschatz/Oberw.;StB 9 Cotta/westliche Ortschaften;OS Oberwartha;17 Briesnitz und westliche OS;männlich;2
2001;90 Cossebaude/Mobschatz/Oberw.;StB 9 Cotta/westliche Ortschaften;OS Oberwartha;17 Briesnitz und westliche OS;weiblich;3
2001;91 Cotta;StB 9 Cotta/westliche Ortschaften;StB 9 Cotta;15 Cotta, Löbtau, Naußlitz, Dölzschen;männlich;39
2001;91 Cotta;StB 9 Cotta/westliche Ortschaften;StB 9 Cotta;15 Cotta, Löbtau, Naußlitz, Dölzschen;weiblich;26
2001;92 Löbtau-Nord;StB 9 Cotta/westliche Ortschaften;StB 9 Cotta;15 Cotta, Löbtau, Naußlitz, Dölzschen;männlich;21
2001;92 Löbtau-Nord;StB 9 Cotta/westliche Ortschaften;StB 9 Cotta;15 Cotta, Löbtau, Naußlitz, Dölzschen;weiblich;17
2001;93 Löbtau-Süd;StB 9 Cotta/westliche Ortschaften;StB 9 Cotta;15 Cotta, Löbtau, Naußlitz, Dölzschen;männlich;24
2001;93 Löbtau-Süd;StB 9 Cotta/westliche Ortschaften;StB 9 Cotta;15 Cotta, Löbtau, Naußlitz, Dölzschen;weiblich;38
2001;94 Naußlitz;StB 9 Cotta/westliche Ortschaften;StB 9 Cotta;15 Cotta, Löbtau, Naußlitz, Dölzschen;männlich;33
2001;94 Naußlitz;StB 9 Cotta/westliche Ortschaften;StB 9 Cotta;15 Cotta, Löbtau, Naußlitz, Dölzschen;weiblich;31
2001;95 Gorbitz-Süd;StB 9 Cotta/westliche Ortschaften;StB 9 Cotta;16 Gorbitz;männlich;39
2001;95 Gorbitz-Süd;StB 9 Cotta/westliche Ortschaften;StB 9 Cotta;16 Gorbitz;weiblich;115
2001;96 Gorbitz-Ost;StB 9 Cotta/westliche Ortschaften;StB 9 Cotta;16 Gorbitz;männlich;36
2001;96 Gorbitz-Ost;StB 9 Cotta/westliche Ortschaften;StB 9 Cotta;16 Gorbitz;weiblich;84
2001;97 Gorbitz-Nord/Neu-Omsewitz;StB 9 Cotta/westliche Ortschaften;StB 9 Cotta;16 Gorbitz;männlich;21
2001;97 Gorbitz-Nord/Neu-Omsewitz;StB 9 Cotta/westliche Ortschaften;StB 9 Cotta;16 Gorbitz;weiblich;22
2001;98 Briesnitz;StB 9 Cotta/westliche Ortschaften;StB 9 Cotta;17 Briesnitz und westliche OS;männlich;39
2001;98 Briesnitz;StB 9 Cotta/westliche Ortschaften;StB 9 Cotta;17 Briesnitz und westliche OS;weiblich;39
2001;99 Altfranken/Gompitz;StB 9 Cotta/westliche Ortschaften;OS Altfranken;17 Briesnitz und westliche OS;männlich;1
2001;99 Altfranken/Gompitz;StB 9 Cotta/westliche Ortschaften;OS Gompitz;17 Briesnitz und westliche OS;männlich;8
2001;99 Altfranken/Gompitz;StB 9 Cotta/westliche Ortschaften;OS Gompitz;17 Briesnitz und westliche OS;weiblich;9
2003;01 Innere Altstadt;StB 0 Altstadt;StB 0 Altstadt;01 StB Altstadt ohne Johannstadt;männlich;10
2003;01 Innere Altstadt;StB 0 Altstadt;StB 0 Altstadt;01 StB Altstadt ohne Johannstadt;weiblich;18
2003;02 Pirnaische Vorstadt;StB 0 Altstadt;StB 0 Altstadt;01 StB Altstadt ohne Johannstadt;männlich;72
2003;02 Pirnaische Vorstadt;StB 0 Altstadt;StB 0 Altstadt;01 StB Altstadt ohne Johannstadt;weiblich;98
2003;03 Seevorstadt-Ost;StB 0 Altstadt;StB 0 Altstadt;01 StB Altstadt ohne Johannstadt;männlich;37
2003;03 Seevorstadt-Ost;StB 0 Altstadt;StB 0 Altstadt;01 StB Altstadt ohne Johannstadt;weiblich;56
2003;04 Wilsdruffer Vs./Seevs.-West;StB 0 Altstadt;StB 0 Altstadt;01 StB Altstadt ohne Johannstadt;männlich;55
2003;04 Wilsdruffer Vs./Seevs.-West;StB 0 Altstadt;StB 0 Altstadt;01 StB Altstadt ohne Johannstadt;weiblich;113
2003;05 Friedrichstadt;StB 0 Altstadt;StB 0 Altstadt;01 StB Altstadt ohne Johannstadt;männlich;35
2003;05 Friedrichstadt;StB 0 Altstadt;StB 0 Altstadt;01 StB Altstadt ohne Johannstadt;weiblich;120
2003;06 Johannstadt-Nord;StB 0 Altstadt;StB 0 Altstadt;02 Johannstadt;männlich;73
2003;06 Johannstadt-Nord;StB 0 Altstadt;StB 0 Altstadt;02 Johannstadt;weiblich;188
2003;07 Johannstadt-Süd;StB 0 Altstadt;StB 0 Altstadt;02 Johannstadt;männlich;72
2003;07 Johannstadt-Süd;StB 0 Altstadt;StB 0 Altstadt;02 Johannstadt;weiblich;78
2003;11 Äußere Neustadt (Antonstadt);StB 1 Neustadt;StB 1 Neustadt;03 StB Neustadt ohne Leipziger Vorstadt;männlich;39
2003;11 Äußere Neustadt (Antonstadt);StB 1 Neustadt;StB 1 Neustadt;03 StB Neustadt ohne Leipziger Vorstadt;weiblich;82
2003;12 Radeberger Vorstadt;StB 1 Neustadt;StB 1 Neustadt;03 StB Neustadt ohne Leipziger Vorstadt;männlich;20
2003;12 Radeberger Vorstadt;StB 1 Neustadt;StB 1 Neustadt;03 StB Neustadt ohne Leipziger Vorstadt;weiblich;31
2003;13 Innere Neustadt;StB 1 Neustadt;StB 1 Neustadt;03 StB Neustadt ohne Leipziger Vorstadt;männlich;15
2003;13 Innere Neustadt;StB 1 Neustadt;StB 1 Neustadt;03 StB Neustadt ohne Leipziger Vorstadt;weiblich;27
2003;14 Leipziger Vorstadt;StB 1 Neustadt;StB 1 Neustadt;04 Leipziger Vorstadt, Pieschen;männlich;33
2003;14 Leipziger Vorstadt;StB 1 Neustadt;StB 1 Neustadt;04 Leipziger Vorstadt, Pieschen;weiblich;27
2003;15 Albertstadt;StB 1 Neustadt;StB 1 Neustadt;03 StB Neustadt ohne Leipziger Vorstadt;männlich;5
2003;15 Albertstadt;StB 1 Neustadt;StB 1 Neustadt;03 StB Neustadt ohne Leipziger Vorstadt;weiblich;3
2003;21 Pieschen-Süd;StB 2 Pieschen;StB 2 Pieschen;04 Leipziger Vorstadt, Pieschen;männlich;42
2003;21 Pieschen-Süd;StB 2 Pieschen;StB 2 Pieschen;04 Leipziger Vorstadt, Pieschen;weiblich;42
2003;22 Mickten;StB 2 Pieschen;StB 2 Pieschen;05 Mickten, Kaditz, Trachau;männlich;38
2003;22 Mickten;StB 2 Pieschen;StB 2 Pieschen;05 Mickten, Kaditz, Trachau;weiblich;39
2003;23 Kaditz;StB 2 Pieschen;StB 2 Pieschen;05 Mickten, Kaditz, Trachau;männlich;16
2003;23 Kaditz;StB 2 Pieschen;StB 2 Pieschen;05 Mickten, Kaditz, Trachau;weiblich;14
2003;24 Trachau;StB 2 Pieschen;StB 2 Pieschen;05 Mickten, Kaditz, Trachau;männlich;38
2003;24 Trachau;StB 2 Pieschen;StB 2 Pieschen;05 Mickten, Kaditz, Trachau;weiblich;46
2003;25 Pieschen-N/Trachenberge;StB 2 Pieschen;StB 2 Pieschen;04 Leipziger Vorstadt, Pieschen;männlich;47
2003;25 Pieschen-N/Trachenberge;StB 2 Pieschen;StB 2 Pieschen;04 Leipziger Vorstadt, Pieschen;weiblich;85
2003;31 Klotzsche;StB 3 Klotzsche/nördliche Ortschaften;StB 3 Klotzsche;06 StB Klotzsche und nördliche OS;männlich;54
2003;31 Klotzsche;StB 3 Klotzsche/nördliche Ortschaften;StB 3 Klotzsche;06 StB Klotzsche und nördliche OS;weiblich;75
2003;32 Hellerau/Wilschdorf;StB 3 Klotzsche/nördliche Ortschaften;StB 3 Klotzsche;06 StB Klotzsche und nördliche OS;männlich;25
2003;32 Hellerau/Wilschdorf;StB 3 Klotzsche/nördliche Ortschaften;StB 3 Klotzsche;06 StB Klotzsche und nördliche OS;weiblich;24
2003;35 Weixdorf;StB 3 Klotzsche/nördliche Ortschaften;OS Weixdorf;06 StB Klotzsche und nördliche OS;männlich;18
2003;35 Weixdorf;StB 3 Klotzsche/nördliche Ortschaften;OS Weixdorf;06 StB Klotzsche und nördliche OS;weiblich;27
2003;36 Langebrück/Schönborn;StB 3 Klotzsche/nördliche Ortschaften;OS Langebrück;06 StB Klotzsche und nördliche OS;männlich;19
2003;36 Langebrück/Schönborn;StB 3 Klotzsche/nördliche Ortschaften;OS Langebrück;06 StB Klotzsche und nördliche OS;weiblich;34
2003;36 Langebrück/Schönborn;StB 3 Klotzsche/nördliche Ortschaften;OS Schönborn;06 StB Klotzsche und nördliche OS;weiblich;3
2003;41 Loschwitz/Wachwitz;StB 4 Loschwitz/OS Schönfeld-Weißig;StB 4 Loschwitz;07 StB Loschwitz und OS Schönfeld-Weißig;männlich;17
2003;41 Loschwitz/Wachwitz;StB 4 Loschwitz/OS Schönfeld-Weißig;StB 4 Loschwitz;07 StB Loschwitz und OS Schönfeld-Weißig;weiblich;20
2003;42 Bühlau/Weißer Hirsch;StB 4 Loschwitz/OS Schönfeld-Weißig;StB 4 Loschwitz;07 StB Loschwitz und OS Schönfeld-Weißig;männlich;49
2003;42 Bühlau/Weißer Hirsch;StB 4 Loschwitz/OS Schönfeld-Weißig;StB 4 Loschwitz;07 StB Loschwitz und OS Schönfeld-Weißig;weiblich;69
2003;43 Hosterwitz/Pillnitz;StB 4 Loschwitz/OS Schönfeld-Weißig;StB 4 Loschwitz;07 StB Loschwitz und OS Schönfeld-Weißig;männlich;21
2003;43 Hosterwitz/Pillnitz;StB 4 Loschwitz/OS Schönfeld-Weißig;StB 4 Loschwitz;07 StB Loschwitz und OS Schönfeld-Weißig;weiblich;25
2003;45 Weißig;StB 4 Loschwitz/OS Schönfeld-Weißig;OS Schönfeld-Weißig;07 StB Loschwitz und OS Schönfeld-Weißig;männlich;19
2003;45 Weißig;StB 4 Loschwitz/OS Schönfeld-Weißig;OS Schönfeld-Weißig;07 StB Loschwitz und OS Schönfeld-Weißig;weiblich;30
2003;46 Gönnsdorf/Pappritz;StB 4 Loschwitz/OS Schönfeld-Weißig;OS Schönfeld-Weißig;07 StB Loschwitz und OS Schönfeld-Weißig;männlich;10
2003;46 Gönnsdorf/Pappritz;StB 4 Loschwitz/OS Schönfeld-Weißig;OS Schönfeld-Weißig;07 StB Loschwitz und OS Schönfeld-Weißig;weiblich;10
2003;47 Schönfeld/Schullwitz;StB 4 Loschwitz/OS Schönfeld-Weißig;OS Schönfeld-Weißig;07 StB Loschwitz und OS Schönfeld-Weißig;männlich;17
2003;47 Schönfeld/Schullwitz;StB 4 Loschwitz/OS Schönfeld-Weißig;OS Schönfeld-Weißig;07 StB Loschwitz und OS Schönfeld-Weißig;weiblich;9
2003;51 Blasewitz;StB 5 Blasewitz;StB 5 Blasewitz;08 Blasewitz, Striesen;männlich;43
2003;51 Blasewitz;StB 5 Blasewitz;StB 5 Blasewitz;08 Blasewitz, Striesen;weiblich;58
2003;52 Striesen-Ost;StB 5 Blasewitz;StB 5 Blasewitz;08 Blasewitz, Striesen;männlich;24
2003;52 Striesen-Ost;StB 5 Blasewitz;StB 5 Blasewitz;08 Blasewitz, Striesen;weiblich;41
2003;53 Striesen-Süd;StB 5 Blasewitz;StB 5 Blasewitz;08 Blasewitz, Striesen;männlich;49
2003;53 Striesen-Süd;StB 5 Blasewitz;StB 5 Blasewitz;08 Blasewitz, Striesen;weiblich;36
2003;54 Striesen-West;StB 5 Blasewitz;StB 5 Blasewitz;08 Blasewitz, Striesen;männlich;49
2003;54 Striesen-West;StB 5 Blasewitz;StB 5 Blasewitz;08 Blasewitz, Striesen;weiblich;49
2003;55 Tolkewitz/Seidnitz-Nord;StB 5 Blasewitz;StB 5 Blasewitz;09 Tolkewitz, Seidnitz, Gruna;männlich;46
2003;55 Tolkewitz/Seidnitz-Nord;StB 5 Blasewitz;StB 5 Blasewitz;09 Tolkewitz, Seidnitz, Gruna;weiblich;31
2003;56 Seidnitz/Dobritz;StB 5 Blasewitz;StB 5 Blasewitz;09 Tolkewitz, Seidnitz, Gruna;männlich;51
2003;56 Seidnitz/Dobritz;StB 5 Blasewitz;StB 5 Blasewitz;09 Tolkewitz, Seidnitz, Gruna;weiblich;54
2003;57 Gruna;StB 5 Blasewitz;StB 5 Blasewitz;09 Tolkewitz, Seidnitz, Gruna;männlich;49
2003;57 Gruna;StB 5 Blasewitz;StB 5 Blasewitz;09 Tolkewitz, Seidnitz, Gruna;weiblich;46
2003;61 Leuben;StB 6 Leuben;StB 6 Leuben;10 StB Leuben;männlich;50
2003;61 Leuben;StB 6 Leuben;StB 6 Leuben;10 StB Leuben;weiblich;89
2003;62 Laubegast;StB 6 Leuben;StB 6 Leuben;10 StB Leuben;männlich;47
2003;62 Laubegast;StB 6 Leuben;StB 6 Leuben;10 StB Leuben;weiblich;37
2003;63 Kleinzschachwitz;StB 6 Leuben;StB 6 Leuben;10 StB Leuben;männlich;35
2003;63 Kleinzschachwitz;StB 6 Leuben;StB 6 Leuben;10 StB Leuben;weiblich;21
2003;64 Großzschachwitz;StB 6 Leuben;StB 6 Leuben;10 StB Leuben;männlich;35
2003;64 Großzschachwitz;StB 6 Leuben;StB 6 Leuben;10 StB Leuben;weiblich;75
2003;71 Prohlis-Nord;StB 7 Prohlis;StB 7 Prohlis;11 Prohlis, Reick (mit Sternhäuser, Am Koitschgraben);männlich;20
2003;71 Prohlis-Nord;StB 7 Prohlis;StB 7 Prohlis;11 Prohlis, Reick (mit Sternhäuser, Am Koitschgraben);weiblich;25
2003;72 Prohlis-Süd;StB 7 Prohlis;StB 7 Prohlis;11 Prohlis, Reick (mit Sternhäuser, Am Koitschgraben);männlich;45
2003;72 Prohlis-Süd;StB 7 Prohlis;StB 7 Prohlis;11 Prohlis, Reick (mit Sternhäuser, Am Koitschgraben);weiblich;75
2003;73 Niedersedlitz;StB 7 Prohlis;StB 7 Prohlis;12 Niedersedlitz, Leubnitz, Strehlen (ohne Sternhäuser, Am Koitschgraben);männlich;32
2003;73 Niedersedlitz;StB 7 Prohlis;StB 7 Prohlis;12 Niedersedlitz, Leubnitz, Strehlen (ohne Sternhäuser, Am Koitschgraben);weiblich;31
2003;74 Lockwitz;StB 7 Prohlis;StB 7 Prohlis;12 Niedersedlitz, Leubnitz, Strehlen (ohne Sternhäuser, Am Koitschgraben);männlich;13
2003;74 Lockwitz;StB 7 Prohlis;StB 7 Prohlis;12 Niedersedlitz, Leubnitz, Strehlen (ohne Sternhäuser, Am Koitschgraben);weiblich;19
2003;75 Leubnitz-Neuostra;StB 7 Prohlis;StB 7 Prohlis;12 Niedersedlitz, Leubnitz, Strehlen (ohne Sternhäuser, Am Koitschgraben);männlich;51
2003;75 Leubnitz-Neuostra;StB 7 Prohlis;StB 7 Prohlis;12 Niedersedlitz, Leubnitz, Strehlen (ohne Sternhäuser, Am Koitschgraben);weiblich;62
2003;76 Strehlen;StB 7 Prohlis;StB 7 Prohlis;11 Prohlis, Reick (mit Sternhäuser, Am Koitschgraben);männlich;13
2003;76 Strehlen;StB 7 Prohlis;StB 7 Prohlis;11 Prohlis, Reick (mit Sternhäuser, Am Koitschgraben);weiblich;9
2003;76 Strehlen;StB 7 Prohlis;StB 7 Prohlis;12 Niedersedlitz, Leubnitz, Strehlen (ohne Sternhäuser, Am Koitschgraben);männlich;33
2003;76 Strehlen;StB 7 Prohlis;StB 7 Prohlis;12 Niedersedlitz, Leubnitz, Strehlen (ohne Sternhäuser, Am Koitschgraben);weiblich;54
2003;77 Reick;StB 7 Prohlis;StB 7 Prohlis;11 Prohlis, Reick (mit Sternhäuser, Am Koitschgraben);männlich;17
2003;77 Reick;StB 7 Prohlis;StB 7 Prohlis;11 Prohlis, Reick (mit Sternhäuser, Am Koitschgraben);weiblich;13
2003;81 Südvorstadt-West;StB 8 Plauen;StB 8 Plauen;13 Südvorstadt, Zschertnitz;männlich;52
2003;81 Südvorstadt-West;StB 8 Plauen;StB 8 Plauen;13 Südvorstadt, Zschertnitz;weiblich;35
2003;82 Südvorstadt-Ost;StB 8 Plauen;StB 8 Plauen;13 Südvorstadt, Zschertnitz;männlich;22
2003;82 Südvorstadt-Ost;StB 8 Plauen;StB 8 Plauen;13 Südvorstadt, Zschertnitz;weiblich;14
2003;83 Räcknitz/Zschertnitz;StB 8 Plauen;StB 8 Plauen;13 Südvorstadt, Zschertnitz;männlich;34
2003;83 Räcknitz/Zschertnitz;StB 8 Plauen;StB 8 Plauen;13 Südvorstadt, Zschertnitz;weiblich;35
2003;84 Kleinpestitz/Mockritz;StB 8 Plauen;StB 8 Plauen;14 Mockritz, Coschütz, Plauen;männlich;22
2003;84 Kleinpestitz/Mockritz;StB 8 Plauen;StB 8 Plauen;14 Mockritz, Coschütz, Plauen;weiblich;24
2003;85 Coschütz/Gittersee;StB 8 Plauen;StB 8 Plauen;14 Mockritz, Coschütz, Plauen;männlich;26
2003;85 Coschütz/Gittersee;StB 8 Plauen;StB 8 Plauen;14 Mockritz, Coschütz, Plauen;weiblich;17
2003;86 Plauen;StB 8 Plauen;StB 8 Plauen;14 Mockritz, Coschütz, Plauen;männlich;33
2003;86 Plauen;StB 8 Plauen;StB 8 Plauen;14 Mockritz, Coschütz, Plauen;weiblich;50
2003;90 Cossebaude/Mobschatz/Oberw.;StB 9 Cotta/westliche Ortschaften;OS Cossebaude;17 Briesnitz und westliche OS;männlich;22
2003;90 Cossebaude/Mobschatz/Oberw.;StB 9 Cotta/westliche Ortschaften;OS Cossebaude;17 Briesnitz und westliche OS;weiblich;37
2003;90 Cossebaude/Mobschatz/Oberw.;StB 9 Cotta/westliche Ortschaften;OS Mobschatz;17 Briesnitz und westliche OS;männlich;7
2003;90 Cossebaude/Mobschatz/Oberw.;StB 9 Cotta/westliche Ortschaften;OS Mobschatz;17 Briesnitz und westliche OS;weiblich;2
2003;90 Cossebaude/Mobschatz/Oberw.;StB 9 Cotta/westliche Ortschaften;OS Oberwartha;17 Briesnitz und westliche OS;weiblich;2
2003;91 Cotta;StB 9 Cotta/westliche Ortschaften;StB 9 Cotta;15 Cotta, Löbtau, Naußlitz, Dölzschen;männlich;29
2003;91 Cotta;StB 9 Cotta/westliche Ortschaften;StB 9 Cotta;15 Cotta, Löbtau, Naußlitz, Dölzschen;weiblich;37
2003;92 Löbtau-Nord;StB 9 Cotta/westliche Ortschaften;StB 9 Cotta;15 Cotta, Löbtau, Naußlitz, Dölzschen;männlich;14
2003;92 Löbtau-Nord;StB 9 Cotta/westliche Ortschaften;StB 9 Cotta;15 Cotta, Löbtau, Naußlitz, Dölzschen;weiblich;22
2003;93 Löbtau-Süd;StB 9 Cotta/westliche Ortschaften;StB 9 Cotta;15 Cotta, Löbtau, Naußlitz, Dölzschen;männlich;31
2003;93 Löbtau-Süd;StB 9 Cotta/westliche Ortschaften;StB 9 Cotta;15 Cotta, Löbtau, Naußlitz, Dölzschen;weiblich;25
2003;94 Naußlitz;StB 9 Cotta/westliche Ortschaften;StB 9 Cotta;15 Cotta, Löbtau, Naußlitz, Dölzschen;männlich;36
2003;94 Naußlitz;StB 9 Cotta/westliche Ortschaften;StB 9 Cotta;15 Cotta, Löbtau, Naußlitz, Dölzschen;weiblich;30
2003;95 Gorbitz-Süd;StB 9 Cotta/westliche Ortschaften;StB 9 Cotta;16 Gorbitz;männlich;46
2003;95 Gorbitz-Süd;StB 9 Cotta/westliche Ortschaften;StB 9 Cotta;16 Gorbitz;weiblich;78
2003;96 Gorbitz-Ost;StB 9 Cotta/westliche Ortschaften;StB 9 Cotta;16 Gorbitz;männlich;33
2003;96 Gorbitz-Ost;StB 9 Cotta/westliche Ortschaften;StB 9 Cotta;16 Gorbitz;weiblich;62
2003;97 Gorbitz-Nord/Neu-Omsewitz;StB 9 Cotta/westliche Ortschaften;StB 9 Cotta;16 Gorbitz;männlich;23
2003;97 Gorbitz-Nord/Neu-Omsewitz;StB 9 Cotta/westliche Ortschaften;StB 9 Cotta;16 Gorbitz;weiblich;20
2003;98 Briesnitz;StB 9 Cotta/westliche Ortschaften;StB 9 Cotta;17 Briesnitz und westliche OS;männlich;31
2003;98 Briesnitz;StB 9 Cotta/westliche Ortschaften;StB 9 Cotta;17 Briesnitz und westliche OS;weiblich;34
2003;99 Altfranken/Gompitz;StB 9 Cotta/westliche Ortschaften;OS Altfranken;17 Briesnitz und westliche OS;männlich;3
2003;99 Altfranken/Gompitz;StB 9 Cotta/westliche Ortschaften;OS Altfranken;17 Briesnitz und westliche OS;weiblich;2
2003;99 Altfranken/Gompitz;StB 9 Cotta/westliche Ortschaften;OS Gompitz;17 Briesnitz und westliche OS;männlich;9
2003;99 Altfranken/Gompitz;StB 9 Cotta/westliche Ortschaften;OS Gompitz;17 Briesnitz und westliche OS;weiblich;7
2004;01 Innere Altstadt;StB 0 Altstadt;StB 0 Altstadt;01 StB Altstadt ohne Johannstadt;männlich;18
2004;01 Innere Altstadt;StB 0 Altstadt;StB 0 Altstadt;01 StB Altstadt ohne Johannstadt;weiblich;18
2004;02 Pirnaische Vorstadt;StB 0 Altstadt;StB 0 Altstadt;01 StB Altstadt ohne Johannstadt;männlich;51
2004;02 Pirnaische Vorstadt;StB 0 Altstadt;StB 0 Altstadt;01 StB Altstadt ohne Johannstadt;weiblich;93
2004;03 Seevorstadt-Ost;StB 0 Altstadt;StB 0 Altstadt;01 StB Altstadt ohne Johannstadt;männlich;42
2004;03 Seevorstadt-Ost;StB 0 Altstadt;StB 0 Altstadt;01 StB Altstadt ohne Johannstadt;weiblich;73
2004;04 Wilsdruffer Vs./Seevs.-West;StB 0 Altstadt;StB 0 Altstadt;01 StB Altstadt ohne Johannstadt;männlich;62
2004;04 Wilsdruffer Vs./Seevs.-West;StB 0 Altstadt;StB 0 Altstadt;01 StB Altstadt ohne Johannstadt;weiblich;114
2004;05 Friedrichstadt;StB 0 Altstadt;StB 0 Altstadt;01 StB Altstadt ohne Johannstadt;männlich;39
2004;05 Friedrichstadt;StB 0 Altstadt;StB 0 Altstadt;01 StB Altstadt ohne Johannstadt;weiblich;84
2004;06 Johannstadt-Nord;StB 0 Altstadt;StB 0 Altstadt;02 Johannstadt;männlich;86
2004;06 Johannstadt-Nord;StB 0 Altstadt;StB 0 Altstadt;02 Johannstadt;weiblich;195
2004;07 Johannstadt-Süd;StB 0 Altstadt;StB 0 Altstadt;02 Johannstadt;männlich;79
2004;07 Johannstadt-Süd;StB 0 Altstadt;StB 0 Altstadt;02 Johannstadt;weiblich;74
2004;11 Äußere Neustadt (Antonstadt);StB 1 Neustadt;StB 1 Neustadt;03 StB Neustadt ohne Leipziger Vorstadt;männlich;49
2004;11 Äußere Neustadt (Antonstadt);StB 1 Neustadt;StB 1 Neustadt;03 StB Neustadt ohne Leipziger Vorstadt;weiblich;74
2004;12 Radeberger Vorstadt;StB 1 Neustadt;StB 1 Neustadt;03 StB Neustadt ohne Leipziger Vorstadt;männlich;18
2004;12 Radeberger Vorstadt;StB 1 Neustadt;StB 1 Neustadt;03 StB Neustadt ohne Leipziger Vorstadt;weiblich;28
2004;13 Innere Neustadt;StB 1 Neustadt;StB 1 Neustadt;03 StB Neustadt ohne Leipziger Vorstadt;männlich;11
2004;13 Innere Neustadt;StB 1 Neustadt;StB 1 Neustadt;03 StB Neustadt ohne Leipziger Vorstadt;weiblich;31
2004;14 Leipziger Vorstadt;StB 1 Neustadt;StB 1 Neustadt;04 Leipziger Vorstadt, Pieschen;männlich;33
2004;14 Leipziger Vorstadt;StB 1 Neustadt;StB 1 Neustadt;04 Leipziger Vorstadt, Pieschen;weiblich;20
2004;15 Albertstadt;StB 1 Neustadt;StB 1 Neustadt;03 StB Neustadt ohne Leipziger Vorstadt;männlich;7
2004;15 Albertstadt;StB 1 Neustadt;StB 1 Neustadt;03 StB Neustadt ohne Leipziger Vorstadt;weiblich;7
2004;21 Pieschen-Süd;StB 2 Pieschen;StB 2 Pieschen;04 Leipziger Vorstadt, Pieschen;männlich;26
2004;21 Pieschen-Süd;StB 2 Pieschen;StB 2 Pieschen;04 Leipziger Vorstadt, Pieschen;weiblich;31
2004;22 Mickten;StB 2 Pieschen;StB 2 Pieschen;05 Mickten, Kaditz, Trachau;männlich;44
2004;22 Mickten;StB 2 Pieschen;StB 2 Pieschen;05 Mickten, Kaditz, Trachau;weiblich;47
2004;23 Kaditz;StB 2 Pieschen;StB 2 Pieschen;05 Mickten, Kaditz, Trachau;männlich;20
2004;23 Kaditz;StB 2 Pieschen;StB 2 Pieschen;05 Mickten, Kaditz, Trachau;weiblich;17
2004;24 Trachau;StB 2 Pieschen;StB 2 Pieschen;05 Mickten, Kaditz, Trachau;männlich;40
2004;24 Trachau;StB 2 Pieschen;StB 2 Pieschen;05 Mickten, Kaditz, Trachau;weiblich;48
2004;25 Pieschen-N/Trachenberge;StB 2 Pieschen;StB 2 Pieschen;04 Leipziger Vorstadt, Pieschen;männlich;51
2004;25 Pieschen-N/Trachenberge;StB 2 Pieschen;StB 2 Pieschen;04 Leipziger Vorstadt, Pieschen;weiblich;86
2004;31 Klotzsche;StB 3 Klotzsche/nördliche Ortschaften;StB 3 Klotzsche;06 StB Klotzsche und nördliche OS;männlich;44
2004;31 Klotzsche;StB 3 Klotzsche/nördliche Ortschaften;StB 3 Klotzsche;06 StB Klotzsche und nördliche OS;weiblich;68
2004;32 Hellerau/Wilschdorf;StB 3 Klotzsche/nördliche Ortschaften;StB 3 Klotzsche;06 StB Klotzsche und nördliche OS;männlich;30
2004;32 Hellerau/Wilschdorf;StB 3 Klotzsche/nördliche Ortschaften;StB 3 Klotzsche;06 StB Klotzsche und nördliche OS;weiblich;18
2004;35 Weixdorf;StB 3 Klotzsche/nördliche Ortschaften;OS Weixdorf;06 StB Klotzsche und nördliche OS;männlich;20
2004;35 Weixdorf;StB 3 Klotzsche/nördliche Ortschaften;OS Weixdorf;06 StB Klotzsche und nördliche OS;weiblich;14
2004;36 Langebrück/Schönborn;StB 3 Klotzsche/nördliche Ortschaften;OS Langebrück;06 StB Klotzsche und nördliche OS;männlich;12
2004;36 Langebrück/Schönborn;StB 3 Klotzsche/nördliche Ortschaften;OS Langebrück;06 StB Klotzsche und nördliche OS;weiblich;33
2004;36 Langebrück/Schönborn;StB 3 Klotzsche/nördliche Ortschaften;OS Schönborn;06 StB Klotzsche und nördliche OS;männlich;3
2004;36 Langebrück/Schönborn;StB 3 Klotzsche/nördliche Ortschaften;OS Schönborn;06 StB Klotzsche und nördliche OS;weiblich;2
2004;41 Loschwitz/Wachwitz;StB 4 Loschwitz/OS Schönfeld-Weißig;StB 4 Loschwitz;07 StB Loschwitz und OS Schönfeld-Weißig;männlich;16
2004;41 Loschwitz/Wachwitz;StB 4 Loschwitz/OS Schönfeld-Weißig;StB 4 Loschwitz;07 StB Loschwitz und OS Schönfeld-Weißig;weiblich;23
2004;42 Bühlau/Weißer Hirsch;StB 4 Loschwitz/OS Schönfeld-Weißig;StB 4 Loschwitz;07 StB Loschwitz und OS Schönfeld-Weißig;männlich;50
2004;42 Bühlau/Weißer Hirsch;StB 4 Loschwitz/OS Schönfeld-Weißig;StB 4 Loschwitz;07 StB Loschwitz und OS Schönfeld-Weißig;weiblich;66
2004;43 Hosterwitz/Pillnitz;StB 4 Loschwitz/OS Schönfeld-Weißig;StB 4 Loschwitz;07 StB Loschwitz und OS Schönfeld-Weißig;männlich;16
2004;43 Hosterwitz/Pillnitz;StB 4 Loschwitz/OS Schönfeld-Weißig;StB 4 Loschwitz;07 StB Loschwitz und OS Schönfeld-Weißig;weiblich;26
2004;45 Weißig;StB 4 Loschwitz/OS Schönfeld-Weißig;OS Schönfeld-Weißig;07 StB Loschwitz und OS Schönfeld-Weißig;männlich;30
2004;45 Weißig;StB 4 Loschwitz/OS Schönfeld-Weißig;OS Schönfeld-Weißig;07 StB Loschwitz und OS Schönfeld-Weißig;weiblich;40
2004;46 Gönnsdorf/Pappritz;StB 4 Loschwitz/OS Schönfeld-Weißig;OS Schönfeld-Weißig;07 StB Loschwitz und OS Schönfeld-Weißig;männlich;6
2004;46 Gönnsdorf/Pappritz;StB 4 Loschwitz/OS Schönfeld-Weißig;OS Schönfeld-Weißig;07 StB Loschwitz und OS Schönfeld-Weißig;weiblich;18
2004;47 Schönfeld/Schullwitz;StB 4 Loschwitz/OS Schönfeld-Weißig;OS Schönfeld-Weißig;07 StB Loschwitz und OS Schönfeld-Weißig;männlich;19
2004;47 Schönfeld/Schullwitz;StB 4 Loschwitz/OS Schönfeld-Weißig;OS Schönfeld-Weißig;07 StB Loschwitz und OS Schönfeld-Weißig;weiblich;11
2004;51 Blasewitz;StB 5 Blasewitz;StB 5 Blasewitz;08 Blasewitz, Striesen;männlich;28
2004;51 Blasewitz;StB 5 Blasewitz;StB 5 Blasewitz;08 Blasewitz, Striesen;weiblich;41
2004;52 Striesen-Ost;StB 5 Blasewitz;StB 5 Blasewitz;08 Blasewitz, Striesen;männlich;29
2004;52 Striesen-Ost;StB 5 Blasewitz;StB 5 Blasewitz;08 Blasewitz, Striesen;weiblich;39
2004;53 Striesen-Süd;StB 5 Blasewitz;StB 5 Blasewitz;08 Blasewitz, Striesen;männlich;34
2004;53 Striesen-Süd;StB 5 Blasewitz;StB 5 Blasewitz;08 Blasewitz, Striesen;weiblich;47
2004;54 Striesen-West;StB 5 Blasewitz;StB 5 Blasewitz;08 Blasewitz, Striesen;männlich;40
2004;54 Striesen-West;StB 5 Blasewitz;StB 5 Blasewitz;08 Blasewitz, Striesen;weiblich;32
2004;55 Tolkewitz/Seidnitz-Nord;StB 5 Blasewitz;StB 5 Blasewitz;09 Tolkewitz, Seidnitz, Gruna;männlich;48
2004;55 Tolkewitz/Seidnitz-Nord;StB 5 Blasewitz;StB 5 Blasewitz;09 Tolkewitz, Seidnitz, Gruna;weiblich;42
2004;56 Seidnitz/Dobritz;StB 5 Blasewitz;StB 5 Blasewitz;09 Tolkewitz, Seidnitz, Gruna;männlich;36
2004;56 Seidnitz/Dobritz;StB 5 Blasewitz;StB 5 Blasewitz;09 Tolkewitz, Seidnitz, Gruna;weiblich;50
2004;57 Gruna;StB 5 Blasewitz;StB 5 Blasewitz;09 Tolkewitz, Seidnitz, Gruna;männlich;51
2004;57 Gruna;StB 5 Blasewitz;StB 5 Blasewitz;09 Tolkewitz, Seidnitz, Gruna;weiblich;47
2004;61 Leuben;StB 6 Leuben;StB 6 Leuben;10 StB Leuben;männlich;62
2004;61 Leuben;StB 6 Leuben;StB 6 Leuben;10 StB Leuben;weiblich;95
2004;62 Laubegast;StB 6 Leuben;StB 6 Leuben;10 StB Leuben;männlich;47
2004;62 Laubegast;StB 6 Leuben;StB 6 Leuben;10 StB Leuben;weiblich;49
2004;63 Kleinzschachwitz;StB 6 Leuben;StB 6 Leuben;10 StB Leuben;männlich;36
2004;63 Kleinzschachwitz;StB 6 Leuben;StB 6 Leuben;10 StB Leuben;weiblich;28
2004;64 Großzschachwitz;StB 6 Leuben;StB 6 Leuben;10 StB Leuben;männlich;39
2004;64 Großzschachwitz;StB 6 Leuben;StB 6 Leuben;10 StB Leuben;weiblich;83
2004;71 Prohlis-Nord;StB 7 Prohlis;StB 7 Prohlis;11 Prohlis, Reick (mit Sternhäuser, Am Koitschgraben);männlich;40
2004;71 Prohlis-Nord;StB 7 Prohlis;StB 7 Prohlis;11 Prohlis, Reick (mit Sternhäuser, Am Koitschgraben);weiblich;27
2004;72 Prohlis-Süd;StB 7 Prohlis;StB 7 Prohlis;11 Prohlis, Reick (mit Sternhäuser, Am Koitschgraben);männlich;33
2004;72 Prohlis-Süd;StB 7 Prohlis;StB 7 Prohlis;11 Prohlis, Reick (mit Sternhäuser, Am Koitschgraben);weiblich;77
2004;73 Niedersedlitz;StB 7 Prohlis;StB 7 Prohlis;12 Niedersedlitz, Leubnitz, Strehlen (ohne Sternhäuser, Am Koitschgraben);männlich;30
2004;73 Niedersedlitz;StB 7 Prohlis;StB 7 Prohlis;12 Niedersedlitz, Leubnitz, Strehlen (ohne Sternhäuser, Am Koitschgraben);weiblich;27
2004;74 Lockwitz;StB 7 Prohlis;StB 7 Prohlis;12 Niedersedlitz, Leubnitz, Strehlen (ohne Sternhäuser, Am Koitschgraben);männlich;26
2004;74 Lockwitz;StB 7 Prohlis;StB 7 Prohlis;12 Niedersedlitz, Leubnitz, Strehlen (ohne Sternhäuser, Am Koitschgraben);weiblich;13
2004;75 Leubnitz-Neuostra;StB 7 Prohlis;StB 7 Prohlis;12 Niedersedlitz, Leubnitz, Strehlen (ohne Sternhäuser, Am Koitschgraben);männlich;65
2004;75 Leubnitz-Neuostra;StB 7 Prohlis;StB 7 Prohlis;12 Niedersedlitz, Leubnitz, Strehlen (ohne Sternhäuser, Am Koitschgraben);weiblich;56
2004;76 Strehlen;StB 7 Prohlis;StB 7 Prohlis;11 Prohlis, Reick (mit Sternhäuser, Am Koitschgraben);männlich;19
2004;76 Strehlen;StB 7 Prohlis;StB 7 Prohlis;11 Prohlis, Reick (mit Sternhäuser, Am Koitschgraben);weiblich;14
2004;76 Strehlen;StB 7 Prohlis;StB 7 Prohlis;12 Niedersedlitz, Leubnitz, Strehlen (ohne Sternhäuser, Am Koitschgraben);männlich;26
2004;76 Strehlen;StB 7 Prohlis;StB 7 Prohlis;12 Niedersedlitz, Leubnitz, Strehlen (ohne Sternhäuser, Am Koitschgraben);weiblich;60
2004;77 Reick;StB 7 Prohlis;StB 7 Prohlis;11 Prohlis, Reick (mit Sternhäuser, Am Koitschgraben);männlich;18
2004;77 Reick;StB 7 Prohlis;StB 7 Prohlis;11 Prohlis, Reick (mit Sternhäuser, Am Koitschgraben);weiblich;15
2004;81 Südvorstadt-West;StB 8 Plauen;StB 8 Plauen;13 Südvorstadt, Zschertnitz;männlich;40
2004;81 Südvorstadt-West;StB 8 Plauen;StB 8 Plauen;13 Südvorstadt, Zschertnitz;weiblich;30
2004;82 Südvorstadt-Ost;StB 8 Plauen;StB 8 Plauen;13 Südvorstadt, Zschertnitz;männlich;11
2004;82 Südvorstadt-Ost;StB 8 Plauen;StB 8 Plauen;13 Südvorstadt, Zschertnitz;weiblich;14
2004;83 Räcknitz/Zschertnitz;StB 8 Plauen;StB 8 Plauen;13 Südvorstadt, Zschertnitz;männlich;38
2004;83 Räcknitz/Zschertnitz;StB 8 Plauen;StB 8 Plauen;13 Südvorstadt, Zschertnitz;weiblich;31
2004;84 Kleinpestitz/Mockritz;StB 8 Plauen;StB 8 Plauen;14 Mockritz, Coschütz, Plauen;männlich;23
2004;84 Kleinpestitz/Mockritz;StB 8 Plauen;StB 8 Plauen;14 Mockritz, Coschütz, Plauen;weiblich;29
2004;85 Coschütz/Gittersee;StB 8 Plauen;StB 8 Plauen;14 Mockritz, Coschütz, Plauen;männlich;22
2004;85 Coschütz/Gittersee;StB 8 Plauen;StB 8 Plauen;14 Mockritz, Coschütz, Plauen;weiblich;14
2004;86 Plauen;StB 8 Plauen;StB 8 Plauen;14 Mockritz, Coschütz, Plauen;männlich;25
2004;86 Plauen;StB 8 Plauen;StB 8 Plauen;14 Mockritz, Coschütz, Plauen;weiblich;51
2004;90 Cossebaude/Mobschatz/Oberw.;StB 9 Cotta/westliche Ortschaften;OS Cossebaude;17 Briesnitz und westliche OS;männlich;23
2004;90 Cossebaude/Mobschatz/Oberw.;StB 9 Cotta/westliche Ortschaften;OS Cossebaude;17 Briesnitz und westliche OS;weiblich;32
2004;90 Cossebaude/Mobschatz/Oberw.;StB 9 Cotta/westliche Ortschaften;OS Mobschatz;17 Briesnitz und westliche OS;männlich;9
2004;90 Cossebaude/Mobschatz/Oberw.;StB 9 Cotta/westliche Ortschaften;OS Mobschatz;17 Briesnitz und westliche OS;weiblich;6
2004;90 Cossebaude/Mobschatz/Oberw.;StB 9 Cotta/westliche Ortschaften;OS Oberwartha;17 Briesnitz und westliche OS;männlich;2
2004;91 Cotta;StB 9 Cotta/westliche Ortschaften;StB 9 Cotta;15 Cotta, Löbtau, Naußlitz, Dölzschen;männlich;28
2004;91 Cotta;StB 9 Cotta/westliche Ortschaften;StB 9 Cotta;15 Cotta, Löbtau, Naußlitz, Dölzschen;weiblich;37
2004;92 Löbtau-Nord;StB 9 Cotta/westliche Ortschaften;StB 9 Cotta;15 Cotta, Löbtau, Naußlitz, Dölzschen;männlich;20
2004;92 Löbtau-Nord;StB 9 Cotta/westliche Ortschaften;StB 9 Cotta;15 Cotta, Löbtau, Naußlitz, Dölzschen;weiblich;17
2004;93 Löbtau-Süd;StB 9 Cotta/westliche Ortschaften;StB 9 Cotta;15 Cotta, Löbtau, Naußlitz, Dölzschen;männlich;34
2004;93 Löbtau-Süd;StB 9 Cotta/westliche Ortschaften;StB 9 Cotta;15 Cotta, Löbtau, Naußlitz, Dölzschen;weiblich;26
2004;94 Naußlitz;StB 9 Cotta/westliche Ortschaften;StB 9 Cotta;15 Cotta, Löbtau, Naußlitz, Dölzschen;männlich;41
2004;94 Naußlitz;StB 9 Cotta/westliche Ortschaften;StB 9 Cotta;15 Cotta, Löbtau, Naußlitz, Dölzschen;weiblich;41
2004;95 Gorbitz-Süd;StB 9 Cotta/westliche Ortschaften;StB 9 Cotta;16 Gorbitz;männlich;37
2004;95 Gorbitz-Süd;StB 9 Cotta/westliche Ortschaften;StB 9 Cotta;16 Gorbitz;weiblich;83
2004;96 Gorbitz-Ost;StB 9 Cotta/westliche Ortschaften;StB 9 Cotta;16 Gorbitz;männlich;32
2004;96 Gorbitz-Ost;StB 9 Cotta/westliche Ortschaften;StB 9 Cotta;16 Gorbitz;weiblich;63
2004;97 Gorbitz-Nord/Neu-Omsewitz;StB 9 Cotta/westliche Ortschaften;StB 9 Cotta;16 Gorbitz;männlich;23
2004;97 Gorbitz-Nord/Neu-Omsewitz;StB 9 Cotta/westliche Ortschaften;StB 9 Cotta;16 Gorbitz;weiblich;14
2004;98 Briesnitz;StB 9 Cotta/westliche Ortschaften;StB 9 Cotta;17 Briesnitz und westliche OS;männlich;30
2004;98 Briesnitz;StB 9 Cotta/westliche Ortschaften;StB 9 Cotta;17 Briesnitz und westliche OS;weiblich;38
2004;99 Altfranken/Gompitz;StB 9 Cotta/westliche Ortschaften;OS Altfranken;17 Briesnitz und westliche OS;männlich;1
2004;99 Altfranken/Gompitz;StB 9 Cotta/westliche Ortschaften;OS Gompitz;17 Briesnitz und westliche OS;männlich;9
2004;99 Altfranken/Gompitz;StB 9 Cotta/westliche Ortschaften;OS Gompitz;17 Briesnitz und westliche OS;weiblich;9
2005;01 Innere Altstadt;StB 0 Altstadt;StB 0 Altstadt;01 StB Altstadt ohne Johannstadt;männlich;13
2005;01 Innere Altstadt;StB 0 Altstadt;StB 0 Altstadt;01 StB Altstadt ohne Johannstadt;weiblich;18
2005;02 Pirnaische Vorstadt;StB 0 Altstadt;StB 0 Altstadt;01 StB Altstadt ohne Johannstadt;männlich;52
2005;02 Pirnaische Vorstadt;StB 0 Altstadt;StB 0 Altstadt;01 StB Altstadt ohne Johannstadt;weiblich;71
2005;03 Seevorstadt-Ost;StB 0 Altstadt;StB 0 Altstadt;01 StB Altstadt ohne Johannstadt;männlich;43
2005;03 Seevorstadt-Ost;StB 0 Altstadt;StB 0 Altstadt;01 StB Altstadt ohne Johannstadt;weiblich;75
2005;04 Wilsdruffer Vs./Seevs.-West;StB 0 Altstadt;StB 0 Altstadt;01 StB Altstadt ohne Johannstadt;männlich;64
2005;04 Wilsdruffer Vs./Seevs.-West;StB 0 Altstadt;StB 0 Altstadt;01 StB Altstadt ohne Johannstadt;weiblich;87
2005;05 Friedrichstadt;StB 0 Altstadt;StB 0 Altstadt;01 StB Altstadt ohne Johannstadt;männlich;45
2005;05 Friedrichstadt;StB 0 Altstadt;StB 0 Altstadt;01 StB Altstadt ohne Johannstadt;weiblich;106
2005;06 Johannstadt-Nord;StB 0 Altstadt;StB 0 Altstadt;02 Johannstadt;männlich;84
2005;06 Johannstadt-Nord;StB 0 Altstadt;StB 0 Altstadt;02 Johannstadt;weiblich;171
2005;07 Johannstadt-Süd;StB 0 Altstadt;StB 0 Altstadt;02 Johannstadt;männlich;89
2005;07 Johannstadt-Süd;StB 0 Altstadt;StB 0 Altstadt;02 Johannstadt;weiblich;75
2005;11 Äußere Neustadt (Antonstadt);StB 1 Neustadt;StB 1 Neustadt;03 StB Neustadt ohne Leipziger Vorstadt;männlich;37
2005;11 Äußere Neustadt (Antonstadt);StB 1 Neustadt;StB 1 Neustadt;03 StB Neustadt ohne Leipziger Vorstadt;weiblich;73
2005;12 Radeberger Vorstadt;StB 1 Neustadt;StB 1 Neustadt;03 StB Neustadt ohne Leipziger Vorstadt;männlich;20
2005;12 Radeberger Vorstadt;StB 1 Neustadt;StB 1 Neustadt;03 StB Neustadt ohne Leipziger Vorstadt;weiblich;27
2005;13 Innere Neustadt;StB 1 Neustadt;StB 1 Neustadt;03 StB Neustadt ohne Leipziger Vorstadt;männlich;23
2005;13 Innere Neustadt;StB 1 Neustadt;StB 1 Neustadt;03 StB Neustadt ohne Leipziger Vorstadt;weiblich;27
2005;14 Leipziger Vorstadt;StB 1 Neustadt;StB 1 Neustadt;04 Leipziger Vorstadt, Pieschen;männlich;22
2005;14 Leipziger Vorstadt;StB 1 Neustadt;StB 1 Neustadt;04 Leipziger Vorstadt, Pieschen;weiblich;28
2005;15 Albertstadt;StB 1 Neustadt;StB 1 Neustadt;03 StB Neustadt ohne Leipziger Vorstadt;männlich;6
2005;15 Albertstadt;StB 1 Neustadt;StB 1 Neustadt;03 StB Neustadt ohne Leipziger Vorstadt;weiblich;2
2005;21 Pieschen-Süd;StB 2 Pieschen;StB 2 Pieschen;04 Leipziger Vorstadt, Pieschen;männlich;43
2005;21 Pieschen-Süd;StB 2 Pieschen;StB 2 Pieschen;04 Leipziger Vorstadt, Pieschen;weiblich;37
2005;22 Mickten;StB 2 Pieschen;StB 2 Pieschen;05 Mickten, Kaditz, Trachau;männlich;51
2005;22 Mickten;StB 2 Pieschen;StB 2 Pieschen;05 Mickten, Kaditz, Trachau;weiblich;30
2005;23 Kaditz;StB 2 Pieschen;StB 2 Pieschen;05 Mickten, Kaditz, Trachau;männlich;25
2005;23 Kaditz;StB 2 Pieschen;StB 2 Pieschen;05 Mickten, Kaditz, Trachau;weiblich;24
2005;24 Trachau;StB 2 Pieschen;StB 2 Pieschen;05 Mickten, Kaditz, Trachau;männlich;32
2005;24 Trachau;StB 2 Pieschen;StB 2 Pieschen;05 Mickten, Kaditz, Trachau;weiblich;40
2005;25 Pieschen-N/Trachenberge;StB 2 Pieschen;StB 2 Pieschen;04 Leipziger Vorstadt, Pieschen;männlich;64
2005;25 Pieschen-N/Trachenberge;StB 2 Pieschen;StB 2 Pieschen;04 Leipziger Vorstadt, Pieschen;weiblich;65
2005;31 Klotzsche;StB 3 Klotzsche/nördliche Ortschaften;StB 3 Klotzsche;06 StB Klotzsche und nördliche OS;männlich;55
2005;31 Klotzsche;StB 3 Klotzsche/nördliche Ortschaften;StB 3 Klotzsche;06 StB Klotzsche und nördliche OS;weiblich;74
2005;32 Hellerau/Wilschdorf;StB 3 Klotzsche/nördliche Ortschaften;StB 3 Klotzsche;06 StB Klotzsche und nördliche OS;männlich;27
2005;32 Hellerau/Wilschdorf;StB 3 Klotzsche/nördliche Ortschaften;StB 3 Klotzsche;06 StB Klotzsche und nördliche OS;weiblich;17
2005;35 Weixdorf;StB 3 Klotzsche/nördliche Ortschaften;OS Weixdorf;06 StB Klotzsche und nördliche OS;männlich;18
2005;35 Weixdorf;StB 3 Klotzsche/nördliche Ortschaften;OS Weixdorf;06 StB Klotzsche und nördliche OS;weiblich;18
2005;36 Langebrück/Schönborn;StB 3 Klotzsche/nördliche Ortschaften;OS Langebrück;06 StB Klotzsche und nördliche OS;männlich;13
2005;36 Langebrück/Schönborn;StB 3 Klotzsche/nördliche Ortschaften;OS Langebrück;06 StB Klotzsche und nördliche OS;weiblich;43
2005;36 Langebrück/Schönborn;StB 3 Klotzsche/nördliche Ortschaften;OS Schönborn;06 StB Klotzsche und nördliche OS;männlich;2
2005;36 Langebrück/Schönborn;StB 3 Klotzsche/nördliche Ortschaften;OS Schönborn;06 StB Klotzsche und nördliche OS;weiblich;2
2005;41 Loschwitz/Wachwitz;StB 4 Loschwitz/OS Schönfeld-Weißig;StB 4 Loschwitz;07 StB Loschwitz und OS Schönfeld-Weißig;männlich;26
2005;41 Loschwitz/Wachwitz;StB 4 Loschwitz/OS Schönfeld-Weißig;StB 4 Loschwitz;07 StB Loschwitz und OS Schönfeld-Weißig;weiblich;11
2005;42 Bühlau/Weißer Hirsch;StB 4 Loschwitz/OS Schönfeld-Weißig;StB 4 Loschwitz;07 StB Loschwitz und OS Schönfeld-Weißig;männlich;43
2005;42 Bühlau/Weißer Hirsch;StB 4 Loschwitz/OS Schönfeld-Weißig;StB 4 Loschwitz;07 StB Loschwitz und OS Schönfeld-Weißig;weiblich;73
2005;43 Hosterwitz/Pillnitz;StB 4 Loschwitz/OS Schönfeld-Weißig;StB 4 Loschwitz;07 StB Loschwitz und OS Schönfeld-Weißig;männlich;15
2005;43 Hosterwitz/Pillnitz;StB 4 Loschwitz/OS Schönfeld-Weißig;StB 4 Loschwitz;07 StB Loschwitz und OS Schönfeld-Weißig;weiblich;22
2005;45 Weißig;StB 4 Loschwitz/OS Schönfeld-Weißig;OS Schönfeld-Weißig;07 StB Loschwitz und OS Schönfeld-Weißig;männlich;29
2005;45 Weißig;StB 4 Loschwitz/OS Schönfeld-Weißig;OS Schönfeld-Weißig;07 StB Loschwitz und OS Schönfeld-Weißig;weiblich;33
2005;46 Gönnsdorf/Pappritz;StB 4 Loschwitz/OS Schönfeld-Weißig;OS Schönfeld-Weißig;07 StB Loschwitz und OS Schönfeld-Weißig;männlich;10
2005;46 Gönnsdorf/Pappritz;StB 4 Loschwitz/OS Schönfeld-Weißig;OS Schönfeld-Weißig;07 StB Loschwitz und OS Schönfeld-Weißig;weiblich;8
2005;47 Schönfeld/Schullwitz;StB 4 Loschwitz/OS Schönfeld-Weißig;OS Schönfeld-Weißig;07 StB Loschwitz und OS Schönfeld-Weißig;männlich;9
2005;47 Schönfeld/Schullwitz;StB 4 Loschwitz/OS Schönfeld-Weißig;OS Schönfeld-Weißig;07 StB Loschwitz und OS Schönfeld-Weißig;weiblich;19
2005;51 Blasewitz;StB 5 Blasewitz;StB 5 Blasewitz;08 Blasewitz, Striesen;männlich;29
2005;51 Blasewitz;StB 5 Blasewitz;StB 5 Blasewitz;08 Blasewitz, Striesen;weiblich;78
2005;52 Striesen-Ost;StB 5 Blasewitz;StB 5 Blasewitz;08 Blasewitz, Striesen;männlich;25
2005;52 Striesen-Ost;StB 5 Blasewitz;StB 5 Blasewitz;08 Blasewitz, Striesen;weiblich;39
2005;53 Striesen-Süd;StB 5 Blasewitz;StB 5 Blasewitz;08 Blasewitz, Striesen;männlich;33
2005;53 Striesen-Süd;StB 5 Blasewitz;StB 5 Blasewitz;08 Blasewitz, Striesen;weiblich;31
2005;54 Striesen-West;StB 5 Blasewitz;StB 5 Blasewitz;08 Blasewitz, Striesen;männlich;32
2005;54 Striesen-West;StB 5 Blasewitz;StB 5 Blasewitz;08 Blasewitz, Striesen;weiblich;35
2005;55 Tolkewitz/Seidnitz-Nord;StB 5 Blasewitz;StB 5 Blasewitz;09 Tolkewitz, Seidnitz, Gruna;männlich;32
2005;55 Tolkewitz/Seidnitz-Nord;StB 5 Blasewitz;StB 5 Blasewitz;09 Tolkewitz, Seidnitz, Gruna;weiblich;39
2005;56 Seidnitz/Dobritz;StB 5 Blasewitz;StB 5 Blasewitz;09 Tolkewitz, Seidnitz, Gruna;männlich;40
2005;56 Seidnitz/Dobritz;StB 5 Blasewitz;StB 5 Blasewitz;09 Tolkewitz, Seidnitz, Gruna;weiblich;40
2005;57 Gruna;StB 5 Blasewitz;StB 5 Blasewitz;09 Tolkewitz, Seidnitz, Gruna;männlich;56
2005;57 Gruna;StB 5 Blasewitz;StB 5 Blasewitz;09 Tolkewitz, Seidnitz, Gruna;weiblich;55
2005;61 Leuben;StB 6 Leuben;StB 6 Leuben;10 StB Leuben;männlich;61
2005;61 Leuben;StB 6 Leuben;StB 6 Leuben;10 StB Leuben;weiblich;100
2005;62 Laubegast;StB 6 Leuben;StB 6 Leuben;10 StB Leuben;männlich;41
2005;62 Laubegast;StB 6 Leuben;StB 6 Leuben;10 StB Leuben;weiblich;40
2005;63 Kleinzschachwitz;StB 6 Leuben;StB 6 Leuben;10 StB Leuben;männlich;30
2005;63 Kleinzschachwitz;StB 6 Leuben;StB 6 Leuben;10 StB Leuben;weiblich;35
2005;64 Großzschachwitz;StB 6 Leuben;StB 6 Leuben;10 StB Leuben;männlich;34
2005;64 Großzschachwitz;StB 6 Leuben;StB 6 Leuben;10 StB Leuben;weiblich;84
2005;71 Prohlis-Nord;StB 7 Prohlis;StB 7 Prohlis;11 Prohlis, Reick (mit Sternhäuser, Am Koitschgraben);männlich;30
2005;71 Prohlis-Nord;StB 7 Prohlis;StB 7 Prohlis;11 Prohlis, Reick (mit Sternhäuser, Am Koitschgraben);weiblich;22
2005;72 Prohlis-Süd;StB 7 Prohlis;StB 7 Prohlis;11 Prohlis, Reick (mit Sternhäuser, Am Koitschgraben);männlich;50
2005;72 Prohlis-Süd;StB 7 Prohlis;StB 7 Prohlis;11 Prohlis, Reick (mit Sternhäuser, Am Koitschgraben);weiblich;61
2005;73 Niedersedlitz;StB 7 Prohlis;StB 7 Prohlis;12 Niedersedlitz, Leubnitz, Strehlen (ohne Sternhäuser, Am Koitschgraben);männlich;25
2005;73 Niedersedlitz;StB 7 Prohlis;StB 7 Prohlis;12 Niedersedlitz, Leubnitz, Strehlen (ohne Sternhäuser, Am Koitschgraben);weiblich;24
2005;74 Lockwitz;StB 7 Prohlis;StB 7 Prohlis;12 Niedersedlitz, Leubnitz, Strehlen (ohne Sternhäuser, Am Koitschgraben);männlich;13
2005;74 Lockwitz;StB 7 Prohlis;StB 7 Prohlis;12 Niedersedlitz, Leubnitz, Strehlen (ohne Sternhäuser, Am Koitschgraben);weiblich;13
2005;75 Leubnitz-Neuostra;StB 7 Prohlis;StB 7 Prohlis;12 Niedersedlitz, Leubnitz, Strehlen (ohne Sternhäuser, Am Koitschgraben);männlich;66
2005;75 Leubnitz-Neuostra;StB 7 Prohlis;StB 7 Prohlis;12 Niedersedlitz, Leubnitz, Strehlen (ohne Sternhäuser, Am Koitschgraben);weiblich;76
2005;76 Strehlen;StB 7 Prohlis;StB 7 Prohlis;11 Prohlis, Reick (mit Sternhäuser, Am Koitschgraben);männlich;16
2005;76 Strehlen;StB 7 Prohlis;StB 7 Prohlis;11 Prohlis, Reick (mit Sternhäuser, Am Koitschgraben);weiblich;11
2005;76 Strehlen;StB 7 Prohlis;StB 7 Prohlis;12 Niedersedlitz, Leubnitz, Strehlen (ohne Sternhäuser, Am Koitschgraben);männlich;30
2005;76 Strehlen;StB 7 Prohlis;StB 7 Prohlis;12 Niedersedlitz, Leubnitz, Strehlen (ohne Sternhäuser, Am Koitschgraben);weiblich;52
2005;77 Reick;StB 7 Prohlis;StB 7 Prohlis;11 Prohlis, Reick (mit Sternhäuser, Am Koitschgraben);männlich;25
2005;77 Reick;StB 7 Prohlis;StB 7 Prohlis;11 Prohlis, Reick (mit Sternhäuser, Am Koitschgraben);weiblich;18
2005;81 Südvorstadt-West;StB 8 Plauen;StB 8 Plauen;13 Südvorstadt, Zschertnitz;männlich;39
2005;81 Südvorstadt-West;StB 8 Plauen;StB 8 Plauen;13 Südvorstadt, Zschertnitz;weiblich;33
2005;82 Südvorstadt-Ost;StB 8 Plauen;StB 8 Plauen;13 Südvorstadt, Zschertnitz;männlich;20
2005;82 Südvorstadt-Ost;StB 8 Plauen;StB 8 Plauen;13 Südvorstadt, Zschertnitz;weiblich;13
2005;83 Räcknitz/Zschertnitz;StB 8 Plauen;StB 8 Plauen;13 Südvorstadt, Zschertnitz;männlich;35
2005;83 Räcknitz/Zschertnitz;StB 8 Plauen;StB 8 Plauen;13 Südvorstadt, Zschertnitz;weiblich;32
2005;84 Kleinpestitz/Mockritz;StB 8 Plauen;StB 8 Plauen;14 Mockritz, Coschütz, Plauen;männlich;22
2005;84 Kleinpestitz/Mockritz;StB 8 Plauen;StB 8 Plauen;14 Mockritz, Coschütz, Plauen;weiblich;25
2005;85 Coschütz/Gittersee;StB 8 Plauen;StB 8 Plauen;14 Mockritz, Coschütz, Plauen;männlich;20
2005;85 Coschütz/Gittersee;StB 8 Plauen;StB 8 Plauen;14 Mockritz, Coschütz, Plauen;weiblich;22
2005;86 Plauen;StB 8 Plauen;StB 8 Plauen;14 Mockritz, Coschütz, Plauen;männlich;48
2005;86 Plauen;StB 8 Plauen;StB 8 Plauen;14 Mockritz, Coschütz, Plauen;weiblich;54
2005;90 Cossebaude/Mobschatz/Oberw.;StB 9 Cotta/westliche Ortschaften;OS Cossebaude;17 Briesnitz und westliche OS;männlich;26
2005;90 Cossebaude/Mobschatz/Oberw.;StB 9 Cotta/westliche Ortschaften;OS Cossebaude;17 Briesnitz und westliche OS;weiblich;34
2005;90 Cossebaude/Mobschatz/Oberw.;StB 9 Cotta/westliche Ortschaften;OS Mobschatz;17 Briesnitz und westliche OS;männlich;2
2005;90 Cossebaude/Mobschatz/Oberw.;StB 9 Cotta/westliche Ortschaften;OS Mobschatz;17 Briesnitz und westliche OS;weiblich;5
2005;90 Cossebaude/Mobschatz/Oberw.;StB 9 Cotta/westliche Ortschaften;OS Oberwartha;17 Briesnitz und westliche OS;männlich;5
2005;90 Cossebaude/Mobschatz/Oberw.;StB 9 Cotta/westliche Ortschaften;OS Oberwartha;17 Briesnitz und westliche OS;weiblich;3
2005;91 Cotta;StB 9 Cotta/westliche Ortschaften;StB 9 Cotta;15 Cotta, Löbtau, Naußlitz, Dölzschen;männlich;36
2005;91 Cotta;StB 9 Cotta/westliche Ortschaften;StB 9 Cotta;15 Cotta, Löbtau, Naußlitz, Dölzschen;weiblich;32
2005;92 Löbtau-Nord;StB 9 Cotta/westliche Ortschaften;StB 9 Cotta;15 Cotta, Löbtau, Naußlitz, Dölzschen;männlich;19
2005;92 Löbtau-Nord;StB 9 Cotta/westliche Ortschaften;StB 9 Cotta;15 Cotta, Löbtau, Naußlitz, Dölzschen;weiblich;18
2005;93 Löbtau-Süd;StB 9 Cotta/westliche Ortschaften;StB 9 Cotta;15 Cotta, Löbtau, Naußlitz, Dölzschen;männlich;26
2005;93 Löbtau-Süd;StB 9 Cotta/westliche Ortschaften;StB 9 Cotta;15 Cotta, Löbtau, Naußlitz, Dölzschen;weiblich;32
2005;94 Naußlitz;StB 9 Cotta/westliche Ortschaften;StB 9 Cotta;15 Cotta, Löbtau, Naußlitz, Dölzschen;männlich;44
2005;94 Naußlitz;StB 9 Cotta/westliche Ortschaften;StB 9 Cotta;15 Cotta, Löbtau, Naußlitz, Dölzschen;weiblich;58
2005;95 Gorbitz-Süd;StB 9 Cotta/westliche Ortschaften;StB 9 Cotta;16 Gorbitz;männlich;48
2005;95 Gorbitz-Süd;StB 9 Cotta/westliche Ortschaften;StB 9 Cotta;16 Gorbitz;weiblich;92
2005;96 Gorbitz-Ost;StB 9 Cotta/westliche Ortschaften;StB 9 Cotta;16 Gorbitz;männlich;37
2005;96 Gorbitz-Ost;StB 9 Cotta/westliche Ortschaften;StB 9 Cotta;16 Gorbitz;weiblich;65
2005;97 Gorbitz-Nord/Neu-Omsewitz;StB 9 Cotta/westliche Ortschaften;StB 9 Cotta;16 Gorbitz;männlich;27
2005;97 Gorbitz-Nord/Neu-Omsewitz;StB 9 Cotta/westliche Ortschaften;StB 9 Cotta;16 Gorbitz;weiblich;14
2005;98 Briesnitz;StB 9 Cotta/westliche Ortschaften;StB 9 Cotta;17 Briesnitz und westliche OS;männlich;36
2005;98 Briesnitz;StB 9 Cotta/westliche Ortschaften;StB 9 Cotta;17 Briesnitz und westliche OS;weiblich;32
2005;99 Altfranken/Gompitz;StB 9 Cotta/westliche Ortschaften;OS Altfranken;17 Briesnitz und westliche OS;männlich;3
2005;99 Altfranken/Gompitz;StB 9 Cotta/westliche Ortschaften;OS Altfranken;17 Briesnitz und westliche OS;weiblich;1
2005;99 Altfranken/Gompitz;StB 9 Cotta/westliche Ortschaften;OS Gompitz;17 Briesnitz und westliche OS;männlich;11
2005;99 Altfranken/Gompitz;StB 9 Cotta/westliche Ortschaften;OS Gompitz;17 Briesnitz und westliche OS;weiblich;10
2006;01 Innere Altstadt;StB 0 Altstadt;StB 0 Altstadt;01 StB Altstadt ohne Johannstadt;männlich;9
2006;01 Innere Altstadt;StB 0 Altstadt;StB 0 Altstadt;01 StB Altstadt ohne Johannstadt;weiblich;9
2006;02 Pirnaische Vorstadt;StB 0 Altstadt;StB 0 Altstadt;01 StB Altstadt ohne Johannstadt;männlich;54
2006;02 Pirnaische Vorstadt;StB 0 Altstadt;StB 0 Altstadt;01 StB Altstadt ohne Johannstadt;weiblich;70
2006;03 Seevorstadt-Ost;StB 0 Altstadt;StB 0 Altstadt;01 StB Altstadt ohne Johannstadt;männlich;36
2006;03 Seevorstadt-Ost;StB 0 Altstadt;StB 0 Altstadt;01 StB Altstadt ohne Johannstadt;weiblich;41
2006;04 Wilsdruffer Vs./Seevs.-West;StB 0 Altstadt;StB 0 Altstadt;01 StB Altstadt ohne Johannstadt;männlich;52
2006;04 Wilsdruffer Vs./Seevs.-West;StB 0 Altstadt;StB 0 Altstadt;01 StB Altstadt ohne Johannstadt;weiblich;92
2006;05 Friedrichstadt;StB 0 Altstadt;StB 0 Altstadt;01 StB Altstadt ohne Johannstadt;männlich;45
2006;05 Friedrichstadt;StB 0 Altstadt;StB 0 Altstadt;01 StB Altstadt ohne Johannstadt;weiblich;94
2006;06 Johannstadt-Nord;StB 0 Altstadt;StB 0 Altstadt;02 Johannstadt;männlich;64
2006;06 Johannstadt-Nord;StB 0 Altstadt;StB 0 Altstadt;02 Johannstadt;weiblich;173
2006;07 Johannstadt-Süd;StB 0 Altstadt;StB 0 Altstadt;02 Johannstadt;männlich;65
2006;07 Johannstadt-Süd;StB 0 Altstadt;StB 0 Altstadt;02 Johannstadt;weiblich;92
2006;11 Äußere Neustadt (Antonstadt);StB 1 Neustadt;StB 1 Neustadt;03 StB Neustadt ohne Leipziger Vorstadt;männlich;29
2006;11 Äußere Neustadt (Antonstadt);StB 1 Neustadt;StB 1 Neustadt;03 StB Neustadt ohne Leipziger Vorstadt;weiblich;54
2006;12 Radeberger Vorstadt;StB 1 Neustadt;StB 1 Neustadt;03 StB Neustadt ohne Leipziger Vorstadt;männlich;20
2006;12 Radeberger Vorstadt;StB 1 Neustadt;StB 1 Neustadt;03 StB Neustadt ohne Leipziger Vorstadt;weiblich;25
2006;13 Innere Neustadt;StB 1 Neustadt;StB 1 Neustadt;03 StB Neustadt ohne Leipziger Vorstadt;männlich;15
2006;13 Innere Neustadt;StB 1 Neustadt;StB 1 Neustadt;03 StB Neustadt ohne Leipziger Vorstadt;weiblich;24
2006;14 Leipziger Vorstadt;StB 1 Neustadt;StB 1 Neustadt;04 Leipziger Vorstadt, Pieschen;männlich;29
2006;14 Leipziger Vorstadt;StB 1 Neustadt;StB 1 Neustadt;04 Leipziger Vorstadt, Pieschen;weiblich;16
2006;15 Albertstadt;StB 1 Neustadt;StB 1 Neustadt;03 StB Neustadt ohne Leipziger Vorstadt;männlich;6
2006;15 Albertstadt;StB 1 Neustadt;StB 1 Neustadt;03 StB Neustadt ohne Leipziger Vorstadt;weiblich;7
2006;21 Pieschen-Süd;StB 2 Pieschen;StB 2 Pieschen;04 Leipziger Vorstadt, Pieschen;männlich;36
2006;21 Pieschen-Süd;StB 2 Pieschen;StB 2 Pieschen;04 Leipziger Vorstadt, Pieschen;weiblich;35
2006;22 Mickten;StB 2 Pieschen;StB 2 Pieschen;05 Mickten, Kaditz, Trachau;männlich;31
2006;22 Mickten;StB 2 Pieschen;StB 2 Pieschen;05 Mickten, Kaditz, Trachau;weiblich;26
2006;23 Kaditz;StB 2 Pieschen;StB 2 Pieschen;05 Mickten, Kaditz, Trachau;männlich;22
2006;23 Kaditz;StB 2 Pieschen;StB 2 Pieschen;05 Mickten, Kaditz, Trachau;weiblich;28
2006;24 Trachau;StB 2 Pieschen;StB 2 Pieschen;05 Mickten, Kaditz, Trachau;männlich;45
2006;24 Trachau;StB 2 Pieschen;StB 2 Pieschen;05 Mickten, Kaditz, Trachau;weiblich;36
2006;25 Pieschen-N/Trachenberge;StB 2 Pieschen;StB 2 Pieschen;04 Leipziger Vorstadt, Pieschen;männlich;57
2006;25 Pieschen-N/Trachenberge;StB 2 Pieschen;StB 2 Pieschen;04 Leipziger Vorstadt, Pieschen;weiblich;65
2006;31 Klotzsche;StB 3 Klotzsche/nördliche Ortschaften;StB 3 Klotzsche;06 StB Klotzsche und nördliche OS;männlich;57
2006;31 Klotzsche;StB 3 Klotzsche/nördliche Ortschaften;StB 3 Klotzsche;06 StB Klotzsche und nördliche OS;weiblich;77
2006;32 Hellerau/Wilschdorf;StB 3 Klotzsche/nördliche Ortschaften;StB 3 Klotzsche;06 StB Klotzsche und nördliche OS;männlich;16
2006;32 Hellerau/Wilschdorf;StB 3 Klotzsche/nördliche Ortschaften;StB 3 Klotzsche;06 StB Klotzsche und nördliche OS;weiblich;21
2006;35 Weixdorf;StB 3 Klotzsche/nördliche Ortschaften;OS Weixdorf;06 StB Klotzsche und nördliche OS;männlich;19
2006;35 Weixdorf;StB 3 Klotzsche/nördliche Ortschaften;OS Weixdorf;06 StB Klotzsche und nördliche OS;weiblich;22
2006;36 Langebrück/Schönborn;StB 3 Klotzsche/nördliche Ortschaften;OS Langebrück;06 StB Klotzsche und nördliche OS;männlich;17
2006;36 Langebrück/Schönborn;StB 3 Klotzsche/nördliche Ortschaften;OS Langebrück;06 StB Klotzsche und nördliche OS;weiblich;31
2006;36 Langebrück/Schönborn;StB 3 Klotzsche/nördliche Ortschaften;OS Schönborn;06 StB Klotzsche und nördliche OS;männlich;4
2006;36 Langebrück/Schönborn;StB 3 Klotzsche/nördliche Ortschaften;OS Schönborn;06 StB Klotzsche und nördliche OS;weiblich;2
2006;41 Loschwitz/Wachwitz;StB 4 Loschwitz/OS Schönfeld-Weißig;StB 4 Loschwitz;07 StB Loschwitz und OS Schönfeld-Weißig;männlich;12
2006;41 Loschwitz/Wachwitz;StB 4 Loschwitz/OS Schönfeld-Weißig;StB 4 Loschwitz;07 StB Loschwitz und OS Schönfeld-Weißig;weiblich;10
2006;42 Bühlau/Weißer Hirsch;StB 4 Loschwitz/OS Schönfeld-Weißig;StB 4 Loschwitz;07 StB Loschwitz und OS Schönfeld-Weißig;männlich;42
2006;42 Bühlau/Weißer Hirsch;StB 4 Loschwitz/OS Schönfeld-Weißig;StB 4 Loschwitz;07 StB Loschwitz und OS Schönfeld-Weißig;weiblich;74
2006;43 Hosterwitz/Pillnitz;StB 4 Loschwitz/OS Schönfeld-Weißig;StB 4 Loschwitz;07 StB Loschwitz und OS Schönfeld-Weißig;männlich;11
2006;43 Hosterwitz/Pillnitz;StB 4 Loschwitz/OS Schönfeld-Weißig;StB 4 Loschwitz;07 StB Loschwitz und OS Schönfeld-Weißig;weiblich;22
2006;45 Weißig;StB 4 Loschwitz/OS Schönfeld-Weißig;OS Schönfeld-Weißig;07 StB Loschwitz und OS Schönfeld-Weißig;männlich;22
2006;45 Weißig;StB 4 Loschwitz/OS Schönfeld-Weißig;OS Schönfeld-Weißig;07 StB Loschwitz und OS Schönfeld-Weißig;weiblich;29
2006;46 Gönnsdorf/Pappritz;StB 4 Loschwitz/OS Schönfeld-Weißig;OS Schönfeld-Weißig;07 StB Loschwitz und OS Schönfeld-Weißig;männlich;5
2006;46 Gönnsdorf/Pappritz;StB 4 Loschwitz/OS Schönfeld-Weißig;OS Schönfeld-Weißig;07 StB Loschwitz und OS Schönfeld-Weißig;weiblich;8
2006;47 Schönfeld/Schullwitz;StB 4 Loschwitz/OS Schönfeld-Weißig;OS Schönfeld-Weißig;07 StB Loschwitz und OS Schönfeld-Weißig;männlich;12
2006;47 Schönfeld/Schullwitz;StB 4 Loschwitz/OS Schönfeld-Weißig;OS Schönfeld-Weißig;07 StB Loschwitz und OS Schönfeld-Weißig;weiblich;12
2006;51 Blasewitz;StB 5 Blasewitz;StB 5 Blasewitz;08 Blasewitz, Striesen;männlich;39
2006;51 Blasewitz;StB 5 Blasewitz;StB 5 Blasewitz;08 Blasewitz, Striesen;weiblich;81
2006;52 Striesen-Ost;StB 5 Blasewitz;StB 5 Blasewitz;08 Blasewitz, Striesen;männlich;37
2006;52 Striesen-Ost;StB 5 Blasewitz;StB 5 Blasewitz;08 Blasewitz, Striesen;weiblich;45
2006;53 Striesen-Süd;StB 5 Blasewitz;StB 5 Blasewitz;08 Blasewitz, Striesen;männlich;50
2006;53 Striesen-Süd;StB 5 Blasewitz;StB 5 Blasewitz;08 Blasewitz, Striesen;weiblich;41
2006;54 Striesen-West;StB 5 Blasewitz;StB 5 Blasewitz;08 Blasewitz, Striesen;männlich;45
2006;54 Striesen-West;StB 5 Blasewitz;StB 5 Blasewitz;08 Blasewitz, Striesen;weiblich;45
2006;55 Tolkewitz/Seidnitz-Nord;StB 5 Blasewitz;StB 5 Blasewitz;09 Tolkewitz, Seidnitz, Gruna;männlich;46
2006;55 Tolkewitz/Seidnitz-Nord;StB 5 Blasewitz;StB 5 Blasewitz;09 Tolkewitz, Seidnitz, Gruna;weiblich;37
2006;56 Seidnitz/Dobritz;StB 5 Blasewitz;StB 5 Blasewitz;09 Tolkewitz, Seidnitz, Gruna;männlich;45
2006;56 Seidnitz/Dobritz;StB 5 Blasewitz;StB 5 Blasewitz;09 Tolkewitz, Seidnitz, Gruna;weiblich;49
2006;57 Gruna;StB 5 Blasewitz;StB 5 Blasewitz;09 Tolkewitz, Seidnitz, Gruna;männlich;53
2006;57 Gruna;StB 5 Blasewitz;StB 5 Blasewitz;09 Tolkewitz, Seidnitz, Gruna;weiblich;48
2006;61 Leuben;StB 6 Leuben;StB 6 Leuben;10 StB Leuben;männlich;60
2006;61 Leuben;StB 6 Leuben;StB 6 Leuben;10 StB Leuben;weiblich;70
2006;62 Laubegast;StB 6 Leuben;StB 6 Leuben;10 StB Leuben;männlich;43
2006;62 Laubegast;StB 6 Leuben;StB 6 Leuben;10 StB Leuben;weiblich;35
2006;63 Kleinzschachwitz;StB 6 Leuben;StB 6 Leuben;10 StB Leuben;männlich;27
2006;63 Kleinzschachwitz;StB 6 Leuben;StB 6 Leuben;10 StB Leuben;weiblich;38
2006;64 Großzschachwitz;StB 6 Leuben;StB 6 Leuben;10 StB Leuben;männlich;45
2006;64 Großzschachwitz;StB 6 Leuben;StB 6 Leuben;10 StB Leuben;weiblich;67
2006;71 Prohlis-Nord;StB 7 Prohlis;StB 7 Prohlis;11 Prohlis, Reick (mit Sternhäuser, Am Koitschgraben);männlich;42
2006;71 Prohlis-Nord;StB 7 Prohlis;StB 7 Prohlis;11 Prohlis, Reick (mit Sternhäuser, Am Koitschgraben);weiblich;16
2006;72 Prohlis-Süd;StB 7 Prohlis;StB 7 Prohlis;11 Prohlis, Reick (mit Sternhäuser, Am Koitschgraben);männlich;57
2006;72 Prohlis-Süd;StB 7 Prohlis;StB 7 Prohlis;11 Prohlis, Reick (mit Sternhäuser, Am Koitschgraben);weiblich;83
2006;73 Niedersedlitz;StB 7 Prohlis;StB 7 Prohlis;12 Niedersedlitz, Leubnitz, Strehlen (ohne Sternhäuser, Am Koitschgraben);männlich;29
2006;73 Niedersedlitz;StB 7 Prohlis;StB 7 Prohlis;12 Niedersedlitz, Leubnitz, Strehlen (ohne Sternhäuser, Am Koitschgraben);weiblich;22
2006;74 Lockwitz;StB 7 Prohlis;StB 7 Prohlis;12 Niedersedlitz, Leubnitz, Strehlen (ohne Sternhäuser, Am Koitschgraben);männlich;23
2006;74 Lockwitz;StB 7 Prohlis;StB 7 Prohlis;12 Niedersedlitz, Leubnitz, Strehlen (ohne Sternhäuser, Am Koitschgraben);weiblich;19
2006;75 Leubnitz-Neuostra;StB 7 Prohlis;StB 7 Prohlis;12 Niedersedlitz, Leubnitz, Strehlen (ohne Sternhäuser, Am Koitschgraben);männlich;49
2006;75 Leubnitz-Neuostra;StB 7 Prohlis;StB 7 Prohlis;12 Niedersedlitz, Leubnitz, Strehlen (ohne Sternhäuser, Am Koitschgraben);weiblich;71
2006;76 Strehlen;StB 7 Prohlis;StB 7 Prohlis;11 Prohlis, Reick (mit Sternhäuser, Am Koitschgraben);männlich;12
2006;76 Strehlen;StB 7 Prohlis;StB 7 Prohlis;11 Prohlis, Reick (mit Sternhäuser, Am Koitschgraben);weiblich;9
2006;76 Strehlen;StB 7 Prohlis;StB 7 Prohlis;12 Niedersedlitz, Leubnitz, Strehlen (ohne Sternhäuser, Am Koitschgraben);männlich;27
2006;76 Strehlen;StB 7 Prohlis;StB 7 Prohlis;12 Niedersedlitz, Leubnitz, Strehlen (ohne Sternhäuser, Am Koitschgraben);weiblich;62
2006;77 Reick;StB 7 Prohlis;StB 7 Prohlis;11 Prohlis, Reick (mit Sternhäuser, Am Koitschgraben);männlich;19
2006;77 Reick;StB 7 Prohlis;StB 7 Prohlis;11 Prohlis, Reick (mit Sternhäuser, Am Koitschgraben);weiblich;17
2006;81 Südvorstadt-West;StB 8 Plauen;StB 8 Plauen;13 Südvorstadt, Zschertnitz;männlich;48
2006;81 Südvorstadt-West;StB 8 Plauen;StB 8 Plauen;13 Südvorstadt, Zschertnitz;weiblich;33
2006;82 Südvorstadt-Ost;StB 8 Plauen;StB 8 Plauen;13 Südvorstadt, Zschertnitz;männlich;17
2006;82 Südvorstadt-Ost;StB 8 Plauen;StB 8 Plauen;13 Südvorstadt, Zschertnitz;weiblich;19
2006;83 Räcknitz/Zschertnitz;StB 8 Plauen;StB 8 Plauen;13 Südvorstadt, Zschertnitz;männlich;35
2006;83 Räcknitz/Zschertnitz;StB 8 Plauen;StB 8 Plauen;13 Südvorstadt, Zschertnitz;weiblich;33
2006;84 Kleinpestitz/Mockritz;StB 8 Plauen;StB 8 Plauen;14 Mockritz, Coschütz, Plauen;männlich;33
2006;84 Kleinpestitz/Mockritz;StB 8 Plauen;StB 8 Plauen;14 Mockritz, Coschütz, Plauen;weiblich;21
2006;85 Coschütz/Gittersee;StB 8 Plauen;StB 8 Plauen;14 Mockritz, Coschütz, Plauen;männlich;23
2006;85 Coschütz/Gittersee;StB 8 Plauen;StB 8 Plauen;14 Mockritz, Coschütz, Plauen;weiblich;13
2006;86 Plauen;StB 8 Plauen;StB 8 Plauen;14 Mockritz, Coschütz, Plauen;männlich;31
2006;86 Plauen;StB 8 Plauen;StB 8 Plauen;14 Mockritz, Coschütz, Plauen;weiblich;42
2006;90 Cossebaude/Mobschatz/Oberw.;StB 9 Cotta/westliche Ortschaften;OS Cossebaude;17 Briesnitz und westliche OS;männlich;18
2006;90 Cossebaude/Mobschatz/Oberw.;StB 9 Cotta/westliche Ortschaften;OS Cossebaude;17 Briesnitz und westliche OS;weiblich;27
2006;90 Cossebaude/Mobschatz/Oberw.;StB 9 Cotta/westliche Ortschaften;OS Mobschatz;17 Briesnitz und westliche OS;männlich;2
2006;90 Cossebaude/Mobschatz/Oberw.;StB 9 Cotta/westliche Ortschaften;OS Mobschatz;17 Briesnitz und westliche OS;weiblich;3
2006;91 Cotta;StB 9 Cotta/westliche Ortschaften;StB 9 Cotta;15 Cotta, Löbtau, Naußlitz, Dölzschen;männlich;40
2006;91 Cotta;StB 9 Cotta/westliche Ortschaften;StB 9 Cotta;15 Cotta, Löbtau, Naußlitz, Dölzschen;weiblich;17
2006;92 Löbtau-Nord;StB 9 Cotta/westliche Ortschaften;StB 9 Cotta;15 Cotta, Löbtau, Naußlitz, Dölzschen;männlich;21
2006;92 Löbtau-Nord;StB 9 Cotta/westliche Ortschaften;StB 9 Cotta;15 Cotta, Löbtau, Naußlitz, Dölzschen;weiblich;16
2006;93 Löbtau-Süd;StB 9 Cotta/westliche Ortschaften;StB 9 Cotta;15 Cotta, Löbtau, Naußlitz, Dölzschen;männlich;30
2006;93 Löbtau-Süd;StB 9 Cotta/westliche Ortschaften;StB 9 Cotta;15 Cotta, Löbtau, Naußlitz, Dölzschen;weiblich;41
2006;94 Naußlitz;StB 9 Cotta/westliche Ortschaften;StB 9 Cotta;15 Cotta, Löbtau, Naußlitz, Dölzschen;männlich;40
2006;94 Naußlitz;StB 9 Cotta/westliche Ortschaften;StB 9 Cotta;15 Cotta, Löbtau, Naußlitz, Dölzschen;weiblich;41
2006;95 Gorbitz-Süd;StB 9 Cotta/westliche Ortschaften;StB 9 Cotta;16 Gorbitz;männlich;55
2006;95 Gorbitz-Süd;StB 9 Cotta/westliche Ortschaften;StB 9 Cotta;16 Gorbitz;weiblich;82
2006;96 Gorbitz-Ost;StB 9 Cotta/westliche Ortschaften;StB 9 Cotta;16 Gorbitz;männlich;33
2006;96 Gorbitz-Ost;StB 9 Cotta/westliche Ortschaften;StB 9 Cotta;16 Gorbitz;weiblich;78
2006;97 Gorbitz-Nord/Neu-Omsewitz;StB 9 Cotta/westliche Ortschaften;StB 9 Cotta;16 Gorbitz;männlich;19
2006;97 Gorbitz-Nord/Neu-Omsewitz;StB 9 Cotta/westliche Ortschaften;StB 9 Cotta;16 Gorbitz;weiblich;8
2006;98 Briesnitz;StB 9 Cotta/westliche Ortschaften;StB 9 Cotta;17 Briesnitz und westliche OS;männlich;44
2006;98 Briesnitz;StB 9 Cotta/westliche Ortschaften;StB 9 Cotta;17 Briesnitz und westliche OS;weiblich;39
2006;99 Altfranken/Gompitz;StB 9 Cotta/westliche Ortschaften;OS Altfranken;17 Briesnitz und westliche OS;männlich;1
2006;99 Altfranken/Gompitz;StB 9 Cotta/westliche Ortschaften;OS Altfranken;17 Briesnitz und westliche OS;weiblich;3
2006;99 Altfranken/Gompitz;StB 9 Cotta/westliche Ortschaften;OS Gompitz;17 Briesnitz und westliche OS;männlich;9
2006;99 Altfranken/Gompitz;StB 9 Cotta/westliche Ortschaften;OS Gompitz;17 Briesnitz und westliche OS;weiblich;7
2007;01 Innere Altstadt;StB 0 Altstadt;StB 0 Altstadt;01 StB Altstadt ohne Johannstadt;männlich;13
2007;01 Innere Altstadt;StB 0 Altstadt;StB 0 Altstadt;01 StB Altstadt ohne Johannstadt;weiblich;20
2007;02 Pirnaische Vorstadt;StB 0 Altstadt;StB 0 Altstadt;01 StB Altstadt ohne Johannstadt;männlich;42
2007;02 Pirnaische Vorstadt;StB 0 Altstadt;StB 0 Altstadt;01 StB Altstadt ohne Johannstadt;weiblich;83
2007;03 Seevorstadt-Ost;StB 0 Altstadt;StB 0 Altstadt;01 StB Altstadt ohne Johannstadt;männlich;37
2007;03 Seevorstadt-Ost;StB 0 Altstadt;StB 0 Altstadt;01 StB Altstadt ohne Johannstadt;weiblich;42
2007;04 Wilsdruffer Vs./Seevs.-West;StB 0 Altstadt;StB 0 Altstadt;01 StB Altstadt ohne Johannstadt;männlich;53
2007;04 Wilsdruffer Vs./Seevs.-West;StB 0 Altstadt;StB 0 Altstadt;01 StB Altstadt ohne Johannstadt;weiblich;75
2007;05 Friedrichstadt;StB 0 Altstadt;StB 0 Altstadt;01 StB Altstadt ohne Johannstadt;männlich;39
2007;05 Friedrichstadt;StB 0 Altstadt;StB 0 Altstadt;01 StB Altstadt ohne Johannstadt;weiblich;77
2007;06 Johannstadt-Nord;StB 0 Altstadt;StB 0 Altstadt;02 Johannstadt;männlich;78
2007;06 Johannstadt-Nord;StB 0 Altstadt;StB 0 Altstadt;02 Johannstadt;weiblich;193
2007;07 Johannstadt-Süd;StB 0 Altstadt;StB 0 Altstadt;02 Johannstadt;männlich;82
2007;07 Johannstadt-Süd;StB 0 Altstadt;StB 0 Altstadt;02 Johannstadt;weiblich;77
2007;11 Äußere Neustadt (Antonstadt);StB 1 Neustadt;StB 1 Neustadt;03 StB Neustadt ohne Leipziger Vorstadt;männlich;35
2007;11 Äußere Neustadt (Antonstadt);StB 1 Neustadt;StB 1 Neustadt;03 StB Neustadt ohne Leipziger Vorstadt;weiblich;61
2007;12 Radeberger Vorstadt;StB 1 Neustadt;StB 1 Neustadt;03 StB Neustadt ohne Leipziger Vorstadt;männlich;21
2007;12 Radeberger Vorstadt;StB 1 Neustadt;StB 1 Neustadt;03 StB Neustadt ohne Leipziger Vorstadt;weiblich;16
2007;13 Innere Neustadt;StB 1 Neustadt;StB 1 Neustadt;03 StB Neustadt ohne Leipziger Vorstadt;männlich;20
2007;13 Innere Neustadt;StB 1 Neustadt;StB 1 Neustadt;03 StB Neustadt ohne Leipziger Vorstadt;weiblich;43
2007;14 Leipziger Vorstadt;StB 1 Neustadt;StB 1 Neustadt;04 Leipziger Vorstadt, Pieschen;männlich;24
2007;14 Leipziger Vorstadt;StB 1 Neustadt;StB 1 Neustadt;04 Leipziger Vorstadt, Pieschen;weiblich;20
2007;15 Albertstadt;StB 1 Neustadt;StB 1 Neustadt;03 StB Neustadt ohne Leipziger Vorstadt;männlich;7
2007;15 Albertstadt;StB 1 Neustadt;StB 1 Neustadt;03 StB Neustadt ohne Leipziger Vorstadt;weiblich;4
2007;21 Pieschen-Süd;StB 2 Pieschen;StB 2 Pieschen;04 Leipziger Vorstadt, Pieschen;männlich;29
2007;21 Pieschen-Süd;StB 2 Pieschen;StB 2 Pieschen;04 Leipziger Vorstadt, Pieschen;weiblich;27
2007;22 Mickten;StB 2 Pieschen;StB 2 Pieschen;05 Mickten, Kaditz, Trachau;männlich;41
2007;22 Mickten;StB 2 Pieschen;StB 2 Pieschen;05 Mickten, Kaditz, Trachau;weiblich;24
2007;23 Kaditz;StB 2 Pieschen;StB 2 Pieschen;05 Mickten, Kaditz, Trachau;männlich;14
2007;23 Kaditz;StB 2 Pieschen;StB 2 Pieschen;05 Mickten, Kaditz, Trachau;weiblich;23
2007;24 Trachau;StB 2 Pieschen;StB 2 Pieschen;05 Mickten, Kaditz, Trachau;männlich;36
2007;24 Trachau;StB 2 Pieschen;StB 2 Pieschen;05 Mickten, Kaditz, Trachau;weiblich;45
2007;25 Pieschen-N/Trachenberge;StB 2 Pieschen;StB 2 Pieschen;04 Leipziger Vorstadt, Pieschen;männlich;44
2007;25 Pieschen-N/Trachenberge;StB 2 Pieschen;StB 2 Pieschen;04 Leipziger Vorstadt, Pieschen;weiblich;71
2007;31 Klotzsche;StB 3 Klotzsche/nördliche Ortschaften;StB 3 Klotzsche;06 StB Klotzsche und nördliche OS;männlich;54
2007;31 Klotzsche;StB 3 Klotzsche/nördliche Ortschaften;StB 3 Klotzsche;06 StB Klotzsche und nördliche OS;weiblich;79
2007;32 Hellerau/Wilschdorf;StB 3 Klotzsche/nördliche Ortschaften;StB 3 Klotzsche;06 StB Klotzsche und nördliche OS;männlich;21
2007;32 Hellerau/Wilschdorf;StB 3 Klotzsche/nördliche Ortschaften;StB 3 Klotzsche;06 StB Klotzsche und nördliche OS;weiblich;35
2007;35 Weixdorf;StB 3 Klotzsche/nördliche Ortschaften;OS Weixdorf;06 StB Klotzsche und nördliche OS;männlich;25
2007;35 Weixdorf;StB 3 Klotzsche/nördliche Ortschaften;OS Weixdorf;06 StB Klotzsche und nördliche OS;weiblich;7
2007;36 Langebrück/Schönborn;StB 3 Klotzsche/nördliche Ortschaften;OS Langebrück;06 StB Klotzsche und nördliche OS;männlich;18
2007;36 Langebrück/Schönborn;StB 3 Klotzsche/nördliche Ortschaften;OS Langebrück;06 StB Klotzsche und nördliche OS;weiblich;29
2007;36 Langebrück/Schönborn;StB 3 Klotzsche/nördliche Ortschaften;OS Schönborn;06 StB Klotzsche und nördliche OS;männlich;3
2007;36 Langebrück/Schönborn;StB 3 Klotzsche/nördliche Ortschaften;OS Schönborn;06 StB Klotzsche und nördliche OS;weiblich;5
2007;41 Loschwitz/Wachwitz;StB 4 Loschwitz/OS Schönfeld-Weißig;StB 4 Loschwitz;07 StB Loschwitz und OS Schönfeld-Weißig;männlich;9
2007;41 Loschwitz/Wachwitz;StB 4 Loschwitz/OS Schönfeld-Weißig;StB 4 Loschwitz;07 StB Loschwitz und OS Schönfeld-Weißig;weiblich;16
2007;42 Bühlau/Weißer Hirsch;StB 4 Loschwitz/OS Schönfeld-Weißig;StB 4 Loschwitz;07 StB Loschwitz und OS Schönfeld-Weißig;männlich;48
2007;42 Bühlau/Weißer Hirsch;StB 4 Loschwitz/OS Schönfeld-Weißig;StB 4 Loschwitz;07 StB Loschwitz und OS Schönfeld-Weißig;weiblich;68
2007;43 Hosterwitz/Pillnitz;StB 4 Loschwitz/OS Schönfeld-Weißig;StB 4 Loschwitz;07 StB Loschwitz und OS Schönfeld-Weißig;männlich;17
2007;43 Hosterwitz/Pillnitz;StB 4 Loschwitz/OS Schönfeld-Weißig;StB 4 Loschwitz;07 StB Loschwitz und OS Schönfeld-Weißig;weiblich;27
2007;45 Weißig;StB 4 Loschwitz/OS Schönfeld-Weißig;OS Schönfeld-Weißig;07 StB Loschwitz und OS Schönfeld-Weißig;männlich;26
2007;45 Weißig;StB 4 Loschwitz/OS Schönfeld-Weißig;OS Schönfeld-Weißig;07 StB Loschwitz und OS Schönfeld-Weißig;weiblich;19
2007;46 Gönnsdorf/Pappritz;StB 4 Loschwitz/OS Schönfeld-Weißig;OS Schönfeld-Weißig;07 StB Loschwitz und OS Schönfeld-Weißig;männlich;11
2007;46 Gönnsdorf/Pappritz;StB 4 Loschwitz/OS Schönfeld-Weißig;OS Schönfeld-Weißig;07 StB Loschwitz und OS Schönfeld-Weißig;weiblich;5
2007;47 Schönfeld/Schullwitz;StB 4 Loschwitz/OS Schönfeld-Weißig;OS Schönfeld-Weißig;07 StB Loschwitz und OS Schönfeld-Weißig;männlich;12
2007;47 Schönfeld/Schullwitz;StB 4 Loschwitz/OS Schönfeld-Weißig;OS Schönfeld-Weißig;07 StB Loschwitz und OS Schönfeld-Weißig;weiblich;9
2007;51 Blasewitz;StB 5 Blasewitz;StB 5 Blasewitz;08 Blasewitz, Striesen;männlich;45
2007;51 Blasewitz;StB 5 Blasewitz;StB 5 Blasewitz;08 Blasewitz, Striesen;weiblich;67
2007;52 Striesen-Ost;StB 5 Blasewitz;StB 5 Blasewitz;08 Blasewitz, Striesen;männlich;34
2007;52 Striesen-Ost;StB 5 Blasewitz;StB 5 Blasewitz;08 Blasewitz, Striesen;weiblich;31
2007;53 Striesen-Süd;StB 5 Blasewitz;StB 5 Blasewitz;08 Blasewitz, Striesen;männlich;46
2007;53 Striesen-Süd;StB 5 Blasewitz;StB 5 Blasewitz;08 Blasewitz, Striesen;weiblich;42
2007;54 Striesen-West;StB 5 Blasewitz;StB 5 Blasewitz;08 Blasewitz, Striesen;männlich;45
2007;54 Striesen-West;StB 5 Blasewitz;StB 5 Blasewitz;08 Blasewitz, Striesen;weiblich;38
2007;55 Tolkewitz/Seidnitz-Nord;StB 5 Blasewitz;StB 5 Blasewitz;09 Tolkewitz, Seidnitz, Gruna;männlich;39
2007;55 Tolkewitz/Seidnitz-Nord;StB 5 Blasewitz;StB 5 Blasewitz;09 Tolkewitz, Seidnitz, Gruna;weiblich;34
2007;56 Seidnitz/Dobritz;StB 5 Blasewitz;StB 5 Blasewitz;09 Tolkewitz, Seidnitz, Gruna;männlich;31
2007;56 Seidnitz/Dobritz;StB 5 Blasewitz;StB 5 Blasewitz;09 Tolkewitz, Seidnitz, Gruna;weiblich;49
2007;57 Gruna;StB 5 Blasewitz;StB 5 Blasewitz;09 Tolkewitz, Seidnitz, Gruna;männlich;61
2007;57 Gruna;StB 5 Blasewitz;StB 5 Blasewitz;09 Tolkewitz, Seidnitz, Gruna;weiblich;58
2007;61 Leuben;StB 6 Leuben;StB 6 Leuben;10 StB Leuben;männlich;63
2007;61 Leuben;StB 6 Leuben;StB 6 Leuben;10 StB Leuben;weiblich;91
2007;62 Laubegast;StB 6 Leuben;StB 6 Leuben;10 StB Leuben;männlich;39
2007;62 Laubegast;StB 6 Leuben;StB 6 Leuben;10 StB Leuben;weiblich;39
2007;63 Kleinzschachwitz;StB 6 Leuben;StB 6 Leuben;10 StB Leuben;männlich;32
2007;63 Kleinzschachwitz;StB 6 Leuben;StB 6 Leuben;10 StB Leuben;weiblich;30
2007;64 Großzschachwitz;StB 6 Leuben;StB 6 Leuben;10 StB Leuben;männlich;35
2007;64 Großzschachwitz;StB 6 Leuben;StB 6 Leuben;10 StB Leuben;weiblich;75
2007;71 Prohlis-Nord;StB 7 Prohlis;StB 7 Prohlis;11 Prohlis, Reick (mit Sternhäuser, Am Koitschgraben);männlich;38
2007;71 Prohlis-Nord;StB 7 Prohlis;StB 7 Prohlis;11 Prohlis, Reick (mit Sternhäuser, Am Koitschgraben);weiblich;27
2007;72 Prohlis-Süd;StB 7 Prohlis;StB 7 Prohlis;11 Prohlis, Reick (mit Sternhäuser, Am Koitschgraben);männlich;53
2007;72 Prohlis-Süd;StB 7 Prohlis;StB 7 Prohlis;11 Prohlis, Reick (mit Sternhäuser, Am Koitschgraben);weiblich;85
2007;73 Niedersedlitz;StB 7 Prohlis;StB 7 Prohlis;12 Niedersedlitz, Leubnitz, Strehlen (ohne Sternhäuser, Am Koitschgraben);männlich;17
2007;73 Niedersedlitz;StB 7 Prohlis;StB 7 Prohlis;12 Niedersedlitz, Leubnitz, Strehlen (ohne Sternhäuser, Am Koitschgraben);weiblich;22
2007;74 Lockwitz;StB 7 Prohlis;StB 7 Prohlis;12 Niedersedlitz, Leubnitz, Strehlen (ohne Sternhäuser, Am Koitschgraben);männlich;14
2007;74 Lockwitz;StB 7 Prohlis;StB 7 Prohlis;12 Niedersedlitz, Leubnitz, Strehlen (ohne Sternhäuser, Am Koitschgraben);weiblich;13
2007;75 Leubnitz-Neuostra;StB 7 Prohlis;StB 7 Prohlis;12 Niedersedlitz, Leubnitz, Strehlen (ohne Sternhäuser, Am Koitschgraben);männlich;63
2007;75 Leubnitz-Neuostra;StB 7 Prohlis;StB 7 Prohlis;12 Niedersedlitz, Leubnitz, Strehlen (ohne Sternhäuser, Am Koitschgraben);weiblich;63
2007;76 Strehlen;StB 7 Prohlis;StB 7 Prohlis;11 Prohlis, Reick (mit Sternhäuser, Am Koitschgraben);männlich;18
2007;76 Strehlen;StB 7 Prohlis;StB 7 Prohlis;11 Prohlis, Reick (mit Sternhäuser, Am Koitschgraben);weiblich;24
2007;76 Strehlen;StB 7 Prohlis;StB 7 Prohlis;12 Niedersedlitz, Leubnitz, Strehlen (ohne Sternhäuser, Am Koitschgraben);männlich;22
2007;76 Strehlen;StB 7 Prohlis;StB 7 Prohlis;12 Niedersedlitz, Leubnitz, Strehlen (ohne Sternhäuser, Am Koitschgraben);weiblich;43
2007;77 Reick;StB 7 Prohlis;StB 7 Prohlis;11 Prohlis, Reick (mit Sternhäuser, Am Koitschgraben);männlich;29
2007;77 Reick;StB 7 Prohlis;StB 7 Prohlis;11 Prohlis, Reick (mit Sternhäuser, Am Koitschgraben);weiblich;22
2007;81 Südvorstadt-West;StB 8 Plauen;StB 8 Plauen;13 Südvorstadt, Zschertnitz;männlich;37
2007;81 Südvorstadt-West;StB 8 Plauen;StB 8 Plauen;13 Südvorstadt, Zschertnitz;weiblich;39
2007;82 Südvorstadt-Ost;StB 8 Plauen;StB 8 Plauen;13 Südvorstadt, Zschertnitz;männlich;15
2007;82 Südvorstadt-Ost;StB 8 Plauen;StB 8 Plauen;13 Südvorstadt, Zschertnitz;weiblich;17
2007;83 Räcknitz/Zschertnitz;StB 8 Plauen;StB 8 Plauen;13 Südvorstadt, Zschertnitz;männlich;36
2007;83 Räcknitz/Zschertnitz;StB 8 Plauen;StB 8 Plauen;13 Südvorstadt, Zschertnitz;weiblich;28
2007;84 Kleinpestitz/Mockritz;StB 8 Plauen;StB 8 Plauen;14 Mockritz, Coschütz, Plauen;männlich;20
2007;84 Kleinpestitz/Mockritz;StB 8 Plauen;StB 8 Plauen;14 Mockritz, Coschütz, Plauen;weiblich;23
2007;85 Coschütz/Gittersee;StB 8 Plauen;StB 8 Plauen;14 Mockritz, Coschütz, Plauen;männlich;18
2007;85 Coschütz/Gittersee;StB 8 Plauen;StB 8 Plauen;14 Mockritz, Coschütz, Plauen;weiblich;21
2007;86 Plauen;StB 8 Plauen;StB 8 Plauen;14 Mockritz, Coschütz, Plauen;männlich;31
2007;86 Plauen;StB 8 Plauen;StB 8 Plauen;14 Mockritz, Coschütz, Plauen;weiblich;83
2007;90 Cossebaude/Mobschatz/Oberw.;StB 9 Cotta/westliche Ortschaften;OS Cossebaude;17 Briesnitz und westliche OS;männlich;29
2007;90 Cossebaude/Mobschatz/Oberw.;StB 9 Cotta/westliche Ortschaften;OS Cossebaude;17 Briesnitz und westliche OS;weiblich;38
2007;90 Cossebaude/Mobschatz/Oberw.;StB 9 Cotta/westliche Ortschaften;OS Mobschatz;17 Briesnitz und westliche OS;männlich;3
2007;90 Cossebaude/Mobschatz/Oberw.;StB 9 Cotta/westliche Ortschaften;OS Mobschatz;17 Briesnitz und westliche OS;weiblich;1
2007;91 Cotta;StB 9 Cotta/westliche Ortschaften;StB 9 Cotta;15 Cotta, Löbtau, Naußlitz, Dölzschen;männlich;26
2007;91 Cotta;StB 9 Cotta/westliche Ortschaften;StB 9 Cotta;15 Cotta, Löbtau, Naußlitz, Dölzschen;weiblich;33
2007;92 Löbtau-Nord;StB 9 Cotta/westliche Ortschaften;StB 9 Cotta;15 Cotta, Löbtau, Naußlitz, Dölzschen;männlich;19
2007;92 Löbtau-Nord;StB 9 Cotta/westliche Ortschaften;StB 9 Cotta;15 Cotta, Löbtau, Naußlitz, Dölzschen;weiblich;19
2007;93 Löbtau-Süd;StB 9 Cotta/westliche Ortschaften;StB 9 Cotta;15 Cotta, Löbtau, Naußlitz, Dölzschen;männlich;27
2007;93 Löbtau-Süd;StB 9 Cotta/westliche Ortschaften;StB 9 Cotta;15 Cotta, Löbtau, Naußlitz, Dölzschen;weiblich;30
2007;94 Naußlitz;StB 9 Cotta/westliche Ortschaften;StB 9 Cotta;15 Cotta, Löbtau, Naußlitz, Dölzschen;männlich;32
2007;94 Naußlitz;StB 9 Cotta/westliche Ortschaften;StB 9 Cotta;15 Cotta, Löbtau, Naußlitz, Dölzschen;weiblich;49
2007;95 Gorbitz-Süd;StB 9 Cotta/westliche Ortschaften;StB 9 Cotta;16 Gorbitz;männlich;52
2007;95 Gorbitz-Süd;StB 9 Cotta/westliche Ortschaften;StB 9 Cotta;16 Gorbitz;weiblich;84
2007;96 Gorbitz-Ost;StB 9 Cotta/westliche Ortschaften;StB 9 Cotta;16 Gorbitz;männlich;38
2007;96 Gorbitz-Ost;StB 9 Cotta/westliche Ortschaften;StB 9 Cotta;16 Gorbitz;weiblich;71
2007;97 Gorbitz-Nord/Neu-Omsewitz;StB 9 Cotta/westliche Ortschaften;StB 9 Cotta;16 Gorbitz;männlich;26
2007;97 Gorbitz-Nord/Neu-Omsewitz;StB 9 Cotta/westliche Ortschaften;StB 9 Cotta;16 Gorbitz;weiblich;17
2007;98 Briesnitz;StB 9 Cotta/westliche Ortschaften;StB 9 Cotta;17 Briesnitz und westliche OS;männlich;48
2007;98 Briesnitz;StB 9 Cotta/westliche Ortschaften;StB 9 Cotta;17 Briesnitz und westliche OS;weiblich;25
2007;99 Altfranken/Gompitz;StB 9 Cotta/westliche Ortschaften;OS Altfranken;17 Briesnitz und westliche OS;männlich;5
2007;99 Altfranken/Gompitz;StB 9 Cotta/westliche Ortschaften;OS Altfranken;17 Briesnitz und westliche OS;weiblich;4
2007;99 Altfranken/Gompitz;StB 9 Cotta/westliche Ortschaften;OS Gompitz;17 Briesnitz und westliche OS;männlich;6
2007;99 Altfranken/Gompitz;StB 9 Cotta/westliche Ortschaften;OS Gompitz;17 Briesnitz und westliche OS;weiblich;9
2008;01 Innere Altstadt;StB 0 Altstadt;StB 0 Altstadt;01 StB Altstadt ohne Johannstadt;männlich;14
2008;01 Innere Altstadt;StB 0 Altstadt;StB 0 Altstadt;01 StB Altstadt ohne Johannstadt;weiblich;17
2008;02 Pirnaische Vorstadt;StB 0 Altstadt;StB 0 Altstadt;01 StB Altstadt ohne Johannstadt;männlich;57
2008;02 Pirnaische Vorstadt;StB 0 Altstadt;StB 0 Altstadt;01 StB Altstadt ohne Johannstadt;weiblich;64
2008;03 Seevorstadt-Ost;StB 0 Altstadt;StB 0 Altstadt;01 StB Altstadt ohne Johannstadt;männlich;40
2008;03 Seevorstadt-Ost;StB 0 Altstadt;StB 0 Altstadt;01 StB Altstadt ohne Johannstadt;weiblich;52
2008;04 Wilsdruffer Vs./Seevs.-West;StB 0 Altstadt;StB 0 Altstadt;01 StB Altstadt ohne Johannstadt;männlich;59
2008;04 Wilsdruffer Vs./Seevs.-West;StB 0 Altstadt;StB 0 Altstadt;01 StB Altstadt ohne Johannstadt;weiblich;90
2008;05 Friedrichstadt;StB 0 Altstadt;StB 0 Altstadt;01 StB Altstadt ohne Johannstadt;männlich;36
2008;05 Friedrichstadt;StB 0 Altstadt;StB 0 Altstadt;01 StB Altstadt ohne Johannstadt;weiblich;87
2008;06 Johannstadt-Nord;StB 0 Altstadt;StB 0 Altstadt;02 Johannstadt;männlich;91
2008;06 Johannstadt-Nord;StB 0 Altstadt;StB 0 Altstadt;02 Johannstadt;weiblich;173
2008;07 Johannstadt-Süd;StB 0 Altstadt;StB 0 Altstadt;02 Johannstadt;männlich;100
2008;07 Johannstadt-Süd;StB 0 Altstadt;StB 0 Altstadt;02 Johannstadt;weiblich;98
2008;11 Äußere Neustadt (Antonstadt);StB 1 Neustadt;StB 1 Neustadt;03 StB Neustadt ohne Leipziger Vorstadt;männlich;45
2008;11 Äußere Neustadt (Antonstadt);StB 1 Neustadt;StB 1 Neustadt;03 StB Neustadt ohne Leipziger Vorstadt;weiblich;59
2008;12 Radeberger Vorstadt;StB 1 Neustadt;StB 1 Neustadt;03 StB Neustadt ohne Leipziger Vorstadt;männlich;21
2008;12 Radeberger Vorstadt;StB 1 Neustadt;StB 1 Neustadt;03 StB Neustadt ohne Leipziger Vorstadt;weiblich;18
2008;13 Innere Neustadt;StB 1 Neustadt;StB 1 Neustadt;03 StB Neustadt ohne Leipziger Vorstadt;männlich;16
2008;13 Innere Neustadt;StB 1 Neustadt;StB 1 Neustadt;03 StB Neustadt ohne Leipziger Vorstadt;weiblich;27
2008;14 Leipziger Vorstadt;StB 1 Neustadt;StB 1 Neustadt;04 Leipziger Vorstadt, Pieschen;männlich;22
2008;14 Leipziger Vorstadt;StB 1 Neustadt;StB 1 Neustadt;04 Leipziger Vorstadt, Pieschen;weiblich;19
2008;15 Albertstadt;StB 1 Neustadt;StB 1 Neustadt;03 StB Neustadt ohne Leipziger Vorstadt;männlich;5
2008;15 Albertstadt;StB 1 Neustadt;StB 1 Neustadt;03 StB Neustadt ohne Leipziger Vorstadt;weiblich;2
2008;21 Pieschen-Süd;StB 2 Pieschen;StB 2 Pieschen;04 Leipziger Vorstadt, Pieschen;männlich;31
2008;21 Pieschen-Süd;StB 2 Pieschen;StB 2 Pieschen;04 Leipziger Vorstadt, Pieschen;weiblich;26
2008;22 Mickten;StB 2 Pieschen;StB 2 Pieschen;05 Mickten, Kaditz, Trachau;männlich;28
2008;22 Mickten;StB 2 Pieschen;StB 2 Pieschen;05 Mickten, Kaditz, Trachau;weiblich;30
2008;23 Kaditz;StB 2 Pieschen;StB 2 Pieschen;05 Mickten, Kaditz, Trachau;männlich;23
2008;23 Kaditz;StB 2 Pieschen;StB 2 Pieschen;05 Mickten, Kaditz, Trachau;weiblich;29
2008;24 Trachau;StB 2 Pieschen;StB 2 Pieschen;05 Mickten, Kaditz, Trachau;männlich;42
2008;24 Trachau;StB 2 Pieschen;StB 2 Pieschen;05 Mickten, Kaditz, Trachau;weiblich;47
2008;25 Pieschen-N/Trachenberge;StB 2 Pieschen;StB 2 Pieschen;04 Leipziger Vorstadt, Pieschen;männlich;58
2008;25 Pieschen-N/Trachenberge;StB 2 Pieschen;StB 2 Pieschen;04 Leipziger Vorstadt, Pieschen;weiblich;76
2008;31 Klotzsche;StB 3 Klotzsche/nördliche Ortschaften;StB 3 Klotzsche;06 StB Klotzsche und nördliche OS;männlich;60
2008;31 Klotzsche;StB 3 Klotzsche/nördliche Ortschaften;StB 3 Klotzsche;06 StB Klotzsche und nördliche OS;weiblich;81
2008;32 Hellerau/Wilschdorf;StB 3 Klotzsche/nördliche Ortschaften;StB 3 Klotzsche;06 StB Klotzsche und nördliche OS;männlich;29
2008;32 Hellerau/Wilschdorf;StB 3 Klotzsche/nördliche Ortschaften;StB 3 Klotzsche;06 StB Klotzsche und nördliche OS;weiblich;17
2008;35 Weixdorf;StB 3 Klotzsche/nördliche Ortschaften;OS Weixdorf;06 StB Klotzsche und nördliche OS;männlich;21
2008;35 Weixdorf;StB 3 Klotzsche/nördliche Ortschaften;OS Weixdorf;06 StB Klotzsche und nördliche OS;weiblich;16
2008;36 Langebrück/Schönborn;StB 3 Klotzsche/nördliche Ortschaften;OS Langebrück;06 StB Klotzsche und nördliche OS;männlich;15
2008;36 Langebrück/Schönborn;StB 3 Klotzsche/nördliche Ortschaften;OS Langebrück;06 StB Klotzsche und nördliche OS;weiblich;23
2008;36 Langebrück/Schönborn;StB 3 Klotzsche/nördliche Ortschaften;OS Schönborn;06 StB Klotzsche und nördliche OS;männlich;1
2008;36 Langebrück/Schönborn;StB 3 Klotzsche/nördliche Ortschaften;OS Schönborn;06 StB Klotzsche und nördliche OS;weiblich;1
2008;41 Loschwitz/Wachwitz;StB 4 Loschwitz/OS Schönfeld-Weißig;StB 4 Loschwitz;07 StB Loschwitz und OS Schönfeld-Weißig;männlich;23
2008;41 Loschwitz/Wachwitz;StB 4 Loschwitz/OS Schönfeld-Weißig;StB 4 Loschwitz;07 StB Loschwitz und OS Schönfeld-Weißig;weiblich;17
2008;42 Bühlau/Weißer Hirsch;StB 4 Loschwitz/OS Schönfeld-Weißig;StB 4 Loschwitz;07 StB Loschwitz und OS Schönfeld-Weißig;männlich;35
2008;42 Bühlau/Weißer Hirsch;StB 4 Loschwitz/OS Schönfeld-Weißig;StB 4 Loschwitz;07 StB Loschwitz und OS Schönfeld-Weißig;weiblich;69
2008;43 Hosterwitz/Pillnitz;StB 4 Loschwitz/OS Schönfeld-Weißig;StB 4 Loschwitz;07 StB Loschwitz und OS Schönfeld-Weißig;männlich;12
2008;43 Hosterwitz/Pillnitz;StB 4 Loschwitz/OS Schönfeld-Weißig;StB 4 Loschwitz;07 StB Loschwitz und OS Schönfeld-Weißig;weiblich;35
2008;45 Weißig;StB 4 Loschwitz/OS Schönfeld-Weißig;OS Schönfeld-Weißig;07 StB Loschwitz und OS Schönfeld-Weißig;männlich;24
2008;45 Weißig;StB 4 Loschwitz/OS Schönfeld-Weißig;OS Schönfeld-Weißig;07 StB Loschwitz und OS Schönfeld-Weißig;weiblich;26
2008;46 Gönnsdorf/Pappritz;StB 4 Loschwitz/OS Schönfeld-Weißig;OS Schönfeld-Weißig;07 StB Loschwitz und OS Schönfeld-Weißig;männlich;10
2008;46 Gönnsdorf/Pappritz;StB 4 Loschwitz/OS Schönfeld-Weißig;OS Schönfeld-Weißig;07 StB Loschwitz und OS Schönfeld-Weißig;weiblich;9
2008;47 Schönfeld/Schullwitz;StB 4 Loschwitz/OS Schönfeld-Weißig;OS Schönfeld-Weißig;07 StB Loschwitz und OS Schönfeld-Weißig;männlich;7
2008;47 Schönfeld/Schullwitz;StB 4 Loschwitz/OS Schönfeld-Weißig;OS Schönfeld-Weißig;07 StB Loschwitz und OS Schönfeld-Weißig;weiblich;9
2008;51 Blasewitz;StB 5 Blasewitz;StB 5 Blasewitz;08 Blasewitz, Striesen;männlich;37
2008;51 Blasewitz;StB 5 Blasewitz;StB 5 Blasewitz;08 Blasewitz, Striesen;weiblich;88
2008;52 Striesen-Ost;StB 5 Blasewitz;StB 5 Blasewitz;08 Blasewitz, Striesen;männlich;26
2008;52 Striesen-Ost;StB 5 Blasewitz;StB 5 Blasewitz;08 Blasewitz, Striesen;weiblich;38
2008;53 Striesen-Süd;StB 5 Blasewitz;StB 5 Blasewitz;08 Blasewitz, Striesen;männlich;32
2008;53 Striesen-Süd;StB 5 Blasewitz;StB 5 Blasewitz;08 Blasewitz, Striesen;weiblich;52
2008;54 Striesen-West;StB 5 Blasewitz;StB 5 Blasewitz;08 Blasewitz, Striesen;männlich;46
2008;54 Striesen-West;StB 5 Blasewitz;StB 5 Blasewitz;08 Blasewitz, Striesen;weiblich;37
2008;55 Tolkewitz/Seidnitz-Nord;StB 5 Blasewitz;StB 5 Blasewitz;09 Tolkewitz, Seidnitz, Gruna;männlich;42
2008;55 Tolkewitz/Seidnitz-Nord;StB 5 Blasewitz;StB 5 Blasewitz;09 Tolkewitz, Seidnitz, Gruna;weiblich;37
2008;56 Seidnitz/Dobritz;StB 5 Blasewitz;StB 5 Blasewitz;09 Tolkewitz, Seidnitz, Gruna;männlich;46
2008;56 Seidnitz/Dobritz;StB 5 Blasewitz;StB 5 Blasewitz;09 Tolkewitz, Seidnitz, Gruna;weiblich;39
2008;57 Gruna;StB 5 Blasewitz;StB 5 Blasewitz;09 Tolkewitz, Seidnitz, Gruna;männlich;61
2008;57 Gruna;StB 5 Blasewitz;StB 5 Blasewitz;09 Tolkewitz, Seidnitz, Gruna;weiblich;63
2008;61 Leuben;StB 6 Leuben;StB 6 Leuben;10 StB Leuben;männlich;78
2008;61 Leuben;StB 6 Leuben;StB 6 Leuben;10 StB Leuben;weiblich;103
2008;62 Laubegast;StB 6 Leuben;StB 6 Leuben;10 StB Leuben;männlich;45
2008;62 Laubegast;StB 6 Leuben;StB 6 Leuben;10 StB Leuben;weiblich;28
2008;63 Kleinzschachwitz;StB 6 Leuben;StB 6 Leuben;10 StB Leuben;männlich;32
2008;63 Kleinzschachwitz;StB 6 Leuben;StB 6 Leuben;10 StB Leuben;weiblich;30
2008;64 Großzschachwitz;StB 6 Leuben;StB 6 Leuben;10 StB Leuben;männlich;38
2008;64 Großzschachwitz;StB 6 Leuben;StB 6 Leuben;10 StB Leuben;weiblich;97
2008;71 Prohlis-Nord;StB 7 Prohlis;StB 7 Prohlis;11 Prohlis, Reick (mit Sternhäuser, Am Koitschgraben);männlich;39
2008;71 Prohlis-Nord;StB 7 Prohlis;StB 7 Prohlis;11 Prohlis, Reick (mit Sternhäuser, Am Koitschgraben);weiblich;34
2008;72 Prohlis-Süd;StB 7 Prohlis;StB 7 Prohlis;11 Prohlis, Reick (mit Sternhäuser, Am Koitschgraben);männlich;64
2008;72 Prohlis-Süd;StB 7 Prohlis;StB 7 Prohlis;11 Prohlis, Reick (mit Sternhäuser, Am Koitschgraben);weiblich;81
2008;73 Niedersedlitz;StB 7 Prohlis;StB 7 Prohlis;12 Niedersedlitz, Leubnitz, Strehlen (ohne Sternhäuser, Am Koitschgraben);männlich;18
2008;73 Niedersedlitz;StB 7 Prohlis;StB 7 Prohlis;12 Niedersedlitz, Leubnitz, Strehlen (ohne Sternhäuser, Am Koitschgraben);weiblich;21
2008;74 Lockwitz;StB 7 Prohlis;StB 7 Prohlis;12 Niedersedlitz, Leubnitz, Strehlen (ohne Sternhäuser, Am Koitschgraben);männlich;19
2008;74 Lockwitz;StB 7 Prohlis;StB 7 Prohlis;12 Niedersedlitz, Leubnitz, Strehlen (ohne Sternhäuser, Am Koitschgraben);weiblich;19
2008;75 Leubnitz-Neuostra;StB 7 Prohlis;StB 7 Prohlis;12 Niedersedlitz, Leubnitz, Strehlen (ohne Sternhäuser, Am Koitschgraben);männlich;66
2008;75 Leubnitz-Neuostra;StB 7 Prohlis;StB 7 Prohlis;12 Niedersedlitz, Leubnitz, Strehlen (ohne Sternhäuser, Am Koitschgraben);weiblich;50
2008;76 Strehlen;StB 7 Prohlis;StB 7 Prohlis;11 Prohlis, Reick (mit Sternhäuser, Am Koitschgraben);männlich;13
2008;76 Strehlen;StB 7 Prohlis;StB 7 Prohlis;11 Prohlis, Reick (mit Sternhäuser, Am Koitschgraben);weiblich;12
2008;76 Strehlen;StB 7 Prohlis;StB 7 Prohlis;12 Niedersedlitz, Leubnitz, Strehlen (ohne Sternhäuser, Am Koitschgraben);männlich;31
2008;76 Strehlen;StB 7 Prohlis;StB 7 Prohlis;12 Niedersedlitz, Leubnitz, Strehlen (ohne Sternhäuser, Am Koitschgraben);weiblich;36
2008;77 Reick;StB 7 Prohlis;StB 7 Prohlis;11 Prohlis, Reick (mit Sternhäuser, Am Koitschgraben);männlich;14
2008;77 Reick;StB 7 Prohlis;StB 7 Prohlis;11 Prohlis, Reick (mit Sternhäuser, Am Koitschgraben);weiblich;25
2008;81 Südvorstadt-West;StB 8 Plauen;StB 8 Plauen;13 Südvorstadt, Zschertnitz;männlich;51
2008;81 Südvorstadt-West;StB 8 Plauen;StB 8 Plauen;13 Südvorstadt, Zschertnitz;weiblich;32
2008;82 Südvorstadt-Ost;StB 8 Plauen;StB 8 Plauen;13 Südvorstadt, Zschertnitz;männlich;16
2008;82 Südvorstadt-Ost;StB 8 Plauen;StB 8 Plauen;13 Südvorstadt, Zschertnitz;weiblich;11
2008;83 Räcknitz/Zschertnitz;StB 8 Plauen;StB 8 Plauen;13 Südvorstadt, Zschertnitz;männlich;35
2008;83 Räcknitz/Zschertnitz;StB 8 Plauen;StB 8 Plauen;13 Südvorstadt, Zschertnitz;weiblich;31
2008;84 Kleinpestitz/Mockritz;StB 8 Plauen;StB 8 Plauen;14 Mockritz, Coschütz, Plauen;männlich;35
2008;84 Kleinpestitz/Mockritz;StB 8 Plauen;StB 8 Plauen;14 Mockritz, Coschütz, Plauen;weiblich;27
2008;85 Coschütz/Gittersee;StB 8 Plauen;StB 8 Plauen;14 Mockritz, Coschütz, Plauen;männlich;19
2008;85 Coschütz/Gittersee;StB 8 Plauen;StB 8 Plauen;14 Mockritz, Coschütz, Plauen;weiblich;13
2008;86 Plauen;StB 8 Plauen;StB 8 Plauen;14 Mockritz, Coschütz, Plauen;männlich;39
2008;86 Plauen;StB 8 Plauen;StB 8 Plauen;14 Mockritz, Coschütz, Plauen;weiblich;82
2008;90 Cossebaude/Mobschatz/Oberw.;StB 9 Cotta/westliche Ortschaften;OS Cossebaude;17 Briesnitz und westliche OS;männlich;19
2008;90 Cossebaude/Mobschatz/Oberw.;StB 9 Cotta/westliche Ortschaften;OS Cossebaude;17 Briesnitz und westliche OS;weiblich;24
2008;90 Cossebaude/Mobschatz/Oberw.;StB 9 Cotta/westliche Ortschaften;OS Mobschatz;17 Briesnitz und westliche OS;männlich;2
2008;90 Cossebaude/Mobschatz/Oberw.;StB 9 Cotta/westliche Ortschaften;OS Mobschatz;17 Briesnitz und westliche OS;weiblich;7
2008;90 Cossebaude/Mobschatz/Oberw.;StB 9 Cotta/westliche Ortschaften;OS Oberwartha;17 Briesnitz und westliche OS;männlich;4
2008;91 Cotta;StB 9 Cotta/westliche Ortschaften;StB 9 Cotta;15 Cotta, Löbtau, Naußlitz, Dölzschen;männlich;35
2008;91 Cotta;StB 9 Cotta/westliche Ortschaften;StB 9 Cotta;15 Cotta, Löbtau, Naußlitz, Dölzschen;weiblich;38
2008;92 Löbtau-Nord;StB 9 Cotta/westliche Ortschaften;StB 9 Cotta;15 Cotta, Löbtau, Naußlitz, Dölzschen;männlich;19
2008;92 Löbtau-Nord;StB 9 Cotta/westliche Ortschaften;StB 9 Cotta;15 Cotta, Löbtau, Naußlitz, Dölzschen;weiblich;24
2008;93 Löbtau-Süd;StB 9 Cotta/westliche Ortschaften;StB 9 Cotta;15 Cotta, Löbtau, Naußlitz, Dölzschen;männlich;34
2008;93 Löbtau-Süd;StB 9 Cotta/westliche Ortschaften;StB 9 Cotta;15 Cotta, Löbtau, Naußlitz, Dölzschen;weiblich;29
2008;94 Naußlitz;StB 9 Cotta/westliche Ortschaften;StB 9 Cotta;15 Cotta, Löbtau, Naußlitz, Dölzschen;männlich;28
2008;94 Naußlitz;StB 9 Cotta/westliche Ortschaften;StB 9 Cotta;15 Cotta, Löbtau, Naußlitz, Dölzschen;weiblich;36
2008;95 Gorbitz-Süd;StB 9 Cotta/westliche Ortschaften;StB 9 Cotta;16 Gorbitz;männlich;53
2008;95 Gorbitz-Süd;StB 9 Cotta/westliche Ortschaften;StB 9 Cotta;16 Gorbitz;weiblich;82
2008;96 Gorbitz-Ost;StB 9 Cotta/westliche Ortschaften;StB 9 Cotta;16 Gorbitz;männlich;37
2008;96 Gorbitz-Ost;StB 9 Cotta/westliche Ortschaften;StB 9 Cotta;16 Gorbitz;weiblich;73
2008;97 Gorbitz-Nord/Neu-Omsewitz;StB 9 Cotta/westliche Ortschaften;StB 9 Cotta;16 Gorbitz;männlich;23
2008;97 Gorbitz-Nord/Neu-Omsewitz;StB 9 Cotta/westliche Ortschaften;StB 9 Cotta;16 Gorbitz;weiblich;12
2008;98 Briesnitz;StB 9 Cotta/westliche Ortschaften;StB 9 Cotta;17 Briesnitz und westliche OS;männlich;41
2008;98 Briesnitz;StB 9 Cotta/westliche Ortschaften;StB 9 Cotta;17 Briesnitz und westliche OS;weiblich;29
2008;99 Altfranken/Gompitz;StB 9 Cotta/westliche Ortschaften;OS Altfranken;17 Briesnitz und westliche OS;männlich;3
2008;99 Altfranken/Gompitz;StB 9 Cotta/westliche Ortschaften;OS Altfranken;17 Briesnitz und westliche OS;weiblich;2
2008;99 Altfranken/Gompitz;StB 9 Cotta/westliche Ortschaften;OS Gompitz;17 Briesnitz und westliche OS;männlich;5
2008;99 Altfranken/Gompitz;StB 9 Cotta/westliche Ortschaften;OS Gompitz;17 Briesnitz und westliche OS;weiblich;4
2009;01 Innere Altstadt;StB 0 Altstadt;StB 0 Altstadt;01 StB Altstadt ohne Johannstadt;männlich;18
2009;01 Innere Altstadt;StB 0 Altstadt;StB 0 Altstadt;01 StB Altstadt ohne Johannstadt;weiblich;14
2009;02 Pirnaische Vorstadt;StB 0 Altstadt;StB 0 Altstadt;01 StB Altstadt ohne Johannstadt;männlich;53
2009;02 Pirnaische Vorstadt;StB 0 Altstadt;StB 0 Altstadt;01 StB Altstadt ohne Johannstadt;weiblich;82
2009;03 Seevorstadt-Ost;StB 0 Altstadt;StB 0 Altstadt;01 StB Altstadt ohne Johannstadt;männlich;48
2009;03 Seevorstadt-Ost;StB 0 Altstadt;StB 0 Altstadt;01 StB Altstadt ohne Johannstadt;weiblich;59
2009;04 Wilsdruffer Vs./Seevs.-West;StB 0 Altstadt;StB 0 Altstadt;01 StB Altstadt ohne Johannstadt;männlich;67
2009;04 Wilsdruffer Vs./Seevs.-West;StB 0 Altstadt;StB 0 Altstadt;01 StB Altstadt ohne Johannstadt;weiblich;93
2009;05 Friedrichstadt;StB 0 Altstadt;StB 0 Altstadt;01 StB Altstadt ohne Johannstadt;männlich;48
2009;05 Friedrichstadt;StB 0 Altstadt;StB 0 Altstadt;01 StB Altstadt ohne Johannstadt;weiblich;86
2009;06 Johannstadt-Nord;StB 0 Altstadt;StB 0 Altstadt;02 Johannstadt;männlich;98
2009;06 Johannstadt-Nord;StB 0 Altstadt;StB 0 Altstadt;02 Johannstadt;weiblich;187
2009;07 Johannstadt-Süd;StB 0 Altstadt;StB 0 Altstadt;02 Johannstadt;männlich;77
2009;07 Johannstadt-Süd;StB 0 Altstadt;StB 0 Altstadt;02 Johannstadt;weiblich;102
2009;11 Äußere Neustadt (Antonstadt);StB 1 Neustadt;StB 1 Neustadt;03 StB Neustadt ohne Leipziger Vorstadt;männlich;40
2009;11 Äußere Neustadt (Antonstadt);StB 1 Neustadt;StB 1 Neustadt;03 StB Neustadt ohne Leipziger Vorstadt;weiblich;73
2009;12 Radeberger Vorstadt;StB 1 Neustadt;StB 1 Neustadt;03 StB Neustadt ohne Leipziger Vorstadt;männlich;21
2009;12 Radeberger Vorstadt;StB 1 Neustadt;StB 1 Neustadt;03 StB Neustadt ohne Leipziger Vorstadt;weiblich;24
2009;13 Innere Neustadt;StB 1 Neustadt;StB 1 Neustadt;03 StB Neustadt ohne Leipziger Vorstadt;männlich;20
2009;13 Innere Neustadt;StB 1 Neustadt;StB 1 Neustadt;03 StB Neustadt ohne Leipziger Vorstadt;weiblich;31
2009;14 Leipziger Vorstadt;StB 1 Neustadt;StB 1 Neustadt;04 Leipziger Vorstadt, Pieschen;männlich;26
2009;14 Leipziger Vorstadt;StB 1 Neustadt;StB 1 Neustadt;04 Leipziger Vorstadt, Pieschen;weiblich;29
2009;15 Albertstadt;StB 1 Neustadt;StB 1 Neustadt;03 StB Neustadt ohne Leipziger Vorstadt;männlich;11
2009;15 Albertstadt;StB 1 Neustadt;StB 1 Neustadt;03 StB Neustadt ohne Leipziger Vorstadt;weiblich;9
2009;21 Pieschen-Süd;StB 2 Pieschen;StB 2 Pieschen;04 Leipziger Vorstadt, Pieschen;männlich;28
2009;21 Pieschen-Süd;StB 2 Pieschen;StB 2 Pieschen;04 Leipziger Vorstadt, Pieschen;weiblich;32
2009;22 Mickten;StB 2 Pieschen;StB 2 Pieschen;05 Mickten, Kaditz, Trachau;männlich;47
2009;22 Mickten;StB 2 Pieschen;StB 2 Pieschen;05 Mickten, Kaditz, Trachau;weiblich;35
2009;23 Kaditz;StB 2 Pieschen;StB 2 Pieschen;05 Mickten, Kaditz, Trachau;männlich;26
2009;23 Kaditz;StB 2 Pieschen;StB 2 Pieschen;05 Mickten, Kaditz, Trachau;weiblich;17
2009;24 Trachau;StB 2 Pieschen;StB 2 Pieschen;05 Mickten, Kaditz, Trachau;männlich;43
2009;24 Trachau;StB 2 Pieschen;StB 2 Pieschen;05 Mickten, Kaditz, Trachau;weiblich;35
2009;25 Pieschen-N/Trachenberge;StB 2 Pieschen;StB 2 Pieschen;04 Leipziger Vorstadt, Pieschen;männlich;48
2009;25 Pieschen-N/Trachenberge;StB 2 Pieschen;StB 2 Pieschen;04 Leipziger Vorstadt, Pieschen;weiblich;77
2009;31 Klotzsche;StB 3 Klotzsche/nördliche Ortschaften;StB 3 Klotzsche;06 StB Klotzsche und nördliche OS;männlich;83
2009;31 Klotzsche;StB 3 Klotzsche/nördliche Ortschaften;StB 3 Klotzsche;06 StB Klotzsche und nördliche OS;weiblich;78
2009;32 Hellerau/Wilschdorf;StB 3 Klotzsche/nördliche Ortschaften;StB 3 Klotzsche;06 StB Klotzsche und nördliche OS;männlich;31
2009;32 Hellerau/Wilschdorf;StB 3 Klotzsche/nördliche Ortschaften;StB 3 Klotzsche;06 StB Klotzsche und nördliche OS;weiblich;28
2009;35 Weixdorf;StB 3 Klotzsche/nördliche Ortschaften;OS Weixdorf;06 StB Klotzsche und nördliche OS;männlich;18
2009;35 Weixdorf;StB 3 Klotzsche/nördliche Ortschaften;OS Weixdorf;06 StB Klotzsche und nördliche OS;weiblich;21
2009;36 Langebrück/Schönborn;StB 3 Klotzsche/nördliche Ortschaften;OS Langebrück;06 StB Klotzsche und nördliche OS;männlich;9
2009;36 Langebrück/Schönborn;StB 3 Klotzsche/nördliche Ortschaften;OS Langebrück;06 StB Klotzsche und nördliche OS;weiblich;28
2009;36 Langebrück/Schönborn;StB 3 Klotzsche/nördliche Ortschaften;OS Schönborn;06 StB Klotzsche und nördliche OS;männlich;2
2009;36 Langebrück/Schönborn;StB 3 Klotzsche/nördliche Ortschaften;OS Schönborn;06 StB Klotzsche und nördliche OS;weiblich;2
2009;41 Loschwitz/Wachwitz;StB 4 Loschwitz/OS Schönfeld-Weißig;StB 4 Loschwitz;07 StB Loschwitz und OS Schönfeld-Weißig;männlich;21
2009;41 Loschwitz/Wachwitz;StB 4 Loschwitz/OS Schönfeld-Weißig;StB 4 Loschwitz;07 StB Loschwitz und OS Schönfeld-Weißig;weiblich;24
2009;42 Bühlau/Weißer Hirsch;StB 4 Loschwitz/OS Schönfeld-Weißig;StB 4 Loschwitz;07 StB Loschwitz und OS Schönfeld-Weißig;männlich;51
2009;42 Bühlau/Weißer Hirsch;StB 4 Loschwitz/OS Schönfeld-Weißig;StB 4 Loschwitz;07 StB Loschwitz und OS Schönfeld-Weißig;weiblich;57
2009;43 Hosterwitz/Pillnitz;StB 4 Loschwitz/OS Schönfeld-Weißig;StB 4 Loschwitz;07 StB Loschwitz und OS Schönfeld-Weißig;männlich;17
2009;43 Hosterwitz/Pillnitz;StB 4 Loschwitz/OS Schönfeld-Weißig;StB 4 Loschwitz;07 StB Loschwitz und OS Schönfeld-Weißig;weiblich;35
2009;45 Weißig;StB 4 Loschwitz/OS Schönfeld-Weißig;OS Schönfeld-Weißig;07 StB Loschwitz und OS Schönfeld-Weißig;männlich;25
2009;45 Weißig;StB 4 Loschwitz/OS Schönfeld-Weißig;OS Schönfeld-Weißig;07 StB Loschwitz und OS Schönfeld-Weißig;weiblich;31
2009;46 Gönnsdorf/Pappritz;StB 4 Loschwitz/OS Schönfeld-Weißig;OS Schönfeld-Weißig;07 StB Loschwitz und OS Schönfeld-Weißig;männlich;10
2009;46 Gönnsdorf/Pappritz;StB 4 Loschwitz/OS Schönfeld-Weißig;OS Schönfeld-Weißig;07 StB Loschwitz und OS Schönfeld-Weißig;weiblich;3
2009;47 Schönfeld/Schullwitz;StB 4 Loschwitz/OS Schönfeld-Weißig;OS Schönfeld-Weißig;07 StB Loschwitz und OS Schönfeld-Weißig;männlich;13
2009;47 Schönfeld/Schullwitz;StB 4 Loschwitz/OS Schönfeld-Weißig;OS Schönfeld-Weißig;07 StB Loschwitz und OS Schönfeld-Weißig;weiblich;12
2009;51 Blasewitz;StB 5 Blasewitz;StB 5 Blasewitz;08 Blasewitz, Striesen;männlich;32
2009;51 Blasewitz;StB 5 Blasewitz;StB 5 Blasewitz;08 Blasewitz, Striesen;weiblich;95
2009;52 Striesen-Ost;StB 5 Blasewitz;StB 5 Blasewitz;08 Blasewitz, Striesen;männlich;22
2009;52 Striesen-Ost;StB 5 Blasewitz;StB 5 Blasewitz;08 Blasewitz, Striesen;weiblich;40
2009;53 Striesen-Süd;StB 5 Blasewitz;StB 5 Blasewitz;08 Blasewitz, Striesen;männlich;47
2009;53 Striesen-Süd;StB 5 Blasewitz;StB 5 Blasewitz;08 Blasewitz, Striesen;weiblich;48
2009;54 Striesen-West;StB 5 Blasewitz;StB 5 Blasewitz;08 Blasewitz, Striesen;männlich;54
2009;54 Striesen-West;StB 5 Blasewitz;StB 5 Blasewitz;08 Blasewitz, Striesen;weiblich;45
2009;55 Tolkewitz/Seidnitz-Nord;StB 5 Blasewitz;StB 5 Blasewitz;09 Tolkewitz, Seidnitz, Gruna;männlich;42
2009;55 Tolkewitz/Seidnitz-Nord;StB 5 Blasewitz;StB 5 Blasewitz;09 Tolkewitz, Seidnitz, Gruna;weiblich;44
2009;56 Seidnitz/Dobritz;StB 5 Blasewitz;StB 5 Blasewitz;09 Tolkewitz, Seidnitz, Gruna;männlich;60
2009;56 Seidnitz/Dobritz;StB 5 Blasewitz;StB 5 Blasewitz;09 Tolkewitz, Seidnitz, Gruna;weiblich;50
2009;57 Gruna;StB 5 Blasewitz;StB 5 Blasewitz;09 Tolkewitz, Seidnitz, Gruna;männlich;58
2009;57 Gruna;StB 5 Blasewitz;StB 5 Blasewitz;09 Tolkewitz, Seidnitz, Gruna;weiblich;53
2009;61 Leuben;StB 6 Leuben;StB 6 Leuben;10 StB Leuben;männlich;70
2009;61 Leuben;StB 6 Leuben;StB 6 Leuben;10 StB Leuben;weiblich;89
2009;62 Laubegast;StB 6 Leuben;StB 6 Leuben;10 StB Leuben;männlich;34
2009;62 Laubegast;StB 6 Leuben;StB 6 Leuben;10 StB Leuben;weiblich;31
2009;63 Kleinzschachwitz;StB 6 Leuben;StB 6 Leuben;10 StB Leuben;männlich;32
2009;63 Kleinzschachwitz;StB 6 Leuben;StB 6 Leuben;10 StB Leuben;weiblich;40
2009;64 Großzschachwitz;StB 6 Leuben;StB 6 Leuben;10 StB Leuben;männlich;36
2009;64 Großzschachwitz;StB 6 Leuben;StB 6 Leuben;10 StB Leuben;weiblich;61
2009;71 Prohlis-Nord;StB 7 Prohlis;StB 7 Prohlis;11 Prohlis, Reick (mit Sternhäuser, Am Koitschgraben);männlich;30
2009;71 Prohlis-Nord;StB 7 Prohlis;StB 7 Prohlis;11 Prohlis, Reick (mit Sternhäuser, Am Koitschgraben);weiblich;23
2009;72 Prohlis-Süd;StB 7 Prohlis;StB 7 Prohlis;11 Prohlis, Reick (mit Sternhäuser, Am Koitschgraben);männlich;70
2009;72 Prohlis-Süd;StB 7 Prohlis;StB 7 Prohlis;11 Prohlis, Reick (mit Sternhäuser, Am Koitschgraben);weiblich;114
2009;73 Niedersedlitz;StB 7 Prohlis;StB 7 Prohlis;12 Niedersedlitz, Leubnitz, Strehlen (ohne Sternhäuser, Am Koitschgraben);männlich;21
2009;73 Niedersedlitz;StB 7 Prohlis;StB 7 Prohlis;12 Niedersedlitz, Leubnitz, Strehlen (ohne Sternhäuser, Am Koitschgraben);weiblich;17
2009;74 Lockwitz;StB 7 Prohlis;StB 7 Prohlis;12 Niedersedlitz, Leubnitz, Strehlen (ohne Sternhäuser, Am Koitschgraben);männlich;23
2009;74 Lockwitz;StB 7 Prohlis;StB 7 Prohlis;12 Niedersedlitz, Leubnitz, Strehlen (ohne Sternhäuser, Am Koitschgraben);weiblich;16
2009;75 Leubnitz-Neuostra;StB 7 Prohlis;StB 7 Prohlis;12 Niedersedlitz, Leubnitz, Strehlen (ohne Sternhäuser, Am Koitschgraben);männlich;42
2009;75 Leubnitz-Neuostra;StB 7 Prohlis;StB 7 Prohlis;12 Niedersedlitz, Leubnitz, Strehlen (ohne Sternhäuser, Am Koitschgraben);weiblich;71
2009;76 Strehlen;StB 7 Prohlis;StB 7 Prohlis;11 Prohlis, Reick (mit Sternhäuser, Am Koitschgraben);männlich;21
2009;76 Strehlen;StB 7 Prohlis;StB 7 Prohlis;11 Prohlis, Reick (mit Sternhäuser, Am Koitschgraben);weiblich;20
2009;76 Strehlen;StB 7 Prohlis;StB 7 Prohlis;12 Niedersedlitz, Leubnitz, Strehlen (ohne Sternhäuser, Am Koitschgraben);männlich;28
2009;76 Strehlen;StB 7 Prohlis;StB 7 Prohlis;12 Niedersedlitz, Leubnitz, Strehlen (ohne Sternhäuser, Am Koitschgraben);weiblich;49
2009;77 Reick;StB 7 Prohlis;StB 7 Prohlis;11 Prohlis, Reick (mit Sternhäuser, Am Koitschgraben);männlich;30
2009;77 Reick;StB 7 Prohlis;StB 7 Prohlis;11 Prohlis, Reick (mit Sternhäuser, Am Koitschgraben);weiblich;24
2009;81 Südvorstadt-West;StB 8 Plauen;StB 8 Plauen;13 Südvorstadt, Zschertnitz;männlich;42
2009;81 Südvorstadt-West;StB 8 Plauen;StB 8 Plauen;13 Südvorstadt, Zschertnitz;weiblich;41
2009;82 Südvorstadt-Ost;StB 8 Plauen;StB 8 Plauen;13 Südvorstadt, Zschertnitz;männlich;18
2009;82 Südvorstadt-Ost;StB 8 Plauen;StB 8 Plauen;13 Südvorstadt, Zschertnitz;weiblich;16
2009;83 Räcknitz/Zschertnitz;StB 8 Plauen;StB 8 Plauen;13 Südvorstadt, Zschertnitz;männlich;40
2009;83 Räcknitz/Zschertnitz;StB 8 Plauen;StB 8 Plauen;13 Südvorstadt, Zschertnitz;weiblich;24
2009;84 Kleinpestitz/Mockritz;StB 8 Plauen;StB 8 Plauen;14 Mockritz, Coschütz, Plauen;männlich;25
2009;84 Kleinpestitz/Mockritz;StB 8 Plauen;StB 8 Plauen;14 Mockritz, Coschütz, Plauen;weiblich;21
2009;85 Coschütz/Gittersee;StB 8 Plauen;StB 8 Plauen;14 Mockritz, Coschütz, Plauen;männlich;29
2009;85 Coschütz/Gittersee;StB 8 Plauen;StB 8 Plauen;14 Mockritz, Coschütz, Plauen;weiblich;24
2009;86 Plauen;StB 8 Plauen;StB 8 Plauen;14 Mockritz, Coschütz, Plauen;männlich;50
2009;86 Plauen;StB 8 Plauen;StB 8 Plauen;14 Mockritz, Coschütz, Plauen;weiblich;76
2009;90 Cossebaude/Mobschatz/Oberw.;StB 9 Cotta/westliche Ortschaften;OS Cossebaude;17 Briesnitz und westliche OS;männlich;21
2009;90 Cossebaude/Mobschatz/Oberw.;StB 9 Cotta/westliche Ortschaften;OS Cossebaude;17 Briesnitz und westliche OS;weiblich;30
2009;90 Cossebaude/Mobschatz/Oberw.;StB 9 Cotta/westliche Ortschaften;OS Mobschatz;17 Briesnitz und westliche OS;männlich;6
2009;90 Cossebaude/Mobschatz/Oberw.;StB 9 Cotta/westliche Ortschaften;OS Mobschatz;17 Briesnitz und westliche OS;weiblich;3
2009;90 Cossebaude/Mobschatz/Oberw.;StB 9 Cotta/westliche Ortschaften;OS Oberwartha;17 Briesnitz und westliche OS;männlich;2
2009;90 Cossebaude/Mobschatz/Oberw.;StB 9 Cotta/westliche Ortschaften;OS Oberwartha;17 Briesnitz und westliche OS;weiblich;1
2009;91 Cotta;StB 9 Cotta/westliche Ortschaften;StB 9 Cotta;15 Cotta, Löbtau, Naußlitz, Dölzschen;männlich;32
2009;91 Cotta;StB 9 Cotta/westliche Ortschaften;StB 9 Cotta;15 Cotta, Löbtau, Naußlitz, Dölzschen;weiblich;24
2009;92 Löbtau-Nord;StB 9 Cotta/westliche Ortschaften;StB 9 Cotta;15 Cotta, Löbtau, Naußlitz, Dölzschen;männlich;17
2009;92 Löbtau-Nord;StB 9 Cotta/westliche Ortschaften;StB 9 Cotta;15 Cotta, Löbtau, Naußlitz, Dölzschen;weiblich;18
2009;93 Löbtau-Süd;StB 9 Cotta/westliche Ortschaften;StB 9 Cotta;15 Cotta, Löbtau, Naußlitz, Dölzschen;männlich;41
2009;93 Löbtau-Süd;StB 9 Cotta/westliche Ortschaften;StB 9 Cotta;15 Cotta, Löbtau, Naußlitz, Dölzschen;weiblich;36
2009;94 Naußlitz;StB 9 Cotta/westliche Ortschaften;StB 9 Cotta;15 Cotta, Löbtau, Naußlitz, Dölzschen;männlich;39
2009;94 Naußlitz;StB 9 Cotta/westliche Ortschaften;StB 9 Cotta;15 Cotta, Löbtau, Naußlitz, Dölzschen;weiblich;28
2009;95 Gorbitz-Süd;StB 9 Cotta/westliche Ortschaften;StB 9 Cotta;16 Gorbitz;männlich;68
2009;95 Gorbitz-Süd;StB 9 Cotta/westliche Ortschaften;StB 9 Cotta;16 Gorbitz;weiblich;71
2009;96 Gorbitz-Ost;StB 9 Cotta/westliche Ortschaften;StB 9 Cotta;16 Gorbitz;männlich;41
2009;96 Gorbitz-Ost;StB 9 Cotta/westliche Ortschaften;StB 9 Cotta;16 Gorbitz;weiblich;90
2009;97 Gorbitz-Nord/Neu-Omsewitz;StB 9 Cotta/westliche Ortschaften;StB 9 Cotta;16 Gorbitz;männlich;23
2009;97 Gorbitz-Nord/Neu-Omsewitz;StB 9 Cotta/westliche Ortschaften;StB 9 Cotta;16 Gorbitz;weiblich;19
2009;98 Briesnitz;StB 9 Cotta/westliche Ortschaften;StB 9 Cotta;17 Briesnitz und westliche OS;männlich;37
2009;98 Briesnitz;StB 9 Cotta/westliche Ortschaften;StB 9 Cotta;17 Briesnitz und westliche OS;weiblich;35
2009;99 Altfranken/Gompitz;StB 9 Cotta/westliche Ortschaften;OS Altfranken;17 Briesnitz und westliche OS;männlich;2
2009;99 Altfranken/Gompitz;StB 9 Cotta/westliche Ortschaften;OS Gompitz;17 Briesnitz und westliche OS;männlich;12
2009;99 Altfranken/Gompitz;StB 9 Cotta/westliche Ortschaften;OS Gompitz;17 Briesnitz und westliche OS;weiblich;6
2010;01 Innere Altstadt;StB 0 Altstadt;StB 0 Altstadt;01 StB Altstadt ohne Johannstadt;männlich;11
2010;01 Innere Altstadt;StB 0 Altstadt;StB 0 Altstadt;01 StB Altstadt ohne Johannstadt;weiblich;12
2010;02 Pirnaische Vorstadt;StB 0 Altstadt;StB 0 Altstadt;01 StB Altstadt ohne Johannstadt;männlich;38
2010;02 Pirnaische Vorstadt;StB 0 Altstadt;StB 0 Altstadt;01 StB Altstadt ohne Johannstadt;weiblich;74
2010;03 Seevorstadt-Ost;StB 0 Altstadt;StB 0 Altstadt;01 StB Altstadt ohne Johannstadt;männlich;49
2010;03 Seevorstadt-Ost;StB 0 Altstadt;StB 0 Altstadt;01 StB Altstadt ohne Johannstadt;weiblich;76
2010;04 Wilsdruffer Vs./Seevs.-West;StB 0 Altstadt;StB 0 Altstadt;01 StB Altstadt ohne Johannstadt;männlich;66
2010;04 Wilsdruffer Vs./Seevs.-West;StB 0 Altstadt;StB 0 Altstadt;01 StB Altstadt ohne Johannstadt;weiblich;86
2010;05 Friedrichstadt;StB 0 Altstadt;StB 0 Altstadt;01 StB Altstadt ohne Johannstadt;männlich;44
2010;05 Friedrichstadt;StB 0 Altstadt;StB 0 Altstadt;01 StB Altstadt ohne Johannstadt;weiblich;94
2010;06 Johannstadt-Nord;StB 0 Altstadt;StB 0 Altstadt;02 Johannstadt;männlich;85
2010;06 Johannstadt-Nord;StB 0 Altstadt;StB 0 Altstadt;02 Johannstadt;weiblich;172
2010;07 Johannstadt-Süd;StB 0 Altstadt;StB 0 Altstadt;02 Johannstadt;männlich;86
2010;07 Johannstadt-Süd;StB 0 Altstadt;StB 0 Altstadt;02 Johannstadt;weiblich;82
2010;11 Äußere Neustadt (Antonstadt);StB 1 Neustadt;StB 1 Neustadt;03 StB Neustadt ohne Leipziger Vorstadt;männlich;42
2010;11 Äußere Neustadt (Antonstadt);StB 1 Neustadt;StB 1 Neustadt;03 StB Neustadt ohne Leipziger Vorstadt;weiblich;56
2010;12 Radeberger Vorstadt;StB 1 Neustadt;StB 1 Neustadt;03 StB Neustadt ohne Leipziger Vorstadt;männlich;17
2010;12 Radeberger Vorstadt;StB 1 Neustadt;StB 1 Neustadt;03 StB Neustadt ohne Leipziger Vorstadt;weiblich;15
2010;13 Innere Neustadt;StB 1 Neustadt;StB 1 Neustadt;03 StB Neustadt ohne Leipziger Vorstadt;männlich;26
2010;13 Innere Neustadt;StB 1 Neustadt;StB 1 Neustadt;03 StB Neustadt ohne Leipziger Vorstadt;weiblich;28
2010;14 Leipziger Vorstadt;StB 1 Neustadt;StB 1 Neustadt;04 Leipziger Vorstadt, Pieschen;männlich;26
2010;14 Leipziger Vorstadt;StB 1 Neustadt;StB 1 Neustadt;04 Leipziger Vorstadt, Pieschen;weiblich;18
2010;15 Albertstadt;StB 1 Neustadt;StB 1 Neustadt;03 StB Neustadt ohne Leipziger Vorstadt;männlich;14
2010;15 Albertstadt;StB 1 Neustadt;StB 1 Neustadt;03 StB Neustadt ohne Leipziger Vorstadt;weiblich;30
2010;21 Pieschen-Süd;StB 2 Pieschen;StB 2 Pieschen;04 Leipziger Vorstadt, Pieschen;männlich;20
2010;21 Pieschen-Süd;StB 2 Pieschen;StB 2 Pieschen;04 Leipziger Vorstadt, Pieschen;weiblich;32
2010;22 Mickten;StB 2 Pieschen;StB 2 Pieschen;05 Mickten, Kaditz, Trachau;männlich;42
2010;22 Mickten;StB 2 Pieschen;StB 2 Pieschen;05 Mickten, Kaditz, Trachau;weiblich;46
2010;23 Kaditz;StB 2 Pieschen;StB 2 Pieschen;05 Mickten, Kaditz, Trachau;männlich;23
2010;23 Kaditz;StB 2 Pieschen;StB 2 Pieschen;05 Mickten, Kaditz, Trachau;weiblich;8
2010;24 Trachau;StB 2 Pieschen;StB 2 Pieschen;05 Mickten, Kaditz, Trachau;männlich;24
2010;24 Trachau;StB 2 Pieschen;StB 2 Pieschen;05 Mickten, Kaditz, Trachau;weiblich;32
2010;25 Pieschen-N/Trachenberge;StB 2 Pieschen;StB 2 Pieschen;04 Leipziger Vorstadt, Pieschen;männlich;55
2010;25 Pieschen-N/Trachenberge;StB 2 Pieschen;StB 2 Pieschen;04 Leipziger Vorstadt, Pieschen;weiblich;81
2010;31 Klotzsche;StB 3 Klotzsche/nördliche Ortschaften;StB 3 Klotzsche;06 StB Klotzsche und nördliche OS;männlich;50
2010;31 Klotzsche;StB 3 Klotzsche/nördliche Ortschaften;StB 3 Klotzsche;06 StB Klotzsche und nördliche OS;weiblich;52
2010;32 Hellerau/Wilschdorf;StB 3 Klotzsche/nördliche Ortschaften;StB 3 Klotzsche;06 StB Klotzsche und nördliche OS;männlich;23
2010;32 Hellerau/Wilschdorf;StB 3 Klotzsche/nördliche Ortschaften;StB 3 Klotzsche;06 StB Klotzsche und nördliche OS;weiblich;20
2010;35 Weixdorf;StB 3 Klotzsche/nördliche Ortschaften;OS Weixdorf;06 StB Klotzsche und nördliche OS;männlich;23
2010;35 Weixdorf;StB 3 Klotzsche/nördliche Ortschaften;OS Weixdorf;06 StB Klotzsche und nördliche OS;weiblich;19
2010;36 Langebrück/Schönborn;StB 3 Klotzsche/nördliche Ortschaften;OS Langebrück;06 StB Klotzsche und nördliche OS;männlich;22
2010;36 Langebrück/Schönborn;StB 3 Klotzsche/nördliche Ortschaften;OS Langebrück;06 StB Klotzsche und nördliche OS;weiblich;30
2010;36 Langebrück/Schönborn;StB 3 Klotzsche/nördliche Ortschaften;OS Schönborn;06 StB Klotzsche und nördliche OS;männlich;3
2010;36 Langebrück/Schönborn;StB 3 Klotzsche/nördliche Ortschaften;OS Schönborn;06 StB Klotzsche und nördliche OS;weiblich;4
2010;41 Loschwitz/Wachwitz;StB 4 Loschwitz/OS Schönfeld-Weißig;StB 4 Loschwitz;07 StB Loschwitz und OS Schönfeld-Weißig;männlich;20
2010;41 Loschwitz/Wachwitz;StB 4 Loschwitz/OS Schönfeld-Weißig;StB 4 Loschwitz;07 StB Loschwitz und OS Schönfeld-Weißig;weiblich;11
2010;42 Bühlau/Weißer Hirsch;StB 4 Loschwitz/OS Schönfeld-Weißig;StB 4 Loschwitz;07 StB Loschwitz und OS Schönfeld-Weißig;männlich;40
2010;42 Bühlau/Weißer Hirsch;StB 4 Loschwitz/OS Schönfeld-Weißig;StB 4 Loschwitz;07 StB Loschwitz und OS Schönfeld-Weißig;weiblich;63
2010;43 Hosterwitz/Pillnitz;StB 4 Loschwitz/OS Schönfeld-Weißig;StB 4 Loschwitz;07 StB Loschwitz und OS Schönfeld-Weißig;männlich;16
2010;43 Hosterwitz/Pillnitz;StB 4 Loschwitz/OS Schönfeld-Weißig;StB 4 Loschwitz;07 StB Loschwitz und OS Schönfeld-Weißig;weiblich;24
2010;45 Weißig;StB 4 Loschwitz/OS Schönfeld-Weißig;OS Schönfeld-Weißig;07 StB Loschwitz und OS Schönfeld-Weißig;männlich;23
2010;45 Weißig;StB 4 Loschwitz/OS Schönfeld-Weißig;OS Schönfeld-Weißig;07 StB Loschwitz und OS Schönfeld-Weißig;weiblich;32
2010;46 Gönnsdorf/Pappritz;StB 4 Loschwitz/OS Schönfeld-Weißig;OS Schönfeld-Weißig;07 StB Loschwitz und OS Schönfeld-Weißig;männlich;10
2010;46 Gönnsdorf/Pappritz;StB 4 Loschwitz/OS Schönfeld-Weißig;OS Schönfeld-Weißig;07 StB Loschwitz und OS Schönfeld-Weißig;weiblich;7
2010;47 Schönfeld/Schullwitz;StB 4 Loschwitz/OS Schönfeld-Weißig;OS Schönfeld-Weißig;07 StB Loschwitz und OS Schönfeld-Weißig;männlich;15
2010;47 Schönfeld/Schullwitz;StB 4 Loschwitz/OS Schönfeld-Weißig;OS Schönfeld-Weißig;07 StB Loschwitz und OS Schönfeld-Weißig;weiblich;9
2010;51 Blasewitz;StB 5 Blasewitz;StB 5 Blasewitz;08 Blasewitz, Striesen;männlich;45
2010;51 Blasewitz;StB 5 Blasewitz;StB 5 Blasewitz;08 Blasewitz, Striesen;weiblich;71
2010;52 Striesen-Ost;StB 5 Blasewitz;StB 5 Blasewitz;08 Blasewitz, Striesen;männlich;27
2010;52 Striesen-Ost;StB 5 Blasewitz;StB 5 Blasewitz;08 Blasewitz, Striesen;weiblich;42
2010;53 Striesen-Süd;StB 5 Blasewitz;StB 5 Blasewitz;08 Blasewitz, Striesen;männlich;50
2010;53 Striesen-Süd;StB 5 Blasewitz;StB 5 Blasewitz;08 Blasewitz, Striesen;weiblich;42
2010;54 Striesen-West;StB 5 Blasewitz;StB 5 Blasewitz;08 Blasewitz, Striesen;männlich;35
2010;54 Striesen-West;StB 5 Blasewitz;StB 5 Blasewitz;08 Blasewitz, Striesen;weiblich;39
2010;55 Tolkewitz/Seidnitz-Nord;StB 5 Blasewitz;StB 5 Blasewitz;09 Tolkewitz, Seidnitz, Gruna;männlich;45
2010;55 Tolkewitz/Seidnitz-Nord;StB 5 Blasewitz;StB 5 Blasewitz;09 Tolkewitz, Seidnitz, Gruna;weiblich;32
2010;56 Seidnitz/Dobritz;StB 5 Blasewitz;StB 5 Blasewitz;09 Tolkewitz, Seidnitz, Gruna;männlich;59
2010;56 Seidnitz/Dobritz;StB 5 Blasewitz;StB 5 Blasewitz;09 Tolkewitz, Seidnitz, Gruna;weiblich;48
2010;57 Gruna;StB 5 Blasewitz;StB 5 Blasewitz;09 Tolkewitz, Seidnitz, Gruna;männlich;68
2010;57 Gruna;StB 5 Blasewitz;StB 5 Blasewitz;09 Tolkewitz, Seidnitz, Gruna;weiblich;67
2010;61 Leuben;StB 6 Leuben;StB 6 Leuben;10 StB Leuben;männlich;82
2010;61 Leuben;StB 6 Leuben;StB 6 Leuben;10 StB Leuben;weiblich;105
2010;62 Laubegast;StB 6 Leuben;StB 6 Leuben;10 StB Leuben;männlich;42
2010;62 Laubegast;StB 6 Leuben;StB 6 Leuben;10 StB Leuben;weiblich;50
2010;63 Kleinzschachwitz;StB 6 Leuben;StB 6 Leuben;10 StB Leuben;männlich;27
2010;63 Kleinzschachwitz;StB 6 Leuben;StB 6 Leuben;10 StB Leuben;weiblich;57
2010;64 Großzschachwitz;StB 6 Leuben;StB 6 Leuben;10 StB Leuben;männlich;38
2010;64 Großzschachwitz;StB 6 Leuben;StB 6 Leuben;10 StB Leuben;weiblich;61
2010;71 Prohlis-Nord;StB 7 Prohlis;StB 7 Prohlis;11 Prohlis, Reick (mit Sternhäuser, Am Koitschgraben);männlich;35
2010;71 Prohlis-Nord;StB 7 Prohlis;StB 7 Prohlis;11 Prohlis, Reick (mit Sternhäuser, Am Koitschgraben);weiblich;19
2010;72 Prohlis-Süd;StB 7 Prohlis;StB 7 Prohlis;11 Prohlis, Reick (mit Sternhäuser, Am Koitschgraben);männlich;67
2010;72 Prohlis-Süd;StB 7 Prohlis;StB 7 Prohlis;11 Prohlis, Reick (mit Sternhäuser, Am Koitschgraben);weiblich;94
2010;73 Niedersedlitz;StB 7 Prohlis;StB 7 Prohlis;12 Niedersedlitz, Leubnitz, Strehlen (ohne Sternhäuser, Am Koitschgraben);männlich;14
2010;73 Niedersedlitz;StB 7 Prohlis;StB 7 Prohlis;12 Niedersedlitz, Leubnitz, Strehlen (ohne Sternhäuser, Am Koitschgraben);weiblich;10
2010;74 Lockwitz;StB 7 Prohlis;StB 7 Prohlis;12 Niedersedlitz, Leubnitz, Strehlen (ohne Sternhäuser, Am Koitschgraben);männlich;15
2010;74 Lockwitz;StB 7 Prohlis;StB 7 Prohlis;12 Niedersedlitz, Leubnitz, Strehlen (ohne Sternhäuser, Am Koitschgraben);weiblich;17
2010;75 Leubnitz-Neuostra;StB 7 Prohlis;StB 7 Prohlis;12 Niedersedlitz, Leubnitz, Strehlen (ohne Sternhäuser, Am Koitschgraben);männlich;62
2010;75 Leubnitz-Neuostra;StB 7 Prohlis;StB 7 Prohlis;12 Niedersedlitz, Leubnitz, Strehlen (ohne Sternhäuser, Am Koitschgraben);weiblich;53
2010;76 Strehlen;StB 7 Prohlis;StB 7 Prohlis;11 Prohlis, Reick (mit Sternhäuser, Am Koitschgraben);männlich;21
2010;76 Strehlen;StB 7 Prohlis;StB 7 Prohlis;11 Prohlis, Reick (mit Sternhäuser, Am Koitschgraben);weiblich;17
2010;76 Strehlen;StB 7 Prohlis;StB 7 Prohlis;12 Niedersedlitz, Leubnitz, Strehlen (ohne Sternhäuser, Am Koitschgraben);männlich;19
2010;76 Strehlen;StB 7 Prohlis;StB 7 Prohlis;12 Niedersedlitz, Leubnitz, Strehlen (ohne Sternhäuser, Am Koitschgraben);weiblich;44
2010;77 Reick;StB 7 Prohlis;StB 7 Prohlis;11 Prohlis, Reick (mit Sternhäuser, Am Koitschgraben);männlich;22
2010;77 Reick;StB 7 Prohlis;StB 7 Prohlis;11 Prohlis, Reick (mit Sternhäuser, Am Koitschgraben);weiblich;20
2010;81 Südvorstadt-West;StB 8 Plauen;StB 8 Plauen;13 Südvorstadt, Zschertnitz;männlich;46
2010;81 Südvorstadt-West;StB 8 Plauen;StB 8 Plauen;13 Südvorstadt, Zschertnitz;weiblich;32
2010;82 Südvorstadt-Ost;StB 8 Plauen;StB 8 Plauen;13 Südvorstadt, Zschertnitz;männlich;14
2010;82 Südvorstadt-Ost;StB 8 Plauen;StB 8 Plauen;13 Südvorstadt, Zschertnitz;weiblich;16
2010;83 Räcknitz/Zschertnitz;StB 8 Plauen;StB 8 Plauen;13 Südvorstadt, Zschertnitz;männlich;31
2010;83 Räcknitz/Zschertnitz;StB 8 Plauen;StB 8 Plauen;13 Südvorstadt, Zschertnitz;weiblich;35
2010;84 Kleinpestitz/Mockritz;StB 8 Plauen;StB 8 Plauen;14 Mockritz, Coschütz, Plauen;männlich;33
2010;84 Kleinpestitz/Mockritz;StB 8 Plauen;StB 8 Plauen;14 Mockritz, Coschütz, Plauen;weiblich;22
2010;85 Coschütz/Gittersee;StB 8 Plauen;StB 8 Plauen;14 Mockritz, Coschütz, Plauen;männlich;18
2010;85 Coschütz/Gittersee;StB 8 Plauen;StB 8 Plauen;14 Mockritz, Coschütz, Plauen;weiblich;16
2010;86 Plauen;StB 8 Plauen;StB 8 Plauen;14 Mockritz, Coschütz, Plauen;männlich;42
2010;86 Plauen;StB 8 Plauen;StB 8 Plauen;14 Mockritz, Coschütz, Plauen;weiblich;65
2010;90 Cossebaude/Mobschatz/Oberw.;StB 9 Cotta/westliche Ortschaften;OS Cossebaude;17 Briesnitz und westliche OS;männlich;24
2010;90 Cossebaude/Mobschatz/Oberw.;StB 9 Cotta/westliche Ortschaften;OS Cossebaude;17 Briesnitz und westliche OS;weiblich;34
2010;90 Cossebaude/Mobschatz/Oberw.;StB 9 Cotta/westliche Ortschaften;OS Mobschatz;17 Briesnitz und westliche OS;männlich;7
2010;90 Cossebaude/Mobschatz/Oberw.;StB 9 Cotta/westliche Ortschaften;OS Mobschatz;17 Briesnitz und westliche OS;weiblich;5
2010;90 Cossebaude/Mobschatz/Oberw.;StB 9 Cotta/westliche Ortschaften;OS Oberwartha;17 Briesnitz und westliche OS;männlich;2
2010;90 Cossebaude/Mobschatz/Oberw.;StB 9 Cotta/westliche Ortschaften;OS Oberwartha;17 Briesnitz und westliche OS;weiblich;3
2010;91 Cotta;StB 9 Cotta/westliche Ortschaften;StB 9 Cotta;15 Cotta, Löbtau, Naußlitz, Dölzschen;männlich;25
2010;91 Cotta;StB 9 Cotta/westliche Ortschaften;StB 9 Cotta;15 Cotta, Löbtau, Naußlitz, Dölzschen;weiblich;38
2010;92 Löbtau-Nord;StB 9 Cotta/westliche Ortschaften;StB 9 Cotta;15 Cotta, Löbtau, Naußlitz, Dölzschen;männlich;15
2010;92 Löbtau-Nord;StB 9 Cotta/westliche Ortschaften;StB 9 Cotta;15 Cotta, Löbtau, Naußlitz, Dölzschen;weiblich;16
2010;93 Löbtau-Süd;StB 9 Cotta/westliche Ortschaften;StB 9 Cotta;15 Cotta, Löbtau, Naußlitz, Dölzschen;männlich;30
2010;93 Löbtau-Süd;StB 9 Cotta/westliche Ortschaften;StB 9 Cotta;15 Cotta, Löbtau, Naußlitz, Dölzschen;weiblich;36
2010;94 Naußlitz;StB 9 Cotta/westliche Ortschaften;StB 9 Cotta;15 Cotta, Löbtau, Naußlitz, Dölzschen;männlich;36
2010;94 Naußlitz;StB 9 Cotta/westliche Ortschaften;StB 9 Cotta;15 Cotta, Löbtau, Naußlitz, Dölzschen;weiblich;42
2010;95 Gorbitz-Süd;StB 9 Cotta/westliche Ortschaften;StB 9 Cotta;16 Gorbitz;männlich;49
2010;95 Gorbitz-Süd;StB 9 Cotta/westliche Ortschaften;StB 9 Cotta;16 Gorbitz;weiblich;94
2010;96 Gorbitz-Ost;StB 9 Cotta/westliche Ortschaften;StB 9 Cotta;16 Gorbitz;männlich;39
2010;96 Gorbitz-Ost;StB 9 Cotta/westliche Ortschaften;StB 9 Cotta;16 Gorbitz;weiblich;85
2010;97 Gorbitz-Nord/Neu-Omsewitz;StB 9 Cotta/westliche Ortschaften;StB 9 Cotta;16 Gorbitz;männlich;25
2010;97 Gorbitz-Nord/Neu-Omsewitz;StB 9 Cotta/westliche Ortschaften;StB 9 Cotta;16 Gorbitz;weiblich;20
2010;98 Briesnitz;StB 9 Cotta/westliche Ortschaften;StB 9 Cotta;17 Briesnitz und westliche OS;männlich;33
2010;98 Briesnitz;StB 9 Cotta/westliche Ortschaften;StB 9 Cotta;17 Briesnitz und westliche OS;weiblich;34
2010;99 Altfranken/Gompitz;StB 9 Cotta/westliche Ortschaften;OS Altfranken;17 Briesnitz und westliche OS;männlich;2
2010;99 Altfranken/Gompitz;StB 9 Cotta/westliche Ortschaften;OS Altfranken;17 Briesnitz und westliche OS;weiblich;4
2010;99 Altfranken/Gompitz;StB 9 Cotta/westliche Ortschaften;OS Gompitz;17 Briesnitz und westliche OS;männlich;6
2010;99 Altfranken/Gompitz;StB 9 Cotta/westliche Ortschaften;OS Gompitz;17 Briesnitz und westliche OS;weiblich;16
2011;01 Innere Altstadt;StB 0 Altstadt;StB 0 Altstadt;01 StB Altstadt ohne Johannstadt;männlich;11
2011;01 Innere Altstadt;StB 0 Altstadt;StB 0 Altstadt;01 StB Altstadt ohne Johannstadt;weiblich;10
2011;02 Pirnaische Vorstadt;StB 0 Altstadt;StB 0 Altstadt;01 StB Altstadt ohne Johannstadt;männlich;40
2011;02 Pirnaische Vorstadt;StB 0 Altstadt;StB 0 Altstadt;01 StB Altstadt ohne Johannstadt;weiblich;68
2011;03 Seevorstadt-Ost;StB 0 Altstadt;StB 0 Altstadt;01 StB Altstadt ohne Johannstadt;männlich;49
2011;03 Seevorstadt-Ost;StB 0 Altstadt;StB 0 Altstadt;01 StB Altstadt ohne Johannstadt;weiblich;56
2011;04 Wilsdruffer Vs./Seevs.-West;StB 0 Altstadt;StB 0 Altstadt;01 StB Altstadt ohne Johannstadt;männlich;66
2011;04 Wilsdruffer Vs./Seevs.-West;StB 0 Altstadt;StB 0 Altstadt;01 StB Altstadt ohne Johannstadt;weiblich;68
2011;05 Friedrichstadt;StB 0 Altstadt;StB 0 Altstadt;01 StB Altstadt ohne Johannstadt;männlich;37
2011;05 Friedrichstadt;StB 0 Altstadt;StB 0 Altstadt;01 StB Altstadt ohne Johannstadt;weiblich;73
2011;06 Johannstadt-Nord;StB 0 Altstadt;StB 0 Altstadt;02 Johannstadt;männlich;89
2011;06 Johannstadt-Nord;StB 0 Altstadt;StB 0 Altstadt;02 Johannstadt;weiblich;160
2011;07 Johannstadt-Süd;StB 0 Altstadt;StB 0 Altstadt;02 Johannstadt;männlich;86
2011;07 Johannstadt-Süd;StB 0 Altstadt;StB 0 Altstadt;02 Johannstadt;weiblich;82
2011;11 Äußere Neustadt (Antonstadt);StB 1 Neustadt;StB 1 Neustadt;03 StB Neustadt ohne Leipziger Vorstadt;männlich;47
2011;11 Äußere Neustadt (Antonstadt);StB 1 Neustadt;StB 1 Neustadt;03 StB Neustadt ohne Leipziger Vorstadt;weiblich;50
2011;12 Radeberger Vorstadt;StB 1 Neustadt;StB 1 Neustadt;03 StB Neustadt ohne Leipziger Vorstadt;männlich;20
2011;12 Radeberger Vorstadt;StB 1 Neustadt;StB 1 Neustadt;03 StB Neustadt ohne Leipziger Vorstadt;weiblich;23
2011;13 Innere Neustadt;StB 1 Neustadt;StB 1 Neustadt;03 StB Neustadt ohne Leipziger Vorstadt;männlich;18
2011;13 Innere Neustadt;StB 1 Neustadt;StB 1 Neustadt;03 StB Neustadt ohne Leipziger Vorstadt;weiblich;31
2011;14 Leipziger Vorstadt;StB 1 Neustadt;StB 1 Neustadt;04 Leipziger Vorstadt, Pieschen;männlich;41
2011;14 Leipziger Vorstadt;StB 1 Neustadt;StB 1 Neustadt;04 Leipziger Vorstadt, Pieschen;weiblich;19
2011;15 Albertstadt;StB 1 Neustadt;StB 1 Neustadt;03 StB Neustadt ohne Leipziger Vorstadt;männlich;25
2011;15 Albertstadt;StB 1 Neustadt;StB 1 Neustadt;03 StB Neustadt ohne Leipziger Vorstadt;weiblich;26
2011;21 Pieschen-Süd;StB 2 Pieschen;StB 2 Pieschen;04 Leipziger Vorstadt, Pieschen;männlich;30
2011;21 Pieschen-Süd;StB 2 Pieschen;StB 2 Pieschen;04 Leipziger Vorstadt, Pieschen;weiblich;29
2011;22 Mickten;StB 2 Pieschen;StB 2 Pieschen;05 Mickten, Kaditz, Trachau;männlich;46
2011;22 Mickten;StB 2 Pieschen;StB 2 Pieschen;05 Mickten, Kaditz, Trachau;weiblich;34
2011;23 Kaditz;StB 2 Pieschen;StB 2 Pieschen;05 Mickten, Kaditz, Trachau;männlich;16
2011;23 Kaditz;StB 2 Pieschen;StB 2 Pieschen;05 Mickten, Kaditz, Trachau;weiblich;13
2011;24 Trachau;StB 2 Pieschen;StB 2 Pieschen;05 Mickten, Kaditz, Trachau;männlich;36
2011;24 Trachau;StB 2 Pieschen;StB 2 Pieschen;05 Mickten, Kaditz, Trachau;weiblich;42
2011;25 Pieschen-N/Trachenberge;StB 2 Pieschen;StB 2 Pieschen;04 Leipziger Vorstadt, Pieschen;männlich;59
2011;25 Pieschen-N/Trachenberge;StB 2 Pieschen;StB 2 Pieschen;04 Leipziger Vorstadt, Pieschen;weiblich;67
2011;31 Klotzsche;StB 3 Klotzsche/nördliche Ortschaften;StB 3 Klotzsche;06 StB Klotzsche und nördliche OS;männlich;60
2011;31 Klotzsche;StB 3 Klotzsche/nördliche Ortschaften;StB 3 Klotzsche;06 StB Klotzsche und nördliche OS;weiblich;69
2011;32 Hellerau/Wilschdorf;StB 3 Klotzsche/nördliche Ortschaften;StB 3 Klotzsche;06 StB Klotzsche und nördliche OS;männlich;20
2011;32 Hellerau/Wilschdorf;StB 3 Klotzsche/nördliche Ortschaften;StB 3 Klotzsche;06 StB Klotzsche und nördliche OS;weiblich;14
2011;35 Weixdorf;StB 3 Klotzsche/nördliche Ortschaften;OS Weixdorf;06 StB Klotzsche und nördliche OS;männlich;25
2011;35 Weixdorf;StB 3 Klotzsche/nördliche Ortschaften;OS Weixdorf;06 StB Klotzsche und nördliche OS;weiblich;16
2011;36 Langebrück/Schönborn;StB 3 Klotzsche/nördliche Ortschaften;OS Langebrück;06 StB Klotzsche und nördliche OS;männlich;13
2011;36 Langebrück/Schönborn;StB 3 Klotzsche/nördliche Ortschaften;OS Langebrück;06 StB Klotzsche und nördliche OS;weiblich;25
2011;36 Langebrück/Schönborn;StB 3 Klotzsche/nördliche Ortschaften;OS Schönborn;06 StB Klotzsche und nördliche OS;männlich;2
2011;36 Langebrück/Schönborn;StB 3 Klotzsche/nördliche Ortschaften;OS Schönborn;06 StB Klotzsche und nördliche OS;weiblich;2
2011;41 Loschwitz/Wachwitz;StB 4 Loschwitz/OS Schönfeld-Weißig;StB 4 Loschwitz;07 StB Loschwitz und OS Schönfeld-Weißig;männlich;11
2011;41 Loschwitz/Wachwitz;StB 4 Loschwitz/OS Schönfeld-Weißig;StB 4 Loschwitz;07 StB Loschwitz und OS Schönfeld-Weißig;weiblich;15
2011;42 Bühlau/Weißer Hirsch;StB 4 Loschwitz/OS Schönfeld-Weißig;StB 4 Loschwitz;07 StB Loschwitz und OS Schönfeld-Weißig;männlich;54
2011;42 Bühlau/Weißer Hirsch;StB 4 Loschwitz/OS Schönfeld-Weißig;StB 4 Loschwitz;07 StB Loschwitz und OS Schönfeld-Weißig;weiblich;81
2011;43 Hosterwitz/Pillnitz;StB 4 Loschwitz/OS Schönfeld-Weißig;StB 4 Loschwitz;07 StB Loschwitz und OS Schönfeld-Weißig;männlich;19
2011;43 Hosterwitz/Pillnitz;StB 4 Loschwitz/OS Schönfeld-Weißig;StB 4 Loschwitz;07 StB Loschwitz und OS Schönfeld-Weißig;weiblich;20
2011;45 Weißig;StB 4 Loschwitz/OS Schönfeld-Weißig;OS Schönfeld-Weißig;07 StB Loschwitz und OS Schönfeld-Weißig;männlich;18
2011;45 Weißig;StB 4 Loschwitz/OS Schönfeld-Weißig;OS Schönfeld-Weißig;07 StB Loschwitz und OS Schönfeld-Weißig;weiblich;24
2011;46 Gönnsdorf/Pappritz;StB 4 Loschwitz/OS Schönfeld-Weißig;OS Schönfeld-Weißig;07 StB Loschwitz und OS Schönfeld-Weißig;männlich;13
2011;46 Gönnsdorf/Pappritz;StB 4 Loschwitz/OS Schönfeld-Weißig;OS Schönfeld-Weißig;07 StB Loschwitz und OS Schönfeld-Weißig;weiblich;5
2011;47 Schönfeld/Schullwitz;StB 4 Loschwitz/OS Schönfeld-Weißig;OS Schönfeld-Weißig;07 StB Loschwitz und OS Schönfeld-Weißig;männlich;7
2011;47 Schönfeld/Schullwitz;StB 4 Loschwitz/OS Schönfeld-Weißig;OS Schönfeld-Weißig;07 StB Loschwitz und OS Schönfeld-Weißig;weiblich;11
2011;51 Blasewitz;StB 5 Blasewitz;StB 5 Blasewitz;08 Blasewitz, Striesen;männlich;32
2011;51 Blasewitz;StB 5 Blasewitz;StB 5 Blasewitz;08 Blasewitz, Striesen;weiblich;79
2011;52 Striesen-Ost;StB 5 Blasewitz;StB 5 Blasewitz;08 Blasewitz, Striesen;männlich;24
2011;52 Striesen-Ost;StB 5 Blasewitz;StB 5 Blasewitz;08 Blasewitz, Striesen;weiblich;30
2011;53 Striesen-Süd;StB 5 Blasewitz;StB 5 Blasewitz;08 Blasewitz, Striesen;männlich;41
2011;53 Striesen-Süd;StB 5 Blasewitz;StB 5 Blasewitz;08 Blasewitz, Striesen;weiblich;44
2011;54 Striesen-West;StB 5 Blasewitz;StB 5 Blasewitz;08 Blasewitz, Striesen;männlich;54
2011;54 Striesen-West;StB 5 Blasewitz;StB 5 Blasewitz;08 Blasewitz, Striesen;weiblich;50
2011;55 Tolkewitz/Seidnitz-Nord;StB 5 Blasewitz;StB 5 Blasewitz;09 Tolkewitz, Seidnitz, Gruna;männlich;38
2011;55 Tolkewitz/Seidnitz-Nord;StB 5 Blasewitz;StB 5 Blasewitz;09 Tolkewitz, Seidnitz, Gruna;weiblich;30
2011;56 Seidnitz/Dobritz;StB 5 Blasewitz;StB 5 Blasewitz;09 Tolkewitz, Seidnitz, Gruna;männlich;49
2011;56 Seidnitz/Dobritz;StB 5 Blasewitz;StB 5 Blasewitz;09 Tolkewitz, Seidnitz, Gruna;weiblich;48
2011;57 Gruna;StB 5 Blasewitz;StB 5 Blasewitz;09 Tolkewitz, Seidnitz, Gruna;männlich;77
2011;57 Gruna;StB 5 Blasewitz;StB 5 Blasewitz;09 Tolkewitz, Seidnitz, Gruna;weiblich;53
2011;61 Leuben;StB 6 Leuben;StB 6 Leuben;10 StB Leuben;männlich;65
2011;61 Leuben;StB 6 Leuben;StB 6 Leuben;10 StB Leuben;weiblich;105
2011;62 Laubegast;StB 6 Leuben;StB 6 Leuben;10 StB Leuben;männlich;32
2011;62 Laubegast;StB 6 Leuben;StB 6 Leuben;10 StB Leuben;weiblich;43
2011;63 Kleinzschachwitz;StB 6 Leuben;StB 6 Leuben;10 StB Leuben;männlich;31
2011;63 Kleinzschachwitz;StB 6 Leuben;StB 6 Leuben;10 StB Leuben;weiblich;36
2011;64 Großzschachwitz;StB 6 Leuben;StB 6 Leuben;10 StB Leuben;männlich;38
2011;64 Großzschachwitz;StB 6 Leuben;StB 6 Leuben;10 StB Leuben;weiblich;75
2011;71 Prohlis-Nord;StB 7 Prohlis;StB 7 Prohlis;11 Prohlis, Reick (mit Sternhäuser, Am Koitschgraben);männlich;37
2011;71 Prohlis-Nord;StB 7 Prohlis;StB 7 Prohlis;11 Prohlis, Reick (mit Sternhäuser, Am Koitschgraben);weiblich;23
2011;72 Prohlis-Süd;StB 7 Prohlis;StB 7 Prohlis;11 Prohlis, Reick (mit Sternhäuser, Am Koitschgraben);männlich;63
2011;72 Prohlis-Süd;StB 7 Prohlis;StB 7 Prohlis;11 Prohlis, Reick (mit Sternhäuser, Am Koitschgraben);weiblich;84
2011;73 Niedersedlitz;StB 7 Prohlis;StB 7 Prohlis;12 Niedersedlitz, Leubnitz, Strehlen (ohne Sternhäuser, Am Koitschgraben);männlich;12
2011;73 Niedersedlitz;StB 7 Prohlis;StB 7 Prohlis;12 Niedersedlitz, Leubnitz, Strehlen (ohne Sternhäuser, Am Koitschgraben);weiblich;8
2011;74 Lockwitz;StB 7 Prohlis;StB 7 Prohlis;12 Niedersedlitz, Leubnitz, Strehlen (ohne Sternhäuser, Am Koitschgraben);männlich;16
2011;74 Lockwitz;StB 7 Prohlis;StB 7 Prohlis;12 Niedersedlitz, Leubnitz, Strehlen (ohne Sternhäuser, Am Koitschgraben);weiblich;13
2011;75 Leubnitz-Neuostra;StB 7 Prohlis;StB 7 Prohlis;12 Niedersedlitz, Leubnitz, Strehlen (ohne Sternhäuser, Am Koitschgraben);männlich;58
2011;75 Leubnitz-Neuostra;StB 7 Prohlis;StB 7 Prohlis;12 Niedersedlitz, Leubnitz, Strehlen (ohne Sternhäuser, Am Koitschgraben);weiblich;63
2011;76 Strehlen;StB 7 Prohlis;StB 7 Prohlis;11 Prohlis, Reick (mit Sternhäuser, Am Koitschgraben);männlich;22
2011;76 Strehlen;StB 7 Prohlis;StB 7 Prohlis;11 Prohlis, Reick (mit Sternhäuser, Am Koitschgraben);weiblich;15
2011;76 Strehlen;StB 7 Prohlis;StB 7 Prohlis;12 Niedersedlitz, Leubnitz, Strehlen (ohne Sternhäuser, Am Koitschgraben);männlich;32
2011;76 Strehlen;StB 7 Prohlis;StB 7 Prohlis;12 Niedersedlitz, Leubnitz, Strehlen (ohne Sternhäuser, Am Koitschgraben);weiblich;43
2011;77 Reick;StB 7 Prohlis;StB 7 Prohlis;11 Prohlis, Reick (mit Sternhäuser, Am Koitschgraben);männlich;25
2011;77 Reick;StB 7 Prohlis;StB 7 Prohlis;11 Prohlis, Reick (mit Sternhäuser, Am Koitschgraben);weiblich;24
2011;81 Südvorstadt-West;StB 8 Plauen;StB 8 Plauen;13 Südvorstadt, Zschertnitz;männlich;38
2011;81 Südvorstadt-West;StB 8 Plauen;StB 8 Plauen;13 Südvorstadt, Zschertnitz;weiblich;43
2011;82 Südvorstadt-Ost;StB 8 Plauen;StB 8 Plauen;13 Südvorstadt, Zschertnitz;männlich;14
2011;82 Südvorstadt-Ost;StB 8 Plauen;StB 8 Plauen;13 Südvorstadt, Zschertnitz;weiblich;12
2011;83 Räcknitz/Zschertnitz;StB 8 Plauen;StB 8 Plauen;13 Südvorstadt, Zschertnitz;männlich;40
2011;83 Räcknitz/Zschertnitz;StB 8 Plauen;StB 8 Plauen;13 Südvorstadt, Zschertnitz;weiblich;36
2011;84 Kleinpestitz/Mockritz;StB 8 Plauen;StB 8 Plauen;14 Mockritz, Coschütz, Plauen;männlich;25
2011;84 Kleinpestitz/Mockritz;StB 8 Plauen;StB 8 Plauen;14 Mockritz, Coschütz, Plauen;weiblich;22
2011;85 Coschütz/Gittersee;StB 8 Plauen;StB 8 Plauen;14 Mockritz, Coschütz, Plauen;männlich;24
2011;85 Coschütz/Gittersee;StB 8 Plauen;StB 8 Plauen;14 Mockritz, Coschütz, Plauen;weiblich;19
2011;86 Plauen;StB 8 Plauen;StB 8 Plauen;14 Mockritz, Coschütz, Plauen;männlich;41
2011;86 Plauen;StB 8 Plauen;StB 8 Plauen;14 Mockritz, Coschütz, Plauen;weiblich;62
2011;90 Cossebaude/Mobschatz/Oberw.;StB 9 Cotta/westliche Ortschaften;OS Cossebaude;17 Briesnitz und westliche OS;männlich;32
2011;90 Cossebaude/Mobschatz/Oberw.;StB 9 Cotta/westliche Ortschaften;OS Cossebaude;17 Briesnitz und westliche OS;weiblich;27
2011;90 Cossebaude/Mobschatz/Oberw.;StB 9 Cotta/westliche Ortschaften;OS Mobschatz;17 Briesnitz und westliche OS;männlich;6
2011;90 Cossebaude/Mobschatz/Oberw.;StB 9 Cotta/westliche Ortschaften;OS Mobschatz;17 Briesnitz und westliche OS;weiblich;2
2011;90 Cossebaude/Mobschatz/Oberw.;StB 9 Cotta/westliche Ortschaften;OS Oberwartha;17 Briesnitz und westliche OS;männlich;1
2011;90 Cossebaude/Mobschatz/Oberw.;StB 9 Cotta/westliche Ortschaften;OS Oberwartha;17 Briesnitz und westliche OS;weiblich;1
2011;91 Cotta;StB 9 Cotta/westliche Ortschaften;StB 9 Cotta;15 Cotta, Löbtau, Naußlitz, Dölzschen;männlich;38
2011;91 Cotta;StB 9 Cotta/westliche Ortschaften;StB 9 Cotta;15 Cotta, Löbtau, Naußlitz, Dölzschen;weiblich;22
2011;92 Löbtau-Nord;StB 9 Cotta/westliche Ortschaften;StB 9 Cotta;15 Cotta, Löbtau, Naußlitz, Dölzschen;männlich;26
2011;92 Löbtau-Nord;StB 9 Cotta/westliche Ortschaften;StB 9 Cotta;15 Cotta, Löbtau, Naußlitz, Dölzschen;weiblich;15
2011;93 Löbtau-Süd;StB 9 Cotta/westliche Ortschaften;StB 9 Cotta;15 Cotta, Löbtau, Naußlitz, Dölzschen;männlich;40
2011;93 Löbtau-Süd;StB 9 Cotta/westliche Ortschaften;StB 9 Cotta;15 Cotta, Löbtau, Naußlitz, Dölzschen;weiblich;31
2011;94 Naußlitz;StB 9 Cotta/westliche Ortschaften;StB 9 Cotta;15 Cotta, Löbtau, Naußlitz, Dölzschen;männlich;36
2011;94 Naußlitz;StB 9 Cotta/westliche Ortschaften;StB 9 Cotta;15 Cotta, Löbtau, Naußlitz, Dölzschen;weiblich;33
2011;95 Gorbitz-Süd;StB 9 Cotta/westliche Ortschaften;StB 9 Cotta;16 Gorbitz;männlich;51
2011;95 Gorbitz-Süd;StB 9 Cotta/westliche Ortschaften;StB 9 Cotta;16 Gorbitz;weiblich;78
2011;96 Gorbitz-Ost;StB 9 Cotta/westliche Ortschaften;StB 9 Cotta;16 Gorbitz;männlich;32
2011;96 Gorbitz-Ost;StB 9 Cotta/westliche Ortschaften;StB 9 Cotta;16 Gorbitz;weiblich;77
2011;97 Gorbitz-Nord/Neu-Omsewitz;StB 9 Cotta/westliche Ortschaften;StB 9 Cotta;16 Gorbitz;männlich;24
2011;97 Gorbitz-Nord/Neu-Omsewitz;StB 9 Cotta/westliche Ortschaften;StB 9 Cotta;16 Gorbitz;weiblich;21
2011;98 Briesnitz;StB 9 Cotta/westliche Ortschaften;StB 9 Cotta;17 Briesnitz und westliche OS;männlich;44
2011;98 Briesnitz;StB 9 Cotta/westliche Ortschaften;StB 9 Cotta;17 Briesnitz und westliche OS;weiblich;41
2011;99 Altfranken/Gompitz;StB 9 Cotta/westliche Ortschaften;OS Altfranken;17 Briesnitz und westliche OS;männlich;5
2011;99 Altfranken/Gompitz;StB 9 Cotta/westliche Ortschaften;OS Altfranken;17 Briesnitz und westliche OS;weiblich;3
2011;99 Altfranken/Gompitz;StB 9 Cotta/westliche Ortschaften;OS Gompitz;17 Briesnitz und westliche OS;männlich;8
2011;99 Altfranken/Gompitz;StB 9 Cotta/westliche Ortschaften;OS Gompitz;17 Briesnitz und westliche OS;weiblich;7
2012;01 Innere Altstadt;StB 0 Altstadt;StB 0 Altstadt;01 StB Altstadt ohne Johannstadt;männlich;13
2012;01 Innere Altstadt;StB 0 Altstadt;StB 0 Altstadt;01 StB Altstadt ohne Johannstadt;weiblich;14
2012;02 Pirnaische Vorstadt;StB 0 Altstadt;StB 0 Altstadt;01 StB Altstadt ohne Johannstadt;männlich;46
2012;02 Pirnaische Vorstadt;StB 0 Altstadt;StB 0 Altstadt;01 StB Altstadt ohne Johannstadt;weiblich;77
2012;03 Seevorstadt-Ost;StB 0 Altstadt;StB 0 Altstadt;01 StB Altstadt ohne Johannstadt;männlich;48
2012;03 Seevorstadt-Ost;StB 0 Altstadt;StB 0 Altstadt;01 StB Altstadt ohne Johannstadt;weiblich;55
2012;04 Wilsdruffer Vs./Seevs.-West;StB 0 Altstadt;StB 0 Altstadt;01 StB Altstadt ohne Johannstadt;männlich;67
2012;04 Wilsdruffer Vs./Seevs.-West;StB 0 Altstadt;StB 0 Altstadt;01 StB Altstadt ohne Johannstadt;weiblich;97
2012;05 Friedrichstadt;StB 0 Altstadt;StB 0 Altstadt;01 StB Altstadt ohne Johannstadt;männlich;56
2012;05 Friedrichstadt;StB 0 Altstadt;StB 0 Altstadt;01 StB Altstadt ohne Johannstadt;weiblich;92
2012;06 Johannstadt-Nord;StB 0 Altstadt;StB 0 Altstadt;02 Johannstadt;männlich;101
2012;06 Johannstadt-Nord;StB 0 Altstadt;StB 0 Altstadt;02 Johannstadt;weiblich;194
2012;07 Johannstadt-Süd;StB 0 Altstadt;StB 0 Altstadt;02 Johannstadt;männlich;87
2012;07 Johannstadt-Süd;StB 0 Altstadt;StB 0 Altstadt;02 Johannstadt;weiblich;86
2012;11 Äußere Neustadt (Antonstadt);StB 1 Neustadt;StB 1 Neustadt;03 StB Neustadt ohne Leipziger Vorstadt;männlich;29
2012;11 Äußere Neustadt (Antonstadt);StB 1 Neustadt;StB 1 Neustadt;03 StB Neustadt ohne Leipziger Vorstadt;weiblich;45
2012;12 Radeberger Vorstadt;StB 1 Neustadt;StB 1 Neustadt;03 StB Neustadt ohne Leipziger Vorstadt;männlich;19
2012;12 Radeberger Vorstadt;StB 1 Neustadt;StB 1 Neustadt;03 StB Neustadt ohne Leipziger Vorstadt;weiblich;22
2012;13 Innere Neustadt;StB 1 Neustadt;StB 1 Neustadt;03 StB Neustadt ohne Leipziger Vorstadt;männlich;18
2012;13 Innere Neustadt;StB 1 Neustadt;StB 1 Neustadt;03 StB Neustadt ohne Leipziger Vorstadt;weiblich;20
2012;14 Leipziger Vorstadt;StB 1 Neustadt;StB 1 Neustadt;04 Leipziger Vorstadt, Pieschen;männlich;24
2012;14 Leipziger Vorstadt;StB 1 Neustadt;StB 1 Neustadt;04 Leipziger Vorstadt, Pieschen;weiblich;31
2012;15 Albertstadt;StB 1 Neustadt;StB 1 Neustadt;03 StB Neustadt ohne Leipziger Vorstadt;männlich;22
2012;15 Albertstadt;StB 1 Neustadt;StB 1 Neustadt;03 StB Neustadt ohne Leipziger Vorstadt;weiblich;22
2012;21 Pieschen-Süd;StB 2 Pieschen;StB 2 Pieschen;04 Leipziger Vorstadt, Pieschen;männlich;31
2012;21 Pieschen-Süd;StB 2 Pieschen;StB 2 Pieschen;04 Leipziger Vorstadt, Pieschen;weiblich;51
2012;22 Mickten;StB 2 Pieschen;StB 2 Pieschen;05 Mickten, Kaditz, Trachau;männlich;44
2012;22 Mickten;StB 2 Pieschen;StB 2 Pieschen;05 Mickten, Kaditz, Trachau;weiblich;23
2012;23 Kaditz;StB 2 Pieschen;StB 2 Pieschen;05 Mickten, Kaditz, Trachau;männlich;23
2012;23 Kaditz;StB 2 Pieschen;StB 2 Pieschen;05 Mickten, Kaditz, Trachau;weiblich;19
2012;24 Trachau;StB 2 Pieschen;StB 2 Pieschen;05 Mickten, Kaditz, Trachau;männlich;39
2012;24 Trachau;StB 2 Pieschen;StB 2 Pieschen;05 Mickten, Kaditz, Trachau;weiblich;42
2012;25 Pieschen-N/Trachenberge;StB 2 Pieschen;StB 2 Pieschen;04 Leipziger Vorstadt, Pieschen;männlich;58
2012;25 Pieschen-N/Trachenberge;StB 2 Pieschen;StB 2 Pieschen;04 Leipziger Vorstadt, Pieschen;weiblich;68
2012;31 Klotzsche;StB 3 Klotzsche/nördliche Ortschaften;StB 3 Klotzsche;06 StB Klotzsche und nördliche OS;männlich;67
2012;31 Klotzsche;StB 3 Klotzsche/nördliche Ortschaften;StB 3 Klotzsche;06 StB Klotzsche und nördliche OS;weiblich;70
2012;32 Hellerau/Wilschdorf;StB 3 Klotzsche/nördliche Ortschaften;StB 3 Klotzsche;06 StB Klotzsche und nördliche OS;männlich;21
2012;32 Hellerau/Wilschdorf;StB 3 Klotzsche/nördliche Ortschaften;StB 3 Klotzsche;06 StB Klotzsche und nördliche OS;weiblich;23
2012;35 Weixdorf;StB 3 Klotzsche/nördliche Ortschaften;OS Weixdorf;06 StB Klotzsche und nördliche OS;männlich;24
2012;35 Weixdorf;StB 3 Klotzsche/nördliche Ortschaften;OS Weixdorf;06 StB Klotzsche und nördliche OS;weiblich;17
2012;36 Langebrück/Schönborn;StB 3 Klotzsche/nördliche Ortschaften;OS Langebrück;06 StB Klotzsche und nördliche OS;männlich;13
2012;36 Langebrück/Schönborn;StB 3 Klotzsche/nördliche Ortschaften;OS Langebrück;06 StB Klotzsche und nördliche OS;weiblich;24
2012;36 Langebrück/Schönborn;StB 3 Klotzsche/nördliche Ortschaften;OS Schönborn;06 StB Klotzsche und nördliche OS;männlich;3
2012;36 Langebrück/Schönborn;StB 3 Klotzsche/nördliche Ortschaften;OS Schönborn;06 StB Klotzsche und nördliche OS;weiblich;3
2012;41 Loschwitz/Wachwitz;StB 4 Loschwitz/OS Schönfeld-Weißig;StB 4 Loschwitz;07 StB Loschwitz und OS Schönfeld-Weißig;männlich;16
2012;41 Loschwitz/Wachwitz;StB 4 Loschwitz/OS Schönfeld-Weißig;StB 4 Loschwitz;07 StB Loschwitz und OS Schönfeld-Weißig;weiblich;14
2012;42 Bühlau/Weißer Hirsch;StB 4 Loschwitz/OS Schönfeld-Weißig;StB 4 Loschwitz;07 StB Loschwitz und OS Schönfeld-Weißig;männlich;68
2012;42 Bühlau/Weißer Hirsch;StB 4 Loschwitz/OS Schönfeld-Weißig;StB 4 Loschwitz;07 StB Loschwitz und OS Schönfeld-Weißig;weiblich;78
2012;43 Hosterwitz/Pillnitz;StB 4 Loschwitz/OS Schönfeld-Weißig;StB 4 Loschwitz;07 StB Loschwitz und OS Schönfeld-Weißig;männlich;13
2012;43 Hosterwitz/Pillnitz;StB 4 Loschwitz/OS Schönfeld-Weißig;StB 4 Loschwitz;07 StB Loschwitz und OS Schönfeld-Weißig;weiblich;33
2012;45 Weißig;StB 4 Loschwitz/OS Schönfeld-Weißig;OS Schönfeld-Weißig;07 StB Loschwitz und OS Schönfeld-Weißig;männlich;25
2012;45 Weißig;StB 4 Loschwitz/OS Schönfeld-Weißig;OS Schönfeld-Weißig;07 StB Loschwitz und OS Schönfeld-Weißig;weiblich;33
2012;46 Gönnsdorf/Pappritz;StB 4 Loschwitz/OS Schönfeld-Weißig;OS Schönfeld-Weißig;07 StB Loschwitz und OS Schönfeld-Weißig;männlich;11
2012;46 Gönnsdorf/Pappritz;StB 4 Loschwitz/OS Schönfeld-Weißig;OS Schönfeld-Weißig;07 StB Loschwitz und OS Schönfeld-Weißig;weiblich;5
2012;47 Schönfeld/Schullwitz;StB 4 Loschwitz/OS Schönfeld-Weißig;OS Schönfeld-Weißig;07 StB Loschwitz und OS Schönfeld-Weißig;männlich;19
2012;47 Schönfeld/Schullwitz;StB 4 Loschwitz/OS Schönfeld-Weißig;OS Schönfeld-Weißig;07 StB Loschwitz und OS Schönfeld-Weißig;weiblich;12
2012;51 Blasewitz;StB 5 Blasewitz;StB 5 Blasewitz;08 Blasewitz, Striesen;männlich;40
2012;51 Blasewitz;StB 5 Blasewitz;StB 5 Blasewitz;08 Blasewitz, Striesen;weiblich;69
2012;52 Striesen-Ost;StB 5 Blasewitz;StB 5 Blasewitz;08 Blasewitz, Striesen;männlich;42
2012;52 Striesen-Ost;StB 5 Blasewitz;StB 5 Blasewitz;08 Blasewitz, Striesen;weiblich;26
2012;53 Striesen-Süd;StB 5 Blasewitz;StB 5 Blasewitz;08 Blasewitz, Striesen;männlich;46
2012;53 Striesen-Süd;StB 5 Blasewitz;StB 5 Blasewitz;08 Blasewitz, Striesen;weiblich;45
2012;54 Striesen-West;StB 5 Blasewitz;StB 5 Blasewitz;08 Blasewitz, Striesen;männlich;34
2012;54 Striesen-West;StB 5 Blasewitz;StB 5 Blasewitz;08 Blasewitz, Striesen;weiblich;35
2012;55 Tolkewitz/Seidnitz-Nord;StB 5 Blasewitz;StB 5 Blasewitz;09 Tolkewitz, Seidnitz, Gruna;männlich;53
2012;55 Tolkewitz/Seidnitz-Nord;StB 5 Blasewitz;StB 5 Blasewitz;09 Tolkewitz, Seidnitz, Gruna;weiblich;46
2012;56 Seidnitz/Dobritz;StB 5 Blasewitz;StB 5 Blasewitz;09 Tolkewitz, Seidnitz, Gruna;männlich;46
2012;56 Seidnitz/Dobritz;StB 5 Blasewitz;StB 5 Blasewitz;09 Tolkewitz, Seidnitz, Gruna;weiblich;41
2012;57 Gruna;StB 5 Blasewitz;StB 5 Blasewitz;09 Tolkewitz, Seidnitz, Gruna;männlich;64
2012;57 Gruna;StB 5 Blasewitz;StB 5 Blasewitz;09 Tolkewitz, Seidnitz, Gruna;weiblich;61
2012;61 Leuben;StB 6 Leuben;StB 6 Leuben;10 StB Leuben;männlich;56
2012;61 Leuben;StB 6 Leuben;StB 6 Leuben;10 StB Leuben;weiblich;104
2012;62 Laubegast;StB 6 Leuben;StB 6 Leuben;10 StB Leuben;männlich;40
2012;62 Laubegast;StB 6 Leuben;StB 6 Leuben;10 StB Leuben;weiblich;22
2012;63 Kleinzschachwitz;StB 6 Leuben;StB 6 Leuben;10 StB Leuben;männlich;29
2012;63 Kleinzschachwitz;StB 6 Leuben;StB 6 Leuben;10 StB Leuben;weiblich;37
2012;64 Großzschachwitz;StB 6 Leuben;StB 6 Leuben;10 StB Leuben;männlich;39
2012;64 Großzschachwitz;StB 6 Leuben;StB 6 Leuben;10 StB Leuben;weiblich;68
2012;71 Prohlis-Nord;StB 7 Prohlis;StB 7 Prohlis;11 Prohlis, Reick (mit Sternhäuser, Am Koitschgraben);männlich;36
2012;71 Prohlis-Nord;StB 7 Prohlis;StB 7 Prohlis;11 Prohlis, Reick (mit Sternhäuser, Am Koitschgraben);weiblich;35
2012;72 Prohlis-Süd;StB 7 Prohlis;StB 7 Prohlis;11 Prohlis, Reick (mit Sternhäuser, Am Koitschgraben);männlich;67
2012;72 Prohlis-Süd;StB 7 Prohlis;StB 7 Prohlis;11 Prohlis, Reick (mit Sternhäuser, Am Koitschgraben);weiblich;92
2012;73 Niedersedlitz;StB 7 Prohlis;StB 7 Prohlis;12 Niedersedlitz, Leubnitz, Strehlen (ohne Sternhäuser, Am Koitschgraben);männlich;20
2012;73 Niedersedlitz;StB 7 Prohlis;StB 7 Prohlis;12 Niedersedlitz, Leubnitz, Strehlen (ohne Sternhäuser, Am Koitschgraben);weiblich;7
2012;74 Lockwitz;StB 7 Prohlis;StB 7 Prohlis;12 Niedersedlitz, Leubnitz, Strehlen (ohne Sternhäuser, Am Koitschgraben);männlich;8
2012;74 Lockwitz;StB 7 Prohlis;StB 7 Prohlis;12 Niedersedlitz, Leubnitz, Strehlen (ohne Sternhäuser, Am Koitschgraben);weiblich;14
2012;75 Leubnitz-Neuostra;StB 7 Prohlis;StB 7 Prohlis;12 Niedersedlitz, Leubnitz, Strehlen (ohne Sternhäuser, Am Koitschgraben);männlich;50
2012;75 Leubnitz-Neuostra;StB 7 Prohlis;StB 7 Prohlis;12 Niedersedlitz, Leubnitz, Strehlen (ohne Sternhäuser, Am Koitschgraben);weiblich;66
2012;76 Strehlen;StB 7 Prohlis;StB 7 Prohlis;11 Prohlis, Reick (mit Sternhäuser, Am Koitschgraben);männlich;25
2012;76 Strehlen;StB 7 Prohlis;StB 7 Prohlis;11 Prohlis, Reick (mit Sternhäuser, Am Koitschgraben);weiblich;21
2012;76 Strehlen;StB 7 Prohlis;StB 7 Prohlis;12 Niedersedlitz, Leubnitz, Strehlen (ohne Sternhäuser, Am Koitschgraben);männlich;14
2012;76 Strehlen;StB 7 Prohlis;StB 7 Prohlis;12 Niedersedlitz, Leubnitz, Strehlen (ohne Sternhäuser, Am Koitschgraben);weiblich;44
2012;77 Reick;StB 7 Prohlis;StB 7 Prohlis;11 Prohlis, Reick (mit Sternhäuser, Am Koitschgraben);männlich;25
2012;77 Reick;StB 7 Prohlis;StB 7 Prohlis;11 Prohlis, Reick (mit Sternhäuser, Am Koitschgraben);weiblich;16
2012;81 Südvorstadt-West;StB 8 Plauen;StB 8 Plauen;13 Südvorstadt, Zschertnitz;männlich;49
2012;81 Südvorstadt-West;StB 8 Plauen;StB 8 Plauen;13 Südvorstadt, Zschertnitz;weiblich;30
2012;82 Südvorstadt-Ost;StB 8 Plauen;StB 8 Plauen;13 Südvorstadt, Zschertnitz;männlich;29
2012;82 Südvorstadt-Ost;StB 8 Plauen;StB 8 Plauen;13 Südvorstadt, Zschertnitz;weiblich;30
2012;83 Räcknitz/Zschertnitz;StB 8 Plauen;StB 8 Plauen;13 Südvorstadt, Zschertnitz;männlich;36
2012;83 Räcknitz/Zschertnitz;StB 8 Plauen;StB 8 Plauen;13 Südvorstadt, Zschertnitz;weiblich;32
2012;84 Kleinpestitz/Mockritz;StB 8 Plauen;StB 8 Plauen;14 Mockritz, Coschütz, Plauen;männlich;21
2012;84 Kleinpestitz/Mockritz;StB 8 Plauen;StB 8 Plauen;14 Mockritz, Coschütz, Plauen;weiblich;18
2012;85 Coschütz/Gittersee;StB 8 Plauen;StB 8 Plauen;14 Mockritz, Coschütz, Plauen;männlich;14
2012;85 Coschütz/Gittersee;StB 8 Plauen;StB 8 Plauen;14 Mockritz, Coschütz, Plauen;weiblich;17
2012;86 Plauen;StB 8 Plauen;StB 8 Plauen;14 Mockritz, Coschütz, Plauen;männlich;41
2012;86 Plauen;StB 8 Plauen;StB 8 Plauen;14 Mockritz, Coschütz, Plauen;weiblich;72
2012;90 Cossebaude/Mobschatz/Oberw.;StB 9 Cotta/westliche Ortschaften;OS Cossebaude;17 Briesnitz und westliche OS;männlich;31
2012;90 Cossebaude/Mobschatz/Oberw.;StB 9 Cotta/westliche Ortschaften;OS Cossebaude;17 Briesnitz und westliche OS;weiblich;26
2012;90 Cossebaude/Mobschatz/Oberw.;StB 9 Cotta/westliche Ortschaften;OS Mobschatz;17 Briesnitz und westliche OS;männlich;4
2012;90 Cossebaude/Mobschatz/Oberw.;StB 9 Cotta/westliche Ortschaften;OS Mobschatz;17 Briesnitz und westliche OS;weiblich;5
2012;90 Cossebaude/Mobschatz/Oberw.;StB 9 Cotta/westliche Ortschaften;OS Oberwartha;17 Briesnitz und westliche OS;männlich;1
2012;90 Cossebaude/Mobschatz/Oberw.;StB 9 Cotta/westliche Ortschaften;OS Oberwartha;17 Briesnitz und westliche OS;weiblich;2
2012;91 Cotta;StB 9 Cotta/westliche Ortschaften;StB 9 Cotta;15 Cotta, Löbtau, Naußlitz, Dölzschen;männlich;38
2012;91 Cotta;StB 9 Cotta/westliche Ortschaften;StB 9 Cotta;15 Cotta, Löbtau, Naußlitz, Dölzschen;weiblich;36
2012;92 Löbtau-Nord;StB 9 Cotta/westliche Ortschaften;StB 9 Cotta;15 Cotta, Löbtau, Naußlitz, Dölzschen;männlich;19
2012;92 Löbtau-Nord;StB 9 Cotta/westliche Ortschaften;StB 9 Cotta;15 Cotta, Löbtau, Naußlitz, Dölzschen;weiblich;16
2012;93 Löbtau-Süd;StB 9 Cotta/westliche Ortschaften;StB 9 Cotta;15 Cotta, Löbtau, Naußlitz, Dölzschen;männlich;29
2012;93 Löbtau-Süd;StB 9 Cotta/westliche Ortschaften;StB 9 Cotta;15 Cotta, Löbtau, Naußlitz, Dölzschen;weiblich;34
2012;94 Naußlitz;StB 9 Cotta/westliche Ortschaften;StB 9 Cotta;15 Cotta, Löbtau, Naußlitz, Dölzschen;männlich;51
2012;94 Naußlitz;StB 9 Cotta/westliche Ortschaften;StB 9 Cotta;15 Cotta, Löbtau, Naußlitz, Dölzschen;weiblich;29
2012;95 Gorbitz-Süd;StB 9 Cotta/westliche Ortschaften;StB 9 Cotta;16 Gorbitz;männlich;41
2012;95 Gorbitz-Süd;StB 9 Cotta/westliche Ortschaften;StB 9 Cotta;16 Gorbitz;weiblich;76
2012;96 Gorbitz-Ost;StB 9 Cotta/westliche Ortschaften;StB 9 Cotta;16 Gorbitz;männlich;39
2012;96 Gorbitz-Ost;StB 9 Cotta/westliche Ortschaften;StB 9 Cotta;16 Gorbitz;weiblich;74
2012;97 Gorbitz-Nord/Neu-Omsewitz;StB 9 Cotta/westliche Ortschaften;StB 9 Cotta;16 Gorbitz;männlich;25
2012;97 Gorbitz-Nord/Neu-Omsewitz;StB 9 Cotta/westliche Ortschaften;StB 9 Cotta;16 Gorbitz;weiblich;19
2012;98 Briesnitz;StB 9 Cotta/westliche Ortschaften;StB 9 Cotta;17 Briesnitz und westliche OS;männlich;37
2012;98 Briesnitz;StB 9 Cotta/westliche Ortschaften;StB 9 Cotta;17 Briesnitz und westliche OS;weiblich;28
2012;99 Altfranken/Gompitz;StB 9 Cotta/westliche Ortschaften;OS Altfranken;17 Briesnitz und westliche OS;männlich;1
2012;99 Altfranken/Gompitz;StB 9 Cotta/westliche Ortschaften;OS Altfranken;17 Briesnitz und westliche OS;weiblich;1
2012;99 Altfranken/Gompitz;StB 9 Cotta/westliche Ortschaften;OS Gompitz;17 Briesnitz und westliche OS;männlich;10
2012;99 Altfranken/Gompitz;StB 9 Cotta/westliche Ortschaften;OS Gompitz;17 Briesnitz und westliche OS;weiblich;9
