Jahr;Stadtbezirk mit zugeordneten Ortschaften;Stadtraum;Alter in Jahren bis 85 (über 85-Jährige werden Jahrgang 85 zugeordnet);Anzahl Einwohner
2019;StB 0 Altstadt;01 StB Altstadt ohne Johannstadt;0 Jahre;349
2019;StB 0 Altstadt;01 StB Altstadt ohne Johannstadt;1 Jahre;335
2019;StB 0 Altstadt;01 StB Altstadt ohne Johannstadt;2 Jahre;330
2019;StB 0 Altstadt;01 StB Altstadt ohne Johannstadt;3 Jahre;293
2019;StB 0 Altstadt;01 StB Altstadt ohne Johannstadt;4 Jahre;260
2019;StB 0 Altstadt;01 StB Altstadt ohne Johannstadt;5 Jahre;246
2019;StB 0 Altstadt;01 StB Altstadt ohne Johannstadt;6 Jahre;225
2019;StB 0 Altstadt;01 StB Altstadt ohne Johannstadt;7 Jahre;231
2019;StB 0 Altstadt;01 StB Altstadt ohne Johannstadt;8 Jahre;228
2019;StB 0 Altstadt;01 StB Altstadt ohne Johannstadt;9 Jahre;190
2019;StB 0 Altstadt;01 StB Altstadt ohne Johannstadt;10 Jahre;189
2019;StB 0 Altstadt;01 StB Altstadt ohne Johannstadt;11 Jahre;194
2019;StB 0 Altstadt;01 StB Altstadt ohne Johannstadt;12 Jahre;152
2019;StB 0 Altstadt;01 StB Altstadt ohne Johannstadt;13 Jahre;165
2019;StB 0 Altstadt;01 StB Altstadt ohne Johannstadt;14 Jahre;126
2019;StB 0 Altstadt;01 StB Altstadt ohne Johannstadt;15 Jahre;141
2019;StB 0 Altstadt;01 StB Altstadt ohne Johannstadt;16 Jahre;173
2019;StB 0 Altstadt;01 StB Altstadt ohne Johannstadt;17 Jahre;175
2019;StB 0 Altstadt;01 StB Altstadt ohne Johannstadt;18 Jahre;353
2019;StB 0 Altstadt;01 StB Altstadt ohne Johannstadt;19 Jahre;608
2019;StB 0 Altstadt;01 StB Altstadt ohne Johannstadt;20 Jahre;754
2019;StB 0 Altstadt;01 StB Altstadt ohne Johannstadt;21 Jahre;784
2019;StB 0 Altstadt;01 StB Altstadt ohne Johannstadt;22 Jahre;890
2019;StB 0 Altstadt;01 StB Altstadt ohne Johannstadt;23 Jahre;993
2019;StB 0 Altstadt;01 StB Altstadt ohne Johannstadt;24 Jahre;828
2019;StB 0 Altstadt;01 StB Altstadt ohne Johannstadt;25 Jahre;913
2019;StB 0 Altstadt;01 StB Altstadt ohne Johannstadt;26 Jahre;842
2019;StB 0 Altstadt;01 StB Altstadt ohne Johannstadt;27 Jahre;882
2019;StB 0 Altstadt;01 StB Altstadt ohne Johannstadt;28 Jahre;874
2019;StB 0 Altstadt;01 StB Altstadt ohne Johannstadt;29 Jahre;1031
2019;StB 0 Altstadt;01 StB Altstadt ohne Johannstadt;30 Jahre;949
2019;StB 0 Altstadt;01 StB Altstadt ohne Johannstadt;31 Jahre;853
2019;StB 0 Altstadt;01 StB Altstadt ohne Johannstadt;32 Jahre;768
2019;StB 0 Altstadt;01 StB Altstadt ohne Johannstadt;33 Jahre;706
2019;StB 0 Altstadt;01 StB Altstadt ohne Johannstadt;34 Jahre;648
2019;StB 0 Altstadt;01 StB Altstadt ohne Johannstadt;35 Jahre;537
2019;StB 0 Altstadt;01 StB Altstadt ohne Johannstadt;36 Jahre;543
2019;StB 0 Altstadt;01 StB Altstadt ohne Johannstadt;37 Jahre;491
2019;StB 0 Altstadt;01 StB Altstadt ohne Johannstadt;38 Jahre;450
2019;StB 0 Altstadt;01 StB Altstadt ohne Johannstadt;39 Jahre;474
2019;StB 0 Altstadt;01 StB Altstadt ohne Johannstadt;40 Jahre;402
2019;StB 0 Altstadt;01 StB Altstadt ohne Johannstadt;41 Jahre;352
2019;StB 0 Altstadt;01 StB Altstadt ohne Johannstadt;42 Jahre;332
2019;StB 0 Altstadt;01 StB Altstadt ohne Johannstadt;43 Jahre;274
2019;StB 0 Altstadt;01 StB Altstadt ohne Johannstadt;44 Jahre;275
2019;StB 0 Altstadt;01 StB Altstadt ohne Johannstadt;45 Jahre;205
2019;StB 0 Altstadt;01 StB Altstadt ohne Johannstadt;46 Jahre;226
2019;StB 0 Altstadt;01 StB Altstadt ohne Johannstadt;47 Jahre;245
2019;StB 0 Altstadt;01 StB Altstadt ohne Johannstadt;48 Jahre;260
2019;StB 0 Altstadt;01 StB Altstadt ohne Johannstadt;49 Jahre;237
2019;StB 0 Altstadt;01 StB Altstadt ohne Johannstadt;50 Jahre;271
2019;StB 0 Altstadt;01 StB Altstadt ohne Johannstadt;51 Jahre;272
2019;StB 0 Altstadt;01 StB Altstadt ohne Johannstadt;52 Jahre;251
2019;StB 0 Altstadt;01 StB Altstadt ohne Johannstadt;53 Jahre;288
2019;StB 0 Altstadt;01 StB Altstadt ohne Johannstadt;54 Jahre;295
2019;StB 0 Altstadt;01 StB Altstadt ohne Johannstadt;55 Jahre;305
2019;StB 0 Altstadt;01 StB Altstadt ohne Johannstadt;56 Jahre;313
2019;StB 0 Altstadt;01 StB Altstadt ohne Johannstadt;57 Jahre;293
2019;StB 0 Altstadt;01 StB Altstadt ohne Johannstadt;58 Jahre;292
2019;StB 0 Altstadt;01 StB Altstadt ohne Johannstadt;59 Jahre;341
2019;StB 0 Altstadt;01 StB Altstadt ohne Johannstadt;60 Jahre;304
2019;StB 0 Altstadt;01 StB Altstadt ohne Johannstadt;61 Jahre;263
2019;StB 0 Altstadt;01 StB Altstadt ohne Johannstadt;62 Jahre;244
2019;StB 0 Altstadt;01 StB Altstadt ohne Johannstadt;63 Jahre;267
2019;StB 0 Altstadt;01 StB Altstadt ohne Johannstadt;64 Jahre;262
2019;StB 0 Altstadt;01 StB Altstadt ohne Johannstadt;65 Jahre;267
2019;StB 0 Altstadt;01 StB Altstadt ohne Johannstadt;66 Jahre;220
2019;StB 0 Altstadt;01 StB Altstadt ohne Johannstadt;67 Jahre;246
2019;StB 0 Altstadt;01 StB Altstadt ohne Johannstadt;68 Jahre;265
2019;StB 0 Altstadt;01 StB Altstadt ohne Johannstadt;69 Jahre;229
2019;StB 0 Altstadt;01 StB Altstadt ohne Johannstadt;70 Jahre;253
2019;StB 0 Altstadt;01 StB Altstadt ohne Johannstadt;71 Jahre;197
2019;StB 0 Altstadt;01 StB Altstadt ohne Johannstadt;72 Jahre;196
2019;StB 0 Altstadt;01 StB Altstadt ohne Johannstadt;73 Jahre;151
2019;StB 0 Altstadt;01 StB Altstadt ohne Johannstadt;74 Jahre;189
2019;StB 0 Altstadt;01 StB Altstadt ohne Johannstadt;75 Jahre;264
2019;StB 0 Altstadt;01 StB Altstadt ohne Johannstadt;76 Jahre;278
2019;StB 0 Altstadt;01 StB Altstadt ohne Johannstadt;77 Jahre;290
2019;StB 0 Altstadt;01 StB Altstadt ohne Johannstadt;78 Jahre;347
2019;StB 0 Altstadt;01 StB Altstadt ohne Johannstadt;79 Jahre;426
2019;StB 0 Altstadt;01 StB Altstadt ohne Johannstadt;80 Jahre;450
2019;StB 0 Altstadt;01 StB Altstadt ohne Johannstadt;81 Jahre;493
2019;StB 0 Altstadt;01 StB Altstadt ohne Johannstadt;82 Jahre;527
2019;StB 0 Altstadt;01 StB Altstadt ohne Johannstadt;83 Jahre;452
2019;StB 0 Altstadt;01 StB Altstadt ohne Johannstadt;84 Jahre;501
2019;StB 0 Altstadt;01 StB Altstadt ohne Johannstadt;85 Jahre u.älter;2082
2019;StB 0 Altstadt;02 Johannstadt;0 Jahre;224
2019;StB 0 Altstadt;02 Johannstadt;1 Jahre;252
2019;StB 0 Altstadt;02 Johannstadt;2 Jahre;252
2019;StB 0 Altstadt;02 Johannstadt;3 Jahre;213
2019;StB 0 Altstadt;02 Johannstadt;4 Jahre;198
2019;StB 0 Altstadt;02 Johannstadt;5 Jahre;204
2019;StB 0 Altstadt;02 Johannstadt;6 Jahre;195
2019;StB 0 Altstadt;02 Johannstadt;7 Jahre;182
2019;StB 0 Altstadt;02 Johannstadt;8 Jahre;201
2019;StB 0 Altstadt;02 Johannstadt;9 Jahre;158
2019;StB 0 Altstadt;02 Johannstadt;10 Jahre;172
2019;StB 0 Altstadt;02 Johannstadt;11 Jahre;139
2019;StB 0 Altstadt;02 Johannstadt;12 Jahre;165
2019;StB 0 Altstadt;02 Johannstadt;13 Jahre;161
2019;StB 0 Altstadt;02 Johannstadt;14 Jahre;138
2019;StB 0 Altstadt;02 Johannstadt;15 Jahre;174
2019;StB 0 Altstadt;02 Johannstadt;16 Jahre;131
2019;StB 0 Altstadt;02 Johannstadt;17 Jahre;146
2019;StB 0 Altstadt;02 Johannstadt;18 Jahre;153
2019;StB 0 Altstadt;02 Johannstadt;19 Jahre;232
2019;StB 0 Altstadt;02 Johannstadt;20 Jahre;280
2019;StB 0 Altstadt;02 Johannstadt;21 Jahre;322
2019;StB 0 Altstadt;02 Johannstadt;22 Jahre;330
2019;StB 0 Altstadt;02 Johannstadt;23 Jahre;317
2019;StB 0 Altstadt;02 Johannstadt;24 Jahre;314
2019;StB 0 Altstadt;02 Johannstadt;25 Jahre;325
2019;StB 0 Altstadt;02 Johannstadt;26 Jahre;316
2019;StB 0 Altstadt;02 Johannstadt;27 Jahre;308
2019;StB 0 Altstadt;02 Johannstadt;28 Jahre;324
2019;StB 0 Altstadt;02 Johannstadt;29 Jahre;433
2019;StB 0 Altstadt;02 Johannstadt;30 Jahre;441
2019;StB 0 Altstadt;02 Johannstadt;31 Jahre;455
2019;StB 0 Altstadt;02 Johannstadt;32 Jahre;395
2019;StB 0 Altstadt;02 Johannstadt;33 Jahre;378
2019;StB 0 Altstadt;02 Johannstadt;34 Jahre;360
2019;StB 0 Altstadt;02 Johannstadt;35 Jahre;349
2019;StB 0 Altstadt;02 Johannstadt;36 Jahre;324
2019;StB 0 Altstadt;02 Johannstadt;37 Jahre;293
2019;StB 0 Altstadt;02 Johannstadt;38 Jahre;299
2019;StB 0 Altstadt;02 Johannstadt;39 Jahre;257
2019;StB 0 Altstadt;02 Johannstadt;40 Jahre;288
2019;StB 0 Altstadt;02 Johannstadt;41 Jahre;217
2019;StB 0 Altstadt;02 Johannstadt;42 Jahre;257
2019;StB 0 Altstadt;02 Johannstadt;43 Jahre;190
2019;StB 0 Altstadt;02 Johannstadt;44 Jahre;200
2019;StB 0 Altstadt;02 Johannstadt;45 Jahre;186
2019;StB 0 Altstadt;02 Johannstadt;46 Jahre;199
2019;StB 0 Altstadt;02 Johannstadt;47 Jahre;219
2019;StB 0 Altstadt;02 Johannstadt;48 Jahre;219
2019;StB 0 Altstadt;02 Johannstadt;49 Jahre;239
2019;StB 0 Altstadt;02 Johannstadt;50 Jahre;212
2019;StB 0 Altstadt;02 Johannstadt;51 Jahre;203
2019;StB 0 Altstadt;02 Johannstadt;52 Jahre;223
2019;StB 0 Altstadt;02 Johannstadt;53 Jahre;227
2019;StB 0 Altstadt;02 Johannstadt;54 Jahre;242
2019;StB 0 Altstadt;02 Johannstadt;55 Jahre;252
2019;StB 0 Altstadt;02 Johannstadt;56 Jahre;215
2019;StB 0 Altstadt;02 Johannstadt;57 Jahre;252
2019;StB 0 Altstadt;02 Johannstadt;58 Jahre;223
2019;StB 0 Altstadt;02 Johannstadt;59 Jahre;246
2019;StB 0 Altstadt;02 Johannstadt;60 Jahre;222
2019;StB 0 Altstadt;02 Johannstadt;61 Jahre;207
2019;StB 0 Altstadt;02 Johannstadt;62 Jahre;204
2019;StB 0 Altstadt;02 Johannstadt;63 Jahre;199
2019;StB 0 Altstadt;02 Johannstadt;64 Jahre;255
2019;StB 0 Altstadt;02 Johannstadt;65 Jahre;246
2019;StB 0 Altstadt;02 Johannstadt;66 Jahre;238
2019;StB 0 Altstadt;02 Johannstadt;67 Jahre;255
2019;StB 0 Altstadt;02 Johannstadt;68 Jahre;267
2019;StB 0 Altstadt;02 Johannstadt;69 Jahre;287
2019;StB 0 Altstadt;02 Johannstadt;70 Jahre;301
2019;StB 0 Altstadt;02 Johannstadt;71 Jahre;217
2019;StB 0 Altstadt;02 Johannstadt;72 Jahre;297
2019;StB 0 Altstadt;02 Johannstadt;73 Jahre;224
2019;StB 0 Altstadt;02 Johannstadt;74 Jahre;302
2019;StB 0 Altstadt;02 Johannstadt;75 Jahre;444
2019;StB 0 Altstadt;02 Johannstadt;76 Jahre;428
2019;StB 0 Altstadt;02 Johannstadt;77 Jahre;401
2019;StB 0 Altstadt;02 Johannstadt;78 Jahre;509
2019;StB 0 Altstadt;02 Johannstadt;79 Jahre;475
2019;StB 0 Altstadt;02 Johannstadt;80 Jahre;476
2019;StB 0 Altstadt;02 Johannstadt;81 Jahre;423
2019;StB 0 Altstadt;02 Johannstadt;82 Jahre;402
2019;StB 0 Altstadt;02 Johannstadt;83 Jahre;408
2019;StB 0 Altstadt;02 Johannstadt;84 Jahre;388
2019;StB 0 Altstadt;02 Johannstadt;85 Jahre u.älter;1617
2019;StB 1 Neustadt;03 StB Neustadt ohne Leipziger Vorstadt;0 Jahre;528
2019;StB 1 Neustadt;03 StB Neustadt ohne Leipziger Vorstadt;1 Jahre;565
2019;StB 1 Neustadt;03 StB Neustadt ohne Leipziger Vorstadt;2 Jahre;512
2019;StB 1 Neustadt;03 StB Neustadt ohne Leipziger Vorstadt;3 Jahre;455
2019;StB 1 Neustadt;03 StB Neustadt ohne Leipziger Vorstadt;4 Jahre;474
2019;StB 1 Neustadt;03 StB Neustadt ohne Leipziger Vorstadt;5 Jahre;445
2019;StB 1 Neustadt;03 StB Neustadt ohne Leipziger Vorstadt;6 Jahre;425
2019;StB 1 Neustadt;03 StB Neustadt ohne Leipziger Vorstadt;7 Jahre;401
2019;StB 1 Neustadt;03 StB Neustadt ohne Leipziger Vorstadt;8 Jahre;401
2019;StB 1 Neustadt;03 StB Neustadt ohne Leipziger Vorstadt;9 Jahre;403
2019;StB 1 Neustadt;03 StB Neustadt ohne Leipziger Vorstadt;10 Jahre;404
2019;StB 1 Neustadt;03 StB Neustadt ohne Leipziger Vorstadt;11 Jahre;365
2019;StB 1 Neustadt;03 StB Neustadt ohne Leipziger Vorstadt;12 Jahre;370
2019;StB 1 Neustadt;03 StB Neustadt ohne Leipziger Vorstadt;13 Jahre;330
2019;StB 1 Neustadt;03 StB Neustadt ohne Leipziger Vorstadt;14 Jahre;299
2019;StB 1 Neustadt;03 StB Neustadt ohne Leipziger Vorstadt;15 Jahre;323
2019;StB 1 Neustadt;03 StB Neustadt ohne Leipziger Vorstadt;16 Jahre;273
2019;StB 1 Neustadt;03 StB Neustadt ohne Leipziger Vorstadt;17 Jahre;276
2019;StB 1 Neustadt;03 StB Neustadt ohne Leipziger Vorstadt;18 Jahre;265
2019;StB 1 Neustadt;03 StB Neustadt ohne Leipziger Vorstadt;19 Jahre;335
2019;StB 1 Neustadt;03 StB Neustadt ohne Leipziger Vorstadt;20 Jahre;409
2019;StB 1 Neustadt;03 StB Neustadt ohne Leipziger Vorstadt;21 Jahre;417
2019;StB 1 Neustadt;03 StB Neustadt ohne Leipziger Vorstadt;22 Jahre;515
2019;StB 1 Neustadt;03 StB Neustadt ohne Leipziger Vorstadt;23 Jahre;602
2019;StB 1 Neustadt;03 StB Neustadt ohne Leipziger Vorstadt;24 Jahre;689
2019;StB 1 Neustadt;03 StB Neustadt ohne Leipziger Vorstadt;25 Jahre;745
2019;StB 1 Neustadt;03 StB Neustadt ohne Leipziger Vorstadt;26 Jahre;816
2019;StB 1 Neustadt;03 StB Neustadt ohne Leipziger Vorstadt;27 Jahre;806
2019;StB 1 Neustadt;03 StB Neustadt ohne Leipziger Vorstadt;28 Jahre;867
2019;StB 1 Neustadt;03 StB Neustadt ohne Leipziger Vorstadt;29 Jahre;1115
2019;StB 1 Neustadt;03 StB Neustadt ohne Leipziger Vorstadt;30 Jahre;1113
2019;StB 1 Neustadt;03 StB Neustadt ohne Leipziger Vorstadt;31 Jahre;1076
2019;StB 1 Neustadt;03 StB Neustadt ohne Leipziger Vorstadt;32 Jahre;995
2019;StB 1 Neustadt;03 StB Neustadt ohne Leipziger Vorstadt;33 Jahre;936
2019;StB 1 Neustadt;03 StB Neustadt ohne Leipziger Vorstadt;34 Jahre;912
2019;StB 1 Neustadt;03 StB Neustadt ohne Leipziger Vorstadt;35 Jahre;851
2019;StB 1 Neustadt;03 StB Neustadt ohne Leipziger Vorstadt;36 Jahre;827
2019;StB 1 Neustadt;03 StB Neustadt ohne Leipziger Vorstadt;37 Jahre;781
2019;StB 1 Neustadt;03 StB Neustadt ohne Leipziger Vorstadt;38 Jahre;703
2019;StB 1 Neustadt;03 StB Neustadt ohne Leipziger Vorstadt;39 Jahre;733
2019;StB 1 Neustadt;03 StB Neustadt ohne Leipziger Vorstadt;40 Jahre;720
2019;StB 1 Neustadt;03 StB Neustadt ohne Leipziger Vorstadt;41 Jahre;690
2019;StB 1 Neustadt;03 StB Neustadt ohne Leipziger Vorstadt;42 Jahre;692
2019;StB 1 Neustadt;03 StB Neustadt ohne Leipziger Vorstadt;43 Jahre;604
2019;StB 1 Neustadt;03 StB Neustadt ohne Leipziger Vorstadt;44 Jahre;524
2019;StB 1 Neustadt;03 StB Neustadt ohne Leipziger Vorstadt;45 Jahre;501
2019;StB 1 Neustadt;03 StB Neustadt ohne Leipziger Vorstadt;46 Jahre;418
2019;StB 1 Neustadt;03 StB Neustadt ohne Leipziger Vorstadt;47 Jahre;456
2019;StB 1 Neustadt;03 StB Neustadt ohne Leipziger Vorstadt;48 Jahre;532
2019;StB 1 Neustadt;03 StB Neustadt ohne Leipziger Vorstadt;49 Jahre;495
2019;StB 1 Neustadt;03 StB Neustadt ohne Leipziger Vorstadt;50 Jahre;490
2019;StB 1 Neustadt;03 StB Neustadt ohne Leipziger Vorstadt;51 Jahre;454
2019;StB 1 Neustadt;03 StB Neustadt ohne Leipziger Vorstadt;52 Jahre;467
2019;StB 1 Neustadt;03 StB Neustadt ohne Leipziger Vorstadt;53 Jahre;417
2019;StB 1 Neustadt;03 StB Neustadt ohne Leipziger Vorstadt;54 Jahre;400
2019;StB 1 Neustadt;03 StB Neustadt ohne Leipziger Vorstadt;55 Jahre;394
2019;StB 1 Neustadt;03 StB Neustadt ohne Leipziger Vorstadt;56 Jahre;365
2019;StB 1 Neustadt;03 StB Neustadt ohne Leipziger Vorstadt;57 Jahre;334
2019;StB 1 Neustadt;03 StB Neustadt ohne Leipziger Vorstadt;58 Jahre;334
2019;StB 1 Neustadt;03 StB Neustadt ohne Leipziger Vorstadt;59 Jahre;291
2019;StB 1 Neustadt;03 StB Neustadt ohne Leipziger Vorstadt;60 Jahre;267
2019;StB 1 Neustadt;03 StB Neustadt ohne Leipziger Vorstadt;61 Jahre;233
2019;StB 1 Neustadt;03 StB Neustadt ohne Leipziger Vorstadt;62 Jahre;213
2019;StB 1 Neustadt;03 StB Neustadt ohne Leipziger Vorstadt;63 Jahre;214
2019;StB 1 Neustadt;03 StB Neustadt ohne Leipziger Vorstadt;64 Jahre;211
2019;StB 1 Neustadt;03 StB Neustadt ohne Leipziger Vorstadt;65 Jahre;195
2019;StB 1 Neustadt;03 StB Neustadt ohne Leipziger Vorstadt;66 Jahre;201
2019;StB 1 Neustadt;03 StB Neustadt ohne Leipziger Vorstadt;67 Jahre;179
2019;StB 1 Neustadt;03 StB Neustadt ohne Leipziger Vorstadt;68 Jahre;169
2019;StB 1 Neustadt;03 StB Neustadt ohne Leipziger Vorstadt;69 Jahre;183
2019;StB 1 Neustadt;03 StB Neustadt ohne Leipziger Vorstadt;70 Jahre;175
2019;StB 1 Neustadt;03 StB Neustadt ohne Leipziger Vorstadt;71 Jahre;120
2019;StB 1 Neustadt;03 StB Neustadt ohne Leipziger Vorstadt;72 Jahre;146
2019;StB 1 Neustadt;03 StB Neustadt ohne Leipziger Vorstadt;73 Jahre;121
2019;StB 1 Neustadt;03 StB Neustadt ohne Leipziger Vorstadt;74 Jahre;140
2019;StB 1 Neustadt;03 StB Neustadt ohne Leipziger Vorstadt;75 Jahre;203
2019;StB 1 Neustadt;03 StB Neustadt ohne Leipziger Vorstadt;76 Jahre;201
2019;StB 1 Neustadt;03 StB Neustadt ohne Leipziger Vorstadt;77 Jahre;151
2019;StB 1 Neustadt;03 StB Neustadt ohne Leipziger Vorstadt;78 Jahre;196
2019;StB 1 Neustadt;03 StB Neustadt ohne Leipziger Vorstadt;79 Jahre;193
2019;StB 1 Neustadt;03 StB Neustadt ohne Leipziger Vorstadt;80 Jahre;191
2019;StB 1 Neustadt;03 StB Neustadt ohne Leipziger Vorstadt;81 Jahre;157
2019;StB 1 Neustadt;03 StB Neustadt ohne Leipziger Vorstadt;82 Jahre;139
2019;StB 1 Neustadt;03 StB Neustadt ohne Leipziger Vorstadt;83 Jahre;121
2019;StB 1 Neustadt;03 StB Neustadt ohne Leipziger Vorstadt;84 Jahre;115
2019;StB 1 Neustadt;03 StB Neustadt ohne Leipziger Vorstadt;85 Jahre u.älter;711
2019;StB 1 Neustadt;04 Leipziger Vorstadt, Pieschen;0 Jahre;170
2019;StB 1 Neustadt;04 Leipziger Vorstadt, Pieschen;1 Jahre;177
2019;StB 1 Neustadt;04 Leipziger Vorstadt, Pieschen;2 Jahre;172
2019;StB 1 Neustadt;04 Leipziger Vorstadt, Pieschen;3 Jahre;181
2019;StB 1 Neustadt;04 Leipziger Vorstadt, Pieschen;4 Jahre;157
2019;StB 1 Neustadt;04 Leipziger Vorstadt, Pieschen;5 Jahre;155
2019;StB 1 Neustadt;04 Leipziger Vorstadt, Pieschen;6 Jahre;148
2019;StB 1 Neustadt;04 Leipziger Vorstadt, Pieschen;7 Jahre;147
2019;StB 1 Neustadt;04 Leipziger Vorstadt, Pieschen;8 Jahre;138
2019;StB 1 Neustadt;04 Leipziger Vorstadt, Pieschen;9 Jahre;118
2019;StB 1 Neustadt;04 Leipziger Vorstadt, Pieschen;10 Jahre;117
2019;StB 1 Neustadt;04 Leipziger Vorstadt, Pieschen;11 Jahre;122
2019;StB 1 Neustadt;04 Leipziger Vorstadt, Pieschen;12 Jahre;109
2019;StB 1 Neustadt;04 Leipziger Vorstadt, Pieschen;13 Jahre;103
2019;StB 1 Neustadt;04 Leipziger Vorstadt, Pieschen;14 Jahre;84
2019;StB 1 Neustadt;04 Leipziger Vorstadt, Pieschen;15 Jahre;86
2019;StB 1 Neustadt;04 Leipziger Vorstadt, Pieschen;16 Jahre;85
2019;StB 1 Neustadt;04 Leipziger Vorstadt, Pieschen;17 Jahre;75
2019;StB 1 Neustadt;04 Leipziger Vorstadt, Pieschen;18 Jahre;95
2019;StB 1 Neustadt;04 Leipziger Vorstadt, Pieschen;19 Jahre;130
2019;StB 1 Neustadt;04 Leipziger Vorstadt, Pieschen;20 Jahre;173
2019;StB 1 Neustadt;04 Leipziger Vorstadt, Pieschen;21 Jahre;232
2019;StB 1 Neustadt;04 Leipziger Vorstadt, Pieschen;22 Jahre;231
2019;StB 1 Neustadt;04 Leipziger Vorstadt, Pieschen;23 Jahre;266
2019;StB 1 Neustadt;04 Leipziger Vorstadt, Pieschen;24 Jahre;302
2019;StB 1 Neustadt;04 Leipziger Vorstadt, Pieschen;25 Jahre;270
2019;StB 1 Neustadt;04 Leipziger Vorstadt, Pieschen;26 Jahre;303
2019;StB 1 Neustadt;04 Leipziger Vorstadt, Pieschen;27 Jahre;330
2019;StB 1 Neustadt;04 Leipziger Vorstadt, Pieschen;28 Jahre;317
2019;StB 1 Neustadt;04 Leipziger Vorstadt, Pieschen;29 Jahre;429
2019;StB 1 Neustadt;04 Leipziger Vorstadt, Pieschen;30 Jahre;451
2019;StB 1 Neustadt;04 Leipziger Vorstadt, Pieschen;31 Jahre;400
2019;StB 1 Neustadt;04 Leipziger Vorstadt, Pieschen;32 Jahre;393
2019;StB 1 Neustadt;04 Leipziger Vorstadt, Pieschen;33 Jahre;359
2019;StB 1 Neustadt;04 Leipziger Vorstadt, Pieschen;34 Jahre;314
2019;StB 1 Neustadt;04 Leipziger Vorstadt, Pieschen;35 Jahre;327
2019;StB 1 Neustadt;04 Leipziger Vorstadt, Pieschen;36 Jahre;307
2019;StB 1 Neustadt;04 Leipziger Vorstadt, Pieschen;37 Jahre;305
2019;StB 1 Neustadt;04 Leipziger Vorstadt, Pieschen;38 Jahre;269
2019;StB 1 Neustadt;04 Leipziger Vorstadt, Pieschen;39 Jahre;282
2019;StB 1 Neustadt;04 Leipziger Vorstadt, Pieschen;40 Jahre;273
2019;StB 1 Neustadt;04 Leipziger Vorstadt, Pieschen;41 Jahre;268
2019;StB 1 Neustadt;04 Leipziger Vorstadt, Pieschen;42 Jahre;229
2019;StB 1 Neustadt;04 Leipziger Vorstadt, Pieschen;43 Jahre;202
2019;StB 1 Neustadt;04 Leipziger Vorstadt, Pieschen;44 Jahre;161
2019;StB 1 Neustadt;04 Leipziger Vorstadt, Pieschen;45 Jahre;130
2019;StB 1 Neustadt;04 Leipziger Vorstadt, Pieschen;46 Jahre;141
2019;StB 1 Neustadt;04 Leipziger Vorstadt, Pieschen;47 Jahre;139
2019;StB 1 Neustadt;04 Leipziger Vorstadt, Pieschen;48 Jahre;151
2019;StB 1 Neustadt;04 Leipziger Vorstadt, Pieschen;49 Jahre;121
2019;StB 1 Neustadt;04 Leipziger Vorstadt, Pieschen;50 Jahre;101
2019;StB 1 Neustadt;04 Leipziger Vorstadt, Pieschen;51 Jahre;112
2019;StB 1 Neustadt;04 Leipziger Vorstadt, Pieschen;52 Jahre;112
2019;StB 1 Neustadt;04 Leipziger Vorstadt, Pieschen;53 Jahre;102
2019;StB 1 Neustadt;04 Leipziger Vorstadt, Pieschen;54 Jahre;92
2019;StB 1 Neustadt;04 Leipziger Vorstadt, Pieschen;55 Jahre;94
2019;StB 1 Neustadt;04 Leipziger Vorstadt, Pieschen;56 Jahre;100
2019;StB 1 Neustadt;04 Leipziger Vorstadt, Pieschen;57 Jahre;90
2019;StB 1 Neustadt;04 Leipziger Vorstadt, Pieschen;58 Jahre;88
2019;StB 1 Neustadt;04 Leipziger Vorstadt, Pieschen;59 Jahre;87
2019;StB 1 Neustadt;04 Leipziger Vorstadt, Pieschen;60 Jahre;71
2019;StB 1 Neustadt;04 Leipziger Vorstadt, Pieschen;61 Jahre;59
2019;StB 1 Neustadt;04 Leipziger Vorstadt, Pieschen;62 Jahre;61
2019;StB 1 Neustadt;04 Leipziger Vorstadt, Pieschen;63 Jahre;68
2019;StB 1 Neustadt;04 Leipziger Vorstadt, Pieschen;64 Jahre;53
2019;StB 1 Neustadt;04 Leipziger Vorstadt, Pieschen;65 Jahre;53
2019;StB 1 Neustadt;04 Leipziger Vorstadt, Pieschen;66 Jahre;43
2019;StB 1 Neustadt;04 Leipziger Vorstadt, Pieschen;67 Jahre;51
2019;StB 1 Neustadt;04 Leipziger Vorstadt, Pieschen;68 Jahre;54
2019;StB 1 Neustadt;04 Leipziger Vorstadt, Pieschen;69 Jahre;58
2019;StB 1 Neustadt;04 Leipziger Vorstadt, Pieschen;70 Jahre;37
2019;StB 1 Neustadt;04 Leipziger Vorstadt, Pieschen;71 Jahre;37
2019;StB 1 Neustadt;04 Leipziger Vorstadt, Pieschen;72 Jahre;43
2019;StB 1 Neustadt;04 Leipziger Vorstadt, Pieschen;73 Jahre;26
2019;StB 1 Neustadt;04 Leipziger Vorstadt, Pieschen;74 Jahre;24
2019;StB 1 Neustadt;04 Leipziger Vorstadt, Pieschen;75 Jahre;56
2019;StB 1 Neustadt;04 Leipziger Vorstadt, Pieschen;76 Jahre;46
2019;StB 1 Neustadt;04 Leipziger Vorstadt, Pieschen;77 Jahre;37
2019;StB 1 Neustadt;04 Leipziger Vorstadt, Pieschen;78 Jahre;43
2019;StB 1 Neustadt;04 Leipziger Vorstadt, Pieschen;79 Jahre;46
2019;StB 1 Neustadt;04 Leipziger Vorstadt, Pieschen;80 Jahre;33
2019;StB 1 Neustadt;04 Leipziger Vorstadt, Pieschen;81 Jahre;33
2019;StB 1 Neustadt;04 Leipziger Vorstadt, Pieschen;82 Jahre;23
2019;StB 1 Neustadt;04 Leipziger Vorstadt, Pieschen;83 Jahre;23
2019;StB 1 Neustadt;04 Leipziger Vorstadt, Pieschen;84 Jahre;20
2019;StB 1 Neustadt;04 Leipziger Vorstadt, Pieschen;85 Jahre u.älter;108
2019;StB 2 Pieschen;04 Leipziger Vorstadt, Pieschen;0 Jahre;338
2019;StB 2 Pieschen;04 Leipziger Vorstadt, Pieschen;1 Jahre;335
2019;StB 2 Pieschen;04 Leipziger Vorstadt, Pieschen;2 Jahre;360
2019;StB 2 Pieschen;04 Leipziger Vorstadt, Pieschen;3 Jahre;351
2019;StB 2 Pieschen;04 Leipziger Vorstadt, Pieschen;4 Jahre;338
2019;StB 2 Pieschen;04 Leipziger Vorstadt, Pieschen;5 Jahre;324
2019;StB 2 Pieschen;04 Leipziger Vorstadt, Pieschen;6 Jahre;293
2019;StB 2 Pieschen;04 Leipziger Vorstadt, Pieschen;7 Jahre;291
2019;StB 2 Pieschen;04 Leipziger Vorstadt, Pieschen;8 Jahre;247
2019;StB 2 Pieschen;04 Leipziger Vorstadt, Pieschen;9 Jahre;271
2019;StB 2 Pieschen;04 Leipziger Vorstadt, Pieschen;10 Jahre;254
2019;StB 2 Pieschen;04 Leipziger Vorstadt, Pieschen;11 Jahre;245
2019;StB 2 Pieschen;04 Leipziger Vorstadt, Pieschen;12 Jahre;240
2019;StB 2 Pieschen;04 Leipziger Vorstadt, Pieschen;13 Jahre;216
2019;StB 2 Pieschen;04 Leipziger Vorstadt, Pieschen;14 Jahre;197
2019;StB 2 Pieschen;04 Leipziger Vorstadt, Pieschen;15 Jahre;178
2019;StB 2 Pieschen;04 Leipziger Vorstadt, Pieschen;16 Jahre;168
2019;StB 2 Pieschen;04 Leipziger Vorstadt, Pieschen;17 Jahre;154
2019;StB 2 Pieschen;04 Leipziger Vorstadt, Pieschen;18 Jahre;204
2019;StB 2 Pieschen;04 Leipziger Vorstadt, Pieschen;19 Jahre;249
2019;StB 2 Pieschen;04 Leipziger Vorstadt, Pieschen;20 Jahre;267
2019;StB 2 Pieschen;04 Leipziger Vorstadt, Pieschen;21 Jahre;278
2019;StB 2 Pieschen;04 Leipziger Vorstadt, Pieschen;22 Jahre;330
2019;StB 2 Pieschen;04 Leipziger Vorstadt, Pieschen;23 Jahre;329
2019;StB 2 Pieschen;04 Leipziger Vorstadt, Pieschen;24 Jahre;358
2019;StB 2 Pieschen;04 Leipziger Vorstadt, Pieschen;25 Jahre;376
2019;StB 2 Pieschen;04 Leipziger Vorstadt, Pieschen;26 Jahre;383
2019;StB 2 Pieschen;04 Leipziger Vorstadt, Pieschen;27 Jahre;421
2019;StB 2 Pieschen;04 Leipziger Vorstadt, Pieschen;28 Jahre;436
2019;StB 2 Pieschen;04 Leipziger Vorstadt, Pieschen;29 Jahre;651
2019;StB 2 Pieschen;04 Leipziger Vorstadt, Pieschen;30 Jahre;681
2019;StB 2 Pieschen;04 Leipziger Vorstadt, Pieschen;31 Jahre;650
2019;StB 2 Pieschen;04 Leipziger Vorstadt, Pieschen;32 Jahre;683
2019;StB 2 Pieschen;04 Leipziger Vorstadt, Pieschen;33 Jahre;648
2019;StB 2 Pieschen;04 Leipziger Vorstadt, Pieschen;34 Jahre;596
2019;StB 2 Pieschen;04 Leipziger Vorstadt, Pieschen;35 Jahre;573
2019;StB 2 Pieschen;04 Leipziger Vorstadt, Pieschen;36 Jahre;621
2019;StB 2 Pieschen;04 Leipziger Vorstadt, Pieschen;37 Jahre;578
2019;StB 2 Pieschen;04 Leipziger Vorstadt, Pieschen;38 Jahre;526
2019;StB 2 Pieschen;04 Leipziger Vorstadt, Pieschen;39 Jahre;499
2019;StB 2 Pieschen;04 Leipziger Vorstadt, Pieschen;40 Jahre;479
2019;StB 2 Pieschen;04 Leipziger Vorstadt, Pieschen;41 Jahre;436
2019;StB 2 Pieschen;04 Leipziger Vorstadt, Pieschen;42 Jahre;378
2019;StB 2 Pieschen;04 Leipziger Vorstadt, Pieschen;43 Jahre;332
2019;StB 2 Pieschen;04 Leipziger Vorstadt, Pieschen;44 Jahre;310
2019;StB 2 Pieschen;04 Leipziger Vorstadt, Pieschen;45 Jahre;298
2019;StB 2 Pieschen;04 Leipziger Vorstadt, Pieschen;46 Jahre;261
2019;StB 2 Pieschen;04 Leipziger Vorstadt, Pieschen;47 Jahre;283
2019;StB 2 Pieschen;04 Leipziger Vorstadt, Pieschen;48 Jahre;294
2019;StB 2 Pieschen;04 Leipziger Vorstadt, Pieschen;49 Jahre;261
2019;StB 2 Pieschen;04 Leipziger Vorstadt, Pieschen;50 Jahre;264
2019;StB 2 Pieschen;04 Leipziger Vorstadt, Pieschen;51 Jahre;272
2019;StB 2 Pieschen;04 Leipziger Vorstadt, Pieschen;52 Jahre;245
2019;StB 2 Pieschen;04 Leipziger Vorstadt, Pieschen;53 Jahre;270
2019;StB 2 Pieschen;04 Leipziger Vorstadt, Pieschen;54 Jahre;282
2019;StB 2 Pieschen;04 Leipziger Vorstadt, Pieschen;55 Jahre;261
2019;StB 2 Pieschen;04 Leipziger Vorstadt, Pieschen;56 Jahre;281
2019;StB 2 Pieschen;04 Leipziger Vorstadt, Pieschen;57 Jahre;260
2019;StB 2 Pieschen;04 Leipziger Vorstadt, Pieschen;58 Jahre;266
2019;StB 2 Pieschen;04 Leipziger Vorstadt, Pieschen;59 Jahre;231
2019;StB 2 Pieschen;04 Leipziger Vorstadt, Pieschen;60 Jahre;221
2019;StB 2 Pieschen;04 Leipziger Vorstadt, Pieschen;61 Jahre;189
2019;StB 2 Pieschen;04 Leipziger Vorstadt, Pieschen;62 Jahre;185
2019;StB 2 Pieschen;04 Leipziger Vorstadt, Pieschen;63 Jahre;172
2019;StB 2 Pieschen;04 Leipziger Vorstadt, Pieschen;64 Jahre;179
2019;StB 2 Pieschen;04 Leipziger Vorstadt, Pieschen;65 Jahre;167
2019;StB 2 Pieschen;04 Leipziger Vorstadt, Pieschen;66 Jahre;162
2019;StB 2 Pieschen;04 Leipziger Vorstadt, Pieschen;67 Jahre;169
2019;StB 2 Pieschen;04 Leipziger Vorstadt, Pieschen;68 Jahre;182
2019;StB 2 Pieschen;04 Leipziger Vorstadt, Pieschen;69 Jahre;134
2019;StB 2 Pieschen;04 Leipziger Vorstadt, Pieschen;70 Jahre;144
2019;StB 2 Pieschen;04 Leipziger Vorstadt, Pieschen;71 Jahre;99
2019;StB 2 Pieschen;04 Leipziger Vorstadt, Pieschen;72 Jahre;133
2019;StB 2 Pieschen;04 Leipziger Vorstadt, Pieschen;73 Jahre;84
2019;StB 2 Pieschen;04 Leipziger Vorstadt, Pieschen;74 Jahre;98
2019;StB 2 Pieschen;04 Leipziger Vorstadt, Pieschen;75 Jahre;132
2019;StB 2 Pieschen;04 Leipziger Vorstadt, Pieschen;76 Jahre;159
2019;StB 2 Pieschen;04 Leipziger Vorstadt, Pieschen;77 Jahre;109
2019;StB 2 Pieschen;04 Leipziger Vorstadt, Pieschen;78 Jahre;137
2019;StB 2 Pieschen;04 Leipziger Vorstadt, Pieschen;79 Jahre;154
2019;StB 2 Pieschen;04 Leipziger Vorstadt, Pieschen;80 Jahre;108
2019;StB 2 Pieschen;04 Leipziger Vorstadt, Pieschen;81 Jahre;112
2019;StB 2 Pieschen;04 Leipziger Vorstadt, Pieschen;82 Jahre;91
2019;StB 2 Pieschen;04 Leipziger Vorstadt, Pieschen;83 Jahre;109
2019;StB 2 Pieschen;04 Leipziger Vorstadt, Pieschen;84 Jahre;84
2019;StB 2 Pieschen;04 Leipziger Vorstadt, Pieschen;85 Jahre u.älter;432
2019;StB 2 Pieschen;05 Mickten, Kaditz, Trachau;0 Jahre;288
2019;StB 2 Pieschen;05 Mickten, Kaditz, Trachau;1 Jahre;321
2019;StB 2 Pieschen;05 Mickten, Kaditz, Trachau;2 Jahre;333
2019;StB 2 Pieschen;05 Mickten, Kaditz, Trachau;3 Jahre;322
2019;StB 2 Pieschen;05 Mickten, Kaditz, Trachau;4 Jahre;332
2019;StB 2 Pieschen;05 Mickten, Kaditz, Trachau;5 Jahre;324
2019;StB 2 Pieschen;05 Mickten, Kaditz, Trachau;6 Jahre;326
2019;StB 2 Pieschen;05 Mickten, Kaditz, Trachau;7 Jahre;306
2019;StB 2 Pieschen;05 Mickten, Kaditz, Trachau;8 Jahre;308
2019;StB 2 Pieschen;05 Mickten, Kaditz, Trachau;9 Jahre;319
2019;StB 2 Pieschen;05 Mickten, Kaditz, Trachau;10 Jahre;275
2019;StB 2 Pieschen;05 Mickten, Kaditz, Trachau;11 Jahre;265
2019;StB 2 Pieschen;05 Mickten, Kaditz, Trachau;12 Jahre;304
2019;StB 2 Pieschen;05 Mickten, Kaditz, Trachau;13 Jahre;265
2019;StB 2 Pieschen;05 Mickten, Kaditz, Trachau;14 Jahre;255
2019;StB 2 Pieschen;05 Mickten, Kaditz, Trachau;15 Jahre;219
2019;StB 2 Pieschen;05 Mickten, Kaditz, Trachau;16 Jahre;207
2019;StB 2 Pieschen;05 Mickten, Kaditz, Trachau;17 Jahre;222
2019;StB 2 Pieschen;05 Mickten, Kaditz, Trachau;18 Jahre;223
2019;StB 2 Pieschen;05 Mickten, Kaditz, Trachau;19 Jahre;240
2019;StB 2 Pieschen;05 Mickten, Kaditz, Trachau;20 Jahre;235
2019;StB 2 Pieschen;05 Mickten, Kaditz, Trachau;21 Jahre;275
2019;StB 2 Pieschen;05 Mickten, Kaditz, Trachau;22 Jahre;241
2019;StB 2 Pieschen;05 Mickten, Kaditz, Trachau;23 Jahre;254
2019;StB 2 Pieschen;05 Mickten, Kaditz, Trachau;24 Jahre;225
2019;StB 2 Pieschen;05 Mickten, Kaditz, Trachau;25 Jahre;218
2019;StB 2 Pieschen;05 Mickten, Kaditz, Trachau;26 Jahre;264
2019;StB 2 Pieschen;05 Mickten, Kaditz, Trachau;27 Jahre;258
2019;StB 2 Pieschen;05 Mickten, Kaditz, Trachau;28 Jahre;328
2019;StB 2 Pieschen;05 Mickten, Kaditz, Trachau;29 Jahre;551
2019;StB 2 Pieschen;05 Mickten, Kaditz, Trachau;30 Jahre;500
2019;StB 2 Pieschen;05 Mickten, Kaditz, Trachau;31 Jahre;550
2019;StB 2 Pieschen;05 Mickten, Kaditz, Trachau;32 Jahre;563
2019;StB 2 Pieschen;05 Mickten, Kaditz, Trachau;33 Jahre;548
2019;StB 2 Pieschen;05 Mickten, Kaditz, Trachau;34 Jahre;529
2019;StB 2 Pieschen;05 Mickten, Kaditz, Trachau;35 Jahre;510
2019;StB 2 Pieschen;05 Mickten, Kaditz, Trachau;36 Jahre;502
2019;StB 2 Pieschen;05 Mickten, Kaditz, Trachau;37 Jahre;553
2019;StB 2 Pieschen;05 Mickten, Kaditz, Trachau;38 Jahre;492
2019;StB 2 Pieschen;05 Mickten, Kaditz, Trachau;39 Jahre;511
2019;StB 2 Pieschen;05 Mickten, Kaditz, Trachau;40 Jahre;484
2019;StB 2 Pieschen;05 Mickten, Kaditz, Trachau;41 Jahre;465
2019;StB 2 Pieschen;05 Mickten, Kaditz, Trachau;42 Jahre;430
2019;StB 2 Pieschen;05 Mickten, Kaditz, Trachau;43 Jahre;372
2019;StB 2 Pieschen;05 Mickten, Kaditz, Trachau;44 Jahre;336
2019;StB 2 Pieschen;05 Mickten, Kaditz, Trachau;45 Jahre;318
2019;StB 2 Pieschen;05 Mickten, Kaditz, Trachau;46 Jahre;306
2019;StB 2 Pieschen;05 Mickten, Kaditz, Trachau;47 Jahre;324
2019;StB 2 Pieschen;05 Mickten, Kaditz, Trachau;48 Jahre;420
2019;StB 2 Pieschen;05 Mickten, Kaditz, Trachau;49 Jahre;379
2019;StB 2 Pieschen;05 Mickten, Kaditz, Trachau;50 Jahre;426
2019;StB 2 Pieschen;05 Mickten, Kaditz, Trachau;51 Jahre;370
2019;StB 2 Pieschen;05 Mickten, Kaditz, Trachau;52 Jahre;406
2019;StB 2 Pieschen;05 Mickten, Kaditz, Trachau;53 Jahre;391
2019;StB 2 Pieschen;05 Mickten, Kaditz, Trachau;54 Jahre;389
2019;StB 2 Pieschen;05 Mickten, Kaditz, Trachau;55 Jahre;370
2019;StB 2 Pieschen;05 Mickten, Kaditz, Trachau;56 Jahre;442
2019;StB 2 Pieschen;05 Mickten, Kaditz, Trachau;57 Jahre;389
2019;StB 2 Pieschen;05 Mickten, Kaditz, Trachau;58 Jahre;377
2019;StB 2 Pieschen;05 Mickten, Kaditz, Trachau;59 Jahre;342
2019;StB 2 Pieschen;05 Mickten, Kaditz, Trachau;60 Jahre;340
2019;StB 2 Pieschen;05 Mickten, Kaditz, Trachau;61 Jahre;303
2019;StB 2 Pieschen;05 Mickten, Kaditz, Trachau;62 Jahre;305
2019;StB 2 Pieschen;05 Mickten, Kaditz, Trachau;63 Jahre;268
2019;StB 2 Pieschen;05 Mickten, Kaditz, Trachau;64 Jahre;281
2019;StB 2 Pieschen;05 Mickten, Kaditz, Trachau;65 Jahre;304
2019;StB 2 Pieschen;05 Mickten, Kaditz, Trachau;66 Jahre;285
2019;StB 2 Pieschen;05 Mickten, Kaditz, Trachau;67 Jahre;271
2019;StB 2 Pieschen;05 Mickten, Kaditz, Trachau;68 Jahre;317
2019;StB 2 Pieschen;05 Mickten, Kaditz, Trachau;69 Jahre;313
2019;StB 2 Pieschen;05 Mickten, Kaditz, Trachau;70 Jahre;252
2019;StB 2 Pieschen;05 Mickten, Kaditz, Trachau;71 Jahre;189
2019;StB 2 Pieschen;05 Mickten, Kaditz, Trachau;72 Jahre;199
2019;StB 2 Pieschen;05 Mickten, Kaditz, Trachau;73 Jahre;155
2019;StB 2 Pieschen;05 Mickten, Kaditz, Trachau;74 Jahre;203
2019;StB 2 Pieschen;05 Mickten, Kaditz, Trachau;75 Jahre;313
2019;StB 2 Pieschen;05 Mickten, Kaditz, Trachau;76 Jahre;288
2019;StB 2 Pieschen;05 Mickten, Kaditz, Trachau;77 Jahre;255
2019;StB 2 Pieschen;05 Mickten, Kaditz, Trachau;78 Jahre;284
2019;StB 2 Pieschen;05 Mickten, Kaditz, Trachau;79 Jahre;318
2019;StB 2 Pieschen;05 Mickten, Kaditz, Trachau;80 Jahre;281
2019;StB 2 Pieschen;05 Mickten, Kaditz, Trachau;81 Jahre;240
2019;StB 2 Pieschen;05 Mickten, Kaditz, Trachau;82 Jahre;207
2019;StB 2 Pieschen;05 Mickten, Kaditz, Trachau;83 Jahre;180
2019;StB 2 Pieschen;05 Mickten, Kaditz, Trachau;84 Jahre;196
2019;StB 2 Pieschen;05 Mickten, Kaditz, Trachau;85 Jahre u.älter;726
2019;StB 3 Klotzsche/nördliche Ortschaften;06 StB Klotzsche und nördliche OS;0 Jahre;224
2019;StB 3 Klotzsche/nördliche Ortschaften;06 StB Klotzsche und nördliche OS;1 Jahre;253
2019;StB 3 Klotzsche/nördliche Ortschaften;06 StB Klotzsche und nördliche OS;2 Jahre;304
2019;StB 3 Klotzsche/nördliche Ortschaften;06 StB Klotzsche und nördliche OS;3 Jahre;330
2019;StB 3 Klotzsche/nördliche Ortschaften;06 StB Klotzsche und nördliche OS;4 Jahre;348
2019;StB 3 Klotzsche/nördliche Ortschaften;06 StB Klotzsche und nördliche OS;5 Jahre;353
2019;StB 3 Klotzsche/nördliche Ortschaften;06 StB Klotzsche und nördliche OS;6 Jahre;337
2019;StB 3 Klotzsche/nördliche Ortschaften;06 StB Klotzsche und nördliche OS;7 Jahre;342
2019;StB 3 Klotzsche/nördliche Ortschaften;06 StB Klotzsche und nördliche OS;8 Jahre;363
2019;StB 3 Klotzsche/nördliche Ortschaften;06 StB Klotzsche und nördliche OS;9 Jahre;362
2019;StB 3 Klotzsche/nördliche Ortschaften;06 StB Klotzsche und nördliche OS;10 Jahre;363
2019;StB 3 Klotzsche/nördliche Ortschaften;06 StB Klotzsche und nördliche OS;11 Jahre;366
2019;StB 3 Klotzsche/nördliche Ortschaften;06 StB Klotzsche und nördliche OS;12 Jahre;348
2019;StB 3 Klotzsche/nördliche Ortschaften;06 StB Klotzsche und nördliche OS;13 Jahre;308
2019;StB 3 Klotzsche/nördliche Ortschaften;06 StB Klotzsche und nördliche OS;14 Jahre;326
2019;StB 3 Klotzsche/nördliche Ortschaften;06 StB Klotzsche und nördliche OS;15 Jahre;334
2019;StB 3 Klotzsche/nördliche Ortschaften;06 StB Klotzsche und nördliche OS;16 Jahre;329
2019;StB 3 Klotzsche/nördliche Ortschaften;06 StB Klotzsche und nördliche OS;17 Jahre;302
2019;StB 3 Klotzsche/nördliche Ortschaften;06 StB Klotzsche und nördliche OS;18 Jahre;285
2019;StB 3 Klotzsche/nördliche Ortschaften;06 StB Klotzsche und nördliche OS;19 Jahre;266
2019;StB 3 Klotzsche/nördliche Ortschaften;06 StB Klotzsche und nördliche OS;20 Jahre;216
2019;StB 3 Klotzsche/nördliche Ortschaften;06 StB Klotzsche und nördliche OS;21 Jahre;188
2019;StB 3 Klotzsche/nördliche Ortschaften;06 StB Klotzsche und nördliche OS;22 Jahre;189
2019;StB 3 Klotzsche/nördliche Ortschaften;06 StB Klotzsche und nördliche OS;23 Jahre;163
2019;StB 3 Klotzsche/nördliche Ortschaften;06 StB Klotzsche und nördliche OS;24 Jahre;126
2019;StB 3 Klotzsche/nördliche Ortschaften;06 StB Klotzsche und nördliche OS;25 Jahre;130
2019;StB 3 Klotzsche/nördliche Ortschaften;06 StB Klotzsche und nördliche OS;26 Jahre;132
2019;StB 3 Klotzsche/nördliche Ortschaften;06 StB Klotzsche und nördliche OS;27 Jahre;126
2019;StB 3 Klotzsche/nördliche Ortschaften;06 StB Klotzsche und nördliche OS;28 Jahre;178
2019;StB 3 Klotzsche/nördliche Ortschaften;06 StB Klotzsche und nördliche OS;29 Jahre;261
2019;StB 3 Klotzsche/nördliche Ortschaften;06 StB Klotzsche und nördliche OS;30 Jahre;291
2019;StB 3 Klotzsche/nördliche Ortschaften;06 StB Klotzsche und nördliche OS;31 Jahre;333
2019;StB 3 Klotzsche/nördliche Ortschaften;06 StB Klotzsche und nördliche OS;32 Jahre;345
2019;StB 3 Klotzsche/nördliche Ortschaften;06 StB Klotzsche und nördliche OS;33 Jahre;315
2019;StB 3 Klotzsche/nördliche Ortschaften;06 StB Klotzsche und nördliche OS;34 Jahre;355
2019;StB 3 Klotzsche/nördliche Ortschaften;06 StB Klotzsche und nördliche OS;35 Jahre;351
2019;StB 3 Klotzsche/nördliche Ortschaften;06 StB Klotzsche und nördliche OS;36 Jahre;379
2019;StB 3 Klotzsche/nördliche Ortschaften;06 StB Klotzsche und nördliche OS;37 Jahre;387
2019;StB 3 Klotzsche/nördliche Ortschaften;06 StB Klotzsche und nördliche OS;38 Jahre;444
2019;StB 3 Klotzsche/nördliche Ortschaften;06 StB Klotzsche und nördliche OS;39 Jahre;426
2019;StB 3 Klotzsche/nördliche Ortschaften;06 StB Klotzsche und nördliche OS;40 Jahre;448
2019;StB 3 Klotzsche/nördliche Ortschaften;06 StB Klotzsche und nördliche OS;41 Jahre;499
2019;StB 3 Klotzsche/nördliche Ortschaften;06 StB Klotzsche und nördliche OS;42 Jahre;454
2019;StB 3 Klotzsche/nördliche Ortschaften;06 StB Klotzsche und nördliche OS;43 Jahre;384
2019;StB 3 Klotzsche/nördliche Ortschaften;06 StB Klotzsche und nördliche OS;44 Jahre;423
2019;StB 3 Klotzsche/nördliche Ortschaften;06 StB Klotzsche und nördliche OS;45 Jahre;387
2019;StB 3 Klotzsche/nördliche Ortschaften;06 StB Klotzsche und nördliche OS;46 Jahre;335
2019;StB 3 Klotzsche/nördliche Ortschaften;06 StB Klotzsche und nördliche OS;47 Jahre;442
2019;StB 3 Klotzsche/nördliche Ortschaften;06 StB Klotzsche und nördliche OS;48 Jahre;475
2019;StB 3 Klotzsche/nördliche Ortschaften;06 StB Klotzsche und nördliche OS;49 Jahre;522
2019;StB 3 Klotzsche/nördliche Ortschaften;06 StB Klotzsche und nördliche OS;50 Jahre;487
2019;StB 3 Klotzsche/nördliche Ortschaften;06 StB Klotzsche und nördliche OS;51 Jahre;529
2019;StB 3 Klotzsche/nördliche Ortschaften;06 StB Klotzsche und nördliche OS;52 Jahre;534
2019;StB 3 Klotzsche/nördliche Ortschaften;06 StB Klotzsche und nördliche OS;53 Jahre;538
2019;StB 3 Klotzsche/nördliche Ortschaften;06 StB Klotzsche und nördliche OS;54 Jahre;513
2019;StB 3 Klotzsche/nördliche Ortschaften;06 StB Klotzsche und nördliche OS;55 Jahre;567
2019;StB 3 Klotzsche/nördliche Ortschaften;06 StB Klotzsche und nördliche OS;56 Jahre;507
2019;StB 3 Klotzsche/nördliche Ortschaften;06 StB Klotzsche und nördliche OS;57 Jahre;540
2019;StB 3 Klotzsche/nördliche Ortschaften;06 StB Klotzsche und nördliche OS;58 Jahre;496
2019;StB 3 Klotzsche/nördliche Ortschaften;06 StB Klotzsche und nördliche OS;59 Jahre;442
2019;StB 3 Klotzsche/nördliche Ortschaften;06 StB Klotzsche und nördliche OS;60 Jahre;484
2019;StB 3 Klotzsche/nördliche Ortschaften;06 StB Klotzsche und nördliche OS;61 Jahre;461
2019;StB 3 Klotzsche/nördliche Ortschaften;06 StB Klotzsche und nördliche OS;62 Jahre;435
2019;StB 3 Klotzsche/nördliche Ortschaften;06 StB Klotzsche und nördliche OS;63 Jahre;415
2019;StB 3 Klotzsche/nördliche Ortschaften;06 StB Klotzsche und nördliche OS;64 Jahre;431
2019;StB 3 Klotzsche/nördliche Ortschaften;06 StB Klotzsche und nördliche OS;65 Jahre;431
2019;StB 3 Klotzsche/nördliche Ortschaften;06 StB Klotzsche und nördliche OS;66 Jahre;394
2019;StB 3 Klotzsche/nördliche Ortschaften;06 StB Klotzsche und nördliche OS;67 Jahre;419
2019;StB 3 Klotzsche/nördliche Ortschaften;06 StB Klotzsche und nördliche OS;68 Jahre;374
2019;StB 3 Klotzsche/nördliche Ortschaften;06 StB Klotzsche und nördliche OS;69 Jahre;396
2019;StB 3 Klotzsche/nördliche Ortschaften;06 StB Klotzsche und nördliche OS;70 Jahre;346
2019;StB 3 Klotzsche/nördliche Ortschaften;06 StB Klotzsche und nördliche OS;71 Jahre;281
2019;StB 3 Klotzsche/nördliche Ortschaften;06 StB Klotzsche und nördliche OS;72 Jahre;321
2019;StB 3 Klotzsche/nördliche Ortschaften;06 StB Klotzsche und nördliche OS;73 Jahre;203
2019;StB 3 Klotzsche/nördliche Ortschaften;06 StB Klotzsche und nördliche OS;74 Jahre;259
2019;StB 3 Klotzsche/nördliche Ortschaften;06 StB Klotzsche und nördliche OS;75 Jahre;379
2019;StB 3 Klotzsche/nördliche Ortschaften;06 StB Klotzsche und nördliche OS;76 Jahre;421
2019;StB 3 Klotzsche/nördliche Ortschaften;06 StB Klotzsche und nördliche OS;77 Jahre;347
2019;StB 3 Klotzsche/nördliche Ortschaften;06 StB Klotzsche und nördliche OS;78 Jahre;408
2019;StB 3 Klotzsche/nördliche Ortschaften;06 StB Klotzsche und nördliche OS;79 Jahre;387
2019;StB 3 Klotzsche/nördliche Ortschaften;06 StB Klotzsche und nördliche OS;80 Jahre;359
2019;StB 3 Klotzsche/nördliche Ortschaften;06 StB Klotzsche und nördliche OS;81 Jahre;270
2019;StB 3 Klotzsche/nördliche Ortschaften;06 StB Klotzsche und nördliche OS;82 Jahre;270
2019;StB 3 Klotzsche/nördliche Ortschaften;06 StB Klotzsche und nördliche OS;83 Jahre;258
2019;StB 3 Klotzsche/nördliche Ortschaften;06 StB Klotzsche und nördliche OS;84 Jahre;228
2019;StB 3 Klotzsche/nördliche Ortschaften;06 StB Klotzsche und nördliche OS;85 Jahre u.älter;1088
2019;StB 4 Loschwitz/OS Schönfeld-Weißig;07 StB Loschwitz und OS Schönfeld-Weißig;0 Jahre;237
2019;StB 4 Loschwitz/OS Schönfeld-Weißig;07 StB Loschwitz und OS Schönfeld-Weißig;1 Jahre;296
2019;StB 4 Loschwitz/OS Schönfeld-Weißig;07 StB Loschwitz und OS Schönfeld-Weißig;2 Jahre;302
2019;StB 4 Loschwitz/OS Schönfeld-Weißig;07 StB Loschwitz und OS Schönfeld-Weißig;3 Jahre;345
2019;StB 4 Loschwitz/OS Schönfeld-Weißig;07 StB Loschwitz und OS Schönfeld-Weißig;4 Jahre;333
2019;StB 4 Loschwitz/OS Schönfeld-Weißig;07 StB Loschwitz und OS Schönfeld-Weißig;5 Jahre;357
2019;StB 4 Loschwitz/OS Schönfeld-Weißig;07 StB Loschwitz und OS Schönfeld-Weißig;6 Jahre;360
2019;StB 4 Loschwitz/OS Schönfeld-Weißig;07 StB Loschwitz und OS Schönfeld-Weißig;7 Jahre;392
2019;StB 4 Loschwitz/OS Schönfeld-Weißig;07 StB Loschwitz und OS Schönfeld-Weißig;8 Jahre;386
2019;StB 4 Loschwitz/OS Schönfeld-Weißig;07 StB Loschwitz und OS Schönfeld-Weißig;9 Jahre;391
2019;StB 4 Loschwitz/OS Schönfeld-Weißig;07 StB Loschwitz und OS Schönfeld-Weißig;10 Jahre;386
2019;StB 4 Loschwitz/OS Schönfeld-Weißig;07 StB Loschwitz und OS Schönfeld-Weißig;11 Jahre;412
2019;StB 4 Loschwitz/OS Schönfeld-Weißig;07 StB Loschwitz und OS Schönfeld-Weißig;12 Jahre;414
2019;StB 4 Loschwitz/OS Schönfeld-Weißig;07 StB Loschwitz und OS Schönfeld-Weißig;13 Jahre;377
2019;StB 4 Loschwitz/OS Schönfeld-Weißig;07 StB Loschwitz und OS Schönfeld-Weißig;14 Jahre;338
2019;StB 4 Loschwitz/OS Schönfeld-Weißig;07 StB Loschwitz und OS Schönfeld-Weißig;15 Jahre;376
2019;StB 4 Loschwitz/OS Schönfeld-Weißig;07 StB Loschwitz und OS Schönfeld-Weißig;16 Jahre;373
2019;StB 4 Loschwitz/OS Schönfeld-Weißig;07 StB Loschwitz und OS Schönfeld-Weißig;17 Jahre;335
2019;StB 4 Loschwitz/OS Schönfeld-Weißig;07 StB Loschwitz und OS Schönfeld-Weißig;18 Jahre;349
2019;StB 4 Loschwitz/OS Schönfeld-Weißig;07 StB Loschwitz und OS Schönfeld-Weißig;19 Jahre;305
2019;StB 4 Loschwitz/OS Schönfeld-Weißig;07 StB Loschwitz und OS Schönfeld-Weißig;20 Jahre;236
2019;StB 4 Loschwitz/OS Schönfeld-Weißig;07 StB Loschwitz und OS Schönfeld-Weißig;21 Jahre;191
2019;StB 4 Loschwitz/OS Schönfeld-Weißig;07 StB Loschwitz und OS Schönfeld-Weißig;22 Jahre;179
2019;StB 4 Loschwitz/OS Schönfeld-Weißig;07 StB Loschwitz und OS Schönfeld-Weißig;23 Jahre;156
2019;StB 4 Loschwitz/OS Schönfeld-Weißig;07 StB Loschwitz und OS Schönfeld-Weißig;24 Jahre;134
2019;StB 4 Loschwitz/OS Schönfeld-Weißig;07 StB Loschwitz und OS Schönfeld-Weißig;25 Jahre;118
2019;StB 4 Loschwitz/OS Schönfeld-Weißig;07 StB Loschwitz und OS Schönfeld-Weißig;26 Jahre;162
2019;StB 4 Loschwitz/OS Schönfeld-Weißig;07 StB Loschwitz und OS Schönfeld-Weißig;27 Jahre;150
2019;StB 4 Loschwitz/OS Schönfeld-Weißig;07 StB Loschwitz und OS Schönfeld-Weißig;28 Jahre;206
2019;StB 4 Loschwitz/OS Schönfeld-Weißig;07 StB Loschwitz und OS Schönfeld-Weißig;29 Jahre;251
2019;StB 4 Loschwitz/OS Schönfeld-Weißig;07 StB Loschwitz und OS Schönfeld-Weißig;30 Jahre;299
2019;StB 4 Loschwitz/OS Schönfeld-Weißig;07 StB Loschwitz und OS Schönfeld-Weißig;31 Jahre;288
2019;StB 4 Loschwitz/OS Schönfeld-Weißig;07 StB Loschwitz und OS Schönfeld-Weißig;32 Jahre;302
2019;StB 4 Loschwitz/OS Schönfeld-Weißig;07 StB Loschwitz und OS Schönfeld-Weißig;33 Jahre;322
2019;StB 4 Loschwitz/OS Schönfeld-Weißig;07 StB Loschwitz und OS Schönfeld-Weißig;34 Jahre;370
2019;StB 4 Loschwitz/OS Schönfeld-Weißig;07 StB Loschwitz und OS Schönfeld-Weißig;35 Jahre;356
2019;StB 4 Loschwitz/OS Schönfeld-Weißig;07 StB Loschwitz und OS Schönfeld-Weißig;36 Jahre;362
2019;StB 4 Loschwitz/OS Schönfeld-Weißig;07 StB Loschwitz und OS Schönfeld-Weißig;37 Jahre;438
2019;StB 4 Loschwitz/OS Schönfeld-Weißig;07 StB Loschwitz und OS Schönfeld-Weißig;38 Jahre;407
2019;StB 4 Loschwitz/OS Schönfeld-Weißig;07 StB Loschwitz und OS Schönfeld-Weißig;39 Jahre;443
2019;StB 4 Loschwitz/OS Schönfeld-Weißig;07 StB Loschwitz und OS Schönfeld-Weißig;40 Jahre;501
2019;StB 4 Loschwitz/OS Schönfeld-Weißig;07 StB Loschwitz und OS Schönfeld-Weißig;41 Jahre;465
2019;StB 4 Loschwitz/OS Schönfeld-Weißig;07 StB Loschwitz und OS Schönfeld-Weißig;42 Jahre;512
2019;StB 4 Loschwitz/OS Schönfeld-Weißig;07 StB Loschwitz und OS Schönfeld-Weißig;43 Jahre;522
2019;StB 4 Loschwitz/OS Schönfeld-Weißig;07 StB Loschwitz und OS Schönfeld-Weißig;44 Jahre;453
2019;StB 4 Loschwitz/OS Schönfeld-Weißig;07 StB Loschwitz und OS Schönfeld-Weißig;45 Jahre;485
2019;StB 4 Loschwitz/OS Schönfeld-Weißig;07 StB Loschwitz und OS Schönfeld-Weißig;46 Jahre;461
2019;StB 4 Loschwitz/OS Schönfeld-Weißig;07 StB Loschwitz und OS Schönfeld-Weißig;47 Jahre;479
2019;StB 4 Loschwitz/OS Schönfeld-Weißig;07 StB Loschwitz und OS Schönfeld-Weißig;48 Jahre;531
2019;StB 4 Loschwitz/OS Schönfeld-Weißig;07 StB Loschwitz und OS Schönfeld-Weißig;49 Jahre;563
2019;StB 4 Loschwitz/OS Schönfeld-Weißig;07 StB Loschwitz und OS Schönfeld-Weißig;50 Jahre;546
2019;StB 4 Loschwitz/OS Schönfeld-Weißig;07 StB Loschwitz und OS Schönfeld-Weißig;51 Jahre;533
2019;StB 4 Loschwitz/OS Schönfeld-Weißig;07 StB Loschwitz und OS Schönfeld-Weißig;52 Jahre;568
2019;StB 4 Loschwitz/OS Schönfeld-Weißig;07 StB Loschwitz und OS Schönfeld-Weißig;53 Jahre;556
2019;StB 4 Loschwitz/OS Schönfeld-Weißig;07 StB Loschwitz und OS Schönfeld-Weißig;54 Jahre;599
2019;StB 4 Loschwitz/OS Schönfeld-Weißig;07 StB Loschwitz und OS Schönfeld-Weißig;55 Jahre;573
2019;StB 4 Loschwitz/OS Schönfeld-Weißig;07 StB Loschwitz und OS Schönfeld-Weißig;56 Jahre;573
2019;StB 4 Loschwitz/OS Schönfeld-Weißig;07 StB Loschwitz und OS Schönfeld-Weißig;57 Jahre;550
2019;StB 4 Loschwitz/OS Schönfeld-Weißig;07 StB Loschwitz und OS Schönfeld-Weißig;58 Jahre;536
2019;StB 4 Loschwitz/OS Schönfeld-Weißig;07 StB Loschwitz und OS Schönfeld-Weißig;59 Jahre;500
2019;StB 4 Loschwitz/OS Schönfeld-Weißig;07 StB Loschwitz und OS Schönfeld-Weißig;60 Jahre;475
2019;StB 4 Loschwitz/OS Schönfeld-Weißig;07 StB Loschwitz und OS Schönfeld-Weißig;61 Jahre;420
2019;StB 4 Loschwitz/OS Schönfeld-Weißig;07 StB Loschwitz und OS Schönfeld-Weißig;62 Jahre;398
2019;StB 4 Loschwitz/OS Schönfeld-Weißig;07 StB Loschwitz und OS Schönfeld-Weißig;63 Jahre;392
2019;StB 4 Loschwitz/OS Schönfeld-Weißig;07 StB Loschwitz und OS Schönfeld-Weißig;64 Jahre;438
2019;StB 4 Loschwitz/OS Schönfeld-Weißig;07 StB Loschwitz und OS Schönfeld-Weißig;65 Jahre;432
2019;StB 4 Loschwitz/OS Schönfeld-Weißig;07 StB Loschwitz und OS Schönfeld-Weißig;66 Jahre;459
2019;StB 4 Loschwitz/OS Schönfeld-Weißig;07 StB Loschwitz und OS Schönfeld-Weißig;67 Jahre;446
2019;StB 4 Loschwitz/OS Schönfeld-Weißig;07 StB Loschwitz und OS Schönfeld-Weißig;68 Jahre;450
2019;StB 4 Loschwitz/OS Schönfeld-Weißig;07 StB Loschwitz und OS Schönfeld-Weißig;69 Jahre;425
2019;StB 4 Loschwitz/OS Schönfeld-Weißig;07 StB Loschwitz und OS Schönfeld-Weißig;70 Jahre;363
2019;StB 4 Loschwitz/OS Schönfeld-Weißig;07 StB Loschwitz und OS Schönfeld-Weißig;71 Jahre;290
2019;StB 4 Loschwitz/OS Schönfeld-Weißig;07 StB Loschwitz und OS Schönfeld-Weißig;72 Jahre;323
2019;StB 4 Loschwitz/OS Schönfeld-Weißig;07 StB Loschwitz und OS Schönfeld-Weißig;73 Jahre;252
2019;StB 4 Loschwitz/OS Schönfeld-Weißig;07 StB Loschwitz und OS Schönfeld-Weißig;74 Jahre;299
2019;StB 4 Loschwitz/OS Schönfeld-Weißig;07 StB Loschwitz und OS Schönfeld-Weißig;75 Jahre;431
2019;StB 4 Loschwitz/OS Schönfeld-Weißig;07 StB Loschwitz und OS Schönfeld-Weißig;76 Jahre;430
2019;StB 4 Loschwitz/OS Schönfeld-Weißig;07 StB Loschwitz und OS Schönfeld-Weißig;77 Jahre;404
2019;StB 4 Loschwitz/OS Schönfeld-Weißig;07 StB Loschwitz und OS Schönfeld-Weißig;78 Jahre;431
2019;StB 4 Loschwitz/OS Schönfeld-Weißig;07 StB Loschwitz und OS Schönfeld-Weißig;79 Jahre;434
2019;StB 4 Loschwitz/OS Schönfeld-Weißig;07 StB Loschwitz und OS Schönfeld-Weißig;80 Jahre;396
2019;StB 4 Loschwitz/OS Schönfeld-Weißig;07 StB Loschwitz und OS Schönfeld-Weißig;81 Jahre;349
2019;StB 4 Loschwitz/OS Schönfeld-Weißig;07 StB Loschwitz und OS Schönfeld-Weißig;82 Jahre;342
2019;StB 4 Loschwitz/OS Schönfeld-Weißig;07 StB Loschwitz und OS Schönfeld-Weißig;83 Jahre;262
2019;StB 4 Loschwitz/OS Schönfeld-Weißig;07 StB Loschwitz und OS Schönfeld-Weißig;84 Jahre;254
2019;StB 4 Loschwitz/OS Schönfeld-Weißig;07 StB Loschwitz und OS Schönfeld-Weißig;85 Jahre u.älter;1117
2019;StB 5 Blasewitz;08 Blasewitz, Striesen;0 Jahre;626
2019;StB 5 Blasewitz;08 Blasewitz, Striesen;1 Jahre;639
2019;StB 5 Blasewitz;08 Blasewitz, Striesen;2 Jahre;645
2019;StB 5 Blasewitz;08 Blasewitz, Striesen;3 Jahre;664
2019;StB 5 Blasewitz;08 Blasewitz, Striesen;4 Jahre;613
2019;StB 5 Blasewitz;08 Blasewitz, Striesen;5 Jahre;623
2019;StB 5 Blasewitz;08 Blasewitz, Striesen;6 Jahre;512
2019;StB 5 Blasewitz;08 Blasewitz, Striesen;7 Jahre;567
2019;StB 5 Blasewitz;08 Blasewitz, Striesen;8 Jahre;531
2019;StB 5 Blasewitz;08 Blasewitz, Striesen;9 Jahre;539
2019;StB 5 Blasewitz;08 Blasewitz, Striesen;10 Jahre;532
2019;StB 5 Blasewitz;08 Blasewitz, Striesen;11 Jahre;491
2019;StB 5 Blasewitz;08 Blasewitz, Striesen;12 Jahre;469
2019;StB 5 Blasewitz;08 Blasewitz, Striesen;13 Jahre;447
2019;StB 5 Blasewitz;08 Blasewitz, Striesen;14 Jahre;448
2019;StB 5 Blasewitz;08 Blasewitz, Striesen;15 Jahre;405
2019;StB 5 Blasewitz;08 Blasewitz, Striesen;16 Jahre;412
2019;StB 5 Blasewitz;08 Blasewitz, Striesen;17 Jahre;429
2019;StB 5 Blasewitz;08 Blasewitz, Striesen;18 Jahre;454
2019;StB 5 Blasewitz;08 Blasewitz, Striesen;19 Jahre;521
2019;StB 5 Blasewitz;08 Blasewitz, Striesen;20 Jahre;449
2019;StB 5 Blasewitz;08 Blasewitz, Striesen;21 Jahre;504
2019;StB 5 Blasewitz;08 Blasewitz, Striesen;22 Jahre;530
2019;StB 5 Blasewitz;08 Blasewitz, Striesen;23 Jahre;493
2019;StB 5 Blasewitz;08 Blasewitz, Striesen;24 Jahre;581
2019;StB 5 Blasewitz;08 Blasewitz, Striesen;25 Jahre;531
2019;StB 5 Blasewitz;08 Blasewitz, Striesen;26 Jahre;567
2019;StB 5 Blasewitz;08 Blasewitz, Striesen;27 Jahre;537
2019;StB 5 Blasewitz;08 Blasewitz, Striesen;28 Jahre;617
2019;StB 5 Blasewitz;08 Blasewitz, Striesen;29 Jahre;959
2019;StB 5 Blasewitz;08 Blasewitz, Striesen;30 Jahre;933
2019;StB 5 Blasewitz;08 Blasewitz, Striesen;31 Jahre;937
2019;StB 5 Blasewitz;08 Blasewitz, Striesen;32 Jahre;956
2019;StB 5 Blasewitz;08 Blasewitz, Striesen;33 Jahre;895
2019;StB 5 Blasewitz;08 Blasewitz, Striesen;34 Jahre;900
2019;StB 5 Blasewitz;08 Blasewitz, Striesen;35 Jahre;817
2019;StB 5 Blasewitz;08 Blasewitz, Striesen;36 Jahre;860
2019;StB 5 Blasewitz;08 Blasewitz, Striesen;37 Jahre;882
2019;StB 5 Blasewitz;08 Blasewitz, Striesen;38 Jahre;771
2019;StB 5 Blasewitz;08 Blasewitz, Striesen;39 Jahre;744
2019;StB 5 Blasewitz;08 Blasewitz, Striesen;40 Jahre;729
2019;StB 5 Blasewitz;08 Blasewitz, Striesen;41 Jahre;781
2019;StB 5 Blasewitz;08 Blasewitz, Striesen;42 Jahre;729
2019;StB 5 Blasewitz;08 Blasewitz, Striesen;43 Jahre;689
2019;StB 5 Blasewitz;08 Blasewitz, Striesen;44 Jahre;590
2019;StB 5 Blasewitz;08 Blasewitz, Striesen;45 Jahre;616
2019;StB 5 Blasewitz;08 Blasewitz, Striesen;46 Jahre;620
2019;StB 5 Blasewitz;08 Blasewitz, Striesen;47 Jahre;656
2019;StB 5 Blasewitz;08 Blasewitz, Striesen;48 Jahre;673
2019;StB 5 Blasewitz;08 Blasewitz, Striesen;49 Jahre;689
2019;StB 5 Blasewitz;08 Blasewitz, Striesen;50 Jahre;690
2019;StB 5 Blasewitz;08 Blasewitz, Striesen;51 Jahre;708
2019;StB 5 Blasewitz;08 Blasewitz, Striesen;52 Jahre;694
2019;StB 5 Blasewitz;08 Blasewitz, Striesen;53 Jahre;765
2019;StB 5 Blasewitz;08 Blasewitz, Striesen;54 Jahre;676
2019;StB 5 Blasewitz;08 Blasewitz, Striesen;55 Jahre;676
2019;StB 5 Blasewitz;08 Blasewitz, Striesen;56 Jahre;693
2019;StB 5 Blasewitz;08 Blasewitz, Striesen;57 Jahre;605
2019;StB 5 Blasewitz;08 Blasewitz, Striesen;58 Jahre;609
2019;StB 5 Blasewitz;08 Blasewitz, Striesen;59 Jahre;552
2019;StB 5 Blasewitz;08 Blasewitz, Striesen;60 Jahre;519
2019;StB 5 Blasewitz;08 Blasewitz, Striesen;61 Jahre;457
2019;StB 5 Blasewitz;08 Blasewitz, Striesen;62 Jahre;385
2019;StB 5 Blasewitz;08 Blasewitz, Striesen;63 Jahre;414
2019;StB 5 Blasewitz;08 Blasewitz, Striesen;64 Jahre;444
2019;StB 5 Blasewitz;08 Blasewitz, Striesen;65 Jahre;440
2019;StB 5 Blasewitz;08 Blasewitz, Striesen;66 Jahre;460
2019;StB 5 Blasewitz;08 Blasewitz, Striesen;67 Jahre;443
2019;StB 5 Blasewitz;08 Blasewitz, Striesen;68 Jahre;462
2019;StB 5 Blasewitz;08 Blasewitz, Striesen;69 Jahre;429
2019;StB 5 Blasewitz;08 Blasewitz, Striesen;70 Jahre;383
2019;StB 5 Blasewitz;08 Blasewitz, Striesen;71 Jahre;333
2019;StB 5 Blasewitz;08 Blasewitz, Striesen;72 Jahre;369
2019;StB 5 Blasewitz;08 Blasewitz, Striesen;73 Jahre;249
2019;StB 5 Blasewitz;08 Blasewitz, Striesen;74 Jahre;290
2019;StB 5 Blasewitz;08 Blasewitz, Striesen;75 Jahre;434
2019;StB 5 Blasewitz;08 Blasewitz, Striesen;76 Jahre;497
2019;StB 5 Blasewitz;08 Blasewitz, Striesen;77 Jahre;478
2019;StB 5 Blasewitz;08 Blasewitz, Striesen;78 Jahre;617
2019;StB 5 Blasewitz;08 Blasewitz, Striesen;79 Jahre;622
2019;StB 5 Blasewitz;08 Blasewitz, Striesen;80 Jahre;627
2019;StB 5 Blasewitz;08 Blasewitz, Striesen;81 Jahre;557
2019;StB 5 Blasewitz;08 Blasewitz, Striesen;82 Jahre;491
2019;StB 5 Blasewitz;08 Blasewitz, Striesen;83 Jahre;463
2019;StB 5 Blasewitz;08 Blasewitz, Striesen;84 Jahre;432
2019;StB 5 Blasewitz;08 Blasewitz, Striesen;85 Jahre u.älter;1613
2019;StB 5 Blasewitz;09 Tolkewitz, Seidnitz, Gruna;0 Jahre;305
2019;StB 5 Blasewitz;09 Tolkewitz, Seidnitz, Gruna;1 Jahre;344
2019;StB 5 Blasewitz;09 Tolkewitz, Seidnitz, Gruna;2 Jahre;367
2019;StB 5 Blasewitz;09 Tolkewitz, Seidnitz, Gruna;3 Jahre;404
2019;StB 5 Blasewitz;09 Tolkewitz, Seidnitz, Gruna;4 Jahre;356
2019;StB 5 Blasewitz;09 Tolkewitz, Seidnitz, Gruna;5 Jahre;349
2019;StB 5 Blasewitz;09 Tolkewitz, Seidnitz, Gruna;6 Jahre;326
2019;StB 5 Blasewitz;09 Tolkewitz, Seidnitz, Gruna;7 Jahre;352
2019;StB 5 Blasewitz;09 Tolkewitz, Seidnitz, Gruna;8 Jahre;347
2019;StB 5 Blasewitz;09 Tolkewitz, Seidnitz, Gruna;9 Jahre;319
2019;StB 5 Blasewitz;09 Tolkewitz, Seidnitz, Gruna;10 Jahre;288
2019;StB 5 Blasewitz;09 Tolkewitz, Seidnitz, Gruna;11 Jahre;371
2019;StB 5 Blasewitz;09 Tolkewitz, Seidnitz, Gruna;12 Jahre;309
2019;StB 5 Blasewitz;09 Tolkewitz, Seidnitz, Gruna;13 Jahre;320
2019;StB 5 Blasewitz;09 Tolkewitz, Seidnitz, Gruna;14 Jahre;303
2019;StB 5 Blasewitz;09 Tolkewitz, Seidnitz, Gruna;15 Jahre;290
2019;StB 5 Blasewitz;09 Tolkewitz, Seidnitz, Gruna;16 Jahre;294
2019;StB 5 Blasewitz;09 Tolkewitz, Seidnitz, Gruna;17 Jahre;308
2019;StB 5 Blasewitz;09 Tolkewitz, Seidnitz, Gruna;18 Jahre;288
2019;StB 5 Blasewitz;09 Tolkewitz, Seidnitz, Gruna;19 Jahre;356
2019;StB 5 Blasewitz;09 Tolkewitz, Seidnitz, Gruna;20 Jahre;387
2019;StB 5 Blasewitz;09 Tolkewitz, Seidnitz, Gruna;21 Jahre;354
2019;StB 5 Blasewitz;09 Tolkewitz, Seidnitz, Gruna;22 Jahre;341
2019;StB 5 Blasewitz;09 Tolkewitz, Seidnitz, Gruna;23 Jahre;348
2019;StB 5 Blasewitz;09 Tolkewitz, Seidnitz, Gruna;24 Jahre;318
2019;StB 5 Blasewitz;09 Tolkewitz, Seidnitz, Gruna;25 Jahre;331
2019;StB 5 Blasewitz;09 Tolkewitz, Seidnitz, Gruna;26 Jahre;351
2019;StB 5 Blasewitz;09 Tolkewitz, Seidnitz, Gruna;27 Jahre;342
2019;StB 5 Blasewitz;09 Tolkewitz, Seidnitz, Gruna;28 Jahre;423
2019;StB 5 Blasewitz;09 Tolkewitz, Seidnitz, Gruna;29 Jahre;580
2019;StB 5 Blasewitz;09 Tolkewitz, Seidnitz, Gruna;30 Jahre;602
2019;StB 5 Blasewitz;09 Tolkewitz, Seidnitz, Gruna;31 Jahre;624
2019;StB 5 Blasewitz;09 Tolkewitz, Seidnitz, Gruna;32 Jahre;620
2019;StB 5 Blasewitz;09 Tolkewitz, Seidnitz, Gruna;33 Jahre;572
2019;StB 5 Blasewitz;09 Tolkewitz, Seidnitz, Gruna;34 Jahre;560
2019;StB 5 Blasewitz;09 Tolkewitz, Seidnitz, Gruna;35 Jahre;541
2019;StB 5 Blasewitz;09 Tolkewitz, Seidnitz, Gruna;36 Jahre;500
2019;StB 5 Blasewitz;09 Tolkewitz, Seidnitz, Gruna;37 Jahre;517
2019;StB 5 Blasewitz;09 Tolkewitz, Seidnitz, Gruna;38 Jahre;502
2019;StB 5 Blasewitz;09 Tolkewitz, Seidnitz, Gruna;39 Jahre;498
2019;StB 5 Blasewitz;09 Tolkewitz, Seidnitz, Gruna;40 Jahre;495
2019;StB 5 Blasewitz;09 Tolkewitz, Seidnitz, Gruna;41 Jahre;479
2019;StB 5 Blasewitz;09 Tolkewitz, Seidnitz, Gruna;42 Jahre;469
2019;StB 5 Blasewitz;09 Tolkewitz, Seidnitz, Gruna;43 Jahre;438
2019;StB 5 Blasewitz;09 Tolkewitz, Seidnitz, Gruna;44 Jahre;416
2019;StB 5 Blasewitz;09 Tolkewitz, Seidnitz, Gruna;45 Jahre;378
2019;StB 5 Blasewitz;09 Tolkewitz, Seidnitz, Gruna;46 Jahre;400
2019;StB 5 Blasewitz;09 Tolkewitz, Seidnitz, Gruna;47 Jahre;395
2019;StB 5 Blasewitz;09 Tolkewitz, Seidnitz, Gruna;48 Jahre;440
2019;StB 5 Blasewitz;09 Tolkewitz, Seidnitz, Gruna;49 Jahre;483
2019;StB 5 Blasewitz;09 Tolkewitz, Seidnitz, Gruna;50 Jahre;484
2019;StB 5 Blasewitz;09 Tolkewitz, Seidnitz, Gruna;51 Jahre;460
2019;StB 5 Blasewitz;09 Tolkewitz, Seidnitz, Gruna;52 Jahre;481
2019;StB 5 Blasewitz;09 Tolkewitz, Seidnitz, Gruna;53 Jahre;512
2019;StB 5 Blasewitz;09 Tolkewitz, Seidnitz, Gruna;54 Jahre;519
2019;StB 5 Blasewitz;09 Tolkewitz, Seidnitz, Gruna;55 Jahre;526
2019;StB 5 Blasewitz;09 Tolkewitz, Seidnitz, Gruna;56 Jahre;521
2019;StB 5 Blasewitz;09 Tolkewitz, Seidnitz, Gruna;57 Jahre;535
2019;StB 5 Blasewitz;09 Tolkewitz, Seidnitz, Gruna;58 Jahre;472
2019;StB 5 Blasewitz;09 Tolkewitz, Seidnitz, Gruna;59 Jahre;452
2019;StB 5 Blasewitz;09 Tolkewitz, Seidnitz, Gruna;60 Jahre;450
2019;StB 5 Blasewitz;09 Tolkewitz, Seidnitz, Gruna;61 Jahre;373
2019;StB 5 Blasewitz;09 Tolkewitz, Seidnitz, Gruna;62 Jahre;390
2019;StB 5 Blasewitz;09 Tolkewitz, Seidnitz, Gruna;63 Jahre;381
2019;StB 5 Blasewitz;09 Tolkewitz, Seidnitz, Gruna;64 Jahre;412
2019;StB 5 Blasewitz;09 Tolkewitz, Seidnitz, Gruna;65 Jahre;396
2019;StB 5 Blasewitz;09 Tolkewitz, Seidnitz, Gruna;66 Jahre;436
2019;StB 5 Blasewitz;09 Tolkewitz, Seidnitz, Gruna;67 Jahre;458
2019;StB 5 Blasewitz;09 Tolkewitz, Seidnitz, Gruna;68 Jahre;480
2019;StB 5 Blasewitz;09 Tolkewitz, Seidnitz, Gruna;69 Jahre;492
2019;StB 5 Blasewitz;09 Tolkewitz, Seidnitz, Gruna;70 Jahre;418
2019;StB 5 Blasewitz;09 Tolkewitz, Seidnitz, Gruna;71 Jahre;345
2019;StB 5 Blasewitz;09 Tolkewitz, Seidnitz, Gruna;72 Jahre;414
2019;StB 5 Blasewitz;09 Tolkewitz, Seidnitz, Gruna;73 Jahre;318
2019;StB 5 Blasewitz;09 Tolkewitz, Seidnitz, Gruna;74 Jahre;417
2019;StB 5 Blasewitz;09 Tolkewitz, Seidnitz, Gruna;75 Jahre;548
2019;StB 5 Blasewitz;09 Tolkewitz, Seidnitz, Gruna;76 Jahre;591
2019;StB 5 Blasewitz;09 Tolkewitz, Seidnitz, Gruna;77 Jahre;542
2019;StB 5 Blasewitz;09 Tolkewitz, Seidnitz, Gruna;78 Jahre;598
2019;StB 5 Blasewitz;09 Tolkewitz, Seidnitz, Gruna;79 Jahre;637
2019;StB 5 Blasewitz;09 Tolkewitz, Seidnitz, Gruna;80 Jahre;637
2019;StB 5 Blasewitz;09 Tolkewitz, Seidnitz, Gruna;81 Jahre;540
2019;StB 5 Blasewitz;09 Tolkewitz, Seidnitz, Gruna;82 Jahre;412
2019;StB 5 Blasewitz;09 Tolkewitz, Seidnitz, Gruna;83 Jahre;399
2019;StB 5 Blasewitz;09 Tolkewitz, Seidnitz, Gruna;84 Jahre;342
2019;StB 5 Blasewitz;09 Tolkewitz, Seidnitz, Gruna;85 Jahre u.älter;1349
2019;StB 6 Leuben;10 StB Leuben;0 Jahre;310
2019;StB 6 Leuben;10 StB Leuben;1 Jahre;329
2019;StB 6 Leuben;10 StB Leuben;2 Jahre;349
2019;StB 6 Leuben;10 StB Leuben;3 Jahre;384
2019;StB 6 Leuben;10 StB Leuben;4 Jahre;402
2019;StB 6 Leuben;10 StB Leuben;5 Jahre;332
2019;StB 6 Leuben;10 StB Leuben;6 Jahre;361
2019;StB 6 Leuben;10 StB Leuben;7 Jahre;376
2019;StB 6 Leuben;10 StB Leuben;8 Jahre;340
2019;StB 6 Leuben;10 StB Leuben;9 Jahre;396
2019;StB 6 Leuben;10 StB Leuben;10 Jahre;386
2019;StB 6 Leuben;10 StB Leuben;11 Jahre;348
2019;StB 6 Leuben;10 StB Leuben;12 Jahre;351
2019;StB 6 Leuben;10 StB Leuben;13 Jahre;329
2019;StB 6 Leuben;10 StB Leuben;14 Jahre;355
2019;StB 6 Leuben;10 StB Leuben;15 Jahre;341
2019;StB 6 Leuben;10 StB Leuben;16 Jahre;336
2019;StB 6 Leuben;10 StB Leuben;17 Jahre;316
2019;StB 6 Leuben;10 StB Leuben;18 Jahre;353
2019;StB 6 Leuben;10 StB Leuben;19 Jahre;320
2019;StB 6 Leuben;10 StB Leuben;20 Jahre;348
2019;StB 6 Leuben;10 StB Leuben;21 Jahre;276
2019;StB 6 Leuben;10 StB Leuben;22 Jahre;316
2019;StB 6 Leuben;10 StB Leuben;23 Jahre;224
2019;StB 6 Leuben;10 StB Leuben;24 Jahre;232
2019;StB 6 Leuben;10 StB Leuben;25 Jahre;228
2019;StB 6 Leuben;10 StB Leuben;26 Jahre;259
2019;StB 6 Leuben;10 StB Leuben;27 Jahre;256
2019;StB 6 Leuben;10 StB Leuben;28 Jahre;304
2019;StB 6 Leuben;10 StB Leuben;29 Jahre;431
2019;StB 6 Leuben;10 StB Leuben;30 Jahre;446
2019;StB 6 Leuben;10 StB Leuben;31 Jahre;465
2019;StB 6 Leuben;10 StB Leuben;32 Jahre;485
2019;StB 6 Leuben;10 StB Leuben;33 Jahre;480
2019;StB 6 Leuben;10 StB Leuben;34 Jahre;524
2019;StB 6 Leuben;10 StB Leuben;35 Jahre;448
2019;StB 6 Leuben;10 StB Leuben;36 Jahre;535
2019;StB 6 Leuben;10 StB Leuben;37 Jahre;520
2019;StB 6 Leuben;10 StB Leuben;38 Jahre;499
2019;StB 6 Leuben;10 StB Leuben;39 Jahre;516
2019;StB 6 Leuben;10 StB Leuben;40 Jahre;516
2019;StB 6 Leuben;10 StB Leuben;41 Jahre;549
2019;StB 6 Leuben;10 StB Leuben;42 Jahre;474
2019;StB 6 Leuben;10 StB Leuben;43 Jahre;510
2019;StB 6 Leuben;10 StB Leuben;44 Jahre;450
2019;StB 6 Leuben;10 StB Leuben;45 Jahre;441
2019;StB 6 Leuben;10 StB Leuben;46 Jahre;445
2019;StB 6 Leuben;10 StB Leuben;47 Jahre;482
2019;StB 6 Leuben;10 StB Leuben;48 Jahre;532
2019;StB 6 Leuben;10 StB Leuben;49 Jahre;564
2019;StB 6 Leuben;10 StB Leuben;50 Jahre;584
2019;StB 6 Leuben;10 StB Leuben;51 Jahre;635
2019;StB 6 Leuben;10 StB Leuben;52 Jahre;616
2019;StB 6 Leuben;10 StB Leuben;53 Jahre;622
2019;StB 6 Leuben;10 StB Leuben;54 Jahre;595
2019;StB 6 Leuben;10 StB Leuben;55 Jahre;612
2019;StB 6 Leuben;10 StB Leuben;56 Jahre;595
2019;StB 6 Leuben;10 StB Leuben;57 Jahre;599
2019;StB 6 Leuben;10 StB Leuben;58 Jahre;581
2019;StB 6 Leuben;10 StB Leuben;59 Jahre;514
2019;StB 6 Leuben;10 StB Leuben;60 Jahre;499
2019;StB 6 Leuben;10 StB Leuben;61 Jahre;386
2019;StB 6 Leuben;10 StB Leuben;62 Jahre;398
2019;StB 6 Leuben;10 StB Leuben;63 Jahre;455
2019;StB 6 Leuben;10 StB Leuben;64 Jahre;483
2019;StB 6 Leuben;10 StB Leuben;65 Jahre;516
2019;StB 6 Leuben;10 StB Leuben;66 Jahre;517
2019;StB 6 Leuben;10 StB Leuben;67 Jahre;537
2019;StB 6 Leuben;10 StB Leuben;68 Jahre;517
2019;StB 6 Leuben;10 StB Leuben;69 Jahre;574
2019;StB 6 Leuben;10 StB Leuben;70 Jahre;478
2019;StB 6 Leuben;10 StB Leuben;71 Jahre;442
2019;StB 6 Leuben;10 StB Leuben;72 Jahre;416
2019;StB 6 Leuben;10 StB Leuben;73 Jahre;307
2019;StB 6 Leuben;10 StB Leuben;74 Jahre;421
2019;StB 6 Leuben;10 StB Leuben;75 Jahre;575
2019;StB 6 Leuben;10 StB Leuben;76 Jahre;633
2019;StB 6 Leuben;10 StB Leuben;77 Jahre;571
2019;StB 6 Leuben;10 StB Leuben;78 Jahre;711
2019;StB 6 Leuben;10 StB Leuben;79 Jahre;658
2019;StB 6 Leuben;10 StB Leuben;80 Jahre;583
2019;StB 6 Leuben;10 StB Leuben;81 Jahre;476
2019;StB 6 Leuben;10 StB Leuben;82 Jahre;419
2019;StB 6 Leuben;10 StB Leuben;83 Jahre;336
2019;StB 6 Leuben;10 StB Leuben;84 Jahre;314
2019;StB 6 Leuben;10 StB Leuben;85 Jahre u.älter;1351
2019;StB 7 Prohlis;11 Prohlis, Reick (mit Sternhäuser, Am Koitschgraben);0 Jahre;189
2019;StB 7 Prohlis;11 Prohlis, Reick (mit Sternhäuser, Am Koitschgraben);1 Jahre;202
2019;StB 7 Prohlis;11 Prohlis, Reick (mit Sternhäuser, Am Koitschgraben);2 Jahre;218
2019;StB 7 Prohlis;11 Prohlis, Reick (mit Sternhäuser, Am Koitschgraben);3 Jahre;223
2019;StB 7 Prohlis;11 Prohlis, Reick (mit Sternhäuser, Am Koitschgraben);4 Jahre;214
2019;StB 7 Prohlis;11 Prohlis, Reick (mit Sternhäuser, Am Koitschgraben);5 Jahre;235
2019;StB 7 Prohlis;11 Prohlis, Reick (mit Sternhäuser, Am Koitschgraben);6 Jahre;233
2019;StB 7 Prohlis;11 Prohlis, Reick (mit Sternhäuser, Am Koitschgraben);7 Jahre;260
2019;StB 7 Prohlis;11 Prohlis, Reick (mit Sternhäuser, Am Koitschgraben);8 Jahre;222
2019;StB 7 Prohlis;11 Prohlis, Reick (mit Sternhäuser, Am Koitschgraben);9 Jahre;231
2019;StB 7 Prohlis;11 Prohlis, Reick (mit Sternhäuser, Am Koitschgraben);10 Jahre;206
2019;StB 7 Prohlis;11 Prohlis, Reick (mit Sternhäuser, Am Koitschgraben);11 Jahre;219
2019;StB 7 Prohlis;11 Prohlis, Reick (mit Sternhäuser, Am Koitschgraben);12 Jahre;223
2019;StB 7 Prohlis;11 Prohlis, Reick (mit Sternhäuser, Am Koitschgraben);13 Jahre;191
2019;StB 7 Prohlis;11 Prohlis, Reick (mit Sternhäuser, Am Koitschgraben);14 Jahre;206
2019;StB 7 Prohlis;11 Prohlis, Reick (mit Sternhäuser, Am Koitschgraben);15 Jahre;168
2019;StB 7 Prohlis;11 Prohlis, Reick (mit Sternhäuser, Am Koitschgraben);16 Jahre;180
2019;StB 7 Prohlis;11 Prohlis, Reick (mit Sternhäuser, Am Koitschgraben);17 Jahre;200
2019;StB 7 Prohlis;11 Prohlis, Reick (mit Sternhäuser, Am Koitschgraben);18 Jahre;226
2019;StB 7 Prohlis;11 Prohlis, Reick (mit Sternhäuser, Am Koitschgraben);19 Jahre;251
2019;StB 7 Prohlis;11 Prohlis, Reick (mit Sternhäuser, Am Koitschgraben);20 Jahre;270
2019;StB 7 Prohlis;11 Prohlis, Reick (mit Sternhäuser, Am Koitschgraben);21 Jahre;227
2019;StB 7 Prohlis;11 Prohlis, Reick (mit Sternhäuser, Am Koitschgraben);22 Jahre;250
2019;StB 7 Prohlis;11 Prohlis, Reick (mit Sternhäuser, Am Koitschgraben);23 Jahre;260
2019;StB 7 Prohlis;11 Prohlis, Reick (mit Sternhäuser, Am Koitschgraben);24 Jahre;229
2019;StB 7 Prohlis;11 Prohlis, Reick (mit Sternhäuser, Am Koitschgraben);25 Jahre;234
2019;StB 7 Prohlis;11 Prohlis, Reick (mit Sternhäuser, Am Koitschgraben);26 Jahre;269
2019;StB 7 Prohlis;11 Prohlis, Reick (mit Sternhäuser, Am Koitschgraben);27 Jahre;248
2019;StB 7 Prohlis;11 Prohlis, Reick (mit Sternhäuser, Am Koitschgraben);28 Jahre;278
2019;StB 7 Prohlis;11 Prohlis, Reick (mit Sternhäuser, Am Koitschgraben);29 Jahre;353
2019;StB 7 Prohlis;11 Prohlis, Reick (mit Sternhäuser, Am Koitschgraben);30 Jahre;319
2019;StB 7 Prohlis;11 Prohlis, Reick (mit Sternhäuser, Am Koitschgraben);31 Jahre;337
2019;StB 7 Prohlis;11 Prohlis, Reick (mit Sternhäuser, Am Koitschgraben);32 Jahre;356
2019;StB 7 Prohlis;11 Prohlis, Reick (mit Sternhäuser, Am Koitschgraben);33 Jahre;318
2019;StB 7 Prohlis;11 Prohlis, Reick (mit Sternhäuser, Am Koitschgraben);34 Jahre;312
2019;StB 7 Prohlis;11 Prohlis, Reick (mit Sternhäuser, Am Koitschgraben);35 Jahre;319
2019;StB 7 Prohlis;11 Prohlis, Reick (mit Sternhäuser, Am Koitschgraben);36 Jahre;305
2019;StB 7 Prohlis;11 Prohlis, Reick (mit Sternhäuser, Am Koitschgraben);37 Jahre;288
2019;StB 7 Prohlis;11 Prohlis, Reick (mit Sternhäuser, Am Koitschgraben);38 Jahre;307
2019;StB 7 Prohlis;11 Prohlis, Reick (mit Sternhäuser, Am Koitschgraben);39 Jahre;307
2019;StB 7 Prohlis;11 Prohlis, Reick (mit Sternhäuser, Am Koitschgraben);40 Jahre;264
2019;StB 7 Prohlis;11 Prohlis, Reick (mit Sternhäuser, Am Koitschgraben);41 Jahre;286
2019;StB 7 Prohlis;11 Prohlis, Reick (mit Sternhäuser, Am Koitschgraben);42 Jahre;277
2019;StB 7 Prohlis;11 Prohlis, Reick (mit Sternhäuser, Am Koitschgraben);43 Jahre;228
2019;StB 7 Prohlis;11 Prohlis, Reick (mit Sternhäuser, Am Koitschgraben);44 Jahre;240
2019;StB 7 Prohlis;11 Prohlis, Reick (mit Sternhäuser, Am Koitschgraben);45 Jahre;236
2019;StB 7 Prohlis;11 Prohlis, Reick (mit Sternhäuser, Am Koitschgraben);46 Jahre;201
2019;StB 7 Prohlis;11 Prohlis, Reick (mit Sternhäuser, Am Koitschgraben);47 Jahre;234
2019;StB 7 Prohlis;11 Prohlis, Reick (mit Sternhäuser, Am Koitschgraben);48 Jahre;277
2019;StB 7 Prohlis;11 Prohlis, Reick (mit Sternhäuser, Am Koitschgraben);49 Jahre;267
2019;StB 7 Prohlis;11 Prohlis, Reick (mit Sternhäuser, Am Koitschgraben);50 Jahre;226
2019;StB 7 Prohlis;11 Prohlis, Reick (mit Sternhäuser, Am Koitschgraben);51 Jahre;253
2019;StB 7 Prohlis;11 Prohlis, Reick (mit Sternhäuser, Am Koitschgraben);52 Jahre;256
2019;StB 7 Prohlis;11 Prohlis, Reick (mit Sternhäuser, Am Koitschgraben);53 Jahre;270
2019;StB 7 Prohlis;11 Prohlis, Reick (mit Sternhäuser, Am Koitschgraben);54 Jahre;286
2019;StB 7 Prohlis;11 Prohlis, Reick (mit Sternhäuser, Am Koitschgraben);55 Jahre;323
2019;StB 7 Prohlis;11 Prohlis, Reick (mit Sternhäuser, Am Koitschgraben);56 Jahre;299
2019;StB 7 Prohlis;11 Prohlis, Reick (mit Sternhäuser, Am Koitschgraben);57 Jahre;296
2019;StB 7 Prohlis;11 Prohlis, Reick (mit Sternhäuser, Am Koitschgraben);58 Jahre;288
2019;StB 7 Prohlis;11 Prohlis, Reick (mit Sternhäuser, Am Koitschgraben);59 Jahre;317
2019;StB 7 Prohlis;11 Prohlis, Reick (mit Sternhäuser, Am Koitschgraben);60 Jahre;299
2019;StB 7 Prohlis;11 Prohlis, Reick (mit Sternhäuser, Am Koitschgraben);61 Jahre;246
2019;StB 7 Prohlis;11 Prohlis, Reick (mit Sternhäuser, Am Koitschgraben);62 Jahre;293
2019;StB 7 Prohlis;11 Prohlis, Reick (mit Sternhäuser, Am Koitschgraben);63 Jahre;312
2019;StB 7 Prohlis;11 Prohlis, Reick (mit Sternhäuser, Am Koitschgraben);64 Jahre;324
2019;StB 7 Prohlis;11 Prohlis, Reick (mit Sternhäuser, Am Koitschgraben);65 Jahre;302
2019;StB 7 Prohlis;11 Prohlis, Reick (mit Sternhäuser, Am Koitschgraben);66 Jahre;340
2019;StB 7 Prohlis;11 Prohlis, Reick (mit Sternhäuser, Am Koitschgraben);67 Jahre;370
2019;StB 7 Prohlis;11 Prohlis, Reick (mit Sternhäuser, Am Koitschgraben);68 Jahre;407
2019;StB 7 Prohlis;11 Prohlis, Reick (mit Sternhäuser, Am Koitschgraben);69 Jahre;346
2019;StB 7 Prohlis;11 Prohlis, Reick (mit Sternhäuser, Am Koitschgraben);70 Jahre;352
2019;StB 7 Prohlis;11 Prohlis, Reick (mit Sternhäuser, Am Koitschgraben);71 Jahre;255
2019;StB 7 Prohlis;11 Prohlis, Reick (mit Sternhäuser, Am Koitschgraben);72 Jahre;283
2019;StB 7 Prohlis;11 Prohlis, Reick (mit Sternhäuser, Am Koitschgraben);73 Jahre;209
2019;StB 7 Prohlis;11 Prohlis, Reick (mit Sternhäuser, Am Koitschgraben);74 Jahre;255
2019;StB 7 Prohlis;11 Prohlis, Reick (mit Sternhäuser, Am Koitschgraben);75 Jahre;333
2019;StB 7 Prohlis;11 Prohlis, Reick (mit Sternhäuser, Am Koitschgraben);76 Jahre;293
2019;StB 7 Prohlis;11 Prohlis, Reick (mit Sternhäuser, Am Koitschgraben);77 Jahre;286
2019;StB 7 Prohlis;11 Prohlis, Reick (mit Sternhäuser, Am Koitschgraben);78 Jahre;313
2019;StB 7 Prohlis;11 Prohlis, Reick (mit Sternhäuser, Am Koitschgraben);79 Jahre;305
2019;StB 7 Prohlis;11 Prohlis, Reick (mit Sternhäuser, Am Koitschgraben);80 Jahre;279
2019;StB 7 Prohlis;11 Prohlis, Reick (mit Sternhäuser, Am Koitschgraben);81 Jahre;205
2019;StB 7 Prohlis;11 Prohlis, Reick (mit Sternhäuser, Am Koitschgraben);82 Jahre;215
2019;StB 7 Prohlis;11 Prohlis, Reick (mit Sternhäuser, Am Koitschgraben);83 Jahre;210
2019;StB 7 Prohlis;11 Prohlis, Reick (mit Sternhäuser, Am Koitschgraben);84 Jahre;174
2019;StB 7 Prohlis;11 Prohlis, Reick (mit Sternhäuser, Am Koitschgraben);85 Jahre u.älter;777
2019;StB 7 Prohlis;12 Niedersedlitz, Leubnitz, Strehlen (ohne Sternhäuser, Am Koitschgraben);0 Jahre;284
2019;StB 7 Prohlis;12 Niedersedlitz, Leubnitz, Strehlen (ohne Sternhäuser, Am Koitschgraben);1 Jahre;302
2019;StB 7 Prohlis;12 Niedersedlitz, Leubnitz, Strehlen (ohne Sternhäuser, Am Koitschgraben);2 Jahre;336
2019;StB 7 Prohlis;12 Niedersedlitz, Leubnitz, Strehlen (ohne Sternhäuser, Am Koitschgraben);3 Jahre;342
2019;StB 7 Prohlis;12 Niedersedlitz, Leubnitz, Strehlen (ohne Sternhäuser, Am Koitschgraben);4 Jahre;343
2019;StB 7 Prohlis;12 Niedersedlitz, Leubnitz, Strehlen (ohne Sternhäuser, Am Koitschgraben);5 Jahre;339
2019;StB 7 Prohlis;12 Niedersedlitz, Leubnitz, Strehlen (ohne Sternhäuser, Am Koitschgraben);6 Jahre;390
2019;StB 7 Prohlis;12 Niedersedlitz, Leubnitz, Strehlen (ohne Sternhäuser, Am Koitschgraben);7 Jahre;344
2019;StB 7 Prohlis;12 Niedersedlitz, Leubnitz, Strehlen (ohne Sternhäuser, Am Koitschgraben);8 Jahre;298
2019;StB 7 Prohlis;12 Niedersedlitz, Leubnitz, Strehlen (ohne Sternhäuser, Am Koitschgraben);9 Jahre;351
2019;StB 7 Prohlis;12 Niedersedlitz, Leubnitz, Strehlen (ohne Sternhäuser, Am Koitschgraben);10 Jahre;351
2019;StB 7 Prohlis;12 Niedersedlitz, Leubnitz, Strehlen (ohne Sternhäuser, Am Koitschgraben);11 Jahre;353
2019;StB 7 Prohlis;12 Niedersedlitz, Leubnitz, Strehlen (ohne Sternhäuser, Am Koitschgraben);12 Jahre;328
2019;StB 7 Prohlis;12 Niedersedlitz, Leubnitz, Strehlen (ohne Sternhäuser, Am Koitschgraben);13 Jahre;314
2019;StB 7 Prohlis;12 Niedersedlitz, Leubnitz, Strehlen (ohne Sternhäuser, Am Koitschgraben);14 Jahre;307
2019;StB 7 Prohlis;12 Niedersedlitz, Leubnitz, Strehlen (ohne Sternhäuser, Am Koitschgraben);15 Jahre;302
2019;StB 7 Prohlis;12 Niedersedlitz, Leubnitz, Strehlen (ohne Sternhäuser, Am Koitschgraben);16 Jahre;307
2019;StB 7 Prohlis;12 Niedersedlitz, Leubnitz, Strehlen (ohne Sternhäuser, Am Koitschgraben);17 Jahre;306
2019;StB 7 Prohlis;12 Niedersedlitz, Leubnitz, Strehlen (ohne Sternhäuser, Am Koitschgraben);18 Jahre;301
2019;StB 7 Prohlis;12 Niedersedlitz, Leubnitz, Strehlen (ohne Sternhäuser, Am Koitschgraben);19 Jahre;377
2019;StB 7 Prohlis;12 Niedersedlitz, Leubnitz, Strehlen (ohne Sternhäuser, Am Koitschgraben);20 Jahre;377
2019;StB 7 Prohlis;12 Niedersedlitz, Leubnitz, Strehlen (ohne Sternhäuser, Am Koitschgraben);21 Jahre;404
2019;StB 7 Prohlis;12 Niedersedlitz, Leubnitz, Strehlen (ohne Sternhäuser, Am Koitschgraben);22 Jahre;370
2019;StB 7 Prohlis;12 Niedersedlitz, Leubnitz, Strehlen (ohne Sternhäuser, Am Koitschgraben);23 Jahre;373
2019;StB 7 Prohlis;12 Niedersedlitz, Leubnitz, Strehlen (ohne Sternhäuser, Am Koitschgraben);24 Jahre;362
2019;StB 7 Prohlis;12 Niedersedlitz, Leubnitz, Strehlen (ohne Sternhäuser, Am Koitschgraben);25 Jahre;318
2019;StB 7 Prohlis;12 Niedersedlitz, Leubnitz, Strehlen (ohne Sternhäuser, Am Koitschgraben);26 Jahre;321
2019;StB 7 Prohlis;12 Niedersedlitz, Leubnitz, Strehlen (ohne Sternhäuser, Am Koitschgraben);27 Jahre;307
2019;StB 7 Prohlis;12 Niedersedlitz, Leubnitz, Strehlen (ohne Sternhäuser, Am Koitschgraben);28 Jahre;369
2019;StB 7 Prohlis;12 Niedersedlitz, Leubnitz, Strehlen (ohne Sternhäuser, Am Koitschgraben);29 Jahre;435
2019;StB 7 Prohlis;12 Niedersedlitz, Leubnitz, Strehlen (ohne Sternhäuser, Am Koitschgraben);30 Jahre;457
2019;StB 7 Prohlis;12 Niedersedlitz, Leubnitz, Strehlen (ohne Sternhäuser, Am Koitschgraben);31 Jahre;490
2019;StB 7 Prohlis;12 Niedersedlitz, Leubnitz, Strehlen (ohne Sternhäuser, Am Koitschgraben);32 Jahre;500
2019;StB 7 Prohlis;12 Niedersedlitz, Leubnitz, Strehlen (ohne Sternhäuser, Am Koitschgraben);33 Jahre;472
2019;StB 7 Prohlis;12 Niedersedlitz, Leubnitz, Strehlen (ohne Sternhäuser, Am Koitschgraben);34 Jahre;507
2019;StB 7 Prohlis;12 Niedersedlitz, Leubnitz, Strehlen (ohne Sternhäuser, Am Koitschgraben);35 Jahre;481
2019;StB 7 Prohlis;12 Niedersedlitz, Leubnitz, Strehlen (ohne Sternhäuser, Am Koitschgraben);36 Jahre;453
2019;StB 7 Prohlis;12 Niedersedlitz, Leubnitz, Strehlen (ohne Sternhäuser, Am Koitschgraben);37 Jahre;482
2019;StB 7 Prohlis;12 Niedersedlitz, Leubnitz, Strehlen (ohne Sternhäuser, Am Koitschgraben);38 Jahre;459
2019;StB 7 Prohlis;12 Niedersedlitz, Leubnitz, Strehlen (ohne Sternhäuser, Am Koitschgraben);39 Jahre;444
2019;StB 7 Prohlis;12 Niedersedlitz, Leubnitz, Strehlen (ohne Sternhäuser, Am Koitschgraben);40 Jahre;476
2019;StB 7 Prohlis;12 Niedersedlitz, Leubnitz, Strehlen (ohne Sternhäuser, Am Koitschgraben);41 Jahre;475
2019;StB 7 Prohlis;12 Niedersedlitz, Leubnitz, Strehlen (ohne Sternhäuser, Am Koitschgraben);42 Jahre;478
2019;StB 7 Prohlis;12 Niedersedlitz, Leubnitz, Strehlen (ohne Sternhäuser, Am Koitschgraben);43 Jahre;416
2019;StB 7 Prohlis;12 Niedersedlitz, Leubnitz, Strehlen (ohne Sternhäuser, Am Koitschgraben);44 Jahre;393
2019;StB 7 Prohlis;12 Niedersedlitz, Leubnitz, Strehlen (ohne Sternhäuser, Am Koitschgraben);45 Jahre;397
2019;StB 7 Prohlis;12 Niedersedlitz, Leubnitz, Strehlen (ohne Sternhäuser, Am Koitschgraben);46 Jahre;377
2019;StB 7 Prohlis;12 Niedersedlitz, Leubnitz, Strehlen (ohne Sternhäuser, Am Koitschgraben);47 Jahre;437
2019;StB 7 Prohlis;12 Niedersedlitz, Leubnitz, Strehlen (ohne Sternhäuser, Am Koitschgraben);48 Jahre;478
2019;StB 7 Prohlis;12 Niedersedlitz, Leubnitz, Strehlen (ohne Sternhäuser, Am Koitschgraben);49 Jahre;475
2019;StB 7 Prohlis;12 Niedersedlitz, Leubnitz, Strehlen (ohne Sternhäuser, Am Koitschgraben);50 Jahre;507
2019;StB 7 Prohlis;12 Niedersedlitz, Leubnitz, Strehlen (ohne Sternhäuser, Am Koitschgraben);51 Jahre;476
2019;StB 7 Prohlis;12 Niedersedlitz, Leubnitz, Strehlen (ohne Sternhäuser, Am Koitschgraben);52 Jahre;475
2019;StB 7 Prohlis;12 Niedersedlitz, Leubnitz, Strehlen (ohne Sternhäuser, Am Koitschgraben);53 Jahre;558
2019;StB 7 Prohlis;12 Niedersedlitz, Leubnitz, Strehlen (ohne Sternhäuser, Am Koitschgraben);54 Jahre;519
2019;StB 7 Prohlis;12 Niedersedlitz, Leubnitz, Strehlen (ohne Sternhäuser, Am Koitschgraben);55 Jahre;545
2019;StB 7 Prohlis;12 Niedersedlitz, Leubnitz, Strehlen (ohne Sternhäuser, Am Koitschgraben);56 Jahre;538
2019;StB 7 Prohlis;12 Niedersedlitz, Leubnitz, Strehlen (ohne Sternhäuser, Am Koitschgraben);57 Jahre;508
2019;StB 7 Prohlis;12 Niedersedlitz, Leubnitz, Strehlen (ohne Sternhäuser, Am Koitschgraben);58 Jahre;509
2019;StB 7 Prohlis;12 Niedersedlitz, Leubnitz, Strehlen (ohne Sternhäuser, Am Koitschgraben);59 Jahre;480
2019;StB 7 Prohlis;12 Niedersedlitz, Leubnitz, Strehlen (ohne Sternhäuser, Am Koitschgraben);60 Jahre;469
2019;StB 7 Prohlis;12 Niedersedlitz, Leubnitz, Strehlen (ohne Sternhäuser, Am Koitschgraben);61 Jahre;413
2019;StB 7 Prohlis;12 Niedersedlitz, Leubnitz, Strehlen (ohne Sternhäuser, Am Koitschgraben);62 Jahre;377
2019;StB 7 Prohlis;12 Niedersedlitz, Leubnitz, Strehlen (ohne Sternhäuser, Am Koitschgraben);63 Jahre;400
2019;StB 7 Prohlis;12 Niedersedlitz, Leubnitz, Strehlen (ohne Sternhäuser, Am Koitschgraben);64 Jahre;432
2019;StB 7 Prohlis;12 Niedersedlitz, Leubnitz, Strehlen (ohne Sternhäuser, Am Koitschgraben);65 Jahre;448
2019;StB 7 Prohlis;12 Niedersedlitz, Leubnitz, Strehlen (ohne Sternhäuser, Am Koitschgraben);66 Jahre;443
2019;StB 7 Prohlis;12 Niedersedlitz, Leubnitz, Strehlen (ohne Sternhäuser, Am Koitschgraben);67 Jahre;463
2019;StB 7 Prohlis;12 Niedersedlitz, Leubnitz, Strehlen (ohne Sternhäuser, Am Koitschgraben);68 Jahre;412
2019;StB 7 Prohlis;12 Niedersedlitz, Leubnitz, Strehlen (ohne Sternhäuser, Am Koitschgraben);69 Jahre;467
2019;StB 7 Prohlis;12 Niedersedlitz, Leubnitz, Strehlen (ohne Sternhäuser, Am Koitschgraben);70 Jahre;379
2019;StB 7 Prohlis;12 Niedersedlitz, Leubnitz, Strehlen (ohne Sternhäuser, Am Koitschgraben);71 Jahre;291
2019;StB 7 Prohlis;12 Niedersedlitz, Leubnitz, Strehlen (ohne Sternhäuser, Am Koitschgraben);72 Jahre;338
2019;StB 7 Prohlis;12 Niedersedlitz, Leubnitz, Strehlen (ohne Sternhäuser, Am Koitschgraben);73 Jahre;220
2019;StB 7 Prohlis;12 Niedersedlitz, Leubnitz, Strehlen (ohne Sternhäuser, Am Koitschgraben);74 Jahre;316
2019;StB 7 Prohlis;12 Niedersedlitz, Leubnitz, Strehlen (ohne Sternhäuser, Am Koitschgraben);75 Jahre;392
2019;StB 7 Prohlis;12 Niedersedlitz, Leubnitz, Strehlen (ohne Sternhäuser, Am Koitschgraben);76 Jahre;416
2019;StB 7 Prohlis;12 Niedersedlitz, Leubnitz, Strehlen (ohne Sternhäuser, Am Koitschgraben);77 Jahre;406
2019;StB 7 Prohlis;12 Niedersedlitz, Leubnitz, Strehlen (ohne Sternhäuser, Am Koitschgraben);78 Jahre;431
2019;StB 7 Prohlis;12 Niedersedlitz, Leubnitz, Strehlen (ohne Sternhäuser, Am Koitschgraben);79 Jahre;462
2019;StB 7 Prohlis;12 Niedersedlitz, Leubnitz, Strehlen (ohne Sternhäuser, Am Koitschgraben);80 Jahre;356
2019;StB 7 Prohlis;12 Niedersedlitz, Leubnitz, Strehlen (ohne Sternhäuser, Am Koitschgraben);81 Jahre;308
2019;StB 7 Prohlis;12 Niedersedlitz, Leubnitz, Strehlen (ohne Sternhäuser, Am Koitschgraben);82 Jahre;294
2019;StB 7 Prohlis;12 Niedersedlitz, Leubnitz, Strehlen (ohne Sternhäuser, Am Koitschgraben);83 Jahre;254
2019;StB 7 Prohlis;12 Niedersedlitz, Leubnitz, Strehlen (ohne Sternhäuser, Am Koitschgraben);84 Jahre;201
2019;StB 7 Prohlis;12 Niedersedlitz, Leubnitz, Strehlen (ohne Sternhäuser, Am Koitschgraben);85 Jahre u.älter;949
2019;StB 8 Plauen;13 Südvorstadt, Zschertnitz;0 Jahre;302
2019;StB 8 Plauen;13 Südvorstadt, Zschertnitz;1 Jahre;303
2019;StB 8 Plauen;13 Südvorstadt, Zschertnitz;2 Jahre;300
2019;StB 8 Plauen;13 Südvorstadt, Zschertnitz;3 Jahre;319
2019;StB 8 Plauen;13 Südvorstadt, Zschertnitz;4 Jahre;300
2019;StB 8 Plauen;13 Südvorstadt, Zschertnitz;5 Jahre;282
2019;StB 8 Plauen;13 Südvorstadt, Zschertnitz;6 Jahre;292
2019;StB 8 Plauen;13 Südvorstadt, Zschertnitz;7 Jahre;298
2019;StB 8 Plauen;13 Südvorstadt, Zschertnitz;8 Jahre;285
2019;StB 8 Plauen;13 Südvorstadt, Zschertnitz;9 Jahre;256
2019;StB 8 Plauen;13 Südvorstadt, Zschertnitz;10 Jahre;252
2019;StB 8 Plauen;13 Südvorstadt, Zschertnitz;11 Jahre;231
2019;StB 8 Plauen;13 Südvorstadt, Zschertnitz;12 Jahre;202
2019;StB 8 Plauen;13 Südvorstadt, Zschertnitz;13 Jahre;207
2019;StB 8 Plauen;13 Südvorstadt, Zschertnitz;14 Jahre;203
2019;StB 8 Plauen;13 Südvorstadt, Zschertnitz;15 Jahre;199
2019;StB 8 Plauen;13 Südvorstadt, Zschertnitz;16 Jahre;214
2019;StB 8 Plauen;13 Südvorstadt, Zschertnitz;17 Jahre;201
2019;StB 8 Plauen;13 Südvorstadt, Zschertnitz;18 Jahre;460
2019;StB 8 Plauen;13 Südvorstadt, Zschertnitz;19 Jahre;867
2019;StB 8 Plauen;13 Südvorstadt, Zschertnitz;20 Jahre;969
2019;StB 8 Plauen;13 Südvorstadt, Zschertnitz;21 Jahre;1057
2019;StB 8 Plauen;13 Südvorstadt, Zschertnitz;22 Jahre;1150
2019;StB 8 Plauen;13 Südvorstadt, Zschertnitz;23 Jahre;1148
2019;StB 8 Plauen;13 Südvorstadt, Zschertnitz;24 Jahre;1049
2019;StB 8 Plauen;13 Südvorstadt, Zschertnitz;25 Jahre;910
2019;StB 8 Plauen;13 Südvorstadt, Zschertnitz;26 Jahre;795
2019;StB 8 Plauen;13 Südvorstadt, Zschertnitz;27 Jahre;722
2019;StB 8 Plauen;13 Südvorstadt, Zschertnitz;28 Jahre;681
2019;StB 8 Plauen;13 Südvorstadt, Zschertnitz;29 Jahre;729
2019;StB 8 Plauen;13 Südvorstadt, Zschertnitz;30 Jahre;674
2019;StB 8 Plauen;13 Südvorstadt, Zschertnitz;31 Jahre;604
2019;StB 8 Plauen;13 Südvorstadt, Zschertnitz;32 Jahre;590
2019;StB 8 Plauen;13 Südvorstadt, Zschertnitz;33 Jahre;478
2019;StB 8 Plauen;13 Südvorstadt, Zschertnitz;34 Jahre;482
2019;StB 8 Plauen;13 Südvorstadt, Zschertnitz;35 Jahre;424
2019;StB 8 Plauen;13 Südvorstadt, Zschertnitz;36 Jahre;406
2019;StB 8 Plauen;13 Südvorstadt, Zschertnitz;37 Jahre;347
2019;StB 8 Plauen;13 Südvorstadt, Zschertnitz;38 Jahre;351
2019;StB 8 Plauen;13 Südvorstadt, Zschertnitz;39 Jahre;334
2019;StB 8 Plauen;13 Südvorstadt, Zschertnitz;40 Jahre;333
2019;StB 8 Plauen;13 Südvorstadt, Zschertnitz;41 Jahre;349
2019;StB 8 Plauen;13 Südvorstadt, Zschertnitz;42 Jahre;306
2019;StB 8 Plauen;13 Südvorstadt, Zschertnitz;43 Jahre;270
2019;StB 8 Plauen;13 Südvorstadt, Zschertnitz;44 Jahre;244
2019;StB 8 Plauen;13 Südvorstadt, Zschertnitz;45 Jahre;215
2019;StB 8 Plauen;13 Südvorstadt, Zschertnitz;46 Jahre;199
2019;StB 8 Plauen;13 Südvorstadt, Zschertnitz;47 Jahre;260
2019;StB 8 Plauen;13 Südvorstadt, Zschertnitz;48 Jahre;245
2019;StB 8 Plauen;13 Südvorstadt, Zschertnitz;49 Jahre;260
2019;StB 8 Plauen;13 Südvorstadt, Zschertnitz;50 Jahre;218
2019;StB 8 Plauen;13 Südvorstadt, Zschertnitz;51 Jahre;269
2019;StB 8 Plauen;13 Südvorstadt, Zschertnitz;52 Jahre;262
2019;StB 8 Plauen;13 Südvorstadt, Zschertnitz;53 Jahre;271
2019;StB 8 Plauen;13 Südvorstadt, Zschertnitz;54 Jahre;269
2019;StB 8 Plauen;13 Südvorstadt, Zschertnitz;55 Jahre;257
2019;StB 8 Plauen;13 Südvorstadt, Zschertnitz;56 Jahre;299
2019;StB 8 Plauen;13 Südvorstadt, Zschertnitz;57 Jahre;269
2019;StB 8 Plauen;13 Südvorstadt, Zschertnitz;58 Jahre;254
2019;StB 8 Plauen;13 Südvorstadt, Zschertnitz;59 Jahre;262
2019;StB 8 Plauen;13 Südvorstadt, Zschertnitz;60 Jahre;278
2019;StB 8 Plauen;13 Südvorstadt, Zschertnitz;61 Jahre;260
2019;StB 8 Plauen;13 Südvorstadt, Zschertnitz;62 Jahre;217
2019;StB 8 Plauen;13 Südvorstadt, Zschertnitz;63 Jahre;236
2019;StB 8 Plauen;13 Südvorstadt, Zschertnitz;64 Jahre;242
2019;StB 8 Plauen;13 Südvorstadt, Zschertnitz;65 Jahre;266
2019;StB 8 Plauen;13 Südvorstadt, Zschertnitz;66 Jahre;270
2019;StB 8 Plauen;13 Südvorstadt, Zschertnitz;67 Jahre;269
2019;StB 8 Plauen;13 Südvorstadt, Zschertnitz;68 Jahre;305
2019;StB 8 Plauen;13 Südvorstadt, Zschertnitz;69 Jahre;294
2019;StB 8 Plauen;13 Südvorstadt, Zschertnitz;70 Jahre;280
2019;StB 8 Plauen;13 Südvorstadt, Zschertnitz;71 Jahre;243
2019;StB 8 Plauen;13 Südvorstadt, Zschertnitz;72 Jahre;256
2019;StB 8 Plauen;13 Südvorstadt, Zschertnitz;73 Jahre;160
2019;StB 8 Plauen;13 Südvorstadt, Zschertnitz;74 Jahre;255
2019;StB 8 Plauen;13 Südvorstadt, Zschertnitz;75 Jahre;372
2019;StB 8 Plauen;13 Südvorstadt, Zschertnitz;76 Jahre;348
2019;StB 8 Plauen;13 Südvorstadt, Zschertnitz;77 Jahre;316
2019;StB 8 Plauen;13 Südvorstadt, Zschertnitz;78 Jahre;370
2019;StB 8 Plauen;13 Südvorstadt, Zschertnitz;79 Jahre;362
2019;StB 8 Plauen;13 Südvorstadt, Zschertnitz;80 Jahre;323
2019;StB 8 Plauen;13 Südvorstadt, Zschertnitz;81 Jahre;280
2019;StB 8 Plauen;13 Südvorstadt, Zschertnitz;82 Jahre;245
2019;StB 8 Plauen;13 Südvorstadt, Zschertnitz;83 Jahre;241
2019;StB 8 Plauen;13 Südvorstadt, Zschertnitz;84 Jahre;196
2019;StB 8 Plauen;13 Südvorstadt, Zschertnitz;85 Jahre u.älter;996
2019;StB 8 Plauen;14 Mockritz, Coschütz, Plauen;0 Jahre;227
2019;StB 8 Plauen;14 Mockritz, Coschütz, Plauen;1 Jahre;269
2019;StB 8 Plauen;14 Mockritz, Coschütz, Plauen;2 Jahre;246
2019;StB 8 Plauen;14 Mockritz, Coschütz, Plauen;3 Jahre;289
2019;StB 8 Plauen;14 Mockritz, Coschütz, Plauen;4 Jahre;255
2019;StB 8 Plauen;14 Mockritz, Coschütz, Plauen;5 Jahre;287
2019;StB 8 Plauen;14 Mockritz, Coschütz, Plauen;6 Jahre;241
2019;StB 8 Plauen;14 Mockritz, Coschütz, Plauen;7 Jahre;250
2019;StB 8 Plauen;14 Mockritz, Coschütz, Plauen;8 Jahre;250
2019;StB 8 Plauen;14 Mockritz, Coschütz, Plauen;9 Jahre;244
2019;StB 8 Plauen;14 Mockritz, Coschütz, Plauen;10 Jahre;271
2019;StB 8 Plauen;14 Mockritz, Coschütz, Plauen;11 Jahre;243
2019;StB 8 Plauen;14 Mockritz, Coschütz, Plauen;12 Jahre;216
2019;StB 8 Plauen;14 Mockritz, Coschütz, Plauen;13 Jahre;233
2019;StB 8 Plauen;14 Mockritz, Coschütz, Plauen;14 Jahre;194
2019;StB 8 Plauen;14 Mockritz, Coschütz, Plauen;15 Jahre;213
2019;StB 8 Plauen;14 Mockritz, Coschütz, Plauen;16 Jahre;192
2019;StB 8 Plauen;14 Mockritz, Coschütz, Plauen;17 Jahre;189
2019;StB 8 Plauen;14 Mockritz, Coschütz, Plauen;18 Jahre;212
2019;StB 8 Plauen;14 Mockritz, Coschütz, Plauen;19 Jahre;249
2019;StB 8 Plauen;14 Mockritz, Coschütz, Plauen;20 Jahre;294
2019;StB 8 Plauen;14 Mockritz, Coschütz, Plauen;21 Jahre;307
2019;StB 8 Plauen;14 Mockritz, Coschütz, Plauen;22 Jahre;299
2019;StB 8 Plauen;14 Mockritz, Coschütz, Plauen;23 Jahre;297
2019;StB 8 Plauen;14 Mockritz, Coschütz, Plauen;24 Jahre;294
2019;StB 8 Plauen;14 Mockritz, Coschütz, Plauen;25 Jahre;291
2019;StB 8 Plauen;14 Mockritz, Coschütz, Plauen;26 Jahre;292
2019;StB 8 Plauen;14 Mockritz, Coschütz, Plauen;27 Jahre;287
2019;StB 8 Plauen;14 Mockritz, Coschütz, Plauen;28 Jahre;290
2019;StB 8 Plauen;14 Mockritz, Coschütz, Plauen;29 Jahre;463
2019;StB 8 Plauen;14 Mockritz, Coschütz, Plauen;30 Jahre;386
2019;StB 8 Plauen;14 Mockritz, Coschütz, Plauen;31 Jahre;451
2019;StB 8 Plauen;14 Mockritz, Coschütz, Plauen;32 Jahre;412
2019;StB 8 Plauen;14 Mockritz, Coschütz, Plauen;33 Jahre;368
2019;StB 8 Plauen;14 Mockritz, Coschütz, Plauen;34 Jahre;387
2019;StB 8 Plauen;14 Mockritz, Coschütz, Plauen;35 Jahre;367
2019;StB 8 Plauen;14 Mockritz, Coschütz, Plauen;36 Jahre;352
2019;StB 8 Plauen;14 Mockritz, Coschütz, Plauen;37 Jahre;372
2019;StB 8 Plauen;14 Mockritz, Coschütz, Plauen;38 Jahre;358
2019;StB 8 Plauen;14 Mockritz, Coschütz, Plauen;39 Jahre;349
2019;StB 8 Plauen;14 Mockritz, Coschütz, Plauen;40 Jahre;356
2019;StB 8 Plauen;14 Mockritz, Coschütz, Plauen;41 Jahre;355
2019;StB 8 Plauen;14 Mockritz, Coschütz, Plauen;42 Jahre;378
2019;StB 8 Plauen;14 Mockritz, Coschütz, Plauen;43 Jahre;296
2019;StB 8 Plauen;14 Mockritz, Coschütz, Plauen;44 Jahre;282
2019;StB 8 Plauen;14 Mockritz, Coschütz, Plauen;45 Jahre;275
2019;StB 8 Plauen;14 Mockritz, Coschütz, Plauen;46 Jahre;280
2019;StB 8 Plauen;14 Mockritz, Coschütz, Plauen;47 Jahre;285
2019;StB 8 Plauen;14 Mockritz, Coschütz, Plauen;48 Jahre;327
2019;StB 8 Plauen;14 Mockritz, Coschütz, Plauen;49 Jahre;307
2019;StB 8 Plauen;14 Mockritz, Coschütz, Plauen;50 Jahre;306
2019;StB 8 Plauen;14 Mockritz, Coschütz, Plauen;51 Jahre;320
2019;StB 8 Plauen;14 Mockritz, Coschütz, Plauen;52 Jahre;289
2019;StB 8 Plauen;14 Mockritz, Coschütz, Plauen;53 Jahre;326
2019;StB 8 Plauen;14 Mockritz, Coschütz, Plauen;54 Jahre;358
2019;StB 8 Plauen;14 Mockritz, Coschütz, Plauen;55 Jahre;329
2019;StB 8 Plauen;14 Mockritz, Coschütz, Plauen;56 Jahre;346
2019;StB 8 Plauen;14 Mockritz, Coschütz, Plauen;57 Jahre;337
2019;StB 8 Plauen;14 Mockritz, Coschütz, Plauen;58 Jahre;302
2019;StB 8 Plauen;14 Mockritz, Coschütz, Plauen;59 Jahre;285
2019;StB 8 Plauen;14 Mockritz, Coschütz, Plauen;60 Jahre;301
2019;StB 8 Plauen;14 Mockritz, Coschütz, Plauen;61 Jahre;297
2019;StB 8 Plauen;14 Mockritz, Coschütz, Plauen;62 Jahre;291
2019;StB 8 Plauen;14 Mockritz, Coschütz, Plauen;63 Jahre;267
2019;StB 8 Plauen;14 Mockritz, Coschütz, Plauen;64 Jahre;302
2019;StB 8 Plauen;14 Mockritz, Coschütz, Plauen;65 Jahre;328
2019;StB 8 Plauen;14 Mockritz, Coschütz, Plauen;66 Jahre;337
2019;StB 8 Plauen;14 Mockritz, Coschütz, Plauen;67 Jahre;282
2019;StB 8 Plauen;14 Mockritz, Coschütz, Plauen;68 Jahre;316
2019;StB 8 Plauen;14 Mockritz, Coschütz, Plauen;69 Jahre;312
2019;StB 8 Plauen;14 Mockritz, Coschütz, Plauen;70 Jahre;273
2019;StB 8 Plauen;14 Mockritz, Coschütz, Plauen;71 Jahre;230
2019;StB 8 Plauen;14 Mockritz, Coschütz, Plauen;72 Jahre;179
2019;StB 8 Plauen;14 Mockritz, Coschütz, Plauen;73 Jahre;144
2019;StB 8 Plauen;14 Mockritz, Coschütz, Plauen;74 Jahre;190
2019;StB 8 Plauen;14 Mockritz, Coschütz, Plauen;75 Jahre;266
2019;StB 8 Plauen;14 Mockritz, Coschütz, Plauen;76 Jahre;271
2019;StB 8 Plauen;14 Mockritz, Coschütz, Plauen;77 Jahre;283
2019;StB 8 Plauen;14 Mockritz, Coschütz, Plauen;78 Jahre;267
2019;StB 8 Plauen;14 Mockritz, Coschütz, Plauen;79 Jahre;295
2019;StB 8 Plauen;14 Mockritz, Coschütz, Plauen;80 Jahre;265
2019;StB 8 Plauen;14 Mockritz, Coschütz, Plauen;81 Jahre;243
2019;StB 8 Plauen;14 Mockritz, Coschütz, Plauen;82 Jahre;194
2019;StB 8 Plauen;14 Mockritz, Coschütz, Plauen;83 Jahre;184
2019;StB 8 Plauen;14 Mockritz, Coschütz, Plauen;84 Jahre;147
2019;StB 8 Plauen;14 Mockritz, Coschütz, Plauen;85 Jahre u.älter;770
2019;StB 9 Cotta/westliche Ortschaften;15 Cotta, Löbtau, Naußlitz, Dölzschen;0 Jahre;572
2019;StB 9 Cotta/westliche Ortschaften;15 Cotta, Löbtau, Naußlitz, Dölzschen;1 Jahre;528
2019;StB 9 Cotta/westliche Ortschaften;15 Cotta, Löbtau, Naußlitz, Dölzschen;2 Jahre;546
2019;StB 9 Cotta/westliche Ortschaften;15 Cotta, Löbtau, Naußlitz, Dölzschen;3 Jahre;517
2019;StB 9 Cotta/westliche Ortschaften;15 Cotta, Löbtau, Naußlitz, Dölzschen;4 Jahre;446
2019;StB 9 Cotta/westliche Ortschaften;15 Cotta, Löbtau, Naußlitz, Dölzschen;5 Jahre;445
2019;StB 9 Cotta/westliche Ortschaften;15 Cotta, Löbtau, Naußlitz, Dölzschen;6 Jahre;440
2019;StB 9 Cotta/westliche Ortschaften;15 Cotta, Löbtau, Naußlitz, Dölzschen;7 Jahre;411
2019;StB 9 Cotta/westliche Ortschaften;15 Cotta, Löbtau, Naußlitz, Dölzschen;8 Jahre;405
2019;StB 9 Cotta/westliche Ortschaften;15 Cotta, Löbtau, Naußlitz, Dölzschen;9 Jahre;368
2019;StB 9 Cotta/westliche Ortschaften;15 Cotta, Löbtau, Naußlitz, Dölzschen;10 Jahre;374
2019;StB 9 Cotta/westliche Ortschaften;15 Cotta, Löbtau, Naußlitz, Dölzschen;11 Jahre;351
2019;StB 9 Cotta/westliche Ortschaften;15 Cotta, Löbtau, Naußlitz, Dölzschen;12 Jahre;324
2019;StB 9 Cotta/westliche Ortschaften;15 Cotta, Löbtau, Naußlitz, Dölzschen;13 Jahre;265
2019;StB 9 Cotta/westliche Ortschaften;15 Cotta, Löbtau, Naußlitz, Dölzschen;14 Jahre;275
2019;StB 9 Cotta/westliche Ortschaften;15 Cotta, Löbtau, Naußlitz, Dölzschen;15 Jahre;264
2019;StB 9 Cotta/westliche Ortschaften;15 Cotta, Löbtau, Naußlitz, Dölzschen;16 Jahre;269
2019;StB 9 Cotta/westliche Ortschaften;15 Cotta, Löbtau, Naußlitz, Dölzschen;17 Jahre;233
2019;StB 9 Cotta/westliche Ortschaften;15 Cotta, Löbtau, Naußlitz, Dölzschen;18 Jahre;335
2019;StB 9 Cotta/westliche Ortschaften;15 Cotta, Löbtau, Naußlitz, Dölzschen;19 Jahre;511
2019;StB 9 Cotta/westliche Ortschaften;15 Cotta, Löbtau, Naußlitz, Dölzschen;20 Jahre;690
2019;StB 9 Cotta/westliche Ortschaften;15 Cotta, Löbtau, Naußlitz, Dölzschen;21 Jahre;806
2019;StB 9 Cotta/westliche Ortschaften;15 Cotta, Löbtau, Naußlitz, Dölzschen;22 Jahre;905
2019;StB 9 Cotta/westliche Ortschaften;15 Cotta, Löbtau, Naußlitz, Dölzschen;23 Jahre;892
2019;StB 9 Cotta/westliche Ortschaften;15 Cotta, Löbtau, Naußlitz, Dölzschen;24 Jahre;863
2019;StB 9 Cotta/westliche Ortschaften;15 Cotta, Löbtau, Naußlitz, Dölzschen;25 Jahre;855
2019;StB 9 Cotta/westliche Ortschaften;15 Cotta, Löbtau, Naußlitz, Dölzschen;26 Jahre;798
2019;StB 9 Cotta/westliche Ortschaften;15 Cotta, Löbtau, Naußlitz, Dölzschen;27 Jahre;826
2019;StB 9 Cotta/westliche Ortschaften;15 Cotta, Löbtau, Naußlitz, Dölzschen;28 Jahre;880
2019;StB 9 Cotta/westliche Ortschaften;15 Cotta, Löbtau, Naußlitz, Dölzschen;29 Jahre;1147
2019;StB 9 Cotta/westliche Ortschaften;15 Cotta, Löbtau, Naußlitz, Dölzschen;30 Jahre;1135
2019;StB 9 Cotta/westliche Ortschaften;15 Cotta, Löbtau, Naußlitz, Dölzschen;31 Jahre;1075
2019;StB 9 Cotta/westliche Ortschaften;15 Cotta, Löbtau, Naußlitz, Dölzschen;32 Jahre;1035
2019;StB 9 Cotta/westliche Ortschaften;15 Cotta, Löbtau, Naußlitz, Dölzschen;33 Jahre;888
2019;StB 9 Cotta/westliche Ortschaften;15 Cotta, Löbtau, Naußlitz, Dölzschen;34 Jahre;866
2019;StB 9 Cotta/westliche Ortschaften;15 Cotta, Löbtau, Naußlitz, Dölzschen;35 Jahre;797
2019;StB 9 Cotta/westliche Ortschaften;15 Cotta, Löbtau, Naußlitz, Dölzschen;36 Jahre;808
2019;StB 9 Cotta/westliche Ortschaften;15 Cotta, Löbtau, Naußlitz, Dölzschen;37 Jahre;693
2019;StB 9 Cotta/westliche Ortschaften;15 Cotta, Löbtau, Naußlitz, Dölzschen;38 Jahre;723
2019;StB 9 Cotta/westliche Ortschaften;15 Cotta, Löbtau, Naußlitz, Dölzschen;39 Jahre;664
2019;StB 9 Cotta/westliche Ortschaften;15 Cotta, Löbtau, Naußlitz, Dölzschen;40 Jahre;629
2019;StB 9 Cotta/westliche Ortschaften;15 Cotta, Löbtau, Naußlitz, Dölzschen;41 Jahre;571
2019;StB 9 Cotta/westliche Ortschaften;15 Cotta, Löbtau, Naußlitz, Dölzschen;42 Jahre;562
2019;StB 9 Cotta/westliche Ortschaften;15 Cotta, Löbtau, Naußlitz, Dölzschen;43 Jahre;479
2019;StB 9 Cotta/westliche Ortschaften;15 Cotta, Löbtau, Naußlitz, Dölzschen;44 Jahre;415
2019;StB 9 Cotta/westliche Ortschaften;15 Cotta, Löbtau, Naußlitz, Dölzschen;45 Jahre;394
2019;StB 9 Cotta/westliche Ortschaften;15 Cotta, Löbtau, Naußlitz, Dölzschen;46 Jahre;375
2019;StB 9 Cotta/westliche Ortschaften;15 Cotta, Löbtau, Naußlitz, Dölzschen;47 Jahre;412
2019;StB 9 Cotta/westliche Ortschaften;15 Cotta, Löbtau, Naußlitz, Dölzschen;48 Jahre;445
2019;StB 9 Cotta/westliche Ortschaften;15 Cotta, Löbtau, Naußlitz, Dölzschen;49 Jahre;388
2019;StB 9 Cotta/westliche Ortschaften;15 Cotta, Löbtau, Naußlitz, Dölzschen;50 Jahre;429
2019;StB 9 Cotta/westliche Ortschaften;15 Cotta, Löbtau, Naußlitz, Dölzschen;51 Jahre;444
2019;StB 9 Cotta/westliche Ortschaften;15 Cotta, Löbtau, Naußlitz, Dölzschen;52 Jahre;422
2019;StB 9 Cotta/westliche Ortschaften;15 Cotta, Löbtau, Naußlitz, Dölzschen;53 Jahre;469
2019;StB 9 Cotta/westliche Ortschaften;15 Cotta, Löbtau, Naußlitz, Dölzschen;54 Jahre;513
2019;StB 9 Cotta/westliche Ortschaften;15 Cotta, Löbtau, Naußlitz, Dölzschen;55 Jahre;483
2019;StB 9 Cotta/westliche Ortschaften;15 Cotta, Löbtau, Naußlitz, Dölzschen;56 Jahre;491
2019;StB 9 Cotta/westliche Ortschaften;15 Cotta, Löbtau, Naußlitz, Dölzschen;57 Jahre;480
2019;StB 9 Cotta/westliche Ortschaften;15 Cotta, Löbtau, Naußlitz, Dölzschen;58 Jahre;468
2019;StB 9 Cotta/westliche Ortschaften;15 Cotta, Löbtau, Naußlitz, Dölzschen;59 Jahre;425
2019;StB 9 Cotta/westliche Ortschaften;15 Cotta, Löbtau, Naußlitz, Dölzschen;60 Jahre;432
2019;StB 9 Cotta/westliche Ortschaften;15 Cotta, Löbtau, Naußlitz, Dölzschen;61 Jahre;393
2019;StB 9 Cotta/westliche Ortschaften;15 Cotta, Löbtau, Naußlitz, Dölzschen;62 Jahre;391
2019;StB 9 Cotta/westliche Ortschaften;15 Cotta, Löbtau, Naußlitz, Dölzschen;63 Jahre;385
2019;StB 9 Cotta/westliche Ortschaften;15 Cotta, Löbtau, Naußlitz, Dölzschen;64 Jahre;382
2019;StB 9 Cotta/westliche Ortschaften;15 Cotta, Löbtau, Naußlitz, Dölzschen;65 Jahre;348
2019;StB 9 Cotta/westliche Ortschaften;15 Cotta, Löbtau, Naußlitz, Dölzschen;66 Jahre;362
2019;StB 9 Cotta/westliche Ortschaften;15 Cotta, Löbtau, Naußlitz, Dölzschen;67 Jahre;313
2019;StB 9 Cotta/westliche Ortschaften;15 Cotta, Löbtau, Naußlitz, Dölzschen;68 Jahre;318
2019;StB 9 Cotta/westliche Ortschaften;15 Cotta, Löbtau, Naußlitz, Dölzschen;69 Jahre;326
2019;StB 9 Cotta/westliche Ortschaften;15 Cotta, Löbtau, Naußlitz, Dölzschen;70 Jahre;279
2019;StB 9 Cotta/westliche Ortschaften;15 Cotta, Löbtau, Naußlitz, Dölzschen;71 Jahre;246
2019;StB 9 Cotta/westliche Ortschaften;15 Cotta, Löbtau, Naußlitz, Dölzschen;72 Jahre;237
2019;StB 9 Cotta/westliche Ortschaften;15 Cotta, Löbtau, Naußlitz, Dölzschen;73 Jahre;175
2019;StB 9 Cotta/westliche Ortschaften;15 Cotta, Löbtau, Naußlitz, Dölzschen;74 Jahre;208
2019;StB 9 Cotta/westliche Ortschaften;15 Cotta, Löbtau, Naußlitz, Dölzschen;75 Jahre;264
2019;StB 9 Cotta/westliche Ortschaften;15 Cotta, Löbtau, Naußlitz, Dölzschen;76 Jahre;239
2019;StB 9 Cotta/westliche Ortschaften;15 Cotta, Löbtau, Naußlitz, Dölzschen;77 Jahre;263
2019;StB 9 Cotta/westliche Ortschaften;15 Cotta, Löbtau, Naußlitz, Dölzschen;78 Jahre;280
2019;StB 9 Cotta/westliche Ortschaften;15 Cotta, Löbtau, Naußlitz, Dölzschen;79 Jahre;265
2019;StB 9 Cotta/westliche Ortschaften;15 Cotta, Löbtau, Naußlitz, Dölzschen;80 Jahre;252
2019;StB 9 Cotta/westliche Ortschaften;15 Cotta, Löbtau, Naußlitz, Dölzschen;81 Jahre;208
2019;StB 9 Cotta/westliche Ortschaften;15 Cotta, Löbtau, Naußlitz, Dölzschen;82 Jahre;216
2019;StB 9 Cotta/westliche Ortschaften;15 Cotta, Löbtau, Naußlitz, Dölzschen;83 Jahre;165
2019;StB 9 Cotta/westliche Ortschaften;15 Cotta, Löbtau, Naußlitz, Dölzschen;84 Jahre;148
2019;StB 9 Cotta/westliche Ortschaften;15 Cotta, Löbtau, Naußlitz, Dölzschen;85 Jahre u.älter;670
2019;StB 9 Cotta/westliche Ortschaften;16 Gorbitz;0 Jahre;190
2019;StB 9 Cotta/westliche Ortschaften;16 Gorbitz;1 Jahre;207
2019;StB 9 Cotta/westliche Ortschaften;16 Gorbitz;2 Jahre;218
2019;StB 9 Cotta/westliche Ortschaften;16 Gorbitz;3 Jahre;236
2019;StB 9 Cotta/westliche Ortschaften;16 Gorbitz;4 Jahre;215
2019;StB 9 Cotta/westliche Ortschaften;16 Gorbitz;5 Jahre;218
2019;StB 9 Cotta/westliche Ortschaften;16 Gorbitz;6 Jahre;212
2019;StB 9 Cotta/westliche Ortschaften;16 Gorbitz;7 Jahre;202
2019;StB 9 Cotta/westliche Ortschaften;16 Gorbitz;8 Jahre;188
2019;StB 9 Cotta/westliche Ortschaften;16 Gorbitz;9 Jahre;250
2019;StB 9 Cotta/westliche Ortschaften;16 Gorbitz;10 Jahre;230
2019;StB 9 Cotta/westliche Ortschaften;16 Gorbitz;11 Jahre;198
2019;StB 9 Cotta/westliche Ortschaften;16 Gorbitz;12 Jahre;199
2019;StB 9 Cotta/westliche Ortschaften;16 Gorbitz;13 Jahre;198
2019;StB 9 Cotta/westliche Ortschaften;16 Gorbitz;14 Jahre;187
2019;StB 9 Cotta/westliche Ortschaften;16 Gorbitz;15 Jahre;169
2019;StB 9 Cotta/westliche Ortschaften;16 Gorbitz;16 Jahre;169
2019;StB 9 Cotta/westliche Ortschaften;16 Gorbitz;17 Jahre;153
2019;StB 9 Cotta/westliche Ortschaften;16 Gorbitz;18 Jahre;225
2019;StB 9 Cotta/westliche Ortschaften;16 Gorbitz;19 Jahre;285
2019;StB 9 Cotta/westliche Ortschaften;16 Gorbitz;20 Jahre;326
2019;StB 9 Cotta/westliche Ortschaften;16 Gorbitz;21 Jahre;288
2019;StB 9 Cotta/westliche Ortschaften;16 Gorbitz;22 Jahre;291
2019;StB 9 Cotta/westliche Ortschaften;16 Gorbitz;23 Jahre;279
2019;StB 9 Cotta/westliche Ortschaften;16 Gorbitz;24 Jahre;267
2019;StB 9 Cotta/westliche Ortschaften;16 Gorbitz;25 Jahre;235
2019;StB 9 Cotta/westliche Ortschaften;16 Gorbitz;26 Jahre;276
2019;StB 9 Cotta/westliche Ortschaften;16 Gorbitz;27 Jahre;241
2019;StB 9 Cotta/westliche Ortschaften;16 Gorbitz;28 Jahre;288
2019;StB 9 Cotta/westliche Ortschaften;16 Gorbitz;29 Jahre;352
2019;StB 9 Cotta/westliche Ortschaften;16 Gorbitz;30 Jahre;327
2019;StB 9 Cotta/westliche Ortschaften;16 Gorbitz;31 Jahre;342
2019;StB 9 Cotta/westliche Ortschaften;16 Gorbitz;32 Jahre;318
2019;StB 9 Cotta/westliche Ortschaften;16 Gorbitz;33 Jahre;355
2019;StB 9 Cotta/westliche Ortschaften;16 Gorbitz;34 Jahre;353
2019;StB 9 Cotta/westliche Ortschaften;16 Gorbitz;35 Jahre;314
2019;StB 9 Cotta/westliche Ortschaften;16 Gorbitz;36 Jahre;307
2019;StB 9 Cotta/westliche Ortschaften;16 Gorbitz;37 Jahre;327
2019;StB 9 Cotta/westliche Ortschaften;16 Gorbitz;38 Jahre;337
2019;StB 9 Cotta/westliche Ortschaften;16 Gorbitz;39 Jahre;304
2019;StB 9 Cotta/westliche Ortschaften;16 Gorbitz;40 Jahre;276
2019;StB 9 Cotta/westliche Ortschaften;16 Gorbitz;41 Jahre;262
2019;StB 9 Cotta/westliche Ortschaften;16 Gorbitz;42 Jahre;270
2019;StB 9 Cotta/westliche Ortschaften;16 Gorbitz;43 Jahre;219
2019;StB 9 Cotta/westliche Ortschaften;16 Gorbitz;44 Jahre;169
2019;StB 9 Cotta/westliche Ortschaften;16 Gorbitz;45 Jahre;182
2019;StB 9 Cotta/westliche Ortschaften;16 Gorbitz;46 Jahre;175
2019;StB 9 Cotta/westliche Ortschaften;16 Gorbitz;47 Jahre;174
2019;StB 9 Cotta/westliche Ortschaften;16 Gorbitz;48 Jahre;190
2019;StB 9 Cotta/westliche Ortschaften;16 Gorbitz;49 Jahre;192
2019;StB 9 Cotta/westliche Ortschaften;16 Gorbitz;50 Jahre;179
2019;StB 9 Cotta/westliche Ortschaften;16 Gorbitz;51 Jahre;186
2019;StB 9 Cotta/westliche Ortschaften;16 Gorbitz;52 Jahre;191
2019;StB 9 Cotta/westliche Ortschaften;16 Gorbitz;53 Jahre;209
2019;StB 9 Cotta/westliche Ortschaften;16 Gorbitz;54 Jahre;228
2019;StB 9 Cotta/westliche Ortschaften;16 Gorbitz;55 Jahre;236
2019;StB 9 Cotta/westliche Ortschaften;16 Gorbitz;56 Jahre;312
2019;StB 9 Cotta/westliche Ortschaften;16 Gorbitz;57 Jahre;282
2019;StB 9 Cotta/westliche Ortschaften;16 Gorbitz;58 Jahre;324
2019;StB 9 Cotta/westliche Ortschaften;16 Gorbitz;59 Jahre;310
2019;StB 9 Cotta/westliche Ortschaften;16 Gorbitz;60 Jahre;333
2019;StB 9 Cotta/westliche Ortschaften;16 Gorbitz;61 Jahre;312
2019;StB 9 Cotta/westliche Ortschaften;16 Gorbitz;62 Jahre;345
2019;StB 9 Cotta/westliche Ortschaften;16 Gorbitz;63 Jahre;363
2019;StB 9 Cotta/westliche Ortschaften;16 Gorbitz;64 Jahre;402
2019;StB 9 Cotta/westliche Ortschaften;16 Gorbitz;65 Jahre;364
2019;StB 9 Cotta/westliche Ortschaften;16 Gorbitz;66 Jahre;344
2019;StB 9 Cotta/westliche Ortschaften;16 Gorbitz;67 Jahre;347
2019;StB 9 Cotta/westliche Ortschaften;16 Gorbitz;68 Jahre;368
2019;StB 9 Cotta/westliche Ortschaften;16 Gorbitz;69 Jahre;317
2019;StB 9 Cotta/westliche Ortschaften;16 Gorbitz;70 Jahre;256
2019;StB 9 Cotta/westliche Ortschaften;16 Gorbitz;71 Jahre;195
2019;StB 9 Cotta/westliche Ortschaften;16 Gorbitz;72 Jahre;193
2019;StB 9 Cotta/westliche Ortschaften;16 Gorbitz;73 Jahre;126
2019;StB 9 Cotta/westliche Ortschaften;16 Gorbitz;74 Jahre;147
2019;StB 9 Cotta/westliche Ortschaften;16 Gorbitz;75 Jahre;236
2019;StB 9 Cotta/westliche Ortschaften;16 Gorbitz;76 Jahre;186
2019;StB 9 Cotta/westliche Ortschaften;16 Gorbitz;77 Jahre;167
2019;StB 9 Cotta/westliche Ortschaften;16 Gorbitz;78 Jahre;200
2019;StB 9 Cotta/westliche Ortschaften;16 Gorbitz;79 Jahre;200
2019;StB 9 Cotta/westliche Ortschaften;16 Gorbitz;80 Jahre;157
2019;StB 9 Cotta/westliche Ortschaften;16 Gorbitz;81 Jahre;150
2019;StB 9 Cotta/westliche Ortschaften;16 Gorbitz;82 Jahre;121
2019;StB 9 Cotta/westliche Ortschaften;16 Gorbitz;83 Jahre;112
2019;StB 9 Cotta/westliche Ortschaften;16 Gorbitz;84 Jahre;111
2019;StB 9 Cotta/westliche Ortschaften;16 Gorbitz;85 Jahre u.älter;635
2019;StB 9 Cotta/westliche Ortschaften;17 Briesnitz und westliche OS;0 Jahre;207
2019;StB 9 Cotta/westliche Ortschaften;17 Briesnitz und westliche OS;1 Jahre;200
2019;StB 9 Cotta/westliche Ortschaften;17 Briesnitz und westliche OS;2 Jahre;240
2019;StB 9 Cotta/westliche Ortschaften;17 Briesnitz und westliche OS;3 Jahre;257
2019;StB 9 Cotta/westliche Ortschaften;17 Briesnitz und westliche OS;4 Jahre;248
2019;StB 9 Cotta/westliche Ortschaften;17 Briesnitz und westliche OS;5 Jahre;288
2019;StB 9 Cotta/westliche Ortschaften;17 Briesnitz und westliche OS;6 Jahre;294
2019;StB 9 Cotta/westliche Ortschaften;17 Briesnitz und westliche OS;7 Jahre;254
2019;StB 9 Cotta/westliche Ortschaften;17 Briesnitz und westliche OS;8 Jahre;276
2019;StB 9 Cotta/westliche Ortschaften;17 Briesnitz und westliche OS;9 Jahre;250
2019;StB 9 Cotta/westliche Ortschaften;17 Briesnitz und westliche OS;10 Jahre;221
2019;StB 9 Cotta/westliche Ortschaften;17 Briesnitz und westliche OS;11 Jahre;241
2019;StB 9 Cotta/westliche Ortschaften;17 Briesnitz und westliche OS;12 Jahre;263
2019;StB 9 Cotta/westliche Ortschaften;17 Briesnitz und westliche OS;13 Jahre;213
2019;StB 9 Cotta/westliche Ortschaften;17 Briesnitz und westliche OS;14 Jahre;226
2019;StB 9 Cotta/westliche Ortschaften;17 Briesnitz und westliche OS;15 Jahre;221
2019;StB 9 Cotta/westliche Ortschaften;17 Briesnitz und westliche OS;16 Jahre;213
2019;StB 9 Cotta/westliche Ortschaften;17 Briesnitz und westliche OS;17 Jahre;202
2019;StB 9 Cotta/westliche Ortschaften;17 Briesnitz und westliche OS;18 Jahre;172
2019;StB 9 Cotta/westliche Ortschaften;17 Briesnitz und westliche OS;19 Jahre;192
2019;StB 9 Cotta/westliche Ortschaften;17 Briesnitz und westliche OS;20 Jahre;174
2019;StB 9 Cotta/westliche Ortschaften;17 Briesnitz und westliche OS;21 Jahre;129
2019;StB 9 Cotta/westliche Ortschaften;17 Briesnitz und westliche OS;22 Jahre;156
2019;StB 9 Cotta/westliche Ortschaften;17 Briesnitz und westliche OS;23 Jahre;137
2019;StB 9 Cotta/westliche Ortschaften;17 Briesnitz und westliche OS;24 Jahre;122
2019;StB 9 Cotta/westliche Ortschaften;17 Briesnitz und westliche OS;25 Jahre;117
2019;StB 9 Cotta/westliche Ortschaften;17 Briesnitz und westliche OS;26 Jahre;111
2019;StB 9 Cotta/westliche Ortschaften;17 Briesnitz und westliche OS;27 Jahre;129
2019;StB 9 Cotta/westliche Ortschaften;17 Briesnitz und westliche OS;28 Jahre;134
2019;StB 9 Cotta/westliche Ortschaften;17 Briesnitz und westliche OS;29 Jahre;221
2019;StB 9 Cotta/westliche Ortschaften;17 Briesnitz und westliche OS;30 Jahre;292
2019;StB 9 Cotta/westliche Ortschaften;17 Briesnitz und westliche OS;31 Jahre;309
2019;StB 9 Cotta/westliche Ortschaften;17 Briesnitz und westliche OS;32 Jahre;297
2019;StB 9 Cotta/westliche Ortschaften;17 Briesnitz und westliche OS;33 Jahre;285
2019;StB 9 Cotta/westliche Ortschaften;17 Briesnitz und westliche OS;34 Jahre;307
2019;StB 9 Cotta/westliche Ortschaften;17 Briesnitz und westliche OS;35 Jahre;330
2019;StB 9 Cotta/westliche Ortschaften;17 Briesnitz und westliche OS;36 Jahre;373
2019;StB 9 Cotta/westliche Ortschaften;17 Briesnitz und westliche OS;37 Jahre;370
2019;StB 9 Cotta/westliche Ortschaften;17 Briesnitz und westliche OS;38 Jahre;347
2019;StB 9 Cotta/westliche Ortschaften;17 Briesnitz und westliche OS;39 Jahre;396
2019;StB 9 Cotta/westliche Ortschaften;17 Briesnitz und westliche OS;40 Jahre;369
2019;StB 9 Cotta/westliche Ortschaften;17 Briesnitz und westliche OS;41 Jahre;346
2019;StB 9 Cotta/westliche Ortschaften;17 Briesnitz und westliche OS;42 Jahre;347
2019;StB 9 Cotta/westliche Ortschaften;17 Briesnitz und westliche OS;43 Jahre;300
2019;StB 9 Cotta/westliche Ortschaften;17 Briesnitz und westliche OS;44 Jahre;272
2019;StB 9 Cotta/westliche Ortschaften;17 Briesnitz und westliche OS;45 Jahre;270
2019;StB 9 Cotta/westliche Ortschaften;17 Briesnitz und westliche OS;46 Jahre;283
2019;StB 9 Cotta/westliche Ortschaften;17 Briesnitz und westliche OS;47 Jahre;301
2019;StB 9 Cotta/westliche Ortschaften;17 Briesnitz und westliche OS;48 Jahre;357
2019;StB 9 Cotta/westliche Ortschaften;17 Briesnitz und westliche OS;49 Jahre;375
2019;StB 9 Cotta/westliche Ortschaften;17 Briesnitz und westliche OS;50 Jahre;368
2019;StB 9 Cotta/westliche Ortschaften;17 Briesnitz und westliche OS;51 Jahre;359
2019;StB 9 Cotta/westliche Ortschaften;17 Briesnitz und westliche OS;52 Jahre;361
2019;StB 9 Cotta/westliche Ortschaften;17 Briesnitz und westliche OS;53 Jahre;388
2019;StB 9 Cotta/westliche Ortschaften;17 Briesnitz und westliche OS;54 Jahre;402
2019;StB 9 Cotta/westliche Ortschaften;17 Briesnitz und westliche OS;55 Jahre;374
2019;StB 9 Cotta/westliche Ortschaften;17 Briesnitz und westliche OS;56 Jahre;405
2019;StB 9 Cotta/westliche Ortschaften;17 Briesnitz und westliche OS;57 Jahre;418
2019;StB 9 Cotta/westliche Ortschaften;17 Briesnitz und westliche OS;58 Jahre;382
2019;StB 9 Cotta/westliche Ortschaften;17 Briesnitz und westliche OS;59 Jahre;384
2019;StB 9 Cotta/westliche Ortschaften;17 Briesnitz und westliche OS;60 Jahre;386
2019;StB 9 Cotta/westliche Ortschaften;17 Briesnitz und westliche OS;61 Jahre;371
2019;StB 9 Cotta/westliche Ortschaften;17 Briesnitz und westliche OS;62 Jahre;339
2019;StB 9 Cotta/westliche Ortschaften;17 Briesnitz und westliche OS;63 Jahre;330
2019;StB 9 Cotta/westliche Ortschaften;17 Briesnitz und westliche OS;64 Jahre;327
2019;StB 9 Cotta/westliche Ortschaften;17 Briesnitz und westliche OS;65 Jahre;355
2019;StB 9 Cotta/westliche Ortschaften;17 Briesnitz und westliche OS;66 Jahre;298
2019;StB 9 Cotta/westliche Ortschaften;17 Briesnitz und westliche OS;67 Jahre;313
2019;StB 9 Cotta/westliche Ortschaften;17 Briesnitz und westliche OS;68 Jahre;283
2019;StB 9 Cotta/westliche Ortschaften;17 Briesnitz und westliche OS;69 Jahre;294
2019;StB 9 Cotta/westliche Ortschaften;17 Briesnitz und westliche OS;70 Jahre;247
2019;StB 9 Cotta/westliche Ortschaften;17 Briesnitz und westliche OS;71 Jahre;209
2019;StB 9 Cotta/westliche Ortschaften;17 Briesnitz und westliche OS;72 Jahre;201
2019;StB 9 Cotta/westliche Ortschaften;17 Briesnitz und westliche OS;73 Jahre;153
2019;StB 9 Cotta/westliche Ortschaften;17 Briesnitz und westliche OS;74 Jahre;173
2019;StB 9 Cotta/westliche Ortschaften;17 Briesnitz und westliche OS;75 Jahre;261
2019;StB 9 Cotta/westliche Ortschaften;17 Briesnitz und westliche OS;76 Jahre;252
2019;StB 9 Cotta/westliche Ortschaften;17 Briesnitz und westliche OS;77 Jahre;244
2019;StB 9 Cotta/westliche Ortschaften;17 Briesnitz und westliche OS;78 Jahre;304
2019;StB 9 Cotta/westliche Ortschaften;17 Briesnitz und westliche OS;79 Jahre;259
2019;StB 9 Cotta/westliche Ortschaften;17 Briesnitz und westliche OS;80 Jahre;215
2019;StB 9 Cotta/westliche Ortschaften;17 Briesnitz und westliche OS;81 Jahre;215
2019;StB 9 Cotta/westliche Ortschaften;17 Briesnitz und westliche OS;82 Jahre;166
2019;StB 9 Cotta/westliche Ortschaften;17 Briesnitz und westliche OS;83 Jahre;149
2019;StB 9 Cotta/westliche Ortschaften;17 Briesnitz und westliche OS;84 Jahre;134
2019;StB 9 Cotta/westliche Ortschaften;17 Briesnitz und westliche OS;85 Jahre u.älter;595
