Jahr;Stadtbezirk mit zugeordneten Ortschaften;Stadtraum;Alter in Jahren bis 85 (über 85-Jährige werden Jahrgang 85 zugeordnet);Anzahl Einwohner
2014;StB 0 Altstadt;01 StB Altstadt ohne Johannstadt;0 Jahre;242
2014;StB 0 Altstadt;01 StB Altstadt ohne Johannstadt;1 Jahre;241
2014;StB 0 Altstadt;01 StB Altstadt ohne Johannstadt;2 Jahre;215
2014;StB 0 Altstadt;01 StB Altstadt ohne Johannstadt;3 Jahre;191
2014;StB 0 Altstadt;01 StB Altstadt ohne Johannstadt;4 Jahre;169
2014;StB 0 Altstadt;01 StB Altstadt ohne Johannstadt;5 Jahre;177
2014;StB 0 Altstadt;01 StB Altstadt ohne Johannstadt;6 Jahre;163
2014;StB 0 Altstadt;01 StB Altstadt ohne Johannstadt;7 Jahre;121
2014;StB 0 Altstadt;01 StB Altstadt ohne Johannstadt;8 Jahre;140
2014;StB 0 Altstadt;01 StB Altstadt ohne Johannstadt;9 Jahre;102
2014;StB 0 Altstadt;01 StB Altstadt ohne Johannstadt;10 Jahre;113
2014;StB 0 Altstadt;01 StB Altstadt ohne Johannstadt;11 Jahre;112
2014;StB 0 Altstadt;01 StB Altstadt ohne Johannstadt;12 Jahre;95
2014;StB 0 Altstadt;01 StB Altstadt ohne Johannstadt;13 Jahre;102
2014;StB 0 Altstadt;01 StB Altstadt ohne Johannstadt;14 Jahre;106
2014;StB 0 Altstadt;01 StB Altstadt ohne Johannstadt;15 Jahre;109
2014;StB 0 Altstadt;01 StB Altstadt ohne Johannstadt;16 Jahre;88
2014;StB 0 Altstadt;01 StB Altstadt ohne Johannstadt;17 Jahre;131
2014;StB 0 Altstadt;01 StB Altstadt ohne Johannstadt;18 Jahre;251
2014;StB 0 Altstadt;01 StB Altstadt ohne Johannstadt;19 Jahre;466
2014;StB 0 Altstadt;01 StB Altstadt ohne Johannstadt;20 Jahre;579
2014;StB 0 Altstadt;01 StB Altstadt ohne Johannstadt;21 Jahre;660
2014;StB 0 Altstadt;01 StB Altstadt ohne Johannstadt;22 Jahre;702
2014;StB 0 Altstadt;01 StB Altstadt ohne Johannstadt;23 Jahre;804
2014;StB 0 Altstadt;01 StB Altstadt ohne Johannstadt;24 Jahre;1049
2014;StB 0 Altstadt;01 StB Altstadt ohne Johannstadt;25 Jahre;992
2014;StB 0 Altstadt;01 StB Altstadt ohne Johannstadt;26 Jahre;899
2014;StB 0 Altstadt;01 StB Altstadt ohne Johannstadt;27 Jahre;814
2014;StB 0 Altstadt;01 StB Altstadt ohne Johannstadt;28 Jahre;717
2014;StB 0 Altstadt;01 StB Altstadt ohne Johannstadt;29 Jahre;732
2014;StB 0 Altstadt;01 StB Altstadt ohne Johannstadt;30 Jahre;619
2014;StB 0 Altstadt;01 StB Altstadt ohne Johannstadt;31 Jahre;570
2014;StB 0 Altstadt;01 StB Altstadt ohne Johannstadt;32 Jahre;494
2014;StB 0 Altstadt;01 StB Altstadt ohne Johannstadt;33 Jahre;437
2014;StB 0 Altstadt;01 StB Altstadt ohne Johannstadt;34 Jahre;423
2014;StB 0 Altstadt;01 StB Altstadt ohne Johannstadt;35 Jahre;399
2014;StB 0 Altstadt;01 StB Altstadt ohne Johannstadt;36 Jahre;315
2014;StB 0 Altstadt;01 StB Altstadt ohne Johannstadt;37 Jahre;305
2014;StB 0 Altstadt;01 StB Altstadt ohne Johannstadt;38 Jahre;242
2014;StB 0 Altstadt;01 StB Altstadt ohne Johannstadt;39 Jahre;235
2014;StB 0 Altstadt;01 StB Altstadt ohne Johannstadt;40 Jahre;195
2014;StB 0 Altstadt;01 StB Altstadt ohne Johannstadt;41 Jahre;179
2014;StB 0 Altstadt;01 StB Altstadt ohne Johannstadt;42 Jahre;202
2014;StB 0 Altstadt;01 StB Altstadt ohne Johannstadt;43 Jahre;231
2014;StB 0 Altstadt;01 StB Altstadt ohne Johannstadt;44 Jahre;206
2014;StB 0 Altstadt;01 StB Altstadt ohne Johannstadt;45 Jahre;241
2014;StB 0 Altstadt;01 StB Altstadt ohne Johannstadt;46 Jahre;215
2014;StB 0 Altstadt;01 StB Altstadt ohne Johannstadt;47 Jahre;213
2014;StB 0 Altstadt;01 StB Altstadt ohne Johannstadt;48 Jahre;268
2014;StB 0 Altstadt;01 StB Altstadt ohne Johannstadt;49 Jahre;277
2014;StB 0 Altstadt;01 StB Altstadt ohne Johannstadt;50 Jahre;282
2014;StB 0 Altstadt;01 StB Altstadt ohne Johannstadt;51 Jahre;290
2014;StB 0 Altstadt;01 StB Altstadt ohne Johannstadt;52 Jahre;272
2014;StB 0 Altstadt;01 StB Altstadt ohne Johannstadt;53 Jahre;277
2014;StB 0 Altstadt;01 StB Altstadt ohne Johannstadt;54 Jahre;317
2014;StB 0 Altstadt;01 StB Altstadt ohne Johannstadt;55 Jahre;278
2014;StB 0 Altstadt;01 StB Altstadt ohne Johannstadt;56 Jahre;269
2014;StB 0 Altstadt;01 StB Altstadt ohne Johannstadt;57 Jahre;256
2014;StB 0 Altstadt;01 StB Altstadt ohne Johannstadt;58 Jahre;268
2014;StB 0 Altstadt;01 StB Altstadt ohne Johannstadt;59 Jahre;268
2014;StB 0 Altstadt;01 StB Altstadt ohne Johannstadt;60 Jahre;279
2014;StB 0 Altstadt;01 StB Altstadt ohne Johannstadt;61 Jahre;216
2014;StB 0 Altstadt;01 StB Altstadt ohne Johannstadt;62 Jahre;250
2014;StB 0 Altstadt;01 StB Altstadt ohne Johannstadt;63 Jahre;244
2014;StB 0 Altstadt;01 StB Altstadt ohne Johannstadt;64 Jahre;216
2014;StB 0 Altstadt;01 StB Altstadt ohne Johannstadt;65 Jahre;243
2014;StB 0 Altstadt;01 StB Altstadt ohne Johannstadt;66 Jahre;180
2014;StB 0 Altstadt;01 StB Altstadt ohne Johannstadt;67 Jahre;201
2014;StB 0 Altstadt;01 StB Altstadt ohne Johannstadt;68 Jahre;154
2014;StB 0 Altstadt;01 StB Altstadt ohne Johannstadt;69 Jahre;183
2014;StB 0 Altstadt;01 StB Altstadt ohne Johannstadt;70 Jahre;281
2014;StB 0 Altstadt;01 StB Altstadt ohne Johannstadt;71 Jahre;264
2014;StB 0 Altstadt;01 StB Altstadt ohne Johannstadt;72 Jahre;287
2014;StB 0 Altstadt;01 StB Altstadt ohne Johannstadt;73 Jahre;365
2014;StB 0 Altstadt;01 StB Altstadt ohne Johannstadt;74 Jahre;425
2014;StB 0 Altstadt;01 StB Altstadt ohne Johannstadt;75 Jahre;492
2014;StB 0 Altstadt;01 StB Altstadt ohne Johannstadt;76 Jahre;529
2014;StB 0 Altstadt;01 StB Altstadt ohne Johannstadt;77 Jahre;592
2014;StB 0 Altstadt;01 StB Altstadt ohne Johannstadt;78 Jahre;532
2014;StB 0 Altstadt;01 StB Altstadt ohne Johannstadt;79 Jahre;587
2014;StB 0 Altstadt;01 StB Altstadt ohne Johannstadt;80 Jahre;549
2014;StB 0 Altstadt;01 StB Altstadt ohne Johannstadt;81 Jahre;380
2014;StB 0 Altstadt;01 StB Altstadt ohne Johannstadt;82 Jahre;337
2014;StB 0 Altstadt;01 StB Altstadt ohne Johannstadt;83 Jahre;295
2014;StB 0 Altstadt;01 StB Altstadt ohne Johannstadt;84 Jahre;320
2014;StB 0 Altstadt;01 StB Altstadt ohne Johannstadt;85 Jahre u.älter;1697
2014;StB 0 Altstadt;02 Johannstadt;0 Jahre;223
2014;StB 0 Altstadt;02 Johannstadt;1 Jahre;203
2014;StB 0 Altstadt;02 Johannstadt;2 Jahre;204
2014;StB 0 Altstadt;02 Johannstadt;3 Jahre;211
2014;StB 0 Altstadt;02 Johannstadt;4 Jahre;173
2014;StB 0 Altstadt;02 Johannstadt;5 Jahre;174
2014;StB 0 Altstadt;02 Johannstadt;6 Jahre;135
2014;StB 0 Altstadt;02 Johannstadt;7 Jahre;152
2014;StB 0 Altstadt;02 Johannstadt;8 Jahre;157
2014;StB 0 Altstadt;02 Johannstadt;9 Jahre;125
2014;StB 0 Altstadt;02 Johannstadt;10 Jahre;157
2014;StB 0 Altstadt;02 Johannstadt;11 Jahre;112
2014;StB 0 Altstadt;02 Johannstadt;12 Jahre;123
2014;StB 0 Altstadt;02 Johannstadt;13 Jahre;95
2014;StB 0 Altstadt;02 Johannstadt;14 Jahre;110
2014;StB 0 Altstadt;02 Johannstadt;15 Jahre;103
2014;StB 0 Altstadt;02 Johannstadt;16 Jahre;110
2014;StB 0 Altstadt;02 Johannstadt;17 Jahre;100
2014;StB 0 Altstadt;02 Johannstadt;18 Jahre;148
2014;StB 0 Altstadt;02 Johannstadt;19 Jahre;195
2014;StB 0 Altstadt;02 Johannstadt;20 Jahre;232
2014;StB 0 Altstadt;02 Johannstadt;21 Jahre;288
2014;StB 0 Altstadt;02 Johannstadt;22 Jahre;282
2014;StB 0 Altstadt;02 Johannstadt;23 Jahre;329
2014;StB 0 Altstadt;02 Johannstadt;24 Jahre;476
2014;StB 0 Altstadt;02 Johannstadt;25 Jahre;462
2014;StB 0 Altstadt;02 Johannstadt;26 Jahre;484
2014;StB 0 Altstadt;02 Johannstadt;27 Jahre;410
2014;StB 0 Altstadt;02 Johannstadt;28 Jahre;408
2014;StB 0 Altstadt;02 Johannstadt;29 Jahre;391
2014;StB 0 Altstadt;02 Johannstadt;30 Jahre;387
2014;StB 0 Altstadt;02 Johannstadt;31 Jahre;320
2014;StB 0 Altstadt;02 Johannstadt;32 Jahre;309
2014;StB 0 Altstadt;02 Johannstadt;33 Jahre;320
2014;StB 0 Altstadt;02 Johannstadt;34 Jahre;299
2014;StB 0 Altstadt;02 Johannstadt;35 Jahre;304
2014;StB 0 Altstadt;02 Johannstadt;36 Jahre;248
2014;StB 0 Altstadt;02 Johannstadt;37 Jahre;268
2014;StB 0 Altstadt;02 Johannstadt;38 Jahre;218
2014;StB 0 Altstadt;02 Johannstadt;39 Jahre;201
2014;StB 0 Altstadt;02 Johannstadt;40 Jahre;193
2014;StB 0 Altstadt;02 Johannstadt;41 Jahre;194
2014;StB 0 Altstadt;02 Johannstadt;42 Jahre;224
2014;StB 0 Altstadt;02 Johannstadt;43 Jahre;220
2014;StB 0 Altstadt;02 Johannstadt;44 Jahre;248
2014;StB 0 Altstadt;02 Johannstadt;45 Jahre;218
2014;StB 0 Altstadt;02 Johannstadt;46 Jahre;206
2014;StB 0 Altstadt;02 Johannstadt;47 Jahre;221
2014;StB 0 Altstadt;02 Johannstadt;48 Jahre;235
2014;StB 0 Altstadt;02 Johannstadt;49 Jahre;245
2014;StB 0 Altstadt;02 Johannstadt;50 Jahre;240
2014;StB 0 Altstadt;02 Johannstadt;51 Jahre;214
2014;StB 0 Altstadt;02 Johannstadt;52 Jahre;254
2014;StB 0 Altstadt;02 Johannstadt;53 Jahre;220
2014;StB 0 Altstadt;02 Johannstadt;54 Jahre;227
2014;StB 0 Altstadt;02 Johannstadt;55 Jahre;215
2014;StB 0 Altstadt;02 Johannstadt;56 Jahre;196
2014;StB 0 Altstadt;02 Johannstadt;57 Jahre;193
2014;StB 0 Altstadt;02 Johannstadt;58 Jahre;196
2014;StB 0 Altstadt;02 Johannstadt;59 Jahre;242
2014;StB 0 Altstadt;02 Johannstadt;60 Jahre;230
2014;StB 0 Altstadt;02 Johannstadt;61 Jahre;222
2014;StB 0 Altstadt;02 Johannstadt;62 Jahre;244
2014;StB 0 Altstadt;02 Johannstadt;63 Jahre;252
2014;StB 0 Altstadt;02 Johannstadt;64 Jahre;277
2014;StB 0 Altstadt;02 Johannstadt;65 Jahre;305
2014;StB 0 Altstadt;02 Johannstadt;66 Jahre;229
2014;StB 0 Altstadt;02 Johannstadt;67 Jahre;290
2014;StB 0 Altstadt;02 Johannstadt;68 Jahre;235
2014;StB 0 Altstadt;02 Johannstadt;69 Jahre;304
2014;StB 0 Altstadt;02 Johannstadt;70 Jahre;444
2014;StB 0 Altstadt;02 Johannstadt;71 Jahre;449
2014;StB 0 Altstadt;02 Johannstadt;72 Jahre;417
2014;StB 0 Altstadt;02 Johannstadt;73 Jahre;535
2014;StB 0 Altstadt;02 Johannstadt;74 Jahre;521
2014;StB 0 Altstadt;02 Johannstadt;75 Jahre;528
2014;StB 0 Altstadt;02 Johannstadt;76 Jahre;473
2014;StB 0 Altstadt;02 Johannstadt;77 Jahre;450
2014;StB 0 Altstadt;02 Johannstadt;78 Jahre;454
2014;StB 0 Altstadt;02 Johannstadt;79 Jahre;483
2014;StB 0 Altstadt;02 Johannstadt;80 Jahre;385
2014;StB 0 Altstadt;02 Johannstadt;81 Jahre;294
2014;StB 0 Altstadt;02 Johannstadt;82 Jahre;238
2014;StB 0 Altstadt;02 Johannstadt;83 Jahre;220
2014;StB 0 Altstadt;02 Johannstadt;84 Jahre;240
2014;StB 0 Altstadt;02 Johannstadt;85 Jahre u.älter;1389
2014;StB 1 Neustadt;03 StB Neustadt ohne Leipziger Vorstadt;0 Jahre;589
2014;StB 1 Neustadt;03 StB Neustadt ohne Leipziger Vorstadt;1 Jahre;523
2014;StB 1 Neustadt;03 StB Neustadt ohne Leipziger Vorstadt;2 Jahre;479
2014;StB 1 Neustadt;03 StB Neustadt ohne Leipziger Vorstadt;3 Jahre;494
2014;StB 1 Neustadt;03 StB Neustadt ohne Leipziger Vorstadt;4 Jahre;442
2014;StB 1 Neustadt;03 StB Neustadt ohne Leipziger Vorstadt;5 Jahre;416
2014;StB 1 Neustadt;03 StB Neustadt ohne Leipziger Vorstadt;6 Jahre;407
2014;StB 1 Neustadt;03 StB Neustadt ohne Leipziger Vorstadt;7 Jahre;385
2014;StB 1 Neustadt;03 StB Neustadt ohne Leipziger Vorstadt;8 Jahre;334
2014;StB 1 Neustadt;03 StB Neustadt ohne Leipziger Vorstadt;9 Jahre;288
2014;StB 1 Neustadt;03 StB Neustadt ohne Leipziger Vorstadt;10 Jahre;318
2014;StB 1 Neustadt;03 StB Neustadt ohne Leipziger Vorstadt;11 Jahre;283
2014;StB 1 Neustadt;03 StB Neustadt ohne Leipziger Vorstadt;12 Jahre;246
2014;StB 1 Neustadt;03 StB Neustadt ohne Leipziger Vorstadt;13 Jahre;234
2014;StB 1 Neustadt;03 StB Neustadt ohne Leipziger Vorstadt;14 Jahre;239
2014;StB 1 Neustadt;03 StB Neustadt ohne Leipziger Vorstadt;15 Jahre;234
2014;StB 1 Neustadt;03 StB Neustadt ohne Leipziger Vorstadt;16 Jahre;192
2014;StB 1 Neustadt;03 StB Neustadt ohne Leipziger Vorstadt;17 Jahre;189
2014;StB 1 Neustadt;03 StB Neustadt ohne Leipziger Vorstadt;18 Jahre;216
2014;StB 1 Neustadt;03 StB Neustadt ohne Leipziger Vorstadt;19 Jahre;278
2014;StB 1 Neustadt;03 StB Neustadt ohne Leipziger Vorstadt;20 Jahre;378
2014;StB 1 Neustadt;03 StB Neustadt ohne Leipziger Vorstadt;21 Jahre;439
2014;StB 1 Neustadt;03 StB Neustadt ohne Leipziger Vorstadt;22 Jahre;536
2014;StB 1 Neustadt;03 StB Neustadt ohne Leipziger Vorstadt;23 Jahre;698
2014;StB 1 Neustadt;03 StB Neustadt ohne Leipziger Vorstadt;24 Jahre;1029
2014;StB 1 Neustadt;03 StB Neustadt ohne Leipziger Vorstadt;25 Jahre;1082
2014;StB 1 Neustadt;03 StB Neustadt ohne Leipziger Vorstadt;26 Jahre;1098
2014;StB 1 Neustadt;03 StB Neustadt ohne Leipziger Vorstadt;27 Jahre;1055
2014;StB 1 Neustadt;03 StB Neustadt ohne Leipziger Vorstadt;28 Jahre;1089
2014;StB 1 Neustadt;03 StB Neustadt ohne Leipziger Vorstadt;29 Jahre;1074
2014;StB 1 Neustadt;03 StB Neustadt ohne Leipziger Vorstadt;30 Jahre;1031
2014;StB 1 Neustadt;03 StB Neustadt ohne Leipziger Vorstadt;31 Jahre;988
2014;StB 1 Neustadt;03 StB Neustadt ohne Leipziger Vorstadt;32 Jahre;952
2014;StB 1 Neustadt;03 StB Neustadt ohne Leipziger Vorstadt;33 Jahre;893
2014;StB 1 Neustadt;03 StB Neustadt ohne Leipziger Vorstadt;34 Jahre;855
2014;StB 1 Neustadt;03 StB Neustadt ohne Leipziger Vorstadt;35 Jahre;858
2014;StB 1 Neustadt;03 StB Neustadt ohne Leipziger Vorstadt;36 Jahre;825
2014;StB 1 Neustadt;03 StB Neustadt ohne Leipziger Vorstadt;37 Jahre;756
2014;StB 1 Neustadt;03 StB Neustadt ohne Leipziger Vorstadt;38 Jahre;663
2014;StB 1 Neustadt;03 StB Neustadt ohne Leipziger Vorstadt;39 Jahre;563
2014;StB 1 Neustadt;03 StB Neustadt ohne Leipziger Vorstadt;40 Jahre;549
2014;StB 1 Neustadt;03 StB Neustadt ohne Leipziger Vorstadt;41 Jahre;472
2014;StB 1 Neustadt;03 StB Neustadt ohne Leipziger Vorstadt;42 Jahre;517
2014;StB 1 Neustadt;03 StB Neustadt ohne Leipziger Vorstadt;43 Jahre;555
2014;StB 1 Neustadt;03 StB Neustadt ohne Leipziger Vorstadt;44 Jahre;514
2014;StB 1 Neustadt;03 StB Neustadt ohne Leipziger Vorstadt;45 Jahre;480
2014;StB 1 Neustadt;03 StB Neustadt ohne Leipziger Vorstadt;46 Jahre;473
2014;StB 1 Neustadt;03 StB Neustadt ohne Leipziger Vorstadt;47 Jahre;488
2014;StB 1 Neustadt;03 StB Neustadt ohne Leipziger Vorstadt;48 Jahre;463
2014;StB 1 Neustadt;03 StB Neustadt ohne Leipziger Vorstadt;49 Jahre;419
2014;StB 1 Neustadt;03 StB Neustadt ohne Leipziger Vorstadt;50 Jahre;425
2014;StB 1 Neustadt;03 StB Neustadt ohne Leipziger Vorstadt;51 Jahre;385
2014;StB 1 Neustadt;03 StB Neustadt ohne Leipziger Vorstadt;52 Jahre;361
2014;StB 1 Neustadt;03 StB Neustadt ohne Leipziger Vorstadt;53 Jahre;354
2014;StB 1 Neustadt;03 StB Neustadt ohne Leipziger Vorstadt;54 Jahre;302
2014;StB 1 Neustadt;03 StB Neustadt ohne Leipziger Vorstadt;55 Jahre;297
2014;StB 1 Neustadt;03 StB Neustadt ohne Leipziger Vorstadt;56 Jahre;250
2014;StB 1 Neustadt;03 StB Neustadt ohne Leipziger Vorstadt;57 Jahre;231
2014;StB 1 Neustadt;03 StB Neustadt ohne Leipziger Vorstadt;58 Jahre;221
2014;StB 1 Neustadt;03 StB Neustadt ohne Leipziger Vorstadt;59 Jahre;226
2014;StB 1 Neustadt;03 StB Neustadt ohne Leipziger Vorstadt;60 Jahre;227
2014;StB 1 Neustadt;03 StB Neustadt ohne Leipziger Vorstadt;61 Jahre;218
2014;StB 1 Neustadt;03 StB Neustadt ohne Leipziger Vorstadt;62 Jahre;194
2014;StB 1 Neustadt;03 StB Neustadt ohne Leipziger Vorstadt;63 Jahre;184
2014;StB 1 Neustadt;03 StB Neustadt ohne Leipziger Vorstadt;64 Jahre;190
2014;StB 1 Neustadt;03 StB Neustadt ohne Leipziger Vorstadt;65 Jahre;183
2014;StB 1 Neustadt;03 StB Neustadt ohne Leipziger Vorstadt;66 Jahre;129
2014;StB 1 Neustadt;03 StB Neustadt ohne Leipziger Vorstadt;67 Jahre;153
2014;StB 1 Neustadt;03 StB Neustadt ohne Leipziger Vorstadt;68 Jahre;135
2014;StB 1 Neustadt;03 StB Neustadt ohne Leipziger Vorstadt;69 Jahre;143
2014;StB 1 Neustadt;03 StB Neustadt ohne Leipziger Vorstadt;70 Jahre;215
2014;StB 1 Neustadt;03 StB Neustadt ohne Leipziger Vorstadt;71 Jahre;210
2014;StB 1 Neustadt;03 StB Neustadt ohne Leipziger Vorstadt;72 Jahre;165
2014;StB 1 Neustadt;03 StB Neustadt ohne Leipziger Vorstadt;73 Jahre;209
2014;StB 1 Neustadt;03 StB Neustadt ohne Leipziger Vorstadt;74 Jahre;207
2014;StB 1 Neustadt;03 StB Neustadt ohne Leipziger Vorstadt;75 Jahre;215
2014;StB 1 Neustadt;03 StB Neustadt ohne Leipziger Vorstadt;76 Jahre;185
2014;StB 1 Neustadt;03 StB Neustadt ohne Leipziger Vorstadt;77 Jahre;146
2014;StB 1 Neustadt;03 StB Neustadt ohne Leipziger Vorstadt;78 Jahre;141
2014;StB 1 Neustadt;03 StB Neustadt ohne Leipziger Vorstadt;79 Jahre;158
2014;StB 1 Neustadt;03 StB Neustadt ohne Leipziger Vorstadt;80 Jahre;143
2014;StB 1 Neustadt;03 StB Neustadt ohne Leipziger Vorstadt;81 Jahre;106
2014;StB 1 Neustadt;03 StB Neustadt ohne Leipziger Vorstadt;82 Jahre;102
2014;StB 1 Neustadt;03 StB Neustadt ohne Leipziger Vorstadt;83 Jahre;110
2014;StB 1 Neustadt;03 StB Neustadt ohne Leipziger Vorstadt;84 Jahre;115
2014;StB 1 Neustadt;03 StB Neustadt ohne Leipziger Vorstadt;85 Jahre u.älter;598
2014;StB 1 Neustadt;04 Leipziger Vorstadt, Pieschen;0 Jahre;189
2014;StB 1 Neustadt;04 Leipziger Vorstadt, Pieschen;1 Jahre;186
2014;StB 1 Neustadt;04 Leipziger Vorstadt, Pieschen;2 Jahre;183
2014;StB 1 Neustadt;04 Leipziger Vorstadt, Pieschen;3 Jahre;179
2014;StB 1 Neustadt;04 Leipziger Vorstadt, Pieschen;4 Jahre;152
2014;StB 1 Neustadt;04 Leipziger Vorstadt, Pieschen;5 Jahre;152
2014;StB 1 Neustadt;04 Leipziger Vorstadt, Pieschen;6 Jahre;130
2014;StB 1 Neustadt;04 Leipziger Vorstadt, Pieschen;7 Jahre;124
2014;StB 1 Neustadt;04 Leipziger Vorstadt, Pieschen;8 Jahre;117
2014;StB 1 Neustadt;04 Leipziger Vorstadt, Pieschen;9 Jahre;100
2014;StB 1 Neustadt;04 Leipziger Vorstadt, Pieschen;10 Jahre;104
2014;StB 1 Neustadt;04 Leipziger Vorstadt, Pieschen;11 Jahre;87
2014;StB 1 Neustadt;04 Leipziger Vorstadt, Pieschen;12 Jahre;69
2014;StB 1 Neustadt;04 Leipziger Vorstadt, Pieschen;13 Jahre;67
2014;StB 1 Neustadt;04 Leipziger Vorstadt, Pieschen;14 Jahre;59
2014;StB 1 Neustadt;04 Leipziger Vorstadt, Pieschen;15 Jahre;57
2014;StB 1 Neustadt;04 Leipziger Vorstadt, Pieschen;16 Jahre;57
2014;StB 1 Neustadt;04 Leipziger Vorstadt, Pieschen;17 Jahre;32
2014;StB 1 Neustadt;04 Leipziger Vorstadt, Pieschen;18 Jahre;79
2014;StB 1 Neustadt;04 Leipziger Vorstadt, Pieschen;19 Jahre;108
2014;StB 1 Neustadt;04 Leipziger Vorstadt, Pieschen;20 Jahre;153
2014;StB 1 Neustadt;04 Leipziger Vorstadt, Pieschen;21 Jahre;209
2014;StB 1 Neustadt;04 Leipziger Vorstadt, Pieschen;22 Jahre;269
2014;StB 1 Neustadt;04 Leipziger Vorstadt, Pieschen;23 Jahre;260
2014;StB 1 Neustadt;04 Leipziger Vorstadt, Pieschen;24 Jahre;411
2014;StB 1 Neustadt;04 Leipziger Vorstadt, Pieschen;25 Jahre;472
2014;StB 1 Neustadt;04 Leipziger Vorstadt, Pieschen;26 Jahre;480
2014;StB 1 Neustadt;04 Leipziger Vorstadt, Pieschen;27 Jahre;462
2014;StB 1 Neustadt;04 Leipziger Vorstadt, Pieschen;28 Jahre;407
2014;StB 1 Neustadt;04 Leipziger Vorstadt, Pieschen;29 Jahre;381
2014;StB 1 Neustadt;04 Leipziger Vorstadt, Pieschen;30 Jahre;394
2014;StB 1 Neustadt;04 Leipziger Vorstadt, Pieschen;31 Jahre;371
2014;StB 1 Neustadt;04 Leipziger Vorstadt, Pieschen;32 Jahre;390
2014;StB 1 Neustadt;04 Leipziger Vorstadt, Pieschen;33 Jahre;334
2014;StB 1 Neustadt;04 Leipziger Vorstadt, Pieschen;34 Jahre;372
2014;StB 1 Neustadt;04 Leipziger Vorstadt, Pieschen;35 Jahre;335
2014;StB 1 Neustadt;04 Leipziger Vorstadt, Pieschen;36 Jahre;307
2014;StB 1 Neustadt;04 Leipziger Vorstadt, Pieschen;37 Jahre;293
2014;StB 1 Neustadt;04 Leipziger Vorstadt, Pieschen;38 Jahre;224
2014;StB 1 Neustadt;04 Leipziger Vorstadt, Pieschen;39 Jahre;209
2014;StB 1 Neustadt;04 Leipziger Vorstadt, Pieschen;40 Jahre;151
2014;StB 1 Neustadt;04 Leipziger Vorstadt, Pieschen;41 Jahre;159
2014;StB 1 Neustadt;04 Leipziger Vorstadt, Pieschen;42 Jahre;159
2014;StB 1 Neustadt;04 Leipziger Vorstadt, Pieschen;43 Jahre;168
2014;StB 1 Neustadt;04 Leipziger Vorstadt, Pieschen;44 Jahre;138
2014;StB 1 Neustadt;04 Leipziger Vorstadt, Pieschen;45 Jahre;118
2014;StB 1 Neustadt;04 Leipziger Vorstadt, Pieschen;46 Jahre;131
2014;StB 1 Neustadt;04 Leipziger Vorstadt, Pieschen;47 Jahre;136
2014;StB 1 Neustadt;04 Leipziger Vorstadt, Pieschen;48 Jahre;114
2014;StB 1 Neustadt;04 Leipziger Vorstadt, Pieschen;49 Jahre;106
2014;StB 1 Neustadt;04 Leipziger Vorstadt, Pieschen;50 Jahre;109
2014;StB 1 Neustadt;04 Leipziger Vorstadt, Pieschen;51 Jahre;109
2014;StB 1 Neustadt;04 Leipziger Vorstadt, Pieschen;52 Jahre;94
2014;StB 1 Neustadt;04 Leipziger Vorstadt, Pieschen;53 Jahre;96
2014;StB 1 Neustadt;04 Leipziger Vorstadt, Pieschen;54 Jahre;94
2014;StB 1 Neustadt;04 Leipziger Vorstadt, Pieschen;55 Jahre;80
2014;StB 1 Neustadt;04 Leipziger Vorstadt, Pieschen;56 Jahre;64
2014;StB 1 Neustadt;04 Leipziger Vorstadt, Pieschen;57 Jahre;69
2014;StB 1 Neustadt;04 Leipziger Vorstadt, Pieschen;58 Jahre;81
2014;StB 1 Neustadt;04 Leipziger Vorstadt, Pieschen;59 Jahre;65
2014;StB 1 Neustadt;04 Leipziger Vorstadt, Pieschen;60 Jahre;62
2014;StB 1 Neustadt;04 Leipziger Vorstadt, Pieschen;61 Jahre;51
2014;StB 1 Neustadt;04 Leipziger Vorstadt, Pieschen;62 Jahre;53
2014;StB 1 Neustadt;04 Leipziger Vorstadt, Pieschen;63 Jahre;56
2014;StB 1 Neustadt;04 Leipziger Vorstadt, Pieschen;64 Jahre;60
2014;StB 1 Neustadt;04 Leipziger Vorstadt, Pieschen;65 Jahre;37
2014;StB 1 Neustadt;04 Leipziger Vorstadt, Pieschen;66 Jahre;41
2014;StB 1 Neustadt;04 Leipziger Vorstadt, Pieschen;67 Jahre;50
2014;StB 1 Neustadt;04 Leipziger Vorstadt, Pieschen;68 Jahre;35
2014;StB 1 Neustadt;04 Leipziger Vorstadt, Pieschen;69 Jahre;33
2014;StB 1 Neustadt;04 Leipziger Vorstadt, Pieschen;70 Jahre;61
2014;StB 1 Neustadt;04 Leipziger Vorstadt, Pieschen;71 Jahre;63
2014;StB 1 Neustadt;04 Leipziger Vorstadt, Pieschen;72 Jahre;44
2014;StB 1 Neustadt;04 Leipziger Vorstadt, Pieschen;73 Jahre;49
2014;StB 1 Neustadt;04 Leipziger Vorstadt, Pieschen;74 Jahre;56
2014;StB 1 Neustadt;04 Leipziger Vorstadt, Pieschen;75 Jahre;41
2014;StB 1 Neustadt;04 Leipziger Vorstadt, Pieschen;76 Jahre;39
2014;StB 1 Neustadt;04 Leipziger Vorstadt, Pieschen;77 Jahre;35
2014;StB 1 Neustadt;04 Leipziger Vorstadt, Pieschen;78 Jahre;30
2014;StB 1 Neustadt;04 Leipziger Vorstadt, Pieschen;79 Jahre;32
2014;StB 1 Neustadt;04 Leipziger Vorstadt, Pieschen;80 Jahre;29
2014;StB 1 Neustadt;04 Leipziger Vorstadt, Pieschen;81 Jahre;18
2014;StB 1 Neustadt;04 Leipziger Vorstadt, Pieschen;82 Jahre;22
2014;StB 1 Neustadt;04 Leipziger Vorstadt, Pieschen;83 Jahre;21
2014;StB 1 Neustadt;04 Leipziger Vorstadt, Pieschen;84 Jahre;18
2014;StB 1 Neustadt;04 Leipziger Vorstadt, Pieschen;85 Jahre u.älter;111
2014;StB 2 Pieschen;04 Leipziger Vorstadt, Pieschen;0 Jahre;409
2014;StB 2 Pieschen;04 Leipziger Vorstadt, Pieschen;1 Jahre;393
2014;StB 2 Pieschen;04 Leipziger Vorstadt, Pieschen;2 Jahre;358
2014;StB 2 Pieschen;04 Leipziger Vorstadt, Pieschen;3 Jahre;307
2014;StB 2 Pieschen;04 Leipziger Vorstadt, Pieschen;4 Jahre;311
2014;StB 2 Pieschen;04 Leipziger Vorstadt, Pieschen;5 Jahre;279
2014;StB 2 Pieschen;04 Leipziger Vorstadt, Pieschen;6 Jahre;261
2014;StB 2 Pieschen;04 Leipziger Vorstadt, Pieschen;7 Jahre;279
2014;StB 2 Pieschen;04 Leipziger Vorstadt, Pieschen;8 Jahre;218
2014;StB 2 Pieschen;04 Leipziger Vorstadt, Pieschen;9 Jahre;197
2014;StB 2 Pieschen;04 Leipziger Vorstadt, Pieschen;10 Jahre;190
2014;StB 2 Pieschen;04 Leipziger Vorstadt, Pieschen;11 Jahre;178
2014;StB 2 Pieschen;04 Leipziger Vorstadt, Pieschen;12 Jahre;154
2014;StB 2 Pieschen;04 Leipziger Vorstadt, Pieschen;13 Jahre;191
2014;StB 2 Pieschen;04 Leipziger Vorstadt, Pieschen;14 Jahre;177
2014;StB 2 Pieschen;04 Leipziger Vorstadt, Pieschen;15 Jahre;139
2014;StB 2 Pieschen;04 Leipziger Vorstadt, Pieschen;16 Jahre;152
2014;StB 2 Pieschen;04 Leipziger Vorstadt, Pieschen;17 Jahre;158
2014;StB 2 Pieschen;04 Leipziger Vorstadt, Pieschen;18 Jahre;151
2014;StB 2 Pieschen;04 Leipziger Vorstadt, Pieschen;19 Jahre;173
2014;StB 2 Pieschen;04 Leipziger Vorstadt, Pieschen;20 Jahre;224
2014;StB 2 Pieschen;04 Leipziger Vorstadt, Pieschen;21 Jahre;268
2014;StB 2 Pieschen;04 Leipziger Vorstadt, Pieschen;22 Jahre;341
2014;StB 2 Pieschen;04 Leipziger Vorstadt, Pieschen;23 Jahre;402
2014;StB 2 Pieschen;04 Leipziger Vorstadt, Pieschen;24 Jahre;570
2014;StB 2 Pieschen;04 Leipziger Vorstadt, Pieschen;25 Jahre;641
2014;StB 2 Pieschen;04 Leipziger Vorstadt, Pieschen;26 Jahre;658
2014;StB 2 Pieschen;04 Leipziger Vorstadt, Pieschen;27 Jahre;705
2014;StB 2 Pieschen;04 Leipziger Vorstadt, Pieschen;28 Jahre;663
2014;StB 2 Pieschen;04 Leipziger Vorstadt, Pieschen;29 Jahre;704
2014;StB 2 Pieschen;04 Leipziger Vorstadt, Pieschen;30 Jahre;628
2014;StB 2 Pieschen;04 Leipziger Vorstadt, Pieschen;31 Jahre;705
2014;StB 2 Pieschen;04 Leipziger Vorstadt, Pieschen;32 Jahre;668
2014;StB 2 Pieschen;04 Leipziger Vorstadt, Pieschen;33 Jahre;606
2014;StB 2 Pieschen;04 Leipziger Vorstadt, Pieschen;34 Jahre;597
2014;StB 2 Pieschen;04 Leipziger Vorstadt, Pieschen;35 Jahre;559
2014;StB 2 Pieschen;04 Leipziger Vorstadt, Pieschen;36 Jahre;511
2014;StB 2 Pieschen;04 Leipziger Vorstadt, Pieschen;37 Jahre;429
2014;StB 2 Pieschen;04 Leipziger Vorstadt, Pieschen;38 Jahre;381
2014;StB 2 Pieschen;04 Leipziger Vorstadt, Pieschen;39 Jahre;328
2014;StB 2 Pieschen;04 Leipziger Vorstadt, Pieschen;40 Jahre;319
2014;StB 2 Pieschen;04 Leipziger Vorstadt, Pieschen;41 Jahre;299
2014;StB 2 Pieschen;04 Leipziger Vorstadt, Pieschen;42 Jahre;318
2014;StB 2 Pieschen;04 Leipziger Vorstadt, Pieschen;43 Jahre;307
2014;StB 2 Pieschen;04 Leipziger Vorstadt, Pieschen;44 Jahre;276
2014;StB 2 Pieschen;04 Leipziger Vorstadt, Pieschen;45 Jahre;308
2014;StB 2 Pieschen;04 Leipziger Vorstadt, Pieschen;46 Jahre;283
2014;StB 2 Pieschen;04 Leipziger Vorstadt, Pieschen;47 Jahre;249
2014;StB 2 Pieschen;04 Leipziger Vorstadt, Pieschen;48 Jahre;293
2014;StB 2 Pieschen;04 Leipziger Vorstadt, Pieschen;49 Jahre;293
2014;StB 2 Pieschen;04 Leipziger Vorstadt, Pieschen;50 Jahre;290
2014;StB 2 Pieschen;04 Leipziger Vorstadt, Pieschen;51 Jahre;289
2014;StB 2 Pieschen;04 Leipziger Vorstadt, Pieschen;52 Jahre;271
2014;StB 2 Pieschen;04 Leipziger Vorstadt, Pieschen;53 Jahre;293
2014;StB 2 Pieschen;04 Leipziger Vorstadt, Pieschen;54 Jahre;255
2014;StB 2 Pieschen;04 Leipziger Vorstadt, Pieschen;55 Jahre;229
2014;StB 2 Pieschen;04 Leipziger Vorstadt, Pieschen;56 Jahre;204
2014;StB 2 Pieschen;04 Leipziger Vorstadt, Pieschen;57 Jahre;195
2014;StB 2 Pieschen;04 Leipziger Vorstadt, Pieschen;58 Jahre;197
2014;StB 2 Pieschen;04 Leipziger Vorstadt, Pieschen;59 Jahre;196
2014;StB 2 Pieschen;04 Leipziger Vorstadt, Pieschen;60 Jahre;177
2014;StB 2 Pieschen;04 Leipziger Vorstadt, Pieschen;61 Jahre;169
2014;StB 2 Pieschen;04 Leipziger Vorstadt, Pieschen;62 Jahre;196
2014;StB 2 Pieschen;04 Leipziger Vorstadt, Pieschen;63 Jahre;194
2014;StB 2 Pieschen;04 Leipziger Vorstadt, Pieschen;64 Jahre;149
2014;StB 2 Pieschen;04 Leipziger Vorstadt, Pieschen;65 Jahre;161
2014;StB 2 Pieschen;04 Leipziger Vorstadt, Pieschen;66 Jahre;117
2014;StB 2 Pieschen;04 Leipziger Vorstadt, Pieschen;67 Jahre;140
2014;StB 2 Pieschen;04 Leipziger Vorstadt, Pieschen;68 Jahre;96
2014;StB 2 Pieschen;04 Leipziger Vorstadt, Pieschen;69 Jahre;115
2014;StB 2 Pieschen;04 Leipziger Vorstadt, Pieschen;70 Jahre;150
2014;StB 2 Pieschen;04 Leipziger Vorstadt, Pieschen;71 Jahre;171
2014;StB 2 Pieschen;04 Leipziger Vorstadt, Pieschen;72 Jahre;121
2014;StB 2 Pieschen;04 Leipziger Vorstadt, Pieschen;73 Jahre;150
2014;StB 2 Pieschen;04 Leipziger Vorstadt, Pieschen;74 Jahre;186
2014;StB 2 Pieschen;04 Leipziger Vorstadt, Pieschen;75 Jahre;130
2014;StB 2 Pieschen;04 Leipziger Vorstadt, Pieschen;76 Jahre;144
2014;StB 2 Pieschen;04 Leipziger Vorstadt, Pieschen;77 Jahre;103
2014;StB 2 Pieschen;04 Leipziger Vorstadt, Pieschen;78 Jahre;127
2014;StB 2 Pieschen;04 Leipziger Vorstadt, Pieschen;79 Jahre;106
2014;StB 2 Pieschen;04 Leipziger Vorstadt, Pieschen;80 Jahre;112
2014;StB 2 Pieschen;04 Leipziger Vorstadt, Pieschen;81 Jahre;66
2014;StB 2 Pieschen;04 Leipziger Vorstadt, Pieschen;82 Jahre;60
2014;StB 2 Pieschen;04 Leipziger Vorstadt, Pieschen;83 Jahre;68
2014;StB 2 Pieschen;04 Leipziger Vorstadt, Pieschen;84 Jahre;95
2014;StB 2 Pieschen;04 Leipziger Vorstadt, Pieschen;85 Jahre u.älter;433
2014;StB 2 Pieschen;05 Mickten, Kaditz, Trachau;0 Jahre;361
2014;StB 2 Pieschen;05 Mickten, Kaditz, Trachau;1 Jahre;359
2014;StB 2 Pieschen;05 Mickten, Kaditz, Trachau;2 Jahre;346
2014;StB 2 Pieschen;05 Mickten, Kaditz, Trachau;3 Jahre;345
2014;StB 2 Pieschen;05 Mickten, Kaditz, Trachau;4 Jahre;353
2014;StB 2 Pieschen;05 Mickten, Kaditz, Trachau;5 Jahre;304
2014;StB 2 Pieschen;05 Mickten, Kaditz, Trachau;6 Jahre;295
2014;StB 2 Pieschen;05 Mickten, Kaditz, Trachau;7 Jahre;331
2014;StB 2 Pieschen;05 Mickten, Kaditz, Trachau;8 Jahre;300
2014;StB 2 Pieschen;05 Mickten, Kaditz, Trachau;9 Jahre;264
2014;StB 2 Pieschen;05 Mickten, Kaditz, Trachau;10 Jahre;233
2014;StB 2 Pieschen;05 Mickten, Kaditz, Trachau;11 Jahre;225
2014;StB 2 Pieschen;05 Mickten, Kaditz, Trachau;12 Jahre;227
2014;StB 2 Pieschen;05 Mickten, Kaditz, Trachau;13 Jahre;214
2014;StB 2 Pieschen;05 Mickten, Kaditz, Trachau;14 Jahre;235
2014;StB 2 Pieschen;05 Mickten, Kaditz, Trachau;15 Jahre;206
2014;StB 2 Pieschen;05 Mickten, Kaditz, Trachau;16 Jahre;215
2014;StB 2 Pieschen;05 Mickten, Kaditz, Trachau;17 Jahre;163
2014;StB 2 Pieschen;05 Mickten, Kaditz, Trachau;18 Jahre;194
2014;StB 2 Pieschen;05 Mickten, Kaditz, Trachau;19 Jahre;153
2014;StB 2 Pieschen;05 Mickten, Kaditz, Trachau;20 Jahre;187
2014;StB 2 Pieschen;05 Mickten, Kaditz, Trachau;21 Jahre;190
2014;StB 2 Pieschen;05 Mickten, Kaditz, Trachau;22 Jahre;193
2014;StB 2 Pieschen;05 Mickten, Kaditz, Trachau;23 Jahre;273
2014;StB 2 Pieschen;05 Mickten, Kaditz, Trachau;24 Jahre;460
2014;StB 2 Pieschen;05 Mickten, Kaditz, Trachau;25 Jahre;443
2014;StB 2 Pieschen;05 Mickten, Kaditz, Trachau;26 Jahre;552
2014;StB 2 Pieschen;05 Mickten, Kaditz, Trachau;27 Jahre;550
2014;StB 2 Pieschen;05 Mickten, Kaditz, Trachau;28 Jahre;555
2014;StB 2 Pieschen;05 Mickten, Kaditz, Trachau;29 Jahre;519
2014;StB 2 Pieschen;05 Mickten, Kaditz, Trachau;30 Jahre;560
2014;StB 2 Pieschen;05 Mickten, Kaditz, Trachau;31 Jahre;579
2014;StB 2 Pieschen;05 Mickten, Kaditz, Trachau;32 Jahre;563
2014;StB 2 Pieschen;05 Mickten, Kaditz, Trachau;33 Jahre;517
2014;StB 2 Pieschen;05 Mickten, Kaditz, Trachau;34 Jahre;515
2014;StB 2 Pieschen;05 Mickten, Kaditz, Trachau;35 Jahre;512
2014;StB 2 Pieschen;05 Mickten, Kaditz, Trachau;36 Jahre;505
2014;StB 2 Pieschen;05 Mickten, Kaditz, Trachau;37 Jahre;459
2014;StB 2 Pieschen;05 Mickten, Kaditz, Trachau;38 Jahre;410
2014;StB 2 Pieschen;05 Mickten, Kaditz, Trachau;39 Jahre;378
2014;StB 2 Pieschen;05 Mickten, Kaditz, Trachau;40 Jahre;334
2014;StB 2 Pieschen;05 Mickten, Kaditz, Trachau;41 Jahre;309
2014;StB 2 Pieschen;05 Mickten, Kaditz, Trachau;42 Jahre;350
2014;StB 2 Pieschen;05 Mickten, Kaditz, Trachau;43 Jahre;459
2014;StB 2 Pieschen;05 Mickten, Kaditz, Trachau;44 Jahre;395
2014;StB 2 Pieschen;05 Mickten, Kaditz, Trachau;45 Jahre;440
2014;StB 2 Pieschen;05 Mickten, Kaditz, Trachau;46 Jahre;396
2014;StB 2 Pieschen;05 Mickten, Kaditz, Trachau;47 Jahre;408
2014;StB 2 Pieschen;05 Mickten, Kaditz, Trachau;48 Jahre;390
2014;StB 2 Pieschen;05 Mickten, Kaditz, Trachau;49 Jahre;398
2014;StB 2 Pieschen;05 Mickten, Kaditz, Trachau;50 Jahre;376
2014;StB 2 Pieschen;05 Mickten, Kaditz, Trachau;51 Jahre;451
2014;StB 2 Pieschen;05 Mickten, Kaditz, Trachau;52 Jahre;403
2014;StB 2 Pieschen;05 Mickten, Kaditz, Trachau;53 Jahre;389
2014;StB 2 Pieschen;05 Mickten, Kaditz, Trachau;54 Jahre;354
2014;StB 2 Pieschen;05 Mickten, Kaditz, Trachau;55 Jahre;361
2014;StB 2 Pieschen;05 Mickten, Kaditz, Trachau;56 Jahre;303
2014;StB 2 Pieschen;05 Mickten, Kaditz, Trachau;57 Jahre;323
2014;StB 2 Pieschen;05 Mickten, Kaditz, Trachau;58 Jahre;267
2014;StB 2 Pieschen;05 Mickten, Kaditz, Trachau;59 Jahre;292
2014;StB 2 Pieschen;05 Mickten, Kaditz, Trachau;60 Jahre;317
2014;StB 2 Pieschen;05 Mickten, Kaditz, Trachau;61 Jahre;308
2014;StB 2 Pieschen;05 Mickten, Kaditz, Trachau;62 Jahre;278
2014;StB 2 Pieschen;05 Mickten, Kaditz, Trachau;63 Jahre;338
2014;StB 2 Pieschen;05 Mickten, Kaditz, Trachau;64 Jahre;321
2014;StB 2 Pieschen;05 Mickten, Kaditz, Trachau;65 Jahre;277
2014;StB 2 Pieschen;05 Mickten, Kaditz, Trachau;66 Jahre;204
2014;StB 2 Pieschen;05 Mickten, Kaditz, Trachau;67 Jahre;218
2014;StB 2 Pieschen;05 Mickten, Kaditz, Trachau;68 Jahre;160
2014;StB 2 Pieschen;05 Mickten, Kaditz, Trachau;69 Jahre;212
2014;StB 2 Pieschen;05 Mickten, Kaditz, Trachau;70 Jahre;335
2014;StB 2 Pieschen;05 Mickten, Kaditz, Trachau;71 Jahre;317
2014;StB 2 Pieschen;05 Mickten, Kaditz, Trachau;72 Jahre;282
2014;StB 2 Pieschen;05 Mickten, Kaditz, Trachau;73 Jahre;328
2014;StB 2 Pieschen;05 Mickten, Kaditz, Trachau;74 Jahre;370
2014;StB 2 Pieschen;05 Mickten, Kaditz, Trachau;75 Jahre;335
2014;StB 2 Pieschen;05 Mickten, Kaditz, Trachau;76 Jahre;303
2014;StB 2 Pieschen;05 Mickten, Kaditz, Trachau;77 Jahre;256
2014;StB 2 Pieschen;05 Mickten, Kaditz, Trachau;78 Jahre;243
2014;StB 2 Pieschen;05 Mickten, Kaditz, Trachau;79 Jahre;261
2014;StB 2 Pieschen;05 Mickten, Kaditz, Trachau;80 Jahre;204
2014;StB 2 Pieschen;05 Mickten, Kaditz, Trachau;81 Jahre;151
2014;StB 2 Pieschen;05 Mickten, Kaditz, Trachau;82 Jahre;161
2014;StB 2 Pieschen;05 Mickten, Kaditz, Trachau;83 Jahre;135
2014;StB 2 Pieschen;05 Mickten, Kaditz, Trachau;84 Jahre;146
2014;StB 2 Pieschen;05 Mickten, Kaditz, Trachau;85 Jahre u.älter;661
2014;StB 3 Klotzsche/nördliche Ortschaften;06 StB Klotzsche und nördliche OS;0 Jahre;288
2014;StB 3 Klotzsche/nördliche Ortschaften;06 StB Klotzsche und nördliche OS;1 Jahre;277
2014;StB 3 Klotzsche/nördliche Ortschaften;06 StB Klotzsche und nördliche OS;2 Jahre;301
2014;StB 3 Klotzsche/nördliche Ortschaften;06 StB Klotzsche und nördliche OS;3 Jahre;321
2014;StB 3 Klotzsche/nördliche Ortschaften;06 StB Klotzsche und nördliche OS;4 Jahre;327
2014;StB 3 Klotzsche/nördliche Ortschaften;06 StB Klotzsche und nördliche OS;5 Jahre;333
2014;StB 3 Klotzsche/nördliche Ortschaften;06 StB Klotzsche und nördliche OS;6 Jahre;355
2014;StB 3 Klotzsche/nördliche Ortschaften;06 StB Klotzsche und nördliche OS;7 Jahre;336
2014;StB 3 Klotzsche/nördliche Ortschaften;06 StB Klotzsche und nördliche OS;8 Jahre;294
2014;StB 3 Klotzsche/nördliche Ortschaften;06 StB Klotzsche und nördliche OS;9 Jahre;331
2014;StB 3 Klotzsche/nördliche Ortschaften;06 StB Klotzsche und nördliche OS;10 Jahre;312
2014;StB 3 Klotzsche/nördliche Ortschaften;06 StB Klotzsche und nördliche OS;11 Jahre;327
2014;StB 3 Klotzsche/nördliche Ortschaften;06 StB Klotzsche und nördliche OS;12 Jahre;280
2014;StB 3 Klotzsche/nördliche Ortschaften;06 StB Klotzsche und nördliche OS;13 Jahre;287
2014;StB 3 Klotzsche/nördliche Ortschaften;06 StB Klotzsche und nördliche OS;14 Jahre;298
2014;StB 3 Klotzsche/nördliche Ortschaften;06 StB Klotzsche und nördliche OS;15 Jahre;286
2014;StB 3 Klotzsche/nördliche Ortschaften;06 StB Klotzsche und nördliche OS;16 Jahre;243
2014;StB 3 Klotzsche/nördliche Ortschaften;06 StB Klotzsche und nördliche OS;17 Jahre;278
2014;StB 3 Klotzsche/nördliche Ortschaften;06 StB Klotzsche und nördliche OS;18 Jahre;220
2014;StB 3 Klotzsche/nördliche Ortschaften;06 StB Klotzsche und nördliche OS;19 Jahre;179
2014;StB 3 Klotzsche/nördliche Ortschaften;06 StB Klotzsche und nördliche OS;20 Jahre;151
2014;StB 3 Klotzsche/nördliche Ortschaften;06 StB Klotzsche und nördliche OS;21 Jahre;128
2014;StB 3 Klotzsche/nördliche Ortschaften;06 StB Klotzsche und nördliche OS;22 Jahre;122
2014;StB 3 Klotzsche/nördliche Ortschaften;06 StB Klotzsche und nördliche OS;23 Jahre;152
2014;StB 3 Klotzsche/nördliche Ortschaften;06 StB Klotzsche und nördliche OS;24 Jahre;232
2014;StB 3 Klotzsche/nördliche Ortschaften;06 StB Klotzsche und nördliche OS;25 Jahre;292
2014;StB 3 Klotzsche/nördliche Ortschaften;06 StB Klotzsche und nördliche OS;26 Jahre;303
2014;StB 3 Klotzsche/nördliche Ortschaften;06 StB Klotzsche und nördliche OS;27 Jahre;307
2014;StB 3 Klotzsche/nördliche Ortschaften;06 StB Klotzsche und nördliche OS;28 Jahre;285
2014;StB 3 Klotzsche/nördliche Ortschaften;06 StB Klotzsche und nördliche OS;29 Jahre;326
2014;StB 3 Klotzsche/nördliche Ortschaften;06 StB Klotzsche und nördliche OS;30 Jahre;275
2014;StB 3 Klotzsche/nördliche Ortschaften;06 StB Klotzsche und nördliche OS;31 Jahre;328
2014;StB 3 Klotzsche/nördliche Ortschaften;06 StB Klotzsche und nördliche OS;32 Jahre;311
2014;StB 3 Klotzsche/nördliche Ortschaften;06 StB Klotzsche und nördliche OS;33 Jahre;385
2014;StB 3 Klotzsche/nördliche Ortschaften;06 StB Klotzsche und nördliche OS;34 Jahre;359
2014;StB 3 Klotzsche/nördliche Ortschaften;06 StB Klotzsche und nördliche OS;35 Jahre;390
2014;StB 3 Klotzsche/nördliche Ortschaften;06 StB Klotzsche und nördliche OS;36 Jahre;424
2014;StB 3 Klotzsche/nördliche Ortschaften;06 StB Klotzsche und nördliche OS;37 Jahre;403
2014;StB 3 Klotzsche/nördliche Ortschaften;06 StB Klotzsche und nördliche OS;38 Jahre;359
2014;StB 3 Klotzsche/nördliche Ortschaften;06 StB Klotzsche und nördliche OS;39 Jahre;393
2014;StB 3 Klotzsche/nördliche Ortschaften;06 StB Klotzsche und nördliche OS;40 Jahre;373
2014;StB 3 Klotzsche/nördliche Ortschaften;06 StB Klotzsche und nördliche OS;41 Jahre;332
2014;StB 3 Klotzsche/nördliche Ortschaften;06 StB Klotzsche und nördliche OS;42 Jahre;446
2014;StB 3 Klotzsche/nördliche Ortschaften;06 StB Klotzsche und nördliche OS;43 Jahre;469
2014;StB 3 Klotzsche/nördliche Ortschaften;06 StB Klotzsche und nördliche OS;44 Jahre;500
2014;StB 3 Klotzsche/nördliche Ortschaften;06 StB Klotzsche und nördliche OS;45 Jahre;465
2014;StB 3 Klotzsche/nördliche Ortschaften;06 StB Klotzsche und nördliche OS;46 Jahre;512
2014;StB 3 Klotzsche/nördliche Ortschaften;06 StB Klotzsche und nördliche OS;47 Jahre;521
2014;StB 3 Klotzsche/nördliche Ortschaften;06 StB Klotzsche und nördliche OS;48 Jahre;524
2014;StB 3 Klotzsche/nördliche Ortschaften;06 StB Klotzsche und nördliche OS;49 Jahre;517
2014;StB 3 Klotzsche/nördliche Ortschaften;06 StB Klotzsche und nördliche OS;50 Jahre;568
2014;StB 3 Klotzsche/nördliche Ortschaften;06 StB Klotzsche und nördliche OS;51 Jahre;518
2014;StB 3 Klotzsche/nördliche Ortschaften;06 StB Klotzsche und nördliche OS;52 Jahre;527
2014;StB 3 Klotzsche/nördliche Ortschaften;06 StB Klotzsche und nördliche OS;53 Jahre;520
2014;StB 3 Klotzsche/nördliche Ortschaften;06 StB Klotzsche und nördliche OS;54 Jahre;439
2014;StB 3 Klotzsche/nördliche Ortschaften;06 StB Klotzsche und nördliche OS;55 Jahre;492
2014;StB 3 Klotzsche/nördliche Ortschaften;06 StB Klotzsche und nördliche OS;56 Jahre;461
2014;StB 3 Klotzsche/nördliche Ortschaften;06 StB Klotzsche und nördliche OS;57 Jahre;434
2014;StB 3 Klotzsche/nördliche Ortschaften;06 StB Klotzsche und nördliche OS;58 Jahre;415
2014;StB 3 Klotzsche/nördliche Ortschaften;06 StB Klotzsche und nördliche OS;59 Jahre;439
2014;StB 3 Klotzsche/nördliche Ortschaften;06 StB Klotzsche und nördliche OS;60 Jahre;430
2014;StB 3 Klotzsche/nördliche Ortschaften;06 StB Klotzsche und nördliche OS;61 Jahre;409
2014;StB 3 Klotzsche/nördliche Ortschaften;06 StB Klotzsche und nördliche OS;62 Jahre;430
2014;StB 3 Klotzsche/nördliche Ortschaften;06 StB Klotzsche und nördliche OS;63 Jahre;384
2014;StB 3 Klotzsche/nördliche Ortschaften;06 StB Klotzsche und nördliche OS;64 Jahre;415
2014;StB 3 Klotzsche/nördliche Ortschaften;06 StB Klotzsche und nördliche OS;65 Jahre;370
2014;StB 3 Klotzsche/nördliche Ortschaften;06 StB Klotzsche und nördliche OS;66 Jahre;307
2014;StB 3 Klotzsche/nördliche Ortschaften;06 StB Klotzsche und nördliche OS;67 Jahre;336
2014;StB 3 Klotzsche/nördliche Ortschaften;06 StB Klotzsche und nördliche OS;68 Jahre;221
2014;StB 3 Klotzsche/nördliche Ortschaften;06 StB Klotzsche und nördliche OS;69 Jahre;273
2014;StB 3 Klotzsche/nördliche Ortschaften;06 StB Klotzsche und nördliche OS;70 Jahre;417
2014;StB 3 Klotzsche/nördliche Ortschaften;06 StB Klotzsche und nördliche OS;71 Jahre;466
2014;StB 3 Klotzsche/nördliche Ortschaften;06 StB Klotzsche und nördliche OS;72 Jahre;371
2014;StB 3 Klotzsche/nördliche Ortschaften;06 StB Klotzsche und nördliche OS;73 Jahre;446
2014;StB 3 Klotzsche/nördliche Ortschaften;06 StB Klotzsche und nördliche OS;74 Jahre;421
2014;StB 3 Klotzsche/nördliche Ortschaften;06 StB Klotzsche und nördliche OS;75 Jahre;418
2014;StB 3 Klotzsche/nördliche Ortschaften;06 StB Klotzsche und nördliche OS;76 Jahre;326
2014;StB 3 Klotzsche/nördliche Ortschaften;06 StB Klotzsche und nördliche OS;77 Jahre;323
2014;StB 3 Klotzsche/nördliche Ortschaften;06 StB Klotzsche und nördliche OS;78 Jahre;320
2014;StB 3 Klotzsche/nördliche Ortschaften;06 StB Klotzsche und nördliche OS;79 Jahre;275
2014;StB 3 Klotzsche/nördliche Ortschaften;06 StB Klotzsche und nördliche OS;80 Jahre;258
2014;StB 3 Klotzsche/nördliche Ortschaften;06 StB Klotzsche und nördliche OS;81 Jahre;197
2014;StB 3 Klotzsche/nördliche Ortschaften;06 StB Klotzsche und nördliche OS;82 Jahre;174
2014;StB 3 Klotzsche/nördliche Ortschaften;06 StB Klotzsche und nördliche OS;83 Jahre;159
2014;StB 3 Klotzsche/nördliche Ortschaften;06 StB Klotzsche und nördliche OS;84 Jahre;158
2014;StB 3 Klotzsche/nördliche Ortschaften;06 StB Klotzsche und nördliche OS;85 Jahre u.älter;865
2014;StB 4 Loschwitz/OS Schönfeld-Weißig;07 StB Loschwitz und OS Schönfeld-Weißig;0 Jahre;311
2014;StB 4 Loschwitz/OS Schönfeld-Weißig;07 StB Loschwitz und OS Schönfeld-Weißig;1 Jahre;309
2014;StB 4 Loschwitz/OS Schönfeld-Weißig;07 StB Loschwitz und OS Schönfeld-Weißig;2 Jahre;332
2014;StB 4 Loschwitz/OS Schönfeld-Weißig;07 StB Loschwitz und OS Schönfeld-Weißig;3 Jahre;355
2014;StB 4 Loschwitz/OS Schönfeld-Weißig;07 StB Loschwitz und OS Schönfeld-Weißig;4 Jahre;345
2014;StB 4 Loschwitz/OS Schönfeld-Weißig;07 StB Loschwitz und OS Schönfeld-Weißig;5 Jahre;350
2014;StB 4 Loschwitz/OS Schönfeld-Weißig;07 StB Loschwitz und OS Schönfeld-Weißig;6 Jahre;383
2014;StB 4 Loschwitz/OS Schönfeld-Weißig;07 StB Loschwitz und OS Schönfeld-Weißig;7 Jahre;381
2014;StB 4 Loschwitz/OS Schönfeld-Weißig;07 StB Loschwitz und OS Schönfeld-Weißig;8 Jahre;355
2014;StB 4 Loschwitz/OS Schönfeld-Weißig;07 StB Loschwitz und OS Schönfeld-Weißig;9 Jahre;343
2014;StB 4 Loschwitz/OS Schönfeld-Weißig;07 StB Loschwitz und OS Schönfeld-Weißig;10 Jahre;354
2014;StB 4 Loschwitz/OS Schönfeld-Weißig;07 StB Loschwitz und OS Schönfeld-Weißig;11 Jahre;362
2014;StB 4 Loschwitz/OS Schönfeld-Weißig;07 StB Loschwitz und OS Schönfeld-Weißig;12 Jahre;320
2014;StB 4 Loschwitz/OS Schönfeld-Weißig;07 StB Loschwitz und OS Schönfeld-Weißig;13 Jahre;364
2014;StB 4 Loschwitz/OS Schönfeld-Weißig;07 StB Loschwitz und OS Schönfeld-Weißig;14 Jahre;339
2014;StB 4 Loschwitz/OS Schönfeld-Weißig;07 StB Loschwitz und OS Schönfeld-Weißig;15 Jahre;339
2014;StB 4 Loschwitz/OS Schönfeld-Weißig;07 StB Loschwitz und OS Schönfeld-Weißig;16 Jahre;295
2014;StB 4 Loschwitz/OS Schönfeld-Weißig;07 StB Loschwitz und OS Schönfeld-Weißig;17 Jahre;305
2014;StB 4 Loschwitz/OS Schönfeld-Weißig;07 StB Loschwitz und OS Schönfeld-Weißig;18 Jahre;237
2014;StB 4 Loschwitz/OS Schönfeld-Weißig;07 StB Loschwitz und OS Schönfeld-Weißig;19 Jahre;203
2014;StB 4 Loschwitz/OS Schönfeld-Weißig;07 StB Loschwitz und OS Schönfeld-Weißig;20 Jahre;156
2014;StB 4 Loschwitz/OS Schönfeld-Weißig;07 StB Loschwitz und OS Schönfeld-Weißig;21 Jahre;151
2014;StB 4 Loschwitz/OS Schönfeld-Weißig;07 StB Loschwitz und OS Schönfeld-Weißig;22 Jahre;159
2014;StB 4 Loschwitz/OS Schönfeld-Weißig;07 StB Loschwitz und OS Schönfeld-Weißig;23 Jahre;184
2014;StB 4 Loschwitz/OS Schönfeld-Weißig;07 StB Loschwitz und OS Schönfeld-Weißig;24 Jahre;248
2014;StB 4 Loschwitz/OS Schönfeld-Weißig;07 StB Loschwitz und OS Schönfeld-Weißig;25 Jahre;259
2014;StB 4 Loschwitz/OS Schönfeld-Weißig;07 StB Loschwitz und OS Schönfeld-Weißig;26 Jahre;245
2014;StB 4 Loschwitz/OS Schönfeld-Weißig;07 StB Loschwitz und OS Schönfeld-Weißig;27 Jahre;278
2014;StB 4 Loschwitz/OS Schönfeld-Weißig;07 StB Loschwitz und OS Schönfeld-Weißig;28 Jahre;250
2014;StB 4 Loschwitz/OS Schönfeld-Weißig;07 StB Loschwitz und OS Schönfeld-Weißig;29 Jahre;282
2014;StB 4 Loschwitz/OS Schönfeld-Weißig;07 StB Loschwitz und OS Schönfeld-Weißig;30 Jahre;299
2014;StB 4 Loschwitz/OS Schönfeld-Weißig;07 StB Loschwitz und OS Schönfeld-Weißig;31 Jahre;315
2014;StB 4 Loschwitz/OS Schönfeld-Weißig;07 StB Loschwitz und OS Schönfeld-Weißig;32 Jahre;390
2014;StB 4 Loschwitz/OS Schönfeld-Weißig;07 StB Loschwitz und OS Schönfeld-Weißig;33 Jahre;349
2014;StB 4 Loschwitz/OS Schönfeld-Weißig;07 StB Loschwitz und OS Schönfeld-Weißig;34 Jahre;391
2014;StB 4 Loschwitz/OS Schönfeld-Weißig;07 StB Loschwitz und OS Schönfeld-Weißig;35 Jahre;430
2014;StB 4 Loschwitz/OS Schönfeld-Weißig;07 StB Loschwitz und OS Schönfeld-Weißig;36 Jahre;432
2014;StB 4 Loschwitz/OS Schönfeld-Weißig;07 StB Loschwitz und OS Schönfeld-Weißig;37 Jahre;456
2014;StB 4 Loschwitz/OS Schönfeld-Weißig;07 StB Loschwitz und OS Schönfeld-Weißig;38 Jahre;478
2014;StB 4 Loschwitz/OS Schönfeld-Weißig;07 StB Loschwitz und OS Schönfeld-Weißig;39 Jahre;410
2014;StB 4 Loschwitz/OS Schönfeld-Weißig;07 StB Loschwitz und OS Schönfeld-Weißig;40 Jahre;458
2014;StB 4 Loschwitz/OS Schönfeld-Weißig;07 StB Loschwitz und OS Schönfeld-Weißig;41 Jahre;450
2014;StB 4 Loschwitz/OS Schönfeld-Weißig;07 StB Loschwitz und OS Schönfeld-Weißig;42 Jahre;464
2014;StB 4 Loschwitz/OS Schönfeld-Weißig;07 StB Loschwitz und OS Schönfeld-Weißig;43 Jahre;531
2014;StB 4 Loschwitz/OS Schönfeld-Weißig;07 StB Loschwitz und OS Schönfeld-Weißig;44 Jahre;581
2014;StB 4 Loschwitz/OS Schönfeld-Weißig;07 StB Loschwitz und OS Schönfeld-Weißig;45 Jahre;540
2014;StB 4 Loschwitz/OS Schönfeld-Weißig;07 StB Loschwitz und OS Schönfeld-Weißig;46 Jahre;526
2014;StB 4 Loschwitz/OS Schönfeld-Weißig;07 StB Loschwitz und OS Schönfeld-Weißig;47 Jahre;563
2014;StB 4 Loschwitz/OS Schönfeld-Weißig;07 StB Loschwitz und OS Schönfeld-Weißig;48 Jahre;543
2014;StB 4 Loschwitz/OS Schönfeld-Weißig;07 StB Loschwitz und OS Schönfeld-Weißig;49 Jahre;604
2014;StB 4 Loschwitz/OS Schönfeld-Weißig;07 StB Loschwitz und OS Schönfeld-Weißig;50 Jahre;591
2014;StB 4 Loschwitz/OS Schönfeld-Weißig;07 StB Loschwitz und OS Schönfeld-Weißig;51 Jahre;577
2014;StB 4 Loschwitz/OS Schönfeld-Weißig;07 StB Loschwitz und OS Schönfeld-Weißig;52 Jahre;553
2014;StB 4 Loschwitz/OS Schönfeld-Weißig;07 StB Loschwitz und OS Schönfeld-Weißig;53 Jahre;532
2014;StB 4 Loschwitz/OS Schönfeld-Weißig;07 StB Loschwitz und OS Schönfeld-Weißig;54 Jahre;511
2014;StB 4 Loschwitz/OS Schönfeld-Weißig;07 StB Loschwitz und OS Schönfeld-Weißig;55 Jahre;495
2014;StB 4 Loschwitz/OS Schönfeld-Weißig;07 StB Loschwitz und OS Schönfeld-Weißig;56 Jahre;420
2014;StB 4 Loschwitz/OS Schönfeld-Weißig;07 StB Loschwitz und OS Schönfeld-Weißig;57 Jahre;393
2014;StB 4 Loschwitz/OS Schönfeld-Weißig;07 StB Loschwitz und OS Schönfeld-Weißig;58 Jahre;391
2014;StB 4 Loschwitz/OS Schönfeld-Weißig;07 StB Loschwitz und OS Schönfeld-Weißig;59 Jahre;457
2014;StB 4 Loschwitz/OS Schönfeld-Weißig;07 StB Loschwitz und OS Schönfeld-Weißig;60 Jahre;432
2014;StB 4 Loschwitz/OS Schönfeld-Weißig;07 StB Loschwitz und OS Schönfeld-Weißig;61 Jahre;477
2014;StB 4 Loschwitz/OS Schönfeld-Weißig;07 StB Loschwitz und OS Schönfeld-Weißig;62 Jahre;460
2014;StB 4 Loschwitz/OS Schönfeld-Weißig;07 StB Loschwitz und OS Schönfeld-Weißig;63 Jahre;462
2014;StB 4 Loschwitz/OS Schönfeld-Weißig;07 StB Loschwitz und OS Schönfeld-Weißig;64 Jahre;453
2014;StB 4 Loschwitz/OS Schönfeld-Weißig;07 StB Loschwitz und OS Schönfeld-Weißig;65 Jahre;382
2014;StB 4 Loschwitz/OS Schönfeld-Weißig;07 StB Loschwitz und OS Schönfeld-Weißig;66 Jahre;311
2014;StB 4 Loschwitz/OS Schönfeld-Weißig;07 StB Loschwitz und OS Schönfeld-Weißig;67 Jahre;335
2014;StB 4 Loschwitz/OS Schönfeld-Weißig;07 StB Loschwitz und OS Schönfeld-Weißig;68 Jahre;269
2014;StB 4 Loschwitz/OS Schönfeld-Weißig;07 StB Loschwitz und OS Schönfeld-Weißig;69 Jahre;319
2014;StB 4 Loschwitz/OS Schönfeld-Weißig;07 StB Loschwitz und OS Schönfeld-Weißig;70 Jahre;463
2014;StB 4 Loschwitz/OS Schönfeld-Weißig;07 StB Loschwitz und OS Schönfeld-Weißig;71 Jahre;472
2014;StB 4 Loschwitz/OS Schönfeld-Weißig;07 StB Loschwitz und OS Schönfeld-Weißig;72 Jahre;439
2014;StB 4 Loschwitz/OS Schönfeld-Weißig;07 StB Loschwitz und OS Schönfeld-Weißig;73 Jahre;481
2014;StB 4 Loschwitz/OS Schönfeld-Weißig;07 StB Loschwitz und OS Schönfeld-Weißig;74 Jahre;491
2014;StB 4 Loschwitz/OS Schönfeld-Weißig;07 StB Loschwitz und OS Schönfeld-Weißig;75 Jahre;441
2014;StB 4 Loschwitz/OS Schönfeld-Weißig;07 StB Loschwitz und OS Schönfeld-Weißig;76 Jahre;404
2014;StB 4 Loschwitz/OS Schönfeld-Weißig;07 StB Loschwitz und OS Schönfeld-Weißig;77 Jahre;415
2014;StB 4 Loschwitz/OS Schönfeld-Weißig;07 StB Loschwitz und OS Schönfeld-Weißig;78 Jahre;316
2014;StB 4 Loschwitz/OS Schönfeld-Weißig;07 StB Loschwitz und OS Schönfeld-Weißig;79 Jahre;329
2014;StB 4 Loschwitz/OS Schönfeld-Weißig;07 StB Loschwitz und OS Schönfeld-Weißig;80 Jahre;280
2014;StB 4 Loschwitz/OS Schönfeld-Weißig;07 StB Loschwitz und OS Schönfeld-Weißig;81 Jahre;197
2014;StB 4 Loschwitz/OS Schönfeld-Weißig;07 StB Loschwitz und OS Schönfeld-Weißig;82 Jahre;172
2014;StB 4 Loschwitz/OS Schönfeld-Weißig;07 StB Loschwitz und OS Schönfeld-Weißig;83 Jahre;202
2014;StB 4 Loschwitz/OS Schönfeld-Weißig;07 StB Loschwitz und OS Schönfeld-Weißig;84 Jahre;174
2014;StB 4 Loschwitz/OS Schönfeld-Weißig;07 StB Loschwitz und OS Schönfeld-Weißig;85 Jahre u.älter;1000
2014;StB 5 Blasewitz;08 Blasewitz, Striesen;0 Jahre;621
2014;StB 5 Blasewitz;08 Blasewitz, Striesen;1 Jahre;594
2014;StB 5 Blasewitz;08 Blasewitz, Striesen;2 Jahre;636
2014;StB 5 Blasewitz;08 Blasewitz, Striesen;3 Jahre;558
2014;StB 5 Blasewitz;08 Blasewitz, Striesen;4 Jahre;573
2014;StB 5 Blasewitz;08 Blasewitz, Striesen;5 Jahre;575
2014;StB 5 Blasewitz;08 Blasewitz, Striesen;6 Jahre;528
2014;StB 5 Blasewitz;08 Blasewitz, Striesen;7 Jahre;517
2014;StB 5 Blasewitz;08 Blasewitz, Striesen;8 Jahre;464
2014;StB 5 Blasewitz;08 Blasewitz, Striesen;9 Jahre;448
2014;StB 5 Blasewitz;08 Blasewitz, Striesen;10 Jahre;407
2014;StB 5 Blasewitz;08 Blasewitz, Striesen;11 Jahre;414
2014;StB 5 Blasewitz;08 Blasewitz, Striesen;12 Jahre;417
2014;StB 5 Blasewitz;08 Blasewitz, Striesen;13 Jahre;399
2014;StB 5 Blasewitz;08 Blasewitz, Striesen;14 Jahre;399
2014;StB 5 Blasewitz;08 Blasewitz, Striesen;15 Jahre;303
2014;StB 5 Blasewitz;08 Blasewitz, Striesen;16 Jahre;367
2014;StB 5 Blasewitz;08 Blasewitz, Striesen;17 Jahre;340
2014;StB 5 Blasewitz;08 Blasewitz, Striesen;18 Jahre;304
2014;StB 5 Blasewitz;08 Blasewitz, Striesen;19 Jahre;346
2014;StB 5 Blasewitz;08 Blasewitz, Striesen;20 Jahre;381
2014;StB 5 Blasewitz;08 Blasewitz, Striesen;21 Jahre;403
2014;StB 5 Blasewitz;08 Blasewitz, Striesen;22 Jahre;428
2014;StB 5 Blasewitz;08 Blasewitz, Striesen;23 Jahre;513
2014;StB 5 Blasewitz;08 Blasewitz, Striesen;24 Jahre;814
2014;StB 5 Blasewitz;08 Blasewitz, Striesen;25 Jahre;811
2014;StB 5 Blasewitz;08 Blasewitz, Striesen;26 Jahre;862
2014;StB 5 Blasewitz;08 Blasewitz, Striesen;27 Jahre;909
2014;StB 5 Blasewitz;08 Blasewitz, Striesen;28 Jahre;866
2014;StB 5 Blasewitz;08 Blasewitz, Striesen;29 Jahre;881
2014;StB 5 Blasewitz;08 Blasewitz, Striesen;30 Jahre;806
2014;StB 5 Blasewitz;08 Blasewitz, Striesen;31 Jahre;835
2014;StB 5 Blasewitz;08 Blasewitz, Striesen;32 Jahre;880
2014;StB 5 Blasewitz;08 Blasewitz, Striesen;33 Jahre;781
2014;StB 5 Blasewitz;08 Blasewitz, Striesen;34 Jahre;799
2014;StB 5 Blasewitz;08 Blasewitz, Striesen;35 Jahre;772
2014;StB 5 Blasewitz;08 Blasewitz, Striesen;36 Jahre;808
2014;StB 5 Blasewitz;08 Blasewitz, Striesen;37 Jahre;751
2014;StB 5 Blasewitz;08 Blasewitz, Striesen;38 Jahre;731
2014;StB 5 Blasewitz;08 Blasewitz, Striesen;39 Jahre;602
2014;StB 5 Blasewitz;08 Blasewitz, Striesen;40 Jahre;633
2014;StB 5 Blasewitz;08 Blasewitz, Striesen;41 Jahre;619
2014;StB 5 Blasewitz;08 Blasewitz, Striesen;42 Jahre;648
2014;StB 5 Blasewitz;08 Blasewitz, Striesen;43 Jahre;712
2014;StB 5 Blasewitz;08 Blasewitz, Striesen;44 Jahre;699
2014;StB 5 Blasewitz;08 Blasewitz, Striesen;45 Jahre;701
2014;StB 5 Blasewitz;08 Blasewitz, Striesen;46 Jahre;693
2014;StB 5 Blasewitz;08 Blasewitz, Striesen;47 Jahre;708
2014;StB 5 Blasewitz;08 Blasewitz, Striesen;48 Jahre;767
2014;StB 5 Blasewitz;08 Blasewitz, Striesen;49 Jahre;658
2014;StB 5 Blasewitz;08 Blasewitz, Striesen;50 Jahre;686
2014;StB 5 Blasewitz;08 Blasewitz, Striesen;51 Jahre;688
2014;StB 5 Blasewitz;08 Blasewitz, Striesen;52 Jahre;614
2014;StB 5 Blasewitz;08 Blasewitz, Striesen;53 Jahre;641
2014;StB 5 Blasewitz;08 Blasewitz, Striesen;54 Jahre;574
2014;StB 5 Blasewitz;08 Blasewitz, Striesen;55 Jahre;507
2014;StB 5 Blasewitz;08 Blasewitz, Striesen;56 Jahre;463
2014;StB 5 Blasewitz;08 Blasewitz, Striesen;57 Jahre;389
2014;StB 5 Blasewitz;08 Blasewitz, Striesen;58 Jahre;402
2014;StB 5 Blasewitz;08 Blasewitz, Striesen;59 Jahre;447
2014;StB 5 Blasewitz;08 Blasewitz, Striesen;60 Jahre;422
2014;StB 5 Blasewitz;08 Blasewitz, Striesen;61 Jahre;447
2014;StB 5 Blasewitz;08 Blasewitz, Striesen;62 Jahre;430
2014;StB 5 Blasewitz;08 Blasewitz, Striesen;63 Jahre;471
2014;StB 5 Blasewitz;08 Blasewitz, Striesen;64 Jahre;421
2014;StB 5 Blasewitz;08 Blasewitz, Striesen;65 Jahre;393
2014;StB 5 Blasewitz;08 Blasewitz, Striesen;66 Jahre;320
2014;StB 5 Blasewitz;08 Blasewitz, Striesen;67 Jahre;367
2014;StB 5 Blasewitz;08 Blasewitz, Striesen;68 Jahre;254
2014;StB 5 Blasewitz;08 Blasewitz, Striesen;69 Jahre;288
2014;StB 5 Blasewitz;08 Blasewitz, Striesen;70 Jahre;473
2014;StB 5 Blasewitz;08 Blasewitz, Striesen;71 Jahre;495
2014;StB 5 Blasewitz;08 Blasewitz, Striesen;72 Jahre;497
2014;StB 5 Blasewitz;08 Blasewitz, Striesen;73 Jahre;652
2014;StB 5 Blasewitz;08 Blasewitz, Striesen;74 Jahre;649
2014;StB 5 Blasewitz;08 Blasewitz, Striesen;75 Jahre;697
2014;StB 5 Blasewitz;08 Blasewitz, Striesen;76 Jahre;614
2014;StB 5 Blasewitz;08 Blasewitz, Striesen;77 Jahre;536
2014;StB 5 Blasewitz;08 Blasewitz, Striesen;78 Jahre;541
2014;StB 5 Blasewitz;08 Blasewitz, Striesen;79 Jahre;546
2014;StB 5 Blasewitz;08 Blasewitz, Striesen;80 Jahre;441
2014;StB 5 Blasewitz;08 Blasewitz, Striesen;81 Jahre;298
2014;StB 5 Blasewitz;08 Blasewitz, Striesen;82 Jahre;250
2014;StB 5 Blasewitz;08 Blasewitz, Striesen;83 Jahre;283
2014;StB 5 Blasewitz;08 Blasewitz, Striesen;84 Jahre;277
2014;StB 5 Blasewitz;08 Blasewitz, Striesen;85 Jahre u.älter;1275
2014;StB 5 Blasewitz;09 Tolkewitz, Seidnitz, Gruna;0 Jahre;389
2014;StB 5 Blasewitz;09 Tolkewitz, Seidnitz, Gruna;1 Jahre;360
2014;StB 5 Blasewitz;09 Tolkewitz, Seidnitz, Gruna;2 Jahre;389
2014;StB 5 Blasewitz;09 Tolkewitz, Seidnitz, Gruna;3 Jahre;388
2014;StB 5 Blasewitz;09 Tolkewitz, Seidnitz, Gruna;4 Jahre;354
2014;StB 5 Blasewitz;09 Tolkewitz, Seidnitz, Gruna;5 Jahre;301
2014;StB 5 Blasewitz;09 Tolkewitz, Seidnitz, Gruna;6 Jahre;381
2014;StB 5 Blasewitz;09 Tolkewitz, Seidnitz, Gruna;7 Jahre;313
2014;StB 5 Blasewitz;09 Tolkewitz, Seidnitz, Gruna;8 Jahre;310
2014;StB 5 Blasewitz;09 Tolkewitz, Seidnitz, Gruna;9 Jahre;298
2014;StB 5 Blasewitz;09 Tolkewitz, Seidnitz, Gruna;10 Jahre;297
2014;StB 5 Blasewitz;09 Tolkewitz, Seidnitz, Gruna;11 Jahre;277
2014;StB 5 Blasewitz;09 Tolkewitz, Seidnitz, Gruna;12 Jahre;283
2014;StB 5 Blasewitz;09 Tolkewitz, Seidnitz, Gruna;13 Jahre;250
2014;StB 5 Blasewitz;09 Tolkewitz, Seidnitz, Gruna;14 Jahre;266
2014;StB 5 Blasewitz;09 Tolkewitz, Seidnitz, Gruna;15 Jahre;271
2014;StB 5 Blasewitz;09 Tolkewitz, Seidnitz, Gruna;16 Jahre;225
2014;StB 5 Blasewitz;09 Tolkewitz, Seidnitz, Gruna;17 Jahre;220
2014;StB 5 Blasewitz;09 Tolkewitz, Seidnitz, Gruna;18 Jahre;243
2014;StB 5 Blasewitz;09 Tolkewitz, Seidnitz, Gruna;19 Jahre;270
2014;StB 5 Blasewitz;09 Tolkewitz, Seidnitz, Gruna;20 Jahre;237
2014;StB 5 Blasewitz;09 Tolkewitz, Seidnitz, Gruna;21 Jahre;317
2014;StB 5 Blasewitz;09 Tolkewitz, Seidnitz, Gruna;22 Jahre;271
2014;StB 5 Blasewitz;09 Tolkewitz, Seidnitz, Gruna;23 Jahre;360
2014;StB 5 Blasewitz;09 Tolkewitz, Seidnitz, Gruna;24 Jahre;546
2014;StB 5 Blasewitz;09 Tolkewitz, Seidnitz, Gruna;25 Jahre;625
2014;StB 5 Blasewitz;09 Tolkewitz, Seidnitz, Gruna;26 Jahre;630
2014;StB 5 Blasewitz;09 Tolkewitz, Seidnitz, Gruna;27 Jahre;601
2014;StB 5 Blasewitz;09 Tolkewitz, Seidnitz, Gruna;28 Jahre;572
2014;StB 5 Blasewitz;09 Tolkewitz, Seidnitz, Gruna;29 Jahre;570
2014;StB 5 Blasewitz;09 Tolkewitz, Seidnitz, Gruna;30 Jahre;602
2014;StB 5 Blasewitz;09 Tolkewitz, Seidnitz, Gruna;31 Jahre;533
2014;StB 5 Blasewitz;09 Tolkewitz, Seidnitz, Gruna;32 Jahre;560
2014;StB 5 Blasewitz;09 Tolkewitz, Seidnitz, Gruna;33 Jahre;521
2014;StB 5 Blasewitz;09 Tolkewitz, Seidnitz, Gruna;34 Jahre;513
2014;StB 5 Blasewitz;09 Tolkewitz, Seidnitz, Gruna;35 Jahre;521
2014;StB 5 Blasewitz;09 Tolkewitz, Seidnitz, Gruna;36 Jahre;529
2014;StB 5 Blasewitz;09 Tolkewitz, Seidnitz, Gruna;37 Jahre;475
2014;StB 5 Blasewitz;09 Tolkewitz, Seidnitz, Gruna;38 Jahre;429
2014;StB 5 Blasewitz;09 Tolkewitz, Seidnitz, Gruna;39 Jahre;407
2014;StB 5 Blasewitz;09 Tolkewitz, Seidnitz, Gruna;40 Jahre;373
2014;StB 5 Blasewitz;09 Tolkewitz, Seidnitz, Gruna;41 Jahre;379
2014;StB 5 Blasewitz;09 Tolkewitz, Seidnitz, Gruna;42 Jahre;400
2014;StB 5 Blasewitz;09 Tolkewitz, Seidnitz, Gruna;43 Jahre;434
2014;StB 5 Blasewitz;09 Tolkewitz, Seidnitz, Gruna;44 Jahre;474
2014;StB 5 Blasewitz;09 Tolkewitz, Seidnitz, Gruna;45 Jahre;475
2014;StB 5 Blasewitz;09 Tolkewitz, Seidnitz, Gruna;46 Jahre;471
2014;StB 5 Blasewitz;09 Tolkewitz, Seidnitz, Gruna;47 Jahre;481
2014;StB 5 Blasewitz;09 Tolkewitz, Seidnitz, Gruna;48 Jahre;521
2014;StB 5 Blasewitz;09 Tolkewitz, Seidnitz, Gruna;49 Jahre;523
2014;StB 5 Blasewitz;09 Tolkewitz, Seidnitz, Gruna;50 Jahre;519
2014;StB 5 Blasewitz;09 Tolkewitz, Seidnitz, Gruna;51 Jahre;533
2014;StB 5 Blasewitz;09 Tolkewitz, Seidnitz, Gruna;52 Jahre;530
2014;StB 5 Blasewitz;09 Tolkewitz, Seidnitz, Gruna;53 Jahre;489
2014;StB 5 Blasewitz;09 Tolkewitz, Seidnitz, Gruna;54 Jahre;455
2014;StB 5 Blasewitz;09 Tolkewitz, Seidnitz, Gruna;55 Jahre;447
2014;StB 5 Blasewitz;09 Tolkewitz, Seidnitz, Gruna;56 Jahre;380
2014;StB 5 Blasewitz;09 Tolkewitz, Seidnitz, Gruna;57 Jahre;386
2014;StB 5 Blasewitz;09 Tolkewitz, Seidnitz, Gruna;58 Jahre;378
2014;StB 5 Blasewitz;09 Tolkewitz, Seidnitz, Gruna;59 Jahre;411
2014;StB 5 Blasewitz;09 Tolkewitz, Seidnitz, Gruna;60 Jahre;389
2014;StB 5 Blasewitz;09 Tolkewitz, Seidnitz, Gruna;61 Jahre;436
2014;StB 5 Blasewitz;09 Tolkewitz, Seidnitz, Gruna;62 Jahre;451
2014;StB 5 Blasewitz;09 Tolkewitz, Seidnitz, Gruna;63 Jahre;476
2014;StB 5 Blasewitz;09 Tolkewitz, Seidnitz, Gruna;64 Jahre;501
2014;StB 5 Blasewitz;09 Tolkewitz, Seidnitz, Gruna;65 Jahre;457
2014;StB 5 Blasewitz;09 Tolkewitz, Seidnitz, Gruna;66 Jahre;369
2014;StB 5 Blasewitz;09 Tolkewitz, Seidnitz, Gruna;67 Jahre;432
2014;StB 5 Blasewitz;09 Tolkewitz, Seidnitz, Gruna;68 Jahre;319
2014;StB 5 Blasewitz;09 Tolkewitz, Seidnitz, Gruna;69 Jahre;450
2014;StB 5 Blasewitz;09 Tolkewitz, Seidnitz, Gruna;70 Jahre;585
2014;StB 5 Blasewitz;09 Tolkewitz, Seidnitz, Gruna;71 Jahre;670
2014;StB 5 Blasewitz;09 Tolkewitz, Seidnitz, Gruna;72 Jahre;589
2014;StB 5 Blasewitz;09 Tolkewitz, Seidnitz, Gruna;73 Jahre;654
2014;StB 5 Blasewitz;09 Tolkewitz, Seidnitz, Gruna;74 Jahre;732
2014;StB 5 Blasewitz;09 Tolkewitz, Seidnitz, Gruna;75 Jahre;742
2014;StB 5 Blasewitz;09 Tolkewitz, Seidnitz, Gruna;76 Jahre;631
2014;StB 5 Blasewitz;09 Tolkewitz, Seidnitz, Gruna;77 Jahre;516
2014;StB 5 Blasewitz;09 Tolkewitz, Seidnitz, Gruna;78 Jahre;520
2014;StB 5 Blasewitz;09 Tolkewitz, Seidnitz, Gruna;79 Jahre;455
2014;StB 5 Blasewitz;09 Tolkewitz, Seidnitz, Gruna;80 Jahre;420
2014;StB 5 Blasewitz;09 Tolkewitz, Seidnitz, Gruna;81 Jahre;239
2014;StB 5 Blasewitz;09 Tolkewitz, Seidnitz, Gruna;82 Jahre;241
2014;StB 5 Blasewitz;09 Tolkewitz, Seidnitz, Gruna;83 Jahre;264
2014;StB 5 Blasewitz;09 Tolkewitz, Seidnitz, Gruna;84 Jahre;223
2014;StB 5 Blasewitz;09 Tolkewitz, Seidnitz, Gruna;85 Jahre u.älter;1044
2014;StB 6 Leuben;10 StB Leuben;0 Jahre;326
2014;StB 6 Leuben;10 StB Leuben;1 Jahre;342
2014;StB 6 Leuben;10 StB Leuben;2 Jahre;357
2014;StB 6 Leuben;10 StB Leuben;3 Jahre;328
2014;StB 6 Leuben;10 StB Leuben;4 Jahre;407
2014;StB 6 Leuben;10 StB Leuben;5 Jahre;363
2014;StB 6 Leuben;10 StB Leuben;6 Jahre;327
2014;StB 6 Leuben;10 StB Leuben;7 Jahre;348
2014;StB 6 Leuben;10 StB Leuben;8 Jahre;337
2014;StB 6 Leuben;10 StB Leuben;9 Jahre;332
2014;StB 6 Leuben;10 StB Leuben;10 Jahre;341
2014;StB 6 Leuben;10 StB Leuben;11 Jahre;338
2014;StB 6 Leuben;10 StB Leuben;12 Jahre;327
2014;StB 6 Leuben;10 StB Leuben;13 Jahre;317
2014;StB 6 Leuben;10 StB Leuben;14 Jahre;306
2014;StB 6 Leuben;10 StB Leuben;15 Jahre;309
2014;StB 6 Leuben;10 StB Leuben;16 Jahre;296
2014;StB 6 Leuben;10 StB Leuben;17 Jahre;298
2014;StB 6 Leuben;10 StB Leuben;18 Jahre;269
2014;StB 6 Leuben;10 StB Leuben;19 Jahre;251
2014;StB 6 Leuben;10 StB Leuben;20 Jahre;232
2014;StB 6 Leuben;10 StB Leuben;21 Jahre;244
2014;StB 6 Leuben;10 StB Leuben;22 Jahre;253
2014;StB 6 Leuben;10 StB Leuben;23 Jahre;302
2014;StB 6 Leuben;10 StB Leuben;24 Jahre;436
2014;StB 6 Leuben;10 StB Leuben;25 Jahre;440
2014;StB 6 Leuben;10 StB Leuben;26 Jahre;464
2014;StB 6 Leuben;10 StB Leuben;27 Jahre;505
2014;StB 6 Leuben;10 StB Leuben;28 Jahre;488
2014;StB 6 Leuben;10 StB Leuben;29 Jahre;477
2014;StB 6 Leuben;10 StB Leuben;30 Jahre;447
2014;StB 6 Leuben;10 StB Leuben;31 Jahre;486
2014;StB 6 Leuben;10 StB Leuben;32 Jahre;507
2014;StB 6 Leuben;10 StB Leuben;33 Jahre;473
2014;StB 6 Leuben;10 StB Leuben;34 Jahre;496
2014;StB 6 Leuben;10 StB Leuben;35 Jahre;506
2014;StB 6 Leuben;10 StB Leuben;36 Jahre;510
2014;StB 6 Leuben;10 StB Leuben;37 Jahre;478
2014;StB 6 Leuben;10 StB Leuben;38 Jahre;496
2014;StB 6 Leuben;10 StB Leuben;39 Jahre;432
2014;StB 6 Leuben;10 StB Leuben;40 Jahre;426
2014;StB 6 Leuben;10 StB Leuben;41 Jahre;437
2014;StB 6 Leuben;10 StB Leuben;42 Jahre;489
2014;StB 6 Leuben;10 StB Leuben;43 Jahre;519
2014;StB 6 Leuben;10 StB Leuben;44 Jahre;562
2014;StB 6 Leuben;10 StB Leuben;45 Jahre;576
2014;StB 6 Leuben;10 StB Leuben;46 Jahre;598
2014;StB 6 Leuben;10 StB Leuben;47 Jahre;608
2014;StB 6 Leuben;10 StB Leuben;48 Jahre;614
2014;StB 6 Leuben;10 StB Leuben;49 Jahre;596
2014;StB 6 Leuben;10 StB Leuben;50 Jahre;624
2014;StB 6 Leuben;10 StB Leuben;51 Jahre;581
2014;StB 6 Leuben;10 StB Leuben;52 Jahre;601
2014;StB 6 Leuben;10 StB Leuben;53 Jahre;563
2014;StB 6 Leuben;10 StB Leuben;54 Jahre;518
2014;StB 6 Leuben;10 StB Leuben;55 Jahre;502
2014;StB 6 Leuben;10 StB Leuben;56 Jahre;393
2014;StB 6 Leuben;10 StB Leuben;57 Jahre;406
2014;StB 6 Leuben;10 StB Leuben;58 Jahre;458
2014;StB 6 Leuben;10 StB Leuben;59 Jahre;470
2014;StB 6 Leuben;10 StB Leuben;60 Jahre;513
2014;StB 6 Leuben;10 StB Leuben;61 Jahre;502
2014;StB 6 Leuben;10 StB Leuben;62 Jahre;543
2014;StB 6 Leuben;10 StB Leuben;63 Jahre;522
2014;StB 6 Leuben;10 StB Leuben;64 Jahre;594
2014;StB 6 Leuben;10 StB Leuben;65 Jahre;509
2014;StB 6 Leuben;10 StB Leuben;66 Jahre;452
2014;StB 6 Leuben;10 StB Leuben;67 Jahre;437
2014;StB 6 Leuben;10 StB Leuben;68 Jahre;329
2014;StB 6 Leuben;10 StB Leuben;69 Jahre;459
2014;StB 6 Leuben;10 StB Leuben;70 Jahre;640
2014;StB 6 Leuben;10 StB Leuben;71 Jahre;693
2014;StB 6 Leuben;10 StB Leuben;72 Jahre;630
2014;StB 6 Leuben;10 StB Leuben;73 Jahre;781
2014;StB 6 Leuben;10 StB Leuben;74 Jahre;727
2014;StB 6 Leuben;10 StB Leuben;75 Jahre;683
2014;StB 6 Leuben;10 StB Leuben;76 Jahre;545
2014;StB 6 Leuben;10 StB Leuben;77 Jahre;523
2014;StB 6 Leuben;10 StB Leuben;78 Jahre;439
2014;StB 6 Leuben;10 StB Leuben;79 Jahre;396
2014;StB 6 Leuben;10 StB Leuben;80 Jahre;343
2014;StB 6 Leuben;10 StB Leuben;81 Jahre;232
2014;StB 6 Leuben;10 StB Leuben;82 Jahre;195
2014;StB 6 Leuben;10 StB Leuben;83 Jahre;192
2014;StB 6 Leuben;10 StB Leuben;84 Jahre;222
2014;StB 6 Leuben;10 StB Leuben;85 Jahre u.älter;1228
2014;StB 7 Prohlis;11 Prohlis, Reick (mit Sternhäuser, Am Koitschgraben);0 Jahre;185
2014;StB 7 Prohlis;11 Prohlis, Reick (mit Sternhäuser, Am Koitschgraben);1 Jahre;207
2014;StB 7 Prohlis;11 Prohlis, Reick (mit Sternhäuser, Am Koitschgraben);2 Jahre;218
2014;StB 7 Prohlis;11 Prohlis, Reick (mit Sternhäuser, Am Koitschgraben);3 Jahre;204
2014;StB 7 Prohlis;11 Prohlis, Reick (mit Sternhäuser, Am Koitschgraben);4 Jahre;223
2014;StB 7 Prohlis;11 Prohlis, Reick (mit Sternhäuser, Am Koitschgraben);5 Jahre;194
2014;StB 7 Prohlis;11 Prohlis, Reick (mit Sternhäuser, Am Koitschgraben);6 Jahre;205
2014;StB 7 Prohlis;11 Prohlis, Reick (mit Sternhäuser, Am Koitschgraben);7 Jahre;206
2014;StB 7 Prohlis;11 Prohlis, Reick (mit Sternhäuser, Am Koitschgraben);8 Jahre;163
2014;StB 7 Prohlis;11 Prohlis, Reick (mit Sternhäuser, Am Koitschgraben);9 Jahre;196
2014;StB 7 Prohlis;11 Prohlis, Reick (mit Sternhäuser, Am Koitschgraben);10 Jahre;162
2014;StB 7 Prohlis;11 Prohlis, Reick (mit Sternhäuser, Am Koitschgraben);11 Jahre;158
2014;StB 7 Prohlis;11 Prohlis, Reick (mit Sternhäuser, Am Koitschgraben);12 Jahre;168
2014;StB 7 Prohlis;11 Prohlis, Reick (mit Sternhäuser, Am Koitschgraben);13 Jahre;182
2014;StB 7 Prohlis;11 Prohlis, Reick (mit Sternhäuser, Am Koitschgraben);14 Jahre;158
2014;StB 7 Prohlis;11 Prohlis, Reick (mit Sternhäuser, Am Koitschgraben);15 Jahre;151
2014;StB 7 Prohlis;11 Prohlis, Reick (mit Sternhäuser, Am Koitschgraben);16 Jahre;152
2014;StB 7 Prohlis;11 Prohlis, Reick (mit Sternhäuser, Am Koitschgraben);17 Jahre;143
2014;StB 7 Prohlis;11 Prohlis, Reick (mit Sternhäuser, Am Koitschgraben);18 Jahre;187
2014;StB 7 Prohlis;11 Prohlis, Reick (mit Sternhäuser, Am Koitschgraben);19 Jahre;192
2014;StB 7 Prohlis;11 Prohlis, Reick (mit Sternhäuser, Am Koitschgraben);20 Jahre;224
2014;StB 7 Prohlis;11 Prohlis, Reick (mit Sternhäuser, Am Koitschgraben);21 Jahre;230
2014;StB 7 Prohlis;11 Prohlis, Reick (mit Sternhäuser, Am Koitschgraben);22 Jahre;275
2014;StB 7 Prohlis;11 Prohlis, Reick (mit Sternhäuser, Am Koitschgraben);23 Jahre;263
2014;StB 7 Prohlis;11 Prohlis, Reick (mit Sternhäuser, Am Koitschgraben);24 Jahre;378
2014;StB 7 Prohlis;11 Prohlis, Reick (mit Sternhäuser, Am Koitschgraben);25 Jahre;329
2014;StB 7 Prohlis;11 Prohlis, Reick (mit Sternhäuser, Am Koitschgraben);26 Jahre;370
2014;StB 7 Prohlis;11 Prohlis, Reick (mit Sternhäuser, Am Koitschgraben);27 Jahre;368
2014;StB 7 Prohlis;11 Prohlis, Reick (mit Sternhäuser, Am Koitschgraben);28 Jahre;333
2014;StB 7 Prohlis;11 Prohlis, Reick (mit Sternhäuser, Am Koitschgraben);29 Jahre;315
2014;StB 7 Prohlis;11 Prohlis, Reick (mit Sternhäuser, Am Koitschgraben);30 Jahre;322
2014;StB 7 Prohlis;11 Prohlis, Reick (mit Sternhäuser, Am Koitschgraben);31 Jahre;325
2014;StB 7 Prohlis;11 Prohlis, Reick (mit Sternhäuser, Am Koitschgraben);32 Jahre;304
2014;StB 7 Prohlis;11 Prohlis, Reick (mit Sternhäuser, Am Koitschgraben);33 Jahre;280
2014;StB 7 Prohlis;11 Prohlis, Reick (mit Sternhäuser, Am Koitschgraben);34 Jahre;281
2014;StB 7 Prohlis;11 Prohlis, Reick (mit Sternhäuser, Am Koitschgraben);35 Jahre;269
2014;StB 7 Prohlis;11 Prohlis, Reick (mit Sternhäuser, Am Koitschgraben);36 Jahre;296
2014;StB 7 Prohlis;11 Prohlis, Reick (mit Sternhäuser, Am Koitschgraben);37 Jahre;270
2014;StB 7 Prohlis;11 Prohlis, Reick (mit Sternhäuser, Am Koitschgraben);38 Jahre;204
2014;StB 7 Prohlis;11 Prohlis, Reick (mit Sternhäuser, Am Koitschgraben);39 Jahre;217
2014;StB 7 Prohlis;11 Prohlis, Reick (mit Sternhäuser, Am Koitschgraben);40 Jahre;229
2014;StB 7 Prohlis;11 Prohlis, Reick (mit Sternhäuser, Am Koitschgraben);41 Jahre;193
2014;StB 7 Prohlis;11 Prohlis, Reick (mit Sternhäuser, Am Koitschgraben);42 Jahre;222
2014;StB 7 Prohlis;11 Prohlis, Reick (mit Sternhäuser, Am Koitschgraben);43 Jahre;258
2014;StB 7 Prohlis;11 Prohlis, Reick (mit Sternhäuser, Am Koitschgraben);44 Jahre;262
2014;StB 7 Prohlis;11 Prohlis, Reick (mit Sternhäuser, Am Koitschgraben);45 Jahre;226
2014;StB 7 Prohlis;11 Prohlis, Reick (mit Sternhäuser, Am Koitschgraben);46 Jahre;255
2014;StB 7 Prohlis;11 Prohlis, Reick (mit Sternhäuser, Am Koitschgraben);47 Jahre;257
2014;StB 7 Prohlis;11 Prohlis, Reick (mit Sternhäuser, Am Koitschgraben);48 Jahre;261
2014;StB 7 Prohlis;11 Prohlis, Reick (mit Sternhäuser, Am Koitschgraben);49 Jahre;296
2014;StB 7 Prohlis;11 Prohlis, Reick (mit Sternhäuser, Am Koitschgraben);50 Jahre;329
2014;StB 7 Prohlis;11 Prohlis, Reick (mit Sternhäuser, Am Koitschgraben);51 Jahre;315
2014;StB 7 Prohlis;11 Prohlis, Reick (mit Sternhäuser, Am Koitschgraben);52 Jahre;294
2014;StB 7 Prohlis;11 Prohlis, Reick (mit Sternhäuser, Am Koitschgraben);53 Jahre;301
2014;StB 7 Prohlis;11 Prohlis, Reick (mit Sternhäuser, Am Koitschgraben);54 Jahre;315
2014;StB 7 Prohlis;11 Prohlis, Reick (mit Sternhäuser, Am Koitschgraben);55 Jahre;309
2014;StB 7 Prohlis;11 Prohlis, Reick (mit Sternhäuser, Am Koitschgraben);56 Jahre;267
2014;StB 7 Prohlis;11 Prohlis, Reick (mit Sternhäuser, Am Koitschgraben);57 Jahre;311
2014;StB 7 Prohlis;11 Prohlis, Reick (mit Sternhäuser, Am Koitschgraben);58 Jahre;330
2014;StB 7 Prohlis;11 Prohlis, Reick (mit Sternhäuser, Am Koitschgraben);59 Jahre;350
2014;StB 7 Prohlis;11 Prohlis, Reick (mit Sternhäuser, Am Koitschgraben);60 Jahre;339
2014;StB 7 Prohlis;11 Prohlis, Reick (mit Sternhäuser, Am Koitschgraben);61 Jahre;389
2014;StB 7 Prohlis;11 Prohlis, Reick (mit Sternhäuser, Am Koitschgraben);62 Jahre;413
2014;StB 7 Prohlis;11 Prohlis, Reick (mit Sternhäuser, Am Koitschgraben);63 Jahre;442
2014;StB 7 Prohlis;11 Prohlis, Reick (mit Sternhäuser, Am Koitschgraben);64 Jahre;395
2014;StB 7 Prohlis;11 Prohlis, Reick (mit Sternhäuser, Am Koitschgraben);65 Jahre;372
2014;StB 7 Prohlis;11 Prohlis, Reick (mit Sternhäuser, Am Koitschgraben);66 Jahre;296
2014;StB 7 Prohlis;11 Prohlis, Reick (mit Sternhäuser, Am Koitschgraben);67 Jahre;315
2014;StB 7 Prohlis;11 Prohlis, Reick (mit Sternhäuser, Am Koitschgraben);68 Jahre;225
2014;StB 7 Prohlis;11 Prohlis, Reick (mit Sternhäuser, Am Koitschgraben);69 Jahre;293
2014;StB 7 Prohlis;11 Prohlis, Reick (mit Sternhäuser, Am Koitschgraben);70 Jahre;353
2014;StB 7 Prohlis;11 Prohlis, Reick (mit Sternhäuser, Am Koitschgraben);71 Jahre;328
2014;StB 7 Prohlis;11 Prohlis, Reick (mit Sternhäuser, Am Koitschgraben);72 Jahre;333
2014;StB 7 Prohlis;11 Prohlis, Reick (mit Sternhäuser, Am Koitschgraben);73 Jahre;366
2014;StB 7 Prohlis;11 Prohlis, Reick (mit Sternhäuser, Am Koitschgraben);74 Jahre;349
2014;StB 7 Prohlis;11 Prohlis, Reick (mit Sternhäuser, Am Koitschgraben);75 Jahre;331
2014;StB 7 Prohlis;11 Prohlis, Reick (mit Sternhäuser, Am Koitschgraben);76 Jahre;262
2014;StB 7 Prohlis;11 Prohlis, Reick (mit Sternhäuser, Am Koitschgraben);77 Jahre;249
2014;StB 7 Prohlis;11 Prohlis, Reick (mit Sternhäuser, Am Koitschgraben);78 Jahre;263
2014;StB 7 Prohlis;11 Prohlis, Reick (mit Sternhäuser, Am Koitschgraben);79 Jahre;225
2014;StB 7 Prohlis;11 Prohlis, Reick (mit Sternhäuser, Am Koitschgraben);80 Jahre;199
2014;StB 7 Prohlis;11 Prohlis, Reick (mit Sternhäuser, Am Koitschgraben);81 Jahre;125
2014;StB 7 Prohlis;11 Prohlis, Reick (mit Sternhäuser, Am Koitschgraben);82 Jahre;127
2014;StB 7 Prohlis;11 Prohlis, Reick (mit Sternhäuser, Am Koitschgraben);83 Jahre;140
2014;StB 7 Prohlis;11 Prohlis, Reick (mit Sternhäuser, Am Koitschgraben);84 Jahre;145
2014;StB 7 Prohlis;11 Prohlis, Reick (mit Sternhäuser, Am Koitschgraben);85 Jahre u.älter;758
2014;StB 7 Prohlis;12 Niedersedlitz, Leubnitz, Strehlen (ohne Sternhäuser, Am Koitschgraben);0 Jahre;309
2014;StB 7 Prohlis;12 Niedersedlitz, Leubnitz, Strehlen (ohne Sternhäuser, Am Koitschgraben);1 Jahre;372
2014;StB 7 Prohlis;12 Niedersedlitz, Leubnitz, Strehlen (ohne Sternhäuser, Am Koitschgraben);2 Jahre;329
2014;StB 7 Prohlis;12 Niedersedlitz, Leubnitz, Strehlen (ohne Sternhäuser, Am Koitschgraben);3 Jahre;302
2014;StB 7 Prohlis;12 Niedersedlitz, Leubnitz, Strehlen (ohne Sternhäuser, Am Koitschgraben);4 Jahre;326
2014;StB 7 Prohlis;12 Niedersedlitz, Leubnitz, Strehlen (ohne Sternhäuser, Am Koitschgraben);5 Jahre;348
2014;StB 7 Prohlis;12 Niedersedlitz, Leubnitz, Strehlen (ohne Sternhäuser, Am Koitschgraben);6 Jahre;349
2014;StB 7 Prohlis;12 Niedersedlitz, Leubnitz, Strehlen (ohne Sternhäuser, Am Koitschgraben);7 Jahre;307
2014;StB 7 Prohlis;12 Niedersedlitz, Leubnitz, Strehlen (ohne Sternhäuser, Am Koitschgraben);8 Jahre;297
2014;StB 7 Prohlis;12 Niedersedlitz, Leubnitz, Strehlen (ohne Sternhäuser, Am Koitschgraben);9 Jahre;302
2014;StB 7 Prohlis;12 Niedersedlitz, Leubnitz, Strehlen (ohne Sternhäuser, Am Koitschgraben);10 Jahre;294
2014;StB 7 Prohlis;12 Niedersedlitz, Leubnitz, Strehlen (ohne Sternhäuser, Am Koitschgraben);11 Jahre;294
2014;StB 7 Prohlis;12 Niedersedlitz, Leubnitz, Strehlen (ohne Sternhäuser, Am Koitschgraben);12 Jahre;282
2014;StB 7 Prohlis;12 Niedersedlitz, Leubnitz, Strehlen (ohne Sternhäuser, Am Koitschgraben);13 Jahre;261
2014;StB 7 Prohlis;12 Niedersedlitz, Leubnitz, Strehlen (ohne Sternhäuser, Am Koitschgraben);14 Jahre;296
2014;StB 7 Prohlis;12 Niedersedlitz, Leubnitz, Strehlen (ohne Sternhäuser, Am Koitschgraben);15 Jahre;284
2014;StB 7 Prohlis;12 Niedersedlitz, Leubnitz, Strehlen (ohne Sternhäuser, Am Koitschgraben);16 Jahre;249
2014;StB 7 Prohlis;12 Niedersedlitz, Leubnitz, Strehlen (ohne Sternhäuser, Am Koitschgraben);17 Jahre;243
2014;StB 7 Prohlis;12 Niedersedlitz, Leubnitz, Strehlen (ohne Sternhäuser, Am Koitschgraben);18 Jahre;307
2014;StB 7 Prohlis;12 Niedersedlitz, Leubnitz, Strehlen (ohne Sternhäuser, Am Koitschgraben);19 Jahre;305
2014;StB 7 Prohlis;12 Niedersedlitz, Leubnitz, Strehlen (ohne Sternhäuser, Am Koitschgraben);20 Jahre;313
2014;StB 7 Prohlis;12 Niedersedlitz, Leubnitz, Strehlen (ohne Sternhäuser, Am Koitschgraben);21 Jahre;304
2014;StB 7 Prohlis;12 Niedersedlitz, Leubnitz, Strehlen (ohne Sternhäuser, Am Koitschgraben);22 Jahre;313
2014;StB 7 Prohlis;12 Niedersedlitz, Leubnitz, Strehlen (ohne Sternhäuser, Am Koitschgraben);23 Jahre;390
2014;StB 7 Prohlis;12 Niedersedlitz, Leubnitz, Strehlen (ohne Sternhäuser, Am Koitschgraben);24 Jahre;488
2014;StB 7 Prohlis;12 Niedersedlitz, Leubnitz, Strehlen (ohne Sternhäuser, Am Koitschgraben);25 Jahre;472
2014;StB 7 Prohlis;12 Niedersedlitz, Leubnitz, Strehlen (ohne Sternhäuser, Am Koitschgraben);26 Jahre;493
2014;StB 7 Prohlis;12 Niedersedlitz, Leubnitz, Strehlen (ohne Sternhäuser, Am Koitschgraben);27 Jahre;504
2014;StB 7 Prohlis;12 Niedersedlitz, Leubnitz, Strehlen (ohne Sternhäuser, Am Koitschgraben);28 Jahre;467
2014;StB 7 Prohlis;12 Niedersedlitz, Leubnitz, Strehlen (ohne Sternhäuser, Am Koitschgraben);29 Jahre;498
2014;StB 7 Prohlis;12 Niedersedlitz, Leubnitz, Strehlen (ohne Sternhäuser, Am Koitschgraben);30 Jahre;470
2014;StB 7 Prohlis;12 Niedersedlitz, Leubnitz, Strehlen (ohne Sternhäuser, Am Koitschgraben);31 Jahre;453
2014;StB 7 Prohlis;12 Niedersedlitz, Leubnitz, Strehlen (ohne Sternhäuser, Am Koitschgraben);32 Jahre;469
2014;StB 7 Prohlis;12 Niedersedlitz, Leubnitz, Strehlen (ohne Sternhäuser, Am Koitschgraben);33 Jahre;460
2014;StB 7 Prohlis;12 Niedersedlitz, Leubnitz, Strehlen (ohne Sternhäuser, Am Koitschgraben);34 Jahre;437
2014;StB 7 Prohlis;12 Niedersedlitz, Leubnitz, Strehlen (ohne Sternhäuser, Am Koitschgraben);35 Jahre;432
2014;StB 7 Prohlis;12 Niedersedlitz, Leubnitz, Strehlen (ohne Sternhäuser, Am Koitschgraben);36 Jahre;477
2014;StB 7 Prohlis;12 Niedersedlitz, Leubnitz, Strehlen (ohne Sternhäuser, Am Koitschgraben);37 Jahre;463
2014;StB 7 Prohlis;12 Niedersedlitz, Leubnitz, Strehlen (ohne Sternhäuser, Am Koitschgraben);38 Jahre;424
2014;StB 7 Prohlis;12 Niedersedlitz, Leubnitz, Strehlen (ohne Sternhäuser, Am Koitschgraben);39 Jahre;378
2014;StB 7 Prohlis;12 Niedersedlitz, Leubnitz, Strehlen (ohne Sternhäuser, Am Koitschgraben);40 Jahre;371
2014;StB 7 Prohlis;12 Niedersedlitz, Leubnitz, Strehlen (ohne Sternhäuser, Am Koitschgraben);41 Jahre;375
2014;StB 7 Prohlis;12 Niedersedlitz, Leubnitz, Strehlen (ohne Sternhäuser, Am Koitschgraben);42 Jahre;417
2014;StB 7 Prohlis;12 Niedersedlitz, Leubnitz, Strehlen (ohne Sternhäuser, Am Koitschgraben);43 Jahre;459
2014;StB 7 Prohlis;12 Niedersedlitz, Leubnitz, Strehlen (ohne Sternhäuser, Am Koitschgraben);44 Jahre;484
2014;StB 7 Prohlis;12 Niedersedlitz, Leubnitz, Strehlen (ohne Sternhäuser, Am Koitschgraben);45 Jahre;503
2014;StB 7 Prohlis;12 Niedersedlitz, Leubnitz, Strehlen (ohne Sternhäuser, Am Koitschgraben);46 Jahre;490
2014;StB 7 Prohlis;12 Niedersedlitz, Leubnitz, Strehlen (ohne Sternhäuser, Am Koitschgraben);47 Jahre;487
2014;StB 7 Prohlis;12 Niedersedlitz, Leubnitz, Strehlen (ohne Sternhäuser, Am Koitschgraben);48 Jahre;550
2014;StB 7 Prohlis;12 Niedersedlitz, Leubnitz, Strehlen (ohne Sternhäuser, Am Koitschgraben);49 Jahre;510
2014;StB 7 Prohlis;12 Niedersedlitz, Leubnitz, Strehlen (ohne Sternhäuser, Am Koitschgraben);50 Jahre;557
2014;StB 7 Prohlis;12 Niedersedlitz, Leubnitz, Strehlen (ohne Sternhäuser, Am Koitschgraben);51 Jahre;536
2014;StB 7 Prohlis;12 Niedersedlitz, Leubnitz, Strehlen (ohne Sternhäuser, Am Koitschgraben);52 Jahre;508
2014;StB 7 Prohlis;12 Niedersedlitz, Leubnitz, Strehlen (ohne Sternhäuser, Am Koitschgraben);53 Jahre;508
2014;StB 7 Prohlis;12 Niedersedlitz, Leubnitz, Strehlen (ohne Sternhäuser, Am Koitschgraben);54 Jahre;475
2014;StB 7 Prohlis;12 Niedersedlitz, Leubnitz, Strehlen (ohne Sternhäuser, Am Koitschgraben);55 Jahre;498
2014;StB 7 Prohlis;12 Niedersedlitz, Leubnitz, Strehlen (ohne Sternhäuser, Am Koitschgraben);56 Jahre;408
2014;StB 7 Prohlis;12 Niedersedlitz, Leubnitz, Strehlen (ohne Sternhäuser, Am Koitschgraben);57 Jahre;389
2014;StB 7 Prohlis;12 Niedersedlitz, Leubnitz, Strehlen (ohne Sternhäuser, Am Koitschgraben);58 Jahre;398
2014;StB 7 Prohlis;12 Niedersedlitz, Leubnitz, Strehlen (ohne Sternhäuser, Am Koitschgraben);59 Jahre;432
2014;StB 7 Prohlis;12 Niedersedlitz, Leubnitz, Strehlen (ohne Sternhäuser, Am Koitschgraben);60 Jahre;453
2014;StB 7 Prohlis;12 Niedersedlitz, Leubnitz, Strehlen (ohne Sternhäuser, Am Koitschgraben);61 Jahre;455
2014;StB 7 Prohlis;12 Niedersedlitz, Leubnitz, Strehlen (ohne Sternhäuser, Am Koitschgraben);62 Jahre;471
2014;StB 7 Prohlis;12 Niedersedlitz, Leubnitz, Strehlen (ohne Sternhäuser, Am Koitschgraben);63 Jahre;443
2014;StB 7 Prohlis;12 Niedersedlitz, Leubnitz, Strehlen (ohne Sternhäuser, Am Koitschgraben);64 Jahre;481
2014;StB 7 Prohlis;12 Niedersedlitz, Leubnitz, Strehlen (ohne Sternhäuser, Am Koitschgraben);65 Jahre;397
2014;StB 7 Prohlis;12 Niedersedlitz, Leubnitz, Strehlen (ohne Sternhäuser, Am Koitschgraben);66 Jahre;324
2014;StB 7 Prohlis;12 Niedersedlitz, Leubnitz, Strehlen (ohne Sternhäuser, Am Koitschgraben);67 Jahre;347
2014;StB 7 Prohlis;12 Niedersedlitz, Leubnitz, Strehlen (ohne Sternhäuser, Am Koitschgraben);68 Jahre;238
2014;StB 7 Prohlis;12 Niedersedlitz, Leubnitz, Strehlen (ohne Sternhäuser, Am Koitschgraben);69 Jahre;358
2014;StB 7 Prohlis;12 Niedersedlitz, Leubnitz, Strehlen (ohne Sternhäuser, Am Koitschgraben);70 Jahre;444
2014;StB 7 Prohlis;12 Niedersedlitz, Leubnitz, Strehlen (ohne Sternhäuser, Am Koitschgraben);71 Jahre;466
2014;StB 7 Prohlis;12 Niedersedlitz, Leubnitz, Strehlen (ohne Sternhäuser, Am Koitschgraben);72 Jahre;438
2014;StB 7 Prohlis;12 Niedersedlitz, Leubnitz, Strehlen (ohne Sternhäuser, Am Koitschgraben);73 Jahre;480
2014;StB 7 Prohlis;12 Niedersedlitz, Leubnitz, Strehlen (ohne Sternhäuser, Am Koitschgraben);74 Jahre;513
2014;StB 7 Prohlis;12 Niedersedlitz, Leubnitz, Strehlen (ohne Sternhäuser, Am Koitschgraben);75 Jahre;414
2014;StB 7 Prohlis;12 Niedersedlitz, Leubnitz, Strehlen (ohne Sternhäuser, Am Koitschgraben);76 Jahre;365
2014;StB 7 Prohlis;12 Niedersedlitz, Leubnitz, Strehlen (ohne Sternhäuser, Am Koitschgraben);77 Jahre;347
2014;StB 7 Prohlis;12 Niedersedlitz, Leubnitz, Strehlen (ohne Sternhäuser, Am Koitschgraben);78 Jahre;299
2014;StB 7 Prohlis;12 Niedersedlitz, Leubnitz, Strehlen (ohne Sternhäuser, Am Koitschgraben);79 Jahre;269
2014;StB 7 Prohlis;12 Niedersedlitz, Leubnitz, Strehlen (ohne Sternhäuser, Am Koitschgraben);80 Jahre;230
2014;StB 7 Prohlis;12 Niedersedlitz, Leubnitz, Strehlen (ohne Sternhäuser, Am Koitschgraben);81 Jahre;171
2014;StB 7 Prohlis;12 Niedersedlitz, Leubnitz, Strehlen (ohne Sternhäuser, Am Koitschgraben);82 Jahre;143
2014;StB 7 Prohlis;12 Niedersedlitz, Leubnitz, Strehlen (ohne Sternhäuser, Am Koitschgraben);83 Jahre;164
2014;StB 7 Prohlis;12 Niedersedlitz, Leubnitz, Strehlen (ohne Sternhäuser, Am Koitschgraben);84 Jahre;170
2014;StB 7 Prohlis;12 Niedersedlitz, Leubnitz, Strehlen (ohne Sternhäuser, Am Koitschgraben);85 Jahre u.älter;856
2014;StB 8 Plauen;13 Südvorstadt, Zschertnitz;0 Jahre;283
2014;StB 8 Plauen;13 Südvorstadt, Zschertnitz;1 Jahre;272
2014;StB 8 Plauen;13 Südvorstadt, Zschertnitz;2 Jahre;270
2014;StB 8 Plauen;13 Südvorstadt, Zschertnitz;3 Jahre;242
2014;StB 8 Plauen;13 Südvorstadt, Zschertnitz;4 Jahre;235
2014;StB 8 Plauen;13 Südvorstadt, Zschertnitz;5 Jahre;222
2014;StB 8 Plauen;13 Südvorstadt, Zschertnitz;6 Jahre;192
2014;StB 8 Plauen;13 Südvorstadt, Zschertnitz;7 Jahre;165
2014;StB 8 Plauen;13 Südvorstadt, Zschertnitz;8 Jahre;176
2014;StB 8 Plauen;13 Südvorstadt, Zschertnitz;9 Jahre;168
2014;StB 8 Plauen;13 Südvorstadt, Zschertnitz;10 Jahre;153
2014;StB 8 Plauen;13 Südvorstadt, Zschertnitz;11 Jahre;173
2014;StB 8 Plauen;13 Südvorstadt, Zschertnitz;12 Jahre;148
2014;StB 8 Plauen;13 Südvorstadt, Zschertnitz;13 Jahre;151
2014;StB 8 Plauen;13 Südvorstadt, Zschertnitz;14 Jahre;152
2014;StB 8 Plauen;13 Südvorstadt, Zschertnitz;15 Jahre;125
2014;StB 8 Plauen;13 Südvorstadt, Zschertnitz;16 Jahre;132
2014;StB 8 Plauen;13 Südvorstadt, Zschertnitz;17 Jahre;137
2014;StB 8 Plauen;13 Südvorstadt, Zschertnitz;18 Jahre;353
2014;StB 8 Plauen;13 Südvorstadt, Zschertnitz;19 Jahre;683
2014;StB 8 Plauen;13 Südvorstadt, Zschertnitz;20 Jahre;934
2014;StB 8 Plauen;13 Südvorstadt, Zschertnitz;21 Jahre;932
2014;StB 8 Plauen;13 Südvorstadt, Zschertnitz;22 Jahre;991
2014;StB 8 Plauen;13 Südvorstadt, Zschertnitz;23 Jahre;1050
2014;StB 8 Plauen;13 Südvorstadt, Zschertnitz;24 Jahre;1266
2014;StB 8 Plauen;13 Südvorstadt, Zschertnitz;25 Jahre;1080
2014;StB 8 Plauen;13 Südvorstadt, Zschertnitz;26 Jahre;938
2014;StB 8 Plauen;13 Südvorstadt, Zschertnitz;27 Jahre;825
2014;StB 8 Plauen;13 Südvorstadt, Zschertnitz;28 Jahre;634
2014;StB 8 Plauen;13 Südvorstadt, Zschertnitz;29 Jahre;618
2014;StB 8 Plauen;13 Südvorstadt, Zschertnitz;30 Jahre;493
2014;StB 8 Plauen;13 Südvorstadt, Zschertnitz;31 Jahre;504
2014;StB 8 Plauen;13 Südvorstadt, Zschertnitz;32 Jahre;422
2014;StB 8 Plauen;13 Südvorstadt, Zschertnitz;33 Jahre;388
2014;StB 8 Plauen;13 Südvorstadt, Zschertnitz;34 Jahre;387
2014;StB 8 Plauen;13 Südvorstadt, Zschertnitz;35 Jahre;360
2014;StB 8 Plauen;13 Südvorstadt, Zschertnitz;36 Jahre;360
2014;StB 8 Plauen;13 Südvorstadt, Zschertnitz;37 Jahre;323
2014;StB 8 Plauen;13 Südvorstadt, Zschertnitz;38 Jahre;271
2014;StB 8 Plauen;13 Südvorstadt, Zschertnitz;39 Jahre;232
2014;StB 8 Plauen;13 Südvorstadt, Zschertnitz;40 Jahre;198
2014;StB 8 Plauen;13 Südvorstadt, Zschertnitz;41 Jahre;206
2014;StB 8 Plauen;13 Südvorstadt, Zschertnitz;42 Jahre;232
2014;StB 8 Plauen;13 Südvorstadt, Zschertnitz;43 Jahre;251
2014;StB 8 Plauen;13 Südvorstadt, Zschertnitz;44 Jahre;235
2014;StB 8 Plauen;13 Südvorstadt, Zschertnitz;45 Jahre;222
2014;StB 8 Plauen;13 Südvorstadt, Zschertnitz;46 Jahre;281
2014;StB 8 Plauen;13 Südvorstadt, Zschertnitz;47 Jahre;245
2014;StB 8 Plauen;13 Südvorstadt, Zschertnitz;48 Jahre;254
2014;StB 8 Plauen;13 Südvorstadt, Zschertnitz;49 Jahre;267
2014;StB 8 Plauen;13 Südvorstadt, Zschertnitz;50 Jahre;262
2014;StB 8 Plauen;13 Südvorstadt, Zschertnitz;51 Jahre;290
2014;StB 8 Plauen;13 Südvorstadt, Zschertnitz;52 Jahre;280
2014;StB 8 Plauen;13 Südvorstadt, Zschertnitz;53 Jahre;267
2014;StB 8 Plauen;13 Südvorstadt, Zschertnitz;54 Jahre;274
2014;StB 8 Plauen;13 Südvorstadt, Zschertnitz;55 Jahre;275
2014;StB 8 Plauen;13 Südvorstadt, Zschertnitz;56 Jahre;259
2014;StB 8 Plauen;13 Südvorstadt, Zschertnitz;57 Jahre;220
2014;StB 8 Plauen;13 Südvorstadt, Zschertnitz;58 Jahre;241
2014;StB 8 Plauen;13 Südvorstadt, Zschertnitz;59 Jahre;251
2014;StB 8 Plauen;13 Südvorstadt, Zschertnitz;60 Jahre;280
2014;StB 8 Plauen;13 Südvorstadt, Zschertnitz;61 Jahre;287
2014;StB 8 Plauen;13 Südvorstadt, Zschertnitz;62 Jahre;265
2014;StB 8 Plauen;13 Südvorstadt, Zschertnitz;63 Jahre;323
2014;StB 8 Plauen;13 Südvorstadt, Zschertnitz;64 Jahre;319
2014;StB 8 Plauen;13 Südvorstadt, Zschertnitz;65 Jahre;299
2014;StB 8 Plauen;13 Südvorstadt, Zschertnitz;66 Jahre;259
2014;StB 8 Plauen;13 Südvorstadt, Zschertnitz;67 Jahre;269
2014;StB 8 Plauen;13 Südvorstadt, Zschertnitz;68 Jahre;166
2014;StB 8 Plauen;13 Südvorstadt, Zschertnitz;69 Jahre;271
2014;StB 8 Plauen;13 Südvorstadt, Zschertnitz;70 Jahre;405
2014;StB 8 Plauen;13 Südvorstadt, Zschertnitz;71 Jahre;379
2014;StB 8 Plauen;13 Südvorstadt, Zschertnitz;72 Jahre;354
2014;StB 8 Plauen;13 Südvorstadt, Zschertnitz;73 Jahre;416
2014;StB 8 Plauen;13 Südvorstadt, Zschertnitz;74 Jahre;420
2014;StB 8 Plauen;13 Südvorstadt, Zschertnitz;75 Jahre;372
2014;StB 8 Plauen;13 Südvorstadt, Zschertnitz;76 Jahre;329
2014;StB 8 Plauen;13 Südvorstadt, Zschertnitz;77 Jahre;296
2014;StB 8 Plauen;13 Südvorstadt, Zschertnitz;78 Jahre;300
2014;StB 8 Plauen;13 Südvorstadt, Zschertnitz;79 Jahre;274
2014;StB 8 Plauen;13 Südvorstadt, Zschertnitz;80 Jahre;294
2014;StB 8 Plauen;13 Südvorstadt, Zschertnitz;81 Jahre;200
2014;StB 8 Plauen;13 Südvorstadt, Zschertnitz;82 Jahre;160
2014;StB 8 Plauen;13 Südvorstadt, Zschertnitz;83 Jahre;200
2014;StB 8 Plauen;13 Südvorstadt, Zschertnitz;84 Jahre;176
2014;StB 8 Plauen;13 Südvorstadt, Zschertnitz;85 Jahre u.älter;749
2014;StB 8 Plauen;14 Mockritz, Coschütz, Plauen;0 Jahre;284
2014;StB 8 Plauen;14 Mockritz, Coschütz, Plauen;1 Jahre;279
2014;StB 8 Plauen;14 Mockritz, Coschütz, Plauen;2 Jahre;259
2014;StB 8 Plauen;14 Mockritz, Coschütz, Plauen;3 Jahre;277
2014;StB 8 Plauen;14 Mockritz, Coschütz, Plauen;4 Jahre;252
2014;StB 8 Plauen;14 Mockritz, Coschütz, Plauen;5 Jahre;278
2014;StB 8 Plauen;14 Mockritz, Coschütz, Plauen;6 Jahre;245
2014;StB 8 Plauen;14 Mockritz, Coschütz, Plauen;7 Jahre;207
2014;StB 8 Plauen;14 Mockritz, Coschütz, Plauen;8 Jahre;231
2014;StB 8 Plauen;14 Mockritz, Coschütz, Plauen;9 Jahre;205
2014;StB 8 Plauen;14 Mockritz, Coschütz, Plauen;10 Jahre;210
2014;StB 8 Plauen;14 Mockritz, Coschütz, Plauen;11 Jahre;198
2014;StB 8 Plauen;14 Mockritz, Coschütz, Plauen;12 Jahre;190
2014;StB 8 Plauen;14 Mockritz, Coschütz, Plauen;13 Jahre;186
2014;StB 8 Plauen;14 Mockritz, Coschütz, Plauen;14 Jahre;189
2014;StB 8 Plauen;14 Mockritz, Coschütz, Plauen;15 Jahre;167
2014;StB 8 Plauen;14 Mockritz, Coschütz, Plauen;16 Jahre;198
2014;StB 8 Plauen;14 Mockritz, Coschütz, Plauen;17 Jahre;175
2014;StB 8 Plauen;14 Mockritz, Coschütz, Plauen;18 Jahre;173
2014;StB 8 Plauen;14 Mockritz, Coschütz, Plauen;19 Jahre;192
2014;StB 8 Plauen;14 Mockritz, Coschütz, Plauen;20 Jahre;215
2014;StB 8 Plauen;14 Mockritz, Coschütz, Plauen;21 Jahre;251
2014;StB 8 Plauen;14 Mockritz, Coschütz, Plauen;22 Jahre;275
2014;StB 8 Plauen;14 Mockritz, Coschütz, Plauen;23 Jahre;331
2014;StB 8 Plauen;14 Mockritz, Coschütz, Plauen;24 Jahre;486
2014;StB 8 Plauen;14 Mockritz, Coschütz, Plauen;25 Jahre;437
2014;StB 8 Plauen;14 Mockritz, Coschütz, Plauen;26 Jahre;448
2014;StB 8 Plauen;14 Mockritz, Coschütz, Plauen;27 Jahre;437
2014;StB 8 Plauen;14 Mockritz, Coschütz, Plauen;28 Jahre;355
2014;StB 8 Plauen;14 Mockritz, Coschütz, Plauen;29 Jahre;391
2014;StB 8 Plauen;14 Mockritz, Coschütz, Plauen;30 Jahre;389
2014;StB 8 Plauen;14 Mockritz, Coschütz, Plauen;31 Jahre;372
2014;StB 8 Plauen;14 Mockritz, Coschütz, Plauen;32 Jahre;403
2014;StB 8 Plauen;14 Mockritz, Coschütz, Plauen;33 Jahre;404
2014;StB 8 Plauen;14 Mockritz, Coschütz, Plauen;34 Jahre;368
2014;StB 8 Plauen;14 Mockritz, Coschütz, Plauen;35 Jahre;377
2014;StB 8 Plauen;14 Mockritz, Coschütz, Plauen;36 Jahre;362
2014;StB 8 Plauen;14 Mockritz, Coschütz, Plauen;37 Jahre;390
2014;StB 8 Plauen;14 Mockritz, Coschütz, Plauen;38 Jahre;323
2014;StB 8 Plauen;14 Mockritz, Coschütz, Plauen;39 Jahre;282
2014;StB 8 Plauen;14 Mockritz, Coschütz, Plauen;40 Jahre;281
2014;StB 8 Plauen;14 Mockritz, Coschütz, Plauen;41 Jahre;275
2014;StB 8 Plauen;14 Mockritz, Coschütz, Plauen;42 Jahre;310
2014;StB 8 Plauen;14 Mockritz, Coschütz, Plauen;43 Jahre;348
2014;StB 8 Plauen;14 Mockritz, Coschütz, Plauen;44 Jahre;313
2014;StB 8 Plauen;14 Mockritz, Coschütz, Plauen;45 Jahre;314
2014;StB 8 Plauen;14 Mockritz, Coschütz, Plauen;46 Jahre;336
2014;StB 8 Plauen;14 Mockritz, Coschütz, Plauen;47 Jahre;298
2014;StB 8 Plauen;14 Mockritz, Coschütz, Plauen;48 Jahre;325
2014;StB 8 Plauen;14 Mockritz, Coschütz, Plauen;49 Jahre;362
2014;StB 8 Plauen;14 Mockritz, Coschütz, Plauen;50 Jahre;338
2014;StB 8 Plauen;14 Mockritz, Coschütz, Plauen;51 Jahre;358
2014;StB 8 Plauen;14 Mockritz, Coschütz, Plauen;52 Jahre;345
2014;StB 8 Plauen;14 Mockritz, Coschütz, Plauen;53 Jahre;314
2014;StB 8 Plauen;14 Mockritz, Coschütz, Plauen;54 Jahre;292
2014;StB 8 Plauen;14 Mockritz, Coschütz, Plauen;55 Jahre;304
2014;StB 8 Plauen;14 Mockritz, Coschütz, Plauen;56 Jahre;318
2014;StB 8 Plauen;14 Mockritz, Coschütz, Plauen;57 Jahre;291
2014;StB 8 Plauen;14 Mockritz, Coschütz, Plauen;58 Jahre;276
2014;StB 8 Plauen;14 Mockritz, Coschütz, Plauen;59 Jahre;316
2014;StB 8 Plauen;14 Mockritz, Coschütz, Plauen;60 Jahre;341
2014;StB 8 Plauen;14 Mockritz, Coschütz, Plauen;61 Jahre;342
2014;StB 8 Plauen;14 Mockritz, Coschütz, Plauen;62 Jahre;294
2014;StB 8 Plauen;14 Mockritz, Coschütz, Plauen;63 Jahre;320
2014;StB 8 Plauen;14 Mockritz, Coschütz, Plauen;64 Jahre;320
2014;StB 8 Plauen;14 Mockritz, Coschütz, Plauen;65 Jahre;285
2014;StB 8 Plauen;14 Mockritz, Coschütz, Plauen;66 Jahre;241
2014;StB 8 Plauen;14 Mockritz, Coschütz, Plauen;67 Jahre;203
2014;StB 8 Plauen;14 Mockritz, Coschütz, Plauen;68 Jahre;157
2014;StB 8 Plauen;14 Mockritz, Coschütz, Plauen;69 Jahre;185
2014;StB 8 Plauen;14 Mockritz, Coschütz, Plauen;70 Jahre;283
2014;StB 8 Plauen;14 Mockritz, Coschütz, Plauen;71 Jahre;294
2014;StB 8 Plauen;14 Mockritz, Coschütz, Plauen;72 Jahre;306
2014;StB 8 Plauen;14 Mockritz, Coschütz, Plauen;73 Jahre;298
2014;StB 8 Plauen;14 Mockritz, Coschütz, Plauen;74 Jahre;334
2014;StB 8 Plauen;14 Mockritz, Coschütz, Plauen;75 Jahre;299
2014;StB 8 Plauen;14 Mockritz, Coschütz, Plauen;76 Jahre;282
2014;StB 8 Plauen;14 Mockritz, Coschütz, Plauen;77 Jahre;234
2014;StB 8 Plauen;14 Mockritz, Coschütz, Plauen;78 Jahre;221
2014;StB 8 Plauen;14 Mockritz, Coschütz, Plauen;79 Jahre;201
2014;StB 8 Plauen;14 Mockritz, Coschütz, Plauen;80 Jahre;181
2014;StB 8 Plauen;14 Mockritz, Coschütz, Plauen;81 Jahre;121
2014;StB 8 Plauen;14 Mockritz, Coschütz, Plauen;82 Jahre;117
2014;StB 8 Plauen;14 Mockritz, Coschütz, Plauen;83 Jahre;108
2014;StB 8 Plauen;14 Mockritz, Coschütz, Plauen;84 Jahre;132
2014;StB 8 Plauen;14 Mockritz, Coschütz, Plauen;85 Jahre u.älter;663
2014;StB 9 Cotta/westliche Ortschaften;15 Cotta, Löbtau, Naußlitz, Dölzschen;0 Jahre;629
2014;StB 9 Cotta/westliche Ortschaften;15 Cotta, Löbtau, Naußlitz, Dölzschen;1 Jahre;555
2014;StB 9 Cotta/westliche Ortschaften;15 Cotta, Löbtau, Naußlitz, Dölzschen;2 Jahre;504
2014;StB 9 Cotta/westliche Ortschaften;15 Cotta, Löbtau, Naußlitz, Dölzschen;3 Jahre;502
2014;StB 9 Cotta/westliche Ortschaften;15 Cotta, Löbtau, Naußlitz, Dölzschen;4 Jahre;436
2014;StB 9 Cotta/westliche Ortschaften;15 Cotta, Löbtau, Naußlitz, Dölzschen;5 Jahre;413
2014;StB 9 Cotta/westliche Ortschaften;15 Cotta, Löbtau, Naußlitz, Dölzschen;6 Jahre;378
2014;StB 9 Cotta/westliche Ortschaften;15 Cotta, Löbtau, Naußlitz, Dölzschen;7 Jahre;357
2014;StB 9 Cotta/westliche Ortschaften;15 Cotta, Löbtau, Naußlitz, Dölzschen;8 Jahre;291
2014;StB 9 Cotta/westliche Ortschaften;15 Cotta, Löbtau, Naußlitz, Dölzschen;9 Jahre;303
2014;StB 9 Cotta/westliche Ortschaften;15 Cotta, Löbtau, Naußlitz, Dölzschen;10 Jahre;280
2014;StB 9 Cotta/westliche Ortschaften;15 Cotta, Löbtau, Naußlitz, Dölzschen;11 Jahre;282
2014;StB 9 Cotta/westliche Ortschaften;15 Cotta, Löbtau, Naußlitz, Dölzschen;12 Jahre;235
2014;StB 9 Cotta/westliche Ortschaften;15 Cotta, Löbtau, Naußlitz, Dölzschen;13 Jahre;234
2014;StB 9 Cotta/westliche Ortschaften;15 Cotta, Löbtau, Naußlitz, Dölzschen;14 Jahre;222
2014;StB 9 Cotta/westliche Ortschaften;15 Cotta, Löbtau, Naußlitz, Dölzschen;15 Jahre;215
2014;StB 9 Cotta/westliche Ortschaften;15 Cotta, Löbtau, Naußlitz, Dölzschen;16 Jahre;188
2014;StB 9 Cotta/westliche Ortschaften;15 Cotta, Löbtau, Naußlitz, Dölzschen;17 Jahre;182
2014;StB 9 Cotta/westliche Ortschaften;15 Cotta, Löbtau, Naußlitz, Dölzschen;18 Jahre;267
2014;StB 9 Cotta/westliche Ortschaften;15 Cotta, Löbtau, Naußlitz, Dölzschen;19 Jahre;449
2014;StB 9 Cotta/westliche Ortschaften;15 Cotta, Löbtau, Naußlitz, Dölzschen;20 Jahre;571
2014;StB 9 Cotta/westliche Ortschaften;15 Cotta, Löbtau, Naußlitz, Dölzschen;21 Jahre;646
2014;StB 9 Cotta/westliche Ortschaften;15 Cotta, Löbtau, Naußlitz, Dölzschen;22 Jahre;706
2014;StB 9 Cotta/westliche Ortschaften;15 Cotta, Löbtau, Naußlitz, Dölzschen;23 Jahre;833
2014;StB 9 Cotta/westliche Ortschaften;15 Cotta, Löbtau, Naußlitz, Dölzschen;24 Jahre;1303
2014;StB 9 Cotta/westliche Ortschaften;15 Cotta, Löbtau, Naußlitz, Dölzschen;25 Jahre;1283
2014;StB 9 Cotta/westliche Ortschaften;15 Cotta, Löbtau, Naußlitz, Dölzschen;26 Jahre;1187
2014;StB 9 Cotta/westliche Ortschaften;15 Cotta, Löbtau, Naußlitz, Dölzschen;27 Jahre;1229
2014;StB 9 Cotta/westliche Ortschaften;15 Cotta, Löbtau, Naußlitz, Dölzschen;28 Jahre;1094
2014;StB 9 Cotta/westliche Ortschaften;15 Cotta, Löbtau, Naußlitz, Dölzschen;29 Jahre;1022
2014;StB 9 Cotta/westliche Ortschaften;15 Cotta, Löbtau, Naußlitz, Dölzschen;30 Jahre;978
2014;StB 9 Cotta/westliche Ortschaften;15 Cotta, Löbtau, Naußlitz, Dölzschen;31 Jahre;944
2014;StB 9 Cotta/westliche Ortschaften;15 Cotta, Löbtau, Naußlitz, Dölzschen;32 Jahre;839
2014;StB 9 Cotta/westliche Ortschaften;15 Cotta, Löbtau, Naußlitz, Dölzschen;33 Jahre;848
2014;StB 9 Cotta/westliche Ortschaften;15 Cotta, Löbtau, Naußlitz, Dölzschen;34 Jahre;760
2014;StB 9 Cotta/westliche Ortschaften;15 Cotta, Löbtau, Naußlitz, Dölzschen;35 Jahre;726
2014;StB 9 Cotta/westliche Ortschaften;15 Cotta, Löbtau, Naußlitz, Dölzschen;36 Jahre;658
2014;StB 9 Cotta/westliche Ortschaften;15 Cotta, Löbtau, Naußlitz, Dölzschen;37 Jahre;601
2014;StB 9 Cotta/westliche Ortschaften;15 Cotta, Löbtau, Naußlitz, Dölzschen;38 Jahre;521
2014;StB 9 Cotta/westliche Ortschaften;15 Cotta, Löbtau, Naußlitz, Dölzschen;39 Jahre;458
2014;StB 9 Cotta/westliche Ortschaften;15 Cotta, Löbtau, Naußlitz, Dölzschen;40 Jahre;418
2014;StB 9 Cotta/westliche Ortschaften;15 Cotta, Löbtau, Naußlitz, Dölzschen;41 Jahre;400
2014;StB 9 Cotta/westliche Ortschaften;15 Cotta, Löbtau, Naußlitz, Dölzschen;42 Jahre;400
2014;StB 9 Cotta/westliche Ortschaften;15 Cotta, Löbtau, Naußlitz, Dölzschen;43 Jahre;448
2014;StB 9 Cotta/westliche Ortschaften;15 Cotta, Löbtau, Naußlitz, Dölzschen;44 Jahre;410
2014;StB 9 Cotta/westliche Ortschaften;15 Cotta, Löbtau, Naußlitz, Dölzschen;45 Jahre;430
2014;StB 9 Cotta/westliche Ortschaften;15 Cotta, Löbtau, Naußlitz, Dölzschen;46 Jahre;423
2014;StB 9 Cotta/westliche Ortschaften;15 Cotta, Löbtau, Naußlitz, Dölzschen;47 Jahre;462
2014;StB 9 Cotta/westliche Ortschaften;15 Cotta, Löbtau, Naußlitz, Dölzschen;48 Jahre;486
2014;StB 9 Cotta/westliche Ortschaften;15 Cotta, Löbtau, Naußlitz, Dölzschen;49 Jahre;519
2014;StB 9 Cotta/westliche Ortschaften;15 Cotta, Löbtau, Naußlitz, Dölzschen;50 Jahre;481
2014;StB 9 Cotta/westliche Ortschaften;15 Cotta, Löbtau, Naußlitz, Dölzschen;51 Jahre;518
2014;StB 9 Cotta/westliche Ortschaften;15 Cotta, Löbtau, Naußlitz, Dölzschen;52 Jahre;469
2014;StB 9 Cotta/westliche Ortschaften;15 Cotta, Löbtau, Naußlitz, Dölzschen;53 Jahre;477
2014;StB 9 Cotta/westliche Ortschaften;15 Cotta, Löbtau, Naußlitz, Dölzschen;54 Jahre;437
2014;StB 9 Cotta/westliche Ortschaften;15 Cotta, Löbtau, Naußlitz, Dölzschen;55 Jahre;454
2014;StB 9 Cotta/westliche Ortschaften;15 Cotta, Löbtau, Naußlitz, Dölzschen;56 Jahre;426
2014;StB 9 Cotta/westliche Ortschaften;15 Cotta, Löbtau, Naußlitz, Dölzschen;57 Jahre;405
2014;StB 9 Cotta/westliche Ortschaften;15 Cotta, Löbtau, Naußlitz, Dölzschen;58 Jahre;406
2014;StB 9 Cotta/westliche Ortschaften;15 Cotta, Löbtau, Naußlitz, Dölzschen;59 Jahre;398
2014;StB 9 Cotta/westliche Ortschaften;15 Cotta, Löbtau, Naußlitz, Dölzschen;60 Jahre;362
2014;StB 9 Cotta/westliche Ortschaften;15 Cotta, Löbtau, Naußlitz, Dölzschen;61 Jahre;389
2014;StB 9 Cotta/westliche Ortschaften;15 Cotta, Löbtau, Naußlitz, Dölzschen;62 Jahre;342
2014;StB 9 Cotta/westliche Ortschaften;15 Cotta, Löbtau, Naußlitz, Dölzschen;63 Jahre;344
2014;StB 9 Cotta/westliche Ortschaften;15 Cotta, Löbtau, Naußlitz, Dölzschen;64 Jahre;344
2014;StB 9 Cotta/westliche Ortschaften;15 Cotta, Löbtau, Naußlitz, Dölzschen;65 Jahre;297
2014;StB 9 Cotta/westliche Ortschaften;15 Cotta, Löbtau, Naußlitz, Dölzschen;66 Jahre;252
2014;StB 9 Cotta/westliche Ortschaften;15 Cotta, Löbtau, Naußlitz, Dölzschen;67 Jahre;259
2014;StB 9 Cotta/westliche Ortschaften;15 Cotta, Löbtau, Naußlitz, Dölzschen;68 Jahre;191
2014;StB 9 Cotta/westliche Ortschaften;15 Cotta, Löbtau, Naußlitz, Dölzschen;69 Jahre;222
2014;StB 9 Cotta/westliche Ortschaften;15 Cotta, Löbtau, Naußlitz, Dölzschen;70 Jahre;295
2014;StB 9 Cotta/westliche Ortschaften;15 Cotta, Löbtau, Naußlitz, Dölzschen;71 Jahre;270
2014;StB 9 Cotta/westliche Ortschaften;15 Cotta, Löbtau, Naußlitz, Dölzschen;72 Jahre;288
2014;StB 9 Cotta/westliche Ortschaften;15 Cotta, Löbtau, Naußlitz, Dölzschen;73 Jahre;325
2014;StB 9 Cotta/westliche Ortschaften;15 Cotta, Löbtau, Naußlitz, Dölzschen;74 Jahre;308
2014;StB 9 Cotta/westliche Ortschaften;15 Cotta, Löbtau, Naußlitz, Dölzschen;75 Jahre;304
2014;StB 9 Cotta/westliche Ortschaften;15 Cotta, Löbtau, Naußlitz, Dölzschen;76 Jahre;260
2014;StB 9 Cotta/westliche Ortschaften;15 Cotta, Löbtau, Naußlitz, Dölzschen;77 Jahre;250
2014;StB 9 Cotta/westliche Ortschaften;15 Cotta, Löbtau, Naußlitz, Dölzschen;78 Jahre;220
2014;StB 9 Cotta/westliche Ortschaften;15 Cotta, Löbtau, Naußlitz, Dölzschen;79 Jahre;200
2014;StB 9 Cotta/westliche Ortschaften;15 Cotta, Löbtau, Naußlitz, Dölzschen;80 Jahre;178
2014;StB 9 Cotta/westliche Ortschaften;15 Cotta, Löbtau, Naußlitz, Dölzschen;81 Jahre;115
2014;StB 9 Cotta/westliche Ortschaften;15 Cotta, Löbtau, Naußlitz, Dölzschen;82 Jahre;117
2014;StB 9 Cotta/westliche Ortschaften;15 Cotta, Löbtau, Naußlitz, Dölzschen;83 Jahre;115
2014;StB 9 Cotta/westliche Ortschaften;15 Cotta, Löbtau, Naußlitz, Dölzschen;84 Jahre;114
2014;StB 9 Cotta/westliche Ortschaften;15 Cotta, Löbtau, Naußlitz, Dölzschen;85 Jahre u.älter;689
2014;StB 9 Cotta/westliche Ortschaften;16 Gorbitz;0 Jahre;174
2014;StB 9 Cotta/westliche Ortschaften;16 Gorbitz;1 Jahre;197
2014;StB 9 Cotta/westliche Ortschaften;16 Gorbitz;2 Jahre;185
2014;StB 9 Cotta/westliche Ortschaften;16 Gorbitz;3 Jahre;170
2014;StB 9 Cotta/westliche Ortschaften;16 Gorbitz;4 Jahre;219
2014;StB 9 Cotta/westliche Ortschaften;16 Gorbitz;5 Jahre;198
2014;StB 9 Cotta/westliche Ortschaften;16 Gorbitz;6 Jahre;176
2014;StB 9 Cotta/westliche Ortschaften;16 Gorbitz;7 Jahre;174
2014;StB 9 Cotta/westliche Ortschaften;16 Gorbitz;8 Jahre;168
2014;StB 9 Cotta/westliche Ortschaften;16 Gorbitz;9 Jahre;164
2014;StB 9 Cotta/westliche Ortschaften;16 Gorbitz;10 Jahre;144
2014;StB 9 Cotta/westliche Ortschaften;16 Gorbitz;11 Jahre;137
2014;StB 9 Cotta/westliche Ortschaften;16 Gorbitz;12 Jahre;150
2014;StB 9 Cotta/westliche Ortschaften;16 Gorbitz;13 Jahre;141
2014;StB 9 Cotta/westliche Ortschaften;16 Gorbitz;14 Jahre;123
2014;StB 9 Cotta/westliche Ortschaften;16 Gorbitz;15 Jahre;130
2014;StB 9 Cotta/westliche Ortschaften;16 Gorbitz;16 Jahre;115
2014;StB 9 Cotta/westliche Ortschaften;16 Gorbitz;17 Jahre;137
2014;StB 9 Cotta/westliche Ortschaften;16 Gorbitz;18 Jahre;179
2014;StB 9 Cotta/westliche Ortschaften;16 Gorbitz;19 Jahre;265
2014;StB 9 Cotta/westliche Ortschaften;16 Gorbitz;20 Jahre;280
2014;StB 9 Cotta/westliche Ortschaften;16 Gorbitz;21 Jahre;288
2014;StB 9 Cotta/westliche Ortschaften;16 Gorbitz;22 Jahre;311
2014;StB 9 Cotta/westliche Ortschaften;16 Gorbitz;23 Jahre;352
2014;StB 9 Cotta/westliche Ortschaften;16 Gorbitz;24 Jahre;422
2014;StB 9 Cotta/westliche Ortschaften;16 Gorbitz;25 Jahre;419
2014;StB 9 Cotta/westliche Ortschaften;16 Gorbitz;26 Jahre;408
2014;StB 9 Cotta/westliche Ortschaften;16 Gorbitz;27 Jahre;397
2014;StB 9 Cotta/westliche Ortschaften;16 Gorbitz;28 Jahre;387
2014;StB 9 Cotta/westliche Ortschaften;16 Gorbitz;29 Jahre;390
2014;StB 9 Cotta/westliche Ortschaften;16 Gorbitz;30 Jahre;335
2014;StB 9 Cotta/westliche Ortschaften;16 Gorbitz;31 Jahre;349
2014;StB 9 Cotta/westliche Ortschaften;16 Gorbitz;32 Jahre;319
2014;StB 9 Cotta/westliche Ortschaften;16 Gorbitz;33 Jahre;325
2014;StB 9 Cotta/westliche Ortschaften;16 Gorbitz;34 Jahre;299
2014;StB 9 Cotta/westliche Ortschaften;16 Gorbitz;35 Jahre;263
2014;StB 9 Cotta/westliche Ortschaften;16 Gorbitz;36 Jahre;244
2014;StB 9 Cotta/westliche Ortschaften;16 Gorbitz;37 Jahre;250
2014;StB 9 Cotta/westliche Ortschaften;16 Gorbitz;38 Jahre;181
2014;StB 9 Cotta/westliche Ortschaften;16 Gorbitz;39 Jahre;159
2014;StB 9 Cotta/westliche Ortschaften;16 Gorbitz;40 Jahre;156
2014;StB 9 Cotta/westliche Ortschaften;16 Gorbitz;41 Jahre;166
2014;StB 9 Cotta/westliche Ortschaften;16 Gorbitz;42 Jahre;166
2014;StB 9 Cotta/westliche Ortschaften;16 Gorbitz;43 Jahre;188
2014;StB 9 Cotta/westliche Ortschaften;16 Gorbitz;44 Jahre;175
2014;StB 9 Cotta/westliche Ortschaften;16 Gorbitz;45 Jahre;167
2014;StB 9 Cotta/westliche Ortschaften;16 Gorbitz;46 Jahre;181
2014;StB 9 Cotta/westliche Ortschaften;16 Gorbitz;47 Jahre;199
2014;StB 9 Cotta/westliche Ortschaften;16 Gorbitz;48 Jahre;220
2014;StB 9 Cotta/westliche Ortschaften;16 Gorbitz;49 Jahre;238
2014;StB 9 Cotta/westliche Ortschaften;16 Gorbitz;50 Jahre;253
2014;StB 9 Cotta/westliche Ortschaften;16 Gorbitz;51 Jahre;322
2014;StB 9 Cotta/westliche Ortschaften;16 Gorbitz;52 Jahre;292
2014;StB 9 Cotta/westliche Ortschaften;16 Gorbitz;53 Jahre;342
2014;StB 9 Cotta/westliche Ortschaften;16 Gorbitz;54 Jahre;333
2014;StB 9 Cotta/westliche Ortschaften;16 Gorbitz;55 Jahre;349
2014;StB 9 Cotta/westliche Ortschaften;16 Gorbitz;56 Jahre;335
2014;StB 9 Cotta/westliche Ortschaften;16 Gorbitz;57 Jahre;376
2014;StB 9 Cotta/westliche Ortschaften;16 Gorbitz;58 Jahre;385
2014;StB 9 Cotta/westliche Ortschaften;16 Gorbitz;59 Jahre;428
2014;StB 9 Cotta/westliche Ortschaften;16 Gorbitz;60 Jahre;390
2014;StB 9 Cotta/westliche Ortschaften;16 Gorbitz;61 Jahre;358
2014;StB 9 Cotta/westliche Ortschaften;16 Gorbitz;62 Jahre;365
2014;StB 9 Cotta/westliche Ortschaften;16 Gorbitz;63 Jahre;412
2014;StB 9 Cotta/westliche Ortschaften;16 Gorbitz;64 Jahre;342
2014;StB 9 Cotta/westliche Ortschaften;16 Gorbitz;65 Jahre;276
2014;StB 9 Cotta/westliche Ortschaften;16 Gorbitz;66 Jahre;218
2014;StB 9 Cotta/westliche Ortschaften;16 Gorbitz;67 Jahre;218
2014;StB 9 Cotta/westliche Ortschaften;16 Gorbitz;68 Jahre;144
2014;StB 9 Cotta/westliche Ortschaften;16 Gorbitz;69 Jahre;161
2014;StB 9 Cotta/westliche Ortschaften;16 Gorbitz;70 Jahre;258
2014;StB 9 Cotta/westliche Ortschaften;16 Gorbitz;71 Jahre;206
2014;StB 9 Cotta/westliche Ortschaften;16 Gorbitz;72 Jahre;197
2014;StB 9 Cotta/westliche Ortschaften;16 Gorbitz;73 Jahre;235
2014;StB 9 Cotta/westliche Ortschaften;16 Gorbitz;74 Jahre;233
2014;StB 9 Cotta/westliche Ortschaften;16 Gorbitz;75 Jahre;176
2014;StB 9 Cotta/westliche Ortschaften;16 Gorbitz;76 Jahre;180
2014;StB 9 Cotta/westliche Ortschaften;16 Gorbitz;77 Jahre;150
2014;StB 9 Cotta/westliche Ortschaften;16 Gorbitz;78 Jahre;145
2014;StB 9 Cotta/westliche Ortschaften;16 Gorbitz;79 Jahre;155
2014;StB 9 Cotta/westliche Ortschaften;16 Gorbitz;80 Jahre;127
2014;StB 9 Cotta/westliche Ortschaften;16 Gorbitz;81 Jahre;92
2014;StB 9 Cotta/westliche Ortschaften;16 Gorbitz;82 Jahre;86
2014;StB 9 Cotta/westliche Ortschaften;16 Gorbitz;83 Jahre;92
2014;StB 9 Cotta/westliche Ortschaften;16 Gorbitz;84 Jahre;112
2014;StB 9 Cotta/westliche Ortschaften;16 Gorbitz;85 Jahre u.älter;604
2014;StB 9 Cotta/westliche Ortschaften;17 Briesnitz und westliche OS;0 Jahre;229
2014;StB 9 Cotta/westliche Ortschaften;17 Briesnitz und westliche OS;1 Jahre;256
2014;StB 9 Cotta/westliche Ortschaften;17 Briesnitz und westliche OS;2 Jahre;228
2014;StB 9 Cotta/westliche Ortschaften;17 Briesnitz und westliche OS;3 Jahre;240
2014;StB 9 Cotta/westliche Ortschaften;17 Briesnitz und westliche OS;4 Jahre;237
2014;StB 9 Cotta/westliche Ortschaften;17 Briesnitz und westliche OS;5 Jahre;208
2014;StB 9 Cotta/westliche Ortschaften;17 Briesnitz und westliche OS;6 Jahre;237
2014;StB 9 Cotta/westliche Ortschaften;17 Briesnitz und westliche OS;7 Jahre;256
2014;StB 9 Cotta/westliche Ortschaften;17 Briesnitz und westliche OS;8 Jahre;215
2014;StB 9 Cotta/westliche Ortschaften;17 Briesnitz und westliche OS;9 Jahre;204
2014;StB 9 Cotta/westliche Ortschaften;17 Briesnitz und westliche OS;10 Jahre;227
2014;StB 9 Cotta/westliche Ortschaften;17 Briesnitz und westliche OS;11 Jahre;195
2014;StB 9 Cotta/westliche Ortschaften;17 Briesnitz und westliche OS;12 Jahre;187
2014;StB 9 Cotta/westliche Ortschaften;17 Briesnitz und westliche OS;13 Jahre;162
2014;StB 9 Cotta/westliche Ortschaften;17 Briesnitz und westliche OS;14 Jahre;213
2014;StB 9 Cotta/westliche Ortschaften;17 Briesnitz und westliche OS;15 Jahre;218
2014;StB 9 Cotta/westliche Ortschaften;17 Briesnitz und westliche OS;16 Jahre;169
2014;StB 9 Cotta/westliche Ortschaften;17 Briesnitz und westliche OS;17 Jahre;186
2014;StB 9 Cotta/westliche Ortschaften;17 Briesnitz und westliche OS;18 Jahre;179
2014;StB 9 Cotta/westliche Ortschaften;17 Briesnitz und westliche OS;19 Jahre;135
2014;StB 9 Cotta/westliche Ortschaften;17 Briesnitz und westliche OS;20 Jahre;124
2014;StB 9 Cotta/westliche Ortschaften;17 Briesnitz und westliche OS;21 Jahre;122
2014;StB 9 Cotta/westliche Ortschaften;17 Briesnitz und westliche OS;22 Jahre;95
2014;StB 9 Cotta/westliche Ortschaften;17 Briesnitz und westliche OS;23 Jahre;131
2014;StB 9 Cotta/westliche Ortschaften;17 Briesnitz und westliche OS;24 Jahre;217
2014;StB 9 Cotta/westliche Ortschaften;17 Briesnitz und westliche OS;25 Jahre;248
2014;StB 9 Cotta/westliche Ortschaften;17 Briesnitz und westliche OS;26 Jahre;265
2014;StB 9 Cotta/westliche Ortschaften;17 Briesnitz und westliche OS;27 Jahre;251
2014;StB 9 Cotta/westliche Ortschaften;17 Briesnitz und westliche OS;28 Jahre;245
2014;StB 9 Cotta/westliche Ortschaften;17 Briesnitz und westliche OS;29 Jahre;276
2014;StB 9 Cotta/westliche Ortschaften;17 Briesnitz und westliche OS;30 Jahre;292
2014;StB 9 Cotta/westliche Ortschaften;17 Briesnitz und westliche OS;31 Jahre;330
2014;StB 9 Cotta/westliche Ortschaften;17 Briesnitz und westliche OS;32 Jahre;328
2014;StB 9 Cotta/westliche Ortschaften;17 Briesnitz und westliche OS;33 Jahre;295
2014;StB 9 Cotta/westliche Ortschaften;17 Briesnitz und westliche OS;34 Jahre;360
2014;StB 9 Cotta/westliche Ortschaften;17 Briesnitz und westliche OS;35 Jahre;343
2014;StB 9 Cotta/westliche Ortschaften;17 Briesnitz und westliche OS;36 Jahre;336
2014;StB 9 Cotta/westliche Ortschaften;17 Briesnitz und westliche OS;37 Jahre;337
2014;StB 9 Cotta/westliche Ortschaften;17 Briesnitz und westliche OS;38 Jahre;300
2014;StB 9 Cotta/westliche Ortschaften;17 Briesnitz und westliche OS;39 Jahre;273
2014;StB 9 Cotta/westliche Ortschaften;17 Briesnitz und westliche OS;40 Jahre;259
2014;StB 9 Cotta/westliche Ortschaften;17 Briesnitz und westliche OS;41 Jahre;286
2014;StB 9 Cotta/westliche Ortschaften;17 Briesnitz und westliche OS;42 Jahre;298
2014;StB 9 Cotta/westliche Ortschaften;17 Briesnitz und westliche OS;43 Jahre;346
2014;StB 9 Cotta/westliche Ortschaften;17 Briesnitz und westliche OS;44 Jahre;361
2014;StB 9 Cotta/westliche Ortschaften;17 Briesnitz und westliche OS;45 Jahre;374
2014;StB 9 Cotta/westliche Ortschaften;17 Briesnitz und westliche OS;46 Jahre;369
2014;StB 9 Cotta/westliche Ortschaften;17 Briesnitz und westliche OS;47 Jahre;353
2014;StB 9 Cotta/westliche Ortschaften;17 Briesnitz und westliche OS;48 Jahre;395
2014;StB 9 Cotta/westliche Ortschaften;17 Briesnitz und westliche OS;49 Jahre;387
2014;StB 9 Cotta/westliche Ortschaften;17 Briesnitz und westliche OS;50 Jahre;385
2014;StB 9 Cotta/westliche Ortschaften;17 Briesnitz und westliche OS;51 Jahre;403
2014;StB 9 Cotta/westliche Ortschaften;17 Briesnitz und westliche OS;52 Jahre;416
2014;StB 9 Cotta/westliche Ortschaften;17 Briesnitz und westliche OS;53 Jahre;392
2014;StB 9 Cotta/westliche Ortschaften;17 Briesnitz und westliche OS;54 Jahre;391
2014;StB 9 Cotta/westliche Ortschaften;17 Briesnitz und westliche OS;55 Jahre;395
2014;StB 9 Cotta/westliche Ortschaften;17 Briesnitz und westliche OS;56 Jahre;376
2014;StB 9 Cotta/westliche Ortschaften;17 Briesnitz und westliche OS;57 Jahre;342
2014;StB 9 Cotta/westliche Ortschaften;17 Briesnitz und westliche OS;58 Jahre;337
2014;StB 9 Cotta/westliche Ortschaften;17 Briesnitz und westliche OS;59 Jahre;335
2014;StB 9 Cotta/westliche Ortschaften;17 Briesnitz und westliche OS;60 Jahre;369
2014;StB 9 Cotta/westliche Ortschaften;17 Briesnitz und westliche OS;61 Jahre;302
2014;StB 9 Cotta/westliche Ortschaften;17 Briesnitz und westliche OS;62 Jahre;327
2014;StB 9 Cotta/westliche Ortschaften;17 Briesnitz und westliche OS;63 Jahre;306
2014;StB 9 Cotta/westliche Ortschaften;17 Briesnitz und westliche OS;64 Jahre;303
2014;StB 9 Cotta/westliche Ortschaften;17 Briesnitz und westliche OS;65 Jahre;274
2014;StB 9 Cotta/westliche Ortschaften;17 Briesnitz und westliche OS;66 Jahre;215
2014;StB 9 Cotta/westliche Ortschaften;17 Briesnitz und westliche OS;67 Jahre;206
2014;StB 9 Cotta/westliche Ortschaften;17 Briesnitz und westliche OS;68 Jahre;170
2014;StB 9 Cotta/westliche Ortschaften;17 Briesnitz und westliche OS;69 Jahre;183
2014;StB 9 Cotta/westliche Ortschaften;17 Briesnitz und westliche OS;70 Jahre;289
2014;StB 9 Cotta/westliche Ortschaften;17 Briesnitz und westliche OS;71 Jahre;271
2014;StB 9 Cotta/westliche Ortschaften;17 Briesnitz und westliche OS;72 Jahre;280
2014;StB 9 Cotta/westliche Ortschaften;17 Briesnitz und westliche OS;73 Jahre;342
2014;StB 9 Cotta/westliche Ortschaften;17 Briesnitz und westliche OS;74 Jahre;303
2014;StB 9 Cotta/westliche Ortschaften;17 Briesnitz und westliche OS;75 Jahre;263
2014;StB 9 Cotta/westliche Ortschaften;17 Briesnitz und westliche OS;76 Jahre;250
2014;StB 9 Cotta/westliche Ortschaften;17 Briesnitz und westliche OS;77 Jahre;202
2014;StB 9 Cotta/westliche Ortschaften;17 Briesnitz und westliche OS;78 Jahre;199
2014;StB 9 Cotta/westliche Ortschaften;17 Briesnitz und westliche OS;79 Jahre;178
2014;StB 9 Cotta/westliche Ortschaften;17 Briesnitz und westliche OS;80 Jahre;146
2014;StB 9 Cotta/westliche Ortschaften;17 Briesnitz und westliche OS;81 Jahre;110
2014;StB 9 Cotta/westliche Ortschaften;17 Briesnitz und westliche OS;82 Jahre;103
2014;StB 9 Cotta/westliche Ortschaften;17 Briesnitz und westliche OS;83 Jahre;106
2014;StB 9 Cotta/westliche Ortschaften;17 Briesnitz und westliche OS;84 Jahre;100
2014;StB 9 Cotta/westliche Ortschaften;17 Briesnitz und westliche OS;85 Jahre u.älter;472
