Jahr;Stadtbezirk mit zugeordneten Ortschaften;Stadtraum;Alter in Jahren bis 85 (über 85-Jährige werden Jahrgang 85 zugeordnet);Anzahl Einwohner
2017;StB 0 Altstadt;01 StB Altstadt ohne Johannstadt;0 Jahre;329
2017;StB 0 Altstadt;01 StB Altstadt ohne Johannstadt;1 Jahre;305
2017;StB 0 Altstadt;01 StB Altstadt ohne Johannstadt;2 Jahre;275
2017;StB 0 Altstadt;01 StB Altstadt ohne Johannstadt;3 Jahre;236
2017;StB 0 Altstadt;01 StB Altstadt ohne Johannstadt;4 Jahre;234
2017;StB 0 Altstadt;01 StB Altstadt ohne Johannstadt;5 Jahre;226
2017;StB 0 Altstadt;01 StB Altstadt ohne Johannstadt;6 Jahre;214
2017;StB 0 Altstadt;01 StB Altstadt ohne Johannstadt;7 Jahre;167
2017;StB 0 Altstadt;01 StB Altstadt ohne Johannstadt;8 Jahre;180
2017;StB 0 Altstadt;01 StB Altstadt ohne Johannstadt;9 Jahre;179
2017;StB 0 Altstadt;01 StB Altstadt ohne Johannstadt;10 Jahre;128
2017;StB 0 Altstadt;01 StB Altstadt ohne Johannstadt;11 Jahre;167
2017;StB 0 Altstadt;01 StB Altstadt ohne Johannstadt;12 Jahre;117
2017;StB 0 Altstadt;01 StB Altstadt ohne Johannstadt;13 Jahre;121
2017;StB 0 Altstadt;01 StB Altstadt ohne Johannstadt;14 Jahre;148
2017;StB 0 Altstadt;01 StB Altstadt ohne Johannstadt;15 Jahre;102
2017;StB 0 Altstadt;01 StB Altstadt ohne Johannstadt;16 Jahre;139
2017;StB 0 Altstadt;01 StB Altstadt ohne Johannstadt;17 Jahre;171
2017;StB 0 Altstadt;01 StB Altstadt ohne Johannstadt;18 Jahre;323
2017;StB 0 Altstadt;01 StB Altstadt ohne Johannstadt;19 Jahre;524
2017;StB 0 Altstadt;01 StB Altstadt ohne Johannstadt;20 Jahre;665
2017;StB 0 Altstadt;01 StB Altstadt ohne Johannstadt;21 Jahre;754
2017;StB 0 Altstadt;01 StB Altstadt ohne Johannstadt;22 Jahre;742
2017;StB 0 Altstadt;01 StB Altstadt ohne Johannstadt;23 Jahre;855
2017;StB 0 Altstadt;01 StB Altstadt ohne Johannstadt;24 Jahre;841
2017;StB 0 Altstadt;01 StB Altstadt ohne Johannstadt;25 Jahre;843
2017;StB 0 Altstadt;01 StB Altstadt ohne Johannstadt;26 Jahre;868
2017;StB 0 Altstadt;01 StB Altstadt ohne Johannstadt;27 Jahre;1062
2017;StB 0 Altstadt;01 StB Altstadt ohne Johannstadt;28 Jahre;992
2017;StB 0 Altstadt;01 StB Altstadt ohne Johannstadt;29 Jahre;842
2017;StB 0 Altstadt;01 StB Altstadt ohne Johannstadt;30 Jahre;773
2017;StB 0 Altstadt;01 StB Altstadt ohne Johannstadt;31 Jahre;707
2017;StB 0 Altstadt;01 StB Altstadt ohne Johannstadt;32 Jahre;645
2017;StB 0 Altstadt;01 StB Altstadt ohne Johannstadt;33 Jahre;558
2017;StB 0 Altstadt;01 StB Altstadt ohne Johannstadt;34 Jahre;558
2017;StB 0 Altstadt;01 StB Altstadt ohne Johannstadt;35 Jahre;476
2017;StB 0 Altstadt;01 StB Altstadt ohne Johannstadt;36 Jahre;420
2017;StB 0 Altstadt;01 StB Altstadt ohne Johannstadt;37 Jahre;442
2017;StB 0 Altstadt;01 StB Altstadt ohne Johannstadt;38 Jahre;381
2017;StB 0 Altstadt;01 StB Altstadt ohne Johannstadt;39 Jahre;335
2017;StB 0 Altstadt;01 StB Altstadt ohne Johannstadt;40 Jahre;313
2017;StB 0 Altstadt;01 StB Altstadt ohne Johannstadt;41 Jahre;259
2017;StB 0 Altstadt;01 StB Altstadt ohne Johannstadt;42 Jahre;260
2017;StB 0 Altstadt;01 StB Altstadt ohne Johannstadt;43 Jahre;210
2017;StB 0 Altstadt;01 StB Altstadt ohne Johannstadt;44 Jahre;208
2017;StB 0 Altstadt;01 StB Altstadt ohne Johannstadt;45 Jahre;219
2017;StB 0 Altstadt;01 StB Altstadt ohne Johannstadt;46 Jahre;256
2017;StB 0 Altstadt;01 StB Altstadt ohne Johannstadt;47 Jahre;231
2017;StB 0 Altstadt;01 StB Altstadt ohne Johannstadt;48 Jahre;263
2017;StB 0 Altstadt;01 StB Altstadt ohne Johannstadt;49 Jahre;264
2017;StB 0 Altstadt;01 StB Altstadt ohne Johannstadt;50 Jahre;240
2017;StB 0 Altstadt;01 StB Altstadt ohne Johannstadt;51 Jahre;279
2017;StB 0 Altstadt;01 StB Altstadt ohne Johannstadt;52 Jahre;279
2017;StB 0 Altstadt;01 StB Altstadt ohne Johannstadt;53 Jahre;303
2017;StB 0 Altstadt;01 StB Altstadt ohne Johannstadt;54 Jahre;295
2017;StB 0 Altstadt;01 StB Altstadt ohne Johannstadt;55 Jahre;271
2017;StB 0 Altstadt;01 StB Altstadt ohne Johannstadt;56 Jahre;291
2017;StB 0 Altstadt;01 StB Altstadt ohne Johannstadt;57 Jahre;337
2017;StB 0 Altstadt;01 StB Altstadt ohne Johannstadt;58 Jahre;289
2017;StB 0 Altstadt;01 StB Altstadt ohne Johannstadt;59 Jahre;276
2017;StB 0 Altstadt;01 StB Altstadt ohne Johannstadt;60 Jahre;261
2017;StB 0 Altstadt;01 StB Altstadt ohne Johannstadt;61 Jahre;265
2017;StB 0 Altstadt;01 StB Altstadt ohne Johannstadt;62 Jahre;262
2017;StB 0 Altstadt;01 StB Altstadt ohne Johannstadt;63 Jahre;268
2017;StB 0 Altstadt;01 StB Altstadt ohne Johannstadt;64 Jahre;226
2017;StB 0 Altstadt;01 StB Altstadt ohne Johannstadt;65 Jahre;241
2017;StB 0 Altstadt;01 StB Altstadt ohne Johannstadt;66 Jahre;253
2017;StB 0 Altstadt;01 StB Altstadt ohne Johannstadt;67 Jahre;224
2017;StB 0 Altstadt;01 StB Altstadt ohne Johannstadt;68 Jahre;247
2017;StB 0 Altstadt;01 StB Altstadt ohne Johannstadt;69 Jahre;194
2017;StB 0 Altstadt;01 StB Altstadt ohne Johannstadt;70 Jahre;197
2017;StB 0 Altstadt;01 StB Altstadt ohne Johannstadt;71 Jahre;161
2017;StB 0 Altstadt;01 StB Altstadt ohne Johannstadt;72 Jahre;186
2017;StB 0 Altstadt;01 StB Altstadt ohne Johannstadt;73 Jahre;276
2017;StB 0 Altstadt;01 StB Altstadt ohne Johannstadt;74 Jahre;262
2017;StB 0 Altstadt;01 StB Altstadt ohne Johannstadt;75 Jahre;295
2017;StB 0 Altstadt;01 StB Altstadt ohne Johannstadt;76 Jahre;358
2017;StB 0 Altstadt;01 StB Altstadt ohne Johannstadt;77 Jahre;431
2017;StB 0 Altstadt;01 StB Altstadt ohne Johannstadt;78 Jahre;454
2017;StB 0 Altstadt;01 StB Altstadt ohne Johannstadt;79 Jahre;518
2017;StB 0 Altstadt;01 StB Altstadt ohne Johannstadt;80 Jahre;553
2017;StB 0 Altstadt;01 StB Altstadt ohne Johannstadt;81 Jahre;481
2017;StB 0 Altstadt;01 StB Altstadt ohne Johannstadt;82 Jahre;546
2017;StB 0 Altstadt;01 StB Altstadt ohne Johannstadt;83 Jahre;475
2017;StB 0 Altstadt;01 StB Altstadt ohne Johannstadt;84 Jahre;317
2017;StB 0 Altstadt;01 StB Altstadt ohne Johannstadt;85 Jahre u.älter;1836
2017;StB 0 Altstadt;02 Johannstadt;0 Jahre;244
2017;StB 0 Altstadt;02 Johannstadt;1 Jahre;221
2017;StB 0 Altstadt;02 Johannstadt;2 Jahre;207
2017;StB 0 Altstadt;02 Johannstadt;3 Jahre;223
2017;StB 0 Altstadt;02 Johannstadt;4 Jahre;210
2017;StB 0 Altstadt;02 Johannstadt;5 Jahre;201
2017;StB 0 Altstadt;02 Johannstadt;6 Jahre;220
2017;StB 0 Altstadt;02 Johannstadt;7 Jahre;165
2017;StB 0 Altstadt;02 Johannstadt;8 Jahre;183
2017;StB 0 Altstadt;02 Johannstadt;9 Jahre;149
2017;StB 0 Altstadt;02 Johannstadt;10 Jahre;164
2017;StB 0 Altstadt;02 Johannstadt;11 Jahre;170
2017;StB 0 Altstadt;02 Johannstadt;12 Jahre;130
2017;StB 0 Altstadt;02 Johannstadt;13 Jahre;171
2017;StB 0 Altstadt;02 Johannstadt;14 Jahre;123
2017;StB 0 Altstadt;02 Johannstadt;15 Jahre;134
2017;StB 0 Altstadt;02 Johannstadt;16 Jahre;112
2017;StB 0 Altstadt;02 Johannstadt;17 Jahre;144
2017;StB 0 Altstadt;02 Johannstadt;18 Jahre;193
2017;StB 0 Altstadt;02 Johannstadt;19 Jahre;242
2017;StB 0 Altstadt;02 Johannstadt;20 Jahre;271
2017;StB 0 Altstadt;02 Johannstadt;21 Jahre;289
2017;StB 0 Altstadt;02 Johannstadt;22 Jahre;302
2017;StB 0 Altstadt;02 Johannstadt;23 Jahre;324
2017;StB 0 Altstadt;02 Johannstadt;24 Jahre;334
2017;StB 0 Altstadt;02 Johannstadt;25 Jahre;319
2017;StB 0 Altstadt;02 Johannstadt;26 Jahre;343
2017;StB 0 Altstadt;02 Johannstadt;27 Jahre;449
2017;StB 0 Altstadt;02 Johannstadt;28 Jahre;440
2017;StB 0 Altstadt;02 Johannstadt;29 Jahre;453
2017;StB 0 Altstadt;02 Johannstadt;30 Jahre;441
2017;StB 0 Altstadt;02 Johannstadt;31 Jahre;375
2017;StB 0 Altstadt;02 Johannstadt;32 Jahre;381
2017;StB 0 Altstadt;02 Johannstadt;33 Jahre;362
2017;StB 0 Altstadt;02 Johannstadt;34 Jahre;338
2017;StB 0 Altstadt;02 Johannstadt;35 Jahre;297
2017;StB 0 Altstadt;02 Johannstadt;36 Jahre;309
2017;StB 0 Altstadt;02 Johannstadt;37 Jahre;282
2017;StB 0 Altstadt;02 Johannstadt;38 Jahre;289
2017;StB 0 Altstadt;02 Johannstadt;39 Jahre;219
2017;StB 0 Altstadt;02 Johannstadt;40 Jahre;262
2017;StB 0 Altstadt;02 Johannstadt;41 Jahre;192
2017;StB 0 Altstadt;02 Johannstadt;42 Jahre;201
2017;StB 0 Altstadt;02 Johannstadt;43 Jahre;200
2017;StB 0 Altstadt;02 Johannstadt;44 Jahre;200
2017;StB 0 Altstadt;02 Johannstadt;45 Jahre;228
2017;StB 0 Altstadt;02 Johannstadt;46 Jahre;217
2017;StB 0 Altstadt;02 Johannstadt;47 Jahre;241
2017;StB 0 Altstadt;02 Johannstadt;48 Jahre;217
2017;StB 0 Altstadt;02 Johannstadt;49 Jahre;209
2017;StB 0 Altstadt;02 Johannstadt;50 Jahre;224
2017;StB 0 Altstadt;02 Johannstadt;51 Jahre;231
2017;StB 0 Altstadt;02 Johannstadt;52 Jahre;236
2017;StB 0 Altstadt;02 Johannstadt;53 Jahre;250
2017;StB 0 Altstadt;02 Johannstadt;54 Jahre;215
2017;StB 0 Altstadt;02 Johannstadt;55 Jahre;260
2017;StB 0 Altstadt;02 Johannstadt;56 Jahre;223
2017;StB 0 Altstadt;02 Johannstadt;57 Jahre;233
2017;StB 0 Altstadt;02 Johannstadt;58 Jahre;221
2017;StB 0 Altstadt;02 Johannstadt;59 Jahre;201
2017;StB 0 Altstadt;02 Johannstadt;60 Jahre;203
2017;StB 0 Altstadt;02 Johannstadt;61 Jahre;191
2017;StB 0 Altstadt;02 Johannstadt;62 Jahre;248
2017;StB 0 Altstadt;02 Johannstadt;63 Jahre;254
2017;StB 0 Altstadt;02 Johannstadt;64 Jahre;228
2017;StB 0 Altstadt;02 Johannstadt;65 Jahre;253
2017;StB 0 Altstadt;02 Johannstadt;66 Jahre;261
2017;StB 0 Altstadt;02 Johannstadt;67 Jahre;284
2017;StB 0 Altstadt;02 Johannstadt;68 Jahre;309
2017;StB 0 Altstadt;02 Johannstadt;69 Jahre;223
2017;StB 0 Altstadt;02 Johannstadt;70 Jahre;296
2017;StB 0 Altstadt;02 Johannstadt;71 Jahre;225
2017;StB 0 Altstadt;02 Johannstadt;72 Jahre;307
2017;StB 0 Altstadt;02 Johannstadt;73 Jahre;445
2017;StB 0 Altstadt;02 Johannstadt;74 Jahre;442
2017;StB 0 Altstadt;02 Johannstadt;75 Jahre;408
2017;StB 0 Altstadt;02 Johannstadt;76 Jahre;519
2017;StB 0 Altstadt;02 Johannstadt;77 Jahre;496
2017;StB 0 Altstadt;02 Johannstadt;78 Jahre;504
2017;StB 0 Altstadt;02 Johannstadt;79 Jahre;440
2017;StB 0 Altstadt;02 Johannstadt;80 Jahre;425
2017;StB 0 Altstadt;02 Johannstadt;81 Jahre;435
2017;StB 0 Altstadt;02 Johannstadt;82 Jahre;428
2017;StB 0 Altstadt;02 Johannstadt;83 Jahre;345
2017;StB 0 Altstadt;02 Johannstadt;84 Jahre;262
2017;StB 0 Altstadt;02 Johannstadt;85 Jahre u.älter;1469
2017;StB 1 Neustadt;03 StB Neustadt ohne Leipziger Vorstadt;0 Jahre;593
2017;StB 1 Neustadt;03 StB Neustadt ohne Leipziger Vorstadt;1 Jahre;509
2017;StB 1 Neustadt;03 StB Neustadt ohne Leipziger Vorstadt;2 Jahre;531
2017;StB 1 Neustadt;03 StB Neustadt ohne Leipziger Vorstadt;3 Jahre;493
2017;StB 1 Neustadt;03 StB Neustadt ohne Leipziger Vorstadt;4 Jahre;448
2017;StB 1 Neustadt;03 StB Neustadt ohne Leipziger Vorstadt;5 Jahre;429
2017;StB 1 Neustadt;03 StB Neustadt ohne Leipziger Vorstadt;6 Jahre;440
2017;StB 1 Neustadt;03 StB Neustadt ohne Leipziger Vorstadt;7 Jahre;421
2017;StB 1 Neustadt;03 StB Neustadt ohne Leipziger Vorstadt;8 Jahre;414
2017;StB 1 Neustadt;03 StB Neustadt ohne Leipziger Vorstadt;9 Jahre;382
2017;StB 1 Neustadt;03 StB Neustadt ohne Leipziger Vorstadt;10 Jahre;388
2017;StB 1 Neustadt;03 StB Neustadt ohne Leipziger Vorstadt;11 Jahre;334
2017;StB 1 Neustadt;03 StB Neustadt ohne Leipziger Vorstadt;12 Jahre;305
2017;StB 1 Neustadt;03 StB Neustadt ohne Leipziger Vorstadt;13 Jahre;332
2017;StB 1 Neustadt;03 StB Neustadt ohne Leipziger Vorstadt;14 Jahre;272
2017;StB 1 Neustadt;03 StB Neustadt ohne Leipziger Vorstadt;15 Jahre;260
2017;StB 1 Neustadt;03 StB Neustadt ohne Leipziger Vorstadt;16 Jahre;236
2017;StB 1 Neustadt;03 StB Neustadt ohne Leipziger Vorstadt;17 Jahre;257
2017;StB 1 Neustadt;03 StB Neustadt ohne Leipziger Vorstadt;18 Jahre;302
2017;StB 1 Neustadt;03 StB Neustadt ohne Leipziger Vorstadt;19 Jahre;321
2017;StB 1 Neustadt;03 StB Neustadt ohne Leipziger Vorstadt;20 Jahre;411
2017;StB 1 Neustadt;03 StB Neustadt ohne Leipziger Vorstadt;21 Jahre;457
2017;StB 1 Neustadt;03 StB Neustadt ohne Leipziger Vorstadt;22 Jahre;566
2017;StB 1 Neustadt;03 StB Neustadt ohne Leipziger Vorstadt;23 Jahre;635
2017;StB 1 Neustadt;03 StB Neustadt ohne Leipziger Vorstadt;24 Jahre;678
2017;StB 1 Neustadt;03 StB Neustadt ohne Leipziger Vorstadt;25 Jahre;743
2017;StB 1 Neustadt;03 StB Neustadt ohne Leipziger Vorstadt;26 Jahre;867
2017;StB 1 Neustadt;03 StB Neustadt ohne Leipziger Vorstadt;27 Jahre;1159
2017;StB 1 Neustadt;03 StB Neustadt ohne Leipziger Vorstadt;28 Jahre;1121
2017;StB 1 Neustadt;03 StB Neustadt ohne Leipziger Vorstadt;29 Jahre;1126
2017;StB 1 Neustadt;03 StB Neustadt ohne Leipziger Vorstadt;30 Jahre;1059
2017;StB 1 Neustadt;03 StB Neustadt ohne Leipziger Vorstadt;31 Jahre;1017
2017;StB 1 Neustadt;03 StB Neustadt ohne Leipziger Vorstadt;32 Jahre;978
2017;StB 1 Neustadt;03 StB Neustadt ohne Leipziger Vorstadt;33 Jahre;932
2017;StB 1 Neustadt;03 StB Neustadt ohne Leipziger Vorstadt;34 Jahre;848
2017;StB 1 Neustadt;03 StB Neustadt ohne Leipziger Vorstadt;35 Jahre;829
2017;StB 1 Neustadt;03 StB Neustadt ohne Leipziger Vorstadt;36 Jahre;779
2017;StB 1 Neustadt;03 StB Neustadt ohne Leipziger Vorstadt;37 Jahre;776
2017;StB 1 Neustadt;03 StB Neustadt ohne Leipziger Vorstadt;38 Jahre;779
2017;StB 1 Neustadt;03 StB Neustadt ohne Leipziger Vorstadt;39 Jahre;736
2017;StB 1 Neustadt;03 StB Neustadt ohne Leipziger Vorstadt;40 Jahre;718
2017;StB 1 Neustadt;03 StB Neustadt ohne Leipziger Vorstadt;41 Jahre;631
2017;StB 1 Neustadt;03 StB Neustadt ohne Leipziger Vorstadt;42 Jahre;535
2017;StB 1 Neustadt;03 StB Neustadt ohne Leipziger Vorstadt;43 Jahre;524
2017;StB 1 Neustadt;03 StB Neustadt ohne Leipziger Vorstadt;44 Jahre;449
2017;StB 1 Neustadt;03 StB Neustadt ohne Leipziger Vorstadt;45 Jahre;488
2017;StB 1 Neustadt;03 StB Neustadt ohne Leipziger Vorstadt;46 Jahre;551
2017;StB 1 Neustadt;03 StB Neustadt ohne Leipziger Vorstadt;47 Jahre;513
2017;StB 1 Neustadt;03 StB Neustadt ohne Leipziger Vorstadt;48 Jahre;500
2017;StB 1 Neustadt;03 StB Neustadt ohne Leipziger Vorstadt;49 Jahre;442
2017;StB 1 Neustadt;03 StB Neustadt ohne Leipziger Vorstadt;50 Jahre;470
2017;StB 1 Neustadt;03 StB Neustadt ohne Leipziger Vorstadt;51 Jahre;424
2017;StB 1 Neustadt;03 StB Neustadt ohne Leipziger Vorstadt;52 Jahre;398
2017;StB 1 Neustadt;03 StB Neustadt ohne Leipziger Vorstadt;53 Jahre;416
2017;StB 1 Neustadt;03 StB Neustadt ohne Leipziger Vorstadt;54 Jahre;373
2017;StB 1 Neustadt;03 StB Neustadt ohne Leipziger Vorstadt;55 Jahre;342
2017;StB 1 Neustadt;03 StB Neustadt ohne Leipziger Vorstadt;56 Jahre;344
2017;StB 1 Neustadt;03 StB Neustadt ohne Leipziger Vorstadt;57 Jahre;288
2017;StB 1 Neustadt;03 StB Neustadt ohne Leipziger Vorstadt;58 Jahre;280
2017;StB 1 Neustadt;03 StB Neustadt ohne Leipziger Vorstadt;59 Jahre;241
2017;StB 1 Neustadt;03 StB Neustadt ohne Leipziger Vorstadt;60 Jahre;212
2017;StB 1 Neustadt;03 StB Neustadt ohne Leipziger Vorstadt;61 Jahre;216
2017;StB 1 Neustadt;03 StB Neustadt ohne Leipziger Vorstadt;62 Jahre;218
2017;StB 1 Neustadt;03 StB Neustadt ohne Leipziger Vorstadt;63 Jahre;206
2017;StB 1 Neustadt;03 StB Neustadt ohne Leipziger Vorstadt;64 Jahre;203
2017;StB 1 Neustadt;03 StB Neustadt ohne Leipziger Vorstadt;65 Jahre;182
2017;StB 1 Neustadt;03 StB Neustadt ohne Leipziger Vorstadt;66 Jahre;176
2017;StB 1 Neustadt;03 StB Neustadt ohne Leipziger Vorstadt;67 Jahre;186
2017;StB 1 Neustadt;03 StB Neustadt ohne Leipziger Vorstadt;68 Jahre;176
2017;StB 1 Neustadt;03 StB Neustadt ohne Leipziger Vorstadt;69 Jahre;125
2017;StB 1 Neustadt;03 StB Neustadt ohne Leipziger Vorstadt;70 Jahre;153
2017;StB 1 Neustadt;03 StB Neustadt ohne Leipziger Vorstadt;71 Jahre;129
2017;StB 1 Neustadt;03 StB Neustadt ohne Leipziger Vorstadt;72 Jahre;138
2017;StB 1 Neustadt;03 StB Neustadt ohne Leipziger Vorstadt;73 Jahre;206
2017;StB 1 Neustadt;03 StB Neustadt ohne Leipziger Vorstadt;74 Jahre;208
2017;StB 1 Neustadt;03 StB Neustadt ohne Leipziger Vorstadt;75 Jahre;149
2017;StB 1 Neustadt;03 StB Neustadt ohne Leipziger Vorstadt;76 Jahre;196
2017;StB 1 Neustadt;03 StB Neustadt ohne Leipziger Vorstadt;77 Jahre;195
2017;StB 1 Neustadt;03 StB Neustadt ohne Leipziger Vorstadt;78 Jahre;197
2017;StB 1 Neustadt;03 StB Neustadt ohne Leipziger Vorstadt;79 Jahre;171
2017;StB 1 Neustadt;03 StB Neustadt ohne Leipziger Vorstadt;80 Jahre;147
2017;StB 1 Neustadt;03 StB Neustadt ohne Leipziger Vorstadt;81 Jahre;134
2017;StB 1 Neustadt;03 StB Neustadt ohne Leipziger Vorstadt;82 Jahre;125
2017;StB 1 Neustadt;03 StB Neustadt ohne Leipziger Vorstadt;83 Jahre;121
2017;StB 1 Neustadt;03 StB Neustadt ohne Leipziger Vorstadt;84 Jahre;97
2017;StB 1 Neustadt;03 StB Neustadt ohne Leipziger Vorstadt;85 Jahre u.älter;671
2017;StB 1 Neustadt;04 Leipziger Vorstadt, Pieschen;0 Jahre;179
2017;StB 1 Neustadt;04 Leipziger Vorstadt, Pieschen;1 Jahre;204
2017;StB 1 Neustadt;04 Leipziger Vorstadt, Pieschen;2 Jahre;181
2017;StB 1 Neustadt;04 Leipziger Vorstadt, Pieschen;3 Jahre;177
2017;StB 1 Neustadt;04 Leipziger Vorstadt, Pieschen;4 Jahre;161
2017;StB 1 Neustadt;04 Leipziger Vorstadt, Pieschen;5 Jahre;156
2017;StB 1 Neustadt;04 Leipziger Vorstadt, Pieschen;6 Jahre;147
2017;StB 1 Neustadt;04 Leipziger Vorstadt, Pieschen;7 Jahre;130
2017;StB 1 Neustadt;04 Leipziger Vorstadt, Pieschen;8 Jahre;122
2017;StB 1 Neustadt;04 Leipziger Vorstadt, Pieschen;9 Jahre;128
2017;StB 1 Neustadt;04 Leipziger Vorstadt, Pieschen;10 Jahre;113
2017;StB 1 Neustadt;04 Leipziger Vorstadt, Pieschen;11 Jahre;106
2017;StB 1 Neustadt;04 Leipziger Vorstadt, Pieschen;12 Jahre;91
2017;StB 1 Neustadt;04 Leipziger Vorstadt, Pieschen;13 Jahre;89
2017;StB 1 Neustadt;04 Leipziger Vorstadt, Pieschen;14 Jahre;87
2017;StB 1 Neustadt;04 Leipziger Vorstadt, Pieschen;15 Jahre;64
2017;StB 1 Neustadt;04 Leipziger Vorstadt, Pieschen;16 Jahre;78
2017;StB 1 Neustadt;04 Leipziger Vorstadt, Pieschen;17 Jahre;78
2017;StB 1 Neustadt;04 Leipziger Vorstadt, Pieschen;18 Jahre;112
2017;StB 1 Neustadt;04 Leipziger Vorstadt, Pieschen;19 Jahre;164
2017;StB 1 Neustadt;04 Leipziger Vorstadt, Pieschen;20 Jahre;162
2017;StB 1 Neustadt;04 Leipziger Vorstadt, Pieschen;21 Jahre;236
2017;StB 1 Neustadt;04 Leipziger Vorstadt, Pieschen;22 Jahre;251
2017;StB 1 Neustadt;04 Leipziger Vorstadt, Pieschen;23 Jahre;294
2017;StB 1 Neustadt;04 Leipziger Vorstadt, Pieschen;24 Jahre;292
2017;StB 1 Neustadt;04 Leipziger Vorstadt, Pieschen;25 Jahre;322
2017;StB 1 Neustadt;04 Leipziger Vorstadt, Pieschen;26 Jahre;304
2017;StB 1 Neustadt;04 Leipziger Vorstadt, Pieschen;27 Jahre;440
2017;StB 1 Neustadt;04 Leipziger Vorstadt, Pieschen;28 Jahre;497
2017;StB 1 Neustadt;04 Leipziger Vorstadt, Pieschen;29 Jahre;426
2017;StB 1 Neustadt;04 Leipziger Vorstadt, Pieschen;30 Jahre;439
2017;StB 1 Neustadt;04 Leipziger Vorstadt, Pieschen;31 Jahre;365
2017;StB 1 Neustadt;04 Leipziger Vorstadt, Pieschen;32 Jahre;339
2017;StB 1 Neustadt;04 Leipziger Vorstadt, Pieschen;33 Jahre;371
2017;StB 1 Neustadt;04 Leipziger Vorstadt, Pieschen;34 Jahre;342
2017;StB 1 Neustadt;04 Leipziger Vorstadt, Pieschen;35 Jahre;335
2017;StB 1 Neustadt;04 Leipziger Vorstadt, Pieschen;36 Jahre;299
2017;StB 1 Neustadt;04 Leipziger Vorstadt, Pieschen;37 Jahre;326
2017;StB 1 Neustadt;04 Leipziger Vorstadt, Pieschen;38 Jahre;279
2017;StB 1 Neustadt;04 Leipziger Vorstadt, Pieschen;39 Jahre;269
2017;StB 1 Neustadt;04 Leipziger Vorstadt, Pieschen;40 Jahre;257
2017;StB 1 Neustadt;04 Leipziger Vorstadt, Pieschen;41 Jahre;208
2017;StB 1 Neustadt;04 Leipziger Vorstadt, Pieschen;42 Jahre;185
2017;StB 1 Neustadt;04 Leipziger Vorstadt, Pieschen;43 Jahre;138
2017;StB 1 Neustadt;04 Leipziger Vorstadt, Pieschen;44 Jahre;149
2017;StB 1 Neustadt;04 Leipziger Vorstadt, Pieschen;45 Jahre;143
2017;StB 1 Neustadt;04 Leipziger Vorstadt, Pieschen;46 Jahre;159
2017;StB 1 Neustadt;04 Leipziger Vorstadt, Pieschen;47 Jahre;129
2017;StB 1 Neustadt;04 Leipziger Vorstadt, Pieschen;48 Jahre;111
2017;StB 1 Neustadt;04 Leipziger Vorstadt, Pieschen;49 Jahre;123
2017;StB 1 Neustadt;04 Leipziger Vorstadt, Pieschen;50 Jahre;114
2017;StB 1 Neustadt;04 Leipziger Vorstadt, Pieschen;51 Jahre;109
2017;StB 1 Neustadt;04 Leipziger Vorstadt, Pieschen;52 Jahre;106
2017;StB 1 Neustadt;04 Leipziger Vorstadt, Pieschen;53 Jahre;96
2017;StB 1 Neustadt;04 Leipziger Vorstadt, Pieschen;54 Jahre;102
2017;StB 1 Neustadt;04 Leipziger Vorstadt, Pieschen;55 Jahre;91
2017;StB 1 Neustadt;04 Leipziger Vorstadt, Pieschen;56 Jahre;85
2017;StB 1 Neustadt;04 Leipziger Vorstadt, Pieschen;57 Jahre;91
2017;StB 1 Neustadt;04 Leipziger Vorstadt, Pieschen;58 Jahre;74
2017;StB 1 Neustadt;04 Leipziger Vorstadt, Pieschen;59 Jahre;58
2017;StB 1 Neustadt;04 Leipziger Vorstadt, Pieschen;60 Jahre;63
2017;StB 1 Neustadt;04 Leipziger Vorstadt, Pieschen;61 Jahre;71
2017;StB 1 Neustadt;04 Leipziger Vorstadt, Pieschen;62 Jahre;59
2017;StB 1 Neustadt;04 Leipziger Vorstadt, Pieschen;63 Jahre;55
2017;StB 1 Neustadt;04 Leipziger Vorstadt, Pieschen;64 Jahre;46
2017;StB 1 Neustadt;04 Leipziger Vorstadt, Pieschen;65 Jahre;50
2017;StB 1 Neustadt;04 Leipziger Vorstadt, Pieschen;66 Jahre;52
2017;StB 1 Neustadt;04 Leipziger Vorstadt, Pieschen;67 Jahre;59
2017;StB 1 Neustadt;04 Leipziger Vorstadt, Pieschen;68 Jahre;37
2017;StB 1 Neustadt;04 Leipziger Vorstadt, Pieschen;69 Jahre;37
2017;StB 1 Neustadt;04 Leipziger Vorstadt, Pieschen;70 Jahre;46
2017;StB 1 Neustadt;04 Leipziger Vorstadt, Pieschen;71 Jahre;27
2017;StB 1 Neustadt;04 Leipziger Vorstadt, Pieschen;72 Jahre;28
2017;StB 1 Neustadt;04 Leipziger Vorstadt, Pieschen;73 Jahre;58
2017;StB 1 Neustadt;04 Leipziger Vorstadt, Pieschen;74 Jahre;56
2017;StB 1 Neustadt;04 Leipziger Vorstadt, Pieschen;75 Jahre;40
2017;StB 1 Neustadt;04 Leipziger Vorstadt, Pieschen;76 Jahre;47
2017;StB 1 Neustadt;04 Leipziger Vorstadt, Pieschen;77 Jahre;49
2017;StB 1 Neustadt;04 Leipziger Vorstadt, Pieschen;78 Jahre;36
2017;StB 1 Neustadt;04 Leipziger Vorstadt, Pieschen;79 Jahre;35
2017;StB 1 Neustadt;04 Leipziger Vorstadt, Pieschen;80 Jahre;27
2017;StB 1 Neustadt;04 Leipziger Vorstadt, Pieschen;81 Jahre;24
2017;StB 1 Neustadt;04 Leipziger Vorstadt, Pieschen;82 Jahre;24
2017;StB 1 Neustadt;04 Leipziger Vorstadt, Pieschen;83 Jahre;25
2017;StB 1 Neustadt;04 Leipziger Vorstadt, Pieschen;84 Jahre;12
2017;StB 1 Neustadt;04 Leipziger Vorstadt, Pieschen;85 Jahre u.älter;98
2017;StB 2 Pieschen;04 Leipziger Vorstadt, Pieschen;0 Jahre;401
2017;StB 2 Pieschen;04 Leipziger Vorstadt, Pieschen;1 Jahre;392
2017;StB 2 Pieschen;04 Leipziger Vorstadt, Pieschen;2 Jahre;385
2017;StB 2 Pieschen;04 Leipziger Vorstadt, Pieschen;3 Jahre;350
2017;StB 2 Pieschen;04 Leipziger Vorstadt, Pieschen;4 Jahre;324
2017;StB 2 Pieschen;04 Leipziger Vorstadt, Pieschen;5 Jahre;309
2017;StB 2 Pieschen;04 Leipziger Vorstadt, Pieschen;6 Jahre;263
2017;StB 2 Pieschen;04 Leipziger Vorstadt, Pieschen;7 Jahre;292
2017;StB 2 Pieschen;04 Leipziger Vorstadt, Pieschen;8 Jahre;262
2017;StB 2 Pieschen;04 Leipziger Vorstadt, Pieschen;9 Jahre;248
2017;StB 2 Pieschen;04 Leipziger Vorstadt, Pieschen;10 Jahre;260
2017;StB 2 Pieschen;04 Leipziger Vorstadt, Pieschen;11 Jahre;206
2017;StB 2 Pieschen;04 Leipziger Vorstadt, Pieschen;12 Jahre;196
2017;StB 2 Pieschen;04 Leipziger Vorstadt, Pieschen;13 Jahre;184
2017;StB 2 Pieschen;04 Leipziger Vorstadt, Pieschen;14 Jahre;170
2017;StB 2 Pieschen;04 Leipziger Vorstadt, Pieschen;15 Jahre;149
2017;StB 2 Pieschen;04 Leipziger Vorstadt, Pieschen;16 Jahre;194
2017;StB 2 Pieschen;04 Leipziger Vorstadt, Pieschen;17 Jahre;197
2017;StB 2 Pieschen;04 Leipziger Vorstadt, Pieschen;18 Jahre;190
2017;StB 2 Pieschen;04 Leipziger Vorstadt, Pieschen;19 Jahre;210
2017;StB 2 Pieschen;04 Leipziger Vorstadt, Pieschen;20 Jahre;266
2017;StB 2 Pieschen;04 Leipziger Vorstadt, Pieschen;21 Jahre;260
2017;StB 2 Pieschen;04 Leipziger Vorstadt, Pieschen;22 Jahre;303
2017;StB 2 Pieschen;04 Leipziger Vorstadt, Pieschen;23 Jahre;298
2017;StB 2 Pieschen;04 Leipziger Vorstadt, Pieschen;24 Jahre;361
2017;StB 2 Pieschen;04 Leipziger Vorstadt, Pieschen;25 Jahre;389
2017;StB 2 Pieschen;04 Leipziger Vorstadt, Pieschen;26 Jahre;441
2017;StB 2 Pieschen;04 Leipziger Vorstadt, Pieschen;27 Jahre;653
2017;StB 2 Pieschen;04 Leipziger Vorstadt, Pieschen;28 Jahre;671
2017;StB 2 Pieschen;04 Leipziger Vorstadt, Pieschen;29 Jahre;684
2017;StB 2 Pieschen;04 Leipziger Vorstadt, Pieschen;30 Jahre;659
2017;StB 2 Pieschen;04 Leipziger Vorstadt, Pieschen;31 Jahre;654
2017;StB 2 Pieschen;04 Leipziger Vorstadt, Pieschen;32 Jahre;677
2017;StB 2 Pieschen;04 Leipziger Vorstadt, Pieschen;33 Jahre;608
2017;StB 2 Pieschen;04 Leipziger Vorstadt, Pieschen;34 Jahre;677
2017;StB 2 Pieschen;04 Leipziger Vorstadt, Pieschen;35 Jahre;618
2017;StB 2 Pieschen;04 Leipziger Vorstadt, Pieschen;36 Jahre;538
2017;StB 2 Pieschen;04 Leipziger Vorstadt, Pieschen;37 Jahre;532
2017;StB 2 Pieschen;04 Leipziger Vorstadt, Pieschen;38 Jahre;500
2017;StB 2 Pieschen;04 Leipziger Vorstadt, Pieschen;39 Jahre;461
2017;StB 2 Pieschen;04 Leipziger Vorstadt, Pieschen;40 Jahre;389
2017;StB 2 Pieschen;04 Leipziger Vorstadt, Pieschen;41 Jahre;356
2017;StB 2 Pieschen;04 Leipziger Vorstadt, Pieschen;42 Jahre;325
2017;StB 2 Pieschen;04 Leipziger Vorstadt, Pieschen;43 Jahre;309
2017;StB 2 Pieschen;04 Leipziger Vorstadt, Pieschen;44 Jahre;271
2017;StB 2 Pieschen;04 Leipziger Vorstadt, Pieschen;45 Jahre;285
2017;StB 2 Pieschen;04 Leipziger Vorstadt, Pieschen;46 Jahre;313
2017;StB 2 Pieschen;04 Leipziger Vorstadt, Pieschen;47 Jahre;261
2017;StB 2 Pieschen;04 Leipziger Vorstadt, Pieschen;48 Jahre;284
2017;StB 2 Pieschen;04 Leipziger Vorstadt, Pieschen;49 Jahre;281
2017;StB 2 Pieschen;04 Leipziger Vorstadt, Pieschen;50 Jahre;243
2017;StB 2 Pieschen;04 Leipziger Vorstadt, Pieschen;51 Jahre;277
2017;StB 2 Pieschen;04 Leipziger Vorstadt, Pieschen;52 Jahre;293
2017;StB 2 Pieschen;04 Leipziger Vorstadt, Pieschen;53 Jahre;274
2017;StB 2 Pieschen;04 Leipziger Vorstadt, Pieschen;54 Jahre;302
2017;StB 2 Pieschen;04 Leipziger Vorstadt, Pieschen;55 Jahre;265
2017;StB 2 Pieschen;04 Leipziger Vorstadt, Pieschen;56 Jahre;281
2017;StB 2 Pieschen;04 Leipziger Vorstadt, Pieschen;57 Jahre;241
2017;StB 2 Pieschen;04 Leipziger Vorstadt, Pieschen;58 Jahre;217
2017;StB 2 Pieschen;04 Leipziger Vorstadt, Pieschen;59 Jahre;198
2017;StB 2 Pieschen;04 Leipziger Vorstadt, Pieschen;60 Jahre;192
2017;StB 2 Pieschen;04 Leipziger Vorstadt, Pieschen;61 Jahre;183
2017;StB 2 Pieschen;04 Leipziger Vorstadt, Pieschen;62 Jahre;190
2017;StB 2 Pieschen;04 Leipziger Vorstadt, Pieschen;63 Jahre;166
2017;StB 2 Pieschen;04 Leipziger Vorstadt, Pieschen;64 Jahre;175
2017;StB 2 Pieschen;04 Leipziger Vorstadt, Pieschen;65 Jahre;178
2017;StB 2 Pieschen;04 Leipziger Vorstadt, Pieschen;66 Jahre;188
2017;StB 2 Pieschen;04 Leipziger Vorstadt, Pieschen;67 Jahre;134
2017;StB 2 Pieschen;04 Leipziger Vorstadt, Pieschen;68 Jahre;152
2017;StB 2 Pieschen;04 Leipziger Vorstadt, Pieschen;69 Jahre;114
2017;StB 2 Pieschen;04 Leipziger Vorstadt, Pieschen;70 Jahre;136
2017;StB 2 Pieschen;04 Leipziger Vorstadt, Pieschen;71 Jahre;88
2017;StB 2 Pieschen;04 Leipziger Vorstadt, Pieschen;72 Jahre;106
2017;StB 2 Pieschen;04 Leipziger Vorstadt, Pieschen;73 Jahre;139
2017;StB 2 Pieschen;04 Leipziger Vorstadt, Pieschen;74 Jahre;166
2017;StB 2 Pieschen;04 Leipziger Vorstadt, Pieschen;75 Jahre;116
2017;StB 2 Pieschen;04 Leipziger Vorstadt, Pieschen;76 Jahre;137
2017;StB 2 Pieschen;04 Leipziger Vorstadt, Pieschen;77 Jahre;161
2017;StB 2 Pieschen;04 Leipziger Vorstadt, Pieschen;78 Jahre;114
2017;StB 2 Pieschen;04 Leipziger Vorstadt, Pieschen;79 Jahre;121
2017;StB 2 Pieschen;04 Leipziger Vorstadt, Pieschen;80 Jahre;95
2017;StB 2 Pieschen;04 Leipziger Vorstadt, Pieschen;81 Jahre;113
2017;StB 2 Pieschen;04 Leipziger Vorstadt, Pieschen;82 Jahre;93
2017;StB 2 Pieschen;04 Leipziger Vorstadt, Pieschen;83 Jahre;96
2017;StB 2 Pieschen;04 Leipziger Vorstadt, Pieschen;84 Jahre;48
2017;StB 2 Pieschen;04 Leipziger Vorstadt, Pieschen;85 Jahre u.älter;445
2017;StB 2 Pieschen;05 Mickten, Kaditz, Trachau;0 Jahre;341
2017;StB 2 Pieschen;05 Mickten, Kaditz, Trachau;1 Jahre;333
2017;StB 2 Pieschen;05 Mickten, Kaditz, Trachau;2 Jahre;323
2017;StB 2 Pieschen;05 Mickten, Kaditz, Trachau;3 Jahre;335
2017;StB 2 Pieschen;05 Mickten, Kaditz, Trachau;4 Jahre;336
2017;StB 2 Pieschen;05 Mickten, Kaditz, Trachau;5 Jahre;318
2017;StB 2 Pieschen;05 Mickten, Kaditz, Trachau;6 Jahre;304
2017;StB 2 Pieschen;05 Mickten, Kaditz, Trachau;7 Jahre;324
2017;StB 2 Pieschen;05 Mickten, Kaditz, Trachau;8 Jahre;281
2017;StB 2 Pieschen;05 Mickten, Kaditz, Trachau;9 Jahre;269
2017;StB 2 Pieschen;05 Mickten, Kaditz, Trachau;10 Jahre;313
2017;StB 2 Pieschen;05 Mickten, Kaditz, Trachau;11 Jahre;272
2017;StB 2 Pieschen;05 Mickten, Kaditz, Trachau;12 Jahre;255
2017;StB 2 Pieschen;05 Mickten, Kaditz, Trachau;13 Jahre;221
2017;StB 2 Pieschen;05 Mickten, Kaditz, Trachau;14 Jahre;211
2017;StB 2 Pieschen;05 Mickten, Kaditz, Trachau;15 Jahre;217
2017;StB 2 Pieschen;05 Mickten, Kaditz, Trachau;16 Jahre;214
2017;StB 2 Pieschen;05 Mickten, Kaditz, Trachau;17 Jahre;232
2017;StB 2 Pieschen;05 Mickten, Kaditz, Trachau;18 Jahre;223
2017;StB 2 Pieschen;05 Mickten, Kaditz, Trachau;19 Jahre;252
2017;StB 2 Pieschen;05 Mickten, Kaditz, Trachau;20 Jahre;208
2017;StB 2 Pieschen;05 Mickten, Kaditz, Trachau;21 Jahre;224
2017;StB 2 Pieschen;05 Mickten, Kaditz, Trachau;22 Jahre;207
2017;StB 2 Pieschen;05 Mickten, Kaditz, Trachau;23 Jahre;209
2017;StB 2 Pieschen;05 Mickten, Kaditz, Trachau;24 Jahre;235
2017;StB 2 Pieschen;05 Mickten, Kaditz, Trachau;25 Jahre;232
2017;StB 2 Pieschen;05 Mickten, Kaditz, Trachau;26 Jahre;303
2017;StB 2 Pieschen;05 Mickten, Kaditz, Trachau;27 Jahre;497
2017;StB 2 Pieschen;05 Mickten, Kaditz, Trachau;28 Jahre;471
2017;StB 2 Pieschen;05 Mickten, Kaditz, Trachau;29 Jahre;541
2017;StB 2 Pieschen;05 Mickten, Kaditz, Trachau;30 Jahre;557
2017;StB 2 Pieschen;05 Mickten, Kaditz, Trachau;31 Jahre;519
2017;StB 2 Pieschen;05 Mickten, Kaditz, Trachau;32 Jahre;520
2017;StB 2 Pieschen;05 Mickten, Kaditz, Trachau;33 Jahre;522
2017;StB 2 Pieschen;05 Mickten, Kaditz, Trachau;34 Jahre;544
2017;StB 2 Pieschen;05 Mickten, Kaditz, Trachau;35 Jahre;546
2017;StB 2 Pieschen;05 Mickten, Kaditz, Trachau;36 Jahre;499
2017;StB 2 Pieschen;05 Mickten, Kaditz, Trachau;37 Jahre;509
2017;StB 2 Pieschen;05 Mickten, Kaditz, Trachau;38 Jahre;489
2017;StB 2 Pieschen;05 Mickten, Kaditz, Trachau;39 Jahre;467
2017;StB 2 Pieschen;05 Mickten, Kaditz, Trachau;40 Jahre;438
2017;StB 2 Pieschen;05 Mickten, Kaditz, Trachau;41 Jahre;380
2017;StB 2 Pieschen;05 Mickten, Kaditz, Trachau;42 Jahre;345
2017;StB 2 Pieschen;05 Mickten, Kaditz, Trachau;43 Jahre;316
2017;StB 2 Pieschen;05 Mickten, Kaditz, Trachau;44 Jahre;306
2017;StB 2 Pieschen;05 Mickten, Kaditz, Trachau;45 Jahre;331
2017;StB 2 Pieschen;05 Mickten, Kaditz, Trachau;46 Jahre;429
2017;StB 2 Pieschen;05 Mickten, Kaditz, Trachau;47 Jahre;377
2017;StB 2 Pieschen;05 Mickten, Kaditz, Trachau;48 Jahre;433
2017;StB 2 Pieschen;05 Mickten, Kaditz, Trachau;49 Jahre;387
2017;StB 2 Pieschen;05 Mickten, Kaditz, Trachau;50 Jahre;408
2017;StB 2 Pieschen;05 Mickten, Kaditz, Trachau;51 Jahre;382
2017;StB 2 Pieschen;05 Mickten, Kaditz, Trachau;52 Jahre;387
2017;StB 2 Pieschen;05 Mickten, Kaditz, Trachau;53 Jahre;365
2017;StB 2 Pieschen;05 Mickten, Kaditz, Trachau;54 Jahre;447
2017;StB 2 Pieschen;05 Mickten, Kaditz, Trachau;55 Jahre;395
2017;StB 2 Pieschen;05 Mickten, Kaditz, Trachau;56 Jahre;375
2017;StB 2 Pieschen;05 Mickten, Kaditz, Trachau;57 Jahre;347
2017;StB 2 Pieschen;05 Mickten, Kaditz, Trachau;58 Jahre;356
2017;StB 2 Pieschen;05 Mickten, Kaditz, Trachau;59 Jahre;304
2017;StB 2 Pieschen;05 Mickten, Kaditz, Trachau;60 Jahre;307
2017;StB 2 Pieschen;05 Mickten, Kaditz, Trachau;61 Jahre;273
2017;StB 2 Pieschen;05 Mickten, Kaditz, Trachau;62 Jahre;284
2017;StB 2 Pieschen;05 Mickten, Kaditz, Trachau;63 Jahre;305
2017;StB 2 Pieschen;05 Mickten, Kaditz, Trachau;64 Jahre;295
2017;StB 2 Pieschen;05 Mickten, Kaditz, Trachau;65 Jahre;279
2017;StB 2 Pieschen;05 Mickten, Kaditz, Trachau;66 Jahre;333
2017;StB 2 Pieschen;05 Mickten, Kaditz, Trachau;67 Jahre;315
2017;StB 2 Pieschen;05 Mickten, Kaditz, Trachau;68 Jahre;268
2017;StB 2 Pieschen;05 Mickten, Kaditz, Trachau;69 Jahre;198
2017;StB 2 Pieschen;05 Mickten, Kaditz, Trachau;70 Jahre;216
2017;StB 2 Pieschen;05 Mickten, Kaditz, Trachau;71 Jahre;151
2017;StB 2 Pieschen;05 Mickten, Kaditz, Trachau;72 Jahre;207
2017;StB 2 Pieschen;05 Mickten, Kaditz, Trachau;73 Jahre;326
2017;StB 2 Pieschen;05 Mickten, Kaditz, Trachau;74 Jahre;306
2017;StB 2 Pieschen;05 Mickten, Kaditz, Trachau;75 Jahre;270
2017;StB 2 Pieschen;05 Mickten, Kaditz, Trachau;76 Jahre;307
2017;StB 2 Pieschen;05 Mickten, Kaditz, Trachau;77 Jahre;340
2017;StB 2 Pieschen;05 Mickten, Kaditz, Trachau;78 Jahre;304
2017;StB 2 Pieschen;05 Mickten, Kaditz, Trachau;79 Jahre;270
2017;StB 2 Pieschen;05 Mickten, Kaditz, Trachau;80 Jahre;232
2017;StB 2 Pieschen;05 Mickten, Kaditz, Trachau;81 Jahre;209
2017;StB 2 Pieschen;05 Mickten, Kaditz, Trachau;82 Jahre;221
2017;StB 2 Pieschen;05 Mickten, Kaditz, Trachau;83 Jahre;172
2017;StB 2 Pieschen;05 Mickten, Kaditz, Trachau;84 Jahre;112
2017;StB 2 Pieschen;05 Mickten, Kaditz, Trachau;85 Jahre u.älter;708
2017;StB 3 Klotzsche/nördliche Ortschaften;06 StB Klotzsche und nördliche OS;0 Jahre;260
2017;StB 3 Klotzsche/nördliche Ortschaften;06 StB Klotzsche und nördliche OS;1 Jahre;308
2017;StB 3 Klotzsche/nördliche Ortschaften;06 StB Klotzsche und nördliche OS;2 Jahre;331
2017;StB 3 Klotzsche/nördliche Ortschaften;06 StB Klotzsche und nördliche OS;3 Jahre;328
2017;StB 3 Klotzsche/nördliche Ortschaften;06 StB Klotzsche und nördliche OS;4 Jahre;331
2017;StB 3 Klotzsche/nördliche Ortschaften;06 StB Klotzsche und nördliche OS;5 Jahre;325
2017;StB 3 Klotzsche/nördliche Ortschaften;06 StB Klotzsche und nördliche OS;6 Jahre;346
2017;StB 3 Klotzsche/nördliche Ortschaften;06 StB Klotzsche und nördliche OS;7 Jahre;353
2017;StB 3 Klotzsche/nördliche Ortschaften;06 StB Klotzsche und nördliche OS;8 Jahre;361
2017;StB 3 Klotzsche/nördliche Ortschaften;06 StB Klotzsche und nördliche OS;9 Jahre;362
2017;StB 3 Klotzsche/nördliche Ortschaften;06 StB Klotzsche und nördliche OS;10 Jahre;349
2017;StB 3 Klotzsche/nördliche Ortschaften;06 StB Klotzsche und nördliche OS;11 Jahre;307
2017;StB 3 Klotzsche/nördliche Ortschaften;06 StB Klotzsche und nördliche OS;12 Jahre;329
2017;StB 3 Klotzsche/nördliche Ortschaften;06 StB Klotzsche und nördliche OS;13 Jahre;318
2017;StB 3 Klotzsche/nördliche Ortschaften;06 StB Klotzsche und nördliche OS;14 Jahre;328
2017;StB 3 Klotzsche/nördliche Ortschaften;06 StB Klotzsche und nördliche OS;15 Jahre;282
2017;StB 3 Klotzsche/nördliche Ortschaften;06 StB Klotzsche und nördliche OS;16 Jahre;296
2017;StB 3 Klotzsche/nördliche Ortschaften;06 StB Klotzsche und nördliche OS;17 Jahre;315
2017;StB 3 Klotzsche/nördliche Ortschaften;06 StB Klotzsche und nördliche OS;18 Jahre;273
2017;StB 3 Klotzsche/nördliche Ortschaften;06 StB Klotzsche und nördliche OS;19 Jahre;228
2017;StB 3 Klotzsche/nördliche Ortschaften;06 StB Klotzsche und nördliche OS;20 Jahre;222
2017;StB 3 Klotzsche/nördliche Ortschaften;06 StB Klotzsche und nördliche OS;21 Jahre;156
2017;StB 3 Klotzsche/nördliche Ortschaften;06 StB Klotzsche und nördliche OS;22 Jahre;143
2017;StB 3 Klotzsche/nördliche Ortschaften;06 StB Klotzsche und nördliche OS;23 Jahre;137
2017;StB 3 Klotzsche/nördliche Ortschaften;06 StB Klotzsche und nördliche OS;24 Jahre;142
2017;StB 3 Klotzsche/nördliche Ortschaften;06 StB Klotzsche und nördliche OS;25 Jahre;117
2017;StB 3 Klotzsche/nördliche Ortschaften;06 StB Klotzsche und nördliche OS;26 Jahre;173
2017;StB 3 Klotzsche/nördliche Ortschaften;06 StB Klotzsche und nördliche OS;27 Jahre;237
2017;StB 3 Klotzsche/nördliche Ortschaften;06 StB Klotzsche und nördliche OS;28 Jahre;279
2017;StB 3 Klotzsche/nördliche Ortschaften;06 StB Klotzsche und nördliche OS;29 Jahre;316
2017;StB 3 Klotzsche/nördliche Ortschaften;06 StB Klotzsche und nördliche OS;30 Jahre;327
2017;StB 3 Klotzsche/nördliche Ortschaften;06 StB Klotzsche und nördliche OS;31 Jahre;316
2017;StB 3 Klotzsche/nördliche Ortschaften;06 StB Klotzsche und nördliche OS;32 Jahre;349
2017;StB 3 Klotzsche/nördliche Ortschaften;06 StB Klotzsche und nördliche OS;33 Jahre;339
2017;StB 3 Klotzsche/nördliche Ortschaften;06 StB Klotzsche und nördliche OS;34 Jahre;364
2017;StB 3 Klotzsche/nördliche Ortschaften;06 StB Klotzsche und nördliche OS;35 Jahre;370
2017;StB 3 Klotzsche/nördliche Ortschaften;06 StB Klotzsche und nördliche OS;36 Jahre;419
2017;StB 3 Klotzsche/nördliche Ortschaften;06 StB Klotzsche und nördliche OS;37 Jahre;403
2017;StB 3 Klotzsche/nördliche Ortschaften;06 StB Klotzsche und nördliche OS;38 Jahre;447
2017;StB 3 Klotzsche/nördliche Ortschaften;06 StB Klotzsche und nördliche OS;39 Jahre;477
2017;StB 3 Klotzsche/nördliche Ortschaften;06 StB Klotzsche und nördliche OS;40 Jahre;441
2017;StB 3 Klotzsche/nördliche Ortschaften;06 StB Klotzsche und nördliche OS;41 Jahre;390
2017;StB 3 Klotzsche/nördliche Ortschaften;06 StB Klotzsche und nördliche OS;42 Jahre;411
2017;StB 3 Klotzsche/nördliche Ortschaften;06 StB Klotzsche und nördliche OS;43 Jahre;389
2017;StB 3 Klotzsche/nördliche Ortschaften;06 StB Klotzsche und nördliche OS;44 Jahre;335
2017;StB 3 Klotzsche/nördliche Ortschaften;06 StB Klotzsche und nördliche OS;45 Jahre;449
2017;StB 3 Klotzsche/nördliche Ortschaften;06 StB Klotzsche und nördliche OS;46 Jahre;473
2017;StB 3 Klotzsche/nördliche Ortschaften;06 StB Klotzsche und nördliche OS;47 Jahre;513
2017;StB 3 Klotzsche/nördliche Ortschaften;06 StB Klotzsche und nördliche OS;48 Jahre;486
2017;StB 3 Klotzsche/nördliche Ortschaften;06 StB Klotzsche und nördliche OS;49 Jahre;528
2017;StB 3 Klotzsche/nördliche Ortschaften;06 StB Klotzsche und nördliche OS;50 Jahre;526
2017;StB 3 Klotzsche/nördliche Ortschaften;06 StB Klotzsche und nördliche OS;51 Jahre;535
2017;StB 3 Klotzsche/nördliche Ortschaften;06 StB Klotzsche und nördliche OS;52 Jahre;509
2017;StB 3 Klotzsche/nördliche Ortschaften;06 StB Klotzsche und nördliche OS;53 Jahre;566
2017;StB 3 Klotzsche/nördliche Ortschaften;06 StB Klotzsche und nördliche OS;54 Jahre;504
2017;StB 3 Klotzsche/nördliche Ortschaften;06 StB Klotzsche und nördliche OS;55 Jahre;535
2017;StB 3 Klotzsche/nördliche Ortschaften;06 StB Klotzsche und nördliche OS;56 Jahre;498
2017;StB 3 Klotzsche/nördliche Ortschaften;06 StB Klotzsche und nördliche OS;57 Jahre;448
2017;StB 3 Klotzsche/nördliche Ortschaften;06 StB Klotzsche und nördliche OS;58 Jahre;493
2017;StB 3 Klotzsche/nördliche Ortschaften;06 StB Klotzsche und nördliche OS;59 Jahre;463
2017;StB 3 Klotzsche/nördliche Ortschaften;06 StB Klotzsche und nördliche OS;60 Jahre;435
2017;StB 3 Klotzsche/nördliche Ortschaften;06 StB Klotzsche und nördliche OS;61 Jahre;417
2017;StB 3 Klotzsche/nördliche Ortschaften;06 StB Klotzsche und nördliche OS;62 Jahre;437
2017;StB 3 Klotzsche/nördliche Ortschaften;06 StB Klotzsche und nördliche OS;63 Jahre;425
2017;StB 3 Klotzsche/nördliche Ortschaften;06 StB Klotzsche und nördliche OS;64 Jahre;408
2017;StB 3 Klotzsche/nördliche Ortschaften;06 StB Klotzsche und nördliche OS;65 Jahre;427
2017;StB 3 Klotzsche/nördliche Ortschaften;06 StB Klotzsche und nördliche OS;66 Jahre;381
2017;StB 3 Klotzsche/nördliche Ortschaften;06 StB Klotzsche und nördliche OS;67 Jahre;400
2017;StB 3 Klotzsche/nördliche Ortschaften;06 StB Klotzsche und nördliche OS;68 Jahre;353
2017;StB 3 Klotzsche/nördliche Ortschaften;06 StB Klotzsche und nördliche OS;69 Jahre;288
2017;StB 3 Klotzsche/nördliche Ortschaften;06 StB Klotzsche und nördliche OS;70 Jahre;328
2017;StB 3 Klotzsche/nördliche Ortschaften;06 StB Klotzsche und nördliche OS;71 Jahre;214
2017;StB 3 Klotzsche/nördliche Ortschaften;06 StB Klotzsche und nördliche OS;72 Jahre;272
2017;StB 3 Klotzsche/nördliche Ortschaften;06 StB Klotzsche und nördliche OS;73 Jahre;394
2017;StB 3 Klotzsche/nördliche Ortschaften;06 StB Klotzsche und nördliche OS;74 Jahre;441
2017;StB 3 Klotzsche/nördliche Ortschaften;06 StB Klotzsche und nördliche OS;75 Jahre;354
2017;StB 3 Klotzsche/nördliche Ortschaften;06 StB Klotzsche und nördliche OS;76 Jahre;427
2017;StB 3 Klotzsche/nördliche Ortschaften;06 StB Klotzsche und nördliche OS;77 Jahre;407
2017;StB 3 Klotzsche/nördliche Ortschaften;06 StB Klotzsche und nördliche OS;78 Jahre;381
2017;StB 3 Klotzsche/nördliche Ortschaften;06 StB Klotzsche und nördliche OS;79 Jahre;299
2017;StB 3 Klotzsche/nördliche Ortschaften;06 StB Klotzsche und nördliche OS;80 Jahre;290
2017;StB 3 Klotzsche/nördliche Ortschaften;06 StB Klotzsche und nördliche OS;81 Jahre;282
2017;StB 3 Klotzsche/nördliche Ortschaften;06 StB Klotzsche und nördliche OS;82 Jahre;243
2017;StB 3 Klotzsche/nördliche Ortschaften;06 StB Klotzsche und nördliche OS;83 Jahre;225
2017;StB 3 Klotzsche/nördliche Ortschaften;06 StB Klotzsche und nördliche OS;84 Jahre;166
2017;StB 3 Klotzsche/nördliche Ortschaften;06 StB Klotzsche und nördliche OS;85 Jahre u.älter;937
2017;StB 4 Loschwitz/OS Schönfeld-Weißig;07 StB Loschwitz und OS Schönfeld-Weißig;0 Jahre;292
2017;StB 4 Loschwitz/OS Schönfeld-Weißig;07 StB Loschwitz und OS Schönfeld-Weißig;1 Jahre;328
2017;StB 4 Loschwitz/OS Schönfeld-Weißig;07 StB Loschwitz und OS Schönfeld-Weißig;2 Jahre;318
2017;StB 4 Loschwitz/OS Schönfeld-Weißig;07 StB Loschwitz und OS Schönfeld-Weißig;3 Jahre;341
2017;StB 4 Loschwitz/OS Schönfeld-Weißig;07 StB Loschwitz und OS Schönfeld-Weißig;4 Jahre;340
2017;StB 4 Loschwitz/OS Schönfeld-Weißig;07 StB Loschwitz und OS Schönfeld-Weißig;5 Jahre;372
2017;StB 4 Loschwitz/OS Schönfeld-Weißig;07 StB Loschwitz und OS Schönfeld-Weißig;6 Jahre;376
2017;StB 4 Loschwitz/OS Schönfeld-Weißig;07 StB Loschwitz und OS Schönfeld-Weißig;7 Jahre;375
2017;StB 4 Loschwitz/OS Schönfeld-Weißig;07 StB Loschwitz und OS Schönfeld-Weißig;8 Jahre;371
2017;StB 4 Loschwitz/OS Schönfeld-Weißig;07 StB Loschwitz und OS Schönfeld-Weißig;9 Jahre;396
2017;StB 4 Loschwitz/OS Schönfeld-Weißig;07 StB Loschwitz und OS Schönfeld-Weißig;10 Jahre;407
2017;StB 4 Loschwitz/OS Schönfeld-Weißig;07 StB Loschwitz und OS Schönfeld-Weißig;11 Jahre;371
2017;StB 4 Loschwitz/OS Schönfeld-Weißig;07 StB Loschwitz und OS Schönfeld-Weißig;12 Jahre;338
2017;StB 4 Loschwitz/OS Schönfeld-Weißig;07 StB Loschwitz und OS Schönfeld-Weißig;13 Jahre;368
2017;StB 4 Loschwitz/OS Schönfeld-Weißig;07 StB Loschwitz und OS Schönfeld-Weißig;14 Jahre;373
2017;StB 4 Loschwitz/OS Schönfeld-Weißig;07 StB Loschwitz und OS Schönfeld-Weißig;15 Jahre;337
2017;StB 4 Loschwitz/OS Schönfeld-Weißig;07 StB Loschwitz und OS Schönfeld-Weißig;16 Jahre;370
2017;StB 4 Loschwitz/OS Schönfeld-Weißig;07 StB Loschwitz und OS Schönfeld-Weißig;17 Jahre;354
2017;StB 4 Loschwitz/OS Schönfeld-Weißig;07 StB Loschwitz und OS Schönfeld-Weißig;18 Jahre;309
2017;StB 4 Loschwitz/OS Schönfeld-Weißig;07 StB Loschwitz und OS Schönfeld-Weißig;19 Jahre;245
2017;StB 4 Loschwitz/OS Schönfeld-Weißig;07 StB Loschwitz und OS Schönfeld-Weißig;20 Jahre;219
2017;StB 4 Loschwitz/OS Schönfeld-Weißig;07 StB Loschwitz und OS Schönfeld-Weißig;21 Jahre;167
2017;StB 4 Loschwitz/OS Schönfeld-Weißig;07 StB Loschwitz und OS Schönfeld-Weißig;22 Jahre;138
2017;StB 4 Loschwitz/OS Schönfeld-Weißig;07 StB Loschwitz und OS Schönfeld-Weißig;23 Jahre;118
2017;StB 4 Loschwitz/OS Schönfeld-Weißig;07 StB Loschwitz und OS Schönfeld-Weißig;24 Jahre;146
2017;StB 4 Loschwitz/OS Schönfeld-Weißig;07 StB Loschwitz und OS Schönfeld-Weißig;25 Jahre;142
2017;StB 4 Loschwitz/OS Schönfeld-Weißig;07 StB Loschwitz und OS Schönfeld-Weißig;26 Jahre;179
2017;StB 4 Loschwitz/OS Schönfeld-Weißig;07 StB Loschwitz und OS Schönfeld-Weißig;27 Jahre;249
2017;StB 4 Loschwitz/OS Schönfeld-Weißig;07 StB Loschwitz und OS Schönfeld-Weißig;28 Jahre;289
2017;StB 4 Loschwitz/OS Schönfeld-Weißig;07 StB Loschwitz und OS Schönfeld-Weißig;29 Jahre;266
2017;StB 4 Loschwitz/OS Schönfeld-Weißig;07 StB Loschwitz und OS Schönfeld-Weißig;30 Jahre;294
2017;StB 4 Loschwitz/OS Schönfeld-Weißig;07 StB Loschwitz und OS Schönfeld-Weißig;31 Jahre;304
2017;StB 4 Loschwitz/OS Schönfeld-Weißig;07 StB Loschwitz und OS Schönfeld-Weißig;32 Jahre;335
2017;StB 4 Loschwitz/OS Schönfeld-Weißig;07 StB Loschwitz und OS Schönfeld-Weißig;33 Jahre;328
2017;StB 4 Loschwitz/OS Schönfeld-Weißig;07 StB Loschwitz und OS Schönfeld-Weißig;34 Jahre;355
2017;StB 4 Loschwitz/OS Schönfeld-Weißig;07 StB Loschwitz und OS Schönfeld-Weißig;35 Jahre;421
2017;StB 4 Loschwitz/OS Schönfeld-Weißig;07 StB Loschwitz und OS Schönfeld-Weißig;36 Jahre;388
2017;StB 4 Loschwitz/OS Schönfeld-Weißig;07 StB Loschwitz und OS Schönfeld-Weißig;37 Jahre;436
2017;StB 4 Loschwitz/OS Schönfeld-Weißig;07 StB Loschwitz und OS Schönfeld-Weißig;38 Jahre;473
2017;StB 4 Loschwitz/OS Schönfeld-Weißig;07 StB Loschwitz und OS Schönfeld-Weißig;39 Jahre;469
2017;StB 4 Loschwitz/OS Schönfeld-Weißig;07 StB Loschwitz und OS Schönfeld-Weißig;40 Jahre;494
2017;StB 4 Loschwitz/OS Schönfeld-Weißig;07 StB Loschwitz und OS Schönfeld-Weißig;41 Jahre;512
2017;StB 4 Loschwitz/OS Schönfeld-Weißig;07 StB Loschwitz und OS Schönfeld-Weißig;42 Jahre;452
2017;StB 4 Loschwitz/OS Schönfeld-Weißig;07 StB Loschwitz und OS Schönfeld-Weißig;43 Jahre;480
2017;StB 4 Loschwitz/OS Schönfeld-Weißig;07 StB Loschwitz und OS Schönfeld-Weißig;44 Jahre;454
2017;StB 4 Loschwitz/OS Schönfeld-Weißig;07 StB Loschwitz und OS Schönfeld-Weißig;45 Jahre;478
2017;StB 4 Loschwitz/OS Schönfeld-Weißig;07 StB Loschwitz und OS Schönfeld-Weißig;46 Jahre;531
2017;StB 4 Loschwitz/OS Schönfeld-Weißig;07 StB Loschwitz und OS Schönfeld-Weißig;47 Jahre;580
2017;StB 4 Loschwitz/OS Schönfeld-Weißig;07 StB Loschwitz und OS Schönfeld-Weißig;48 Jahre;529
2017;StB 4 Loschwitz/OS Schönfeld-Weißig;07 StB Loschwitz und OS Schönfeld-Weißig;49 Jahre;546
2017;StB 4 Loschwitz/OS Schönfeld-Weißig;07 StB Loschwitz und OS Schönfeld-Weißig;50 Jahre;567
2017;StB 4 Loschwitz/OS Schönfeld-Weißig;07 StB Loschwitz und OS Schönfeld-Weißig;51 Jahre;558
2017;StB 4 Loschwitz/OS Schönfeld-Weißig;07 StB Loschwitz und OS Schönfeld-Weißig;52 Jahre;602
2017;StB 4 Loschwitz/OS Schönfeld-Weißig;07 StB Loschwitz und OS Schönfeld-Weißig;53 Jahre;571
2017;StB 4 Loschwitz/OS Schönfeld-Weißig;07 StB Loschwitz und OS Schönfeld-Weißig;54 Jahre;564
2017;StB 4 Loschwitz/OS Schönfeld-Weißig;07 StB Loschwitz und OS Schönfeld-Weißig;55 Jahre;550
2017;StB 4 Loschwitz/OS Schönfeld-Weißig;07 StB Loschwitz und OS Schönfeld-Weißig;56 Jahre;528
2017;StB 4 Loschwitz/OS Schönfeld-Weißig;07 StB Loschwitz und OS Schönfeld-Weißig;57 Jahre;512
2017;StB 4 Loschwitz/OS Schönfeld-Weißig;07 StB Loschwitz und OS Schönfeld-Weißig;58 Jahre;491
2017;StB 4 Loschwitz/OS Schönfeld-Weißig;07 StB Loschwitz und OS Schönfeld-Weißig;59 Jahre;418
2017;StB 4 Loschwitz/OS Schönfeld-Weißig;07 StB Loschwitz und OS Schönfeld-Weißig;60 Jahre;403
2017;StB 4 Loschwitz/OS Schönfeld-Weißig;07 StB Loschwitz und OS Schönfeld-Weißig;61 Jahre;391
2017;StB 4 Loschwitz/OS Schönfeld-Weißig;07 StB Loschwitz und OS Schönfeld-Weißig;62 Jahre;441
2017;StB 4 Loschwitz/OS Schönfeld-Weißig;07 StB Loschwitz und OS Schönfeld-Weißig;63 Jahre;430
2017;StB 4 Loschwitz/OS Schönfeld-Weißig;07 StB Loschwitz und OS Schönfeld-Weißig;64 Jahre;468
2017;StB 4 Loschwitz/OS Schönfeld-Weißig;07 StB Loschwitz und OS Schönfeld-Weißig;65 Jahre;454
2017;StB 4 Loschwitz/OS Schönfeld-Weißig;07 StB Loschwitz und OS Schönfeld-Weißig;66 Jahre;461
2017;StB 4 Loschwitz/OS Schönfeld-Weißig;07 StB Loschwitz und OS Schönfeld-Weißig;67 Jahre;436
2017;StB 4 Loschwitz/OS Schönfeld-Weißig;07 StB Loschwitz und OS Schönfeld-Weißig;68 Jahre;362
2017;StB 4 Loschwitz/OS Schönfeld-Weißig;07 StB Loschwitz und OS Schönfeld-Weißig;69 Jahre;299
2017;StB 4 Loschwitz/OS Schönfeld-Weißig;07 StB Loschwitz und OS Schönfeld-Weißig;70 Jahre;329
2017;StB 4 Loschwitz/OS Schönfeld-Weißig;07 StB Loschwitz und OS Schönfeld-Weißig;71 Jahre;263
2017;StB 4 Loschwitz/OS Schönfeld-Weißig;07 StB Loschwitz und OS Schönfeld-Weißig;72 Jahre;312
2017;StB 4 Loschwitz/OS Schönfeld-Weißig;07 StB Loschwitz und OS Schönfeld-Weißig;73 Jahre;451
2017;StB 4 Loschwitz/OS Schönfeld-Weißig;07 StB Loschwitz und OS Schönfeld-Weißig;74 Jahre;454
2017;StB 4 Loschwitz/OS Schönfeld-Weißig;07 StB Loschwitz und OS Schönfeld-Weißig;75 Jahre;424
2017;StB 4 Loschwitz/OS Schönfeld-Weißig;07 StB Loschwitz und OS Schönfeld-Weißig;76 Jahre;446
2017;StB 4 Loschwitz/OS Schönfeld-Weißig;07 StB Loschwitz und OS Schönfeld-Weißig;77 Jahre;452
2017;StB 4 Loschwitz/OS Schönfeld-Weißig;07 StB Loschwitz und OS Schönfeld-Weißig;78 Jahre;416
2017;StB 4 Loschwitz/OS Schönfeld-Weißig;07 StB Loschwitz und OS Schönfeld-Weißig;79 Jahre;369
2017;StB 4 Loschwitz/OS Schönfeld-Weißig;07 StB Loschwitz und OS Schönfeld-Weißig;80 Jahre;371
2017;StB 4 Loschwitz/OS Schönfeld-Weißig;07 StB Loschwitz und OS Schönfeld-Weißig;81 Jahre;286
2017;StB 4 Loschwitz/OS Schönfeld-Weißig;07 StB Loschwitz und OS Schönfeld-Weißig;82 Jahre;292
2017;StB 4 Loschwitz/OS Schönfeld-Weißig;07 StB Loschwitz und OS Schönfeld-Weißig;83 Jahre;244
2017;StB 4 Loschwitz/OS Schönfeld-Weißig;07 StB Loschwitz und OS Schönfeld-Weißig;84 Jahre;165
2017;StB 4 Loschwitz/OS Schönfeld-Weißig;07 StB Loschwitz und OS Schönfeld-Weißig;85 Jahre u.älter;1053
2017;StB 5 Blasewitz;08 Blasewitz, Striesen;0 Jahre;639
2017;StB 5 Blasewitz;08 Blasewitz, Striesen;1 Jahre;694
2017;StB 5 Blasewitz;08 Blasewitz, Striesen;2 Jahre;656
2017;StB 5 Blasewitz;08 Blasewitz, Striesen;3 Jahre;631
2017;StB 5 Blasewitz;08 Blasewitz, Striesen;4 Jahre;560
2017;StB 5 Blasewitz;08 Blasewitz, Striesen;5 Jahre;608
2017;StB 5 Blasewitz;08 Blasewitz, Striesen;6 Jahre;563
2017;StB 5 Blasewitz;08 Blasewitz, Striesen;7 Jahre;548
2017;StB 5 Blasewitz;08 Blasewitz, Striesen;8 Jahre;551
2017;StB 5 Blasewitz;08 Blasewitz, Striesen;9 Jahre;493
2017;StB 5 Blasewitz;08 Blasewitz, Striesen;10 Jahre;478
2017;StB 5 Blasewitz;08 Blasewitz, Striesen;11 Jahre;459
2017;StB 5 Blasewitz;08 Blasewitz, Striesen;12 Jahre;434
2017;StB 5 Blasewitz;08 Blasewitz, Striesen;13 Jahre;399
2017;StB 5 Blasewitz;08 Blasewitz, Striesen;14 Jahre;413
2017;StB 5 Blasewitz;08 Blasewitz, Striesen;15 Jahre;401
2017;StB 5 Blasewitz;08 Blasewitz, Striesen;16 Jahre;422
2017;StB 5 Blasewitz;08 Blasewitz, Striesen;17 Jahre;425
2017;StB 5 Blasewitz;08 Blasewitz, Striesen;18 Jahre;362
2017;StB 5 Blasewitz;08 Blasewitz, Striesen;19 Jahre;466
2017;StB 5 Blasewitz;08 Blasewitz, Striesen;20 Jahre;498
2017;StB 5 Blasewitz;08 Blasewitz, Striesen;21 Jahre;442
2017;StB 5 Blasewitz;08 Blasewitz, Striesen;22 Jahre;499
2017;StB 5 Blasewitz;08 Blasewitz, Striesen;23 Jahre;480
2017;StB 5 Blasewitz;08 Blasewitz, Striesen;24 Jahre;507
2017;StB 5 Blasewitz;08 Blasewitz, Striesen;25 Jahre;481
2017;StB 5 Blasewitz;08 Blasewitz, Striesen;26 Jahre;625
2017;StB 5 Blasewitz;08 Blasewitz, Striesen;27 Jahre;893
2017;StB 5 Blasewitz;08 Blasewitz, Striesen;28 Jahre;930
2017;StB 5 Blasewitz;08 Blasewitz, Striesen;29 Jahre;946
2017;StB 5 Blasewitz;08 Blasewitz, Striesen;30 Jahre;966
2017;StB 5 Blasewitz;08 Blasewitz, Striesen;31 Jahre;916
2017;StB 5 Blasewitz;08 Blasewitz, Striesen;32 Jahre;910
2017;StB 5 Blasewitz;08 Blasewitz, Striesen;33 Jahre;820
2017;StB 5 Blasewitz;08 Blasewitz, Striesen;34 Jahre;851
2017;StB 5 Blasewitz;08 Blasewitz, Striesen;35 Jahre;897
2017;StB 5 Blasewitz;08 Blasewitz, Striesen;36 Jahre;786
2017;StB 5 Blasewitz;08 Blasewitz, Striesen;37 Jahre;785
2017;StB 5 Blasewitz;08 Blasewitz, Striesen;38 Jahre;723
2017;StB 5 Blasewitz;08 Blasewitz, Striesen;39 Jahre;810
2017;StB 5 Blasewitz;08 Blasewitz, Striesen;40 Jahre;733
2017;StB 5 Blasewitz;08 Blasewitz, Striesen;41 Jahre;705
2017;StB 5 Blasewitz;08 Blasewitz, Striesen;42 Jahre;607
2017;StB 5 Blasewitz;08 Blasewitz, Striesen;43 Jahre;609
2017;StB 5 Blasewitz;08 Blasewitz, Striesen;44 Jahre;622
2017;StB 5 Blasewitz;08 Blasewitz, Striesen;45 Jahre;644
2017;StB 5 Blasewitz;08 Blasewitz, Striesen;46 Jahre;687
2017;StB 5 Blasewitz;08 Blasewitz, Striesen;47 Jahre;703
2017;StB 5 Blasewitz;08 Blasewitz, Striesen;48 Jahre;704
2017;StB 5 Blasewitz;08 Blasewitz, Striesen;49 Jahre;710
2017;StB 5 Blasewitz;08 Blasewitz, Striesen;50 Jahre;705
2017;StB 5 Blasewitz;08 Blasewitz, Striesen;51 Jahre;769
2017;StB 5 Blasewitz;08 Blasewitz, Striesen;52 Jahre;669
2017;StB 5 Blasewitz;08 Blasewitz, Striesen;53 Jahre;671
2017;StB 5 Blasewitz;08 Blasewitz, Striesen;54 Jahre;703
2017;StB 5 Blasewitz;08 Blasewitz, Striesen;55 Jahre;617
2017;StB 5 Blasewitz;08 Blasewitz, Striesen;56 Jahre;627
2017;StB 5 Blasewitz;08 Blasewitz, Striesen;57 Jahre;565
2017;StB 5 Blasewitz;08 Blasewitz, Striesen;58 Jahre;529
2017;StB 5 Blasewitz;08 Blasewitz, Striesen;59 Jahre;463
2017;StB 5 Blasewitz;08 Blasewitz, Striesen;60 Jahre;388
2017;StB 5 Blasewitz;08 Blasewitz, Striesen;61 Jahre;414
2017;StB 5 Blasewitz;08 Blasewitz, Striesen;62 Jahre;441
2017;StB 5 Blasewitz;08 Blasewitz, Striesen;63 Jahre;432
2017;StB 5 Blasewitz;08 Blasewitz, Striesen;64 Jahre;457
2017;StB 5 Blasewitz;08 Blasewitz, Striesen;65 Jahre;447
2017;StB 5 Blasewitz;08 Blasewitz, Striesen;66 Jahre;483
2017;StB 5 Blasewitz;08 Blasewitz, Striesen;67 Jahre;437
2017;StB 5 Blasewitz;08 Blasewitz, Striesen;68 Jahre;390
2017;StB 5 Blasewitz;08 Blasewitz, Striesen;69 Jahre;337
2017;StB 5 Blasewitz;08 Blasewitz, Striesen;70 Jahre;371
2017;StB 5 Blasewitz;08 Blasewitz, Striesen;71 Jahre;251
2017;StB 5 Blasewitz;08 Blasewitz, Striesen;72 Jahre;294
2017;StB 5 Blasewitz;08 Blasewitz, Striesen;73 Jahre;457
2017;StB 5 Blasewitz;08 Blasewitz, Striesen;74 Jahre;504
2017;StB 5 Blasewitz;08 Blasewitz, Striesen;75 Jahre;485
2017;StB 5 Blasewitz;08 Blasewitz, Striesen;76 Jahre;635
2017;StB 5 Blasewitz;08 Blasewitz, Striesen;77 Jahre;655
2017;StB 5 Blasewitz;08 Blasewitz, Striesen;78 Jahre;657
2017;StB 5 Blasewitz;08 Blasewitz, Striesen;79 Jahre;593
2017;StB 5 Blasewitz;08 Blasewitz, Striesen;80 Jahre;506
2017;StB 5 Blasewitz;08 Blasewitz, Striesen;81 Jahre;501
2017;StB 5 Blasewitz;08 Blasewitz, Striesen;82 Jahre;485
2017;StB 5 Blasewitz;08 Blasewitz, Striesen;83 Jahre;397
2017;StB 5 Blasewitz;08 Blasewitz, Striesen;84 Jahre;250
2017;StB 5 Blasewitz;08 Blasewitz, Striesen;85 Jahre u.älter;1473
2017;StB 5 Blasewitz;09 Tolkewitz, Seidnitz, Gruna;0 Jahre;374
2017;StB 5 Blasewitz;09 Tolkewitz, Seidnitz, Gruna;1 Jahre;412
2017;StB 5 Blasewitz;09 Tolkewitz, Seidnitz, Gruna;2 Jahre;365
2017;StB 5 Blasewitz;09 Tolkewitz, Seidnitz, Gruna;3 Jahre;387
2017;StB 5 Blasewitz;09 Tolkewitz, Seidnitz, Gruna;4 Jahre;342
2017;StB 5 Blasewitz;09 Tolkewitz, Seidnitz, Gruna;5 Jahre;361
2017;StB 5 Blasewitz;09 Tolkewitz, Seidnitz, Gruna;6 Jahre;364
2017;StB 5 Blasewitz;09 Tolkewitz, Seidnitz, Gruna;7 Jahre;322
2017;StB 5 Blasewitz;09 Tolkewitz, Seidnitz, Gruna;8 Jahre;297
2017;StB 5 Blasewitz;09 Tolkewitz, Seidnitz, Gruna;9 Jahre;376
2017;StB 5 Blasewitz;09 Tolkewitz, Seidnitz, Gruna;10 Jahre;307
2017;StB 5 Blasewitz;09 Tolkewitz, Seidnitz, Gruna;11 Jahre;326
2017;StB 5 Blasewitz;09 Tolkewitz, Seidnitz, Gruna;12 Jahre;310
2017;StB 5 Blasewitz;09 Tolkewitz, Seidnitz, Gruna;13 Jahre;294
2017;StB 5 Blasewitz;09 Tolkewitz, Seidnitz, Gruna;14 Jahre;273
2017;StB 5 Blasewitz;09 Tolkewitz, Seidnitz, Gruna;15 Jahre;303
2017;StB 5 Blasewitz;09 Tolkewitz, Seidnitz, Gruna;16 Jahre;263
2017;StB 5 Blasewitz;09 Tolkewitz, Seidnitz, Gruna;17 Jahre;278
2017;StB 5 Blasewitz;09 Tolkewitz, Seidnitz, Gruna;18 Jahre;317
2017;StB 5 Blasewitz;09 Tolkewitz, Seidnitz, Gruna;19 Jahre;281
2017;StB 5 Blasewitz;09 Tolkewitz, Seidnitz, Gruna;20 Jahre;319
2017;StB 5 Blasewitz;09 Tolkewitz, Seidnitz, Gruna;21 Jahre;335
2017;StB 5 Blasewitz;09 Tolkewitz, Seidnitz, Gruna;22 Jahre;299
2017;StB 5 Blasewitz;09 Tolkewitz, Seidnitz, Gruna;23 Jahre;290
2017;StB 5 Blasewitz;09 Tolkewitz, Seidnitz, Gruna;24 Jahre;361
2017;StB 5 Blasewitz;09 Tolkewitz, Seidnitz, Gruna;25 Jahre;334
2017;StB 5 Blasewitz;09 Tolkewitz, Seidnitz, Gruna;26 Jahre;426
2017;StB 5 Blasewitz;09 Tolkewitz, Seidnitz, Gruna;27 Jahre;593
2017;StB 5 Blasewitz;09 Tolkewitz, Seidnitz, Gruna;28 Jahre;628
2017;StB 5 Blasewitz;09 Tolkewitz, Seidnitz, Gruna;29 Jahre;635
2017;StB 5 Blasewitz;09 Tolkewitz, Seidnitz, Gruna;30 Jahre;621
2017;StB 5 Blasewitz;09 Tolkewitz, Seidnitz, Gruna;31 Jahre;596
2017;StB 5 Blasewitz;09 Tolkewitz, Seidnitz, Gruna;32 Jahre;565
2017;StB 5 Blasewitz;09 Tolkewitz, Seidnitz, Gruna;33 Jahre;565
2017;StB 5 Blasewitz;09 Tolkewitz, Seidnitz, Gruna;34 Jahre;519
2017;StB 5 Blasewitz;09 Tolkewitz, Seidnitz, Gruna;35 Jahre;535
2017;StB 5 Blasewitz;09 Tolkewitz, Seidnitz, Gruna;36 Jahre;520
2017;StB 5 Blasewitz;09 Tolkewitz, Seidnitz, Gruna;37 Jahre;511
2017;StB 5 Blasewitz;09 Tolkewitz, Seidnitz, Gruna;38 Jahre;511
2017;StB 5 Blasewitz;09 Tolkewitz, Seidnitz, Gruna;39 Jahre;505
2017;StB 5 Blasewitz;09 Tolkewitz, Seidnitz, Gruna;40 Jahre;469
2017;StB 5 Blasewitz;09 Tolkewitz, Seidnitz, Gruna;41 Jahre;437
2017;StB 5 Blasewitz;09 Tolkewitz, Seidnitz, Gruna;42 Jahre;420
2017;StB 5 Blasewitz;09 Tolkewitz, Seidnitz, Gruna;43 Jahre;379
2017;StB 5 Blasewitz;09 Tolkewitz, Seidnitz, Gruna;44 Jahre;395
2017;StB 5 Blasewitz;09 Tolkewitz, Seidnitz, Gruna;45 Jahre;406
2017;StB 5 Blasewitz;09 Tolkewitz, Seidnitz, Gruna;46 Jahre;432
2017;StB 5 Blasewitz;09 Tolkewitz, Seidnitz, Gruna;47 Jahre;482
2017;StB 5 Blasewitz;09 Tolkewitz, Seidnitz, Gruna;48 Jahre;466
2017;StB 5 Blasewitz;09 Tolkewitz, Seidnitz, Gruna;49 Jahre;468
2017;StB 5 Blasewitz;09 Tolkewitz, Seidnitz, Gruna;50 Jahre;488
2017;StB 5 Blasewitz;09 Tolkewitz, Seidnitz, Gruna;51 Jahre;520
2017;StB 5 Blasewitz;09 Tolkewitz, Seidnitz, Gruna;52 Jahre;534
2017;StB 5 Blasewitz;09 Tolkewitz, Seidnitz, Gruna;53 Jahre;514
2017;StB 5 Blasewitz;09 Tolkewitz, Seidnitz, Gruna;54 Jahre;525
2017;StB 5 Blasewitz;09 Tolkewitz, Seidnitz, Gruna;55 Jahre;535
2017;StB 5 Blasewitz;09 Tolkewitz, Seidnitz, Gruna;56 Jahre;468
2017;StB 5 Blasewitz;09 Tolkewitz, Seidnitz, Gruna;57 Jahre;453
2017;StB 5 Blasewitz;09 Tolkewitz, Seidnitz, Gruna;58 Jahre;445
2017;StB 5 Blasewitz;09 Tolkewitz, Seidnitz, Gruna;59 Jahre;374
2017;StB 5 Blasewitz;09 Tolkewitz, Seidnitz, Gruna;60 Jahre;382
2017;StB 5 Blasewitz;09 Tolkewitz, Seidnitz, Gruna;61 Jahre;379
2017;StB 5 Blasewitz;09 Tolkewitz, Seidnitz, Gruna;62 Jahre;406
2017;StB 5 Blasewitz;09 Tolkewitz, Seidnitz, Gruna;63 Jahre;396
2017;StB 5 Blasewitz;09 Tolkewitz, Seidnitz, Gruna;64 Jahre;441
2017;StB 5 Blasewitz;09 Tolkewitz, Seidnitz, Gruna;65 Jahre;460
2017;StB 5 Blasewitz;09 Tolkewitz, Seidnitz, Gruna;66 Jahre;482
2017;StB 5 Blasewitz;09 Tolkewitz, Seidnitz, Gruna;67 Jahre;496
2017;StB 5 Blasewitz;09 Tolkewitz, Seidnitz, Gruna;68 Jahre;433
2017;StB 5 Blasewitz;09 Tolkewitz, Seidnitz, Gruna;69 Jahre;352
2017;StB 5 Blasewitz;09 Tolkewitz, Seidnitz, Gruna;70 Jahre;420
2017;StB 5 Blasewitz;09 Tolkewitz, Seidnitz, Gruna;71 Jahre;320
2017;StB 5 Blasewitz;09 Tolkewitz, Seidnitz, Gruna;72 Jahre;432
2017;StB 5 Blasewitz;09 Tolkewitz, Seidnitz, Gruna;73 Jahre;558
2017;StB 5 Blasewitz;09 Tolkewitz, Seidnitz, Gruna;74 Jahre;631
2017;StB 5 Blasewitz;09 Tolkewitz, Seidnitz, Gruna;75 Jahre;567
2017;StB 5 Blasewitz;09 Tolkewitz, Seidnitz, Gruna;76 Jahre;614
2017;StB 5 Blasewitz;09 Tolkewitz, Seidnitz, Gruna;77 Jahre;684
2017;StB 5 Blasewitz;09 Tolkewitz, Seidnitz, Gruna;78 Jahre;687
2017;StB 5 Blasewitz;09 Tolkewitz, Seidnitz, Gruna;79 Jahre;579
2017;StB 5 Blasewitz;09 Tolkewitz, Seidnitz, Gruna;80 Jahre;465
2017;StB 5 Blasewitz;09 Tolkewitz, Seidnitz, Gruna;81 Jahre;446
2017;StB 5 Blasewitz;09 Tolkewitz, Seidnitz, Gruna;82 Jahre;400
2017;StB 5 Blasewitz;09 Tolkewitz, Seidnitz, Gruna;83 Jahre;354
2017;StB 5 Blasewitz;09 Tolkewitz, Seidnitz, Gruna;84 Jahre;191
2017;StB 5 Blasewitz;09 Tolkewitz, Seidnitz, Gruna;85 Jahre u.älter;1163
2017;StB 6 Leuben;10 StB Leuben;0 Jahre;334
2017;StB 6 Leuben;10 StB Leuben;1 Jahre;382
2017;StB 6 Leuben;10 StB Leuben;2 Jahre;404
2017;StB 6 Leuben;10 StB Leuben;3 Jahre;336
2017;StB 6 Leuben;10 StB Leuben;4 Jahre;356
2017;StB 6 Leuben;10 StB Leuben;5 Jahre;377
2017;StB 6 Leuben;10 StB Leuben;6 Jahre;335
2017;StB 6 Leuben;10 StB Leuben;7 Jahre;391
2017;StB 6 Leuben;10 StB Leuben;8 Jahre;373
2017;StB 6 Leuben;10 StB Leuben;9 Jahre;325
2017;StB 6 Leuben;10 StB Leuben;10 Jahre;340
2017;StB 6 Leuben;10 StB Leuben;11 Jahre;330
2017;StB 6 Leuben;10 StB Leuben;12 Jahre;339
2017;StB 6 Leuben;10 StB Leuben;13 Jahre;343
2017;StB 6 Leuben;10 StB Leuben;14 Jahre;340
2017;StB 6 Leuben;10 StB Leuben;15 Jahre;319
2017;StB 6 Leuben;10 StB Leuben;16 Jahre;345
2017;StB 6 Leuben;10 StB Leuben;17 Jahre;328
2017;StB 6 Leuben;10 StB Leuben;18 Jahre;337
2017;StB 6 Leuben;10 StB Leuben;19 Jahre;322
2017;StB 6 Leuben;10 StB Leuben;20 Jahre;335
2017;StB 6 Leuben;10 StB Leuben;21 Jahre;259
2017;StB 6 Leuben;10 StB Leuben;22 Jahre;237
2017;StB 6 Leuben;10 StB Leuben;23 Jahre;231
2017;StB 6 Leuben;10 StB Leuben;24 Jahre;260
2017;StB 6 Leuben;10 StB Leuben;25 Jahre;252
2017;StB 6 Leuben;10 StB Leuben;26 Jahre;301
2017;StB 6 Leuben;10 StB Leuben;27 Jahre;452
2017;StB 6 Leuben;10 StB Leuben;28 Jahre;445
2017;StB 6 Leuben;10 StB Leuben;29 Jahre;473
2017;StB 6 Leuben;10 StB Leuben;30 Jahre;487
2017;StB 6 Leuben;10 StB Leuben;31 Jahre;481
2017;StB 6 Leuben;10 StB Leuben;32 Jahre;506
2017;StB 6 Leuben;10 StB Leuben;33 Jahre;449
2017;StB 6 Leuben;10 StB Leuben;34 Jahre;521
2017;StB 6 Leuben;10 StB Leuben;35 Jahre;505
2017;StB 6 Leuben;10 StB Leuben;36 Jahre;489
2017;StB 6 Leuben;10 StB Leuben;37 Jahre;498
2017;StB 6 Leuben;10 StB Leuben;38 Jahre;498
2017;StB 6 Leuben;10 StB Leuben;39 Jahre;532
2017;StB 6 Leuben;10 StB Leuben;40 Jahre;470
2017;StB 6 Leuben;10 StB Leuben;41 Jahre;503
2017;StB 6 Leuben;10 StB Leuben;42 Jahre;431
2017;StB 6 Leuben;10 StB Leuben;43 Jahre;434
2017;StB 6 Leuben;10 StB Leuben;44 Jahre;434
2017;StB 6 Leuben;10 StB Leuben;45 Jahre;479
2017;StB 6 Leuben;10 StB Leuben;46 Jahre;524
2017;StB 6 Leuben;10 StB Leuben;47 Jahre;554
2017;StB 6 Leuben;10 StB Leuben;48 Jahre;584
2017;StB 6 Leuben;10 StB Leuben;49 Jahre;625
2017;StB 6 Leuben;10 StB Leuben;50 Jahre;613
2017;StB 6 Leuben;10 StB Leuben;51 Jahre;616
2017;StB 6 Leuben;10 StB Leuben;52 Jahre;594
2017;StB 6 Leuben;10 StB Leuben;53 Jahre;619
2017;StB 6 Leuben;10 StB Leuben;54 Jahre;588
2017;StB 6 Leuben;10 StB Leuben;55 Jahre;603
2017;StB 6 Leuben;10 StB Leuben;56 Jahre;580
2017;StB 6 Leuben;10 StB Leuben;57 Jahre;520
2017;StB 6 Leuben;10 StB Leuben;58 Jahre;497
2017;StB 6 Leuben;10 StB Leuben;59 Jahre;392
2017;StB 6 Leuben;10 StB Leuben;60 Jahre;401
2017;StB 6 Leuben;10 StB Leuben;61 Jahre;452
2017;StB 6 Leuben;10 StB Leuben;62 Jahre;473
2017;StB 6 Leuben;10 StB Leuben;63 Jahre;514
2017;StB 6 Leuben;10 StB Leuben;64 Jahre;513
2017;StB 6 Leuben;10 StB Leuben;65 Jahre;534
2017;StB 6 Leuben;10 StB Leuben;66 Jahre;511
2017;StB 6 Leuben;10 StB Leuben;67 Jahre;578
2017;StB 6 Leuben;10 StB Leuben;68 Jahre;485
2017;StB 6 Leuben;10 StB Leuben;69 Jahre;453
2017;StB 6 Leuben;10 StB Leuben;70 Jahre;423
2017;StB 6 Leuben;10 StB Leuben;71 Jahre;310
2017;StB 6 Leuben;10 StB Leuben;72 Jahre;435
2017;StB 6 Leuben;10 StB Leuben;73 Jahre;603
2017;StB 6 Leuben;10 StB Leuben;74 Jahre;663
2017;StB 6 Leuben;10 StB Leuben;75 Jahre;589
2017;StB 6 Leuben;10 StB Leuben;76 Jahre;752
2017;StB 6 Leuben;10 StB Leuben;77 Jahre;698
2017;StB 6 Leuben;10 StB Leuben;78 Jahre;638
2017;StB 6 Leuben;10 StB Leuben;79 Jahre;513
2017;StB 6 Leuben;10 StB Leuben;80 Jahre;454
2017;StB 6 Leuben;10 StB Leuben;81 Jahre;381
2017;StB 6 Leuben;10 StB Leuben;82 Jahre;350
2017;StB 6 Leuben;10 StB Leuben;83 Jahre;297
2017;StB 6 Leuben;10 StB Leuben;84 Jahre;194
2017;StB 6 Leuben;10 StB Leuben;85 Jahre u.älter;1229
2017;StB 7 Prohlis;11 Prohlis, Reick (mit Sternhäuser, Am Koitschgraben);0 Jahre;209
2017;StB 7 Prohlis;11 Prohlis, Reick (mit Sternhäuser, Am Koitschgraben);1 Jahre;218
2017;StB 7 Prohlis;11 Prohlis, Reick (mit Sternhäuser, Am Koitschgraben);2 Jahre;217
2017;StB 7 Prohlis;11 Prohlis, Reick (mit Sternhäuser, Am Koitschgraben);3 Jahre;212
2017;StB 7 Prohlis;11 Prohlis, Reick (mit Sternhäuser, Am Koitschgraben);4 Jahre;238
2017;StB 7 Prohlis;11 Prohlis, Reick (mit Sternhäuser, Am Koitschgraben);5 Jahre;244
2017;StB 7 Prohlis;11 Prohlis, Reick (mit Sternhäuser, Am Koitschgraben);6 Jahre;219
2017;StB 7 Prohlis;11 Prohlis, Reick (mit Sternhäuser, Am Koitschgraben);7 Jahre;226
2017;StB 7 Prohlis;11 Prohlis, Reick (mit Sternhäuser, Am Koitschgraben);8 Jahre;206
2017;StB 7 Prohlis;11 Prohlis, Reick (mit Sternhäuser, Am Koitschgraben);9 Jahre;211
2017;StB 7 Prohlis;11 Prohlis, Reick (mit Sternhäuser, Am Koitschgraben);10 Jahre;214
2017;StB 7 Prohlis;11 Prohlis, Reick (mit Sternhäuser, Am Koitschgraben);11 Jahre;188
2017;StB 7 Prohlis;11 Prohlis, Reick (mit Sternhäuser, Am Koitschgraben);12 Jahre;205
2017;StB 7 Prohlis;11 Prohlis, Reick (mit Sternhäuser, Am Koitschgraben);13 Jahre;170
2017;StB 7 Prohlis;11 Prohlis, Reick (mit Sternhäuser, Am Koitschgraben);14 Jahre;172
2017;StB 7 Prohlis;11 Prohlis, Reick (mit Sternhäuser, Am Koitschgraben);15 Jahre;178
2017;StB 7 Prohlis;11 Prohlis, Reick (mit Sternhäuser, Am Koitschgraben);16 Jahre;198
2017;StB 7 Prohlis;11 Prohlis, Reick (mit Sternhäuser, Am Koitschgraben);17 Jahre;176
2017;StB 7 Prohlis;11 Prohlis, Reick (mit Sternhäuser, Am Koitschgraben);18 Jahre;223
2017;StB 7 Prohlis;11 Prohlis, Reick (mit Sternhäuser, Am Koitschgraben);19 Jahre;226
2017;StB 7 Prohlis;11 Prohlis, Reick (mit Sternhäuser, Am Koitschgraben);20 Jahre;241
2017;StB 7 Prohlis;11 Prohlis, Reick (mit Sternhäuser, Am Koitschgraben);21 Jahre;263
2017;StB 7 Prohlis;11 Prohlis, Reick (mit Sternhäuser, Am Koitschgraben);22 Jahre;226
2017;StB 7 Prohlis;11 Prohlis, Reick (mit Sternhäuser, Am Koitschgraben);23 Jahre;215
2017;StB 7 Prohlis;11 Prohlis, Reick (mit Sternhäuser, Am Koitschgraben);24 Jahre;263
2017;StB 7 Prohlis;11 Prohlis, Reick (mit Sternhäuser, Am Koitschgraben);25 Jahre;268
2017;StB 7 Prohlis;11 Prohlis, Reick (mit Sternhäuser, Am Koitschgraben);26 Jahre;263
2017;StB 7 Prohlis;11 Prohlis, Reick (mit Sternhäuser, Am Koitschgraben);27 Jahre;343
2017;StB 7 Prohlis;11 Prohlis, Reick (mit Sternhäuser, Am Koitschgraben);28 Jahre;320
2017;StB 7 Prohlis;11 Prohlis, Reick (mit Sternhäuser, Am Koitschgraben);29 Jahre;350
2017;StB 7 Prohlis;11 Prohlis, Reick (mit Sternhäuser, Am Koitschgraben);30 Jahre;379
2017;StB 7 Prohlis;11 Prohlis, Reick (mit Sternhäuser, Am Koitschgraben);31 Jahre;302
2017;StB 7 Prohlis;11 Prohlis, Reick (mit Sternhäuser, Am Koitschgraben);32 Jahre;325
2017;StB 7 Prohlis;11 Prohlis, Reick (mit Sternhäuser, Am Koitschgraben);33 Jahre;319
2017;StB 7 Prohlis;11 Prohlis, Reick (mit Sternhäuser, Am Koitschgraben);34 Jahre;321
2017;StB 7 Prohlis;11 Prohlis, Reick (mit Sternhäuser, Am Koitschgraben);35 Jahre;300
2017;StB 7 Prohlis;11 Prohlis, Reick (mit Sternhäuser, Am Koitschgraben);36 Jahre;290
2017;StB 7 Prohlis;11 Prohlis, Reick (mit Sternhäuser, Am Koitschgraben);37 Jahre;295
2017;StB 7 Prohlis;11 Prohlis, Reick (mit Sternhäuser, Am Koitschgraben);38 Jahre;273
2017;StB 7 Prohlis;11 Prohlis, Reick (mit Sternhäuser, Am Koitschgraben);39 Jahre;289
2017;StB 7 Prohlis;11 Prohlis, Reick (mit Sternhäuser, Am Koitschgraben);40 Jahre;280
2017;StB 7 Prohlis;11 Prohlis, Reick (mit Sternhäuser, Am Koitschgraben);41 Jahre;227
2017;StB 7 Prohlis;11 Prohlis, Reick (mit Sternhäuser, Am Koitschgraben);42 Jahre;235
2017;StB 7 Prohlis;11 Prohlis, Reick (mit Sternhäuser, Am Koitschgraben);43 Jahre;222
2017;StB 7 Prohlis;11 Prohlis, Reick (mit Sternhäuser, Am Koitschgraben);44 Jahre;203
2017;StB 7 Prohlis;11 Prohlis, Reick (mit Sternhäuser, Am Koitschgraben);45 Jahre;237
2017;StB 7 Prohlis;11 Prohlis, Reick (mit Sternhäuser, Am Koitschgraben);46 Jahre;275
2017;StB 7 Prohlis;11 Prohlis, Reick (mit Sternhäuser, Am Koitschgraben);47 Jahre;271
2017;StB 7 Prohlis;11 Prohlis, Reick (mit Sternhäuser, Am Koitschgraben);48 Jahre;221
2017;StB 7 Prohlis;11 Prohlis, Reick (mit Sternhäuser, Am Koitschgraben);49 Jahre;252
2017;StB 7 Prohlis;11 Prohlis, Reick (mit Sternhäuser, Am Koitschgraben);50 Jahre;261
2017;StB 7 Prohlis;11 Prohlis, Reick (mit Sternhäuser, Am Koitschgraben);51 Jahre;283
2017;StB 7 Prohlis;11 Prohlis, Reick (mit Sternhäuser, Am Koitschgraben);52 Jahre;302
2017;StB 7 Prohlis;11 Prohlis, Reick (mit Sternhäuser, Am Koitschgraben);53 Jahre;337
2017;StB 7 Prohlis;11 Prohlis, Reick (mit Sternhäuser, Am Koitschgraben);54 Jahre;313
2017;StB 7 Prohlis;11 Prohlis, Reick (mit Sternhäuser, Am Koitschgraben);55 Jahre;285
2017;StB 7 Prohlis;11 Prohlis, Reick (mit Sternhäuser, Am Koitschgraben);56 Jahre;292
2017;StB 7 Prohlis;11 Prohlis, Reick (mit Sternhäuser, Am Koitschgraben);57 Jahre;320
2017;StB 7 Prohlis;11 Prohlis, Reick (mit Sternhäuser, Am Koitschgraben);58 Jahre;310
2017;StB 7 Prohlis;11 Prohlis, Reick (mit Sternhäuser, Am Koitschgraben);59 Jahre;262
2017;StB 7 Prohlis;11 Prohlis, Reick (mit Sternhäuser, Am Koitschgraben);60 Jahre;303
2017;StB 7 Prohlis;11 Prohlis, Reick (mit Sternhäuser, Am Koitschgraben);61 Jahre;319
2017;StB 7 Prohlis;11 Prohlis, Reick (mit Sternhäuser, Am Koitschgraben);62 Jahre;341
2017;StB 7 Prohlis;11 Prohlis, Reick (mit Sternhäuser, Am Koitschgraben);63 Jahre;321
2017;StB 7 Prohlis;11 Prohlis, Reick (mit Sternhäuser, Am Koitschgraben);64 Jahre;354
2017;StB 7 Prohlis;11 Prohlis, Reick (mit Sternhäuser, Am Koitschgraben);65 Jahre;391
2017;StB 7 Prohlis;11 Prohlis, Reick (mit Sternhäuser, Am Koitschgraben);66 Jahre;421
2017;StB 7 Prohlis;11 Prohlis, Reick (mit Sternhäuser, Am Koitschgraben);67 Jahre;366
2017;StB 7 Prohlis;11 Prohlis, Reick (mit Sternhäuser, Am Koitschgraben);68 Jahre;363
2017;StB 7 Prohlis;11 Prohlis, Reick (mit Sternhäuser, Am Koitschgraben);69 Jahre;271
2017;StB 7 Prohlis;11 Prohlis, Reick (mit Sternhäuser, Am Koitschgraben);70 Jahre;299
2017;StB 7 Prohlis;11 Prohlis, Reick (mit Sternhäuser, Am Koitschgraben);71 Jahre;214
2017;StB 7 Prohlis;11 Prohlis, Reick (mit Sternhäuser, Am Koitschgraben);72 Jahre;272
2017;StB 7 Prohlis;11 Prohlis, Reick (mit Sternhäuser, Am Koitschgraben);73 Jahre;342
2017;StB 7 Prohlis;11 Prohlis, Reick (mit Sternhäuser, Am Koitschgraben);74 Jahre;311
2017;StB 7 Prohlis;11 Prohlis, Reick (mit Sternhäuser, Am Koitschgraben);75 Jahre;312
2017;StB 7 Prohlis;11 Prohlis, Reick (mit Sternhäuser, Am Koitschgraben);76 Jahre;331
2017;StB 7 Prohlis;11 Prohlis, Reick (mit Sternhäuser, Am Koitschgraben);77 Jahre;327
2017;StB 7 Prohlis;11 Prohlis, Reick (mit Sternhäuser, Am Koitschgraben);78 Jahre;302
2017;StB 7 Prohlis;11 Prohlis, Reick (mit Sternhäuser, Am Koitschgraben);79 Jahre;229
2017;StB 7 Prohlis;11 Prohlis, Reick (mit Sternhäuser, Am Koitschgraben);80 Jahre;231
2017;StB 7 Prohlis;11 Prohlis, Reick (mit Sternhäuser, Am Koitschgraben);81 Jahre;238
2017;StB 7 Prohlis;11 Prohlis, Reick (mit Sternhäuser, Am Koitschgraben);82 Jahre;199
2017;StB 7 Prohlis;11 Prohlis, Reick (mit Sternhäuser, Am Koitschgraben);83 Jahre;162
2017;StB 7 Prohlis;11 Prohlis, Reick (mit Sternhäuser, Am Koitschgraben);84 Jahre;103
2017;StB 7 Prohlis;11 Prohlis, Reick (mit Sternhäuser, Am Koitschgraben);85 Jahre u.älter;773
2017;StB 7 Prohlis;12 Niedersedlitz, Leubnitz, Strehlen (ohne Sternhäuser, Am Koitschgraben);0 Jahre;322
2017;StB 7 Prohlis;12 Niedersedlitz, Leubnitz, Strehlen (ohne Sternhäuser, Am Koitschgraben);1 Jahre;335
2017;StB 7 Prohlis;12 Niedersedlitz, Leubnitz, Strehlen (ohne Sternhäuser, Am Koitschgraben);2 Jahre;338
2017;StB 7 Prohlis;12 Niedersedlitz, Leubnitz, Strehlen (ohne Sternhäuser, Am Koitschgraben);3 Jahre;344
2017;StB 7 Prohlis;12 Niedersedlitz, Leubnitz, Strehlen (ohne Sternhäuser, Am Koitschgraben);4 Jahre;377
2017;StB 7 Prohlis;12 Niedersedlitz, Leubnitz, Strehlen (ohne Sternhäuser, Am Koitschgraben);5 Jahre;331
2017;StB 7 Prohlis;12 Niedersedlitz, Leubnitz, Strehlen (ohne Sternhäuser, Am Koitschgraben);6 Jahre;297
2017;StB 7 Prohlis;12 Niedersedlitz, Leubnitz, Strehlen (ohne Sternhäuser, Am Koitschgraben);7 Jahre;343
2017;StB 7 Prohlis;12 Niedersedlitz, Leubnitz, Strehlen (ohne Sternhäuser, Am Koitschgraben);8 Jahre;352
2017;StB 7 Prohlis;12 Niedersedlitz, Leubnitz, Strehlen (ohne Sternhäuser, Am Koitschgraben);9 Jahre;354
2017;StB 7 Prohlis;12 Niedersedlitz, Leubnitz, Strehlen (ohne Sternhäuser, Am Koitschgraben);10 Jahre;315
2017;StB 7 Prohlis;12 Niedersedlitz, Leubnitz, Strehlen (ohne Sternhäuser, Am Koitschgraben);11 Jahre;309
2017;StB 7 Prohlis;12 Niedersedlitz, Leubnitz, Strehlen (ohne Sternhäuser, Am Koitschgraben);12 Jahre;304
2017;StB 7 Prohlis;12 Niedersedlitz, Leubnitz, Strehlen (ohne Sternhäuser, Am Koitschgraben);13 Jahre;302
2017;StB 7 Prohlis;12 Niedersedlitz, Leubnitz, Strehlen (ohne Sternhäuser, Am Koitschgraben);14 Jahre;288
2017;StB 7 Prohlis;12 Niedersedlitz, Leubnitz, Strehlen (ohne Sternhäuser, Am Koitschgraben);15 Jahre;286
2017;StB 7 Prohlis;12 Niedersedlitz, Leubnitz, Strehlen (ohne Sternhäuser, Am Koitschgraben);16 Jahre;261
2017;StB 7 Prohlis;12 Niedersedlitz, Leubnitz, Strehlen (ohne Sternhäuser, Am Koitschgraben);17 Jahre;314
2017;StB 7 Prohlis;12 Niedersedlitz, Leubnitz, Strehlen (ohne Sternhäuser, Am Koitschgraben);18 Jahre;322
2017;StB 7 Prohlis;12 Niedersedlitz, Leubnitz, Strehlen (ohne Sternhäuser, Am Koitschgraben);19 Jahre;350
2017;StB 7 Prohlis;12 Niedersedlitz, Leubnitz, Strehlen (ohne Sternhäuser, Am Koitschgraben);20 Jahre;375
2017;StB 7 Prohlis;12 Niedersedlitz, Leubnitz, Strehlen (ohne Sternhäuser, Am Koitschgraben);21 Jahre;349
2017;StB 7 Prohlis;12 Niedersedlitz, Leubnitz, Strehlen (ohne Sternhäuser, Am Koitschgraben);22 Jahre;373
2017;StB 7 Prohlis;12 Niedersedlitz, Leubnitz, Strehlen (ohne Sternhäuser, Am Koitschgraben);23 Jahre;333
2017;StB 7 Prohlis;12 Niedersedlitz, Leubnitz, Strehlen (ohne Sternhäuser, Am Koitschgraben);24 Jahre;350
2017;StB 7 Prohlis;12 Niedersedlitz, Leubnitz, Strehlen (ohne Sternhäuser, Am Koitschgraben);25 Jahre;319
2017;StB 7 Prohlis;12 Niedersedlitz, Leubnitz, Strehlen (ohne Sternhäuser, Am Koitschgraben);26 Jahre;347
2017;StB 7 Prohlis;12 Niedersedlitz, Leubnitz, Strehlen (ohne Sternhäuser, Am Koitschgraben);27 Jahre;449
2017;StB 7 Prohlis;12 Niedersedlitz, Leubnitz, Strehlen (ohne Sternhäuser, Am Koitschgraben);28 Jahre;442
2017;StB 7 Prohlis;12 Niedersedlitz, Leubnitz, Strehlen (ohne Sternhäuser, Am Koitschgraben);29 Jahre;486
2017;StB 7 Prohlis;12 Niedersedlitz, Leubnitz, Strehlen (ohne Sternhäuser, Am Koitschgraben);30 Jahre;507
2017;StB 7 Prohlis;12 Niedersedlitz, Leubnitz, Strehlen (ohne Sternhäuser, Am Koitschgraben);31 Jahre;495
2017;StB 7 Prohlis;12 Niedersedlitz, Leubnitz, Strehlen (ohne Sternhäuser, Am Koitschgraben);32 Jahre;496
2017;StB 7 Prohlis;12 Niedersedlitz, Leubnitz, Strehlen (ohne Sternhäuser, Am Koitschgraben);33 Jahre;485
2017;StB 7 Prohlis;12 Niedersedlitz, Leubnitz, Strehlen (ohne Sternhäuser, Am Koitschgraben);34 Jahre;458
2017;StB 7 Prohlis;12 Niedersedlitz, Leubnitz, Strehlen (ohne Sternhäuser, Am Koitschgraben);35 Jahre;475
2017;StB 7 Prohlis;12 Niedersedlitz, Leubnitz, Strehlen (ohne Sternhäuser, Am Koitschgraben);36 Jahre;461
2017;StB 7 Prohlis;12 Niedersedlitz, Leubnitz, Strehlen (ohne Sternhäuser, Am Koitschgraben);37 Jahre;435
2017;StB 7 Prohlis;12 Niedersedlitz, Leubnitz, Strehlen (ohne Sternhäuser, Am Koitschgraben);38 Jahre;439
2017;StB 7 Prohlis;12 Niedersedlitz, Leubnitz, Strehlen (ohne Sternhäuser, Am Koitschgraben);39 Jahre;480
2017;StB 7 Prohlis;12 Niedersedlitz, Leubnitz, Strehlen (ohne Sternhäuser, Am Koitschgraben);40 Jahre;485
2017;StB 7 Prohlis;12 Niedersedlitz, Leubnitz, Strehlen (ohne Sternhäuser, Am Koitschgraben);41 Jahre;409
2017;StB 7 Prohlis;12 Niedersedlitz, Leubnitz, Strehlen (ohne Sternhäuser, Am Koitschgraben);42 Jahre;384
2017;StB 7 Prohlis;12 Niedersedlitz, Leubnitz, Strehlen (ohne Sternhäuser, Am Koitschgraben);43 Jahre;393
2017;StB 7 Prohlis;12 Niedersedlitz, Leubnitz, Strehlen (ohne Sternhäuser, Am Koitschgraben);44 Jahre;379
2017;StB 7 Prohlis;12 Niedersedlitz, Leubnitz, Strehlen (ohne Sternhäuser, Am Koitschgraben);45 Jahre;430
2017;StB 7 Prohlis;12 Niedersedlitz, Leubnitz, Strehlen (ohne Sternhäuser, Am Koitschgraben);46 Jahre;490
2017;StB 7 Prohlis;12 Niedersedlitz, Leubnitz, Strehlen (ohne Sternhäuser, Am Koitschgraben);47 Jahre;481
2017;StB 7 Prohlis;12 Niedersedlitz, Leubnitz, Strehlen (ohne Sternhäuser, Am Koitschgraben);48 Jahre;514
2017;StB 7 Prohlis;12 Niedersedlitz, Leubnitz, Strehlen (ohne Sternhäuser, Am Koitschgraben);49 Jahre;483
2017;StB 7 Prohlis;12 Niedersedlitz, Leubnitz, Strehlen (ohne Sternhäuser, Am Koitschgraben);50 Jahre;472
2017;StB 7 Prohlis;12 Niedersedlitz, Leubnitz, Strehlen (ohne Sternhäuser, Am Koitschgraben);51 Jahre;553
2017;StB 7 Prohlis;12 Niedersedlitz, Leubnitz, Strehlen (ohne Sternhäuser, Am Koitschgraben);52 Jahre;516
2017;StB 7 Prohlis;12 Niedersedlitz, Leubnitz, Strehlen (ohne Sternhäuser, Am Koitschgraben);53 Jahre;557
2017;StB 7 Prohlis;12 Niedersedlitz, Leubnitz, Strehlen (ohne Sternhäuser, Am Koitschgraben);54 Jahre;545
2017;StB 7 Prohlis;12 Niedersedlitz, Leubnitz, Strehlen (ohne Sternhäuser, Am Koitschgraben);55 Jahre;506
2017;StB 7 Prohlis;12 Niedersedlitz, Leubnitz, Strehlen (ohne Sternhäuser, Am Koitschgraben);56 Jahre;512
2017;StB 7 Prohlis;12 Niedersedlitz, Leubnitz, Strehlen (ohne Sternhäuser, Am Koitschgraben);57 Jahre;487
2017;StB 7 Prohlis;12 Niedersedlitz, Leubnitz, Strehlen (ohne Sternhäuser, Am Koitschgraben);58 Jahre;483
2017;StB 7 Prohlis;12 Niedersedlitz, Leubnitz, Strehlen (ohne Sternhäuser, Am Koitschgraben);59 Jahre;408
2017;StB 7 Prohlis;12 Niedersedlitz, Leubnitz, Strehlen (ohne Sternhäuser, Am Koitschgraben);60 Jahre;378
2017;StB 7 Prohlis;12 Niedersedlitz, Leubnitz, Strehlen (ohne Sternhäuser, Am Koitschgraben);61 Jahre;395
2017;StB 7 Prohlis;12 Niedersedlitz, Leubnitz, Strehlen (ohne Sternhäuser, Am Koitschgraben);62 Jahre;427
2017;StB 7 Prohlis;12 Niedersedlitz, Leubnitz, Strehlen (ohne Sternhäuser, Am Koitschgraben);63 Jahre;452
2017;StB 7 Prohlis;12 Niedersedlitz, Leubnitz, Strehlen (ohne Sternhäuser, Am Koitschgraben);64 Jahre;455
2017;StB 7 Prohlis;12 Niedersedlitz, Leubnitz, Strehlen (ohne Sternhäuser, Am Koitschgraben);65 Jahre;472
2017;StB 7 Prohlis;12 Niedersedlitz, Leubnitz, Strehlen (ohne Sternhäuser, Am Koitschgraben);66 Jahre;422
2017;StB 7 Prohlis;12 Niedersedlitz, Leubnitz, Strehlen (ohne Sternhäuser, Am Koitschgraben);67 Jahre;473
2017;StB 7 Prohlis;12 Niedersedlitz, Leubnitz, Strehlen (ohne Sternhäuser, Am Koitschgraben);68 Jahre;393
2017;StB 7 Prohlis;12 Niedersedlitz, Leubnitz, Strehlen (ohne Sternhäuser, Am Koitschgraben);69 Jahre;303
2017;StB 7 Prohlis;12 Niedersedlitz, Leubnitz, Strehlen (ohne Sternhäuser, Am Koitschgraben);70 Jahre;337
2017;StB 7 Prohlis;12 Niedersedlitz, Leubnitz, Strehlen (ohne Sternhäuser, Am Koitschgraben);71 Jahre;230
2017;StB 7 Prohlis;12 Niedersedlitz, Leubnitz, Strehlen (ohne Sternhäuser, Am Koitschgraben);72 Jahre;335
2017;StB 7 Prohlis;12 Niedersedlitz, Leubnitz, Strehlen (ohne Sternhäuser, Am Koitschgraben);73 Jahre;411
2017;StB 7 Prohlis;12 Niedersedlitz, Leubnitz, Strehlen (ohne Sternhäuser, Am Koitschgraben);74 Jahre;441
2017;StB 7 Prohlis;12 Niedersedlitz, Leubnitz, Strehlen (ohne Sternhäuser, Am Koitschgraben);75 Jahre;417
2017;StB 7 Prohlis;12 Niedersedlitz, Leubnitz, Strehlen (ohne Sternhäuser, Am Koitschgraben);76 Jahre;451
2017;StB 7 Prohlis;12 Niedersedlitz, Leubnitz, Strehlen (ohne Sternhäuser, Am Koitschgraben);77 Jahre;495
2017;StB 7 Prohlis;12 Niedersedlitz, Leubnitz, Strehlen (ohne Sternhäuser, Am Koitschgraben);78 Jahre;376
2017;StB 7 Prohlis;12 Niedersedlitz, Leubnitz, Strehlen (ohne Sternhäuser, Am Koitschgraben);79 Jahre;329
2017;StB 7 Prohlis;12 Niedersedlitz, Leubnitz, Strehlen (ohne Sternhäuser, Am Koitschgraben);80 Jahre;315
2017;StB 7 Prohlis;12 Niedersedlitz, Leubnitz, Strehlen (ohne Sternhäuser, Am Koitschgraben);81 Jahre;272
2017;StB 7 Prohlis;12 Niedersedlitz, Leubnitz, Strehlen (ohne Sternhäuser, Am Koitschgraben);82 Jahre;230
2017;StB 7 Prohlis;12 Niedersedlitz, Leubnitz, Strehlen (ohne Sternhäuser, Am Koitschgraben);83 Jahre;206
2017;StB 7 Prohlis;12 Niedersedlitz, Leubnitz, Strehlen (ohne Sternhäuser, Am Koitschgraben);84 Jahre;146
2017;StB 7 Prohlis;12 Niedersedlitz, Leubnitz, Strehlen (ohne Sternhäuser, Am Koitschgraben);85 Jahre u.älter;904
2017;StB 8 Plauen;13 Südvorstadt, Zschertnitz;0 Jahre;321
2017;StB 8 Plauen;13 Südvorstadt, Zschertnitz;1 Jahre;310
2017;StB 8 Plauen;13 Südvorstadt, Zschertnitz;2 Jahre;286
2017;StB 8 Plauen;13 Südvorstadt, Zschertnitz;3 Jahre;300
2017;StB 8 Plauen;13 Südvorstadt, Zschertnitz;4 Jahre;291
2017;StB 8 Plauen;13 Südvorstadt, Zschertnitz;5 Jahre;283
2017;StB 8 Plauen;13 Südvorstadt, Zschertnitz;6 Jahre;253
2017;StB 8 Plauen;13 Südvorstadt, Zschertnitz;7 Jahre;251
2017;StB 8 Plauen;13 Südvorstadt, Zschertnitz;8 Jahre;249
2017;StB 8 Plauen;13 Südvorstadt, Zschertnitz;9 Jahre;215
2017;StB 8 Plauen;13 Südvorstadt, Zschertnitz;10 Jahre;191
2017;StB 8 Plauen;13 Südvorstadt, Zschertnitz;11 Jahre;191
2017;StB 8 Plauen;13 Südvorstadt, Zschertnitz;12 Jahre;185
2017;StB 8 Plauen;13 Südvorstadt, Zschertnitz;13 Jahre;181
2017;StB 8 Plauen;13 Südvorstadt, Zschertnitz;14 Jahre;196
2017;StB 8 Plauen;13 Südvorstadt, Zschertnitz;15 Jahre;169
2017;StB 8 Plauen;13 Südvorstadt, Zschertnitz;16 Jahre;171
2017;StB 8 Plauen;13 Südvorstadt, Zschertnitz;17 Jahre;196
2017;StB 8 Plauen;13 Südvorstadt, Zschertnitz;18 Jahre;452
2017;StB 8 Plauen;13 Südvorstadt, Zschertnitz;19 Jahre;803
2017;StB 8 Plauen;13 Südvorstadt, Zschertnitz;20 Jahre;999
2017;StB 8 Plauen;13 Südvorstadt, Zschertnitz;21 Jahre;1070
2017;StB 8 Plauen;13 Südvorstadt, Zschertnitz;22 Jahre;1044
2017;StB 8 Plauen;13 Südvorstadt, Zschertnitz;23 Jahre;1041
2017;StB 8 Plauen;13 Südvorstadt, Zschertnitz;24 Jahre;987
2017;StB 8 Plauen;13 Südvorstadt, Zschertnitz;25 Jahre;918
2017;StB 8 Plauen;13 Südvorstadt, Zschertnitz;26 Jahre;855
2017;StB 8 Plauen;13 Südvorstadt, Zschertnitz;27 Jahre;918
2017;StB 8 Plauen;13 Südvorstadt, Zschertnitz;28 Jahre;798
2017;StB 8 Plauen;13 Südvorstadt, Zschertnitz;29 Jahre;666
2017;StB 8 Plauen;13 Südvorstadt, Zschertnitz;30 Jahre;633
2017;StB 8 Plauen;13 Südvorstadt, Zschertnitz;31 Jahre;544
2017;StB 8 Plauen;13 Südvorstadt, Zschertnitz;32 Jahre;506
2017;StB 8 Plauen;13 Südvorstadt, Zschertnitz;33 Jahre;434
2017;StB 8 Plauen;13 Südvorstadt, Zschertnitz;34 Jahre;445
2017;StB 8 Plauen;13 Südvorstadt, Zschertnitz;35 Jahre;360
2017;StB 8 Plauen;13 Südvorstadt, Zschertnitz;36 Jahre;360
2017;StB 8 Plauen;13 Südvorstadt, Zschertnitz;37 Jahre;362
2017;StB 8 Plauen;13 Südvorstadt, Zschertnitz;38 Jahre;359
2017;StB 8 Plauen;13 Südvorstadt, Zschertnitz;39 Jahre;356
2017;StB 8 Plauen;13 Südvorstadt, Zschertnitz;40 Jahre;307
2017;StB 8 Plauen;13 Südvorstadt, Zschertnitz;41 Jahre;255
2017;StB 8 Plauen;13 Südvorstadt, Zschertnitz;42 Jahre;235
2017;StB 8 Plauen;13 Südvorstadt, Zschertnitz;43 Jahre;225
2017;StB 8 Plauen;13 Südvorstadt, Zschertnitz;44 Jahre;203
2017;StB 8 Plauen;13 Südvorstadt, Zschertnitz;45 Jahre;264
2017;StB 8 Plauen;13 Südvorstadt, Zschertnitz;46 Jahre;254
2017;StB 8 Plauen;13 Südvorstadt, Zschertnitz;47 Jahre;255
2017;StB 8 Plauen;13 Südvorstadt, Zschertnitz;48 Jahre;217
2017;StB 8 Plauen;13 Südvorstadt, Zschertnitz;49 Jahre;268
2017;StB 8 Plauen;13 Südvorstadt, Zschertnitz;50 Jahre;264
2017;StB 8 Plauen;13 Südvorstadt, Zschertnitz;51 Jahre;260
2017;StB 8 Plauen;13 Südvorstadt, Zschertnitz;52 Jahre;271
2017;StB 8 Plauen;13 Südvorstadt, Zschertnitz;53 Jahre;268
2017;StB 8 Plauen;13 Südvorstadt, Zschertnitz;54 Jahre;297
2017;StB 8 Plauen;13 Südvorstadt, Zschertnitz;55 Jahre;277
2017;StB 8 Plauen;13 Südvorstadt, Zschertnitz;56 Jahre;267
2017;StB 8 Plauen;13 Südvorstadt, Zschertnitz;57 Jahre;262
2017;StB 8 Plauen;13 Südvorstadt, Zschertnitz;58 Jahre;271
2017;StB 8 Plauen;13 Südvorstadt, Zschertnitz;59 Jahre;261
2017;StB 8 Plauen;13 Südvorstadt, Zschertnitz;60 Jahre;221
2017;StB 8 Plauen;13 Südvorstadt, Zschertnitz;61 Jahre;242
2017;StB 8 Plauen;13 Südvorstadt, Zschertnitz;62 Jahre;250
2017;StB 8 Plauen;13 Südvorstadt, Zschertnitz;63 Jahre;270
2017;StB 8 Plauen;13 Südvorstadt, Zschertnitz;64 Jahre;273
2017;StB 8 Plauen;13 Südvorstadt, Zschertnitz;65 Jahre;271
2017;StB 8 Plauen;13 Südvorstadt, Zschertnitz;66 Jahre;308
2017;StB 8 Plauen;13 Südvorstadt, Zschertnitz;67 Jahre;298
2017;StB 8 Plauen;13 Südvorstadt, Zschertnitz;68 Jahre;287
2017;StB 8 Plauen;13 Südvorstadt, Zschertnitz;69 Jahre;252
2017;StB 8 Plauen;13 Südvorstadt, Zschertnitz;70 Jahre;260
2017;StB 8 Plauen;13 Südvorstadt, Zschertnitz;71 Jahre;165
2017;StB 8 Plauen;13 Südvorstadt, Zschertnitz;72 Jahre;265
2017;StB 8 Plauen;13 Südvorstadt, Zschertnitz;73 Jahre;370
2017;StB 8 Plauen;13 Südvorstadt, Zschertnitz;74 Jahre;353
2017;StB 8 Plauen;13 Südvorstadt, Zschertnitz;75 Jahre;332
2017;StB 8 Plauen;13 Südvorstadt, Zschertnitz;76 Jahre;392
2017;StB 8 Plauen;13 Südvorstadt, Zschertnitz;77 Jahre;388
2017;StB 8 Plauen;13 Südvorstadt, Zschertnitz;78 Jahre;356
2017;StB 8 Plauen;13 Südvorstadt, Zschertnitz;79 Jahre;308
2017;StB 8 Plauen;13 Südvorstadt, Zschertnitz;80 Jahre;272
2017;StB 8 Plauen;13 Südvorstadt, Zschertnitz;81 Jahre;267
2017;StB 8 Plauen;13 Südvorstadt, Zschertnitz;82 Jahre;234
2017;StB 8 Plauen;13 Südvorstadt, Zschertnitz;83 Jahre;260
2017;StB 8 Plauen;13 Südvorstadt, Zschertnitz;84 Jahre;164
2017;StB 8 Plauen;13 Südvorstadt, Zschertnitz;85 Jahre u.älter;903
2017;StB 8 Plauen;14 Mockritz, Coschütz, Plauen;0 Jahre;254
2017;StB 8 Plauen;14 Mockritz, Coschütz, Plauen;1 Jahre;294
2017;StB 8 Plauen;14 Mockritz, Coschütz, Plauen;2 Jahre;269
2017;StB 8 Plauen;14 Mockritz, Coschütz, Plauen;3 Jahre;282
2017;StB 8 Plauen;14 Mockritz, Coschütz, Plauen;4 Jahre;253
2017;StB 8 Plauen;14 Mockritz, Coschütz, Plauen;5 Jahre;259
2017;StB 8 Plauen;14 Mockritz, Coschütz, Plauen;6 Jahre;262
2017;StB 8 Plauen;14 Mockritz, Coschütz, Plauen;7 Jahre;250
2017;StB 8 Plauen;14 Mockritz, Coschütz, Plauen;8 Jahre;267
2017;StB 8 Plauen;14 Mockritz, Coschütz, Plauen;9 Jahre;243
2017;StB 8 Plauen;14 Mockritz, Coschütz, Plauen;10 Jahre;212
2017;StB 8 Plauen;14 Mockritz, Coschütz, Plauen;11 Jahre;227
2017;StB 8 Plauen;14 Mockritz, Coschütz, Plauen;12 Jahre;198
2017;StB 8 Plauen;14 Mockritz, Coschütz, Plauen;13 Jahre;204
2017;StB 8 Plauen;14 Mockritz, Coschütz, Plauen;14 Jahre;190
2017;StB 8 Plauen;14 Mockritz, Coschütz, Plauen;15 Jahre;183
2017;StB 8 Plauen;14 Mockritz, Coschütz, Plauen;16 Jahre;185
2017;StB 8 Plauen;14 Mockritz, Coschütz, Plauen;17 Jahre;193
2017;StB 8 Plauen;14 Mockritz, Coschütz, Plauen;18 Jahre;220
2017;StB 8 Plauen;14 Mockritz, Coschütz, Plauen;19 Jahre;281
2017;StB 8 Plauen;14 Mockritz, Coschütz, Plauen;20 Jahre;273
2017;StB 8 Plauen;14 Mockritz, Coschütz, Plauen;21 Jahre;287
2017;StB 8 Plauen;14 Mockritz, Coschütz, Plauen;22 Jahre;253
2017;StB 8 Plauen;14 Mockritz, Coschütz, Plauen;23 Jahre;267
2017;StB 8 Plauen;14 Mockritz, Coschütz, Plauen;24 Jahre;302
2017;StB 8 Plauen;14 Mockritz, Coschütz, Plauen;25 Jahre;316
2017;StB 8 Plauen;14 Mockritz, Coschütz, Plauen;26 Jahre;329
2017;StB 8 Plauen;14 Mockritz, Coschütz, Plauen;27 Jahre;477
2017;StB 8 Plauen;14 Mockritz, Coschütz, Plauen;28 Jahre;390
2017;StB 8 Plauen;14 Mockritz, Coschütz, Plauen;29 Jahre;464
2017;StB 8 Plauen;14 Mockritz, Coschütz, Plauen;30 Jahre;448
2017;StB 8 Plauen;14 Mockritz, Coschütz, Plauen;31 Jahre;376
2017;StB 8 Plauen;14 Mockritz, Coschütz, Plauen;32 Jahre;391
2017;StB 8 Plauen;14 Mockritz, Coschütz, Plauen;33 Jahre;369
2017;StB 8 Plauen;14 Mockritz, Coschütz, Plauen;34 Jahre;342
2017;StB 8 Plauen;14 Mockritz, Coschütz, Plauen;35 Jahre;395
2017;StB 8 Plauen;14 Mockritz, Coschütz, Plauen;36 Jahre;365
2017;StB 8 Plauen;14 Mockritz, Coschütz, Plauen;37 Jahre;360
2017;StB 8 Plauen;14 Mockritz, Coschütz, Plauen;38 Jahre;369
2017;StB 8 Plauen;14 Mockritz, Coschütz, Plauen;39 Jahre;346
2017;StB 8 Plauen;14 Mockritz, Coschütz, Plauen;40 Jahre;369
2017;StB 8 Plauen;14 Mockritz, Coschütz, Plauen;41 Jahre;321
2017;StB 8 Plauen;14 Mockritz, Coschütz, Plauen;42 Jahre;287
2017;StB 8 Plauen;14 Mockritz, Coschütz, Plauen;43 Jahre;267
2017;StB 8 Plauen;14 Mockritz, Coschütz, Plauen;44 Jahre;281
2017;StB 8 Plauen;14 Mockritz, Coschütz, Plauen;45 Jahre;296
2017;StB 8 Plauen;14 Mockritz, Coschütz, Plauen;46 Jahre;337
2017;StB 8 Plauen;14 Mockritz, Coschütz, Plauen;47 Jahre;304
2017;StB 8 Plauen;14 Mockritz, Coschütz, Plauen;48 Jahre;309
2017;StB 8 Plauen;14 Mockritz, Coschütz, Plauen;49 Jahre;325
2017;StB 8 Plauen;14 Mockritz, Coschütz, Plauen;50 Jahre;296
2017;StB 8 Plauen;14 Mockritz, Coschütz, Plauen;51 Jahre;325
2017;StB 8 Plauen;14 Mockritz, Coschütz, Plauen;52 Jahre;357
2017;StB 8 Plauen;14 Mockritz, Coschütz, Plauen;53 Jahre;324
2017;StB 8 Plauen;14 Mockritz, Coschütz, Plauen;54 Jahre;343
2017;StB 8 Plauen;14 Mockritz, Coschütz, Plauen;55 Jahre;338
2017;StB 8 Plauen;14 Mockritz, Coschütz, Plauen;56 Jahre;308
2017;StB 8 Plauen;14 Mockritz, Coschütz, Plauen;57 Jahre;285
2017;StB 8 Plauen;14 Mockritz, Coschütz, Plauen;58 Jahre;300
2017;StB 8 Plauen;14 Mockritz, Coschütz, Plauen;59 Jahre;302
2017;StB 8 Plauen;14 Mockritz, Coschütz, Plauen;60 Jahre;296
2017;StB 8 Plauen;14 Mockritz, Coschütz, Plauen;61 Jahre;272
2017;StB 8 Plauen;14 Mockritz, Coschütz, Plauen;62 Jahre;305
2017;StB 8 Plauen;14 Mockritz, Coschütz, Plauen;63 Jahre;330
2017;StB 8 Plauen;14 Mockritz, Coschütz, Plauen;64 Jahre;332
2017;StB 8 Plauen;14 Mockritz, Coschütz, Plauen;65 Jahre;279
2017;StB 8 Plauen;14 Mockritz, Coschütz, Plauen;66 Jahre;315
2017;StB 8 Plauen;14 Mockritz, Coschütz, Plauen;67 Jahre;313
2017;StB 8 Plauen;14 Mockritz, Coschütz, Plauen;68 Jahre;274
2017;StB 8 Plauen;14 Mockritz, Coschütz, Plauen;69 Jahre;230
2017;StB 8 Plauen;14 Mockritz, Coschütz, Plauen;70 Jahre;190
2017;StB 8 Plauen;14 Mockritz, Coschütz, Plauen;71 Jahre;146
2017;StB 8 Plauen;14 Mockritz, Coschütz, Plauen;72 Jahre;183
2017;StB 8 Plauen;14 Mockritz, Coschütz, Plauen;73 Jahre;272
2017;StB 8 Plauen;14 Mockritz, Coschütz, Plauen;74 Jahre;285
2017;StB 8 Plauen;14 Mockritz, Coschütz, Plauen;75 Jahre;294
2017;StB 8 Plauen;14 Mockritz, Coschütz, Plauen;76 Jahre;279
2017;StB 8 Plauen;14 Mockritz, Coschütz, Plauen;77 Jahre;309
2017;StB 8 Plauen;14 Mockritz, Coschütz, Plauen;78 Jahre;279
2017;StB 8 Plauen;14 Mockritz, Coschütz, Plauen;79 Jahre;261
2017;StB 8 Plauen;14 Mockritz, Coschütz, Plauen;80 Jahre;208
2017;StB 8 Plauen;14 Mockritz, Coschütz, Plauen;81 Jahre;200
2017;StB 8 Plauen;14 Mockritz, Coschütz, Plauen;82 Jahre;171
2017;StB 8 Plauen;14 Mockritz, Coschütz, Plauen;83 Jahre;157
2017;StB 8 Plauen;14 Mockritz, Coschütz, Plauen;84 Jahre;103
2017;StB 8 Plauen;14 Mockritz, Coschütz, Plauen;85 Jahre u.älter;720
2017;StB 9 Cotta/westliche Ortschaften;15 Cotta, Löbtau, Naußlitz, Dölzschen;0 Jahre;624
2017;StB 9 Cotta/westliche Ortschaften;15 Cotta, Löbtau, Naußlitz, Dölzschen;1 Jahre;588
2017;StB 9 Cotta/westliche Ortschaften;15 Cotta, Löbtau, Naußlitz, Dölzschen;2 Jahre;502
2017;StB 9 Cotta/westliche Ortschaften;15 Cotta, Löbtau, Naußlitz, Dölzschen;3 Jahre;534
2017;StB 9 Cotta/westliche Ortschaften;15 Cotta, Löbtau, Naußlitz, Dölzschen;4 Jahre;469
2017;StB 9 Cotta/westliche Ortschaften;15 Cotta, Löbtau, Naußlitz, Dölzschen;5 Jahre;437
2017;StB 9 Cotta/westliche Ortschaften;15 Cotta, Löbtau, Naußlitz, Dölzschen;6 Jahre;429
2017;StB 9 Cotta/westliche Ortschaften;15 Cotta, Löbtau, Naußlitz, Dölzschen;7 Jahre;380
2017;StB 9 Cotta/westliche Ortschaften;15 Cotta, Löbtau, Naußlitz, Dölzschen;8 Jahre;390
2017;StB 9 Cotta/westliche Ortschaften;15 Cotta, Löbtau, Naußlitz, Dölzschen;9 Jahre;370
2017;StB 9 Cotta/westliche Ortschaften;15 Cotta, Löbtau, Naußlitz, Dölzschen;10 Jahre;336
2017;StB 9 Cotta/westliche Ortschaften;15 Cotta, Löbtau, Naußlitz, Dölzschen;11 Jahre;279
2017;StB 9 Cotta/westliche Ortschaften;15 Cotta, Löbtau, Naußlitz, Dölzschen;12 Jahre;282
2017;StB 9 Cotta/westliche Ortschaften;15 Cotta, Löbtau, Naußlitz, Dölzschen;13 Jahre;272
2017;StB 9 Cotta/westliche Ortschaften;15 Cotta, Löbtau, Naußlitz, Dölzschen;14 Jahre;274
2017;StB 9 Cotta/westliche Ortschaften;15 Cotta, Löbtau, Naußlitz, Dölzschen;15 Jahre;230
2017;StB 9 Cotta/westliche Ortschaften;15 Cotta, Löbtau, Naußlitz, Dölzschen;16 Jahre;228
2017;StB 9 Cotta/westliche Ortschaften;15 Cotta, Löbtau, Naußlitz, Dölzschen;17 Jahre;249
2017;StB 9 Cotta/westliche Ortschaften;15 Cotta, Löbtau, Naußlitz, Dölzschen;18 Jahre;364
2017;StB 9 Cotta/westliche Ortschaften;15 Cotta, Löbtau, Naußlitz, Dölzschen;19 Jahre;536
2017;StB 9 Cotta/westliche Ortschaften;15 Cotta, Löbtau, Naußlitz, Dölzschen;20 Jahre;723
2017;StB 9 Cotta/westliche Ortschaften;15 Cotta, Löbtau, Naußlitz, Dölzschen;21 Jahre;718
2017;StB 9 Cotta/westliche Ortschaften;15 Cotta, Löbtau, Naußlitz, Dölzschen;22 Jahre;763
2017;StB 9 Cotta/westliche Ortschaften;15 Cotta, Löbtau, Naußlitz, Dölzschen;23 Jahre;802
2017;StB 9 Cotta/westliche Ortschaften;15 Cotta, Löbtau, Naußlitz, Dölzschen;24 Jahre;809
2017;StB 9 Cotta/westliche Ortschaften;15 Cotta, Löbtau, Naußlitz, Dölzschen;25 Jahre;864
2017;StB 9 Cotta/westliche Ortschaften;15 Cotta, Löbtau, Naußlitz, Dölzschen;26 Jahre;906
2017;StB 9 Cotta/westliche Ortschaften;15 Cotta, Löbtau, Naußlitz, Dölzschen;27 Jahre;1274
2017;StB 9 Cotta/westliche Ortschaften;15 Cotta, Löbtau, Naußlitz, Dölzschen;28 Jahre;1271
2017;StB 9 Cotta/westliche Ortschaften;15 Cotta, Löbtau, Naußlitz, Dölzschen;29 Jahre;1199
2017;StB 9 Cotta/westliche Ortschaften;15 Cotta, Löbtau, Naußlitz, Dölzschen;30 Jahre;1093
2017;StB 9 Cotta/westliche Ortschaften;15 Cotta, Löbtau, Naußlitz, Dölzschen;31 Jahre;997
2017;StB 9 Cotta/westliche Ortschaften;15 Cotta, Löbtau, Naußlitz, Dölzschen;32 Jahre;925
2017;StB 9 Cotta/westliche Ortschaften;15 Cotta, Löbtau, Naußlitz, Dölzschen;33 Jahre;879
2017;StB 9 Cotta/westliche Ortschaften;15 Cotta, Löbtau, Naußlitz, Dölzschen;34 Jahre;854
2017;StB 9 Cotta/westliche Ortschaften;15 Cotta, Löbtau, Naußlitz, Dölzschen;35 Jahre;759
2017;StB 9 Cotta/westliche Ortschaften;15 Cotta, Löbtau, Naußlitz, Dölzschen;36 Jahre;799
2017;StB 9 Cotta/westliche Ortschaften;15 Cotta, Löbtau, Naußlitz, Dölzschen;37 Jahre;709
2017;StB 9 Cotta/westliche Ortschaften;15 Cotta, Löbtau, Naußlitz, Dölzschen;38 Jahre;672
2017;StB 9 Cotta/westliche Ortschaften;15 Cotta, Löbtau, Naußlitz, Dölzschen;39 Jahre;595
2017;StB 9 Cotta/westliche Ortschaften;15 Cotta, Löbtau, Naußlitz, Dölzschen;40 Jahre;587
2017;StB 9 Cotta/westliche Ortschaften;15 Cotta, Löbtau, Naußlitz, Dölzschen;41 Jahre;502
2017;StB 9 Cotta/westliche Ortschaften;15 Cotta, Löbtau, Naußlitz, Dölzschen;42 Jahre;426
2017;StB 9 Cotta/westliche Ortschaften;15 Cotta, Löbtau, Naußlitz, Dölzschen;43 Jahre;403
2017;StB 9 Cotta/westliche Ortschaften;15 Cotta, Löbtau, Naußlitz, Dölzschen;44 Jahre;384
2017;StB 9 Cotta/westliche Ortschaften;15 Cotta, Löbtau, Naußlitz, Dölzschen;45 Jahre;408
2017;StB 9 Cotta/westliche Ortschaften;15 Cotta, Löbtau, Naußlitz, Dölzschen;46 Jahre;449
2017;StB 9 Cotta/westliche Ortschaften;15 Cotta, Löbtau, Naußlitz, Dölzschen;47 Jahre;404
2017;StB 9 Cotta/westliche Ortschaften;15 Cotta, Löbtau, Naußlitz, Dölzschen;48 Jahre;435
2017;StB 9 Cotta/westliche Ortschaften;15 Cotta, Löbtau, Naußlitz, Dölzschen;49 Jahre;438
2017;StB 9 Cotta/westliche Ortschaften;15 Cotta, Löbtau, Naußlitz, Dölzschen;50 Jahre;448
2017;StB 9 Cotta/westliche Ortschaften;15 Cotta, Löbtau, Naußlitz, Dölzschen;51 Jahre;468
2017;StB 9 Cotta/westliche Ortschaften;15 Cotta, Löbtau, Naußlitz, Dölzschen;52 Jahre;518
2017;StB 9 Cotta/westliche Ortschaften;15 Cotta, Löbtau, Naußlitz, Dölzschen;53 Jahre;482
2017;StB 9 Cotta/westliche Ortschaften;15 Cotta, Löbtau, Naußlitz, Dölzschen;54 Jahre;503
2017;StB 9 Cotta/westliche Ortschaften;15 Cotta, Löbtau, Naußlitz, Dölzschen;55 Jahre;480
2017;StB 9 Cotta/westliche Ortschaften;15 Cotta, Löbtau, Naußlitz, Dölzschen;56 Jahre;491
2017;StB 9 Cotta/westliche Ortschaften;15 Cotta, Löbtau, Naußlitz, Dölzschen;57 Jahre;433
2017;StB 9 Cotta/westliche Ortschaften;15 Cotta, Löbtau, Naußlitz, Dölzschen;58 Jahre;448
2017;StB 9 Cotta/westliche Ortschaften;15 Cotta, Löbtau, Naußlitz, Dölzschen;59 Jahre;406
2017;StB 9 Cotta/westliche Ortschaften;15 Cotta, Löbtau, Naußlitz, Dölzschen;60 Jahre;397
2017;StB 9 Cotta/westliche Ortschaften;15 Cotta, Löbtau, Naußlitz, Dölzschen;61 Jahre;396
2017;StB 9 Cotta/westliche Ortschaften;15 Cotta, Löbtau, Naußlitz, Dölzschen;62 Jahre;386
2017;StB 9 Cotta/westliche Ortschaften;15 Cotta, Löbtau, Naußlitz, Dölzschen;63 Jahre;361
2017;StB 9 Cotta/westliche Ortschaften;15 Cotta, Löbtau, Naußlitz, Dölzschen;64 Jahre;386
2017;StB 9 Cotta/westliche Ortschaften;15 Cotta, Löbtau, Naußlitz, Dölzschen;65 Jahre;324
2017;StB 9 Cotta/westliche Ortschaften;15 Cotta, Löbtau, Naußlitz, Dölzschen;66 Jahre;329
2017;StB 9 Cotta/westliche Ortschaften;15 Cotta, Löbtau, Naußlitz, Dölzschen;67 Jahre;332
2017;StB 9 Cotta/westliche Ortschaften;15 Cotta, Löbtau, Naußlitz, Dölzschen;68 Jahre;290
2017;StB 9 Cotta/westliche Ortschaften;15 Cotta, Löbtau, Naußlitz, Dölzschen;69 Jahre;253
2017;StB 9 Cotta/westliche Ortschaften;15 Cotta, Löbtau, Naußlitz, Dölzschen;70 Jahre;251
2017;StB 9 Cotta/westliche Ortschaften;15 Cotta, Löbtau, Naußlitz, Dölzschen;71 Jahre;185
2017;StB 9 Cotta/westliche Ortschaften;15 Cotta, Löbtau, Naußlitz, Dölzschen;72 Jahre;213
2017;StB 9 Cotta/westliche Ortschaften;15 Cotta, Löbtau, Naußlitz, Dölzschen;73 Jahre;282
2017;StB 9 Cotta/westliche Ortschaften;15 Cotta, Löbtau, Naußlitz, Dölzschen;74 Jahre;247
2017;StB 9 Cotta/westliche Ortschaften;15 Cotta, Löbtau, Naußlitz, Dölzschen;75 Jahre;276
2017;StB 9 Cotta/westliche Ortschaften;15 Cotta, Löbtau, Naußlitz, Dölzschen;76 Jahre;295
2017;StB 9 Cotta/westliche Ortschaften;15 Cotta, Löbtau, Naußlitz, Dölzschen;77 Jahre;280
2017;StB 9 Cotta/westliche Ortschaften;15 Cotta, Löbtau, Naußlitz, Dölzschen;78 Jahre;279
2017;StB 9 Cotta/westliche Ortschaften;15 Cotta, Löbtau, Naußlitz, Dölzschen;79 Jahre;222
2017;StB 9 Cotta/westliche Ortschaften;15 Cotta, Löbtau, Naußlitz, Dölzschen;80 Jahre;223
2017;StB 9 Cotta/westliche Ortschaften;15 Cotta, Löbtau, Naußlitz, Dölzschen;81 Jahre;194
2017;StB 9 Cotta/westliche Ortschaften;15 Cotta, Löbtau, Naußlitz, Dölzschen;82 Jahre;165
2017;StB 9 Cotta/westliche Ortschaften;15 Cotta, Löbtau, Naußlitz, Dölzschen;83 Jahre;154
2017;StB 9 Cotta/westliche Ortschaften;15 Cotta, Löbtau, Naußlitz, Dölzschen;84 Jahre;100
2017;StB 9 Cotta/westliche Ortschaften;15 Cotta, Löbtau, Naußlitz, Dölzschen;85 Jahre u.älter;659
2017;StB 9 Cotta/westliche Ortschaften;16 Gorbitz;0 Jahre;182
2017;StB 9 Cotta/westliche Ortschaften;16 Gorbitz;1 Jahre;211
2017;StB 9 Cotta/westliche Ortschaften;16 Gorbitz;2 Jahre;187
2017;StB 9 Cotta/westliche Ortschaften;16 Gorbitz;3 Jahre;214
2017;StB 9 Cotta/westliche Ortschaften;16 Gorbitz;4 Jahre;219
2017;StB 9 Cotta/westliche Ortschaften;16 Gorbitz;5 Jahre;197
2017;StB 9 Cotta/westliche Ortschaften;16 Gorbitz;6 Jahre;186
2017;StB 9 Cotta/westliche Ortschaften;16 Gorbitz;7 Jahre;242
2017;StB 9 Cotta/westliche Ortschaften;16 Gorbitz;8 Jahre;221
2017;StB 9 Cotta/westliche Ortschaften;16 Gorbitz;9 Jahre;191
2017;StB 9 Cotta/westliche Ortschaften;16 Gorbitz;10 Jahre;187
2017;StB 9 Cotta/westliche Ortschaften;16 Gorbitz;11 Jahre;183
2017;StB 9 Cotta/westliche Ortschaften;16 Gorbitz;12 Jahre;186
2017;StB 9 Cotta/westliche Ortschaften;16 Gorbitz;13 Jahre;165
2017;StB 9 Cotta/westliche Ortschaften;16 Gorbitz;14 Jahre;149
2017;StB 9 Cotta/westliche Ortschaften;16 Gorbitz;15 Jahre;143
2017;StB 9 Cotta/westliche Ortschaften;16 Gorbitz;16 Jahre;160
2017;StB 9 Cotta/westliche Ortschaften;16 Gorbitz;17 Jahre;146
2017;StB 9 Cotta/westliche Ortschaften;16 Gorbitz;18 Jahre;210
2017;StB 9 Cotta/westliche Ortschaften;16 Gorbitz;19 Jahre;280
2017;StB 9 Cotta/westliche Ortschaften;16 Gorbitz;20 Jahre;289
2017;StB 9 Cotta/westliche Ortschaften;16 Gorbitz;21 Jahre;286
2017;StB 9 Cotta/westliche Ortschaften;16 Gorbitz;22 Jahre;276
2017;StB 9 Cotta/westliche Ortschaften;16 Gorbitz;23 Jahre;257
2017;StB 9 Cotta/westliche Ortschaften;16 Gorbitz;24 Jahre;265
2017;StB 9 Cotta/westliche Ortschaften;16 Gorbitz;25 Jahre;263
2017;StB 9 Cotta/westliche Ortschaften;16 Gorbitz;26 Jahre;301
2017;StB 9 Cotta/westliche Ortschaften;16 Gorbitz;27 Jahre;373
2017;StB 9 Cotta/westliche Ortschaften;16 Gorbitz;28 Jahre;372
2017;StB 9 Cotta/westliche Ortschaften;16 Gorbitz;29 Jahre;357
2017;StB 9 Cotta/westliche Ortschaften;16 Gorbitz;30 Jahre;330
2017;StB 9 Cotta/westliche Ortschaften;16 Gorbitz;31 Jahre;335
2017;StB 9 Cotta/westliche Ortschaften;16 Gorbitz;32 Jahre;370
2017;StB 9 Cotta/westliche Ortschaften;16 Gorbitz;33 Jahre;324
2017;StB 9 Cotta/westliche Ortschaften;16 Gorbitz;34 Jahre;331
2017;StB 9 Cotta/westliche Ortschaften;16 Gorbitz;35 Jahre;316
2017;StB 9 Cotta/westliche Ortschaften;16 Gorbitz;36 Jahre;310
2017;StB 9 Cotta/westliche Ortschaften;16 Gorbitz;37 Jahre;293
2017;StB 9 Cotta/westliche Ortschaften;16 Gorbitz;38 Jahre;262
2017;StB 9 Cotta/westliche Ortschaften;16 Gorbitz;39 Jahre;261
2017;StB 9 Cotta/westliche Ortschaften;16 Gorbitz;40 Jahre;258
2017;StB 9 Cotta/westliche Ortschaften;16 Gorbitz;41 Jahre;207
2017;StB 9 Cotta/westliche Ortschaften;16 Gorbitz;42 Jahre;156
2017;StB 9 Cotta/westliche Ortschaften;16 Gorbitz;43 Jahre;173
2017;StB 9 Cotta/westliche Ortschaften;16 Gorbitz;44 Jahre;171
2017;StB 9 Cotta/westliche Ortschaften;16 Gorbitz;45 Jahre;175
2017;StB 9 Cotta/westliche Ortschaften;16 Gorbitz;46 Jahre;194
2017;StB 9 Cotta/westliche Ortschaften;16 Gorbitz;47 Jahre;181
2017;StB 9 Cotta/westliche Ortschaften;16 Gorbitz;48 Jahre;173
2017;StB 9 Cotta/westliche Ortschaften;16 Gorbitz;49 Jahre;180
2017;StB 9 Cotta/westliche Ortschaften;16 Gorbitz;50 Jahre;187
2017;StB 9 Cotta/westliche Ortschaften;16 Gorbitz;51 Jahre;208
2017;StB 9 Cotta/westliche Ortschaften;16 Gorbitz;52 Jahre;230
2017;StB 9 Cotta/westliche Ortschaften;16 Gorbitz;53 Jahre;246
2017;StB 9 Cotta/westliche Ortschaften;16 Gorbitz;54 Jahre;316
2017;StB 9 Cotta/westliche Ortschaften;16 Gorbitz;55 Jahre;287
2017;StB 9 Cotta/westliche Ortschaften;16 Gorbitz;56 Jahre;333
2017;StB 9 Cotta/westliche Ortschaften;16 Gorbitz;57 Jahre;312
2017;StB 9 Cotta/westliche Ortschaften;16 Gorbitz;58 Jahre;330
2017;StB 9 Cotta/westliche Ortschaften;16 Gorbitz;59 Jahre;317
2017;StB 9 Cotta/westliche Ortschaften;16 Gorbitz;60 Jahre;351
2017;StB 9 Cotta/westliche Ortschaften;16 Gorbitz;61 Jahre;375
2017;StB 9 Cotta/westliche Ortschaften;16 Gorbitz;62 Jahre;412
2017;StB 9 Cotta/westliche Ortschaften;16 Gorbitz;63 Jahre;380
2017;StB 9 Cotta/westliche Ortschaften;16 Gorbitz;64 Jahre;347
2017;StB 9 Cotta/westliche Ortschaften;16 Gorbitz;65 Jahre;351
2017;StB 9 Cotta/westliche Ortschaften;16 Gorbitz;66 Jahre;388
2017;StB 9 Cotta/westliche Ortschaften;16 Gorbitz;67 Jahre;329
2017;StB 9 Cotta/westliche Ortschaften;16 Gorbitz;68 Jahre;265
2017;StB 9 Cotta/westliche Ortschaften;16 Gorbitz;69 Jahre;203
2017;StB 9 Cotta/westliche Ortschaften;16 Gorbitz;70 Jahre;202
2017;StB 9 Cotta/westliche Ortschaften;16 Gorbitz;71 Jahre;133
2017;StB 9 Cotta/westliche Ortschaften;16 Gorbitz;72 Jahre;156
2017;StB 9 Cotta/westliche Ortschaften;16 Gorbitz;73 Jahre;247
2017;StB 9 Cotta/westliche Ortschaften;16 Gorbitz;74 Jahre;194
2017;StB 9 Cotta/westliche Ortschaften;16 Gorbitz;75 Jahre;182
2017;StB 9 Cotta/westliche Ortschaften;16 Gorbitz;76 Jahre;222
2017;StB 9 Cotta/westliche Ortschaften;16 Gorbitz;77 Jahre;218
2017;StB 9 Cotta/westliche Ortschaften;16 Gorbitz;78 Jahre;167
2017;StB 9 Cotta/westliche Ortschaften;16 Gorbitz;79 Jahre;168
2017;StB 9 Cotta/westliche Ortschaften;16 Gorbitz;80 Jahre;129
2017;StB 9 Cotta/westliche Ortschaften;16 Gorbitz;81 Jahre;120
2017;StB 9 Cotta/westliche Ortschaften;16 Gorbitz;82 Jahre;130
2017;StB 9 Cotta/westliche Ortschaften;16 Gorbitz;83 Jahre;121
2017;StB 9 Cotta/westliche Ortschaften;16 Gorbitz;84 Jahre;82
2017;StB 9 Cotta/westliche Ortschaften;16 Gorbitz;85 Jahre u.älter;609
2017;StB 9 Cotta/westliche Ortschaften;17 Briesnitz und westliche OS;0 Jahre;211
2017;StB 9 Cotta/westliche Ortschaften;17 Briesnitz und westliche OS;1 Jahre;232
2017;StB 9 Cotta/westliche Ortschaften;17 Briesnitz und westliche OS;2 Jahre;241
2017;StB 9 Cotta/westliche Ortschaften;17 Briesnitz und westliche OS;3 Jahre;269
2017;StB 9 Cotta/westliche Ortschaften;17 Briesnitz und westliche OS;4 Jahre;278
2017;StB 9 Cotta/westliche Ortschaften;17 Briesnitz und westliche OS;5 Jahre;247
2017;StB 9 Cotta/westliche Ortschaften;17 Briesnitz und westliche OS;6 Jahre;263
2017;StB 9 Cotta/westliche Ortschaften;17 Briesnitz und westliche OS;7 Jahre;247
2017;StB 9 Cotta/westliche Ortschaften;17 Briesnitz und westliche OS;8 Jahre;217
2017;StB 9 Cotta/westliche Ortschaften;17 Briesnitz und westliche OS;9 Jahre;235
2017;StB 9 Cotta/westliche Ortschaften;17 Briesnitz und westliche OS;10 Jahre;269
2017;StB 9 Cotta/westliche Ortschaften;17 Briesnitz und westliche OS;11 Jahre;222
2017;StB 9 Cotta/westliche Ortschaften;17 Briesnitz und westliche OS;12 Jahre;212
2017;StB 9 Cotta/westliche Ortschaften;17 Briesnitz und westliche OS;13 Jahre;221
2017;StB 9 Cotta/westliche Ortschaften;17 Briesnitz und westliche OS;14 Jahre;209
2017;StB 9 Cotta/westliche Ortschaften;17 Briesnitz und westliche OS;15 Jahre;188
2017;StB 9 Cotta/westliche Ortschaften;17 Briesnitz und westliche OS;16 Jahre;167
2017;StB 9 Cotta/westliche Ortschaften;17 Briesnitz und westliche OS;17 Jahre;226
2017;StB 9 Cotta/westliche Ortschaften;17 Briesnitz und westliche OS;18 Jahre;216
2017;StB 9 Cotta/westliche Ortschaften;17 Briesnitz und westliche OS;19 Jahre;150
2017;StB 9 Cotta/westliche Ortschaften;17 Briesnitz und westliche OS;20 Jahre;162
2017;StB 9 Cotta/westliche Ortschaften;17 Briesnitz und westliche OS;21 Jahre;145
2017;StB 9 Cotta/westliche Ortschaften;17 Briesnitz und westliche OS;22 Jahre;130
2017;StB 9 Cotta/westliche Ortschaften;17 Briesnitz und westliche OS;23 Jahre;106
2017;StB 9 Cotta/westliche Ortschaften;17 Briesnitz und westliche OS;24 Jahre;108
2017;StB 9 Cotta/westliche Ortschaften;17 Briesnitz und westliche OS;25 Jahre;112
2017;StB 9 Cotta/westliche Ortschaften;17 Briesnitz und westliche OS;26 Jahre;150
2017;StB 9 Cotta/westliche Ortschaften;17 Briesnitz und westliche OS;27 Jahre;213
2017;StB 9 Cotta/westliche Ortschaften;17 Briesnitz und westliche OS;28 Jahre;256
2017;StB 9 Cotta/westliche Ortschaften;17 Briesnitz und westliche OS;29 Jahre;282
2017;StB 9 Cotta/westliche Ortschaften;17 Briesnitz und westliche OS;30 Jahre;270
2017;StB 9 Cotta/westliche Ortschaften;17 Briesnitz und westliche OS;31 Jahre;254
2017;StB 9 Cotta/westliche Ortschaften;17 Briesnitz und westliche OS;32 Jahre;293
2017;StB 9 Cotta/westliche Ortschaften;17 Briesnitz und westliche OS;33 Jahre;316
2017;StB 9 Cotta/westliche Ortschaften;17 Briesnitz und westliche OS;34 Jahre;347
2017;StB 9 Cotta/westliche Ortschaften;17 Briesnitz und westliche OS;35 Jahre;352
2017;StB 9 Cotta/westliche Ortschaften;17 Briesnitz und westliche OS;36 Jahre;338
2017;StB 9 Cotta/westliche Ortschaften;17 Briesnitz und westliche OS;37 Jahre;371
2017;StB 9 Cotta/westliche Ortschaften;17 Briesnitz und westliche OS;38 Jahre;362
2017;StB 9 Cotta/westliche Ortschaften;17 Briesnitz und westliche OS;39 Jahre;347
2017;StB 9 Cotta/westliche Ortschaften;17 Briesnitz und westliche OS;40 Jahre;351
2017;StB 9 Cotta/westliche Ortschaften;17 Briesnitz und westliche OS;41 Jahre;305
2017;StB 9 Cotta/westliche Ortschaften;17 Briesnitz und westliche OS;42 Jahre;270
2017;StB 9 Cotta/westliche Ortschaften;17 Briesnitz und westliche OS;43 Jahre;271
2017;StB 9 Cotta/westliche Ortschaften;17 Briesnitz und westliche OS;44 Jahre;279
2017;StB 9 Cotta/westliche Ortschaften;17 Briesnitz und westliche OS;45 Jahre;301
2017;StB 9 Cotta/westliche Ortschaften;17 Briesnitz und westliche OS;46 Jahre;343
2017;StB 9 Cotta/westliche Ortschaften;17 Briesnitz und westliche OS;47 Jahre;374
2017;StB 9 Cotta/westliche Ortschaften;17 Briesnitz und westliche OS;48 Jahre;362
2017;StB 9 Cotta/westliche Ortschaften;17 Briesnitz und westliche OS;49 Jahre;368
2017;StB 9 Cotta/westliche Ortschaften;17 Briesnitz und westliche OS;50 Jahre;363
2017;StB 9 Cotta/westliche Ortschaften;17 Briesnitz und westliche OS;51 Jahre;399
2017;StB 9 Cotta/westliche Ortschaften;17 Briesnitz und westliche OS;52 Jahre;401
2017;StB 9 Cotta/westliche Ortschaften;17 Briesnitz und westliche OS;53 Jahre;381
2017;StB 9 Cotta/westliche Ortschaften;17 Briesnitz und westliche OS;54 Jahre;410
2017;StB 9 Cotta/westliche Ortschaften;17 Briesnitz und westliche OS;55 Jahre;417
2017;StB 9 Cotta/westliche Ortschaften;17 Briesnitz und westliche OS;56 Jahre;382
2017;StB 9 Cotta/westliche Ortschaften;17 Briesnitz und westliche OS;57 Jahre;383
2017;StB 9 Cotta/westliche Ortschaften;17 Briesnitz und westliche OS;58 Jahre;385
2017;StB 9 Cotta/westliche Ortschaften;17 Briesnitz und westliche OS;59 Jahre;367
2017;StB 9 Cotta/westliche Ortschaften;17 Briesnitz und westliche OS;60 Jahre;346
2017;StB 9 Cotta/westliche Ortschaften;17 Briesnitz und westliche OS;61 Jahre;330
2017;StB 9 Cotta/westliche Ortschaften;17 Briesnitz und westliche OS;62 Jahre;324
2017;StB 9 Cotta/westliche Ortschaften;17 Briesnitz und westliche OS;63 Jahre;355
2017;StB 9 Cotta/westliche Ortschaften;17 Briesnitz und westliche OS;64 Jahre;300
2017;StB 9 Cotta/westliche Ortschaften;17 Briesnitz und westliche OS;65 Jahre;317
2017;StB 9 Cotta/westliche Ortschaften;17 Briesnitz und westliche OS;66 Jahre;288
2017;StB 9 Cotta/westliche Ortschaften;17 Briesnitz und westliche OS;67 Jahre;303
2017;StB 9 Cotta/westliche Ortschaften;17 Briesnitz und westliche OS;68 Jahre;252
2017;StB 9 Cotta/westliche Ortschaften;17 Briesnitz und westliche OS;69 Jahre;215
2017;StB 9 Cotta/westliche Ortschaften;17 Briesnitz und westliche OS;70 Jahre;206
2017;StB 9 Cotta/westliche Ortschaften;17 Briesnitz und westliche OS;71 Jahre;162
2017;StB 9 Cotta/westliche Ortschaften;17 Briesnitz und westliche OS;72 Jahre;179
2017;StB 9 Cotta/westliche Ortschaften;17 Briesnitz und westliche OS;73 Jahre;276
2017;StB 9 Cotta/westliche Ortschaften;17 Briesnitz und westliche OS;74 Jahre;260
2017;StB 9 Cotta/westliche Ortschaften;17 Briesnitz und westliche OS;75 Jahre;255
2017;StB 9 Cotta/westliche Ortschaften;17 Briesnitz und westliche OS;76 Jahre;323
2017;StB 9 Cotta/westliche Ortschaften;17 Briesnitz und westliche OS;77 Jahre;284
2017;StB 9 Cotta/westliche Ortschaften;17 Briesnitz und westliche OS;78 Jahre;232
2017;StB 9 Cotta/westliche Ortschaften;17 Briesnitz und westliche OS;79 Jahre;227
2017;StB 9 Cotta/westliche Ortschaften;17 Briesnitz und westliche OS;80 Jahre;182
2017;StB 9 Cotta/westliche Ortschaften;17 Briesnitz und westliche OS;81 Jahre;172
2017;StB 9 Cotta/westliche Ortschaften;17 Briesnitz und westliche OS;82 Jahre;149
2017;StB 9 Cotta/westliche Ortschaften;17 Briesnitz und westliche OS;83 Jahre;125
2017;StB 9 Cotta/westliche Ortschaften;17 Briesnitz und westliche OS;84 Jahre;89
2017;StB 9 Cotta/westliche Ortschaften;17 Briesnitz und westliche OS;85 Jahre u.älter;519
