Jahr;Stadtbezirk mit zugeordneten Ortschaften;Stadtraum;Alter in Jahren bis 85 (über 85-Jährige werden Jahrgang 85 zugeordnet);Anzahl Einwohner
2025;StB 0 Altstadt;01 StB Altstadt ohne Johannstadt;0 Jahre;328
2025;StB 0 Altstadt;01 StB Altstadt ohne Johannstadt;1 Jahre;361
2025;StB 0 Altstadt;01 StB Altstadt ohne Johannstadt;2 Jahre;327
2025;StB 0 Altstadt;01 StB Altstadt ohne Johannstadt;3 Jahre;317
2025;StB 0 Altstadt;01 StB Altstadt ohne Johannstadt;4 Jahre;367
2025;StB 0 Altstadt;01 StB Altstadt ohne Johannstadt;5 Jahre;319
2025;StB 0 Altstadt;01 StB Altstadt ohne Johannstadt;6 Jahre;313
2025;StB 0 Altstadt;01 StB Altstadt ohne Johannstadt;7 Jahre;296
2025;StB 0 Altstadt;01 StB Altstadt ohne Johannstadt;8 Jahre;317
2025;StB 0 Altstadt;01 StB Altstadt ohne Johannstadt;9 Jahre;289
2025;StB 0 Altstadt;01 StB Altstadt ohne Johannstadt;10 Jahre;310
2025;StB 0 Altstadt;01 StB Altstadt ohne Johannstadt;11 Jahre;274
2025;StB 0 Altstadt;01 StB Altstadt ohne Johannstadt;12 Jahre;251
2025;StB 0 Altstadt;01 StB Altstadt ohne Johannstadt;13 Jahre;263
2025;StB 0 Altstadt;01 StB Altstadt ohne Johannstadt;14 Jahre;262
2025;StB 0 Altstadt;01 StB Altstadt ohne Johannstadt;15 Jahre;230
2025;StB 0 Altstadt;01 StB Altstadt ohne Johannstadt;16 Jahre;222
2025;StB 0 Altstadt;01 StB Altstadt ohne Johannstadt;17 Jahre;264
2025;StB 0 Altstadt;01 StB Altstadt ohne Johannstadt;18 Jahre;342
2025;StB 0 Altstadt;01 StB Altstadt ohne Johannstadt;19 Jahre;537
2025;StB 0 Altstadt;01 StB Altstadt ohne Johannstadt;20 Jahre;652
2025;StB 0 Altstadt;01 StB Altstadt ohne Johannstadt;21 Jahre;777
2025;StB 0 Altstadt;01 StB Altstadt ohne Johannstadt;22 Jahre;916
2025;StB 0 Altstadt;01 StB Altstadt ohne Johannstadt;23 Jahre;995
2025;StB 0 Altstadt;01 StB Altstadt ohne Johannstadt;24 Jahre;1102
2025;StB 0 Altstadt;01 StB Altstadt ohne Johannstadt;25 Jahre;1176
2025;StB 0 Altstadt;01 StB Altstadt ohne Johannstadt;26 Jahre;1148
2025;StB 0 Altstadt;01 StB Altstadt ohne Johannstadt;27 Jahre;1128
2025;StB 0 Altstadt;01 StB Altstadt ohne Johannstadt;28 Jahre;1110
2025;StB 0 Altstadt;01 StB Altstadt ohne Johannstadt;29 Jahre;1058
2025;StB 0 Altstadt;01 StB Altstadt ohne Johannstadt;30 Jahre;957
2025;StB 0 Altstadt;01 StB Altstadt ohne Johannstadt;31 Jahre;886
2025;StB 0 Altstadt;01 StB Altstadt ohne Johannstadt;32 Jahre;880
2025;StB 0 Altstadt;01 StB Altstadt ohne Johannstadt;33 Jahre;810
2025;StB 0 Altstadt;01 StB Altstadt ohne Johannstadt;34 Jahre;783
2025;StB 0 Altstadt;01 StB Altstadt ohne Johannstadt;35 Jahre;847
2025;StB 0 Altstadt;01 StB Altstadt ohne Johannstadt;36 Jahre;857
2025;StB 0 Altstadt;01 StB Altstadt ohne Johannstadt;37 Jahre;785
2025;StB 0 Altstadt;01 StB Altstadt ohne Johannstadt;38 Jahre;728
2025;StB 0 Altstadt;01 StB Altstadt ohne Johannstadt;39 Jahre;645
2025;StB 0 Altstadt;01 StB Altstadt ohne Johannstadt;40 Jahre;653
2025;StB 0 Altstadt;01 StB Altstadt ohne Johannstadt;41 Jahre;563
2025;StB 0 Altstadt;01 StB Altstadt ohne Johannstadt;42 Jahre;514
2025;StB 0 Altstadt;01 StB Altstadt ohne Johannstadt;43 Jahre;473
2025;StB 0 Altstadt;01 StB Altstadt ohne Johannstadt;44 Jahre;431
2025;StB 0 Altstadt;01 StB Altstadt ohne Johannstadt;45 Jahre;447
2025;StB 0 Altstadt;01 StB Altstadt ohne Johannstadt;46 Jahre;394
2025;StB 0 Altstadt;01 StB Altstadt ohne Johannstadt;47 Jahre;372
2025;StB 0 Altstadt;01 StB Altstadt ohne Johannstadt;48 Jahre;374
2025;StB 0 Altstadt;01 StB Altstadt ohne Johannstadt;49 Jahre;323
2025;StB 0 Altstadt;01 StB Altstadt ohne Johannstadt;50 Jahre;283
2025;StB 0 Altstadt;01 StB Altstadt ohne Johannstadt;51 Jahre;252
2025;StB 0 Altstadt;01 StB Altstadt ohne Johannstadt;52 Jahre;247
2025;StB 0 Altstadt;01 StB Altstadt ohne Johannstadt;53 Jahre;246
2025;StB 0 Altstadt;01 StB Altstadt ohne Johannstadt;54 Jahre;289
2025;StB 0 Altstadt;01 StB Altstadt ohne Johannstadt;55 Jahre;247
2025;StB 0 Altstadt;01 StB Altstadt ohne Johannstadt;56 Jahre;277
2025;StB 0 Altstadt;01 StB Altstadt ohne Johannstadt;57 Jahre;282
2025;StB 0 Altstadt;01 StB Altstadt ohne Johannstadt;58 Jahre;284
2025;StB 0 Altstadt;01 StB Altstadt ohne Johannstadt;59 Jahre;298
2025;StB 0 Altstadt;01 StB Altstadt ohne Johannstadt;60 Jahre;303
2025;StB 0 Altstadt;01 StB Altstadt ohne Johannstadt;61 Jahre;320
2025;StB 0 Altstadt;01 StB Altstadt ohne Johannstadt;62 Jahre;335
2025;StB 0 Altstadt;01 StB Altstadt ohne Johannstadt;63 Jahre;301
2025;StB 0 Altstadt;01 StB Altstadt ohne Johannstadt;64 Jahre;318
2025;StB 0 Altstadt;01 StB Altstadt ohne Johannstadt;65 Jahre;346
2025;StB 0 Altstadt;01 StB Altstadt ohne Johannstadt;66 Jahre;307
2025;StB 0 Altstadt;01 StB Altstadt ohne Johannstadt;67 Jahre;277
2025;StB 0 Altstadt;01 StB Altstadt ohne Johannstadt;68 Jahre;253
2025;StB 0 Altstadt;01 StB Altstadt ohne Johannstadt;69 Jahre;279
2025;StB 0 Altstadt;01 StB Altstadt ohne Johannstadt;70 Jahre;274
2025;StB 0 Altstadt;01 StB Altstadt ohne Johannstadt;71 Jahre;251
2025;StB 0 Altstadt;01 StB Altstadt ohne Johannstadt;72 Jahre;237
2025;StB 0 Altstadt;01 StB Altstadt ohne Johannstadt;73 Jahre;242
2025;StB 0 Altstadt;01 StB Altstadt ohne Johannstadt;74 Jahre;267
2025;StB 0 Altstadt;01 StB Altstadt ohne Johannstadt;75 Jahre;221
2025;StB 0 Altstadt;01 StB Altstadt ohne Johannstadt;76 Jahre;252
2025;StB 0 Altstadt;01 StB Altstadt ohne Johannstadt;77 Jahre;207
2025;StB 0 Altstadt;01 StB Altstadt ohne Johannstadt;78 Jahre;192
2025;StB 0 Altstadt;01 StB Altstadt ohne Johannstadt;79 Jahre;145
2025;StB 0 Altstadt;01 StB Altstadt ohne Johannstadt;80 Jahre;173
2025;StB 0 Altstadt;01 StB Altstadt ohne Johannstadt;81 Jahre;235
2025;StB 0 Altstadt;01 StB Altstadt ohne Johannstadt;82 Jahre;224
2025;StB 0 Altstadt;01 StB Altstadt ohne Johannstadt;83 Jahre;248
2025;StB 0 Altstadt;01 StB Altstadt ohne Johannstadt;84 Jahre;306
2025;StB 0 Altstadt;01 StB Altstadt ohne Johannstadt;85 Jahre u.älter;2815
2025;StB 0 Altstadt;02 Johannstadt;0 Jahre;190
2025;StB 0 Altstadt;02 Johannstadt;1 Jahre;239
2025;StB 0 Altstadt;02 Johannstadt;2 Jahre;187
2025;StB 0 Altstadt;02 Johannstadt;3 Jahre;222
2025;StB 0 Altstadt;02 Johannstadt;4 Jahre;228
2025;StB 0 Altstadt;02 Johannstadt;5 Jahre;234
2025;StB 0 Altstadt;02 Johannstadt;6 Jahre;212
2025;StB 0 Altstadt;02 Johannstadt;7 Jahre;212
2025;StB 0 Altstadt;02 Johannstadt;8 Jahre;240
2025;StB 0 Altstadt;02 Johannstadt;9 Jahre;219
2025;StB 0 Altstadt;02 Johannstadt;10 Jahre;214
2025;StB 0 Altstadt;02 Johannstadt;11 Jahre;185
2025;StB 0 Altstadt;02 Johannstadt;12 Jahre;187
2025;StB 0 Altstadt;02 Johannstadt;13 Jahre;207
2025;StB 0 Altstadt;02 Johannstadt;14 Jahre;225
2025;StB 0 Altstadt;02 Johannstadt;15 Jahre;179
2025;StB 0 Altstadt;02 Johannstadt;16 Jahre;199
2025;StB 0 Altstadt;02 Johannstadt;17 Jahre;178
2025;StB 0 Altstadt;02 Johannstadt;18 Jahre;225
2025;StB 0 Altstadt;02 Johannstadt;19 Jahre;251
2025;StB 0 Altstadt;02 Johannstadt;20 Jahre;304
2025;StB 0 Altstadt;02 Johannstadt;21 Jahre;370
2025;StB 0 Altstadt;02 Johannstadt;22 Jahre;356
2025;StB 0 Altstadt;02 Johannstadt;23 Jahre;419
2025;StB 0 Altstadt;02 Johannstadt;24 Jahre;427
2025;StB 0 Altstadt;02 Johannstadt;25 Jahre;480
2025;StB 0 Altstadt;02 Johannstadt;26 Jahre;465
2025;StB 0 Altstadt;02 Johannstadt;27 Jahre;460
2025;StB 0 Altstadt;02 Johannstadt;28 Jahre;423
2025;StB 0 Altstadt;02 Johannstadt;29 Jahre;396
2025;StB 0 Altstadt;02 Johannstadt;30 Jahre;405
2025;StB 0 Altstadt;02 Johannstadt;31 Jahre;327
2025;StB 0 Altstadt;02 Johannstadt;32 Jahre;339
2025;StB 0 Altstadt;02 Johannstadt;33 Jahre;340
2025;StB 0 Altstadt;02 Johannstadt;34 Jahre;360
2025;StB 0 Altstadt;02 Johannstadt;35 Jahre;437
2025;StB 0 Altstadt;02 Johannstadt;36 Jahre;427
2025;StB 0 Altstadt;02 Johannstadt;37 Jahre;424
2025;StB 0 Altstadt;02 Johannstadt;38 Jahre;398
2025;StB 0 Altstadt;02 Johannstadt;39 Jahre;370
2025;StB 0 Altstadt;02 Johannstadt;40 Jahre;343
2025;StB 0 Altstadt;02 Johannstadt;41 Jahre;303
2025;StB 0 Altstadt;02 Johannstadt;42 Jahre;334
2025;StB 0 Altstadt;02 Johannstadt;43 Jahre;293
2025;StB 0 Altstadt;02 Johannstadt;44 Jahre;284
2025;StB 0 Altstadt;02 Johannstadt;45 Jahre;257
2025;StB 0 Altstadt;02 Johannstadt;46 Jahre;262
2025;StB 0 Altstadt;02 Johannstadt;47 Jahre;238
2025;StB 0 Altstadt;02 Johannstadt;48 Jahre;284
2025;StB 0 Altstadt;02 Johannstadt;49 Jahre;190
2025;StB 0 Altstadt;02 Johannstadt;50 Jahre;195
2025;StB 0 Altstadt;02 Johannstadt;51 Jahre;203
2025;StB 0 Altstadt;02 Johannstadt;52 Jahre;206
2025;StB 0 Altstadt;02 Johannstadt;53 Jahre;214
2025;StB 0 Altstadt;02 Johannstadt;54 Jahre;219
2025;StB 0 Altstadt;02 Johannstadt;55 Jahre;260
2025;StB 0 Altstadt;02 Johannstadt;56 Jahre;233
2025;StB 0 Altstadt;02 Johannstadt;57 Jahre;215
2025;StB 0 Altstadt;02 Johannstadt;58 Jahre;233
2025;StB 0 Altstadt;02 Johannstadt;59 Jahre;236
2025;StB 0 Altstadt;02 Johannstadt;60 Jahre;262
2025;StB 0 Altstadt;02 Johannstadt;61 Jahre;251
2025;StB 0 Altstadt;02 Johannstadt;62 Jahre;249
2025;StB 0 Altstadt;02 Johannstadt;63 Jahre;253
2025;StB 0 Altstadt;02 Johannstadt;64 Jahre;224
2025;StB 0 Altstadt;02 Johannstadt;65 Jahre;272
2025;StB 0 Altstadt;02 Johannstadt;66 Jahre;242
2025;StB 0 Altstadt;02 Johannstadt;67 Jahre;218
2025;StB 0 Altstadt;02 Johannstadt;68 Jahre;209
2025;StB 0 Altstadt;02 Johannstadt;69 Jahre;217
2025;StB 0 Altstadt;02 Johannstadt;70 Jahre;259
2025;StB 0 Altstadt;02 Johannstadt;71 Jahre;251
2025;StB 0 Altstadt;02 Johannstadt;72 Jahre;247
2025;StB 0 Altstadt;02 Johannstadt;73 Jahre;254
2025;StB 0 Altstadt;02 Johannstadt;74 Jahre;274
2025;StB 0 Altstadt;02 Johannstadt;75 Jahre;268
2025;StB 0 Altstadt;02 Johannstadt;76 Jahre;280
2025;StB 0 Altstadt;02 Johannstadt;77 Jahre;205
2025;StB 0 Altstadt;02 Johannstadt;78 Jahre;262
2025;StB 0 Altstadt;02 Johannstadt;79 Jahre;197
2025;StB 0 Altstadt;02 Johannstadt;80 Jahre;274
2025;StB 0 Altstadt;02 Johannstadt;81 Jahre;382
2025;StB 0 Altstadt;02 Johannstadt;82 Jahre;354
2025;StB 0 Altstadt;02 Johannstadt;83 Jahre;328
2025;StB 0 Altstadt;02 Johannstadt;84 Jahre;398
2025;StB 0 Altstadt;02 Johannstadt;85 Jahre u.älter;2337
2025;StB 1 Neustadt;03 StB Neustadt ohne Leipziger Vorstadt;0 Jahre;318
2025;StB 1 Neustadt;03 StB Neustadt ohne Leipziger Vorstadt;1 Jahre;334
2025;StB 1 Neustadt;03 StB Neustadt ohne Leipziger Vorstadt;2 Jahre;338
2025;StB 1 Neustadt;03 StB Neustadt ohne Leipziger Vorstadt;3 Jahre;394
2025;StB 1 Neustadt;03 StB Neustadt ohne Leipziger Vorstadt;4 Jahre;417
2025;StB 1 Neustadt;03 StB Neustadt ohne Leipziger Vorstadt;5 Jahre;403
2025;StB 1 Neustadt;03 StB Neustadt ohne Leipziger Vorstadt;6 Jahre;448
2025;StB 1 Neustadt;03 StB Neustadt ohne Leipziger Vorstadt;7 Jahre;454
2025;StB 1 Neustadt;03 StB Neustadt ohne Leipziger Vorstadt;8 Jahre;435
2025;StB 1 Neustadt;03 StB Neustadt ohne Leipziger Vorstadt;9 Jahre;397
2025;StB 1 Neustadt;03 StB Neustadt ohne Leipziger Vorstadt;10 Jahre;428
2025;StB 1 Neustadt;03 StB Neustadt ohne Leipziger Vorstadt;11 Jahre;426
2025;StB 1 Neustadt;03 StB Neustadt ohne Leipziger Vorstadt;12 Jahre;414
2025;StB 1 Neustadt;03 StB Neustadt ohne Leipziger Vorstadt;13 Jahre;386
2025;StB 1 Neustadt;03 StB Neustadt ohne Leipziger Vorstadt;14 Jahre;381
2025;StB 1 Neustadt;03 StB Neustadt ohne Leipziger Vorstadt;15 Jahre;392
2025;StB 1 Neustadt;03 StB Neustadt ohne Leipziger Vorstadt;16 Jahre;405
2025;StB 1 Neustadt;03 StB Neustadt ohne Leipziger Vorstadt;17 Jahre;407
2025;StB 1 Neustadt;03 StB Neustadt ohne Leipziger Vorstadt;18 Jahre;410
2025;StB 1 Neustadt;03 StB Neustadt ohne Leipziger Vorstadt;19 Jahre;422
2025;StB 1 Neustadt;03 StB Neustadt ohne Leipziger Vorstadt;20 Jahre;378
2025;StB 1 Neustadt;03 StB Neustadt ohne Leipziger Vorstadt;21 Jahre;484
2025;StB 1 Neustadt;03 StB Neustadt ohne Leipziger Vorstadt;22 Jahre;521
2025;StB 1 Neustadt;03 StB Neustadt ohne Leipziger Vorstadt;23 Jahre;542
2025;StB 1 Neustadt;03 StB Neustadt ohne Leipziger Vorstadt;24 Jahre;592
2025;StB 1 Neustadt;03 StB Neustadt ohne Leipziger Vorstadt;25 Jahre;703
2025;StB 1 Neustadt;03 StB Neustadt ohne Leipziger Vorstadt;26 Jahre;760
2025;StB 1 Neustadt;03 StB Neustadt ohne Leipziger Vorstadt;27 Jahre;743
2025;StB 1 Neustadt;03 StB Neustadt ohne Leipziger Vorstadt;28 Jahre;784
2025;StB 1 Neustadt;03 StB Neustadt ohne Leipziger Vorstadt;29 Jahre;859
2025;StB 1 Neustadt;03 StB Neustadt ohne Leipziger Vorstadt;30 Jahre;796
2025;StB 1 Neustadt;03 StB Neustadt ohne Leipziger Vorstadt;31 Jahre;781
2025;StB 1 Neustadt;03 StB Neustadt ohne Leipziger Vorstadt;32 Jahre;774
2025;StB 1 Neustadt;03 StB Neustadt ohne Leipziger Vorstadt;33 Jahre;717
2025;StB 1 Neustadt;03 StB Neustadt ohne Leipziger Vorstadt;34 Jahre;771
2025;StB 1 Neustadt;03 StB Neustadt ohne Leipziger Vorstadt;35 Jahre;892
2025;StB 1 Neustadt;03 StB Neustadt ohne Leipziger Vorstadt;36 Jahre;909
2025;StB 1 Neustadt;03 StB Neustadt ohne Leipziger Vorstadt;37 Jahre;896
2025;StB 1 Neustadt;03 StB Neustadt ohne Leipziger Vorstadt;38 Jahre;863
2025;StB 1 Neustadt;03 StB Neustadt ohne Leipziger Vorstadt;39 Jahre;808
2025;StB 1 Neustadt;03 StB Neustadt ohne Leipziger Vorstadt;40 Jahre;743
2025;StB 1 Neustadt;03 StB Neustadt ohne Leipziger Vorstadt;41 Jahre;740
2025;StB 1 Neustadt;03 StB Neustadt ohne Leipziger Vorstadt;42 Jahre;708
2025;StB 1 Neustadt;03 StB Neustadt ohne Leipziger Vorstadt;43 Jahre;687
2025;StB 1 Neustadt;03 StB Neustadt ohne Leipziger Vorstadt;44 Jahre;592
2025;StB 1 Neustadt;03 StB Neustadt ohne Leipziger Vorstadt;45 Jahre;663
2025;StB 1 Neustadt;03 StB Neustadt ohne Leipziger Vorstadt;46 Jahre;664
2025;StB 1 Neustadt;03 StB Neustadt ohne Leipziger Vorstadt;47 Jahre;625
2025;StB 1 Neustadt;03 StB Neustadt ohne Leipziger Vorstadt;48 Jahre;641
2025;StB 1 Neustadt;03 StB Neustadt ohne Leipziger Vorstadt;49 Jahre;539
2025;StB 1 Neustadt;03 StB Neustadt ohne Leipziger Vorstadt;50 Jahre;484
2025;StB 1 Neustadt;03 StB Neustadt ohne Leipziger Vorstadt;51 Jahre;475
2025;StB 1 Neustadt;03 StB Neustadt ohne Leipziger Vorstadt;52 Jahre;421
2025;StB 1 Neustadt;03 StB Neustadt ohne Leipziger Vorstadt;53 Jahre;430
2025;StB 1 Neustadt;03 StB Neustadt ohne Leipziger Vorstadt;54 Jahre;491
2025;StB 1 Neustadt;03 StB Neustadt ohne Leipziger Vorstadt;55 Jahre;468
2025;StB 1 Neustadt;03 StB Neustadt ohne Leipziger Vorstadt;56 Jahre;467
2025;StB 1 Neustadt;03 StB Neustadt ohne Leipziger Vorstadt;57 Jahre;424
2025;StB 1 Neustadt;03 StB Neustadt ohne Leipziger Vorstadt;58 Jahre;458
2025;StB 1 Neustadt;03 StB Neustadt ohne Leipziger Vorstadt;59 Jahre;392
2025;StB 1 Neustadt;03 StB Neustadt ohne Leipziger Vorstadt;60 Jahre;372
2025;StB 1 Neustadt;03 StB Neustadt ohne Leipziger Vorstadt;61 Jahre;354
2025;StB 1 Neustadt;03 StB Neustadt ohne Leipziger Vorstadt;62 Jahre;328
2025;StB 1 Neustadt;03 StB Neustadt ohne Leipziger Vorstadt;63 Jahre;289
2025;StB 1 Neustadt;03 StB Neustadt ohne Leipziger Vorstadt;64 Jahre;309
2025;StB 1 Neustadt;03 StB Neustadt ohne Leipziger Vorstadt;65 Jahre;265
2025;StB 1 Neustadt;03 StB Neustadt ohne Leipziger Vorstadt;66 Jahre;252
2025;StB 1 Neustadt;03 StB Neustadt ohne Leipziger Vorstadt;67 Jahre;224
2025;StB 1 Neustadt;03 StB Neustadt ohne Leipziger Vorstadt;68 Jahre;186
2025;StB 1 Neustadt;03 StB Neustadt ohne Leipziger Vorstadt;69 Jahre;192
2025;StB 1 Neustadt;03 StB Neustadt ohne Leipziger Vorstadt;70 Jahre;196
2025;StB 1 Neustadt;03 StB Neustadt ohne Leipziger Vorstadt;71 Jahre;182
2025;StB 1 Neustadt;03 StB Neustadt ohne Leipziger Vorstadt;72 Jahre;191
2025;StB 1 Neustadt;03 StB Neustadt ohne Leipziger Vorstadt;73 Jahre;180
2025;StB 1 Neustadt;03 StB Neustadt ohne Leipziger Vorstadt;74 Jahre;165
2025;StB 1 Neustadt;03 StB Neustadt ohne Leipziger Vorstadt;75 Jahre;179
2025;StB 1 Neustadt;03 StB Neustadt ohne Leipziger Vorstadt;76 Jahre;167
2025;StB 1 Neustadt;03 StB Neustadt ohne Leipziger Vorstadt;77 Jahre;126
2025;StB 1 Neustadt;03 StB Neustadt ohne Leipziger Vorstadt;78 Jahre;133
2025;StB 1 Neustadt;03 StB Neustadt ohne Leipziger Vorstadt;79 Jahre;101
2025;StB 1 Neustadt;03 StB Neustadt ohne Leipziger Vorstadt;80 Jahre;123
2025;StB 1 Neustadt;03 StB Neustadt ohne Leipziger Vorstadt;81 Jahre;175
2025;StB 1 Neustadt;03 StB Neustadt ohne Leipziger Vorstadt;82 Jahre;191
2025;StB 1 Neustadt;03 StB Neustadt ohne Leipziger Vorstadt;83 Jahre;145
2025;StB 1 Neustadt;03 StB Neustadt ohne Leipziger Vorstadt;84 Jahre;180
2025;StB 1 Neustadt;03 StB Neustadt ohne Leipziger Vorstadt;85 Jahre u.älter;945
2025;StB 1 Neustadt;04 Leipziger Vorstadt, Pieschen;0 Jahre;125
2025;StB 1 Neustadt;04 Leipziger Vorstadt, Pieschen;1 Jahre;111
2025;StB 1 Neustadt;04 Leipziger Vorstadt, Pieschen;2 Jahre;119
2025;StB 1 Neustadt;04 Leipziger Vorstadt, Pieschen;3 Jahre;142
2025;StB 1 Neustadt;04 Leipziger Vorstadt, Pieschen;4 Jahre;146
2025;StB 1 Neustadt;04 Leipziger Vorstadt, Pieschen;5 Jahre;135
2025;StB 1 Neustadt;04 Leipziger Vorstadt, Pieschen;6 Jahre;140
2025;StB 1 Neustadt;04 Leipziger Vorstadt, Pieschen;7 Jahre;142
2025;StB 1 Neustadt;04 Leipziger Vorstadt, Pieschen;8 Jahre;143
2025;StB 1 Neustadt;04 Leipziger Vorstadt, Pieschen;9 Jahre;151
2025;StB 1 Neustadt;04 Leipziger Vorstadt, Pieschen;10 Jahre;137
2025;StB 1 Neustadt;04 Leipziger Vorstadt, Pieschen;11 Jahre;126
2025;StB 1 Neustadt;04 Leipziger Vorstadt, Pieschen;12 Jahre;148
2025;StB 1 Neustadt;04 Leipziger Vorstadt, Pieschen;13 Jahre;150
2025;StB 1 Neustadt;04 Leipziger Vorstadt, Pieschen;14 Jahre;139
2025;StB 1 Neustadt;04 Leipziger Vorstadt, Pieschen;15 Jahre;111
2025;StB 1 Neustadt;04 Leipziger Vorstadt, Pieschen;16 Jahre;125
2025;StB 1 Neustadt;04 Leipziger Vorstadt, Pieschen;17 Jahre;128
2025;StB 1 Neustadt;04 Leipziger Vorstadt, Pieschen;18 Jahre;119
2025;StB 1 Neustadt;04 Leipziger Vorstadt, Pieschen;19 Jahre;146
2025;StB 1 Neustadt;04 Leipziger Vorstadt, Pieschen;20 Jahre;181
2025;StB 1 Neustadt;04 Leipziger Vorstadt, Pieschen;21 Jahre;249
2025;StB 1 Neustadt;04 Leipziger Vorstadt, Pieschen;22 Jahre;228
2025;StB 1 Neustadt;04 Leipziger Vorstadt, Pieschen;23 Jahre;288
2025;StB 1 Neustadt;04 Leipziger Vorstadt, Pieschen;24 Jahre;316
2025;StB 1 Neustadt;04 Leipziger Vorstadt, Pieschen;25 Jahre;301
2025;StB 1 Neustadt;04 Leipziger Vorstadt, Pieschen;26 Jahre;322
2025;StB 1 Neustadt;04 Leipziger Vorstadt, Pieschen;27 Jahre;345
2025;StB 1 Neustadt;04 Leipziger Vorstadt, Pieschen;28 Jahre;352
2025;StB 1 Neustadt;04 Leipziger Vorstadt, Pieschen;29 Jahre;330
2025;StB 1 Neustadt;04 Leipziger Vorstadt, Pieschen;30 Jahre;273
2025;StB 1 Neustadt;04 Leipziger Vorstadt, Pieschen;31 Jahre;312
2025;StB 1 Neustadt;04 Leipziger Vorstadt, Pieschen;32 Jahre;272
2025;StB 1 Neustadt;04 Leipziger Vorstadt, Pieschen;33 Jahre;251
2025;StB 1 Neustadt;04 Leipziger Vorstadt, Pieschen;34 Jahre;264
2025;StB 1 Neustadt;04 Leipziger Vorstadt, Pieschen;35 Jahre;397
2025;StB 1 Neustadt;04 Leipziger Vorstadt, Pieschen;36 Jahre;367
2025;StB 1 Neustadt;04 Leipziger Vorstadt, Pieschen;37 Jahre;362
2025;StB 1 Neustadt;04 Leipziger Vorstadt, Pieschen;38 Jahre;312
2025;StB 1 Neustadt;04 Leipziger Vorstadt, Pieschen;39 Jahre;286
2025;StB 1 Neustadt;04 Leipziger Vorstadt, Pieschen;40 Jahre;264
2025;StB 1 Neustadt;04 Leipziger Vorstadt, Pieschen;41 Jahre;252
2025;StB 1 Neustadt;04 Leipziger Vorstadt, Pieschen;42 Jahre;272
2025;StB 1 Neustadt;04 Leipziger Vorstadt, Pieschen;43 Jahre;271
2025;StB 1 Neustadt;04 Leipziger Vorstadt, Pieschen;44 Jahre;233
2025;StB 1 Neustadt;04 Leipziger Vorstadt, Pieschen;45 Jahre;230
2025;StB 1 Neustadt;04 Leipziger Vorstadt, Pieschen;46 Jahre;251
2025;StB 1 Neustadt;04 Leipziger Vorstadt, Pieschen;47 Jahre;260
2025;StB 1 Neustadt;04 Leipziger Vorstadt, Pieschen;48 Jahre;207
2025;StB 1 Neustadt;04 Leipziger Vorstadt, Pieschen;49 Jahre;195
2025;StB 1 Neustadt;04 Leipziger Vorstadt, Pieschen;50 Jahre;157
2025;StB 1 Neustadt;04 Leipziger Vorstadt, Pieschen;51 Jahre;130
2025;StB 1 Neustadt;04 Leipziger Vorstadt, Pieschen;52 Jahre;132
2025;StB 1 Neustadt;04 Leipziger Vorstadt, Pieschen;53 Jahre;133
2025;StB 1 Neustadt;04 Leipziger Vorstadt, Pieschen;54 Jahre;147
2025;StB 1 Neustadt;04 Leipziger Vorstadt, Pieschen;55 Jahre;112
2025;StB 1 Neustadt;04 Leipziger Vorstadt, Pieschen;56 Jahre;93
2025;StB 1 Neustadt;04 Leipziger Vorstadt, Pieschen;57 Jahre;104
2025;StB 1 Neustadt;04 Leipziger Vorstadt, Pieschen;58 Jahre;106
2025;StB 1 Neustadt;04 Leipziger Vorstadt, Pieschen;59 Jahre;95
2025;StB 1 Neustadt;04 Leipziger Vorstadt, Pieschen;60 Jahre;86
2025;StB 1 Neustadt;04 Leipziger Vorstadt, Pieschen;61 Jahre;92
2025;StB 1 Neustadt;04 Leipziger Vorstadt, Pieschen;62 Jahre;96
2025;StB 1 Neustadt;04 Leipziger Vorstadt, Pieschen;63 Jahre;77
2025;StB 1 Neustadt;04 Leipziger Vorstadt, Pieschen;64 Jahre;88
2025;StB 1 Neustadt;04 Leipziger Vorstadt, Pieschen;65 Jahre;77
2025;StB 1 Neustadt;04 Leipziger Vorstadt, Pieschen;66 Jahre;56
2025;StB 1 Neustadt;04 Leipziger Vorstadt, Pieschen;67 Jahre;64
2025;StB 1 Neustadt;04 Leipziger Vorstadt, Pieschen;68 Jahre;56
2025;StB 1 Neustadt;04 Leipziger Vorstadt, Pieschen;69 Jahre;63
2025;StB 1 Neustadt;04 Leipziger Vorstadt, Pieschen;70 Jahre;51
2025;StB 1 Neustadt;04 Leipziger Vorstadt, Pieschen;71 Jahre;55
2025;StB 1 Neustadt;04 Leipziger Vorstadt, Pieschen;72 Jahre;46
2025;StB 1 Neustadt;04 Leipziger Vorstadt, Pieschen;73 Jahre;48
2025;StB 1 Neustadt;04 Leipziger Vorstadt, Pieschen;74 Jahre;52
2025;StB 1 Neustadt;04 Leipziger Vorstadt, Pieschen;75 Jahre;52
2025;StB 1 Neustadt;04 Leipziger Vorstadt, Pieschen;76 Jahre;35
2025;StB 1 Neustadt;04 Leipziger Vorstadt, Pieschen;77 Jahre;28
2025;StB 1 Neustadt;04 Leipziger Vorstadt, Pieschen;78 Jahre;35
2025;StB 1 Neustadt;04 Leipziger Vorstadt, Pieschen;79 Jahre;25
2025;StB 1 Neustadt;04 Leipziger Vorstadt, Pieschen;80 Jahre;24
2025;StB 1 Neustadt;04 Leipziger Vorstadt, Pieschen;81 Jahre;41
2025;StB 1 Neustadt;04 Leipziger Vorstadt, Pieschen;82 Jahre;37
2025;StB 1 Neustadt;04 Leipziger Vorstadt, Pieschen;83 Jahre;27
2025;StB 1 Neustadt;04 Leipziger Vorstadt, Pieschen;84 Jahre;26
2025;StB 1 Neustadt;04 Leipziger Vorstadt, Pieschen;85 Jahre u.älter;132
2025;StB 2 Pieschen;04 Leipziger Vorstadt, Pieschen;0 Jahre;208
2025;StB 2 Pieschen;04 Leipziger Vorstadt, Pieschen;1 Jahre;185
2025;StB 2 Pieschen;04 Leipziger Vorstadt, Pieschen;2 Jahre;213
2025;StB 2 Pieschen;04 Leipziger Vorstadt, Pieschen;3 Jahre;205
2025;StB 2 Pieschen;04 Leipziger Vorstadt, Pieschen;4 Jahre;253
2025;StB 2 Pieschen;04 Leipziger Vorstadt, Pieschen;5 Jahre;234
2025;StB 2 Pieschen;04 Leipziger Vorstadt, Pieschen;6 Jahre;269
2025;StB 2 Pieschen;04 Leipziger Vorstadt, Pieschen;7 Jahre;255
2025;StB 2 Pieschen;04 Leipziger Vorstadt, Pieschen;8 Jahre;268
2025;StB 2 Pieschen;04 Leipziger Vorstadt, Pieschen;9 Jahre;277
2025;StB 2 Pieschen;04 Leipziger Vorstadt, Pieschen;10 Jahre;293
2025;StB 2 Pieschen;04 Leipziger Vorstadt, Pieschen;11 Jahre;278
2025;StB 2 Pieschen;04 Leipziger Vorstadt, Pieschen;12 Jahre;259
2025;StB 2 Pieschen;04 Leipziger Vorstadt, Pieschen;13 Jahre;265
2025;StB 2 Pieschen;04 Leipziger Vorstadt, Pieschen;14 Jahre;268
2025;StB 2 Pieschen;04 Leipziger Vorstadt, Pieschen;15 Jahre;263
2025;StB 2 Pieschen;04 Leipziger Vorstadt, Pieschen;16 Jahre;239
2025;StB 2 Pieschen;04 Leipziger Vorstadt, Pieschen;17 Jahre;239
2025;StB 2 Pieschen;04 Leipziger Vorstadt, Pieschen;18 Jahre;250
2025;StB 2 Pieschen;04 Leipziger Vorstadt, Pieschen;19 Jahre;241
2025;StB 2 Pieschen;04 Leipziger Vorstadt, Pieschen;20 Jahre;256
2025;StB 2 Pieschen;04 Leipziger Vorstadt, Pieschen;21 Jahre;274
2025;StB 2 Pieschen;04 Leipziger Vorstadt, Pieschen;22 Jahre;302
2025;StB 2 Pieschen;04 Leipziger Vorstadt, Pieschen;23 Jahre;295
2025;StB 2 Pieschen;04 Leipziger Vorstadt, Pieschen;24 Jahre;349
2025;StB 2 Pieschen;04 Leipziger Vorstadt, Pieschen;25 Jahre;375
2025;StB 2 Pieschen;04 Leipziger Vorstadt, Pieschen;26 Jahre;418
2025;StB 2 Pieschen;04 Leipziger Vorstadt, Pieschen;27 Jahre;453
2025;StB 2 Pieschen;04 Leipziger Vorstadt, Pieschen;28 Jahre;479
2025;StB 2 Pieschen;04 Leipziger Vorstadt, Pieschen;29 Jahre;413
2025;StB 2 Pieschen;04 Leipziger Vorstadt, Pieschen;30 Jahre;394
2025;StB 2 Pieschen;04 Leipziger Vorstadt, Pieschen;31 Jahre;371
2025;StB 2 Pieschen;04 Leipziger Vorstadt, Pieschen;32 Jahre;393
2025;StB 2 Pieschen;04 Leipziger Vorstadt, Pieschen;33 Jahre;362
2025;StB 2 Pieschen;04 Leipziger Vorstadt, Pieschen;34 Jahre;404
2025;StB 2 Pieschen;04 Leipziger Vorstadt, Pieschen;35 Jahre;579
2025;StB 2 Pieschen;04 Leipziger Vorstadt, Pieschen;36 Jahre;548
2025;StB 2 Pieschen;04 Leipziger Vorstadt, Pieschen;37 Jahre;542
2025;StB 2 Pieschen;04 Leipziger Vorstadt, Pieschen;38 Jahre;573
2025;StB 2 Pieschen;04 Leipziger Vorstadt, Pieschen;39 Jahre;545
2025;StB 2 Pieschen;04 Leipziger Vorstadt, Pieschen;40 Jahre;510
2025;StB 2 Pieschen;04 Leipziger Vorstadt, Pieschen;41 Jahre;507
2025;StB 2 Pieschen;04 Leipziger Vorstadt, Pieschen;42 Jahre;521
2025;StB 2 Pieschen;04 Leipziger Vorstadt, Pieschen;43 Jahre;504
2025;StB 2 Pieschen;04 Leipziger Vorstadt, Pieschen;44 Jahre;439
2025;StB 2 Pieschen;04 Leipziger Vorstadt, Pieschen;45 Jahre;449
2025;StB 2 Pieschen;04 Leipziger Vorstadt, Pieschen;46 Jahre;425
2025;StB 2 Pieschen;04 Leipziger Vorstadt, Pieschen;47 Jahre;379
2025;StB 2 Pieschen;04 Leipziger Vorstadt, Pieschen;48 Jahre;372
2025;StB 2 Pieschen;04 Leipziger Vorstadt, Pieschen;49 Jahre;306
2025;StB 2 Pieschen;04 Leipziger Vorstadt, Pieschen;50 Jahre;292
2025;StB 2 Pieschen;04 Leipziger Vorstadt, Pieschen;51 Jahre;289
2025;StB 2 Pieschen;04 Leipziger Vorstadt, Pieschen;52 Jahre;239
2025;StB 2 Pieschen;04 Leipziger Vorstadt, Pieschen;53 Jahre;250
2025;StB 2 Pieschen;04 Leipziger Vorstadt, Pieschen;54 Jahre;292
2025;StB 2 Pieschen;04 Leipziger Vorstadt, Pieschen;55 Jahre;241
2025;StB 2 Pieschen;04 Leipziger Vorstadt, Pieschen;56 Jahre;246
2025;StB 2 Pieschen;04 Leipziger Vorstadt, Pieschen;57 Jahre;244
2025;StB 2 Pieschen;04 Leipziger Vorstadt, Pieschen;58 Jahre;234
2025;StB 2 Pieschen;04 Leipziger Vorstadt, Pieschen;59 Jahre;236
2025;StB 2 Pieschen;04 Leipziger Vorstadt, Pieschen;60 Jahre;271
2025;StB 2 Pieschen;04 Leipziger Vorstadt, Pieschen;61 Jahre;245
2025;StB 2 Pieschen;04 Leipziger Vorstadt, Pieschen;62 Jahre;250
2025;StB 2 Pieschen;04 Leipziger Vorstadt, Pieschen;63 Jahre;227
2025;StB 2 Pieschen;04 Leipziger Vorstadt, Pieschen;64 Jahre;251
2025;StB 2 Pieschen;04 Leipziger Vorstadt, Pieschen;65 Jahre;205
2025;StB 2 Pieschen;04 Leipziger Vorstadt, Pieschen;66 Jahre;197
2025;StB 2 Pieschen;04 Leipziger Vorstadt, Pieschen;67 Jahre;179
2025;StB 2 Pieschen;04 Leipziger Vorstadt, Pieschen;68 Jahre;162
2025;StB 2 Pieschen;04 Leipziger Vorstadt, Pieschen;69 Jahre;142
2025;StB 2 Pieschen;04 Leipziger Vorstadt, Pieschen;70 Jahre;140
2025;StB 2 Pieschen;04 Leipziger Vorstadt, Pieschen;71 Jahre;133
2025;StB 2 Pieschen;04 Leipziger Vorstadt, Pieschen;72 Jahre;148
2025;StB 2 Pieschen;04 Leipziger Vorstadt, Pieschen;73 Jahre;155
2025;StB 2 Pieschen;04 Leipziger Vorstadt, Pieschen;74 Jahre;143
2025;StB 2 Pieschen;04 Leipziger Vorstadt, Pieschen;75 Jahre;121
2025;StB 2 Pieschen;04 Leipziger Vorstadt, Pieschen;76 Jahre;120
2025;StB 2 Pieschen;04 Leipziger Vorstadt, Pieschen;77 Jahre;79
2025;StB 2 Pieschen;04 Leipziger Vorstadt, Pieschen;78 Jahre;109
2025;StB 2 Pieschen;04 Leipziger Vorstadt, Pieschen;79 Jahre;67
2025;StB 2 Pieschen;04 Leipziger Vorstadt, Pieschen;80 Jahre;82
2025;StB 2 Pieschen;04 Leipziger Vorstadt, Pieschen;81 Jahre;110
2025;StB 2 Pieschen;04 Leipziger Vorstadt, Pieschen;82 Jahre;126
2025;StB 2 Pieschen;04 Leipziger Vorstadt, Pieschen;83 Jahre;85
2025;StB 2 Pieschen;04 Leipziger Vorstadt, Pieschen;84 Jahre;94
2025;StB 2 Pieschen;04 Leipziger Vorstadt, Pieschen;85 Jahre u.älter;591
2025;StB 2 Pieschen;05 Mickten, Kaditz, Trachau;0 Jahre;198
2025;StB 2 Pieschen;05 Mickten, Kaditz, Trachau;1 Jahre;210
2025;StB 2 Pieschen;05 Mickten, Kaditz, Trachau;2 Jahre;223
2025;StB 2 Pieschen;05 Mickten, Kaditz, Trachau;3 Jahre;227
2025;StB 2 Pieschen;05 Mickten, Kaditz, Trachau;4 Jahre;273
2025;StB 2 Pieschen;05 Mickten, Kaditz, Trachau;5 Jahre;275
2025;StB 2 Pieschen;05 Mickten, Kaditz, Trachau;6 Jahre;272
2025;StB 2 Pieschen;05 Mickten, Kaditz, Trachau;7 Jahre;281
2025;StB 2 Pieschen;05 Mickten, Kaditz, Trachau;8 Jahre;321
2025;StB 2 Pieschen;05 Mickten, Kaditz, Trachau;9 Jahre;311
2025;StB 2 Pieschen;05 Mickten, Kaditz, Trachau;10 Jahre;283
2025;StB 2 Pieschen;05 Mickten, Kaditz, Trachau;11 Jahre;317
2025;StB 2 Pieschen;05 Mickten, Kaditz, Trachau;12 Jahre;320
2025;StB 2 Pieschen;05 Mickten, Kaditz, Trachau;13 Jahre;289
2025;StB 2 Pieschen;05 Mickten, Kaditz, Trachau;14 Jahre;295
2025;StB 2 Pieschen;05 Mickten, Kaditz, Trachau;15 Jahre;312
2025;StB 2 Pieschen;05 Mickten, Kaditz, Trachau;16 Jahre;262
2025;StB 2 Pieschen;05 Mickten, Kaditz, Trachau;17 Jahre;262
2025;StB 2 Pieschen;05 Mickten, Kaditz, Trachau;18 Jahre;321
2025;StB 2 Pieschen;05 Mickten, Kaditz, Trachau;19 Jahre;300
2025;StB 2 Pieschen;05 Mickten, Kaditz, Trachau;20 Jahre;309
2025;StB 2 Pieschen;05 Mickten, Kaditz, Trachau;21 Jahre;272
2025;StB 2 Pieschen;05 Mickten, Kaditz, Trachau;22 Jahre;278
2025;StB 2 Pieschen;05 Mickten, Kaditz, Trachau;23 Jahre;283
2025;StB 2 Pieschen;05 Mickten, Kaditz, Trachau;24 Jahre;318
2025;StB 2 Pieschen;05 Mickten, Kaditz, Trachau;25 Jahre;360
2025;StB 2 Pieschen;05 Mickten, Kaditz, Trachau;26 Jahre;328
2025;StB 2 Pieschen;05 Mickten, Kaditz, Trachau;27 Jahre;359
2025;StB 2 Pieschen;05 Mickten, Kaditz, Trachau;28 Jahre;325
2025;StB 2 Pieschen;05 Mickten, Kaditz, Trachau;29 Jahre;318
2025;StB 2 Pieschen;05 Mickten, Kaditz, Trachau;30 Jahre;309
2025;StB 2 Pieschen;05 Mickten, Kaditz, Trachau;31 Jahre;292
2025;StB 2 Pieschen;05 Mickten, Kaditz, Trachau;32 Jahre;327
2025;StB 2 Pieschen;05 Mickten, Kaditz, Trachau;33 Jahre;302
2025;StB 2 Pieschen;05 Mickten, Kaditz, Trachau;34 Jahre;377
2025;StB 2 Pieschen;05 Mickten, Kaditz, Trachau;35 Jahre;528
2025;StB 2 Pieschen;05 Mickten, Kaditz, Trachau;36 Jahre;551
2025;StB 2 Pieschen;05 Mickten, Kaditz, Trachau;37 Jahre;563
2025;StB 2 Pieschen;05 Mickten, Kaditz, Trachau;38 Jahre;580
2025;StB 2 Pieschen;05 Mickten, Kaditz, Trachau;39 Jahre;547
2025;StB 2 Pieschen;05 Mickten, Kaditz, Trachau;40 Jahre;557
2025;StB 2 Pieschen;05 Mickten, Kaditz, Trachau;41 Jahre;506
2025;StB 2 Pieschen;05 Mickten, Kaditz, Trachau;42 Jahre;506
2025;StB 2 Pieschen;05 Mickten, Kaditz, Trachau;43 Jahre;519
2025;StB 2 Pieschen;05 Mickten, Kaditz, Trachau;44 Jahre;480
2025;StB 2 Pieschen;05 Mickten, Kaditz, Trachau;45 Jahre;499
2025;StB 2 Pieschen;05 Mickten, Kaditz, Trachau;46 Jahre;491
2025;StB 2 Pieschen;05 Mickten, Kaditz, Trachau;47 Jahre;471
2025;StB 2 Pieschen;05 Mickten, Kaditz, Trachau;48 Jahre;436
2025;StB 2 Pieschen;05 Mickten, Kaditz, Trachau;49 Jahre;355
2025;StB 2 Pieschen;05 Mickten, Kaditz, Trachau;50 Jahre;366
2025;StB 2 Pieschen;05 Mickten, Kaditz, Trachau;51 Jahre;308
2025;StB 2 Pieschen;05 Mickten, Kaditz, Trachau;52 Jahre;314
2025;StB 2 Pieschen;05 Mickten, Kaditz, Trachau;53 Jahre;326
2025;StB 2 Pieschen;05 Mickten, Kaditz, Trachau;54 Jahre;424
2025;StB 2 Pieschen;05 Mickten, Kaditz, Trachau;55 Jahre;371
2025;StB 2 Pieschen;05 Mickten, Kaditz, Trachau;56 Jahre;426
2025;StB 2 Pieschen;05 Mickten, Kaditz, Trachau;57 Jahre;374
2025;StB 2 Pieschen;05 Mickten, Kaditz, Trachau;58 Jahre;395
2025;StB 2 Pieschen;05 Mickten, Kaditz, Trachau;59 Jahre;396
2025;StB 2 Pieschen;05 Mickten, Kaditz, Trachau;60 Jahre;377
2025;StB 2 Pieschen;05 Mickten, Kaditz, Trachau;61 Jahre;365
2025;StB 2 Pieschen;05 Mickten, Kaditz, Trachau;62 Jahre;435
2025;StB 2 Pieschen;05 Mickten, Kaditz, Trachau;63 Jahre;374
2025;StB 2 Pieschen;05 Mickten, Kaditz, Trachau;64 Jahre;372
2025;StB 2 Pieschen;05 Mickten, Kaditz, Trachau;65 Jahre;324
2025;StB 2 Pieschen;05 Mickten, Kaditz, Trachau;66 Jahre;326
2025;StB 2 Pieschen;05 Mickten, Kaditz, Trachau;67 Jahre;284
2025;StB 2 Pieschen;05 Mickten, Kaditz, Trachau;68 Jahre;287
2025;StB 2 Pieschen;05 Mickten, Kaditz, Trachau;69 Jahre;256
2025;StB 2 Pieschen;05 Mickten, Kaditz, Trachau;70 Jahre;257
2025;StB 2 Pieschen;05 Mickten, Kaditz, Trachau;71 Jahre;283
2025;StB 2 Pieschen;05 Mickten, Kaditz, Trachau;72 Jahre;263
2025;StB 2 Pieschen;05 Mickten, Kaditz, Trachau;73 Jahre;247
2025;StB 2 Pieschen;05 Mickten, Kaditz, Trachau;74 Jahre;286
2025;StB 2 Pieschen;05 Mickten, Kaditz, Trachau;75 Jahre;293
2025;StB 2 Pieschen;05 Mickten, Kaditz, Trachau;76 Jahre;218
2025;StB 2 Pieschen;05 Mickten, Kaditz, Trachau;77 Jahre;171
2025;StB 2 Pieschen;05 Mickten, Kaditz, Trachau;78 Jahre;167
2025;StB 2 Pieschen;05 Mickten, Kaditz, Trachau;79 Jahre;140
2025;StB 2 Pieschen;05 Mickten, Kaditz, Trachau;80 Jahre;169
2025;StB 2 Pieschen;05 Mickten, Kaditz, Trachau;81 Jahre;238
2025;StB 2 Pieschen;05 Mickten, Kaditz, Trachau;82 Jahre;208
2025;StB 2 Pieschen;05 Mickten, Kaditz, Trachau;83 Jahre;180
2025;StB 2 Pieschen;05 Mickten, Kaditz, Trachau;84 Jahre;199
2025;StB 2 Pieschen;05 Mickten, Kaditz, Trachau;85 Jahre u.älter;1057
2025;StB 3 Klotzsche/nördliche Ortschaften;06 StB Klotzsche und nördliche OS;0 Jahre;143
2025;StB 3 Klotzsche/nördliche Ortschaften;06 StB Klotzsche und nördliche OS;1 Jahre;167
2025;StB 3 Klotzsche/nördliche Ortschaften;06 StB Klotzsche und nördliche OS;2 Jahre;192
2025;StB 3 Klotzsche/nördliche Ortschaften;06 StB Klotzsche und nördliche OS;3 Jahre;213
2025;StB 3 Klotzsche/nördliche Ortschaften;06 StB Klotzsche und nördliche OS;4 Jahre;258
2025;StB 3 Klotzsche/nördliche Ortschaften;06 StB Klotzsche und nördliche OS;5 Jahre;276
2025;StB 3 Klotzsche/nördliche Ortschaften;06 StB Klotzsche und nördliche OS;6 Jahre;308
2025;StB 3 Klotzsche/nördliche Ortschaften;06 StB Klotzsche und nördliche OS;7 Jahre;324
2025;StB 3 Klotzsche/nördliche Ortschaften;06 StB Klotzsche und nördliche OS;8 Jahre;323
2025;StB 3 Klotzsche/nördliche Ortschaften;06 StB Klotzsche und nördliche OS;9 Jahre;367
2025;StB 3 Klotzsche/nördliche Ortschaften;06 StB Klotzsche und nördliche OS;10 Jahre;353
2025;StB 3 Klotzsche/nördliche Ortschaften;06 StB Klotzsche und nördliche OS;11 Jahre;382
2025;StB 3 Klotzsche/nördliche Ortschaften;06 StB Klotzsche und nördliche OS;12 Jahre;358
2025;StB 3 Klotzsche/nördliche Ortschaften;06 StB Klotzsche und nördliche OS;13 Jahre;362
2025;StB 3 Klotzsche/nördliche Ortschaften;06 StB Klotzsche und nördliche OS;14 Jahre;373
2025;StB 3 Klotzsche/nördliche Ortschaften;06 StB Klotzsche und nördliche OS;15 Jahre;382
2025;StB 3 Klotzsche/nördliche Ortschaften;06 StB Klotzsche und nördliche OS;16 Jahre;370
2025;StB 3 Klotzsche/nördliche Ortschaften;06 StB Klotzsche und nördliche OS;17 Jahre;389
2025;StB 3 Klotzsche/nördliche Ortschaften;06 StB Klotzsche und nördliche OS;18 Jahre;364
2025;StB 3 Klotzsche/nördliche Ortschaften;06 StB Klotzsche und nördliche OS;19 Jahre;293
2025;StB 3 Klotzsche/nördliche Ortschaften;06 StB Klotzsche und nördliche OS;20 Jahre;264
2025;StB 3 Klotzsche/nördliche Ortschaften;06 StB Klotzsche und nördliche OS;21 Jahre;244
2025;StB 3 Klotzsche/nördliche Ortschaften;06 StB Klotzsche und nördliche OS;22 Jahre;230
2025;StB 3 Klotzsche/nördliche Ortschaften;06 StB Klotzsche und nördliche OS;23 Jahre;196
2025;StB 3 Klotzsche/nördliche Ortschaften;06 StB Klotzsche und nördliche OS;24 Jahre;182
2025;StB 3 Klotzsche/nördliche Ortschaften;06 StB Klotzsche und nördliche OS;25 Jahre;200
2025;StB 3 Klotzsche/nördliche Ortschaften;06 StB Klotzsche und nördliche OS;26 Jahre;195
2025;StB 3 Klotzsche/nördliche Ortschaften;06 StB Klotzsche und nördliche OS;27 Jahre;171
2025;StB 3 Klotzsche/nördliche Ortschaften;06 StB Klotzsche und nördliche OS;28 Jahre;176
2025;StB 3 Klotzsche/nördliche Ortschaften;06 StB Klotzsche und nördliche OS;29 Jahre;176
2025;StB 3 Klotzsche/nördliche Ortschaften;06 StB Klotzsche und nördliche OS;30 Jahre;155
2025;StB 3 Klotzsche/nördliche Ortschaften;06 StB Klotzsche und nördliche OS;31 Jahre;161
2025;StB 3 Klotzsche/nördliche Ortschaften;06 StB Klotzsche und nördliche OS;32 Jahre;180
2025;StB 3 Klotzsche/nördliche Ortschaften;06 StB Klotzsche und nördliche OS;33 Jahre;181
2025;StB 3 Klotzsche/nördliche Ortschaften;06 StB Klotzsche und nördliche OS;34 Jahre;217
2025;StB 3 Klotzsche/nördliche Ortschaften;06 StB Klotzsche und nördliche OS;35 Jahre;317
2025;StB 3 Klotzsche/nördliche Ortschaften;06 StB Klotzsche und nördliche OS;36 Jahre;374
2025;StB 3 Klotzsche/nördliche Ortschaften;06 StB Klotzsche und nördliche OS;37 Jahre;412
2025;StB 3 Klotzsche/nördliche Ortschaften;06 StB Klotzsche und nördliche OS;38 Jahre;420
2025;StB 3 Klotzsche/nördliche Ortschaften;06 StB Klotzsche und nördliche OS;39 Jahre;412
2025;StB 3 Klotzsche/nördliche Ortschaften;06 StB Klotzsche und nördliche OS;40 Jahre;412
2025;StB 3 Klotzsche/nördliche Ortschaften;06 StB Klotzsche und nördliche OS;41 Jahre;416
2025;StB 3 Klotzsche/nördliche Ortschaften;06 StB Klotzsche und nördliche OS;42 Jahre;420
2025;StB 3 Klotzsche/nördliche Ortschaften;06 StB Klotzsche und nördliche OS;43 Jahre;434
2025;StB 3 Klotzsche/nördliche Ortschaften;06 StB Klotzsche und nördliche OS;44 Jahre;486
2025;StB 3 Klotzsche/nördliche Ortschaften;06 StB Klotzsche und nördliche OS;45 Jahre;451
2025;StB 3 Klotzsche/nördliche Ortschaften;06 StB Klotzsche und nördliche OS;46 Jahre;473
2025;StB 3 Klotzsche/nördliche Ortschaften;06 StB Klotzsche und nördliche OS;47 Jahre;488
2025;StB 3 Klotzsche/nördliche Ortschaften;06 StB Klotzsche und nördliche OS;48 Jahre;460
2025;StB 3 Klotzsche/nördliche Ortschaften;06 StB Klotzsche und nördliche OS;49 Jahre;410
2025;StB 3 Klotzsche/nördliche Ortschaften;06 StB Klotzsche und nördliche OS;50 Jahre;411
2025;StB 3 Klotzsche/nördliche Ortschaften;06 StB Klotzsche und nördliche OS;51 Jahre;378
2025;StB 3 Klotzsche/nördliche Ortschaften;06 StB Klotzsche und nördliche OS;52 Jahre;331
2025;StB 3 Klotzsche/nördliche Ortschaften;06 StB Klotzsche und nördliche OS;53 Jahre;444
2025;StB 3 Klotzsche/nördliche Ortschaften;06 StB Klotzsche und nördliche OS;54 Jahre;469
2025;StB 3 Klotzsche/nördliche Ortschaften;06 StB Klotzsche und nördliche OS;55 Jahre;509
2025;StB 3 Klotzsche/nördliche Ortschaften;06 StB Klotzsche und nördliche OS;56 Jahre;479
2025;StB 3 Klotzsche/nördliche Ortschaften;06 StB Klotzsche und nördliche OS;57 Jahre;515
2025;StB 3 Klotzsche/nördliche Ortschaften;06 StB Klotzsche und nördliche OS;58 Jahre;525
2025;StB 3 Klotzsche/nördliche Ortschaften;06 StB Klotzsche und nördliche OS;59 Jahre;535
2025;StB 3 Klotzsche/nördliche Ortschaften;06 StB Klotzsche und nördliche OS;60 Jahre;511
2025;StB 3 Klotzsche/nördliche Ortschaften;06 StB Klotzsche und nördliche OS;61 Jahre;538
2025;StB 3 Klotzsche/nördliche Ortschaften;06 StB Klotzsche und nördliche OS;62 Jahre;496
2025;StB 3 Klotzsche/nördliche Ortschaften;06 StB Klotzsche und nördliche OS;63 Jahre;511
2025;StB 3 Klotzsche/nördliche Ortschaften;06 StB Klotzsche und nördliche OS;64 Jahre;485
2025;StB 3 Klotzsche/nördliche Ortschaften;06 StB Klotzsche und nördliche OS;65 Jahre;437
2025;StB 3 Klotzsche/nördliche Ortschaften;06 StB Klotzsche und nördliche OS;66 Jahre;457
2025;StB 3 Klotzsche/nördliche Ortschaften;06 StB Klotzsche und nördliche OS;67 Jahre;419
2025;StB 3 Klotzsche/nördliche Ortschaften;06 StB Klotzsche und nördliche OS;68 Jahre;419
2025;StB 3 Klotzsche/nördliche Ortschaften;06 StB Klotzsche und nördliche OS;69 Jahre;405
2025;StB 3 Klotzsche/nördliche Ortschaften;06 StB Klotzsche und nördliche OS;70 Jahre;410
2025;StB 3 Klotzsche/nördliche Ortschaften;06 StB Klotzsche und nördliche OS;71 Jahre;399
2025;StB 3 Klotzsche/nördliche Ortschaften;06 StB Klotzsche und nördliche OS;72 Jahre;365
2025;StB 3 Klotzsche/nördliche Ortschaften;06 StB Klotzsche und nördliche OS;73 Jahre;396
2025;StB 3 Klotzsche/nördliche Ortschaften;06 StB Klotzsche und nördliche OS;74 Jahre;355
2025;StB 3 Klotzsche/nördliche Ortschaften;06 StB Klotzsche und nördliche OS;75 Jahre;361
2025;StB 3 Klotzsche/nördliche Ortschaften;06 StB Klotzsche und nördliche OS;76 Jahre;325
2025;StB 3 Klotzsche/nördliche Ortschaften;06 StB Klotzsche und nördliche OS;77 Jahre;264
2025;StB 3 Klotzsche/nördliche Ortschaften;06 StB Klotzsche und nördliche OS;78 Jahre;290
2025;StB 3 Klotzsche/nördliche Ortschaften;06 StB Klotzsche und nördliche OS;79 Jahre;182
2025;StB 3 Klotzsche/nördliche Ortschaften;06 StB Klotzsche und nördliche OS;80 Jahre;229
2025;StB 3 Klotzsche/nördliche Ortschaften;06 StB Klotzsche und nördliche OS;81 Jahre;335
2025;StB 3 Klotzsche/nördliche Ortschaften;06 StB Klotzsche und nördliche OS;82 Jahre;353
2025;StB 3 Klotzsche/nördliche Ortschaften;06 StB Klotzsche und nördliche OS;83 Jahre;274
2025;StB 3 Klotzsche/nördliche Ortschaften;06 StB Klotzsche und nördliche OS;84 Jahre;312
2025;StB 3 Klotzsche/nördliche Ortschaften;06 StB Klotzsche und nördliche OS;85 Jahre u.älter;1661
2025;StB 4 Loschwitz/OS Schönfeld-Weißig;07 StB Loschwitz und OS Schönfeld-Weißig;0 Jahre;144
2025;StB 4 Loschwitz/OS Schönfeld-Weißig;07 StB Loschwitz und OS Schönfeld-Weißig;1 Jahre;160
2025;StB 4 Loschwitz/OS Schönfeld-Weißig;07 StB Loschwitz und OS Schönfeld-Weißig;2 Jahre;170
2025;StB 4 Loschwitz/OS Schönfeld-Weißig;07 StB Loschwitz und OS Schönfeld-Weißig;3 Jahre;220
2025;StB 4 Loschwitz/OS Schönfeld-Weißig;07 StB Loschwitz und OS Schönfeld-Weißig;4 Jahre;280
2025;StB 4 Loschwitz/OS Schönfeld-Weißig;07 StB Loschwitz und OS Schönfeld-Weißig;5 Jahre;276
2025;StB 4 Loschwitz/OS Schönfeld-Weißig;07 StB Loschwitz und OS Schönfeld-Weißig;6 Jahre;300
2025;StB 4 Loschwitz/OS Schönfeld-Weißig;07 StB Loschwitz und OS Schönfeld-Weißig;7 Jahre;334
2025;StB 4 Loschwitz/OS Schönfeld-Weißig;07 StB Loschwitz und OS Schönfeld-Weißig;8 Jahre;363
2025;StB 4 Loschwitz/OS Schönfeld-Weißig;07 StB Loschwitz und OS Schönfeld-Weißig;9 Jahre;396
2025;StB 4 Loschwitz/OS Schönfeld-Weißig;07 StB Loschwitz und OS Schönfeld-Weißig;10 Jahre;386
2025;StB 4 Loschwitz/OS Schönfeld-Weißig;07 StB Loschwitz und OS Schönfeld-Weißig;11 Jahre;395
2025;StB 4 Loschwitz/OS Schönfeld-Weißig;07 StB Loschwitz und OS Schönfeld-Weißig;12 Jahre;395
2025;StB 4 Loschwitz/OS Schönfeld-Weißig;07 StB Loschwitz und OS Schönfeld-Weißig;13 Jahre;408
2025;StB 4 Loschwitz/OS Schönfeld-Weißig;07 StB Loschwitz und OS Schönfeld-Weißig;14 Jahre;408
2025;StB 4 Loschwitz/OS Schönfeld-Weißig;07 StB Loschwitz und OS Schönfeld-Weißig;15 Jahre;397
2025;StB 4 Loschwitz/OS Schönfeld-Weißig;07 StB Loschwitz und OS Schönfeld-Weißig;16 Jahre;420
2025;StB 4 Loschwitz/OS Schönfeld-Weißig;07 StB Loschwitz und OS Schönfeld-Weißig;17 Jahre;424
2025;StB 4 Loschwitz/OS Schönfeld-Weißig;07 StB Loschwitz und OS Schönfeld-Weißig;18 Jahre;421
2025;StB 4 Loschwitz/OS Schönfeld-Weißig;07 StB Loschwitz und OS Schönfeld-Weißig;19 Jahre;346
2025;StB 4 Loschwitz/OS Schönfeld-Weißig;07 StB Loschwitz und OS Schönfeld-Weißig;20 Jahre;267
2025;StB 4 Loschwitz/OS Schönfeld-Weißig;07 StB Loschwitz und OS Schönfeld-Weißig;21 Jahre;245
2025;StB 4 Loschwitz/OS Schönfeld-Weißig;07 StB Loschwitz und OS Schönfeld-Weißig;22 Jahre;240
2025;StB 4 Loschwitz/OS Schönfeld-Weißig;07 StB Loschwitz und OS Schönfeld-Weißig;23 Jahre;197
2025;StB 4 Loschwitz/OS Schönfeld-Weißig;07 StB Loschwitz und OS Schönfeld-Weißig;24 Jahre;205
2025;StB 4 Loschwitz/OS Schönfeld-Weißig;07 StB Loschwitz und OS Schönfeld-Weißig;25 Jahre;194
2025;StB 4 Loschwitz/OS Schönfeld-Weißig;07 StB Loschwitz und OS Schönfeld-Weißig;26 Jahre;190
2025;StB 4 Loschwitz/OS Schönfeld-Weißig;07 StB Loschwitz und OS Schönfeld-Weißig;27 Jahre;180
2025;StB 4 Loschwitz/OS Schönfeld-Weißig;07 StB Loschwitz und OS Schönfeld-Weißig;28 Jahre;177
2025;StB 4 Loschwitz/OS Schönfeld-Weißig;07 StB Loschwitz und OS Schönfeld-Weißig;29 Jahre;161
2025;StB 4 Loschwitz/OS Schönfeld-Weißig;07 StB Loschwitz und OS Schönfeld-Weißig;30 Jahre;161
2025;StB 4 Loschwitz/OS Schönfeld-Weißig;07 StB Loschwitz und OS Schönfeld-Weißig;31 Jahre;153
2025;StB 4 Loschwitz/OS Schönfeld-Weißig;07 StB Loschwitz und OS Schönfeld-Weißig;32 Jahre;188
2025;StB 4 Loschwitz/OS Schönfeld-Weißig;07 StB Loschwitz und OS Schönfeld-Weißig;33 Jahre;176
2025;StB 4 Loschwitz/OS Schönfeld-Weißig;07 StB Loschwitz und OS Schönfeld-Weißig;34 Jahre;224
2025;StB 4 Loschwitz/OS Schönfeld-Weißig;07 StB Loschwitz und OS Schönfeld-Weißig;35 Jahre;311
2025;StB 4 Loschwitz/OS Schönfeld-Weißig;07 StB Loschwitz und OS Schönfeld-Weißig;36 Jahre;368
2025;StB 4 Loschwitz/OS Schönfeld-Weißig;07 StB Loschwitz und OS Schönfeld-Weißig;37 Jahre;398
2025;StB 4 Loschwitz/OS Schönfeld-Weißig;07 StB Loschwitz und OS Schönfeld-Weißig;38 Jahre;398
2025;StB 4 Loschwitz/OS Schönfeld-Weißig;07 StB Loschwitz und OS Schönfeld-Weißig;39 Jahre;363
2025;StB 4 Loschwitz/OS Schönfeld-Weißig;07 StB Loschwitz und OS Schönfeld-Weißig;40 Jahre;414
2025;StB 4 Loschwitz/OS Schönfeld-Weißig;07 StB Loschwitz und OS Schönfeld-Weißig;41 Jahre;414
2025;StB 4 Loschwitz/OS Schönfeld-Weißig;07 StB Loschwitz und OS Schönfeld-Weißig;42 Jahre;427
2025;StB 4 Loschwitz/OS Schönfeld-Weißig;07 StB Loschwitz und OS Schönfeld-Weißig;43 Jahre;484
2025;StB 4 Loschwitz/OS Schönfeld-Weißig;07 StB Loschwitz und OS Schönfeld-Weißig;44 Jahre;436
2025;StB 4 Loschwitz/OS Schönfeld-Weißig;07 StB Loschwitz und OS Schönfeld-Weißig;45 Jahre;492
2025;StB 4 Loschwitz/OS Schönfeld-Weißig;07 StB Loschwitz und OS Schönfeld-Weißig;46 Jahre;533
2025;StB 4 Loschwitz/OS Schönfeld-Weißig;07 StB Loschwitz und OS Schönfeld-Weißig;47 Jahre;508
2025;StB 4 Loschwitz/OS Schönfeld-Weißig;07 StB Loschwitz und OS Schönfeld-Weißig;48 Jahre;520
2025;StB 4 Loschwitz/OS Schönfeld-Weißig;07 StB Loschwitz und OS Schönfeld-Weißig;49 Jahre;517
2025;StB 4 Loschwitz/OS Schönfeld-Weißig;07 StB Loschwitz und OS Schönfeld-Weißig;50 Jahre;466
2025;StB 4 Loschwitz/OS Schönfeld-Weißig;07 StB Loschwitz und OS Schönfeld-Weißig;51 Jahre;483
2025;StB 4 Loschwitz/OS Schönfeld-Weißig;07 StB Loschwitz und OS Schönfeld-Weißig;52 Jahre;440
2025;StB 4 Loschwitz/OS Schönfeld-Weißig;07 StB Loschwitz und OS Schönfeld-Weißig;53 Jahre;492
2025;StB 4 Loschwitz/OS Schönfeld-Weißig;07 StB Loschwitz und OS Schönfeld-Weißig;54 Jahre;539
2025;StB 4 Loschwitz/OS Schönfeld-Weißig;07 StB Loschwitz und OS Schönfeld-Weißig;55 Jahre;562
2025;StB 4 Loschwitz/OS Schönfeld-Weißig;07 StB Loschwitz und OS Schönfeld-Weißig;56 Jahre;553
2025;StB 4 Loschwitz/OS Schönfeld-Weißig;07 StB Loschwitz und OS Schönfeld-Weißig;57 Jahre;515
2025;StB 4 Loschwitz/OS Schönfeld-Weißig;07 StB Loschwitz und OS Schönfeld-Weißig;58 Jahre;576
2025;StB 4 Loschwitz/OS Schönfeld-Weißig;07 StB Loschwitz und OS Schönfeld-Weißig;59 Jahre;544
2025;StB 4 Loschwitz/OS Schönfeld-Weißig;07 StB Loschwitz und OS Schönfeld-Weißig;60 Jahre;600
2025;StB 4 Loschwitz/OS Schönfeld-Weißig;07 StB Loschwitz und OS Schönfeld-Weißig;61 Jahre;561
2025;StB 4 Loschwitz/OS Schönfeld-Weißig;07 StB Loschwitz und OS Schönfeld-Weißig;62 Jahre;577
2025;StB 4 Loschwitz/OS Schönfeld-Weißig;07 StB Loschwitz und OS Schönfeld-Weißig;63 Jahre;535
2025;StB 4 Loschwitz/OS Schönfeld-Weißig;07 StB Loschwitz und OS Schönfeld-Weißig;64 Jahre;494
2025;StB 4 Loschwitz/OS Schönfeld-Weißig;07 StB Loschwitz und OS Schönfeld-Weißig;65 Jahre;473
2025;StB 4 Loschwitz/OS Schönfeld-Weißig;07 StB Loschwitz und OS Schönfeld-Weißig;66 Jahre;457
2025;StB 4 Loschwitz/OS Schönfeld-Weißig;07 StB Loschwitz und OS Schönfeld-Weißig;67 Jahre;403
2025;StB 4 Loschwitz/OS Schönfeld-Weißig;07 StB Loschwitz und OS Schönfeld-Weißig;68 Jahre;377
2025;StB 4 Loschwitz/OS Schönfeld-Weißig;07 StB Loschwitz und OS Schönfeld-Weißig;69 Jahre;378
2025;StB 4 Loschwitz/OS Schönfeld-Weißig;07 StB Loschwitz und OS Schönfeld-Weißig;70 Jahre;425
2025;StB 4 Loschwitz/OS Schönfeld-Weißig;07 StB Loschwitz und OS Schönfeld-Weißig;71 Jahre;415
2025;StB 4 Loschwitz/OS Schönfeld-Weißig;07 StB Loschwitz und OS Schönfeld-Weißig;72 Jahre;430
2025;StB 4 Loschwitz/OS Schönfeld-Weißig;07 StB Loschwitz und OS Schönfeld-Weißig;73 Jahre;406
2025;StB 4 Loschwitz/OS Schönfeld-Weißig;07 StB Loschwitz und OS Schönfeld-Weißig;74 Jahre;419
2025;StB 4 Loschwitz/OS Schönfeld-Weißig;07 StB Loschwitz und OS Schönfeld-Weißig;75 Jahre;391
2025;StB 4 Loschwitz/OS Schönfeld-Weißig;07 StB Loschwitz und OS Schönfeld-Weißig;76 Jahre;325
2025;StB 4 Loschwitz/OS Schönfeld-Weißig;07 StB Loschwitz und OS Schönfeld-Weißig;77 Jahre;253
2025;StB 4 Loschwitz/OS Schönfeld-Weißig;07 StB Loschwitz und OS Schönfeld-Weißig;78 Jahre;293
2025;StB 4 Loschwitz/OS Schönfeld-Weißig;07 StB Loschwitz und OS Schönfeld-Weißig;79 Jahre;219
2025;StB 4 Loschwitz/OS Schönfeld-Weißig;07 StB Loschwitz und OS Schönfeld-Weißig;80 Jahre;251
2025;StB 4 Loschwitz/OS Schönfeld-Weißig;07 StB Loschwitz und OS Schönfeld-Weißig;81 Jahre;341
2025;StB 4 Loschwitz/OS Schönfeld-Weißig;07 StB Loschwitz und OS Schönfeld-Weißig;82 Jahre;348
2025;StB 4 Loschwitz/OS Schönfeld-Weißig;07 StB Loschwitz und OS Schönfeld-Weißig;83 Jahre;316
2025;StB 4 Loschwitz/OS Schönfeld-Weißig;07 StB Loschwitz und OS Schönfeld-Weißig;84 Jahre;330
2025;StB 4 Loschwitz/OS Schönfeld-Weißig;07 StB Loschwitz und OS Schönfeld-Weißig;85 Jahre u.älter;1721
2025;StB 5 Blasewitz;08 Blasewitz, Striesen;0 Jahre;352
2025;StB 5 Blasewitz;08 Blasewitz, Striesen;1 Jahre;383
2025;StB 5 Blasewitz;08 Blasewitz, Striesen;2 Jahre;390
2025;StB 5 Blasewitz;08 Blasewitz, Striesen;3 Jahre;441
2025;StB 5 Blasewitz;08 Blasewitz, Striesen;4 Jahre;458
2025;StB 5 Blasewitz;08 Blasewitz, Striesen;5 Jahre;497
2025;StB 5 Blasewitz;08 Blasewitz, Striesen;6 Jahre;514
2025;StB 5 Blasewitz;08 Blasewitz, Striesen;7 Jahre;529
2025;StB 5 Blasewitz;08 Blasewitz, Striesen;8 Jahre;505
2025;StB 5 Blasewitz;08 Blasewitz, Striesen;9 Jahre;565
2025;StB 5 Blasewitz;08 Blasewitz, Striesen;10 Jahre;557
2025;StB 5 Blasewitz;08 Blasewitz, Striesen;11 Jahre;560
2025;StB 5 Blasewitz;08 Blasewitz, Striesen;12 Jahre;506
2025;StB 5 Blasewitz;08 Blasewitz, Striesen;13 Jahre;531
2025;StB 5 Blasewitz;08 Blasewitz, Striesen;14 Jahre;511
2025;StB 5 Blasewitz;08 Blasewitz, Striesen;15 Jahre;498
2025;StB 5 Blasewitz;08 Blasewitz, Striesen;16 Jahre;522
2025;StB 5 Blasewitz;08 Blasewitz, Striesen;17 Jahre;509
2025;StB 5 Blasewitz;08 Blasewitz, Striesen;18 Jahre;511
2025;StB 5 Blasewitz;08 Blasewitz, Striesen;19 Jahre;493
2025;StB 5 Blasewitz;08 Blasewitz, Striesen;20 Jahre;526
2025;StB 5 Blasewitz;08 Blasewitz, Striesen;21 Jahre;554
2025;StB 5 Blasewitz;08 Blasewitz, Striesen;22 Jahre;580
2025;StB 5 Blasewitz;08 Blasewitz, Striesen;23 Jahre;601
2025;StB 5 Blasewitz;08 Blasewitz, Striesen;24 Jahre;581
2025;StB 5 Blasewitz;08 Blasewitz, Striesen;25 Jahre;713
2025;StB 5 Blasewitz;08 Blasewitz, Striesen;26 Jahre;684
2025;StB 5 Blasewitz;08 Blasewitz, Striesen;27 Jahre;707
2025;StB 5 Blasewitz;08 Blasewitz, Striesen;28 Jahre;686
2025;StB 5 Blasewitz;08 Blasewitz, Striesen;29 Jahre;618
2025;StB 5 Blasewitz;08 Blasewitz, Striesen;30 Jahre;609
2025;StB 5 Blasewitz;08 Blasewitz, Striesen;31 Jahre;579
2025;StB 5 Blasewitz;08 Blasewitz, Striesen;32 Jahre;552
2025;StB 5 Blasewitz;08 Blasewitz, Striesen;33 Jahre;545
2025;StB 5 Blasewitz;08 Blasewitz, Striesen;34 Jahre;640
2025;StB 5 Blasewitz;08 Blasewitz, Striesen;35 Jahre;882
2025;StB 5 Blasewitz;08 Blasewitz, Striesen;36 Jahre;870
2025;StB 5 Blasewitz;08 Blasewitz, Striesen;37 Jahre;844
2025;StB 5 Blasewitz;08 Blasewitz, Striesen;38 Jahre;857
2025;StB 5 Blasewitz;08 Blasewitz, Striesen;39 Jahre;799
2025;StB 5 Blasewitz;08 Blasewitz, Striesen;40 Jahre;803
2025;StB 5 Blasewitz;08 Blasewitz, Striesen;41 Jahre;763
2025;StB 5 Blasewitz;08 Blasewitz, Striesen;42 Jahre;779
2025;StB 5 Blasewitz;08 Blasewitz, Striesen;43 Jahre;815
2025;StB 5 Blasewitz;08 Blasewitz, Striesen;44 Jahre;710
2025;StB 5 Blasewitz;08 Blasewitz, Striesen;45 Jahre;707
2025;StB 5 Blasewitz;08 Blasewitz, Striesen;46 Jahre;712
2025;StB 5 Blasewitz;08 Blasewitz, Striesen;47 Jahre;753
2025;StB 5 Blasewitz;08 Blasewitz, Striesen;48 Jahre;698
2025;StB 5 Blasewitz;08 Blasewitz, Striesen;49 Jahre;678
2025;StB 5 Blasewitz;08 Blasewitz, Striesen;50 Jahre;587
2025;StB 5 Blasewitz;08 Blasewitz, Striesen;51 Jahre;591
2025;StB 5 Blasewitz;08 Blasewitz, Striesen;52 Jahre;609
2025;StB 5 Blasewitz;08 Blasewitz, Striesen;53 Jahre;617
2025;StB 5 Blasewitz;08 Blasewitz, Striesen;54 Jahre;660
2025;StB 5 Blasewitz;08 Blasewitz, Striesen;55 Jahre;661
2025;StB 5 Blasewitz;08 Blasewitz, Striesen;56 Jahre;678
2025;StB 5 Blasewitz;08 Blasewitz, Striesen;57 Jahre;669
2025;StB 5 Blasewitz;08 Blasewitz, Striesen;58 Jahre;667
2025;StB 5 Blasewitz;08 Blasewitz, Striesen;59 Jahre;719
2025;StB 5 Blasewitz;08 Blasewitz, Striesen;60 Jahre;654
2025;StB 5 Blasewitz;08 Blasewitz, Striesen;61 Jahre;656
2025;StB 5 Blasewitz;08 Blasewitz, Striesen;62 Jahre;660
2025;StB 5 Blasewitz;08 Blasewitz, Striesen;63 Jahre;593
2025;StB 5 Blasewitz;08 Blasewitz, Striesen;64 Jahre;610
2025;StB 5 Blasewitz;08 Blasewitz, Striesen;65 Jahre;546
2025;StB 5 Blasewitz;08 Blasewitz, Striesen;66 Jahre;517
2025;StB 5 Blasewitz;08 Blasewitz, Striesen;67 Jahre;452
2025;StB 5 Blasewitz;08 Blasewitz, Striesen;68 Jahre;383
2025;StB 5 Blasewitz;08 Blasewitz, Striesen;69 Jahre;398
2025;StB 5 Blasewitz;08 Blasewitz, Striesen;70 Jahre;426
2025;StB 5 Blasewitz;08 Blasewitz, Striesen;71 Jahre;425
2025;StB 5 Blasewitz;08 Blasewitz, Striesen;72 Jahre;434
2025;StB 5 Blasewitz;08 Blasewitz, Striesen;73 Jahre;424
2025;StB 5 Blasewitz;08 Blasewitz, Striesen;74 Jahre;434
2025;StB 5 Blasewitz;08 Blasewitz, Striesen;75 Jahre;416
2025;StB 5 Blasewitz;08 Blasewitz, Striesen;76 Jahre;347
2025;StB 5 Blasewitz;08 Blasewitz, Striesen;77 Jahre;303
2025;StB 5 Blasewitz;08 Blasewitz, Striesen;78 Jahre;352
2025;StB 5 Blasewitz;08 Blasewitz, Striesen;79 Jahre;231
2025;StB 5 Blasewitz;08 Blasewitz, Striesen;80 Jahre;255
2025;StB 5 Blasewitz;08 Blasewitz, Striesen;81 Jahre;373
2025;StB 5 Blasewitz;08 Blasewitz, Striesen;82 Jahre;443
2025;StB 5 Blasewitz;08 Blasewitz, Striesen;83 Jahre;387
2025;StB 5 Blasewitz;08 Blasewitz, Striesen;84 Jahre;497
2025;StB 5 Blasewitz;08 Blasewitz, Striesen;85 Jahre u.älter;2730
2025;StB 5 Blasewitz;09 Tolkewitz, Seidnitz, Gruna;0 Jahre;178
2025;StB 5 Blasewitz;09 Tolkewitz, Seidnitz, Gruna;1 Jahre;207
2025;StB 5 Blasewitz;09 Tolkewitz, Seidnitz, Gruna;2 Jahre;216
2025;StB 5 Blasewitz;09 Tolkewitz, Seidnitz, Gruna;3 Jahre;235
2025;StB 5 Blasewitz;09 Tolkewitz, Seidnitz, Gruna;4 Jahre;282
2025;StB 5 Blasewitz;09 Tolkewitz, Seidnitz, Gruna;5 Jahre;273
2025;StB 5 Blasewitz;09 Tolkewitz, Seidnitz, Gruna;6 Jahre;292
2025;StB 5 Blasewitz;09 Tolkewitz, Seidnitz, Gruna;7 Jahre;285
2025;StB 5 Blasewitz;09 Tolkewitz, Seidnitz, Gruna;8 Jahre;350
2025;StB 5 Blasewitz;09 Tolkewitz, Seidnitz, Gruna;9 Jahre;379
2025;StB 5 Blasewitz;09 Tolkewitz, Seidnitz, Gruna;10 Jahre;320
2025;StB 5 Blasewitz;09 Tolkewitz, Seidnitz, Gruna;11 Jahre;340
2025;StB 5 Blasewitz;09 Tolkewitz, Seidnitz, Gruna;12 Jahre;325
2025;StB 5 Blasewitz;09 Tolkewitz, Seidnitz, Gruna;13 Jahre;361
2025;StB 5 Blasewitz;09 Tolkewitz, Seidnitz, Gruna;14 Jahre;342
2025;StB 5 Blasewitz;09 Tolkewitz, Seidnitz, Gruna;15 Jahre;344
2025;StB 5 Blasewitz;09 Tolkewitz, Seidnitz, Gruna;16 Jahre;341
2025;StB 5 Blasewitz;09 Tolkewitz, Seidnitz, Gruna;17 Jahre;383
2025;StB 5 Blasewitz;09 Tolkewitz, Seidnitz, Gruna;18 Jahre;341
2025;StB 5 Blasewitz;09 Tolkewitz, Seidnitz, Gruna;19 Jahre;371
2025;StB 5 Blasewitz;09 Tolkewitz, Seidnitz, Gruna;20 Jahre;406
2025;StB 5 Blasewitz;09 Tolkewitz, Seidnitz, Gruna;21 Jahre;389
2025;StB 5 Blasewitz;09 Tolkewitz, Seidnitz, Gruna;22 Jahre;392
2025;StB 5 Blasewitz;09 Tolkewitz, Seidnitz, Gruna;23 Jahre;454
2025;StB 5 Blasewitz;09 Tolkewitz, Seidnitz, Gruna;24 Jahre;445
2025;StB 5 Blasewitz;09 Tolkewitz, Seidnitz, Gruna;25 Jahre;495
2025;StB 5 Blasewitz;09 Tolkewitz, Seidnitz, Gruna;26 Jahre;463
2025;StB 5 Blasewitz;09 Tolkewitz, Seidnitz, Gruna;27 Jahre;439
2025;StB 5 Blasewitz;09 Tolkewitz, Seidnitz, Gruna;28 Jahre;432
2025;StB 5 Blasewitz;09 Tolkewitz, Seidnitz, Gruna;29 Jahre;357
2025;StB 5 Blasewitz;09 Tolkewitz, Seidnitz, Gruna;30 Jahre;385
2025;StB 5 Blasewitz;09 Tolkewitz, Seidnitz, Gruna;31 Jahre;361
2025;StB 5 Blasewitz;09 Tolkewitz, Seidnitz, Gruna;32 Jahre;355
2025;StB 5 Blasewitz;09 Tolkewitz, Seidnitz, Gruna;33 Jahre;380
2025;StB 5 Blasewitz;09 Tolkewitz, Seidnitz, Gruna;34 Jahre;392
2025;StB 5 Blasewitz;09 Tolkewitz, Seidnitz, Gruna;35 Jahre;550
2025;StB 5 Blasewitz;09 Tolkewitz, Seidnitz, Gruna;36 Jahre;554
2025;StB 5 Blasewitz;09 Tolkewitz, Seidnitz, Gruna;37 Jahre;571
2025;StB 5 Blasewitz;09 Tolkewitz, Seidnitz, Gruna;38 Jahre;614
2025;StB 5 Blasewitz;09 Tolkewitz, Seidnitz, Gruna;39 Jahre;560
2025;StB 5 Blasewitz;09 Tolkewitz, Seidnitz, Gruna;40 Jahre;526
2025;StB 5 Blasewitz;09 Tolkewitz, Seidnitz, Gruna;41 Jahre;503
2025;StB 5 Blasewitz;09 Tolkewitz, Seidnitz, Gruna;42 Jahre;487
2025;StB 5 Blasewitz;09 Tolkewitz, Seidnitz, Gruna;43 Jahre;484
2025;StB 5 Blasewitz;09 Tolkewitz, Seidnitz, Gruna;44 Jahre;512
2025;StB 5 Blasewitz;09 Tolkewitz, Seidnitz, Gruna;45 Jahre;496
2025;StB 5 Blasewitz;09 Tolkewitz, Seidnitz, Gruna;46 Jahre;466
2025;StB 5 Blasewitz;09 Tolkewitz, Seidnitz, Gruna;47 Jahre;461
2025;StB 5 Blasewitz;09 Tolkewitz, Seidnitz, Gruna;48 Jahre;477
2025;StB 5 Blasewitz;09 Tolkewitz, Seidnitz, Gruna;49 Jahre;423
2025;StB 5 Blasewitz;09 Tolkewitz, Seidnitz, Gruna;50 Jahre;409
2025;StB 5 Blasewitz;09 Tolkewitz, Seidnitz, Gruna;51 Jahre;401
2025;StB 5 Blasewitz;09 Tolkewitz, Seidnitz, Gruna;52 Jahre;404
2025;StB 5 Blasewitz;09 Tolkewitz, Seidnitz, Gruna;53 Jahre;394
2025;StB 5 Blasewitz;09 Tolkewitz, Seidnitz, Gruna;54 Jahre;448
2025;StB 5 Blasewitz;09 Tolkewitz, Seidnitz, Gruna;55 Jahre;475
2025;StB 5 Blasewitz;09 Tolkewitz, Seidnitz, Gruna;56 Jahre;482
2025;StB 5 Blasewitz;09 Tolkewitz, Seidnitz, Gruna;57 Jahre;455
2025;StB 5 Blasewitz;09 Tolkewitz, Seidnitz, Gruna;58 Jahre;480
2025;StB 5 Blasewitz;09 Tolkewitz, Seidnitz, Gruna;59 Jahre;518
2025;StB 5 Blasewitz;09 Tolkewitz, Seidnitz, Gruna;60 Jahre;548
2025;StB 5 Blasewitz;09 Tolkewitz, Seidnitz, Gruna;61 Jahre;531
2025;StB 5 Blasewitz;09 Tolkewitz, Seidnitz, Gruna;62 Jahre;508
2025;StB 5 Blasewitz;09 Tolkewitz, Seidnitz, Gruna;63 Jahre;518
2025;StB 5 Blasewitz;09 Tolkewitz, Seidnitz, Gruna;64 Jahre;470
2025;StB 5 Blasewitz;09 Tolkewitz, Seidnitz, Gruna;65 Jahre;440
2025;StB 5 Blasewitz;09 Tolkewitz, Seidnitz, Gruna;66 Jahre;437
2025;StB 5 Blasewitz;09 Tolkewitz, Seidnitz, Gruna;67 Jahre;357
2025;StB 5 Blasewitz;09 Tolkewitz, Seidnitz, Gruna;68 Jahre;380
2025;StB 5 Blasewitz;09 Tolkewitz, Seidnitz, Gruna;69 Jahre;389
2025;StB 5 Blasewitz;09 Tolkewitz, Seidnitz, Gruna;70 Jahre;393
2025;StB 5 Blasewitz;09 Tolkewitz, Seidnitz, Gruna;71 Jahre;384
2025;StB 5 Blasewitz;09 Tolkewitz, Seidnitz, Gruna;72 Jahre;400
2025;StB 5 Blasewitz;09 Tolkewitz, Seidnitz, Gruna;73 Jahre;430
2025;StB 5 Blasewitz;09 Tolkewitz, Seidnitz, Gruna;74 Jahre;444
2025;StB 5 Blasewitz;09 Tolkewitz, Seidnitz, Gruna;75 Jahre;440
2025;StB 5 Blasewitz;09 Tolkewitz, Seidnitz, Gruna;76 Jahre;373
2025;StB 5 Blasewitz;09 Tolkewitz, Seidnitz, Gruna;77 Jahre;294
2025;StB 5 Blasewitz;09 Tolkewitz, Seidnitz, Gruna;78 Jahre;364
2025;StB 5 Blasewitz;09 Tolkewitz, Seidnitz, Gruna;79 Jahre;286
2025;StB 5 Blasewitz;09 Tolkewitz, Seidnitz, Gruna;80 Jahre;344
2025;StB 5 Blasewitz;09 Tolkewitz, Seidnitz, Gruna;81 Jahre;455
2025;StB 5 Blasewitz;09 Tolkewitz, Seidnitz, Gruna;82 Jahre;489
2025;StB 5 Blasewitz;09 Tolkewitz, Seidnitz, Gruna;83 Jahre;408
2025;StB 5 Blasewitz;09 Tolkewitz, Seidnitz, Gruna;84 Jahre;440
2025;StB 5 Blasewitz;09 Tolkewitz, Seidnitz, Gruna;85 Jahre u.älter;2299
2025;StB 6 Leuben;10 StB Leuben;0 Jahre;185
2025;StB 6 Leuben;10 StB Leuben;1 Jahre;220
2025;StB 6 Leuben;10 StB Leuben;2 Jahre;219
2025;StB 6 Leuben;10 StB Leuben;3 Jahre;242
2025;StB 6 Leuben;10 StB Leuben;4 Jahre;326
2025;StB 6 Leuben;10 StB Leuben;5 Jahre;323
2025;StB 6 Leuben;10 StB Leuben;6 Jahre;330
2025;StB 6 Leuben;10 StB Leuben;7 Jahre;350
2025;StB 6 Leuben;10 StB Leuben;8 Jahre;370
2025;StB 6 Leuben;10 StB Leuben;9 Jahre;370
2025;StB 6 Leuben;10 StB Leuben;10 Jahre;419
2025;StB 6 Leuben;10 StB Leuben;11 Jahre;364
2025;StB 6 Leuben;10 StB Leuben;12 Jahre;392
2025;StB 6 Leuben;10 StB Leuben;13 Jahre;396
2025;StB 6 Leuben;10 StB Leuben;14 Jahre;352
2025;StB 6 Leuben;10 StB Leuben;15 Jahre;405
2025;StB 6 Leuben;10 StB Leuben;16 Jahre;375
2025;StB 6 Leuben;10 StB Leuben;17 Jahre;398
2025;StB 6 Leuben;10 StB Leuben;18 Jahre;395
2025;StB 6 Leuben;10 StB Leuben;19 Jahre;365
2025;StB 6 Leuben;10 StB Leuben;20 Jahre;379
2025;StB 6 Leuben;10 StB Leuben;21 Jahre;404
2025;StB 6 Leuben;10 StB Leuben;22 Jahre;392
2025;StB 6 Leuben;10 StB Leuben;23 Jahre;354
2025;StB 6 Leuben;10 StB Leuben;24 Jahre;374
2025;StB 6 Leuben;10 StB Leuben;25 Jahre;360
2025;StB 6 Leuben;10 StB Leuben;26 Jahre;362
2025;StB 6 Leuben;10 StB Leuben;27 Jahre;328
2025;StB 6 Leuben;10 StB Leuben;28 Jahre;308
2025;StB 6 Leuben;10 StB Leuben;29 Jahre;276
2025;StB 6 Leuben;10 StB Leuben;30 Jahre;259
2025;StB 6 Leuben;10 StB Leuben;31 Jahre;249
2025;StB 6 Leuben;10 StB Leuben;32 Jahre;292
2025;StB 6 Leuben;10 StB Leuben;33 Jahre;276
2025;StB 6 Leuben;10 StB Leuben;34 Jahre;330
2025;StB 6 Leuben;10 StB Leuben;35 Jahre;468
2025;StB 6 Leuben;10 StB Leuben;36 Jahre;493
2025;StB 6 Leuben;10 StB Leuben;37 Jahre;477
2025;StB 6 Leuben;10 StB Leuben;38 Jahre;519
2025;StB 6 Leuben;10 StB Leuben;39 Jahre;522
2025;StB 6 Leuben;10 StB Leuben;40 Jahre;586
2025;StB 6 Leuben;10 StB Leuben;41 Jahre;495
2025;StB 6 Leuben;10 StB Leuben;42 Jahre;534
2025;StB 6 Leuben;10 StB Leuben;43 Jahre;517
2025;StB 6 Leuben;10 StB Leuben;44 Jahre;525
2025;StB 6 Leuben;10 StB Leuben;45 Jahre;533
2025;StB 6 Leuben;10 StB Leuben;46 Jahre;500
2025;StB 6 Leuben;10 StB Leuben;47 Jahre;557
2025;StB 6 Leuben;10 StB Leuben;48 Jahre;496
2025;StB 6 Leuben;10 StB Leuben;49 Jahre;503
2025;StB 6 Leuben;10 StB Leuben;50 Jahre;459
2025;StB 6 Leuben;10 StB Leuben;51 Jahre;449
2025;StB 6 Leuben;10 StB Leuben;52 Jahre;462
2025;StB 6 Leuben;10 StB Leuben;53 Jahre;491
2025;StB 6 Leuben;10 StB Leuben;54 Jahre;545
2025;StB 6 Leuben;10 StB Leuben;55 Jahre;573
2025;StB 6 Leuben;10 StB Leuben;56 Jahre;576
2025;StB 6 Leuben;10 StB Leuben;57 Jahre;629
2025;StB 6 Leuben;10 StB Leuben;58 Jahre;617
2025;StB 6 Leuben;10 StB Leuben;59 Jahre;612
2025;StB 6 Leuben;10 StB Leuben;60 Jahre;571
2025;StB 6 Leuben;10 StB Leuben;61 Jahre;609
2025;StB 6 Leuben;10 StB Leuben;62 Jahre;594
2025;StB 6 Leuben;10 StB Leuben;63 Jahre;586
2025;StB 6 Leuben;10 StB Leuben;64 Jahre;576
2025;StB 6 Leuben;10 StB Leuben;65 Jahre;514
2025;StB 6 Leuben;10 StB Leuben;66 Jahre;513
2025;StB 6 Leuben;10 StB Leuben;67 Jahre;405
2025;StB 6 Leuben;10 StB Leuben;68 Jahre;406
2025;StB 6 Leuben;10 StB Leuben;69 Jahre;438
2025;StB 6 Leuben;10 StB Leuben;70 Jahre;458
2025;StB 6 Leuben;10 StB Leuben;71 Jahre;497
2025;StB 6 Leuben;10 StB Leuben;72 Jahre;487
2025;StB 6 Leuben;10 StB Leuben;73 Jahre;510
2025;StB 6 Leuben;10 StB Leuben;74 Jahre;483
2025;StB 6 Leuben;10 StB Leuben;75 Jahre;532
2025;StB 6 Leuben;10 StB Leuben;76 Jahre;425
2025;StB 6 Leuben;10 StB Leuben;77 Jahre;389
2025;StB 6 Leuben;10 StB Leuben;78 Jahre;362
2025;StB 6 Leuben;10 StB Leuben;79 Jahre;283
2025;StB 6 Leuben;10 StB Leuben;80 Jahre;372
2025;StB 6 Leuben;10 StB Leuben;81 Jahre;473
2025;StB 6 Leuben;10 StB Leuben;82 Jahre;504
2025;StB 6 Leuben;10 StB Leuben;83 Jahre;470
2025;StB 6 Leuben;10 StB Leuben;84 Jahre;537
2025;StB 6 Leuben;10 StB Leuben;85 Jahre u.älter;2234
2025;StB 7 Prohlis;11 Prohlis, Reick (mit Sternhäuser, Am Koitschgraben);0 Jahre;171
2025;StB 7 Prohlis;11 Prohlis, Reick (mit Sternhäuser, Am Koitschgraben);1 Jahre;190
2025;StB 7 Prohlis;11 Prohlis, Reick (mit Sternhäuser, Am Koitschgraben);2 Jahre;198
2025;StB 7 Prohlis;11 Prohlis, Reick (mit Sternhäuser, Am Koitschgraben);3 Jahre;220
2025;StB 7 Prohlis;11 Prohlis, Reick (mit Sternhäuser, Am Koitschgraben);4 Jahre;241
2025;StB 7 Prohlis;11 Prohlis, Reick (mit Sternhäuser, Am Koitschgraben);5 Jahre;254
2025;StB 7 Prohlis;11 Prohlis, Reick (mit Sternhäuser, Am Koitschgraben);6 Jahre;228
2025;StB 7 Prohlis;11 Prohlis, Reick (mit Sternhäuser, Am Koitschgraben);7 Jahre;249
2025;StB 7 Prohlis;11 Prohlis, Reick (mit Sternhäuser, Am Koitschgraben);8 Jahre;267
2025;StB 7 Prohlis;11 Prohlis, Reick (mit Sternhäuser, Am Koitschgraben);9 Jahre;282
2025;StB 7 Prohlis;11 Prohlis, Reick (mit Sternhäuser, Am Koitschgraben);10 Jahre;255
2025;StB 7 Prohlis;11 Prohlis, Reick (mit Sternhäuser, Am Koitschgraben);11 Jahre;278
2025;StB 7 Prohlis;11 Prohlis, Reick (mit Sternhäuser, Am Koitschgraben);12 Jahre;313
2025;StB 7 Prohlis;11 Prohlis, Reick (mit Sternhäuser, Am Koitschgraben);13 Jahre;305
2025;StB 7 Prohlis;11 Prohlis, Reick (mit Sternhäuser, Am Koitschgraben);14 Jahre;276
2025;StB 7 Prohlis;11 Prohlis, Reick (mit Sternhäuser, Am Koitschgraben);15 Jahre;290
2025;StB 7 Prohlis;11 Prohlis, Reick (mit Sternhäuser, Am Koitschgraben);16 Jahre;243
2025;StB 7 Prohlis;11 Prohlis, Reick (mit Sternhäuser, Am Koitschgraben);17 Jahre;282
2025;StB 7 Prohlis;11 Prohlis, Reick (mit Sternhäuser, Am Koitschgraben);18 Jahre;288
2025;StB 7 Prohlis;11 Prohlis, Reick (mit Sternhäuser, Am Koitschgraben);19 Jahre;319
2025;StB 7 Prohlis;11 Prohlis, Reick (mit Sternhäuser, Am Koitschgraben);20 Jahre;310
2025;StB 7 Prohlis;11 Prohlis, Reick (mit Sternhäuser, Am Koitschgraben);21 Jahre;308
2025;StB 7 Prohlis;11 Prohlis, Reick (mit Sternhäuser, Am Koitschgraben);22 Jahre;274
2025;StB 7 Prohlis;11 Prohlis, Reick (mit Sternhäuser, Am Koitschgraben);23 Jahre;284
2025;StB 7 Prohlis;11 Prohlis, Reick (mit Sternhäuser, Am Koitschgraben);24 Jahre;301
2025;StB 7 Prohlis;11 Prohlis, Reick (mit Sternhäuser, Am Koitschgraben);25 Jahre;297
2025;StB 7 Prohlis;11 Prohlis, Reick (mit Sternhäuser, Am Koitschgraben);26 Jahre;341
2025;StB 7 Prohlis;11 Prohlis, Reick (mit Sternhäuser, Am Koitschgraben);27 Jahre;274
2025;StB 7 Prohlis;11 Prohlis, Reick (mit Sternhäuser, Am Koitschgraben);28 Jahre;280
2025;StB 7 Prohlis;11 Prohlis, Reick (mit Sternhäuser, Am Koitschgraben);29 Jahre;283
2025;StB 7 Prohlis;11 Prohlis, Reick (mit Sternhäuser, Am Koitschgraben);30 Jahre;245
2025;StB 7 Prohlis;11 Prohlis, Reick (mit Sternhäuser, Am Koitschgraben);31 Jahre;265
2025;StB 7 Prohlis;11 Prohlis, Reick (mit Sternhäuser, Am Koitschgraben);32 Jahre;299
2025;StB 7 Prohlis;11 Prohlis, Reick (mit Sternhäuser, Am Koitschgraben);33 Jahre;299
2025;StB 7 Prohlis;11 Prohlis, Reick (mit Sternhäuser, Am Koitschgraben);34 Jahre;312
2025;StB 7 Prohlis;11 Prohlis, Reick (mit Sternhäuser, Am Koitschgraben);35 Jahre;351
2025;StB 7 Prohlis;11 Prohlis, Reick (mit Sternhäuser, Am Koitschgraben);36 Jahre;351
2025;StB 7 Prohlis;11 Prohlis, Reick (mit Sternhäuser, Am Koitschgraben);37 Jahre;355
2025;StB 7 Prohlis;11 Prohlis, Reick (mit Sternhäuser, Am Koitschgraben);38 Jahre;366
2025;StB 7 Prohlis;11 Prohlis, Reick (mit Sternhäuser, Am Koitschgraben);39 Jahre;338
2025;StB 7 Prohlis;11 Prohlis, Reick (mit Sternhäuser, Am Koitschgraben);40 Jahre;333
2025;StB 7 Prohlis;11 Prohlis, Reick (mit Sternhäuser, Am Koitschgraben);41 Jahre;365
2025;StB 7 Prohlis;11 Prohlis, Reick (mit Sternhäuser, Am Koitschgraben);42 Jahre;332
2025;StB 7 Prohlis;11 Prohlis, Reick (mit Sternhäuser, Am Koitschgraben);43 Jahre;342
2025;StB 7 Prohlis;11 Prohlis, Reick (mit Sternhäuser, Am Koitschgraben);44 Jahre;332
2025;StB 7 Prohlis;11 Prohlis, Reick (mit Sternhäuser, Am Koitschgraben);45 Jahre;308
2025;StB 7 Prohlis;11 Prohlis, Reick (mit Sternhäuser, Am Koitschgraben);46 Jahre;306
2025;StB 7 Prohlis;11 Prohlis, Reick (mit Sternhäuser, Am Koitschgraben);47 Jahre;288
2025;StB 7 Prohlis;11 Prohlis, Reick (mit Sternhäuser, Am Koitschgraben);48 Jahre;282
2025;StB 7 Prohlis;11 Prohlis, Reick (mit Sternhäuser, Am Koitschgraben);49 Jahre;261
2025;StB 7 Prohlis;11 Prohlis, Reick (mit Sternhäuser, Am Koitschgraben);50 Jahre;262
2025;StB 7 Prohlis;11 Prohlis, Reick (mit Sternhäuser, Am Koitschgraben);51 Jahre;251
2025;StB 7 Prohlis;11 Prohlis, Reick (mit Sternhäuser, Am Koitschgraben);52 Jahre;207
2025;StB 7 Prohlis;11 Prohlis, Reick (mit Sternhäuser, Am Koitschgraben);53 Jahre;248
2025;StB 7 Prohlis;11 Prohlis, Reick (mit Sternhäuser, Am Koitschgraben);54 Jahre;273
2025;StB 7 Prohlis;11 Prohlis, Reick (mit Sternhäuser, Am Koitschgraben);55 Jahre;285
2025;StB 7 Prohlis;11 Prohlis, Reick (mit Sternhäuser, Am Koitschgraben);56 Jahre;238
2025;StB 7 Prohlis;11 Prohlis, Reick (mit Sternhäuser, Am Koitschgraben);57 Jahre;264
2025;StB 7 Prohlis;11 Prohlis, Reick (mit Sternhäuser, Am Koitschgraben);58 Jahre;265
2025;StB 7 Prohlis;11 Prohlis, Reick (mit Sternhäuser, Am Koitschgraben);59 Jahre;279
2025;StB 7 Prohlis;11 Prohlis, Reick (mit Sternhäuser, Am Koitschgraben);60 Jahre;280
2025;StB 7 Prohlis;11 Prohlis, Reick (mit Sternhäuser, Am Koitschgraben);61 Jahre;284
2025;StB 7 Prohlis;11 Prohlis, Reick (mit Sternhäuser, Am Koitschgraben);62 Jahre;278
2025;StB 7 Prohlis;11 Prohlis, Reick (mit Sternhäuser, Am Koitschgraben);63 Jahre;275
2025;StB 7 Prohlis;11 Prohlis, Reick (mit Sternhäuser, Am Koitschgraben);64 Jahre;291
2025;StB 7 Prohlis;11 Prohlis, Reick (mit Sternhäuser, Am Koitschgraben);65 Jahre;302
2025;StB 7 Prohlis;11 Prohlis, Reick (mit Sternhäuser, Am Koitschgraben);66 Jahre;276
2025;StB 7 Prohlis;11 Prohlis, Reick (mit Sternhäuser, Am Koitschgraben);67 Jahre;260
2025;StB 7 Prohlis;11 Prohlis, Reick (mit Sternhäuser, Am Koitschgraben);68 Jahre;269
2025;StB 7 Prohlis;11 Prohlis, Reick (mit Sternhäuser, Am Koitschgraben);69 Jahre;292
2025;StB 7 Prohlis;11 Prohlis, Reick (mit Sternhäuser, Am Koitschgraben);70 Jahre;293
2025;StB 7 Prohlis;11 Prohlis, Reick (mit Sternhäuser, Am Koitschgraben);71 Jahre;282
2025;StB 7 Prohlis;11 Prohlis, Reick (mit Sternhäuser, Am Koitschgraben);72 Jahre;310
2025;StB 7 Prohlis;11 Prohlis, Reick (mit Sternhäuser, Am Koitschgraben);73 Jahre;328
2025;StB 7 Prohlis;11 Prohlis, Reick (mit Sternhäuser, Am Koitschgraben);74 Jahre;371
2025;StB 7 Prohlis;11 Prohlis, Reick (mit Sternhäuser, Am Koitschgraben);75 Jahre;307
2025;StB 7 Prohlis;11 Prohlis, Reick (mit Sternhäuser, Am Koitschgraben);76 Jahre;301
2025;StB 7 Prohlis;11 Prohlis, Reick (mit Sternhäuser, Am Koitschgraben);77 Jahre;227
2025;StB 7 Prohlis;11 Prohlis, Reick (mit Sternhäuser, Am Koitschgraben);78 Jahre;244
2025;StB 7 Prohlis;11 Prohlis, Reick (mit Sternhäuser, Am Koitschgraben);79 Jahre;183
2025;StB 7 Prohlis;11 Prohlis, Reick (mit Sternhäuser, Am Koitschgraben);80 Jahre;215
2025;StB 7 Prohlis;11 Prohlis, Reick (mit Sternhäuser, Am Koitschgraben);81 Jahre;265
2025;StB 7 Prohlis;11 Prohlis, Reick (mit Sternhäuser, Am Koitschgraben);82 Jahre;241
2025;StB 7 Prohlis;11 Prohlis, Reick (mit Sternhäuser, Am Koitschgraben);83 Jahre;229
2025;StB 7 Prohlis;11 Prohlis, Reick (mit Sternhäuser, Am Koitschgraben);84 Jahre;236
2025;StB 7 Prohlis;11 Prohlis, Reick (mit Sternhäuser, Am Koitschgraben);85 Jahre u.älter;1193
2025;StB 7 Prohlis;12 Niedersedlitz, Leubnitz, Strehlen (ohne Sternhäuser, Am Koitschgraben);0 Jahre;166
2025;StB 7 Prohlis;12 Niedersedlitz, Leubnitz, Strehlen (ohne Sternhäuser, Am Koitschgraben);1 Jahre;233
2025;StB 7 Prohlis;12 Niedersedlitz, Leubnitz, Strehlen (ohne Sternhäuser, Am Koitschgraben);2 Jahre;238
2025;StB 7 Prohlis;12 Niedersedlitz, Leubnitz, Strehlen (ohne Sternhäuser, Am Koitschgraben);3 Jahre;247
2025;StB 7 Prohlis;12 Niedersedlitz, Leubnitz, Strehlen (ohne Sternhäuser, Am Koitschgraben);4 Jahre;302
2025;StB 7 Prohlis;12 Niedersedlitz, Leubnitz, Strehlen (ohne Sternhäuser, Am Koitschgraben);5 Jahre;306
2025;StB 7 Prohlis;12 Niedersedlitz, Leubnitz, Strehlen (ohne Sternhäuser, Am Koitschgraben);6 Jahre;313
2025;StB 7 Prohlis;12 Niedersedlitz, Leubnitz, Strehlen (ohne Sternhäuser, Am Koitschgraben);7 Jahre;321
2025;StB 7 Prohlis;12 Niedersedlitz, Leubnitz, Strehlen (ohne Sternhäuser, Am Koitschgraben);8 Jahre;335
2025;StB 7 Prohlis;12 Niedersedlitz, Leubnitz, Strehlen (ohne Sternhäuser, Am Koitschgraben);9 Jahre;364
2025;StB 7 Prohlis;12 Niedersedlitz, Leubnitz, Strehlen (ohne Sternhäuser, Am Koitschgraben);10 Jahre;336
2025;StB 7 Prohlis;12 Niedersedlitz, Leubnitz, Strehlen (ohne Sternhäuser, Am Koitschgraben);11 Jahre;367
2025;StB 7 Prohlis;12 Niedersedlitz, Leubnitz, Strehlen (ohne Sternhäuser, Am Koitschgraben);12 Jahre;398
2025;StB 7 Prohlis;12 Niedersedlitz, Leubnitz, Strehlen (ohne Sternhäuser, Am Koitschgraben);13 Jahre;383
2025;StB 7 Prohlis;12 Niedersedlitz, Leubnitz, Strehlen (ohne Sternhäuser, Am Koitschgraben);14 Jahre;322
2025;StB 7 Prohlis;12 Niedersedlitz, Leubnitz, Strehlen (ohne Sternhäuser, Am Koitschgraben);15 Jahre;379
2025;StB 7 Prohlis;12 Niedersedlitz, Leubnitz, Strehlen (ohne Sternhäuser, Am Koitschgraben);16 Jahre;374
2025;StB 7 Prohlis;12 Niedersedlitz, Leubnitz, Strehlen (ohne Sternhäuser, Am Koitschgraben);17 Jahre;372
2025;StB 7 Prohlis;12 Niedersedlitz, Leubnitz, Strehlen (ohne Sternhäuser, Am Koitschgraben);18 Jahre;395
2025;StB 7 Prohlis;12 Niedersedlitz, Leubnitz, Strehlen (ohne Sternhäuser, Am Koitschgraben);19 Jahre;357
2025;StB 7 Prohlis;12 Niedersedlitz, Leubnitz, Strehlen (ohne Sternhäuser, Am Koitschgraben);20 Jahre;387
2025;StB 7 Prohlis;12 Niedersedlitz, Leubnitz, Strehlen (ohne Sternhäuser, Am Koitschgraben);21 Jahre;374
2025;StB 7 Prohlis;12 Niedersedlitz, Leubnitz, Strehlen (ohne Sternhäuser, Am Koitschgraben);22 Jahre;436
2025;StB 7 Prohlis;12 Niedersedlitz, Leubnitz, Strehlen (ohne Sternhäuser, Am Koitschgraben);23 Jahre;403
2025;StB 7 Prohlis;12 Niedersedlitz, Leubnitz, Strehlen (ohne Sternhäuser, Am Koitschgraben);24 Jahre;378
2025;StB 7 Prohlis;12 Niedersedlitz, Leubnitz, Strehlen (ohne Sternhäuser, Am Koitschgraben);25 Jahre;446
2025;StB 7 Prohlis;12 Niedersedlitz, Leubnitz, Strehlen (ohne Sternhäuser, Am Koitschgraben);26 Jahre;422
2025;StB 7 Prohlis;12 Niedersedlitz, Leubnitz, Strehlen (ohne Sternhäuser, Am Koitschgraben);27 Jahre;383
2025;StB 7 Prohlis;12 Niedersedlitz, Leubnitz, Strehlen (ohne Sternhäuser, Am Koitschgraben);28 Jahre;394
2025;StB 7 Prohlis;12 Niedersedlitz, Leubnitz, Strehlen (ohne Sternhäuser, Am Koitschgraben);29 Jahre;355
2025;StB 7 Prohlis;12 Niedersedlitz, Leubnitz, Strehlen (ohne Sternhäuser, Am Koitschgraben);30 Jahre;332
2025;StB 7 Prohlis;12 Niedersedlitz, Leubnitz, Strehlen (ohne Sternhäuser, Am Koitschgraben);31 Jahre;292
2025;StB 7 Prohlis;12 Niedersedlitz, Leubnitz, Strehlen (ohne Sternhäuser, Am Koitschgraben);32 Jahre;290
2025;StB 7 Prohlis;12 Niedersedlitz, Leubnitz, Strehlen (ohne Sternhäuser, Am Koitschgraben);33 Jahre;319
2025;StB 7 Prohlis;12 Niedersedlitz, Leubnitz, Strehlen (ohne Sternhäuser, Am Koitschgraben);34 Jahre;313
2025;StB 7 Prohlis;12 Niedersedlitz, Leubnitz, Strehlen (ohne Sternhäuser, Am Koitschgraben);35 Jahre;433
2025;StB 7 Prohlis;12 Niedersedlitz, Leubnitz, Strehlen (ohne Sternhäuser, Am Koitschgraben);36 Jahre;448
2025;StB 7 Prohlis;12 Niedersedlitz, Leubnitz, Strehlen (ohne Sternhäuser, Am Koitschgraben);37 Jahre;479
2025;StB 7 Prohlis;12 Niedersedlitz, Leubnitz, Strehlen (ohne Sternhäuser, Am Koitschgraben);38 Jahre;489
2025;StB 7 Prohlis;12 Niedersedlitz, Leubnitz, Strehlen (ohne Sternhäuser, Am Koitschgraben);39 Jahre;451
2025;StB 7 Prohlis;12 Niedersedlitz, Leubnitz, Strehlen (ohne Sternhäuser, Am Koitschgraben);40 Jahre;542
2025;StB 7 Prohlis;12 Niedersedlitz, Leubnitz, Strehlen (ohne Sternhäuser, Am Koitschgraben);41 Jahre;477
2025;StB 7 Prohlis;12 Niedersedlitz, Leubnitz, Strehlen (ohne Sternhäuser, Am Koitschgraben);42 Jahre;485
2025;StB 7 Prohlis;12 Niedersedlitz, Leubnitz, Strehlen (ohne Sternhäuser, Am Koitschgraben);43 Jahre;490
2025;StB 7 Prohlis;12 Niedersedlitz, Leubnitz, Strehlen (ohne Sternhäuser, Am Koitschgraben);44 Jahre;472
2025;StB 7 Prohlis;12 Niedersedlitz, Leubnitz, Strehlen (ohne Sternhäuser, Am Koitschgraben);45 Jahre;482
2025;StB 7 Prohlis;12 Niedersedlitz, Leubnitz, Strehlen (ohne Sternhäuser, Am Koitschgraben);46 Jahre;492
2025;StB 7 Prohlis;12 Niedersedlitz, Leubnitz, Strehlen (ohne Sternhäuser, Am Koitschgraben);47 Jahre;478
2025;StB 7 Prohlis;12 Niedersedlitz, Leubnitz, Strehlen (ohne Sternhäuser, Am Koitschgraben);48 Jahre;481
2025;StB 7 Prohlis;12 Niedersedlitz, Leubnitz, Strehlen (ohne Sternhäuser, Am Koitschgraben);49 Jahre;423
2025;StB 7 Prohlis;12 Niedersedlitz, Leubnitz, Strehlen (ohne Sternhäuser, Am Koitschgraben);50 Jahre;397
2025;StB 7 Prohlis;12 Niedersedlitz, Leubnitz, Strehlen (ohne Sternhäuser, Am Koitschgraben);51 Jahre;385
2025;StB 7 Prohlis;12 Niedersedlitz, Leubnitz, Strehlen (ohne Sternhäuser, Am Koitschgraben);52 Jahre;391
2025;StB 7 Prohlis;12 Niedersedlitz, Leubnitz, Strehlen (ohne Sternhäuser, Am Koitschgraben);53 Jahre;429
2025;StB 7 Prohlis;12 Niedersedlitz, Leubnitz, Strehlen (ohne Sternhäuser, Am Koitschgraben);54 Jahre;487
2025;StB 7 Prohlis;12 Niedersedlitz, Leubnitz, Strehlen (ohne Sternhäuser, Am Koitschgraben);55 Jahre;469
2025;StB 7 Prohlis;12 Niedersedlitz, Leubnitz, Strehlen (ohne Sternhäuser, Am Koitschgraben);56 Jahre;492
2025;StB 7 Prohlis;12 Niedersedlitz, Leubnitz, Strehlen (ohne Sternhäuser, Am Koitschgraben);57 Jahre;497
2025;StB 7 Prohlis;12 Niedersedlitz, Leubnitz, Strehlen (ohne Sternhäuser, Am Koitschgraben);58 Jahre;458
2025;StB 7 Prohlis;12 Niedersedlitz, Leubnitz, Strehlen (ohne Sternhäuser, Am Koitschgraben);59 Jahre;566
2025;StB 7 Prohlis;12 Niedersedlitz, Leubnitz, Strehlen (ohne Sternhäuser, Am Koitschgraben);60 Jahre;524
2025;StB 7 Prohlis;12 Niedersedlitz, Leubnitz, Strehlen (ohne Sternhäuser, Am Koitschgraben);61 Jahre;531
2025;StB 7 Prohlis;12 Niedersedlitz, Leubnitz, Strehlen (ohne Sternhäuser, Am Koitschgraben);62 Jahre;531
2025;StB 7 Prohlis;12 Niedersedlitz, Leubnitz, Strehlen (ohne Sternhäuser, Am Koitschgraben);63 Jahre;505
2025;StB 7 Prohlis;12 Niedersedlitz, Leubnitz, Strehlen (ohne Sternhäuser, Am Koitschgraben);64 Jahre;489
2025;StB 7 Prohlis;12 Niedersedlitz, Leubnitz, Strehlen (ohne Sternhäuser, Am Koitschgraben);65 Jahre;459
2025;StB 7 Prohlis;12 Niedersedlitz, Leubnitz, Strehlen (ohne Sternhäuser, Am Koitschgraben);66 Jahre;454
2025;StB 7 Prohlis;12 Niedersedlitz, Leubnitz, Strehlen (ohne Sternhäuser, Am Koitschgraben);67 Jahre;400
2025;StB 7 Prohlis;12 Niedersedlitz, Leubnitz, Strehlen (ohne Sternhäuser, Am Koitschgraben);68 Jahre;363
2025;StB 7 Prohlis;12 Niedersedlitz, Leubnitz, Strehlen (ohne Sternhäuser, Am Koitschgraben);69 Jahre;373
2025;StB 7 Prohlis;12 Niedersedlitz, Leubnitz, Strehlen (ohne Sternhäuser, Am Koitschgraben);70 Jahre;411
2025;StB 7 Prohlis;12 Niedersedlitz, Leubnitz, Strehlen (ohne Sternhäuser, Am Koitschgraben);71 Jahre;415
2025;StB 7 Prohlis;12 Niedersedlitz, Leubnitz, Strehlen (ohne Sternhäuser, Am Koitschgraben);72 Jahre;398
2025;StB 7 Prohlis;12 Niedersedlitz, Leubnitz, Strehlen (ohne Sternhäuser, Am Koitschgraben);73 Jahre;414
2025;StB 7 Prohlis;12 Niedersedlitz, Leubnitz, Strehlen (ohne Sternhäuser, Am Koitschgraben);74 Jahre;382
2025;StB 7 Prohlis;12 Niedersedlitz, Leubnitz, Strehlen (ohne Sternhäuser, Am Koitschgraben);75 Jahre;421
2025;StB 7 Prohlis;12 Niedersedlitz, Leubnitz, Strehlen (ohne Sternhäuser, Am Koitschgraben);76 Jahre;343
2025;StB 7 Prohlis;12 Niedersedlitz, Leubnitz, Strehlen (ohne Sternhäuser, Am Koitschgraben);77 Jahre;248
2025;StB 7 Prohlis;12 Niedersedlitz, Leubnitz, Strehlen (ohne Sternhäuser, Am Koitschgraben);78 Jahre;303
2025;StB 7 Prohlis;12 Niedersedlitz, Leubnitz, Strehlen (ohne Sternhäuser, Am Koitschgraben);79 Jahre;184
2025;StB 7 Prohlis;12 Niedersedlitz, Leubnitz, Strehlen (ohne Sternhäuser, Am Koitschgraben);80 Jahre;261
2025;StB 7 Prohlis;12 Niedersedlitz, Leubnitz, Strehlen (ohne Sternhäuser, Am Koitschgraben);81 Jahre;331
2025;StB 7 Prohlis;12 Niedersedlitz, Leubnitz, Strehlen (ohne Sternhäuser, Am Koitschgraben);82 Jahre;342
2025;StB 7 Prohlis;12 Niedersedlitz, Leubnitz, Strehlen (ohne Sternhäuser, Am Koitschgraben);83 Jahre;318
2025;StB 7 Prohlis;12 Niedersedlitz, Leubnitz, Strehlen (ohne Sternhäuser, Am Koitschgraben);84 Jahre;339
2025;StB 7 Prohlis;12 Niedersedlitz, Leubnitz, Strehlen (ohne Sternhäuser, Am Koitschgraben);85 Jahre u.älter;1545
2025;StB 8 Plauen;13 Südvorstadt, Zschertnitz;0 Jahre;184
2025;StB 8 Plauen;13 Südvorstadt, Zschertnitz;1 Jahre;193
2025;StB 8 Plauen;13 Südvorstadt, Zschertnitz;2 Jahre;193
2025;StB 8 Plauen;13 Südvorstadt, Zschertnitz;3 Jahre;234
2025;StB 8 Plauen;13 Südvorstadt, Zschertnitz;4 Jahre;263
2025;StB 8 Plauen;13 Südvorstadt, Zschertnitz;5 Jahre;245
2025;StB 8 Plauen;13 Südvorstadt, Zschertnitz;6 Jahre;258
2025;StB 8 Plauen;13 Südvorstadt, Zschertnitz;7 Jahre;253
2025;StB 8 Plauen;13 Südvorstadt, Zschertnitz;8 Jahre;290
2025;StB 8 Plauen;13 Südvorstadt, Zschertnitz;9 Jahre;290
2025;StB 8 Plauen;13 Südvorstadt, Zschertnitz;10 Jahre;277
2025;StB 8 Plauen;13 Südvorstadt, Zschertnitz;11 Jahre;267
2025;StB 8 Plauen;13 Südvorstadt, Zschertnitz;12 Jahre;263
2025;StB 8 Plauen;13 Südvorstadt, Zschertnitz;13 Jahre;283
2025;StB 8 Plauen;13 Südvorstadt, Zschertnitz;14 Jahre;286
2025;StB 8 Plauen;13 Südvorstadt, Zschertnitz;15 Jahre;258
2025;StB 8 Plauen;13 Südvorstadt, Zschertnitz;16 Jahre;270
2025;StB 8 Plauen;13 Südvorstadt, Zschertnitz;17 Jahre;271
2025;StB 8 Plauen;13 Südvorstadt, Zschertnitz;18 Jahre;405
2025;StB 8 Plauen;13 Südvorstadt, Zschertnitz;19 Jahre;727
2025;StB 8 Plauen;13 Südvorstadt, Zschertnitz;20 Jahre;892
2025;StB 8 Plauen;13 Südvorstadt, Zschertnitz;21 Jahre;976
2025;StB 8 Plauen;13 Südvorstadt, Zschertnitz;22 Jahre;1017
2025;StB 8 Plauen;13 Südvorstadt, Zschertnitz;23 Jahre;965
2025;StB 8 Plauen;13 Südvorstadt, Zschertnitz;24 Jahre;1035
2025;StB 8 Plauen;13 Südvorstadt, Zschertnitz;25 Jahre;922
2025;StB 8 Plauen;13 Südvorstadt, Zschertnitz;26 Jahre;868
2025;StB 8 Plauen;13 Südvorstadt, Zschertnitz;27 Jahre;795
2025;StB 8 Plauen;13 Südvorstadt, Zschertnitz;28 Jahre;724
2025;StB 8 Plauen;13 Südvorstadt, Zschertnitz;29 Jahre;654
2025;StB 8 Plauen;13 Südvorstadt, Zschertnitz;30 Jahre;550
2025;StB 8 Plauen;13 Südvorstadt, Zschertnitz;31 Jahre;506
2025;StB 8 Plauen;13 Südvorstadt, Zschertnitz;32 Jahre;444
2025;StB 8 Plauen;13 Südvorstadt, Zschertnitz;33 Jahre;443
2025;StB 8 Plauen;13 Südvorstadt, Zschertnitz;34 Jahre;375
2025;StB 8 Plauen;13 Südvorstadt, Zschertnitz;35 Jahre;521
2025;StB 8 Plauen;13 Südvorstadt, Zschertnitz;36 Jahre;444
2025;StB 8 Plauen;13 Südvorstadt, Zschertnitz;37 Jahre;444
2025;StB 8 Plauen;13 Südvorstadt, Zschertnitz;38 Jahre;435
2025;StB 8 Plauen;13 Südvorstadt, Zschertnitz;39 Jahre;402
2025;StB 8 Plauen;13 Südvorstadt, Zschertnitz;40 Jahre;392
2025;StB 8 Plauen;13 Südvorstadt, Zschertnitz;41 Jahre;380
2025;StB 8 Plauen;13 Südvorstadt, Zschertnitz;42 Jahre;358
2025;StB 8 Plauen;13 Südvorstadt, Zschertnitz;43 Jahre;348
2025;StB 8 Plauen;13 Südvorstadt, Zschertnitz;44 Jahre;318
2025;StB 8 Plauen;13 Südvorstadt, Zschertnitz;45 Jahre;321
2025;StB 8 Plauen;13 Südvorstadt, Zschertnitz;46 Jahre;328
2025;StB 8 Plauen;13 Südvorstadt, Zschertnitz;47 Jahre;328
2025;StB 8 Plauen;13 Südvorstadt, Zschertnitz;48 Jahre;306
2025;StB 8 Plauen;13 Südvorstadt, Zschertnitz;49 Jahre;265
2025;StB 8 Plauen;13 Südvorstadt, Zschertnitz;50 Jahre;241
2025;StB 8 Plauen;13 Südvorstadt, Zschertnitz;51 Jahre;235
2025;StB 8 Plauen;13 Südvorstadt, Zschertnitz;52 Jahre;215
2025;StB 8 Plauen;13 Südvorstadt, Zschertnitz;53 Jahre;238
2025;StB 8 Plauen;13 Südvorstadt, Zschertnitz;54 Jahre;242
2025;StB 8 Plauen;13 Südvorstadt, Zschertnitz;55 Jahre;249
2025;StB 8 Plauen;13 Südvorstadt, Zschertnitz;56 Jahre;232
2025;StB 8 Plauen;13 Südvorstadt, Zschertnitz;57 Jahre;270
2025;StB 8 Plauen;13 Südvorstadt, Zschertnitz;58 Jahre;257
2025;StB 8 Plauen;13 Südvorstadt, Zschertnitz;59 Jahre;269
2025;StB 8 Plauen;13 Südvorstadt, Zschertnitz;60 Jahre;245
2025;StB 8 Plauen;13 Südvorstadt, Zschertnitz;61 Jahre;250
2025;StB 8 Plauen;13 Südvorstadt, Zschertnitz;62 Jahre;289
2025;StB 8 Plauen;13 Südvorstadt, Zschertnitz;63 Jahre;258
2025;StB 8 Plauen;13 Südvorstadt, Zschertnitz;64 Jahre;242
2025;StB 8 Plauen;13 Südvorstadt, Zschertnitz;65 Jahre;255
2025;StB 8 Plauen;13 Südvorstadt, Zschertnitz;66 Jahre;251
2025;StB 8 Plauen;13 Südvorstadt, Zschertnitz;67 Jahre;241
2025;StB 8 Plauen;13 Südvorstadt, Zschertnitz;68 Jahre;210
2025;StB 8 Plauen;13 Südvorstadt, Zschertnitz;69 Jahre;231
2025;StB 8 Plauen;13 Südvorstadt, Zschertnitz;70 Jahre;217
2025;StB 8 Plauen;13 Südvorstadt, Zschertnitz;71 Jahre;265
2025;StB 8 Plauen;13 Südvorstadt, Zschertnitz;72 Jahre;246
2025;StB 8 Plauen;13 Südvorstadt, Zschertnitz;73 Jahre;248
2025;StB 8 Plauen;13 Südvorstadt, Zschertnitz;74 Jahre;290
2025;StB 8 Plauen;13 Südvorstadt, Zschertnitz;75 Jahre;276
2025;StB 8 Plauen;13 Südvorstadt, Zschertnitz;76 Jahre;254
2025;StB 8 Plauen;13 Südvorstadt, Zschertnitz;77 Jahre;219
2025;StB 8 Plauen;13 Südvorstadt, Zschertnitz;78 Jahre;230
2025;StB 8 Plauen;13 Südvorstadt, Zschertnitz;79 Jahre;136
2025;StB 8 Plauen;13 Südvorstadt, Zschertnitz;80 Jahre;222
2025;StB 8 Plauen;13 Südvorstadt, Zschertnitz;81 Jahre;304
2025;StB 8 Plauen;13 Südvorstadt, Zschertnitz;82 Jahre;276
2025;StB 8 Plauen;13 Südvorstadt, Zschertnitz;83 Jahre;236
2025;StB 8 Plauen;13 Südvorstadt, Zschertnitz;84 Jahre;268
2025;StB 8 Plauen;13 Südvorstadt, Zschertnitz;85 Jahre u.älter;1381
2025;StB 8 Plauen;14 Mockritz, Coschütz, Plauen;0 Jahre;110
2025;StB 8 Plauen;14 Mockritz, Coschütz, Plauen;1 Jahre;149
2025;StB 8 Plauen;14 Mockritz, Coschütz, Plauen;2 Jahre;160
2025;StB 8 Plauen;14 Mockritz, Coschütz, Plauen;3 Jahre;152
2025;StB 8 Plauen;14 Mockritz, Coschütz, Plauen;4 Jahre;182
2025;StB 8 Plauen;14 Mockritz, Coschütz, Plauen;5 Jahre;216
2025;StB 8 Plauen;14 Mockritz, Coschütz, Plauen;6 Jahre;195
2025;StB 8 Plauen;14 Mockritz, Coschütz, Plauen;7 Jahre;235
2025;StB 8 Plauen;14 Mockritz, Coschütz, Plauen;8 Jahre;222
2025;StB 8 Plauen;14 Mockritz, Coschütz, Plauen;9 Jahre;252
2025;StB 8 Plauen;14 Mockritz, Coschütz, Plauen;10 Jahre;243
2025;StB 8 Plauen;14 Mockritz, Coschütz, Plauen;11 Jahre;268
2025;StB 8 Plauen;14 Mockritz, Coschütz, Plauen;12 Jahre;214
2025;StB 8 Plauen;14 Mockritz, Coschütz, Plauen;13 Jahre;229
2025;StB 8 Plauen;14 Mockritz, Coschütz, Plauen;14 Jahre;251
2025;StB 8 Plauen;14 Mockritz, Coschütz, Plauen;15 Jahre;235
2025;StB 8 Plauen;14 Mockritz, Coschütz, Plauen;16 Jahre;255
2025;StB 8 Plauen;14 Mockritz, Coschütz, Plauen;17 Jahre;246
2025;StB 8 Plauen;14 Mockritz, Coschütz, Plauen;18 Jahre;216
2025;StB 8 Plauen;14 Mockritz, Coschütz, Plauen;19 Jahre;261
2025;StB 8 Plauen;14 Mockritz, Coschütz, Plauen;20 Jahre;265
2025;StB 8 Plauen;14 Mockritz, Coschütz, Plauen;21 Jahre;317
2025;StB 8 Plauen;14 Mockritz, Coschütz, Plauen;22 Jahre;278
2025;StB 8 Plauen;14 Mockritz, Coschütz, Plauen;23 Jahre;307
2025;StB 8 Plauen;14 Mockritz, Coschütz, Plauen;24 Jahre;299
2025;StB 8 Plauen;14 Mockritz, Coschütz, Plauen;25 Jahre;312
2025;StB 8 Plauen;14 Mockritz, Coschütz, Plauen;26 Jahre;280
2025;StB 8 Plauen;14 Mockritz, Coschütz, Plauen;27 Jahre;327
2025;StB 8 Plauen;14 Mockritz, Coschütz, Plauen;28 Jahre;301
2025;StB 8 Plauen;14 Mockritz, Coschütz, Plauen;29 Jahre;306
2025;StB 8 Plauen;14 Mockritz, Coschütz, Plauen;30 Jahre;252
2025;StB 8 Plauen;14 Mockritz, Coschütz, Plauen;31 Jahre;239
2025;StB 8 Plauen;14 Mockritz, Coschütz, Plauen;32 Jahre;234
2025;StB 8 Plauen;14 Mockritz, Coschütz, Plauen;33 Jahre;207
2025;StB 8 Plauen;14 Mockritz, Coschütz, Plauen;34 Jahre;287
2025;StB 8 Plauen;14 Mockritz, Coschütz, Plauen;35 Jahre;349
2025;StB 8 Plauen;14 Mockritz, Coschütz, Plauen;36 Jahre;322
2025;StB 8 Plauen;14 Mockritz, Coschütz, Plauen;37 Jahre;362
2025;StB 8 Plauen;14 Mockritz, Coschütz, Plauen;38 Jahre;358
2025;StB 8 Plauen;14 Mockritz, Coschütz, Plauen;39 Jahre;316
2025;StB 8 Plauen;14 Mockritz, Coschütz, Plauen;40 Jahre;343
2025;StB 8 Plauen;14 Mockritz, Coschütz, Plauen;41 Jahre;351
2025;StB 8 Plauen;14 Mockritz, Coschütz, Plauen;42 Jahre;328
2025;StB 8 Plauen;14 Mockritz, Coschütz, Plauen;43 Jahre;347
2025;StB 8 Plauen;14 Mockritz, Coschütz, Plauen;44 Jahre;354
2025;StB 8 Plauen;14 Mockritz, Coschütz, Plauen;45 Jahre;347
2025;StB 8 Plauen;14 Mockritz, Coschütz, Plauen;46 Jahre;346
2025;StB 8 Plauen;14 Mockritz, Coschütz, Plauen;47 Jahre;328
2025;StB 8 Plauen;14 Mockritz, Coschütz, Plauen;48 Jahre;348
2025;StB 8 Plauen;14 Mockritz, Coschütz, Plauen;49 Jahre;285
2025;StB 8 Plauen;14 Mockritz, Coschütz, Plauen;50 Jahre;279
2025;StB 8 Plauen;14 Mockritz, Coschütz, Plauen;51 Jahre;249
2025;StB 8 Plauen;14 Mockritz, Coschütz, Plauen;52 Jahre;253
2025;StB 8 Plauen;14 Mockritz, Coschütz, Plauen;53 Jahre;273
2025;StB 8 Plauen;14 Mockritz, Coschütz, Plauen;54 Jahre;327
2025;StB 8 Plauen;14 Mockritz, Coschütz, Plauen;55 Jahre;313
2025;StB 8 Plauen;14 Mockritz, Coschütz, Plauen;56 Jahre;296
2025;StB 8 Plauen;14 Mockritz, Coschütz, Plauen;57 Jahre;305
2025;StB 8 Plauen;14 Mockritz, Coschütz, Plauen;58 Jahre;284
2025;StB 8 Plauen;14 Mockritz, Coschütz, Plauen;59 Jahre;301
2025;StB 8 Plauen;14 Mockritz, Coschütz, Plauen;60 Jahre;352
2025;StB 8 Plauen;14 Mockritz, Coschütz, Plauen;61 Jahre;335
2025;StB 8 Plauen;14 Mockritz, Coschütz, Plauen;62 Jahre;340
2025;StB 8 Plauen;14 Mockritz, Coschütz, Plauen;63 Jahre;342
2025;StB 8 Plauen;14 Mockritz, Coschütz, Plauen;64 Jahre;294
2025;StB 8 Plauen;14 Mockritz, Coschütz, Plauen;65 Jahre;284
2025;StB 8 Plauen;14 Mockritz, Coschütz, Plauen;66 Jahre;283
2025;StB 8 Plauen;14 Mockritz, Coschütz, Plauen;67 Jahre;290
2025;StB 8 Plauen;14 Mockritz, Coschütz, Plauen;68 Jahre;283
2025;StB 8 Plauen;14 Mockritz, Coschütz, Plauen;69 Jahre;250
2025;StB 8 Plauen;14 Mockritz, Coschütz, Plauen;70 Jahre;277
2025;StB 8 Plauen;14 Mockritz, Coschütz, Plauen;71 Jahre;307
2025;StB 8 Plauen;14 Mockritz, Coschütz, Plauen;72 Jahre;315
2025;StB 8 Plauen;14 Mockritz, Coschütz, Plauen;73 Jahre;262
2025;StB 8 Plauen;14 Mockritz, Coschütz, Plauen;74 Jahre;291
2025;StB 8 Plauen;14 Mockritz, Coschütz, Plauen;75 Jahre;282
2025;StB 8 Plauen;14 Mockritz, Coschütz, Plauen;76 Jahre;233
2025;StB 8 Plauen;14 Mockritz, Coschütz, Plauen;77 Jahre;202
2025;StB 8 Plauen;14 Mockritz, Coschütz, Plauen;78 Jahre;153
2025;StB 8 Plauen;14 Mockritz, Coschütz, Plauen;79 Jahre;127
2025;StB 8 Plauen;14 Mockritz, Coschütz, Plauen;80 Jahre;166
2025;StB 8 Plauen;14 Mockritz, Coschütz, Plauen;81 Jahre;221
2025;StB 8 Plauen;14 Mockritz, Coschütz, Plauen;82 Jahre;216
2025;StB 8 Plauen;14 Mockritz, Coschütz, Plauen;83 Jahre;219
2025;StB 8 Plauen;14 Mockritz, Coschütz, Plauen;84 Jahre;219
2025;StB 8 Plauen;14 Mockritz, Coschütz, Plauen;85 Jahre u.älter;1155
2025;StB 9 Cotta/westliche Ortschaften;15 Cotta, Löbtau, Naußlitz, Dölzschen;0 Jahre;307
2025;StB 9 Cotta/westliche Ortschaften;15 Cotta, Löbtau, Naußlitz, Dölzschen;1 Jahre;314
2025;StB 9 Cotta/westliche Ortschaften;15 Cotta, Löbtau, Naußlitz, Dölzschen;2 Jahre;340
2025;StB 9 Cotta/westliche Ortschaften;15 Cotta, Löbtau, Naußlitz, Dölzschen;3 Jahre;361
2025;StB 9 Cotta/westliche Ortschaften;15 Cotta, Löbtau, Naußlitz, Dölzschen;4 Jahre;442
2025;StB 9 Cotta/westliche Ortschaften;15 Cotta, Löbtau, Naußlitz, Dölzschen;5 Jahre;359
2025;StB 9 Cotta/westliche Ortschaften;15 Cotta, Löbtau, Naußlitz, Dölzschen;6 Jahre;428
2025;StB 9 Cotta/westliche Ortschaften;15 Cotta, Löbtau, Naußlitz, Dölzschen;7 Jahre;412
2025;StB 9 Cotta/westliche Ortschaften;15 Cotta, Löbtau, Naußlitz, Dölzschen;8 Jahre;432
2025;StB 9 Cotta/westliche Ortschaften;15 Cotta, Löbtau, Naußlitz, Dölzschen;9 Jahre;396
2025;StB 9 Cotta/westliche Ortschaften;15 Cotta, Löbtau, Naußlitz, Dölzschen;10 Jahre;402
2025;StB 9 Cotta/westliche Ortschaften;15 Cotta, Löbtau, Naußlitz, Dölzschen;11 Jahre;408
2025;StB 9 Cotta/westliche Ortschaften;15 Cotta, Löbtau, Naußlitz, Dölzschen;12 Jahre;394
2025;StB 9 Cotta/westliche Ortschaften;15 Cotta, Löbtau, Naußlitz, Dölzschen;13 Jahre;382
2025;StB 9 Cotta/westliche Ortschaften;15 Cotta, Löbtau, Naußlitz, Dölzschen;14 Jahre;374
2025;StB 9 Cotta/westliche Ortschaften;15 Cotta, Löbtau, Naußlitz, Dölzschen;15 Jahre;348
2025;StB 9 Cotta/westliche Ortschaften;15 Cotta, Löbtau, Naußlitz, Dölzschen;16 Jahre;363
2025;StB 9 Cotta/westliche Ortschaften;15 Cotta, Löbtau, Naußlitz, Dölzschen;17 Jahre;349
2025;StB 9 Cotta/westliche Ortschaften;15 Cotta, Löbtau, Naußlitz, Dölzschen;18 Jahre;372
2025;StB 9 Cotta/westliche Ortschaften;15 Cotta, Löbtau, Naußlitz, Dölzschen;19 Jahre;440
2025;StB 9 Cotta/westliche Ortschaften;15 Cotta, Löbtau, Naußlitz, Dölzschen;20 Jahre;567
2025;StB 9 Cotta/westliche Ortschaften;15 Cotta, Löbtau, Naußlitz, Dölzschen;21 Jahre;666
2025;StB 9 Cotta/westliche Ortschaften;15 Cotta, Löbtau, Naußlitz, Dölzschen;22 Jahre;799
2025;StB 9 Cotta/westliche Ortschaften;15 Cotta, Löbtau, Naußlitz, Dölzschen;23 Jahre;852
2025;StB 9 Cotta/westliche Ortschaften;15 Cotta, Löbtau, Naußlitz, Dölzschen;24 Jahre;955
2025;StB 9 Cotta/westliche Ortschaften;15 Cotta, Löbtau, Naußlitz, Dölzschen;25 Jahre;971
2025;StB 9 Cotta/westliche Ortschaften;15 Cotta, Löbtau, Naußlitz, Dölzschen;26 Jahre;985
2025;StB 9 Cotta/westliche Ortschaften;15 Cotta, Löbtau, Naußlitz, Dölzschen;27 Jahre;948
2025;StB 9 Cotta/westliche Ortschaften;15 Cotta, Löbtau, Naußlitz, Dölzschen;28 Jahre;919
2025;StB 9 Cotta/westliche Ortschaften;15 Cotta, Löbtau, Naußlitz, Dölzschen;29 Jahre;761
2025;StB 9 Cotta/westliche Ortschaften;15 Cotta, Löbtau, Naußlitz, Dölzschen;30 Jahre;732
2025;StB 9 Cotta/westliche Ortschaften;15 Cotta, Löbtau, Naußlitz, Dölzschen;31 Jahre;635
2025;StB 9 Cotta/westliche Ortschaften;15 Cotta, Löbtau, Naußlitz, Dölzschen;32 Jahre;620
2025;StB 9 Cotta/westliche Ortschaften;15 Cotta, Löbtau, Naußlitz, Dölzschen;33 Jahre;635
2025;StB 9 Cotta/westliche Ortschaften;15 Cotta, Löbtau, Naußlitz, Dölzschen;34 Jahre;690
2025;StB 9 Cotta/westliche Ortschaften;15 Cotta, Löbtau, Naußlitz, Dölzschen;35 Jahre;922
2025;StB 9 Cotta/westliche Ortschaften;15 Cotta, Löbtau, Naußlitz, Dölzschen;36 Jahre;844
2025;StB 9 Cotta/westliche Ortschaften;15 Cotta, Löbtau, Naußlitz, Dölzschen;37 Jahre;856
2025;StB 9 Cotta/westliche Ortschaften;15 Cotta, Löbtau, Naußlitz, Dölzschen;38 Jahre;801
2025;StB 9 Cotta/westliche Ortschaften;15 Cotta, Löbtau, Naußlitz, Dölzschen;39 Jahre;732
2025;StB 9 Cotta/westliche Ortschaften;15 Cotta, Löbtau, Naußlitz, Dölzschen;40 Jahre;700
2025;StB 9 Cotta/westliche Ortschaften;15 Cotta, Löbtau, Naußlitz, Dölzschen;41 Jahre;658
2025;StB 9 Cotta/westliche Ortschaften;15 Cotta, Löbtau, Naußlitz, Dölzschen;42 Jahre;725
2025;StB 9 Cotta/westliche Ortschaften;15 Cotta, Löbtau, Naußlitz, Dölzschen;43 Jahre;649
2025;StB 9 Cotta/westliche Ortschaften;15 Cotta, Löbtau, Naußlitz, Dölzschen;44 Jahre;688
2025;StB 9 Cotta/westliche Ortschaften;15 Cotta, Löbtau, Naußlitz, Dölzschen;45 Jahre;602
2025;StB 9 Cotta/westliche Ortschaften;15 Cotta, Löbtau, Naußlitz, Dölzschen;46 Jahre;616
2025;StB 9 Cotta/westliche Ortschaften;15 Cotta, Löbtau, Naußlitz, Dölzschen;47 Jahre;560
2025;StB 9 Cotta/westliche Ortschaften;15 Cotta, Löbtau, Naußlitz, Dölzschen;48 Jahre;534
2025;StB 9 Cotta/westliche Ortschaften;15 Cotta, Löbtau, Naußlitz, Dölzschen;49 Jahre;441
2025;StB 9 Cotta/westliche Ortschaften;15 Cotta, Löbtau, Naußlitz, Dölzschen;50 Jahre;421
2025;StB 9 Cotta/westliche Ortschaften;15 Cotta, Löbtau, Naußlitz, Dölzschen;51 Jahre;362
2025;StB 9 Cotta/westliche Ortschaften;15 Cotta, Löbtau, Naußlitz, Dölzschen;52 Jahre;357
2025;StB 9 Cotta/westliche Ortschaften;15 Cotta, Löbtau, Naußlitz, Dölzschen;53 Jahre;404
2025;StB 9 Cotta/westliche Ortschaften;15 Cotta, Löbtau, Naußlitz, Dölzschen;54 Jahre;427
2025;StB 9 Cotta/westliche Ortschaften;15 Cotta, Löbtau, Naußlitz, Dölzschen;55 Jahre;376
2025;StB 9 Cotta/westliche Ortschaften;15 Cotta, Löbtau, Naußlitz, Dölzschen;56 Jahre;421
2025;StB 9 Cotta/westliche Ortschaften;15 Cotta, Löbtau, Naußlitz, Dölzschen;57 Jahre;418
2025;StB 9 Cotta/westliche Ortschaften;15 Cotta, Löbtau, Naußlitz, Dölzschen;58 Jahre;406
2025;StB 9 Cotta/westliche Ortschaften;15 Cotta, Löbtau, Naußlitz, Dölzschen;59 Jahre;456
2025;StB 9 Cotta/westliche Ortschaften;15 Cotta, Löbtau, Naußlitz, Dölzschen;60 Jahre;486
2025;StB 9 Cotta/westliche Ortschaften;15 Cotta, Löbtau, Naußlitz, Dölzschen;61 Jahre;479
2025;StB 9 Cotta/westliche Ortschaften;15 Cotta, Löbtau, Naußlitz, Dölzschen;62 Jahre;462
2025;StB 9 Cotta/westliche Ortschaften;15 Cotta, Löbtau, Naußlitz, Dölzschen;63 Jahre;459
2025;StB 9 Cotta/westliche Ortschaften;15 Cotta, Löbtau, Naußlitz, Dölzschen;64 Jahre;465
2025;StB 9 Cotta/westliche Ortschaften;15 Cotta, Löbtau, Naußlitz, Dölzschen;65 Jahre;401
2025;StB 9 Cotta/westliche Ortschaften;15 Cotta, Löbtau, Naußlitz, Dölzschen;66 Jahre;381
2025;StB 9 Cotta/westliche Ortschaften;15 Cotta, Löbtau, Naußlitz, Dölzschen;67 Jahre;365
2025;StB 9 Cotta/westliche Ortschaften;15 Cotta, Löbtau, Naußlitz, Dölzschen;68 Jahre;377
2025;StB 9 Cotta/westliche Ortschaften;15 Cotta, Löbtau, Naußlitz, Dölzschen;69 Jahre;364
2025;StB 9 Cotta/westliche Ortschaften;15 Cotta, Löbtau, Naußlitz, Dölzschen;70 Jahre;376
2025;StB 9 Cotta/westliche Ortschaften;15 Cotta, Löbtau, Naußlitz, Dölzschen;71 Jahre;326
2025;StB 9 Cotta/westliche Ortschaften;15 Cotta, Löbtau, Naußlitz, Dölzschen;72 Jahre;341
2025;StB 9 Cotta/westliche Ortschaften;15 Cotta, Löbtau, Naußlitz, Dölzschen;73 Jahre;276
2025;StB 9 Cotta/westliche Ortschaften;15 Cotta, Löbtau, Naußlitz, Dölzschen;74 Jahre;279
2025;StB 9 Cotta/westliche Ortschaften;15 Cotta, Löbtau, Naußlitz, Dölzschen;75 Jahre;281
2025;StB 9 Cotta/westliche Ortschaften;15 Cotta, Löbtau, Naußlitz, Dölzschen;76 Jahre;238
2025;StB 9 Cotta/westliche Ortschaften;15 Cotta, Löbtau, Naußlitz, Dölzschen;77 Jahre;215
2025;StB 9 Cotta/westliche Ortschaften;15 Cotta, Löbtau, Naußlitz, Dölzschen;78 Jahre;201
2025;StB 9 Cotta/westliche Ortschaften;15 Cotta, Löbtau, Naußlitz, Dölzschen;79 Jahre;147
2025;StB 9 Cotta/westliche Ortschaften;15 Cotta, Löbtau, Naußlitz, Dölzschen;80 Jahre;166
2025;StB 9 Cotta/westliche Ortschaften;15 Cotta, Löbtau, Naußlitz, Dölzschen;81 Jahre;202
2025;StB 9 Cotta/westliche Ortschaften;15 Cotta, Löbtau, Naußlitz, Dölzschen;82 Jahre;208
2025;StB 9 Cotta/westliche Ortschaften;15 Cotta, Löbtau, Naußlitz, Dölzschen;83 Jahre;195
2025;StB 9 Cotta/westliche Ortschaften;15 Cotta, Löbtau, Naußlitz, Dölzschen;84 Jahre;198
2025;StB 9 Cotta/westliche Ortschaften;15 Cotta, Löbtau, Naußlitz, Dölzschen;85 Jahre u.älter;965
2025;StB 9 Cotta/westliche Ortschaften;16 Gorbitz;0 Jahre;150
2025;StB 9 Cotta/westliche Ortschaften;16 Gorbitz;1 Jahre;159
2025;StB 9 Cotta/westliche Ortschaften;16 Gorbitz;2 Jahre;180
2025;StB 9 Cotta/westliche Ortschaften;16 Gorbitz;3 Jahre;202
2025;StB 9 Cotta/westliche Ortschaften;16 Gorbitz;4 Jahre;227
2025;StB 9 Cotta/westliche Ortschaften;16 Gorbitz;5 Jahre;225
2025;StB 9 Cotta/westliche Ortschaften;16 Gorbitz;6 Jahre;223
2025;StB 9 Cotta/westliche Ortschaften;16 Gorbitz;7 Jahre;236
2025;StB 9 Cotta/westliche Ortschaften;16 Gorbitz;8 Jahre;239
2025;StB 9 Cotta/westliche Ortschaften;16 Gorbitz;9 Jahre;269
2025;StB 9 Cotta/westliche Ortschaften;16 Gorbitz;10 Jahre;254
2025;StB 9 Cotta/westliche Ortschaften;16 Gorbitz;11 Jahre;245
2025;StB 9 Cotta/westliche Ortschaften;16 Gorbitz;12 Jahre;236
2025;StB 9 Cotta/westliche Ortschaften;16 Gorbitz;13 Jahre;236
2025;StB 9 Cotta/westliche Ortschaften;16 Gorbitz;14 Jahre;229
2025;StB 9 Cotta/westliche Ortschaften;16 Gorbitz;15 Jahre;273
2025;StB 9 Cotta/westliche Ortschaften;16 Gorbitz;16 Jahre;274
2025;StB 9 Cotta/westliche Ortschaften;16 Gorbitz;17 Jahre;236
2025;StB 9 Cotta/westliche Ortschaften;16 Gorbitz;18 Jahre;242
2025;StB 9 Cotta/westliche Ortschaften;16 Gorbitz;19 Jahre;284
2025;StB 9 Cotta/westliche Ortschaften;16 Gorbitz;20 Jahre;316
2025;StB 9 Cotta/westliche Ortschaften;16 Gorbitz;21 Jahre;369
2025;StB 9 Cotta/westliche Ortschaften;16 Gorbitz;22 Jahre;302
2025;StB 9 Cotta/westliche Ortschaften;16 Gorbitz;23 Jahre;290
2025;StB 9 Cotta/westliche Ortschaften;16 Gorbitz;24 Jahre;308
2025;StB 9 Cotta/westliche Ortschaften;16 Gorbitz;25 Jahre;342
2025;StB 9 Cotta/westliche Ortschaften;16 Gorbitz;26 Jahre;329
2025;StB 9 Cotta/westliche Ortschaften;16 Gorbitz;27 Jahre;319
2025;StB 9 Cotta/westliche Ortschaften;16 Gorbitz;28 Jahre;278
2025;StB 9 Cotta/westliche Ortschaften;16 Gorbitz;29 Jahre;302
2025;StB 9 Cotta/westliche Ortschaften;16 Gorbitz;30 Jahre;289
2025;StB 9 Cotta/westliche Ortschaften;16 Gorbitz;31 Jahre;245
2025;StB 9 Cotta/westliche Ortschaften;16 Gorbitz;32 Jahre;248
2025;StB 9 Cotta/westliche Ortschaften;16 Gorbitz;33 Jahre;245
2025;StB 9 Cotta/westliche Ortschaften;16 Gorbitz;34 Jahre;274
2025;StB 9 Cotta/westliche Ortschaften;16 Gorbitz;35 Jahre;320
2025;StB 9 Cotta/westliche Ortschaften;16 Gorbitz;36 Jahre;343
2025;StB 9 Cotta/westliche Ortschaften;16 Gorbitz;37 Jahre;353
2025;StB 9 Cotta/westliche Ortschaften;16 Gorbitz;38 Jahre;317
2025;StB 9 Cotta/westliche Ortschaften;16 Gorbitz;39 Jahre;349
2025;StB 9 Cotta/westliche Ortschaften;16 Gorbitz;40 Jahre;364
2025;StB 9 Cotta/westliche Ortschaften;16 Gorbitz;41 Jahre;315
2025;StB 9 Cotta/westliche Ortschaften;16 Gorbitz;42 Jahre;320
2025;StB 9 Cotta/westliche Ortschaften;16 Gorbitz;43 Jahre;305
2025;StB 9 Cotta/westliche Ortschaften;16 Gorbitz;44 Jahre;304
2025;StB 9 Cotta/westliche Ortschaften;16 Gorbitz;45 Jahre;325
2025;StB 9 Cotta/westliche Ortschaften;16 Gorbitz;46 Jahre;292
2025;StB 9 Cotta/westliche Ortschaften;16 Gorbitz;47 Jahre;259
2025;StB 9 Cotta/westliche Ortschaften;16 Gorbitz;48 Jahre;265
2025;StB 9 Cotta/westliche Ortschaften;16 Gorbitz;49 Jahre;217
2025;StB 9 Cotta/westliche Ortschaften;16 Gorbitz;50 Jahre;165
2025;StB 9 Cotta/westliche Ortschaften;16 Gorbitz;51 Jahre;177
2025;StB 9 Cotta/westliche Ortschaften;16 Gorbitz;52 Jahre;174
2025;StB 9 Cotta/westliche Ortschaften;16 Gorbitz;53 Jahre;180
2025;StB 9 Cotta/westliche Ortschaften;16 Gorbitz;54 Jahre;184
2025;StB 9 Cotta/westliche Ortschaften;16 Gorbitz;55 Jahre;164
2025;StB 9 Cotta/westliche Ortschaften;16 Gorbitz;56 Jahre;176
2025;StB 9 Cotta/westliche Ortschaften;16 Gorbitz;57 Jahre;182
2025;StB 9 Cotta/westliche Ortschaften;16 Gorbitz;58 Jahre;164
2025;StB 9 Cotta/westliche Ortschaften;16 Gorbitz;59 Jahre;214
2025;StB 9 Cotta/westliche Ortschaften;16 Gorbitz;60 Jahre;223
2025;StB 9 Cotta/westliche Ortschaften;16 Gorbitz;61 Jahre;214
2025;StB 9 Cotta/westliche Ortschaften;16 Gorbitz;62 Jahre;281
2025;StB 9 Cotta/westliche Ortschaften;16 Gorbitz;63 Jahre;252
2025;StB 9 Cotta/westliche Ortschaften;16 Gorbitz;64 Jahre;304
2025;StB 9 Cotta/westliche Ortschaften;16 Gorbitz;65 Jahre;273
2025;StB 9 Cotta/westliche Ortschaften;16 Gorbitz;66 Jahre;303
2025;StB 9 Cotta/westliche Ortschaften;16 Gorbitz;67 Jahre;291
2025;StB 9 Cotta/westliche Ortschaften;16 Gorbitz;68 Jahre;306
2025;StB 9 Cotta/westliche Ortschaften;16 Gorbitz;69 Jahre;312
2025;StB 9 Cotta/westliche Ortschaften;16 Gorbitz;70 Jahre;345
2025;StB 9 Cotta/westliche Ortschaften;16 Gorbitz;71 Jahre;323
2025;StB 9 Cotta/westliche Ortschaften;16 Gorbitz;72 Jahre;304
2025;StB 9 Cotta/westliche Ortschaften;16 Gorbitz;73 Jahre;275
2025;StB 9 Cotta/westliche Ortschaften;16 Gorbitz;74 Jahre;293
2025;StB 9 Cotta/westliche Ortschaften;16 Gorbitz;75 Jahre;274
2025;StB 9 Cotta/westliche Ortschaften;16 Gorbitz;76 Jahre;218
2025;StB 9 Cotta/westliche Ortschaften;16 Gorbitz;77 Jahre;161
2025;StB 9 Cotta/westliche Ortschaften;16 Gorbitz;78 Jahre;159
2025;StB 9 Cotta/westliche Ortschaften;16 Gorbitz;79 Jahre;91
2025;StB 9 Cotta/westliche Ortschaften;16 Gorbitz;80 Jahre;124
2025;StB 9 Cotta/westliche Ortschaften;16 Gorbitz;81 Jahre;179
2025;StB 9 Cotta/westliche Ortschaften;16 Gorbitz;82 Jahre;155
2025;StB 9 Cotta/westliche Ortschaften;16 Gorbitz;83 Jahre;126
2025;StB 9 Cotta/westliche Ortschaften;16 Gorbitz;84 Jahre;160
2025;StB 9 Cotta/westliche Ortschaften;16 Gorbitz;85 Jahre u.älter;758
2025;StB 9 Cotta/westliche Ortschaften;17 Briesnitz und westliche OS;0 Jahre;121
2025;StB 9 Cotta/westliche Ortschaften;17 Briesnitz und westliche OS;1 Jahre;150
2025;StB 9 Cotta/westliche Ortschaften;17 Briesnitz und westliche OS;2 Jahre;145
2025;StB 9 Cotta/westliche Ortschaften;17 Briesnitz und westliche OS;3 Jahre;144
2025;StB 9 Cotta/westliche Ortschaften;17 Briesnitz und westliche OS;4 Jahre;187
2025;StB 9 Cotta/westliche Ortschaften;17 Briesnitz und westliche OS;5 Jahre;207
2025;StB 9 Cotta/westliche Ortschaften;17 Briesnitz und westliche OS;6 Jahre;226
2025;StB 9 Cotta/westliche Ortschaften;17 Briesnitz und westliche OS;7 Jahre;209
2025;StB 9 Cotta/westliche Ortschaften;17 Briesnitz und westliche OS;8 Jahre;270
2025;StB 9 Cotta/westliche Ortschaften;17 Briesnitz und westliche OS;9 Jahre;271
2025;StB 9 Cotta/westliche Ortschaften;17 Briesnitz und westliche OS;10 Jahre;254
2025;StB 9 Cotta/westliche Ortschaften;17 Briesnitz und westliche OS;11 Jahre;315
2025;StB 9 Cotta/westliche Ortschaften;17 Briesnitz und westliche OS;12 Jahre;306
2025;StB 9 Cotta/westliche Ortschaften;17 Briesnitz und westliche OS;13 Jahre;279
2025;StB 9 Cotta/westliche Ortschaften;17 Briesnitz und westliche OS;14 Jahre;283
2025;StB 9 Cotta/westliche Ortschaften;17 Briesnitz und westliche OS;15 Jahre;263
2025;StB 9 Cotta/westliche Ortschaften;17 Briesnitz und westliche OS;16 Jahre;246
2025;StB 9 Cotta/westliche Ortschaften;17 Briesnitz und westliche OS;17 Jahre;266
2025;StB 9 Cotta/westliche Ortschaften;17 Briesnitz und westliche OS;18 Jahre;252
2025;StB 9 Cotta/westliche Ortschaften;17 Briesnitz und westliche OS;19 Jahre;216
2025;StB 9 Cotta/westliche Ortschaften;17 Briesnitz und westliche OS;20 Jahre;195
2025;StB 9 Cotta/westliche Ortschaften;17 Briesnitz und westliche OS;21 Jahre;201
2025;StB 9 Cotta/westliche Ortschaften;17 Briesnitz und westliche OS;22 Jahre;169
2025;StB 9 Cotta/westliche Ortschaften;17 Briesnitz und westliche OS;23 Jahre;169
2025;StB 9 Cotta/westliche Ortschaften;17 Briesnitz und westliche OS;24 Jahre;147
2025;StB 9 Cotta/westliche Ortschaften;17 Briesnitz und westliche OS;25 Jahre;171
2025;StB 9 Cotta/westliche Ortschaften;17 Briesnitz und westliche OS;26 Jahre;161
2025;StB 9 Cotta/westliche Ortschaften;17 Briesnitz und westliche OS;27 Jahre;134
2025;StB 9 Cotta/westliche Ortschaften;17 Briesnitz und westliche OS;28 Jahre;149
2025;StB 9 Cotta/westliche Ortschaften;17 Briesnitz und westliche OS;29 Jahre;121
2025;StB 9 Cotta/westliche Ortschaften;17 Briesnitz und westliche OS;30 Jahre;130
2025;StB 9 Cotta/westliche Ortschaften;17 Briesnitz und westliche OS;31 Jahre;141
2025;StB 9 Cotta/westliche Ortschaften;17 Briesnitz und westliche OS;32 Jahre;126
2025;StB 9 Cotta/westliche Ortschaften;17 Briesnitz und westliche OS;33 Jahre;153
2025;StB 9 Cotta/westliche Ortschaften;17 Briesnitz und westliche OS;34 Jahre;174
2025;StB 9 Cotta/westliche Ortschaften;17 Briesnitz und westliche OS;35 Jahre;238
2025;StB 9 Cotta/westliche Ortschaften;17 Briesnitz und westliche OS;36 Jahre;322
2025;StB 9 Cotta/westliche Ortschaften;17 Briesnitz und westliche OS;37 Jahre;327
2025;StB 9 Cotta/westliche Ortschaften;17 Briesnitz und westliche OS;38 Jahre;349
2025;StB 9 Cotta/westliche Ortschaften;17 Briesnitz und westliche OS;39 Jahre;322
2025;StB 9 Cotta/westliche Ortschaften;17 Briesnitz und westliche OS;40 Jahre;337
2025;StB 9 Cotta/westliche Ortschaften;17 Briesnitz und westliche OS;41 Jahre;335
2025;StB 9 Cotta/westliche Ortschaften;17 Briesnitz und westliche OS;42 Jahre;387
2025;StB 9 Cotta/westliche Ortschaften;17 Briesnitz und westliche OS;43 Jahre;395
2025;StB 9 Cotta/westliche Ortschaften;17 Briesnitz und westliche OS;44 Jahre;360
2025;StB 9 Cotta/westliche Ortschaften;17 Briesnitz und westliche OS;45 Jahre;403
2025;StB 9 Cotta/westliche Ortschaften;17 Briesnitz und westliche OS;46 Jahre;383
2025;StB 9 Cotta/westliche Ortschaften;17 Briesnitz und westliche OS;47 Jahre;359
2025;StB 9 Cotta/westliche Ortschaften;17 Briesnitz und westliche OS;48 Jahre;356
2025;StB 9 Cotta/westliche Ortschaften;17 Briesnitz und westliche OS;49 Jahre;312
2025;StB 9 Cotta/westliche Ortschaften;17 Briesnitz und westliche OS;50 Jahre;273
2025;StB 9 Cotta/westliche Ortschaften;17 Briesnitz und westliche OS;51 Jahre;273
2025;StB 9 Cotta/westliche Ortschaften;17 Briesnitz und westliche OS;52 Jahre;307
2025;StB 9 Cotta/westliche Ortschaften;17 Briesnitz und westliche OS;53 Jahre;283
2025;StB 9 Cotta/westliche Ortschaften;17 Briesnitz und westliche OS;54 Jahre;344
2025;StB 9 Cotta/westliche Ortschaften;17 Briesnitz und westliche OS;55 Jahre;377
2025;StB 9 Cotta/westliche Ortschaften;17 Briesnitz und westliche OS;56 Jahre;360
2025;StB 9 Cotta/westliche Ortschaften;17 Briesnitz und westliche OS;57 Jahre;372
2025;StB 9 Cotta/westliche Ortschaften;17 Briesnitz und westliche OS;58 Jahre;342
2025;StB 9 Cotta/westliche Ortschaften;17 Briesnitz und westliche OS;59 Jahre;379
2025;StB 9 Cotta/westliche Ortschaften;17 Briesnitz und westliche OS;60 Jahre;392
2025;StB 9 Cotta/westliche Ortschaften;17 Briesnitz und westliche OS;61 Jahre;355
2025;StB 9 Cotta/westliche Ortschaften;17 Briesnitz und westliche OS;62 Jahre;388
2025;StB 9 Cotta/westliche Ortschaften;17 Briesnitz und westliche OS;63 Jahre;409
2025;StB 9 Cotta/westliche Ortschaften;17 Briesnitz und westliche OS;64 Jahre;379
2025;StB 9 Cotta/westliche Ortschaften;17 Briesnitz und westliche OS;65 Jahre;376
2025;StB 9 Cotta/westliche Ortschaften;17 Briesnitz und westliche OS;66 Jahre;362
2025;StB 9 Cotta/westliche Ortschaften;17 Briesnitz und westliche OS;67 Jahre;350
2025;StB 9 Cotta/westliche Ortschaften;17 Briesnitz und westliche OS;68 Jahre;333
2025;StB 9 Cotta/westliche Ortschaften;17 Briesnitz und westliche OS;69 Jahre;313
2025;StB 9 Cotta/westliche Ortschaften;17 Briesnitz und westliche OS;70 Jahre;312
2025;StB 9 Cotta/westliche Ortschaften;17 Briesnitz und westliche OS;71 Jahre;321
2025;StB 9 Cotta/westliche Ortschaften;17 Briesnitz und westliche OS;72 Jahre;279
2025;StB 9 Cotta/westliche Ortschaften;17 Briesnitz und westliche OS;73 Jahre;282
2025;StB 9 Cotta/westliche Ortschaften;17 Briesnitz und westliche OS;74 Jahre;240
2025;StB 9 Cotta/westliche Ortschaften;17 Briesnitz und westliche OS;75 Jahre;265
2025;StB 9 Cotta/westliche Ortschaften;17 Briesnitz und westliche OS;76 Jahre;222
2025;StB 9 Cotta/westliche Ortschaften;17 Briesnitz und westliche OS;77 Jahre;187
2025;StB 9 Cotta/westliche Ortschaften;17 Briesnitz und westliche OS;78 Jahre;173
2025;StB 9 Cotta/westliche Ortschaften;17 Briesnitz und westliche OS;79 Jahre;130
2025;StB 9 Cotta/westliche Ortschaften;17 Briesnitz und westliche OS;80 Jahre;153
2025;StB 9 Cotta/westliche Ortschaften;17 Briesnitz und westliche OS;81 Jahre;216
2025;StB 9 Cotta/westliche Ortschaften;17 Briesnitz und westliche OS;82 Jahre;192
2025;StB 9 Cotta/westliche Ortschaften;17 Briesnitz und westliche OS;83 Jahre;177
2025;StB 9 Cotta/westliche Ortschaften;17 Briesnitz und westliche OS;84 Jahre;225
2025;StB 9 Cotta/westliche Ortschaften;17 Briesnitz und westliche OS;85 Jahre u.älter;872
