Jahr;Stadtbezirk mit zugeordneten Ortschaften;Stadtraum;Alter in Jahren bis 85 (über 85-Jährige werden Jahrgang 85 zugeordnet);Anzahl Einwohner
2022;StB 0 Altstadt;01 StB Altstadt ohne Johannstadt;0 Jahre;356
2022;StB 0 Altstadt;01 StB Altstadt ohne Johannstadt;1 Jahre;417
2022;StB 0 Altstadt;01 StB Altstadt ohne Johannstadt;2 Jahre;371
2022;StB 0 Altstadt;01 StB Altstadt ohne Johannstadt;3 Jahre;362
2022;StB 0 Altstadt;01 StB Altstadt ohne Johannstadt;4 Jahre;302
2022;StB 0 Altstadt;01 StB Altstadt ohne Johannstadt;5 Jahre;321
2022;StB 0 Altstadt;01 StB Altstadt ohne Johannstadt;6 Jahre;275
2022;StB 0 Altstadt;01 StB Altstadt ohne Johannstadt;7 Jahre;285
2022;StB 0 Altstadt;01 StB Altstadt ohne Johannstadt;8 Jahre;267
2022;StB 0 Altstadt;01 StB Altstadt ohne Johannstadt;9 Jahre;242
2022;StB 0 Altstadt;01 StB Altstadt ohne Johannstadt;10 Jahre;266
2022;StB 0 Altstadt;01 StB Altstadt ohne Johannstadt;11 Jahre;252
2022;StB 0 Altstadt;01 StB Altstadt ohne Johannstadt;12 Jahre;209
2022;StB 0 Altstadt;01 StB Altstadt ohne Johannstadt;13 Jahre;197
2022;StB 0 Altstadt;01 StB Altstadt ohne Johannstadt;14 Jahre;214
2022;StB 0 Altstadt;01 StB Altstadt ohne Johannstadt;15 Jahre;191
2022;StB 0 Altstadt;01 StB Altstadt ohne Johannstadt;16 Jahre;207
2022;StB 0 Altstadt;01 StB Altstadt ohne Johannstadt;17 Jahre;191
2022;StB 0 Altstadt;01 StB Altstadt ohne Johannstadt;18 Jahre;376
2022;StB 0 Altstadt;01 StB Altstadt ohne Johannstadt;19 Jahre;551
2022;StB 0 Altstadt;01 StB Altstadt ohne Johannstadt;20 Jahre;640
2022;StB 0 Altstadt;01 StB Altstadt ohne Johannstadt;21 Jahre;867
2022;StB 0 Altstadt;01 StB Altstadt ohne Johannstadt;22 Jahre;992
2022;StB 0 Altstadt;01 StB Altstadt ohne Johannstadt;23 Jahre;1022
2022;StB 0 Altstadt;01 StB Altstadt ohne Johannstadt;24 Jahre;1080
2022;StB 0 Altstadt;01 StB Altstadt ohne Johannstadt;25 Jahre;1082
2022;StB 0 Altstadt;01 StB Altstadt ohne Johannstadt;26 Jahre;1061
2022;StB 0 Altstadt;01 StB Altstadt ohne Johannstadt;27 Jahre;981
2022;StB 0 Altstadt;01 StB Altstadt ohne Johannstadt;28 Jahre;963
2022;StB 0 Altstadt;01 StB Altstadt ohne Johannstadt;29 Jahre;882
2022;StB 0 Altstadt;01 StB Altstadt ohne Johannstadt;30 Jahre;904
2022;StB 0 Altstadt;01 StB Altstadt ohne Johannstadt;31 Jahre;826
2022;StB 0 Altstadt;01 StB Altstadt ohne Johannstadt;32 Jahre;943
2022;StB 0 Altstadt;01 StB Altstadt ohne Johannstadt;33 Jahre;981
2022;StB 0 Altstadt;01 StB Altstadt ohne Johannstadt;34 Jahre;823
2022;StB 0 Altstadt;01 StB Altstadt ohne Johannstadt;35 Jahre;776
2022;StB 0 Altstadt;01 StB Altstadt ohne Johannstadt;36 Jahre;684
2022;StB 0 Altstadt;01 StB Altstadt ohne Johannstadt;37 Jahre;674
2022;StB 0 Altstadt;01 StB Altstadt ohne Johannstadt;38 Jahre;563
2022;StB 0 Altstadt;01 StB Altstadt ohne Johannstadt;39 Jahre;551
2022;StB 0 Altstadt;01 StB Altstadt ohne Johannstadt;40 Jahre;495
2022;StB 0 Altstadt;01 StB Altstadt ohne Johannstadt;41 Jahre;445
2022;StB 0 Altstadt;01 StB Altstadt ohne Johannstadt;42 Jahre;459
2022;StB 0 Altstadt;01 StB Altstadt ohne Johannstadt;43 Jahre;403
2022;StB 0 Altstadt;01 StB Altstadt ohne Johannstadt;44 Jahre;358
2022;StB 0 Altstadt;01 StB Altstadt ohne Johannstadt;45 Jahre;356
2022;StB 0 Altstadt;01 StB Altstadt ohne Johannstadt;46 Jahre;294
2022;StB 0 Altstadt;01 StB Altstadt ohne Johannstadt;47 Jahre;275
2022;StB 0 Altstadt;01 StB Altstadt ohne Johannstadt;48 Jahre;232
2022;StB 0 Altstadt;01 StB Altstadt ohne Johannstadt;49 Jahre;263
2022;StB 0 Altstadt;01 StB Altstadt ohne Johannstadt;50 Jahre;237
2022;StB 0 Altstadt;01 StB Altstadt ohne Johannstadt;51 Jahre;275
2022;StB 0 Altstadt;01 StB Altstadt ohne Johannstadt;52 Jahre;242
2022;StB 0 Altstadt;01 StB Altstadt ohne Johannstadt;53 Jahre;282
2022;StB 0 Altstadt;01 StB Altstadt ohne Johannstadt;54 Jahre;275
2022;StB 0 Altstadt;01 StB Altstadt ohne Johannstadt;55 Jahre;272
2022;StB 0 Altstadt;01 StB Altstadt ohne Johannstadt;56 Jahre;303
2022;StB 0 Altstadt;01 StB Altstadt ohne Johannstadt;57 Jahre;302
2022;StB 0 Altstadt;01 StB Altstadt ohne Johannstadt;58 Jahre;328
2022;StB 0 Altstadt;01 StB Altstadt ohne Johannstadt;59 Jahre;319
2022;StB 0 Altstadt;01 StB Altstadt ohne Johannstadt;60 Jahre;314
2022;StB 0 Altstadt;01 StB Altstadt ohne Johannstadt;61 Jahre;300
2022;StB 0 Altstadt;01 StB Altstadt ohne Johannstadt;62 Jahre;341
2022;StB 0 Altstadt;01 StB Altstadt ohne Johannstadt;63 Jahre;309
2022;StB 0 Altstadt;01 StB Altstadt ohne Johannstadt;64 Jahre;282
2022;StB 0 Altstadt;01 StB Altstadt ohne Johannstadt;65 Jahre;271
2022;StB 0 Altstadt;01 StB Altstadt ohne Johannstadt;66 Jahre;272
2022;StB 0 Altstadt;01 StB Altstadt ohne Johannstadt;67 Jahre;273
2022;StB 0 Altstadt;01 StB Altstadt ohne Johannstadt;68 Jahre;263
2022;StB 0 Altstadt;01 StB Altstadt ohne Johannstadt;69 Jahre;234
2022;StB 0 Altstadt;01 StB Altstadt ohne Johannstadt;70 Jahre;254
2022;StB 0 Altstadt;01 StB Altstadt ohne Johannstadt;71 Jahre;263
2022;StB 0 Altstadt;01 StB Altstadt ohne Johannstadt;72 Jahre;234
2022;StB 0 Altstadt;01 StB Altstadt ohne Johannstadt;73 Jahre;257
2022;StB 0 Altstadt;01 StB Altstadt ohne Johannstadt;74 Jahre;211
2022;StB 0 Altstadt;01 StB Altstadt ohne Johannstadt;75 Jahre;196
2022;StB 0 Altstadt;01 StB Altstadt ohne Johannstadt;76 Jahre;151
2022;StB 0 Altstadt;01 StB Altstadt ohne Johannstadt;77 Jahre;180
2022;StB 0 Altstadt;01 StB Altstadt ohne Johannstadt;78 Jahre;255
2022;StB 0 Altstadt;01 StB Altstadt ohne Johannstadt;79 Jahre;268
2022;StB 0 Altstadt;01 StB Altstadt ohne Johannstadt;80 Jahre;273
2022;StB 0 Altstadt;01 StB Altstadt ohne Johannstadt;81 Jahre;344
2022;StB 0 Altstadt;01 StB Altstadt ohne Johannstadt;82 Jahre;388
2022;StB 0 Altstadt;01 StB Altstadt ohne Johannstadt;83 Jahre;412
2022;StB 0 Altstadt;01 StB Altstadt ohne Johannstadt;84 Jahre;429
2022;StB 0 Altstadt;01 StB Altstadt ohne Johannstadt;85 Jahre u.älter;2505
2022;StB 0 Altstadt;02 Johannstadt;0 Jahre;227
2022;StB 0 Altstadt;02 Johannstadt;1 Jahre;235
2022;StB 0 Altstadt;02 Johannstadt;2 Jahre;264
2022;StB 0 Altstadt;02 Johannstadt;3 Jahre;238
2022;StB 0 Altstadt;02 Johannstadt;4 Jahre;234
2022;StB 0 Altstadt;02 Johannstadt;5 Jahre;243
2022;StB 0 Altstadt;02 Johannstadt;6 Jahre;221
2022;StB 0 Altstadt;02 Johannstadt;7 Jahre;209
2022;StB 0 Altstadt;02 Johannstadt;8 Jahre;197
2022;StB 0 Altstadt;02 Johannstadt;9 Jahre;209
2022;StB 0 Altstadt;02 Johannstadt;10 Jahre;202
2022;StB 0 Altstadt;02 Johannstadt;11 Jahre;219
2022;StB 0 Altstadt;02 Johannstadt;12 Jahre;181
2022;StB 0 Altstadt;02 Johannstadt;13 Jahre;183
2022;StB 0 Altstadt;02 Johannstadt;14 Jahre;166
2022;StB 0 Altstadt;02 Johannstadt;15 Jahre;170
2022;StB 0 Altstadt;02 Johannstadt;16 Jahre;171
2022;StB 0 Altstadt;02 Johannstadt;17 Jahre;168
2022;StB 0 Altstadt;02 Johannstadt;18 Jahre;231
2022;StB 0 Altstadt;02 Johannstadt;19 Jahre;230
2022;StB 0 Altstadt;02 Johannstadt;20 Jahre;288
2022;StB 0 Altstadt;02 Johannstadt;21 Jahre;310
2022;StB 0 Altstadt;02 Johannstadt;22 Jahre;364
2022;StB 0 Altstadt;02 Johannstadt;23 Jahre;401
2022;StB 0 Altstadt;02 Johannstadt;24 Jahre;376
2022;StB 0 Altstadt;02 Johannstadt;25 Jahre;379
2022;StB 0 Altstadt;02 Johannstadt;26 Jahre;393
2022;StB 0 Altstadt;02 Johannstadt;27 Jahre;346
2022;StB 0 Altstadt;02 Johannstadt;28 Jahre;323
2022;StB 0 Altstadt;02 Johannstadt;29 Jahre;327
2022;StB 0 Altstadt;02 Johannstadt;30 Jahre;353
2022;StB 0 Altstadt;02 Johannstadt;31 Jahre;373
2022;StB 0 Altstadt;02 Johannstadt;32 Jahre;416
2022;StB 0 Altstadt;02 Johannstadt;33 Jahre;461
2022;StB 0 Altstadt;02 Johannstadt;34 Jahre;441
2022;StB 0 Altstadt;02 Johannstadt;35 Jahre;372
2022;StB 0 Altstadt;02 Johannstadt;36 Jahre;402
2022;StB 0 Altstadt;02 Johannstadt;37 Jahre;350
2022;StB 0 Altstadt;02 Johannstadt;38 Jahre;344
2022;StB 0 Altstadt;02 Johannstadt;39 Jahre;324
2022;StB 0 Altstadt;02 Johannstadt;40 Jahre;286
2022;StB 0 Altstadt;02 Johannstadt;41 Jahre;287
2022;StB 0 Altstadt;02 Johannstadt;42 Jahre;261
2022;StB 0 Altstadt;02 Johannstadt;43 Jahre;267
2022;StB 0 Altstadt;02 Johannstadt;44 Jahre;236
2022;StB 0 Altstadt;02 Johannstadt;45 Jahre;282
2022;StB 0 Altstadt;02 Johannstadt;46 Jahre;193
2022;StB 0 Altstadt;02 Johannstadt;47 Jahre;209
2022;StB 0 Altstadt;02 Johannstadt;48 Jahre;197
2022;StB 0 Altstadt;02 Johannstadt;49 Jahre;202
2022;StB 0 Altstadt;02 Johannstadt;50 Jahre;221
2022;StB 0 Altstadt;02 Johannstadt;51 Jahre;209
2022;StB 0 Altstadt;02 Johannstadt;52 Jahre;251
2022;StB 0 Altstadt;02 Johannstadt;53 Jahre;226
2022;StB 0 Altstadt;02 Johannstadt;54 Jahre;207
2022;StB 0 Altstadt;02 Johannstadt;55 Jahre;239
2022;StB 0 Altstadt;02 Johannstadt;56 Jahre;239
2022;StB 0 Altstadt;02 Johannstadt;57 Jahre;248
2022;StB 0 Altstadt;02 Johannstadt;58 Jahre;252
2022;StB 0 Altstadt;02 Johannstadt;59 Jahre;239
2022;StB 0 Altstadt;02 Johannstadt;60 Jahre;260
2022;StB 0 Altstadt;02 Johannstadt;61 Jahre;224
2022;StB 0 Altstadt;02 Johannstadt;62 Jahre;250
2022;StB 0 Altstadt;02 Johannstadt;63 Jahre;225
2022;StB 0 Altstadt;02 Johannstadt;64 Jahre;217
2022;StB 0 Altstadt;02 Johannstadt;65 Jahre;199
2022;StB 0 Altstadt;02 Johannstadt;66 Jahre;216
2022;StB 0 Altstadt;02 Johannstadt;67 Jahre;262
2022;StB 0 Altstadt;02 Johannstadt;68 Jahre;250
2022;StB 0 Altstadt;02 Johannstadt;69 Jahre;244
2022;StB 0 Altstadt;02 Johannstadt;70 Jahre;261
2022;StB 0 Altstadt;02 Johannstadt;71 Jahre;275
2022;StB 0 Altstadt;02 Johannstadt;72 Jahre;273
2022;StB 0 Altstadt;02 Johannstadt;73 Jahre;283
2022;StB 0 Altstadt;02 Johannstadt;74 Jahre;220
2022;StB 0 Altstadt;02 Johannstadt;75 Jahre;277
2022;StB 0 Altstadt;02 Johannstadt;76 Jahre;213
2022;StB 0 Altstadt;02 Johannstadt;77 Jahre;292
2022;StB 0 Altstadt;02 Johannstadt;78 Jahre;423
2022;StB 0 Altstadt;02 Johannstadt;79 Jahre;395
2022;StB 0 Altstadt;02 Johannstadt;80 Jahre;358
2022;StB 0 Altstadt;02 Johannstadt;81 Jahre;456
2022;StB 0 Altstadt;02 Johannstadt;82 Jahre;435
2022;StB 0 Altstadt;02 Johannstadt;83 Jahre;412
2022;StB 0 Altstadt;02 Johannstadt;84 Jahre;380
2022;StB 0 Altstadt;02 Johannstadt;85 Jahre u.älter;1931
2022;StB 1 Neustadt;03 StB Neustadt ohne Leipziger Vorstadt;0 Jahre;421
2022;StB 1 Neustadt;03 StB Neustadt ohne Leipziger Vorstadt;1 Jahre;461
2022;StB 1 Neustadt;03 StB Neustadt ohne Leipziger Vorstadt;2 Jahre;450
2022;StB 1 Neustadt;03 StB Neustadt ohne Leipziger Vorstadt;3 Jahre;502
2022;StB 1 Neustadt;03 StB Neustadt ohne Leipziger Vorstadt;4 Jahre;484
2022;StB 1 Neustadt;03 StB Neustadt ohne Leipziger Vorstadt;5 Jahre;453
2022;StB 1 Neustadt;03 StB Neustadt ohne Leipziger Vorstadt;6 Jahre;427
2022;StB 1 Neustadt;03 StB Neustadt ohne Leipziger Vorstadt;7 Jahre;467
2022;StB 1 Neustadt;03 StB Neustadt ohne Leipziger Vorstadt;8 Jahre;447
2022;StB 1 Neustadt;03 StB Neustadt ohne Leipziger Vorstadt;9 Jahre;432
2022;StB 1 Neustadt;03 StB Neustadt ohne Leipziger Vorstadt;10 Jahre;401
2022;StB 1 Neustadt;03 StB Neustadt ohne Leipziger Vorstadt;11 Jahre;402
2022;StB 1 Neustadt;03 StB Neustadt ohne Leipziger Vorstadt;12 Jahre;403
2022;StB 1 Neustadt;03 StB Neustadt ohne Leipziger Vorstadt;13 Jahre;412
2022;StB 1 Neustadt;03 StB Neustadt ohne Leipziger Vorstadt;14 Jahre;372
2022;StB 1 Neustadt;03 StB Neustadt ohne Leipziger Vorstadt;15 Jahre;392
2022;StB 1 Neustadt;03 StB Neustadt ohne Leipziger Vorstadt;16 Jahre;364
2022;StB 1 Neustadt;03 StB Neustadt ohne Leipziger Vorstadt;17 Jahre;332
2022;StB 1 Neustadt;03 StB Neustadt ohne Leipziger Vorstadt;18 Jahre;375
2022;StB 1 Neustadt;03 StB Neustadt ohne Leipziger Vorstadt;19 Jahre;334
2022;StB 1 Neustadt;03 StB Neustadt ohne Leipziger Vorstadt;20 Jahre;363
2022;StB 1 Neustadt;03 StB Neustadt ohne Leipziger Vorstadt;21 Jahre;393
2022;StB 1 Neustadt;03 StB Neustadt ohne Leipziger Vorstadt;22 Jahre;482
2022;StB 1 Neustadt;03 StB Neustadt ohne Leipziger Vorstadt;23 Jahre;577
2022;StB 1 Neustadt;03 StB Neustadt ohne Leipziger Vorstadt;24 Jahre;607
2022;StB 1 Neustadt;03 StB Neustadt ohne Leipziger Vorstadt;25 Jahre;675
2022;StB 1 Neustadt;03 StB Neustadt ohne Leipziger Vorstadt;26 Jahre;810
2022;StB 1 Neustadt;03 StB Neustadt ohne Leipziger Vorstadt;27 Jahre;751
2022;StB 1 Neustadt;03 StB Neustadt ohne Leipziger Vorstadt;28 Jahre;818
2022;StB 1 Neustadt;03 StB Neustadt ohne Leipziger Vorstadt;29 Jahre;840
2022;StB 1 Neustadt;03 StB Neustadt ohne Leipziger Vorstadt;30 Jahre;761
2022;StB 1 Neustadt;03 StB Neustadt ohne Leipziger Vorstadt;31 Jahre;819
2022;StB 1 Neustadt;03 StB Neustadt ohne Leipziger Vorstadt;32 Jahre;1006
2022;StB 1 Neustadt;03 StB Neustadt ohne Leipziger Vorstadt;33 Jahre;967
2022;StB 1 Neustadt;03 StB Neustadt ohne Leipziger Vorstadt;34 Jahre;953
2022;StB 1 Neustadt;03 StB Neustadt ohne Leipziger Vorstadt;35 Jahre;919
2022;StB 1 Neustadt;03 StB Neustadt ohne Leipziger Vorstadt;36 Jahre;859
2022;StB 1 Neustadt;03 StB Neustadt ohne Leipziger Vorstadt;37 Jahre;824
2022;StB 1 Neustadt;03 StB Neustadt ohne Leipziger Vorstadt;38 Jahre;794
2022;StB 1 Neustadt;03 StB Neustadt ohne Leipziger Vorstadt;39 Jahre;753
2022;StB 1 Neustadt;03 StB Neustadt ohne Leipziger Vorstadt;40 Jahre;707
2022;StB 1 Neustadt;03 StB Neustadt ohne Leipziger Vorstadt;41 Jahre;662
2022;StB 1 Neustadt;03 StB Neustadt ohne Leipziger Vorstadt;42 Jahre;694
2022;StB 1 Neustadt;03 StB Neustadt ohne Leipziger Vorstadt;43 Jahre;711
2022;StB 1 Neustadt;03 StB Neustadt ohne Leipziger Vorstadt;44 Jahre;656
2022;StB 1 Neustadt;03 StB Neustadt ohne Leipziger Vorstadt;45 Jahre;662
2022;StB 1 Neustadt;03 StB Neustadt ohne Leipziger Vorstadt;46 Jahre;565
2022;StB 1 Neustadt;03 StB Neustadt ohne Leipziger Vorstadt;47 Jahre;510
2022;StB 1 Neustadt;03 StB Neustadt ohne Leipziger Vorstadt;48 Jahre;480
2022;StB 1 Neustadt;03 StB Neustadt ohne Leipziger Vorstadt;49 Jahre;431
2022;StB 1 Neustadt;03 StB Neustadt ohne Leipziger Vorstadt;50 Jahre;448
2022;StB 1 Neustadt;03 StB Neustadt ohne Leipziger Vorstadt;51 Jahre;506
2022;StB 1 Neustadt;03 StB Neustadt ohne Leipziger Vorstadt;52 Jahre;486
2022;StB 1 Neustadt;03 StB Neustadt ohne Leipziger Vorstadt;53 Jahre;484
2022;StB 1 Neustadt;03 StB Neustadt ohne Leipziger Vorstadt;54 Jahre;435
2022;StB 1 Neustadt;03 StB Neustadt ohne Leipziger Vorstadt;55 Jahre;462
2022;StB 1 Neustadt;03 StB Neustadt ohne Leipziger Vorstadt;56 Jahre;397
2022;StB 1 Neustadt;03 StB Neustadt ohne Leipziger Vorstadt;57 Jahre;384
2022;StB 1 Neustadt;03 StB Neustadt ohne Leipziger Vorstadt;58 Jahre;370
2022;StB 1 Neustadt;03 StB Neustadt ohne Leipziger Vorstadt;59 Jahre;351
2022;StB 1 Neustadt;03 StB Neustadt ohne Leipziger Vorstadt;60 Jahre;326
2022;StB 1 Neustadt;03 StB Neustadt ohne Leipziger Vorstadt;61 Jahre;325
2022;StB 1 Neustadt;03 StB Neustadt ohne Leipziger Vorstadt;62 Jahre;292
2022;StB 1 Neustadt;03 StB Neustadt ohne Leipziger Vorstadt;63 Jahre;267
2022;StB 1 Neustadt;03 StB Neustadt ohne Leipziger Vorstadt;64 Jahre;228
2022;StB 1 Neustadt;03 StB Neustadt ohne Leipziger Vorstadt;65 Jahre;194
2022;StB 1 Neustadt;03 StB Neustadt ohne Leipziger Vorstadt;66 Jahre;206
2022;StB 1 Neustadt;03 StB Neustadt ohne Leipziger Vorstadt;67 Jahre;204
2022;StB 1 Neustadt;03 StB Neustadt ohne Leipziger Vorstadt;68 Jahre;192
2022;StB 1 Neustadt;03 StB Neustadt ohne Leipziger Vorstadt;69 Jahre;191
2022;StB 1 Neustadt;03 StB Neustadt ohne Leipziger Vorstadt;70 Jahre;179
2022;StB 1 Neustadt;03 StB Neustadt ohne Leipziger Vorstadt;71 Jahre;173
2022;StB 1 Neustadt;03 StB Neustadt ohne Leipziger Vorstadt;72 Jahre;186
2022;StB 1 Neustadt;03 StB Neustadt ohne Leipziger Vorstadt;73 Jahre;170
2022;StB 1 Neustadt;03 StB Neustadt ohne Leipziger Vorstadt;74 Jahre;128
2022;StB 1 Neustadt;03 StB Neustadt ohne Leipziger Vorstadt;75 Jahre;145
2022;StB 1 Neustadt;03 StB Neustadt ohne Leipziger Vorstadt;76 Jahre;117
2022;StB 1 Neustadt;03 StB Neustadt ohne Leipziger Vorstadt;77 Jahre;132
2022;StB 1 Neustadt;03 StB Neustadt ohne Leipziger Vorstadt;78 Jahre;194
2022;StB 1 Neustadt;03 StB Neustadt ohne Leipziger Vorstadt;79 Jahre;192
2022;StB 1 Neustadt;03 StB Neustadt ohne Leipziger Vorstadt;80 Jahre;148
2022;StB 1 Neustadt;03 StB Neustadt ohne Leipziger Vorstadt;81 Jahre;185
2022;StB 1 Neustadt;03 StB Neustadt ohne Leipziger Vorstadt;82 Jahre;179
2022;StB 1 Neustadt;03 StB Neustadt ohne Leipziger Vorstadt;83 Jahre;180
2022;StB 1 Neustadt;03 StB Neustadt ohne Leipziger Vorstadt;84 Jahre;125
2022;StB 1 Neustadt;03 StB Neustadt ohne Leipziger Vorstadt;85 Jahre u.älter;745
2022;StB 1 Neustadt;04 Leipziger Vorstadt, Pieschen;0 Jahre;169
2022;StB 1 Neustadt;04 Leipziger Vorstadt, Pieschen;1 Jahre;162
2022;StB 1 Neustadt;04 Leipziger Vorstadt, Pieschen;2 Jahre;165
2022;StB 1 Neustadt;04 Leipziger Vorstadt, Pieschen;3 Jahre;153
2022;StB 1 Neustadt;04 Leipziger Vorstadt, Pieschen;4 Jahre;163
2022;StB 1 Neustadt;04 Leipziger Vorstadt, Pieschen;5 Jahre;156
2022;StB 1 Neustadt;04 Leipziger Vorstadt, Pieschen;6 Jahre;161
2022;StB 1 Neustadt;04 Leipziger Vorstadt, Pieschen;7 Jahre;145
2022;StB 1 Neustadt;04 Leipziger Vorstadt, Pieschen;8 Jahre;141
2022;StB 1 Neustadt;04 Leipziger Vorstadt, Pieschen;9 Jahre;152
2022;StB 1 Neustadt;04 Leipziger Vorstadt, Pieschen;10 Jahre;158
2022;StB 1 Neustadt;04 Leipziger Vorstadt, Pieschen;11 Jahre;134
2022;StB 1 Neustadt;04 Leipziger Vorstadt, Pieschen;12 Jahre;113
2022;StB 1 Neustadt;04 Leipziger Vorstadt, Pieschen;13 Jahre;121
2022;StB 1 Neustadt;04 Leipziger Vorstadt, Pieschen;14 Jahre;128
2022;StB 1 Neustadt;04 Leipziger Vorstadt, Pieschen;15 Jahre;106
2022;StB 1 Neustadt;04 Leipziger Vorstadt, Pieschen;16 Jahre;107
2022;StB 1 Neustadt;04 Leipziger Vorstadt, Pieschen;17 Jahre;93
2022;StB 1 Neustadt;04 Leipziger Vorstadt, Pieschen;18 Jahre;102
2022;StB 1 Neustadt;04 Leipziger Vorstadt, Pieschen;19 Jahre;134
2022;StB 1 Neustadt;04 Leipziger Vorstadt, Pieschen;20 Jahre;178
2022;StB 1 Neustadt;04 Leipziger Vorstadt, Pieschen;21 Jahre;201
2022;StB 1 Neustadt;04 Leipziger Vorstadt, Pieschen;22 Jahre;198
2022;StB 1 Neustadt;04 Leipziger Vorstadt, Pieschen;23 Jahre;259
2022;StB 1 Neustadt;04 Leipziger Vorstadt, Pieschen;24 Jahre;324
2022;StB 1 Neustadt;04 Leipziger Vorstadt, Pieschen;25 Jahre;327
2022;StB 1 Neustadt;04 Leipziger Vorstadt, Pieschen;26 Jahre;315
2022;StB 1 Neustadt;04 Leipziger Vorstadt, Pieschen;27 Jahre;287
2022;StB 1 Neustadt;04 Leipziger Vorstadt, Pieschen;28 Jahre;307
2022;StB 1 Neustadt;04 Leipziger Vorstadt, Pieschen;29 Jahre;304
2022;StB 1 Neustadt;04 Leipziger Vorstadt, Pieschen;30 Jahre;299
2022;StB 1 Neustadt;04 Leipziger Vorstadt, Pieschen;31 Jahre;298
2022;StB 1 Neustadt;04 Leipziger Vorstadt, Pieschen;32 Jahre;404
2022;StB 1 Neustadt;04 Leipziger Vorstadt, Pieschen;33 Jahre;399
2022;StB 1 Neustadt;04 Leipziger Vorstadt, Pieschen;34 Jahre;380
2022;StB 1 Neustadt;04 Leipziger Vorstadt, Pieschen;35 Jahre;351
2022;StB 1 Neustadt;04 Leipziger Vorstadt, Pieschen;36 Jahre;319
2022;StB 1 Neustadt;04 Leipziger Vorstadt, Pieschen;37 Jahre;303
2022;StB 1 Neustadt;04 Leipziger Vorstadt, Pieschen;38 Jahre;292
2022;StB 1 Neustadt;04 Leipziger Vorstadt, Pieschen;39 Jahre;287
2022;StB 1 Neustadt;04 Leipziger Vorstadt, Pieschen;40 Jahre;285
2022;StB 1 Neustadt;04 Leipziger Vorstadt, Pieschen;41 Jahre;239
2022;StB 1 Neustadt;04 Leipziger Vorstadt, Pieschen;42 Jahre;245
2022;StB 1 Neustadt;04 Leipziger Vorstadt, Pieschen;43 Jahre;264
2022;StB 1 Neustadt;04 Leipziger Vorstadt, Pieschen;44 Jahre;259
2022;StB 1 Neustadt;04 Leipziger Vorstadt, Pieschen;45 Jahre;215
2022;StB 1 Neustadt;04 Leipziger Vorstadt, Pieschen;46 Jahre;187
2022;StB 1 Neustadt;04 Leipziger Vorstadt, Pieschen;47 Jahre;157
2022;StB 1 Neustadt;04 Leipziger Vorstadt, Pieschen;48 Jahre;127
2022;StB 1 Neustadt;04 Leipziger Vorstadt, Pieschen;49 Jahre;136
2022;StB 1 Neustadt;04 Leipziger Vorstadt, Pieschen;50 Jahre;130
2022;StB 1 Neustadt;04 Leipziger Vorstadt, Pieschen;51 Jahre;144
2022;StB 1 Neustadt;04 Leipziger Vorstadt, Pieschen;52 Jahre;119
2022;StB 1 Neustadt;04 Leipziger Vorstadt, Pieschen;53 Jahre;94
2022;StB 1 Neustadt;04 Leipziger Vorstadt, Pieschen;54 Jahre;114
2022;StB 1 Neustadt;04 Leipziger Vorstadt, Pieschen;55 Jahre;111
2022;StB 1 Neustadt;04 Leipziger Vorstadt, Pieschen;56 Jahre;99
2022;StB 1 Neustadt;04 Leipziger Vorstadt, Pieschen;57 Jahre;86
2022;StB 1 Neustadt;04 Leipziger Vorstadt, Pieschen;58 Jahre;96
2022;StB 1 Neustadt;04 Leipziger Vorstadt, Pieschen;59 Jahre;99
2022;StB 1 Neustadt;04 Leipziger Vorstadt, Pieschen;60 Jahre;88
2022;StB 1 Neustadt;04 Leipziger Vorstadt, Pieschen;61 Jahre;89
2022;StB 1 Neustadt;04 Leipziger Vorstadt, Pieschen;62 Jahre;78
2022;StB 1 Neustadt;04 Leipziger Vorstadt, Pieschen;63 Jahre;62
2022;StB 1 Neustadt;04 Leipziger Vorstadt, Pieschen;64 Jahre;60
2022;StB 1 Neustadt;04 Leipziger Vorstadt, Pieschen;65 Jahre;56
2022;StB 1 Neustadt;04 Leipziger Vorstadt, Pieschen;66 Jahre;62
2022;StB 1 Neustadt;04 Leipziger Vorstadt, Pieschen;67 Jahre;50
2022;StB 1 Neustadt;04 Leipziger Vorstadt, Pieschen;68 Jahre;52
2022;StB 1 Neustadt;04 Leipziger Vorstadt, Pieschen;69 Jahre;43
2022;StB 1 Neustadt;04 Leipziger Vorstadt, Pieschen;70 Jahre;50
2022;StB 1 Neustadt;04 Leipziger Vorstadt, Pieschen;71 Jahre;52
2022;StB 1 Neustadt;04 Leipziger Vorstadt, Pieschen;72 Jahre;55
2022;StB 1 Neustadt;04 Leipziger Vorstadt, Pieschen;73 Jahre;40
2022;StB 1 Neustadt;04 Leipziger Vorstadt, Pieschen;74 Jahre;35
2022;StB 1 Neustadt;04 Leipziger Vorstadt, Pieschen;75 Jahre;39
2022;StB 1 Neustadt;04 Leipziger Vorstadt, Pieschen;76 Jahre;24
2022;StB 1 Neustadt;04 Leipziger Vorstadt, Pieschen;77 Jahre;24
2022;StB 1 Neustadt;04 Leipziger Vorstadt, Pieschen;78 Jahre;48
2022;StB 1 Neustadt;04 Leipziger Vorstadt, Pieschen;79 Jahre;36
2022;StB 1 Neustadt;04 Leipziger Vorstadt, Pieschen;80 Jahre;33
2022;StB 1 Neustadt;04 Leipziger Vorstadt, Pieschen;81 Jahre;37
2022;StB 1 Neustadt;04 Leipziger Vorstadt, Pieschen;82 Jahre;40
2022;StB 1 Neustadt;04 Leipziger Vorstadt, Pieschen;83 Jahre;32
2022;StB 1 Neustadt;04 Leipziger Vorstadt, Pieschen;84 Jahre;30
2022;StB 1 Neustadt;04 Leipziger Vorstadt, Pieschen;85 Jahre u.älter;110
2022;StB 2 Pieschen;04 Leipziger Vorstadt, Pieschen;0 Jahre;249
2022;StB 2 Pieschen;04 Leipziger Vorstadt, Pieschen;1 Jahre;299
2022;StB 2 Pieschen;04 Leipziger Vorstadt, Pieschen;2 Jahre;252
2022;StB 2 Pieschen;04 Leipziger Vorstadt, Pieschen;3 Jahre;279
2022;StB 2 Pieschen;04 Leipziger Vorstadt, Pieschen;4 Jahre;285
2022;StB 2 Pieschen;04 Leipziger Vorstadt, Pieschen;5 Jahre;302
2022;StB 2 Pieschen;04 Leipziger Vorstadt, Pieschen;6 Jahre;291
2022;StB 2 Pieschen;04 Leipziger Vorstadt, Pieschen;7 Jahre;296
2022;StB 2 Pieschen;04 Leipziger Vorstadt, Pieschen;8 Jahre;286
2022;StB 2 Pieschen;04 Leipziger Vorstadt, Pieschen;9 Jahre;258
2022;StB 2 Pieschen;04 Leipziger Vorstadt, Pieschen;10 Jahre;262
2022;StB 2 Pieschen;04 Leipziger Vorstadt, Pieschen;11 Jahre;257
2022;StB 2 Pieschen;04 Leipziger Vorstadt, Pieschen;12 Jahre;264
2022;StB 2 Pieschen;04 Leipziger Vorstadt, Pieschen;13 Jahre;247
2022;StB 2 Pieschen;04 Leipziger Vorstadt, Pieschen;14 Jahre;243
2022;StB 2 Pieschen;04 Leipziger Vorstadt, Pieschen;15 Jahre;234
2022;StB 2 Pieschen;04 Leipziger Vorstadt, Pieschen;16 Jahre;209
2022;StB 2 Pieschen;04 Leipziger Vorstadt, Pieschen;17 Jahre;189
2022;StB 2 Pieschen;04 Leipziger Vorstadt, Pieschen;18 Jahre;197
2022;StB 2 Pieschen;04 Leipziger Vorstadt, Pieschen;19 Jahre;226
2022;StB 2 Pieschen;04 Leipziger Vorstadt, Pieschen;20 Jahre;232
2022;StB 2 Pieschen;04 Leipziger Vorstadt, Pieschen;21 Jahre;248
2022;StB 2 Pieschen;04 Leipziger Vorstadt, Pieschen;22 Jahre;339
2022;StB 2 Pieschen;04 Leipziger Vorstadt, Pieschen;23 Jahre;361
2022;StB 2 Pieschen;04 Leipziger Vorstadt, Pieschen;24 Jahre;385
2022;StB 2 Pieschen;04 Leipziger Vorstadt, Pieschen;25 Jahre;399
2022;StB 2 Pieschen;04 Leipziger Vorstadt, Pieschen;26 Jahre;381
2022;StB 2 Pieschen;04 Leipziger Vorstadt, Pieschen;27 Jahre;394
2022;StB 2 Pieschen;04 Leipziger Vorstadt, Pieschen;28 Jahre;407
2022;StB 2 Pieschen;04 Leipziger Vorstadt, Pieschen;29 Jahre;411
2022;StB 2 Pieschen;04 Leipziger Vorstadt, Pieschen;30 Jahre;429
2022;StB 2 Pieschen;04 Leipziger Vorstadt, Pieschen;31 Jahre;427
2022;StB 2 Pieschen;04 Leipziger Vorstadt, Pieschen;32 Jahre;623
2022;StB 2 Pieschen;04 Leipziger Vorstadt, Pieschen;33 Jahre;605
2022;StB 2 Pieschen;04 Leipziger Vorstadt, Pieschen;34 Jahre;598
2022;StB 2 Pieschen;04 Leipziger Vorstadt, Pieschen;35 Jahre;623
2022;StB 2 Pieschen;04 Leipziger Vorstadt, Pieschen;36 Jahre;576
2022;StB 2 Pieschen;04 Leipziger Vorstadt, Pieschen;37 Jahre;569
2022;StB 2 Pieschen;04 Leipziger Vorstadt, Pieschen;38 Jahre;538
2022;StB 2 Pieschen;04 Leipziger Vorstadt, Pieschen;39 Jahre;560
2022;StB 2 Pieschen;04 Leipziger Vorstadt, Pieschen;40 Jahre;533
2022;StB 2 Pieschen;04 Leipziger Vorstadt, Pieschen;41 Jahre;471
2022;StB 2 Pieschen;04 Leipziger Vorstadt, Pieschen;42 Jahre;474
2022;StB 2 Pieschen;04 Leipziger Vorstadt, Pieschen;43 Jahre;447
2022;StB 2 Pieschen;04 Leipziger Vorstadt, Pieschen;44 Jahre;410
2022;StB 2 Pieschen;04 Leipziger Vorstadt, Pieschen;45 Jahre;383
2022;StB 2 Pieschen;04 Leipziger Vorstadt, Pieschen;46 Jahre;314
2022;StB 2 Pieschen;04 Leipziger Vorstadt, Pieschen;47 Jahre;304
2022;StB 2 Pieschen;04 Leipziger Vorstadt, Pieschen;48 Jahre;286
2022;StB 2 Pieschen;04 Leipziger Vorstadt, Pieschen;49 Jahre;252
2022;StB 2 Pieschen;04 Leipziger Vorstadt, Pieschen;50 Jahre;266
2022;StB 2 Pieschen;04 Leipziger Vorstadt, Pieschen;51 Jahre;288
2022;StB 2 Pieschen;04 Leipziger Vorstadt, Pieschen;52 Jahre;259
2022;StB 2 Pieschen;04 Leipziger Vorstadt, Pieschen;53 Jahre;260
2022;StB 2 Pieschen;04 Leipziger Vorstadt, Pieschen;54 Jahre;275
2022;StB 2 Pieschen;04 Leipziger Vorstadt, Pieschen;55 Jahre;246
2022;StB 2 Pieschen;04 Leipziger Vorstadt, Pieschen;56 Jahre;253
2022;StB 2 Pieschen;04 Leipziger Vorstadt, Pieschen;57 Jahre;272
2022;StB 2 Pieschen;04 Leipziger Vorstadt, Pieschen;58 Jahre;255
2022;StB 2 Pieschen;04 Leipziger Vorstadt, Pieschen;59 Jahre;265
2022;StB 2 Pieschen;04 Leipziger Vorstadt, Pieschen;60 Jahre;247
2022;StB 2 Pieschen;04 Leipziger Vorstadt, Pieschen;61 Jahre;253
2022;StB 2 Pieschen;04 Leipziger Vorstadt, Pieschen;62 Jahre;223
2022;StB 2 Pieschen;04 Leipziger Vorstadt, Pieschen;63 Jahre;209
2022;StB 2 Pieschen;04 Leipziger Vorstadt, Pieschen;64 Jahre;189
2022;StB 2 Pieschen;04 Leipziger Vorstadt, Pieschen;65 Jahre;174
2022;StB 2 Pieschen;04 Leipziger Vorstadt, Pieschen;66 Jahre;163
2022;StB 2 Pieschen;04 Leipziger Vorstadt, Pieschen;67 Jahre;152
2022;StB 2 Pieschen;04 Leipziger Vorstadt, Pieschen;68 Jahre;153
2022;StB 2 Pieschen;04 Leipziger Vorstadt, Pieschen;69 Jahre;156
2022;StB 2 Pieschen;04 Leipziger Vorstadt, Pieschen;70 Jahre;158
2022;StB 2 Pieschen;04 Leipziger Vorstadt, Pieschen;71 Jahre;163
2022;StB 2 Pieschen;04 Leipziger Vorstadt, Pieschen;72 Jahre;126
2022;StB 2 Pieschen;04 Leipziger Vorstadt, Pieschen;73 Jahre;140
2022;StB 2 Pieschen;04 Leipziger Vorstadt, Pieschen;74 Jahre;91
2022;StB 2 Pieschen;04 Leipziger Vorstadt, Pieschen;75 Jahre;121
2022;StB 2 Pieschen;04 Leipziger Vorstadt, Pieschen;76 Jahre;75
2022;StB 2 Pieschen;04 Leipziger Vorstadt, Pieschen;77 Jahre;85
2022;StB 2 Pieschen;04 Leipziger Vorstadt, Pieschen;78 Jahre;121
2022;StB 2 Pieschen;04 Leipziger Vorstadt, Pieschen;79 Jahre;143
2022;StB 2 Pieschen;04 Leipziger Vorstadt, Pieschen;80 Jahre;94
2022;StB 2 Pieschen;04 Leipziger Vorstadt, Pieschen;81 Jahre;116
2022;StB 2 Pieschen;04 Leipziger Vorstadt, Pieschen;82 Jahre;132
2022;StB 2 Pieschen;04 Leipziger Vorstadt, Pieschen;83 Jahre;100
2022;StB 2 Pieschen;04 Leipziger Vorstadt, Pieschen;84 Jahre;89
2022;StB 2 Pieschen;04 Leipziger Vorstadt, Pieschen;85 Jahre u.älter;481
2022;StB 2 Pieschen;05 Mickten, Kaditz, Trachau;0 Jahre;238
2022;StB 2 Pieschen;05 Mickten, Kaditz, Trachau;1 Jahre;306
2022;StB 2 Pieschen;05 Mickten, Kaditz, Trachau;2 Jahre;278
2022;StB 2 Pieschen;05 Mickten, Kaditz, Trachau;3 Jahre;292
2022;StB 2 Pieschen;05 Mickten, Kaditz, Trachau;4 Jahre;292
2022;StB 2 Pieschen;05 Mickten, Kaditz, Trachau;5 Jahre;329
2022;StB 2 Pieschen;05 Mickten, Kaditz, Trachau;6 Jahre;321
2022;StB 2 Pieschen;05 Mickten, Kaditz, Trachau;7 Jahre;300
2022;StB 2 Pieschen;05 Mickten, Kaditz, Trachau;8 Jahre;317
2022;StB 2 Pieschen;05 Mickten, Kaditz, Trachau;9 Jahre;331
2022;StB 2 Pieschen;05 Mickten, Kaditz, Trachau;10 Jahre;305
2022;StB 2 Pieschen;05 Mickten, Kaditz, Trachau;11 Jahre;301
2022;StB 2 Pieschen;05 Mickten, Kaditz, Trachau;12 Jahre;321
2022;StB 2 Pieschen;05 Mickten, Kaditz, Trachau;13 Jahre;261
2022;StB 2 Pieschen;05 Mickten, Kaditz, Trachau;14 Jahre;268
2022;StB 2 Pieschen;05 Mickten, Kaditz, Trachau;15 Jahre;313
2022;StB 2 Pieschen;05 Mickten, Kaditz, Trachau;16 Jahre;279
2022;StB 2 Pieschen;05 Mickten, Kaditz, Trachau;17 Jahre;272
2022;StB 2 Pieschen;05 Mickten, Kaditz, Trachau;18 Jahre;241
2022;StB 2 Pieschen;05 Mickten, Kaditz, Trachau;19 Jahre;236
2022;StB 2 Pieschen;05 Mickten, Kaditz, Trachau;20 Jahre;253
2022;StB 2 Pieschen;05 Mickten, Kaditz, Trachau;21 Jahre;258
2022;StB 2 Pieschen;05 Mickten, Kaditz, Trachau;22 Jahre;281
2022;StB 2 Pieschen;05 Mickten, Kaditz, Trachau;23 Jahre;274
2022;StB 2 Pieschen;05 Mickten, Kaditz, Trachau;24 Jahre;280
2022;StB 2 Pieschen;05 Mickten, Kaditz, Trachau;25 Jahre;277
2022;StB 2 Pieschen;05 Mickten, Kaditz, Trachau;26 Jahre;298
2022;StB 2 Pieschen;05 Mickten, Kaditz, Trachau;27 Jahre;252
2022;StB 2 Pieschen;05 Mickten, Kaditz, Trachau;28 Jahre;256
2022;StB 2 Pieschen;05 Mickten, Kaditz, Trachau;29 Jahre;305
2022;StB 2 Pieschen;05 Mickten, Kaditz, Trachau;30 Jahre;281
2022;StB 2 Pieschen;05 Mickten, Kaditz, Trachau;31 Jahre;360
2022;StB 2 Pieschen;05 Mickten, Kaditz, Trachau;32 Jahre;535
2022;StB 2 Pieschen;05 Mickten, Kaditz, Trachau;33 Jahre;524
2022;StB 2 Pieschen;05 Mickten, Kaditz, Trachau;34 Jahre;566
2022;StB 2 Pieschen;05 Mickten, Kaditz, Trachau;35 Jahre;562
2022;StB 2 Pieschen;05 Mickten, Kaditz, Trachau;36 Jahre;556
2022;StB 2 Pieschen;05 Mickten, Kaditz, Trachau;37 Jahre;546
2022;StB 2 Pieschen;05 Mickten, Kaditz, Trachau;38 Jahre;501
2022;StB 2 Pieschen;05 Mickten, Kaditz, Trachau;39 Jahre;523
2022;StB 2 Pieschen;05 Mickten, Kaditz, Trachau;40 Jahre;540
2022;StB 2 Pieschen;05 Mickten, Kaditz, Trachau;41 Jahre;500
2022;StB 2 Pieschen;05 Mickten, Kaditz, Trachau;42 Jahre;519
2022;StB 2 Pieschen;05 Mickten, Kaditz, Trachau;43 Jahre;483
2022;StB 2 Pieschen;05 Mickten, Kaditz, Trachau;44 Jahre;481
2022;StB 2 Pieschen;05 Mickten, Kaditz, Trachau;45 Jahre;440
2022;StB 2 Pieschen;05 Mickten, Kaditz, Trachau;46 Jahre;360
2022;StB 2 Pieschen;05 Mickten, Kaditz, Trachau;47 Jahre;341
2022;StB 2 Pieschen;05 Mickten, Kaditz, Trachau;48 Jahre;316
2022;StB 2 Pieschen;05 Mickten, Kaditz, Trachau;49 Jahre;311
2022;StB 2 Pieschen;05 Mickten, Kaditz, Trachau;50 Jahre;321
2022;StB 2 Pieschen;05 Mickten, Kaditz, Trachau;51 Jahre;431
2022;StB 2 Pieschen;05 Mickten, Kaditz, Trachau;52 Jahre;376
2022;StB 2 Pieschen;05 Mickten, Kaditz, Trachau;53 Jahre;434
2022;StB 2 Pieschen;05 Mickten, Kaditz, Trachau;54 Jahre;381
2022;StB 2 Pieschen;05 Mickten, Kaditz, Trachau;55 Jahre;397
2022;StB 2 Pieschen;05 Mickten, Kaditz, Trachau;56 Jahre;397
2022;StB 2 Pieschen;05 Mickten, Kaditz, Trachau;57 Jahre;385
2022;StB 2 Pieschen;05 Mickten, Kaditz, Trachau;58 Jahre;368
2022;StB 2 Pieschen;05 Mickten, Kaditz, Trachau;59 Jahre;432
2022;StB 2 Pieschen;05 Mickten, Kaditz, Trachau;60 Jahre;381
2022;StB 2 Pieschen;05 Mickten, Kaditz, Trachau;61 Jahre;374
2022;StB 2 Pieschen;05 Mickten, Kaditz, Trachau;62 Jahre;340
2022;StB 2 Pieschen;05 Mickten, Kaditz, Trachau;63 Jahre;340
2022;StB 2 Pieschen;05 Mickten, Kaditz, Trachau;64 Jahre;299
2022;StB 2 Pieschen;05 Mickten, Kaditz, Trachau;65 Jahre;301
2022;StB 2 Pieschen;05 Mickten, Kaditz, Trachau;66 Jahre;268
2022;StB 2 Pieschen;05 Mickten, Kaditz, Trachau;67 Jahre;267
2022;StB 2 Pieschen;05 Mickten, Kaditz, Trachau;68 Jahre;302
2022;StB 2 Pieschen;05 Mickten, Kaditz, Trachau;69 Jahre;271
2022;StB 2 Pieschen;05 Mickten, Kaditz, Trachau;70 Jahre;259
2022;StB 2 Pieschen;05 Mickten, Kaditz, Trachau;71 Jahre;294
2022;StB 2 Pieschen;05 Mickten, Kaditz, Trachau;72 Jahre;302
2022;StB 2 Pieschen;05 Mickten, Kaditz, Trachau;73 Jahre;236
2022;StB 2 Pieschen;05 Mickten, Kaditz, Trachau;74 Jahre;183
2022;StB 2 Pieschen;05 Mickten, Kaditz, Trachau;75 Jahre;184
2022;StB 2 Pieschen;05 Mickten, Kaditz, Trachau;76 Jahre;149
2022;StB 2 Pieschen;05 Mickten, Kaditz, Trachau;77 Jahre;184
2022;StB 2 Pieschen;05 Mickten, Kaditz, Trachau;78 Jahre;278
2022;StB 2 Pieschen;05 Mickten, Kaditz, Trachau;79 Jahre;256
2022;StB 2 Pieschen;05 Mickten, Kaditz, Trachau;80 Jahre;228
2022;StB 2 Pieschen;05 Mickten, Kaditz, Trachau;81 Jahre;248
2022;StB 2 Pieschen;05 Mickten, Kaditz, Trachau;82 Jahre;271
2022;StB 2 Pieschen;05 Mickten, Kaditz, Trachau;83 Jahre;241
2022;StB 2 Pieschen;05 Mickten, Kaditz, Trachau;84 Jahre;196
2022;StB 2 Pieschen;05 Mickten, Kaditz, Trachau;85 Jahre u.älter;832
2022;StB 3 Klotzsche/nördliche Ortschaften;06 StB Klotzsche und nördliche OS;0 Jahre;171
2022;StB 3 Klotzsche/nördliche Ortschaften;06 StB Klotzsche und nördliche OS;1 Jahre;235
2022;StB 3 Klotzsche/nördliche Ortschaften;06 StB Klotzsche und nördliche OS;2 Jahre;251
2022;StB 3 Klotzsche/nördliche Ortschaften;06 StB Klotzsche und nördliche OS;3 Jahre;288
2022;StB 3 Klotzsche/nördliche Ortschaften;06 StB Klotzsche und nördliche OS;4 Jahre;300
2022;StB 3 Klotzsche/nördliche Ortschaften;06 StB Klotzsche und nördliche OS;5 Jahre;338
2022;StB 3 Klotzsche/nördliche Ortschaften;06 StB Klotzsche und nördliche OS;6 Jahre;359
2022;StB 3 Klotzsche/nördliche Ortschaften;06 StB Klotzsche und nördliche OS;7 Jahre;344
2022;StB 3 Klotzsche/nördliche Ortschaften;06 StB Klotzsche und nördliche OS;8 Jahre;382
2022;StB 3 Klotzsche/nördliche Ortschaften;06 StB Klotzsche und nördliche OS;9 Jahre;355
2022;StB 3 Klotzsche/nördliche Ortschaften;06 StB Klotzsche und nördliche OS;10 Jahre;350
2022;StB 3 Klotzsche/nördliche Ortschaften;06 StB Klotzsche und nördliche OS;11 Jahre;377
2022;StB 3 Klotzsche/nördliche Ortschaften;06 StB Klotzsche und nördliche OS;12 Jahre;373
2022;StB 3 Klotzsche/nördliche Ortschaften;06 StB Klotzsche und nördliche OS;13 Jahre;360
2022;StB 3 Klotzsche/nördliche Ortschaften;06 StB Klotzsche und nördliche OS;14 Jahre;365
2022;StB 3 Klotzsche/nördliche Ortschaften;06 StB Klotzsche und nördliche OS;15 Jahre;363
2022;StB 3 Klotzsche/nördliche Ortschaften;06 StB Klotzsche und nördliche OS;16 Jahre;322
2022;StB 3 Klotzsche/nördliche Ortschaften;06 StB Klotzsche und nördliche OS;17 Jahre;341
2022;StB 3 Klotzsche/nördliche Ortschaften;06 StB Klotzsche und nördliche OS;18 Jahre;321
2022;StB 3 Klotzsche/nördliche Ortschaften;06 StB Klotzsche und nördliche OS;19 Jahre;279
2022;StB 3 Klotzsche/nördliche Ortschaften;06 StB Klotzsche und nördliche OS;20 Jahre;245
2022;StB 3 Klotzsche/nördliche Ortschaften;06 StB Klotzsche und nördliche OS;21 Jahre;209
2022;StB 3 Klotzsche/nördliche Ortschaften;06 StB Klotzsche und nördliche OS;22 Jahre;211
2022;StB 3 Klotzsche/nördliche Ortschaften;06 StB Klotzsche und nördliche OS;23 Jahre;186
2022;StB 3 Klotzsche/nördliche Ortschaften;06 StB Klotzsche und nördliche OS;24 Jahre;188
2022;StB 3 Klotzsche/nördliche Ortschaften;06 StB Klotzsche und nördliche OS;25 Jahre;169
2022;StB 3 Klotzsche/nördliche Ortschaften;06 StB Klotzsche und nördliche OS;26 Jahre;170
2022;StB 3 Klotzsche/nördliche Ortschaften;06 StB Klotzsche und nördliche OS;27 Jahre;150
2022;StB 3 Klotzsche/nördliche Ortschaften;06 StB Klotzsche und nördliche OS;28 Jahre;135
2022;StB 3 Klotzsche/nördliche Ortschaften;06 StB Klotzsche und nördliche OS;29 Jahre;140
2022;StB 3 Klotzsche/nördliche Ortschaften;06 StB Klotzsche und nördliche OS;30 Jahre;158
2022;StB 3 Klotzsche/nördliche Ortschaften;06 StB Klotzsche und nördliche OS;31 Jahre;203
2022;StB 3 Klotzsche/nördliche Ortschaften;06 StB Klotzsche und nördliche OS;32 Jahre;295
2022;StB 3 Klotzsche/nördliche Ortschaften;06 StB Klotzsche und nördliche OS;33 Jahre;342
2022;StB 3 Klotzsche/nördliche Ortschaften;06 StB Klotzsche und nördliche OS;34 Jahre;378
2022;StB 3 Klotzsche/nördliche Ortschaften;06 StB Klotzsche und nördliche OS;35 Jahre;384
2022;StB 3 Klotzsche/nördliche Ortschaften;06 StB Klotzsche und nördliche OS;36 Jahre;371
2022;StB 3 Klotzsche/nördliche Ortschaften;06 StB Klotzsche und nördliche OS;37 Jahre;390
2022;StB 3 Klotzsche/nördliche Ortschaften;06 StB Klotzsche und nördliche OS;38 Jahre;395
2022;StB 3 Klotzsche/nördliche Ortschaften;06 StB Klotzsche und nördliche OS;39 Jahre;407
2022;StB 3 Klotzsche/nördliche Ortschaften;06 StB Klotzsche und nördliche OS;40 Jahre;408
2022;StB 3 Klotzsche/nördliche Ortschaften;06 StB Klotzsche und nördliche OS;41 Jahre;475
2022;StB 3 Klotzsche/nördliche Ortschaften;06 StB Klotzsche und nördliche OS;42 Jahre;448
2022;StB 3 Klotzsche/nördliche Ortschaften;06 StB Klotzsche und nördliche OS;43 Jahre;462
2022;StB 3 Klotzsche/nördliche Ortschaften;06 StB Klotzsche und nördliche OS;44 Jahre;505
2022;StB 3 Klotzsche/nördliche Ortschaften;06 StB Klotzsche und nördliche OS;45 Jahre;473
2022;StB 3 Klotzsche/nördliche Ortschaften;06 StB Klotzsche und nördliche OS;46 Jahre;398
2022;StB 3 Klotzsche/nördliche Ortschaften;06 StB Klotzsche und nördliche OS;47 Jahre;421
2022;StB 3 Klotzsche/nördliche Ortschaften;06 StB Klotzsche und nördliche OS;48 Jahre;374
2022;StB 3 Klotzsche/nördliche Ortschaften;06 StB Klotzsche und nördliche OS;49 Jahre;330
2022;StB 3 Klotzsche/nördliche Ortschaften;06 StB Klotzsche und nördliche OS;50 Jahre;452
2022;StB 3 Klotzsche/nördliche Ortschaften;06 StB Klotzsche und nördliche OS;51 Jahre;482
2022;StB 3 Klotzsche/nördliche Ortschaften;06 StB Klotzsche und nördliche OS;52 Jahre;512
2022;StB 3 Klotzsche/nördliche Ortschaften;06 StB Klotzsche und nördliche OS;53 Jahre;488
2022;StB 3 Klotzsche/nördliche Ortschaften;06 StB Klotzsche und nördliche OS;54 Jahre;522
2022;StB 3 Klotzsche/nördliche Ortschaften;06 StB Klotzsche und nördliche OS;55 Jahre;523
2022;StB 3 Klotzsche/nördliche Ortschaften;06 StB Klotzsche und nördliche OS;56 Jahre;542
2022;StB 3 Klotzsche/nördliche Ortschaften;06 StB Klotzsche und nördliche OS;57 Jahre;508
2022;StB 3 Klotzsche/nördliche Ortschaften;06 StB Klotzsche und nördliche OS;58 Jahre;558
2022;StB 3 Klotzsche/nördliche Ortschaften;06 StB Klotzsche und nördliche OS;59 Jahre;499
2022;StB 3 Klotzsche/nördliche Ortschaften;06 StB Klotzsche und nördliche OS;60 Jahre;525
2022;StB 3 Klotzsche/nördliche Ortschaften;06 StB Klotzsche und nördliche OS;61 Jahre;497
2022;StB 3 Klotzsche/nördliche Ortschaften;06 StB Klotzsche und nördliche OS;62 Jahre;444
2022;StB 3 Klotzsche/nördliche Ortschaften;06 StB Klotzsche und nördliche OS;63 Jahre;473
2022;StB 3 Klotzsche/nördliche Ortschaften;06 StB Klotzsche und nördliche OS;64 Jahre;440
2022;StB 3 Klotzsche/nördliche Ortschaften;06 StB Klotzsche und nördliche OS;65 Jahre;429
2022;StB 3 Klotzsche/nördliche Ortschaften;06 StB Klotzsche und nördliche OS;66 Jahre;420
2022;StB 3 Klotzsche/nördliche Ortschaften;06 StB Klotzsche und nördliche OS;67 Jahre;431
2022;StB 3 Klotzsche/nördliche Ortschaften;06 StB Klotzsche und nördliche OS;68 Jahre;421
2022;StB 3 Klotzsche/nördliche Ortschaften;06 StB Klotzsche und nördliche OS;69 Jahre;380
2022;StB 3 Klotzsche/nördliche Ortschaften;06 StB Klotzsche und nördliche OS;70 Jahre;416
2022;StB 3 Klotzsche/nördliche Ortschaften;06 StB Klotzsche und nördliche OS;71 Jahre;372
2022;StB 3 Klotzsche/nördliche Ortschaften;06 StB Klotzsche und nördliche OS;72 Jahre;381
2022;StB 3 Klotzsche/nördliche Ortschaften;06 StB Klotzsche und nördliche OS;73 Jahre;336
2022;StB 3 Klotzsche/nördliche Ortschaften;06 StB Klotzsche und nördliche OS;74 Jahre;276
2022;StB 3 Klotzsche/nördliche Ortschaften;06 StB Klotzsche und nördliche OS;75 Jahre;307
2022;StB 3 Klotzsche/nördliche Ortschaften;06 StB Klotzsche und nördliche OS;76 Jahre;196
2022;StB 3 Klotzsche/nördliche Ortschaften;06 StB Klotzsche und nördliche OS;77 Jahre;247
2022;StB 3 Klotzsche/nördliche Ortschaften;06 StB Klotzsche und nördliche OS;78 Jahre;354
2022;StB 3 Klotzsche/nördliche Ortschaften;06 StB Klotzsche und nördliche OS;79 Jahre;398
2022;StB 3 Klotzsche/nördliche Ortschaften;06 StB Klotzsche und nördliche OS;80 Jahre;314
2022;StB 3 Klotzsche/nördliche Ortschaften;06 StB Klotzsche und nördliche OS;81 Jahre;370
2022;StB 3 Klotzsche/nördliche Ortschaften;06 StB Klotzsche und nördliche OS;82 Jahre;360
2022;StB 3 Klotzsche/nördliche Ortschaften;06 StB Klotzsche und nördliche OS;83 Jahre;312
2022;StB 3 Klotzsche/nördliche Ortschaften;06 StB Klotzsche und nördliche OS;84 Jahre;239
2022;StB 3 Klotzsche/nördliche Ortschaften;06 StB Klotzsche und nördliche OS;85 Jahre u.älter;1317
2022;StB 4 Loschwitz/OS Schönfeld-Weißig;07 StB Loschwitz und OS Schönfeld-Weißig;0 Jahre;180
2022;StB 4 Loschwitz/OS Schönfeld-Weißig;07 StB Loschwitz und OS Schönfeld-Weißig;1 Jahre;262
2022;StB 4 Loschwitz/OS Schönfeld-Weißig;07 StB Loschwitz und OS Schönfeld-Weißig;2 Jahre;255
2022;StB 4 Loschwitz/OS Schönfeld-Weißig;07 StB Loschwitz und OS Schönfeld-Weißig;3 Jahre;267
2022;StB 4 Loschwitz/OS Schönfeld-Weißig;07 StB Loschwitz und OS Schönfeld-Weißig;4 Jahre;330
2022;StB 4 Loschwitz/OS Schönfeld-Weißig;07 StB Loschwitz und OS Schönfeld-Weißig;5 Jahre;344
2022;StB 4 Loschwitz/OS Schönfeld-Weißig;07 StB Loschwitz und OS Schönfeld-Weißig;6 Jahre;383
2022;StB 4 Loschwitz/OS Schönfeld-Weißig;07 StB Loschwitz und OS Schönfeld-Weißig;7 Jahre;367
2022;StB 4 Loschwitz/OS Schönfeld-Weißig;07 StB Loschwitz und OS Schönfeld-Weißig;8 Jahre;385
2022;StB 4 Loschwitz/OS Schönfeld-Weißig;07 StB Loschwitz und OS Schönfeld-Weißig;9 Jahre;382
2022;StB 4 Loschwitz/OS Schönfeld-Weißig;07 StB Loschwitz und OS Schönfeld-Weißig;10 Jahre;402
2022;StB 4 Loschwitz/OS Schönfeld-Weißig;07 StB Loschwitz und OS Schönfeld-Weißig;11 Jahre;401
2022;StB 4 Loschwitz/OS Schönfeld-Weißig;07 StB Loschwitz und OS Schönfeld-Weißig;12 Jahre;392
2022;StB 4 Loschwitz/OS Schönfeld-Weißig;07 StB Loschwitz und OS Schönfeld-Weißig;13 Jahre;410
2022;StB 4 Loschwitz/OS Schönfeld-Weißig;07 StB Loschwitz und OS Schönfeld-Weißig;14 Jahre;429
2022;StB 4 Loschwitz/OS Schönfeld-Weißig;07 StB Loschwitz und OS Schönfeld-Weißig;15 Jahre;421
2022;StB 4 Loschwitz/OS Schönfeld-Weißig;07 StB Loschwitz und OS Schönfeld-Weißig;16 Jahre;400
2022;StB 4 Loschwitz/OS Schönfeld-Weißig;07 StB Loschwitz und OS Schönfeld-Weißig;17 Jahre;343
2022;StB 4 Loschwitz/OS Schönfeld-Weißig;07 StB Loschwitz und OS Schönfeld-Weißig;18 Jahre;365
2022;StB 4 Loschwitz/OS Schönfeld-Weißig;07 StB Loschwitz und OS Schönfeld-Weißig;19 Jahre;318
2022;StB 4 Loschwitz/OS Schönfeld-Weißig;07 StB Loschwitz und OS Schönfeld-Weißig;20 Jahre;247
2022;StB 4 Loschwitz/OS Schönfeld-Weißig;07 StB Loschwitz und OS Schönfeld-Weißig;21 Jahre;229
2022;StB 4 Loschwitz/OS Schönfeld-Weißig;07 StB Loschwitz und OS Schönfeld-Weißig;22 Jahre;201
2022;StB 4 Loschwitz/OS Schönfeld-Weißig;07 StB Loschwitz und OS Schönfeld-Weißig;23 Jahre;194
2022;StB 4 Loschwitz/OS Schönfeld-Weißig;07 StB Loschwitz und OS Schönfeld-Weißig;24 Jahre;167
2022;StB 4 Loschwitz/OS Schönfeld-Weißig;07 StB Loschwitz und OS Schönfeld-Weißig;25 Jahre;166
2022;StB 4 Loschwitz/OS Schönfeld-Weißig;07 StB Loschwitz und OS Schönfeld-Weißig;26 Jahre;156
2022;StB 4 Loschwitz/OS Schönfeld-Weißig;07 StB Loschwitz und OS Schönfeld-Weißig;27 Jahre;147
2022;StB 4 Loschwitz/OS Schönfeld-Weißig;07 StB Loschwitz und OS Schönfeld-Weißig;28 Jahre;134
2022;StB 4 Loschwitz/OS Schönfeld-Weißig;07 StB Loschwitz und OS Schönfeld-Weißig;29 Jahre;165
2022;StB 4 Loschwitz/OS Schönfeld-Weißig;07 StB Loschwitz und OS Schönfeld-Weißig;30 Jahre;153
2022;StB 4 Loschwitz/OS Schönfeld-Weißig;07 StB Loschwitz und OS Schönfeld-Weißig;31 Jahre;207
2022;StB 4 Loschwitz/OS Schönfeld-Weißig;07 StB Loschwitz und OS Schönfeld-Weißig;32 Jahre;277
2022;StB 4 Loschwitz/OS Schönfeld-Weißig;07 StB Loschwitz und OS Schönfeld-Weißig;33 Jahre;327
2022;StB 4 Loschwitz/OS Schönfeld-Weißig;07 StB Loschwitz und OS Schönfeld-Weißig;34 Jahre;350
2022;StB 4 Loschwitz/OS Schönfeld-Weißig;07 StB Loschwitz und OS Schönfeld-Weißig;35 Jahre;355
2022;StB 4 Loschwitz/OS Schönfeld-Weißig;07 StB Loschwitz und OS Schönfeld-Weißig;36 Jahre;330
2022;StB 4 Loschwitz/OS Schönfeld-Weißig;07 StB Loschwitz und OS Schönfeld-Weißig;37 Jahre;394
2022;StB 4 Loschwitz/OS Schönfeld-Weißig;07 StB Loschwitz und OS Schönfeld-Weißig;38 Jahre;390
2022;StB 4 Loschwitz/OS Schönfeld-Weißig;07 StB Loschwitz und OS Schönfeld-Weißig;39 Jahre;411
2022;StB 4 Loschwitz/OS Schönfeld-Weißig;07 StB Loschwitz und OS Schönfeld-Weißig;40 Jahre;467
2022;StB 4 Loschwitz/OS Schönfeld-Weißig;07 StB Loschwitz und OS Schönfeld-Weißig;41 Jahre;438
2022;StB 4 Loschwitz/OS Schönfeld-Weißig;07 StB Loschwitz und OS Schönfeld-Weißig;42 Jahre;470
2022;StB 4 Loschwitz/OS Schönfeld-Weißig;07 StB Loschwitz und OS Schönfeld-Weißig;43 Jahre;522
2022;StB 4 Loschwitz/OS Schönfeld-Weißig;07 StB Loschwitz und OS Schönfeld-Weißig;44 Jahre;505
2022;StB 4 Loschwitz/OS Schönfeld-Weißig;07 StB Loschwitz und OS Schönfeld-Weißig;45 Jahre;522
2022;StB 4 Loschwitz/OS Schönfeld-Weißig;07 StB Loschwitz und OS Schönfeld-Weißig;46 Jahre;520
2022;StB 4 Loschwitz/OS Schönfeld-Weißig;07 StB Loschwitz und OS Schönfeld-Weißig;47 Jahre;449
2022;StB 4 Loschwitz/OS Schönfeld-Weißig;07 StB Loschwitz und OS Schönfeld-Weißig;48 Jahre;493
2022;StB 4 Loschwitz/OS Schönfeld-Weißig;07 StB Loschwitz und OS Schönfeld-Weißig;49 Jahre;451
2022;StB 4 Loschwitz/OS Schönfeld-Weißig;07 StB Loschwitz und OS Schönfeld-Weißig;50 Jahre;483
2022;StB 4 Loschwitz/OS Schönfeld-Weißig;07 StB Loschwitz und OS Schönfeld-Weißig;51 Jahre;541
2022;StB 4 Loschwitz/OS Schönfeld-Weißig;07 StB Loschwitz und OS Schönfeld-Weißig;52 Jahre;562
2022;StB 4 Loschwitz/OS Schönfeld-Weißig;07 StB Loschwitz und OS Schönfeld-Weißig;53 Jahre;542
2022;StB 4 Loschwitz/OS Schönfeld-Weißig;07 StB Loschwitz und OS Schönfeld-Weißig;54 Jahre;537
2022;StB 4 Loschwitz/OS Schönfeld-Weißig;07 StB Loschwitz und OS Schönfeld-Weißig;55 Jahre;568
2022;StB 4 Loschwitz/OS Schönfeld-Weißig;07 StB Loschwitz und OS Schönfeld-Weißig;56 Jahre;550
2022;StB 4 Loschwitz/OS Schönfeld-Weißig;07 StB Loschwitz und OS Schönfeld-Weißig;57 Jahre;600
2022;StB 4 Loschwitz/OS Schönfeld-Weißig;07 StB Loschwitz und OS Schönfeld-Weißig;58 Jahre;559
2022;StB 4 Loschwitz/OS Schönfeld-Weißig;07 StB Loschwitz und OS Schönfeld-Weißig;59 Jahre;571
2022;StB 4 Loschwitz/OS Schönfeld-Weißig;07 StB Loschwitz und OS Schönfeld-Weißig;60 Jahre;542
2022;StB 4 Loschwitz/OS Schönfeld-Weißig;07 StB Loschwitz und OS Schönfeld-Weißig;61 Jahre;521
2022;StB 4 Loschwitz/OS Schönfeld-Weißig;07 StB Loschwitz und OS Schönfeld-Weißig;62 Jahre;489
2022;StB 4 Loschwitz/OS Schönfeld-Weißig;07 StB Loschwitz und OS Schönfeld-Weißig;63 Jahre;476
2022;StB 4 Loschwitz/OS Schönfeld-Weißig;07 StB Loschwitz und OS Schönfeld-Weißig;64 Jahre;406
2022;StB 4 Loschwitz/OS Schönfeld-Weißig;07 StB Loschwitz und OS Schönfeld-Weißig;65 Jahre;388
2022;StB 4 Loschwitz/OS Schönfeld-Weißig;07 StB Loschwitz und OS Schönfeld-Weißig;66 Jahre;386
2022;StB 4 Loschwitz/OS Schönfeld-Weißig;07 StB Loschwitz und OS Schönfeld-Weißig;67 Jahre;439
2022;StB 4 Loschwitz/OS Schönfeld-Weißig;07 StB Loschwitz und OS Schönfeld-Weißig;68 Jahre;427
2022;StB 4 Loschwitz/OS Schönfeld-Weißig;07 StB Loschwitz und OS Schönfeld-Weißig;69 Jahre;440
2022;StB 4 Loschwitz/OS Schönfeld-Weißig;07 StB Loschwitz und OS Schönfeld-Weißig;70 Jahre;434
2022;StB 4 Loschwitz/OS Schönfeld-Weißig;07 StB Loschwitz und OS Schönfeld-Weißig;71 Jahre;435
2022;StB 4 Loschwitz/OS Schönfeld-Weißig;07 StB Loschwitz und OS Schönfeld-Weißig;72 Jahre;407
2022;StB 4 Loschwitz/OS Schönfeld-Weißig;07 StB Loschwitz und OS Schönfeld-Weißig;73 Jahre;352
2022;StB 4 Loschwitz/OS Schönfeld-Weißig;07 StB Loschwitz und OS Schönfeld-Weißig;74 Jahre;278
2022;StB 4 Loschwitz/OS Schönfeld-Weißig;07 StB Loschwitz und OS Schönfeld-Weißig;75 Jahre;311
2022;StB 4 Loschwitz/OS Schönfeld-Weißig;07 StB Loschwitz und OS Schönfeld-Weißig;76 Jahre;238
2022;StB 4 Loschwitz/OS Schönfeld-Weißig;07 StB Loschwitz und OS Schönfeld-Weißig;77 Jahre;275
2022;StB 4 Loschwitz/OS Schönfeld-Weißig;07 StB Loschwitz und OS Schönfeld-Weißig;78 Jahre;394
2022;StB 4 Loschwitz/OS Schönfeld-Weißig;07 StB Loschwitz und OS Schönfeld-Weißig;79 Jahre;390
2022;StB 4 Loschwitz/OS Schönfeld-Weißig;07 StB Loschwitz und OS Schönfeld-Weißig;80 Jahre;368
2022;StB 4 Loschwitz/OS Schönfeld-Weißig;07 StB Loschwitz und OS Schönfeld-Weißig;81 Jahre;382
2022;StB 4 Loschwitz/OS Schönfeld-Weißig;07 StB Loschwitz und OS Schönfeld-Weißig;82 Jahre;398
2022;StB 4 Loschwitz/OS Schönfeld-Weißig;07 StB Loschwitz und OS Schönfeld-Weißig;83 Jahre;362
2022;StB 4 Loschwitz/OS Schönfeld-Weißig;07 StB Loschwitz und OS Schönfeld-Weißig;84 Jahre;304
2022;StB 4 Loschwitz/OS Schönfeld-Weißig;07 StB Loschwitz und OS Schönfeld-Weißig;85 Jahre u.älter;1359
2022;StB 5 Blasewitz;08 Blasewitz, Striesen;0 Jahre;470
2022;StB 5 Blasewitz;08 Blasewitz, Striesen;1 Jahre;507
2022;StB 5 Blasewitz;08 Blasewitz, Striesen;2 Jahre;535
2022;StB 5 Blasewitz;08 Blasewitz, Striesen;3 Jahre;551
2022;StB 5 Blasewitz;08 Blasewitz, Striesen;4 Jahre;573
2022;StB 5 Blasewitz;08 Blasewitz, Striesen;5 Jahre;559
2022;StB 5 Blasewitz;08 Blasewitz, Striesen;6 Jahre;598
2022;StB 5 Blasewitz;08 Blasewitz, Striesen;7 Jahre;572
2022;StB 5 Blasewitz;08 Blasewitz, Striesen;8 Jahre;581
2022;StB 5 Blasewitz;08 Blasewitz, Striesen;9 Jahre;494
2022;StB 5 Blasewitz;08 Blasewitz, Striesen;10 Jahre;554
2022;StB 5 Blasewitz;08 Blasewitz, Striesen;11 Jahre;513
2022;StB 5 Blasewitz;08 Blasewitz, Striesen;12 Jahre;503
2022;StB 5 Blasewitz;08 Blasewitz, Striesen;13 Jahre;540
2022;StB 5 Blasewitz;08 Blasewitz, Striesen;14 Jahre;487
2022;StB 5 Blasewitz;08 Blasewitz, Striesen;15 Jahre;477
2022;StB 5 Blasewitz;08 Blasewitz, Striesen;16 Jahre;457
2022;StB 5 Blasewitz;08 Blasewitz, Striesen;17 Jahre;467
2022;StB 5 Blasewitz;08 Blasewitz, Striesen;18 Jahre;437
2022;StB 5 Blasewitz;08 Blasewitz, Striesen;19 Jahre;491
2022;StB 5 Blasewitz;08 Blasewitz, Striesen;20 Jahre;470
2022;StB 5 Blasewitz;08 Blasewitz, Striesen;21 Jahre;441
2022;StB 5 Blasewitz;08 Blasewitz, Striesen;22 Jahre;545
2022;StB 5 Blasewitz;08 Blasewitz, Striesen;23 Jahre;569
2022;StB 5 Blasewitz;08 Blasewitz, Striesen;24 Jahre;648
2022;StB 5 Blasewitz;08 Blasewitz, Striesen;25 Jahre;665
2022;StB 5 Blasewitz;08 Blasewitz, Striesen;26 Jahre;614
2022;StB 5 Blasewitz;08 Blasewitz, Striesen;27 Jahre;614
2022;StB 5 Blasewitz;08 Blasewitz, Striesen;28 Jahre;570
2022;StB 5 Blasewitz;08 Blasewitz, Striesen;29 Jahre;546
2022;StB 5 Blasewitz;08 Blasewitz, Striesen;30 Jahre;547
2022;StB 5 Blasewitz;08 Blasewitz, Striesen;31 Jahre;593
2022;StB 5 Blasewitz;08 Blasewitz, Striesen;32 Jahre;912
2022;StB 5 Blasewitz;08 Blasewitz, Striesen;33 Jahre;910
2022;StB 5 Blasewitz;08 Blasewitz, Striesen;34 Jahre;886
2022;StB 5 Blasewitz;08 Blasewitz, Striesen;35 Jahre;920
2022;StB 5 Blasewitz;08 Blasewitz, Striesen;36 Jahre;850
2022;StB 5 Blasewitz;08 Blasewitz, Striesen;37 Jahre;836
2022;StB 5 Blasewitz;08 Blasewitz, Striesen;38 Jahre;757
2022;StB 5 Blasewitz;08 Blasewitz, Striesen;39 Jahre;826
2022;StB 5 Blasewitz;08 Blasewitz, Striesen;40 Jahre;853
2022;StB 5 Blasewitz;08 Blasewitz, Striesen;41 Jahre;744
2022;StB 5 Blasewitz;08 Blasewitz, Striesen;42 Jahre;715
2022;StB 5 Blasewitz;08 Blasewitz, Striesen;43 Jahre;729
2022;StB 5 Blasewitz;08 Blasewitz, Striesen;44 Jahre;775
2022;StB 5 Blasewitz;08 Blasewitz, Striesen;45 Jahre;712
2022;StB 5 Blasewitz;08 Blasewitz, Striesen;46 Jahre;688
2022;StB 5 Blasewitz;08 Blasewitz, Striesen;47 Jahre;605
2022;StB 5 Blasewitz;08 Blasewitz, Striesen;48 Jahre;591
2022;StB 5 Blasewitz;08 Blasewitz, Striesen;49 Jahre;630
2022;StB 5 Blasewitz;08 Blasewitz, Striesen;50 Jahre;622
2022;StB 5 Blasewitz;08 Blasewitz, Striesen;51 Jahre;678
2022;StB 5 Blasewitz;08 Blasewitz, Striesen;52 Jahre;682
2022;StB 5 Blasewitz;08 Blasewitz, Striesen;53 Jahre;675
2022;StB 5 Blasewitz;08 Blasewitz, Striesen;54 Jahre;693
2022;StB 5 Blasewitz;08 Blasewitz, Striesen;55 Jahre;680
2022;StB 5 Blasewitz;08 Blasewitz, Striesen;56 Jahre;740
2022;StB 5 Blasewitz;08 Blasewitz, Striesen;57 Jahre;682
2022;StB 5 Blasewitz;08 Blasewitz, Striesen;58 Jahre;683
2022;StB 5 Blasewitz;08 Blasewitz, Striesen;59 Jahre;681
2022;StB 5 Blasewitz;08 Blasewitz, Striesen;60 Jahre;590
2022;StB 5 Blasewitz;08 Blasewitz, Striesen;61 Jahre;602
2022;StB 5 Blasewitz;08 Blasewitz, Striesen;62 Jahre;553
2022;StB 5 Blasewitz;08 Blasewitz, Striesen;63 Jahre;515
2022;StB 5 Blasewitz;08 Blasewitz, Striesen;64 Jahre;467
2022;StB 5 Blasewitz;08 Blasewitz, Striesen;65 Jahre;387
2022;StB 5 Blasewitz;08 Blasewitz, Striesen;66 Jahre;410
2022;StB 5 Blasewitz;08 Blasewitz, Striesen;67 Jahre;435
2022;StB 5 Blasewitz;08 Blasewitz, Striesen;68 Jahre;433
2022;StB 5 Blasewitz;08 Blasewitz, Striesen;69 Jahre;455
2022;StB 5 Blasewitz;08 Blasewitz, Striesen;70 Jahre;426
2022;StB 5 Blasewitz;08 Blasewitz, Striesen;71 Jahre;451
2022;StB 5 Blasewitz;08 Blasewitz, Striesen;72 Jahre;415
2022;StB 5 Blasewitz;08 Blasewitz, Striesen;73 Jahre;367
2022;StB 5 Blasewitz;08 Blasewitz, Striesen;74 Jahre;311
2022;StB 5 Blasewitz;08 Blasewitz, Striesen;75 Jahre;359
2022;StB 5 Blasewitz;08 Blasewitz, Striesen;76 Jahre;245
2022;StB 5 Blasewitz;08 Blasewitz, Striesen;77 Jahre;272
2022;StB 5 Blasewitz;08 Blasewitz, Striesen;78 Jahre;412
2022;StB 5 Blasewitz;08 Blasewitz, Striesen;79 Jahre;472
2022;StB 5 Blasewitz;08 Blasewitz, Striesen;80 Jahre;429
2022;StB 5 Blasewitz;08 Blasewitz, Striesen;81 Jahre;570
2022;StB 5 Blasewitz;08 Blasewitz, Striesen;82 Jahre;564
2022;StB 5 Blasewitz;08 Blasewitz, Striesen;83 Jahre;568
2022;StB 5 Blasewitz;08 Blasewitz, Striesen;84 Jahre;485
2022;StB 5 Blasewitz;08 Blasewitz, Striesen;85 Jahre u.älter;2122
2022;StB 5 Blasewitz;09 Tolkewitz, Seidnitz, Gruna;0 Jahre;254
2022;StB 5 Blasewitz;09 Tolkewitz, Seidnitz, Gruna;1 Jahre;303
2022;StB 5 Blasewitz;09 Tolkewitz, Seidnitz, Gruna;2 Jahre;292
2022;StB 5 Blasewitz;09 Tolkewitz, Seidnitz, Gruna;3 Jahre;302
2022;StB 5 Blasewitz;09 Tolkewitz, Seidnitz, Gruna;4 Jahre;314
2022;StB 5 Blasewitz;09 Tolkewitz, Seidnitz, Gruna;5 Jahre;347
2022;StB 5 Blasewitz;09 Tolkewitz, Seidnitz, Gruna;6 Jahre;393
2022;StB 5 Blasewitz;09 Tolkewitz, Seidnitz, Gruna;7 Jahre;319
2022;StB 5 Blasewitz;09 Tolkewitz, Seidnitz, Gruna;8 Jahre;336
2022;StB 5 Blasewitz;09 Tolkewitz, Seidnitz, Gruna;9 Jahre;318
2022;StB 5 Blasewitz;09 Tolkewitz, Seidnitz, Gruna;10 Jahre;351
2022;StB 5 Blasewitz;09 Tolkewitz, Seidnitz, Gruna;11 Jahre;351
2022;StB 5 Blasewitz;09 Tolkewitz, Seidnitz, Gruna;12 Jahre;343
2022;StB 5 Blasewitz;09 Tolkewitz, Seidnitz, Gruna;13 Jahre;302
2022;StB 5 Blasewitz;09 Tolkewitz, Seidnitz, Gruna;14 Jahre;370
2022;StB 5 Blasewitz;09 Tolkewitz, Seidnitz, Gruna;15 Jahre;312
2022;StB 5 Blasewitz;09 Tolkewitz, Seidnitz, Gruna;16 Jahre;326
2022;StB 5 Blasewitz;09 Tolkewitz, Seidnitz, Gruna;17 Jahre;327
2022;StB 5 Blasewitz;09 Tolkewitz, Seidnitz, Gruna;18 Jahre;306
2022;StB 5 Blasewitz;09 Tolkewitz, Seidnitz, Gruna;19 Jahre;323
2022;StB 5 Blasewitz;09 Tolkewitz, Seidnitz, Gruna;20 Jahre;380
2022;StB 5 Blasewitz;09 Tolkewitz, Seidnitz, Gruna;21 Jahre;367
2022;StB 5 Blasewitz;09 Tolkewitz, Seidnitz, Gruna;22 Jahre;427
2022;StB 5 Blasewitz;09 Tolkewitz, Seidnitz, Gruna;23 Jahre;440
2022;StB 5 Blasewitz;09 Tolkewitz, Seidnitz, Gruna;24 Jahre;391
2022;StB 5 Blasewitz;09 Tolkewitz, Seidnitz, Gruna;25 Jahre;392
2022;StB 5 Blasewitz;09 Tolkewitz, Seidnitz, Gruna;26 Jahre;355
2022;StB 5 Blasewitz;09 Tolkewitz, Seidnitz, Gruna;27 Jahre;361
2022;StB 5 Blasewitz;09 Tolkewitz, Seidnitz, Gruna;28 Jahre;341
2022;StB 5 Blasewitz;09 Tolkewitz, Seidnitz, Gruna;29 Jahre;337
2022;StB 5 Blasewitz;09 Tolkewitz, Seidnitz, Gruna;30 Jahre;358
2022;StB 5 Blasewitz;09 Tolkewitz, Seidnitz, Gruna;31 Jahre;399
2022;StB 5 Blasewitz;09 Tolkewitz, Seidnitz, Gruna;32 Jahre;562
2022;StB 5 Blasewitz;09 Tolkewitz, Seidnitz, Gruna;33 Jahre;594
2022;StB 5 Blasewitz;09 Tolkewitz, Seidnitz, Gruna;34 Jahre;578
2022;StB 5 Blasewitz;09 Tolkewitz, Seidnitz, Gruna;35 Jahre;594
2022;StB 5 Blasewitz;09 Tolkewitz, Seidnitz, Gruna;36 Jahre;553
2022;StB 5 Blasewitz;09 Tolkewitz, Seidnitz, Gruna;37 Jahre;522
2022;StB 5 Blasewitz;09 Tolkewitz, Seidnitz, Gruna;38 Jahre;524
2022;StB 5 Blasewitz;09 Tolkewitz, Seidnitz, Gruna;39 Jahre;492
2022;StB 5 Blasewitz;09 Tolkewitz, Seidnitz, Gruna;40 Jahre;494
2022;StB 5 Blasewitz;09 Tolkewitz, Seidnitz, Gruna;41 Jahre;495
2022;StB 5 Blasewitz;09 Tolkewitz, Seidnitz, Gruna;42 Jahre;490
2022;StB 5 Blasewitz;09 Tolkewitz, Seidnitz, Gruna;43 Jahre;474
2022;StB 5 Blasewitz;09 Tolkewitz, Seidnitz, Gruna;44 Jahre;454
2022;StB 5 Blasewitz;09 Tolkewitz, Seidnitz, Gruna;45 Jahre;472
2022;StB 5 Blasewitz;09 Tolkewitz, Seidnitz, Gruna;46 Jahre;438
2022;StB 5 Blasewitz;09 Tolkewitz, Seidnitz, Gruna;47 Jahre;412
2022;StB 5 Blasewitz;09 Tolkewitz, Seidnitz, Gruna;48 Jahre;378
2022;StB 5 Blasewitz;09 Tolkewitz, Seidnitz, Gruna;49 Jahre;403
2022;StB 5 Blasewitz;09 Tolkewitz, Seidnitz, Gruna;50 Jahre;395
2022;StB 5 Blasewitz;09 Tolkewitz, Seidnitz, Gruna;51 Jahre;437
2022;StB 5 Blasewitz;09 Tolkewitz, Seidnitz, Gruna;52 Jahre;474
2022;StB 5 Blasewitz;09 Tolkewitz, Seidnitz, Gruna;53 Jahre;502
2022;StB 5 Blasewitz;09 Tolkewitz, Seidnitz, Gruna;54 Jahre;456
2022;StB 5 Blasewitz;09 Tolkewitz, Seidnitz, Gruna;55 Jahre;490
2022;StB 5 Blasewitz;09 Tolkewitz, Seidnitz, Gruna;56 Jahre;509
2022;StB 5 Blasewitz;09 Tolkewitz, Seidnitz, Gruna;57 Jahre;534
2022;StB 5 Blasewitz;09 Tolkewitz, Seidnitz, Gruna;58 Jahre;526
2022;StB 5 Blasewitz;09 Tolkewitz, Seidnitz, Gruna;59 Jahre;507
2022;StB 5 Blasewitz;09 Tolkewitz, Seidnitz, Gruna;60 Jahre;531
2022;StB 5 Blasewitz;09 Tolkewitz, Seidnitz, Gruna;61 Jahre;483
2022;StB 5 Blasewitz;09 Tolkewitz, Seidnitz, Gruna;62 Jahre;448
2022;StB 5 Blasewitz;09 Tolkewitz, Seidnitz, Gruna;63 Jahre;456
2022;StB 5 Blasewitz;09 Tolkewitz, Seidnitz, Gruna;64 Jahre;364
2022;StB 5 Blasewitz;09 Tolkewitz, Seidnitz, Gruna;65 Jahre;399
2022;StB 5 Blasewitz;09 Tolkewitz, Seidnitz, Gruna;66 Jahre;391
2022;StB 5 Blasewitz;09 Tolkewitz, Seidnitz, Gruna;67 Jahre;406
2022;StB 5 Blasewitz;09 Tolkewitz, Seidnitz, Gruna;68 Jahre;394
2022;StB 5 Blasewitz;09 Tolkewitz, Seidnitz, Gruna;69 Jahre;417
2022;StB 5 Blasewitz;09 Tolkewitz, Seidnitz, Gruna;70 Jahre;450
2022;StB 5 Blasewitz;09 Tolkewitz, Seidnitz, Gruna;71 Jahre;465
2022;StB 5 Blasewitz;09 Tolkewitz, Seidnitz, Gruna;72 Jahre;481
2022;StB 5 Blasewitz;09 Tolkewitz, Seidnitz, Gruna;73 Jahre;402
2022;StB 5 Blasewitz;09 Tolkewitz, Seidnitz, Gruna;74 Jahre;323
2022;StB 5 Blasewitz;09 Tolkewitz, Seidnitz, Gruna;75 Jahre;394
2022;StB 5 Blasewitz;09 Tolkewitz, Seidnitz, Gruna;76 Jahre;306
2022;StB 5 Blasewitz;09 Tolkewitz, Seidnitz, Gruna;77 Jahre;391
2022;StB 5 Blasewitz;09 Tolkewitz, Seidnitz, Gruna;78 Jahre;507
2022;StB 5 Blasewitz;09 Tolkewitz, Seidnitz, Gruna;79 Jahre;548
2022;StB 5 Blasewitz;09 Tolkewitz, Seidnitz, Gruna;80 Jahre;479
2022;StB 5 Blasewitz;09 Tolkewitz, Seidnitz, Gruna;81 Jahre;531
2022;StB 5 Blasewitz;09 Tolkewitz, Seidnitz, Gruna;82 Jahre;560
2022;StB 5 Blasewitz;09 Tolkewitz, Seidnitz, Gruna;83 Jahre;556
2022;StB 5 Blasewitz;09 Tolkewitz, Seidnitz, Gruna;84 Jahre;450
2022;StB 5 Blasewitz;09 Tolkewitz, Seidnitz, Gruna;85 Jahre u.älter;1716
2022;StB 6 Leuben;10 StB Leuben;0 Jahre;218
2022;StB 6 Leuben;10 StB Leuben;1 Jahre;292
2022;StB 6 Leuben;10 StB Leuben;2 Jahre;328
2022;StB 6 Leuben;10 StB Leuben;3 Jahre;321
2022;StB 6 Leuben;10 StB Leuben;4 Jahre;330
2022;StB 6 Leuben;10 StB Leuben;5 Jahre;372
2022;StB 6 Leuben;10 StB Leuben;6 Jahre;362
2022;StB 6 Leuben;10 StB Leuben;7 Jahre;408
2022;StB 6 Leuben;10 StB Leuben;8 Jahre;363
2022;StB 6 Leuben;10 StB Leuben;9 Jahre;377
2022;StB 6 Leuben;10 StB Leuben;10 Jahre;388
2022;StB 6 Leuben;10 StB Leuben;11 Jahre;345
2022;StB 6 Leuben;10 StB Leuben;12 Jahre;406
2022;StB 6 Leuben;10 StB Leuben;13 Jahre;394
2022;StB 6 Leuben;10 StB Leuben;14 Jahre;381
2022;StB 6 Leuben;10 StB Leuben;15 Jahre;370
2022;StB 6 Leuben;10 StB Leuben;16 Jahre;333
2022;StB 6 Leuben;10 StB Leuben;17 Jahre;355
2022;StB 6 Leuben;10 StB Leuben;18 Jahre;370
2022;StB 6 Leuben;10 StB Leuben;19 Jahre;334
2022;StB 6 Leuben;10 StB Leuben;20 Jahre;343
2022;StB 6 Leuben;10 StB Leuben;21 Jahre;340
2022;StB 6 Leuben;10 StB Leuben;22 Jahre;317
2022;StB 6 Leuben;10 StB Leuben;23 Jahre;349
2022;StB 6 Leuben;10 StB Leuben;24 Jahre;288
2022;StB 6 Leuben;10 StB Leuben;25 Jahre;287
2022;StB 6 Leuben;10 StB Leuben;26 Jahre;277
2022;StB 6 Leuben;10 StB Leuben;27 Jahre;246
2022;StB 6 Leuben;10 StB Leuben;28 Jahre;227
2022;StB 6 Leuben;10 StB Leuben;29 Jahre;258
2022;StB 6 Leuben;10 StB Leuben;30 Jahre;259
2022;StB 6 Leuben;10 StB Leuben;31 Jahre;299
2022;StB 6 Leuben;10 StB Leuben;32 Jahre;448
2022;StB 6 Leuben;10 StB Leuben;33 Jahre;462
2022;StB 6 Leuben;10 StB Leuben;34 Jahre;465
2022;StB 6 Leuben;10 StB Leuben;35 Jahre;522
2022;StB 6 Leuben;10 StB Leuben;36 Jahre;508
2022;StB 6 Leuben;10 StB Leuben;37 Jahre;563
2022;StB 6 Leuben;10 StB Leuben;38 Jahre;503
2022;StB 6 Leuben;10 StB Leuben;39 Jahre;527
2022;StB 6 Leuben;10 StB Leuben;40 Jahre;524
2022;StB 6 Leuben;10 StB Leuben;41 Jahre;515
2022;StB 6 Leuben;10 StB Leuben;42 Jahre;528
2022;StB 6 Leuben;10 StB Leuben;43 Jahre;512
2022;StB 6 Leuben;10 StB Leuben;44 Jahre;557
2022;StB 6 Leuben;10 StB Leuben;45 Jahre;472
2022;StB 6 Leuben;10 StB Leuben;46 Jahre;521
2022;StB 6 Leuben;10 StB Leuben;47 Jahre;464
2022;StB 6 Leuben;10 StB Leuben;48 Jahre;451
2022;StB 6 Leuben;10 StB Leuben;49 Jahre;466
2022;StB 6 Leuben;10 StB Leuben;50 Jahre;501
2022;StB 6 Leuben;10 StB Leuben;51 Jahre;537
2022;StB 6 Leuben;10 StB Leuben;52 Jahre;559
2022;StB 6 Leuben;10 StB Leuben;53 Jahre;592
2022;StB 6 Leuben;10 StB Leuben;54 Jahre;635
2022;StB 6 Leuben;10 StB Leuben;55 Jahre;617
2022;StB 6 Leuben;10 StB Leuben;56 Jahre;617
2022;StB 6 Leuben;10 StB Leuben;57 Jahre;591
2022;StB 6 Leuben;10 StB Leuben;58 Jahre;605
2022;StB 6 Leuben;10 StB Leuben;59 Jahre;583
2022;StB 6 Leuben;10 StB Leuben;60 Jahre;588
2022;StB 6 Leuben;10 StB Leuben;61 Jahre;581
2022;StB 6 Leuben;10 StB Leuben;62 Jahre;518
2022;StB 6 Leuben;10 StB Leuben;63 Jahre;501
2022;StB 6 Leuben;10 StB Leuben;64 Jahre;393
2022;StB 6 Leuben;10 StB Leuben;65 Jahre;406
2022;StB 6 Leuben;10 StB Leuben;66 Jahre;444
2022;StB 6 Leuben;10 StB Leuben;67 Jahre;474
2022;StB 6 Leuben;10 StB Leuben;68 Jahre;514
2022;StB 6 Leuben;10 StB Leuben;69 Jahre;521
2022;StB 6 Leuben;10 StB Leuben;70 Jahre;520
2022;StB 6 Leuben;10 StB Leuben;71 Jahre;503
2022;StB 6 Leuben;10 StB Leuben;72 Jahre;549
2022;StB 6 Leuben;10 StB Leuben;73 Jahre;454
2022;StB 6 Leuben;10 StB Leuben;74 Jahre;431
2022;StB 6 Leuben;10 StB Leuben;75 Jahre;391
2022;StB 6 Leuben;10 StB Leuben;76 Jahre;292
2022;StB 6 Leuben;10 StB Leuben;77 Jahre;400
2022;StB 6 Leuben;10 StB Leuben;78 Jahre;527
2022;StB 6 Leuben;10 StB Leuben;79 Jahre;568
2022;StB 6 Leuben;10 StB Leuben;80 Jahre;521
2022;StB 6 Leuben;10 StB Leuben;81 Jahre;640
2022;StB 6 Leuben;10 StB Leuben;82 Jahre;558
2022;StB 6 Leuben;10 StB Leuben;83 Jahre;504
2022;StB 6 Leuben;10 StB Leuben;84 Jahre;394
2022;StB 6 Leuben;10 StB Leuben;85 Jahre u.älter;1607
2022;StB 7 Prohlis;11 Prohlis, Reick (mit Sternhäuser, Am Koitschgraben);0 Jahre;181
2022;StB 7 Prohlis;11 Prohlis, Reick (mit Sternhäuser, Am Koitschgraben);1 Jahre;216
2022;StB 7 Prohlis;11 Prohlis, Reick (mit Sternhäuser, Am Koitschgraben);2 Jahre;229
2022;StB 7 Prohlis;11 Prohlis, Reick (mit Sternhäuser, Am Koitschgraben);3 Jahre;219
2022;StB 7 Prohlis;11 Prohlis, Reick (mit Sternhäuser, Am Koitschgraben);4 Jahre;234
2022;StB 7 Prohlis;11 Prohlis, Reick (mit Sternhäuser, Am Koitschgraben);5 Jahre;246
2022;StB 7 Prohlis;11 Prohlis, Reick (mit Sternhäuser, Am Koitschgraben);6 Jahre;263
2022;StB 7 Prohlis;11 Prohlis, Reick (mit Sternhäuser, Am Koitschgraben);7 Jahre;235
2022;StB 7 Prohlis;11 Prohlis, Reick (mit Sternhäuser, Am Koitschgraben);8 Jahre;251
2022;StB 7 Prohlis;11 Prohlis, Reick (mit Sternhäuser, Am Koitschgraben);9 Jahre;287
2022;StB 7 Prohlis;11 Prohlis, Reick (mit Sternhäuser, Am Koitschgraben);10 Jahre;267
2022;StB 7 Prohlis;11 Prohlis, Reick (mit Sternhäuser, Am Koitschgraben);11 Jahre;243
2022;StB 7 Prohlis;11 Prohlis, Reick (mit Sternhäuser, Am Koitschgraben);12 Jahre;271
2022;StB 7 Prohlis;11 Prohlis, Reick (mit Sternhäuser, Am Koitschgraben);13 Jahre;208
2022;StB 7 Prohlis;11 Prohlis, Reick (mit Sternhäuser, Am Koitschgraben);14 Jahre;245
2022;StB 7 Prohlis;11 Prohlis, Reick (mit Sternhäuser, Am Koitschgraben);15 Jahre;272
2022;StB 7 Prohlis;11 Prohlis, Reick (mit Sternhäuser, Am Koitschgraben);16 Jahre;222
2022;StB 7 Prohlis;11 Prohlis, Reick (mit Sternhäuser, Am Koitschgraben);17 Jahre;238
2022;StB 7 Prohlis;11 Prohlis, Reick (mit Sternhäuser, Am Koitschgraben);18 Jahre;224
2022;StB 7 Prohlis;11 Prohlis, Reick (mit Sternhäuser, Am Koitschgraben);19 Jahre;237
2022;StB 7 Prohlis;11 Prohlis, Reick (mit Sternhäuser, Am Koitschgraben);20 Jahre;271
2022;StB 7 Prohlis;11 Prohlis, Reick (mit Sternhäuser, Am Koitschgraben);21 Jahre;257
2022;StB 7 Prohlis;11 Prohlis, Reick (mit Sternhäuser, Am Koitschgraben);22 Jahre;300
2022;StB 7 Prohlis;11 Prohlis, Reick (mit Sternhäuser, Am Koitschgraben);23 Jahre;268
2022;StB 7 Prohlis;11 Prohlis, Reick (mit Sternhäuser, Am Koitschgraben);24 Jahre;248
2022;StB 7 Prohlis;11 Prohlis, Reick (mit Sternhäuser, Am Koitschgraben);25 Jahre;253
2022;StB 7 Prohlis;11 Prohlis, Reick (mit Sternhäuser, Am Koitschgraben);26 Jahre;264
2022;StB 7 Prohlis;11 Prohlis, Reick (mit Sternhäuser, Am Koitschgraben);27 Jahre;226
2022;StB 7 Prohlis;11 Prohlis, Reick (mit Sternhäuser, Am Koitschgraben);28 Jahre;248
2022;StB 7 Prohlis;11 Prohlis, Reick (mit Sternhäuser, Am Koitschgraben);29 Jahre;268
2022;StB 7 Prohlis;11 Prohlis, Reick (mit Sternhäuser, Am Koitschgraben);30 Jahre;273
2022;StB 7 Prohlis;11 Prohlis, Reick (mit Sternhäuser, Am Koitschgraben);31 Jahre;308
2022;StB 7 Prohlis;11 Prohlis, Reick (mit Sternhäuser, Am Koitschgraben);32 Jahre;341
2022;StB 7 Prohlis;11 Prohlis, Reick (mit Sternhäuser, Am Koitschgraben);33 Jahre;359
2022;StB 7 Prohlis;11 Prohlis, Reick (mit Sternhäuser, Am Koitschgraben);34 Jahre;340
2022;StB 7 Prohlis;11 Prohlis, Reick (mit Sternhäuser, Am Koitschgraben);35 Jahre;356
2022;StB 7 Prohlis;11 Prohlis, Reick (mit Sternhäuser, Am Koitschgraben);36 Jahre;331
2022;StB 7 Prohlis;11 Prohlis, Reick (mit Sternhäuser, Am Koitschgraben);37 Jahre;329
2022;StB 7 Prohlis;11 Prohlis, Reick (mit Sternhäuser, Am Koitschgraben);38 Jahre;329
2022;StB 7 Prohlis;11 Prohlis, Reick (mit Sternhäuser, Am Koitschgraben);39 Jahre;330
2022;StB 7 Prohlis;11 Prohlis, Reick (mit Sternhäuser, Am Koitschgraben);40 Jahre;313
2022;StB 7 Prohlis;11 Prohlis, Reick (mit Sternhäuser, Am Koitschgraben);41 Jahre;331
2022;StB 7 Prohlis;11 Prohlis, Reick (mit Sternhäuser, Am Koitschgraben);42 Jahre;305
2022;StB 7 Prohlis;11 Prohlis, Reick (mit Sternhäuser, Am Koitschgraben);43 Jahre;283
2022;StB 7 Prohlis;11 Prohlis, Reick (mit Sternhäuser, Am Koitschgraben);44 Jahre;285
2022;StB 7 Prohlis;11 Prohlis, Reick (mit Sternhäuser, Am Koitschgraben);45 Jahre;293
2022;StB 7 Prohlis;11 Prohlis, Reick (mit Sternhäuser, Am Koitschgraben);46 Jahre;251
2022;StB 7 Prohlis;11 Prohlis, Reick (mit Sternhäuser, Am Koitschgraben);47 Jahre;255
2022;StB 7 Prohlis;11 Prohlis, Reick (mit Sternhäuser, Am Koitschgraben);48 Jahre;253
2022;StB 7 Prohlis;11 Prohlis, Reick (mit Sternhäuser, Am Koitschgraben);49 Jahre;203
2022;StB 7 Prohlis;11 Prohlis, Reick (mit Sternhäuser, Am Koitschgraben);50 Jahre;242
2022;StB 7 Prohlis;11 Prohlis, Reick (mit Sternhäuser, Am Koitschgraben);51 Jahre;287
2022;StB 7 Prohlis;11 Prohlis, Reick (mit Sternhäuser, Am Koitschgraben);52 Jahre;292
2022;StB 7 Prohlis;11 Prohlis, Reick (mit Sternhäuser, Am Koitschgraben);53 Jahre;230
2022;StB 7 Prohlis;11 Prohlis, Reick (mit Sternhäuser, Am Koitschgraben);54 Jahre;255
2022;StB 7 Prohlis;11 Prohlis, Reick (mit Sternhäuser, Am Koitschgraben);55 Jahre;252
2022;StB 7 Prohlis;11 Prohlis, Reick (mit Sternhäuser, Am Koitschgraben);56 Jahre;282
2022;StB 7 Prohlis;11 Prohlis, Reick (mit Sternhäuser, Am Koitschgraben);57 Jahre;284
2022;StB 7 Prohlis;11 Prohlis, Reick (mit Sternhäuser, Am Koitschgraben);58 Jahre;300
2022;StB 7 Prohlis;11 Prohlis, Reick (mit Sternhäuser, Am Koitschgraben);59 Jahre;290
2022;StB 7 Prohlis;11 Prohlis, Reick (mit Sternhäuser, Am Koitschgraben);60 Jahre;297
2022;StB 7 Prohlis;11 Prohlis, Reick (mit Sternhäuser, Am Koitschgraben);61 Jahre;299
2022;StB 7 Prohlis;11 Prohlis, Reick (mit Sternhäuser, Am Koitschgraben);62 Jahre;322
2022;StB 7 Prohlis;11 Prohlis, Reick (mit Sternhäuser, Am Koitschgraben);63 Jahre;299
2022;StB 7 Prohlis;11 Prohlis, Reick (mit Sternhäuser, Am Koitschgraben);64 Jahre;259
2022;StB 7 Prohlis;11 Prohlis, Reick (mit Sternhäuser, Am Koitschgraben);65 Jahre;273
2022;StB 7 Prohlis;11 Prohlis, Reick (mit Sternhäuser, Am Koitschgraben);66 Jahre;297
2022;StB 7 Prohlis;11 Prohlis, Reick (mit Sternhäuser, Am Koitschgraben);67 Jahre;313
2022;StB 7 Prohlis;11 Prohlis, Reick (mit Sternhäuser, Am Koitschgraben);68 Jahre;304
2022;StB 7 Prohlis;11 Prohlis, Reick (mit Sternhäuser, Am Koitschgraben);69 Jahre;320
2022;StB 7 Prohlis;11 Prohlis, Reick (mit Sternhäuser, Am Koitschgraben);70 Jahre;346
2022;StB 7 Prohlis;11 Prohlis, Reick (mit Sternhäuser, Am Koitschgraben);71 Jahre;398
2022;StB 7 Prohlis;11 Prohlis, Reick (mit Sternhäuser, Am Koitschgraben);72 Jahre;325
2022;StB 7 Prohlis;11 Prohlis, Reick (mit Sternhäuser, Am Koitschgraben);73 Jahre;325
2022;StB 7 Prohlis;11 Prohlis, Reick (mit Sternhäuser, Am Koitschgraben);74 Jahre;239
2022;StB 7 Prohlis;11 Prohlis, Reick (mit Sternhäuser, Am Koitschgraben);75 Jahre;255
2022;StB 7 Prohlis;11 Prohlis, Reick (mit Sternhäuser, Am Koitschgraben);76 Jahre;199
2022;StB 7 Prohlis;11 Prohlis, Reick (mit Sternhäuser, Am Koitschgraben);77 Jahre;228
2022;StB 7 Prohlis;11 Prohlis, Reick (mit Sternhäuser, Am Koitschgraben);78 Jahre;306
2022;StB 7 Prohlis;11 Prohlis, Reick (mit Sternhäuser, Am Koitschgraben);79 Jahre;266
2022;StB 7 Prohlis;11 Prohlis, Reick (mit Sternhäuser, Am Koitschgraben);80 Jahre;252
2022;StB 7 Prohlis;11 Prohlis, Reick (mit Sternhäuser, Am Koitschgraben);81 Jahre;276
2022;StB 7 Prohlis;11 Prohlis, Reick (mit Sternhäuser, Am Koitschgraben);82 Jahre;267
2022;StB 7 Prohlis;11 Prohlis, Reick (mit Sternhäuser, Am Koitschgraben);83 Jahre;227
2022;StB 7 Prohlis;11 Prohlis, Reick (mit Sternhäuser, Am Koitschgraben);84 Jahre;171
2022;StB 7 Prohlis;11 Prohlis, Reick (mit Sternhäuser, Am Koitschgraben);85 Jahre u.älter;942
2022;StB 7 Prohlis;12 Niedersedlitz, Leubnitz, Strehlen (ohne Sternhäuser, Am Koitschgraben);0 Jahre;224
2022;StB 7 Prohlis;12 Niedersedlitz, Leubnitz, Strehlen (ohne Sternhäuser, Am Koitschgraben);1 Jahre;294
2022;StB 7 Prohlis;12 Niedersedlitz, Leubnitz, Strehlen (ohne Sternhäuser, Am Koitschgraben);2 Jahre;294
2022;StB 7 Prohlis;12 Niedersedlitz, Leubnitz, Strehlen (ohne Sternhäuser, Am Koitschgraben);3 Jahre;296
2022;StB 7 Prohlis;12 Niedersedlitz, Leubnitz, Strehlen (ohne Sternhäuser, Am Koitschgraben);4 Jahre;302
2022;StB 7 Prohlis;12 Niedersedlitz, Leubnitz, Strehlen (ohne Sternhäuser, Am Koitschgraben);5 Jahre;336
2022;StB 7 Prohlis;12 Niedersedlitz, Leubnitz, Strehlen (ohne Sternhäuser, Am Koitschgraben);6 Jahre;359
2022;StB 7 Prohlis;12 Niedersedlitz, Leubnitz, Strehlen (ohne Sternhäuser, Am Koitschgraben);7 Jahre;349
2022;StB 7 Prohlis;12 Niedersedlitz, Leubnitz, Strehlen (ohne Sternhäuser, Am Koitschgraben);8 Jahre;362
2022;StB 7 Prohlis;12 Niedersedlitz, Leubnitz, Strehlen (ohne Sternhäuser, Am Koitschgraben);9 Jahre;400
2022;StB 7 Prohlis;12 Niedersedlitz, Leubnitz, Strehlen (ohne Sternhäuser, Am Koitschgraben);10 Jahre;375
2022;StB 7 Prohlis;12 Niedersedlitz, Leubnitz, Strehlen (ohne Sternhäuser, Am Koitschgraben);11 Jahre;321
2022;StB 7 Prohlis;12 Niedersedlitz, Leubnitz, Strehlen (ohne Sternhäuser, Am Koitschgraben);12 Jahre;370
2022;StB 7 Prohlis;12 Niedersedlitz, Leubnitz, Strehlen (ohne Sternhäuser, Am Koitschgraben);13 Jahre;370
2022;StB 7 Prohlis;12 Niedersedlitz, Leubnitz, Strehlen (ohne Sternhäuser, Am Koitschgraben);14 Jahre;371
2022;StB 7 Prohlis;12 Niedersedlitz, Leubnitz, Strehlen (ohne Sternhäuser, Am Koitschgraben);15 Jahre;360
2022;StB 7 Prohlis;12 Niedersedlitz, Leubnitz, Strehlen (ohne Sternhäuser, Am Koitschgraben);16 Jahre;348
2022;StB 7 Prohlis;12 Niedersedlitz, Leubnitz, Strehlen (ohne Sternhäuser, Am Koitschgraben);17 Jahre;333
2022;StB 7 Prohlis;12 Niedersedlitz, Leubnitz, Strehlen (ohne Sternhäuser, Am Koitschgraben);18 Jahre;338
2022;StB 7 Prohlis;12 Niedersedlitz, Leubnitz, Strehlen (ohne Sternhäuser, Am Koitschgraben);19 Jahre;395
2022;StB 7 Prohlis;12 Niedersedlitz, Leubnitz, Strehlen (ohne Sternhäuser, Am Koitschgraben);20 Jahre;377
2022;StB 7 Prohlis;12 Niedersedlitz, Leubnitz, Strehlen (ohne Sternhäuser, Am Koitschgraben);21 Jahre;346
2022;StB 7 Prohlis;12 Niedersedlitz, Leubnitz, Strehlen (ohne Sternhäuser, Am Koitschgraben);22 Jahre;398
2022;StB 7 Prohlis;12 Niedersedlitz, Leubnitz, Strehlen (ohne Sternhäuser, Am Koitschgraben);23 Jahre;396
2022;StB 7 Prohlis;12 Niedersedlitz, Leubnitz, Strehlen (ohne Sternhäuser, Am Koitschgraben);24 Jahre;432
2022;StB 7 Prohlis;12 Niedersedlitz, Leubnitz, Strehlen (ohne Sternhäuser, Am Koitschgraben);25 Jahre;395
2022;StB 7 Prohlis;12 Niedersedlitz, Leubnitz, Strehlen (ohne Sternhäuser, Am Koitschgraben);26 Jahre;371
2022;StB 7 Prohlis;12 Niedersedlitz, Leubnitz, Strehlen (ohne Sternhäuser, Am Koitschgraben);27 Jahre;346
2022;StB 7 Prohlis;12 Niedersedlitz, Leubnitz, Strehlen (ohne Sternhäuser, Am Koitschgraben);28 Jahre;303
2022;StB 7 Prohlis;12 Niedersedlitz, Leubnitz, Strehlen (ohne Sternhäuser, Am Koitschgraben);29 Jahre;292
2022;StB 7 Prohlis;12 Niedersedlitz, Leubnitz, Strehlen (ohne Sternhäuser, Am Koitschgraben);30 Jahre;323
2022;StB 7 Prohlis;12 Niedersedlitz, Leubnitz, Strehlen (ohne Sternhäuser, Am Koitschgraben);31 Jahre;344
2022;StB 7 Prohlis;12 Niedersedlitz, Leubnitz, Strehlen (ohne Sternhäuser, Am Koitschgraben);32 Jahre;438
2022;StB 7 Prohlis;12 Niedersedlitz, Leubnitz, Strehlen (ohne Sternhäuser, Am Koitschgraben);33 Jahre;447
2022;StB 7 Prohlis;12 Niedersedlitz, Leubnitz, Strehlen (ohne Sternhäuser, Am Koitschgraben);34 Jahre;468
2022;StB 7 Prohlis;12 Niedersedlitz, Leubnitz, Strehlen (ohne Sternhäuser, Am Koitschgraben);35 Jahre;502
2022;StB 7 Prohlis;12 Niedersedlitz, Leubnitz, Strehlen (ohne Sternhäuser, Am Koitschgraben);36 Jahre;446
2022;StB 7 Prohlis;12 Niedersedlitz, Leubnitz, Strehlen (ohne Sternhäuser, Am Koitschgraben);37 Jahre;523
2022;StB 7 Prohlis;12 Niedersedlitz, Leubnitz, Strehlen (ohne Sternhäuser, Am Koitschgraben);38 Jahre;463
2022;StB 7 Prohlis;12 Niedersedlitz, Leubnitz, Strehlen (ohne Sternhäuser, Am Koitschgraben);39 Jahre;484
2022;StB 7 Prohlis;12 Niedersedlitz, Leubnitz, Strehlen (ohne Sternhäuser, Am Koitschgraben);40 Jahre;483
2022;StB 7 Prohlis;12 Niedersedlitz, Leubnitz, Strehlen (ohne Sternhäuser, Am Koitschgraben);41 Jahre;475
2022;StB 7 Prohlis;12 Niedersedlitz, Leubnitz, Strehlen (ohne Sternhäuser, Am Koitschgraben);42 Jahre;464
2022;StB 7 Prohlis;12 Niedersedlitz, Leubnitz, Strehlen (ohne Sternhäuser, Am Koitschgraben);43 Jahre;486
2022;StB 7 Prohlis;12 Niedersedlitz, Leubnitz, Strehlen (ohne Sternhäuser, Am Koitschgraben);44 Jahre;482
2022;StB 7 Prohlis;12 Niedersedlitz, Leubnitz, Strehlen (ohne Sternhäuser, Am Koitschgraben);45 Jahre;482
2022;StB 7 Prohlis;12 Niedersedlitz, Leubnitz, Strehlen (ohne Sternhäuser, Am Koitschgraben);46 Jahre;424
2022;StB 7 Prohlis;12 Niedersedlitz, Leubnitz, Strehlen (ohne Sternhäuser, Am Koitschgraben);47 Jahre;399
2022;StB 7 Prohlis;12 Niedersedlitz, Leubnitz, Strehlen (ohne Sternhäuser, Am Koitschgraben);48 Jahre;397
2022;StB 7 Prohlis;12 Niedersedlitz, Leubnitz, Strehlen (ohne Sternhäuser, Am Koitschgraben);49 Jahre;384
2022;StB 7 Prohlis;12 Niedersedlitz, Leubnitz, Strehlen (ohne Sternhäuser, Am Koitschgraben);50 Jahre;430
2022;StB 7 Prohlis;12 Niedersedlitz, Leubnitz, Strehlen (ohne Sternhäuser, Am Koitschgraben);51 Jahre;490
2022;StB 7 Prohlis;12 Niedersedlitz, Leubnitz, Strehlen (ohne Sternhäuser, Am Koitschgraben);52 Jahre;471
2022;StB 7 Prohlis;12 Niedersedlitz, Leubnitz, Strehlen (ohne Sternhäuser, Am Koitschgraben);53 Jahre;508
2022;StB 7 Prohlis;12 Niedersedlitz, Leubnitz, Strehlen (ohne Sternhäuser, Am Koitschgraben);54 Jahre;487
2022;StB 7 Prohlis;12 Niedersedlitz, Leubnitz, Strehlen (ohne Sternhäuser, Am Koitschgraben);55 Jahre;472
2022;StB 7 Prohlis;12 Niedersedlitz, Leubnitz, Strehlen (ohne Sternhäuser, Am Koitschgraben);56 Jahre;576
2022;StB 7 Prohlis;12 Niedersedlitz, Leubnitz, Strehlen (ohne Sternhäuser, Am Koitschgraben);57 Jahre;529
2022;StB 7 Prohlis;12 Niedersedlitz, Leubnitz, Strehlen (ohne Sternhäuser, Am Koitschgraben);58 Jahre;533
2022;StB 7 Prohlis;12 Niedersedlitz, Leubnitz, Strehlen (ohne Sternhäuser, Am Koitschgraben);59 Jahre;544
2022;StB 7 Prohlis;12 Niedersedlitz, Leubnitz, Strehlen (ohne Sternhäuser, Am Koitschgraben);60 Jahre;520
2022;StB 7 Prohlis;12 Niedersedlitz, Leubnitz, Strehlen (ohne Sternhäuser, Am Koitschgraben);61 Jahre;496
2022;StB 7 Prohlis;12 Niedersedlitz, Leubnitz, Strehlen (ohne Sternhäuser, Am Koitschgraben);62 Jahre;480
2022;StB 7 Prohlis;12 Niedersedlitz, Leubnitz, Strehlen (ohne Sternhäuser, Am Koitschgraben);63 Jahre;471
2022;StB 7 Prohlis;12 Niedersedlitz, Leubnitz, Strehlen (ohne Sternhäuser, Am Koitschgraben);64 Jahre;420
2022;StB 7 Prohlis;12 Niedersedlitz, Leubnitz, Strehlen (ohne Sternhäuser, Am Koitschgraben);65 Jahre;373
2022;StB 7 Prohlis;12 Niedersedlitz, Leubnitz, Strehlen (ohne Sternhäuser, Am Koitschgraben);66 Jahre;387
2022;StB 7 Prohlis;12 Niedersedlitz, Leubnitz, Strehlen (ohne Sternhäuser, Am Koitschgraben);67 Jahre;434
2022;StB 7 Prohlis;12 Niedersedlitz, Leubnitz, Strehlen (ohne Sternhäuser, Am Koitschgraben);68 Jahre;431
2022;StB 7 Prohlis;12 Niedersedlitz, Leubnitz, Strehlen (ohne Sternhäuser, Am Koitschgraben);69 Jahre;423
2022;StB 7 Prohlis;12 Niedersedlitz, Leubnitz, Strehlen (ohne Sternhäuser, Am Koitschgraben);70 Jahre;449
2022;StB 7 Prohlis;12 Niedersedlitz, Leubnitz, Strehlen (ohne Sternhäuser, Am Koitschgraben);71 Jahre;400
2022;StB 7 Prohlis;12 Niedersedlitz, Leubnitz, Strehlen (ohne Sternhäuser, Am Koitschgraben);72 Jahre;443
2022;StB 7 Prohlis;12 Niedersedlitz, Leubnitz, Strehlen (ohne Sternhäuser, Am Koitschgraben);73 Jahre;369
2022;StB 7 Prohlis;12 Niedersedlitz, Leubnitz, Strehlen (ohne Sternhäuser, Am Koitschgraben);74 Jahre;270
2022;StB 7 Prohlis;12 Niedersedlitz, Leubnitz, Strehlen (ohne Sternhäuser, Am Koitschgraben);75 Jahre;320
2022;StB 7 Prohlis;12 Niedersedlitz, Leubnitz, Strehlen (ohne Sternhäuser, Am Koitschgraben);76 Jahre;208
2022;StB 7 Prohlis;12 Niedersedlitz, Leubnitz, Strehlen (ohne Sternhäuser, Am Koitschgraben);77 Jahre;296
2022;StB 7 Prohlis;12 Niedersedlitz, Leubnitz, Strehlen (ohne Sternhäuser, Am Koitschgraben);78 Jahre;375
2022;StB 7 Prohlis;12 Niedersedlitz, Leubnitz, Strehlen (ohne Sternhäuser, Am Koitschgraben);79 Jahre;383
2022;StB 7 Prohlis;12 Niedersedlitz, Leubnitz, Strehlen (ohne Sternhäuser, Am Koitschgraben);80 Jahre;378
2022;StB 7 Prohlis;12 Niedersedlitz, Leubnitz, Strehlen (ohne Sternhäuser, Am Koitschgraben);81 Jahre;386
2022;StB 7 Prohlis;12 Niedersedlitz, Leubnitz, Strehlen (ohne Sternhäuser, Am Koitschgraben);82 Jahre;405
2022;StB 7 Prohlis;12 Niedersedlitz, Leubnitz, Strehlen (ohne Sternhäuser, Am Koitschgraben);83 Jahre;306
2022;StB 7 Prohlis;12 Niedersedlitz, Leubnitz, Strehlen (ohne Sternhäuser, Am Koitschgraben);84 Jahre;261
2022;StB 7 Prohlis;12 Niedersedlitz, Leubnitz, Strehlen (ohne Sternhäuser, Am Koitschgraben);85 Jahre u.älter;1145
2022;StB 8 Plauen;13 Südvorstadt, Zschertnitz;0 Jahre;238
2022;StB 8 Plauen;13 Südvorstadt, Zschertnitz;1 Jahre;300
2022;StB 8 Plauen;13 Südvorstadt, Zschertnitz;2 Jahre;300
2022;StB 8 Plauen;13 Südvorstadt, Zschertnitz;3 Jahre;284
2022;StB 8 Plauen;13 Südvorstadt, Zschertnitz;4 Jahre;270
2022;StB 8 Plauen;13 Südvorstadt, Zschertnitz;5 Jahre;310
2022;StB 8 Plauen;13 Südvorstadt, Zschertnitz;6 Jahre;303
2022;StB 8 Plauen;13 Südvorstadt, Zschertnitz;7 Jahre;288
2022;StB 8 Plauen;13 Südvorstadt, Zschertnitz;8 Jahre;291
2022;StB 8 Plauen;13 Südvorstadt, Zschertnitz;9 Jahre;283
2022;StB 8 Plauen;13 Südvorstadt, Zschertnitz;10 Jahre;301
2022;StB 8 Plauen;13 Südvorstadt, Zschertnitz;11 Jahre;294
2022;StB 8 Plauen;13 Südvorstadt, Zschertnitz;12 Jahre;256
2022;StB 8 Plauen;13 Südvorstadt, Zschertnitz;13 Jahre;265
2022;StB 8 Plauen;13 Südvorstadt, Zschertnitz;14 Jahre;255
2022;StB 8 Plauen;13 Südvorstadt, Zschertnitz;15 Jahre;232
2022;StB 8 Plauen;13 Südvorstadt, Zschertnitz;16 Jahre;217
2022;StB 8 Plauen;13 Südvorstadt, Zschertnitz;17 Jahre;243
2022;StB 8 Plauen;13 Südvorstadt, Zschertnitz;18 Jahre;387
2022;StB 8 Plauen;13 Südvorstadt, Zschertnitz;19 Jahre;671
2022;StB 8 Plauen;13 Südvorstadt, Zschertnitz;20 Jahre;815
2022;StB 8 Plauen;13 Südvorstadt, Zschertnitz;21 Jahre;969
2022;StB 8 Plauen;13 Südvorstadt, Zschertnitz;22 Jahre;1055
2022;StB 8 Plauen;13 Südvorstadt, Zschertnitz;23 Jahre;920
2022;StB 8 Plauen;13 Südvorstadt, Zschertnitz;24 Jahre;992
2022;StB 8 Plauen;13 Südvorstadt, Zschertnitz;25 Jahre;970
2022;StB 8 Plauen;13 Südvorstadt, Zschertnitz;26 Jahre;893
2022;StB 8 Plauen;13 Südvorstadt, Zschertnitz;27 Jahre;812
2022;StB 8 Plauen;13 Südvorstadt, Zschertnitz;28 Jahre;659
2022;StB 8 Plauen;13 Südvorstadt, Zschertnitz;29 Jahre;557
2022;StB 8 Plauen;13 Südvorstadt, Zschertnitz;30 Jahre;549
2022;StB 8 Plauen;13 Südvorstadt, Zschertnitz;31 Jahre;483
2022;StB 8 Plauen;13 Südvorstadt, Zschertnitz;32 Jahre;614
2022;StB 8 Plauen;13 Südvorstadt, Zschertnitz;33 Jahre;534
2022;StB 8 Plauen;13 Südvorstadt, Zschertnitz;34 Jahre;508
2022;StB 8 Plauen;13 Südvorstadt, Zschertnitz;35 Jahre;490
2022;StB 8 Plauen;13 Südvorstadt, Zschertnitz;36 Jahre;409
2022;StB 8 Plauen;13 Südvorstadt, Zschertnitz;37 Jahre;449
2022;StB 8 Plauen;13 Südvorstadt, Zschertnitz;38 Jahre;411
2022;StB 8 Plauen;13 Südvorstadt, Zschertnitz;39 Jahre;374
2022;StB 8 Plauen;13 Südvorstadt, Zschertnitz;40 Jahre;354
2022;StB 8 Plauen;13 Südvorstadt, Zschertnitz;41 Jahre;328
2022;StB 8 Plauen;13 Südvorstadt, Zschertnitz;42 Jahre;328
2022;StB 8 Plauen;13 Südvorstadt, Zschertnitz;43 Jahre;338
2022;StB 8 Plauen;13 Südvorstadt, Zschertnitz;44 Jahre;335
2022;StB 8 Plauen;13 Südvorstadt, Zschertnitz;45 Jahre;304
2022;StB 8 Plauen;13 Südvorstadt, Zschertnitz;46 Jahre;271
2022;StB 8 Plauen;13 Südvorstadt, Zschertnitz;47 Jahre;241
2022;StB 8 Plauen;13 Südvorstadt, Zschertnitz;48 Jahre;228
2022;StB 8 Plauen;13 Südvorstadt, Zschertnitz;49 Jahre;208
2022;StB 8 Plauen;13 Südvorstadt, Zschertnitz;50 Jahre;240
2022;StB 8 Plauen;13 Südvorstadt, Zschertnitz;51 Jahre;250
2022;StB 8 Plauen;13 Südvorstadt, Zschertnitz;52 Jahre;270
2022;StB 8 Plauen;13 Südvorstadt, Zschertnitz;53 Jahre;224
2022;StB 8 Plauen;13 Südvorstadt, Zschertnitz;54 Jahre;271
2022;StB 8 Plauen;13 Südvorstadt, Zschertnitz;55 Jahre;254
2022;StB 8 Plauen;13 Südvorstadt, Zschertnitz;56 Jahre;269
2022;StB 8 Plauen;13 Südvorstadt, Zschertnitz;57 Jahre;253
2022;StB 8 Plauen;13 Südvorstadt, Zschertnitz;58 Jahre;255
2022;StB 8 Plauen;13 Südvorstadt, Zschertnitz;59 Jahre;296
2022;StB 8 Plauen;13 Südvorstadt, Zschertnitz;60 Jahre;264
2022;StB 8 Plauen;13 Südvorstadt, Zschertnitz;61 Jahre;258
2022;StB 8 Plauen;13 Südvorstadt, Zschertnitz;62 Jahre;261
2022;StB 8 Plauen;13 Südvorstadt, Zschertnitz;63 Jahre;273
2022;StB 8 Plauen;13 Südvorstadt, Zschertnitz;64 Jahre;254
2022;StB 8 Plauen;13 Südvorstadt, Zschertnitz;65 Jahre;215
2022;StB 8 Plauen;13 Südvorstadt, Zschertnitz;66 Jahre;229
2022;StB 8 Plauen;13 Südvorstadt, Zschertnitz;67 Jahre;232
2022;StB 8 Plauen;13 Südvorstadt, Zschertnitz;68 Jahre;270
2022;StB 8 Plauen;13 Südvorstadt, Zschertnitz;69 Jahre;259
2022;StB 8 Plauen;13 Südvorstadt, Zschertnitz;70 Jahre;257
2022;StB 8 Plauen;13 Südvorstadt, Zschertnitz;71 Jahre;303
2022;StB 8 Plauen;13 Südvorstadt, Zschertnitz;72 Jahre;288
2022;StB 8 Plauen;13 Südvorstadt, Zschertnitz;73 Jahre;260
2022;StB 8 Plauen;13 Südvorstadt, Zschertnitz;74 Jahre;233
2022;StB 8 Plauen;13 Südvorstadt, Zschertnitz;75 Jahre;245
2022;StB 8 Plauen;13 Südvorstadt, Zschertnitz;76 Jahre;145
2022;StB 8 Plauen;13 Südvorstadt, Zschertnitz;77 Jahre;234
2022;StB 8 Plauen;13 Südvorstadt, Zschertnitz;78 Jahre;343
2022;StB 8 Plauen;13 Südvorstadt, Zschertnitz;79 Jahre;314
2022;StB 8 Plauen;13 Südvorstadt, Zschertnitz;80 Jahre;282
2022;StB 8 Plauen;13 Südvorstadt, Zschertnitz;81 Jahre;315
2022;StB 8 Plauen;13 Südvorstadt, Zschertnitz;82 Jahre;306
2022;StB 8 Plauen;13 Südvorstadt, Zschertnitz;83 Jahre;279
2022;StB 8 Plauen;13 Südvorstadt, Zschertnitz;84 Jahre;228
2022;StB 8 Plauen;13 Südvorstadt, Zschertnitz;85 Jahre u.älter;1130
2022;StB 8 Plauen;14 Mockritz, Coschütz, Plauen;0 Jahre;172
2022;StB 8 Plauen;14 Mockritz, Coschütz, Plauen;1 Jahre;205
2022;StB 8 Plauen;14 Mockritz, Coschütz, Plauen;2 Jahre;223
2022;StB 8 Plauen;14 Mockritz, Coschütz, Plauen;3 Jahre;211
2022;StB 8 Plauen;14 Mockritz, Coschütz, Plauen;4 Jahre;244
2022;StB 8 Plauen;14 Mockritz, Coschütz, Plauen;5 Jahre;230
2022;StB 8 Plauen;14 Mockritz, Coschütz, Plauen;6 Jahre;270
2022;StB 8 Plauen;14 Mockritz, Coschütz, Plauen;7 Jahre;254
2022;StB 8 Plauen;14 Mockritz, Coschütz, Plauen;8 Jahre;277
2022;StB 8 Plauen;14 Mockritz, Coschütz, Plauen;9 Jahre;231
2022;StB 8 Plauen;14 Mockritz, Coschütz, Plauen;10 Jahre;239
2022;StB 8 Plauen;14 Mockritz, Coschütz, Plauen;11 Jahre;249
2022;StB 8 Plauen;14 Mockritz, Coschütz, Plauen;12 Jahre;240
2022;StB 8 Plauen;14 Mockritz, Coschütz, Plauen;13 Jahre;267
2022;StB 8 Plauen;14 Mockritz, Coschütz, Plauen;14 Jahre;250
2022;StB 8 Plauen;14 Mockritz, Coschütz, Plauen;15 Jahre;218
2022;StB 8 Plauen;14 Mockritz, Coschütz, Plauen;16 Jahre;241
2022;StB 8 Plauen;14 Mockritz, Coschütz, Plauen;17 Jahre;198
2022;StB 8 Plauen;14 Mockritz, Coschütz, Plauen;18 Jahre;236
2022;StB 8 Plauen;14 Mockritz, Coschütz, Plauen;19 Jahre;225
2022;StB 8 Plauen;14 Mockritz, Coschütz, Plauen;20 Jahre;251
2022;StB 8 Plauen;14 Mockritz, Coschütz, Plauen;21 Jahre;275
2022;StB 8 Plauen;14 Mockritz, Coschütz, Plauen;22 Jahre;291
2022;StB 8 Plauen;14 Mockritz, Coschütz, Plauen;23 Jahre;286
2022;StB 8 Plauen;14 Mockritz, Coschütz, Plauen;24 Jahre;301
2022;StB 8 Plauen;14 Mockritz, Coschütz, Plauen;25 Jahre;323
2022;StB 8 Plauen;14 Mockritz, Coschütz, Plauen;26 Jahre;306
2022;StB 8 Plauen;14 Mockritz, Coschütz, Plauen;27 Jahre;273
2022;StB 8 Plauen;14 Mockritz, Coschütz, Plauen;28 Jahre;257
2022;StB 8 Plauen;14 Mockritz, Coschütz, Plauen;29 Jahre;272
2022;StB 8 Plauen;14 Mockritz, Coschütz, Plauen;30 Jahre;217
2022;StB 8 Plauen;14 Mockritz, Coschütz, Plauen;31 Jahre;291
2022;StB 8 Plauen;14 Mockritz, Coschütz, Plauen;32 Jahre;375
2022;StB 8 Plauen;14 Mockritz, Coschütz, Plauen;33 Jahre;340
2022;StB 8 Plauen;14 Mockritz, Coschütz, Plauen;34 Jahre;410
2022;StB 8 Plauen;14 Mockritz, Coschütz, Plauen;35 Jahre;376
2022;StB 8 Plauen;14 Mockritz, Coschütz, Plauen;36 Jahre;329
2022;StB 8 Plauen;14 Mockritz, Coschütz, Plauen;37 Jahre;354
2022;StB 8 Plauen;14 Mockritz, Coschütz, Plauen;38 Jahre;363
2022;StB 8 Plauen;14 Mockritz, Coschütz, Plauen;39 Jahre;340
2022;StB 8 Plauen;14 Mockritz, Coschütz, Plauen;40 Jahre;340
2022;StB 8 Plauen;14 Mockritz, Coschütz, Plauen;41 Jahre;352
2022;StB 8 Plauen;14 Mockritz, Coschütz, Plauen;42 Jahre;363
2022;StB 8 Plauen;14 Mockritz, Coschütz, Plauen;43 Jahre;350
2022;StB 8 Plauen;14 Mockritz, Coschütz, Plauen;44 Jahre;343
2022;StB 8 Plauen;14 Mockritz, Coschütz, Plauen;45 Jahre;368
2022;StB 8 Plauen;14 Mockritz, Coschütz, Plauen;46 Jahre;301
2022;StB 8 Plauen;14 Mockritz, Coschütz, Plauen;47 Jahre;283
2022;StB 8 Plauen;14 Mockritz, Coschütz, Plauen;48 Jahre;253
2022;StB 8 Plauen;14 Mockritz, Coschütz, Plauen;49 Jahre;270
2022;StB 8 Plauen;14 Mockritz, Coschütz, Plauen;50 Jahre;277
2022;StB 8 Plauen;14 Mockritz, Coschütz, Plauen;51 Jahre;331
2022;StB 8 Plauen;14 Mockritz, Coschütz, Plauen;52 Jahre;318
2022;StB 8 Plauen;14 Mockritz, Coschütz, Plauen;53 Jahre;300
2022;StB 8 Plauen;14 Mockritz, Coschütz, Plauen;54 Jahre;318
2022;StB 8 Plauen;14 Mockritz, Coschütz, Plauen;55 Jahre;290
2022;StB 8 Plauen;14 Mockritz, Coschütz, Plauen;56 Jahre;310
2022;StB 8 Plauen;14 Mockritz, Coschütz, Plauen;57 Jahre;354
2022;StB 8 Plauen;14 Mockritz, Coschütz, Plauen;58 Jahre;338
2022;StB 8 Plauen;14 Mockritz, Coschütz, Plauen;59 Jahre;342
2022;StB 8 Plauen;14 Mockritz, Coschütz, Plauen;60 Jahre;332
2022;StB 8 Plauen;14 Mockritz, Coschütz, Plauen;61 Jahre;299
2022;StB 8 Plauen;14 Mockritz, Coschütz, Plauen;62 Jahre;287
2022;StB 8 Plauen;14 Mockritz, Coschütz, Plauen;63 Jahre;298
2022;StB 8 Plauen;14 Mockritz, Coschütz, Plauen;64 Jahre;290
2022;StB 8 Plauen;14 Mockritz, Coschütz, Plauen;65 Jahre;289
2022;StB 8 Plauen;14 Mockritz, Coschütz, Plauen;66 Jahre;258
2022;StB 8 Plauen;14 Mockritz, Coschütz, Plauen;67 Jahre;296
2022;StB 8 Plauen;14 Mockritz, Coschütz, Plauen;68 Jahre;313
2022;StB 8 Plauen;14 Mockritz, Coschütz, Plauen;69 Jahre;328
2022;StB 8 Plauen;14 Mockritz, Coschütz, Plauen;70 Jahre;274
2022;StB 8 Plauen;14 Mockritz, Coschütz, Plauen;71 Jahre;311
2022;StB 8 Plauen;14 Mockritz, Coschütz, Plauen;72 Jahre;300
2022;StB 8 Plauen;14 Mockritz, Coschütz, Plauen;73 Jahre;253
2022;StB 8 Plauen;14 Mockritz, Coschütz, Plauen;74 Jahre;218
2022;StB 8 Plauen;14 Mockritz, Coschütz, Plauen;75 Jahre;163
2022;StB 8 Plauen;14 Mockritz, Coschütz, Plauen;76 Jahre;139
2022;StB 8 Plauen;14 Mockritz, Coschütz, Plauen;77 Jahre;177
2022;StB 8 Plauen;14 Mockritz, Coschütz, Plauen;78 Jahre;245
2022;StB 8 Plauen;14 Mockritz, Coschütz, Plauen;79 Jahre;251
2022;StB 8 Plauen;14 Mockritz, Coschütz, Plauen;80 Jahre;253
2022;StB 8 Plauen;14 Mockritz, Coschütz, Plauen;81 Jahre;247
2022;StB 8 Plauen;14 Mockritz, Coschütz, Plauen;82 Jahre;262
2022;StB 8 Plauen;14 Mockritz, Coschütz, Plauen;83 Jahre;245
2022;StB 8 Plauen;14 Mockritz, Coschütz, Plauen;84 Jahre;203
2022;StB 8 Plauen;14 Mockritz, Coschütz, Plauen;85 Jahre u.älter;871
2022;StB 9 Cotta/westliche Ortschaften;15 Cotta, Löbtau, Naußlitz, Dölzschen;0 Jahre;422
2022;StB 9 Cotta/westliche Ortschaften;15 Cotta, Löbtau, Naußlitz, Dölzschen;1 Jahre;499
2022;StB 9 Cotta/westliche Ortschaften;15 Cotta, Löbtau, Naußlitz, Dölzschen;2 Jahre;426
2022;StB 9 Cotta/westliche Ortschaften;15 Cotta, Löbtau, Naußlitz, Dölzschen;3 Jahre;485
2022;StB 9 Cotta/westliche Ortschaften;15 Cotta, Löbtau, Naußlitz, Dölzschen;4 Jahre;453
2022;StB 9 Cotta/westliche Ortschaften;15 Cotta, Löbtau, Naußlitz, Dölzschen;5 Jahre;470
2022;StB 9 Cotta/westliche Ortschaften;15 Cotta, Löbtau, Naußlitz, Dölzschen;6 Jahre;439
2022;StB 9 Cotta/westliche Ortschaften;15 Cotta, Löbtau, Naußlitz, Dölzschen;7 Jahre;410
2022;StB 9 Cotta/westliche Ortschaften;15 Cotta, Löbtau, Naußlitz, Dölzschen;8 Jahre;424
2022;StB 9 Cotta/westliche Ortschaften;15 Cotta, Löbtau, Naußlitz, Dölzschen;9 Jahre;416
2022;StB 9 Cotta/westliche Ortschaften;15 Cotta, Löbtau, Naußlitz, Dölzschen;10 Jahre;388
2022;StB 9 Cotta/westliche Ortschaften;15 Cotta, Löbtau, Naußlitz, Dölzschen;11 Jahre;382
2022;StB 9 Cotta/westliche Ortschaften;15 Cotta, Löbtau, Naußlitz, Dölzschen;12 Jahre;350
2022;StB 9 Cotta/westliche Ortschaften;15 Cotta, Löbtau, Naußlitz, Dölzschen;13 Jahre;372
2022;StB 9 Cotta/westliche Ortschaften;15 Cotta, Löbtau, Naußlitz, Dölzschen;14 Jahre;345
2022;StB 9 Cotta/westliche Ortschaften;15 Cotta, Löbtau, Naußlitz, Dölzschen;15 Jahre;325
2022;StB 9 Cotta/westliche Ortschaften;15 Cotta, Löbtau, Naußlitz, Dölzschen;16 Jahre;281
2022;StB 9 Cotta/westliche Ortschaften;15 Cotta, Löbtau, Naußlitz, Dölzschen;17 Jahre;301
2022;StB 9 Cotta/westliche Ortschaften;15 Cotta, Löbtau, Naußlitz, Dölzschen;18 Jahre;340
2022;StB 9 Cotta/westliche Ortschaften;15 Cotta, Löbtau, Naußlitz, Dölzschen;19 Jahre;474
2022;StB 9 Cotta/westliche Ortschaften;15 Cotta, Löbtau, Naußlitz, Dölzschen;20 Jahre;554
2022;StB 9 Cotta/westliche Ortschaften;15 Cotta, Löbtau, Naußlitz, Dölzschen;21 Jahre;758
2022;StB 9 Cotta/westliche Ortschaften;15 Cotta, Löbtau, Naußlitz, Dölzschen;22 Jahre;862
2022;StB 9 Cotta/westliche Ortschaften;15 Cotta, Löbtau, Naußlitz, Dölzschen;23 Jahre;978
2022;StB 9 Cotta/westliche Ortschaften;15 Cotta, Löbtau, Naußlitz, Dölzschen;24 Jahre;901
2022;StB 9 Cotta/westliche Ortschaften;15 Cotta, Löbtau, Naußlitz, Dölzschen;25 Jahre;954
2022;StB 9 Cotta/westliche Ortschaften;15 Cotta, Löbtau, Naußlitz, Dölzschen;26 Jahre;838
2022;StB 9 Cotta/westliche Ortschaften;15 Cotta, Löbtau, Naußlitz, Dölzschen;27 Jahre;774
2022;StB 9 Cotta/westliche Ortschaften;15 Cotta, Löbtau, Naußlitz, Dölzschen;28 Jahre;740
2022;StB 9 Cotta/westliche Ortschaften;15 Cotta, Löbtau, Naußlitz, Dölzschen;29 Jahre;714
2022;StB 9 Cotta/westliche Ortschaften;15 Cotta, Löbtau, Naußlitz, Dölzschen;30 Jahre;744
2022;StB 9 Cotta/westliche Ortschaften;15 Cotta, Löbtau, Naußlitz, Dölzschen;31 Jahre;774
2022;StB 9 Cotta/westliche Ortschaften;15 Cotta, Löbtau, Naußlitz, Dölzschen;32 Jahre;1013
2022;StB 9 Cotta/westliche Ortschaften;15 Cotta, Löbtau, Naußlitz, Dölzschen;33 Jahre;918
2022;StB 9 Cotta/westliche Ortschaften;15 Cotta, Löbtau, Naußlitz, Dölzschen;34 Jahre;948
2022;StB 9 Cotta/westliche Ortschaften;15 Cotta, Löbtau, Naußlitz, Dölzschen;35 Jahre;898
2022;StB 9 Cotta/westliche Ortschaften;15 Cotta, Löbtau, Naußlitz, Dölzschen;36 Jahre;812
2022;StB 9 Cotta/westliche Ortschaften;15 Cotta, Löbtau, Naußlitz, Dölzschen;37 Jahre;773
2022;StB 9 Cotta/westliche Ortschaften;15 Cotta, Löbtau, Naußlitz, Dölzschen;38 Jahre;710
2022;StB 9 Cotta/westliche Ortschaften;15 Cotta, Löbtau, Naußlitz, Dölzschen;39 Jahre;747
2022;StB 9 Cotta/westliche Ortschaften;15 Cotta, Löbtau, Naußlitz, Dölzschen;40 Jahre;672
2022;StB 9 Cotta/westliche Ortschaften;15 Cotta, Löbtau, Naußlitz, Dölzschen;41 Jahre;694
2022;StB 9 Cotta/westliche Ortschaften;15 Cotta, Löbtau, Naußlitz, Dölzschen;42 Jahre;643
2022;StB 9 Cotta/westliche Ortschaften;15 Cotta, Löbtau, Naußlitz, Dölzschen;43 Jahre;623
2022;StB 9 Cotta/westliche Ortschaften;15 Cotta, Löbtau, Naußlitz, Dölzschen;44 Jahre;576
2022;StB 9 Cotta/westliche Ortschaften;15 Cotta, Löbtau, Naußlitz, Dölzschen;45 Jahre;563
2022;StB 9 Cotta/westliche Ortschaften;15 Cotta, Löbtau, Naußlitz, Dölzschen;46 Jahre;461
2022;StB 9 Cotta/westliche Ortschaften;15 Cotta, Löbtau, Naußlitz, Dölzschen;47 Jahre;414
2022;StB 9 Cotta/westliche Ortschaften;15 Cotta, Löbtau, Naußlitz, Dölzschen;48 Jahre;378
2022;StB 9 Cotta/westliche Ortschaften;15 Cotta, Löbtau, Naußlitz, Dölzschen;49 Jahre;362
2022;StB 9 Cotta/westliche Ortschaften;15 Cotta, Löbtau, Naußlitz, Dölzschen;50 Jahre;400
2022;StB 9 Cotta/westliche Ortschaften;15 Cotta, Löbtau, Naußlitz, Dölzschen;51 Jahre;430
2022;StB 9 Cotta/westliche Ortschaften;15 Cotta, Löbtau, Naußlitz, Dölzschen;52 Jahre;380
2022;StB 9 Cotta/westliche Ortschaften;15 Cotta, Löbtau, Naußlitz, Dölzschen;53 Jahre;409
2022;StB 9 Cotta/westliche Ortschaften;15 Cotta, Löbtau, Naußlitz, Dölzschen;54 Jahre;430
2022;StB 9 Cotta/westliche Ortschaften;15 Cotta, Löbtau, Naußlitz, Dölzschen;55 Jahre;416
2022;StB 9 Cotta/westliche Ortschaften;15 Cotta, Löbtau, Naußlitz, Dölzschen;56 Jahre;463
2022;StB 9 Cotta/westliche Ortschaften;15 Cotta, Löbtau, Naußlitz, Dölzschen;57 Jahre;502
2022;StB 9 Cotta/westliche Ortschaften;15 Cotta, Löbtau, Naußlitz, Dölzschen;58 Jahre;480
2022;StB 9 Cotta/westliche Ortschaften;15 Cotta, Löbtau, Naußlitz, Dölzschen;59 Jahre;468
2022;StB 9 Cotta/westliche Ortschaften;15 Cotta, Löbtau, Naußlitz, Dölzschen;60 Jahre;463
2022;StB 9 Cotta/westliche Ortschaften;15 Cotta, Löbtau, Naußlitz, Dölzschen;61 Jahre;467
2022;StB 9 Cotta/westliche Ortschaften;15 Cotta, Löbtau, Naußlitz, Dölzschen;62 Jahre;414
2022;StB 9 Cotta/westliche Ortschaften;15 Cotta, Löbtau, Naußlitz, Dölzschen;63 Jahre;405
2022;StB 9 Cotta/westliche Ortschaften;15 Cotta, Löbtau, Naußlitz, Dölzschen;64 Jahre;389
2022;StB 9 Cotta/westliche Ortschaften;15 Cotta, Löbtau, Naußlitz, Dölzschen;65 Jahre;381
2022;StB 9 Cotta/westliche Ortschaften;15 Cotta, Löbtau, Naußlitz, Dölzschen;66 Jahre;381
2022;StB 9 Cotta/westliche Ortschaften;15 Cotta, Löbtau, Naußlitz, Dölzschen;67 Jahre;380
2022;StB 9 Cotta/westliche Ortschaften;15 Cotta, Löbtau, Naußlitz, Dölzschen;68 Jahre;338
2022;StB 9 Cotta/westliche Ortschaften;15 Cotta, Löbtau, Naußlitz, Dölzschen;69 Jahre;363
2022;StB 9 Cotta/westliche Ortschaften;15 Cotta, Löbtau, Naußlitz, Dölzschen;70 Jahre;296
2022;StB 9 Cotta/westliche Ortschaften;15 Cotta, Löbtau, Naußlitz, Dölzschen;71 Jahre;300
2022;StB 9 Cotta/westliche Ortschaften;15 Cotta, Löbtau, Naußlitz, Dölzschen;72 Jahre;308
2022;StB 9 Cotta/westliche Ortschaften;15 Cotta, Löbtau, Naußlitz, Dölzschen;73 Jahre;264
2022;StB 9 Cotta/westliche Ortschaften;15 Cotta, Löbtau, Naußlitz, Dölzschen;74 Jahre;231
2022;StB 9 Cotta/westliche Ortschaften;15 Cotta, Löbtau, Naußlitz, Dölzschen;75 Jahre;220
2022;StB 9 Cotta/westliche Ortschaften;15 Cotta, Löbtau, Naußlitz, Dölzschen;76 Jahre;169
2022;StB 9 Cotta/westliche Ortschaften;15 Cotta, Löbtau, Naußlitz, Dölzschen;77 Jahre;190
2022;StB 9 Cotta/westliche Ortschaften;15 Cotta, Löbtau, Naußlitz, Dölzschen;78 Jahre;239
2022;StB 9 Cotta/westliche Ortschaften;15 Cotta, Löbtau, Naußlitz, Dölzschen;79 Jahre;223
2022;StB 9 Cotta/westliche Ortschaften;15 Cotta, Löbtau, Naußlitz, Dölzschen;80 Jahre;233
2022;StB 9 Cotta/westliche Ortschaften;15 Cotta, Löbtau, Naußlitz, Dölzschen;81 Jahre;253
2022;StB 9 Cotta/westliche Ortschaften;15 Cotta, Löbtau, Naußlitz, Dölzschen;82 Jahre;225
2022;StB 9 Cotta/westliche Ortschaften;15 Cotta, Löbtau, Naußlitz, Dölzschen;83 Jahre;205
2022;StB 9 Cotta/westliche Ortschaften;15 Cotta, Löbtau, Naußlitz, Dölzschen;84 Jahre;160
2022;StB 9 Cotta/westliche Ortschaften;15 Cotta, Löbtau, Naußlitz, Dölzschen;85 Jahre u.älter;789
2022;StB 9 Cotta/westliche Ortschaften;16 Gorbitz;0 Jahre;148
2022;StB 9 Cotta/westliche Ortschaften;16 Gorbitz;1 Jahre;217
2022;StB 9 Cotta/westliche Ortschaften;16 Gorbitz;2 Jahre;206
2022;StB 9 Cotta/westliche Ortschaften;16 Gorbitz;3 Jahre;231
2022;StB 9 Cotta/westliche Ortschaften;16 Gorbitz;4 Jahre;220
2022;StB 9 Cotta/westliche Ortschaften;16 Gorbitz;5 Jahre;235
2022;StB 9 Cotta/westliche Ortschaften;16 Gorbitz;6 Jahre;267
2022;StB 9 Cotta/westliche Ortschaften;16 Gorbitz;7 Jahre;235
2022;StB 9 Cotta/westliche Ortschaften;16 Gorbitz;8 Jahre;244
2022;StB 9 Cotta/westliche Ortschaften;16 Gorbitz;9 Jahre;223
2022;StB 9 Cotta/westliche Ortschaften;16 Gorbitz;10 Jahre;217
2022;StB 9 Cotta/westliche Ortschaften;16 Gorbitz;11 Jahre;218
2022;StB 9 Cotta/westliche Ortschaften;16 Gorbitz;12 Jahre;265
2022;StB 9 Cotta/westliche Ortschaften;16 Gorbitz;13 Jahre;240
2022;StB 9 Cotta/westliche Ortschaften;16 Gorbitz;14 Jahre;224
2022;StB 9 Cotta/westliche Ortschaften;16 Gorbitz;15 Jahre;205
2022;StB 9 Cotta/westliche Ortschaften;16 Gorbitz;16 Jahre;211
2022;StB 9 Cotta/westliche Ortschaften;16 Gorbitz;17 Jahre;192
2022;StB 9 Cotta/westliche Ortschaften;16 Gorbitz;18 Jahre;224
2022;StB 9 Cotta/westliche Ortschaften;16 Gorbitz;19 Jahre;242
2022;StB 9 Cotta/westliche Ortschaften;16 Gorbitz;20 Jahre;244
2022;StB 9 Cotta/westliche Ortschaften;16 Gorbitz;21 Jahre;305
2022;StB 9 Cotta/westliche Ortschaften;16 Gorbitz;22 Jahre;305
2022;StB 9 Cotta/westliche Ortschaften;16 Gorbitz;23 Jahre;273
2022;StB 9 Cotta/westliche Ortschaften;16 Gorbitz;24 Jahre;277
2022;StB 9 Cotta/westliche Ortschaften;16 Gorbitz;25 Jahre;289
2022;StB 9 Cotta/westliche Ortschaften;16 Gorbitz;26 Jahre;277
2022;StB 9 Cotta/westliche Ortschaften;16 Gorbitz;27 Jahre;273
2022;StB 9 Cotta/westliche Ortschaften;16 Gorbitz;28 Jahre;228
2022;StB 9 Cotta/westliche Ortschaften;16 Gorbitz;29 Jahre;250
2022;StB 9 Cotta/westliche Ortschaften;16 Gorbitz;30 Jahre;247
2022;StB 9 Cotta/westliche Ortschaften;16 Gorbitz;31 Jahre;292
2022;StB 9 Cotta/westliche Ortschaften;16 Gorbitz;32 Jahre;322
2022;StB 9 Cotta/westliche Ortschaften;16 Gorbitz;33 Jahre;334
2022;StB 9 Cotta/westliche Ortschaften;16 Gorbitz;34 Jahre;357
2022;StB 9 Cotta/westliche Ortschaften;16 Gorbitz;35 Jahre;327
2022;StB 9 Cotta/westliche Ortschaften;16 Gorbitz;36 Jahre;349
2022;StB 9 Cotta/westliche Ortschaften;16 Gorbitz;37 Jahre;358
2022;StB 9 Cotta/westliche Ortschaften;16 Gorbitz;38 Jahre;321
2022;StB 9 Cotta/westliche Ortschaften;16 Gorbitz;39 Jahre;315
2022;StB 9 Cotta/westliche Ortschaften;16 Gorbitz;40 Jahre;326
2022;StB 9 Cotta/westliche Ortschaften;16 Gorbitz;41 Jahre;320
2022;StB 9 Cotta/westliche Ortschaften;16 Gorbitz;42 Jahre;326
2022;StB 9 Cotta/westliche Ortschaften;16 Gorbitz;43 Jahre;289
2022;StB 9 Cotta/westliche Ortschaften;16 Gorbitz;44 Jahre;264
2022;StB 9 Cotta/westliche Ortschaften;16 Gorbitz;45 Jahre;262
2022;StB 9 Cotta/westliche Ortschaften;16 Gorbitz;46 Jahre;223
2022;StB 9 Cotta/westliche Ortschaften;16 Gorbitz;47 Jahre;173
2022;StB 9 Cotta/westliche Ortschaften;16 Gorbitz;48 Jahre;194
2022;StB 9 Cotta/westliche Ortschaften;16 Gorbitz;49 Jahre;176
2022;StB 9 Cotta/westliche Ortschaften;16 Gorbitz;50 Jahre;193
2022;StB 9 Cotta/westliche Ortschaften;16 Gorbitz;51 Jahre;196
2022;StB 9 Cotta/westliche Ortschaften;16 Gorbitz;52 Jahre;189
2022;StB 9 Cotta/westliche Ortschaften;16 Gorbitz;53 Jahre;206
2022;StB 9 Cotta/westliche Ortschaften;16 Gorbitz;54 Jahre;194
2022;StB 9 Cotta/westliche Ortschaften;16 Gorbitz;55 Jahre;189
2022;StB 9 Cotta/westliche Ortschaften;16 Gorbitz;56 Jahre;213
2022;StB 9 Cotta/westliche Ortschaften;16 Gorbitz;57 Jahre;248
2022;StB 9 Cotta/westliche Ortschaften;16 Gorbitz;58 Jahre;226
2022;StB 9 Cotta/westliche Ortschaften;16 Gorbitz;59 Jahre;305
2022;StB 9 Cotta/westliche Ortschaften;16 Gorbitz;60 Jahre;262
2022;StB 9 Cotta/westliche Ortschaften;16 Gorbitz;61 Jahre;313
2022;StB 9 Cotta/westliche Ortschaften;16 Gorbitz;62 Jahre;301
2022;StB 9 Cotta/westliche Ortschaften;16 Gorbitz;63 Jahre;326
2022;StB 9 Cotta/westliche Ortschaften;16 Gorbitz;64 Jahre;305
2022;StB 9 Cotta/westliche Ortschaften;16 Gorbitz;65 Jahre;340
2022;StB 9 Cotta/westliche Ortschaften;16 Gorbitz;66 Jahre;341
2022;StB 9 Cotta/westliche Ortschaften;16 Gorbitz;67 Jahre;375
2022;StB 9 Cotta/westliche Ortschaften;16 Gorbitz;68 Jahre;340
2022;StB 9 Cotta/westliche Ortschaften;16 Gorbitz;69 Jahre;328
2022;StB 9 Cotta/westliche Ortschaften;16 Gorbitz;70 Jahre;314
2022;StB 9 Cotta/westliche Ortschaften;16 Gorbitz;71 Jahre;341
2022;StB 9 Cotta/westliche Ortschaften;16 Gorbitz;72 Jahre;291
2022;StB 9 Cotta/westliche Ortschaften;16 Gorbitz;73 Jahre;240
2022;StB 9 Cotta/westliche Ortschaften;16 Gorbitz;74 Jahre;182
2022;StB 9 Cotta/westliche Ortschaften;16 Gorbitz;75 Jahre;177
2022;StB 9 Cotta/westliche Ortschaften;16 Gorbitz;76 Jahre;116
2022;StB 9 Cotta/westliche Ortschaften;16 Gorbitz;77 Jahre;140
2022;StB 9 Cotta/westliche Ortschaften;16 Gorbitz;78 Jahre;211
2022;StB 9 Cotta/westliche Ortschaften;16 Gorbitz;79 Jahre;169
2022;StB 9 Cotta/westliche Ortschaften;16 Gorbitz;80 Jahre;149
2022;StB 9 Cotta/westliche Ortschaften;16 Gorbitz;81 Jahre;168
2022;StB 9 Cotta/westliche Ortschaften;16 Gorbitz;82 Jahre;165
2022;StB 9 Cotta/westliche Ortschaften;16 Gorbitz;83 Jahre;135
2022;StB 9 Cotta/westliche Ortschaften;16 Gorbitz;84 Jahre;129
2022;StB 9 Cotta/westliche Ortschaften;16 Gorbitz;85 Jahre u.älter;650
2022;StB 9 Cotta/westliche Ortschaften;17 Briesnitz und westliche OS;0 Jahre;128
2022;StB 9 Cotta/westliche Ortschaften;17 Briesnitz und westliche OS;1 Jahre;185
2022;StB 9 Cotta/westliche Ortschaften;17 Briesnitz und westliche OS;2 Jahre;199
2022;StB 9 Cotta/westliche Ortschaften;17 Briesnitz und westliche OS;3 Jahre;211
2022;StB 9 Cotta/westliche Ortschaften;17 Briesnitz und westliche OS;4 Jahre;205
2022;StB 9 Cotta/westliche Ortschaften;17 Briesnitz und westliche OS;5 Jahre;257
2022;StB 9 Cotta/westliche Ortschaften;17 Briesnitz und westliche OS;6 Jahre;261
2022;StB 9 Cotta/westliche Ortschaften;17 Briesnitz und westliche OS;7 Jahre;251
2022;StB 9 Cotta/westliche Ortschaften;17 Briesnitz und westliche OS;8 Jahre;301
2022;StB 9 Cotta/westliche Ortschaften;17 Briesnitz und westliche OS;9 Jahre;304
2022;StB 9 Cotta/westliche Ortschaften;17 Briesnitz und westliche OS;10 Jahre;265
2022;StB 9 Cotta/westliche Ortschaften;17 Briesnitz und westliche OS;11 Jahre;279
2022;StB 9 Cotta/westliche Ortschaften;17 Briesnitz und westliche OS;12 Jahre;255
2022;StB 9 Cotta/westliche Ortschaften;17 Briesnitz und westliche OS;13 Jahre;231
2022;StB 9 Cotta/westliche Ortschaften;17 Briesnitz und westliche OS;14 Jahre;250
2022;StB 9 Cotta/westliche Ortschaften;17 Briesnitz und westliche OS;15 Jahre;268
2022;StB 9 Cotta/westliche Ortschaften;17 Briesnitz und westliche OS;16 Jahre;227
2022;StB 9 Cotta/westliche Ortschaften;17 Briesnitz und westliche OS;17 Jahre;250
2022;StB 9 Cotta/westliche Ortschaften;17 Briesnitz und westliche OS;18 Jahre;219
2022;StB 9 Cotta/westliche Ortschaften;17 Briesnitz und westliche OS;19 Jahre;195
2022;StB 9 Cotta/westliche Ortschaften;17 Briesnitz und westliche OS;20 Jahre;176
2022;StB 9 Cotta/westliche Ortschaften;17 Briesnitz und westliche OS;21 Jahre;143
2022;StB 9 Cotta/westliche Ortschaften;17 Briesnitz und westliche OS;22 Jahre;165
2022;StB 9 Cotta/westliche Ortschaften;17 Briesnitz und westliche OS;23 Jahre;143
2022;StB 9 Cotta/westliche Ortschaften;17 Briesnitz und westliche OS;24 Jahre;127
2022;StB 9 Cotta/westliche Ortschaften;17 Briesnitz und westliche OS;25 Jahre;134
2022;StB 9 Cotta/westliche Ortschaften;17 Briesnitz und westliche OS;26 Jahre;105
2022;StB 9 Cotta/westliche Ortschaften;17 Briesnitz und westliche OS;27 Jahre;127
2022;StB 9 Cotta/westliche Ortschaften;17 Briesnitz und westliche OS;28 Jahre;143
2022;StB 9 Cotta/westliche Ortschaften;17 Briesnitz und westliche OS;29 Jahre;128
2022;StB 9 Cotta/westliche Ortschaften;17 Briesnitz und westliche OS;30 Jahre;119
2022;StB 9 Cotta/westliche Ortschaften;17 Briesnitz und westliche OS;31 Jahre;160
2022;StB 9 Cotta/westliche Ortschaften;17 Briesnitz und westliche OS;32 Jahre;229
2022;StB 9 Cotta/westliche Ortschaften;17 Briesnitz und westliche OS;33 Jahre;288
2022;StB 9 Cotta/westliche Ortschaften;17 Briesnitz und westliche OS;34 Jahre;319
2022;StB 9 Cotta/westliche Ortschaften;17 Briesnitz und westliche OS;35 Jahre;329
2022;StB 9 Cotta/westliche Ortschaften;17 Briesnitz und westliche OS;36 Jahre;295
2022;StB 9 Cotta/westliche Ortschaften;17 Briesnitz und westliche OS;37 Jahre;325
2022;StB 9 Cotta/westliche Ortschaften;17 Briesnitz und westliche OS;38 Jahre;329
2022;StB 9 Cotta/westliche Ortschaften;17 Briesnitz und westliche OS;39 Jahre;372
2022;StB 9 Cotta/westliche Ortschaften;17 Briesnitz und westliche OS;40 Jahre;372
2022;StB 9 Cotta/westliche Ortschaften;17 Briesnitz und westliche OS;41 Jahre;350
2022;StB 9 Cotta/westliche Ortschaften;17 Briesnitz und westliche OS;42 Jahre;403
2022;StB 9 Cotta/westliche Ortschaften;17 Briesnitz und westliche OS;43 Jahre;372
2022;StB 9 Cotta/westliche Ortschaften;17 Briesnitz und westliche OS;44 Jahre;346
2022;StB 9 Cotta/westliche Ortschaften;17 Briesnitz und westliche OS;45 Jahre;349
2022;StB 9 Cotta/westliche Ortschaften;17 Briesnitz und westliche OS;46 Jahre;304
2022;StB 9 Cotta/westliche Ortschaften;17 Briesnitz und westliche OS;47 Jahre;265
2022;StB 9 Cotta/westliche Ortschaften;17 Briesnitz und westliche OS;48 Jahre;273
2022;StB 9 Cotta/westliche Ortschaften;17 Briesnitz und westliche OS;49 Jahre;303
2022;StB 9 Cotta/westliche Ortschaften;17 Briesnitz und westliche OS;50 Jahre;293
2022;StB 9 Cotta/westliche Ortschaften;17 Briesnitz und westliche OS;51 Jahre;340
2022;StB 9 Cotta/westliche Ortschaften;17 Briesnitz und westliche OS;52 Jahre;378
2022;StB 9 Cotta/westliche Ortschaften;17 Briesnitz und westliche OS;53 Jahre;366
2022;StB 9 Cotta/westliche Ortschaften;17 Briesnitz und westliche OS;54 Jahre;369
2022;StB 9 Cotta/westliche Ortschaften;17 Briesnitz und westliche OS;55 Jahre;356
2022;StB 9 Cotta/westliche Ortschaften;17 Briesnitz und westliche OS;56 Jahre;390
2022;StB 9 Cotta/westliche Ortschaften;17 Briesnitz und westliche OS;57 Jahre;395
2022;StB 9 Cotta/westliche Ortschaften;17 Briesnitz und westliche OS;58 Jahre;375
2022;StB 9 Cotta/westliche Ortschaften;17 Briesnitz und westliche OS;59 Jahre;401
2022;StB 9 Cotta/westliche Ortschaften;17 Briesnitz und westliche OS;60 Jahre;420
2022;StB 9 Cotta/westliche Ortschaften;17 Briesnitz und westliche OS;61 Jahre;380
2022;StB 9 Cotta/westliche Ortschaften;17 Briesnitz und westliche OS;62 Jahre;379
2022;StB 9 Cotta/westliche Ortschaften;17 Briesnitz und westliche OS;63 Jahre;374
2022;StB 9 Cotta/westliche Ortschaften;17 Briesnitz und westliche OS;64 Jahre;360
2022;StB 9 Cotta/westliche Ortschaften;17 Briesnitz und westliche OS;65 Jahre;336
2022;StB 9 Cotta/westliche Ortschaften;17 Briesnitz und westliche OS;66 Jahre;320
2022;StB 9 Cotta/westliche Ortschaften;17 Briesnitz und westliche OS;67 Jahre;316
2022;StB 9 Cotta/westliche Ortschaften;17 Briesnitz und westliche OS;68 Jahre;342
2022;StB 9 Cotta/westliche Ortschaften;17 Briesnitz und westliche OS;69 Jahre;293
2022;StB 9 Cotta/westliche Ortschaften;17 Briesnitz und westliche OS;70 Jahre;300
2022;StB 9 Cotta/westliche Ortschaften;17 Briesnitz und westliche OS;71 Jahre;269
2022;StB 9 Cotta/westliche Ortschaften;17 Briesnitz und westliche OS;72 Jahre;284
2022;StB 9 Cotta/westliche Ortschaften;17 Briesnitz und westliche OS;73 Jahre;235
2022;StB 9 Cotta/westliche Ortschaften;17 Briesnitz und westliche OS;74 Jahre;198
2022;StB 9 Cotta/westliche Ortschaften;17 Briesnitz und westliche OS;75 Jahre;188
2022;StB 9 Cotta/westliche Ortschaften;17 Briesnitz und westliche OS;76 Jahre;142
2022;StB 9 Cotta/westliche Ortschaften;17 Briesnitz und westliche OS;77 Jahre;168
2022;StB 9 Cotta/westliche Ortschaften;17 Briesnitz und westliche OS;78 Jahre;240
2022;StB 9 Cotta/westliche Ortschaften;17 Briesnitz und westliche OS;79 Jahre;228
2022;StB 9 Cotta/westliche Ortschaften;17 Briesnitz und westliche OS;80 Jahre;224
2022;StB 9 Cotta/westliche Ortschaften;17 Briesnitz und westliche OS;81 Jahre;273
2022;StB 9 Cotta/westliche Ortschaften;17 Briesnitz und westliche OS;82 Jahre;223
2022;StB 9 Cotta/westliche Ortschaften;17 Briesnitz und westliche OS;83 Jahre;179
2022;StB 9 Cotta/westliche Ortschaften;17 Briesnitz und westliche OS;84 Jahre;178
2022;StB 9 Cotta/westliche Ortschaften;17 Briesnitz und westliche OS;85 Jahre u.älter;682
