Jahr;Stadtbezirk mit zugeordneten Ortschaften;Stadtraum;Alter in Jahren bis 85 (über 85-Jährige werden Jahrgang 85 zugeordnet);Anzahl Einwohner
2024;StB 0 Altstadt;01 StB Altstadt ohne Johannstadt;0 Jahre;346
2024;StB 0 Altstadt;01 StB Altstadt ohne Johannstadt;1 Jahre;330
2024;StB 0 Altstadt;01 StB Altstadt ohne Johannstadt;2 Jahre;326
2024;StB 0 Altstadt;01 StB Altstadt ohne Johannstadt;3 Jahre;366
2024;StB 0 Altstadt;01 StB Altstadt ohne Johannstadt;4 Jahre;349
2024;StB 0 Altstadt;01 StB Altstadt ohne Johannstadt;5 Jahre;319
2024;StB 0 Altstadt;01 StB Altstadt ohne Johannstadt;6 Jahre;293
2024;StB 0 Altstadt;01 StB Altstadt ohne Johannstadt;7 Jahre;319
2024;StB 0 Altstadt;01 StB Altstadt ohne Johannstadt;8 Jahre;277
2024;StB 0 Altstadt;01 StB Altstadt ohne Johannstadt;9 Jahre;295
2024;StB 0 Altstadt;01 StB Altstadt ohne Johannstadt;10 Jahre;264
2024;StB 0 Altstadt;01 StB Altstadt ohne Johannstadt;11 Jahre;248
2024;StB 0 Altstadt;01 StB Altstadt ohne Johannstadt;12 Jahre;252
2024;StB 0 Altstadt;01 StB Altstadt ohne Johannstadt;13 Jahre;257
2024;StB 0 Altstadt;01 StB Altstadt ohne Johannstadt;14 Jahre;224
2024;StB 0 Altstadt;01 StB Altstadt ohne Johannstadt;15 Jahre;204
2024;StB 0 Altstadt;01 StB Altstadt ohne Johannstadt;16 Jahre;244
2024;StB 0 Altstadt;01 StB Altstadt ohne Johannstadt;17 Jahre;248
2024;StB 0 Altstadt;01 StB Altstadt ohne Johannstadt;18 Jahre;364
2024;StB 0 Altstadt;01 StB Altstadt ohne Johannstadt;19 Jahre;504
2024;StB 0 Altstadt;01 StB Altstadt ohne Johannstadt;20 Jahre;686
2024;StB 0 Altstadt;01 StB Altstadt ohne Johannstadt;21 Jahre;804
2024;StB 0 Altstadt;01 StB Altstadt ohne Johannstadt;22 Jahre;884
2024;StB 0 Altstadt;01 StB Altstadt ohne Johannstadt;23 Jahre;1030
2024;StB 0 Altstadt;01 StB Altstadt ohne Johannstadt;24 Jahre;1107
2024;StB 0 Altstadt;01 StB Altstadt ohne Johannstadt;25 Jahre;1072
2024;StB 0 Altstadt;01 StB Altstadt ohne Johannstadt;26 Jahre;1096
2024;StB 0 Altstadt;01 StB Altstadt ohne Johannstadt;27 Jahre;1095
2024;StB 0 Altstadt;01 StB Altstadt ohne Johannstadt;28 Jahre;1052
2024;StB 0 Altstadt;01 StB Altstadt ohne Johannstadt;29 Jahre;953
2024;StB 0 Altstadt;01 StB Altstadt ohne Johannstadt;30 Jahre;876
2024;StB 0 Altstadt;01 StB Altstadt ohne Johannstadt;31 Jahre;893
2024;StB 0 Altstadt;01 StB Altstadt ohne Johannstadt;32 Jahre;809
2024;StB 0 Altstadt;01 StB Altstadt ohne Johannstadt;33 Jahre;784
2024;StB 0 Altstadt;01 StB Altstadt ohne Johannstadt;34 Jahre;832
2024;StB 0 Altstadt;01 StB Altstadt ohne Johannstadt;35 Jahre;888
2024;StB 0 Altstadt;01 StB Altstadt ohne Johannstadt;36 Jahre;815
2024;StB 0 Altstadt;01 StB Altstadt ohne Johannstadt;37 Jahre;735
2024;StB 0 Altstadt;01 StB Altstadt ohne Johannstadt;38 Jahre;652
2024;StB 0 Altstadt;01 StB Altstadt ohne Johannstadt;39 Jahre;636
2024;StB 0 Altstadt;01 StB Altstadt ohne Johannstadt;40 Jahre;556
2024;StB 0 Altstadt;01 StB Altstadt ohne Johannstadt;41 Jahre;525
2024;StB 0 Altstadt;01 StB Altstadt ohne Johannstadt;42 Jahre;489
2024;StB 0 Altstadt;01 StB Altstadt ohne Johannstadt;43 Jahre;446
2024;StB 0 Altstadt;01 StB Altstadt ohne Johannstadt;44 Jahre;444
2024;StB 0 Altstadt;01 StB Altstadt ohne Johannstadt;45 Jahre;392
2024;StB 0 Altstadt;01 StB Altstadt ohne Johannstadt;46 Jahre;359
2024;StB 0 Altstadt;01 StB Altstadt ohne Johannstadt;47 Jahre;369
2024;StB 0 Altstadt;01 StB Altstadt ohne Johannstadt;48 Jahre;306
2024;StB 0 Altstadt;01 StB Altstadt ohne Johannstadt;49 Jahre;271
2024;StB 0 Altstadt;01 StB Altstadt ohne Johannstadt;50 Jahre;239
2024;StB 0 Altstadt;01 StB Altstadt ohne Johannstadt;51 Jahre;242
2024;StB 0 Altstadt;01 StB Altstadt ohne Johannstadt;52 Jahre;248
2024;StB 0 Altstadt;01 StB Altstadt ohne Johannstadt;53 Jahre;283
2024;StB 0 Altstadt;01 StB Altstadt ohne Johannstadt;54 Jahre;244
2024;StB 0 Altstadt;01 StB Altstadt ohne Johannstadt;55 Jahre;271
2024;StB 0 Altstadt;01 StB Altstadt ohne Johannstadt;56 Jahre;276
2024;StB 0 Altstadt;01 StB Altstadt ohne Johannstadt;57 Jahre;293
2024;StB 0 Altstadt;01 StB Altstadt ohne Johannstadt;58 Jahre;300
2024;StB 0 Altstadt;01 StB Altstadt ohne Johannstadt;59 Jahre;309
2024;StB 0 Altstadt;01 StB Altstadt ohne Johannstadt;60 Jahre;320
2024;StB 0 Altstadt;01 StB Altstadt ohne Johannstadt;61 Jahre;326
2024;StB 0 Altstadt;01 StB Altstadt ohne Johannstadt;62 Jahre;298
2024;StB 0 Altstadt;01 StB Altstadt ohne Johannstadt;63 Jahre;313
2024;StB 0 Altstadt;01 StB Altstadt ohne Johannstadt;64 Jahre;343
2024;StB 0 Altstadt;01 StB Altstadt ohne Johannstadt;65 Jahre;303
2024;StB 0 Altstadt;01 StB Altstadt ohne Johannstadt;66 Jahre;278
2024;StB 0 Altstadt;01 StB Altstadt ohne Johannstadt;67 Jahre;262
2024;StB 0 Altstadt;01 StB Altstadt ohne Johannstadt;68 Jahre;280
2024;StB 0 Altstadt;01 StB Altstadt ohne Johannstadt;69 Jahre;273
2024;StB 0 Altstadt;01 StB Altstadt ohne Johannstadt;70 Jahre;253
2024;StB 0 Altstadt;01 StB Altstadt ohne Johannstadt;71 Jahre;239
2024;StB 0 Altstadt;01 StB Altstadt ohne Johannstadt;72 Jahre;248
2024;StB 0 Altstadt;01 StB Altstadt ohne Johannstadt;73 Jahre;265
2024;StB 0 Altstadt;01 StB Altstadt ohne Johannstadt;74 Jahre;225
2024;StB 0 Altstadt;01 StB Altstadt ohne Johannstadt;75 Jahre;252
2024;StB 0 Altstadt;01 StB Altstadt ohne Johannstadt;76 Jahre;208
2024;StB 0 Altstadt;01 StB Altstadt ohne Johannstadt;77 Jahre;189
2024;StB 0 Altstadt;01 StB Altstadt ohne Johannstadt;78 Jahre;156
2024;StB 0 Altstadt;01 StB Altstadt ohne Johannstadt;79 Jahre;180
2024;StB 0 Altstadt;01 StB Altstadt ohne Johannstadt;80 Jahre;245
2024;StB 0 Altstadt;01 StB Altstadt ohne Johannstadt;81 Jahre;232
2024;StB 0 Altstadt;01 StB Altstadt ohne Johannstadt;82 Jahre;244
2024;StB 0 Altstadt;01 StB Altstadt ohne Johannstadt;83 Jahre;333
2024;StB 0 Altstadt;01 StB Altstadt ohne Johannstadt;84 Jahre;363
2024;StB 0 Altstadt;01 StB Altstadt ohne Johannstadt;85 Jahre u.älter;2743
2024;StB 0 Altstadt;02 Johannstadt;0 Jahre;219
2024;StB 0 Altstadt;02 Johannstadt;1 Jahre;198
2024;StB 0 Altstadt;02 Johannstadt;2 Jahre;238
2024;StB 0 Altstadt;02 Johannstadt;3 Jahre;248
2024;StB 0 Altstadt;02 Johannstadt;4 Jahre;248
2024;StB 0 Altstadt;02 Johannstadt;5 Jahre;225
2024;StB 0 Altstadt;02 Johannstadt;6 Jahre;217
2024;StB 0 Altstadt;02 Johannstadt;7 Jahre;239
2024;StB 0 Altstadt;02 Johannstadt;8 Jahre;221
2024;StB 0 Altstadt;02 Johannstadt;9 Jahre;221
2024;StB 0 Altstadt;02 Johannstadt;10 Jahre;188
2024;StB 0 Altstadt;02 Johannstadt;11 Jahre;198
2024;StB 0 Altstadt;02 Johannstadt;12 Jahre;210
2024;StB 0 Altstadt;02 Johannstadt;13 Jahre;228
2024;StB 0 Altstadt;02 Johannstadt;14 Jahre;176
2024;StB 0 Altstadt;02 Johannstadt;15 Jahre;185
2024;StB 0 Altstadt;02 Johannstadt;16 Jahre;172
2024;StB 0 Altstadt;02 Johannstadt;17 Jahre;181
2024;StB 0 Altstadt;02 Johannstadt;18 Jahre;207
2024;StB 0 Altstadt;02 Johannstadt;19 Jahre;248
2024;StB 0 Altstadt;02 Johannstadt;20 Jahre;319
2024;StB 0 Altstadt;02 Johannstadt;21 Jahre;310
2024;StB 0 Altstadt;02 Johannstadt;22 Jahre;356
2024;StB 0 Altstadt;02 Johannstadt;23 Jahre;406
2024;StB 0 Altstadt;02 Johannstadt;24 Jahre;479
2024;StB 0 Altstadt;02 Johannstadt;25 Jahre;455
2024;StB 0 Altstadt;02 Johannstadt;26 Jahre;443
2024;StB 0 Altstadt;02 Johannstadt;27 Jahre;420
2024;StB 0 Altstadt;02 Johannstadt;28 Jahre;404
2024;StB 0 Altstadt;02 Johannstadt;29 Jahre;403
2024;StB 0 Altstadt;02 Johannstadt;30 Jahre;330
2024;StB 0 Altstadt;02 Johannstadt;31 Jahre;356
2024;StB 0 Altstadt;02 Johannstadt;32 Jahre;362
2024;StB 0 Altstadt;02 Johannstadt;33 Jahre;372
2024;StB 0 Altstadt;02 Johannstadt;34 Jahre;442
2024;StB 0 Altstadt;02 Johannstadt;35 Jahre;434
2024;StB 0 Altstadt;02 Johannstadt;36 Jahre;446
2024;StB 0 Altstadt;02 Johannstadt;37 Jahre;405
2024;StB 0 Altstadt;02 Johannstadt;38 Jahre;392
2024;StB 0 Altstadt;02 Johannstadt;39 Jahre;352
2024;StB 0 Altstadt;02 Johannstadt;40 Jahre;315
2024;StB 0 Altstadt;02 Johannstadt;41 Jahre;341
2024;StB 0 Altstadt;02 Johannstadt;42 Jahre;301
2024;StB 0 Altstadt;02 Johannstadt;43 Jahre;289
2024;StB 0 Altstadt;02 Johannstadt;44 Jahre;259
2024;StB 0 Altstadt;02 Johannstadt;45 Jahre;271
2024;StB 0 Altstadt;02 Johannstadt;46 Jahre;235
2024;StB 0 Altstadt;02 Johannstadt;47 Jahre;291
2024;StB 0 Altstadt;02 Johannstadt;48 Jahre;197
2024;StB 0 Altstadt;02 Johannstadt;49 Jahre;199
2024;StB 0 Altstadt;02 Johannstadt;50 Jahre;204
2024;StB 0 Altstadt;02 Johannstadt;51 Jahre;208
2024;StB 0 Altstadt;02 Johannstadt;52 Jahre;216
2024;StB 0 Altstadt;02 Johannstadt;53 Jahre;217
2024;StB 0 Altstadt;02 Johannstadt;54 Jahre;263
2024;StB 0 Altstadt;02 Johannstadt;55 Jahre;233
2024;StB 0 Altstadt;02 Johannstadt;56 Jahre;216
2024;StB 0 Altstadt;02 Johannstadt;57 Jahre;235
2024;StB 0 Altstadt;02 Johannstadt;58 Jahre;236
2024;StB 0 Altstadt;02 Johannstadt;59 Jahre;261
2024;StB 0 Altstadt;02 Johannstadt;60 Jahre;251
2024;StB 0 Altstadt;02 Johannstadt;61 Jahre;244
2024;StB 0 Altstadt;02 Johannstadt;62 Jahre;260
2024;StB 0 Altstadt;02 Johannstadt;63 Jahre;221
2024;StB 0 Altstadt;02 Johannstadt;64 Jahre;267
2024;StB 0 Altstadt;02 Johannstadt;65 Jahre;244
2024;StB 0 Altstadt;02 Johannstadt;66 Jahre;216
2024;StB 0 Altstadt;02 Johannstadt;67 Jahre;204
2024;StB 0 Altstadt;02 Johannstadt;68 Jahre;220
2024;StB 0 Altstadt;02 Johannstadt;69 Jahre;259
2024;StB 0 Altstadt;02 Johannstadt;70 Jahre;254
2024;StB 0 Altstadt;02 Johannstadt;71 Jahre;250
2024;StB 0 Altstadt;02 Johannstadt;72 Jahre;266
2024;StB 0 Altstadt;02 Johannstadt;73 Jahre;281
2024;StB 0 Altstadt;02 Johannstadt;74 Jahre;269
2024;StB 0 Altstadt;02 Johannstadt;75 Jahre;283
2024;StB 0 Altstadt;02 Johannstadt;76 Jahre;212
2024;StB 0 Altstadt;02 Johannstadt;77 Jahre;271
2024;StB 0 Altstadt;02 Johannstadt;78 Jahre;210
2024;StB 0 Altstadt;02 Johannstadt;79 Jahre;285
2024;StB 0 Altstadt;02 Johannstadt;80 Jahre;395
2024;StB 0 Altstadt;02 Johannstadt;81 Jahre;369
2024;StB 0 Altstadt;02 Johannstadt;82 Jahre;334
2024;StB 0 Altstadt;02 Johannstadt;83 Jahre;422
2024;StB 0 Altstadt;02 Johannstadt;84 Jahre;390
2024;StB 0 Altstadt;02 Johannstadt;85 Jahre u.älter;2198
2024;StB 1 Neustadt;03 StB Neustadt ohne Leipziger Vorstadt;0 Jahre;343
2024;StB 1 Neustadt;03 StB Neustadt ohne Leipziger Vorstadt;1 Jahre;364
2024;StB 1 Neustadt;03 StB Neustadt ohne Leipziger Vorstadt;2 Jahre;427
2024;StB 1 Neustadt;03 StB Neustadt ohne Leipziger Vorstadt;3 Jahre;438
2024;StB 1 Neustadt;03 StB Neustadt ohne Leipziger Vorstadt;4 Jahre;420
2024;StB 1 Neustadt;03 StB Neustadt ohne Leipziger Vorstadt;5 Jahre;464
2024;StB 1 Neustadt;03 StB Neustadt ohne Leipziger Vorstadt;6 Jahre;466
2024;StB 1 Neustadt;03 StB Neustadt ohne Leipziger Vorstadt;7 Jahre;441
2024;StB 1 Neustadt;03 StB Neustadt ohne Leipziger Vorstadt;8 Jahre;403
2024;StB 1 Neustadt;03 StB Neustadt ohne Leipziger Vorstadt;9 Jahre;444
2024;StB 1 Neustadt;03 StB Neustadt ohne Leipziger Vorstadt;10 Jahre;430
2024;StB 1 Neustadt;03 StB Neustadt ohne Leipziger Vorstadt;11 Jahre;406
2024;StB 1 Neustadt;03 StB Neustadt ohne Leipziger Vorstadt;12 Jahre;413
2024;StB 1 Neustadt;03 StB Neustadt ohne Leipziger Vorstadt;13 Jahre;393
2024;StB 1 Neustadt;03 StB Neustadt ohne Leipziger Vorstadt;14 Jahre;404
2024;StB 1 Neustadt;03 StB Neustadt ohne Leipziger Vorstadt;15 Jahre;406
2024;StB 1 Neustadt;03 StB Neustadt ohne Leipziger Vorstadt;16 Jahre;396
2024;StB 1 Neustadt;03 StB Neustadt ohne Leipziger Vorstadt;17 Jahre;396
2024;StB 1 Neustadt;03 StB Neustadt ohne Leipziger Vorstadt;18 Jahre;417
2024;StB 1 Neustadt;03 StB Neustadt ohne Leipziger Vorstadt;19 Jahre;389
2024;StB 1 Neustadt;03 StB Neustadt ohne Leipziger Vorstadt;20 Jahre;474
2024;StB 1 Neustadt;03 StB Neustadt ohne Leipziger Vorstadt;21 Jahre;460
2024;StB 1 Neustadt;03 StB Neustadt ohne Leipziger Vorstadt;22 Jahre;518
2024;StB 1 Neustadt;03 StB Neustadt ohne Leipziger Vorstadt;23 Jahre;573
2024;StB 1 Neustadt;03 StB Neustadt ohne Leipziger Vorstadt;24 Jahre;685
2024;StB 1 Neustadt;03 StB Neustadt ohne Leipziger Vorstadt;25 Jahre;786
2024;StB 1 Neustadt;03 StB Neustadt ohne Leipziger Vorstadt;26 Jahre;779
2024;StB 1 Neustadt;03 StB Neustadt ohne Leipziger Vorstadt;27 Jahre;832
2024;StB 1 Neustadt;03 StB Neustadt ohne Leipziger Vorstadt;28 Jahre;918
2024;StB 1 Neustadt;03 StB Neustadt ohne Leipziger Vorstadt;29 Jahre;833
2024;StB 1 Neustadt;03 StB Neustadt ohne Leipziger Vorstadt;30 Jahre;847
2024;StB 1 Neustadt;03 StB Neustadt ohne Leipziger Vorstadt;31 Jahre;847
2024;StB 1 Neustadt;03 StB Neustadt ohne Leipziger Vorstadt;32 Jahre;770
2024;StB 1 Neustadt;03 StB Neustadt ohne Leipziger Vorstadt;33 Jahre;783
2024;StB 1 Neustadt;03 StB Neustadt ohne Leipziger Vorstadt;34 Jahre;977
2024;StB 1 Neustadt;03 StB Neustadt ohne Leipziger Vorstadt;35 Jahre;948
2024;StB 1 Neustadt;03 StB Neustadt ohne Leipziger Vorstadt;36 Jahre;928
2024;StB 1 Neustadt;03 StB Neustadt ohne Leipziger Vorstadt;37 Jahre;906
2024;StB 1 Neustadt;03 StB Neustadt ohne Leipziger Vorstadt;38 Jahre;836
2024;StB 1 Neustadt;03 StB Neustadt ohne Leipziger Vorstadt;39 Jahre;782
2024;StB 1 Neustadt;03 StB Neustadt ohne Leipziger Vorstadt;40 Jahre;769
2024;StB 1 Neustadt;03 StB Neustadt ohne Leipziger Vorstadt;41 Jahre;730
2024;StB 1 Neustadt;03 StB Neustadt ohne Leipziger Vorstadt;42 Jahre;706
2024;StB 1 Neustadt;03 StB Neustadt ohne Leipziger Vorstadt;43 Jahre;622
2024;StB 1 Neustadt;03 StB Neustadt ohne Leipziger Vorstadt;44 Jahre;680
2024;StB 1 Neustadt;03 StB Neustadt ohne Leipziger Vorstadt;45 Jahre;691
2024;StB 1 Neustadt;03 StB Neustadt ohne Leipziger Vorstadt;46 Jahre;632
2024;StB 1 Neustadt;03 StB Neustadt ohne Leipziger Vorstadt;47 Jahre;651
2024;StB 1 Neustadt;03 StB Neustadt ohne Leipziger Vorstadt;48 Jahre;551
2024;StB 1 Neustadt;03 StB Neustadt ohne Leipziger Vorstadt;49 Jahre;502
2024;StB 1 Neustadt;03 StB Neustadt ohne Leipziger Vorstadt;50 Jahre;489
2024;StB 1 Neustadt;03 StB Neustadt ohne Leipziger Vorstadt;51 Jahre;428
2024;StB 1 Neustadt;03 StB Neustadt ohne Leipziger Vorstadt;52 Jahre;433
2024;StB 1 Neustadt;03 StB Neustadt ohne Leipziger Vorstadt;53 Jahre;505
2024;StB 1 Neustadt;03 StB Neustadt ohne Leipziger Vorstadt;54 Jahre;478
2024;StB 1 Neustadt;03 StB Neustadt ohne Leipziger Vorstadt;55 Jahre;478
2024;StB 1 Neustadt;03 StB Neustadt ohne Leipziger Vorstadt;56 Jahre;442
2024;StB 1 Neustadt;03 StB Neustadt ohne Leipziger Vorstadt;57 Jahre;462
2024;StB 1 Neustadt;03 StB Neustadt ohne Leipziger Vorstadt;58 Jahre;397
2024;StB 1 Neustadt;03 StB Neustadt ohne Leipziger Vorstadt;59 Jahre;376
2024;StB 1 Neustadt;03 StB Neustadt ohne Leipziger Vorstadt;60 Jahre;365
2024;StB 1 Neustadt;03 StB Neustadt ohne Leipziger Vorstadt;61 Jahre;336
2024;StB 1 Neustadt;03 StB Neustadt ohne Leipziger Vorstadt;62 Jahre;307
2024;StB 1 Neustadt;03 StB Neustadt ohne Leipziger Vorstadt;63 Jahre;310
2024;StB 1 Neustadt;03 StB Neustadt ohne Leipziger Vorstadt;64 Jahre;276
2024;StB 1 Neustadt;03 StB Neustadt ohne Leipziger Vorstadt;65 Jahre;258
2024;StB 1 Neustadt;03 StB Neustadt ohne Leipziger Vorstadt;66 Jahre;224
2024;StB 1 Neustadt;03 StB Neustadt ohne Leipziger Vorstadt;67 Jahre;193
2024;StB 1 Neustadt;03 StB Neustadt ohne Leipziger Vorstadt;68 Jahre;196
2024;StB 1 Neustadt;03 StB Neustadt ohne Leipziger Vorstadt;69 Jahre;208
2024;StB 1 Neustadt;03 StB Neustadt ohne Leipziger Vorstadt;70 Jahre;193
2024;StB 1 Neustadt;03 StB Neustadt ohne Leipziger Vorstadt;71 Jahre;190
2024;StB 1 Neustadt;03 StB Neustadt ohne Leipziger Vorstadt;72 Jahre;180
2024;StB 1 Neustadt;03 StB Neustadt ohne Leipziger Vorstadt;73 Jahre;166
2024;StB 1 Neustadt;03 StB Neustadt ohne Leipziger Vorstadt;74 Jahre;181
2024;StB 1 Neustadt;03 StB Neustadt ohne Leipziger Vorstadt;75 Jahre;166
2024;StB 1 Neustadt;03 StB Neustadt ohne Leipziger Vorstadt;76 Jahre;122
2024;StB 1 Neustadt;03 StB Neustadt ohne Leipziger Vorstadt;77 Jahre;134
2024;StB 1 Neustadt;03 StB Neustadt ohne Leipziger Vorstadt;78 Jahre;108
2024;StB 1 Neustadt;03 StB Neustadt ohne Leipziger Vorstadt;79 Jahre;123
2024;StB 1 Neustadt;03 StB Neustadt ohne Leipziger Vorstadt;80 Jahre;181
2024;StB 1 Neustadt;03 StB Neustadt ohne Leipziger Vorstadt;81 Jahre;189
2024;StB 1 Neustadt;03 StB Neustadt ohne Leipziger Vorstadt;82 Jahre;145
2024;StB 1 Neustadt;03 StB Neustadt ohne Leipziger Vorstadt;83 Jahre;174
2024;StB 1 Neustadt;03 StB Neustadt ohne Leipziger Vorstadt;84 Jahre;162
2024;StB 1 Neustadt;03 StB Neustadt ohne Leipziger Vorstadt;85 Jahre u.älter;855
2024;StB 1 Neustadt;04 Leipziger Vorstadt, Pieschen;0 Jahre;117
2024;StB 1 Neustadt;04 Leipziger Vorstadt, Pieschen;1 Jahre;119
2024;StB 1 Neustadt;04 Leipziger Vorstadt, Pieschen;2 Jahre;157
2024;StB 1 Neustadt;04 Leipziger Vorstadt, Pieschen;3 Jahre;150
2024;StB 1 Neustadt;04 Leipziger Vorstadt, Pieschen;4 Jahre;149
2024;StB 1 Neustadt;04 Leipziger Vorstadt, Pieschen;5 Jahre;146
2024;StB 1 Neustadt;04 Leipziger Vorstadt, Pieschen;6 Jahre;145
2024;StB 1 Neustadt;04 Leipziger Vorstadt, Pieschen;7 Jahre;149
2024;StB 1 Neustadt;04 Leipziger Vorstadt, Pieschen;8 Jahre;155
2024;StB 1 Neustadt;04 Leipziger Vorstadt, Pieschen;9 Jahre;138
2024;StB 1 Neustadt;04 Leipziger Vorstadt, Pieschen;10 Jahre;128
2024;StB 1 Neustadt;04 Leipziger Vorstadt, Pieschen;11 Jahre;148
2024;StB 1 Neustadt;04 Leipziger Vorstadt, Pieschen;12 Jahre;152
2024;StB 1 Neustadt;04 Leipziger Vorstadt, Pieschen;13 Jahre;134
2024;StB 1 Neustadt;04 Leipziger Vorstadt, Pieschen;14 Jahre;115
2024;StB 1 Neustadt;04 Leipziger Vorstadt, Pieschen;15 Jahre;121
2024;StB 1 Neustadt;04 Leipziger Vorstadt, Pieschen;16 Jahre;124
2024;StB 1 Neustadt;04 Leipziger Vorstadt, Pieschen;17 Jahre;104
2024;StB 1 Neustadt;04 Leipziger Vorstadt, Pieschen;18 Jahre;134
2024;StB 1 Neustadt;04 Leipziger Vorstadt, Pieschen;19 Jahre;141
2024;StB 1 Neustadt;04 Leipziger Vorstadt, Pieschen;20 Jahre;192
2024;StB 1 Neustadt;04 Leipziger Vorstadt, Pieschen;21 Jahre;189
2024;StB 1 Neustadt;04 Leipziger Vorstadt, Pieschen;22 Jahre;266
2024;StB 1 Neustadt;04 Leipziger Vorstadt, Pieschen;23 Jahre;270
2024;StB 1 Neustadt;04 Leipziger Vorstadt, Pieschen;24 Jahre;279
2024;StB 1 Neustadt;04 Leipziger Vorstadt, Pieschen;25 Jahre;302
2024;StB 1 Neustadt;04 Leipziger Vorstadt, Pieschen;26 Jahre;336
2024;StB 1 Neustadt;04 Leipziger Vorstadt, Pieschen;27 Jahre;355
2024;StB 1 Neustadt;04 Leipziger Vorstadt, Pieschen;28 Jahre;325
2024;StB 1 Neustadt;04 Leipziger Vorstadt, Pieschen;29 Jahre;302
2024;StB 1 Neustadt;04 Leipziger Vorstadt, Pieschen;30 Jahre;317
2024;StB 1 Neustadt;04 Leipziger Vorstadt, Pieschen;31 Jahre;281
2024;StB 1 Neustadt;04 Leipziger Vorstadt, Pieschen;32 Jahre;265
2024;StB 1 Neustadt;04 Leipziger Vorstadt, Pieschen;33 Jahre;285
2024;StB 1 Neustadt;04 Leipziger Vorstadt, Pieschen;34 Jahre;410
2024;StB 1 Neustadt;04 Leipziger Vorstadt, Pieschen;35 Jahre;391
2024;StB 1 Neustadt;04 Leipziger Vorstadt, Pieschen;36 Jahre;362
2024;StB 1 Neustadt;04 Leipziger Vorstadt, Pieschen;37 Jahre;326
2024;StB 1 Neustadt;04 Leipziger Vorstadt, Pieschen;38 Jahre;301
2024;StB 1 Neustadt;04 Leipziger Vorstadt, Pieschen;39 Jahre;279
2024;StB 1 Neustadt;04 Leipziger Vorstadt, Pieschen;40 Jahre;276
2024;StB 1 Neustadt;04 Leipziger Vorstadt, Pieschen;41 Jahre;275
2024;StB 1 Neustadt;04 Leipziger Vorstadt, Pieschen;42 Jahre;282
2024;StB 1 Neustadt;04 Leipziger Vorstadt, Pieschen;43 Jahre;238
2024;StB 1 Neustadt;04 Leipziger Vorstadt, Pieschen;44 Jahre;234
2024;StB 1 Neustadt;04 Leipziger Vorstadt, Pieschen;45 Jahre;253
2024;StB 1 Neustadt;04 Leipziger Vorstadt, Pieschen;46 Jahre;257
2024;StB 1 Neustadt;04 Leipziger Vorstadt, Pieschen;47 Jahre;213
2024;StB 1 Neustadt;04 Leipziger Vorstadt, Pieschen;48 Jahre;195
2024;StB 1 Neustadt;04 Leipziger Vorstadt, Pieschen;49 Jahre;163
2024;StB 1 Neustadt;04 Leipziger Vorstadt, Pieschen;50 Jahre;129
2024;StB 1 Neustadt;04 Leipziger Vorstadt, Pieschen;51 Jahre;132
2024;StB 1 Neustadt;04 Leipziger Vorstadt, Pieschen;52 Jahre;131
2024;StB 1 Neustadt;04 Leipziger Vorstadt, Pieschen;53 Jahre;144
2024;StB 1 Neustadt;04 Leipziger Vorstadt, Pieschen;54 Jahre;115
2024;StB 1 Neustadt;04 Leipziger Vorstadt, Pieschen;55 Jahre;101
2024;StB 1 Neustadt;04 Leipziger Vorstadt, Pieschen;56 Jahre;107
2024;StB 1 Neustadt;04 Leipziger Vorstadt, Pieschen;57 Jahre;108
2024;StB 1 Neustadt;04 Leipziger Vorstadt, Pieschen;58 Jahre;95
2024;StB 1 Neustadt;04 Leipziger Vorstadt, Pieschen;59 Jahre;83
2024;StB 1 Neustadt;04 Leipziger Vorstadt, Pieschen;60 Jahre;96
2024;StB 1 Neustadt;04 Leipziger Vorstadt, Pieschen;61 Jahre;98
2024;StB 1 Neustadt;04 Leipziger Vorstadt, Pieschen;62 Jahre;80
2024;StB 1 Neustadt;04 Leipziger Vorstadt, Pieschen;63 Jahre;87
2024;StB 1 Neustadt;04 Leipziger Vorstadt, Pieschen;64 Jahre;78
2024;StB 1 Neustadt;04 Leipziger Vorstadt, Pieschen;65 Jahre;59
2024;StB 1 Neustadt;04 Leipziger Vorstadt, Pieschen;66 Jahre;67
2024;StB 1 Neustadt;04 Leipziger Vorstadt, Pieschen;67 Jahre;59
2024;StB 1 Neustadt;04 Leipziger Vorstadt, Pieschen;68 Jahre;64
2024;StB 1 Neustadt;04 Leipziger Vorstadt, Pieschen;69 Jahre;52
2024;StB 1 Neustadt;04 Leipziger Vorstadt, Pieschen;70 Jahre;54
2024;StB 1 Neustadt;04 Leipziger Vorstadt, Pieschen;71 Jahre;47
2024;StB 1 Neustadt;04 Leipziger Vorstadt, Pieschen;72 Jahre;49
2024;StB 1 Neustadt;04 Leipziger Vorstadt, Pieschen;73 Jahre;53
2024;StB 1 Neustadt;04 Leipziger Vorstadt, Pieschen;74 Jahre;55
2024;StB 1 Neustadt;04 Leipziger Vorstadt, Pieschen;75 Jahre;36
2024;StB 1 Neustadt;04 Leipziger Vorstadt, Pieschen;76 Jahre;31
2024;StB 1 Neustadt;04 Leipziger Vorstadt, Pieschen;77 Jahre;37
2024;StB 1 Neustadt;04 Leipziger Vorstadt, Pieschen;78 Jahre;24
2024;StB 1 Neustadt;04 Leipziger Vorstadt, Pieschen;79 Jahre;23
2024;StB 1 Neustadt;04 Leipziger Vorstadt, Pieschen;80 Jahre;40
2024;StB 1 Neustadt;04 Leipziger Vorstadt, Pieschen;81 Jahre;38
2024;StB 1 Neustadt;04 Leipziger Vorstadt, Pieschen;82 Jahre;28
2024;StB 1 Neustadt;04 Leipziger Vorstadt, Pieschen;83 Jahre;28
2024;StB 1 Neustadt;04 Leipziger Vorstadt, Pieschen;84 Jahre;32
2024;StB 1 Neustadt;04 Leipziger Vorstadt, Pieschen;85 Jahre u.älter;122
2024;StB 2 Pieschen;04 Leipziger Vorstadt, Pieschen;0 Jahre;194
2024;StB 2 Pieschen;04 Leipziger Vorstadt, Pieschen;1 Jahre;219
2024;StB 2 Pieschen;04 Leipziger Vorstadt, Pieschen;2 Jahre;214
2024;StB 2 Pieschen;04 Leipziger Vorstadt, Pieschen;3 Jahre;261
2024;StB 2 Pieschen;04 Leipziger Vorstadt, Pieschen;4 Jahre;244
2024;StB 2 Pieschen;04 Leipziger Vorstadt, Pieschen;5 Jahre;270
2024;StB 2 Pieschen;04 Leipziger Vorstadt, Pieschen;6 Jahre;253
2024;StB 2 Pieschen;04 Leipziger Vorstadt, Pieschen;7 Jahre;272
2024;StB 2 Pieschen;04 Leipziger Vorstadt, Pieschen;8 Jahre;274
2024;StB 2 Pieschen;04 Leipziger Vorstadt, Pieschen;9 Jahre;291
2024;StB 2 Pieschen;04 Leipziger Vorstadt, Pieschen;10 Jahre;281
2024;StB 2 Pieschen;04 Leipziger Vorstadt, Pieschen;11 Jahre;258
2024;StB 2 Pieschen;04 Leipziger Vorstadt, Pieschen;12 Jahre;267
2024;StB 2 Pieschen;04 Leipziger Vorstadt, Pieschen;13 Jahre;263
2024;StB 2 Pieschen;04 Leipziger Vorstadt, Pieschen;14 Jahre;265
2024;StB 2 Pieschen;04 Leipziger Vorstadt, Pieschen;15 Jahre;245
2024;StB 2 Pieschen;04 Leipziger Vorstadt, Pieschen;16 Jahre;249
2024;StB 2 Pieschen;04 Leipziger Vorstadt, Pieschen;17 Jahre;237
2024;StB 2 Pieschen;04 Leipziger Vorstadt, Pieschen;18 Jahre;245
2024;StB 2 Pieschen;04 Leipziger Vorstadt, Pieschen;19 Jahre;235
2024;StB 2 Pieschen;04 Leipziger Vorstadt, Pieschen;20 Jahre;257
2024;StB 2 Pieschen;04 Leipziger Vorstadt, Pieschen;21 Jahre;286
2024;StB 2 Pieschen;04 Leipziger Vorstadt, Pieschen;22 Jahre;261
2024;StB 2 Pieschen;04 Leipziger Vorstadt, Pieschen;23 Jahre;313
2024;StB 2 Pieschen;04 Leipziger Vorstadt, Pieschen;24 Jahre;350
2024;StB 2 Pieschen;04 Leipziger Vorstadt, Pieschen;25 Jahre;385
2024;StB 2 Pieschen;04 Leipziger Vorstadt, Pieschen;26 Jahre;423
2024;StB 2 Pieschen;04 Leipziger Vorstadt, Pieschen;27 Jahre;452
2024;StB 2 Pieschen;04 Leipziger Vorstadt, Pieschen;28 Jahre;421
2024;StB 2 Pieschen;04 Leipziger Vorstadt, Pieschen;29 Jahre;394
2024;StB 2 Pieschen;04 Leipziger Vorstadt, Pieschen;30 Jahre;376
2024;StB 2 Pieschen;04 Leipziger Vorstadt, Pieschen;31 Jahre;397
2024;StB 2 Pieschen;04 Leipziger Vorstadt, Pieschen;32 Jahre;388
2024;StB 2 Pieschen;04 Leipziger Vorstadt, Pieschen;33 Jahre;430
2024;StB 2 Pieschen;04 Leipziger Vorstadt, Pieschen;34 Jahre;592
2024;StB 2 Pieschen;04 Leipziger Vorstadt, Pieschen;35 Jahre;557
2024;StB 2 Pieschen;04 Leipziger Vorstadt, Pieschen;36 Jahre;554
2024;StB 2 Pieschen;04 Leipziger Vorstadt, Pieschen;37 Jahre;571
2024;StB 2 Pieschen;04 Leipziger Vorstadt, Pieschen;38 Jahre;560
2024;StB 2 Pieschen;04 Leipziger Vorstadt, Pieschen;39 Jahre;525
2024;StB 2 Pieschen;04 Leipziger Vorstadt, Pieschen;40 Jahre;515
2024;StB 2 Pieschen;04 Leipziger Vorstadt, Pieschen;41 Jahre;538
2024;StB 2 Pieschen;04 Leipziger Vorstadt, Pieschen;42 Jahre;510
2024;StB 2 Pieschen;04 Leipziger Vorstadt, Pieschen;43 Jahre;448
2024;StB 2 Pieschen;04 Leipziger Vorstadt, Pieschen;44 Jahre;446
2024;StB 2 Pieschen;04 Leipziger Vorstadt, Pieschen;45 Jahre;429
2024;StB 2 Pieschen;04 Leipziger Vorstadt, Pieschen;46 Jahre;383
2024;StB 2 Pieschen;04 Leipziger Vorstadt, Pieschen;47 Jahre;372
2024;StB 2 Pieschen;04 Leipziger Vorstadt, Pieschen;48 Jahre;313
2024;StB 2 Pieschen;04 Leipziger Vorstadt, Pieschen;49 Jahre;298
2024;StB 2 Pieschen;04 Leipziger Vorstadt, Pieschen;50 Jahre;287
2024;StB 2 Pieschen;04 Leipziger Vorstadt, Pieschen;51 Jahre;240
2024;StB 2 Pieschen;04 Leipziger Vorstadt, Pieschen;52 Jahre;255
2024;StB 2 Pieschen;04 Leipziger Vorstadt, Pieschen;53 Jahre;299
2024;StB 2 Pieschen;04 Leipziger Vorstadt, Pieschen;54 Jahre;248
2024;StB 2 Pieschen;04 Leipziger Vorstadt, Pieschen;55 Jahre;249
2024;StB 2 Pieschen;04 Leipziger Vorstadt, Pieschen;56 Jahre;258
2024;StB 2 Pieschen;04 Leipziger Vorstadt, Pieschen;57 Jahre;236
2024;StB 2 Pieschen;04 Leipziger Vorstadt, Pieschen;58 Jahre;246
2024;StB 2 Pieschen;04 Leipziger Vorstadt, Pieschen;59 Jahre;273
2024;StB 2 Pieschen;04 Leipziger Vorstadt, Pieschen;60 Jahre;253
2024;StB 2 Pieschen;04 Leipziger Vorstadt, Pieschen;61 Jahre;256
2024;StB 2 Pieschen;04 Leipziger Vorstadt, Pieschen;62 Jahre;234
2024;StB 2 Pieschen;04 Leipziger Vorstadt, Pieschen;63 Jahre;247
2024;StB 2 Pieschen;04 Leipziger Vorstadt, Pieschen;64 Jahre;210
2024;StB 2 Pieschen;04 Leipziger Vorstadt, Pieschen;65 Jahre;203
2024;StB 2 Pieschen;04 Leipziger Vorstadt, Pieschen;66 Jahre;180
2024;StB 2 Pieschen;04 Leipziger Vorstadt, Pieschen;67 Jahre;169
2024;StB 2 Pieschen;04 Leipziger Vorstadt, Pieschen;68 Jahre;149
2024;StB 2 Pieschen;04 Leipziger Vorstadt, Pieschen;69 Jahre;145
2024;StB 2 Pieschen;04 Leipziger Vorstadt, Pieschen;70 Jahre;139
2024;StB 2 Pieschen;04 Leipziger Vorstadt, Pieschen;71 Jahre;151
2024;StB 2 Pieschen;04 Leipziger Vorstadt, Pieschen;72 Jahre;156
2024;StB 2 Pieschen;04 Leipziger Vorstadt, Pieschen;73 Jahre;149
2024;StB 2 Pieschen;04 Leipziger Vorstadt, Pieschen;74 Jahre;121
2024;StB 2 Pieschen;04 Leipziger Vorstadt, Pieschen;75 Jahre;131
2024;StB 2 Pieschen;04 Leipziger Vorstadt, Pieschen;76 Jahre;85
2024;StB 2 Pieschen;04 Leipziger Vorstadt, Pieschen;77 Jahre;115
2024;StB 2 Pieschen;04 Leipziger Vorstadt, Pieschen;78 Jahre;72
2024;StB 2 Pieschen;04 Leipziger Vorstadt, Pieschen;79 Jahre;83
2024;StB 2 Pieschen;04 Leipziger Vorstadt, Pieschen;80 Jahre;117
2024;StB 2 Pieschen;04 Leipziger Vorstadt, Pieschen;81 Jahre;134
2024;StB 2 Pieschen;04 Leipziger Vorstadt, Pieschen;82 Jahre;92
2024;StB 2 Pieschen;04 Leipziger Vorstadt, Pieschen;83 Jahre;103
2024;StB 2 Pieschen;04 Leipziger Vorstadt, Pieschen;84 Jahre;118
2024;StB 2 Pieschen;04 Leipziger Vorstadt, Pieschen;85 Jahre u.älter;548
2024;StB 2 Pieschen;05 Mickten, Kaditz, Trachau;0 Jahre;206
2024;StB 2 Pieschen;05 Mickten, Kaditz, Trachau;1 Jahre;242
2024;StB 2 Pieschen;05 Mickten, Kaditz, Trachau;2 Jahre;233
2024;StB 2 Pieschen;05 Mickten, Kaditz, Trachau;3 Jahre;289
2024;StB 2 Pieschen;05 Mickten, Kaditz, Trachau;4 Jahre;271
2024;StB 2 Pieschen;05 Mickten, Kaditz, Trachau;5 Jahre;279
2024;StB 2 Pieschen;05 Mickten, Kaditz, Trachau;6 Jahre;289
2024;StB 2 Pieschen;05 Mickten, Kaditz, Trachau;7 Jahre;327
2024;StB 2 Pieschen;05 Mickten, Kaditz, Trachau;8 Jahre;311
2024;StB 2 Pieschen;05 Mickten, Kaditz, Trachau;9 Jahre;290
2024;StB 2 Pieschen;05 Mickten, Kaditz, Trachau;10 Jahre;319
2024;StB 2 Pieschen;05 Mickten, Kaditz, Trachau;11 Jahre;322
2024;StB 2 Pieschen;05 Mickten, Kaditz, Trachau;12 Jahre;295
2024;StB 2 Pieschen;05 Mickten, Kaditz, Trachau;13 Jahre;291
2024;StB 2 Pieschen;05 Mickten, Kaditz, Trachau;14 Jahre;317
2024;StB 2 Pieschen;05 Mickten, Kaditz, Trachau;15 Jahre;259
2024;StB 2 Pieschen;05 Mickten, Kaditz, Trachau;16 Jahre;263
2024;StB 2 Pieschen;05 Mickten, Kaditz, Trachau;17 Jahre;324
2024;StB 2 Pieschen;05 Mickten, Kaditz, Trachau;18 Jahre;279
2024;StB 2 Pieschen;05 Mickten, Kaditz, Trachau;19 Jahre;320
2024;StB 2 Pieschen;05 Mickten, Kaditz, Trachau;20 Jahre;271
2024;StB 2 Pieschen;05 Mickten, Kaditz, Trachau;21 Jahre;272
2024;StB 2 Pieschen;05 Mickten, Kaditz, Trachau;22 Jahre;293
2024;StB 2 Pieschen;05 Mickten, Kaditz, Trachau;23 Jahre;314
2024;StB 2 Pieschen;05 Mickten, Kaditz, Trachau;24 Jahre;339
2024;StB 2 Pieschen;05 Mickten, Kaditz, Trachau;25 Jahre;325
2024;StB 2 Pieschen;05 Mickten, Kaditz, Trachau;26 Jahre;342
2024;StB 2 Pieschen;05 Mickten, Kaditz, Trachau;27 Jahre;320
2024;StB 2 Pieschen;05 Mickten, Kaditz, Trachau;28 Jahre;334
2024;StB 2 Pieschen;05 Mickten, Kaditz, Trachau;29 Jahre;308
2024;StB 2 Pieschen;05 Mickten, Kaditz, Trachau;30 Jahre;288
2024;StB 2 Pieschen;05 Mickten, Kaditz, Trachau;31 Jahre;313
2024;StB 2 Pieschen;05 Mickten, Kaditz, Trachau;32 Jahre;302
2024;StB 2 Pieschen;05 Mickten, Kaditz, Trachau;33 Jahre;381
2024;StB 2 Pieschen;05 Mickten, Kaditz, Trachau;34 Jahre;538
2024;StB 2 Pieschen;05 Mickten, Kaditz, Trachau;35 Jahre;535
2024;StB 2 Pieschen;05 Mickten, Kaditz, Trachau;36 Jahre;554
2024;StB 2 Pieschen;05 Mickten, Kaditz, Trachau;37 Jahre;579
2024;StB 2 Pieschen;05 Mickten, Kaditz, Trachau;38 Jahre;560
2024;StB 2 Pieschen;05 Mickten, Kaditz, Trachau;39 Jahre;556
2024;StB 2 Pieschen;05 Mickten, Kaditz, Trachau;40 Jahre;510
2024;StB 2 Pieschen;05 Mickten, Kaditz, Trachau;41 Jahre;512
2024;StB 2 Pieschen;05 Mickten, Kaditz, Trachau;42 Jahre;516
2024;StB 2 Pieschen;05 Mickten, Kaditz, Trachau;43 Jahre;491
2024;StB 2 Pieschen;05 Mickten, Kaditz, Trachau;44 Jahre;501
2024;StB 2 Pieschen;05 Mickten, Kaditz, Trachau;45 Jahre;480
2024;StB 2 Pieschen;05 Mickten, Kaditz, Trachau;46 Jahre;473
2024;StB 2 Pieschen;05 Mickten, Kaditz, Trachau;47 Jahre;442
2024;StB 2 Pieschen;05 Mickten, Kaditz, Trachau;48 Jahre;349
2024;StB 2 Pieschen;05 Mickten, Kaditz, Trachau;49 Jahre;363
2024;StB 2 Pieschen;05 Mickten, Kaditz, Trachau;50 Jahre;304
2024;StB 2 Pieschen;05 Mickten, Kaditz, Trachau;51 Jahre;307
2024;StB 2 Pieschen;05 Mickten, Kaditz, Trachau;52 Jahre;326
2024;StB 2 Pieschen;05 Mickten, Kaditz, Trachau;53 Jahre;423
2024;StB 2 Pieschen;05 Mickten, Kaditz, Trachau;54 Jahre;376
2024;StB 2 Pieschen;05 Mickten, Kaditz, Trachau;55 Jahre;432
2024;StB 2 Pieschen;05 Mickten, Kaditz, Trachau;56 Jahre;376
2024;StB 2 Pieschen;05 Mickten, Kaditz, Trachau;57 Jahre;404
2024;StB 2 Pieschen;05 Mickten, Kaditz, Trachau;58 Jahre;393
2024;StB 2 Pieschen;05 Mickten, Kaditz, Trachau;59 Jahre;376
2024;StB 2 Pieschen;05 Mickten, Kaditz, Trachau;60 Jahre;364
2024;StB 2 Pieschen;05 Mickten, Kaditz, Trachau;61 Jahre;436
2024;StB 2 Pieschen;05 Mickten, Kaditz, Trachau;62 Jahre;373
2024;StB 2 Pieschen;05 Mickten, Kaditz, Trachau;63 Jahre;375
2024;StB 2 Pieschen;05 Mickten, Kaditz, Trachau;64 Jahre;331
2024;StB 2 Pieschen;05 Mickten, Kaditz, Trachau;65 Jahre;327
2024;StB 2 Pieschen;05 Mickten, Kaditz, Trachau;66 Jahre;290
2024;StB 2 Pieschen;05 Mickten, Kaditz, Trachau;67 Jahre;294
2024;StB 2 Pieschen;05 Mickten, Kaditz, Trachau;68 Jahre;256
2024;StB 2 Pieschen;05 Mickten, Kaditz, Trachau;69 Jahre;261
2024;StB 2 Pieschen;05 Mickten, Kaditz, Trachau;70 Jahre;289
2024;StB 2 Pieschen;05 Mickten, Kaditz, Trachau;71 Jahre;264
2024;StB 2 Pieschen;05 Mickten, Kaditz, Trachau;72 Jahre;251
2024;StB 2 Pieschen;05 Mickten, Kaditz, Trachau;73 Jahre;295
2024;StB 2 Pieschen;05 Mickten, Kaditz, Trachau;74 Jahre;294
2024;StB 2 Pieschen;05 Mickten, Kaditz, Trachau;75 Jahre;227
2024;StB 2 Pieschen;05 Mickten, Kaditz, Trachau;76 Jahre;176
2024;StB 2 Pieschen;05 Mickten, Kaditz, Trachau;77 Jahre;172
2024;StB 2 Pieschen;05 Mickten, Kaditz, Trachau;78 Jahre;139
2024;StB 2 Pieschen;05 Mickten, Kaditz, Trachau;79 Jahre;177
2024;StB 2 Pieschen;05 Mickten, Kaditz, Trachau;80 Jahre;251
2024;StB 2 Pieschen;05 Mickten, Kaditz, Trachau;81 Jahre;225
2024;StB 2 Pieschen;05 Mickten, Kaditz, Trachau;82 Jahre;197
2024;StB 2 Pieschen;05 Mickten, Kaditz, Trachau;83 Jahre;220
2024;StB 2 Pieschen;05 Mickten, Kaditz, Trachau;84 Jahre;244
2024;StB 2 Pieschen;05 Mickten, Kaditz, Trachau;85 Jahre u.älter;958
2024;StB 3 Klotzsche/nördliche Ortschaften;06 StB Klotzsche und nördliche OS;0 Jahre;152
2024;StB 3 Klotzsche/nördliche Ortschaften;06 StB Klotzsche und nördliche OS;1 Jahre;186
2024;StB 3 Klotzsche/nördliche Ortschaften;06 StB Klotzsche und nördliche OS;2 Jahre;208
2024;StB 3 Klotzsche/nördliche Ortschaften;06 StB Klotzsche und nördliche OS;3 Jahre;255
2024;StB 3 Klotzsche/nördliche Ortschaften;06 StB Klotzsche und nördliche OS;4 Jahre;271
2024;StB 3 Klotzsche/nördliche Ortschaften;06 StB Klotzsche und nördliche OS;5 Jahre;300
2024;StB 3 Klotzsche/nördliche Ortschaften;06 StB Klotzsche und nördliche OS;6 Jahre;325
2024;StB 3 Klotzsche/nördliche Ortschaften;06 StB Klotzsche und nördliche OS;7 Jahre;329
2024;StB 3 Klotzsche/nördliche Ortschaften;06 StB Klotzsche und nördliche OS;8 Jahre;367
2024;StB 3 Klotzsche/nördliche Ortschaften;06 StB Klotzsche und nördliche OS;9 Jahre;349
2024;StB 3 Klotzsche/nördliche Ortschaften;06 StB Klotzsche und nördliche OS;10 Jahre;383
2024;StB 3 Klotzsche/nördliche Ortschaften;06 StB Klotzsche und nördliche OS;11 Jahre;362
2024;StB 3 Klotzsche/nördliche Ortschaften;06 StB Klotzsche und nördliche OS;12 Jahre;352
2024;StB 3 Klotzsche/nördliche Ortschaften;06 StB Klotzsche und nördliche OS;13 Jahre;370
2024;StB 3 Klotzsche/nördliche Ortschaften;06 StB Klotzsche und nördliche OS;14 Jahre;377
2024;StB 3 Klotzsche/nördliche Ortschaften;06 StB Klotzsche und nördliche OS;15 Jahre;364
2024;StB 3 Klotzsche/nördliche Ortschaften;06 StB Klotzsche und nördliche OS;16 Jahre;384
2024;StB 3 Klotzsche/nördliche Ortschaften;06 StB Klotzsche und nördliche OS;17 Jahre;364
2024;StB 3 Klotzsche/nördliche Ortschaften;06 StB Klotzsche und nördliche OS;18 Jahre;311
2024;StB 3 Klotzsche/nördliche Ortschaften;06 StB Klotzsche und nördliche OS;19 Jahre;298
2024;StB 3 Klotzsche/nördliche Ortschaften;06 StB Klotzsche und nördliche OS;20 Jahre;274
2024;StB 3 Klotzsche/nördliche Ortschaften;06 StB Klotzsche und nördliche OS;21 Jahre;236
2024;StB 3 Klotzsche/nördliche Ortschaften;06 StB Klotzsche und nördliche OS;22 Jahre;209
2024;StB 3 Klotzsche/nördliche Ortschaften;06 StB Klotzsche und nördliche OS;23 Jahre;179
2024;StB 3 Klotzsche/nördliche Ortschaften;06 StB Klotzsche und nördliche OS;24 Jahre;207
2024;StB 3 Klotzsche/nördliche Ortschaften;06 StB Klotzsche und nördliche OS;25 Jahre;199
2024;StB 3 Klotzsche/nördliche Ortschaften;06 StB Klotzsche und nördliche OS;26 Jahre;182
2024;StB 3 Klotzsche/nördliche Ortschaften;06 StB Klotzsche und nördliche OS;27 Jahre;188
2024;StB 3 Klotzsche/nördliche Ortschaften;06 StB Klotzsche und nördliche OS;28 Jahre;169
2024;StB 3 Klotzsche/nördliche Ortschaften;06 StB Klotzsche und nördliche OS;29 Jahre;158
2024;StB 3 Klotzsche/nördliche Ortschaften;06 StB Klotzsche und nördliche OS;30 Jahre;155
2024;StB 3 Klotzsche/nördliche Ortschaften;06 StB Klotzsche und nördliche OS;31 Jahre;166
2024;StB 3 Klotzsche/nördliche Ortschaften;06 StB Klotzsche und nördliche OS;32 Jahre;180
2024;StB 3 Klotzsche/nördliche Ortschaften;06 StB Klotzsche und nördliche OS;33 Jahre;216
2024;StB 3 Klotzsche/nördliche Ortschaften;06 StB Klotzsche und nördliche OS;34 Jahre;321
2024;StB 3 Klotzsche/nördliche Ortschaften;06 StB Klotzsche und nördliche OS;35 Jahre;372
2024;StB 3 Klotzsche/nördliche Ortschaften;06 StB Klotzsche und nördliche OS;36 Jahre;407
2024;StB 3 Klotzsche/nördliche Ortschaften;06 StB Klotzsche und nördliche OS;37 Jahre;408
2024;StB 3 Klotzsche/nördliche Ortschaften;06 StB Klotzsche und nördliche OS;38 Jahre;406
2024;StB 3 Klotzsche/nördliche Ortschaften;06 StB Klotzsche und nördliche OS;39 Jahre;420
2024;StB 3 Klotzsche/nördliche Ortschaften;06 StB Klotzsche und nördliche OS;40 Jahre;413
2024;StB 3 Klotzsche/nördliche Ortschaften;06 StB Klotzsche und nördliche OS;41 Jahre;413
2024;StB 3 Klotzsche/nördliche Ortschaften;06 StB Klotzsche und nördliche OS;42 Jahre;428
2024;StB 3 Klotzsche/nördliche Ortschaften;06 StB Klotzsche und nördliche OS;43 Jahre;490
2024;StB 3 Klotzsche/nördliche Ortschaften;06 StB Klotzsche und nördliche OS;44 Jahre;448
2024;StB 3 Klotzsche/nördliche Ortschaften;06 StB Klotzsche und nördliche OS;45 Jahre;465
2024;StB 3 Klotzsche/nördliche Ortschaften;06 StB Klotzsche und nördliche OS;46 Jahre;485
2024;StB 3 Klotzsche/nördliche Ortschaften;06 StB Klotzsche und nördliche OS;47 Jahre;468
2024;StB 3 Klotzsche/nördliche Ortschaften;06 StB Klotzsche und nördliche OS;48 Jahre;402
2024;StB 3 Klotzsche/nördliche Ortschaften;06 StB Klotzsche und nördliche OS;49 Jahre;416
2024;StB 3 Klotzsche/nördliche Ortschaften;06 StB Klotzsche und nördliche OS;50 Jahre;377
2024;StB 3 Klotzsche/nördliche Ortschaften;06 StB Klotzsche und nördliche OS;51 Jahre;330
2024;StB 3 Klotzsche/nördliche Ortschaften;06 StB Klotzsche und nördliche OS;52 Jahre;446
2024;StB 3 Klotzsche/nördliche Ortschaften;06 StB Klotzsche und nördliche OS;53 Jahre;476
2024;StB 3 Klotzsche/nördliche Ortschaften;06 StB Klotzsche und nördliche OS;54 Jahre;515
2024;StB 3 Klotzsche/nördliche Ortschaften;06 StB Klotzsche und nördliche OS;55 Jahre;481
2024;StB 3 Klotzsche/nördliche Ortschaften;06 StB Klotzsche und nördliche OS;56 Jahre;516
2024;StB 3 Klotzsche/nördliche Ortschaften;06 StB Klotzsche und nördliche OS;57 Jahre;525
2024;StB 3 Klotzsche/nördliche Ortschaften;06 StB Klotzsche und nördliche OS;58 Jahre;537
2024;StB 3 Klotzsche/nördliche Ortschaften;06 StB Klotzsche und nördliche OS;59 Jahre;510
2024;StB 3 Klotzsche/nördliche Ortschaften;06 StB Klotzsche und nördliche OS;60 Jahre;545
2024;StB 3 Klotzsche/nördliche Ortschaften;06 StB Klotzsche und nördliche OS;61 Jahre;498
2024;StB 3 Klotzsche/nördliche Ortschaften;06 StB Klotzsche und nördliche OS;62 Jahre;520
2024;StB 3 Klotzsche/nördliche Ortschaften;06 StB Klotzsche und nördliche OS;63 Jahre;490
2024;StB 3 Klotzsche/nördliche Ortschaften;06 StB Klotzsche und nördliche OS;64 Jahre;438
2024;StB 3 Klotzsche/nördliche Ortschaften;06 StB Klotzsche und nördliche OS;65 Jahre;461
2024;StB 3 Klotzsche/nördliche Ortschaften;06 StB Klotzsche und nördliche OS;66 Jahre;432
2024;StB 3 Klotzsche/nördliche Ortschaften;06 StB Klotzsche und nördliche OS;67 Jahre;425
2024;StB 3 Klotzsche/nördliche Ortschaften;06 StB Klotzsche und nördliche OS;68 Jahre;411
2024;StB 3 Klotzsche/nördliche Ortschaften;06 StB Klotzsche und nördliche OS;69 Jahre;416
2024;StB 3 Klotzsche/nördliche Ortschaften;06 StB Klotzsche und nördliche OS;70 Jahre;408
2024;StB 3 Klotzsche/nördliche Ortschaften;06 StB Klotzsche und nördliche OS;71 Jahre;370
2024;StB 3 Klotzsche/nördliche Ortschaften;06 StB Klotzsche und nördliche OS;72 Jahre;406
2024;StB 3 Klotzsche/nördliche Ortschaften;06 StB Klotzsche und nördliche OS;73 Jahre;365
2024;StB 3 Klotzsche/nördliche Ortschaften;06 StB Klotzsche und nördliche OS;74 Jahre;366
2024;StB 3 Klotzsche/nördliche Ortschaften;06 StB Klotzsche und nördliche OS;75 Jahre;327
2024;StB 3 Klotzsche/nördliche Ortschaften;06 StB Klotzsche und nördliche OS;76 Jahre;269
2024;StB 3 Klotzsche/nördliche Ortschaften;06 StB Klotzsche und nördliche OS;77 Jahre;295
2024;StB 3 Klotzsche/nördliche Ortschaften;06 StB Klotzsche und nördliche OS;78 Jahre;188
2024;StB 3 Klotzsche/nördliche Ortschaften;06 StB Klotzsche und nördliche OS;79 Jahre;237
2024;StB 3 Klotzsche/nördliche Ortschaften;06 StB Klotzsche und nördliche OS;80 Jahre;343
2024;StB 3 Klotzsche/nördliche Ortschaften;06 StB Klotzsche und nördliche OS;81 Jahre;366
2024;StB 3 Klotzsche/nördliche Ortschaften;06 StB Klotzsche und nördliche OS;82 Jahre;290
2024;StB 3 Klotzsche/nördliche Ortschaften;06 StB Klotzsche und nördliche OS;83 Jahre;332
2024;StB 3 Klotzsche/nördliche Ortschaften;06 StB Klotzsche und nördliche OS;84 Jahre;327
2024;StB 3 Klotzsche/nördliche Ortschaften;06 StB Klotzsche und nördliche OS;85 Jahre u.älter;1517
2024;StB 4 Loschwitz/OS Schönfeld-Weißig;07 StB Loschwitz und OS Schönfeld-Weißig;0 Jahre;154
2024;StB 4 Loschwitz/OS Schönfeld-Weißig;07 StB Loschwitz und OS Schönfeld-Weißig;1 Jahre;164
2024;StB 4 Loschwitz/OS Schönfeld-Weißig;07 StB Loschwitz und OS Schönfeld-Weißig;2 Jahre;215
2024;StB 4 Loschwitz/OS Schönfeld-Weißig;07 StB Loschwitz und OS Schönfeld-Weißig;3 Jahre;276
2024;StB 4 Loschwitz/OS Schönfeld-Weißig;07 StB Loschwitz und OS Schönfeld-Weißig;4 Jahre;266
2024;StB 4 Loschwitz/OS Schönfeld-Weißig;07 StB Loschwitz und OS Schönfeld-Weißig;5 Jahre;291
2024;StB 4 Loschwitz/OS Schönfeld-Weißig;07 StB Loschwitz und OS Schönfeld-Weißig;6 Jahre;333
2024;StB 4 Loschwitz/OS Schönfeld-Weißig;07 StB Loschwitz und OS Schönfeld-Weißig;7 Jahre;359
2024;StB 4 Loschwitz/OS Schönfeld-Weißig;07 StB Loschwitz und OS Schönfeld-Weißig;8 Jahre;397
2024;StB 4 Loschwitz/OS Schönfeld-Weißig;07 StB Loschwitz und OS Schönfeld-Weißig;9 Jahre;376
2024;StB 4 Loschwitz/OS Schönfeld-Weißig;07 StB Loschwitz und OS Schönfeld-Weißig;10 Jahre;393
2024;StB 4 Loschwitz/OS Schönfeld-Weißig;07 StB Loschwitz und OS Schönfeld-Weißig;11 Jahre;397
2024;StB 4 Loschwitz/OS Schönfeld-Weißig;07 StB Loschwitz und OS Schönfeld-Weißig;12 Jahre;405
2024;StB 4 Loschwitz/OS Schönfeld-Weißig;07 StB Loschwitz und OS Schönfeld-Weißig;13 Jahre;403
2024;StB 4 Loschwitz/OS Schönfeld-Weißig;07 StB Loschwitz und OS Schönfeld-Weißig;14 Jahre;397
2024;StB 4 Loschwitz/OS Schönfeld-Weißig;07 StB Loschwitz und OS Schönfeld-Weißig;15 Jahre;410
2024;StB 4 Loschwitz/OS Schönfeld-Weißig;07 StB Loschwitz und OS Schönfeld-Weißig;16 Jahre;427
2024;StB 4 Loschwitz/OS Schönfeld-Weißig;07 StB Loschwitz und OS Schönfeld-Weißig;17 Jahre;420
2024;StB 4 Loschwitz/OS Schönfeld-Weißig;07 StB Loschwitz und OS Schönfeld-Weißig;18 Jahre;389
2024;StB 4 Loschwitz/OS Schönfeld-Weißig;07 StB Loschwitz und OS Schönfeld-Weißig;19 Jahre;308
2024;StB 4 Loschwitz/OS Schönfeld-Weißig;07 StB Loschwitz und OS Schönfeld-Weißig;20 Jahre;275
2024;StB 4 Loschwitz/OS Schönfeld-Weißig;07 StB Loschwitz und OS Schönfeld-Weißig;21 Jahre;237
2024;StB 4 Loschwitz/OS Schönfeld-Weißig;07 StB Loschwitz und OS Schönfeld-Weißig;22 Jahre;200
2024;StB 4 Loschwitz/OS Schönfeld-Weißig;07 StB Loschwitz und OS Schönfeld-Weißig;23 Jahre;220
2024;StB 4 Loschwitz/OS Schönfeld-Weißig;07 StB Loschwitz und OS Schönfeld-Weißig;24 Jahre;191
2024;StB 4 Loschwitz/OS Schönfeld-Weißig;07 StB Loschwitz und OS Schönfeld-Weißig;25 Jahre;192
2024;StB 4 Loschwitz/OS Schönfeld-Weißig;07 StB Loschwitz und OS Schönfeld-Weißig;26 Jahre;186
2024;StB 4 Loschwitz/OS Schönfeld-Weißig;07 StB Loschwitz und OS Schönfeld-Weißig;27 Jahre;173
2024;StB 4 Loschwitz/OS Schönfeld-Weißig;07 StB Loschwitz und OS Schönfeld-Weißig;28 Jahre;149
2024;StB 4 Loschwitz/OS Schönfeld-Weißig;07 StB Loschwitz und OS Schönfeld-Weißig;29 Jahre;161
2024;StB 4 Loschwitz/OS Schönfeld-Weißig;07 StB Loschwitz und OS Schönfeld-Weißig;30 Jahre;146
2024;StB 4 Loschwitz/OS Schönfeld-Weißig;07 StB Loschwitz und OS Schönfeld-Weißig;31 Jahre;181
2024;StB 4 Loschwitz/OS Schönfeld-Weißig;07 StB Loschwitz und OS Schönfeld-Weißig;32 Jahre;164
2024;StB 4 Loschwitz/OS Schönfeld-Weißig;07 StB Loschwitz und OS Schönfeld-Weißig;33 Jahre;226
2024;StB 4 Loschwitz/OS Schönfeld-Weißig;07 StB Loschwitz und OS Schönfeld-Weißig;34 Jahre;306
2024;StB 4 Loschwitz/OS Schönfeld-Weißig;07 StB Loschwitz und OS Schönfeld-Weißig;35 Jahre;354
2024;StB 4 Loschwitz/OS Schönfeld-Weißig;07 StB Loschwitz und OS Schönfeld-Weißig;36 Jahre;385
2024;StB 4 Loschwitz/OS Schönfeld-Weißig;07 StB Loschwitz und OS Schönfeld-Weißig;37 Jahre;386
2024;StB 4 Loschwitz/OS Schönfeld-Weißig;07 StB Loschwitz und OS Schönfeld-Weißig;38 Jahre;356
2024;StB 4 Loschwitz/OS Schönfeld-Weißig;07 StB Loschwitz und OS Schönfeld-Weißig;39 Jahre;410
2024;StB 4 Loschwitz/OS Schönfeld-Weißig;07 StB Loschwitz und OS Schönfeld-Weißig;40 Jahre;414
2024;StB 4 Loschwitz/OS Schönfeld-Weißig;07 StB Loschwitz und OS Schönfeld-Weißig;41 Jahre;426
2024;StB 4 Loschwitz/OS Schönfeld-Weißig;07 StB Loschwitz und OS Schönfeld-Weißig;42 Jahre;483
2024;StB 4 Loschwitz/OS Schönfeld-Weißig;07 StB Loschwitz und OS Schönfeld-Weißig;43 Jahre;425
2024;StB 4 Loschwitz/OS Schönfeld-Weißig;07 StB Loschwitz und OS Schönfeld-Weißig;44 Jahre;485
2024;StB 4 Loschwitz/OS Schönfeld-Weißig;07 StB Loschwitz und OS Schönfeld-Weißig;45 Jahre;533
2024;StB 4 Loschwitz/OS Schönfeld-Weißig;07 StB Loschwitz und OS Schönfeld-Weißig;46 Jahre;507
2024;StB 4 Loschwitz/OS Schönfeld-Weißig;07 StB Loschwitz und OS Schönfeld-Weißig;47 Jahre;520
2024;StB 4 Loschwitz/OS Schönfeld-Weißig;07 StB Loschwitz und OS Schönfeld-Weißig;48 Jahre;523
2024;StB 4 Loschwitz/OS Schönfeld-Weißig;07 StB Loschwitz und OS Schönfeld-Weißig;49 Jahre;461
2024;StB 4 Loschwitz/OS Schönfeld-Weißig;07 StB Loschwitz und OS Schönfeld-Weißig;50 Jahre;488
2024;StB 4 Loschwitz/OS Schönfeld-Weißig;07 StB Loschwitz und OS Schönfeld-Weißig;51 Jahre;446
2024;StB 4 Loschwitz/OS Schönfeld-Weißig;07 StB Loschwitz und OS Schönfeld-Weißig;52 Jahre;490
2024;StB 4 Loschwitz/OS Schönfeld-Weißig;07 StB Loschwitz und OS Schönfeld-Weißig;53 Jahre;537
2024;StB 4 Loschwitz/OS Schönfeld-Weißig;07 StB Loschwitz und OS Schönfeld-Weißig;54 Jahre;563
2024;StB 4 Loschwitz/OS Schönfeld-Weißig;07 StB Loschwitz und OS Schönfeld-Weißig;55 Jahre;556
2024;StB 4 Loschwitz/OS Schönfeld-Weißig;07 StB Loschwitz und OS Schönfeld-Weißig;56 Jahre;519
2024;StB 4 Loschwitz/OS Schönfeld-Weißig;07 StB Loschwitz und OS Schönfeld-Weißig;57 Jahre;576
2024;StB 4 Loschwitz/OS Schönfeld-Weißig;07 StB Loschwitz und OS Schönfeld-Weißig;58 Jahre;554
2024;StB 4 Loschwitz/OS Schönfeld-Weißig;07 StB Loschwitz und OS Schönfeld-Weißig;59 Jahre;604
2024;StB 4 Loschwitz/OS Schönfeld-Weißig;07 StB Loschwitz und OS Schönfeld-Weißig;60 Jahre;552
2024;StB 4 Loschwitz/OS Schönfeld-Weißig;07 StB Loschwitz und OS Schönfeld-Weißig;61 Jahre;572
2024;StB 4 Loschwitz/OS Schönfeld-Weißig;07 StB Loschwitz und OS Schönfeld-Weißig;62 Jahre;544
2024;StB 4 Loschwitz/OS Schönfeld-Weißig;07 StB Loschwitz und OS Schönfeld-Weißig;63 Jahre;506
2024;StB 4 Loschwitz/OS Schönfeld-Weißig;07 StB Loschwitz und OS Schönfeld-Weißig;64 Jahre;477
2024;StB 4 Loschwitz/OS Schönfeld-Weißig;07 StB Loschwitz und OS Schönfeld-Weißig;65 Jahre;462
2024;StB 4 Loschwitz/OS Schönfeld-Weißig;07 StB Loschwitz und OS Schönfeld-Weißig;66 Jahre;401
2024;StB 4 Loschwitz/OS Schönfeld-Weißig;07 StB Loschwitz und OS Schönfeld-Weißig;67 Jahre;378
2024;StB 4 Loschwitz/OS Schönfeld-Weißig;07 StB Loschwitz und OS Schönfeld-Weißig;68 Jahre;386
2024;StB 4 Loschwitz/OS Schönfeld-Weißig;07 StB Loschwitz und OS Schönfeld-Weißig;69 Jahre;428
2024;StB 4 Loschwitz/OS Schönfeld-Weißig;07 StB Loschwitz und OS Schönfeld-Weißig;70 Jahre;416
2024;StB 4 Loschwitz/OS Schönfeld-Weißig;07 StB Loschwitz und OS Schönfeld-Weißig;71 Jahre;427
2024;StB 4 Loschwitz/OS Schönfeld-Weißig;07 StB Loschwitz und OS Schönfeld-Weißig;72 Jahre;415
2024;StB 4 Loschwitz/OS Schönfeld-Weißig;07 StB Loschwitz und OS Schönfeld-Weißig;73 Jahre;420
2024;StB 4 Loschwitz/OS Schönfeld-Weißig;07 StB Loschwitz und OS Schönfeld-Weißig;74 Jahre;397
2024;StB 4 Loschwitz/OS Schönfeld-Weißig;07 StB Loschwitz und OS Schönfeld-Weißig;75 Jahre;335
2024;StB 4 Loschwitz/OS Schönfeld-Weißig;07 StB Loschwitz und OS Schönfeld-Weißig;76 Jahre;259
2024;StB 4 Loschwitz/OS Schönfeld-Weißig;07 StB Loschwitz und OS Schönfeld-Weißig;77 Jahre;300
2024;StB 4 Loschwitz/OS Schönfeld-Weißig;07 StB Loschwitz und OS Schönfeld-Weißig;78 Jahre;226
2024;StB 4 Loschwitz/OS Schönfeld-Weißig;07 StB Loschwitz und OS Schönfeld-Weißig;79 Jahre;255
2024;StB 4 Loschwitz/OS Schönfeld-Weißig;07 StB Loschwitz und OS Schönfeld-Weißig;80 Jahre;362
2024;StB 4 Loschwitz/OS Schönfeld-Weißig;07 StB Loschwitz und OS Schönfeld-Weißig;81 Jahre;369
2024;StB 4 Loschwitz/OS Schönfeld-Weißig;07 StB Loschwitz und OS Schönfeld-Weißig;82 Jahre;335
2024;StB 4 Loschwitz/OS Schönfeld-Weißig;07 StB Loschwitz und OS Schönfeld-Weißig;83 Jahre;350
2024;StB 4 Loschwitz/OS Schönfeld-Weißig;07 StB Loschwitz und OS Schönfeld-Weißig;84 Jahre;363
2024;StB 4 Loschwitz/OS Schönfeld-Weißig;07 StB Loschwitz und OS Schönfeld-Weißig;85 Jahre u.älter;1590
2024;StB 5 Blasewitz;08 Blasewitz, Striesen;0 Jahre;378
2024;StB 5 Blasewitz;08 Blasewitz, Striesen;1 Jahre;398
2024;StB 5 Blasewitz;08 Blasewitz, Striesen;2 Jahre;458
2024;StB 5 Blasewitz;08 Blasewitz, Striesen;3 Jahre;463
2024;StB 5 Blasewitz;08 Blasewitz, Striesen;4 Jahre;502
2024;StB 5 Blasewitz;08 Blasewitz, Striesen;5 Jahre;532
2024;StB 5 Blasewitz;08 Blasewitz, Striesen;6 Jahre;542
2024;StB 5 Blasewitz;08 Blasewitz, Striesen;7 Jahre;518
2024;StB 5 Blasewitz;08 Blasewitz, Striesen;8 Jahre;571
2024;StB 5 Blasewitz;08 Blasewitz, Striesen;9 Jahre;562
2024;StB 5 Blasewitz;08 Blasewitz, Striesen;10 Jahre;569
2024;StB 5 Blasewitz;08 Blasewitz, Striesen;11 Jahre;497
2024;StB 5 Blasewitz;08 Blasewitz, Striesen;12 Jahre;539
2024;StB 5 Blasewitz;08 Blasewitz, Striesen;13 Jahre;507
2024;StB 5 Blasewitz;08 Blasewitz, Striesen;14 Jahre;499
2024;StB 5 Blasewitz;08 Blasewitz, Striesen;15 Jahre;533
2024;StB 5 Blasewitz;08 Blasewitz, Striesen;16 Jahre;497
2024;StB 5 Blasewitz;08 Blasewitz, Striesen;17 Jahre;491
2024;StB 5 Blasewitz;08 Blasewitz, Striesen;18 Jahre;485
2024;StB 5 Blasewitz;08 Blasewitz, Striesen;19 Jahre;524
2024;StB 5 Blasewitz;08 Blasewitz, Striesen;20 Jahre;535
2024;StB 5 Blasewitz;08 Blasewitz, Striesen;21 Jahre;522
2024;StB 5 Blasewitz;08 Blasewitz, Striesen;22 Jahre;564
2024;StB 5 Blasewitz;08 Blasewitz, Striesen;23 Jahre;546
2024;StB 5 Blasewitz;08 Blasewitz, Striesen;24 Jahre;695
2024;StB 5 Blasewitz;08 Blasewitz, Striesen;25 Jahre;661
2024;StB 5 Blasewitz;08 Blasewitz, Striesen;26 Jahre;694
2024;StB 5 Blasewitz;08 Blasewitz, Striesen;27 Jahre;682
2024;StB 5 Blasewitz;08 Blasewitz, Striesen;28 Jahre;623
2024;StB 5 Blasewitz;08 Blasewitz, Striesen;29 Jahre;629
2024;StB 5 Blasewitz;08 Blasewitz, Striesen;30 Jahre;577
2024;StB 5 Blasewitz;08 Blasewitz, Striesen;31 Jahre;569
2024;StB 5 Blasewitz;08 Blasewitz, Striesen;32 Jahre;547
2024;StB 5 Blasewitz;08 Blasewitz, Striesen;33 Jahre;616
2024;StB 5 Blasewitz;08 Blasewitz, Striesen;34 Jahre;904
2024;StB 5 Blasewitz;08 Blasewitz, Striesen;35 Jahre;896
2024;StB 5 Blasewitz;08 Blasewitz, Striesen;36 Jahre;862
2024;StB 5 Blasewitz;08 Blasewitz, Striesen;37 Jahre;890
2024;StB 5 Blasewitz;08 Blasewitz, Striesen;38 Jahre;798
2024;StB 5 Blasewitz;08 Blasewitz, Striesen;39 Jahre;804
2024;StB 5 Blasewitz;08 Blasewitz, Striesen;40 Jahre;759
2024;StB 5 Blasewitz;08 Blasewitz, Striesen;41 Jahre;795
2024;StB 5 Blasewitz;08 Blasewitz, Striesen;42 Jahre;841
2024;StB 5 Blasewitz;08 Blasewitz, Striesen;43 Jahre;717
2024;StB 5 Blasewitz;08 Blasewitz, Striesen;44 Jahre;717
2024;StB 5 Blasewitz;08 Blasewitz, Striesen;45 Jahre;708
2024;StB 5 Blasewitz;08 Blasewitz, Striesen;46 Jahre;761
2024;StB 5 Blasewitz;08 Blasewitz, Striesen;47 Jahre;703
2024;StB 5 Blasewitz;08 Blasewitz, Striesen;48 Jahre;683
2024;StB 5 Blasewitz;08 Blasewitz, Striesen;49 Jahre;595
2024;StB 5 Blasewitz;08 Blasewitz, Striesen;50 Jahre;601
2024;StB 5 Blasewitz;08 Blasewitz, Striesen;51 Jahre;615
2024;StB 5 Blasewitz;08 Blasewitz, Striesen;52 Jahre;614
2024;StB 5 Blasewitz;08 Blasewitz, Striesen;53 Jahre;664
2024;StB 5 Blasewitz;08 Blasewitz, Striesen;54 Jahre;664
2024;StB 5 Blasewitz;08 Blasewitz, Striesen;55 Jahre;673
2024;StB 5 Blasewitz;08 Blasewitz, Striesen;56 Jahre;670
2024;StB 5 Blasewitz;08 Blasewitz, Striesen;57 Jahre;678
2024;StB 5 Blasewitz;08 Blasewitz, Striesen;58 Jahre;726
2024;StB 5 Blasewitz;08 Blasewitz, Striesen;59 Jahre;665
2024;StB 5 Blasewitz;08 Blasewitz, Striesen;60 Jahre;654
2024;StB 5 Blasewitz;08 Blasewitz, Striesen;61 Jahre;660
2024;StB 5 Blasewitz;08 Blasewitz, Striesen;62 Jahre;594
2024;StB 5 Blasewitz;08 Blasewitz, Striesen;63 Jahre;607
2024;StB 5 Blasewitz;08 Blasewitz, Striesen;64 Jahre;550
2024;StB 5 Blasewitz;08 Blasewitz, Striesen;65 Jahre;517
2024;StB 5 Blasewitz;08 Blasewitz, Striesen;66 Jahre;456
2024;StB 5 Blasewitz;08 Blasewitz, Striesen;67 Jahre;389
2024;StB 5 Blasewitz;08 Blasewitz, Striesen;68 Jahre;396
2024;StB 5 Blasewitz;08 Blasewitz, Striesen;69 Jahre;431
2024;StB 5 Blasewitz;08 Blasewitz, Striesen;70 Jahre;432
2024;StB 5 Blasewitz;08 Blasewitz, Striesen;71 Jahre;450
2024;StB 5 Blasewitz;08 Blasewitz, Striesen;72 Jahre;421
2024;StB 5 Blasewitz;08 Blasewitz, Striesen;73 Jahre;448
2024;StB 5 Blasewitz;08 Blasewitz, Striesen;74 Jahre;419
2024;StB 5 Blasewitz;08 Blasewitz, Striesen;75 Jahre;363
2024;StB 5 Blasewitz;08 Blasewitz, Striesen;76 Jahre;307
2024;StB 5 Blasewitz;08 Blasewitz, Striesen;77 Jahre;353
2024;StB 5 Blasewitz;08 Blasewitz, Striesen;78 Jahre;240
2024;StB 5 Blasewitz;08 Blasewitz, Striesen;79 Jahre;255
2024;StB 5 Blasewitz;08 Blasewitz, Striesen;80 Jahre;392
2024;StB 5 Blasewitz;08 Blasewitz, Striesen;81 Jahre;450
2024;StB 5 Blasewitz;08 Blasewitz, Striesen;82 Jahre;403
2024;StB 5 Blasewitz;08 Blasewitz, Striesen;83 Jahre;527
2024;StB 5 Blasewitz;08 Blasewitz, Striesen;84 Jahre;521
2024;StB 5 Blasewitz;08 Blasewitz, Striesen;85 Jahre u.älter;2527
2024;StB 5 Blasewitz;09 Tolkewitz, Seidnitz, Gruna;0 Jahre;201
2024;StB 5 Blasewitz;09 Tolkewitz, Seidnitz, Gruna;1 Jahre;229
2024;StB 5 Blasewitz;09 Tolkewitz, Seidnitz, Gruna;2 Jahre;245
2024;StB 5 Blasewitz;09 Tolkewitz, Seidnitz, Gruna;3 Jahre;287
2024;StB 5 Blasewitz;09 Tolkewitz, Seidnitz, Gruna;4 Jahre;279
2024;StB 5 Blasewitz;09 Tolkewitz, Seidnitz, Gruna;5 Jahre;291
2024;StB 5 Blasewitz;09 Tolkewitz, Seidnitz, Gruna;6 Jahre;301
2024;StB 5 Blasewitz;09 Tolkewitz, Seidnitz, Gruna;7 Jahre;344
2024;StB 5 Blasewitz;09 Tolkewitz, Seidnitz, Gruna;8 Jahre;378
2024;StB 5 Blasewitz;09 Tolkewitz, Seidnitz, Gruna;9 Jahre;318
2024;StB 5 Blasewitz;09 Tolkewitz, Seidnitz, Gruna;10 Jahre;342
2024;StB 5 Blasewitz;09 Tolkewitz, Seidnitz, Gruna;11 Jahre;326
2024;StB 5 Blasewitz;09 Tolkewitz, Seidnitz, Gruna;12 Jahre;363
2024;StB 5 Blasewitz;09 Tolkewitz, Seidnitz, Gruna;13 Jahre;346
2024;StB 5 Blasewitz;09 Tolkewitz, Seidnitz, Gruna;14 Jahre;348
2024;StB 5 Blasewitz;09 Tolkewitz, Seidnitz, Gruna;15 Jahre;321
2024;StB 5 Blasewitz;09 Tolkewitz, Seidnitz, Gruna;16 Jahre;378
2024;StB 5 Blasewitz;09 Tolkewitz, Seidnitz, Gruna;17 Jahre;335
2024;StB 5 Blasewitz;09 Tolkewitz, Seidnitz, Gruna;18 Jahre;348
2024;StB 5 Blasewitz;09 Tolkewitz, Seidnitz, Gruna;19 Jahre;370
2024;StB 5 Blasewitz;09 Tolkewitz, Seidnitz, Gruna;20 Jahre;366
2024;StB 5 Blasewitz;09 Tolkewitz, Seidnitz, Gruna;21 Jahre;376
2024;StB 5 Blasewitz;09 Tolkewitz, Seidnitz, Gruna;22 Jahre;422
2024;StB 5 Blasewitz;09 Tolkewitz, Seidnitz, Gruna;23 Jahre;418
2024;StB 5 Blasewitz;09 Tolkewitz, Seidnitz, Gruna;24 Jahre;497
2024;StB 5 Blasewitz;09 Tolkewitz, Seidnitz, Gruna;25 Jahre;469
2024;StB 5 Blasewitz;09 Tolkewitz, Seidnitz, Gruna;26 Jahre;416
2024;StB 5 Blasewitz;09 Tolkewitz, Seidnitz, Gruna;27 Jahre;421
2024;StB 5 Blasewitz;09 Tolkewitz, Seidnitz, Gruna;28 Jahre;361
2024;StB 5 Blasewitz;09 Tolkewitz, Seidnitz, Gruna;29 Jahre;378
2024;StB 5 Blasewitz;09 Tolkewitz, Seidnitz, Gruna;30 Jahre;357
2024;StB 5 Blasewitz;09 Tolkewitz, Seidnitz, Gruna;31 Jahre;354
2024;StB 5 Blasewitz;09 Tolkewitz, Seidnitz, Gruna;32 Jahre;372
2024;StB 5 Blasewitz;09 Tolkewitz, Seidnitz, Gruna;33 Jahre;407
2024;StB 5 Blasewitz;09 Tolkewitz, Seidnitz, Gruna;34 Jahre;562
2024;StB 5 Blasewitz;09 Tolkewitz, Seidnitz, Gruna;35 Jahre;589
2024;StB 5 Blasewitz;09 Tolkewitz, Seidnitz, Gruna;36 Jahre;555
2024;StB 5 Blasewitz;09 Tolkewitz, Seidnitz, Gruna;37 Jahre;628
2024;StB 5 Blasewitz;09 Tolkewitz, Seidnitz, Gruna;38 Jahre;557
2024;StB 5 Blasewitz;09 Tolkewitz, Seidnitz, Gruna;39 Jahre;531
2024;StB 5 Blasewitz;09 Tolkewitz, Seidnitz, Gruna;40 Jahre;524
2024;StB 5 Blasewitz;09 Tolkewitz, Seidnitz, Gruna;41 Jahre;496
2024;StB 5 Blasewitz;09 Tolkewitz, Seidnitz, Gruna;42 Jahre;479
2024;StB 5 Blasewitz;09 Tolkewitz, Seidnitz, Gruna;43 Jahre;508
2024;StB 5 Blasewitz;09 Tolkewitz, Seidnitz, Gruna;44 Jahre;500
2024;StB 5 Blasewitz;09 Tolkewitz, Seidnitz, Gruna;45 Jahre;471
2024;StB 5 Blasewitz;09 Tolkewitz, Seidnitz, Gruna;46 Jahre;455
2024;StB 5 Blasewitz;09 Tolkewitz, Seidnitz, Gruna;47 Jahre;475
2024;StB 5 Blasewitz;09 Tolkewitz, Seidnitz, Gruna;48 Jahre;440
2024;StB 5 Blasewitz;09 Tolkewitz, Seidnitz, Gruna;49 Jahre;411
2024;StB 5 Blasewitz;09 Tolkewitz, Seidnitz, Gruna;50 Jahre;395
2024;StB 5 Blasewitz;09 Tolkewitz, Seidnitz, Gruna;51 Jahre;402
2024;StB 5 Blasewitz;09 Tolkewitz, Seidnitz, Gruna;52 Jahre;393
2024;StB 5 Blasewitz;09 Tolkewitz, Seidnitz, Gruna;53 Jahre;449
2024;StB 5 Blasewitz;09 Tolkewitz, Seidnitz, Gruna;54 Jahre;468
2024;StB 5 Blasewitz;09 Tolkewitz, Seidnitz, Gruna;55 Jahre;488
2024;StB 5 Blasewitz;09 Tolkewitz, Seidnitz, Gruna;56 Jahre;458
2024;StB 5 Blasewitz;09 Tolkewitz, Seidnitz, Gruna;57 Jahre;484
2024;StB 5 Blasewitz;09 Tolkewitz, Seidnitz, Gruna;58 Jahre;516
2024;StB 5 Blasewitz;09 Tolkewitz, Seidnitz, Gruna;59 Jahre;553
2024;StB 5 Blasewitz;09 Tolkewitz, Seidnitz, Gruna;60 Jahre;531
2024;StB 5 Blasewitz;09 Tolkewitz, Seidnitz, Gruna;61 Jahre;500
2024;StB 5 Blasewitz;09 Tolkewitz, Seidnitz, Gruna;62 Jahre;522
2024;StB 5 Blasewitz;09 Tolkewitz, Seidnitz, Gruna;63 Jahre;476
2024;StB 5 Blasewitz;09 Tolkewitz, Seidnitz, Gruna;64 Jahre;439
2024;StB 5 Blasewitz;09 Tolkewitz, Seidnitz, Gruna;65 Jahre;442
2024;StB 5 Blasewitz;09 Tolkewitz, Seidnitz, Gruna;66 Jahre;361
2024;StB 5 Blasewitz;09 Tolkewitz, Seidnitz, Gruna;67 Jahre;392
2024;StB 5 Blasewitz;09 Tolkewitz, Seidnitz, Gruna;68 Jahre;390
2024;StB 5 Blasewitz;09 Tolkewitz, Seidnitz, Gruna;69 Jahre;399
2024;StB 5 Blasewitz;09 Tolkewitz, Seidnitz, Gruna;70 Jahre;389
2024;StB 5 Blasewitz;09 Tolkewitz, Seidnitz, Gruna;71 Jahre;405
2024;StB 5 Blasewitz;09 Tolkewitz, Seidnitz, Gruna;72 Jahre;442
2024;StB 5 Blasewitz;09 Tolkewitz, Seidnitz, Gruna;73 Jahre;453
2024;StB 5 Blasewitz;09 Tolkewitz, Seidnitz, Gruna;74 Jahre;451
2024;StB 5 Blasewitz;09 Tolkewitz, Seidnitz, Gruna;75 Jahre;390
2024;StB 5 Blasewitz;09 Tolkewitz, Seidnitz, Gruna;76 Jahre;303
2024;StB 5 Blasewitz;09 Tolkewitz, Seidnitz, Gruna;77 Jahre;375
2024;StB 5 Blasewitz;09 Tolkewitz, Seidnitz, Gruna;78 Jahre;292
2024;StB 5 Blasewitz;09 Tolkewitz, Seidnitz, Gruna;79 Jahre;359
2024;StB 5 Blasewitz;09 Tolkewitz, Seidnitz, Gruna;80 Jahre;474
2024;StB 5 Blasewitz;09 Tolkewitz, Seidnitz, Gruna;81 Jahre;512
2024;StB 5 Blasewitz;09 Tolkewitz, Seidnitz, Gruna;82 Jahre;430
2024;StB 5 Blasewitz;09 Tolkewitz, Seidnitz, Gruna;83 Jahre;467
2024;StB 5 Blasewitz;09 Tolkewitz, Seidnitz, Gruna;84 Jahre;503
2024;StB 5 Blasewitz;09 Tolkewitz, Seidnitz, Gruna;85 Jahre u.älter;2124
2024;StB 6 Leuben;10 StB Leuben;0 Jahre;201
2024;StB 6 Leuben;10 StB Leuben;1 Jahre;209
2024;StB 6 Leuben;10 StB Leuben;2 Jahre;236
2024;StB 6 Leuben;10 StB Leuben;3 Jahre;312
2024;StB 6 Leuben;10 StB Leuben;4 Jahre;328
2024;StB 6 Leuben;10 StB Leuben;5 Jahre;334
2024;StB 6 Leuben;10 StB Leuben;6 Jahre;351
2024;StB 6 Leuben;10 StB Leuben;7 Jahre;362
2024;StB 6 Leuben;10 StB Leuben;8 Jahre;371
2024;StB 6 Leuben;10 StB Leuben;9 Jahre;416
2024;StB 6 Leuben;10 StB Leuben;10 Jahre;359
2024;StB 6 Leuben;10 StB Leuben;11 Jahre;383
2024;StB 6 Leuben;10 StB Leuben;12 Jahre;382
2024;StB 6 Leuben;10 StB Leuben;13 Jahre;363
2024;StB 6 Leuben;10 StB Leuben;14 Jahre;408
2024;StB 6 Leuben;10 StB Leuben;15 Jahre;377
2024;StB 6 Leuben;10 StB Leuben;16 Jahre;389
2024;StB 6 Leuben;10 StB Leuben;17 Jahre;385
2024;StB 6 Leuben;10 StB Leuben;18 Jahre;365
2024;StB 6 Leuben;10 StB Leuben;19 Jahre;403
2024;StB 6 Leuben;10 StB Leuben;20 Jahre;400
2024;StB 6 Leuben;10 StB Leuben;21 Jahre;379
2024;StB 6 Leuben;10 StB Leuben;22 Jahre;339
2024;StB 6 Leuben;10 StB Leuben;23 Jahre;372
2024;StB 6 Leuben;10 StB Leuben;24 Jahre;341
2024;StB 6 Leuben;10 StB Leuben;25 Jahre;350
2024;StB 6 Leuben;10 StB Leuben;26 Jahre;325
2024;StB 6 Leuben;10 StB Leuben;27 Jahre;302
2024;StB 6 Leuben;10 StB Leuben;28 Jahre;275
2024;StB 6 Leuben;10 StB Leuben;29 Jahre;257
2024;StB 6 Leuben;10 StB Leuben;30 Jahre;252
2024;StB 6 Leuben;10 StB Leuben;31 Jahre;289
2024;StB 6 Leuben;10 StB Leuben;32 Jahre;287
2024;StB 6 Leuben;10 StB Leuben;33 Jahre;316
2024;StB 6 Leuben;10 StB Leuben;34 Jahre;459
2024;StB 6 Leuben;10 StB Leuben;35 Jahre;480
2024;StB 6 Leuben;10 StB Leuben;36 Jahre;469
2024;StB 6 Leuben;10 StB Leuben;37 Jahre;515
2024;StB 6 Leuben;10 StB Leuben;38 Jahre;498
2024;StB 6 Leuben;10 StB Leuben;39 Jahre;576
2024;StB 6 Leuben;10 StB Leuben;40 Jahre;489
2024;StB 6 Leuben;10 StB Leuben;41 Jahre;524
2024;StB 6 Leuben;10 StB Leuben;42 Jahre;513
2024;StB 6 Leuben;10 StB Leuben;43 Jahre;520
2024;StB 6 Leuben;10 StB Leuben;44 Jahre;528
2024;StB 6 Leuben;10 StB Leuben;45 Jahre;510
2024;StB 6 Leuben;10 StB Leuben;46 Jahre;551
2024;StB 6 Leuben;10 StB Leuben;47 Jahre;486
2024;StB 6 Leuben;10 StB Leuben;48 Jahre;514
2024;StB 6 Leuben;10 StB Leuben;49 Jahre;468
2024;StB 6 Leuben;10 StB Leuben;50 Jahre;451
2024;StB 6 Leuben;10 StB Leuben;51 Jahre;465
2024;StB 6 Leuben;10 StB Leuben;52 Jahre;495
2024;StB 6 Leuben;10 StB Leuben;53 Jahre;536
2024;StB 6 Leuben;10 StB Leuben;54 Jahre;566
2024;StB 6 Leuben;10 StB Leuben;55 Jahre;580
2024;StB 6 Leuben;10 StB Leuben;56 Jahre;630
2024;StB 6 Leuben;10 StB Leuben;57 Jahre;619
2024;StB 6 Leuben;10 StB Leuben;58 Jahre;614
2024;StB 6 Leuben;10 StB Leuben;59 Jahre;570
2024;StB 6 Leuben;10 StB Leuben;60 Jahre;612
2024;StB 6 Leuben;10 StB Leuben;61 Jahre;582
2024;StB 6 Leuben;10 StB Leuben;62 Jahre;585
2024;StB 6 Leuben;10 StB Leuben;63 Jahre;581
2024;StB 6 Leuben;10 StB Leuben;64 Jahre;517
2024;StB 6 Leuben;10 StB Leuben;65 Jahre;511
2024;StB 6 Leuben;10 StB Leuben;66 Jahre;407
2024;StB 6 Leuben;10 StB Leuben;67 Jahre;407
2024;StB 6 Leuben;10 StB Leuben;68 Jahre;440
2024;StB 6 Leuben;10 StB Leuben;69 Jahre;464
2024;StB 6 Leuben;10 StB Leuben;70 Jahre;503
2024;StB 6 Leuben;10 StB Leuben;71 Jahre;502
2024;StB 6 Leuben;10 StB Leuben;72 Jahre;515
2024;StB 6 Leuben;10 StB Leuben;73 Jahre;490
2024;StB 6 Leuben;10 StB Leuben;74 Jahre;532
2024;StB 6 Leuben;10 StB Leuben;75 Jahre;435
2024;StB 6 Leuben;10 StB Leuben;76 Jahre;394
2024;StB 6 Leuben;10 StB Leuben;77 Jahre;376
2024;StB 6 Leuben;10 StB Leuben;78 Jahre;281
2024;StB 6 Leuben;10 StB Leuben;79 Jahre;384
2024;StB 6 Leuben;10 StB Leuben;80 Jahre;479
2024;StB 6 Leuben;10 StB Leuben;81 Jahre;525
2024;StB 6 Leuben;10 StB Leuben;82 Jahre;484
2024;StB 6 Leuben;10 StB Leuben;83 Jahre;571
2024;StB 6 Leuben;10 StB Leuben;84 Jahre;497
2024;StB 6 Leuben;10 StB Leuben;85 Jahre u.älter;1996
2024;StB 7 Prohlis;11 Prohlis, Reick (mit Sternhäuser, Am Koitschgraben);0 Jahre;181
2024;StB 7 Prohlis;11 Prohlis, Reick (mit Sternhäuser, Am Koitschgraben);1 Jahre;203
2024;StB 7 Prohlis;11 Prohlis, Reick (mit Sternhäuser, Am Koitschgraben);2 Jahre;220
2024;StB 7 Prohlis;11 Prohlis, Reick (mit Sternhäuser, Am Koitschgraben);3 Jahre;244
2024;StB 7 Prohlis;11 Prohlis, Reick (mit Sternhäuser, Am Koitschgraben);4 Jahre;248
2024;StB 7 Prohlis;11 Prohlis, Reick (mit Sternhäuser, Am Koitschgraben);5 Jahre;225
2024;StB 7 Prohlis;11 Prohlis, Reick (mit Sternhäuser, Am Koitschgraben);6 Jahre;246
2024;StB 7 Prohlis;11 Prohlis, Reick (mit Sternhäuser, Am Koitschgraben);7 Jahre;256
2024;StB 7 Prohlis;11 Prohlis, Reick (mit Sternhäuser, Am Koitschgraben);8 Jahre;289
2024;StB 7 Prohlis;11 Prohlis, Reick (mit Sternhäuser, Am Koitschgraben);9 Jahre;254
2024;StB 7 Prohlis;11 Prohlis, Reick (mit Sternhäuser, Am Koitschgraben);10 Jahre;283
2024;StB 7 Prohlis;11 Prohlis, Reick (mit Sternhäuser, Am Koitschgraben);11 Jahre;309
2024;StB 7 Prohlis;11 Prohlis, Reick (mit Sternhäuser, Am Koitschgraben);12 Jahre;289
2024;StB 7 Prohlis;11 Prohlis, Reick (mit Sternhäuser, Am Koitschgraben);13 Jahre;276
2024;StB 7 Prohlis;11 Prohlis, Reick (mit Sternhäuser, Am Koitschgraben);14 Jahre;294
2024;StB 7 Prohlis;11 Prohlis, Reick (mit Sternhäuser, Am Koitschgraben);15 Jahre;244
2024;StB 7 Prohlis;11 Prohlis, Reick (mit Sternhäuser, Am Koitschgraben);16 Jahre;270
2024;StB 7 Prohlis;11 Prohlis, Reick (mit Sternhäuser, Am Koitschgraben);17 Jahre;267
2024;StB 7 Prohlis;11 Prohlis, Reick (mit Sternhäuser, Am Koitschgraben);18 Jahre;268
2024;StB 7 Prohlis;11 Prohlis, Reick (mit Sternhäuser, Am Koitschgraben);19 Jahre;285
2024;StB 7 Prohlis;11 Prohlis, Reick (mit Sternhäuser, Am Koitschgraben);20 Jahre;281
2024;StB 7 Prohlis;11 Prohlis, Reick (mit Sternhäuser, Am Koitschgraben);21 Jahre;271
2024;StB 7 Prohlis;11 Prohlis, Reick (mit Sternhäuser, Am Koitschgraben);22 Jahre;288
2024;StB 7 Prohlis;11 Prohlis, Reick (mit Sternhäuser, Am Koitschgraben);23 Jahre;291
2024;StB 7 Prohlis;11 Prohlis, Reick (mit Sternhäuser, Am Koitschgraben);24 Jahre;289
2024;StB 7 Prohlis;11 Prohlis, Reick (mit Sternhäuser, Am Koitschgraben);25 Jahre;317
2024;StB 7 Prohlis;11 Prohlis, Reick (mit Sternhäuser, Am Koitschgraben);26 Jahre;269
2024;StB 7 Prohlis;11 Prohlis, Reick (mit Sternhäuser, Am Koitschgraben);27 Jahre;290
2024;StB 7 Prohlis;11 Prohlis, Reick (mit Sternhäuser, Am Koitschgraben);28 Jahre;294
2024;StB 7 Prohlis;11 Prohlis, Reick (mit Sternhäuser, Am Koitschgraben);29 Jahre;244
2024;StB 7 Prohlis;11 Prohlis, Reick (mit Sternhäuser, Am Koitschgraben);30 Jahre;276
2024;StB 7 Prohlis;11 Prohlis, Reick (mit Sternhäuser, Am Koitschgraben);31 Jahre;299
2024;StB 7 Prohlis;11 Prohlis, Reick (mit Sternhäuser, Am Koitschgraben);32 Jahre;294
2024;StB 7 Prohlis;11 Prohlis, Reick (mit Sternhäuser, Am Koitschgraben);33 Jahre;316
2024;StB 7 Prohlis;11 Prohlis, Reick (mit Sternhäuser, Am Koitschgraben);34 Jahre;356
2024;StB 7 Prohlis;11 Prohlis, Reick (mit Sternhäuser, Am Koitschgraben);35 Jahre;357
2024;StB 7 Prohlis;11 Prohlis, Reick (mit Sternhäuser, Am Koitschgraben);36 Jahre;353
2024;StB 7 Prohlis;11 Prohlis, Reick (mit Sternhäuser, Am Koitschgraben);37 Jahre;357
2024;StB 7 Prohlis;11 Prohlis, Reick (mit Sternhäuser, Am Koitschgraben);38 Jahre;344
2024;StB 7 Prohlis;11 Prohlis, Reick (mit Sternhäuser, Am Koitschgraben);39 Jahre;340
2024;StB 7 Prohlis;11 Prohlis, Reick (mit Sternhäuser, Am Koitschgraben);40 Jahre;352
2024;StB 7 Prohlis;11 Prohlis, Reick (mit Sternhäuser, Am Koitschgraben);41 Jahre;329
2024;StB 7 Prohlis;11 Prohlis, Reick (mit Sternhäuser, Am Koitschgraben);42 Jahre;324
2024;StB 7 Prohlis;11 Prohlis, Reick (mit Sternhäuser, Am Koitschgraben);43 Jahre;340
2024;StB 7 Prohlis;11 Prohlis, Reick (mit Sternhäuser, Am Koitschgraben);44 Jahre;310
2024;StB 7 Prohlis;11 Prohlis, Reick (mit Sternhäuser, Am Koitschgraben);45 Jahre;295
2024;StB 7 Prohlis;11 Prohlis, Reick (mit Sternhäuser, Am Koitschgraben);46 Jahre;301
2024;StB 7 Prohlis;11 Prohlis, Reick (mit Sternhäuser, Am Koitschgraben);47 Jahre;293
2024;StB 7 Prohlis;11 Prohlis, Reick (mit Sternhäuser, Am Koitschgraben);48 Jahre;258
2024;StB 7 Prohlis;11 Prohlis, Reick (mit Sternhäuser, Am Koitschgraben);49 Jahre;264
2024;StB 7 Prohlis;11 Prohlis, Reick (mit Sternhäuser, Am Koitschgraben);50 Jahre;256
2024;StB 7 Prohlis;11 Prohlis, Reick (mit Sternhäuser, Am Koitschgraben);51 Jahre;212
2024;StB 7 Prohlis;11 Prohlis, Reick (mit Sternhäuser, Am Koitschgraben);52 Jahre;255
2024;StB 7 Prohlis;11 Prohlis, Reick (mit Sternhäuser, Am Koitschgraben);53 Jahre;282
2024;StB 7 Prohlis;11 Prohlis, Reick (mit Sternhäuser, Am Koitschgraben);54 Jahre;290
2024;StB 7 Prohlis;11 Prohlis, Reick (mit Sternhäuser, Am Koitschgraben);55 Jahre;224
2024;StB 7 Prohlis;11 Prohlis, Reick (mit Sternhäuser, Am Koitschgraben);56 Jahre;264
2024;StB 7 Prohlis;11 Prohlis, Reick (mit Sternhäuser, Am Koitschgraben);57 Jahre;270
2024;StB 7 Prohlis;11 Prohlis, Reick (mit Sternhäuser, Am Koitschgraben);58 Jahre;282
2024;StB 7 Prohlis;11 Prohlis, Reick (mit Sternhäuser, Am Koitschgraben);59 Jahre;288
2024;StB 7 Prohlis;11 Prohlis, Reick (mit Sternhäuser, Am Koitschgraben);60 Jahre;289
2024;StB 7 Prohlis;11 Prohlis, Reick (mit Sternhäuser, Am Koitschgraben);61 Jahre;286
2024;StB 7 Prohlis;11 Prohlis, Reick (mit Sternhäuser, Am Koitschgraben);62 Jahre;284
2024;StB 7 Prohlis;11 Prohlis, Reick (mit Sternhäuser, Am Koitschgraben);63 Jahre;295
2024;StB 7 Prohlis;11 Prohlis, Reick (mit Sternhäuser, Am Koitschgraben);64 Jahre;307
2024;StB 7 Prohlis;11 Prohlis, Reick (mit Sternhäuser, Am Koitschgraben);65 Jahre;291
2024;StB 7 Prohlis;11 Prohlis, Reick (mit Sternhäuser, Am Koitschgraben);66 Jahre;265
2024;StB 7 Prohlis;11 Prohlis, Reick (mit Sternhäuser, Am Koitschgraben);67 Jahre;267
2024;StB 7 Prohlis;11 Prohlis, Reick (mit Sternhäuser, Am Koitschgraben);68 Jahre;288
2024;StB 7 Prohlis;11 Prohlis, Reick (mit Sternhäuser, Am Koitschgraben);69 Jahre;294
2024;StB 7 Prohlis;11 Prohlis, Reick (mit Sternhäuser, Am Koitschgraben);70 Jahre;296
2024;StB 7 Prohlis;11 Prohlis, Reick (mit Sternhäuser, Am Koitschgraben);71 Jahre;307
2024;StB 7 Prohlis;11 Prohlis, Reick (mit Sternhäuser, Am Koitschgraben);72 Jahre;332
2024;StB 7 Prohlis;11 Prohlis, Reick (mit Sternhäuser, Am Koitschgraben);73 Jahre;377
2024;StB 7 Prohlis;11 Prohlis, Reick (mit Sternhäuser, Am Koitschgraben);74 Jahre;318
2024;StB 7 Prohlis;11 Prohlis, Reick (mit Sternhäuser, Am Koitschgraben);75 Jahre;313
2024;StB 7 Prohlis;11 Prohlis, Reick (mit Sternhäuser, Am Koitschgraben);76 Jahre;232
2024;StB 7 Prohlis;11 Prohlis, Reick (mit Sternhäuser, Am Koitschgraben);77 Jahre;247
2024;StB 7 Prohlis;11 Prohlis, Reick (mit Sternhäuser, Am Koitschgraben);78 Jahre;189
2024;StB 7 Prohlis;11 Prohlis, Reick (mit Sternhäuser, Am Koitschgraben);79 Jahre;223
2024;StB 7 Prohlis;11 Prohlis, Reick (mit Sternhäuser, Am Koitschgraben);80 Jahre;278
2024;StB 7 Prohlis;11 Prohlis, Reick (mit Sternhäuser, Am Koitschgraben);81 Jahre;252
2024;StB 7 Prohlis;11 Prohlis, Reick (mit Sternhäuser, Am Koitschgraben);82 Jahre;233
2024;StB 7 Prohlis;11 Prohlis, Reick (mit Sternhäuser, Am Koitschgraben);83 Jahre;257
2024;StB 7 Prohlis;11 Prohlis, Reick (mit Sternhäuser, Am Koitschgraben);84 Jahre;248
2024;StB 7 Prohlis;11 Prohlis, Reick (mit Sternhäuser, Am Koitschgraben);85 Jahre u.älter;1094
2024;StB 7 Prohlis;12 Niedersedlitz, Leubnitz, Strehlen (ohne Sternhäuser, Am Koitschgraben);0 Jahre;219
2024;StB 7 Prohlis;12 Niedersedlitz, Leubnitz, Strehlen (ohne Sternhäuser, Am Koitschgraben);1 Jahre;233
2024;StB 7 Prohlis;12 Niedersedlitz, Leubnitz, Strehlen (ohne Sternhäuser, Am Koitschgraben);2 Jahre;242
2024;StB 7 Prohlis;12 Niedersedlitz, Leubnitz, Strehlen (ohne Sternhäuser, Am Koitschgraben);3 Jahre;300
2024;StB 7 Prohlis;12 Niedersedlitz, Leubnitz, Strehlen (ohne Sternhäuser, Am Koitschgraben);4 Jahre;309
2024;StB 7 Prohlis;12 Niedersedlitz, Leubnitz, Strehlen (ohne Sternhäuser, Am Koitschgraben);5 Jahre;304
2024;StB 7 Prohlis;12 Niedersedlitz, Leubnitz, Strehlen (ohne Sternhäuser, Am Koitschgraben);6 Jahre;315
2024;StB 7 Prohlis;12 Niedersedlitz, Leubnitz, Strehlen (ohne Sternhäuser, Am Koitschgraben);7 Jahre;347
2024;StB 7 Prohlis;12 Niedersedlitz, Leubnitz, Strehlen (ohne Sternhäuser, Am Koitschgraben);8 Jahre;363
2024;StB 7 Prohlis;12 Niedersedlitz, Leubnitz, Strehlen (ohne Sternhäuser, Am Koitschgraben);9 Jahre;340
2024;StB 7 Prohlis;12 Niedersedlitz, Leubnitz, Strehlen (ohne Sternhäuser, Am Koitschgraben);10 Jahre;364
2024;StB 7 Prohlis;12 Niedersedlitz, Leubnitz, Strehlen (ohne Sternhäuser, Am Koitschgraben);11 Jahre;404
2024;StB 7 Prohlis;12 Niedersedlitz, Leubnitz, Strehlen (ohne Sternhäuser, Am Koitschgraben);12 Jahre;383
2024;StB 7 Prohlis;12 Niedersedlitz, Leubnitz, Strehlen (ohne Sternhäuser, Am Koitschgraben);13 Jahre;329
2024;StB 7 Prohlis;12 Niedersedlitz, Leubnitz, Strehlen (ohne Sternhäuser, Am Koitschgraben);14 Jahre;375
2024;StB 7 Prohlis;12 Niedersedlitz, Leubnitz, Strehlen (ohne Sternhäuser, Am Koitschgraben);15 Jahre;379
2024;StB 7 Prohlis;12 Niedersedlitz, Leubnitz, Strehlen (ohne Sternhäuser, Am Koitschgraben);16 Jahre;370
2024;StB 7 Prohlis;12 Niedersedlitz, Leubnitz, Strehlen (ohne Sternhäuser, Am Koitschgraben);17 Jahre;385
2024;StB 7 Prohlis;12 Niedersedlitz, Leubnitz, Strehlen (ohne Sternhäuser, Am Koitschgraben);18 Jahre;378
2024;StB 7 Prohlis;12 Niedersedlitz, Leubnitz, Strehlen (ohne Sternhäuser, Am Koitschgraben);19 Jahre;393
2024;StB 7 Prohlis;12 Niedersedlitz, Leubnitz, Strehlen (ohne Sternhäuser, Am Koitschgraben);20 Jahre;373
2024;StB 7 Prohlis;12 Niedersedlitz, Leubnitz, Strehlen (ohne Sternhäuser, Am Koitschgraben);21 Jahre;427
2024;StB 7 Prohlis;12 Niedersedlitz, Leubnitz, Strehlen (ohne Sternhäuser, Am Koitschgraben);22 Jahre;404
2024;StB 7 Prohlis;12 Niedersedlitz, Leubnitz, Strehlen (ohne Sternhäuser, Am Koitschgraben);23 Jahre;353
2024;StB 7 Prohlis;12 Niedersedlitz, Leubnitz, Strehlen (ohne Sternhäuser, Am Koitschgraben);24 Jahre;439
2024;StB 7 Prohlis;12 Niedersedlitz, Leubnitz, Strehlen (ohne Sternhäuser, Am Koitschgraben);25 Jahre;436
2024;StB 7 Prohlis;12 Niedersedlitz, Leubnitz, Strehlen (ohne Sternhäuser, Am Koitschgraben);26 Jahre;437
2024;StB 7 Prohlis;12 Niedersedlitz, Leubnitz, Strehlen (ohne Sternhäuser, Am Koitschgraben);27 Jahre;412
2024;StB 7 Prohlis;12 Niedersedlitz, Leubnitz, Strehlen (ohne Sternhäuser, Am Koitschgraben);28 Jahre;381
2024;StB 7 Prohlis;12 Niedersedlitz, Leubnitz, Strehlen (ohne Sternhäuser, Am Koitschgraben);29 Jahre;339
2024;StB 7 Prohlis;12 Niedersedlitz, Leubnitz, Strehlen (ohne Sternhäuser, Am Koitschgraben);30 Jahre;292
2024;StB 7 Prohlis;12 Niedersedlitz, Leubnitz, Strehlen (ohne Sternhäuser, Am Koitschgraben);31 Jahre;294
2024;StB 7 Prohlis;12 Niedersedlitz, Leubnitz, Strehlen (ohne Sternhäuser, Am Koitschgraben);32 Jahre;323
2024;StB 7 Prohlis;12 Niedersedlitz, Leubnitz, Strehlen (ohne Sternhäuser, Am Koitschgraben);33 Jahre;332
2024;StB 7 Prohlis;12 Niedersedlitz, Leubnitz, Strehlen (ohne Sternhäuser, Am Koitschgraben);34 Jahre;443
2024;StB 7 Prohlis;12 Niedersedlitz, Leubnitz, Strehlen (ohne Sternhäuser, Am Koitschgraben);35 Jahre;441
2024;StB 7 Prohlis;12 Niedersedlitz, Leubnitz, Strehlen (ohne Sternhäuser, Am Koitschgraben);36 Jahre;473
2024;StB 7 Prohlis;12 Niedersedlitz, Leubnitz, Strehlen (ohne Sternhäuser, Am Koitschgraben);37 Jahre;491
2024;StB 7 Prohlis;12 Niedersedlitz, Leubnitz, Strehlen (ohne Sternhäuser, Am Koitschgraben);38 Jahre;455
2024;StB 7 Prohlis;12 Niedersedlitz, Leubnitz, Strehlen (ohne Sternhäuser, Am Koitschgraben);39 Jahre;549
2024;StB 7 Prohlis;12 Niedersedlitz, Leubnitz, Strehlen (ohne Sternhäuser, Am Koitschgraben);40 Jahre;482
2024;StB 7 Prohlis;12 Niedersedlitz, Leubnitz, Strehlen (ohne Sternhäuser, Am Koitschgraben);41 Jahre;481
2024;StB 7 Prohlis;12 Niedersedlitz, Leubnitz, Strehlen (ohne Sternhäuser, Am Koitschgraben);42 Jahre;490
2024;StB 7 Prohlis;12 Niedersedlitz, Leubnitz, Strehlen (ohne Sternhäuser, Am Koitschgraben);43 Jahre;463
2024;StB 7 Prohlis;12 Niedersedlitz, Leubnitz, Strehlen (ohne Sternhäuser, Am Koitschgraben);44 Jahre;482
2024;StB 7 Prohlis;12 Niedersedlitz, Leubnitz, Strehlen (ohne Sternhäuser, Am Koitschgraben);45 Jahre;497
2024;StB 7 Prohlis;12 Niedersedlitz, Leubnitz, Strehlen (ohne Sternhäuser, Am Koitschgraben);46 Jahre;485
2024;StB 7 Prohlis;12 Niedersedlitz, Leubnitz, Strehlen (ohne Sternhäuser, Am Koitschgraben);47 Jahre;480
2024;StB 7 Prohlis;12 Niedersedlitz, Leubnitz, Strehlen (ohne Sternhäuser, Am Koitschgraben);48 Jahre;431
2024;StB 7 Prohlis;12 Niedersedlitz, Leubnitz, Strehlen (ohne Sternhäuser, Am Koitschgraben);49 Jahre;392
2024;StB 7 Prohlis;12 Niedersedlitz, Leubnitz, Strehlen (ohne Sternhäuser, Am Koitschgraben);50 Jahre;394
2024;StB 7 Prohlis;12 Niedersedlitz, Leubnitz, Strehlen (ohne Sternhäuser, Am Koitschgraben);51 Jahre;397
2024;StB 7 Prohlis;12 Niedersedlitz, Leubnitz, Strehlen (ohne Sternhäuser, Am Koitschgraben);52 Jahre;431
2024;StB 7 Prohlis;12 Niedersedlitz, Leubnitz, Strehlen (ohne Sternhäuser, Am Koitschgraben);53 Jahre;489
2024;StB 7 Prohlis;12 Niedersedlitz, Leubnitz, Strehlen (ohne Sternhäuser, Am Koitschgraben);54 Jahre;479
2024;StB 7 Prohlis;12 Niedersedlitz, Leubnitz, Strehlen (ohne Sternhäuser, Am Koitschgraben);55 Jahre;504
2024;StB 7 Prohlis;12 Niedersedlitz, Leubnitz, Strehlen (ohne Sternhäuser, Am Koitschgraben);56 Jahre;491
2024;StB 7 Prohlis;12 Niedersedlitz, Leubnitz, Strehlen (ohne Sternhäuser, Am Koitschgraben);57 Jahre;458
2024;StB 7 Prohlis;12 Niedersedlitz, Leubnitz, Strehlen (ohne Sternhäuser, Am Koitschgraben);58 Jahre;573
2024;StB 7 Prohlis;12 Niedersedlitz, Leubnitz, Strehlen (ohne Sternhäuser, Am Koitschgraben);59 Jahre;527
2024;StB 7 Prohlis;12 Niedersedlitz, Leubnitz, Strehlen (ohne Sternhäuser, Am Koitschgraben);60 Jahre;533
2024;StB 7 Prohlis;12 Niedersedlitz, Leubnitz, Strehlen (ohne Sternhäuser, Am Koitschgraben);61 Jahre;542
2024;StB 7 Prohlis;12 Niedersedlitz, Leubnitz, Strehlen (ohne Sternhäuser, Am Koitschgraben);62 Jahre;513
2024;StB 7 Prohlis;12 Niedersedlitz, Leubnitz, Strehlen (ohne Sternhäuser, Am Koitschgraben);63 Jahre;492
2024;StB 7 Prohlis;12 Niedersedlitz, Leubnitz, Strehlen (ohne Sternhäuser, Am Koitschgraben);64 Jahre;463
2024;StB 7 Prohlis;12 Niedersedlitz, Leubnitz, Strehlen (ohne Sternhäuser, Am Koitschgraben);65 Jahre;461
2024;StB 7 Prohlis;12 Niedersedlitz, Leubnitz, Strehlen (ohne Sternhäuser, Am Koitschgraben);66 Jahre;403
2024;StB 7 Prohlis;12 Niedersedlitz, Leubnitz, Strehlen (ohne Sternhäuser, Am Koitschgraben);67 Jahre;363
2024;StB 7 Prohlis;12 Niedersedlitz, Leubnitz, Strehlen (ohne Sternhäuser, Am Koitschgraben);68 Jahre;380
2024;StB 7 Prohlis;12 Niedersedlitz, Leubnitz, Strehlen (ohne Sternhäuser, Am Koitschgraben);69 Jahre;416
2024;StB 7 Prohlis;12 Niedersedlitz, Leubnitz, Strehlen (ohne Sternhäuser, Am Koitschgraben);70 Jahre;418
2024;StB 7 Prohlis;12 Niedersedlitz, Leubnitz, Strehlen (ohne Sternhäuser, Am Koitschgraben);71 Jahre;403
2024;StB 7 Prohlis;12 Niedersedlitz, Leubnitz, Strehlen (ohne Sternhäuser, Am Koitschgraben);72 Jahre;425
2024;StB 7 Prohlis;12 Niedersedlitz, Leubnitz, Strehlen (ohne Sternhäuser, Am Koitschgraben);73 Jahre;388
2024;StB 7 Prohlis;12 Niedersedlitz, Leubnitz, Strehlen (ohne Sternhäuser, Am Koitschgraben);74 Jahre;431
2024;StB 7 Prohlis;12 Niedersedlitz, Leubnitz, Strehlen (ohne Sternhäuser, Am Koitschgraben);75 Jahre;351
2024;StB 7 Prohlis;12 Niedersedlitz, Leubnitz, Strehlen (ohne Sternhäuser, Am Koitschgraben);76 Jahre;256
2024;StB 7 Prohlis;12 Niedersedlitz, Leubnitz, Strehlen (ohne Sternhäuser, Am Koitschgraben);77 Jahre;306
2024;StB 7 Prohlis;12 Niedersedlitz, Leubnitz, Strehlen (ohne Sternhäuser, Am Koitschgraben);78 Jahre;193
2024;StB 7 Prohlis;12 Niedersedlitz, Leubnitz, Strehlen (ohne Sternhäuser, Am Koitschgraben);79 Jahre;272
2024;StB 7 Prohlis;12 Niedersedlitz, Leubnitz, Strehlen (ohne Sternhäuser, Am Koitschgraben);80 Jahre;343
2024;StB 7 Prohlis;12 Niedersedlitz, Leubnitz, Strehlen (ohne Sternhäuser, Am Koitschgraben);81 Jahre;360
2024;StB 7 Prohlis;12 Niedersedlitz, Leubnitz, Strehlen (ohne Sternhäuser, Am Koitschgraben);82 Jahre;345
2024;StB 7 Prohlis;12 Niedersedlitz, Leubnitz, Strehlen (ohne Sternhäuser, Am Koitschgraben);83 Jahre;359
2024;StB 7 Prohlis;12 Niedersedlitz, Leubnitz, Strehlen (ohne Sternhäuser, Am Koitschgraben);84 Jahre;378
2024;StB 7 Prohlis;12 Niedersedlitz, Leubnitz, Strehlen (ohne Sternhäuser, Am Koitschgraben);85 Jahre u.älter;1335
2024;StB 8 Plauen;13 Südvorstadt, Zschertnitz;0 Jahre;187
2024;StB 8 Plauen;13 Südvorstadt, Zschertnitz;1 Jahre;197
2024;StB 8 Plauen;13 Südvorstadt, Zschertnitz;2 Jahre;231
2024;StB 8 Plauen;13 Südvorstadt, Zschertnitz;3 Jahre;265
2024;StB 8 Plauen;13 Südvorstadt, Zschertnitz;4 Jahre;260
2024;StB 8 Plauen;13 Südvorstadt, Zschertnitz;5 Jahre;269
2024;StB 8 Plauen;13 Südvorstadt, Zschertnitz;6 Jahre;256
2024;StB 8 Plauen;13 Südvorstadt, Zschertnitz;7 Jahre;297
2024;StB 8 Plauen;13 Südvorstadt, Zschertnitz;8 Jahre;294
2024;StB 8 Plauen;13 Südvorstadt, Zschertnitz;9 Jahre;278
2024;StB 8 Plauen;13 Südvorstadt, Zschertnitz;10 Jahre;277
2024;StB 8 Plauen;13 Südvorstadt, Zschertnitz;11 Jahre;273
2024;StB 8 Plauen;13 Südvorstadt, Zschertnitz;12 Jahre;284
2024;StB 8 Plauen;13 Südvorstadt, Zschertnitz;13 Jahre;279
2024;StB 8 Plauen;13 Südvorstadt, Zschertnitz;14 Jahre;248
2024;StB 8 Plauen;13 Südvorstadt, Zschertnitz;15 Jahre;256
2024;StB 8 Plauen;13 Südvorstadt, Zschertnitz;16 Jahre;253
2024;StB 8 Plauen;13 Südvorstadt, Zschertnitz;17 Jahre;248
2024;StB 8 Plauen;13 Südvorstadt, Zschertnitz;18 Jahre;416
2024;StB 8 Plauen;13 Südvorstadt, Zschertnitz;19 Jahre;743
2024;StB 8 Plauen;13 Südvorstadt, Zschertnitz;20 Jahre;907
2024;StB 8 Plauen;13 Südvorstadt, Zschertnitz;21 Jahre;1011
2024;StB 8 Plauen;13 Südvorstadt, Zschertnitz;22 Jahre;983
2024;StB 8 Plauen;13 Südvorstadt, Zschertnitz;23 Jahre;1079
2024;StB 8 Plauen;13 Südvorstadt, Zschertnitz;24 Jahre;1033
2024;StB 8 Plauen;13 Südvorstadt, Zschertnitz;25 Jahre;935
2024;StB 8 Plauen;13 Südvorstadt, Zschertnitz;26 Jahre;869
2024;StB 8 Plauen;13 Südvorstadt, Zschertnitz;27 Jahre;823
2024;StB 8 Plauen;13 Südvorstadt, Zschertnitz;28 Jahre;749
2024;StB 8 Plauen;13 Südvorstadt, Zschertnitz;29 Jahre;640
2024;StB 8 Plauen;13 Südvorstadt, Zschertnitz;30 Jahre;563
2024;StB 8 Plauen;13 Südvorstadt, Zschertnitz;31 Jahre;493
2024;StB 8 Plauen;13 Südvorstadt, Zschertnitz;32 Jahre;487
2024;StB 8 Plauen;13 Südvorstadt, Zschertnitz;33 Jahre;395
2024;StB 8 Plauen;13 Südvorstadt, Zschertnitz;34 Jahre;554
2024;StB 8 Plauen;13 Südvorstadt, Zschertnitz;35 Jahre;487
2024;StB 8 Plauen;13 Südvorstadt, Zschertnitz;36 Jahre;475
2024;StB 8 Plauen;13 Südvorstadt, Zschertnitz;37 Jahre;464
2024;StB 8 Plauen;13 Südvorstadt, Zschertnitz;38 Jahre;409
2024;StB 8 Plauen;13 Südvorstadt, Zschertnitz;39 Jahre;411
2024;StB 8 Plauen;13 Südvorstadt, Zschertnitz;40 Jahre;399
2024;StB 8 Plauen;13 Südvorstadt, Zschertnitz;41 Jahre;368
2024;StB 8 Plauen;13 Südvorstadt, Zschertnitz;42 Jahre;350
2024;StB 8 Plauen;13 Südvorstadt, Zschertnitz;43 Jahre;327
2024;StB 8 Plauen;13 Südvorstadt, Zschertnitz;44 Jahre;318
2024;StB 8 Plauen;13 Südvorstadt, Zschertnitz;45 Jahre;333
2024;StB 8 Plauen;13 Südvorstadt, Zschertnitz;46 Jahre;326
2024;StB 8 Plauen;13 Südvorstadt, Zschertnitz;47 Jahre;301
2024;StB 8 Plauen;13 Südvorstadt, Zschertnitz;48 Jahre;268
2024;StB 8 Plauen;13 Südvorstadt, Zschertnitz;49 Jahre;247
2024;StB 8 Plauen;13 Südvorstadt, Zschertnitz;50 Jahre;234
2024;StB 8 Plauen;13 Südvorstadt, Zschertnitz;51 Jahre;205
2024;StB 8 Plauen;13 Südvorstadt, Zschertnitz;52 Jahre;239
2024;StB 8 Plauen;13 Südvorstadt, Zschertnitz;53 Jahre;240
2024;StB 8 Plauen;13 Südvorstadt, Zschertnitz;54 Jahre;254
2024;StB 8 Plauen;13 Südvorstadt, Zschertnitz;55 Jahre;225
2024;StB 8 Plauen;13 Südvorstadt, Zschertnitz;56 Jahre;275
2024;StB 8 Plauen;13 Südvorstadt, Zschertnitz;57 Jahre;251
2024;StB 8 Plauen;13 Südvorstadt, Zschertnitz;58 Jahre;269
2024;StB 8 Plauen;13 Südvorstadt, Zschertnitz;59 Jahre;246
2024;StB 8 Plauen;13 Südvorstadt, Zschertnitz;60 Jahre;259
2024;StB 8 Plauen;13 Südvorstadt, Zschertnitz;61 Jahre;294
2024;StB 8 Plauen;13 Südvorstadt, Zschertnitz;62 Jahre;264
2024;StB 8 Plauen;13 Südvorstadt, Zschertnitz;63 Jahre;257
2024;StB 8 Plauen;13 Südvorstadt, Zschertnitz;64 Jahre;263
2024;StB 8 Plauen;13 Südvorstadt, Zschertnitz;65 Jahre;261
2024;StB 8 Plauen;13 Südvorstadt, Zschertnitz;66 Jahre;243
2024;StB 8 Plauen;13 Südvorstadt, Zschertnitz;67 Jahre;212
2024;StB 8 Plauen;13 Südvorstadt, Zschertnitz;68 Jahre;234
2024;StB 8 Plauen;13 Südvorstadt, Zschertnitz;69 Jahre;225
2024;StB 8 Plauen;13 Südvorstadt, Zschertnitz;70 Jahre;269
2024;StB 8 Plauen;13 Südvorstadt, Zschertnitz;71 Jahre;250
2024;StB 8 Plauen;13 Südvorstadt, Zschertnitz;72 Jahre;249
2024;StB 8 Plauen;13 Südvorstadt, Zschertnitz;73 Jahre;294
2024;StB 8 Plauen;13 Südvorstadt, Zschertnitz;74 Jahre;279
2024;StB 8 Plauen;13 Südvorstadt, Zschertnitz;75 Jahre;255
2024;StB 8 Plauen;13 Südvorstadt, Zschertnitz;76 Jahre;221
2024;StB 8 Plauen;13 Südvorstadt, Zschertnitz;77 Jahre;234
2024;StB 8 Plauen;13 Südvorstadt, Zschertnitz;78 Jahre;138
2024;StB 8 Plauen;13 Südvorstadt, Zschertnitz;79 Jahre;222
2024;StB 8 Plauen;13 Südvorstadt, Zschertnitz;80 Jahre;317
2024;StB 8 Plauen;13 Südvorstadt, Zschertnitz;81 Jahre;291
2024;StB 8 Plauen;13 Südvorstadt, Zschertnitz;82 Jahre;256
2024;StB 8 Plauen;13 Südvorstadt, Zschertnitz;83 Jahre;281
2024;StB 8 Plauen;13 Südvorstadt, Zschertnitz;84 Jahre;274
2024;StB 8 Plauen;13 Südvorstadt, Zschertnitz;85 Jahre u.älter;1281
2024;StB 8 Plauen;14 Mockritz, Coschütz, Plauen;0 Jahre;145
2024;StB 8 Plauen;14 Mockritz, Coschütz, Plauen;1 Jahre;157
2024;StB 8 Plauen;14 Mockritz, Coschütz, Plauen;2 Jahre;155
2024;StB 8 Plauen;14 Mockritz, Coschütz, Plauen;3 Jahre;186
2024;StB 8 Plauen;14 Mockritz, Coschütz, Plauen;4 Jahre;216
2024;StB 8 Plauen;14 Mockritz, Coschütz, Plauen;5 Jahre;199
2024;StB 8 Plauen;14 Mockritz, Coschütz, Plauen;6 Jahre;237
2024;StB 8 Plauen;14 Mockritz, Coschütz, Plauen;7 Jahre;226
2024;StB 8 Plauen;14 Mockritz, Coschütz, Plauen;8 Jahre;262
2024;StB 8 Plauen;14 Mockritz, Coschütz, Plauen;9 Jahre;247
2024;StB 8 Plauen;14 Mockritz, Coschütz, Plauen;10 Jahre;272
2024;StB 8 Plauen;14 Mockritz, Coschütz, Plauen;11 Jahre;219
2024;StB 8 Plauen;14 Mockritz, Coschütz, Plauen;12 Jahre;232
2024;StB 8 Plauen;14 Mockritz, Coschütz, Plauen;13 Jahre;246
2024;StB 8 Plauen;14 Mockritz, Coschütz, Plauen;14 Jahre;235
2024;StB 8 Plauen;14 Mockritz, Coschütz, Plauen;15 Jahre;261
2024;StB 8 Plauen;14 Mockritz, Coschütz, Plauen;16 Jahre;250
2024;StB 8 Plauen;14 Mockritz, Coschütz, Plauen;17 Jahre;216
2024;StB 8 Plauen;14 Mockritz, Coschütz, Plauen;18 Jahre;260
2024;StB 8 Plauen;14 Mockritz, Coschütz, Plauen;19 Jahre;239
2024;StB 8 Plauen;14 Mockritz, Coschütz, Plauen;20 Jahre;292
2024;StB 8 Plauen;14 Mockritz, Coschütz, Plauen;21 Jahre;264
2024;StB 8 Plauen;14 Mockritz, Coschütz, Plauen;22 Jahre;299
2024;StB 8 Plauen;14 Mockritz, Coschütz, Plauen;23 Jahre;282
2024;StB 8 Plauen;14 Mockritz, Coschütz, Plauen;24 Jahre;316
2024;StB 8 Plauen;14 Mockritz, Coschütz, Plauen;25 Jahre;268
2024;StB 8 Plauen;14 Mockritz, Coschütz, Plauen;26 Jahre;324
2024;StB 8 Plauen;14 Mockritz, Coschütz, Plauen;27 Jahre;305
2024;StB 8 Plauen;14 Mockritz, Coschütz, Plauen;28 Jahre;311
2024;StB 8 Plauen;14 Mockritz, Coschütz, Plauen;29 Jahre;249
2024;StB 8 Plauen;14 Mockritz, Coschütz, Plauen;30 Jahre;229
2024;StB 8 Plauen;14 Mockritz, Coschütz, Plauen;31 Jahre;243
2024;StB 8 Plauen;14 Mockritz, Coschütz, Plauen;32 Jahre;228
2024;StB 8 Plauen;14 Mockritz, Coschütz, Plauen;33 Jahre;292
2024;StB 8 Plauen;14 Mockritz, Coschütz, Plauen;34 Jahre;342
2024;StB 8 Plauen;14 Mockritz, Coschütz, Plauen;35 Jahre;328
2024;StB 8 Plauen;14 Mockritz, Coschütz, Plauen;36 Jahre;376
2024;StB 8 Plauen;14 Mockritz, Coschütz, Plauen;37 Jahre;357
2024;StB 8 Plauen;14 Mockritz, Coschütz, Plauen;38 Jahre;331
2024;StB 8 Plauen;14 Mockritz, Coschütz, Plauen;39 Jahre;350
2024;StB 8 Plauen;14 Mockritz, Coschütz, Plauen;40 Jahre;358
2024;StB 8 Plauen;14 Mockritz, Coschütz, Plauen;41 Jahre;329
2024;StB 8 Plauen;14 Mockritz, Coschütz, Plauen;42 Jahre;350
2024;StB 8 Plauen;14 Mockritz, Coschütz, Plauen;43 Jahre;364
2024;StB 8 Plauen;14 Mockritz, Coschütz, Plauen;44 Jahre;352
2024;StB 8 Plauen;14 Mockritz, Coschütz, Plauen;45 Jahre;342
2024;StB 8 Plauen;14 Mockritz, Coschütz, Plauen;46 Jahre;330
2024;StB 8 Plauen;14 Mockritz, Coschütz, Plauen;47 Jahre;362
2024;StB 8 Plauen;14 Mockritz, Coschütz, Plauen;48 Jahre;287
2024;StB 8 Plauen;14 Mockritz, Coschütz, Plauen;49 Jahre;279
2024;StB 8 Plauen;14 Mockritz, Coschütz, Plauen;50 Jahre;253
2024;StB 8 Plauen;14 Mockritz, Coschütz, Plauen;51 Jahre;254
2024;StB 8 Plauen;14 Mockritz, Coschütz, Plauen;52 Jahre;271
2024;StB 8 Plauen;14 Mockritz, Coschütz, Plauen;53 Jahre;324
2024;StB 8 Plauen;14 Mockritz, Coschütz, Plauen;54 Jahre;317
2024;StB 8 Plauen;14 Mockritz, Coschütz, Plauen;55 Jahre;292
2024;StB 8 Plauen;14 Mockritz, Coschütz, Plauen;56 Jahre;311
2024;StB 8 Plauen;14 Mockritz, Coschütz, Plauen;57 Jahre;286
2024;StB 8 Plauen;14 Mockritz, Coschütz, Plauen;58 Jahre;309
2024;StB 8 Plauen;14 Mockritz, Coschütz, Plauen;59 Jahre;347
2024;StB 8 Plauen;14 Mockritz, Coschütz, Plauen;60 Jahre;335
2024;StB 8 Plauen;14 Mockritz, Coschütz, Plauen;61 Jahre;340
2024;StB 8 Plauen;14 Mockritz, Coschütz, Plauen;62 Jahre;338
2024;StB 8 Plauen;14 Mockritz, Coschütz, Plauen;63 Jahre;298
2024;StB 8 Plauen;14 Mockritz, Coschütz, Plauen;64 Jahre;287
2024;StB 8 Plauen;14 Mockritz, Coschütz, Plauen;65 Jahre;287
2024;StB 8 Plauen;14 Mockritz, Coschütz, Plauen;66 Jahre;292
2024;StB 8 Plauen;14 Mockritz, Coschütz, Plauen;67 Jahre;284
2024;StB 8 Plauen;14 Mockritz, Coschütz, Plauen;68 Jahre;252
2024;StB 8 Plauen;14 Mockritz, Coschütz, Plauen;69 Jahre;286
2024;StB 8 Plauen;14 Mockritz, Coschütz, Plauen;70 Jahre;308
2024;StB 8 Plauen;14 Mockritz, Coschütz, Plauen;71 Jahre;318
2024;StB 8 Plauen;14 Mockritz, Coschütz, Plauen;72 Jahre;266
2024;StB 8 Plauen;14 Mockritz, Coschütz, Plauen;73 Jahre;302
2024;StB 8 Plauen;14 Mockritz, Coschütz, Plauen;74 Jahre;289
2024;StB 8 Plauen;14 Mockritz, Coschütz, Plauen;75 Jahre;241
2024;StB 8 Plauen;14 Mockritz, Coschütz, Plauen;76 Jahre;209
2024;StB 8 Plauen;14 Mockritz, Coschütz, Plauen;77 Jahre;153
2024;StB 8 Plauen;14 Mockritz, Coschütz, Plauen;78 Jahre;131
2024;StB 8 Plauen;14 Mockritz, Coschütz, Plauen;79 Jahre;172
2024;StB 8 Plauen;14 Mockritz, Coschütz, Plauen;80 Jahre;220
2024;StB 8 Plauen;14 Mockritz, Coschütz, Plauen;81 Jahre;235
2024;StB 8 Plauen;14 Mockritz, Coschütz, Plauen;82 Jahre;229
2024;StB 8 Plauen;14 Mockritz, Coschütz, Plauen;83 Jahre;228
2024;StB 8 Plauen;14 Mockritz, Coschütz, Plauen;84 Jahre;238
2024;StB 8 Plauen;14 Mockritz, Coschütz, Plauen;85 Jahre u.älter;1051
2024;StB 9 Cotta/westliche Ortschaften;15 Cotta, Löbtau, Naußlitz, Dölzschen;0 Jahre;323
2024;StB 9 Cotta/westliche Ortschaften;15 Cotta, Löbtau, Naußlitz, Dölzschen;1 Jahre;370
2024;StB 9 Cotta/westliche Ortschaften;15 Cotta, Löbtau, Naußlitz, Dölzschen;2 Jahre;379
2024;StB 9 Cotta/westliche Ortschaften;15 Cotta, Löbtau, Naußlitz, Dölzschen;3 Jahre;466
2024;StB 9 Cotta/westliche Ortschaften;15 Cotta, Löbtau, Naußlitz, Dölzschen;4 Jahre;373
2024;StB 9 Cotta/westliche Ortschaften;15 Cotta, Löbtau, Naußlitz, Dölzschen;5 Jahre;446
2024;StB 9 Cotta/westliche Ortschaften;15 Cotta, Löbtau, Naußlitz, Dölzschen;6 Jahre;412
2024;StB 9 Cotta/westliche Ortschaften;15 Cotta, Löbtau, Naußlitz, Dölzschen;7 Jahre;438
2024;StB 9 Cotta/westliche Ortschaften;15 Cotta, Löbtau, Naußlitz, Dölzschen;8 Jahre;408
2024;StB 9 Cotta/westliche Ortschaften;15 Cotta, Löbtau, Naußlitz, Dölzschen;9 Jahre;401
2024;StB 9 Cotta/westliche Ortschaften;15 Cotta, Löbtau, Naußlitz, Dölzschen;10 Jahre;418
2024;StB 9 Cotta/westliche Ortschaften;15 Cotta, Löbtau, Naußlitz, Dölzschen;11 Jahre;403
2024;StB 9 Cotta/westliche Ortschaften;15 Cotta, Löbtau, Naußlitz, Dölzschen;12 Jahre;378
2024;StB 9 Cotta/westliche Ortschaften;15 Cotta, Löbtau, Naußlitz, Dölzschen;13 Jahre;382
2024;StB 9 Cotta/westliche Ortschaften;15 Cotta, Löbtau, Naußlitz, Dölzschen;14 Jahre;350
2024;StB 9 Cotta/westliche Ortschaften;15 Cotta, Löbtau, Naußlitz, Dölzschen;15 Jahre;369
2024;StB 9 Cotta/westliche Ortschaften;15 Cotta, Löbtau, Naußlitz, Dölzschen;16 Jahre;349
2024;StB 9 Cotta/westliche Ortschaften;15 Cotta, Löbtau, Naußlitz, Dölzschen;17 Jahre;331
2024;StB 9 Cotta/westliche Ortschaften;15 Cotta, Löbtau, Naußlitz, Dölzschen;18 Jahre;359
2024;StB 9 Cotta/westliche Ortschaften;15 Cotta, Löbtau, Naußlitz, Dölzschen;19 Jahre;452
2024;StB 9 Cotta/westliche Ortschaften;15 Cotta, Löbtau, Naußlitz, Dölzschen;20 Jahre;587
2024;StB 9 Cotta/westliche Ortschaften;15 Cotta, Löbtau, Naußlitz, Dölzschen;21 Jahre;732
2024;StB 9 Cotta/westliche Ortschaften;15 Cotta, Löbtau, Naußlitz, Dölzschen;22 Jahre;798
2024;StB 9 Cotta/westliche Ortschaften;15 Cotta, Löbtau, Naußlitz, Dölzschen;23 Jahre;917
2024;StB 9 Cotta/westliche Ortschaften;15 Cotta, Löbtau, Naußlitz, Dölzschen;24 Jahre;927
2024;StB 9 Cotta/westliche Ortschaften;15 Cotta, Löbtau, Naußlitz, Dölzschen;25 Jahre;1031
2024;StB 9 Cotta/westliche Ortschaften;15 Cotta, Löbtau, Naußlitz, Dölzschen;26 Jahre;942
2024;StB 9 Cotta/westliche Ortschaften;15 Cotta, Löbtau, Naußlitz, Dölzschen;27 Jahre;952
2024;StB 9 Cotta/westliche Ortschaften;15 Cotta, Löbtau, Naußlitz, Dölzschen;28 Jahre;777
2024;StB 9 Cotta/westliche Ortschaften;15 Cotta, Löbtau, Naußlitz, Dölzschen;29 Jahre;751
2024;StB 9 Cotta/westliche Ortschaften;15 Cotta, Löbtau, Naußlitz, Dölzschen;30 Jahre;657
2024;StB 9 Cotta/westliche Ortschaften;15 Cotta, Löbtau, Naußlitz, Dölzschen;31 Jahre;638
2024;StB 9 Cotta/westliche Ortschaften;15 Cotta, Löbtau, Naußlitz, Dölzschen;32 Jahre;648
2024;StB 9 Cotta/westliche Ortschaften;15 Cotta, Löbtau, Naußlitz, Dölzschen;33 Jahre;706
2024;StB 9 Cotta/westliche Ortschaften;15 Cotta, Löbtau, Naußlitz, Dölzschen;34 Jahre;945
2024;StB 9 Cotta/westliche Ortschaften;15 Cotta, Löbtau, Naußlitz, Dölzschen;35 Jahre;851
2024;StB 9 Cotta/westliche Ortschaften;15 Cotta, Löbtau, Naußlitz, Dölzschen;36 Jahre;887
2024;StB 9 Cotta/westliche Ortschaften;15 Cotta, Löbtau, Naußlitz, Dölzschen;37 Jahre;813
2024;StB 9 Cotta/westliche Ortschaften;15 Cotta, Löbtau, Naußlitz, Dölzschen;38 Jahre;758
2024;StB 9 Cotta/westliche Ortschaften;15 Cotta, Löbtau, Naußlitz, Dölzschen;39 Jahre;733
2024;StB 9 Cotta/westliche Ortschaften;15 Cotta, Löbtau, Naußlitz, Dölzschen;40 Jahre;662
2024;StB 9 Cotta/westliche Ortschaften;15 Cotta, Löbtau, Naußlitz, Dölzschen;41 Jahre;729
2024;StB 9 Cotta/westliche Ortschaften;15 Cotta, Löbtau, Naußlitz, Dölzschen;42 Jahre;653
2024;StB 9 Cotta/westliche Ortschaften;15 Cotta, Löbtau, Naußlitz, Dölzschen;43 Jahre;690
2024;StB 9 Cotta/westliche Ortschaften;15 Cotta, Löbtau, Naußlitz, Dölzschen;44 Jahre;611
2024;StB 9 Cotta/westliche Ortschaften;15 Cotta, Löbtau, Naußlitz, Dölzschen;45 Jahre;630
2024;StB 9 Cotta/westliche Ortschaften;15 Cotta, Löbtau, Naußlitz, Dölzschen;46 Jahre;566
2024;StB 9 Cotta/westliche Ortschaften;15 Cotta, Löbtau, Naußlitz, Dölzschen;47 Jahre;549
2024;StB 9 Cotta/westliche Ortschaften;15 Cotta, Löbtau, Naußlitz, Dölzschen;48 Jahre;445
2024;StB 9 Cotta/westliche Ortschaften;15 Cotta, Löbtau, Naußlitz, Dölzschen;49 Jahre;427
2024;StB 9 Cotta/westliche Ortschaften;15 Cotta, Löbtau, Naußlitz, Dölzschen;50 Jahre;374
2024;StB 9 Cotta/westliche Ortschaften;15 Cotta, Löbtau, Naußlitz, Dölzschen;51 Jahre;358
2024;StB 9 Cotta/westliche Ortschaften;15 Cotta, Löbtau, Naußlitz, Dölzschen;52 Jahre;404
2024;StB 9 Cotta/westliche Ortschaften;15 Cotta, Löbtau, Naußlitz, Dölzschen;53 Jahre;432
2024;StB 9 Cotta/westliche Ortschaften;15 Cotta, Löbtau, Naußlitz, Dölzschen;54 Jahre;376
2024;StB 9 Cotta/westliche Ortschaften;15 Cotta, Löbtau, Naußlitz, Dölzschen;55 Jahre;421
2024;StB 9 Cotta/westliche Ortschaften;15 Cotta, Löbtau, Naußlitz, Dölzschen;56 Jahre;420
2024;StB 9 Cotta/westliche Ortschaften;15 Cotta, Löbtau, Naußlitz, Dölzschen;57 Jahre;412
2024;StB 9 Cotta/westliche Ortschaften;15 Cotta, Löbtau, Naußlitz, Dölzschen;58 Jahre;467
2024;StB 9 Cotta/westliche Ortschaften;15 Cotta, Löbtau, Naußlitz, Dölzschen;59 Jahre;497
2024;StB 9 Cotta/westliche Ortschaften;15 Cotta, Löbtau, Naußlitz, Dölzschen;60 Jahre;481
2024;StB 9 Cotta/westliche Ortschaften;15 Cotta, Löbtau, Naußlitz, Dölzschen;61 Jahre;462
2024;StB 9 Cotta/westliche Ortschaften;15 Cotta, Löbtau, Naußlitz, Dölzschen;62 Jahre;458
2024;StB 9 Cotta/westliche Ortschaften;15 Cotta, Löbtau, Naußlitz, Dölzschen;63 Jahre;464
2024;StB 9 Cotta/westliche Ortschaften;15 Cotta, Löbtau, Naußlitz, Dölzschen;64 Jahre;407
2024;StB 9 Cotta/westliche Ortschaften;15 Cotta, Löbtau, Naußlitz, Dölzschen;65 Jahre;387
2024;StB 9 Cotta/westliche Ortschaften;15 Cotta, Löbtau, Naußlitz, Dölzschen;66 Jahre;375
2024;StB 9 Cotta/westliche Ortschaften;15 Cotta, Löbtau, Naußlitz, Dölzschen;67 Jahre;373
2024;StB 9 Cotta/westliche Ortschaften;15 Cotta, Löbtau, Naußlitz, Dölzschen;68 Jahre;370
2024;StB 9 Cotta/westliche Ortschaften;15 Cotta, Löbtau, Naußlitz, Dölzschen;69 Jahre;377
2024;StB 9 Cotta/westliche Ortschaften;15 Cotta, Löbtau, Naußlitz, Dölzschen;70 Jahre;329
2024;StB 9 Cotta/westliche Ortschaften;15 Cotta, Löbtau, Naußlitz, Dölzschen;71 Jahre;350
2024;StB 9 Cotta/westliche Ortschaften;15 Cotta, Löbtau, Naußlitz, Dölzschen;72 Jahre;282
2024;StB 9 Cotta/westliche Ortschaften;15 Cotta, Löbtau, Naußlitz, Dölzschen;73 Jahre;287
2024;StB 9 Cotta/westliche Ortschaften;15 Cotta, Löbtau, Naußlitz, Dölzschen;74 Jahre;290
2024;StB 9 Cotta/westliche Ortschaften;15 Cotta, Löbtau, Naußlitz, Dölzschen;75 Jahre;245
2024;StB 9 Cotta/westliche Ortschaften;15 Cotta, Löbtau, Naußlitz, Dölzschen;76 Jahre;219
2024;StB 9 Cotta/westliche Ortschaften;15 Cotta, Löbtau, Naußlitz, Dölzschen;77 Jahre;206
2024;StB 9 Cotta/westliche Ortschaften;15 Cotta, Löbtau, Naußlitz, Dölzschen;78 Jahre;159
2024;StB 9 Cotta/westliche Ortschaften;15 Cotta, Löbtau, Naußlitz, Dölzschen;79 Jahre;173
2024;StB 9 Cotta/westliche Ortschaften;15 Cotta, Löbtau, Naußlitz, Dölzschen;80 Jahre;216
2024;StB 9 Cotta/westliche Ortschaften;15 Cotta, Löbtau, Naußlitz, Dölzschen;81 Jahre;218
2024;StB 9 Cotta/westliche Ortschaften;15 Cotta, Löbtau, Naußlitz, Dölzschen;82 Jahre;208
2024;StB 9 Cotta/westliche Ortschaften;15 Cotta, Löbtau, Naußlitz, Dölzschen;83 Jahre;227
2024;StB 9 Cotta/westliche Ortschaften;15 Cotta, Löbtau, Naußlitz, Dölzschen;84 Jahre;210
2024;StB 9 Cotta/westliche Ortschaften;15 Cotta, Löbtau, Naußlitz, Dölzschen;85 Jahre u.älter;861
2024;StB 9 Cotta/westliche Ortschaften;16 Gorbitz;0 Jahre;138
2024;StB 9 Cotta/westliche Ortschaften;16 Gorbitz;1 Jahre;172
2024;StB 9 Cotta/westliche Ortschaften;16 Gorbitz;2 Jahre;203
2024;StB 9 Cotta/westliche Ortschaften;16 Gorbitz;3 Jahre;224
2024;StB 9 Cotta/westliche Ortschaften;16 Gorbitz;4 Jahre;211
2024;StB 9 Cotta/westliche Ortschaften;16 Gorbitz;5 Jahre;217
2024;StB 9 Cotta/westliche Ortschaften;16 Gorbitz;6 Jahre;231
2024;StB 9 Cotta/westliche Ortschaften;16 Gorbitz;7 Jahre;237
2024;StB 9 Cotta/westliche Ortschaften;16 Gorbitz;8 Jahre;266
2024;StB 9 Cotta/westliche Ortschaften;16 Gorbitz;9 Jahre;244
2024;StB 9 Cotta/westliche Ortschaften;16 Gorbitz;10 Jahre;239
2024;StB 9 Cotta/westliche Ortschaften;16 Gorbitz;11 Jahre;231
2024;StB 9 Cotta/westliche Ortschaften;16 Gorbitz;12 Jahre;229
2024;StB 9 Cotta/westliche Ortschaften;16 Gorbitz;13 Jahre;231
2024;StB 9 Cotta/westliche Ortschaften;16 Gorbitz;14 Jahre;266
2024;StB 9 Cotta/westliche Ortschaften;16 Gorbitz;15 Jahre;261
2024;StB 9 Cotta/westliche Ortschaften;16 Gorbitz;16 Jahre;236
2024;StB 9 Cotta/westliche Ortschaften;16 Gorbitz;17 Jahre;225
2024;StB 9 Cotta/westliche Ortschaften;16 Gorbitz;18 Jahre;260
2024;StB 9 Cotta/westliche Ortschaften;16 Gorbitz;19 Jahre;306
2024;StB 9 Cotta/westliche Ortschaften;16 Gorbitz;20 Jahre;371
2024;StB 9 Cotta/westliche Ortschaften;16 Gorbitz;21 Jahre;303
2024;StB 9 Cotta/westliche Ortschaften;16 Gorbitz;22 Jahre;269
2024;StB 9 Cotta/westliche Ortschaften;16 Gorbitz;23 Jahre;309
2024;StB 9 Cotta/westliche Ortschaften;16 Gorbitz;24 Jahre;351
2024;StB 9 Cotta/westliche Ortschaften;16 Gorbitz;25 Jahre;300
2024;StB 9 Cotta/westliche Ortschaften;16 Gorbitz;26 Jahre;325
2024;StB 9 Cotta/westliche Ortschaften;16 Gorbitz;27 Jahre;280
2024;StB 9 Cotta/westliche Ortschaften;16 Gorbitz;28 Jahre;299
2024;StB 9 Cotta/westliche Ortschaften;16 Gorbitz;29 Jahre;283
2024;StB 9 Cotta/westliche Ortschaften;16 Gorbitz;30 Jahre;240
2024;StB 9 Cotta/westliche Ortschaften;16 Gorbitz;31 Jahre;253
2024;StB 9 Cotta/westliche Ortschaften;16 Gorbitz;32 Jahre;254
2024;StB 9 Cotta/westliche Ortschaften;16 Gorbitz;33 Jahre;292
2024;StB 9 Cotta/westliche Ortschaften;16 Gorbitz;34 Jahre;323
2024;StB 9 Cotta/westliche Ortschaften;16 Gorbitz;35 Jahre;352
2024;StB 9 Cotta/westliche Ortschaften;16 Gorbitz;36 Jahre;354
2024;StB 9 Cotta/westliche Ortschaften;16 Gorbitz;37 Jahre;316
2024;StB 9 Cotta/westliche Ortschaften;16 Gorbitz;38 Jahre;344
2024;StB 9 Cotta/westliche Ortschaften;16 Gorbitz;39 Jahre;353
2024;StB 9 Cotta/westliche Ortschaften;16 Gorbitz;40 Jahre;316
2024;StB 9 Cotta/westliche Ortschaften;16 Gorbitz;41 Jahre;331
2024;StB 9 Cotta/westliche Ortschaften;16 Gorbitz;42 Jahre;311
2024;StB 9 Cotta/westliche Ortschaften;16 Gorbitz;43 Jahre;323
2024;StB 9 Cotta/westliche Ortschaften;16 Gorbitz;44 Jahre;342
2024;StB 9 Cotta/westliche Ortschaften;16 Gorbitz;45 Jahre;284
2024;StB 9 Cotta/westliche Ortschaften;16 Gorbitz;46 Jahre;256
2024;StB 9 Cotta/westliche Ortschaften;16 Gorbitz;47 Jahre;258
2024;StB 9 Cotta/westliche Ortschaften;16 Gorbitz;48 Jahre;215
2024;StB 9 Cotta/westliche Ortschaften;16 Gorbitz;49 Jahre;179
2024;StB 9 Cotta/westliche Ortschaften;16 Gorbitz;50 Jahre;181
2024;StB 9 Cotta/westliche Ortschaften;16 Gorbitz;51 Jahre;174
2024;StB 9 Cotta/westliche Ortschaften;16 Gorbitz;52 Jahre;188
2024;StB 9 Cotta/westliche Ortschaften;16 Gorbitz;53 Jahre;189
2024;StB 9 Cotta/westliche Ortschaften;16 Gorbitz;54 Jahre;170
2024;StB 9 Cotta/westliche Ortschaften;16 Gorbitz;55 Jahre;186
2024;StB 9 Cotta/westliche Ortschaften;16 Gorbitz;56 Jahre;180
2024;StB 9 Cotta/westliche Ortschaften;16 Gorbitz;57 Jahre;167
2024;StB 9 Cotta/westliche Ortschaften;16 Gorbitz;58 Jahre;209
2024;StB 9 Cotta/westliche Ortschaften;16 Gorbitz;59 Jahre;229
2024;StB 9 Cotta/westliche Ortschaften;16 Gorbitz;60 Jahre;223
2024;StB 9 Cotta/westliche Ortschaften;16 Gorbitz;61 Jahre;285
2024;StB 9 Cotta/westliche Ortschaften;16 Gorbitz;62 Jahre;259
2024;StB 9 Cotta/westliche Ortschaften;16 Gorbitz;63 Jahre;312
2024;StB 9 Cotta/westliche Ortschaften;16 Gorbitz;64 Jahre;278
2024;StB 9 Cotta/westliche Ortschaften;16 Gorbitz;65 Jahre;311
2024;StB 9 Cotta/westliche Ortschaften;16 Gorbitz;66 Jahre;297
2024;StB 9 Cotta/westliche Ortschaften;16 Gorbitz;67 Jahre;322
2024;StB 9 Cotta/westliche Ortschaften;16 Gorbitz;68 Jahre;322
2024;StB 9 Cotta/westliche Ortschaften;16 Gorbitz;69 Jahre;355
2024;StB 9 Cotta/westliche Ortschaften;16 Gorbitz;70 Jahre;333
2024;StB 9 Cotta/westliche Ortschaften;16 Gorbitz;71 Jahre;317
2024;StB 9 Cotta/westliche Ortschaften;16 Gorbitz;72 Jahre;282
2024;StB 9 Cotta/westliche Ortschaften;16 Gorbitz;73 Jahre;306
2024;StB 9 Cotta/westliche Ortschaften;16 Gorbitz;74 Jahre;281
2024;StB 9 Cotta/westliche Ortschaften;16 Gorbitz;75 Jahre;227
2024;StB 9 Cotta/westliche Ortschaften;16 Gorbitz;76 Jahre;165
2024;StB 9 Cotta/westliche Ortschaften;16 Gorbitz;77 Jahre;168
2024;StB 9 Cotta/westliche Ortschaften;16 Gorbitz;78 Jahre;100
2024;StB 9 Cotta/westliche Ortschaften;16 Gorbitz;79 Jahre;131
2024;StB 9 Cotta/westliche Ortschaften;16 Gorbitz;80 Jahre;192
2024;StB 9 Cotta/westliche Ortschaften;16 Gorbitz;81 Jahre;157
2024;StB 9 Cotta/westliche Ortschaften;16 Gorbitz;82 Jahre;137
2024;StB 9 Cotta/westliche Ortschaften;16 Gorbitz;83 Jahre;161
2024;StB 9 Cotta/westliche Ortschaften;16 Gorbitz;84 Jahre;151
2024;StB 9 Cotta/westliche Ortschaften;16 Gorbitz;85 Jahre u.älter;714
2024;StB 9 Cotta/westliche Ortschaften;17 Briesnitz und westliche OS;0 Jahre;143
2024;StB 9 Cotta/westliche Ortschaften;17 Briesnitz und westliche OS;1 Jahre;147
2024;StB 9 Cotta/westliche Ortschaften;17 Briesnitz und westliche OS;2 Jahre;141
2024;StB 9 Cotta/westliche Ortschaften;17 Briesnitz und westliche OS;3 Jahre;184
2024;StB 9 Cotta/westliche Ortschaften;17 Briesnitz und westliche OS;4 Jahre;204
2024;StB 9 Cotta/westliche Ortschaften;17 Briesnitz und westliche OS;5 Jahre;216
2024;StB 9 Cotta/westliche Ortschaften;17 Briesnitz und westliche OS;6 Jahre;212
2024;StB 9 Cotta/westliche Ortschaften;17 Briesnitz und westliche OS;7 Jahre;267
2024;StB 9 Cotta/westliche Ortschaften;17 Briesnitz und westliche OS;8 Jahre;268
2024;StB 9 Cotta/westliche Ortschaften;17 Briesnitz und westliche OS;9 Jahre;254
2024;StB 9 Cotta/westliche Ortschaften;17 Briesnitz und westliche OS;10 Jahre;310
2024;StB 9 Cotta/westliche Ortschaften;17 Briesnitz und westliche OS;11 Jahre;308
2024;StB 9 Cotta/westliche Ortschaften;17 Briesnitz und westliche OS;12 Jahre;274
2024;StB 9 Cotta/westliche Ortschaften;17 Briesnitz und westliche OS;13 Jahre;281
2024;StB 9 Cotta/westliche Ortschaften;17 Briesnitz und westliche OS;14 Jahre;255
2024;StB 9 Cotta/westliche Ortschaften;17 Briesnitz und westliche OS;15 Jahre;246
2024;StB 9 Cotta/westliche Ortschaften;17 Briesnitz und westliche OS;16 Jahre;257
2024;StB 9 Cotta/westliche Ortschaften;17 Briesnitz und westliche OS;17 Jahre;273
2024;StB 9 Cotta/westliche Ortschaften;17 Briesnitz und westliche OS;18 Jahre;226
2024;StB 9 Cotta/westliche Ortschaften;17 Briesnitz und westliche OS;19 Jahre;215
2024;StB 9 Cotta/westliche Ortschaften;17 Briesnitz und westliche OS;20 Jahre;211
2024;StB 9 Cotta/westliche Ortschaften;17 Briesnitz und westliche OS;21 Jahre;168
2024;StB 9 Cotta/westliche Ortschaften;17 Briesnitz und westliche OS;22 Jahre;161
2024;StB 9 Cotta/westliche Ortschaften;17 Briesnitz und westliche OS;23 Jahre;146
2024;StB 9 Cotta/westliche Ortschaften;17 Briesnitz und westliche OS;24 Jahre;180
2024;StB 9 Cotta/westliche Ortschaften;17 Briesnitz und westliche OS;25 Jahre;147
2024;StB 9 Cotta/westliche Ortschaften;17 Briesnitz und westliche OS;26 Jahre;132
2024;StB 9 Cotta/westliche Ortschaften;17 Briesnitz und westliche OS;27 Jahre;139
2024;StB 9 Cotta/westliche Ortschaften;17 Briesnitz und westliche OS;28 Jahre;120
2024;StB 9 Cotta/westliche Ortschaften;17 Briesnitz und westliche OS;29 Jahre;125
2024;StB 9 Cotta/westliche Ortschaften;17 Briesnitz und westliche OS;30 Jahre;143
2024;StB 9 Cotta/westliche Ortschaften;17 Briesnitz und westliche OS;31 Jahre;136
2024;StB 9 Cotta/westliche Ortschaften;17 Briesnitz und westliche OS;32 Jahre;149
2024;StB 9 Cotta/westliche Ortschaften;17 Briesnitz und westliche OS;33 Jahre;176
2024;StB 9 Cotta/westliche Ortschaften;17 Briesnitz und westliche OS;34 Jahre;238
2024;StB 9 Cotta/westliche Ortschaften;17 Briesnitz und westliche OS;35 Jahre;307
2024;StB 9 Cotta/westliche Ortschaften;17 Briesnitz und westliche OS;36 Jahre;334
2024;StB 9 Cotta/westliche Ortschaften;17 Briesnitz und westliche OS;37 Jahre;346
2024;StB 9 Cotta/westliche Ortschaften;17 Briesnitz und westliche OS;38 Jahre;311
2024;StB 9 Cotta/westliche Ortschaften;17 Briesnitz und westliche OS;39 Jahre;343
2024;StB 9 Cotta/westliche Ortschaften;17 Briesnitz und westliche OS;40 Jahre;340
2024;StB 9 Cotta/westliche Ortschaften;17 Briesnitz und westliche OS;41 Jahre;387
2024;StB 9 Cotta/westliche Ortschaften;17 Briesnitz und westliche OS;42 Jahre;380
2024;StB 9 Cotta/westliche Ortschaften;17 Briesnitz und westliche OS;43 Jahre;359
2024;StB 9 Cotta/westliche Ortschaften;17 Briesnitz und westliche OS;44 Jahre;401
2024;StB 9 Cotta/westliche Ortschaften;17 Briesnitz und westliche OS;45 Jahre;383
2024;StB 9 Cotta/westliche Ortschaften;17 Briesnitz und westliche OS;46 Jahre;362
2024;StB 9 Cotta/westliche Ortschaften;17 Briesnitz und westliche OS;47 Jahre;354
2024;StB 9 Cotta/westliche Ortschaften;17 Briesnitz und westliche OS;48 Jahre;309
2024;StB 9 Cotta/westliche Ortschaften;17 Briesnitz und westliche OS;49 Jahre;270
2024;StB 9 Cotta/westliche Ortschaften;17 Briesnitz und westliche OS;50 Jahre;266
2024;StB 9 Cotta/westliche Ortschaften;17 Briesnitz und westliche OS;51 Jahre;302
2024;StB 9 Cotta/westliche Ortschaften;17 Briesnitz und westliche OS;52 Jahre;285
2024;StB 9 Cotta/westliche Ortschaften;17 Briesnitz und westliche OS;53 Jahre;349
2024;StB 9 Cotta/westliche Ortschaften;17 Briesnitz und westliche OS;54 Jahre;381
2024;StB 9 Cotta/westliche Ortschaften;17 Briesnitz und westliche OS;55 Jahre;363
2024;StB 9 Cotta/westliche Ortschaften;17 Briesnitz und westliche OS;56 Jahre;372
2024;StB 9 Cotta/westliche Ortschaften;17 Briesnitz und westliche OS;57 Jahre;345
2024;StB 9 Cotta/westliche Ortschaften;17 Briesnitz und westliche OS;58 Jahre;384
2024;StB 9 Cotta/westliche Ortschaften;17 Briesnitz und westliche OS;59 Jahre;390
2024;StB 9 Cotta/westliche Ortschaften;17 Briesnitz und westliche OS;60 Jahre;362
2024;StB 9 Cotta/westliche Ortschaften;17 Briesnitz und westliche OS;61 Jahre;399
2024;StB 9 Cotta/westliche Ortschaften;17 Briesnitz und westliche OS;62 Jahre;409
2024;StB 9 Cotta/westliche Ortschaften;17 Briesnitz und westliche OS;63 Jahre;379
2024;StB 9 Cotta/westliche Ortschaften;17 Briesnitz und westliche OS;64 Jahre;377
2024;StB 9 Cotta/westliche Ortschaften;17 Briesnitz und westliche OS;65 Jahre;362
2024;StB 9 Cotta/westliche Ortschaften;17 Briesnitz und westliche OS;66 Jahre;352
2024;StB 9 Cotta/westliche Ortschaften;17 Briesnitz und westliche OS;67 Jahre;332
2024;StB 9 Cotta/westliche Ortschaften;17 Briesnitz und westliche OS;68 Jahre;313
2024;StB 9 Cotta/westliche Ortschaften;17 Briesnitz und westliche OS;69 Jahre;316
2024;StB 9 Cotta/westliche Ortschaften;17 Briesnitz und westliche OS;70 Jahre;332
2024;StB 9 Cotta/westliche Ortschaften;17 Briesnitz und westliche OS;71 Jahre;286
2024;StB 9 Cotta/westliche Ortschaften;17 Briesnitz und westliche OS;72 Jahre;288
2024;StB 9 Cotta/westliche Ortschaften;17 Briesnitz und westliche OS;73 Jahre;252
2024;StB 9 Cotta/westliche Ortschaften;17 Briesnitz und westliche OS;74 Jahre;270
2024;StB 9 Cotta/westliche Ortschaften;17 Briesnitz und westliche OS;75 Jahre;227
2024;StB 9 Cotta/westliche Ortschaften;17 Briesnitz und westliche OS;76 Jahre;193
2024;StB 9 Cotta/westliche Ortschaften;17 Briesnitz und westliche OS;77 Jahre;181
2024;StB 9 Cotta/westliche Ortschaften;17 Briesnitz und westliche OS;78 Jahre;136
2024;StB 9 Cotta/westliche Ortschaften;17 Briesnitz und westliche OS;79 Jahre;158
2024;StB 9 Cotta/westliche Ortschaften;17 Briesnitz und westliche OS;80 Jahre;224
2024;StB 9 Cotta/westliche Ortschaften;17 Briesnitz und westliche OS;81 Jahre;206
2024;StB 9 Cotta/westliche Ortschaften;17 Briesnitz und westliche OS;82 Jahre;195
2024;StB 9 Cotta/westliche Ortschaften;17 Briesnitz und westliche OS;83 Jahre;241
2024;StB 9 Cotta/westliche Ortschaften;17 Briesnitz und westliche OS;84 Jahre;190
2024;StB 9 Cotta/westliche Ortschaften;17 Briesnitz und westliche OS;85 Jahre u.älter;808
