Jahr;Quartal;Einwohnerbewegung;Wanderungsgebiet;Staatsangehörigkeit;Geschlecht;Anzahl Einwohner
2003;1. Quartal;Zuzug;unbekannt;Deutsche;männlich;55
2003;1. Quartal;Zuzug;unbekannt;Deutsche;weiblich;16
2003;1. Quartal;Zuzug;unbekannt;Ausländer;männlich;20
2003;1. Quartal;Zuzug;unbekannt;Ausländer;weiblich;9
2003;1. Quartal;Zuzug;Ausland;Deutsche;männlich;60
2003;1. Quartal;Zuzug;Ausland;Deutsche;weiblich;34
2003;1. Quartal;Zuzug;Ausland;Ausländer;männlich;410
2003;1. Quartal;Zuzug;Ausland;Ausländer;weiblich;296
2003;1. Quartal;Zuzug;Alte Bundesländer (mit Berlin);Deutsche;männlich;465
2003;1. Quartal;Zuzug;Alte Bundesländer (mit Berlin);Deutsche;weiblich;387
2003;1. Quartal;Zuzug;Alte Bundesländer (mit Berlin);Ausländer;männlich;76
2003;1. Quartal;Zuzug;Alte Bundesländer (mit Berlin);Ausländer;weiblich;41
2003;1. Quartal;Zuzug;Neue Bundesländer (ohne Sachsen);Deutsche;männlich;279
2003;1. Quartal;Zuzug;Neue Bundesländer (ohne Sachsen);Deutsche;weiblich;275
2003;1. Quartal;Zuzug;Neue Bundesländer (ohne Sachsen);Ausländer;männlich;34
2003;1. Quartal;Zuzug;Neue Bundesländer (ohne Sachsen);Ausländer;weiblich;17
2003;1. Quartal;Zuzug;Sachsen (ohne Umland Dresden);Deutsche;männlich;343
2003;1. Quartal;Zuzug;Sachsen (ohne Umland Dresden);Deutsche;weiblich;320
2003;1. Quartal;Zuzug;Sachsen (ohne Umland Dresden);Ausländer;männlich;40
2003;1. Quartal;Zuzug;Sachsen (ohne Umland Dresden);Ausländer;weiblich;41
2003;1. Quartal;Zuzug;Umland Dresden;Deutsche;männlich;606
2003;1. Quartal;Zuzug;Umland Dresden;Deutsche;weiblich;653
2003;1. Quartal;Zuzug;Umland Dresden;Ausländer;männlich;33
2003;1. Quartal;Zuzug;Umland Dresden;Ausländer;weiblich;16
2003;1. Quartal;Fortzug;unbekannt;Deutsche;männlich;206
2003;1. Quartal;Fortzug;unbekannt;Deutsche;weiblich;74
2003;1. Quartal;Fortzug;unbekannt;Ausländer;männlich;194
2003;1. Quartal;Fortzug;unbekannt;Ausländer;weiblich;57
2003;1. Quartal;Fortzug;Ausland;Deutsche;männlich;58
2003;1. Quartal;Fortzug;Ausland;Deutsche;weiblich;45
2003;1. Quartal;Fortzug;Ausland;Ausländer;männlich;196
2003;1. Quartal;Fortzug;Ausland;Ausländer;weiblich;162
2003;1. Quartal;Fortzug;Alte Bundesländer (mit Berlin);Deutsche;männlich;574
2003;1. Quartal;Fortzug;Alte Bundesländer (mit Berlin);Deutsche;weiblich;567
2003;1. Quartal;Fortzug;Alte Bundesländer (mit Berlin);Ausländer;männlich;124
2003;1. Quartal;Fortzug;Alte Bundesländer (mit Berlin);Ausländer;weiblich;84
2003;1. Quartal;Fortzug;Neue Bundesländer (ohne Sachsen);Deutsche;männlich;239
2003;1. Quartal;Fortzug;Neue Bundesländer (ohne Sachsen);Deutsche;weiblich;232
2003;1. Quartal;Fortzug;Neue Bundesländer (ohne Sachsen);Ausländer;männlich;31
2003;1. Quartal;Fortzug;Neue Bundesländer (ohne Sachsen);Ausländer;weiblich;28
2003;1. Quartal;Fortzug;Sachsen (ohne Umland Dresden);Deutsche;männlich;192
2003;1. Quartal;Fortzug;Sachsen (ohne Umland Dresden);Deutsche;weiblich;183
2003;1. Quartal;Fortzug;Sachsen (ohne Umland Dresden);Ausländer;männlich;17
2003;1. Quartal;Fortzug;Sachsen (ohne Umland Dresden);Ausländer;weiblich;11
2003;1. Quartal;Fortzug;Umland Dresden;Deutsche;männlich;607
2003;1. Quartal;Fortzug;Umland Dresden;Deutsche;weiblich;645
2003;1. Quartal;Fortzug;Umland Dresden;Ausländer;männlich;30
2003;1. Quartal;Fortzug;Umland Dresden;Ausländer;weiblich;15
2003;1. Quartal;Umzug;Innerhalb Dresdens;Deutsche;männlich;5465
2003;1. Quartal;Umzug;Innerhalb Dresdens;Deutsche;weiblich;5373
2003;1. Quartal;Umzug;Innerhalb Dresdens;Ausländer;männlich;486
2003;1. Quartal;Umzug;Innerhalb Dresdens;Ausländer;weiblich;348
2003;2. Quartal;Zuzug;unbekannt;Deutsche;männlich;51
2003;2. Quartal;Zuzug;unbekannt;Deutsche;weiblich;9
2003;2. Quartal;Zuzug;unbekannt;Ausländer;männlich;8
2003;2. Quartal;Zuzug;unbekannt;Ausländer;weiblich;2
2003;2. Quartal;Zuzug;Ausland;Deutsche;männlich;47
2003;2. Quartal;Zuzug;Ausland;Deutsche;weiblich;32
2003;2. Quartal;Zuzug;Ausland;Ausländer;männlich;463
2003;2. Quartal;Zuzug;Ausland;Ausländer;weiblich;303
2003;2. Quartal;Zuzug;Alte Bundesländer (mit Berlin);Deutsche;männlich;439
2003;2. Quartal;Zuzug;Alte Bundesländer (mit Berlin);Deutsche;weiblich;374
2003;2. Quartal;Zuzug;Alte Bundesländer (mit Berlin);Ausländer;männlich;81
2003;2. Quartal;Zuzug;Alte Bundesländer (mit Berlin);Ausländer;weiblich;45
2003;2. Quartal;Zuzug;Neue Bundesländer (ohne Sachsen);Deutsche;männlich;258
2003;2. Quartal;Zuzug;Neue Bundesländer (ohne Sachsen);Deutsche;weiblich;246
2003;2. Quartal;Zuzug;Neue Bundesländer (ohne Sachsen);Ausländer;männlich;31
2003;2. Quartal;Zuzug;Neue Bundesländer (ohne Sachsen);Ausländer;weiblich;25
2003;2. Quartal;Zuzug;Sachsen (ohne Umland Dresden);Deutsche;männlich;314
2003;2. Quartal;Zuzug;Sachsen (ohne Umland Dresden);Deutsche;weiblich;295
2003;2. Quartal;Zuzug;Sachsen (ohne Umland Dresden);Ausländer;männlich;62
2003;2. Quartal;Zuzug;Sachsen (ohne Umland Dresden);Ausländer;weiblich;55
2003;2. Quartal;Zuzug;Umland Dresden;Deutsche;männlich;570
2003;2. Quartal;Zuzug;Umland Dresden;Deutsche;weiblich;598
2003;2. Quartal;Zuzug;Umland Dresden;Ausländer;männlich;53
2003;2. Quartal;Zuzug;Umland Dresden;Ausländer;weiblich;30
2003;2. Quartal;Fortzug;unbekannt;Deutsche;männlich;163
2003;2. Quartal;Fortzug;unbekannt;Deutsche;weiblich;60
2003;2. Quartal;Fortzug;unbekannt;Ausländer;männlich;173
2003;2. Quartal;Fortzug;unbekannt;Ausländer;weiblich;58
2003;2. Quartal;Fortzug;Ausland;Deutsche;männlich;63
2003;2. Quartal;Fortzug;Ausland;Deutsche;weiblich;49
2003;2. Quartal;Fortzug;Ausland;Ausländer;männlich;175
2003;2. Quartal;Fortzug;Ausland;Ausländer;weiblich;116
2003;2. Quartal;Fortzug;Alte Bundesländer (mit Berlin);Deutsche;männlich;509
2003;2. Quartal;Fortzug;Alte Bundesländer (mit Berlin);Deutsche;weiblich;492
2003;2. Quartal;Fortzug;Alte Bundesländer (mit Berlin);Ausländer;männlich;86
2003;2. Quartal;Fortzug;Alte Bundesländer (mit Berlin);Ausländer;weiblich;58
2003;2. Quartal;Fortzug;Neue Bundesländer (ohne Sachsen);Deutsche;männlich;211
2003;2. Quartal;Fortzug;Neue Bundesländer (ohne Sachsen);Deutsche;weiblich;188
2003;2. Quartal;Fortzug;Neue Bundesländer (ohne Sachsen);Ausländer;männlich;24
2003;2. Quartal;Fortzug;Neue Bundesländer (ohne Sachsen);Ausländer;weiblich;19
2003;2. Quartal;Fortzug;Sachsen (ohne Umland Dresden);Deutsche;männlich;188
2003;2. Quartal;Fortzug;Sachsen (ohne Umland Dresden);Deutsche;weiblich;162
2003;2. Quartal;Fortzug;Sachsen (ohne Umland Dresden);Ausländer;männlich;21
2003;2. Quartal;Fortzug;Sachsen (ohne Umland Dresden);Ausländer;weiblich;14
2003;2. Quartal;Fortzug;Umland Dresden;Deutsche;männlich;546
2003;2. Quartal;Fortzug;Umland Dresden;Deutsche;weiblich;539
2003;2. Quartal;Fortzug;Umland Dresden;Ausländer;männlich;14
2003;2. Quartal;Fortzug;Umland Dresden;Ausländer;weiblich;12
2003;2. Quartal;Umzug;Innerhalb Dresdens;Deutsche;männlich;5116
2003;2. Quartal;Umzug;Innerhalb Dresdens;Deutsche;weiblich;5220
2003;2. Quartal;Umzug;Innerhalb Dresdens;Ausländer;männlich;579
2003;2. Quartal;Umzug;Innerhalb Dresdens;Ausländer;weiblich;376
2003;3. Quartal;Zuzug;unbekannt;Deutsche;männlich;47
2003;3. Quartal;Zuzug;unbekannt;Deutsche;weiblich;13
2003;3. Quartal;Zuzug;unbekannt;Ausländer;männlich;9
2003;3. Quartal;Zuzug;unbekannt;Ausländer;weiblich;6
2003;3. Quartal;Zuzug;Ausland;Deutsche;männlich;65
2003;3. Quartal;Zuzug;Ausland;Deutsche;weiblich;43
2003;3. Quartal;Zuzug;Ausland;Ausländer;männlich;609
2003;3. Quartal;Zuzug;Ausland;Ausländer;weiblich;508
2003;3. Quartal;Zuzug;Alte Bundesländer (mit Berlin);Deutsche;männlich;636
2003;3. Quartal;Zuzug;Alte Bundesländer (mit Berlin);Deutsche;weiblich;534
2003;3. Quartal;Zuzug;Alte Bundesländer (mit Berlin);Ausländer;männlich;95
2003;3. Quartal;Zuzug;Alte Bundesländer (mit Berlin);Ausländer;weiblich;49
2003;3. Quartal;Zuzug;Neue Bundesländer (ohne Sachsen);Deutsche;männlich;406
2003;3. Quartal;Zuzug;Neue Bundesländer (ohne Sachsen);Deutsche;weiblich;454
2003;3. Quartal;Zuzug;Neue Bundesländer (ohne Sachsen);Ausländer;männlich;29
2003;3. Quartal;Zuzug;Neue Bundesländer (ohne Sachsen);Ausländer;weiblich;20
2003;3. Quartal;Zuzug;Sachsen (ohne Umland Dresden);Deutsche;männlich;429
2003;3. Quartal;Zuzug;Sachsen (ohne Umland Dresden);Deutsche;weiblich;496
2003;3. Quartal;Zuzug;Sachsen (ohne Umland Dresden);Ausländer;männlich;30
2003;3. Quartal;Zuzug;Sachsen (ohne Umland Dresden);Ausländer;weiblich;24
2003;3. Quartal;Zuzug;Umland Dresden;Deutsche;männlich;791
2003;3. Quartal;Zuzug;Umland Dresden;Deutsche;weiblich;826
2003;3. Quartal;Zuzug;Umland Dresden;Ausländer;männlich;33
2003;3. Quartal;Zuzug;Umland Dresden;Ausländer;weiblich;37
2003;3. Quartal;Fortzug;unbekannt;Deutsche;männlich;227
2003;3. Quartal;Fortzug;unbekannt;Deutsche;weiblich;59
2003;3. Quartal;Fortzug;unbekannt;Ausländer;männlich;159
2003;3. Quartal;Fortzug;unbekannt;Ausländer;weiblich;62
2003;3. Quartal;Fortzug;Ausland;Deutsche;männlich;68
2003;3. Quartal;Fortzug;Ausland;Deutsche;weiblich;82
2003;3. Quartal;Fortzug;Ausland;Ausländer;männlich;228
2003;3. Quartal;Fortzug;Ausland;Ausländer;weiblich;230
2003;3. Quartal;Fortzug;Alte Bundesländer (mit Berlin);Deutsche;männlich;676
2003;3. Quartal;Fortzug;Alte Bundesländer (mit Berlin);Deutsche;weiblich;781
2003;3. Quartal;Fortzug;Alte Bundesländer (mit Berlin);Ausländer;männlich;126
2003;3. Quartal;Fortzug;Alte Bundesländer (mit Berlin);Ausländer;weiblich;83
2003;3. Quartal;Fortzug;Neue Bundesländer (ohne Sachsen);Deutsche;männlich;266
2003;3. Quartal;Fortzug;Neue Bundesländer (ohne Sachsen);Deutsche;weiblich;301
2003;3. Quartal;Fortzug;Neue Bundesländer (ohne Sachsen);Ausländer;männlich;28
2003;3. Quartal;Fortzug;Neue Bundesländer (ohne Sachsen);Ausländer;weiblich;25
2003;3. Quartal;Fortzug;Sachsen (ohne Umland Dresden);Deutsche;männlich;250
2003;3. Quartal;Fortzug;Sachsen (ohne Umland Dresden);Deutsche;weiblich;280
2003;3. Quartal;Fortzug;Sachsen (ohne Umland Dresden);Ausländer;männlich;33
2003;3. Quartal;Fortzug;Sachsen (ohne Umland Dresden);Ausländer;weiblich;30
2003;3. Quartal;Fortzug;Umland Dresden;Deutsche;männlich;687
2003;3. Quartal;Fortzug;Umland Dresden;Deutsche;weiblich;754
2003;3. Quartal;Fortzug;Umland Dresden;Ausländer;männlich;15
2003;3. Quartal;Fortzug;Umland Dresden;Ausländer;weiblich;11
2003;3. Quartal;Umzug;Innerhalb Dresdens;Deutsche;männlich;5320
2003;3. Quartal;Umzug;Innerhalb Dresdens;Deutsche;weiblich;5440
2003;3. Quartal;Umzug;Innerhalb Dresdens;Ausländer;männlich;555
2003;3. Quartal;Umzug;Innerhalb Dresdens;Ausländer;weiblich;427
2003;4. Quartal;Zuzug;unbekannt;Deutsche;männlich;57
2003;4. Quartal;Zuzug;unbekannt;Deutsche;weiblich;12
2003;4. Quartal;Zuzug;unbekannt;Ausländer;männlich;2
2003;4. Quartal;Zuzug;unbekannt;Ausländer;weiblich;0
2003;4. Quartal;Zuzug;Ausland;Deutsche;männlich;58
2003;4. Quartal;Zuzug;Ausland;Deutsche;weiblich;34
2003;4. Quartal;Zuzug;Ausland;Ausländer;männlich;519
2003;4. Quartal;Zuzug;Ausland;Ausländer;weiblich;524
2003;4. Quartal;Zuzug;Alte Bundesländer (mit Berlin);Deutsche;männlich;700
2003;4. Quartal;Zuzug;Alte Bundesländer (mit Berlin);Deutsche;weiblich;611
2003;4. Quartal;Zuzug;Alte Bundesländer (mit Berlin);Ausländer;männlich;75
2003;4. Quartal;Zuzug;Alte Bundesländer (mit Berlin);Ausländer;weiblich;64
2003;4. Quartal;Zuzug;Neue Bundesländer (ohne Sachsen);Deutsche;männlich;494
2003;4. Quartal;Zuzug;Neue Bundesländer (ohne Sachsen);Deutsche;weiblich;458
2003;4. Quartal;Zuzug;Neue Bundesländer (ohne Sachsen);Ausländer;männlich;37
2003;4. Quartal;Zuzug;Neue Bundesländer (ohne Sachsen);Ausländer;weiblich;30
2003;4. Quartal;Zuzug;Sachsen (ohne Umland Dresden);Deutsche;männlich;502
2003;4. Quartal;Zuzug;Sachsen (ohne Umland Dresden);Deutsche;weiblich;499
2003;4. Quartal;Zuzug;Sachsen (ohne Umland Dresden);Ausländer;männlich;33
2003;4. Quartal;Zuzug;Sachsen (ohne Umland Dresden);Ausländer;weiblich;28
2003;4. Quartal;Zuzug;Umland Dresden;Deutsche;männlich;739
2003;4. Quartal;Zuzug;Umland Dresden;Deutsche;weiblich;787
2003;4. Quartal;Zuzug;Umland Dresden;Ausländer;männlich;25
2003;4. Quartal;Zuzug;Umland Dresden;Ausländer;weiblich;25
2003;4. Quartal;Fortzug;unbekannt;Deutsche;männlich;173
2003;4. Quartal;Fortzug;unbekannt;Deutsche;weiblich;66
2003;4. Quartal;Fortzug;unbekannt;Ausländer;männlich;135
2003;4. Quartal;Fortzug;unbekannt;Ausländer;weiblich;44
2003;4. Quartal;Fortzug;Ausland;Deutsche;männlich;66
2003;4. Quartal;Fortzug;Ausland;Deutsche;weiblich;51
2003;4. Quartal;Fortzug;Ausland;Ausländer;männlich;255
2003;4. Quartal;Fortzug;Ausland;Ausländer;weiblich;93
2003;4. Quartal;Fortzug;Alte Bundesländer (mit Berlin);Deutsche;männlich;561
2003;4. Quartal;Fortzug;Alte Bundesländer (mit Berlin);Deutsche;weiblich;589
2003;4. Quartal;Fortzug;Alte Bundesländer (mit Berlin);Ausländer;männlich;139
2003;4. Quartal;Fortzug;Alte Bundesländer (mit Berlin);Ausländer;weiblich;94
2003;4. Quartal;Fortzug;Neue Bundesländer (ohne Sachsen);Deutsche;männlich;246
2003;4. Quartal;Fortzug;Neue Bundesländer (ohne Sachsen);Deutsche;weiblich;284
2003;4. Quartal;Fortzug;Neue Bundesländer (ohne Sachsen);Ausländer;männlich;36
2003;4. Quartal;Fortzug;Neue Bundesländer (ohne Sachsen);Ausländer;weiblich;20
2003;4. Quartal;Fortzug;Sachsen (ohne Umland Dresden);Deutsche;männlich;214
2003;4. Quartal;Fortzug;Sachsen (ohne Umland Dresden);Deutsche;weiblich;211
2003;4. Quartal;Fortzug;Sachsen (ohne Umland Dresden);Ausländer;männlich;28
2003;4. Quartal;Fortzug;Sachsen (ohne Umland Dresden);Ausländer;weiblich;14
2003;4. Quartal;Fortzug;Umland Dresden;Deutsche;männlich;793
2003;4. Quartal;Fortzug;Umland Dresden;Deutsche;weiblich;750
2003;4. Quartal;Fortzug;Umland Dresden;Ausländer;männlich;27
2003;4. Quartal;Fortzug;Umland Dresden;Ausländer;weiblich;15
2003;4. Quartal;Umzug;Innerhalb Dresdens;Deutsche;männlich;5733
2003;4. Quartal;Umzug;Innerhalb Dresdens;Deutsche;weiblich;5774
2003;4. Quartal;Umzug;Innerhalb Dresdens;Ausländer;männlich;650
2003;4. Quartal;Umzug;Innerhalb Dresdens;Ausländer;weiblich;507
2004;1. Quartal;Zuzug;unbekannt;Deutsche;männlich;56
2004;1. Quartal;Zuzug;unbekannt;Deutsche;weiblich;7
2004;1. Quartal;Zuzug;unbekannt;Ausländer;männlich;6
2004;1. Quartal;Zuzug;unbekannt;Ausländer;weiblich;1
2004;1. Quartal;Zuzug;Ausland;Deutsche;männlich;61
2004;1. Quartal;Zuzug;Ausland;Deutsche;weiblich;19
2004;1. Quartal;Zuzug;Ausland;Ausländer;männlich;388
2004;1. Quartal;Zuzug;Ausland;Ausländer;weiblich;332
2004;1. Quartal;Zuzug;Alte Bundesländer (mit Berlin);Deutsche;männlich;489
2004;1. Quartal;Zuzug;Alte Bundesländer (mit Berlin);Deutsche;weiblich;392
2004;1. Quartal;Zuzug;Alte Bundesländer (mit Berlin);Ausländer;männlich;56
2004;1. Quartal;Zuzug;Alte Bundesländer (mit Berlin);Ausländer;weiblich;42
2004;1. Quartal;Zuzug;Neue Bundesländer (ohne Sachsen);Deutsche;männlich;316
2004;1. Quartal;Zuzug;Neue Bundesländer (ohne Sachsen);Deutsche;weiblich;298
2004;1. Quartal;Zuzug;Neue Bundesländer (ohne Sachsen);Ausländer;männlich;24
2004;1. Quartal;Zuzug;Neue Bundesländer (ohne Sachsen);Ausländer;weiblich;33
2004;1. Quartal;Zuzug;Sachsen (ohne Umland Dresden);Deutsche;männlich;355
2004;1. Quartal;Zuzug;Sachsen (ohne Umland Dresden);Deutsche;weiblich;310
2004;1. Quartal;Zuzug;Sachsen (ohne Umland Dresden);Ausländer;männlich;30
2004;1. Quartal;Zuzug;Sachsen (ohne Umland Dresden);Ausländer;weiblich;25
2004;1. Quartal;Zuzug;Umland Dresden;Deutsche;männlich;615
2004;1. Quartal;Zuzug;Umland Dresden;Deutsche;weiblich;598
2004;1. Quartal;Zuzug;Umland Dresden;Ausländer;männlich;38
2004;1. Quartal;Zuzug;Umland Dresden;Ausländer;weiblich;22
2004;1. Quartal;Fortzug;unbekannt;Deutsche;männlich;277
2004;1. Quartal;Fortzug;unbekannt;Deutsche;weiblich;74
2004;1. Quartal;Fortzug;unbekannt;Ausländer;männlich;280
2004;1. Quartal;Fortzug;unbekannt;Ausländer;weiblich;121
2004;1. Quartal;Fortzug;Ausland;Deutsche;männlich;72
2004;1. Quartal;Fortzug;Ausland;Deutsche;weiblich;53
2004;1. Quartal;Fortzug;Ausland;Ausländer;männlich;206
2004;1. Quartal;Fortzug;Ausland;Ausländer;weiblich;153
2004;1. Quartal;Fortzug;Alte Bundesländer (mit Berlin);Deutsche;männlich;539
2004;1. Quartal;Fortzug;Alte Bundesländer (mit Berlin);Deutsche;weiblich;519
2004;1. Quartal;Fortzug;Alte Bundesländer (mit Berlin);Ausländer;männlich;114
2004;1. Quartal;Fortzug;Alte Bundesländer (mit Berlin);Ausländer;weiblich;56
2004;1. Quartal;Fortzug;Neue Bundesländer (ohne Sachsen);Deutsche;männlich;245
2004;1. Quartal;Fortzug;Neue Bundesländer (ohne Sachsen);Deutsche;weiblich;244
2004;1. Quartal;Fortzug;Neue Bundesländer (ohne Sachsen);Ausländer;männlich;21
2004;1. Quartal;Fortzug;Neue Bundesländer (ohne Sachsen);Ausländer;weiblich;21
2004;1. Quartal;Fortzug;Sachsen (ohne Umland Dresden);Deutsche;männlich;226
2004;1. Quartal;Fortzug;Sachsen (ohne Umland Dresden);Deutsche;weiblich;207
2004;1. Quartal;Fortzug;Sachsen (ohne Umland Dresden);Ausländer;männlich;14
2004;1. Quartal;Fortzug;Sachsen (ohne Umland Dresden);Ausländer;weiblich;14
2004;1. Quartal;Fortzug;Umland Dresden;Deutsche;männlich;592
2004;1. Quartal;Fortzug;Umland Dresden;Deutsche;weiblich;635
2004;1. Quartal;Fortzug;Umland Dresden;Ausländer;männlich;18
2004;1. Quartal;Fortzug;Umland Dresden;Ausländer;weiblich;10
2004;1. Quartal;Umzug;Innerhalb Dresdens;Deutsche;männlich;5284
2004;1. Quartal;Umzug;Innerhalb Dresdens;Deutsche;weiblich;5028
2004;1. Quartal;Umzug;Innerhalb Dresdens;Ausländer;männlich;530
2004;1. Quartal;Umzug;Innerhalb Dresdens;Ausländer;weiblich;406
2004;2. Quartal;Zuzug;unbekannt;Deutsche;männlich;27
2004;2. Quartal;Zuzug;unbekannt;Deutsche;weiblich;8
2004;2. Quartal;Zuzug;unbekannt;Ausländer;männlich;16
2004;2. Quartal;Zuzug;unbekannt;Ausländer;weiblich;2
2004;2. Quartal;Zuzug;Ausland;Deutsche;männlich;57
2004;2. Quartal;Zuzug;Ausland;Deutsche;weiblich;29
2004;2. Quartal;Zuzug;Ausland;Ausländer;männlich;345
2004;2. Quartal;Zuzug;Ausland;Ausländer;weiblich;281
2004;2. Quartal;Zuzug;Alte Bundesländer (mit Berlin);Deutsche;männlich;465
2004;2. Quartal;Zuzug;Alte Bundesländer (mit Berlin);Deutsche;weiblich;411
2004;2. Quartal;Zuzug;Alte Bundesländer (mit Berlin);Ausländer;männlich;112
2004;2. Quartal;Zuzug;Alte Bundesländer (mit Berlin);Ausländer;weiblich;44
2004;2. Quartal;Zuzug;Neue Bundesländer (ohne Sachsen);Deutsche;männlich;312
2004;2. Quartal;Zuzug;Neue Bundesländer (ohne Sachsen);Deutsche;weiblich;325
2004;2. Quartal;Zuzug;Neue Bundesländer (ohne Sachsen);Ausländer;männlich;29
2004;2. Quartal;Zuzug;Neue Bundesländer (ohne Sachsen);Ausländer;weiblich;22
2004;2. Quartal;Zuzug;Sachsen (ohne Umland Dresden);Deutsche;männlich;349
2004;2. Quartal;Zuzug;Sachsen (ohne Umland Dresden);Deutsche;weiblich;309
2004;2. Quartal;Zuzug;Sachsen (ohne Umland Dresden);Ausländer;männlich;24
2004;2. Quartal;Zuzug;Sachsen (ohne Umland Dresden);Ausländer;weiblich;15
2004;2. Quartal;Zuzug;Umland Dresden;Deutsche;männlich;598
2004;2. Quartal;Zuzug;Umland Dresden;Deutsche;weiblich;593
2004;2. Quartal;Zuzug;Umland Dresden;Ausländer;männlich;32
2004;2. Quartal;Zuzug;Umland Dresden;Ausländer;weiblich;31
2004;2. Quartal;Fortzug;unbekannt;Deutsche;männlich;126
2004;2. Quartal;Fortzug;unbekannt;Deutsche;weiblich;49
2004;2. Quartal;Fortzug;unbekannt;Ausländer;männlich;205
2004;2. Quartal;Fortzug;unbekannt;Ausländer;weiblich;86
2004;2. Quartal;Fortzug;Ausland;Deutsche;männlich;67
2004;2. Quartal;Fortzug;Ausland;Deutsche;weiblich;39
2004;2. Quartal;Fortzug;Ausland;Ausländer;männlich;149
2004;2. Quartal;Fortzug;Ausland;Ausländer;weiblich;102
2004;2. Quartal;Fortzug;Alte Bundesländer (mit Berlin);Deutsche;männlich;440
2004;2. Quartal;Fortzug;Alte Bundesländer (mit Berlin);Deutsche;weiblich;465
2004;2. Quartal;Fortzug;Alte Bundesländer (mit Berlin);Ausländer;männlich;98
2004;2. Quartal;Fortzug;Alte Bundesländer (mit Berlin);Ausländer;weiblich;46
2004;2. Quartal;Fortzug;Neue Bundesländer (ohne Sachsen);Deutsche;männlich;158
2004;2. Quartal;Fortzug;Neue Bundesländer (ohne Sachsen);Deutsche;weiblich;179
2004;2. Quartal;Fortzug;Neue Bundesländer (ohne Sachsen);Ausländer;männlich;34
2004;2. Quartal;Fortzug;Neue Bundesländer (ohne Sachsen);Ausländer;weiblich;24
2004;2. Quartal;Fortzug;Sachsen (ohne Umland Dresden);Deutsche;männlich;176
2004;2. Quartal;Fortzug;Sachsen (ohne Umland Dresden);Deutsche;weiblich;178
2004;2. Quartal;Fortzug;Sachsen (ohne Umland Dresden);Ausländer;männlich;17
2004;2. Quartal;Fortzug;Sachsen (ohne Umland Dresden);Ausländer;weiblich;15
2004;2. Quartal;Fortzug;Umland Dresden;Deutsche;männlich;528
2004;2. Quartal;Fortzug;Umland Dresden;Deutsche;weiblich;553
2004;2. Quartal;Fortzug;Umland Dresden;Ausländer;männlich;16
2004;2. Quartal;Fortzug;Umland Dresden;Ausländer;weiblich;10
2004;2. Quartal;Umzug;Innerhalb Dresdens;Deutsche;männlich;5105
2004;2. Quartal;Umzug;Innerhalb Dresdens;Deutsche;weiblich;4915
2004;2. Quartal;Umzug;Innerhalb Dresdens;Ausländer;männlich;617
2004;2. Quartal;Umzug;Innerhalb Dresdens;Ausländer;weiblich;445
2004;3. Quartal;Zuzug;unbekannt;Deutsche;männlich;31
2004;3. Quartal;Zuzug;unbekannt;Deutsche;weiblich;11
2004;3. Quartal;Zuzug;unbekannt;Ausländer;männlich;39
2004;3. Quartal;Zuzug;unbekannt;Ausländer;weiblich;12
2004;3. Quartal;Zuzug;Ausland;Deutsche;männlich;71
2004;3. Quartal;Zuzug;Ausland;Deutsche;weiblich;56
2004;3. Quartal;Zuzug;Ausland;Ausländer;männlich;626
2004;3. Quartal;Zuzug;Ausland;Ausländer;weiblich;506
2004;3. Quartal;Zuzug;Alte Bundesländer (mit Berlin);Deutsche;männlich;650
2004;3. Quartal;Zuzug;Alte Bundesländer (mit Berlin);Deutsche;weiblich;562
2004;3. Quartal;Zuzug;Alte Bundesländer (mit Berlin);Ausländer;männlich;91
2004;3. Quartal;Zuzug;Alte Bundesländer (mit Berlin);Ausländer;weiblich;59
2004;3. Quartal;Zuzug;Neue Bundesländer (ohne Sachsen);Deutsche;männlich;449
2004;3. Quartal;Zuzug;Neue Bundesländer (ohne Sachsen);Deutsche;weiblich;466
2004;3. Quartal;Zuzug;Neue Bundesländer (ohne Sachsen);Ausländer;männlich;47
2004;3. Quartal;Zuzug;Neue Bundesländer (ohne Sachsen);Ausländer;weiblich;28
2004;3. Quartal;Zuzug;Sachsen (ohne Umland Dresden);Deutsche;männlich;518
2004;3. Quartal;Zuzug;Sachsen (ohne Umland Dresden);Deutsche;weiblich;549
2004;3. Quartal;Zuzug;Sachsen (ohne Umland Dresden);Ausländer;männlich;35
2004;3. Quartal;Zuzug;Sachsen (ohne Umland Dresden);Ausländer;weiblich;24
2004;3. Quartal;Zuzug;Umland Dresden;Deutsche;männlich;774
2004;3. Quartal;Zuzug;Umland Dresden;Deutsche;weiblich;859
2004;3. Quartal;Zuzug;Umland Dresden;Ausländer;männlich;33
2004;3. Quartal;Zuzug;Umland Dresden;Ausländer;weiblich;25
2004;3. Quartal;Fortzug;unbekannt;Deutsche;männlich;303
2004;3. Quartal;Fortzug;unbekannt;Deutsche;weiblich;85
2004;3. Quartal;Fortzug;unbekannt;Ausländer;männlich;260
2004;3. Quartal;Fortzug;unbekannt;Ausländer;weiblich;143
2004;3. Quartal;Fortzug;Ausland;Deutsche;männlich;77
2004;3. Quartal;Fortzug;Ausland;Deutsche;weiblich;65
2004;3. Quartal;Fortzug;Ausland;Ausländer;männlich;239
2004;3. Quartal;Fortzug;Ausland;Ausländer;weiblich;230
2004;3. Quartal;Fortzug;Alte Bundesländer (mit Berlin);Deutsche;männlich;685
2004;3. Quartal;Fortzug;Alte Bundesländer (mit Berlin);Deutsche;weiblich;724
2004;3. Quartal;Fortzug;Alte Bundesländer (mit Berlin);Ausländer;männlich;116
2004;3. Quartal;Fortzug;Alte Bundesländer (mit Berlin);Ausländer;weiblich;65
2004;3. Quartal;Fortzug;Neue Bundesländer (ohne Sachsen);Deutsche;männlich;272
2004;3. Quartal;Fortzug;Neue Bundesländer (ohne Sachsen);Deutsche;weiblich;314
2004;3. Quartal;Fortzug;Neue Bundesländer (ohne Sachsen);Ausländer;männlich;21
2004;3. Quartal;Fortzug;Neue Bundesländer (ohne Sachsen);Ausländer;weiblich;28
2004;3. Quartal;Fortzug;Sachsen (ohne Umland Dresden);Deutsche;männlich;259
2004;3. Quartal;Fortzug;Sachsen (ohne Umland Dresden);Deutsche;weiblich;259
2004;3. Quartal;Fortzug;Sachsen (ohne Umland Dresden);Ausländer;männlich;20
2004;3. Quartal;Fortzug;Sachsen (ohne Umland Dresden);Ausländer;weiblich;18
2004;3. Quartal;Fortzug;Umland Dresden;Deutsche;männlich;688
2004;3. Quartal;Fortzug;Umland Dresden;Deutsche;weiblich;750
2004;3. Quartal;Fortzug;Umland Dresden;Ausländer;männlich;30
2004;3. Quartal;Fortzug;Umland Dresden;Ausländer;weiblich;9
2004;3. Quartal;Umzug;Innerhalb Dresdens;Deutsche;männlich;5528
2004;3. Quartal;Umzug;Innerhalb Dresdens;Deutsche;weiblich;5545
2004;3. Quartal;Umzug;Innerhalb Dresdens;Ausländer;männlich;556
2004;3. Quartal;Umzug;Innerhalb Dresdens;Ausländer;weiblich;377
2004;4. Quartal;Zuzug;unbekannt;Deutsche;männlich;23
2004;4. Quartal;Zuzug;unbekannt;Deutsche;weiblich;5
2004;4. Quartal;Zuzug;unbekannt;Ausländer;männlich;24
2004;4. Quartal;Zuzug;unbekannt;Ausländer;weiblich;5
2004;4. Quartal;Zuzug;Ausland;Deutsche;männlich;69
2004;4. Quartal;Zuzug;Ausland;Deutsche;weiblich;32
2004;4. Quartal;Zuzug;Ausland;Ausländer;männlich;630
2004;4. Quartal;Zuzug;Ausland;Ausländer;weiblich;516
2004;4. Quartal;Zuzug;Alte Bundesländer (mit Berlin);Deutsche;männlich;626
2004;4. Quartal;Zuzug;Alte Bundesländer (mit Berlin);Deutsche;weiblich;560
2004;4. Quartal;Zuzug;Alte Bundesländer (mit Berlin);Ausländer;männlich;80
2004;4. Quartal;Zuzug;Alte Bundesländer (mit Berlin);Ausländer;weiblich;71
2004;4. Quartal;Zuzug;Neue Bundesländer (ohne Sachsen);Deutsche;männlich;591
2004;4. Quartal;Zuzug;Neue Bundesländer (ohne Sachsen);Deutsche;weiblich;524
2004;4. Quartal;Zuzug;Neue Bundesländer (ohne Sachsen);Ausländer;männlich;46
2004;4. Quartal;Zuzug;Neue Bundesländer (ohne Sachsen);Ausländer;weiblich;44
2004;4. Quartal;Zuzug;Sachsen (ohne Umland Dresden);Deutsche;männlich;560
2004;4. Quartal;Zuzug;Sachsen (ohne Umland Dresden);Deutsche;weiblich;515
2004;4. Quartal;Zuzug;Sachsen (ohne Umland Dresden);Ausländer;männlich;32
2004;4. Quartal;Zuzug;Sachsen (ohne Umland Dresden);Ausländer;weiblich;19
2004;4. Quartal;Zuzug;Umland Dresden;Deutsche;männlich;790
2004;4. Quartal;Zuzug;Umland Dresden;Deutsche;weiblich;734
2004;4. Quartal;Zuzug;Umland Dresden;Ausländer;männlich;34
2004;4. Quartal;Zuzug;Umland Dresden;Ausländer;weiblich;22
2004;4. Quartal;Fortzug;unbekannt;Deutsche;männlich;212
2004;4. Quartal;Fortzug;unbekannt;Deutsche;weiblich;64
2004;4. Quartal;Fortzug;unbekannt;Ausländer;männlich;357
2004;4. Quartal;Fortzug;unbekannt;Ausländer;weiblich;211
2004;4. Quartal;Fortzug;Ausland;Deutsche;männlich;73
2004;4. Quartal;Fortzug;Ausland;Deutsche;weiblich;62
2004;4. Quartal;Fortzug;Ausland;Ausländer;männlich;255
2004;4. Quartal;Fortzug;Ausland;Ausländer;weiblich;116
2004;4. Quartal;Fortzug;Alte Bundesländer (mit Berlin);Deutsche;männlich;602
2004;4. Quartal;Fortzug;Alte Bundesländer (mit Berlin);Deutsche;weiblich;616
2004;4. Quartal;Fortzug;Alte Bundesländer (mit Berlin);Ausländer;männlich;144
2004;4. Quartal;Fortzug;Alte Bundesländer (mit Berlin);Ausländer;weiblich;79
2004;4. Quartal;Fortzug;Neue Bundesländer (ohne Sachsen);Deutsche;männlich;266
2004;4. Quartal;Fortzug;Neue Bundesländer (ohne Sachsen);Deutsche;weiblich;329
2004;4. Quartal;Fortzug;Neue Bundesländer (ohne Sachsen);Ausländer;männlich;53
2004;4. Quartal;Fortzug;Neue Bundesländer (ohne Sachsen);Ausländer;weiblich;36
2004;4. Quartal;Fortzug;Sachsen (ohne Umland Dresden);Deutsche;männlich;273
2004;4. Quartal;Fortzug;Sachsen (ohne Umland Dresden);Deutsche;weiblich;244
2004;4. Quartal;Fortzug;Sachsen (ohne Umland Dresden);Ausländer;männlich;19
2004;4. Quartal;Fortzug;Sachsen (ohne Umland Dresden);Ausländer;weiblich;13
2004;4. Quartal;Fortzug;Umland Dresden;Deutsche;männlich;790
2004;4. Quartal;Fortzug;Umland Dresden;Deutsche;weiblich;773
2004;4. Quartal;Fortzug;Umland Dresden;Ausländer;männlich;25
2004;4. Quartal;Fortzug;Umland Dresden;Ausländer;weiblich;25
2004;4. Quartal;Umzug;Innerhalb Dresdens;Deutsche;männlich;6136
2004;4. Quartal;Umzug;Innerhalb Dresdens;Deutsche;weiblich;5765
2004;4. Quartal;Umzug;Innerhalb Dresdens;Ausländer;männlich;666
2004;4. Quartal;Umzug;Innerhalb Dresdens;Ausländer;weiblich;482
2005;1. Quartal;Zuzug;unbekannt;Deutsche;männlich;27
2005;1. Quartal;Zuzug;unbekannt;Deutsche;weiblich;5
2005;1. Quartal;Zuzug;unbekannt;Ausländer;männlich;12
2005;1. Quartal;Zuzug;unbekannt;Ausländer;weiblich;4
2005;1. Quartal;Zuzug;Ausland;Deutsche;männlich;46
2005;1. Quartal;Zuzug;Ausland;Deutsche;weiblich;21
2005;1. Quartal;Zuzug;Ausland;Ausländer;männlich;440
2005;1. Quartal;Zuzug;Ausland;Ausländer;weiblich;343
2005;1. Quartal;Zuzug;Alte Bundesländer (mit Berlin);Deutsche;männlich;444
2005;1. Quartal;Zuzug;Alte Bundesländer (mit Berlin);Deutsche;weiblich;407
2005;1. Quartal;Zuzug;Alte Bundesländer (mit Berlin);Ausländer;männlich;65
2005;1. Quartal;Zuzug;Alte Bundesländer (mit Berlin);Ausländer;weiblich;33
2005;1. Quartal;Zuzug;Neue Bundesländer (ohne Sachsen);Deutsche;männlich;375
2005;1. Quartal;Zuzug;Neue Bundesländer (ohne Sachsen);Deutsche;weiblich;337
2005;1. Quartal;Zuzug;Neue Bundesländer (ohne Sachsen);Ausländer;männlich;25
2005;1. Quartal;Zuzug;Neue Bundesländer (ohne Sachsen);Ausländer;weiblich;23
2005;1. Quartal;Zuzug;Sachsen (ohne Umland Dresden);Deutsche;männlich;397
2005;1. Quartal;Zuzug;Sachsen (ohne Umland Dresden);Deutsche;weiblich;397
2005;1. Quartal;Zuzug;Sachsen (ohne Umland Dresden);Ausländer;männlich;25
2005;1. Quartal;Zuzug;Sachsen (ohne Umland Dresden);Ausländer;weiblich;18
2005;1. Quartal;Zuzug;Umland Dresden;Deutsche;männlich;681
2005;1. Quartal;Zuzug;Umland Dresden;Deutsche;weiblich;676
2005;1. Quartal;Zuzug;Umland Dresden;Ausländer;männlich;38
2005;1. Quartal;Zuzug;Umland Dresden;Ausländer;weiblich;25
2005;1. Quartal;Fortzug;unbekannt;Deutsche;männlich;211
2005;1. Quartal;Fortzug;unbekannt;Deutsche;weiblich;74
2005;1. Quartal;Fortzug;unbekannt;Ausländer;männlich;185
2005;1. Quartal;Fortzug;unbekannt;Ausländer;weiblich;105
2005;1. Quartal;Fortzug;Ausland;Deutsche;männlich;60
2005;1. Quartal;Fortzug;Ausland;Deutsche;weiblich;60
2005;1. Quartal;Fortzug;Ausland;Ausländer;männlich;176
2005;1. Quartal;Fortzug;Ausland;Ausländer;weiblich;125
2005;1. Quartal;Fortzug;Alte Bundesländer (mit Berlin);Deutsche;männlich;519
2005;1. Quartal;Fortzug;Alte Bundesländer (mit Berlin);Deutsche;weiblich;469
2005;1. Quartal;Fortzug;Alte Bundesländer (mit Berlin);Ausländer;männlich;101
2005;1. Quartal;Fortzug;Alte Bundesländer (mit Berlin);Ausländer;weiblich;49
2005;1. Quartal;Fortzug;Neue Bundesländer (ohne Sachsen);Deutsche;männlich;228
2005;1. Quartal;Fortzug;Neue Bundesländer (ohne Sachsen);Deutsche;weiblich;236
2005;1. Quartal;Fortzug;Neue Bundesländer (ohne Sachsen);Ausländer;männlich;22
2005;1. Quartal;Fortzug;Neue Bundesländer (ohne Sachsen);Ausländer;weiblich;28
2005;1. Quartal;Fortzug;Sachsen (ohne Umland Dresden);Deutsche;männlich;238
2005;1. Quartal;Fortzug;Sachsen (ohne Umland Dresden);Deutsche;weiblich;180
2005;1. Quartal;Fortzug;Sachsen (ohne Umland Dresden);Ausländer;männlich;14
2005;1. Quartal;Fortzug;Sachsen (ohne Umland Dresden);Ausländer;weiblich;13
2005;1. Quartal;Fortzug;Umland Dresden;Deutsche;männlich;686
2005;1. Quartal;Fortzug;Umland Dresden;Deutsche;weiblich;607
2005;1. Quartal;Fortzug;Umland Dresden;Ausländer;männlich;20
2005;1. Quartal;Fortzug;Umland Dresden;Ausländer;weiblich;11
2005;1. Quartal;Umzug;Innerhalb Dresdens;Deutsche;männlich;4956
2005;1. Quartal;Umzug;Innerhalb Dresdens;Deutsche;weiblich;4705
2005;1. Quartal;Umzug;Innerhalb Dresdens;Ausländer;männlich;520
2005;1. Quartal;Umzug;Innerhalb Dresdens;Ausländer;weiblich;364
2005;2. Quartal;Zuzug;unbekannt;Deutsche;männlich;23
2005;2. Quartal;Zuzug;unbekannt;Deutsche;weiblich;11
2005;2. Quartal;Zuzug;unbekannt;Ausländer;männlich;17
2005;2. Quartal;Zuzug;unbekannt;Ausländer;weiblich;6
2005;2. Quartal;Zuzug;Ausland;Deutsche;männlich;58
2005;2. Quartal;Zuzug;Ausland;Deutsche;weiblich;33
2005;2. Quartal;Zuzug;Ausland;Ausländer;männlich;377
2005;2. Quartal;Zuzug;Ausland;Ausländer;weiblich;288
2005;2. Quartal;Zuzug;Alte Bundesländer (mit Berlin);Deutsche;männlich;502
2005;2. Quartal;Zuzug;Alte Bundesländer (mit Berlin);Deutsche;weiblich;415
2005;2. Quartal;Zuzug;Alte Bundesländer (mit Berlin);Ausländer;männlich;66
2005;2. Quartal;Zuzug;Alte Bundesländer (mit Berlin);Ausländer;weiblich;31
2005;2. Quartal;Zuzug;Neue Bundesländer (ohne Sachsen);Deutsche;männlich;359
2005;2. Quartal;Zuzug;Neue Bundesländer (ohne Sachsen);Deutsche;weiblich;385
2005;2. Quartal;Zuzug;Neue Bundesländer (ohne Sachsen);Ausländer;männlich;20
2005;2. Quartal;Zuzug;Neue Bundesländer (ohne Sachsen);Ausländer;weiblich;14
2005;2. Quartal;Zuzug;Sachsen (ohne Umland Dresden);Deutsche;männlich;366
2005;2. Quartal;Zuzug;Sachsen (ohne Umland Dresden);Deutsche;weiblich;375
2005;2. Quartal;Zuzug;Sachsen (ohne Umland Dresden);Ausländer;männlich;17
2005;2. Quartal;Zuzug;Sachsen (ohne Umland Dresden);Ausländer;weiblich;17
2005;2. Quartal;Zuzug;Umland Dresden;Deutsche;männlich;682
2005;2. Quartal;Zuzug;Umland Dresden;Deutsche;weiblich;665
2005;2. Quartal;Zuzug;Umland Dresden;Ausländer;männlich;27
2005;2. Quartal;Zuzug;Umland Dresden;Ausländer;weiblich;18
2005;2. Quartal;Fortzug;unbekannt;Deutsche;männlich;193
2005;2. Quartal;Fortzug;unbekannt;Deutsche;weiblich;70
2005;2. Quartal;Fortzug;unbekannt;Ausländer;männlich;210
2005;2. Quartal;Fortzug;unbekannt;Ausländer;weiblich;134
2005;2. Quartal;Fortzug;Ausland;Deutsche;männlich;68
2005;2. Quartal;Fortzug;Ausland;Deutsche;weiblich;58
2005;2. Quartal;Fortzug;Ausland;Ausländer;männlich;147
2005;2. Quartal;Fortzug;Ausland;Ausländer;weiblich;134
2005;2. Quartal;Fortzug;Alte Bundesländer (mit Berlin);Deutsche;männlich;459
2005;2. Quartal;Fortzug;Alte Bundesländer (mit Berlin);Deutsche;weiblich;434
2005;2. Quartal;Fortzug;Alte Bundesländer (mit Berlin);Ausländer;männlich;86
2005;2. Quartal;Fortzug;Alte Bundesländer (mit Berlin);Ausländer;weiblich;70
2005;2. Quartal;Fortzug;Neue Bundesländer (ohne Sachsen);Deutsche;männlich;229
2005;2. Quartal;Fortzug;Neue Bundesländer (ohne Sachsen);Deutsche;weiblich;216
2005;2. Quartal;Fortzug;Neue Bundesländer (ohne Sachsen);Ausländer;männlich;29
2005;2. Quartal;Fortzug;Neue Bundesländer (ohne Sachsen);Ausländer;weiblich;19
2005;2. Quartal;Fortzug;Sachsen (ohne Umland Dresden);Deutsche;männlich;178
2005;2. Quartal;Fortzug;Sachsen (ohne Umland Dresden);Deutsche;weiblich;179
2005;2. Quartal;Fortzug;Sachsen (ohne Umland Dresden);Ausländer;männlich;18
2005;2. Quartal;Fortzug;Sachsen (ohne Umland Dresden);Ausländer;weiblich;15
2005;2. Quartal;Fortzug;Umland Dresden;Deutsche;männlich;569
2005;2. Quartal;Fortzug;Umland Dresden;Deutsche;weiblich;559
2005;2. Quartal;Fortzug;Umland Dresden;Ausländer;männlich;13
2005;2. Quartal;Fortzug;Umland Dresden;Ausländer;weiblich;11
2005;2. Quartal;Umzug;Innerhalb Dresdens;Deutsche;männlich;5184
2005;2. Quartal;Umzug;Innerhalb Dresdens;Deutsche;weiblich;5302
2005;2. Quartal;Umzug;Innerhalb Dresdens;Ausländer;männlich;528
2005;2. Quartal;Umzug;Innerhalb Dresdens;Ausländer;weiblich;426
2005;3. Quartal;Zuzug;unbekannt;Deutsche;männlich;32
2005;3. Quartal;Zuzug;unbekannt;Deutsche;weiblich;8
2005;3. Quartal;Zuzug;unbekannt;Ausländer;männlich;16
2005;3. Quartal;Zuzug;unbekannt;Ausländer;weiblich;2
2005;3. Quartal;Zuzug;Ausland;Deutsche;männlich;64
2005;3. Quartal;Zuzug;Ausland;Deutsche;weiblich;50
2005;3. Quartal;Zuzug;Ausland;Ausländer;männlich;541
2005;3. Quartal;Zuzug;Ausland;Ausländer;weiblich;473
2005;3. Quartal;Zuzug;Alte Bundesländer (mit Berlin);Deutsche;männlich;622
2005;3. Quartal;Zuzug;Alte Bundesländer (mit Berlin);Deutsche;weiblich;582
2005;3. Quartal;Zuzug;Alte Bundesländer (mit Berlin);Ausländer;männlich;75
2005;3. Quartal;Zuzug;Alte Bundesländer (mit Berlin);Ausländer;weiblich;66
2005;3. Quartal;Zuzug;Neue Bundesländer (ohne Sachsen);Deutsche;männlich;530
2005;3. Quartal;Zuzug;Neue Bundesländer (ohne Sachsen);Deutsche;weiblich;544
2005;3. Quartal;Zuzug;Neue Bundesländer (ohne Sachsen);Ausländer;männlich;26
2005;3. Quartal;Zuzug;Neue Bundesländer (ohne Sachsen);Ausländer;weiblich;27
2005;3. Quartal;Zuzug;Sachsen (ohne Umland Dresden);Deutsche;männlich;631
2005;3. Quartal;Zuzug;Sachsen (ohne Umland Dresden);Deutsche;weiblich;655
2005;3. Quartal;Zuzug;Sachsen (ohne Umland Dresden);Ausländer;männlich;28
2005;3. Quartal;Zuzug;Sachsen (ohne Umland Dresden);Ausländer;weiblich;27
2005;3. Quartal;Zuzug;Umland Dresden;Deutsche;männlich;793
2005;3. Quartal;Zuzug;Umland Dresden;Deutsche;weiblich;887
2005;3. Quartal;Zuzug;Umland Dresden;Ausländer;männlich;44
2005;3. Quartal;Zuzug;Umland Dresden;Ausländer;weiblich;36
2005;3. Quartal;Fortzug;unbekannt;Deutsche;männlich;261
2005;3. Quartal;Fortzug;unbekannt;Deutsche;weiblich;114
2005;3. Quartal;Fortzug;unbekannt;Ausländer;männlich;228
2005;3. Quartal;Fortzug;unbekannt;Ausländer;weiblich;128
2005;3. Quartal;Fortzug;Ausland;Deutsche;männlich;98
2005;3. Quartal;Fortzug;Ausland;Deutsche;weiblich;75
2005;3. Quartal;Fortzug;Ausland;Ausländer;männlich;348
2005;3. Quartal;Fortzug;Ausland;Ausländer;weiblich;307
2005;3. Quartal;Fortzug;Alte Bundesländer (mit Berlin);Deutsche;männlich;639
2005;3. Quartal;Fortzug;Alte Bundesländer (mit Berlin);Deutsche;weiblich;657
2005;3. Quartal;Fortzug;Alte Bundesländer (mit Berlin);Ausländer;männlich;113
2005;3. Quartal;Fortzug;Alte Bundesländer (mit Berlin);Ausländer;weiblich;82
2005;3. Quartal;Fortzug;Neue Bundesländer (ohne Sachsen);Deutsche;männlich;293
2005;3. Quartal;Fortzug;Neue Bundesländer (ohne Sachsen);Deutsche;weiblich;327
2005;3. Quartal;Fortzug;Neue Bundesländer (ohne Sachsen);Ausländer;männlich;35
2005;3. Quartal;Fortzug;Neue Bundesländer (ohne Sachsen);Ausländer;weiblich;29
2005;3. Quartal;Fortzug;Sachsen (ohne Umland Dresden);Deutsche;männlich;267
2005;3. Quartal;Fortzug;Sachsen (ohne Umland Dresden);Deutsche;weiblich;283
2005;3. Quartal;Fortzug;Sachsen (ohne Umland Dresden);Ausländer;männlich;18
2005;3. Quartal;Fortzug;Sachsen (ohne Umland Dresden);Ausländer;weiblich;10
2005;3. Quartal;Fortzug;Umland Dresden;Deutsche;männlich;644
2005;3. Quartal;Fortzug;Umland Dresden;Deutsche;weiblich;671
2005;3. Quartal;Fortzug;Umland Dresden;Ausländer;männlich;14
2005;3. Quartal;Fortzug;Umland Dresden;Ausländer;weiblich;20
2005;3. Quartal;Umzug;Innerhalb Dresdens;Deutsche;männlich;5371
2005;3. Quartal;Umzug;Innerhalb Dresdens;Deutsche;weiblich;5472
2005;3. Quartal;Umzug;Innerhalb Dresdens;Ausländer;männlich;538
2005;3. Quartal;Umzug;Innerhalb Dresdens;Ausländer;weiblich;396
2005;4. Quartal;Zuzug;unbekannt;Deutsche;männlich;63
2005;4. Quartal;Zuzug;unbekannt;Deutsche;weiblich;23
2005;4. Quartal;Zuzug;unbekannt;Ausländer;männlich;11
2005;4. Quartal;Zuzug;unbekannt;Ausländer;weiblich;2
2005;4. Quartal;Zuzug;Ausland;Deutsche;männlich;56
2005;4. Quartal;Zuzug;Ausland;Deutsche;weiblich;30
2005;4. Quartal;Zuzug;Ausland;Ausländer;männlich;563
2005;4. Quartal;Zuzug;Ausland;Ausländer;weiblich;495
2005;4. Quartal;Zuzug;Alte Bundesländer (mit Berlin);Deutsche;männlich;802
2005;4. Quartal;Zuzug;Alte Bundesländer (mit Berlin);Deutsche;weiblich;627
2005;4. Quartal;Zuzug;Alte Bundesländer (mit Berlin);Ausländer;männlich;66
2005;4. Quartal;Zuzug;Alte Bundesländer (mit Berlin);Ausländer;weiblich;49
2005;4. Quartal;Zuzug;Neue Bundesländer (ohne Sachsen);Deutsche;männlich;1190
2005;4. Quartal;Zuzug;Neue Bundesländer (ohne Sachsen);Deutsche;weiblich;912
2005;4. Quartal;Zuzug;Neue Bundesländer (ohne Sachsen);Ausländer;männlich;35
2005;4. Quartal;Zuzug;Neue Bundesländer (ohne Sachsen);Ausländer;weiblich;33
2005;4. Quartal;Zuzug;Sachsen (ohne Umland Dresden);Deutsche;männlich;1223
2005;4. Quartal;Zuzug;Sachsen (ohne Umland Dresden);Deutsche;weiblich;1027
2005;4. Quartal;Zuzug;Sachsen (ohne Umland Dresden);Ausländer;männlich;36
2005;4. Quartal;Zuzug;Sachsen (ohne Umland Dresden);Ausländer;weiblich;23
2005;4. Quartal;Zuzug;Umland Dresden;Deutsche;männlich;1109
2005;4. Quartal;Zuzug;Umland Dresden;Deutsche;weiblich;1011
2005;4. Quartal;Zuzug;Umland Dresden;Ausländer;männlich;41
2005;4. Quartal;Zuzug;Umland Dresden;Ausländer;weiblich;40
2005;4. Quartal;Fortzug;unbekannt;Deutsche;männlich;206
2005;4. Quartal;Fortzug;unbekannt;Deutsche;weiblich;64
2005;4. Quartal;Fortzug;unbekannt;Ausländer;männlich;175
2005;4. Quartal;Fortzug;unbekannt;Ausländer;weiblich;99
2005;4. Quartal;Fortzug;Ausland;Deutsche;männlich;75
2005;4. Quartal;Fortzug;Ausland;Deutsche;weiblich;53
2005;4. Quartal;Fortzug;Ausland;Ausländer;männlich;175
2005;4. Quartal;Fortzug;Ausland;Ausländer;weiblich;105
2005;4. Quartal;Fortzug;Alte Bundesländer (mit Berlin);Deutsche;männlich;573
2005;4. Quartal;Fortzug;Alte Bundesländer (mit Berlin);Deutsche;weiblich;572
2005;4. Quartal;Fortzug;Alte Bundesländer (mit Berlin);Ausländer;männlich;105
2005;4. Quartal;Fortzug;Alte Bundesländer (mit Berlin);Ausländer;weiblich;73
2005;4. Quartal;Fortzug;Neue Bundesländer (ohne Sachsen);Deutsche;männlich;292
2005;4. Quartal;Fortzug;Neue Bundesländer (ohne Sachsen);Deutsche;weiblich;302
2005;4. Quartal;Fortzug;Neue Bundesländer (ohne Sachsen);Ausländer;männlich;41
2005;4. Quartal;Fortzug;Neue Bundesländer (ohne Sachsen);Ausländer;weiblich;27
2005;4. Quartal;Fortzug;Sachsen (ohne Umland Dresden);Deutsche;männlich;253
2005;4. Quartal;Fortzug;Sachsen (ohne Umland Dresden);Deutsche;weiblich;245
2005;4. Quartal;Fortzug;Sachsen (ohne Umland Dresden);Ausländer;männlich;15
2005;4. Quartal;Fortzug;Sachsen (ohne Umland Dresden);Ausländer;weiblich;23
2005;4. Quartal;Fortzug;Umland Dresden;Deutsche;männlich;678
2005;4. Quartal;Fortzug;Umland Dresden;Deutsche;weiblich;687
2005;4. Quartal;Fortzug;Umland Dresden;Ausländer;männlich;33
2005;4. Quartal;Fortzug;Umland Dresden;Ausländer;weiblich;28
2005;4. Quartal;Umzug;Innerhalb Dresdens;Deutsche;männlich;5610
2005;4. Quartal;Umzug;Innerhalb Dresdens;Deutsche;weiblich;5636
2005;4. Quartal;Umzug;Innerhalb Dresdens;Ausländer;männlich;576
2005;4. Quartal;Umzug;Innerhalb Dresdens;Ausländer;weiblich;460
2006;1. Quartal;Zuzug;unbekannt;Deutsche;männlich;121
2006;1. Quartal;Zuzug;unbekannt;Deutsche;weiblich;30
2006;1. Quartal;Zuzug;unbekannt;Ausländer;männlich;27
2006;1. Quartal;Zuzug;unbekannt;Ausländer;weiblich;5
2006;1. Quartal;Zuzug;Ausland;Deutsche;männlich;49
2006;1. Quartal;Zuzug;Ausland;Deutsche;weiblich;36
2006;1. Quartal;Zuzug;Ausland;Ausländer;männlich;418
2006;1. Quartal;Zuzug;Ausland;Ausländer;weiblich;334
2006;1. Quartal;Zuzug;Alte Bundesländer (mit Berlin);Deutsche;männlich;589
2006;1. Quartal;Zuzug;Alte Bundesländer (mit Berlin);Deutsche;weiblich;487
2006;1. Quartal;Zuzug;Alte Bundesländer (mit Berlin);Ausländer;männlich;53
2006;1. Quartal;Zuzug;Alte Bundesländer (mit Berlin);Ausländer;weiblich;38
2006;1. Quartal;Zuzug;Neue Bundesländer (ohne Sachsen);Deutsche;männlich;791
2006;1. Quartal;Zuzug;Neue Bundesländer (ohne Sachsen);Deutsche;weiblich;692
2006;1. Quartal;Zuzug;Neue Bundesländer (ohne Sachsen);Ausländer;männlich;21
2006;1. Quartal;Zuzug;Neue Bundesländer (ohne Sachsen);Ausländer;weiblich;19
2006;1. Quartal;Zuzug;Sachsen (ohne Umland Dresden);Deutsche;männlich;927
2006;1. Quartal;Zuzug;Sachsen (ohne Umland Dresden);Deutsche;weiblich;978
2006;1. Quartal;Zuzug;Sachsen (ohne Umland Dresden);Ausländer;männlich;35
2006;1. Quartal;Zuzug;Sachsen (ohne Umland Dresden);Ausländer;weiblich;33
2006;1. Quartal;Zuzug;Umland Dresden;Deutsche;männlich;1015
2006;1. Quartal;Zuzug;Umland Dresden;Deutsche;weiblich;1036
2006;1. Quartal;Zuzug;Umland Dresden;Ausländer;männlich;35
2006;1. Quartal;Zuzug;Umland Dresden;Ausländer;weiblich;30
2006;1. Quartal;Fortzug;unbekannt;Deutsche;männlich;274
2006;1. Quartal;Fortzug;unbekannt;Deutsche;weiblich;118
2006;1. Quartal;Fortzug;unbekannt;Ausländer;männlich;277
2006;1. Quartal;Fortzug;unbekannt;Ausländer;weiblich;189
2006;1. Quartal;Fortzug;Ausland;Deutsche;männlich;88
2006;1. Quartal;Fortzug;Ausland;Deutsche;weiblich;86
2006;1. Quartal;Fortzug;Ausland;Ausländer;männlich;185
2006;1. Quartal;Fortzug;Ausland;Ausländer;weiblich;150
2006;1. Quartal;Fortzug;Alte Bundesländer (mit Berlin);Deutsche;männlich;493
2006;1. Quartal;Fortzug;Alte Bundesländer (mit Berlin);Deutsche;weiblich;460
2006;1. Quartal;Fortzug;Alte Bundesländer (mit Berlin);Ausländer;männlich;72
2006;1. Quartal;Fortzug;Alte Bundesländer (mit Berlin);Ausländer;weiblich;55
2006;1. Quartal;Fortzug;Neue Bundesländer (ohne Sachsen);Deutsche;männlich;246
2006;1. Quartal;Fortzug;Neue Bundesländer (ohne Sachsen);Deutsche;weiblich;244
2006;1. Quartal;Fortzug;Neue Bundesländer (ohne Sachsen);Ausländer;männlich;16
2006;1. Quartal;Fortzug;Neue Bundesländer (ohne Sachsen);Ausländer;weiblich;22
2006;1. Quartal;Fortzug;Sachsen (ohne Umland Dresden);Deutsche;männlich;219
2006;1. Quartal;Fortzug;Sachsen (ohne Umland Dresden);Deutsche;weiblich;212
2006;1. Quartal;Fortzug;Sachsen (ohne Umland Dresden);Ausländer;männlich;16
2006;1. Quartal;Fortzug;Sachsen (ohne Umland Dresden);Ausländer;weiblich;15
2006;1. Quartal;Fortzug;Umland Dresden;Deutsche;männlich;547
2006;1. Quartal;Fortzug;Umland Dresden;Deutsche;weiblich;541
2006;1. Quartal;Fortzug;Umland Dresden;Ausländer;männlich;9
2006;1. Quartal;Fortzug;Umland Dresden;Ausländer;weiblich;12
2006;1. Quartal;Umzug;Innerhalb Dresdens;Deutsche;männlich;4999
2006;1. Quartal;Umzug;Innerhalb Dresdens;Deutsche;weiblich;4838
2006;1. Quartal;Umzug;Innerhalb Dresdens;Ausländer;männlich;555
2006;1. Quartal;Umzug;Innerhalb Dresdens;Ausländer;weiblich;361
2006;2. Quartal;Zuzug;unbekannt;Deutsche;männlich;89
2006;2. Quartal;Zuzug;unbekannt;Deutsche;weiblich;21
2006;2. Quartal;Zuzug;unbekannt;Ausländer;männlich;30
2006;2. Quartal;Zuzug;unbekannt;Ausländer;weiblich;7
2006;2. Quartal;Zuzug;Ausland;Deutsche;männlich;61
2006;2. Quartal;Zuzug;Ausland;Deutsche;weiblich;30
2006;2. Quartal;Zuzug;Ausland;Ausländer;männlich;320
2006;2. Quartal;Zuzug;Ausland;Ausländer;weiblich;254
2006;2. Quartal;Zuzug;Alte Bundesländer (mit Berlin);Deutsche;männlich;477
2006;2. Quartal;Zuzug;Alte Bundesländer (mit Berlin);Deutsche;weiblich;405
2006;2. Quartal;Zuzug;Alte Bundesländer (mit Berlin);Ausländer;männlich;78
2006;2. Quartal;Zuzug;Alte Bundesländer (mit Berlin);Ausländer;weiblich;41
2006;2. Quartal;Zuzug;Neue Bundesländer (ohne Sachsen);Deutsche;männlich;365
2006;2. Quartal;Zuzug;Neue Bundesländer (ohne Sachsen);Deutsche;weiblich;350
2006;2. Quartal;Zuzug;Neue Bundesländer (ohne Sachsen);Ausländer;männlich;25
2006;2. Quartal;Zuzug;Neue Bundesländer (ohne Sachsen);Ausländer;weiblich;32
2006;2. Quartal;Zuzug;Sachsen (ohne Umland Dresden);Deutsche;männlich;460
2006;2. Quartal;Zuzug;Sachsen (ohne Umland Dresden);Deutsche;weiblich;408
2006;2. Quartal;Zuzug;Sachsen (ohne Umland Dresden);Ausländer;männlich;21
2006;2. Quartal;Zuzug;Sachsen (ohne Umland Dresden);Ausländer;weiblich;17
2006;2. Quartal;Zuzug;Umland Dresden;Deutsche;männlich;702
2006;2. Quartal;Zuzug;Umland Dresden;Deutsche;weiblich;716
2006;2. Quartal;Zuzug;Umland Dresden;Ausländer;männlich;42
2006;2. Quartal;Zuzug;Umland Dresden;Ausländer;weiblich;19
2006;2. Quartal;Fortzug;unbekannt;Deutsche;männlich;197
2006;2. Quartal;Fortzug;unbekannt;Deutsche;weiblich;72
2006;2. Quartal;Fortzug;unbekannt;Ausländer;männlich;183
2006;2. Quartal;Fortzug;unbekannt;Ausländer;weiblich;91
2006;2. Quartal;Fortzug;Ausland;Deutsche;männlich;90
2006;2. Quartal;Fortzug;Ausland;Deutsche;weiblich;63
2006;2. Quartal;Fortzug;Ausland;Ausländer;männlich;158
2006;2. Quartal;Fortzug;Ausland;Ausländer;weiblich;127
2006;2. Quartal;Fortzug;Alte Bundesländer (mit Berlin);Deutsche;männlich;499
2006;2. Quartal;Fortzug;Alte Bundesländer (mit Berlin);Deutsche;weiblich;507
2006;2. Quartal;Fortzug;Alte Bundesländer (mit Berlin);Ausländer;männlich;87
2006;2. Quartal;Fortzug;Alte Bundesländer (mit Berlin);Ausländer;weiblich;55
2006;2. Quartal;Fortzug;Neue Bundesländer (ohne Sachsen);Deutsche;männlich;258
2006;2. Quartal;Fortzug;Neue Bundesländer (ohne Sachsen);Deutsche;weiblich;283
2006;2. Quartal;Fortzug;Neue Bundesländer (ohne Sachsen);Ausländer;männlich;25
2006;2. Quartal;Fortzug;Neue Bundesländer (ohne Sachsen);Ausländer;weiblich;25
2006;2. Quartal;Fortzug;Sachsen (ohne Umland Dresden);Deutsche;männlich;219
2006;2. Quartal;Fortzug;Sachsen (ohne Umland Dresden);Deutsche;weiblich;199
2006;2. Quartal;Fortzug;Sachsen (ohne Umland Dresden);Ausländer;männlich;20
2006;2. Quartal;Fortzug;Sachsen (ohne Umland Dresden);Ausländer;weiblich;12
2006;2. Quartal;Fortzug;Umland Dresden;Deutsche;männlich;506
2006;2. Quartal;Fortzug;Umland Dresden;Deutsche;weiblich;568
2006;2. Quartal;Fortzug;Umland Dresden;Ausländer;männlich;14
2006;2. Quartal;Fortzug;Umland Dresden;Ausländer;weiblich;11
2006;2. Quartal;Umzug;Innerhalb Dresdens;Deutsche;männlich;4978
2006;2. Quartal;Umzug;Innerhalb Dresdens;Deutsche;weiblich;5016
2006;2. Quartal;Umzug;Innerhalb Dresdens;Ausländer;männlich;566
2006;2. Quartal;Umzug;Innerhalb Dresdens;Ausländer;weiblich;394
2006;3. Quartal;Zuzug;unbekannt;Deutsche;männlich;95
2006;3. Quartal;Zuzug;unbekannt;Deutsche;weiblich;22
2006;3. Quartal;Zuzug;unbekannt;Ausländer;männlich;25
2006;3. Quartal;Zuzug;unbekannt;Ausländer;weiblich;3
2006;3. Quartal;Zuzug;Ausland;Deutsche;männlich;88
2006;3. Quartal;Zuzug;Ausland;Deutsche;weiblich;66
2006;3. Quartal;Zuzug;Ausland;Ausländer;männlich;581
2006;3. Quartal;Zuzug;Ausland;Ausländer;weiblich;528
2006;3. Quartal;Zuzug;Alte Bundesländer (mit Berlin);Deutsche;männlich;608
2006;3. Quartal;Zuzug;Alte Bundesländer (mit Berlin);Deutsche;weiblich;591
2006;3. Quartal;Zuzug;Alte Bundesländer (mit Berlin);Ausländer;männlich;86
2006;3. Quartal;Zuzug;Alte Bundesländer (mit Berlin);Ausländer;weiblich;60
2006;3. Quartal;Zuzug;Neue Bundesländer (ohne Sachsen);Deutsche;männlich;591
2006;3. Quartal;Zuzug;Neue Bundesländer (ohne Sachsen);Deutsche;weiblich;619
2006;3. Quartal;Zuzug;Neue Bundesländer (ohne Sachsen);Ausländer;männlich;29
2006;3. Quartal;Zuzug;Neue Bundesländer (ohne Sachsen);Ausländer;weiblich;28
2006;3. Quartal;Zuzug;Sachsen (ohne Umland Dresden);Deutsche;männlich;659
2006;3. Quartal;Zuzug;Sachsen (ohne Umland Dresden);Deutsche;weiblich;782
2006;3. Quartal;Zuzug;Sachsen (ohne Umland Dresden);Ausländer;männlich;38
2006;3. Quartal;Zuzug;Sachsen (ohne Umland Dresden);Ausländer;weiblich;32
2006;3. Quartal;Zuzug;Umland Dresden;Deutsche;männlich;815
2006;3. Quartal;Zuzug;Umland Dresden;Deutsche;weiblich;937
2006;3. Quartal;Zuzug;Umland Dresden;Ausländer;männlich;40
2006;3. Quartal;Zuzug;Umland Dresden;Ausländer;weiblich;31
2006;3. Quartal;Fortzug;unbekannt;Deutsche;männlich;220
2006;3. Quartal;Fortzug;unbekannt;Deutsche;weiblich;55
2006;3. Quartal;Fortzug;unbekannt;Ausländer;männlich;188
2006;3. Quartal;Fortzug;unbekannt;Ausländer;weiblich;74
2006;3. Quartal;Fortzug;Ausland;Deutsche;männlich;122
2006;3. Quartal;Fortzug;Ausland;Deutsche;weiblich;112
2006;3. Quartal;Fortzug;Ausland;Ausländer;männlich;349
2006;3. Quartal;Fortzug;Ausland;Ausländer;weiblich;327
2006;3. Quartal;Fortzug;Alte Bundesländer (mit Berlin);Deutsche;männlich;707
2006;3. Quartal;Fortzug;Alte Bundesländer (mit Berlin);Deutsche;weiblich;717
2006;3. Quartal;Fortzug;Alte Bundesländer (mit Berlin);Ausländer;männlich;114
2006;3. Quartal;Fortzug;Alte Bundesländer (mit Berlin);Ausländer;weiblich;69
2006;3. Quartal;Fortzug;Neue Bundesländer (ohne Sachsen);Deutsche;männlich;347
2006;3. Quartal;Fortzug;Neue Bundesländer (ohne Sachsen);Deutsche;weiblich;396
2006;3. Quartal;Fortzug;Neue Bundesländer (ohne Sachsen);Ausländer;männlich;41
2006;3. Quartal;Fortzug;Neue Bundesländer (ohne Sachsen);Ausländer;weiblich;36
2006;3. Quartal;Fortzug;Sachsen (ohne Umland Dresden);Deutsche;männlich;339
2006;3. Quartal;Fortzug;Sachsen (ohne Umland Dresden);Deutsche;weiblich;375
2006;3. Quartal;Fortzug;Sachsen (ohne Umland Dresden);Ausländer;männlich;19
2006;3. Quartal;Fortzug;Sachsen (ohne Umland Dresden);Ausländer;weiblich;16
2006;3. Quartal;Fortzug;Umland Dresden;Deutsche;männlich;640
2006;3. Quartal;Fortzug;Umland Dresden;Deutsche;weiblich;645
2006;3. Quartal;Fortzug;Umland Dresden;Ausländer;männlich;26
2006;3. Quartal;Fortzug;Umland Dresden;Ausländer;weiblich;26
2006;3. Quartal;Umzug;Innerhalb Dresdens;Deutsche;männlich;5259
2006;3. Quartal;Umzug;Innerhalb Dresdens;Deutsche;weiblich;5256
2006;3. Quartal;Umzug;Innerhalb Dresdens;Ausländer;männlich;585
2006;3. Quartal;Umzug;Innerhalb Dresdens;Ausländer;weiblich;428
2006;4. Quartal;Zuzug;unbekannt;Deutsche;männlich;95
2006;4. Quartal;Zuzug;unbekannt;Deutsche;weiblich;25
2006;4. Quartal;Zuzug;unbekannt;Ausländer;männlich;12
2006;4. Quartal;Zuzug;unbekannt;Ausländer;weiblich;3
2006;4. Quartal;Zuzug;Ausland;Deutsche;männlich;57
2006;4. Quartal;Zuzug;Ausland;Deutsche;weiblich;30
2006;4. Quartal;Zuzug;Ausland;Ausländer;männlich;593
2006;4. Quartal;Zuzug;Ausland;Ausländer;weiblich;543
2006;4. Quartal;Zuzug;Alte Bundesländer (mit Berlin);Deutsche;männlich;777
2006;4. Quartal;Zuzug;Alte Bundesländer (mit Berlin);Deutsche;weiblich;669
2006;4. Quartal;Zuzug;Alte Bundesländer (mit Berlin);Ausländer;männlich;83
2006;4. Quartal;Zuzug;Alte Bundesländer (mit Berlin);Ausländer;weiblich;69
2006;4. Quartal;Zuzug;Neue Bundesländer (ohne Sachsen);Deutsche;männlich;857
2006;4. Quartal;Zuzug;Neue Bundesländer (ohne Sachsen);Deutsche;weiblich;793
2006;4. Quartal;Zuzug;Neue Bundesländer (ohne Sachsen);Ausländer;männlich;42
2006;4. Quartal;Zuzug;Neue Bundesländer (ohne Sachsen);Ausländer;weiblich;36
2006;4. Quartal;Zuzug;Sachsen (ohne Umland Dresden);Deutsche;männlich;913
2006;4. Quartal;Zuzug;Sachsen (ohne Umland Dresden);Deutsche;weiblich;829
2006;4. Quartal;Zuzug;Sachsen (ohne Umland Dresden);Ausländer;männlich;34
2006;4. Quartal;Zuzug;Sachsen (ohne Umland Dresden);Ausländer;weiblich;22
2006;4. Quartal;Zuzug;Umland Dresden;Deutsche;männlich;863
2006;4. Quartal;Zuzug;Umland Dresden;Deutsche;weiblich;841
2006;4. Quartal;Zuzug;Umland Dresden;Ausländer;männlich;34
2006;4. Quartal;Zuzug;Umland Dresden;Ausländer;weiblich;28
2006;4. Quartal;Fortzug;unbekannt;Deutsche;männlich;212
2006;4. Quartal;Fortzug;unbekannt;Deutsche;weiblich;53
2006;4. Quartal;Fortzug;unbekannt;Ausländer;männlich;192
2006;4. Quartal;Fortzug;unbekannt;Ausländer;weiblich;73
2006;4. Quartal;Fortzug;Ausland;Deutsche;männlich;104
2006;4. Quartal;Fortzug;Ausland;Deutsche;weiblich;62
2006;4. Quartal;Fortzug;Ausland;Ausländer;männlich;224
2006;4. Quartal;Fortzug;Ausland;Ausländer;weiblich;180
2006;4. Quartal;Fortzug;Alte Bundesländer (mit Berlin);Deutsche;männlich;645
2006;4. Quartal;Fortzug;Alte Bundesländer (mit Berlin);Deutsche;weiblich;672
2006;4. Quartal;Fortzug;Alte Bundesländer (mit Berlin);Ausländer;männlich;131
2006;4. Quartal;Fortzug;Alte Bundesländer (mit Berlin);Ausländer;weiblich;95
2006;4. Quartal;Fortzug;Neue Bundesländer (ohne Sachsen);Deutsche;männlich;343
2006;4. Quartal;Fortzug;Neue Bundesländer (ohne Sachsen);Deutsche;weiblich;387
2006;4. Quartal;Fortzug;Neue Bundesländer (ohne Sachsen);Ausländer;männlich;54
2006;4. Quartal;Fortzug;Neue Bundesländer (ohne Sachsen);Ausländer;weiblich;34
2006;4. Quartal;Fortzug;Sachsen (ohne Umland Dresden);Deutsche;männlich;316
2006;4. Quartal;Fortzug;Sachsen (ohne Umland Dresden);Deutsche;weiblich;283
2006;4. Quartal;Fortzug;Sachsen (ohne Umland Dresden);Ausländer;männlich;20
2006;4. Quartal;Fortzug;Sachsen (ohne Umland Dresden);Ausländer;weiblich;17
2006;4. Quartal;Fortzug;Umland Dresden;Deutsche;männlich;693
2006;4. Quartal;Fortzug;Umland Dresden;Deutsche;weiblich;698
2006;4. Quartal;Fortzug;Umland Dresden;Ausländer;männlich;23
2006;4. Quartal;Fortzug;Umland Dresden;Ausländer;weiblich;18
2006;4. Quartal;Umzug;Innerhalb Dresdens;Deutsche;männlich;5573
2006;4. Quartal;Umzug;Innerhalb Dresdens;Deutsche;weiblich;5492
2006;4. Quartal;Umzug;Innerhalb Dresdens;Ausländer;männlich;606
2006;4. Quartal;Umzug;Innerhalb Dresdens;Ausländer;weiblich;457
2007;1. Quartal;Zuzug;unbekannt;Deutsche;männlich;109
2007;1. Quartal;Zuzug;unbekannt;Deutsche;weiblich;23
2007;1. Quartal;Zuzug;unbekannt;Ausländer;männlich;30
2007;1. Quartal;Zuzug;unbekannt;Ausländer;weiblich;4
2007;1. Quartal;Zuzug;Ausland;Deutsche;männlich;70
2007;1. Quartal;Zuzug;Ausland;Deutsche;weiblich;40
2007;1. Quartal;Zuzug;Ausland;Ausländer;männlich;411
2007;1. Quartal;Zuzug;Ausland;Ausländer;weiblich;303
2007;1. Quartal;Zuzug;Alte Bundesländer (mit Berlin);Deutsche;männlich;481
2007;1. Quartal;Zuzug;Alte Bundesländer (mit Berlin);Deutsche;weiblich;415
2007;1. Quartal;Zuzug;Alte Bundesländer (mit Berlin);Ausländer;männlich;69
2007;1. Quartal;Zuzug;Alte Bundesländer (mit Berlin);Ausländer;weiblich;44
2007;1. Quartal;Zuzug;Neue Bundesländer (ohne Sachsen);Deutsche;männlich;576
2007;1. Quartal;Zuzug;Neue Bundesländer (ohne Sachsen);Deutsche;weiblich;513
2007;1. Quartal;Zuzug;Neue Bundesländer (ohne Sachsen);Ausländer;männlich;23
2007;1. Quartal;Zuzug;Neue Bundesländer (ohne Sachsen);Ausländer;weiblich;23
2007;1. Quartal;Zuzug;Sachsen (ohne Umland Dresden);Deutsche;männlich;597
2007;1. Quartal;Zuzug;Sachsen (ohne Umland Dresden);Deutsche;weiblich;588
2007;1. Quartal;Zuzug;Sachsen (ohne Umland Dresden);Ausländer;männlich;31
2007;1. Quartal;Zuzug;Sachsen (ohne Umland Dresden);Ausländer;weiblich;38
2007;1. Quartal;Zuzug;Umland Dresden;Deutsche;männlich;731
2007;1. Quartal;Zuzug;Umland Dresden;Deutsche;weiblich;721
2007;1. Quartal;Zuzug;Umland Dresden;Ausländer;männlich;34
2007;1. Quartal;Zuzug;Umland Dresden;Ausländer;weiblich;12
2007;1. Quartal;Fortzug;unbekannt;Deutsche;männlich;241
2007;1. Quartal;Fortzug;unbekannt;Deutsche;weiblich;69
2007;1. Quartal;Fortzug;unbekannt;Ausländer;männlich;221
2007;1. Quartal;Fortzug;unbekannt;Ausländer;weiblich;79
2007;1. Quartal;Fortzug;Ausland;Deutsche;männlich;95
2007;1. Quartal;Fortzug;Ausland;Deutsche;weiblich;76
2007;1. Quartal;Fortzug;Ausland;Ausländer;männlich;191
2007;1. Quartal;Fortzug;Ausland;Ausländer;weiblich;172
2007;1. Quartal;Fortzug;Alte Bundesländer (mit Berlin);Deutsche;männlich;549
2007;1. Quartal;Fortzug;Alte Bundesländer (mit Berlin);Deutsche;weiblich;472
2007;1. Quartal;Fortzug;Alte Bundesländer (mit Berlin);Ausländer;männlich;89
2007;1. Quartal;Fortzug;Alte Bundesländer (mit Berlin);Ausländer;weiblich;71
2007;1. Quartal;Fortzug;Neue Bundesländer (ohne Sachsen);Deutsche;männlich;285
2007;1. Quartal;Fortzug;Neue Bundesländer (ohne Sachsen);Deutsche;weiblich;252
2007;1. Quartal;Fortzug;Neue Bundesländer (ohne Sachsen);Ausländer;männlich;24
2007;1. Quartal;Fortzug;Neue Bundesländer (ohne Sachsen);Ausländer;weiblich;29
2007;1. Quartal;Fortzug;Sachsen (ohne Umland Dresden);Deutsche;männlich;247
2007;1. Quartal;Fortzug;Sachsen (ohne Umland Dresden);Deutsche;weiblich;235
2007;1. Quartal;Fortzug;Sachsen (ohne Umland Dresden);Ausländer;männlich;15
2007;1. Quartal;Fortzug;Sachsen (ohne Umland Dresden);Ausländer;weiblich;15
2007;1. Quartal;Fortzug;Umland Dresden;Deutsche;männlich;644
2007;1. Quartal;Fortzug;Umland Dresden;Deutsche;weiblich;672
2007;1. Quartal;Fortzug;Umland Dresden;Ausländer;männlich;19
2007;1. Quartal;Fortzug;Umland Dresden;Ausländer;weiblich;20
2007;1. Quartal;Umzug;Innerhalb Dresdens;Deutsche;männlich;5011
2007;1. Quartal;Umzug;Innerhalb Dresdens;Deutsche;weiblich;5033
2007;1. Quartal;Umzug;Innerhalb Dresdens;Ausländer;männlich;606
2007;1. Quartal;Umzug;Innerhalb Dresdens;Ausländer;weiblich;496
2007;2. Quartal;Zuzug;unbekannt;Deutsche;männlich;115
2007;2. Quartal;Zuzug;unbekannt;Deutsche;weiblich;19
2007;2. Quartal;Zuzug;unbekannt;Ausländer;männlich;26
2007;2. Quartal;Zuzug;unbekannt;Ausländer;weiblich;6
2007;2. Quartal;Zuzug;Ausland;Deutsche;männlich;55
2007;2. Quartal;Zuzug;Ausland;Deutsche;weiblich;46
2007;2. Quartal;Zuzug;Ausland;Ausländer;männlich;360
2007;2. Quartal;Zuzug;Ausland;Ausländer;weiblich;295
2007;2. Quartal;Zuzug;Alte Bundesländer (mit Berlin);Deutsche;männlich;487
2007;2. Quartal;Zuzug;Alte Bundesländer (mit Berlin);Deutsche;weiblich;447
2007;2. Quartal;Zuzug;Alte Bundesländer (mit Berlin);Ausländer;männlich;49
2007;2. Quartal;Zuzug;Alte Bundesländer (mit Berlin);Ausländer;weiblich;39
2007;2. Quartal;Zuzug;Neue Bundesländer (ohne Sachsen);Deutsche;männlich;447
2007;2. Quartal;Zuzug;Neue Bundesländer (ohne Sachsen);Deutsche;weiblich;409
2007;2. Quartal;Zuzug;Neue Bundesländer (ohne Sachsen);Ausländer;männlich;23
2007;2. Quartal;Zuzug;Neue Bundesländer (ohne Sachsen);Ausländer;weiblich;12
2007;2. Quartal;Zuzug;Sachsen (ohne Umland Dresden);Deutsche;männlich;491
2007;2. Quartal;Zuzug;Sachsen (ohne Umland Dresden);Deutsche;weiblich;467
2007;2. Quartal;Zuzug;Sachsen (ohne Umland Dresden);Ausländer;männlich;47
2007;2. Quartal;Zuzug;Sachsen (ohne Umland Dresden);Ausländer;weiblich;18
2007;2. Quartal;Zuzug;Umland Dresden;Deutsche;männlich;673
2007;2. Quartal;Zuzug;Umland Dresden;Deutsche;weiblich;696
2007;2. Quartal;Zuzug;Umland Dresden;Ausländer;männlich;37
2007;2. Quartal;Zuzug;Umland Dresden;Ausländer;weiblich;22
2007;2. Quartal;Fortzug;unbekannt;Deutsche;männlich;212
2007;2. Quartal;Fortzug;unbekannt;Deutsche;weiblich;65
2007;2. Quartal;Fortzug;unbekannt;Ausländer;männlich;189
2007;2. Quartal;Fortzug;unbekannt;Ausländer;weiblich;73
2007;2. Quartal;Fortzug;Ausland;Deutsche;männlich;104
2007;2. Quartal;Fortzug;Ausland;Deutsche;weiblich;89
2007;2. Quartal;Fortzug;Ausland;Ausländer;männlich;168
2007;2. Quartal;Fortzug;Ausland;Ausländer;weiblich;131
2007;2. Quartal;Fortzug;Alte Bundesländer (mit Berlin);Deutsche;männlich;544
2007;2. Quartal;Fortzug;Alte Bundesländer (mit Berlin);Deutsche;weiblich;487
2007;2. Quartal;Fortzug;Alte Bundesländer (mit Berlin);Ausländer;männlich;87
2007;2. Quartal;Fortzug;Alte Bundesländer (mit Berlin);Ausländer;weiblich;76
2007;2. Quartal;Fortzug;Neue Bundesländer (ohne Sachsen);Deutsche;männlich;266
2007;2. Quartal;Fortzug;Neue Bundesländer (ohne Sachsen);Deutsche;weiblich;279
2007;2. Quartal;Fortzug;Neue Bundesländer (ohne Sachsen);Ausländer;männlich;38
2007;2. Quartal;Fortzug;Neue Bundesländer (ohne Sachsen);Ausländer;weiblich;28
2007;2. Quartal;Fortzug;Sachsen (ohne Umland Dresden);Deutsche;männlich;256
2007;2. Quartal;Fortzug;Sachsen (ohne Umland Dresden);Deutsche;weiblich;260
2007;2. Quartal;Fortzug;Sachsen (ohne Umland Dresden);Ausländer;männlich;12
2007;2. Quartal;Fortzug;Sachsen (ohne Umland Dresden);Ausländer;weiblich;21
2007;2. Quartal;Fortzug;Umland Dresden;Deutsche;männlich;588
2007;2. Quartal;Fortzug;Umland Dresden;Deutsche;weiblich;627
2007;2. Quartal;Fortzug;Umland Dresden;Ausländer;männlich;16
2007;2. Quartal;Fortzug;Umland Dresden;Ausländer;weiblich;14
2007;2. Quartal;Umzug;Innerhalb Dresdens;Deutsche;männlich;5097
2007;2. Quartal;Umzug;Innerhalb Dresdens;Deutsche;weiblich;5047
2007;2. Quartal;Umzug;Innerhalb Dresdens;Ausländer;männlich;543
2007;2. Quartal;Umzug;Innerhalb Dresdens;Ausländer;weiblich;405
2007;3. Quartal;Zuzug;unbekannt;Deutsche;männlich;132
2007;3. Quartal;Zuzug;unbekannt;Deutsche;weiblich;30
2007;3. Quartal;Zuzug;unbekannt;Ausländer;männlich;46
2007;3. Quartal;Zuzug;unbekannt;Ausländer;weiblich;15
2007;3. Quartal;Zuzug;Ausland;Deutsche;männlich;83
2007;3. Quartal;Zuzug;Ausland;Deutsche;weiblich;73
2007;3. Quartal;Zuzug;Ausland;Ausländer;männlich;575
2007;3. Quartal;Zuzug;Ausland;Ausländer;weiblich;545
2007;3. Quartal;Zuzug;Alte Bundesländer (mit Berlin);Deutsche;männlich;679
2007;3. Quartal;Zuzug;Alte Bundesländer (mit Berlin);Deutsche;weiblich;626
2007;3. Quartal;Zuzug;Alte Bundesländer (mit Berlin);Ausländer;männlich;79
2007;3. Quartal;Zuzug;Alte Bundesländer (mit Berlin);Ausländer;weiblich;75
2007;3. Quartal;Zuzug;Neue Bundesländer (ohne Sachsen);Deutsche;männlich;578
2007;3. Quartal;Zuzug;Neue Bundesländer (ohne Sachsen);Deutsche;weiblich;661
2007;3. Quartal;Zuzug;Neue Bundesländer (ohne Sachsen);Ausländer;männlich;33
2007;3. Quartal;Zuzug;Neue Bundesländer (ohne Sachsen);Ausländer;weiblich;28
2007;3. Quartal;Zuzug;Sachsen (ohne Umland Dresden);Deutsche;männlich;696
2007;3. Quartal;Zuzug;Sachsen (ohne Umland Dresden);Deutsche;weiblich;806
2007;3. Quartal;Zuzug;Sachsen (ohne Umland Dresden);Ausländer;männlich;37
2007;3. Quartal;Zuzug;Sachsen (ohne Umland Dresden);Ausländer;weiblich;40
2007;3. Quartal;Zuzug;Umland Dresden;Deutsche;männlich;863
2007;3. Quartal;Zuzug;Umland Dresden;Deutsche;weiblich;977
2007;3. Quartal;Zuzug;Umland Dresden;Ausländer;männlich;33
2007;3. Quartal;Zuzug;Umland Dresden;Ausländer;weiblich;35
2007;3. Quartal;Fortzug;unbekannt;Deutsche;männlich;224
2007;3. Quartal;Fortzug;unbekannt;Deutsche;weiblich;65
2007;3. Quartal;Fortzug;unbekannt;Ausländer;männlich;491
2007;3. Quartal;Fortzug;unbekannt;Ausländer;weiblich;254
2007;3. Quartal;Fortzug;Ausland;Deutsche;männlich;150
2007;3. Quartal;Fortzug;Ausland;Deutsche;weiblich;110
2007;3. Quartal;Fortzug;Ausland;Ausländer;männlich;323
2007;3. Quartal;Fortzug;Ausland;Ausländer;weiblich;361
2007;3. Quartal;Fortzug;Alte Bundesländer (mit Berlin);Deutsche;männlich;736
2007;3. Quartal;Fortzug;Alte Bundesländer (mit Berlin);Deutsche;weiblich;778
2007;3. Quartal;Fortzug;Alte Bundesländer (mit Berlin);Ausländer;männlich;139
2007;3. Quartal;Fortzug;Alte Bundesländer (mit Berlin);Ausländer;weiblich;113
2007;3. Quartal;Fortzug;Neue Bundesländer (ohne Sachsen);Deutsche;männlich;396
2007;3. Quartal;Fortzug;Neue Bundesländer (ohne Sachsen);Deutsche;weiblich;397
2007;3. Quartal;Fortzug;Neue Bundesländer (ohne Sachsen);Ausländer;männlich;42
2007;3. Quartal;Fortzug;Neue Bundesländer (ohne Sachsen);Ausländer;weiblich;25
2007;3. Quartal;Fortzug;Sachsen (ohne Umland Dresden);Deutsche;männlich;389
2007;3. Quartal;Fortzug;Sachsen (ohne Umland Dresden);Deutsche;weiblich;405
2007;3. Quartal;Fortzug;Sachsen (ohne Umland Dresden);Ausländer;männlich;20
2007;3. Quartal;Fortzug;Sachsen (ohne Umland Dresden);Ausländer;weiblich;14
2007;3. Quartal;Fortzug;Umland Dresden;Deutsche;männlich;675
2007;3. Quartal;Fortzug;Umland Dresden;Deutsche;weiblich;770
2007;3. Quartal;Fortzug;Umland Dresden;Ausländer;männlich;15
2007;3. Quartal;Fortzug;Umland Dresden;Ausländer;weiblich;21
2007;3. Quartal;Umzug;Innerhalb Dresdens;Deutsche;männlich;5458
2007;3. Quartal;Umzug;Innerhalb Dresdens;Deutsche;weiblich;5492
2007;3. Quartal;Umzug;Innerhalb Dresdens;Ausländer;männlich;640
2007;3. Quartal;Umzug;Innerhalb Dresdens;Ausländer;weiblich;447
2007;4. Quartal;Zuzug;unbekannt;Deutsche;männlich;138
2007;4. Quartal;Zuzug;unbekannt;Deutsche;weiblich;34
2007;4. Quartal;Zuzug;unbekannt;Ausländer;männlich;29
2007;4. Quartal;Zuzug;unbekannt;Ausländer;weiblich;14
2007;4. Quartal;Zuzug;Ausland;Deutsche;männlich;56
2007;4. Quartal;Zuzug;Ausland;Deutsche;weiblich;47
2007;4. Quartal;Zuzug;Ausland;Ausländer;männlich;513
2007;4. Quartal;Zuzug;Ausland;Ausländer;weiblich;516
2007;4. Quartal;Zuzug;Alte Bundesländer (mit Berlin);Deutsche;männlich;724
2007;4. Quartal;Zuzug;Alte Bundesländer (mit Berlin);Deutsche;weiblich;655
2007;4. Quartal;Zuzug;Alte Bundesländer (mit Berlin);Ausländer;männlich;97
2007;4. Quartal;Zuzug;Alte Bundesländer (mit Berlin);Ausländer;weiblich;59
2007;4. Quartal;Zuzug;Neue Bundesländer (ohne Sachsen);Deutsche;männlich;849
2007;4. Quartal;Zuzug;Neue Bundesländer (ohne Sachsen);Deutsche;weiblich;784
2007;4. Quartal;Zuzug;Neue Bundesländer (ohne Sachsen);Ausländer;männlich;37
2007;4. Quartal;Zuzug;Neue Bundesländer (ohne Sachsen);Ausländer;weiblich;39
2007;4. Quartal;Zuzug;Sachsen (ohne Umland Dresden);Deutsche;männlich;768
2007;4. Quartal;Zuzug;Sachsen (ohne Umland Dresden);Deutsche;weiblich;704
2007;4. Quartal;Zuzug;Sachsen (ohne Umland Dresden);Ausländer;männlich;31
2007;4. Quartal;Zuzug;Sachsen (ohne Umland Dresden);Ausländer;weiblich;23
2007;4. Quartal;Zuzug;Umland Dresden;Deutsche;männlich;867
2007;4. Quartal;Zuzug;Umland Dresden;Deutsche;weiblich;858
2007;4. Quartal;Zuzug;Umland Dresden;Ausländer;männlich;36
2007;4. Quartal;Zuzug;Umland Dresden;Ausländer;weiblich;28
2007;4. Quartal;Fortzug;unbekannt;Deutsche;männlich;195
2007;4. Quartal;Fortzug;unbekannt;Deutsche;weiblich;69
2007;4. Quartal;Fortzug;unbekannt;Ausländer;männlich;160
2007;4. Quartal;Fortzug;unbekannt;Ausländer;weiblich;94
2007;4. Quartal;Fortzug;Ausland;Deutsche;männlich;117
2007;4. Quartal;Fortzug;Ausland;Deutsche;weiblich;97
2007;4. Quartal;Fortzug;Ausland;Ausländer;männlich;198
2007;4. Quartal;Fortzug;Ausland;Ausländer;weiblich;174
2007;4. Quartal;Fortzug;Alte Bundesländer (mit Berlin);Deutsche;männlich;628
2007;4. Quartal;Fortzug;Alte Bundesländer (mit Berlin);Deutsche;weiblich;592
2007;4. Quartal;Fortzug;Alte Bundesländer (mit Berlin);Ausländer;männlich;126
2007;4. Quartal;Fortzug;Alte Bundesländer (mit Berlin);Ausländer;weiblich;80
2007;4. Quartal;Fortzug;Neue Bundesländer (ohne Sachsen);Deutsche;männlich;357
2007;4. Quartal;Fortzug;Neue Bundesländer (ohne Sachsen);Deutsche;weiblich;386
2007;4. Quartal;Fortzug;Neue Bundesländer (ohne Sachsen);Ausländer;männlich;40
2007;4. Quartal;Fortzug;Neue Bundesländer (ohne Sachsen);Ausländer;weiblich;26
2007;4. Quartal;Fortzug;Sachsen (ohne Umland Dresden);Deutsche;männlich;332
2007;4. Quartal;Fortzug;Sachsen (ohne Umland Dresden);Deutsche;weiblich;321
2007;4. Quartal;Fortzug;Sachsen (ohne Umland Dresden);Ausländer;männlich;16
2007;4. Quartal;Fortzug;Sachsen (ohne Umland Dresden);Ausländer;weiblich;11
2007;4. Quartal;Fortzug;Umland Dresden;Deutsche;männlich;652
2007;4. Quartal;Fortzug;Umland Dresden;Deutsche;weiblich;633
2007;4. Quartal;Fortzug;Umland Dresden;Ausländer;männlich;27
2007;4. Quartal;Fortzug;Umland Dresden;Ausländer;weiblich;26
2007;4. Quartal;Umzug;Innerhalb Dresdens;Deutsche;männlich;5425
2007;4. Quartal;Umzug;Innerhalb Dresdens;Deutsche;weiblich;5318
2007;4. Quartal;Umzug;Innerhalb Dresdens;Ausländer;männlich;692
2007;4. Quartal;Umzug;Innerhalb Dresdens;Ausländer;weiblich;491
2008;1. Quartal;Zuzug;unbekannt;Deutsche;männlich;182
2008;1. Quartal;Zuzug;unbekannt;Deutsche;weiblich;38
2008;1. Quartal;Zuzug;unbekannt;Ausländer;männlich;29
2008;1. Quartal;Zuzug;unbekannt;Ausländer;weiblich;11
2008;1. Quartal;Zuzug;Ausland;Deutsche;männlich;66
2008;1. Quartal;Zuzug;Ausland;Deutsche;weiblich;43
2008;1. Quartal;Zuzug;Ausland;Ausländer;männlich;399
2008;1. Quartal;Zuzug;Ausland;Ausländer;weiblich;292
2008;1. Quartal;Zuzug;Alte Bundesländer (mit Berlin);Deutsche;männlich;477
2008;1. Quartal;Zuzug;Alte Bundesländer (mit Berlin);Deutsche;weiblich;454
2008;1. Quartal;Zuzug;Alte Bundesländer (mit Berlin);Ausländer;männlich;54
2008;1. Quartal;Zuzug;Alte Bundesländer (mit Berlin);Ausländer;weiblich;47
2008;1. Quartal;Zuzug;Neue Bundesländer (ohne Sachsen);Deutsche;männlich;457
2008;1. Quartal;Zuzug;Neue Bundesländer (ohne Sachsen);Deutsche;weiblich;370
2008;1. Quartal;Zuzug;Neue Bundesländer (ohne Sachsen);Ausländer;männlich;18
2008;1. Quartal;Zuzug;Neue Bundesländer (ohne Sachsen);Ausländer;weiblich;16
2008;1. Quartal;Zuzug;Sachsen (ohne Umland Dresden);Deutsche;männlich;516
2008;1. Quartal;Zuzug;Sachsen (ohne Umland Dresden);Deutsche;weiblich;493
2008;1. Quartal;Zuzug;Sachsen (ohne Umland Dresden);Ausländer;männlich;29
2008;1. Quartal;Zuzug;Sachsen (ohne Umland Dresden);Ausländer;weiblich;28
2008;1. Quartal;Zuzug;Umland Dresden;Deutsche;männlich;785
2008;1. Quartal;Zuzug;Umland Dresden;Deutsche;weiblich;772
2008;1. Quartal;Zuzug;Umland Dresden;Ausländer;männlich;50
2008;1. Quartal;Zuzug;Umland Dresden;Ausländer;weiblich;41
2008;1. Quartal;Fortzug;unbekannt;Deutsche;männlich;232
2008;1. Quartal;Fortzug;unbekannt;Deutsche;weiblich;70
2008;1. Quartal;Fortzug;unbekannt;Ausländer;männlich;155
2008;1. Quartal;Fortzug;unbekannt;Ausländer;weiblich;86
2008;1. Quartal;Fortzug;Ausland;Deutsche;männlich;142
2008;1. Quartal;Fortzug;Ausland;Deutsche;weiblich;111
2008;1. Quartal;Fortzug;Ausland;Ausländer;männlich;215
2008;1. Quartal;Fortzug;Ausland;Ausländer;weiblich;228
2008;1. Quartal;Fortzug;Alte Bundesländer (mit Berlin);Deutsche;männlich;566
2008;1. Quartal;Fortzug;Alte Bundesländer (mit Berlin);Deutsche;weiblich;486
2008;1. Quartal;Fortzug;Alte Bundesländer (mit Berlin);Ausländer;männlich;118
2008;1. Quartal;Fortzug;Alte Bundesländer (mit Berlin);Ausländer;weiblich;81
2008;1. Quartal;Fortzug;Neue Bundesländer (ohne Sachsen);Deutsche;männlich;316
2008;1. Quartal;Fortzug;Neue Bundesländer (ohne Sachsen);Deutsche;weiblich;325
2008;1. Quartal;Fortzug;Neue Bundesländer (ohne Sachsen);Ausländer;männlich;28
2008;1. Quartal;Fortzug;Neue Bundesländer (ohne Sachsen);Ausländer;weiblich;16
2008;1. Quartal;Fortzug;Sachsen (ohne Umland Dresden);Deutsche;männlich;247
2008;1. Quartal;Fortzug;Sachsen (ohne Umland Dresden);Deutsche;weiblich;261
2008;1. Quartal;Fortzug;Sachsen (ohne Umland Dresden);Ausländer;männlich;15
2008;1. Quartal;Fortzug;Sachsen (ohne Umland Dresden);Ausländer;weiblich;13
2008;1. Quartal;Fortzug;Umland Dresden;Deutsche;männlich;608
2008;1. Quartal;Fortzug;Umland Dresden;Deutsche;weiblich;617
2008;1. Quartal;Fortzug;Umland Dresden;Ausländer;männlich;20
2008;1. Quartal;Fortzug;Umland Dresden;Ausländer;weiblich;13
2008;1. Quartal;Umzug;Innerhalb Dresdens;Deutsche;männlich;5228
2008;1. Quartal;Umzug;Innerhalb Dresdens;Deutsche;weiblich;5211
2008;1. Quartal;Umzug;Innerhalb Dresdens;Ausländer;männlich;507
2008;1. Quartal;Umzug;Innerhalb Dresdens;Ausländer;weiblich;397
2008;2. Quartal;Zuzug;unbekannt;Deutsche;männlich;124
2008;2. Quartal;Zuzug;unbekannt;Deutsche;weiblich;19
2008;2. Quartal;Zuzug;unbekannt;Ausländer;männlich;69
2008;2. Quartal;Zuzug;unbekannt;Ausländer;weiblich;39
2008;2. Quartal;Zuzug;Ausland;Deutsche;männlich;64
2008;2. Quartal;Zuzug;Ausland;Deutsche;weiblich;66
2008;2. Quartal;Zuzug;Ausland;Ausländer;männlich;465
2008;2. Quartal;Zuzug;Ausland;Ausländer;weiblich;317
2008;2. Quartal;Zuzug;Alte Bundesländer (mit Berlin);Deutsche;männlich;461
2008;2. Quartal;Zuzug;Alte Bundesländer (mit Berlin);Deutsche;weiblich;459
2008;2. Quartal;Zuzug;Alte Bundesländer (mit Berlin);Ausländer;männlich;58
2008;2. Quartal;Zuzug;Alte Bundesländer (mit Berlin);Ausländer;weiblich;34
2008;2. Quartal;Zuzug;Neue Bundesländer (ohne Sachsen);Deutsche;männlich;405
2008;2. Quartal;Zuzug;Neue Bundesländer (ohne Sachsen);Deutsche;weiblich;330
2008;2. Quartal;Zuzug;Neue Bundesländer (ohne Sachsen);Ausländer;männlich;30
2008;2. Quartal;Zuzug;Neue Bundesländer (ohne Sachsen);Ausländer;weiblich;18
2008;2. Quartal;Zuzug;Sachsen (ohne Umland Dresden);Deutsche;männlich;444
2008;2. Quartal;Zuzug;Sachsen (ohne Umland Dresden);Deutsche;weiblich;411
2008;2. Quartal;Zuzug;Sachsen (ohne Umland Dresden);Ausländer;männlich;19
2008;2. Quartal;Zuzug;Sachsen (ohne Umland Dresden);Ausländer;weiblich;18
2008;2. Quartal;Zuzug;Umland Dresden;Deutsche;männlich;695
2008;2. Quartal;Zuzug;Umland Dresden;Deutsche;weiblich;687
2008;2. Quartal;Zuzug;Umland Dresden;Ausländer;männlich;34
2008;2. Quartal;Zuzug;Umland Dresden;Ausländer;weiblich;19
2008;2. Quartal;Fortzug;unbekannt;Deutsche;männlich;194
2008;2. Quartal;Fortzug;unbekannt;Deutsche;weiblich;54
2008;2. Quartal;Fortzug;unbekannt;Ausländer;männlich;298
2008;2. Quartal;Fortzug;unbekannt;Ausländer;weiblich;115
2008;2. Quartal;Fortzug;Ausland;Deutsche;männlich;87
2008;2. Quartal;Fortzug;Ausland;Deutsche;weiblich;83
2008;2. Quartal;Fortzug;Ausland;Ausländer;männlich;199
2008;2. Quartal;Fortzug;Ausland;Ausländer;weiblich;117
2008;2. Quartal;Fortzug;Alte Bundesländer (mit Berlin);Deutsche;männlich;534
2008;2. Quartal;Fortzug;Alte Bundesländer (mit Berlin);Deutsche;weiblich;497
2008;2. Quartal;Fortzug;Alte Bundesländer (mit Berlin);Ausländer;männlich;104
2008;2. Quartal;Fortzug;Alte Bundesländer (mit Berlin);Ausländer;weiblich;72
2008;2. Quartal;Fortzug;Neue Bundesländer (ohne Sachsen);Deutsche;männlich;270
2008;2. Quartal;Fortzug;Neue Bundesländer (ohne Sachsen);Deutsche;weiblich;323
2008;2. Quartal;Fortzug;Neue Bundesländer (ohne Sachsen);Ausländer;männlich;42
2008;2. Quartal;Fortzug;Neue Bundesländer (ohne Sachsen);Ausländer;weiblich;21
2008;2. Quartal;Fortzug;Sachsen (ohne Umland Dresden);Deutsche;männlich;274
2008;2. Quartal;Fortzug;Sachsen (ohne Umland Dresden);Deutsche;weiblich;253
2008;2. Quartal;Fortzug;Sachsen (ohne Umland Dresden);Ausländer;männlich;26
2008;2. Quartal;Fortzug;Sachsen (ohne Umland Dresden);Ausländer;weiblich;14
2008;2. Quartal;Fortzug;Umland Dresden;Deutsche;männlich;630
2008;2. Quartal;Fortzug;Umland Dresden;Deutsche;weiblich;631
2008;2. Quartal;Fortzug;Umland Dresden;Ausländer;männlich;33
2008;2. Quartal;Fortzug;Umland Dresden;Ausländer;weiblich;25
2008;2. Quartal;Umzug;Innerhalb Dresdens;Deutsche;männlich;4999
2008;2. Quartal;Umzug;Innerhalb Dresdens;Deutsche;weiblich;5033
2008;2. Quartal;Umzug;Innerhalb Dresdens;Ausländer;männlich;537
2008;2. Quartal;Umzug;Innerhalb Dresdens;Ausländer;weiblich;416
2008;3. Quartal;Zuzug;unbekannt;Deutsche;männlich;125
2008;3. Quartal;Zuzug;unbekannt;Deutsche;weiblich;24
2008;3. Quartal;Zuzug;unbekannt;Ausländer;männlich;23
2008;3. Quartal;Zuzug;unbekannt;Ausländer;weiblich;12
2008;3. Quartal;Zuzug;Ausland;Deutsche;männlich;79
2008;3. Quartal;Zuzug;Ausland;Deutsche;weiblich;78
2008;3. Quartal;Zuzug;Ausland;Ausländer;männlich;637
2008;3. Quartal;Zuzug;Ausland;Ausländer;weiblich;520
2008;3. Quartal;Zuzug;Alte Bundesländer (mit Berlin);Deutsche;männlich;625
2008;3. Quartal;Zuzug;Alte Bundesländer (mit Berlin);Deutsche;weiblich;700
2008;3. Quartal;Zuzug;Alte Bundesländer (mit Berlin);Ausländer;männlich;49
2008;3. Quartal;Zuzug;Alte Bundesländer (mit Berlin);Ausländer;weiblich;53
2008;3. Quartal;Zuzug;Neue Bundesländer (ohne Sachsen);Deutsche;männlich;701
2008;3. Quartal;Zuzug;Neue Bundesländer (ohne Sachsen);Deutsche;weiblich;733
2008;3. Quartal;Zuzug;Neue Bundesländer (ohne Sachsen);Ausländer;männlich;33
2008;3. Quartal;Zuzug;Neue Bundesländer (ohne Sachsen);Ausländer;weiblich;24
2008;3. Quartal;Zuzug;Sachsen (ohne Umland Dresden);Deutsche;männlich;817
2008;3. Quartal;Zuzug;Sachsen (ohne Umland Dresden);Deutsche;weiblich;903
2008;3. Quartal;Zuzug;Sachsen (ohne Umland Dresden);Ausländer;männlich;35
2008;3. Quartal;Zuzug;Sachsen (ohne Umland Dresden);Ausländer;weiblich;25
2008;3. Quartal;Zuzug;Umland Dresden;Deutsche;männlich;892
2008;3. Quartal;Zuzug;Umland Dresden;Deutsche;weiblich;1010
2008;3. Quartal;Zuzug;Umland Dresden;Ausländer;männlich;39
2008;3. Quartal;Zuzug;Umland Dresden;Ausländer;weiblich;35
2008;3. Quartal;Fortzug;unbekannt;Deutsche;männlich;235
2008;3. Quartal;Fortzug;unbekannt;Deutsche;weiblich;64
2008;3. Quartal;Fortzug;unbekannt;Ausländer;männlich;273
2008;3. Quartal;Fortzug;unbekannt;Ausländer;weiblich;185
2008;3. Quartal;Fortzug;Ausland;Deutsche;männlich;148
2008;3. Quartal;Fortzug;Ausland;Deutsche;weiblich;154
2008;3. Quartal;Fortzug;Ausland;Ausländer;männlich;410
2008;3. Quartal;Fortzug;Ausland;Ausländer;weiblich;448
2008;3. Quartal;Fortzug;Alte Bundesländer (mit Berlin);Deutsche;männlich;830
2008;3. Quartal;Fortzug;Alte Bundesländer (mit Berlin);Deutsche;weiblich;869
2008;3. Quartal;Fortzug;Alte Bundesländer (mit Berlin);Ausländer;männlich;132
2008;3. Quartal;Fortzug;Alte Bundesländer (mit Berlin);Ausländer;weiblich;105
2008;3. Quartal;Fortzug;Neue Bundesländer (ohne Sachsen);Deutsche;männlich;515
2008;3. Quartal;Fortzug;Neue Bundesländer (ohne Sachsen);Deutsche;weiblich;553
2008;3. Quartal;Fortzug;Neue Bundesländer (ohne Sachsen);Ausländer;männlich;33
2008;3. Quartal;Fortzug;Neue Bundesländer (ohne Sachsen);Ausländer;weiblich;43
2008;3. Quartal;Fortzug;Sachsen (ohne Umland Dresden);Deutsche;männlich;410
2008;3. Quartal;Fortzug;Sachsen (ohne Umland Dresden);Deutsche;weiblich;470
2008;3. Quartal;Fortzug;Sachsen (ohne Umland Dresden);Ausländer;männlich;25
2008;3. Quartal;Fortzug;Sachsen (ohne Umland Dresden);Ausländer;weiblich;12
2008;3. Quartal;Fortzug;Umland Dresden;Deutsche;männlich;744
2008;3. Quartal;Fortzug;Umland Dresden;Deutsche;weiblich;851
2008;3. Quartal;Fortzug;Umland Dresden;Ausländer;männlich;15
2008;3. Quartal;Fortzug;Umland Dresden;Ausländer;weiblich;21
2008;3. Quartal;Umzug;Innerhalb Dresdens;Deutsche;männlich;5308
2008;3. Quartal;Umzug;Innerhalb Dresdens;Deutsche;weiblich;5404
2008;3. Quartal;Umzug;Innerhalb Dresdens;Ausländer;männlich;508
2008;3. Quartal;Umzug;Innerhalb Dresdens;Ausländer;weiblich;442
2008;4. Quartal;Zuzug;unbekannt;Deutsche;männlich;110
2008;4. Quartal;Zuzug;unbekannt;Deutsche;weiblich;17
2008;4. Quartal;Zuzug;unbekannt;Ausländer;männlich;18
2008;4. Quartal;Zuzug;unbekannt;Ausländer;weiblich;5
2008;4. Quartal;Zuzug;Ausland;Deutsche;männlich;75
2008;4. Quartal;Zuzug;Ausland;Deutsche;weiblich;65
2008;4. Quartal;Zuzug;Ausland;Ausländer;männlich;596
2008;4. Quartal;Zuzug;Ausland;Ausländer;weiblich;495
2008;4. Quartal;Zuzug;Alte Bundesländer (mit Berlin);Deutsche;männlich;743
2008;4. Quartal;Zuzug;Alte Bundesländer (mit Berlin);Deutsche;weiblich;622
2008;4. Quartal;Zuzug;Alte Bundesländer (mit Berlin);Ausländer;männlich;69
2008;4. Quartal;Zuzug;Alte Bundesländer (mit Berlin);Ausländer;weiblich;47
2008;4. Quartal;Zuzug;Neue Bundesländer (ohne Sachsen);Deutsche;männlich;966
2008;4. Quartal;Zuzug;Neue Bundesländer (ohne Sachsen);Deutsche;weiblich;808
2008;4. Quartal;Zuzug;Neue Bundesländer (ohne Sachsen);Ausländer;männlich;32
2008;4. Quartal;Zuzug;Neue Bundesländer (ohne Sachsen);Ausländer;weiblich;34
2008;4. Quartal;Zuzug;Sachsen (ohne Umland Dresden);Deutsche;männlich;852
2008;4. Quartal;Zuzug;Sachsen (ohne Umland Dresden);Deutsche;weiblich;847
2008;4. Quartal;Zuzug;Sachsen (ohne Umland Dresden);Ausländer;männlich;27
2008;4. Quartal;Zuzug;Sachsen (ohne Umland Dresden);Ausländer;weiblich;15
2008;4. Quartal;Zuzug;Umland Dresden;Deutsche;männlich;899
2008;4. Quartal;Zuzug;Umland Dresden;Deutsche;weiblich;830
2008;4. Quartal;Zuzug;Umland Dresden;Ausländer;männlich;30
2008;4. Quartal;Zuzug;Umland Dresden;Ausländer;weiblich;18
2008;4. Quartal;Fortzug;unbekannt;Deutsche;männlich;208
2008;4. Quartal;Fortzug;unbekannt;Deutsche;weiblich;60
2008;4. Quartal;Fortzug;unbekannt;Ausländer;männlich;294
2008;4. Quartal;Fortzug;unbekannt;Ausländer;weiblich;214
2008;4. Quartal;Fortzug;Ausland;Deutsche;männlich;118
2008;4. Quartal;Fortzug;Ausland;Deutsche;weiblich;115
2008;4. Quartal;Fortzug;Ausland;Ausländer;männlich;269
2008;4. Quartal;Fortzug;Ausland;Ausländer;weiblich;176
2008;4. Quartal;Fortzug;Alte Bundesländer (mit Berlin);Deutsche;männlich;745
2008;4. Quartal;Fortzug;Alte Bundesländer (mit Berlin);Deutsche;weiblich;705
2008;4. Quartal;Fortzug;Alte Bundesländer (mit Berlin);Ausländer;männlich;122
2008;4. Quartal;Fortzug;Alte Bundesländer (mit Berlin);Ausländer;weiblich;108
2008;4. Quartal;Fortzug;Neue Bundesländer (ohne Sachsen);Deutsche;männlich;423
2008;4. Quartal;Fortzug;Neue Bundesländer (ohne Sachsen);Deutsche;weiblich;452
2008;4. Quartal;Fortzug;Neue Bundesländer (ohne Sachsen);Ausländer;männlich;57
2008;4. Quartal;Fortzug;Neue Bundesländer (ohne Sachsen);Ausländer;weiblich;47
2008;4. Quartal;Fortzug;Sachsen (ohne Umland Dresden);Deutsche;männlich;362
2008;4. Quartal;Fortzug;Sachsen (ohne Umland Dresden);Deutsche;weiblich;371
2008;4. Quartal;Fortzug;Sachsen (ohne Umland Dresden);Ausländer;männlich;15
2008;4. Quartal;Fortzug;Sachsen (ohne Umland Dresden);Ausländer;weiblich;20
2008;4. Quartal;Fortzug;Umland Dresden;Deutsche;männlich;597
2008;4. Quartal;Fortzug;Umland Dresden;Deutsche;weiblich;662
2008;4. Quartal;Fortzug;Umland Dresden;Ausländer;männlich;25
2008;4. Quartal;Fortzug;Umland Dresden;Ausländer;weiblich;16
2008;4. Quartal;Umzug;Innerhalb Dresdens;Deutsche;männlich;5299
2008;4. Quartal;Umzug;Innerhalb Dresdens;Deutsche;weiblich;5188
2008;4. Quartal;Umzug;Innerhalb Dresdens;Ausländer;männlich;573
2008;4. Quartal;Umzug;Innerhalb Dresdens;Ausländer;weiblich;431
2009;1. Quartal;Zuzug;unbekannt;Deutsche;männlich;113
2009;1. Quartal;Zuzug;unbekannt;Deutsche;weiblich;28
2009;1. Quartal;Zuzug;unbekannt;Ausländer;männlich;10
2009;1. Quartal;Zuzug;unbekannt;Ausländer;weiblich;3
2009;1. Quartal;Zuzug;Ausland;Deutsche;männlich;85
2009;1. Quartal;Zuzug;Ausland;Deutsche;weiblich;54
2009;1. Quartal;Zuzug;Ausland;Ausländer;männlich;601
2009;1. Quartal;Zuzug;Ausland;Ausländer;weiblich;381
2009;1. Quartal;Zuzug;Alte Bundesländer (mit Berlin);Deutsche;männlich;472
2009;1. Quartal;Zuzug;Alte Bundesländer (mit Berlin);Deutsche;weiblich;438
2009;1. Quartal;Zuzug;Alte Bundesländer (mit Berlin);Ausländer;männlich;57
2009;1. Quartal;Zuzug;Alte Bundesländer (mit Berlin);Ausländer;weiblich;49
2009;1. Quartal;Zuzug;Neue Bundesländer (ohne Sachsen);Deutsche;männlich;428
2009;1. Quartal;Zuzug;Neue Bundesländer (ohne Sachsen);Deutsche;weiblich;436
2009;1. Quartal;Zuzug;Neue Bundesländer (ohne Sachsen);Ausländer;männlich;36
2009;1. Quartal;Zuzug;Neue Bundesländer (ohne Sachsen);Ausländer;weiblich;26
2009;1. Quartal;Zuzug;Sachsen (ohne Umland Dresden);Deutsche;männlich;535
2009;1. Quartal;Zuzug;Sachsen (ohne Umland Dresden);Deutsche;weiblich;502
2009;1. Quartal;Zuzug;Sachsen (ohne Umland Dresden);Ausländer;männlich;42
2009;1. Quartal;Zuzug;Sachsen (ohne Umland Dresden);Ausländer;weiblich;17
2009;1. Quartal;Zuzug;Umland Dresden;Deutsche;männlich;750
2009;1. Quartal;Zuzug;Umland Dresden;Deutsche;weiblich;785
2009;1. Quartal;Zuzug;Umland Dresden;Ausländer;männlich;22
2009;1. Quartal;Zuzug;Umland Dresden;Ausländer;weiblich;22
2009;1. Quartal;Fortzug;unbekannt;Deutsche;männlich;357
2009;1. Quartal;Fortzug;unbekannt;Deutsche;weiblich;137
2009;1. Quartal;Fortzug;unbekannt;Ausländer;männlich;395
2009;1. Quartal;Fortzug;unbekannt;Ausländer;weiblich;292
2009;1. Quartal;Fortzug;Ausland;Deutsche;männlich;110
2009;1. Quartal;Fortzug;Ausland;Deutsche;weiblich;103
2009;1. Quartal;Fortzug;Ausland;Ausländer;männlich;345
2009;1. Quartal;Fortzug;Ausland;Ausländer;weiblich;262
2009;1. Quartal;Fortzug;Alte Bundesländer (mit Berlin);Deutsche;männlich;541
2009;1. Quartal;Fortzug;Alte Bundesländer (mit Berlin);Deutsche;weiblich;513
2009;1. Quartal;Fortzug;Alte Bundesländer (mit Berlin);Ausländer;männlich;94
2009;1. Quartal;Fortzug;Alte Bundesländer (mit Berlin);Ausländer;weiblich;98
2009;1. Quartal;Fortzug;Neue Bundesländer (ohne Sachsen);Deutsche;männlich;349
2009;1. Quartal;Fortzug;Neue Bundesländer (ohne Sachsen);Deutsche;weiblich;405
2009;1. Quartal;Fortzug;Neue Bundesländer (ohne Sachsen);Ausländer;männlich;41
2009;1. Quartal;Fortzug;Neue Bundesländer (ohne Sachsen);Ausländer;weiblich;22
2009;1. Quartal;Fortzug;Sachsen (ohne Umland Dresden);Deutsche;männlich;293
2009;1. Quartal;Fortzug;Sachsen (ohne Umland Dresden);Deutsche;weiblich;257
2009;1. Quartal;Fortzug;Sachsen (ohne Umland Dresden);Ausländer;männlich;11
2009;1. Quartal;Fortzug;Sachsen (ohne Umland Dresden);Ausländer;weiblich;22
2009;1. Quartal;Fortzug;Umland Dresden;Deutsche;männlich;597
2009;1. Quartal;Fortzug;Umland Dresden;Deutsche;weiblich;634
2009;1. Quartal;Fortzug;Umland Dresden;Ausländer;männlich;17
2009;1. Quartal;Fortzug;Umland Dresden;Ausländer;weiblich;14
2009;1. Quartal;Umzug;Innerhalb Dresdens;Deutsche;männlich;4919
2009;1. Quartal;Umzug;Innerhalb Dresdens;Deutsche;weiblich;4734
2009;1. Quartal;Umzug;Innerhalb Dresdens;Ausländer;männlich;546
2009;1. Quartal;Umzug;Innerhalb Dresdens;Ausländer;weiblich;401
2009;2. Quartal;Zuzug;unbekannt;Deutsche;männlich;92
2009;2. Quartal;Zuzug;unbekannt;Deutsche;weiblich;20
2009;2. Quartal;Zuzug;unbekannt;Ausländer;männlich;8
2009;2. Quartal;Zuzug;unbekannt;Ausländer;weiblich;3
2009;2. Quartal;Zuzug;Ausland;Deutsche;männlich;78
2009;2. Quartal;Zuzug;Ausland;Deutsche;weiblich;72
2009;2. Quartal;Zuzug;Ausland;Ausländer;männlich;456
2009;2. Quartal;Zuzug;Ausland;Ausländer;weiblich;300
2009;2. Quartal;Zuzug;Alte Bundesländer (mit Berlin);Deutsche;männlich;453
2009;2. Quartal;Zuzug;Alte Bundesländer (mit Berlin);Deutsche;weiblich;414
2009;2. Quartal;Zuzug;Alte Bundesländer (mit Berlin);Ausländer;männlich;42
2009;2. Quartal;Zuzug;Alte Bundesländer (mit Berlin);Ausländer;weiblich;38
2009;2. Quartal;Zuzug;Neue Bundesländer (ohne Sachsen);Deutsche;männlich;412
2009;2. Quartal;Zuzug;Neue Bundesländer (ohne Sachsen);Deutsche;weiblich;349
2009;2. Quartal;Zuzug;Neue Bundesländer (ohne Sachsen);Ausländer;männlich;29
2009;2. Quartal;Zuzug;Neue Bundesländer (ohne Sachsen);Ausländer;weiblich;23
2009;2. Quartal;Zuzug;Sachsen (ohne Umland Dresden);Deutsche;männlich;482
2009;2. Quartal;Zuzug;Sachsen (ohne Umland Dresden);Deutsche;weiblich;456
2009;2. Quartal;Zuzug;Sachsen (ohne Umland Dresden);Ausländer;männlich;21
2009;2. Quartal;Zuzug;Sachsen (ohne Umland Dresden);Ausländer;weiblich;22
2009;2. Quartal;Zuzug;Umland Dresden;Deutsche;männlich;665
2009;2. Quartal;Zuzug;Umland Dresden;Deutsche;weiblich;707
2009;2. Quartal;Zuzug;Umland Dresden;Ausländer;männlich;28
2009;2. Quartal;Zuzug;Umland Dresden;Ausländer;weiblich;20
2009;2. Quartal;Fortzug;unbekannt;Deutsche;männlich;376
2009;2. Quartal;Fortzug;unbekannt;Deutsche;weiblich;183
2009;2. Quartal;Fortzug;unbekannt;Ausländer;männlich;404
2009;2. Quartal;Fortzug;unbekannt;Ausländer;weiblich;250
2009;2. Quartal;Fortzug;Ausland;Deutsche;männlich;150
2009;2. Quartal;Fortzug;Ausland;Deutsche;weiblich;139
2009;2. Quartal;Fortzug;Ausland;Ausländer;männlich;321
2009;2. Quartal;Fortzug;Ausland;Ausländer;weiblich;171
2009;2. Quartal;Fortzug;Alte Bundesländer (mit Berlin);Deutsche;männlich;525
2009;2. Quartal;Fortzug;Alte Bundesländer (mit Berlin);Deutsche;weiblich;476
2009;2. Quartal;Fortzug;Alte Bundesländer (mit Berlin);Ausländer;männlich;79
2009;2. Quartal;Fortzug;Alte Bundesländer (mit Berlin);Ausländer;weiblich;68
2009;2. Quartal;Fortzug;Neue Bundesländer (ohne Sachsen);Deutsche;männlich;321
2009;2. Quartal;Fortzug;Neue Bundesländer (ohne Sachsen);Deutsche;weiblich;337
2009;2. Quartal;Fortzug;Neue Bundesländer (ohne Sachsen);Ausländer;männlich;31
2009;2. Quartal;Fortzug;Neue Bundesländer (ohne Sachsen);Ausländer;weiblich;32
2009;2. Quartal;Fortzug;Sachsen (ohne Umland Dresden);Deutsche;männlich;293
2009;2. Quartal;Fortzug;Sachsen (ohne Umland Dresden);Deutsche;weiblich;302
2009;2. Quartal;Fortzug;Sachsen (ohne Umland Dresden);Ausländer;männlich;11
2009;2. Quartal;Fortzug;Sachsen (ohne Umland Dresden);Ausländer;weiblich;10
2009;2. Quartal;Fortzug;Umland Dresden;Deutsche;männlich;579
2009;2. Quartal;Fortzug;Umland Dresden;Deutsche;weiblich;596
2009;2. Quartal;Fortzug;Umland Dresden;Ausländer;männlich;33
2009;2. Quartal;Fortzug;Umland Dresden;Ausländer;weiblich;10
2009;2. Quartal;Umzug;Innerhalb Dresdens;Deutsche;männlich;5041
2009;2. Quartal;Umzug;Innerhalb Dresdens;Deutsche;weiblich;5051
2009;2. Quartal;Umzug;Innerhalb Dresdens;Ausländer;männlich;560
2009;2. Quartal;Umzug;Innerhalb Dresdens;Ausländer;weiblich;470
2009;3. Quartal;Zuzug;unbekannt;Deutsche;männlich;112
2009;3. Quartal;Zuzug;unbekannt;Deutsche;weiblich;33
2009;3. Quartal;Zuzug;unbekannt;Ausländer;männlich;8
2009;3. Quartal;Zuzug;unbekannt;Ausländer;weiblich;2
2009;3. Quartal;Zuzug;Ausland;Deutsche;männlich;108
2009;3. Quartal;Zuzug;Ausland;Deutsche;weiblich;84
2009;3. Quartal;Zuzug;Ausland;Ausländer;männlich;684
2009;3. Quartal;Zuzug;Ausland;Ausländer;weiblich;495
2009;3. Quartal;Zuzug;Alte Bundesländer (mit Berlin);Deutsche;männlich;704
2009;3. Quartal;Zuzug;Alte Bundesländer (mit Berlin);Deutsche;weiblich;711
2009;3. Quartal;Zuzug;Alte Bundesländer (mit Berlin);Ausländer;männlich;86
2009;3. Quartal;Zuzug;Alte Bundesländer (mit Berlin);Ausländer;weiblich;73
2009;3. Quartal;Zuzug;Neue Bundesländer (ohne Sachsen);Deutsche;männlich;654
2009;3. Quartal;Zuzug;Neue Bundesländer (ohne Sachsen);Deutsche;weiblich;749
2009;3. Quartal;Zuzug;Neue Bundesländer (ohne Sachsen);Ausländer;männlich;34
2009;3. Quartal;Zuzug;Neue Bundesländer (ohne Sachsen);Ausländer;weiblich;35
2009;3. Quartal;Zuzug;Sachsen (ohne Umland Dresden);Deutsche;männlich;867
2009;3. Quartal;Zuzug;Sachsen (ohne Umland Dresden);Deutsche;weiblich;884
2009;3. Quartal;Zuzug;Sachsen (ohne Umland Dresden);Ausländer;männlich;35
2009;3. Quartal;Zuzug;Sachsen (ohne Umland Dresden);Ausländer;weiblich;34
2009;3. Quartal;Zuzug;Umland Dresden;Deutsche;männlich;934
2009;3. Quartal;Zuzug;Umland Dresden;Deutsche;weiblich;970
2009;3. Quartal;Zuzug;Umland Dresden;Ausländer;männlich;45
2009;3. Quartal;Zuzug;Umland Dresden;Ausländer;weiblich;39
2009;3. Quartal;Fortzug;unbekannt;Deutsche;männlich;255
2009;3. Quartal;Fortzug;unbekannt;Deutsche;weiblich;75
2009;3. Quartal;Fortzug;unbekannt;Ausländer;männlich;94
2009;3. Quartal;Fortzug;unbekannt;Ausländer;weiblich;68
2009;3. Quartal;Fortzug;Ausland;Deutsche;männlich;173
2009;3. Quartal;Fortzug;Ausland;Deutsche;weiblich;130
2009;3. Quartal;Fortzug;Ausland;Ausländer;männlich;548
2009;3. Quartal;Fortzug;Ausland;Ausländer;weiblich;469
2009;3. Quartal;Fortzug;Alte Bundesländer (mit Berlin);Deutsche;männlich;812
2009;3. Quartal;Fortzug;Alte Bundesländer (mit Berlin);Deutsche;weiblich;797
2009;3. Quartal;Fortzug;Alte Bundesländer (mit Berlin);Ausländer;männlich;112
2009;3. Quartal;Fortzug;Alte Bundesländer (mit Berlin);Ausländer;weiblich;106
2009;3. Quartal;Fortzug;Neue Bundesländer (ohne Sachsen);Deutsche;männlich;542
2009;3. Quartal;Fortzug;Neue Bundesländer (ohne Sachsen);Deutsche;weiblich;568
2009;3. Quartal;Fortzug;Neue Bundesländer (ohne Sachsen);Ausländer;männlich;33
2009;3. Quartal;Fortzug;Neue Bundesländer (ohne Sachsen);Ausländer;weiblich;30
2009;3. Quartal;Fortzug;Sachsen (ohne Umland Dresden);Deutsche;männlich;467
2009;3. Quartal;Fortzug;Sachsen (ohne Umland Dresden);Deutsche;weiblich;513
2009;3. Quartal;Fortzug;Sachsen (ohne Umland Dresden);Ausländer;männlich;24
2009;3. Quartal;Fortzug;Sachsen (ohne Umland Dresden);Ausländer;weiblich;16
2009;3. Quartal;Fortzug;Umland Dresden;Deutsche;männlich;744
2009;3. Quartal;Fortzug;Umland Dresden;Deutsche;weiblich;797
2009;3. Quartal;Fortzug;Umland Dresden;Ausländer;männlich;27
2009;3. Quartal;Fortzug;Umland Dresden;Ausländer;weiblich;26
2009;3. Quartal;Umzug;Innerhalb Dresdens;Deutsche;männlich;5529
2009;3. Quartal;Umzug;Innerhalb Dresdens;Deutsche;weiblich;5543
2009;3. Quartal;Umzug;Innerhalb Dresdens;Ausländer;männlich;469
2009;3. Quartal;Umzug;Innerhalb Dresdens;Ausländer;weiblich;405
2009;4. Quartal;Zuzug;unbekannt;Deutsche;männlich;108
2009;4. Quartal;Zuzug;unbekannt;Deutsche;weiblich;21
2009;4. Quartal;Zuzug;unbekannt;Ausländer;männlich;9
2009;4. Quartal;Zuzug;unbekannt;Ausländer;weiblich;2
2009;4. Quartal;Zuzug;Ausland;Deutsche;männlich;83
2009;4. Quartal;Zuzug;Ausland;Deutsche;weiblich;58
2009;4. Quartal;Zuzug;Ausland;Ausländer;männlich;591
2009;4. Quartal;Zuzug;Ausland;Ausländer;weiblich;459
2009;4. Quartal;Zuzug;Alte Bundesländer (mit Berlin);Deutsche;männlich;786
2009;4. Quartal;Zuzug;Alte Bundesländer (mit Berlin);Deutsche;weiblich;715
2009;4. Quartal;Zuzug;Alte Bundesländer (mit Berlin);Ausländer;männlich;80
2009;4. Quartal;Zuzug;Alte Bundesländer (mit Berlin);Ausländer;weiblich;69
2009;4. Quartal;Zuzug;Neue Bundesländer (ohne Sachsen);Deutsche;männlich;949
2009;4. Quartal;Zuzug;Neue Bundesländer (ohne Sachsen);Deutsche;weiblich;853
2009;4. Quartal;Zuzug;Neue Bundesländer (ohne Sachsen);Ausländer;männlich;36
2009;4. Quartal;Zuzug;Neue Bundesländer (ohne Sachsen);Ausländer;weiblich;34
2009;4. Quartal;Zuzug;Sachsen (ohne Umland Dresden);Deutsche;männlich;856
2009;4. Quartal;Zuzug;Sachsen (ohne Umland Dresden);Deutsche;weiblich;849
2009;4. Quartal;Zuzug;Sachsen (ohne Umland Dresden);Ausländer;männlich;92
2009;4. Quartal;Zuzug;Sachsen (ohne Umland Dresden);Ausländer;weiblich;49
2009;4. Quartal;Zuzug;Umland Dresden;Deutsche;männlich;867
2009;4. Quartal;Zuzug;Umland Dresden;Deutsche;weiblich;828
2009;4. Quartal;Zuzug;Umland Dresden;Ausländer;männlich;24
2009;4. Quartal;Zuzug;Umland Dresden;Ausländer;weiblich;35
2009;4. Quartal;Fortzug;unbekannt;Deutsche;männlich;227
2009;4. Quartal;Fortzug;unbekannt;Deutsche;weiblich;64
2009;4. Quartal;Fortzug;unbekannt;Ausländer;männlich;98
2009;4. Quartal;Fortzug;unbekannt;Ausländer;weiblich;43
2009;4. Quartal;Fortzug;Ausland;Deutsche;männlich;130
2009;4. Quartal;Fortzug;Ausland;Deutsche;weiblich;109
2009;4. Quartal;Fortzug;Ausland;Ausländer;männlich;253
2009;4. Quartal;Fortzug;Ausland;Ausländer;weiblich;138
2009;4. Quartal;Fortzug;Alte Bundesländer (mit Berlin);Deutsche;männlich;568
2009;4. Quartal;Fortzug;Alte Bundesländer (mit Berlin);Deutsche;weiblich;565
2009;4. Quartal;Fortzug;Alte Bundesländer (mit Berlin);Ausländer;männlich;103
2009;4. Quartal;Fortzug;Alte Bundesländer (mit Berlin);Ausländer;weiblich;86
2009;4. Quartal;Fortzug;Neue Bundesländer (ohne Sachsen);Deutsche;männlich;464
2009;4. Quartal;Fortzug;Neue Bundesländer (ohne Sachsen);Deutsche;weiblich;481
2009;4. Quartal;Fortzug;Neue Bundesländer (ohne Sachsen);Ausländer;männlich;37
2009;4. Quartal;Fortzug;Neue Bundesländer (ohne Sachsen);Ausländer;weiblich;29
2009;4. Quartal;Fortzug;Sachsen (ohne Umland Dresden);Deutsche;männlich;346
2009;4. Quartal;Fortzug;Sachsen (ohne Umland Dresden);Deutsche;weiblich;319
2009;4. Quartal;Fortzug;Sachsen (ohne Umland Dresden);Ausländer;männlich;21
2009;4. Quartal;Fortzug;Sachsen (ohne Umland Dresden);Ausländer;weiblich;14
2009;4. Quartal;Fortzug;Umland Dresden;Deutsche;männlich;648
2009;4. Quartal;Fortzug;Umland Dresden;Deutsche;weiblich;652
2009;4. Quartal;Fortzug;Umland Dresden;Ausländer;männlich;37
2009;4. Quartal;Fortzug;Umland Dresden;Ausländer;weiblich;22
2009;4. Quartal;Umzug;Innerhalb Dresdens;Deutsche;männlich;5226
2009;4. Quartal;Umzug;Innerhalb Dresdens;Deutsche;weiblich;5199
2009;4. Quartal;Umzug;Innerhalb Dresdens;Ausländer;männlich;504
2009;4. Quartal;Umzug;Innerhalb Dresdens;Ausländer;weiblich;415
2010;1. Quartal;Zuzug;unbekannt;Deutsche;männlich;130
2010;1. Quartal;Zuzug;unbekannt;Deutsche;weiblich;36
2010;1. Quartal;Zuzug;unbekannt;Ausländer;männlich;7
2010;1. Quartal;Zuzug;unbekannt;Ausländer;weiblich;3
2010;1. Quartal;Zuzug;Ausland;Deutsche;männlich;93
2010;1. Quartal;Zuzug;Ausland;Deutsche;weiblich;52
2010;1. Quartal;Zuzug;Ausland;Ausländer;männlich;423
2010;1. Quartal;Zuzug;Ausland;Ausländer;weiblich;289
2010;1. Quartal;Zuzug;Alte Bundesländer (mit Berlin);Deutsche;männlich;427
2010;1. Quartal;Zuzug;Alte Bundesländer (mit Berlin);Deutsche;weiblich;381
2010;1. Quartal;Zuzug;Alte Bundesländer (mit Berlin);Ausländer;männlich;70
2010;1. Quartal;Zuzug;Alte Bundesländer (mit Berlin);Ausländer;weiblich;37
2010;1. Quartal;Zuzug;Neue Bundesländer (ohne Sachsen);Deutsche;männlich;393
2010;1. Quartal;Zuzug;Neue Bundesländer (ohne Sachsen);Deutsche;weiblich;370
2010;1. Quartal;Zuzug;Neue Bundesländer (ohne Sachsen);Ausländer;männlich;25
2010;1. Quartal;Zuzug;Neue Bundesländer (ohne Sachsen);Ausländer;weiblich;24
2010;1. Quartal;Zuzug;Sachsen (ohne Umland Dresden);Deutsche;männlich;523
2010;1. Quartal;Zuzug;Sachsen (ohne Umland Dresden);Deutsche;weiblich;501
2010;1. Quartal;Zuzug;Sachsen (ohne Umland Dresden);Ausländer;männlich;58
2010;1. Quartal;Zuzug;Sachsen (ohne Umland Dresden);Ausländer;weiblich;26
2010;1. Quartal;Zuzug;Umland Dresden;Deutsche;männlich;702
2010;1. Quartal;Zuzug;Umland Dresden;Deutsche;weiblich;717
2010;1. Quartal;Zuzug;Umland Dresden;Ausländer;männlich;22
2010;1. Quartal;Zuzug;Umland Dresden;Ausländer;weiblich;26
2010;1. Quartal;Fortzug;unbekannt;Deutsche;männlich;353
2010;1. Quartal;Fortzug;unbekannt;Deutsche;weiblich;118
2010;1. Quartal;Fortzug;unbekannt;Ausländer;männlich;142
2010;1. Quartal;Fortzug;unbekannt;Ausländer;weiblich;71
2010;1. Quartal;Fortzug;Ausland;Deutsche;männlich;118
2010;1. Quartal;Fortzug;Ausland;Deutsche;weiblich;111
2010;1. Quartal;Fortzug;Ausland;Ausländer;männlich;290
2010;1. Quartal;Fortzug;Ausland;Ausländer;weiblich;253
2010;1. Quartal;Fortzug;Alte Bundesländer (mit Berlin);Deutsche;männlich;501
2010;1. Quartal;Fortzug;Alte Bundesländer (mit Berlin);Deutsche;weiblich;502
2010;1. Quartal;Fortzug;Alte Bundesländer (mit Berlin);Ausländer;männlich;94
2010;1. Quartal;Fortzug;Alte Bundesländer (mit Berlin);Ausländer;weiblich;78
2010;1. Quartal;Fortzug;Neue Bundesländer (ohne Sachsen);Deutsche;männlich;359
2010;1. Quartal;Fortzug;Neue Bundesländer (ohne Sachsen);Deutsche;weiblich;366
2010;1. Quartal;Fortzug;Neue Bundesländer (ohne Sachsen);Ausländer;männlich;34
2010;1. Quartal;Fortzug;Neue Bundesländer (ohne Sachsen);Ausländer;weiblich;25
2010;1. Quartal;Fortzug;Sachsen (ohne Umland Dresden);Deutsche;männlich;262
2010;1. Quartal;Fortzug;Sachsen (ohne Umland Dresden);Deutsche;weiblich;281
2010;1. Quartal;Fortzug;Sachsen (ohne Umland Dresden);Ausländer;männlich;16
2010;1. Quartal;Fortzug;Sachsen (ohne Umland Dresden);Ausländer;weiblich;6
2010;1. Quartal;Fortzug;Umland Dresden;Deutsche;männlich;633
2010;1. Quartal;Fortzug;Umland Dresden;Deutsche;weiblich;642
2010;1. Quartal;Fortzug;Umland Dresden;Ausländer;männlich;20
2010;1. Quartal;Fortzug;Umland Dresden;Ausländer;weiblich;11
2010;1. Quartal;Umzug;Innerhalb Dresdens;Deutsche;männlich;4819
2010;1. Quartal;Umzug;Innerhalb Dresdens;Deutsche;weiblich;4905
2010;1. Quartal;Umzug;Innerhalb Dresdens;Ausländer;männlich;467
2010;1. Quartal;Umzug;Innerhalb Dresdens;Ausländer;weiblich;394
2010;2. Quartal;Zuzug;unbekannt;Deutsche;männlich;99
2010;2. Quartal;Zuzug;unbekannt;Deutsche;weiblich;19
2010;2. Quartal;Zuzug;unbekannt;Ausländer;männlich;12
2010;2. Quartal;Zuzug;unbekannt;Ausländer;weiblich;3
2010;2. Quartal;Zuzug;Ausland;Deutsche;männlich;91
2010;2. Quartal;Zuzug;Ausland;Deutsche;weiblich;58
2010;2. Quartal;Zuzug;Ausland;Ausländer;männlich;433
2010;2. Quartal;Zuzug;Ausland;Ausländer;weiblich;348
2010;2. Quartal;Zuzug;Alte Bundesländer (mit Berlin);Deutsche;männlich;470
2010;2. Quartal;Zuzug;Alte Bundesländer (mit Berlin);Deutsche;weiblich;405
2010;2. Quartal;Zuzug;Alte Bundesländer (mit Berlin);Ausländer;männlich;41
2010;2. Quartal;Zuzug;Alte Bundesländer (mit Berlin);Ausländer;weiblich;30
2010;2. Quartal;Zuzug;Neue Bundesländer (ohne Sachsen);Deutsche;männlich;375
2010;2. Quartal;Zuzug;Neue Bundesländer (ohne Sachsen);Deutsche;weiblich;385
2010;2. Quartal;Zuzug;Neue Bundesländer (ohne Sachsen);Ausländer;männlich;22
2010;2. Quartal;Zuzug;Neue Bundesländer (ohne Sachsen);Ausländer;weiblich;16
2010;2. Quartal;Zuzug;Sachsen (ohne Umland Dresden);Deutsche;männlich;475
2010;2. Quartal;Zuzug;Sachsen (ohne Umland Dresden);Deutsche;weiblich;405
2010;2. Quartal;Zuzug;Sachsen (ohne Umland Dresden);Ausländer;männlich;56
2010;2. Quartal;Zuzug;Sachsen (ohne Umland Dresden);Ausländer;weiblich;28
2010;2. Quartal;Zuzug;Umland Dresden;Deutsche;männlich;697
2010;2. Quartal;Zuzug;Umland Dresden;Deutsche;weiblich;679
2010;2. Quartal;Zuzug;Umland Dresden;Ausländer;männlich;40
2010;2. Quartal;Zuzug;Umland Dresden;Ausländer;weiblich;28
2010;2. Quartal;Fortzug;unbekannt;Deutsche;männlich;211
2010;2. Quartal;Fortzug;unbekannt;Deutsche;weiblich;73
2010;2. Quartal;Fortzug;unbekannt;Ausländer;männlich;119
2010;2. Quartal;Fortzug;unbekannt;Ausländer;weiblich;44
2010;2. Quartal;Fortzug;Ausland;Deutsche;männlich;107
2010;2. Quartal;Fortzug;Ausland;Deutsche;weiblich;102
2010;2. Quartal;Fortzug;Ausland;Ausländer;männlich;226
2010;2. Quartal;Fortzug;Ausland;Ausländer;weiblich;168
2010;2. Quartal;Fortzug;Alte Bundesländer (mit Berlin);Deutsche;männlich;476
2010;2. Quartal;Fortzug;Alte Bundesländer (mit Berlin);Deutsche;weiblich;433
2010;2. Quartal;Fortzug;Alte Bundesländer (mit Berlin);Ausländer;männlich;111
2010;2. Quartal;Fortzug;Alte Bundesländer (mit Berlin);Ausländer;weiblich;79
2010;2. Quartal;Fortzug;Neue Bundesländer (ohne Sachsen);Deutsche;männlich;324
2010;2. Quartal;Fortzug;Neue Bundesländer (ohne Sachsen);Deutsche;weiblich;313
2010;2. Quartal;Fortzug;Neue Bundesländer (ohne Sachsen);Ausländer;männlich;33
2010;2. Quartal;Fortzug;Neue Bundesländer (ohne Sachsen);Ausländer;weiblich;25
2010;2. Quartal;Fortzug;Sachsen (ohne Umland Dresden);Deutsche;männlich;267
2010;2. Quartal;Fortzug;Sachsen (ohne Umland Dresden);Deutsche;weiblich;296
2010;2. Quartal;Fortzug;Sachsen (ohne Umland Dresden);Ausländer;männlich;16
2010;2. Quartal;Fortzug;Sachsen (ohne Umland Dresden);Ausländer;weiblich;6
2010;2. Quartal;Fortzug;Umland Dresden;Deutsche;männlich;543
2010;2. Quartal;Fortzug;Umland Dresden;Deutsche;weiblich;560
2010;2. Quartal;Fortzug;Umland Dresden;Ausländer;männlich;14
2010;2. Quartal;Fortzug;Umland Dresden;Ausländer;weiblich;5
2010;2. Quartal;Umzug;Innerhalb Dresdens;Deutsche;männlich;5017
2010;2. Quartal;Umzug;Innerhalb Dresdens;Deutsche;weiblich;5120
2010;2. Quartal;Umzug;Innerhalb Dresdens;Ausländer;männlich;492
2010;2. Quartal;Umzug;Innerhalb Dresdens;Ausländer;weiblich;402
2010;3. Quartal;Zuzug;unbekannt;Deutsche;männlich;95
2010;3. Quartal;Zuzug;unbekannt;Deutsche;weiblich;31
2010;3. Quartal;Zuzug;unbekannt;Ausländer;männlich;8
2010;3. Quartal;Zuzug;unbekannt;Ausländer;weiblich;3
2010;3. Quartal;Zuzug;Ausland;Deutsche;männlich;98
2010;3. Quartal;Zuzug;Ausland;Deutsche;weiblich;80
2010;3. Quartal;Zuzug;Ausland;Ausländer;männlich;577
2010;3. Quartal;Zuzug;Ausland;Ausländer;weiblich;513
2010;3. Quartal;Zuzug;Alte Bundesländer (mit Berlin);Deutsche;männlich;700
2010;3. Quartal;Zuzug;Alte Bundesländer (mit Berlin);Deutsche;weiblich;766
2010;3. Quartal;Zuzug;Alte Bundesländer (mit Berlin);Ausländer;männlich;56
2010;3. Quartal;Zuzug;Alte Bundesländer (mit Berlin);Ausländer;weiblich;52
2010;3. Quartal;Zuzug;Neue Bundesländer (ohne Sachsen);Deutsche;männlich;674
2010;3. Quartal;Zuzug;Neue Bundesländer (ohne Sachsen);Deutsche;weiblich;729
2010;3. Quartal;Zuzug;Neue Bundesländer (ohne Sachsen);Ausländer;männlich;21
2010;3. Quartal;Zuzug;Neue Bundesländer (ohne Sachsen);Ausländer;weiblich;30
2010;3. Quartal;Zuzug;Sachsen (ohne Umland Dresden);Deutsche;männlich;708
2010;3. Quartal;Zuzug;Sachsen (ohne Umland Dresden);Deutsche;weiblich;803
2010;3. Quartal;Zuzug;Sachsen (ohne Umland Dresden);Ausländer;männlich;58
2010;3. Quartal;Zuzug;Sachsen (ohne Umland Dresden);Ausländer;weiblich;45
2010;3. Quartal;Zuzug;Umland Dresden;Deutsche;männlich;902
2010;3. Quartal;Zuzug;Umland Dresden;Deutsche;weiblich;944
2010;3. Quartal;Zuzug;Umland Dresden;Ausländer;männlich;75
2010;3. Quartal;Zuzug;Umland Dresden;Ausländer;weiblich;59
2010;3. Quartal;Fortzug;unbekannt;Deutsche;männlich;243
2010;3. Quartal;Fortzug;unbekannt;Deutsche;weiblich;92
2010;3. Quartal;Fortzug;unbekannt;Ausländer;männlich;155
2010;3. Quartal;Fortzug;unbekannt;Ausländer;weiblich;69
2010;3. Quartal;Fortzug;Ausland;Deutsche;männlich;141
2010;3. Quartal;Fortzug;Ausland;Deutsche;weiblich;149
2010;3. Quartal;Fortzug;Ausland;Ausländer;männlich;387
2010;3. Quartal;Fortzug;Ausland;Ausländer;weiblich;384
2010;3. Quartal;Fortzug;Alte Bundesländer (mit Berlin);Deutsche;männlich;695
2010;3. Quartal;Fortzug;Alte Bundesländer (mit Berlin);Deutsche;weiblich;694
2010;3. Quartal;Fortzug;Alte Bundesländer (mit Berlin);Ausländer;männlich;118
2010;3. Quartal;Fortzug;Alte Bundesländer (mit Berlin);Ausländer;weiblich;99
2010;3. Quartal;Fortzug;Neue Bundesländer (ohne Sachsen);Deutsche;männlich;545
2010;3. Quartal;Fortzug;Neue Bundesländer (ohne Sachsen);Deutsche;weiblich;564
2010;3. Quartal;Fortzug;Neue Bundesländer (ohne Sachsen);Ausländer;männlich;39
2010;3. Quartal;Fortzug;Neue Bundesländer (ohne Sachsen);Ausländer;weiblich;39
2010;3. Quartal;Fortzug;Sachsen (ohne Umland Dresden);Deutsche;männlich;441
2010;3. Quartal;Fortzug;Sachsen (ohne Umland Dresden);Deutsche;weiblich;526
2010;3. Quartal;Fortzug;Sachsen (ohne Umland Dresden);Ausländer;männlich;24
2010;3. Quartal;Fortzug;Sachsen (ohne Umland Dresden);Ausländer;weiblich;24
2010;3. Quartal;Fortzug;Umland Dresden;Deutsche;männlich;760
2010;3. Quartal;Fortzug;Umland Dresden;Deutsche;weiblich;774
2010;3. Quartal;Fortzug;Umland Dresden;Ausländer;männlich;20
2010;3. Quartal;Fortzug;Umland Dresden;Ausländer;weiblich;20
2010;3. Quartal;Umzug;Innerhalb Dresdens;Deutsche;männlich;5285
2010;3. Quartal;Umzug;Innerhalb Dresdens;Deutsche;weiblich;5299
2010;3. Quartal;Umzug;Innerhalb Dresdens;Ausländer;männlich;454
2010;3. Quartal;Umzug;Innerhalb Dresdens;Ausländer;weiblich;375
2010;4. Quartal;Zuzug;unbekannt;Deutsche;männlich;127
2010;4. Quartal;Zuzug;unbekannt;Deutsche;weiblich;35
2010;4. Quartal;Zuzug;unbekannt;Ausländer;männlich;6
2010;4. Quartal;Zuzug;unbekannt;Ausländer;weiblich;2
2010;4. Quartal;Zuzug;Ausland;Deutsche;männlich;83
2010;4. Quartal;Zuzug;Ausland;Deutsche;weiblich;58
2010;4. Quartal;Zuzug;Ausland;Ausländer;männlich;650
2010;4. Quartal;Zuzug;Ausland;Ausländer;weiblich;437
2010;4. Quartal;Zuzug;Alte Bundesländer (mit Berlin);Deutsche;männlich;834
2010;4. Quartal;Zuzug;Alte Bundesländer (mit Berlin);Deutsche;weiblich;787
2010;4. Quartal;Zuzug;Alte Bundesländer (mit Berlin);Ausländer;männlich;85
2010;4. Quartal;Zuzug;Alte Bundesländer (mit Berlin);Ausländer;weiblich;64
2010;4. Quartal;Zuzug;Neue Bundesländer (ohne Sachsen);Deutsche;männlich;963
2010;4. Quartal;Zuzug;Neue Bundesländer (ohne Sachsen);Deutsche;weiblich;804
2010;4. Quartal;Zuzug;Neue Bundesländer (ohne Sachsen);Ausländer;männlich;33
2010;4. Quartal;Zuzug;Neue Bundesländer (ohne Sachsen);Ausländer;weiblich;26
2010;4. Quartal;Zuzug;Sachsen (ohne Umland Dresden);Deutsche;männlich;858
2010;4. Quartal;Zuzug;Sachsen (ohne Umland Dresden);Deutsche;weiblich;688
2010;4. Quartal;Zuzug;Sachsen (ohne Umland Dresden);Ausländer;männlich;90
2010;4. Quartal;Zuzug;Sachsen (ohne Umland Dresden);Ausländer;weiblich;71
2010;4. Quartal;Zuzug;Umland Dresden;Deutsche;männlich;831
2010;4. Quartal;Zuzug;Umland Dresden;Deutsche;weiblich;736
2010;4. Quartal;Zuzug;Umland Dresden;Ausländer;männlich;57
2010;4. Quartal;Zuzug;Umland Dresden;Ausländer;weiblich;53
2010;4. Quartal;Fortzug;unbekannt;Deutsche;männlich;228
2010;4. Quartal;Fortzug;unbekannt;Deutsche;weiblich;93
2010;4. Quartal;Fortzug;unbekannt;Ausländer;männlich;121
2010;4. Quartal;Fortzug;unbekannt;Ausländer;weiblich;45
2010;4. Quartal;Fortzug;Ausland;Deutsche;männlich;121
2010;4. Quartal;Fortzug;Ausland;Deutsche;weiblich;114
2010;4. Quartal;Fortzug;Ausland;Ausländer;männlich;212
2010;4. Quartal;Fortzug;Ausland;Ausländer;weiblich;154
2010;4. Quartal;Fortzug;Alte Bundesländer (mit Berlin);Deutsche;männlich;591
2010;4. Quartal;Fortzug;Alte Bundesländer (mit Berlin);Deutsche;weiblich;535
2010;4. Quartal;Fortzug;Alte Bundesländer (mit Berlin);Ausländer;männlich;96
2010;4. Quartal;Fortzug;Alte Bundesländer (mit Berlin);Ausländer;weiblich;86
2010;4. Quartal;Fortzug;Neue Bundesländer (ohne Sachsen);Deutsche;männlich;471
2010;4. Quartal;Fortzug;Neue Bundesländer (ohne Sachsen);Deutsche;weiblich;527
2010;4. Quartal;Fortzug;Neue Bundesländer (ohne Sachsen);Ausländer;männlich;36
2010;4. Quartal;Fortzug;Neue Bundesländer (ohne Sachsen);Ausländer;weiblich;28
2010;4. Quartal;Fortzug;Sachsen (ohne Umland Dresden);Deutsche;männlich;372
2010;4. Quartal;Fortzug;Sachsen (ohne Umland Dresden);Deutsche;weiblich;397
2010;4. Quartal;Fortzug;Sachsen (ohne Umland Dresden);Ausländer;männlich;14
2010;4. Quartal;Fortzug;Sachsen (ohne Umland Dresden);Ausländer;weiblich;10
2010;4. Quartal;Fortzug;Umland Dresden;Deutsche;männlich;637
2010;4. Quartal;Fortzug;Umland Dresden;Deutsche;weiblich;659
2010;4. Quartal;Fortzug;Umland Dresden;Ausländer;männlich;18
2010;4. Quartal;Fortzug;Umland Dresden;Ausländer;weiblich;17
2010;4. Quartal;Umzug;Innerhalb Dresdens;Deutsche;männlich;5056
2010;4. Quartal;Umzug;Innerhalb Dresdens;Deutsche;weiblich;5130
2010;4. Quartal;Umzug;Innerhalb Dresdens;Ausländer;männlich;521
2010;4. Quartal;Umzug;Innerhalb Dresdens;Ausländer;weiblich;461
2011;1. Quartal;Zuzug;unbekannt;Deutsche;männlich;124
2011;1. Quartal;Zuzug;unbekannt;Deutsche;weiblich;55
2011;1. Quartal;Zuzug;unbekannt;Ausländer;männlich;23
2011;1. Quartal;Zuzug;unbekannt;Ausländer;weiblich;9
2011;1. Quartal;Zuzug;Ausland;Deutsche;männlich;80
2011;1. Quartal;Zuzug;Ausland;Deutsche;weiblich;52
2011;1. Quartal;Zuzug;Ausland;Ausländer;männlich;550
2011;1. Quartal;Zuzug;Ausland;Ausländer;weiblich;402
2011;1. Quartal;Zuzug;Alte Bundesländer (mit Berlin);Deutsche;männlich;465
2011;1. Quartal;Zuzug;Alte Bundesländer (mit Berlin);Deutsche;weiblich;427
2011;1. Quartal;Zuzug;Alte Bundesländer (mit Berlin);Ausländer;männlich;91
2011;1. Quartal;Zuzug;Alte Bundesländer (mit Berlin);Ausländer;weiblich;44
2011;1. Quartal;Zuzug;Neue Bundesländer (ohne Sachsen);Deutsche;männlich;464
2011;1. Quartal;Zuzug;Neue Bundesländer (ohne Sachsen);Deutsche;weiblich;418
2011;1. Quartal;Zuzug;Neue Bundesländer (ohne Sachsen);Ausländer;männlich;27
2011;1. Quartal;Zuzug;Neue Bundesländer (ohne Sachsen);Ausländer;weiblich;23
2011;1. Quartal;Zuzug;Sachsen (ohne Umland Dresden);Deutsche;männlich;543
2011;1. Quartal;Zuzug;Sachsen (ohne Umland Dresden);Deutsche;weiblich;427
2011;1. Quartal;Zuzug;Sachsen (ohne Umland Dresden);Ausländer;männlich;45
2011;1. Quartal;Zuzug;Sachsen (ohne Umland Dresden);Ausländer;weiblich;33
2011;1. Quartal;Zuzug;Umland Dresden;Deutsche;männlich;786
2011;1. Quartal;Zuzug;Umland Dresden;Deutsche;weiblich;754
2011;1. Quartal;Zuzug;Umland Dresden;Ausländer;männlich;52
2011;1. Quartal;Zuzug;Umland Dresden;Ausländer;weiblich;34
2011;1. Quartal;Fortzug;unbekannt;Deutsche;männlich;290
2011;1. Quartal;Fortzug;unbekannt;Deutsche;weiblich;133
2011;1. Quartal;Fortzug;unbekannt;Ausländer;männlich;215
2011;1. Quartal;Fortzug;unbekannt;Ausländer;weiblich;76
2011;1. Quartal;Fortzug;Ausland;Deutsche;männlich;105
2011;1. Quartal;Fortzug;Ausland;Deutsche;weiblich;112
2011;1. Quartal;Fortzug;Ausland;Ausländer;männlich;256
2011;1. Quartal;Fortzug;Ausland;Ausländer;weiblich;238
2011;1. Quartal;Fortzug;Alte Bundesländer (mit Berlin);Deutsche;männlich;496
2011;1. Quartal;Fortzug;Alte Bundesländer (mit Berlin);Deutsche;weiblich;512
2011;1. Quartal;Fortzug;Alte Bundesländer (mit Berlin);Ausländer;männlich;92
2011;1. Quartal;Fortzug;Alte Bundesländer (mit Berlin);Ausländer;weiblich;62
2011;1. Quartal;Fortzug;Neue Bundesländer (ohne Sachsen);Deutsche;männlich;379
2011;1. Quartal;Fortzug;Neue Bundesländer (ohne Sachsen);Deutsche;weiblich;363
2011;1. Quartal;Fortzug;Neue Bundesländer (ohne Sachsen);Ausländer;männlich;31
2011;1. Quartal;Fortzug;Neue Bundesländer (ohne Sachsen);Ausländer;weiblich;31
2011;1. Quartal;Fortzug;Sachsen (ohne Umland Dresden);Deutsche;männlich;291
2011;1. Quartal;Fortzug;Sachsen (ohne Umland Dresden);Deutsche;weiblich;285
2011;1. Quartal;Fortzug;Sachsen (ohne Umland Dresden);Ausländer;männlich;19
2011;1. Quartal;Fortzug;Sachsen (ohne Umland Dresden);Ausländer;weiblich;8
2011;1. Quartal;Fortzug;Umland Dresden;Deutsche;männlich;608
2011;1. Quartal;Fortzug;Umland Dresden;Deutsche;weiblich;658
2011;1. Quartal;Fortzug;Umland Dresden;Ausländer;männlich;22
2011;1. Quartal;Fortzug;Umland Dresden;Ausländer;weiblich;10
2011;1. Quartal;Umzug;Innerhalb Dresdens;Deutsche;männlich;4648
2011;1. Quartal;Umzug;Innerhalb Dresdens;Deutsche;weiblich;4761
2011;1. Quartal;Umzug;Innerhalb Dresdens;Ausländer;männlich;460
2011;1. Quartal;Umzug;Innerhalb Dresdens;Ausländer;weiblich;384
2011;2. Quartal;Zuzug;unbekannt;Deutsche;männlich;145
2011;2. Quartal;Zuzug;unbekannt;Deutsche;weiblich;62
2011;2. Quartal;Zuzug;unbekannt;Ausländer;männlich;25
2011;2. Quartal;Zuzug;unbekannt;Ausländer;weiblich;8
2011;2. Quartal;Zuzug;Ausland;Deutsche;männlich;97
2011;2. Quartal;Zuzug;Ausland;Deutsche;weiblich;71
2011;2. Quartal;Zuzug;Ausland;Ausländer;männlich;470
2011;2. Quartal;Zuzug;Ausland;Ausländer;weiblich;335
2011;2. Quartal;Zuzug;Alte Bundesländer (mit Berlin);Deutsche;männlich;441
2011;2. Quartal;Zuzug;Alte Bundesländer (mit Berlin);Deutsche;weiblich;399
2011;2. Quartal;Zuzug;Alte Bundesländer (mit Berlin);Ausländer;männlich;58
2011;2. Quartal;Zuzug;Alte Bundesländer (mit Berlin);Ausländer;weiblich;37
2011;2. Quartal;Zuzug;Neue Bundesländer (ohne Sachsen);Deutsche;männlich;435
2011;2. Quartal;Zuzug;Neue Bundesländer (ohne Sachsen);Deutsche;weiblich;418
2011;2. Quartal;Zuzug;Neue Bundesländer (ohne Sachsen);Ausländer;männlich;26
2011;2. Quartal;Zuzug;Neue Bundesländer (ohne Sachsen);Ausländer;weiblich;17
2011;2. Quartal;Zuzug;Sachsen (ohne Umland Dresden);Deutsche;männlich;504
2011;2. Quartal;Zuzug;Sachsen (ohne Umland Dresden);Deutsche;weiblich;425
2011;2. Quartal;Zuzug;Sachsen (ohne Umland Dresden);Ausländer;männlich;59
2011;2. Quartal;Zuzug;Sachsen (ohne Umland Dresden);Ausländer;weiblich;28
2011;2. Quartal;Zuzug;Umland Dresden;Deutsche;männlich;748
2011;2. Quartal;Zuzug;Umland Dresden;Deutsche;weiblich;700
2011;2. Quartal;Zuzug;Umland Dresden;Ausländer;männlich;57
2011;2. Quartal;Zuzug;Umland Dresden;Ausländer;weiblich;28
2011;2. Quartal;Fortzug;unbekannt;Deutsche;männlich;229
2011;2. Quartal;Fortzug;unbekannt;Deutsche;weiblich;85
2011;2. Quartal;Fortzug;unbekannt;Ausländer;männlich;166
2011;2. Quartal;Fortzug;unbekannt;Ausländer;weiblich;54
2011;2. Quartal;Fortzug;Ausland;Deutsche;männlich;97
2011;2. Quartal;Fortzug;Ausland;Deutsche;weiblich;85
2011;2. Quartal;Fortzug;Ausland;Ausländer;männlich;341
2011;2. Quartal;Fortzug;Ausland;Ausländer;weiblich;203
2011;2. Quartal;Fortzug;Alte Bundesländer (mit Berlin);Deutsche;männlich;564
2011;2. Quartal;Fortzug;Alte Bundesländer (mit Berlin);Deutsche;weiblich;435
2011;2. Quartal;Fortzug;Alte Bundesländer (mit Berlin);Ausländer;männlich;110
2011;2. Quartal;Fortzug;Alte Bundesländer (mit Berlin);Ausländer;weiblich;85
2011;2. Quartal;Fortzug;Neue Bundesländer (ohne Sachsen);Deutsche;männlich;317
2011;2. Quartal;Fortzug;Neue Bundesländer (ohne Sachsen);Deutsche;weiblich;346
2011;2. Quartal;Fortzug;Neue Bundesländer (ohne Sachsen);Ausländer;männlich;33
2011;2. Quartal;Fortzug;Neue Bundesländer (ohne Sachsen);Ausländer;weiblich;20
2011;2. Quartal;Fortzug;Sachsen (ohne Umland Dresden);Deutsche;männlich;283
2011;2. Quartal;Fortzug;Sachsen (ohne Umland Dresden);Deutsche;weiblich;310
2011;2. Quartal;Fortzug;Sachsen (ohne Umland Dresden);Ausländer;männlich;15
2011;2. Quartal;Fortzug;Sachsen (ohne Umland Dresden);Ausländer;weiblich;19
2011;2. Quartal;Fortzug;Umland Dresden;Deutsche;männlich;600
2011;2. Quartal;Fortzug;Umland Dresden;Deutsche;weiblich;680
2011;2. Quartal;Fortzug;Umland Dresden;Ausländer;männlich;28
2011;2. Quartal;Fortzug;Umland Dresden;Ausländer;weiblich;24
2011;2. Quartal;Umzug;Innerhalb Dresdens;Deutsche;männlich;4950
2011;2. Quartal;Umzug;Innerhalb Dresdens;Deutsche;weiblich;4978
2011;2. Quartal;Umzug;Innerhalb Dresdens;Ausländer;männlich;533
2011;2. Quartal;Umzug;Innerhalb Dresdens;Ausländer;weiblich;445
2011;3. Quartal;Zuzug;unbekannt;Deutsche;männlich;183
2011;3. Quartal;Zuzug;unbekannt;Deutsche;weiblich;68
2011;3. Quartal;Zuzug;unbekannt;Ausländer;männlich;39
2011;3. Quartal;Zuzug;unbekannt;Ausländer;weiblich;17
2011;3. Quartal;Zuzug;Ausland;Deutsche;männlich;123
2011;3. Quartal;Zuzug;Ausland;Deutsche;weiblich;110
2011;3. Quartal;Zuzug;Ausland;Ausländer;männlich;723
2011;3. Quartal;Zuzug;Ausland;Ausländer;weiblich;650
2011;3. Quartal;Zuzug;Alte Bundesländer (mit Berlin);Deutsche;männlich;792
2011;3. Quartal;Zuzug;Alte Bundesländer (mit Berlin);Deutsche;weiblich;796
2011;3. Quartal;Zuzug;Alte Bundesländer (mit Berlin);Ausländer;männlich;69
2011;3. Quartal;Zuzug;Alte Bundesländer (mit Berlin);Ausländer;weiblich;63
2011;3. Quartal;Zuzug;Neue Bundesländer (ohne Sachsen);Deutsche;männlich;757
2011;3. Quartal;Zuzug;Neue Bundesländer (ohne Sachsen);Deutsche;weiblich;731
2011;3. Quartal;Zuzug;Neue Bundesländer (ohne Sachsen);Ausländer;männlich;40
2011;3. Quartal;Zuzug;Neue Bundesländer (ohne Sachsen);Ausländer;weiblich;38
2011;3. Quartal;Zuzug;Sachsen (ohne Umland Dresden);Deutsche;männlich;887
2011;3. Quartal;Zuzug;Sachsen (ohne Umland Dresden);Deutsche;weiblich;854
2011;3. Quartal;Zuzug;Sachsen (ohne Umland Dresden);Ausländer;männlich;65
2011;3. Quartal;Zuzug;Sachsen (ohne Umland Dresden);Ausländer;weiblich;61
2011;3. Quartal;Zuzug;Umland Dresden;Deutsche;männlich;937
2011;3. Quartal;Zuzug;Umland Dresden;Deutsche;weiblich;978
2011;3. Quartal;Zuzug;Umland Dresden;Ausländer;männlich;49
2011;3. Quartal;Zuzug;Umland Dresden;Ausländer;weiblich;43
2011;3. Quartal;Fortzug;unbekannt;Deutsche;männlich;225
2011;3. Quartal;Fortzug;unbekannt;Deutsche;weiblich;76
2011;3. Quartal;Fortzug;unbekannt;Ausländer;männlich;194
2011;3. Quartal;Fortzug;unbekannt;Ausländer;weiblich;103
2011;3. Quartal;Fortzug;Ausland;Deutsche;männlich;144
2011;3. Quartal;Fortzug;Ausland;Deutsche;weiblich;151
2011;3. Quartal;Fortzug;Ausland;Ausländer;männlich;518
2011;3. Quartal;Fortzug;Ausland;Ausländer;weiblich;503
2011;3. Quartal;Fortzug;Alte Bundesländer (mit Berlin);Deutsche;männlich;798
2011;3. Quartal;Fortzug;Alte Bundesländer (mit Berlin);Deutsche;weiblich;793
2011;3. Quartal;Fortzug;Alte Bundesländer (mit Berlin);Ausländer;männlich;161
2011;3. Quartal;Fortzug;Alte Bundesländer (mit Berlin);Ausländer;weiblich;154
2011;3. Quartal;Fortzug;Neue Bundesländer (ohne Sachsen);Deutsche;männlich;516
2011;3. Quartal;Fortzug;Neue Bundesländer (ohne Sachsen);Deutsche;weiblich;579
2011;3. Quartal;Fortzug;Neue Bundesländer (ohne Sachsen);Ausländer;männlich;37
2011;3. Quartal;Fortzug;Neue Bundesländer (ohne Sachsen);Ausländer;weiblich;52
2011;3. Quartal;Fortzug;Sachsen (ohne Umland Dresden);Deutsche;männlich;439
2011;3. Quartal;Fortzug;Sachsen (ohne Umland Dresden);Deutsche;weiblich;524
2011;3. Quartal;Fortzug;Sachsen (ohne Umland Dresden);Ausländer;männlich;21
2011;3. Quartal;Fortzug;Sachsen (ohne Umland Dresden);Ausländer;weiblich;21
2011;3. Quartal;Fortzug;Umland Dresden;Deutsche;männlich;754
2011;3. Quartal;Fortzug;Umland Dresden;Deutsche;weiblich;805
2011;3. Quartal;Fortzug;Umland Dresden;Ausländer;männlich;29
2011;3. Quartal;Fortzug;Umland Dresden;Ausländer;weiblich;29
2011;3. Quartal;Umzug;Innerhalb Dresdens;Deutsche;männlich;5115
2011;3. Quartal;Umzug;Innerhalb Dresdens;Deutsche;weiblich;4824
2011;3. Quartal;Umzug;Innerhalb Dresdens;Ausländer;männlich;504
2011;3. Quartal;Umzug;Innerhalb Dresdens;Ausländer;weiblich;416
2011;4. Quartal;Zuzug;unbekannt;Deutsche;männlich;152
2011;4. Quartal;Zuzug;unbekannt;Deutsche;weiblich;51
2011;4. Quartal;Zuzug;unbekannt;Ausländer;männlich;25
2011;4. Quartal;Zuzug;unbekannt;Ausländer;weiblich;15
2011;4. Quartal;Zuzug;Ausland;Deutsche;männlich;98
2011;4. Quartal;Zuzug;Ausland;Deutsche;weiblich;76
2011;4. Quartal;Zuzug;Ausland;Ausländer;männlich;723
2011;4. Quartal;Zuzug;Ausland;Ausländer;weiblich;530
2011;4. Quartal;Zuzug;Alte Bundesländer (mit Berlin);Deutsche;männlich;1169
2011;4. Quartal;Zuzug;Alte Bundesländer (mit Berlin);Deutsche;weiblich;889
2011;4. Quartal;Zuzug;Alte Bundesländer (mit Berlin);Ausländer;männlich;97
2011;4. Quartal;Zuzug;Alte Bundesländer (mit Berlin);Ausländer;weiblich;63
2011;4. Quartal;Zuzug;Neue Bundesländer (ohne Sachsen);Deutsche;männlich;968
2011;4. Quartal;Zuzug;Neue Bundesländer (ohne Sachsen);Deutsche;weiblich;761
2011;4. Quartal;Zuzug;Neue Bundesländer (ohne Sachsen);Ausländer;männlich;51
2011;4. Quartal;Zuzug;Neue Bundesländer (ohne Sachsen);Ausländer;weiblich;36
2011;4. Quartal;Zuzug;Sachsen (ohne Umland Dresden);Deutsche;männlich;943
2011;4. Quartal;Zuzug;Sachsen (ohne Umland Dresden);Deutsche;weiblich;670
2011;4. Quartal;Zuzug;Sachsen (ohne Umland Dresden);Ausländer;männlich;88
2011;4. Quartal;Zuzug;Sachsen (ohne Umland Dresden);Ausländer;weiblich;65
2011;4. Quartal;Zuzug;Umland Dresden;Deutsche;männlich;885
2011;4. Quartal;Zuzug;Umland Dresden;Deutsche;weiblich;746
2011;4. Quartal;Zuzug;Umland Dresden;Ausländer;männlich;40
2011;4. Quartal;Zuzug;Umland Dresden;Ausländer;weiblich;35
2011;4. Quartal;Fortzug;unbekannt;Deutsche;männlich;235
2011;4. Quartal;Fortzug;unbekannt;Deutsche;weiblich;83
2011;4. Quartal;Fortzug;unbekannt;Ausländer;männlich;137
2011;4. Quartal;Fortzug;unbekannt;Ausländer;weiblich;71
2011;4. Quartal;Fortzug;Ausland;Deutsche;männlich;108
2011;4. Quartal;Fortzug;Ausland;Deutsche;weiblich;91
2011;4. Quartal;Fortzug;Ausland;Ausländer;männlich;240
2011;4. Quartal;Fortzug;Ausland;Ausländer;weiblich;198
2011;4. Quartal;Fortzug;Alte Bundesländer (mit Berlin);Deutsche;männlich;692
2011;4. Quartal;Fortzug;Alte Bundesländer (mit Berlin);Deutsche;weiblich;624
2011;4. Quartal;Fortzug;Alte Bundesländer (mit Berlin);Ausländer;männlich;137
2011;4. Quartal;Fortzug;Alte Bundesländer (mit Berlin);Ausländer;weiblich;95
2011;4. Quartal;Fortzug;Neue Bundesländer (ohne Sachsen);Deutsche;männlich;466
2011;4. Quartal;Fortzug;Neue Bundesländer (ohne Sachsen);Deutsche;weiblich;472
2011;4. Quartal;Fortzug;Neue Bundesländer (ohne Sachsen);Ausländer;männlich;35
2011;4. Quartal;Fortzug;Neue Bundesländer (ohne Sachsen);Ausländer;weiblich;31
2011;4. Quartal;Fortzug;Sachsen (ohne Umland Dresden);Deutsche;männlich;449
2011;4. Quartal;Fortzug;Sachsen (ohne Umland Dresden);Deutsche;weiblich;410
2011;4. Quartal;Fortzug;Sachsen (ohne Umland Dresden);Ausländer;männlich;21
2011;4. Quartal;Fortzug;Sachsen (ohne Umland Dresden);Ausländer;weiblich;17
2011;4. Quartal;Fortzug;Umland Dresden;Deutsche;männlich;685
2011;4. Quartal;Fortzug;Umland Dresden;Deutsche;weiblich;709
2011;4. Quartal;Fortzug;Umland Dresden;Ausländer;männlich;28
2011;4. Quartal;Fortzug;Umland Dresden;Ausländer;weiblich;21
2011;4. Quartal;Umzug;Innerhalb Dresdens;Deutsche;männlich;4893
2011;4. Quartal;Umzug;Innerhalb Dresdens;Deutsche;weiblich;4766
2011;4. Quartal;Umzug;Innerhalb Dresdens;Ausländer;männlich;597
2011;4. Quartal;Umzug;Innerhalb Dresdens;Ausländer;weiblich;467
2012;1. Quartal;Zuzug;unbekannt;Deutsche;männlich;179
2012;1. Quartal;Zuzug;unbekannt;Deutsche;weiblich;42
2012;1. Quartal;Zuzug;unbekannt;Ausländer;männlich;33
2012;1. Quartal;Zuzug;unbekannt;Ausländer;weiblich;9
2012;1. Quartal;Zuzug;Ausland;Deutsche;männlich;85
2012;1. Quartal;Zuzug;Ausland;Deutsche;weiblich;51
2012;1. Quartal;Zuzug;Ausland;Ausländer;männlich;536
2012;1. Quartal;Zuzug;Ausland;Ausländer;weiblich;422
2012;1. Quartal;Zuzug;Alte Bundesländer (mit Berlin);Deutsche;männlich;453
2012;1. Quartal;Zuzug;Alte Bundesländer (mit Berlin);Deutsche;weiblich;385
2012;1. Quartal;Zuzug;Alte Bundesländer (mit Berlin);Ausländer;männlich;74
2012;1. Quartal;Zuzug;Alte Bundesländer (mit Berlin);Ausländer;weiblich;49
2012;1. Quartal;Zuzug;Neue Bundesländer (ohne Sachsen);Deutsche;männlich;434
2012;1. Quartal;Zuzug;Neue Bundesländer (ohne Sachsen);Deutsche;weiblich;417
2012;1. Quartal;Zuzug;Neue Bundesländer (ohne Sachsen);Ausländer;männlich;29
2012;1. Quartal;Zuzug;Neue Bundesländer (ohne Sachsen);Ausländer;weiblich;34
2012;1. Quartal;Zuzug;Sachsen (ohne Umland Dresden);Deutsche;männlich;592
2012;1. Quartal;Zuzug;Sachsen (ohne Umland Dresden);Deutsche;weiblich;438
2012;1. Quartal;Zuzug;Sachsen (ohne Umland Dresden);Ausländer;männlich;72
2012;1. Quartal;Zuzug;Sachsen (ohne Umland Dresden);Ausländer;weiblich;36
2012;1. Quartal;Zuzug;Umland Dresden;Deutsche;männlich;762
2012;1. Quartal;Zuzug;Umland Dresden;Deutsche;weiblich;655
2012;1. Quartal;Zuzug;Umland Dresden;Ausländer;männlich;41
2012;1. Quartal;Zuzug;Umland Dresden;Ausländer;weiblich;34
2012;1. Quartal;Fortzug;unbekannt;Deutsche;männlich;319
2012;1. Quartal;Fortzug;unbekannt;Deutsche;weiblich;99
2012;1. Quartal;Fortzug;unbekannt;Ausländer;männlich;214
2012;1. Quartal;Fortzug;unbekannt;Ausländer;weiblich;98
2012;1. Quartal;Fortzug;Ausland;Deutsche;männlich;104
2012;1. Quartal;Fortzug;Ausland;Deutsche;weiblich;84
2012;1. Quartal;Fortzug;Ausland;Ausländer;männlich;267
2012;1. Quartal;Fortzug;Ausland;Ausländer;weiblich;287
2012;1. Quartal;Fortzug;Alte Bundesländer (mit Berlin);Deutsche;männlich;542
2012;1. Quartal;Fortzug;Alte Bundesländer (mit Berlin);Deutsche;weiblich;522
2012;1. Quartal;Fortzug;Alte Bundesländer (mit Berlin);Ausländer;männlich;119
2012;1. Quartal;Fortzug;Alte Bundesländer (mit Berlin);Ausländer;weiblich;67
2012;1. Quartal;Fortzug;Neue Bundesländer (ohne Sachsen);Deutsche;männlich;354
2012;1. Quartal;Fortzug;Neue Bundesländer (ohne Sachsen);Deutsche;weiblich;319
2012;1. Quartal;Fortzug;Neue Bundesländer (ohne Sachsen);Ausländer;männlich;21
2012;1. Quartal;Fortzug;Neue Bundesländer (ohne Sachsen);Ausländer;weiblich;31
2012;1. Quartal;Fortzug;Sachsen (ohne Umland Dresden);Deutsche;männlich;305
2012;1. Quartal;Fortzug;Sachsen (ohne Umland Dresden);Deutsche;weiblich;264
2012;1. Quartal;Fortzug;Sachsen (ohne Umland Dresden);Ausländer;männlich;10
2012;1. Quartal;Fortzug;Sachsen (ohne Umland Dresden);Ausländer;weiblich;12
2012;1. Quartal;Fortzug;Umland Dresden;Deutsche;männlich;621
2012;1. Quartal;Fortzug;Umland Dresden;Deutsche;weiblich;628
2012;1. Quartal;Fortzug;Umland Dresden;Ausländer;männlich;24
2012;1. Quartal;Fortzug;Umland Dresden;Ausländer;weiblich;27
2012;1. Quartal;Umzug;Innerhalb Dresdens;Deutsche;männlich;4702
2012;1. Quartal;Umzug;Innerhalb Dresdens;Deutsche;weiblich;4621
2012;1. Quartal;Umzug;Innerhalb Dresdens;Ausländer;männlich;506
2012;1. Quartal;Umzug;Innerhalb Dresdens;Ausländer;weiblich;405
2012;2. Quartal;Zuzug;unbekannt;Deutsche;männlich;166
2012;2. Quartal;Zuzug;unbekannt;Deutsche;weiblich;50
2012;2. Quartal;Zuzug;unbekannt;Ausländer;männlich;24
2012;2. Quartal;Zuzug;unbekannt;Ausländer;weiblich;10
2012;2. Quartal;Zuzug;Ausland;Deutsche;männlich;81
2012;2. Quartal;Zuzug;Ausland;Deutsche;weiblich;69
2012;2. Quartal;Zuzug;Ausland;Ausländer;männlich;475
2012;2. Quartal;Zuzug;Ausland;Ausländer;weiblich;404
2012;2. Quartal;Zuzug;Alte Bundesländer (mit Berlin);Deutsche;männlich;439
2012;2. Quartal;Zuzug;Alte Bundesländer (mit Berlin);Deutsche;weiblich;382
2012;2. Quartal;Zuzug;Alte Bundesländer (mit Berlin);Ausländer;männlich;59
2012;2. Quartal;Zuzug;Alte Bundesländer (mit Berlin);Ausländer;weiblich;40
2012;2. Quartal;Zuzug;Neue Bundesländer (ohne Sachsen);Deutsche;männlich;399
2012;2. Quartal;Zuzug;Neue Bundesländer (ohne Sachsen);Deutsche;weiblich;331
2012;2. Quartal;Zuzug;Neue Bundesländer (ohne Sachsen);Ausländer;männlich;30
2012;2. Quartal;Zuzug;Neue Bundesländer (ohne Sachsen);Ausländer;weiblich;20
2012;2. Quartal;Zuzug;Sachsen (ohne Umland Dresden);Deutsche;männlich;472
2012;2. Quartal;Zuzug;Sachsen (ohne Umland Dresden);Deutsche;weiblich;380
2012;2. Quartal;Zuzug;Sachsen (ohne Umland Dresden);Ausländer;männlich;67
2012;2. Quartal;Zuzug;Sachsen (ohne Umland Dresden);Ausländer;weiblich;37
2012;2. Quartal;Zuzug;Umland Dresden;Deutsche;männlich;659
2012;2. Quartal;Zuzug;Umland Dresden;Deutsche;weiblich;663
2012;2. Quartal;Zuzug;Umland Dresden;Ausländer;männlich;40
2012;2. Quartal;Zuzug;Umland Dresden;Ausländer;weiblich;28
2012;2. Quartal;Fortzug;unbekannt;Deutsche;männlich;272
2012;2. Quartal;Fortzug;unbekannt;Deutsche;weiblich;74
2012;2. Quartal;Fortzug;unbekannt;Ausländer;männlich;125
2012;2. Quartal;Fortzug;unbekannt;Ausländer;weiblich;76
2012;2. Quartal;Fortzug;Ausland;Deutsche;männlich;77
2012;2. Quartal;Fortzug;Ausland;Deutsche;weiblich;92
2012;2. Quartal;Fortzug;Ausland;Ausländer;männlich;210
2012;2. Quartal;Fortzug;Ausland;Ausländer;weiblich;178
2012;2. Quartal;Fortzug;Alte Bundesländer (mit Berlin);Deutsche;männlich;537
2012;2. Quartal;Fortzug;Alte Bundesländer (mit Berlin);Deutsche;weiblich;473
2012;2. Quartal;Fortzug;Alte Bundesländer (mit Berlin);Ausländer;männlich;86
2012;2. Quartal;Fortzug;Alte Bundesländer (mit Berlin);Ausländer;weiblich;63
2012;2. Quartal;Fortzug;Neue Bundesländer (ohne Sachsen);Deutsche;männlich;318
2012;2. Quartal;Fortzug;Neue Bundesländer (ohne Sachsen);Deutsche;weiblich;322
2012;2. Quartal;Fortzug;Neue Bundesländer (ohne Sachsen);Ausländer;männlich;53
2012;2. Quartal;Fortzug;Neue Bundesländer (ohne Sachsen);Ausländer;weiblich;30
2012;2. Quartal;Fortzug;Sachsen (ohne Umland Dresden);Deutsche;männlich;300
2012;2. Quartal;Fortzug;Sachsen (ohne Umland Dresden);Deutsche;weiblich;270
2012;2. Quartal;Fortzug;Sachsen (ohne Umland Dresden);Ausländer;männlich;14
2012;2. Quartal;Fortzug;Sachsen (ohne Umland Dresden);Ausländer;weiblich;12
2012;2. Quartal;Fortzug;Umland Dresden;Deutsche;männlich;642
2012;2. Quartal;Fortzug;Umland Dresden;Deutsche;weiblich;657
2012;2. Quartal;Fortzug;Umland Dresden;Ausländer;männlich;24
2012;2. Quartal;Fortzug;Umland Dresden;Ausländer;weiblich;17
2012;2. Quartal;Umzug;Innerhalb Dresdens;Deutsche;männlich;4929
2012;2. Quartal;Umzug;Innerhalb Dresdens;Deutsche;weiblich;4798
2012;2. Quartal;Umzug;Innerhalb Dresdens;Ausländer;männlich;594
2012;2. Quartal;Umzug;Innerhalb Dresdens;Ausländer;weiblich;460
2012;3. Quartal;Zuzug;unbekannt;Deutsche;männlich;183
2012;3. Quartal;Zuzug;unbekannt;Deutsche;weiblich;54
2012;3. Quartal;Zuzug;unbekannt;Ausländer;männlich;33
2012;3. Quartal;Zuzug;unbekannt;Ausländer;weiblich;17
2012;3. Quartal;Zuzug;Ausland;Deutsche;männlich;126
2012;3. Quartal;Zuzug;Ausland;Deutsche;weiblich;132
2012;3. Quartal;Zuzug;Ausland;Ausländer;männlich;820
2012;3. Quartal;Zuzug;Ausland;Ausländer;weiblich;708
2012;3. Quartal;Zuzug;Alte Bundesländer (mit Berlin);Deutsche;männlich;809
2012;3. Quartal;Zuzug;Alte Bundesländer (mit Berlin);Deutsche;weiblich;840
2012;3. Quartal;Zuzug;Alte Bundesländer (mit Berlin);Ausländer;männlich;83
2012;3. Quartal;Zuzug;Alte Bundesländer (mit Berlin);Ausländer;weiblich;73
2012;3. Quartal;Zuzug;Neue Bundesländer (ohne Sachsen);Deutsche;männlich;707
2012;3. Quartal;Zuzug;Neue Bundesländer (ohne Sachsen);Deutsche;weiblich;715
2012;3. Quartal;Zuzug;Neue Bundesländer (ohne Sachsen);Ausländer;männlich;52
2012;3. Quartal;Zuzug;Neue Bundesländer (ohne Sachsen);Ausländer;weiblich;40
2012;3. Quartal;Zuzug;Sachsen (ohne Umland Dresden);Deutsche;männlich;842
2012;3. Quartal;Zuzug;Sachsen (ohne Umland Dresden);Deutsche;weiblich;824
2012;3. Quartal;Zuzug;Sachsen (ohne Umland Dresden);Ausländer;männlich;47
2012;3. Quartal;Zuzug;Sachsen (ohne Umland Dresden);Ausländer;weiblich;39
2012;3. Quartal;Zuzug;Umland Dresden;Deutsche;männlich;850
2012;3. Quartal;Zuzug;Umland Dresden;Deutsche;weiblich;802
2012;3. Quartal;Zuzug;Umland Dresden;Ausländer;männlich;48
2012;3. Quartal;Zuzug;Umland Dresden;Ausländer;weiblich;37
2012;3. Quartal;Fortzug;unbekannt;Deutsche;männlich;348
2012;3. Quartal;Fortzug;unbekannt;Deutsche;weiblich;108
2012;3. Quartal;Fortzug;unbekannt;Ausländer;männlich;153
2012;3. Quartal;Fortzug;unbekannt;Ausländer;weiblich;92
2012;3. Quartal;Fortzug;Ausland;Deutsche;männlich;133
2012;3. Quartal;Fortzug;Ausland;Deutsche;weiblich;134
2012;3. Quartal;Fortzug;Ausland;Ausländer;männlich;428
2012;3. Quartal;Fortzug;Ausland;Ausländer;weiblich;420
2012;3. Quartal;Fortzug;Alte Bundesländer (mit Berlin);Deutsche;männlich;690
2012;3. Quartal;Fortzug;Alte Bundesländer (mit Berlin);Deutsche;weiblich;705
2012;3. Quartal;Fortzug;Alte Bundesländer (mit Berlin);Ausländer;männlich;134
2012;3. Quartal;Fortzug;Alte Bundesländer (mit Berlin);Ausländer;weiblich;94
2012;3. Quartal;Fortzug;Neue Bundesländer (ohne Sachsen);Deutsche;männlich;511
2012;3. Quartal;Fortzug;Neue Bundesländer (ohne Sachsen);Deutsche;weiblich;540
2012;3. Quartal;Fortzug;Neue Bundesländer (ohne Sachsen);Ausländer;männlich;44
2012;3. Quartal;Fortzug;Neue Bundesländer (ohne Sachsen);Ausländer;weiblich;45
2012;3. Quartal;Fortzug;Sachsen (ohne Umland Dresden);Deutsche;männlich;463
2012;3. Quartal;Fortzug;Sachsen (ohne Umland Dresden);Deutsche;weiblich;484
2012;3. Quartal;Fortzug;Sachsen (ohne Umland Dresden);Ausländer;männlich;19
2012;3. Quartal;Fortzug;Sachsen (ohne Umland Dresden);Ausländer;weiblich;17
2012;3. Quartal;Fortzug;Umland Dresden;Deutsche;männlich;821
2012;3. Quartal;Fortzug;Umland Dresden;Deutsche;weiblich;871
2012;3. Quartal;Fortzug;Umland Dresden;Ausländer;männlich;22
2012;3. Quartal;Fortzug;Umland Dresden;Ausländer;weiblich;29
2012;3. Quartal;Umzug;Innerhalb Dresdens;Deutsche;männlich;5024
2012;3. Quartal;Umzug;Innerhalb Dresdens;Deutsche;weiblich;4907
2012;3. Quartal;Umzug;Innerhalb Dresdens;Ausländer;männlich;512
2012;3. Quartal;Umzug;Innerhalb Dresdens;Ausländer;weiblich;435
2012;4. Quartal;Zuzug;unbekannt;Deutsche;männlich;92
2012;4. Quartal;Zuzug;unbekannt;Deutsche;weiblich;22
2012;4. Quartal;Zuzug;unbekannt;Ausländer;männlich;22
2012;4. Quartal;Zuzug;unbekannt;Ausländer;weiblich;11
2012;4. Quartal;Zuzug;Ausland;Deutsche;männlich;82
2012;4. Quartal;Zuzug;Ausland;Deutsche;weiblich;73
2012;4. Quartal;Zuzug;Ausland;Ausländer;männlich;863
2012;4. Quartal;Zuzug;Ausland;Ausländer;weiblich;664
2012;4. Quartal;Zuzug;Alte Bundesländer (mit Berlin);Deutsche;männlich;1113
2012;4. Quartal;Zuzug;Alte Bundesländer (mit Berlin);Deutsche;weiblich;960
2012;4. Quartal;Zuzug;Alte Bundesländer (mit Berlin);Ausländer;männlich;114
2012;4. Quartal;Zuzug;Alte Bundesländer (mit Berlin);Ausländer;weiblich;70
2012;4. Quartal;Zuzug;Neue Bundesländer (ohne Sachsen);Deutsche;männlich;918
2012;4. Quartal;Zuzug;Neue Bundesländer (ohne Sachsen);Deutsche;weiblich;790
2012;4. Quartal;Zuzug;Neue Bundesländer (ohne Sachsen);Ausländer;männlich;70
2012;4. Quartal;Zuzug;Neue Bundesländer (ohne Sachsen);Ausländer;weiblich;51
2012;4. Quartal;Zuzug;Sachsen (ohne Umland Dresden);Deutsche;männlich;901
2012;4. Quartal;Zuzug;Sachsen (ohne Umland Dresden);Deutsche;weiblich;712
2012;4. Quartal;Zuzug;Sachsen (ohne Umland Dresden);Ausländer;männlich;125
2012;4. Quartal;Zuzug;Sachsen (ohne Umland Dresden);Ausländer;weiblich;97
2012;4. Quartal;Zuzug;Umland Dresden;Deutsche;männlich;845
2012;4. Quartal;Zuzug;Umland Dresden;Deutsche;weiblich;718
2012;4. Quartal;Zuzug;Umland Dresden;Ausländer;männlich;38
2012;4. Quartal;Zuzug;Umland Dresden;Ausländer;weiblich;37
2012;4. Quartal;Fortzug;unbekannt;Deutsche;männlich;284
2012;4. Quartal;Fortzug;unbekannt;Deutsche;weiblich;149
2012;4. Quartal;Fortzug;unbekannt;Ausländer;männlich;306
2012;4. Quartal;Fortzug;unbekannt;Ausländer;weiblich;165
2012;4. Quartal;Fortzug;Ausland;Deutsche;männlich;111
2012;4. Quartal;Fortzug;Ausland;Deutsche;weiblich;70
2012;4. Quartal;Fortzug;Ausland;Ausländer;männlich;230
2012;4. Quartal;Fortzug;Ausland;Ausländer;weiblich;183
2012;4. Quartal;Fortzug;Alte Bundesländer (mit Berlin);Deutsche;männlich;567
2012;4. Quartal;Fortzug;Alte Bundesländer (mit Berlin);Deutsche;weiblich;530
2012;4. Quartal;Fortzug;Alte Bundesländer (mit Berlin);Ausländer;männlich;102
2012;4. Quartal;Fortzug;Alte Bundesländer (mit Berlin);Ausländer;weiblich;87
2012;4. Quartal;Fortzug;Neue Bundesländer (ohne Sachsen);Deutsche;männlich;446
2012;4. Quartal;Fortzug;Neue Bundesländer (ohne Sachsen);Deutsche;weiblich;443
2012;4. Quartal;Fortzug;Neue Bundesländer (ohne Sachsen);Ausländer;männlich;69
2012;4. Quartal;Fortzug;Neue Bundesländer (ohne Sachsen);Ausländer;weiblich;55
2012;4. Quartal;Fortzug;Sachsen (ohne Umland Dresden);Deutsche;männlich;381
2012;4. Quartal;Fortzug;Sachsen (ohne Umland Dresden);Deutsche;weiblich;364
2012;4. Quartal;Fortzug;Sachsen (ohne Umland Dresden);Ausländer;männlich;20
2012;4. Quartal;Fortzug;Sachsen (ohne Umland Dresden);Ausländer;weiblich;14
2012;4. Quartal;Fortzug;Umland Dresden;Deutsche;männlich;733
2012;4. Quartal;Fortzug;Umland Dresden;Deutsche;weiblich;772
2012;4. Quartal;Fortzug;Umland Dresden;Ausländer;männlich;23
2012;4. Quartal;Fortzug;Umland Dresden;Ausländer;weiblich;23
2012;4. Quartal;Umzug;Innerhalb Dresdens;Deutsche;männlich;4661
2012;4. Quartal;Umzug;Innerhalb Dresdens;Deutsche;weiblich;4378
2012;4. Quartal;Umzug;Innerhalb Dresdens;Ausländer;männlich;650
2012;4. Quartal;Umzug;Innerhalb Dresdens;Ausländer;weiblich;467
2013;1. Quartal;Zuzug;unbekannt;Deutsche;männlich;41
2013;1. Quartal;Zuzug;unbekannt;Deutsche;weiblich;22
2013;1. Quartal;Zuzug;unbekannt;Ausländer;männlich;19
2013;1. Quartal;Zuzug;unbekannt;Ausländer;weiblich;5
2013;1. Quartal;Zuzug;Ausland;Deutsche;männlich;73
2013;1. Quartal;Zuzug;Ausland;Deutsche;weiblich;45
2013;1. Quartal;Zuzug;Ausland;Ausländer;männlich;606
2013;1. Quartal;Zuzug;Ausland;Ausländer;weiblich;450
2013;1. Quartal;Zuzug;Alte Bundesländer (mit Berlin);Deutsche;männlich;458
2013;1. Quartal;Zuzug;Alte Bundesländer (mit Berlin);Deutsche;weiblich;382
2013;1. Quartal;Zuzug;Alte Bundesländer (mit Berlin);Ausländer;männlich;91
2013;1. Quartal;Zuzug;Alte Bundesländer (mit Berlin);Ausländer;weiblich;43
2013;1. Quartal;Zuzug;Neue Bundesländer (ohne Sachsen);Deutsche;männlich;435
2013;1. Quartal;Zuzug;Neue Bundesländer (ohne Sachsen);Deutsche;weiblich;387
2013;1. Quartal;Zuzug;Neue Bundesländer (ohne Sachsen);Ausländer;männlich;27
2013;1. Quartal;Zuzug;Neue Bundesländer (ohne Sachsen);Ausländer;weiblich;25
2013;1. Quartal;Zuzug;Sachsen (ohne Umland Dresden);Deutsche;männlich;548
2013;1. Quartal;Zuzug;Sachsen (ohne Umland Dresden);Deutsche;weiblich;474
2013;1. Quartal;Zuzug;Sachsen (ohne Umland Dresden);Ausländer;männlich;39
2013;1. Quartal;Zuzug;Sachsen (ohne Umland Dresden);Ausländer;weiblich;40
2013;1. Quartal;Zuzug;Umland Dresden;Deutsche;männlich;663
2013;1. Quartal;Zuzug;Umland Dresden;Deutsche;weiblich;584
2013;1. Quartal;Zuzug;Umland Dresden;Ausländer;männlich;36
2013;1. Quartal;Zuzug;Umland Dresden;Ausländer;weiblich;27
2013;1. Quartal;Fortzug;unbekannt;Deutsche;männlich;334
2013;1. Quartal;Fortzug;unbekannt;Deutsche;weiblich;128
2013;1. Quartal;Fortzug;unbekannt;Ausländer;männlich;382
2013;1. Quartal;Fortzug;unbekannt;Ausländer;weiblich;200
2013;1. Quartal;Fortzug;Ausland;Deutsche;männlich;125
2013;1. Quartal;Fortzug;Ausland;Deutsche;weiblich;105
2013;1. Quartal;Fortzug;Ausland;Ausländer;männlich;255
2013;1. Quartal;Fortzug;Ausland;Ausländer;weiblich;259
2013;1. Quartal;Fortzug;Alte Bundesländer (mit Berlin);Deutsche;männlich;459
2013;1. Quartal;Fortzug;Alte Bundesländer (mit Berlin);Deutsche;weiblich;438
2013;1. Quartal;Fortzug;Alte Bundesländer (mit Berlin);Ausländer;männlich;119
2013;1. Quartal;Fortzug;Alte Bundesländer (mit Berlin);Ausländer;weiblich;79
2013;1. Quartal;Fortzug;Neue Bundesländer (ohne Sachsen);Deutsche;männlich;341
2013;1. Quartal;Fortzug;Neue Bundesländer (ohne Sachsen);Deutsche;weiblich;328
2013;1. Quartal;Fortzug;Neue Bundesländer (ohne Sachsen);Ausländer;männlich;33
2013;1. Quartal;Fortzug;Neue Bundesländer (ohne Sachsen);Ausländer;weiblich;22
2013;1. Quartal;Fortzug;Sachsen (ohne Umland Dresden);Deutsche;männlich;297
2013;1. Quartal;Fortzug;Sachsen (ohne Umland Dresden);Deutsche;weiblich;261
2013;1. Quartal;Fortzug;Sachsen (ohne Umland Dresden);Ausländer;männlich;33
2013;1. Quartal;Fortzug;Sachsen (ohne Umland Dresden);Ausländer;weiblich;12
2013;1. Quartal;Fortzug;Umland Dresden;Deutsche;männlich;642
2013;1. Quartal;Fortzug;Umland Dresden;Deutsche;weiblich;610
2013;1. Quartal;Fortzug;Umland Dresden;Ausländer;männlich;32
2013;1. Quartal;Fortzug;Umland Dresden;Ausländer;weiblich;17
2013;1. Quartal;Umzug;Innerhalb Dresdens;Deutsche;männlich;4536
2013;1. Quartal;Umzug;Innerhalb Dresdens;Deutsche;weiblich;4231
2013;1. Quartal;Umzug;Innerhalb Dresdens;Ausländer;männlich;524
2013;1. Quartal;Umzug;Innerhalb Dresdens;Ausländer;weiblich;442
2013;2. Quartal;Zuzug;unbekannt;Deutsche;männlich;48
2013;2. Quartal;Zuzug;unbekannt;Deutsche;weiblich;27
2013;2. Quartal;Zuzug;unbekannt;Ausländer;männlich;22
2013;2. Quartal;Zuzug;unbekannt;Ausländer;weiblich;14
2013;2. Quartal;Zuzug;Ausland;Deutsche;männlich;93
2013;2. Quartal;Zuzug;Ausland;Deutsche;weiblich;77
2013;2. Quartal;Zuzug;Ausland;Ausländer;männlich;639
2013;2. Quartal;Zuzug;Ausland;Ausländer;weiblich;470
2013;2. Quartal;Zuzug;Alte Bundesländer (mit Berlin);Deutsche;männlich;495
2013;2. Quartal;Zuzug;Alte Bundesländer (mit Berlin);Deutsche;weiblich;401
2013;2. Quartal;Zuzug;Alte Bundesländer (mit Berlin);Ausländer;männlich;62
2013;2. Quartal;Zuzug;Alte Bundesländer (mit Berlin);Ausländer;weiblich;45
2013;2. Quartal;Zuzug;Neue Bundesländer (ohne Sachsen);Deutsche;männlich;424
2013;2. Quartal;Zuzug;Neue Bundesländer (ohne Sachsen);Deutsche;weiblich;346
2013;2. Quartal;Zuzug;Neue Bundesländer (ohne Sachsen);Ausländer;männlich;28
2013;2. Quartal;Zuzug;Neue Bundesländer (ohne Sachsen);Ausländer;weiblich;33
2013;2. Quartal;Zuzug;Sachsen (ohne Umland Dresden);Deutsche;männlich;489
2013;2. Quartal;Zuzug;Sachsen (ohne Umland Dresden);Deutsche;weiblich;391
2013;2. Quartal;Zuzug;Sachsen (ohne Umland Dresden);Ausländer;männlich;48
2013;2. Quartal;Zuzug;Sachsen (ohne Umland Dresden);Ausländer;weiblich;44
2013;2. Quartal;Zuzug;Umland Dresden;Deutsche;männlich;649
2013;2. Quartal;Zuzug;Umland Dresden;Deutsche;weiblich;585
2013;2. Quartal;Zuzug;Umland Dresden;Ausländer;männlich;35
2013;2. Quartal;Zuzug;Umland Dresden;Ausländer;weiblich;26
2013;2. Quartal;Fortzug;unbekannt;Deutsche;männlich;329
2013;2. Quartal;Fortzug;unbekannt;Deutsche;weiblich;148
2013;2. Quartal;Fortzug;unbekannt;Ausländer;männlich;363
2013;2. Quartal;Fortzug;unbekannt;Ausländer;weiblich;171
2013;2. Quartal;Fortzug;Ausland;Deutsche;männlich;84
2013;2. Quartal;Fortzug;Ausland;Deutsche;weiblich;99
2013;2. Quartal;Fortzug;Ausland;Ausländer;männlich;218
2013;2. Quartal;Fortzug;Ausland;Ausländer;weiblich;172
2013;2. Quartal;Fortzug;Alte Bundesländer (mit Berlin);Deutsche;männlich;407
2013;2. Quartal;Fortzug;Alte Bundesländer (mit Berlin);Deutsche;weiblich;406
2013;2. Quartal;Fortzug;Alte Bundesländer (mit Berlin);Ausländer;männlich;130
2013;2. Quartal;Fortzug;Alte Bundesländer (mit Berlin);Ausländer;weiblich;70
2013;2. Quartal;Fortzug;Neue Bundesländer (ohne Sachsen);Deutsche;männlich;334
2013;2. Quartal;Fortzug;Neue Bundesländer (ohne Sachsen);Deutsche;weiblich;328
2013;2. Quartal;Fortzug;Neue Bundesländer (ohne Sachsen);Ausländer;männlich;38
2013;2. Quartal;Fortzug;Neue Bundesländer (ohne Sachsen);Ausländer;weiblich;25
2013;2. Quartal;Fortzug;Sachsen (ohne Umland Dresden);Deutsche;männlich;309
2013;2. Quartal;Fortzug;Sachsen (ohne Umland Dresden);Deutsche;weiblich;255
2013;2. Quartal;Fortzug;Sachsen (ohne Umland Dresden);Ausländer;männlich;14
2013;2. Quartal;Fortzug;Sachsen (ohne Umland Dresden);Ausländer;weiblich;10
2013;2. Quartal;Fortzug;Umland Dresden;Deutsche;männlich;755
2013;2. Quartal;Fortzug;Umland Dresden;Deutsche;weiblich;803
2013;2. Quartal;Fortzug;Umland Dresden;Ausländer;männlich;45
2013;2. Quartal;Fortzug;Umland Dresden;Ausländer;weiblich;26
2013;2. Quartal;Umzug;Innerhalb Dresdens;Deutsche;männlich;4624
2013;2. Quartal;Umzug;Innerhalb Dresdens;Deutsche;weiblich;4498
2013;2. Quartal;Umzug;Innerhalb Dresdens;Ausländer;männlich;594
2013;2. Quartal;Umzug;Innerhalb Dresdens;Ausländer;weiblich;475
2013;3. Quartal;Zuzug;unbekannt;Deutsche;männlich;167
2013;3. Quartal;Zuzug;unbekannt;Deutsche;weiblich;111
2013;3. Quartal;Zuzug;unbekannt;Ausländer;männlich;10
2013;3. Quartal;Zuzug;unbekannt;Ausländer;weiblich;2
2013;3. Quartal;Zuzug;Ausland;Deutsche;männlich;148
2013;3. Quartal;Zuzug;Ausland;Deutsche;weiblich;123
2013;3. Quartal;Zuzug;Ausland;Ausländer;männlich;913
2013;3. Quartal;Zuzug;Ausland;Ausländer;weiblich;728
2013;3. Quartal;Zuzug;Alte Bundesländer (mit Berlin);Deutsche;männlich;765
2013;3. Quartal;Zuzug;Alte Bundesländer (mit Berlin);Deutsche;weiblich;774
2013;3. Quartal;Zuzug;Alte Bundesländer (mit Berlin);Ausländer;männlich;83
2013;3. Quartal;Zuzug;Alte Bundesländer (mit Berlin);Ausländer;weiblich;77
2013;3. Quartal;Zuzug;Neue Bundesländer (ohne Sachsen);Deutsche;männlich;587
2013;3. Quartal;Zuzug;Neue Bundesländer (ohne Sachsen);Deutsche;weiblich;670
2013;3. Quartal;Zuzug;Neue Bundesländer (ohne Sachsen);Ausländer;männlich;25
2013;3. Quartal;Zuzug;Neue Bundesländer (ohne Sachsen);Ausländer;weiblich;38
2013;3. Quartal;Zuzug;Sachsen (ohne Umland Dresden);Deutsche;männlich;701
2013;3. Quartal;Zuzug;Sachsen (ohne Umland Dresden);Deutsche;weiblich;726
2013;3. Quartal;Zuzug;Sachsen (ohne Umland Dresden);Ausländer;männlich;110
2013;3. Quartal;Zuzug;Sachsen (ohne Umland Dresden);Ausländer;weiblich;66
2013;3. Quartal;Zuzug;Umland Dresden;Deutsche;männlich;867
2013;3. Quartal;Zuzug;Umland Dresden;Deutsche;weiblich;784
2013;3. Quartal;Zuzug;Umland Dresden;Ausländer;männlich;33
2013;3. Quartal;Zuzug;Umland Dresden;Ausländer;weiblich;42
2013;3. Quartal;Fortzug;unbekannt;Deutsche;männlich;357
2013;3. Quartal;Fortzug;unbekannt;Deutsche;weiblich;158
2013;3. Quartal;Fortzug;unbekannt;Ausländer;männlich;192
2013;3. Quartal;Fortzug;unbekannt;Ausländer;weiblich;82
2013;3. Quartal;Fortzug;Ausland;Deutsche;männlich;170
2013;3. Quartal;Fortzug;Ausland;Deutsche;weiblich;161
2013;3. Quartal;Fortzug;Ausland;Ausländer;männlich;550
2013;3. Quartal;Fortzug;Ausland;Ausländer;weiblich;515
2013;3. Quartal;Fortzug;Alte Bundesländer (mit Berlin);Deutsche;männlich;675
2013;3. Quartal;Fortzug;Alte Bundesländer (mit Berlin);Deutsche;weiblich;693
2013;3. Quartal;Fortzug;Alte Bundesländer (mit Berlin);Ausländer;männlich;132
2013;3. Quartal;Fortzug;Alte Bundesländer (mit Berlin);Ausländer;weiblich;118
2013;3. Quartal;Fortzug;Neue Bundesländer (ohne Sachsen);Deutsche;männlich;501
2013;3. Quartal;Fortzug;Neue Bundesländer (ohne Sachsen);Deutsche;weiblich;508
2013;3. Quartal;Fortzug;Neue Bundesländer (ohne Sachsen);Ausländer;männlich;56
2013;3. Quartal;Fortzug;Neue Bundesländer (ohne Sachsen);Ausländer;weiblich;29
2013;3. Quartal;Fortzug;Sachsen (ohne Umland Dresden);Deutsche;männlich;489
2013;3. Quartal;Fortzug;Sachsen (ohne Umland Dresden);Deutsche;weiblich;485
2013;3. Quartal;Fortzug;Sachsen (ohne Umland Dresden);Ausländer;männlich;27
2013;3. Quartal;Fortzug;Sachsen (ohne Umland Dresden);Ausländer;weiblich;20
2013;3. Quartal;Fortzug;Umland Dresden;Deutsche;männlich;842
2013;3. Quartal;Fortzug;Umland Dresden;Deutsche;weiblich;882
2013;3. Quartal;Fortzug;Umland Dresden;Ausländer;männlich;34
2013;3. Quartal;Fortzug;Umland Dresden;Ausländer;weiblich;32
2013;3. Quartal;Umzug;Innerhalb Dresdens;Deutsche;männlich;5172
2013;3. Quartal;Umzug;Innerhalb Dresdens;Deutsche;weiblich;4934
2013;3. Quartal;Umzug;Innerhalb Dresdens;Ausländer;männlich;675
2013;3. Quartal;Umzug;Innerhalb Dresdens;Ausländer;weiblich;545
2013;4. Quartal;Zuzug;unbekannt;Deutsche;männlich;158
2013;4. Quartal;Zuzug;unbekannt;Deutsche;weiblich;124
2013;4. Quartal;Zuzug;unbekannt;Ausländer;männlich;11
2013;4. Quartal;Zuzug;unbekannt;Ausländer;weiblich;6
2013;4. Quartal;Zuzug;Ausland;Deutsche;männlich;88
2013;4. Quartal;Zuzug;Ausland;Deutsche;weiblich;59
2013;4. Quartal;Zuzug;Ausland;Ausländer;männlich;819
2013;4. Quartal;Zuzug;Ausland;Ausländer;weiblich;680
2013;4. Quartal;Zuzug;Alte Bundesländer (mit Berlin);Deutsche;männlich;1023
2013;4. Quartal;Zuzug;Alte Bundesländer (mit Berlin);Deutsche;weiblich;870
2013;4. Quartal;Zuzug;Alte Bundesländer (mit Berlin);Ausländer;männlich;91
2013;4. Quartal;Zuzug;Alte Bundesländer (mit Berlin);Ausländer;weiblich;76
2013;4. Quartal;Zuzug;Neue Bundesländer (ohne Sachsen);Deutsche;männlich;903
2013;4. Quartal;Zuzug;Neue Bundesländer (ohne Sachsen);Deutsche;weiblich;729
2013;4. Quartal;Zuzug;Neue Bundesländer (ohne Sachsen);Ausländer;männlich;40
2013;4. Quartal;Zuzug;Neue Bundesländer (ohne Sachsen);Ausländer;weiblich;49
2013;4. Quartal;Zuzug;Sachsen (ohne Umland Dresden);Deutsche;männlich;780
2013;4. Quartal;Zuzug;Sachsen (ohne Umland Dresden);Deutsche;weiblich;621
2013;4. Quartal;Zuzug;Sachsen (ohne Umland Dresden);Ausländer;männlich;281
2013;4. Quartal;Zuzug;Sachsen (ohne Umland Dresden);Ausländer;weiblich;186
2013;4. Quartal;Zuzug;Umland Dresden;Deutsche;männlich;760
2013;4. Quartal;Zuzug;Umland Dresden;Deutsche;weiblich;640
2013;4. Quartal;Zuzug;Umland Dresden;Ausländer;männlich;48
2013;4. Quartal;Zuzug;Umland Dresden;Ausländer;weiblich;44
2013;4. Quartal;Fortzug;unbekannt;Deutsche;männlich;548
2013;4. Quartal;Fortzug;unbekannt;Deutsche;weiblich;251
2013;4. Quartal;Fortzug;unbekannt;Ausländer;männlich;206
2013;4. Quartal;Fortzug;unbekannt;Ausländer;weiblich;105
2013;4. Quartal;Fortzug;Ausland;Deutsche;männlich;126
2013;4. Quartal;Fortzug;Ausland;Deutsche;weiblich;98
2013;4. Quartal;Fortzug;Ausland;Ausländer;männlich;332
2013;4. Quartal;Fortzug;Ausland;Ausländer;weiblich;217
2013;4. Quartal;Fortzug;Alte Bundesländer (mit Berlin);Deutsche;männlich;522
2013;4. Quartal;Fortzug;Alte Bundesländer (mit Berlin);Deutsche;weiblich;502
2013;4. Quartal;Fortzug;Alte Bundesländer (mit Berlin);Ausländer;männlich;124
2013;4. Quartal;Fortzug;Alte Bundesländer (mit Berlin);Ausländer;weiblich;95
2013;4. Quartal;Fortzug;Neue Bundesländer (ohne Sachsen);Deutsche;männlich;447
2013;4. Quartal;Fortzug;Neue Bundesländer (ohne Sachsen);Deutsche;weiblich;430
2013;4. Quartal;Fortzug;Neue Bundesländer (ohne Sachsen);Ausländer;männlich;44
2013;4. Quartal;Fortzug;Neue Bundesländer (ohne Sachsen);Ausländer;weiblich;48
2013;4. Quartal;Fortzug;Sachsen (ohne Umland Dresden);Deutsche;männlich;375
2013;4. Quartal;Fortzug;Sachsen (ohne Umland Dresden);Deutsche;weiblich;373
2013;4. Quartal;Fortzug;Sachsen (ohne Umland Dresden);Ausländer;männlich;19
2013;4. Quartal;Fortzug;Sachsen (ohne Umland Dresden);Ausländer;weiblich;20
2013;4. Quartal;Fortzug;Umland Dresden;Deutsche;männlich;777
2013;4. Quartal;Fortzug;Umland Dresden;Deutsche;weiblich;745
2013;4. Quartal;Fortzug;Umland Dresden;Ausländer;männlich;18
2013;4. Quartal;Fortzug;Umland Dresden;Ausländer;weiblich;17
2013;4. Quartal;Umzug;Innerhalb Dresdens;Deutsche;männlich;4365
2013;4. Quartal;Umzug;Innerhalb Dresdens;Deutsche;weiblich;4266
2013;4. Quartal;Umzug;Innerhalb Dresdens;Ausländer;männlich;822
2013;4. Quartal;Umzug;Innerhalb Dresdens;Ausländer;weiblich;609
2014;1. Quartal;Zuzug;unbekannt;Deutsche;männlich;50
2014;1. Quartal;Zuzug;unbekannt;Deutsche;weiblich;30
2014;1. Quartal;Zuzug;unbekannt;Ausländer;männlich;10
2014;1. Quartal;Zuzug;unbekannt;Ausländer;weiblich;4
2014;1. Quartal;Zuzug;Ausland;Deutsche;männlich;85
2014;1. Quartal;Zuzug;Ausland;Deutsche;weiblich;65
2014;1. Quartal;Zuzug;Ausland;Ausländer;männlich;655
2014;1. Quartal;Zuzug;Ausland;Ausländer;weiblich;452
2014;1. Quartal;Zuzug;Alte Bundesländer (mit Berlin);Deutsche;männlich;455
2014;1. Quartal;Zuzug;Alte Bundesländer (mit Berlin);Deutsche;weiblich;395
2014;1. Quartal;Zuzug;Alte Bundesländer (mit Berlin);Ausländer;männlich;120
2014;1. Quartal;Zuzug;Alte Bundesländer (mit Berlin);Ausländer;weiblich;54
2014;1. Quartal;Zuzug;Neue Bundesländer (ohne Sachsen);Deutsche;männlich;443
2014;1. Quartal;Zuzug;Neue Bundesländer (ohne Sachsen);Deutsche;weiblich;407
2014;1. Quartal;Zuzug;Neue Bundesländer (ohne Sachsen);Ausländer;männlich;38
2014;1. Quartal;Zuzug;Neue Bundesländer (ohne Sachsen);Ausländer;weiblich;33
2014;1. Quartal;Zuzug;Sachsen (ohne Umland Dresden);Deutsche;männlich;507
2014;1. Quartal;Zuzug;Sachsen (ohne Umland Dresden);Deutsche;weiblich;406
2014;1. Quartal;Zuzug;Sachsen (ohne Umland Dresden);Ausländer;männlich;211
2014;1. Quartal;Zuzug;Sachsen (ohne Umland Dresden);Ausländer;weiblich;71
2014;1. Quartal;Zuzug;Umland Dresden;Deutsche;männlich;704
2014;1. Quartal;Zuzug;Umland Dresden;Deutsche;weiblich;622
2014;1. Quartal;Zuzug;Umland Dresden;Ausländer;männlich;44
2014;1. Quartal;Zuzug;Umland Dresden;Ausländer;weiblich;32
2014;1. Quartal;Fortzug;unbekannt;Deutsche;männlich;316
2014;1. Quartal;Fortzug;unbekannt;Deutsche;weiblich;115
2014;1. Quartal;Fortzug;unbekannt;Ausländer;männlich;157
2014;1. Quartal;Fortzug;unbekannt;Ausländer;weiblich;77
2014;1. Quartal;Fortzug;Ausland;Deutsche;männlich;126
2014;1. Quartal;Fortzug;Ausland;Deutsche;weiblich;112
2014;1. Quartal;Fortzug;Ausland;Ausländer;männlich;406
2014;1. Quartal;Fortzug;Ausland;Ausländer;weiblich;360
2014;1. Quartal;Fortzug;Alte Bundesländer (mit Berlin);Deutsche;männlich;477
2014;1. Quartal;Fortzug;Alte Bundesländer (mit Berlin);Deutsche;weiblich;402
2014;1. Quartal;Fortzug;Alte Bundesländer (mit Berlin);Ausländer;männlich;128
2014;1. Quartal;Fortzug;Alte Bundesländer (mit Berlin);Ausländer;weiblich;107
2014;1. Quartal;Fortzug;Neue Bundesländer (ohne Sachsen);Deutsche;männlich;390
2014;1. Quartal;Fortzug;Neue Bundesländer (ohne Sachsen);Deutsche;weiblich;323
2014;1. Quartal;Fortzug;Neue Bundesländer (ohne Sachsen);Ausländer;männlich;40
2014;1. Quartal;Fortzug;Neue Bundesländer (ohne Sachsen);Ausländer;weiblich;31
2014;1. Quartal;Fortzug;Sachsen (ohne Umland Dresden);Deutsche;männlich;340
2014;1. Quartal;Fortzug;Sachsen (ohne Umland Dresden);Deutsche;weiblich;311
2014;1. Quartal;Fortzug;Sachsen (ohne Umland Dresden);Ausländer;männlich;23
2014;1. Quartal;Fortzug;Sachsen (ohne Umland Dresden);Ausländer;weiblich;21
2014;1. Quartal;Fortzug;Umland Dresden;Deutsche;männlich;704
2014;1. Quartal;Fortzug;Umland Dresden;Deutsche;weiblich;695
2014;1. Quartal;Fortzug;Umland Dresden;Ausländer;männlich;39
2014;1. Quartal;Fortzug;Umland Dresden;Ausländer;weiblich;19
2014;1. Quartal;Umzug;Innerhalb Dresdens;Deutsche;männlich;4576
2014;1. Quartal;Umzug;Innerhalb Dresdens;Deutsche;weiblich;4438
2014;1. Quartal;Umzug;Innerhalb Dresdens;Ausländer;männlich;687
2014;1. Quartal;Umzug;Innerhalb Dresdens;Ausländer;weiblich;484
2014;2. Quartal;Zuzug;unbekannt;Deutsche;männlich;38
2014;2. Quartal;Zuzug;unbekannt;Deutsche;weiblich;31
2014;2. Quartal;Zuzug;unbekannt;Ausländer;männlich;6
2014;2. Quartal;Zuzug;unbekannt;Ausländer;weiblich;1
2014;2. Quartal;Zuzug;Ausland;Deutsche;männlich;103
2014;2. Quartal;Zuzug;Ausland;Deutsche;weiblich;84
2014;2. Quartal;Zuzug;Ausland;Ausländer;männlich;699
2014;2. Quartal;Zuzug;Ausland;Ausländer;weiblich;534
2014;2. Quartal;Zuzug;Alte Bundesländer (mit Berlin);Deutsche;männlich;402
2014;2. Quartal;Zuzug;Alte Bundesländer (mit Berlin);Deutsche;weiblich;400
2014;2. Quartal;Zuzug;Alte Bundesländer (mit Berlin);Ausländer;männlich;109
2014;2. Quartal;Zuzug;Alte Bundesländer (mit Berlin);Ausländer;weiblich;37
2014;2. Quartal;Zuzug;Neue Bundesländer (ohne Sachsen);Deutsche;männlich;388
2014;2. Quartal;Zuzug;Neue Bundesländer (ohne Sachsen);Deutsche;weiblich;325
2014;2. Quartal;Zuzug;Neue Bundesländer (ohne Sachsen);Ausländer;männlich;38
2014;2. Quartal;Zuzug;Neue Bundesländer (ohne Sachsen);Ausländer;weiblich;27
2014;2. Quartal;Zuzug;Sachsen (ohne Umland Dresden);Deutsche;männlich;402
2014;2. Quartal;Zuzug;Sachsen (ohne Umland Dresden);Deutsche;weiblich;333
2014;2. Quartal;Zuzug;Sachsen (ohne Umland Dresden);Ausländer;männlich;210
2014;2. Quartal;Zuzug;Sachsen (ohne Umland Dresden);Ausländer;weiblich;69
2014;2. Quartal;Zuzug;Umland Dresden;Deutsche;männlich;627
2014;2. Quartal;Zuzug;Umland Dresden;Deutsche;weiblich;552
2014;2. Quartal;Zuzug;Umland Dresden;Ausländer;männlich;38
2014;2. Quartal;Zuzug;Umland Dresden;Ausländer;weiblich;31
2014;2. Quartal;Fortzug;unbekannt;Deutsche;männlich;259
2014;2. Quartal;Fortzug;unbekannt;Deutsche;weiblich;77
2014;2. Quartal;Fortzug;unbekannt;Ausländer;männlich;173
2014;2. Quartal;Fortzug;unbekannt;Ausländer;weiblich;33
2014;2. Quartal;Fortzug;Ausland;Deutsche;männlich;101
2014;2. Quartal;Fortzug;Ausland;Deutsche;weiblich;87
2014;2. Quartal;Fortzug;Ausland;Ausländer;männlich;277
2014;2. Quartal;Fortzug;Ausland;Ausländer;weiblich;226
2014;2. Quartal;Fortzug;Alte Bundesländer (mit Berlin);Deutsche;männlich;520
2014;2. Quartal;Fortzug;Alte Bundesländer (mit Berlin);Deutsche;weiblich;400
2014;2. Quartal;Fortzug;Alte Bundesländer (mit Berlin);Ausländer;männlich;144
2014;2. Quartal;Fortzug;Alte Bundesländer (mit Berlin);Ausländer;weiblich;106
2014;2. Quartal;Fortzug;Neue Bundesländer (ohne Sachsen);Deutsche;männlich;333
2014;2. Quartal;Fortzug;Neue Bundesländer (ohne Sachsen);Deutsche;weiblich;325
2014;2. Quartal;Fortzug;Neue Bundesländer (ohne Sachsen);Ausländer;männlich;38
2014;2. Quartal;Fortzug;Neue Bundesländer (ohne Sachsen);Ausländer;weiblich;28
2014;2. Quartal;Fortzug;Sachsen (ohne Umland Dresden);Deutsche;männlich;360
2014;2. Quartal;Fortzug;Sachsen (ohne Umland Dresden);Deutsche;weiblich;280
2014;2. Quartal;Fortzug;Sachsen (ohne Umland Dresden);Ausländer;männlich;20
2014;2. Quartal;Fortzug;Sachsen (ohne Umland Dresden);Ausländer;weiblich;13
2014;2. Quartal;Fortzug;Umland Dresden;Deutsche;männlich;750
2014;2. Quartal;Fortzug;Umland Dresden;Deutsche;weiblich;761
2014;2. Quartal;Fortzug;Umland Dresden;Ausländer;männlich;35
2014;2. Quartal;Fortzug;Umland Dresden;Ausländer;weiblich;22
2014;2. Quartal;Umzug;Innerhalb Dresdens;Deutsche;männlich;4910
2014;2. Quartal;Umzug;Innerhalb Dresdens;Deutsche;weiblich;4731
2014;2. Quartal;Umzug;Innerhalb Dresdens;Ausländer;männlich;766
2014;2. Quartal;Umzug;Innerhalb Dresdens;Ausländer;weiblich;608
2014;3. Quartal;Zuzug;unbekannt;Deutsche;männlich;206
2014;3. Quartal;Zuzug;unbekannt;Deutsche;weiblich;119
2014;3. Quartal;Zuzug;unbekannt;Ausländer;männlich;51
2014;3. Quartal;Zuzug;unbekannt;Ausländer;weiblich;13
2014;3. Quartal;Zuzug;Ausland;Deutsche;männlich;144
2014;3. Quartal;Zuzug;Ausland;Deutsche;weiblich;105
2014;3. Quartal;Zuzug;Ausland;Ausländer;männlich;947
2014;3. Quartal;Zuzug;Ausland;Ausländer;weiblich;782
2014;3. Quartal;Zuzug;Alte Bundesländer (mit Berlin);Deutsche;männlich;711
2014;3. Quartal;Zuzug;Alte Bundesländer (mit Berlin);Deutsche;weiblich;732
2014;3. Quartal;Zuzug;Alte Bundesländer (mit Berlin);Ausländer;männlich;155
2014;3. Quartal;Zuzug;Alte Bundesländer (mit Berlin);Ausländer;weiblich;105
2014;3. Quartal;Zuzug;Neue Bundesländer (ohne Sachsen);Deutsche;männlich;654
2014;3. Quartal;Zuzug;Neue Bundesländer (ohne Sachsen);Deutsche;weiblich;703
2014;3. Quartal;Zuzug;Neue Bundesländer (ohne Sachsen);Ausländer;männlich;58
2014;3. Quartal;Zuzug;Neue Bundesländer (ohne Sachsen);Ausländer;weiblich;68
2014;3. Quartal;Zuzug;Sachsen (ohne Umland Dresden);Deutsche;männlich;875
2014;3. Quartal;Zuzug;Sachsen (ohne Umland Dresden);Deutsche;weiblich;812
2014;3. Quartal;Zuzug;Sachsen (ohne Umland Dresden);Ausländer;männlich;347
2014;3. Quartal;Zuzug;Sachsen (ohne Umland Dresden);Ausländer;weiblich;130
2014;3. Quartal;Zuzug;Umland Dresden;Deutsche;männlich;833
2014;3. Quartal;Zuzug;Umland Dresden;Deutsche;weiblich;830
2014;3. Quartal;Zuzug;Umland Dresden;Ausländer;männlich;40
2014;3. Quartal;Zuzug;Umland Dresden;Ausländer;weiblich;42
2014;3. Quartal;Fortzug;unbekannt;Deutsche;männlich;324
2014;3. Quartal;Fortzug;unbekannt;Deutsche;weiblich;160
2014;3. Quartal;Fortzug;unbekannt;Ausländer;männlich;229
2014;3. Quartal;Fortzug;unbekannt;Ausländer;weiblich;62
2014;3. Quartal;Fortzug;Ausland;Deutsche;männlich;161
2014;3. Quartal;Fortzug;Ausland;Deutsche;weiblich;150
2014;3. Quartal;Fortzug;Ausland;Ausländer;männlich;629
2014;3. Quartal;Fortzug;Ausland;Ausländer;weiblich;580
2014;3. Quartal;Fortzug;Alte Bundesländer (mit Berlin);Deutsche;männlich;768
2014;3. Quartal;Fortzug;Alte Bundesländer (mit Berlin);Deutsche;weiblich;707
2014;3. Quartal;Fortzug;Alte Bundesländer (mit Berlin);Ausländer;männlich;191
2014;3. Quartal;Fortzug;Alte Bundesländer (mit Berlin);Ausländer;weiblich;135
2014;3. Quartal;Fortzug;Neue Bundesländer (ohne Sachsen);Deutsche;männlich;478
2014;3. Quartal;Fortzug;Neue Bundesländer (ohne Sachsen);Deutsche;weiblich;496
2014;3. Quartal;Fortzug;Neue Bundesländer (ohne Sachsen);Ausländer;männlich;56
2014;3. Quartal;Fortzug;Neue Bundesländer (ohne Sachsen);Ausländer;weiblich;49
2014;3. Quartal;Fortzug;Sachsen (ohne Umland Dresden);Deutsche;männlich;605
2014;3. Quartal;Fortzug;Sachsen (ohne Umland Dresden);Deutsche;weiblich;546
2014;3. Quartal;Fortzug;Sachsen (ohne Umland Dresden);Ausländer;männlich;51
2014;3. Quartal;Fortzug;Sachsen (ohne Umland Dresden);Ausländer;weiblich;41
2014;3. Quartal;Fortzug;Umland Dresden;Deutsche;männlich;879
2014;3. Quartal;Fortzug;Umland Dresden;Deutsche;weiblich;960
2014;3. Quartal;Fortzug;Umland Dresden;Ausländer;männlich;31
2014;3. Quartal;Fortzug;Umland Dresden;Ausländer;weiblich;27
2014;3. Quartal;Umzug;Innerhalb Dresdens;Deutsche;männlich;5004
2014;3. Quartal;Umzug;Innerhalb Dresdens;Deutsche;weiblich;4804
2014;3. Quartal;Umzug;Innerhalb Dresdens;Ausländer;männlich;771
2014;3. Quartal;Umzug;Innerhalb Dresdens;Ausländer;weiblich;583
2014;4. Quartal;Zuzug;unbekannt;Deutsche;männlich;207
2014;4. Quartal;Zuzug;unbekannt;Deutsche;weiblich;90
2014;4. Quartal;Zuzug;unbekannt;Ausländer;männlich;67
2014;4. Quartal;Zuzug;unbekannt;Ausländer;weiblich;15
2014;4. Quartal;Zuzug;Ausland;Deutsche;männlich;90
2014;4. Quartal;Zuzug;Ausland;Deutsche;weiblich;67
2014;4. Quartal;Zuzug;Ausland;Ausländer;männlich;852
2014;4. Quartal;Zuzug;Ausland;Ausländer;weiblich;706
2014;4. Quartal;Zuzug;Alte Bundesländer (mit Berlin);Deutsche;männlich;1030
2014;4. Quartal;Zuzug;Alte Bundesländer (mit Berlin);Deutsche;weiblich;873
2014;4. Quartal;Zuzug;Alte Bundesländer (mit Berlin);Ausländer;männlich;131
2014;4. Quartal;Zuzug;Alte Bundesländer (mit Berlin);Ausländer;weiblich;96
2014;4. Quartal;Zuzug;Neue Bundesländer (ohne Sachsen);Deutsche;männlich;823
2014;4. Quartal;Zuzug;Neue Bundesländer (ohne Sachsen);Deutsche;weiblich;738
2014;4. Quartal;Zuzug;Neue Bundesländer (ohne Sachsen);Ausländer;männlich;68
2014;4. Quartal;Zuzug;Neue Bundesländer (ohne Sachsen);Ausländer;weiblich;41
2014;4. Quartal;Zuzug;Sachsen (ohne Umland Dresden);Deutsche;männlich;831
2014;4. Quartal;Zuzug;Sachsen (ohne Umland Dresden);Deutsche;weiblich;631
2014;4. Quartal;Zuzug;Sachsen (ohne Umland Dresden);Ausländer;männlich;446
2014;4. Quartal;Zuzug;Sachsen (ohne Umland Dresden);Ausländer;weiblich;102
2014;4. Quartal;Zuzug;Umland Dresden;Deutsche;männlich;733
2014;4. Quartal;Zuzug;Umland Dresden;Deutsche;weiblich;643
2014;4. Quartal;Zuzug;Umland Dresden;Ausländer;männlich;62
2014;4. Quartal;Zuzug;Umland Dresden;Ausländer;weiblich;45
2014;4. Quartal;Fortzug;unbekannt;Deutsche;männlich;398
2014;4. Quartal;Fortzug;unbekannt;Deutsche;weiblich;180
2014;4. Quartal;Fortzug;unbekannt;Ausländer;männlich;496
2014;4. Quartal;Fortzug;unbekannt;Ausländer;weiblich;179
2014;4. Quartal;Fortzug;Ausland;Deutsche;männlich;128
2014;4. Quartal;Fortzug;Ausland;Deutsche;weiblich;104
2014;4. Quartal;Fortzug;Ausland;Ausländer;männlich;332
2014;4. Quartal;Fortzug;Ausland;Ausländer;weiblich;243
2014;4. Quartal;Fortzug;Alte Bundesländer (mit Berlin);Deutsche;männlich;616
2014;4. Quartal;Fortzug;Alte Bundesländer (mit Berlin);Deutsche;weiblich;565
2014;4. Quartal;Fortzug;Alte Bundesländer (mit Berlin);Ausländer;männlich;157
2014;4. Quartal;Fortzug;Alte Bundesländer (mit Berlin);Ausländer;weiblich;91
2014;4. Quartal;Fortzug;Neue Bundesländer (ohne Sachsen);Deutsche;männlich;452
2014;4. Quartal;Fortzug;Neue Bundesländer (ohne Sachsen);Deutsche;weiblich;471
2014;4. Quartal;Fortzug;Neue Bundesländer (ohne Sachsen);Ausländer;männlich;57
2014;4. Quartal;Fortzug;Neue Bundesländer (ohne Sachsen);Ausländer;weiblich;52
2014;4. Quartal;Fortzug;Sachsen (ohne Umland Dresden);Deutsche;männlich;470
2014;4. Quartal;Fortzug;Sachsen (ohne Umland Dresden);Deutsche;weiblich;430
2014;4. Quartal;Fortzug;Sachsen (ohne Umland Dresden);Ausländer;männlich;49
2014;4. Quartal;Fortzug;Sachsen (ohne Umland Dresden);Ausländer;weiblich;47
2014;4. Quartal;Fortzug;Umland Dresden;Deutsche;männlich;840
2014;4. Quartal;Fortzug;Umland Dresden;Deutsche;weiblich;798
2014;4. Quartal;Fortzug;Umland Dresden;Ausländer;männlich;25
2014;4. Quartal;Fortzug;Umland Dresden;Ausländer;weiblich;18
2014;4. Quartal;Umzug;Innerhalb Dresdens;Deutsche;männlich;4590
2014;4. Quartal;Umzug;Innerhalb Dresdens;Deutsche;weiblich;4427
2014;4. Quartal;Umzug;Innerhalb Dresdens;Ausländer;männlich;1013
2014;4. Quartal;Umzug;Innerhalb Dresdens;Ausländer;weiblich;701
2015;1. Quartal;Zuzug;unbekannt;Deutsche;männlich;230
2015;1. Quartal;Zuzug;unbekannt;Deutsche;weiblich;97
2015;1. Quartal;Zuzug;unbekannt;Ausländer;männlich;107
2015;1. Quartal;Zuzug;unbekannt;Ausländer;weiblich;11
2015;1. Quartal;Zuzug;Ausland;Deutsche;männlich;86
2015;1. Quartal;Zuzug;Ausland;Deutsche;weiblich;60
2015;1. Quartal;Zuzug;Ausland;Ausländer;männlich;615
2015;1. Quartal;Zuzug;Ausland;Ausländer;weiblich;427
2015;1. Quartal;Zuzug;Alte Bundesländer (mit Berlin);Deutsche;männlich;456
2015;1. Quartal;Zuzug;Alte Bundesländer (mit Berlin);Deutsche;weiblich;365
2015;1. Quartal;Zuzug;Alte Bundesländer (mit Berlin);Ausländer;männlich;140
2015;1. Quartal;Zuzug;Alte Bundesländer (mit Berlin);Ausländer;weiblich;67
2015;1. Quartal;Zuzug;Neue Bundesländer (ohne Sachsen);Deutsche;männlich;369
2015;1. Quartal;Zuzug;Neue Bundesländer (ohne Sachsen);Deutsche;weiblich;348
2015;1. Quartal;Zuzug;Neue Bundesländer (ohne Sachsen);Ausländer;männlich;61
2015;1. Quartal;Zuzug;Neue Bundesländer (ohne Sachsen);Ausländer;weiblich;43
2015;1. Quartal;Zuzug;Sachsen (ohne Umland Dresden);Deutsche;männlich;540
2015;1. Quartal;Zuzug;Sachsen (ohne Umland Dresden);Deutsche;weiblich;442
2015;1. Quartal;Zuzug;Sachsen (ohne Umland Dresden);Ausländer;männlich;348
2015;1. Quartal;Zuzug;Sachsen (ohne Umland Dresden);Ausländer;weiblich;144
2015;1. Quartal;Zuzug;Umland Dresden;Deutsche;männlich;677
2015;1. Quartal;Zuzug;Umland Dresden;Deutsche;weiblich;568
2015;1. Quartal;Zuzug;Umland Dresden;Ausländer;männlich;55
2015;1. Quartal;Zuzug;Umland Dresden;Ausländer;weiblich;36
2015;1. Quartal;Fortzug;unbekannt;Deutsche;männlich;384
2015;1. Quartal;Fortzug;unbekannt;Deutsche;weiblich;181
2015;1. Quartal;Fortzug;unbekannt;Ausländer;männlich;406
2015;1. Quartal;Fortzug;unbekannt;Ausländer;weiblich;142
2015;1. Quartal;Fortzug;Ausland;Deutsche;männlich;130
2015;1. Quartal;Fortzug;Ausland;Deutsche;weiblich;116
2015;1. Quartal;Fortzug;Ausland;Ausländer;männlich;414
2015;1. Quartal;Fortzug;Ausland;Ausländer;weiblich;359
2015;1. Quartal;Fortzug;Alte Bundesländer (mit Berlin);Deutsche;männlich;514
2015;1. Quartal;Fortzug;Alte Bundesländer (mit Berlin);Deutsche;weiblich;476
2015;1. Quartal;Fortzug;Alte Bundesländer (mit Berlin);Ausländer;männlich;155
2015;1. Quartal;Fortzug;Alte Bundesländer (mit Berlin);Ausländer;weiblich;78
2015;1. Quartal;Fortzug;Neue Bundesländer (ohne Sachsen);Deutsche;männlich;313
2015;1. Quartal;Fortzug;Neue Bundesländer (ohne Sachsen);Deutsche;weiblich;325
2015;1. Quartal;Fortzug;Neue Bundesländer (ohne Sachsen);Ausländer;männlich;52
2015;1. Quartal;Fortzug;Neue Bundesländer (ohne Sachsen);Ausländer;weiblich;36
2015;1. Quartal;Fortzug;Sachsen (ohne Umland Dresden);Deutsche;männlich;364
2015;1. Quartal;Fortzug;Sachsen (ohne Umland Dresden);Deutsche;weiblich;320
2015;1. Quartal;Fortzug;Sachsen (ohne Umland Dresden);Ausländer;männlich;54
2015;1. Quartal;Fortzug;Sachsen (ohne Umland Dresden);Ausländer;weiblich;35
2015;1. Quartal;Fortzug;Umland Dresden;Deutsche;männlich;726
2015;1. Quartal;Fortzug;Umland Dresden;Deutsche;weiblich;723
2015;1. Quartal;Fortzug;Umland Dresden;Ausländer;männlich;33
2015;1. Quartal;Fortzug;Umland Dresden;Ausländer;weiblich;31
2015;1. Quartal;Umzug;Innerhalb Dresdens;Deutsche;männlich;4494
2015;1. Quartal;Umzug;Innerhalb Dresdens;Deutsche;weiblich;4234
2015;1. Quartal;Umzug;Innerhalb Dresdens;Ausländer;männlich;983
2015;1. Quartal;Umzug;Innerhalb Dresdens;Ausländer;weiblich;517
2015;2. Quartal;Zuzug;unbekannt;Deutsche;männlich;187
2015;2. Quartal;Zuzug;unbekannt;Deutsche;weiblich;87
2015;2. Quartal;Zuzug;unbekannt;Ausländer;männlich;93
2015;2. Quartal;Zuzug;unbekannt;Ausländer;weiblich;12
2015;2. Quartal;Zuzug;Ausland;Deutsche;männlich;90
2015;2. Quartal;Zuzug;Ausland;Deutsche;weiblich;70
2015;2. Quartal;Zuzug;Ausland;Ausländer;männlich;697
2015;2. Quartal;Zuzug;Ausland;Ausländer;weiblich;510
2015;2. Quartal;Zuzug;Alte Bundesländer (mit Berlin);Deutsche;männlich;456
2015;2. Quartal;Zuzug;Alte Bundesländer (mit Berlin);Deutsche;weiblich;397
2015;2. Quartal;Zuzug;Alte Bundesländer (mit Berlin);Ausländer;männlich;113
2015;2. Quartal;Zuzug;Alte Bundesländer (mit Berlin);Ausländer;weiblich;76
2015;2. Quartal;Zuzug;Neue Bundesländer (ohne Sachsen);Deutsche;männlich;348
2015;2. Quartal;Zuzug;Neue Bundesländer (ohne Sachsen);Deutsche;weiblich;332
2015;2. Quartal;Zuzug;Neue Bundesländer (ohne Sachsen);Ausländer;männlich;42
2015;2. Quartal;Zuzug;Neue Bundesländer (ohne Sachsen);Ausländer;weiblich;24
2015;2. Quartal;Zuzug;Sachsen (ohne Umland Dresden);Deutsche;männlich;469
2015;2. Quartal;Zuzug;Sachsen (ohne Umland Dresden);Deutsche;weiblich;379
2015;2. Quartal;Zuzug;Sachsen (ohne Umland Dresden);Ausländer;männlich;392
2015;2. Quartal;Zuzug;Sachsen (ohne Umland Dresden);Ausländer;weiblich;149
2015;2. Quartal;Zuzug;Umland Dresden;Deutsche;männlich;646
2015;2. Quartal;Zuzug;Umland Dresden;Deutsche;weiblich;604
2015;2. Quartal;Zuzug;Umland Dresden;Ausländer;männlich;71
2015;2. Quartal;Zuzug;Umland Dresden;Ausländer;weiblich;29
2015;2. Quartal;Fortzug;unbekannt;Deutsche;männlich;217
2015;2. Quartal;Fortzug;unbekannt;Deutsche;weiblich;89
2015;2. Quartal;Fortzug;unbekannt;Ausländer;männlich;190
2015;2. Quartal;Fortzug;unbekannt;Ausländer;weiblich;36
2015;2. Quartal;Fortzug;Ausland;Deutsche;männlich;115
2015;2. Quartal;Fortzug;Ausland;Deutsche;weiblich;91
2015;2. Quartal;Fortzug;Ausland;Ausländer;männlich;308
2015;2. Quartal;Fortzug;Ausland;Ausländer;weiblich;234
2015;2. Quartal;Fortzug;Alte Bundesländer (mit Berlin);Deutsche;männlich;488
2015;2. Quartal;Fortzug;Alte Bundesländer (mit Berlin);Deutsche;weiblich;369
2015;2. Quartal;Fortzug;Alte Bundesländer (mit Berlin);Ausländer;männlich;162
2015;2. Quartal;Fortzug;Alte Bundesländer (mit Berlin);Ausländer;weiblich;117
2015;2. Quartal;Fortzug;Neue Bundesländer (ohne Sachsen);Deutsche;männlich;324
2015;2. Quartal;Fortzug;Neue Bundesländer (ohne Sachsen);Deutsche;weiblich;347
2015;2. Quartal;Fortzug;Neue Bundesländer (ohne Sachsen);Ausländer;männlich;60
2015;2. Quartal;Fortzug;Neue Bundesländer (ohne Sachsen);Ausländer;weiblich;48
2015;2. Quartal;Fortzug;Sachsen (ohne Umland Dresden);Deutsche;männlich;338
2015;2. Quartal;Fortzug;Sachsen (ohne Umland Dresden);Deutsche;weiblich;275
2015;2. Quartal;Fortzug;Sachsen (ohne Umland Dresden);Ausländer;männlich;48
2015;2. Quartal;Fortzug;Sachsen (ohne Umland Dresden);Ausländer;weiblich;36
2015;2. Quartal;Fortzug;Umland Dresden;Deutsche;männlich;733
2015;2. Quartal;Fortzug;Umland Dresden;Deutsche;weiblich;721
2015;2. Quartal;Fortzug;Umland Dresden;Ausländer;männlich;37
2015;2. Quartal;Fortzug;Umland Dresden;Ausländer;weiblich;23
2015;2. Quartal;Umzug;Innerhalb Dresdens;Deutsche;männlich;4803
2015;2. Quartal;Umzug;Innerhalb Dresdens;Deutsche;weiblich;4663
2015;2. Quartal;Umzug;Innerhalb Dresdens;Ausländer;männlich;1030
2015;2. Quartal;Umzug;Innerhalb Dresdens;Ausländer;weiblich;641
2015;3. Quartal;Zuzug;unbekannt;Deutsche;männlich;203
2015;3. Quartal;Zuzug;unbekannt;Deutsche;weiblich;84
2015;3. Quartal;Zuzug;unbekannt;Ausländer;männlich;147
2015;3. Quartal;Zuzug;unbekannt;Ausländer;weiblich;12
2015;3. Quartal;Zuzug;Ausland;Deutsche;männlich;119
2015;3. Quartal;Zuzug;Ausland;Deutsche;weiblich;100
2015;3. Quartal;Zuzug;Ausland;Ausländer;männlich;1719
2015;3. Quartal;Zuzug;Ausland;Ausländer;weiblich;871
2015;3. Quartal;Zuzug;Alte Bundesländer (mit Berlin);Deutsche;männlich;695
2015;3. Quartal;Zuzug;Alte Bundesländer (mit Berlin);Deutsche;weiblich;687
2015;3. Quartal;Zuzug;Alte Bundesländer (mit Berlin);Ausländer;männlich;167
2015;3. Quartal;Zuzug;Alte Bundesländer (mit Berlin);Ausländer;weiblich;104
2015;3. Quartal;Zuzug;Neue Bundesländer (ohne Sachsen);Deutsche;männlich;629
2015;3. Quartal;Zuzug;Neue Bundesländer (ohne Sachsen);Deutsche;weiblich;634
2015;3. Quartal;Zuzug;Neue Bundesländer (ohne Sachsen);Ausländer;männlich;80
2015;3. Quartal;Zuzug;Neue Bundesländer (ohne Sachsen);Ausländer;weiblich;40
2015;3. Quartal;Zuzug;Sachsen (ohne Umland Dresden);Deutsche;männlich;696
2015;3. Quartal;Zuzug;Sachsen (ohne Umland Dresden);Deutsche;weiblich;743
2015;3. Quartal;Zuzug;Sachsen (ohne Umland Dresden);Ausländer;männlich;1112
2015;3. Quartal;Zuzug;Sachsen (ohne Umland Dresden);Ausländer;weiblich;181
2015;3. Quartal;Zuzug;Umland Dresden;Deutsche;männlich;803
2015;3. Quartal;Zuzug;Umland Dresden;Deutsche;weiblich;765
2015;3. Quartal;Zuzug;Umland Dresden;Ausländer;männlich;74
2015;3. Quartal;Zuzug;Umland Dresden;Ausländer;weiblich;56
2015;3. Quartal;Fortzug;unbekannt;Deutsche;männlich;403
2015;3. Quartal;Fortzug;unbekannt;Deutsche;weiblich;178
2015;3. Quartal;Fortzug;unbekannt;Ausländer;männlich;401
2015;3. Quartal;Fortzug;unbekannt;Ausländer;weiblich;109
2015;3. Quartal;Fortzug;Ausland;Deutsche;männlich;197
2015;3. Quartal;Fortzug;Ausland;Deutsche;weiblich;173
2015;3. Quartal;Fortzug;Ausland;Ausländer;männlich;626
2015;3. Quartal;Fortzug;Ausland;Ausländer;weiblich;534
2015;3. Quartal;Fortzug;Alte Bundesländer (mit Berlin);Deutsche;männlich;761
2015;3. Quartal;Fortzug;Alte Bundesländer (mit Berlin);Deutsche;weiblich;697
2015;3. Quartal;Fortzug;Alte Bundesländer (mit Berlin);Ausländer;männlich;224
2015;3. Quartal;Fortzug;Alte Bundesländer (mit Berlin);Ausländer;weiblich;155
2015;3. Quartal;Fortzug;Neue Bundesländer (ohne Sachsen);Deutsche;männlich;553
2015;3. Quartal;Fortzug;Neue Bundesländer (ohne Sachsen);Deutsche;weiblich;502
2015;3. Quartal;Fortzug;Neue Bundesländer (ohne Sachsen);Ausländer;männlich;65
2015;3. Quartal;Fortzug;Neue Bundesländer (ohne Sachsen);Ausländer;weiblich;53
2015;3. Quartal;Fortzug;Sachsen (ohne Umland Dresden);Deutsche;männlich;558
2015;3. Quartal;Fortzug;Sachsen (ohne Umland Dresden);Deutsche;weiblich;576
2015;3. Quartal;Fortzug;Sachsen (ohne Umland Dresden);Ausländer;männlich;556
2015;3. Quartal;Fortzug;Sachsen (ohne Umland Dresden);Ausländer;weiblich;86
2015;3. Quartal;Fortzug;Umland Dresden;Deutsche;männlich;887
2015;3. Quartal;Fortzug;Umland Dresden;Deutsche;weiblich;936
2015;3. Quartal;Fortzug;Umland Dresden;Ausländer;männlich;132
2015;3. Quartal;Fortzug;Umland Dresden;Ausländer;weiblich;46
2015;3. Quartal;Umzug;Innerhalb Dresdens;Deutsche;männlich;4758
2015;3. Quartal;Umzug;Innerhalb Dresdens;Deutsche;weiblich;4787
2015;3. Quartal;Umzug;Innerhalb Dresdens;Ausländer;männlich;1006
2015;3. Quartal;Umzug;Innerhalb Dresdens;Ausländer;weiblich;639
2015;4. Quartal;Zuzug;unbekannt;Deutsche;männlich;197
2015;4. Quartal;Zuzug;unbekannt;Deutsche;weiblich;92
2015;4. Quartal;Zuzug;unbekannt;Ausländer;männlich;190
2015;4. Quartal;Zuzug;unbekannt;Ausländer;weiblich;38
2015;4. Quartal;Zuzug;Ausland;Deutsche;männlich;80
2015;4. Quartal;Zuzug;Ausland;Deutsche;weiblich;68
2015;4. Quartal;Zuzug;Ausland;Ausländer;männlich;3897
2015;4. Quartal;Zuzug;Ausland;Ausländer;weiblich;1736
2015;4. Quartal;Zuzug;Alte Bundesländer (mit Berlin);Deutsche;männlich;896
2015;4. Quartal;Zuzug;Alte Bundesländer (mit Berlin);Deutsche;weiblich;769
2015;4. Quartal;Zuzug;Alte Bundesländer (mit Berlin);Ausländer;männlich;187
2015;4. Quartal;Zuzug;Alte Bundesländer (mit Berlin);Ausländer;weiblich;91
2015;4. Quartal;Zuzug;Neue Bundesländer (ohne Sachsen);Deutsche;männlich;792
2015;4. Quartal;Zuzug;Neue Bundesländer (ohne Sachsen);Deutsche;weiblich;730
2015;4. Quartal;Zuzug;Neue Bundesländer (ohne Sachsen);Ausländer;männlich;60
2015;4. Quartal;Zuzug;Neue Bundesländer (ohne Sachsen);Ausländer;weiblich;55
2015;4. Quartal;Zuzug;Sachsen (ohne Umland Dresden);Deutsche;männlich;836
2015;4. Quartal;Zuzug;Sachsen (ohne Umland Dresden);Deutsche;weiblich;751
2015;4. Quartal;Zuzug;Sachsen (ohne Umland Dresden);Ausländer;männlich;647
2015;4. Quartal;Zuzug;Sachsen (ohne Umland Dresden);Ausländer;weiblich;182
2015;4. Quartal;Zuzug;Umland Dresden;Deutsche;männlich;783
2015;4. Quartal;Zuzug;Umland Dresden;Deutsche;weiblich;682
2015;4. Quartal;Zuzug;Umland Dresden;Ausländer;männlich;183
2015;4. Quartal;Zuzug;Umland Dresden;Ausländer;weiblich;82
2015;4. Quartal;Fortzug;unbekannt;Deutsche;männlich;347
2015;4. Quartal;Fortzug;unbekannt;Deutsche;weiblich;183
2015;4. Quartal;Fortzug;unbekannt;Ausländer;männlich;510
2015;4. Quartal;Fortzug;unbekannt;Ausländer;weiblich;110
2015;4. Quartal;Fortzug;Ausland;Deutsche;männlich;98
2015;4. Quartal;Fortzug;Ausland;Deutsche;weiblich;100
2015;4. Quartal;Fortzug;Ausland;Ausländer;männlich;385
2015;4. Quartal;Fortzug;Ausland;Ausländer;weiblich;247
2015;4. Quartal;Fortzug;Alte Bundesländer (mit Berlin);Deutsche;männlich;642
2015;4. Quartal;Fortzug;Alte Bundesländer (mit Berlin);Deutsche;weiblich;546
2015;4. Quartal;Fortzug;Alte Bundesländer (mit Berlin);Ausländer;männlich;184
2015;4. Quartal;Fortzug;Alte Bundesländer (mit Berlin);Ausländer;weiblich;116
2015;4. Quartal;Fortzug;Neue Bundesländer (ohne Sachsen);Deutsche;männlich;482
2015;4. Quartal;Fortzug;Neue Bundesländer (ohne Sachsen);Deutsche;weiblich;470
2015;4. Quartal;Fortzug;Neue Bundesländer (ohne Sachsen);Ausländer;männlich;106
2015;4. Quartal;Fortzug;Neue Bundesländer (ohne Sachsen);Ausländer;weiblich;62
2015;4. Quartal;Fortzug;Sachsen (ohne Umland Dresden);Deutsche;männlich;499
2015;4. Quartal;Fortzug;Sachsen (ohne Umland Dresden);Deutsche;weiblich;427
2015;4. Quartal;Fortzug;Sachsen (ohne Umland Dresden);Ausländer;männlich;1177
2015;4. Quartal;Fortzug;Sachsen (ohne Umland Dresden);Ausländer;weiblich;501
2015;4. Quartal;Fortzug;Umland Dresden;Deutsche;männlich;802
2015;4. Quartal;Fortzug;Umland Dresden;Deutsche;weiblich;768
2015;4. Quartal;Fortzug;Umland Dresden;Ausländer;männlich;453
2015;4. Quartal;Fortzug;Umland Dresden;Ausländer;weiblich;136
2015;4. Quartal;Umzug;Innerhalb Dresdens;Deutsche;männlich;5026
2015;4. Quartal;Umzug;Innerhalb Dresdens;Deutsche;weiblich;4707
2015;4. Quartal;Umzug;Innerhalb Dresdens;Ausländer;männlich;1645
2015;4. Quartal;Umzug;Innerhalb Dresdens;Ausländer;weiblich;808
2016;1. Quartal;Zuzug;unbekannt;Deutsche;männlich;219
2016;1. Quartal;Zuzug;unbekannt;Deutsche;weiblich;78
2016;1. Quartal;Zuzug;unbekannt;Ausländer;männlich;176
2016;1. Quartal;Zuzug;unbekannt;Ausländer;weiblich;27
2016;1. Quartal;Zuzug;Ausland;Deutsche;männlich;77
2016;1. Quartal;Zuzug;Ausland;Deutsche;weiblich;55
2016;1. Quartal;Zuzug;Ausland;Ausländer;männlich;1691
2016;1. Quartal;Zuzug;Ausland;Ausländer;weiblich;1021
2016;1. Quartal;Zuzug;Alte Bundesländer (mit Berlin);Deutsche;männlich;379
2016;1. Quartal;Zuzug;Alte Bundesländer (mit Berlin);Deutsche;weiblich;351
2016;1. Quartal;Zuzug;Alte Bundesländer (mit Berlin);Ausländer;männlich;155
2016;1. Quartal;Zuzug;Alte Bundesländer (mit Berlin);Ausländer;weiblich;66
2016;1. Quartal;Zuzug;Neue Bundesländer (ohne Sachsen);Deutsche;männlich;375
2016;1. Quartal;Zuzug;Neue Bundesländer (ohne Sachsen);Deutsche;weiblich;285
2016;1. Quartal;Zuzug;Neue Bundesländer (ohne Sachsen);Ausländer;männlich;49
2016;1. Quartal;Zuzug;Neue Bundesländer (ohne Sachsen);Ausländer;weiblich;35
2016;1. Quartal;Zuzug;Sachsen (ohne Umland Dresden);Deutsche;männlich;535
2016;1. Quartal;Zuzug;Sachsen (ohne Umland Dresden);Deutsche;weiblich;432
2016;1. Quartal;Zuzug;Sachsen (ohne Umland Dresden);Ausländer;männlich;331
2016;1. Quartal;Zuzug;Sachsen (ohne Umland Dresden);Ausländer;weiblich;94
2016;1. Quartal;Zuzug;Umland Dresden;Deutsche;männlich;654
2016;1. Quartal;Zuzug;Umland Dresden;Deutsche;weiblich;557
2016;1. Quartal;Zuzug;Umland Dresden;Ausländer;männlich;215
2016;1. Quartal;Zuzug;Umland Dresden;Ausländer;weiblich;49
2016;1. Quartal;Fortzug;unbekannt;Deutsche;männlich;350
2016;1. Quartal;Fortzug;unbekannt;Deutsche;weiblich;139
2016;1. Quartal;Fortzug;unbekannt;Ausländer;männlich;438
2016;1. Quartal;Fortzug;unbekannt;Ausländer;weiblich;95
2016;1. Quartal;Fortzug;Ausland;Deutsche;männlich;122
2016;1. Quartal;Fortzug;Ausland;Deutsche;weiblich;102
2016;1. Quartal;Fortzug;Ausland;Ausländer;männlich;493
2016;1. Quartal;Fortzug;Ausland;Ausländer;weiblich;422
2016;1. Quartal;Fortzug;Alte Bundesländer (mit Berlin);Deutsche;männlich;475
2016;1. Quartal;Fortzug;Alte Bundesländer (mit Berlin);Deutsche;weiblich;438
2016;1. Quartal;Fortzug;Alte Bundesländer (mit Berlin);Ausländer;männlich;200
2016;1. Quartal;Fortzug;Alte Bundesländer (mit Berlin);Ausländer;weiblich;130
2016;1. Quartal;Fortzug;Neue Bundesländer (ohne Sachsen);Deutsche;männlich;358
2016;1. Quartal;Fortzug;Neue Bundesländer (ohne Sachsen);Deutsche;weiblich;350
2016;1. Quartal;Fortzug;Neue Bundesländer (ohne Sachsen);Ausländer;männlich;43
2016;1. Quartal;Fortzug;Neue Bundesländer (ohne Sachsen);Ausländer;weiblich;34
2016;1. Quartal;Fortzug;Sachsen (ohne Umland Dresden);Deutsche;männlich;378
2016;1. Quartal;Fortzug;Sachsen (ohne Umland Dresden);Deutsche;weiblich;344
2016;1. Quartal;Fortzug;Sachsen (ohne Umland Dresden);Ausländer;männlich;738
2016;1. Quartal;Fortzug;Sachsen (ohne Umland Dresden);Ausländer;weiblich;410
2016;1. Quartal;Fortzug;Umland Dresden;Deutsche;männlich;784
2016;1. Quartal;Fortzug;Umland Dresden;Deutsche;weiblich;760
2016;1. Quartal;Fortzug;Umland Dresden;Ausländer;männlich;286
2016;1. Quartal;Fortzug;Umland Dresden;Ausländer;weiblich;145
2016;1. Quartal;Umzug;Innerhalb Dresdens;Deutsche;männlich;4295
2016;1. Quartal;Umzug;Innerhalb Dresdens;Deutsche;weiblich;4101
2016;1. Quartal;Umzug;Innerhalb Dresdens;Ausländer;männlich;2139
2016;1. Quartal;Umzug;Innerhalb Dresdens;Ausländer;weiblich;681
2016;2. Quartal;Zuzug;unbekannt;Deutsche;männlich;193
2016;2. Quartal;Zuzug;unbekannt;Deutsche;weiblich;86
2016;2. Quartal;Zuzug;unbekannt;Ausländer;männlich;266
2016;2. Quartal;Zuzug;unbekannt;Ausländer;weiblich;19
2016;2. Quartal;Zuzug;Ausland;Deutsche;männlich;97
2016;2. Quartal;Zuzug;Ausland;Deutsche;weiblich;54
2016;2. Quartal;Zuzug;Ausland;Ausländer;männlich;1116
2016;2. Quartal;Zuzug;Ausland;Ausländer;weiblich;771
2016;2. Quartal;Zuzug;Alte Bundesländer (mit Berlin);Deutsche;männlich;432
2016;2. Quartal;Zuzug;Alte Bundesländer (mit Berlin);Deutsche;weiblich;376
2016;2. Quartal;Zuzug;Alte Bundesländer (mit Berlin);Ausländer;männlich;138
2016;2. Quartal;Zuzug;Alte Bundesländer (mit Berlin);Ausländer;weiblich;60
2016;2. Quartal;Zuzug;Neue Bundesländer (ohne Sachsen);Deutsche;männlich;340
2016;2. Quartal;Zuzug;Neue Bundesländer (ohne Sachsen);Deutsche;weiblich;315
2016;2. Quartal;Zuzug;Neue Bundesländer (ohne Sachsen);Ausländer;männlich;49
2016;2. Quartal;Zuzug;Neue Bundesländer (ohne Sachsen);Ausländer;weiblich;35
2016;2. Quartal;Zuzug;Sachsen (ohne Umland Dresden);Deutsche;männlich;477
2016;2. Quartal;Zuzug;Sachsen (ohne Umland Dresden);Deutsche;weiblich;393
2016;2. Quartal;Zuzug;Sachsen (ohne Umland Dresden);Ausländer;männlich;501
2016;2. Quartal;Zuzug;Sachsen (ohne Umland Dresden);Ausländer;weiblich;198
2016;2. Quartal;Zuzug;Umland Dresden;Deutsche;männlich;617
2016;2. Quartal;Zuzug;Umland Dresden;Deutsche;weiblich;521
2016;2. Quartal;Zuzug;Umland Dresden;Ausländer;männlich;334
2016;2. Quartal;Zuzug;Umland Dresden;Ausländer;weiblich;141
2016;2. Quartal;Fortzug;unbekannt;Deutsche;männlich;285
2016;2. Quartal;Fortzug;unbekannt;Deutsche;weiblich;126
2016;2. Quartal;Fortzug;unbekannt;Ausländer;männlich;635
2016;2. Quartal;Fortzug;unbekannt;Ausländer;weiblich;95
2016;2. Quartal;Fortzug;Ausland;Deutsche;männlich;106
2016;2. Quartal;Fortzug;Ausland;Deutsche;weiblich;70
2016;2. Quartal;Fortzug;Ausland;Ausländer;männlich;365
2016;2. Quartal;Fortzug;Ausland;Ausländer;weiblich;273
2016;2. Quartal;Fortzug;Alte Bundesländer (mit Berlin);Deutsche;männlich;527
2016;2. Quartal;Fortzug;Alte Bundesländer (mit Berlin);Deutsche;weiblich;410
2016;2. Quartal;Fortzug;Alte Bundesländer (mit Berlin);Ausländer;männlich;246
2016;2. Quartal;Fortzug;Alte Bundesländer (mit Berlin);Ausländer;weiblich;105
2016;2. Quartal;Fortzug;Neue Bundesländer (ohne Sachsen);Deutsche;männlich;339
2016;2. Quartal;Fortzug;Neue Bundesländer (ohne Sachsen);Deutsche;weiblich;320
2016;2. Quartal;Fortzug;Neue Bundesländer (ohne Sachsen);Ausländer;männlich;59
2016;2. Quartal;Fortzug;Neue Bundesländer (ohne Sachsen);Ausländer;weiblich;40
2016;2. Quartal;Fortzug;Sachsen (ohne Umland Dresden);Deutsche;männlich;425
2016;2. Quartal;Fortzug;Sachsen (ohne Umland Dresden);Deutsche;weiblich;359
2016;2. Quartal;Fortzug;Sachsen (ohne Umland Dresden);Ausländer;männlich;299
2016;2. Quartal;Fortzug;Sachsen (ohne Umland Dresden);Ausländer;weiblich;175
2016;2. Quartal;Fortzug;Umland Dresden;Deutsche;männlich;770
2016;2. Quartal;Fortzug;Umland Dresden;Deutsche;weiblich;764
2016;2. Quartal;Fortzug;Umland Dresden;Ausländer;männlich;111
2016;2. Quartal;Fortzug;Umland Dresden;Ausländer;weiblich;71
2016;2. Quartal;Umzug;Innerhalb Dresdens;Deutsche;männlich;4442
2016;2. Quartal;Umzug;Innerhalb Dresdens;Deutsche;weiblich;4301
2016;2. Quartal;Umzug;Innerhalb Dresdens;Ausländer;männlich;2698
2016;2. Quartal;Umzug;Innerhalb Dresdens;Ausländer;weiblich;1065
2016;3. Quartal;Zuzug;unbekannt;Deutsche;männlich;218
2016;3. Quartal;Zuzug;unbekannt;Deutsche;weiblich;70
2016;3. Quartal;Zuzug;unbekannt;Ausländer;männlich;432
2016;3. Quartal;Zuzug;unbekannt;Ausländer;weiblich;25
2016;3. Quartal;Zuzug;Ausland;Deutsche;männlich;128
2016;3. Quartal;Zuzug;Ausland;Deutsche;weiblich;108
2016;3. Quartal;Zuzug;Ausland;Ausländer;männlich;1540
2016;3. Quartal;Zuzug;Ausland;Ausländer;weiblich;1105
2016;3. Quartal;Zuzug;Alte Bundesländer (mit Berlin);Deutsche;männlich;711
2016;3. Quartal;Zuzug;Alte Bundesländer (mit Berlin);Deutsche;weiblich;611
2016;3. Quartal;Zuzug;Alte Bundesländer (mit Berlin);Ausländer;männlich;213
2016;3. Quartal;Zuzug;Alte Bundesländer (mit Berlin);Ausländer;weiblich;108
2016;3. Quartal;Zuzug;Neue Bundesländer (ohne Sachsen);Deutsche;männlich;633
2016;3. Quartal;Zuzug;Neue Bundesländer (ohne Sachsen);Deutsche;weiblich;650
2016;3. Quartal;Zuzug;Neue Bundesländer (ohne Sachsen);Ausländer;männlich;83
2016;3. Quartal;Zuzug;Neue Bundesländer (ohne Sachsen);Ausländer;weiblich;58
2016;3. Quartal;Zuzug;Sachsen (ohne Umland Dresden);Deutsche;männlich;792
2016;3. Quartal;Zuzug;Sachsen (ohne Umland Dresden);Deutsche;weiblich;718
2016;3. Quartal;Zuzug;Sachsen (ohne Umland Dresden);Ausländer;männlich;367
2016;3. Quartal;Zuzug;Sachsen (ohne Umland Dresden);Ausländer;weiblich;140
2016;3. Quartal;Zuzug;Umland Dresden;Deutsche;männlich;733
2016;3. Quartal;Zuzug;Umland Dresden;Deutsche;weiblich;751
2016;3. Quartal;Zuzug;Umland Dresden;Ausländer;männlich;191
2016;3. Quartal;Zuzug;Umland Dresden;Ausländer;weiblich;79
2016;3. Quartal;Fortzug;unbekannt;Deutsche;männlich;316
2016;3. Quartal;Fortzug;unbekannt;Deutsche;weiblich;153
2016;3. Quartal;Fortzug;unbekannt;Ausländer;männlich;830
2016;3. Quartal;Fortzug;unbekannt;Ausländer;weiblich;137
2016;3. Quartal;Fortzug;Ausland;Deutsche;männlich;199
2016;3. Quartal;Fortzug;Ausland;Deutsche;weiblich;159
2016;3. Quartal;Fortzug;Ausland;Ausländer;männlich;638
2016;3. Quartal;Fortzug;Ausland;Ausländer;weiblich;565
2016;3. Quartal;Fortzug;Alte Bundesländer (mit Berlin);Deutsche;männlich;743
2016;3. Quartal;Fortzug;Alte Bundesländer (mit Berlin);Deutsche;weiblich;656
2016;3. Quartal;Fortzug;Alte Bundesländer (mit Berlin);Ausländer;männlich;247
2016;3. Quartal;Fortzug;Alte Bundesländer (mit Berlin);Ausländer;weiblich;171
2016;3. Quartal;Fortzug;Neue Bundesländer (ohne Sachsen);Deutsche;männlich;533
2016;3. Quartal;Fortzug;Neue Bundesländer (ohne Sachsen);Deutsche;weiblich;444
2016;3. Quartal;Fortzug;Neue Bundesländer (ohne Sachsen);Ausländer;männlich;68
2016;3. Quartal;Fortzug;Neue Bundesländer (ohne Sachsen);Ausländer;weiblich;52
2016;3. Quartal;Fortzug;Sachsen (ohne Umland Dresden);Deutsche;männlich;556
2016;3. Quartal;Fortzug;Sachsen (ohne Umland Dresden);Deutsche;weiblich;552
2016;3. Quartal;Fortzug;Sachsen (ohne Umland Dresden);Ausländer;männlich;381
2016;3. Quartal;Fortzug;Sachsen (ohne Umland Dresden);Ausländer;weiblich;226
2016;3. Quartal;Fortzug;Umland Dresden;Deutsche;männlich;896
2016;3. Quartal;Fortzug;Umland Dresden;Deutsche;weiblich;898
2016;3. Quartal;Fortzug;Umland Dresden;Ausländer;männlich;119
2016;3. Quartal;Fortzug;Umland Dresden;Ausländer;weiblich;97
2016;3. Quartal;Umzug;Innerhalb Dresdens;Deutsche;männlich;4775
2016;3. Quartal;Umzug;Innerhalb Dresdens;Deutsche;weiblich;4537
2016;3. Quartal;Umzug;Innerhalb Dresdens;Ausländer;männlich;2297
2016;3. Quartal;Umzug;Innerhalb Dresdens;Ausländer;weiblich;1002
2016;4. Quartal;Zuzug;unbekannt;Deutsche;männlich;174
2016;4. Quartal;Zuzug;unbekannt;Deutsche;weiblich;70
2016;4. Quartal;Zuzug;unbekannt;Ausländer;männlich;432
2016;4. Quartal;Zuzug;unbekannt;Ausländer;weiblich;41
2016;4. Quartal;Zuzug;Ausland;Deutsche;männlich;91
2016;4. Quartal;Zuzug;Ausland;Deutsche;weiblich;77
2016;4. Quartal;Zuzug;Ausland;Ausländer;männlich;1335
2016;4. Quartal;Zuzug;Ausland;Ausländer;weiblich;909
2016;4. Quartal;Zuzug;Alte Bundesländer (mit Berlin);Deutsche;männlich;765
2016;4. Quartal;Zuzug;Alte Bundesländer (mit Berlin);Deutsche;weiblich;734
2016;4. Quartal;Zuzug;Alte Bundesländer (mit Berlin);Ausländer;männlich;199
2016;4. Quartal;Zuzug;Alte Bundesländer (mit Berlin);Ausländer;weiblich;122
2016;4. Quartal;Zuzug;Neue Bundesländer (ohne Sachsen);Deutsche;männlich;658
2016;4. Quartal;Zuzug;Neue Bundesländer (ohne Sachsen);Deutsche;weiblich;641
2016;4. Quartal;Zuzug;Neue Bundesländer (ohne Sachsen);Ausländer;männlich;83
2016;4. Quartal;Zuzug;Neue Bundesländer (ohne Sachsen);Ausländer;weiblich;64
2016;4. Quartal;Zuzug;Sachsen (ohne Umland Dresden);Deutsche;männlich;776
2016;4. Quartal;Zuzug;Sachsen (ohne Umland Dresden);Deutsche;weiblich;639
2016;4. Quartal;Zuzug;Sachsen (ohne Umland Dresden);Ausländer;männlich;341
2016;4. Quartal;Zuzug;Sachsen (ohne Umland Dresden);Ausländer;weiblich;148
2016;4. Quartal;Zuzug;Umland Dresden;Deutsche;männlich;683
2016;4. Quartal;Zuzug;Umland Dresden;Deutsche;weiblich;620
2016;4. Quartal;Zuzug;Umland Dresden;Ausländer;männlich;198
2016;4. Quartal;Zuzug;Umland Dresden;Ausländer;weiblich;107
2016;4. Quartal;Fortzug;unbekannt;Deutsche;männlich;355
2016;4. Quartal;Fortzug;unbekannt;Deutsche;weiblich;167
2016;4. Quartal;Fortzug;unbekannt;Ausländer;männlich;611
2016;4. Quartal;Fortzug;unbekannt;Ausländer;weiblich;90
2016;4. Quartal;Fortzug;Ausland;Deutsche;männlich;135
2016;4. Quartal;Fortzug;Ausland;Deutsche;weiblich;118
2016;4. Quartal;Fortzug;Ausland;Ausländer;männlich;432
2016;4. Quartal;Fortzug;Ausland;Ausländer;weiblich;268
2016;4. Quartal;Fortzug;Alte Bundesländer (mit Berlin);Deutsche;männlich;597
2016;4. Quartal;Fortzug;Alte Bundesländer (mit Berlin);Deutsche;weiblich;525
2016;4. Quartal;Fortzug;Alte Bundesländer (mit Berlin);Ausländer;männlich;177
2016;4. Quartal;Fortzug;Alte Bundesländer (mit Berlin);Ausländer;weiblich;101
2016;4. Quartal;Fortzug;Neue Bundesländer (ohne Sachsen);Deutsche;männlich;495
2016;4. Quartal;Fortzug;Neue Bundesländer (ohne Sachsen);Deutsche;weiblich;458
2016;4. Quartal;Fortzug;Neue Bundesländer (ohne Sachsen);Ausländer;männlich;88
2016;4. Quartal;Fortzug;Neue Bundesländer (ohne Sachsen);Ausländer;weiblich;66
2016;4. Quartal;Fortzug;Sachsen (ohne Umland Dresden);Deutsche;männlich;522
2016;4. Quartal;Fortzug;Sachsen (ohne Umland Dresden);Deutsche;weiblich;470
2016;4. Quartal;Fortzug;Sachsen (ohne Umland Dresden);Ausländer;männlich;313
2016;4. Quartal;Fortzug;Sachsen (ohne Umland Dresden);Ausländer;weiblich;196
2016;4. Quartal;Fortzug;Umland Dresden;Deutsche;männlich;730
2016;4. Quartal;Fortzug;Umland Dresden;Deutsche;weiblich;784
2016;4. Quartal;Fortzug;Umland Dresden;Ausländer;männlich;112
2016;4. Quartal;Fortzug;Umland Dresden;Ausländer;weiblich;67
2016;4. Quartal;Umzug;Innerhalb Dresdens;Deutsche;männlich;4692
2016;4. Quartal;Umzug;Innerhalb Dresdens;Deutsche;weiblich;4402
2016;4. Quartal;Umzug;Innerhalb Dresdens;Ausländer;männlich;2589
2016;4. Quartal;Umzug;Innerhalb Dresdens;Ausländer;weiblich;1122
2017;1. Quartal;Zuzug;unbekannt;Deutsche;männlich;207
2017;1. Quartal;Zuzug;unbekannt;Deutsche;weiblich;59
2017;1. Quartal;Zuzug;unbekannt;Ausländer;männlich;458
2017;1. Quartal;Zuzug;unbekannt;Ausländer;weiblich;24
2017;1. Quartal;Zuzug;Ausland;Deutsche;männlich;74
2017;1. Quartal;Zuzug;Ausland;Deutsche;weiblich;79
2017;1. Quartal;Zuzug;Ausland;Ausländer;männlich;1142
2017;1. Quartal;Zuzug;Ausland;Ausländer;weiblich;708
2017;1. Quartal;Zuzug;Alte Bundesländer (mit Berlin);Deutsche;männlich;383
2017;1. Quartal;Zuzug;Alte Bundesländer (mit Berlin);Deutsche;weiblich;308
2017;1. Quartal;Zuzug;Alte Bundesländer (mit Berlin);Ausländer;männlich;161
2017;1. Quartal;Zuzug;Alte Bundesländer (mit Berlin);Ausländer;weiblich;60
2017;1. Quartal;Zuzug;Neue Bundesländer (ohne Sachsen);Deutsche;männlich;397
2017;1. Quartal;Zuzug;Neue Bundesländer (ohne Sachsen);Deutsche;weiblich;312
2017;1. Quartal;Zuzug;Neue Bundesländer (ohne Sachsen);Ausländer;männlich;53
2017;1. Quartal;Zuzug;Neue Bundesländer (ohne Sachsen);Ausländer;weiblich;34
2017;1. Quartal;Zuzug;Sachsen (ohne Umland Dresden);Deutsche;männlich;509
2017;1. Quartal;Zuzug;Sachsen (ohne Umland Dresden);Deutsche;weiblich;400
2017;1. Quartal;Zuzug;Sachsen (ohne Umland Dresden);Ausländer;männlich;227
2017;1. Quartal;Zuzug;Sachsen (ohne Umland Dresden);Ausländer;weiblich;174
2017;1. Quartal;Zuzug;Umland Dresden;Deutsche;männlich;633
2017;1. Quartal;Zuzug;Umland Dresden;Deutsche;weiblich;576
2017;1. Quartal;Zuzug;Umland Dresden;Ausländer;männlich;209
2017;1. Quartal;Zuzug;Umland Dresden;Ausländer;weiblich;120
2017;1. Quartal;Fortzug;unbekannt;Deutsche;männlich;353
2017;1. Quartal;Fortzug;unbekannt;Deutsche;weiblich;130
2017;1. Quartal;Fortzug;unbekannt;Ausländer;männlich;717
2017;1. Quartal;Fortzug;unbekannt;Ausländer;weiblich;98
2017;1. Quartal;Fortzug;Ausland;Deutsche;männlich;136
2017;1. Quartal;Fortzug;Ausland;Deutsche;weiblich;126
2017;1. Quartal;Fortzug;Ausland;Ausländer;männlich;472
2017;1. Quartal;Fortzug;Ausland;Ausländer;weiblich;336
2017;1. Quartal;Fortzug;Alte Bundesländer (mit Berlin);Deutsche;männlich;481
2017;1. Quartal;Fortzug;Alte Bundesländer (mit Berlin);Deutsche;weiblich;422
2017;1. Quartal;Fortzug;Alte Bundesländer (mit Berlin);Ausländer;männlich;174
2017;1. Quartal;Fortzug;Alte Bundesländer (mit Berlin);Ausländer;weiblich;110
2017;1. Quartal;Fortzug;Neue Bundesländer (ohne Sachsen);Deutsche;männlich;422
2017;1. Quartal;Fortzug;Neue Bundesländer (ohne Sachsen);Deutsche;weiblich;368
2017;1. Quartal;Fortzug;Neue Bundesländer (ohne Sachsen);Ausländer;männlich;59
2017;1. Quartal;Fortzug;Neue Bundesländer (ohne Sachsen);Ausländer;weiblich;47
2017;1. Quartal;Fortzug;Sachsen (ohne Umland Dresden);Deutsche;männlich;449
2017;1. Quartal;Fortzug;Sachsen (ohne Umland Dresden);Deutsche;weiblich;408
2017;1. Quartal;Fortzug;Sachsen (ohne Umland Dresden);Ausländer;männlich;311
2017;1. Quartal;Fortzug;Sachsen (ohne Umland Dresden);Ausländer;weiblich;163
2017;1. Quartal;Fortzug;Umland Dresden;Deutsche;männlich;712
2017;1. Quartal;Fortzug;Umland Dresden;Deutsche;weiblich;781
2017;1. Quartal;Fortzug;Umland Dresden;Ausländer;männlich;109
2017;1. Quartal;Fortzug;Umland Dresden;Ausländer;weiblich;57
2017;1. Quartal;Umzug;Innerhalb Dresdens;Deutsche;männlich;4501
2017;1. Quartal;Umzug;Innerhalb Dresdens;Deutsche;weiblich;4333
2017;1. Quartal;Umzug;Innerhalb Dresdens;Ausländer;männlich;2303
2017;1. Quartal;Umzug;Innerhalb Dresdens;Ausländer;weiblich;964
2017;2. Quartal;Zuzug;unbekannt;Deutsche;männlich;191
2017;2. Quartal;Zuzug;unbekannt;Deutsche;weiblich;68
2017;2. Quartal;Zuzug;unbekannt;Ausländer;männlich;457
2017;2. Quartal;Zuzug;unbekannt;Ausländer;weiblich;31
2017;2. Quartal;Zuzug;Ausland;Deutsche;männlich;100
2017;2. Quartal;Zuzug;Ausland;Deutsche;weiblich;86
2017;2. Quartal;Zuzug;Ausland;Ausländer;männlich;1020
2017;2. Quartal;Zuzug;Ausland;Ausländer;weiblich;699
2017;2. Quartal;Zuzug;Alte Bundesländer (mit Berlin);Deutsche;männlich;431
2017;2. Quartal;Zuzug;Alte Bundesländer (mit Berlin);Deutsche;weiblich;383
2017;2. Quartal;Zuzug;Alte Bundesländer (mit Berlin);Ausländer;männlich;134
2017;2. Quartal;Zuzug;Alte Bundesländer (mit Berlin);Ausländer;weiblich;66
2017;2. Quartal;Zuzug;Neue Bundesländer (ohne Sachsen);Deutsche;männlich;351
2017;2. Quartal;Zuzug;Neue Bundesländer (ohne Sachsen);Deutsche;weiblich;281
2017;2. Quartal;Zuzug;Neue Bundesländer (ohne Sachsen);Ausländer;männlich;54
2017;2. Quartal;Zuzug;Neue Bundesländer (ohne Sachsen);Ausländer;weiblich;34
2017;2. Quartal;Zuzug;Sachsen (ohne Umland Dresden);Deutsche;männlich;471
2017;2. Quartal;Zuzug;Sachsen (ohne Umland Dresden);Deutsche;weiblich;400
2017;2. Quartal;Zuzug;Sachsen (ohne Umland Dresden);Ausländer;männlich;231
2017;2. Quartal;Zuzug;Sachsen (ohne Umland Dresden);Ausländer;weiblich;164
2017;2. Quartal;Zuzug;Umland Dresden;Deutsche;männlich;593
2017;2. Quartal;Zuzug;Umland Dresden;Deutsche;weiblich;557
2017;2. Quartal;Zuzug;Umland Dresden;Ausländer;männlich;178
2017;2. Quartal;Zuzug;Umland Dresden;Ausländer;weiblich;115
2017;2. Quartal;Fortzug;unbekannt;Deutsche;männlich;314
2017;2. Quartal;Fortzug;unbekannt;Deutsche;weiblich;146
2017;2. Quartal;Fortzug;unbekannt;Ausländer;männlich;693
2017;2. Quartal;Fortzug;unbekannt;Ausländer;weiblich;103
2017;2. Quartal;Fortzug;Ausland;Deutsche;männlich;115
2017;2. Quartal;Fortzug;Ausland;Deutsche;weiblich;88
2017;2. Quartal;Fortzug;Ausland;Ausländer;männlich;413
2017;2. Quartal;Fortzug;Ausland;Ausländer;weiblich;284
2017;2. Quartal;Fortzug;Alte Bundesländer (mit Berlin);Deutsche;männlich;467
2017;2. Quartal;Fortzug;Alte Bundesländer (mit Berlin);Deutsche;weiblich;401
2017;2. Quartal;Fortzug;Alte Bundesländer (mit Berlin);Ausländer;männlich;173
2017;2. Quartal;Fortzug;Alte Bundesländer (mit Berlin);Ausländer;weiblich;95
2017;2. Quartal;Fortzug;Neue Bundesländer (ohne Sachsen);Deutsche;männlich;345
2017;2. Quartal;Fortzug;Neue Bundesländer (ohne Sachsen);Deutsche;weiblich;328
2017;2. Quartal;Fortzug;Neue Bundesländer (ohne Sachsen);Ausländer;männlich;59
2017;2. Quartal;Fortzug;Neue Bundesländer (ohne Sachsen);Ausländer;weiblich;33
2017;2. Quartal;Fortzug;Sachsen (ohne Umland Dresden);Deutsche;männlich;390
2017;2. Quartal;Fortzug;Sachsen (ohne Umland Dresden);Deutsche;weiblich;342
2017;2. Quartal;Fortzug;Sachsen (ohne Umland Dresden);Ausländer;männlich;340
2017;2. Quartal;Fortzug;Sachsen (ohne Umland Dresden);Ausländer;weiblich;140
2017;2. Quartal;Fortzug;Umland Dresden;Deutsche;männlich;718
2017;2. Quartal;Fortzug;Umland Dresden;Deutsche;weiblich;744
2017;2. Quartal;Fortzug;Umland Dresden;Ausländer;männlich;89
2017;2. Quartal;Fortzug;Umland Dresden;Ausländer;weiblich;48
2017;2. Quartal;Umzug;Innerhalb Dresdens;Deutsche;männlich;4528
2017;2. Quartal;Umzug;Innerhalb Dresdens;Deutsche;weiblich;4413
2017;2. Quartal;Umzug;Innerhalb Dresdens;Ausländer;männlich;1930
2017;2. Quartal;Umzug;Innerhalb Dresdens;Ausländer;weiblich;989
2017;3. Quartal;Zuzug;unbekannt;Deutsche;männlich;192
2017;3. Quartal;Zuzug;unbekannt;Deutsche;weiblich;62
2017;3. Quartal;Zuzug;unbekannt;Ausländer;männlich;478
2017;3. Quartal;Zuzug;unbekannt;Ausländer;weiblich;32
2017;3. Quartal;Zuzug;Ausland;Deutsche;männlich;123
2017;3. Quartal;Zuzug;Ausland;Deutsche;weiblich;121
2017;3. Quartal;Zuzug;Ausland;Ausländer;männlich;1348
2017;3. Quartal;Zuzug;Ausland;Ausländer;weiblich;1003
2017;3. Quartal;Zuzug;Alte Bundesländer (mit Berlin);Deutsche;männlich;682
2017;3. Quartal;Zuzug;Alte Bundesländer (mit Berlin);Deutsche;weiblich;619
2017;3. Quartal;Zuzug;Alte Bundesländer (mit Berlin);Ausländer;männlich;150
2017;3. Quartal;Zuzug;Alte Bundesländer (mit Berlin);Ausländer;weiblich;94
2017;3. Quartal;Zuzug;Neue Bundesländer (ohne Sachsen);Deutsche;männlich;575
2017;3. Quartal;Zuzug;Neue Bundesländer (ohne Sachsen);Deutsche;weiblich;623
2017;3. Quartal;Zuzug;Neue Bundesländer (ohne Sachsen);Ausländer;männlich;69
2017;3. Quartal;Zuzug;Neue Bundesländer (ohne Sachsen);Ausländer;weiblich;48
2017;3. Quartal;Zuzug;Sachsen (ohne Umland Dresden);Deutsche;männlich;788
2017;3. Quartal;Zuzug;Sachsen (ohne Umland Dresden);Deutsche;weiblich;757
2017;3. Quartal;Zuzug;Sachsen (ohne Umland Dresden);Ausländer;männlich;247
2017;3. Quartal;Zuzug;Sachsen (ohne Umland Dresden);Ausländer;weiblich;142
2017;3. Quartal;Zuzug;Umland Dresden;Deutsche;männlich;752
2017;3. Quartal;Zuzug;Umland Dresden;Deutsche;weiblich;781
2017;3. Quartal;Zuzug;Umland Dresden;Ausländer;männlich;203
2017;3. Quartal;Zuzug;Umland Dresden;Ausländer;weiblich;131
2017;3. Quartal;Fortzug;unbekannt;Deutsche;männlich;301
2017;3. Quartal;Fortzug;unbekannt;Deutsche;weiblich;131
2017;3. Quartal;Fortzug;unbekannt;Ausländer;männlich;686
2017;3. Quartal;Fortzug;unbekannt;Ausländer;weiblich;90
2017;3. Quartal;Fortzug;Ausland;Deutsche;männlich;187
2017;3. Quartal;Fortzug;Ausland;Deutsche;weiblich;193
2017;3. Quartal;Fortzug;Ausland;Ausländer;männlich;679
2017;3. Quartal;Fortzug;Ausland;Ausländer;weiblich;569
2017;3. Quartal;Fortzug;Alte Bundesländer (mit Berlin);Deutsche;männlich;722
2017;3. Quartal;Fortzug;Alte Bundesländer (mit Berlin);Deutsche;weiblich;653
2017;3. Quartal;Fortzug;Alte Bundesländer (mit Berlin);Ausländer;männlich;217
2017;3. Quartal;Fortzug;Alte Bundesländer (mit Berlin);Ausländer;weiblich;171
2017;3. Quartal;Fortzug;Neue Bundesländer (ohne Sachsen);Deutsche;männlich;501
2017;3. Quartal;Fortzug;Neue Bundesländer (ohne Sachsen);Deutsche;weiblich;473
2017;3. Quartal;Fortzug;Neue Bundesländer (ohne Sachsen);Ausländer;männlich;83
2017;3. Quartal;Fortzug;Neue Bundesländer (ohne Sachsen);Ausländer;weiblich;50
2017;3. Quartal;Fortzug;Sachsen (ohne Umland Dresden);Deutsche;männlich;606
2017;3. Quartal;Fortzug;Sachsen (ohne Umland Dresden);Deutsche;weiblich;566
2017;3. Quartal;Fortzug;Sachsen (ohne Umland Dresden);Ausländer;männlich;285
2017;3. Quartal;Fortzug;Sachsen (ohne Umland Dresden);Ausländer;weiblich;132
2017;3. Quartal;Fortzug;Umland Dresden;Deutsche;männlich;877
2017;3. Quartal;Fortzug;Umland Dresden;Deutsche;weiblich;950
2017;3. Quartal;Fortzug;Umland Dresden;Ausländer;männlich;77
2017;3. Quartal;Fortzug;Umland Dresden;Ausländer;weiblich;42
2017;3. Quartal;Umzug;Innerhalb Dresdens;Deutsche;männlich;4581
2017;3. Quartal;Umzug;Innerhalb Dresdens;Deutsche;weiblich;4537
2017;3. Quartal;Umzug;Innerhalb Dresdens;Ausländer;männlich;1680
2017;3. Quartal;Umzug;Innerhalb Dresdens;Ausländer;weiblich;867
2017;4. Quartal;Zuzug;unbekannt;Deutsche;männlich;148
2017;4. Quartal;Zuzug;unbekannt;Deutsche;weiblich;63
2017;4. Quartal;Zuzug;unbekannt;Ausländer;männlich;334
2017;4. Quartal;Zuzug;unbekannt;Ausländer;weiblich;24
2017;4. Quartal;Zuzug;Ausland;Deutsche;männlich;90
2017;4. Quartal;Zuzug;Ausland;Deutsche;weiblich;77
2017;4. Quartal;Zuzug;Ausland;Ausländer;männlich;1425
2017;4. Quartal;Zuzug;Ausland;Ausländer;weiblich;1013
2017;4. Quartal;Zuzug;Alte Bundesländer (mit Berlin);Deutsche;männlich;797
2017;4. Quartal;Zuzug;Alte Bundesländer (mit Berlin);Deutsche;weiblich;749
2017;4. Quartal;Zuzug;Alte Bundesländer (mit Berlin);Ausländer;männlich;196
2017;4. Quartal;Zuzug;Alte Bundesländer (mit Berlin);Ausländer;weiblich;130
2017;4. Quartal;Zuzug;Neue Bundesländer (ohne Sachsen);Deutsche;männlich;731
2017;4. Quartal;Zuzug;Neue Bundesländer (ohne Sachsen);Deutsche;weiblich;615
2017;4. Quartal;Zuzug;Neue Bundesländer (ohne Sachsen);Ausländer;männlich;79
2017;4. Quartal;Zuzug;Neue Bundesländer (ohne Sachsen);Ausländer;weiblich;62
2017;4. Quartal;Zuzug;Sachsen (ohne Umland Dresden);Deutsche;männlich;721
2017;4. Quartal;Zuzug;Sachsen (ohne Umland Dresden);Deutsche;weiblich;650
2017;4. Quartal;Zuzug;Sachsen (ohne Umland Dresden);Ausländer;männlich;219
2017;4. Quartal;Zuzug;Sachsen (ohne Umland Dresden);Ausländer;weiblich;108
2017;4. Quartal;Zuzug;Umland Dresden;Deutsche;männlich;711
2017;4. Quartal;Zuzug;Umland Dresden;Deutsche;weiblich;622
2017;4. Quartal;Zuzug;Umland Dresden;Ausländer;männlich;151
2017;4. Quartal;Zuzug;Umland Dresden;Ausländer;weiblich;77
2017;4. Quartal;Fortzug;unbekannt;Deutsche;männlich;271
2017;4. Quartal;Fortzug;unbekannt;Deutsche;weiblich;174
2017;4. Quartal;Fortzug;unbekannt;Ausländer;männlich;560
2017;4. Quartal;Fortzug;unbekannt;Ausländer;weiblich;78
2017;4. Quartal;Fortzug;Ausland;Deutsche;männlich;116
2017;4. Quartal;Fortzug;Ausland;Deutsche;weiblich;105
2017;4. Quartal;Fortzug;Ausland;Ausländer;männlich;386
2017;4. Quartal;Fortzug;Ausland;Ausländer;weiblich;247
2017;4. Quartal;Fortzug;Alte Bundesländer (mit Berlin);Deutsche;männlich;568
2017;4. Quartal;Fortzug;Alte Bundesländer (mit Berlin);Deutsche;weiblich;519
2017;4. Quartal;Fortzug;Alte Bundesländer (mit Berlin);Ausländer;männlich;187
2017;4. Quartal;Fortzug;Alte Bundesländer (mit Berlin);Ausländer;weiblich;138
2017;4. Quartal;Fortzug;Neue Bundesländer (ohne Sachsen);Deutsche;männlich;437
2017;4. Quartal;Fortzug;Neue Bundesländer (ohne Sachsen);Deutsche;weiblich;452
2017;4. Quartal;Fortzug;Neue Bundesländer (ohne Sachsen);Ausländer;männlich;64
2017;4. Quartal;Fortzug;Neue Bundesländer (ohne Sachsen);Ausländer;weiblich;57
2017;4. Quartal;Fortzug;Sachsen (ohne Umland Dresden);Deutsche;männlich;535
2017;4. Quartal;Fortzug;Sachsen (ohne Umland Dresden);Deutsche;weiblich;462
2017;4. Quartal;Fortzug;Sachsen (ohne Umland Dresden);Ausländer;männlich;165
2017;4. Quartal;Fortzug;Sachsen (ohne Umland Dresden);Ausländer;weiblich;105
2017;4. Quartal;Fortzug;Umland Dresden;Deutsche;männlich;874
2017;4. Quartal;Fortzug;Umland Dresden;Deutsche;weiblich;844
2017;4. Quartal;Fortzug;Umland Dresden;Ausländer;männlich;132
2017;4. Quartal;Fortzug;Umland Dresden;Ausländer;weiblich;88
2017;4. Quartal;Umzug;Innerhalb Dresdens;Deutsche;männlich;4654
2017;4. Quartal;Umzug;Innerhalb Dresdens;Deutsche;weiblich;4402
2017;4. Quartal;Umzug;Innerhalb Dresdens;Ausländer;männlich;1783
2017;4. Quartal;Umzug;Innerhalb Dresdens;Ausländer;weiblich;982
2018;1. Quartal;Zuzug;unbekannt;Deutsche;männlich;154
2018;1. Quartal;Zuzug;unbekannt;Deutsche;weiblich;68
2018;1. Quartal;Zuzug;unbekannt;Ausländer;männlich;538
2018;1. Quartal;Zuzug;unbekannt;Ausländer;weiblich;59
2018;1. Quartal;Zuzug;Ausland;Deutsche;männlich;84
2018;1. Quartal;Zuzug;Ausland;Deutsche;weiblich;60
2018;1. Quartal;Zuzug;Ausland;Ausländer;männlich;1253
2018;1. Quartal;Zuzug;Ausland;Ausländer;weiblich;734
2018;1. Quartal;Zuzug;Alte Bundesländer (mit Berlin);Deutsche;männlich;441
2018;1. Quartal;Zuzug;Alte Bundesländer (mit Berlin);Deutsche;weiblich;363
2018;1. Quartal;Zuzug;Alte Bundesländer (mit Berlin);Ausländer;männlich;177
2018;1. Quartal;Zuzug;Alte Bundesländer (mit Berlin);Ausländer;weiblich;92
2018;1. Quartal;Zuzug;Neue Bundesländer (ohne Sachsen);Deutsche;männlich;330
2018;1. Quartal;Zuzug;Neue Bundesländer (ohne Sachsen);Deutsche;weiblich;293
2018;1. Quartal;Zuzug;Neue Bundesländer (ohne Sachsen);Ausländer;männlich;62
2018;1. Quartal;Zuzug;Neue Bundesländer (ohne Sachsen);Ausländer;weiblich;38
2018;1. Quartal;Zuzug;Sachsen (ohne Umland Dresden);Deutsche;männlich;402
2018;1. Quartal;Zuzug;Sachsen (ohne Umland Dresden);Deutsche;weiblich;333
2018;1. Quartal;Zuzug;Sachsen (ohne Umland Dresden);Ausländer;männlich;126
2018;1. Quartal;Zuzug;Sachsen (ohne Umland Dresden);Ausländer;weiblich;73
2018;1. Quartal;Zuzug;Umland Dresden;Deutsche;männlich;658
2018;1. Quartal;Zuzug;Umland Dresden;Deutsche;weiblich;482
2018;1. Quartal;Zuzug;Umland Dresden;Ausländer;männlich;117
2018;1. Quartal;Zuzug;Umland Dresden;Ausländer;weiblich;60
2018;1. Quartal;Fortzug;unbekannt;Deutsche;männlich;370
2018;1. Quartal;Fortzug;unbekannt;Deutsche;weiblich;173
2018;1. Quartal;Fortzug;unbekannt;Ausländer;männlich;908
2018;1. Quartal;Fortzug;unbekannt;Ausländer;weiblich;163
2018;1. Quartal;Fortzug;Ausland;Deutsche;männlich;117
2018;1. Quartal;Fortzug;Ausland;Deutsche;weiblich;92
2018;1. Quartal;Fortzug;Ausland;Ausländer;männlich;411
2018;1. Quartal;Fortzug;Ausland;Ausländer;weiblich;347
2018;1. Quartal;Fortzug;Alte Bundesländer (mit Berlin);Deutsche;männlich;447
2018;1. Quartal;Fortzug;Alte Bundesländer (mit Berlin);Deutsche;weiblich;387
2018;1. Quartal;Fortzug;Alte Bundesländer (mit Berlin);Ausländer;männlich;190
2018;1. Quartal;Fortzug;Alte Bundesländer (mit Berlin);Ausländer;weiblich;120
2018;1. Quartal;Fortzug;Neue Bundesländer (ohne Sachsen);Deutsche;männlich;353
2018;1. Quartal;Fortzug;Neue Bundesländer (ohne Sachsen);Deutsche;weiblich;275
2018;1. Quartal;Fortzug;Neue Bundesländer (ohne Sachsen);Ausländer;männlich;68
2018;1. Quartal;Fortzug;Neue Bundesländer (ohne Sachsen);Ausländer;weiblich;29
2018;1. Quartal;Fortzug;Sachsen (ohne Umland Dresden);Deutsche;männlich;324
2018;1. Quartal;Fortzug;Sachsen (ohne Umland Dresden);Deutsche;weiblich;273
2018;1. Quartal;Fortzug;Sachsen (ohne Umland Dresden);Ausländer;männlich;180
2018;1. Quartal;Fortzug;Sachsen (ohne Umland Dresden);Ausländer;weiblich;98
2018;1. Quartal;Fortzug;Umland Dresden;Deutsche;männlich;758
2018;1. Quartal;Fortzug;Umland Dresden;Deutsche;weiblich;770
2018;1. Quartal;Fortzug;Umland Dresden;Ausländer;männlich;97
2018;1. Quartal;Fortzug;Umland Dresden;Ausländer;weiblich;72
2018;1. Quartal;Umzug;Innerhalb Dresdens;Deutsche;männlich;4334
2018;1. Quartal;Umzug;Innerhalb Dresdens;Deutsche;weiblich;4282
2018;1. Quartal;Umzug;Innerhalb Dresdens;Ausländer;männlich;1486
2018;1. Quartal;Umzug;Innerhalb Dresdens;Ausländer;weiblich;827
2018;2. Quartal;Zuzug;unbekannt;Deutsche;männlich;154
2018;2. Quartal;Zuzug;unbekannt;Deutsche;weiblich;56
2018;2. Quartal;Zuzug;unbekannt;Ausländer;männlich;346
2018;2. Quartal;Zuzug;unbekannt;Ausländer;weiblich;63
2018;2. Quartal;Zuzug;Ausland;Deutsche;männlich;87
2018;2. Quartal;Zuzug;Ausland;Deutsche;weiblich;63
2018;2. Quartal;Zuzug;Ausland;Ausländer;männlich;1123
2018;2. Quartal;Zuzug;Ausland;Ausländer;weiblich;694
2018;2. Quartal;Zuzug;Alte Bundesländer (mit Berlin);Deutsche;männlich;430
2018;2. Quartal;Zuzug;Alte Bundesländer (mit Berlin);Deutsche;weiblich;413
2018;2. Quartal;Zuzug;Alte Bundesländer (mit Berlin);Ausländer;männlich;163
2018;2. Quartal;Zuzug;Alte Bundesländer (mit Berlin);Ausländer;weiblich;100
2018;2. Quartal;Zuzug;Neue Bundesländer (ohne Sachsen);Deutsche;männlich;345
2018;2. Quartal;Zuzug;Neue Bundesländer (ohne Sachsen);Deutsche;weiblich;320
2018;2. Quartal;Zuzug;Neue Bundesländer (ohne Sachsen);Ausländer;männlich;54
2018;2. Quartal;Zuzug;Neue Bundesländer (ohne Sachsen);Ausländer;weiblich;46
2018;2. Quartal;Zuzug;Sachsen (ohne Umland Dresden);Deutsche;männlich;354
2018;2. Quartal;Zuzug;Sachsen (ohne Umland Dresden);Deutsche;weiblich;298
2018;2. Quartal;Zuzug;Sachsen (ohne Umland Dresden);Ausländer;männlich;126
2018;2. Quartal;Zuzug;Sachsen (ohne Umland Dresden);Ausländer;weiblich;75
2018;2. Quartal;Zuzug;Umland Dresden;Deutsche;männlich;624
2018;2. Quartal;Zuzug;Umland Dresden;Deutsche;weiblich;507
2018;2. Quartal;Zuzug;Umland Dresden;Ausländer;männlich;128
2018;2. Quartal;Zuzug;Umland Dresden;Ausländer;weiblich;70
2018;2. Quartal;Fortzug;unbekannt;Deutsche;männlich;302
2018;2. Quartal;Fortzug;unbekannt;Deutsche;weiblich;133
2018;2. Quartal;Fortzug;unbekannt;Ausländer;männlich;684
2018;2. Quartal;Fortzug;unbekannt;Ausländer;weiblich;140
2018;2. Quartal;Fortzug;Ausland;Deutsche;männlich;95
2018;2. Quartal;Fortzug;Ausland;Deutsche;weiblich;85
2018;2. Quartal;Fortzug;Ausland;Ausländer;männlich;284
2018;2. Quartal;Fortzug;Ausland;Ausländer;weiblich;223
2018;2. Quartal;Fortzug;Alte Bundesländer (mit Berlin);Deutsche;männlich;430
2018;2. Quartal;Fortzug;Alte Bundesländer (mit Berlin);Deutsche;weiblich;360
2018;2. Quartal;Fortzug;Alte Bundesländer (mit Berlin);Ausländer;männlich;170
2018;2. Quartal;Fortzug;Alte Bundesländer (mit Berlin);Ausländer;weiblich;124
2018;2. Quartal;Fortzug;Neue Bundesländer (ohne Sachsen);Deutsche;männlich;348
2018;2. Quartal;Fortzug;Neue Bundesländer (ohne Sachsen);Deutsche;weiblich;324
2018;2. Quartal;Fortzug;Neue Bundesländer (ohne Sachsen);Ausländer;männlich;67
2018;2. Quartal;Fortzug;Neue Bundesländer (ohne Sachsen);Ausländer;weiblich;40
2018;2. Quartal;Fortzug;Sachsen (ohne Umland Dresden);Deutsche;männlich;323
2018;2. Quartal;Fortzug;Sachsen (ohne Umland Dresden);Deutsche;weiblich;271
2018;2. Quartal;Fortzug;Sachsen (ohne Umland Dresden);Ausländer;männlich;176
2018;2. Quartal;Fortzug;Sachsen (ohne Umland Dresden);Ausländer;weiblich;84
2018;2. Quartal;Fortzug;Umland Dresden;Deutsche;männlich;723
2018;2. Quartal;Fortzug;Umland Dresden;Deutsche;weiblich;731
2018;2. Quartal;Fortzug;Umland Dresden;Ausländer;männlich;61
2018;2. Quartal;Fortzug;Umland Dresden;Ausländer;weiblich;49
2018;2. Quartal;Umzug;Innerhalb Dresdens;Deutsche;männlich;4338
2018;2. Quartal;Umzug;Innerhalb Dresdens;Deutsche;weiblich;4286
2018;2. Quartal;Umzug;Innerhalb Dresdens;Ausländer;männlich;1594
2018;2. Quartal;Umzug;Innerhalb Dresdens;Ausländer;weiblich;893
2018;3. Quartal;Zuzug;unbekannt;Deutsche;männlich;130
2018;3. Quartal;Zuzug;unbekannt;Deutsche;weiblich;59
2018;3. Quartal;Zuzug;unbekannt;Ausländer;männlich;311
2018;3. Quartal;Zuzug;unbekannt;Ausländer;weiblich;42
2018;3. Quartal;Zuzug;Ausland;Deutsche;männlich;118
2018;3. Quartal;Zuzug;Ausland;Deutsche;weiblich;116
2018;3. Quartal;Zuzug;Ausland;Ausländer;männlich;1458
2018;3. Quartal;Zuzug;Ausland;Ausländer;weiblich;1018
2018;3. Quartal;Zuzug;Alte Bundesländer (mit Berlin);Deutsche;männlich;626
2018;3. Quartal;Zuzug;Alte Bundesländer (mit Berlin);Deutsche;weiblich;606
2018;3. Quartal;Zuzug;Alte Bundesländer (mit Berlin);Ausländer;männlich;161
2018;3. Quartal;Zuzug;Alte Bundesländer (mit Berlin);Ausländer;weiblich;102
2018;3. Quartal;Zuzug;Neue Bundesländer (ohne Sachsen);Deutsche;männlich;577
2018;3. Quartal;Zuzug;Neue Bundesländer (ohne Sachsen);Deutsche;weiblich;560
2018;3. Quartal;Zuzug;Neue Bundesländer (ohne Sachsen);Ausländer;männlich;92
2018;3. Quartal;Zuzug;Neue Bundesländer (ohne Sachsen);Ausländer;weiblich;64
2018;3. Quartal;Zuzug;Sachsen (ohne Umland Dresden);Deutsche;männlich;710
2018;3. Quartal;Zuzug;Sachsen (ohne Umland Dresden);Deutsche;weiblich;634
2018;3. Quartal;Zuzug;Sachsen (ohne Umland Dresden);Ausländer;männlich;129
2018;3. Quartal;Zuzug;Sachsen (ohne Umland Dresden);Ausländer;weiblich;81
2018;3. Quartal;Zuzug;Umland Dresden;Deutsche;männlich;721
2018;3. Quartal;Zuzug;Umland Dresden;Deutsche;weiblich;670
2018;3. Quartal;Zuzug;Umland Dresden;Ausländer;männlich;121
2018;3. Quartal;Zuzug;Umland Dresden;Ausländer;weiblich;59
2018;3. Quartal;Fortzug;unbekannt;Deutsche;männlich;341
2018;3. Quartal;Fortzug;unbekannt;Deutsche;weiblich;173
2018;3. Quartal;Fortzug;unbekannt;Ausländer;männlich;712
2018;3. Quartal;Fortzug;unbekannt;Ausländer;weiblich;144
2018;3. Quartal;Fortzug;Ausland;Deutsche;männlich;122
2018;3. Quartal;Fortzug;Ausland;Deutsche;weiblich;127
2018;3. Quartal;Fortzug;Ausland;Ausländer;männlich;541
2018;3. Quartal;Fortzug;Ausland;Ausländer;weiblich;502
2018;3. Quartal;Fortzug;Alte Bundesländer (mit Berlin);Deutsche;männlich;680
2018;3. Quartal;Fortzug;Alte Bundesländer (mit Berlin);Deutsche;weiblich;609
2018;3. Quartal;Fortzug;Alte Bundesländer (mit Berlin);Ausländer;männlich;267
2018;3. Quartal;Fortzug;Alte Bundesländer (mit Berlin);Ausländer;weiblich;146
2018;3. Quartal;Fortzug;Neue Bundesländer (ohne Sachsen);Deutsche;männlich;463
2018;3. Quartal;Fortzug;Neue Bundesländer (ohne Sachsen);Deutsche;weiblich;458
2018;3. Quartal;Fortzug;Neue Bundesländer (ohne Sachsen);Ausländer;männlich;66
2018;3. Quartal;Fortzug;Neue Bundesländer (ohne Sachsen);Ausländer;weiblich;61
2018;3. Quartal;Fortzug;Sachsen (ohne Umland Dresden);Deutsche;männlich;499
2018;3. Quartal;Fortzug;Sachsen (ohne Umland Dresden);Deutsche;weiblich;490
2018;3. Quartal;Fortzug;Sachsen (ohne Umland Dresden);Ausländer;männlich;191
2018;3. Quartal;Fortzug;Sachsen (ohne Umland Dresden);Ausländer;weiblich;89
2018;3. Quartal;Fortzug;Umland Dresden;Deutsche;männlich;805
2018;3. Quartal;Fortzug;Umland Dresden;Deutsche;weiblich;891
2018;3. Quartal;Fortzug;Umland Dresden;Ausländer;männlich;126
2018;3. Quartal;Fortzug;Umland Dresden;Ausländer;weiblich;95
2018;3. Quartal;Umzug;Innerhalb Dresdens;Deutsche;männlich;4280
2018;3. Quartal;Umzug;Innerhalb Dresdens;Deutsche;weiblich;4374
2018;3. Quartal;Umzug;Innerhalb Dresdens;Ausländer;männlich;1398
2018;3. Quartal;Umzug;Innerhalb Dresdens;Ausländer;weiblich;852
2018;4. Quartal;Zuzug;unbekannt;Deutsche;männlich;145
2018;4. Quartal;Zuzug;unbekannt;Deutsche;weiblich;97
2018;4. Quartal;Zuzug;unbekannt;Ausländer;männlich;9
2018;4. Quartal;Zuzug;unbekannt;Ausländer;weiblich;6
2018;4. Quartal;Zuzug;Ausland;Deutsche;männlich;86
2018;4. Quartal;Zuzug;Ausland;Deutsche;weiblich;73
2018;4. Quartal;Zuzug;Ausland;Ausländer;männlich;1498
2018;4. Quartal;Zuzug;Ausland;Ausländer;weiblich;948
2018;4. Quartal;Zuzug;Alte Bundesländer (mit Berlin);Deutsche;männlich;675
2018;4. Quartal;Zuzug;Alte Bundesländer (mit Berlin);Deutsche;weiblich;716
2018;4. Quartal;Zuzug;Alte Bundesländer (mit Berlin);Ausländer;männlich;264
2018;4. Quartal;Zuzug;Alte Bundesländer (mit Berlin);Ausländer;weiblich;122
2018;4. Quartal;Zuzug;Neue Bundesländer (ohne Sachsen);Deutsche;männlich;623
2018;4. Quartal;Zuzug;Neue Bundesländer (ohne Sachsen);Deutsche;weiblich;612
2018;4. Quartal;Zuzug;Neue Bundesländer (ohne Sachsen);Ausländer;männlich;101
2018;4. Quartal;Zuzug;Neue Bundesländer (ohne Sachsen);Ausländer;weiblich;87
2018;4. Quartal;Zuzug;Sachsen (ohne Umland Dresden);Deutsche;männlich;733
2018;4. Quartal;Zuzug;Sachsen (ohne Umland Dresden);Deutsche;weiblich;627
2018;4. Quartal;Zuzug;Sachsen (ohne Umland Dresden);Ausländer;männlich;293
2018;4. Quartal;Zuzug;Sachsen (ohne Umland Dresden);Ausländer;weiblich;99
2018;4. Quartal;Zuzug;Umland Dresden;Deutsche;männlich;685
2018;4. Quartal;Zuzug;Umland Dresden;Deutsche;weiblich;604
2018;4. Quartal;Zuzug;Umland Dresden;Ausländer;männlich;124
2018;4. Quartal;Zuzug;Umland Dresden;Ausländer;weiblich;70
2018;4. Quartal;Fortzug;unbekannt;Deutsche;männlich;317
2018;4. Quartal;Fortzug;unbekannt;Deutsche;weiblich;197
2018;4. Quartal;Fortzug;unbekannt;Ausländer;männlich;590
2018;4. Quartal;Fortzug;unbekannt;Ausländer;weiblich;107
2018;4. Quartal;Fortzug;Ausland;Deutsche;männlich;118
2018;4. Quartal;Fortzug;Ausland;Deutsche;weiblich;96
2018;4. Quartal;Fortzug;Ausland;Ausländer;männlich;434
2018;4. Quartal;Fortzug;Ausland;Ausländer;weiblich;273
2018;4. Quartal;Fortzug;Alte Bundesländer (mit Berlin);Deutsche;männlich;553
2018;4. Quartal;Fortzug;Alte Bundesländer (mit Berlin);Deutsche;weiblich;513
2018;4. Quartal;Fortzug;Alte Bundesländer (mit Berlin);Ausländer;männlich;277
2018;4. Quartal;Fortzug;Alte Bundesländer (mit Berlin);Ausländer;weiblich;156
2018;4. Quartal;Fortzug;Neue Bundesländer (ohne Sachsen);Deutsche;männlich;435
2018;4. Quartal;Fortzug;Neue Bundesländer (ohne Sachsen);Deutsche;weiblich;441
2018;4. Quartal;Fortzug;Neue Bundesländer (ohne Sachsen);Ausländer;männlich;74
2018;4. Quartal;Fortzug;Neue Bundesländer (ohne Sachsen);Ausländer;weiblich;52
2018;4. Quartal;Fortzug;Sachsen (ohne Umland Dresden);Deutsche;männlich;440
2018;4. Quartal;Fortzug;Sachsen (ohne Umland Dresden);Deutsche;weiblich;407
2018;4. Quartal;Fortzug;Sachsen (ohne Umland Dresden);Ausländer;männlich;155
2018;4. Quartal;Fortzug;Sachsen (ohne Umland Dresden);Ausländer;weiblich;73
2018;4. Quartal;Fortzug;Umland Dresden;Deutsche;männlich;848
2018;4. Quartal;Fortzug;Umland Dresden;Deutsche;weiblich;862
2018;4. Quartal;Fortzug;Umland Dresden;Ausländer;männlich;111
2018;4. Quartal;Fortzug;Umland Dresden;Ausländer;weiblich;67
2018;4. Quartal;Umzug;Innerhalb Dresdens;Deutsche;männlich;4421
2018;4. Quartal;Umzug;Innerhalb Dresdens;Deutsche;weiblich;4310
2018;4. Quartal;Umzug;Innerhalb Dresdens;Ausländer;männlich;1728
2018;4. Quartal;Umzug;Innerhalb Dresdens;Ausländer;weiblich;980
2019;1. Quartal;Zuzug;unbekannt;Deutsche;männlich;119
2019;1. Quartal;Zuzug;unbekannt;Deutsche;weiblich;66
2019;1. Quartal;Zuzug;unbekannt;Ausländer;männlich;11
2019;1. Quartal;Zuzug;unbekannt;Ausländer;weiblich;3
2019;1. Quartal;Zuzug;Ausland;Deutsche;männlich;84
2019;1. Quartal;Zuzug;Ausland;Deutsche;weiblich;66
2019;1. Quartal;Zuzug;Ausland;Ausländer;männlich;1335
2019;1. Quartal;Zuzug;Ausland;Ausländer;weiblich;770
2019;1. Quartal;Zuzug;Alte Bundesländer (mit Berlin);Deutsche;männlich;449
2019;1. Quartal;Zuzug;Alte Bundesländer (mit Berlin);Deutsche;weiblich;370
2019;1. Quartal;Zuzug;Alte Bundesländer (mit Berlin);Ausländer;männlich;187
2019;1. Quartal;Zuzug;Alte Bundesländer (mit Berlin);Ausländer;weiblich;79
2019;1. Quartal;Zuzug;Neue Bundesländer (ohne Sachsen);Deutsche;männlich;344
2019;1. Quartal;Zuzug;Neue Bundesländer (ohne Sachsen);Deutsche;weiblich;292
2019;1. Quartal;Zuzug;Neue Bundesländer (ohne Sachsen);Ausländer;männlich;66
2019;1. Quartal;Zuzug;Neue Bundesländer (ohne Sachsen);Ausländer;weiblich;38
2019;1. Quartal;Zuzug;Sachsen (ohne Umland Dresden);Deutsche;männlich;419
2019;1. Quartal;Zuzug;Sachsen (ohne Umland Dresden);Deutsche;weiblich;309
2019;1. Quartal;Zuzug;Sachsen (ohne Umland Dresden);Ausländer;männlich;182
2019;1. Quartal;Zuzug;Sachsen (ohne Umland Dresden);Ausländer;weiblich;52
2019;1. Quartal;Zuzug;Umland Dresden;Deutsche;männlich;574
2019;1. Quartal;Zuzug;Umland Dresden;Deutsche;weiblich;574
2019;1. Quartal;Zuzug;Umland Dresden;Ausländer;männlich;137
2019;1. Quartal;Zuzug;Umland Dresden;Ausländer;weiblich;54
2019;1. Quartal;Fortzug;unbekannt;Deutsche;männlich;305
2019;1. Quartal;Fortzug;unbekannt;Deutsche;weiblich;107
2019;1. Quartal;Fortzug;unbekannt;Ausländer;männlich;630
2019;1. Quartal;Fortzug;unbekannt;Ausländer;weiblich;130
2019;1. Quartal;Fortzug;Ausland;Deutsche;männlich;113
2019;1. Quartal;Fortzug;Ausland;Deutsche;weiblich;96
2019;1. Quartal;Fortzug;Ausland;Ausländer;männlich;488
2019;1. Quartal;Fortzug;Ausland;Ausländer;weiblich;353
2019;1. Quartal;Fortzug;Alte Bundesländer (mit Berlin);Deutsche;männlich;376
2019;1. Quartal;Fortzug;Alte Bundesländer (mit Berlin);Deutsche;weiblich;343
2019;1. Quartal;Fortzug;Alte Bundesländer (mit Berlin);Ausländer;männlich;208
2019;1. Quartal;Fortzug;Alte Bundesländer (mit Berlin);Ausländer;weiblich;124
2019;1. Quartal;Fortzug;Neue Bundesländer (ohne Sachsen);Deutsche;männlich;308
2019;1. Quartal;Fortzug;Neue Bundesländer (ohne Sachsen);Deutsche;weiblich;279
2019;1. Quartal;Fortzug;Neue Bundesländer (ohne Sachsen);Ausländer;männlich;65
2019;1. Quartal;Fortzug;Neue Bundesländer (ohne Sachsen);Ausländer;weiblich;36
2019;1. Quartal;Fortzug;Sachsen (ohne Umland Dresden);Deutsche;männlich;315
2019;1. Quartal;Fortzug;Sachsen (ohne Umland Dresden);Deutsche;weiblich;316
2019;1. Quartal;Fortzug;Sachsen (ohne Umland Dresden);Ausländer;männlich;172
2019;1. Quartal;Fortzug;Sachsen (ohne Umland Dresden);Ausländer;weiblich;81
2019;1. Quartal;Fortzug;Umland Dresden;Deutsche;männlich;819
2019;1. Quartal;Fortzug;Umland Dresden;Deutsche;weiblich;818
2019;1. Quartal;Fortzug;Umland Dresden;Ausländer;männlich;129
2019;1. Quartal;Fortzug;Umland Dresden;Ausländer;weiblich;73
2019;1. Quartal;Umzug;Innerhalb Dresdens;Deutsche;männlich;4131
2019;1. Quartal;Umzug;Innerhalb Dresdens;Deutsche;weiblich;4065
2019;1. Quartal;Umzug;Innerhalb Dresdens;Ausländer;männlich;1297
2019;1. Quartal;Umzug;Innerhalb Dresdens;Ausländer;weiblich;776
2019;2. Quartal;Zuzug;unbekannt;Deutsche;männlich;120
2019;2. Quartal;Zuzug;unbekannt;Deutsche;weiblich;70
2019;2. Quartal;Zuzug;unbekannt;Ausländer;männlich;10
2019;2. Quartal;Zuzug;unbekannt;Ausländer;weiblich;3
2019;2. Quartal;Zuzug;Ausland;Deutsche;männlich;104
2019;2. Quartal;Zuzug;Ausland;Deutsche;weiblich;78
2019;2. Quartal;Zuzug;Ausland;Ausländer;männlich;1244
2019;2. Quartal;Zuzug;Ausland;Ausländer;weiblich;769
2019;2. Quartal;Zuzug;Alte Bundesländer (mit Berlin);Deutsche;männlich;432
2019;2. Quartal;Zuzug;Alte Bundesländer (mit Berlin);Deutsche;weiblich;412
2019;2. Quartal;Zuzug;Alte Bundesländer (mit Berlin);Ausländer;männlich;181
2019;2. Quartal;Zuzug;Alte Bundesländer (mit Berlin);Ausländer;weiblich;89
2019;2. Quartal;Zuzug;Neue Bundesländer (ohne Sachsen);Deutsche;männlich;326
2019;2. Quartal;Zuzug;Neue Bundesländer (ohne Sachsen);Deutsche;weiblich;298
2019;2. Quartal;Zuzug;Neue Bundesländer (ohne Sachsen);Ausländer;männlich;61
2019;2. Quartal;Zuzug;Neue Bundesländer (ohne Sachsen);Ausländer;weiblich;44
2019;2. Quartal;Zuzug;Sachsen (ohne Umland Dresden);Deutsche;männlich;383
2019;2. Quartal;Zuzug;Sachsen (ohne Umland Dresden);Deutsche;weiblich;295
2019;2. Quartal;Zuzug;Sachsen (ohne Umland Dresden);Ausländer;männlich;196
2019;2. Quartal;Zuzug;Sachsen (ohne Umland Dresden);Ausländer;weiblich;73
2019;2. Quartal;Zuzug;Umland Dresden;Deutsche;männlich;637
2019;2. Quartal;Zuzug;Umland Dresden;Deutsche;weiblich;522
2019;2. Quartal;Zuzug;Umland Dresden;Ausländer;männlich;104
2019;2. Quartal;Zuzug;Umland Dresden;Ausländer;weiblich;53
2019;2. Quartal;Fortzug;unbekannt;Deutsche;männlich;285
2019;2. Quartal;Fortzug;unbekannt;Deutsche;weiblich;129
2019;2. Quartal;Fortzug;unbekannt;Ausländer;männlich;569
2019;2. Quartal;Fortzug;unbekannt;Ausländer;weiblich;134
2019;2. Quartal;Fortzug;Ausland;Deutsche;männlich;115
2019;2. Quartal;Fortzug;Ausland;Deutsche;weiblich;76
2019;2. Quartal;Fortzug;Ausland;Ausländer;männlich;377
2019;2. Quartal;Fortzug;Ausland;Ausländer;weiblich;287
2019;2. Quartal;Fortzug;Alte Bundesländer (mit Berlin);Deutsche;männlich;412
2019;2. Quartal;Fortzug;Alte Bundesländer (mit Berlin);Deutsche;weiblich;364
2019;2. Quartal;Fortzug;Alte Bundesländer (mit Berlin);Ausländer;männlich;236
2019;2. Quartal;Fortzug;Alte Bundesländer (mit Berlin);Ausländer;weiblich;130
2019;2. Quartal;Fortzug;Neue Bundesländer (ohne Sachsen);Deutsche;männlich;307
2019;2. Quartal;Fortzug;Neue Bundesländer (ohne Sachsen);Deutsche;weiblich;283
2019;2. Quartal;Fortzug;Neue Bundesländer (ohne Sachsen);Ausländer;männlich;91
2019;2. Quartal;Fortzug;Neue Bundesländer (ohne Sachsen);Ausländer;weiblich;56
2019;2. Quartal;Fortzug;Sachsen (ohne Umland Dresden);Deutsche;männlich;347
2019;2. Quartal;Fortzug;Sachsen (ohne Umland Dresden);Deutsche;weiblich;290
2019;2. Quartal;Fortzug;Sachsen (ohne Umland Dresden);Ausländer;männlich;176
2019;2. Quartal;Fortzug;Sachsen (ohne Umland Dresden);Ausländer;weiblich;81
2019;2. Quartal;Fortzug;Umland Dresden;Deutsche;männlich;793
2019;2. Quartal;Fortzug;Umland Dresden;Deutsche;weiblich;842
2019;2. Quartal;Fortzug;Umland Dresden;Ausländer;männlich;82
2019;2. Quartal;Fortzug;Umland Dresden;Ausländer;weiblich;66
2019;2. Quartal;Umzug;Innerhalb Dresdens;Deutsche;männlich;4100
2019;2. Quartal;Umzug;Innerhalb Dresdens;Deutsche;weiblich;4069
2019;2. Quartal;Umzug;Innerhalb Dresdens;Ausländer;männlich;1523
2019;2. Quartal;Umzug;Innerhalb Dresdens;Ausländer;weiblich;912
2019;3. Quartal;Zuzug;unbekannt;Deutsche;männlich;143
2019;3. Quartal;Zuzug;unbekannt;Deutsche;weiblich;99
2019;3. Quartal;Zuzug;unbekannt;Ausländer;männlich;7
2019;3. Quartal;Zuzug;unbekannt;Ausländer;weiblich;5
2019;3. Quartal;Zuzug;Ausland;Deutsche;männlich;126
2019;3. Quartal;Zuzug;Ausland;Deutsche;weiblich;98
2019;3. Quartal;Zuzug;Ausland;Ausländer;männlich;1432
2019;3. Quartal;Zuzug;Ausland;Ausländer;weiblich;1054
2019;3. Quartal;Zuzug;Alte Bundesländer (mit Berlin);Deutsche;männlich;662
2019;3. Quartal;Zuzug;Alte Bundesländer (mit Berlin);Deutsche;weiblich;606
2019;3. Quartal;Zuzug;Alte Bundesländer (mit Berlin);Ausländer;männlich;240
2019;3. Quartal;Zuzug;Alte Bundesländer (mit Berlin);Ausländer;weiblich;152
2019;3. Quartal;Zuzug;Neue Bundesländer (ohne Sachsen);Deutsche;männlich;578
2019;3. Quartal;Zuzug;Neue Bundesländer (ohne Sachsen);Deutsche;weiblich;590
2019;3. Quartal;Zuzug;Neue Bundesländer (ohne Sachsen);Ausländer;männlich;97
2019;3. Quartal;Zuzug;Neue Bundesländer (ohne Sachsen);Ausländer;weiblich;93
2019;3. Quartal;Zuzug;Sachsen (ohne Umland Dresden);Deutsche;männlich;679
2019;3. Quartal;Zuzug;Sachsen (ohne Umland Dresden);Deutsche;weiblich;641
2019;3. Quartal;Zuzug;Sachsen (ohne Umland Dresden);Ausländer;männlich;171
2019;3. Quartal;Zuzug;Sachsen (ohne Umland Dresden);Ausländer;weiblich;100
2019;3. Quartal;Zuzug;Umland Dresden;Deutsche;männlich;740
2019;3. Quartal;Zuzug;Umland Dresden;Deutsche;weiblich;713
2019;3. Quartal;Zuzug;Umland Dresden;Ausländer;männlich;128
2019;3. Quartal;Zuzug;Umland Dresden;Ausländer;weiblich;71
2019;3. Quartal;Fortzug;unbekannt;Deutsche;männlich;329
2019;3. Quartal;Fortzug;unbekannt;Deutsche;weiblich;157
2019;3. Quartal;Fortzug;unbekannt;Ausländer;männlich;590
2019;3. Quartal;Fortzug;unbekannt;Ausländer;weiblich;119
2019;3. Quartal;Fortzug;Ausland;Deutsche;männlich;173
2019;3. Quartal;Fortzug;Ausland;Deutsche;weiblich;172
2019;3. Quartal;Fortzug;Ausland;Ausländer;männlich;667
2019;3. Quartal;Fortzug;Ausland;Ausländer;weiblich;559
2019;3. Quartal;Fortzug;Alte Bundesländer (mit Berlin);Deutsche;männlich;595
2019;3. Quartal;Fortzug;Alte Bundesländer (mit Berlin);Deutsche;weiblich;535
2019;3. Quartal;Fortzug;Alte Bundesländer (mit Berlin);Ausländer;männlich;291
2019;3. Quartal;Fortzug;Alte Bundesländer (mit Berlin);Ausländer;weiblich;170
2019;3. Quartal;Fortzug;Neue Bundesländer (ohne Sachsen);Deutsche;männlich;478
2019;3. Quartal;Fortzug;Neue Bundesländer (ohne Sachsen);Deutsche;weiblich;398
2019;3. Quartal;Fortzug;Neue Bundesländer (ohne Sachsen);Ausländer;männlich;107
2019;3. Quartal;Fortzug;Neue Bundesländer (ohne Sachsen);Ausländer;weiblich;63
2019;3. Quartal;Fortzug;Sachsen (ohne Umland Dresden);Deutsche;männlich;522
2019;3. Quartal;Fortzug;Sachsen (ohne Umland Dresden);Deutsche;weiblich;477
2019;3. Quartal;Fortzug;Sachsen (ohne Umland Dresden);Ausländer;männlich;122
2019;3. Quartal;Fortzug;Sachsen (ohne Umland Dresden);Ausländer;weiblich;73
2019;3. Quartal;Fortzug;Umland Dresden;Deutsche;männlich;922
2019;3. Quartal;Fortzug;Umland Dresden;Deutsche;weiblich;951
2019;3. Quartal;Fortzug;Umland Dresden;Ausländer;männlich;97
2019;3. Quartal;Fortzug;Umland Dresden;Ausländer;weiblich;81
2019;3. Quartal;Umzug;Innerhalb Dresdens;Deutsche;männlich;4532
2019;3. Quartal;Umzug;Innerhalb Dresdens;Deutsche;weiblich;4341
2019;3. Quartal;Umzug;Innerhalb Dresdens;Ausländer;männlich;1505
2019;3. Quartal;Umzug;Innerhalb Dresdens;Ausländer;weiblich;985
2019;4. Quartal;Zuzug;unbekannt;Deutsche;männlich;118
2019;4. Quartal;Zuzug;unbekannt;Deutsche;weiblich;86
2019;4. Quartal;Zuzug;unbekannt;Ausländer;männlich;15
2019;4. Quartal;Zuzug;unbekannt;Ausländer;weiblich;2
2019;4. Quartal;Zuzug;Ausland;Deutsche;männlich;86
2019;4. Quartal;Zuzug;Ausland;Deutsche;weiblich;55
2019;4. Quartal;Zuzug;Ausland;Ausländer;männlich;1576
2019;4. Quartal;Zuzug;Ausland;Ausländer;weiblich;1005
2019;4. Quartal;Zuzug;Alte Bundesländer (mit Berlin);Deutsche;männlich;665
2019;4. Quartal;Zuzug;Alte Bundesländer (mit Berlin);Deutsche;weiblich;649
2019;4. Quartal;Zuzug;Alte Bundesländer (mit Berlin);Ausländer;männlich;311
2019;4. Quartal;Zuzug;Alte Bundesländer (mit Berlin);Ausländer;weiblich;192
2019;4. Quartal;Zuzug;Neue Bundesländer (ohne Sachsen);Deutsche;männlich;618
2019;4. Quartal;Zuzug;Neue Bundesländer (ohne Sachsen);Deutsche;weiblich;586
2019;4. Quartal;Zuzug;Neue Bundesländer (ohne Sachsen);Ausländer;männlich;116
2019;4. Quartal;Zuzug;Neue Bundesländer (ohne Sachsen);Ausländer;weiblich;98
2019;4. Quartal;Zuzug;Sachsen (ohne Umland Dresden);Deutsche;männlich;669
2019;4. Quartal;Zuzug;Sachsen (ohne Umland Dresden);Deutsche;weiblich;630
2019;4. Quartal;Zuzug;Sachsen (ohne Umland Dresden);Ausländer;männlich;226
2019;4. Quartal;Zuzug;Sachsen (ohne Umland Dresden);Ausländer;weiblich;88
2019;4. Quartal;Zuzug;Umland Dresden;Deutsche;männlich;706
2019;4. Quartal;Zuzug;Umland Dresden;Deutsche;weiblich;652
2019;4. Quartal;Zuzug;Umland Dresden;Ausländer;männlich;108
2019;4. Quartal;Zuzug;Umland Dresden;Ausländer;weiblich;75
2019;4. Quartal;Fortzug;unbekannt;Deutsche;männlich;388
2019;4. Quartal;Fortzug;unbekannt;Deutsche;weiblich;201
2019;4. Quartal;Fortzug;unbekannt;Ausländer;männlich;821
2019;4. Quartal;Fortzug;unbekannt;Ausländer;weiblich;241
2019;4. Quartal;Fortzug;Ausland;Deutsche;männlich;112
2019;4. Quartal;Fortzug;Ausland;Deutsche;weiblich;95
2019;4. Quartal;Fortzug;Ausland;Ausländer;männlich;477
2019;4. Quartal;Fortzug;Ausland;Ausländer;weiblich;292
2019;4. Quartal;Fortzug;Alte Bundesländer (mit Berlin);Deutsche;männlich;502
2019;4. Quartal;Fortzug;Alte Bundesländer (mit Berlin);Deutsche;weiblich;484
2019;4. Quartal;Fortzug;Alte Bundesländer (mit Berlin);Ausländer;männlich;249
2019;4. Quartal;Fortzug;Alte Bundesländer (mit Berlin);Ausländer;weiblich;148
2019;4. Quartal;Fortzug;Neue Bundesländer (ohne Sachsen);Deutsche;männlich;376
2019;4. Quartal;Fortzug;Neue Bundesländer (ohne Sachsen);Deutsche;weiblich;404
2019;4. Quartal;Fortzug;Neue Bundesländer (ohne Sachsen);Ausländer;männlich;91
2019;4. Quartal;Fortzug;Neue Bundesländer (ohne Sachsen);Ausländer;weiblich;67
2019;4. Quartal;Fortzug;Sachsen (ohne Umland Dresden);Deutsche;männlich;414
2019;4. Quartal;Fortzug;Sachsen (ohne Umland Dresden);Deutsche;weiblich;389
2019;4. Quartal;Fortzug;Sachsen (ohne Umland Dresden);Ausländer;männlich;165
2019;4. Quartal;Fortzug;Sachsen (ohne Umland Dresden);Ausländer;weiblich;114
2019;4. Quartal;Fortzug;Umland Dresden;Deutsche;männlich;780
2019;4. Quartal;Fortzug;Umland Dresden;Deutsche;weiblich;747
2019;4. Quartal;Fortzug;Umland Dresden;Ausländer;männlich;103
2019;4. Quartal;Fortzug;Umland Dresden;Ausländer;weiblich;73
2019;4. Quartal;Umzug;Innerhalb Dresdens;Deutsche;männlich;4258
2019;4. Quartal;Umzug;Innerhalb Dresdens;Deutsche;weiblich;4150
2019;4. Quartal;Umzug;Innerhalb Dresdens;Ausländer;männlich;1606
2019;4. Quartal;Umzug;Innerhalb Dresdens;Ausländer;weiblich;1025
2020;1. Quartal;Zuzug;unbekannt;Deutsche;männlich;93
2020;1. Quartal;Zuzug;unbekannt;Deutsche;weiblich;85
2020;1. Quartal;Zuzug;unbekannt;Ausländer;männlich;7
2020;1. Quartal;Zuzug;unbekannt;Ausländer;weiblich;5
2020;1. Quartal;Zuzug;Ausland;Deutsche;männlich;68
2020;1. Quartal;Zuzug;Ausland;Deutsche;weiblich;70
2020;1. Quartal;Zuzug;Ausland;Ausländer;männlich;1179
2020;1. Quartal;Zuzug;Ausland;Ausländer;weiblich;672
2020;1. Quartal;Zuzug;Alte Bundesländer (mit Berlin);Deutsche;männlich;369
2020;1. Quartal;Zuzug;Alte Bundesländer (mit Berlin);Deutsche;weiblich;344
2020;1. Quartal;Zuzug;Alte Bundesländer (mit Berlin);Ausländer;männlich;209
2020;1. Quartal;Zuzug;Alte Bundesländer (mit Berlin);Ausländer;weiblich;91
2020;1. Quartal;Zuzug;Neue Bundesländer (ohne Sachsen);Deutsche;männlich;269
2020;1. Quartal;Zuzug;Neue Bundesländer (ohne Sachsen);Deutsche;weiblich;247
2020;1. Quartal;Zuzug;Neue Bundesländer (ohne Sachsen);Ausländer;männlich;56
2020;1. Quartal;Zuzug;Neue Bundesländer (ohne Sachsen);Ausländer;weiblich;49
2020;1. Quartal;Zuzug;Sachsen (ohne Umland Dresden);Deutsche;männlich;344
2020;1. Quartal;Zuzug;Sachsen (ohne Umland Dresden);Deutsche;weiblich;278
2020;1. Quartal;Zuzug;Sachsen (ohne Umland Dresden);Ausländer;männlich;202
2020;1. Quartal;Zuzug;Sachsen (ohne Umland Dresden);Ausländer;weiblich;66
2020;1. Quartal;Zuzug;Umland Dresden;Deutsche;männlich;560
2020;1. Quartal;Zuzug;Umland Dresden;Deutsche;weiblich;516
2020;1. Quartal;Zuzug;Umland Dresden;Ausländer;männlich;130
2020;1. Quartal;Zuzug;Umland Dresden;Ausländer;weiblich;70
2020;1. Quartal;Fortzug;unbekannt;Deutsche;männlich;328
2020;1. Quartal;Fortzug;unbekannt;Deutsche;weiblich;158
2020;1. Quartal;Fortzug;unbekannt;Ausländer;männlich;739
2020;1. Quartal;Fortzug;unbekannt;Ausländer;weiblich;196
2020;1. Quartal;Fortzug;Ausland;Deutsche;männlich;117
2020;1. Quartal;Fortzug;Ausland;Deutsche;weiblich;92
2020;1. Quartal;Fortzug;Ausland;Ausländer;männlich;499
2020;1. Quartal;Fortzug;Ausland;Ausländer;weiblich;385
2020;1. Quartal;Fortzug;Alte Bundesländer (mit Berlin);Deutsche;männlich;363
2020;1. Quartal;Fortzug;Alte Bundesländer (mit Berlin);Deutsche;weiblich;310
2020;1. Quartal;Fortzug;Alte Bundesländer (mit Berlin);Ausländer;männlich;180
2020;1. Quartal;Fortzug;Alte Bundesländer (mit Berlin);Ausländer;weiblich;109
2020;1. Quartal;Fortzug;Neue Bundesländer (ohne Sachsen);Deutsche;männlich;270
2020;1. Quartal;Fortzug;Neue Bundesländer (ohne Sachsen);Deutsche;weiblich;276
2020;1. Quartal;Fortzug;Neue Bundesländer (ohne Sachsen);Ausländer;männlich;68
2020;1. Quartal;Fortzug;Neue Bundesländer (ohne Sachsen);Ausländer;weiblich;45
2020;1. Quartal;Fortzug;Sachsen (ohne Umland Dresden);Deutsche;männlich;347
2020;1. Quartal;Fortzug;Sachsen (ohne Umland Dresden);Deutsche;weiblich;277
2020;1. Quartal;Fortzug;Sachsen (ohne Umland Dresden);Ausländer;männlich;271
2020;1. Quartal;Fortzug;Sachsen (ohne Umland Dresden);Ausländer;weiblich;86
2020;1. Quartal;Fortzug;Umland Dresden;Deutsche;männlich;668
2020;1. Quartal;Fortzug;Umland Dresden;Deutsche;weiblich;684
2020;1. Quartal;Fortzug;Umland Dresden;Ausländer;männlich;62
2020;1. Quartal;Fortzug;Umland Dresden;Ausländer;weiblich;64
2020;1. Quartal;Umzug;Innerhalb Dresdens;Deutsche;männlich;3520
2020;1. Quartal;Umzug;Innerhalb Dresdens;Deutsche;weiblich;3444
2020;1. Quartal;Umzug;Innerhalb Dresdens;Ausländer;männlich;1325
2020;1. Quartal;Umzug;Innerhalb Dresdens;Ausländer;weiblich;799
2020;2. Quartal;Zuzug;unbekannt;Deutsche;männlich;72
2020;2. Quartal;Zuzug;unbekannt;Deutsche;weiblich;61
2020;2. Quartal;Zuzug;unbekannt;Ausländer;männlich;13
2020;2. Quartal;Zuzug;unbekannt;Ausländer;weiblich;3
2020;2. Quartal;Zuzug;Ausland;Deutsche;männlich;66
2020;2. Quartal;Zuzug;Ausland;Deutsche;weiblich;63
2020;2. Quartal;Zuzug;Ausland;Ausländer;männlich;384
2020;2. Quartal;Zuzug;Ausland;Ausländer;weiblich;205
2020;2. Quartal;Zuzug;Alte Bundesländer (mit Berlin);Deutsche;männlich;346
2020;2. Quartal;Zuzug;Alte Bundesländer (mit Berlin);Deutsche;weiblich;325
2020;2. Quartal;Zuzug;Alte Bundesländer (mit Berlin);Ausländer;männlich;128
2020;2. Quartal;Zuzug;Alte Bundesländer (mit Berlin);Ausländer;weiblich;80
2020;2. Quartal;Zuzug;Neue Bundesländer (ohne Sachsen);Deutsche;männlich;245
2020;2. Quartal;Zuzug;Neue Bundesländer (ohne Sachsen);Deutsche;weiblich;273
2020;2. Quartal;Zuzug;Neue Bundesländer (ohne Sachsen);Ausländer;männlich;39
2020;2. Quartal;Zuzug;Neue Bundesländer (ohne Sachsen);Ausländer;weiblich;36
2020;2. Quartal;Zuzug;Sachsen (ohne Umland Dresden);Deutsche;männlich;284
2020;2. Quartal;Zuzug;Sachsen (ohne Umland Dresden);Deutsche;weiblich;248
2020;2. Quartal;Zuzug;Sachsen (ohne Umland Dresden);Ausländer;männlich;218
2020;2. Quartal;Zuzug;Sachsen (ohne Umland Dresden);Ausländer;weiblich;85
2020;2. Quartal;Zuzug;Umland Dresden;Deutsche;männlich;464
2020;2. Quartal;Zuzug;Umland Dresden;Deutsche;weiblich;467
2020;2. Quartal;Zuzug;Umland Dresden;Ausländer;männlich;115
2020;2. Quartal;Zuzug;Umland Dresden;Ausländer;weiblich;57
2020;2. Quartal;Fortzug;unbekannt;Deutsche;männlich;218
2020;2. Quartal;Fortzug;unbekannt;Deutsche;weiblich;111
2020;2. Quartal;Fortzug;unbekannt;Ausländer;männlich;524
2020;2. Quartal;Fortzug;unbekannt;Ausländer;weiblich;117
2020;2. Quartal;Fortzug;Ausland;Deutsche;männlich;50
2020;2. Quartal;Fortzug;Ausland;Deutsche;weiblich;39
2020;2. Quartal;Fortzug;Ausland;Ausländer;männlich;213
2020;2. Quartal;Fortzug;Ausland;Ausländer;weiblich;157
2020;2. Quartal;Fortzug;Alte Bundesländer (mit Berlin);Deutsche;männlich;306
2020;2. Quartal;Fortzug;Alte Bundesländer (mit Berlin);Deutsche;weiblich;301
2020;2. Quartal;Fortzug;Alte Bundesländer (mit Berlin);Ausländer;männlich;147
2020;2. Quartal;Fortzug;Alte Bundesländer (mit Berlin);Ausländer;weiblich;85
2020;2. Quartal;Fortzug;Neue Bundesländer (ohne Sachsen);Deutsche;männlich;248
2020;2. Quartal;Fortzug;Neue Bundesländer (ohne Sachsen);Deutsche;weiblich;218
2020;2. Quartal;Fortzug;Neue Bundesländer (ohne Sachsen);Ausländer;männlich;52
2020;2. Quartal;Fortzug;Neue Bundesländer (ohne Sachsen);Ausländer;weiblich;31
2020;2. Quartal;Fortzug;Sachsen (ohne Umland Dresden);Deutsche;männlich;280
2020;2. Quartal;Fortzug;Sachsen (ohne Umland Dresden);Deutsche;weiblich;273
2020;2. Quartal;Fortzug;Sachsen (ohne Umland Dresden);Ausländer;männlich;127
2020;2. Quartal;Fortzug;Sachsen (ohne Umland Dresden);Ausländer;weiblich;49
2020;2. Quartal;Fortzug;Umland Dresden;Deutsche;männlich;799
2020;2. Quartal;Fortzug;Umland Dresden;Deutsche;weiblich;857
2020;2. Quartal;Fortzug;Umland Dresden;Ausländer;männlich;123
2020;2. Quartal;Fortzug;Umland Dresden;Ausländer;weiblich;78
2020;2. Quartal;Umzug;Innerhalb Dresdens;Deutsche;männlich;3693
2020;2. Quartal;Umzug;Innerhalb Dresdens;Deutsche;weiblich;3787
2020;2. Quartal;Umzug;Innerhalb Dresdens;Ausländer;männlich;1042
2020;2. Quartal;Umzug;Innerhalb Dresdens;Ausländer;weiblich;729
2020;3. Quartal;Zuzug;unbekannt;Deutsche;männlich;86
2020;3. Quartal;Zuzug;unbekannt;Deutsche;weiblich;98
2020;3. Quartal;Zuzug;unbekannt;Ausländer;männlich;9
2020;3. Quartal;Zuzug;unbekannt;Ausländer;weiblich;6
2020;3. Quartal;Zuzug;Ausland;Deutsche;männlich;119
2020;3. Quartal;Zuzug;Ausland;Deutsche;weiblich;109
2020;3. Quartal;Zuzug;Ausland;Ausländer;männlich;1123
2020;3. Quartal;Zuzug;Ausland;Ausländer;weiblich;618
2020;3. Quartal;Zuzug;Alte Bundesländer (mit Berlin);Deutsche;männlich;498
2020;3. Quartal;Zuzug;Alte Bundesländer (mit Berlin);Deutsche;weiblich;465
2020;3. Quartal;Zuzug;Alte Bundesländer (mit Berlin);Ausländer;männlich;253
2020;3. Quartal;Zuzug;Alte Bundesländer (mit Berlin);Ausländer;weiblich;129
2020;3. Quartal;Zuzug;Neue Bundesländer (ohne Sachsen);Deutsche;männlich;415
2020;3. Quartal;Zuzug;Neue Bundesländer (ohne Sachsen);Deutsche;weiblich;436
2020;3. Quartal;Zuzug;Neue Bundesländer (ohne Sachsen);Ausländer;männlich;91
2020;3. Quartal;Zuzug;Neue Bundesländer (ohne Sachsen);Ausländer;weiblich;74
2020;3. Quartal;Zuzug;Sachsen (ohne Umland Dresden);Deutsche;männlich;531
2020;3. Quartal;Zuzug;Sachsen (ohne Umland Dresden);Deutsche;weiblich;531
2020;3. Quartal;Zuzug;Sachsen (ohne Umland Dresden);Ausländer;männlich;318
2020;3. Quartal;Zuzug;Sachsen (ohne Umland Dresden);Ausländer;weiblich;107
2020;3. Quartal;Zuzug;Umland Dresden;Deutsche;männlich;621
2020;3. Quartal;Zuzug;Umland Dresden;Deutsche;weiblich;633
2020;3. Quartal;Zuzug;Umland Dresden;Ausländer;männlich;114
2020;3. Quartal;Zuzug;Umland Dresden;Ausländer;weiblich;78
2020;3. Quartal;Fortzug;unbekannt;Deutsche;männlich;305
2020;3. Quartal;Fortzug;unbekannt;Deutsche;weiblich;151
2020;3. Quartal;Fortzug;unbekannt;Ausländer;männlich;438
2020;3. Quartal;Fortzug;unbekannt;Ausländer;weiblich;87
2020;3. Quartal;Fortzug;Ausland;Deutsche;männlich;104
2020;3. Quartal;Fortzug;Ausland;Deutsche;weiblich;105
2020;3. Quartal;Fortzug;Ausland;Ausländer;männlich;404
2020;3. Quartal;Fortzug;Ausland;Ausländer;weiblich;278
2020;3. Quartal;Fortzug;Alte Bundesländer (mit Berlin);Deutsche;männlich;557
2020;3. Quartal;Fortzug;Alte Bundesländer (mit Berlin);Deutsche;weiblich;466
2020;3. Quartal;Fortzug;Alte Bundesländer (mit Berlin);Ausländer;männlich;261
2020;3. Quartal;Fortzug;Alte Bundesländer (mit Berlin);Ausländer;weiblich;148
2020;3. Quartal;Fortzug;Neue Bundesländer (ohne Sachsen);Deutsche;männlich;462
2020;3. Quartal;Fortzug;Neue Bundesländer (ohne Sachsen);Deutsche;weiblich;456
2020;3. Quartal;Fortzug;Neue Bundesländer (ohne Sachsen);Ausländer;männlich;107
2020;3. Quartal;Fortzug;Neue Bundesländer (ohne Sachsen);Ausländer;weiblich;70
2020;3. Quartal;Fortzug;Sachsen (ohne Umland Dresden);Deutsche;männlich;516
2020;3. Quartal;Fortzug;Sachsen (ohne Umland Dresden);Deutsche;weiblich;481
2020;3. Quartal;Fortzug;Sachsen (ohne Umland Dresden);Ausländer;männlich;292
2020;3. Quartal;Fortzug;Sachsen (ohne Umland Dresden);Ausländer;weiblich;116
2020;3. Quartal;Fortzug;Umland Dresden;Deutsche;männlich;1033
2020;3. Quartal;Fortzug;Umland Dresden;Deutsche;weiblich;1045
2020;3. Quartal;Fortzug;Umland Dresden;Ausländer;männlich;111
2020;3. Quartal;Fortzug;Umland Dresden;Ausländer;weiblich;86
2020;3. Quartal;Umzug;Innerhalb Dresdens;Deutsche;männlich;4459
2020;3. Quartal;Umzug;Innerhalb Dresdens;Deutsche;weiblich;4312
2020;3. Quartal;Umzug;Innerhalb Dresdens;Ausländer;männlich;1488
2020;3. Quartal;Umzug;Innerhalb Dresdens;Ausländer;weiblich;931
2020;4. Quartal;Zuzug;unbekannt;Deutsche;männlich;122
2020;4. Quartal;Zuzug;unbekannt;Deutsche;weiblich;91
2020;4. Quartal;Zuzug;unbekannt;Ausländer;männlich;9
2020;4. Quartal;Zuzug;unbekannt;Ausländer;weiblich;5
2020;4. Quartal;Zuzug;Ausland;Deutsche;männlich;89
2020;4. Quartal;Zuzug;Ausland;Deutsche;weiblich;65
2020;4. Quartal;Zuzug;Ausland;Ausländer;männlich;1269
2020;4. Quartal;Zuzug;Ausland;Ausländer;weiblich;799
2020;4. Quartal;Zuzug;Alte Bundesländer (mit Berlin);Deutsche;männlich;675
2020;4. Quartal;Zuzug;Alte Bundesländer (mit Berlin);Deutsche;weiblich;683
2020;4. Quartal;Zuzug;Alte Bundesländer (mit Berlin);Ausländer;männlich;273
2020;4. Quartal;Zuzug;Alte Bundesländer (mit Berlin);Ausländer;weiblich;184
2020;4. Quartal;Zuzug;Neue Bundesländer (ohne Sachsen);Deutsche;männlich;625
2020;4. Quartal;Zuzug;Neue Bundesländer (ohne Sachsen);Deutsche;weiblich;688
2020;4. Quartal;Zuzug;Neue Bundesländer (ohne Sachsen);Ausländer;männlich;101
2020;4. Quartal;Zuzug;Neue Bundesländer (ohne Sachsen);Ausländer;weiblich;75
2020;4. Quartal;Zuzug;Sachsen (ohne Umland Dresden);Deutsche;männlich;633
2020;4. Quartal;Zuzug;Sachsen (ohne Umland Dresden);Deutsche;weiblich;604
2020;4. Quartal;Zuzug;Sachsen (ohne Umland Dresden);Ausländer;männlich;329
2020;4. Quartal;Zuzug;Sachsen (ohne Umland Dresden);Ausländer;weiblich;95
2020;4. Quartal;Zuzug;Umland Dresden;Deutsche;männlich;585
2020;4. Quartal;Zuzug;Umland Dresden;Deutsche;weiblich;620
2020;4. Quartal;Zuzug;Umland Dresden;Ausländer;männlich;92
2020;4. Quartal;Zuzug;Umland Dresden;Ausländer;weiblich;68
2020;4. Quartal;Fortzug;unbekannt;Deutsche;männlich;301
2020;4. Quartal;Fortzug;unbekannt;Deutsche;weiblich;194
2020;4. Quartal;Fortzug;unbekannt;Ausländer;männlich;463
2020;4. Quartal;Fortzug;unbekannt;Ausländer;weiblich;118
2020;4. Quartal;Fortzug;Ausland;Deutsche;männlich;62
2020;4. Quartal;Fortzug;Ausland;Deutsche;weiblich;57
2020;4. Quartal;Fortzug;Ausland;Ausländer;männlich;348
2020;4. Quartal;Fortzug;Ausland;Ausländer;weiblich;227
2020;4. Quartal;Fortzug;Alte Bundesländer (mit Berlin);Deutsche;männlich;450
2020;4. Quartal;Fortzug;Alte Bundesländer (mit Berlin);Deutsche;weiblich;456
2020;4. Quartal;Fortzug;Alte Bundesländer (mit Berlin);Ausländer;männlich;257
2020;4. Quartal;Fortzug;Alte Bundesländer (mit Berlin);Ausländer;weiblich;154
2020;4. Quartal;Fortzug;Neue Bundesländer (ohne Sachsen);Deutsche;männlich;405
2020;4. Quartal;Fortzug;Neue Bundesländer (ohne Sachsen);Deutsche;weiblich;462
2020;4. Quartal;Fortzug;Neue Bundesländer (ohne Sachsen);Ausländer;männlich;89
2020;4. Quartal;Fortzug;Neue Bundesländer (ohne Sachsen);Ausländer;weiblich;47
2020;4. Quartal;Fortzug;Sachsen (ohne Umland Dresden);Deutsche;männlich;472
2020;4. Quartal;Fortzug;Sachsen (ohne Umland Dresden);Deutsche;weiblich;434
2020;4. Quartal;Fortzug;Sachsen (ohne Umland Dresden);Ausländer;männlich;231
2020;4. Quartal;Fortzug;Sachsen (ohne Umland Dresden);Ausländer;weiblich;79
2020;4. Quartal;Fortzug;Umland Dresden;Deutsche;männlich;831
2020;4. Quartal;Fortzug;Umland Dresden;Deutsche;weiblich;823
2020;4. Quartal;Fortzug;Umland Dresden;Ausländer;männlich;105
2020;4. Quartal;Fortzug;Umland Dresden;Ausländer;weiblich;80
2020;4. Quartal;Umzug;Innerhalb Dresdens;Deutsche;männlich;4153
2020;4. Quartal;Umzug;Innerhalb Dresdens;Deutsche;weiblich;4070
2020;4. Quartal;Umzug;Innerhalb Dresdens;Ausländer;männlich;1545
2020;4. Quartal;Umzug;Innerhalb Dresdens;Ausländer;weiblich;949
2021;1. Quartal;Zuzug;unbekannt;Deutsche;männlich;80
2021;1. Quartal;Zuzug;unbekannt;Deutsche;weiblich;49
2021;1. Quartal;Zuzug;unbekannt;Ausländer;männlich;35
2021;1. Quartal;Zuzug;unbekannt;Ausländer;weiblich;6
2021;1. Quartal;Zuzug;Ausland;Deutsche;männlich;66
2021;1. Quartal;Zuzug;Ausland;Deutsche;weiblich;50
2021;1. Quartal;Zuzug;Ausland;Ausländer;männlich;968
2021;1. Quartal;Zuzug;Ausland;Ausländer;weiblich;509
2021;1. Quartal;Zuzug;Alte Bundesländer (mit Berlin);Deutsche;männlich;389
2021;1. Quartal;Zuzug;Alte Bundesländer (mit Berlin);Deutsche;weiblich;399
2021;1. Quartal;Zuzug;Alte Bundesländer (mit Berlin);Ausländer;männlich;183
2021;1. Quartal;Zuzug;Alte Bundesländer (mit Berlin);Ausländer;weiblich;91
2021;1. Quartal;Zuzug;Neue Bundesländer (ohne Sachsen);Deutsche;männlich;311
2021;1. Quartal;Zuzug;Neue Bundesländer (ohne Sachsen);Deutsche;weiblich;270
2021;1. Quartal;Zuzug;Neue Bundesländer (ohne Sachsen);Ausländer;männlich;76
2021;1. Quartal;Zuzug;Neue Bundesländer (ohne Sachsen);Ausländer;weiblich;33
2021;1. Quartal;Zuzug;Sachsen (ohne Umland Dresden);Deutsche;männlich;398
2021;1. Quartal;Zuzug;Sachsen (ohne Umland Dresden);Deutsche;weiblich;319
2021;1. Quartal;Zuzug;Sachsen (ohne Umland Dresden);Ausländer;männlich;236
2021;1. Quartal;Zuzug;Sachsen (ohne Umland Dresden);Ausländer;weiblich;67
2021;1. Quartal;Zuzug;Umland Dresden;Deutsche;männlich;612
2021;1. Quartal;Zuzug;Umland Dresden;Deutsche;weiblich;506
2021;1. Quartal;Zuzug;Umland Dresden;Ausländer;männlich;109
2021;1. Quartal;Zuzug;Umland Dresden;Ausländer;weiblich;61
2021;1. Quartal;Fortzug;unbekannt;Deutsche;männlich;313
2021;1. Quartal;Fortzug;unbekannt;Deutsche;weiblich;135
2021;1. Quartal;Fortzug;unbekannt;Ausländer;männlich;533
2021;1. Quartal;Fortzug;unbekannt;Ausländer;weiblich;106
2021;1. Quartal;Fortzug;Ausland;Deutsche;männlich;82
2021;1. Quartal;Fortzug;Ausland;Deutsche;weiblich;69
2021;1. Quartal;Fortzug;Ausland;Ausländer;männlich;340
2021;1. Quartal;Fortzug;Ausland;Ausländer;weiblich;274
2021;1. Quartal;Fortzug;Alte Bundesländer (mit Berlin);Deutsche;männlich;348
2021;1. Quartal;Fortzug;Alte Bundesländer (mit Berlin);Deutsche;weiblich;362
2021;1. Quartal;Fortzug;Alte Bundesländer (mit Berlin);Ausländer;männlich;198
2021;1. Quartal;Fortzug;Alte Bundesländer (mit Berlin);Ausländer;weiblich;146
2021;1. Quartal;Fortzug;Neue Bundesländer (ohne Sachsen);Deutsche;männlich;291
2021;1. Quartal;Fortzug;Neue Bundesländer (ohne Sachsen);Deutsche;weiblich;299
2021;1. Quartal;Fortzug;Neue Bundesländer (ohne Sachsen);Ausländer;männlich;68
2021;1. Quartal;Fortzug;Neue Bundesländer (ohne Sachsen);Ausländer;weiblich;43
2021;1. Quartal;Fortzug;Sachsen (ohne Umland Dresden);Deutsche;männlich;338
2021;1. Quartal;Fortzug;Sachsen (ohne Umland Dresden);Deutsche;weiblich;279
2021;1. Quartal;Fortzug;Sachsen (ohne Umland Dresden);Ausländer;männlich;303
2021;1. Quartal;Fortzug;Sachsen (ohne Umland Dresden);Ausländer;weiblich;85
2021;1. Quartal;Fortzug;Umland Dresden;Deutsche;männlich;761
2021;1. Quartal;Fortzug;Umland Dresden;Deutsche;weiblich;758
2021;1. Quartal;Fortzug;Umland Dresden;Ausländer;männlich;142
2021;1. Quartal;Fortzug;Umland Dresden;Ausländer;weiblich;76
2021;1. Quartal;Umzug;Innerhalb Dresdens;Deutsche;männlich;4080
2021;1. Quartal;Umzug;Innerhalb Dresdens;Deutsche;weiblich;4053
2021;1. Quartal;Umzug;Innerhalb Dresdens;Ausländer;männlich;1709
2021;1. Quartal;Umzug;Innerhalb Dresdens;Ausländer;weiblich;920
2021;2. Quartal;Zuzug;unbekannt;Deutsche;männlich;74
2021;2. Quartal;Zuzug;unbekannt;Deutsche;weiblich;45
2021;2. Quartal;Zuzug;unbekannt;Ausländer;männlich;9
2021;2. Quartal;Zuzug;unbekannt;Ausländer;weiblich;0
2021;2. Quartal;Zuzug;Ausland;Deutsche;männlich;69
2021;2. Quartal;Zuzug;Ausland;Deutsche;weiblich;49
2021;2. Quartal;Zuzug;Ausland;Ausländer;männlich;1036
2021;2. Quartal;Zuzug;Ausland;Ausländer;weiblich;561
2021;2. Quartal;Zuzug;Alte Bundesländer (mit Berlin);Deutsche;männlich;407
2021;2. Quartal;Zuzug;Alte Bundesländer (mit Berlin);Deutsche;weiblich;396
2021;2. Quartal;Zuzug;Alte Bundesländer (mit Berlin);Ausländer;männlich;175
2021;2. Quartal;Zuzug;Alte Bundesländer (mit Berlin);Ausländer;weiblich;125
2021;2. Quartal;Zuzug;Neue Bundesländer (ohne Sachsen);Deutsche;männlich;236
2021;2. Quartal;Zuzug;Neue Bundesländer (ohne Sachsen);Deutsche;weiblich;262
2021;2. Quartal;Zuzug;Neue Bundesländer (ohne Sachsen);Ausländer;männlich;53
2021;2. Quartal;Zuzug;Neue Bundesländer (ohne Sachsen);Ausländer;weiblich;36
2021;2. Quartal;Zuzug;Sachsen (ohne Umland Dresden);Deutsche;männlich;332
2021;2. Quartal;Zuzug;Sachsen (ohne Umland Dresden);Deutsche;weiblich;268
2021;2. Quartal;Zuzug;Sachsen (ohne Umland Dresden);Ausländer;männlich;363
2021;2. Quartal;Zuzug;Sachsen (ohne Umland Dresden);Ausländer;weiblich;157
2021;2. Quartal;Zuzug;Umland Dresden;Deutsche;männlich;480
2021;2. Quartal;Zuzug;Umland Dresden;Deutsche;weiblich;508
2021;2. Quartal;Zuzug;Umland Dresden;Ausländer;männlich;99
2021;2. Quartal;Zuzug;Umland Dresden;Ausländer;weiblich;67
2021;2. Quartal;Fortzug;unbekannt;Deutsche;männlich;229
2021;2. Quartal;Fortzug;unbekannt;Deutsche;weiblich;117
2021;2. Quartal;Fortzug;unbekannt;Ausländer;männlich;500
2021;2. Quartal;Fortzug;unbekannt;Ausländer;weiblich;94
2021;2. Quartal;Fortzug;Ausland;Deutsche;männlich;81
2021;2. Quartal;Fortzug;Ausland;Deutsche;weiblich;45
2021;2. Quartal;Fortzug;Ausland;Ausländer;männlich;310
2021;2. Quartal;Fortzug;Ausland;Ausländer;weiblich;221
2021;2. Quartal;Fortzug;Alte Bundesländer (mit Berlin);Deutsche;männlich;395
2021;2. Quartal;Fortzug;Alte Bundesländer (mit Berlin);Deutsche;weiblich;324
2021;2. Quartal;Fortzug;Alte Bundesländer (mit Berlin);Ausländer;männlich;217
2021;2. Quartal;Fortzug;Alte Bundesländer (mit Berlin);Ausländer;weiblich;132
2021;2. Quartal;Fortzug;Neue Bundesländer (ohne Sachsen);Deutsche;männlich;332
2021;2. Quartal;Fortzug;Neue Bundesländer (ohne Sachsen);Deutsche;weiblich;300
2021;2. Quartal;Fortzug;Neue Bundesländer (ohne Sachsen);Ausländer;männlich;63
2021;2. Quartal;Fortzug;Neue Bundesländer (ohne Sachsen);Ausländer;weiblich;37
2021;2. Quartal;Fortzug;Sachsen (ohne Umland Dresden);Deutsche;männlich;311
2021;2. Quartal;Fortzug;Sachsen (ohne Umland Dresden);Deutsche;weiblich;295
2021;2. Quartal;Fortzug;Sachsen (ohne Umland Dresden);Ausländer;männlich;294
2021;2. Quartal;Fortzug;Sachsen (ohne Umland Dresden);Ausländer;weiblich;130
2021;2. Quartal;Fortzug;Umland Dresden;Deutsche;männlich;785
2021;2. Quartal;Fortzug;Umland Dresden;Deutsche;weiblich;774
2021;2. Quartal;Fortzug;Umland Dresden;Ausländer;männlich;82
2021;2. Quartal;Fortzug;Umland Dresden;Ausländer;weiblich;37
2021;2. Quartal;Umzug;Innerhalb Dresdens;Deutsche;männlich;3926
2021;2. Quartal;Umzug;Innerhalb Dresdens;Deutsche;weiblich;3926
2021;2. Quartal;Umzug;Innerhalb Dresdens;Ausländer;männlich;1568
2021;2. Quartal;Umzug;Innerhalb Dresdens;Ausländer;weiblich;945
2021;3. Quartal;Zuzug;unbekannt;Deutsche;männlich;113
2021;3. Quartal;Zuzug;unbekannt;Deutsche;weiblich;72
2021;3. Quartal;Zuzug;unbekannt;Ausländer;männlich;10
2021;3. Quartal;Zuzug;unbekannt;Ausländer;weiblich;2
2021;3. Quartal;Zuzug;Ausland;Deutsche;männlich;90
2021;3. Quartal;Zuzug;Ausland;Deutsche;weiblich;81
2021;3. Quartal;Zuzug;Ausland;Ausländer;männlich;1307
2021;3. Quartal;Zuzug;Ausland;Ausländer;weiblich;843
2021;3. Quartal;Zuzug;Alte Bundesländer (mit Berlin);Deutsche;männlich;494
2021;3. Quartal;Zuzug;Alte Bundesländer (mit Berlin);Deutsche;weiblich;438
2021;3. Quartal;Zuzug;Alte Bundesländer (mit Berlin);Ausländer;männlich;225
2021;3. Quartal;Zuzug;Alte Bundesländer (mit Berlin);Ausländer;weiblich;143
2021;3. Quartal;Zuzug;Neue Bundesländer (ohne Sachsen);Deutsche;männlich;380
2021;3. Quartal;Zuzug;Neue Bundesländer (ohne Sachsen);Deutsche;weiblich;426
2021;3. Quartal;Zuzug;Neue Bundesländer (ohne Sachsen);Ausländer;männlich;82
2021;3. Quartal;Zuzug;Neue Bundesländer (ohne Sachsen);Ausländer;weiblich;58
2021;3. Quartal;Zuzug;Sachsen (ohne Umland Dresden);Deutsche;männlich;462
2021;3. Quartal;Zuzug;Sachsen (ohne Umland Dresden);Deutsche;weiblich;461
2021;3. Quartal;Zuzug;Sachsen (ohne Umland Dresden);Ausländer;männlich;186
2021;3. Quartal;Zuzug;Sachsen (ohne Umland Dresden);Ausländer;weiblich;88
2021;3. Quartal;Zuzug;Umland Dresden;Deutsche;männlich;568
2021;3. Quartal;Zuzug;Umland Dresden;Deutsche;weiblich;530
2021;3. Quartal;Zuzug;Umland Dresden;Ausländer;männlich;89
2021;3. Quartal;Zuzug;Umland Dresden;Ausländer;weiblich;62
2021;3. Quartal;Fortzug;unbekannt;Deutsche;männlich;252
2021;3. Quartal;Fortzug;unbekannt;Deutsche;weiblich;129
2021;3. Quartal;Fortzug;unbekannt;Ausländer;männlich;365
2021;3. Quartal;Fortzug;unbekannt;Ausländer;weiblich;84
2021;3. Quartal;Fortzug;Ausland;Deutsche;männlich;131
2021;3. Quartal;Fortzug;Ausland;Deutsche;weiblich;114
2021;3. Quartal;Fortzug;Ausland;Ausländer;männlich;436
2021;3. Quartal;Fortzug;Ausland;Ausländer;weiblich;342
2021;3. Quartal;Fortzug;Alte Bundesländer (mit Berlin);Deutsche;männlich;510
2021;3. Quartal;Fortzug;Alte Bundesländer (mit Berlin);Deutsche;weiblich;523
2021;3. Quartal;Fortzug;Alte Bundesländer (mit Berlin);Ausländer;männlich;253
2021;3. Quartal;Fortzug;Alte Bundesländer (mit Berlin);Ausländer;weiblich;189
2021;3. Quartal;Fortzug;Neue Bundesländer (ohne Sachsen);Deutsche;männlich;427
2021;3. Quartal;Fortzug;Neue Bundesländer (ohne Sachsen);Deutsche;weiblich;428
2021;3. Quartal;Fortzug;Neue Bundesländer (ohne Sachsen);Ausländer;männlich;84
2021;3. Quartal;Fortzug;Neue Bundesländer (ohne Sachsen);Ausländer;weiblich;66
2021;3. Quartal;Fortzug;Sachsen (ohne Umland Dresden);Deutsche;männlich;534
2021;3. Quartal;Fortzug;Sachsen (ohne Umland Dresden);Deutsche;weiblich;539
2021;3. Quartal;Fortzug;Sachsen (ohne Umland Dresden);Ausländer;männlich;355
2021;3. Quartal;Fortzug;Sachsen (ohne Umland Dresden);Ausländer;weiblich;177
2021;3. Quartal;Fortzug;Umland Dresden;Deutsche;männlich;873
2021;3. Quartal;Fortzug;Umland Dresden;Deutsche;weiblich;942
2021;3. Quartal;Fortzug;Umland Dresden;Ausländer;männlich;80
2021;3. Quartal;Fortzug;Umland Dresden;Ausländer;weiblich;69
2021;3. Quartal;Umzug;Innerhalb Dresdens;Deutsche;männlich;3890
2021;3. Quartal;Umzug;Innerhalb Dresdens;Deutsche;weiblich;4030
2021;3. Quartal;Umzug;Innerhalb Dresdens;Ausländer;männlich;1487
2021;3. Quartal;Umzug;Innerhalb Dresdens;Ausländer;weiblich;901
2021;4. Quartal;Zuzug;unbekannt;Deutsche;männlich;79
2021;4. Quartal;Zuzug;unbekannt;Deutsche;weiblich;85
2021;4. Quartal;Zuzug;unbekannt;Ausländer;männlich;5
2021;4. Quartal;Zuzug;unbekannt;Ausländer;weiblich;2
2021;4. Quartal;Zuzug;Ausland;Deutsche;männlich;65
2021;4. Quartal;Zuzug;Ausland;Deutsche;weiblich;34
2021;4. Quartal;Zuzug;Ausland;Ausländer;männlich;1913
2021;4. Quartal;Zuzug;Ausland;Ausländer;weiblich;1159
2021;4. Quartal;Zuzug;Alte Bundesländer (mit Berlin);Deutsche;männlich;575
2021;4. Quartal;Zuzug;Alte Bundesländer (mit Berlin);Deutsche;weiblich;587
2021;4. Quartal;Zuzug;Alte Bundesländer (mit Berlin);Ausländer;männlich;239
2021;4. Quartal;Zuzug;Alte Bundesländer (mit Berlin);Ausländer;weiblich;177
2021;4. Quartal;Zuzug;Neue Bundesländer (ohne Sachsen);Deutsche;männlich;528
2021;4. Quartal;Zuzug;Neue Bundesländer (ohne Sachsen);Deutsche;weiblich;607
2021;4. Quartal;Zuzug;Neue Bundesländer (ohne Sachsen);Ausländer;männlich;123
2021;4. Quartal;Zuzug;Neue Bundesländer (ohne Sachsen);Ausländer;weiblich;81
2021;4. Quartal;Zuzug;Sachsen (ohne Umland Dresden);Deutsche;männlich;615
2021;4. Quartal;Zuzug;Sachsen (ohne Umland Dresden);Deutsche;weiblich;569
2021;4. Quartal;Zuzug;Sachsen (ohne Umland Dresden);Ausländer;männlich;251
2021;4. Quartal;Zuzug;Sachsen (ohne Umland Dresden);Ausländer;weiblich;110
2021;4. Quartal;Zuzug;Umland Dresden;Deutsche;männlich;522
2021;4. Quartal;Zuzug;Umland Dresden;Deutsche;weiblich;562
2021;4. Quartal;Zuzug;Umland Dresden;Ausländer;männlich;98
2021;4. Quartal;Zuzug;Umland Dresden;Ausländer;weiblich;72
2021;4. Quartal;Fortzug;unbekannt;Deutsche;männlich;325
2021;4. Quartal;Fortzug;unbekannt;Deutsche;weiblich;216
2021;4. Quartal;Fortzug;unbekannt;Ausländer;männlich;400
2021;4. Quartal;Fortzug;unbekannt;Ausländer;weiblich;81
2021;4. Quartal;Fortzug;Ausland;Deutsche;männlich;99
2021;4. Quartal;Fortzug;Ausland;Deutsche;weiblich;84
2021;4. Quartal;Fortzug;Ausland;Ausländer;männlich;337
2021;4. Quartal;Fortzug;Ausland;Ausländer;weiblich;233
2021;4. Quartal;Fortzug;Alte Bundesländer (mit Berlin);Deutsche;männlich;471
2021;4. Quartal;Fortzug;Alte Bundesländer (mit Berlin);Deutsche;weiblich;501
2021;4. Quartal;Fortzug;Alte Bundesländer (mit Berlin);Ausländer;männlich;315
2021;4. Quartal;Fortzug;Alte Bundesländer (mit Berlin);Ausländer;weiblich;213
2021;4. Quartal;Fortzug;Neue Bundesländer (ohne Sachsen);Deutsche;männlich;406
2021;4. Quartal;Fortzug;Neue Bundesländer (ohne Sachsen);Deutsche;weiblich;436
2021;4. Quartal;Fortzug;Neue Bundesländer (ohne Sachsen);Ausländer;männlich;94
2021;4. Quartal;Fortzug;Neue Bundesländer (ohne Sachsen);Ausländer;weiblich;56
2021;4. Quartal;Fortzug;Sachsen (ohne Umland Dresden);Deutsche;männlich;448
2021;4. Quartal;Fortzug;Sachsen (ohne Umland Dresden);Deutsche;weiblich;401
2021;4. Quartal;Fortzug;Sachsen (ohne Umland Dresden);Ausländer;männlich;398
2021;4. Quartal;Fortzug;Sachsen (ohne Umland Dresden);Ausländer;weiblich;126
2021;4. Quartal;Fortzug;Umland Dresden;Deutsche;männlich;818
2021;4. Quartal;Fortzug;Umland Dresden;Deutsche;weiblich;790
2021;4. Quartal;Fortzug;Umland Dresden;Ausländer;männlich;142
2021;4. Quartal;Fortzug;Umland Dresden;Ausländer;weiblich;121
2021;4. Quartal;Umzug;Innerhalb Dresdens;Deutsche;männlich;3664
2021;4. Quartal;Umzug;Innerhalb Dresdens;Deutsche;weiblich;3656
2021;4. Quartal;Umzug;Innerhalb Dresdens;Ausländer;männlich;1749
2021;4. Quartal;Umzug;Innerhalb Dresdens;Ausländer;weiblich;971
2022;1. Quartal;Zuzug;unbekannt;Deutsche;männlich;99
2022;1. Quartal;Zuzug;unbekannt;Deutsche;weiblich;57
2022;1. Quartal;Zuzug;unbekannt;Ausländer;männlich;10
2022;1. Quartal;Zuzug;unbekannt;Ausländer;weiblich;3
2022;1. Quartal;Zuzug;Ausland;Deutsche;männlich;54
2022;1. Quartal;Zuzug;Ausland;Deutsche;weiblich;52
2022;1. Quartal;Zuzug;Ausland;Ausländer;männlich;2069
2022;1. Quartal;Zuzug;Ausland;Ausländer;weiblich;2509
2022;1. Quartal;Zuzug;Alte Bundesländer (mit Berlin);Deutsche;männlich;374
2022;1. Quartal;Zuzug;Alte Bundesländer (mit Berlin);Deutsche;weiblich;366
2022;1. Quartal;Zuzug;Alte Bundesländer (mit Berlin);Ausländer;männlich;192
2022;1. Quartal;Zuzug;Alte Bundesländer (mit Berlin);Ausländer;weiblich;121
2022;1. Quartal;Zuzug;Neue Bundesländer (ohne Sachsen);Deutsche;männlich;320
2022;1. Quartal;Zuzug;Neue Bundesländer (ohne Sachsen);Deutsche;weiblich;307
2022;1. Quartal;Zuzug;Neue Bundesländer (ohne Sachsen);Ausländer;männlich;73
2022;1. Quartal;Zuzug;Neue Bundesländer (ohne Sachsen);Ausländer;weiblich;62
2022;1. Quartal;Zuzug;Sachsen (ohne Umland Dresden);Deutsche;männlich;383
2022;1. Quartal;Zuzug;Sachsen (ohne Umland Dresden);Deutsche;weiblich;321
2022;1. Quartal;Zuzug;Sachsen (ohne Umland Dresden);Ausländer;männlich;241
2022;1. Quartal;Zuzug;Sachsen (ohne Umland Dresden);Ausländer;weiblich;102
2022;1. Quartal;Zuzug;Umland Dresden;Deutsche;männlich;473
2022;1. Quartal;Zuzug;Umland Dresden;Deutsche;weiblich;492
2022;1. Quartal;Zuzug;Umland Dresden;Ausländer;männlich;100
2022;1. Quartal;Zuzug;Umland Dresden;Ausländer;weiblich;54
2022;1. Quartal;Fortzug;unbekannt;Deutsche;männlich;250
2022;1. Quartal;Fortzug;unbekannt;Deutsche;weiblich;108
2022;1. Quartal;Fortzug;unbekannt;Ausländer;männlich;562
2022;1. Quartal;Fortzug;unbekannt;Ausländer;weiblich;193
2022;1. Quartal;Fortzug;Ausland;Deutsche;männlich;111
2022;1. Quartal;Fortzug;Ausland;Deutsche;weiblich;92
2022;1. Quartal;Fortzug;Ausland;Ausländer;männlich;411
2022;1. Quartal;Fortzug;Ausland;Ausländer;weiblich;269
2022;1. Quartal;Fortzug;Alte Bundesländer (mit Berlin);Deutsche;männlich;333
2022;1. Quartal;Fortzug;Alte Bundesländer (mit Berlin);Deutsche;weiblich;327
2022;1. Quartal;Fortzug;Alte Bundesländer (mit Berlin);Ausländer;männlich;283
2022;1. Quartal;Fortzug;Alte Bundesländer (mit Berlin);Ausländer;weiblich;174
2022;1. Quartal;Fortzug;Neue Bundesländer (ohne Sachsen);Deutsche;männlich;301
2022;1. Quartal;Fortzug;Neue Bundesländer (ohne Sachsen);Deutsche;weiblich;315
2022;1. Quartal;Fortzug;Neue Bundesländer (ohne Sachsen);Ausländer;männlich;97
2022;1. Quartal;Fortzug;Neue Bundesländer (ohne Sachsen);Ausländer;weiblich;65
2022;1. Quartal;Fortzug;Sachsen (ohne Umland Dresden);Deutsche;männlich;334
2022;1. Quartal;Fortzug;Sachsen (ohne Umland Dresden);Deutsche;weiblich;300
2022;1. Quartal;Fortzug;Sachsen (ohne Umland Dresden);Ausländer;männlich;444
2022;1. Quartal;Fortzug;Sachsen (ohne Umland Dresden);Ausländer;weiblich;129
2022;1. Quartal;Fortzug;Umland Dresden;Deutsche;männlich;759
2022;1. Quartal;Fortzug;Umland Dresden;Deutsche;weiblich;668
2022;1. Quartal;Fortzug;Umland Dresden;Ausländer;männlich;93
2022;1. Quartal;Fortzug;Umland Dresden;Ausländer;weiblich;80
2022;1. Quartal;Umzug;Innerhalb Dresdens;Deutsche;männlich;3378
2022;1. Quartal;Umzug;Innerhalb Dresdens;Deutsche;weiblich;3453
2022;1. Quartal;Umzug;Innerhalb Dresdens;Ausländer;männlich;1792
2022;1. Quartal;Umzug;Innerhalb Dresdens;Ausländer;weiblich;1025
2022;2. Quartal;Zuzug;unbekannt;Deutsche;männlich;63
2022;2. Quartal;Zuzug;unbekannt;Deutsche;weiblich;54
2022;2. Quartal;Zuzug;unbekannt;Ausländer;männlich;8
2022;2. Quartal;Zuzug;unbekannt;Ausländer;weiblich;3
2022;2. Quartal;Zuzug;Ausland;Deutsche;männlich;69
2022;2. Quartal;Zuzug;Ausland;Deutsche;weiblich;51
2022;2. Quartal;Zuzug;Ausland;Ausländer;männlich;3063
2022;2. Quartal;Zuzug;Ausland;Ausländer;weiblich;3731
2022;2. Quartal;Zuzug;Alte Bundesländer (mit Berlin);Deutsche;männlich;349
2022;2. Quartal;Zuzug;Alte Bundesländer (mit Berlin);Deutsche;weiblich;311
2022;2. Quartal;Zuzug;Alte Bundesländer (mit Berlin);Ausländer;männlich;207
2022;2. Quartal;Zuzug;Alte Bundesländer (mit Berlin);Ausländer;weiblich;136
2022;2. Quartal;Zuzug;Neue Bundesländer (ohne Sachsen);Deutsche;männlich;252
2022;2. Quartal;Zuzug;Neue Bundesländer (ohne Sachsen);Deutsche;weiblich;246
2022;2. Quartal;Zuzug;Neue Bundesländer (ohne Sachsen);Ausländer;männlich;98
2022;2. Quartal;Zuzug;Neue Bundesländer (ohne Sachsen);Ausländer;weiblich;78
2022;2. Quartal;Zuzug;Sachsen (ohne Umland Dresden);Deutsche;männlich;299
2022;2. Quartal;Zuzug;Sachsen (ohne Umland Dresden);Deutsche;weiblich;273
2022;2. Quartal;Zuzug;Sachsen (ohne Umland Dresden);Ausländer;männlich;289
2022;2. Quartal;Zuzug;Sachsen (ohne Umland Dresden);Ausländer;weiblich;137
2022;2. Quartal;Zuzug;Umland Dresden;Deutsche;männlich;437
2022;2. Quartal;Zuzug;Umland Dresden;Deutsche;weiblich;381
2022;2. Quartal;Zuzug;Umland Dresden;Ausländer;männlich;99
2022;2. Quartal;Zuzug;Umland Dresden;Ausländer;weiblich;81
2022;2. Quartal;Fortzug;unbekannt;Deutsche;männlich;123
2022;2. Quartal;Fortzug;unbekannt;Deutsche;weiblich;66
2022;2. Quartal;Fortzug;unbekannt;Ausländer;männlich;316
2022;2. Quartal;Fortzug;unbekannt;Ausländer;weiblich;82
2022;2. Quartal;Fortzug;Ausland;Deutsche;männlich;87
2022;2. Quartal;Fortzug;Ausland;Deutsche;weiblich;57
2022;2. Quartal;Fortzug;Ausland;Ausländer;männlich;369
2022;2. Quartal;Fortzug;Ausland;Ausländer;weiblich;326
2022;2. Quartal;Fortzug;Alte Bundesländer (mit Berlin);Deutsche;männlich;319
2022;2. Quartal;Fortzug;Alte Bundesländer (mit Berlin);Deutsche;weiblich;300
2022;2. Quartal;Fortzug;Alte Bundesländer (mit Berlin);Ausländer;männlich;315
2022;2. Quartal;Fortzug;Alte Bundesländer (mit Berlin);Ausländer;weiblich;227
2022;2. Quartal;Fortzug;Neue Bundesländer (ohne Sachsen);Deutsche;männlich;300
2022;2. Quartal;Fortzug;Neue Bundesländer (ohne Sachsen);Deutsche;weiblich;264
2022;2. Quartal;Fortzug;Neue Bundesländer (ohne Sachsen);Ausländer;männlich;166
2022;2. Quartal;Fortzug;Neue Bundesländer (ohne Sachsen);Ausländer;weiblich;102
2022;2. Quartal;Fortzug;Sachsen (ohne Umland Dresden);Deutsche;männlich;371
2022;2. Quartal;Fortzug;Sachsen (ohne Umland Dresden);Deutsche;weiblich;327
2022;2. Quartal;Fortzug;Sachsen (ohne Umland Dresden);Ausländer;männlich;402
2022;2. Quartal;Fortzug;Sachsen (ohne Umland Dresden);Ausländer;weiblich;301
2022;2. Quartal;Fortzug;Umland Dresden;Deutsche;männlich;769
2022;2. Quartal;Fortzug;Umland Dresden;Deutsche;weiblich;816
2022;2. Quartal;Fortzug;Umland Dresden;Ausländer;männlich;191
2022;2. Quartal;Fortzug;Umland Dresden;Ausländer;weiblich;184
2022;2. Quartal;Umzug;Innerhalb Dresdens;Deutsche;männlich;3208
2022;2. Quartal;Umzug;Innerhalb Dresdens;Deutsche;weiblich;3251
2022;2. Quartal;Umzug;Innerhalb Dresdens;Ausländer;männlich;1622
2022;2. Quartal;Umzug;Innerhalb Dresdens;Ausländer;weiblich;1729
2022;3. Quartal;Zuzug;unbekannt;Deutsche;männlich;52
2022;3. Quartal;Zuzug;unbekannt;Deutsche;weiblich;20
2022;3. Quartal;Zuzug;unbekannt;Ausländer;männlich;3
2022;3. Quartal;Zuzug;unbekannt;Ausländer;weiblich;1
2022;3. Quartal;Zuzug;Ausland;Deutsche;männlich;71
2022;3. Quartal;Zuzug;Ausland;Deutsche;weiblich;79
2022;3. Quartal;Zuzug;Ausland;Ausländer;männlich;2703
2022;3. Quartal;Zuzug;Ausland;Ausländer;weiblich;2300
2022;3. Quartal;Zuzug;Alte Bundesländer (mit Berlin);Deutsche;männlich;510
2022;3. Quartal;Zuzug;Alte Bundesländer (mit Berlin);Deutsche;weiblich;448
2022;3. Quartal;Zuzug;Alte Bundesländer (mit Berlin);Ausländer;männlich;206
2022;3. Quartal;Zuzug;Alte Bundesländer (mit Berlin);Ausländer;weiblich;156
2022;3. Quartal;Zuzug;Neue Bundesländer (ohne Sachsen);Deutsche;männlich;351
2022;3. Quartal;Zuzug;Neue Bundesländer (ohne Sachsen);Deutsche;weiblich;360
2022;3. Quartal;Zuzug;Neue Bundesländer (ohne Sachsen);Ausländer;männlich;83
2022;3. Quartal;Zuzug;Neue Bundesländer (ohne Sachsen);Ausländer;weiblich;93
2022;3. Quartal;Zuzug;Sachsen (ohne Umland Dresden);Deutsche;männlich;425
2022;3. Quartal;Zuzug;Sachsen (ohne Umland Dresden);Deutsche;weiblich;438
2022;3. Quartal;Zuzug;Sachsen (ohne Umland Dresden);Ausländer;männlich;275
2022;3. Quartal;Zuzug;Sachsen (ohne Umland Dresden);Ausländer;weiblich;97
2022;3. Quartal;Zuzug;Umland Dresden;Deutsche;männlich;582
2022;3. Quartal;Zuzug;Umland Dresden;Deutsche;weiblich;576
2022;3. Quartal;Zuzug;Umland Dresden;Ausländer;männlich;128
2022;3. Quartal;Zuzug;Umland Dresden;Ausländer;weiblich;121
2022;3. Quartal;Fortzug;unbekannt;Deutsche;männlich;410
2022;3. Quartal;Fortzug;unbekannt;Deutsche;weiblich;164
2022;3. Quartal;Fortzug;unbekannt;Ausländer;männlich;749
2022;3. Quartal;Fortzug;unbekannt;Ausländer;weiblich;247
2022;3. Quartal;Fortzug;Ausland;Deutsche;männlich;152
2022;3. Quartal;Fortzug;Ausland;Deutsche;weiblich;143
2022;3. Quartal;Fortzug;Ausland;Ausländer;männlich;483
2022;3. Quartal;Fortzug;Ausland;Ausländer;weiblich;526
2022;3. Quartal;Fortzug;Alte Bundesländer (mit Berlin);Deutsche;männlich;513
2022;3. Quartal;Fortzug;Alte Bundesländer (mit Berlin);Deutsche;weiblich;494
2022;3. Quartal;Fortzug;Alte Bundesländer (mit Berlin);Ausländer;männlich;456
2022;3. Quartal;Fortzug;Alte Bundesländer (mit Berlin);Ausländer;weiblich;251
2022;3. Quartal;Fortzug;Neue Bundesländer (ohne Sachsen);Deutsche;männlich;396
2022;3. Quartal;Fortzug;Neue Bundesländer (ohne Sachsen);Deutsche;weiblich;472
2022;3. Quartal;Fortzug;Neue Bundesländer (ohne Sachsen);Ausländer;männlich;155
2022;3. Quartal;Fortzug;Neue Bundesländer (ohne Sachsen);Ausländer;weiblich;110
2022;3. Quartal;Fortzug;Sachsen (ohne Umland Dresden);Deutsche;männlich;505
2022;3. Quartal;Fortzug;Sachsen (ohne Umland Dresden);Deutsche;weiblich;535
2022;3. Quartal;Fortzug;Sachsen (ohne Umland Dresden);Ausländer;männlich;734
2022;3. Quartal;Fortzug;Sachsen (ohne Umland Dresden);Ausländer;weiblich;315
2022;3. Quartal;Fortzug;Umland Dresden;Deutsche;männlich;961
2022;3. Quartal;Fortzug;Umland Dresden;Deutsche;weiblich;995
2022;3. Quartal;Fortzug;Umland Dresden;Ausländer;männlich;224
2022;3. Quartal;Fortzug;Umland Dresden;Ausländer;weiblich;229
2022;3. Quartal;Umzug;Innerhalb Dresdens;Deutsche;männlich;3838
2022;3. Quartal;Umzug;Innerhalb Dresdens;Deutsche;weiblich;3618
2022;3. Quartal;Umzug;Innerhalb Dresdens;Ausländer;männlich;2137
2022;3. Quartal;Umzug;Innerhalb Dresdens;Ausländer;weiblich;1933
2022;4. Quartal;Zuzug;unbekannt;Deutsche;männlich;59
2022;4. Quartal;Zuzug;unbekannt;Deutsche;weiblich;23
2022;4. Quartal;Zuzug;unbekannt;Ausländer;männlich;8
2022;4. Quartal;Zuzug;unbekannt;Ausländer;weiblich;5
2022;4. Quartal;Zuzug;Ausland;Deutsche;männlich;77
2022;4. Quartal;Zuzug;Ausland;Deutsche;weiblich;62
2022;4. Quartal;Zuzug;Ausland;Ausländer;männlich;2459
2022;4. Quartal;Zuzug;Ausland;Ausländer;weiblich;1742
2022;4. Quartal;Zuzug;Alte Bundesländer (mit Berlin);Deutsche;männlich;628
2022;4. Quartal;Zuzug;Alte Bundesländer (mit Berlin);Deutsche;weiblich;597
2022;4. Quartal;Zuzug;Alte Bundesländer (mit Berlin);Ausländer;männlich;255
2022;4. Quartal;Zuzug;Alte Bundesländer (mit Berlin);Ausländer;weiblich;185
2022;4. Quartal;Zuzug;Neue Bundesländer (ohne Sachsen);Deutsche;männlich;572
2022;4. Quartal;Zuzug;Neue Bundesländer (ohne Sachsen);Deutsche;weiblich;611
2022;4. Quartal;Zuzug;Neue Bundesländer (ohne Sachsen);Ausländer;männlich;119
2022;4. Quartal;Zuzug;Neue Bundesländer (ohne Sachsen);Ausländer;weiblich;72
2022;4. Quartal;Zuzug;Sachsen (ohne Umland Dresden);Deutsche;männlich;696
2022;4. Quartal;Zuzug;Sachsen (ohne Umland Dresden);Deutsche;weiblich;650
2022;4. Quartal;Zuzug;Sachsen (ohne Umland Dresden);Ausländer;männlich;1036
2022;4. Quartal;Zuzug;Sachsen (ohne Umland Dresden);Ausländer;weiblich;210
2022;4. Quartal;Zuzug;Umland Dresden;Deutsche;männlich;622
2022;4. Quartal;Zuzug;Umland Dresden;Deutsche;weiblich;609
2022;4. Quartal;Zuzug;Umland Dresden;Ausländer;männlich;135
2022;4. Quartal;Zuzug;Umland Dresden;Ausländer;weiblich;146
2022;4. Quartal;Fortzug;unbekannt;Deutsche;männlich;303
2022;4. Quartal;Fortzug;unbekannt;Deutsche;weiblich;174
2022;4. Quartal;Fortzug;unbekannt;Ausländer;männlich;354
2022;4. Quartal;Fortzug;unbekannt;Ausländer;weiblich;117
2022;4. Quartal;Fortzug;Ausland;Deutsche;männlich;121
2022;4. Quartal;Fortzug;Ausland;Deutsche;weiblich;87
2022;4. Quartal;Fortzug;Ausland;Ausländer;männlich;404
2022;4. Quartal;Fortzug;Ausland;Ausländer;weiblich;363
2022;4. Quartal;Fortzug;Alte Bundesländer (mit Berlin);Deutsche;männlich;486
2022;4. Quartal;Fortzug;Alte Bundesländer (mit Berlin);Deutsche;weiblich;459
2022;4. Quartal;Fortzug;Alte Bundesländer (mit Berlin);Ausländer;männlich;310
2022;4. Quartal;Fortzug;Alte Bundesländer (mit Berlin);Ausländer;weiblich;212
2022;4. Quartal;Fortzug;Neue Bundesländer (ohne Sachsen);Deutsche;männlich;353
2022;4. Quartal;Fortzug;Neue Bundesländer (ohne Sachsen);Deutsche;weiblich;379
2022;4. Quartal;Fortzug;Neue Bundesländer (ohne Sachsen);Ausländer;männlich;141
2022;4. Quartal;Fortzug;Neue Bundesländer (ohne Sachsen);Ausländer;weiblich;84
2022;4. Quartal;Fortzug;Sachsen (ohne Umland Dresden);Deutsche;männlich;433
2022;4. Quartal;Fortzug;Sachsen (ohne Umland Dresden);Deutsche;weiblich;419
2022;4. Quartal;Fortzug;Sachsen (ohne Umland Dresden);Ausländer;männlich;781
2022;4. Quartal;Fortzug;Sachsen (ohne Umland Dresden);Ausländer;weiblich;225
2022;4. Quartal;Fortzug;Umland Dresden;Deutsche;männlich;806
2022;4. Quartal;Fortzug;Umland Dresden;Deutsche;weiblich;839
2022;4. Quartal;Fortzug;Umland Dresden;Ausländer;männlich;136
2022;4. Quartal;Fortzug;Umland Dresden;Ausländer;weiblich;128
2022;4. Quartal;Umzug;Innerhalb Dresdens;Deutsche;männlich;3827
2022;4. Quartal;Umzug;Innerhalb Dresdens;Deutsche;weiblich;3787
2022;4. Quartal;Umzug;Innerhalb Dresdens;Ausländer;männlich;2181
2022;4. Quartal;Umzug;Innerhalb Dresdens;Ausländer;weiblich;1642
2023;1. Quartal;Zuzug;unbekannt;Deutsche;männlich;59
2023;1. Quartal;Zuzug;unbekannt;Deutsche;weiblich;29
2023;1. Quartal;Zuzug;unbekannt;Ausländer;männlich;30
2023;1. Quartal;Zuzug;unbekannt;Ausländer;weiblich;2
2023;1. Quartal;Zuzug;Ausland;Deutsche;männlich;95
2023;1. Quartal;Zuzug;Ausland;Deutsche;weiblich;55
2023;1. Quartal;Zuzug;Ausland;Ausländer;männlich;1933
2023;1. Quartal;Zuzug;Ausland;Ausländer;weiblich;1393
2023;1. Quartal;Zuzug;Alte Bundesländer (mit Berlin);Deutsche;männlich;503
2023;1. Quartal;Zuzug;Alte Bundesländer (mit Berlin);Deutsche;weiblich;395
2023;1. Quartal;Zuzug;Alte Bundesländer (mit Berlin);Ausländer;männlich;252
2023;1. Quartal;Zuzug;Alte Bundesländer (mit Berlin);Ausländer;weiblich;166
2023;1. Quartal;Zuzug;Neue Bundesländer (ohne Sachsen);Deutsche;männlich;437
2023;1. Quartal;Zuzug;Neue Bundesländer (ohne Sachsen);Deutsche;weiblich;392
2023;1. Quartal;Zuzug;Neue Bundesländer (ohne Sachsen);Ausländer;männlich;102
2023;1. Quartal;Zuzug;Neue Bundesländer (ohne Sachsen);Ausländer;weiblich;83
2023;1. Quartal;Zuzug;Sachsen (ohne Umland Dresden);Deutsche;männlich;475
2023;1. Quartal;Zuzug;Sachsen (ohne Umland Dresden);Deutsche;weiblich;395
2023;1. Quartal;Zuzug;Sachsen (ohne Umland Dresden);Ausländer;männlich;403
2023;1. Quartal;Zuzug;Sachsen (ohne Umland Dresden);Ausländer;weiblich;166
2023;1. Quartal;Zuzug;Umland Dresden;Deutsche;männlich;686
2023;1. Quartal;Zuzug;Umland Dresden;Deutsche;weiblich;647
2023;1. Quartal;Zuzug;Umland Dresden;Ausländer;männlich;190
2023;1. Quartal;Zuzug;Umland Dresden;Ausländer;weiblich;150
2023;1. Quartal;Fortzug;unbekannt;Deutsche;männlich;327
2023;1. Quartal;Fortzug;unbekannt;Deutsche;weiblich;152
2023;1. Quartal;Fortzug;unbekannt;Ausländer;männlich;623
2023;1. Quartal;Fortzug;unbekannt;Ausländer;weiblich;219
2023;1. Quartal;Fortzug;Ausland;Deutsche;männlich;108
2023;1. Quartal;Fortzug;Ausland;Deutsche;weiblich;89
2023;1. Quartal;Fortzug;Ausland;Ausländer;männlich;493
2023;1. Quartal;Fortzug;Ausland;Ausländer;weiblich;447
2023;1. Quartal;Fortzug;Alte Bundesländer (mit Berlin);Deutsche;männlich;352
2023;1. Quartal;Fortzug;Alte Bundesländer (mit Berlin);Deutsche;weiblich;303
2023;1. Quartal;Fortzug;Alte Bundesländer (mit Berlin);Ausländer;männlich;238
2023;1. Quartal;Fortzug;Alte Bundesländer (mit Berlin);Ausländer;weiblich;162
2023;1. Quartal;Fortzug;Neue Bundesländer (ohne Sachsen);Deutsche;männlich;307
2023;1. Quartal;Fortzug;Neue Bundesländer (ohne Sachsen);Deutsche;weiblich;320
2023;1. Quartal;Fortzug;Neue Bundesländer (ohne Sachsen);Ausländer;männlich;91
2023;1. Quartal;Fortzug;Neue Bundesländer (ohne Sachsen);Ausländer;weiblich;59
2023;1. Quartal;Fortzug;Sachsen (ohne Umland Dresden);Deutsche;männlich;337
2023;1. Quartal;Fortzug;Sachsen (ohne Umland Dresden);Deutsche;weiblich;309
2023;1. Quartal;Fortzug;Sachsen (ohne Umland Dresden);Ausländer;männlich;883
2023;1. Quartal;Fortzug;Sachsen (ohne Umland Dresden);Ausländer;weiblich;402
2023;1. Quartal;Fortzug;Umland Dresden;Deutsche;männlich;801
2023;1. Quartal;Fortzug;Umland Dresden;Deutsche;weiblich;745
2023;1. Quartal;Fortzug;Umland Dresden;Ausländer;männlich;147
2023;1. Quartal;Fortzug;Umland Dresden;Ausländer;weiblich;129
2023;1. Quartal;Umzug;Innerhalb Dresdens;Deutsche;männlich;4285
2023;1. Quartal;Umzug;Innerhalb Dresdens;Deutsche;weiblich;4339
2023;1. Quartal;Umzug;Innerhalb Dresdens;Ausländer;männlich;2847
2023;1. Quartal;Umzug;Innerhalb Dresdens;Ausländer;weiblich;1767
2023;2. Quartal;Zuzug;unbekannt;Deutsche;männlich;50
2023;2. Quartal;Zuzug;unbekannt;Deutsche;weiblich;32
2023;2. Quartal;Zuzug;unbekannt;Ausländer;männlich;4
2023;2. Quartal;Zuzug;unbekannt;Ausländer;weiblich;2
2023;2. Quartal;Zuzug;Ausland;Deutsche;männlich;78
2023;2. Quartal;Zuzug;Ausland;Deutsche;weiblich;40
2023;2. Quartal;Zuzug;Ausland;Ausländer;männlich;1779
2023;2. Quartal;Zuzug;Ausland;Ausländer;weiblich;1086
2023;2. Quartal;Zuzug;Alte Bundesländer (mit Berlin);Deutsche;männlich;368
2023;2. Quartal;Zuzug;Alte Bundesländer (mit Berlin);Deutsche;weiblich;325
2023;2. Quartal;Zuzug;Alte Bundesländer (mit Berlin);Ausländer;männlich;196
2023;2. Quartal;Zuzug;Alte Bundesländer (mit Berlin);Ausländer;weiblich;126
2023;2. Quartal;Zuzug;Neue Bundesländer (ohne Sachsen);Deutsche;männlich;301
2023;2. Quartal;Zuzug;Neue Bundesländer (ohne Sachsen);Deutsche;weiblich;288
2023;2. Quartal;Zuzug;Neue Bundesländer (ohne Sachsen);Ausländer;männlich;84
2023;2. Quartal;Zuzug;Neue Bundesländer (ohne Sachsen);Ausländer;weiblich;63
2023;2. Quartal;Zuzug;Sachsen (ohne Umland Dresden);Deutsche;männlich;372
2023;2. Quartal;Zuzug;Sachsen (ohne Umland Dresden);Deutsche;weiblich;291
2023;2. Quartal;Zuzug;Sachsen (ohne Umland Dresden);Ausländer;männlich;526
2023;2. Quartal;Zuzug;Sachsen (ohne Umland Dresden);Ausländer;weiblich;186
2023;2. Quartal;Zuzug;Umland Dresden;Deutsche;männlich;562
2023;2. Quartal;Zuzug;Umland Dresden;Deutsche;weiblich;549
2023;2. Quartal;Zuzug;Umland Dresden;Ausländer;männlich;130
2023;2. Quartal;Zuzug;Umland Dresden;Ausländer;weiblich;121
2023;2. Quartal;Fortzug;unbekannt;Deutsche;männlich;231
2023;2. Quartal;Fortzug;unbekannt;Deutsche;weiblich;122
2023;2. Quartal;Fortzug;unbekannt;Ausländer;männlich;448
2023;2. Quartal;Fortzug;unbekannt;Ausländer;weiblich;140
2023;2. Quartal;Fortzug;Ausland;Deutsche;männlich;85
2023;2. Quartal;Fortzug;Ausland;Deutsche;weiblich;61
2023;2. Quartal;Fortzug;Ausland;Ausländer;männlich;423
2023;2. Quartal;Fortzug;Ausland;Ausländer;weiblich;371
2023;2. Quartal;Fortzug;Alte Bundesländer (mit Berlin);Deutsche;männlich;316
2023;2. Quartal;Fortzug;Alte Bundesländer (mit Berlin);Deutsche;weiblich;298
2023;2. Quartal;Fortzug;Alte Bundesländer (mit Berlin);Ausländer;männlich;260
2023;2. Quartal;Fortzug;Alte Bundesländer (mit Berlin);Ausländer;weiblich;136
2023;2. Quartal;Fortzug;Neue Bundesländer (ohne Sachsen);Deutsche;männlich;260
2023;2. Quartal;Fortzug;Neue Bundesländer (ohne Sachsen);Deutsche;weiblich;274
2023;2. Quartal;Fortzug;Neue Bundesländer (ohne Sachsen);Ausländer;männlich;92
2023;2. Quartal;Fortzug;Neue Bundesländer (ohne Sachsen);Ausländer;weiblich;68
2023;2. Quartal;Fortzug;Sachsen (ohne Umland Dresden);Deutsche;männlich;280
2023;2. Quartal;Fortzug;Sachsen (ohne Umland Dresden);Deutsche;weiblich;232
2023;2. Quartal;Fortzug;Sachsen (ohne Umland Dresden);Ausländer;männlich;681
2023;2. Quartal;Fortzug;Sachsen (ohne Umland Dresden);Ausländer;weiblich;295
2023;2. Quartal;Fortzug;Umland Dresden;Deutsche;männlich;708
2023;2. Quartal;Fortzug;Umland Dresden;Deutsche;weiblich;719
2023;2. Quartal;Fortzug;Umland Dresden;Ausländer;männlich;158
2023;2. Quartal;Fortzug;Umland Dresden;Ausländer;weiblich;179
2023;2. Quartal;Umzug;Innerhalb Dresdens;Deutsche;männlich;3800
2023;2. Quartal;Umzug;Innerhalb Dresdens;Deutsche;weiblich;3967
2023;2. Quartal;Umzug;Innerhalb Dresdens;Ausländer;männlich;2218
2023;2. Quartal;Umzug;Innerhalb Dresdens;Ausländer;weiblich;1455
2023;3. Quartal;Zuzug;unbekannt;Deutsche;männlich;45
2023;3. Quartal;Zuzug;unbekannt;Deutsche;weiblich;37
2023;3. Quartal;Zuzug;unbekannt;Ausländer;männlich;0
2023;3. Quartal;Zuzug;unbekannt;Ausländer;weiblich;2
2023;3. Quartal;Zuzug;Ausland;Deutsche;männlich;90
2023;3. Quartal;Zuzug;Ausland;Deutsche;weiblich;72
2023;3. Quartal;Zuzug;Ausland;Ausländer;männlich;2046
2023;3. Quartal;Zuzug;Ausland;Ausländer;weiblich;1304
2023;3. Quartal;Zuzug;Alte Bundesländer (mit Berlin);Deutsche;männlich;517
2023;3. Quartal;Zuzug;Alte Bundesländer (mit Berlin);Deutsche;weiblich;484
2023;3. Quartal;Zuzug;Alte Bundesländer (mit Berlin);Ausländer;männlich;192
2023;3. Quartal;Zuzug;Alte Bundesländer (mit Berlin);Ausländer;weiblich;157
2023;3. Quartal;Zuzug;Neue Bundesländer (ohne Sachsen);Deutsche;männlich;488
2023;3. Quartal;Zuzug;Neue Bundesländer (ohne Sachsen);Deutsche;weiblich;533
2023;3. Quartal;Zuzug;Neue Bundesländer (ohne Sachsen);Ausländer;männlich;126
2023;3. Quartal;Zuzug;Neue Bundesländer (ohne Sachsen);Ausländer;weiblich;69
2023;3. Quartal;Zuzug;Sachsen (ohne Umland Dresden);Deutsche;männlich;573
2023;3. Quartal;Zuzug;Sachsen (ohne Umland Dresden);Deutsche;weiblich;630
2023;3. Quartal;Zuzug;Sachsen (ohne Umland Dresden);Ausländer;männlich;325
2023;3. Quartal;Zuzug;Sachsen (ohne Umland Dresden);Ausländer;weiblich;180
2023;3. Quartal;Zuzug;Umland Dresden;Deutsche;männlich;657
2023;3. Quartal;Zuzug;Umland Dresden;Deutsche;weiblich;670
2023;3. Quartal;Zuzug;Umland Dresden;Ausländer;männlich;152
2023;3. Quartal;Zuzug;Umland Dresden;Ausländer;weiblich;140
2023;3. Quartal;Fortzug;unbekannt;Deutsche;männlich;256
2023;3. Quartal;Fortzug;unbekannt;Deutsche;weiblich;142
2023;3. Quartal;Fortzug;unbekannt;Ausländer;männlich;346
2023;3. Quartal;Fortzug;unbekannt;Ausländer;weiblich;175
2023;3. Quartal;Fortzug;Ausland;Deutsche;männlich;166
2023;3. Quartal;Fortzug;Ausland;Deutsche;weiblich;136
2023;3. Quartal;Fortzug;Ausland;Ausländer;männlich;545
2023;3. Quartal;Fortzug;Ausland;Ausländer;weiblich;561
2023;3. Quartal;Fortzug;Alte Bundesländer (mit Berlin);Deutsche;männlich;482
2023;3. Quartal;Fortzug;Alte Bundesländer (mit Berlin);Deutsche;weiblich;478
2023;3. Quartal;Fortzug;Alte Bundesländer (mit Berlin);Ausländer;männlich;326
2023;3. Quartal;Fortzug;Alte Bundesländer (mit Berlin);Ausländer;weiblich;230
2023;3. Quartal;Fortzug;Neue Bundesländer (ohne Sachsen);Deutsche;männlich;403
2023;3. Quartal;Fortzug;Neue Bundesländer (ohne Sachsen);Deutsche;weiblich;425
2023;3. Quartal;Fortzug;Neue Bundesländer (ohne Sachsen);Ausländer;männlich;77
2023;3. Quartal;Fortzug;Neue Bundesländer (ohne Sachsen);Ausländer;weiblich;79
2023;3. Quartal;Fortzug;Sachsen (ohne Umland Dresden);Deutsche;männlich;460
2023;3. Quartal;Fortzug;Sachsen (ohne Umland Dresden);Deutsche;weiblich;393
2023;3. Quartal;Fortzug;Sachsen (ohne Umland Dresden);Ausländer;männlich;634
2023;3. Quartal;Fortzug;Sachsen (ohne Umland Dresden);Ausländer;weiblich;214
2023;3. Quartal;Fortzug;Umland Dresden;Deutsche;männlich;836
2023;3. Quartal;Fortzug;Umland Dresden;Deutsche;weiblich;902
2023;3. Quartal;Fortzug;Umland Dresden;Ausländer;männlich;141
2023;3. Quartal;Fortzug;Umland Dresden;Ausländer;weiblich;145
2023;3. Quartal;Umzug;Innerhalb Dresdens;Deutsche;männlich;3848
2023;3. Quartal;Umzug;Innerhalb Dresdens;Deutsche;weiblich;3768
2023;3. Quartal;Umzug;Innerhalb Dresdens;Ausländer;männlich;2271
2023;3. Quartal;Umzug;Innerhalb Dresdens;Ausländer;weiblich;1438
2023;4. Quartal;Zuzug;unbekannt;Deutsche;männlich;32
2023;4. Quartal;Zuzug;unbekannt;Deutsche;weiblich;15
2023;4. Quartal;Zuzug;unbekannt;Ausländer;männlich;2
2023;4. Quartal;Zuzug;unbekannt;Ausländer;weiblich;1
2023;4. Quartal;Zuzug;Ausland;Deutsche;männlich;66
2023;4. Quartal;Zuzug;Ausland;Deutsche;weiblich;57
2023;4. Quartal;Zuzug;Ausland;Ausländer;männlich;2238
2023;4. Quartal;Zuzug;Ausland;Ausländer;weiblich;1649
2023;4. Quartal;Zuzug;Alte Bundesländer (mit Berlin);Deutsche;männlich;498
2023;4. Quartal;Zuzug;Alte Bundesländer (mit Berlin);Deutsche;weiblich;555
2023;4. Quartal;Zuzug;Alte Bundesländer (mit Berlin);Ausländer;männlich;236
2023;4. Quartal;Zuzug;Alte Bundesländer (mit Berlin);Ausländer;weiblich;154
2023;4. Quartal;Zuzug;Neue Bundesländer (ohne Sachsen);Deutsche;männlich;510
2023;4. Quartal;Zuzug;Neue Bundesländer (ohne Sachsen);Deutsche;weiblich;532
2023;4. Quartal;Zuzug;Neue Bundesländer (ohne Sachsen);Ausländer;männlich;102
2023;4. Quartal;Zuzug;Neue Bundesländer (ohne Sachsen);Ausländer;weiblich;91
2023;4. Quartal;Zuzug;Sachsen (ohne Umland Dresden);Deutsche;männlich;550
2023;4. Quartal;Zuzug;Sachsen (ohne Umland Dresden);Deutsche;weiblich;549
2023;4. Quartal;Zuzug;Sachsen (ohne Umland Dresden);Ausländer;männlich;527
2023;4. Quartal;Zuzug;Sachsen (ohne Umland Dresden);Ausländer;weiblich;159
2023;4. Quartal;Zuzug;Umland Dresden;Deutsche;männlich;561
2023;4. Quartal;Zuzug;Umland Dresden;Deutsche;weiblich;535
2023;4. Quartal;Zuzug;Umland Dresden;Ausländer;männlich;125
2023;4. Quartal;Zuzug;Umland Dresden;Ausländer;weiblich;105
2023;4. Quartal;Fortzug;unbekannt;Deutsche;männlich;288
2023;4. Quartal;Fortzug;unbekannt;Deutsche;weiblich;142
2023;4. Quartal;Fortzug;unbekannt;Ausländer;männlich;420
2023;4. Quartal;Fortzug;unbekannt;Ausländer;weiblich;175
2023;4. Quartal;Fortzug;Ausland;Deutsche;männlich;122
2023;4. Quartal;Fortzug;Ausland;Deutsche;weiblich;101
2023;4. Quartal;Fortzug;Ausland;Ausländer;männlich;448
2023;4. Quartal;Fortzug;Ausland;Ausländer;weiblich;330
2023;4. Quartal;Fortzug;Alte Bundesländer (mit Berlin);Deutsche;männlich;442
2023;4. Quartal;Fortzug;Alte Bundesländer (mit Berlin);Deutsche;weiblich;425
2023;4. Quartal;Fortzug;Alte Bundesländer (mit Berlin);Ausländer;männlich;331
2023;4. Quartal;Fortzug;Alte Bundesländer (mit Berlin);Ausländer;weiblich;218
2023;4. Quartal;Fortzug;Neue Bundesländer (ohne Sachsen);Deutsche;männlich;321
2023;4. Quartal;Fortzug;Neue Bundesländer (ohne Sachsen);Deutsche;weiblich;348
2023;4. Quartal;Fortzug;Neue Bundesländer (ohne Sachsen);Ausländer;männlich;89
2023;4. Quartal;Fortzug;Neue Bundesländer (ohne Sachsen);Ausländer;weiblich;63
2023;4. Quartal;Fortzug;Sachsen (ohne Umland Dresden);Deutsche;männlich;351
2023;4. Quartal;Fortzug;Sachsen (ohne Umland Dresden);Deutsche;weiblich;377
2023;4. Quartal;Fortzug;Sachsen (ohne Umland Dresden);Ausländer;männlich;683
2023;4. Quartal;Fortzug;Sachsen (ohne Umland Dresden);Ausländer;weiblich;334
2023;4. Quartal;Fortzug;Umland Dresden;Deutsche;männlich;699
2023;4. Quartal;Fortzug;Umland Dresden;Deutsche;weiblich;698
2023;4. Quartal;Fortzug;Umland Dresden;Ausländer;männlich;216
2023;4. Quartal;Fortzug;Umland Dresden;Ausländer;weiblich;186
2023;4. Quartal;Umzug;Innerhalb Dresdens;Deutsche;männlich;3502
2023;4. Quartal;Umzug;Innerhalb Dresdens;Deutsche;weiblich;3469
2023;4. Quartal;Umzug;Innerhalb Dresdens;Ausländer;männlich;2258
2023;4. Quartal;Umzug;Innerhalb Dresdens;Ausländer;weiblich;1447
2024;1. Quartal;Zuzug;unbekannt;Deutsche;männlich;49
2024;1. Quartal;Zuzug;unbekannt;Deutsche;weiblich;22
2024;1. Quartal;Zuzug;unbekannt;Ausländer;männlich;7
2024;1. Quartal;Zuzug;unbekannt;Ausländer;weiblich;3
2024;1. Quartal;Zuzug;Ausland;Deutsche;männlich;77
2024;1. Quartal;Zuzug;Ausland;Deutsche;weiblich;47
2024;1. Quartal;Zuzug;Ausland;Ausländer;männlich;1492
2024;1. Quartal;Zuzug;Ausland;Ausländer;weiblich;1075
2024;1. Quartal;Zuzug;Alte Bundesländer (mit Berlin);Deutsche;männlich;362
2024;1. Quartal;Zuzug;Alte Bundesländer (mit Berlin);Deutsche;weiblich;310
2024;1. Quartal;Zuzug;Alte Bundesländer (mit Berlin);Ausländer;männlich;186
2024;1. Quartal;Zuzug;Alte Bundesländer (mit Berlin);Ausländer;weiblich;133
2024;1. Quartal;Zuzug;Neue Bundesländer (ohne Sachsen);Deutsche;männlich;310
2024;1. Quartal;Zuzug;Neue Bundesländer (ohne Sachsen);Deutsche;weiblich;312
2024;1. Quartal;Zuzug;Neue Bundesländer (ohne Sachsen);Ausländer;männlich;83
2024;1. Quartal;Zuzug;Neue Bundesländer (ohne Sachsen);Ausländer;weiblich;68
2024;1. Quartal;Zuzug;Sachsen (ohne Umland Dresden);Deutsche;männlich;395
2024;1. Quartal;Zuzug;Sachsen (ohne Umland Dresden);Deutsche;weiblich;343
2024;1. Quartal;Zuzug;Sachsen (ohne Umland Dresden);Ausländer;männlich;355
2024;1. Quartal;Zuzug;Sachsen (ohne Umland Dresden);Ausländer;weiblich;143
2024;1. Quartal;Zuzug;Umland Dresden;Deutsche;männlich;557
2024;1. Quartal;Zuzug;Umland Dresden;Deutsche;weiblich;534
2024;1. Quartal;Zuzug;Umland Dresden;Ausländer;männlich;146
2024;1. Quartal;Zuzug;Umland Dresden;Ausländer;weiblich;111
2024;1. Quartal;Fortzug;unbekannt;Deutsche;männlich;270
2024;1. Quartal;Fortzug;unbekannt;Deutsche;weiblich;115
2024;1. Quartal;Fortzug;unbekannt;Ausländer;männlich;503
2024;1. Quartal;Fortzug;unbekannt;Ausländer;weiblich;331
2024;1. Quartal;Fortzug;Ausland;Deutsche;männlich;107
2024;1. Quartal;Fortzug;Ausland;Deutsche;weiblich;81
2024;1. Quartal;Fortzug;Ausland;Ausländer;männlich;484
2024;1. Quartal;Fortzug;Ausland;Ausländer;weiblich;437
2024;1. Quartal;Fortzug;Alte Bundesländer (mit Berlin);Deutsche;männlich;306
2024;1. Quartal;Fortzug;Alte Bundesländer (mit Berlin);Deutsche;weiblich;303
2024;1. Quartal;Fortzug;Alte Bundesländer (mit Berlin);Ausländer;männlich;271
2024;1. Quartal;Fortzug;Alte Bundesländer (mit Berlin);Ausländer;weiblich;161
2024;1. Quartal;Fortzug;Neue Bundesländer (ohne Sachsen);Deutsche;männlich;258
2024;1. Quartal;Fortzug;Neue Bundesländer (ohne Sachsen);Deutsche;weiblich;277
2024;1. Quartal;Fortzug;Neue Bundesländer (ohne Sachsen);Ausländer;männlich;85
2024;1. Quartal;Fortzug;Neue Bundesländer (ohne Sachsen);Ausländer;weiblich;57
2024;1. Quartal;Fortzug;Sachsen (ohne Umland Dresden);Deutsche;männlich;320
2024;1. Quartal;Fortzug;Sachsen (ohne Umland Dresden);Deutsche;weiblich;297
2024;1. Quartal;Fortzug;Sachsen (ohne Umland Dresden);Ausländer;männlich;491
2024;1. Quartal;Fortzug;Sachsen (ohne Umland Dresden);Ausländer;weiblich;264
2024;1. Quartal;Fortzug;Umland Dresden;Deutsche;männlich;673
2024;1. Quartal;Fortzug;Umland Dresden;Deutsche;weiblich;742
2024;1. Quartal;Fortzug;Umland Dresden;Ausländer;männlich;179
2024;1. Quartal;Fortzug;Umland Dresden;Ausländer;weiblich;158
2024;1. Quartal;Umzug;Innerhalb Dresdens;Deutsche;männlich;3528
2024;1. Quartal;Umzug;Innerhalb Dresdens;Deutsche;weiblich;3640
2024;1. Quartal;Umzug;Innerhalb Dresdens;Ausländer;männlich;2397
2024;1. Quartal;Umzug;Innerhalb Dresdens;Ausländer;weiblich;1359
2024;2. Quartal;Zuzug;unbekannt;Deutsche;männlich;43
2024;2. Quartal;Zuzug;unbekannt;Deutsche;weiblich;26
2024;2. Quartal;Zuzug;unbekannt;Ausländer;männlich;3
2024;2. Quartal;Zuzug;unbekannt;Ausländer;weiblich;0
2024;2. Quartal;Zuzug;Ausland;Deutsche;männlich;74
2024;2. Quartal;Zuzug;Ausland;Deutsche;weiblich;66
2024;2. Quartal;Zuzug;Ausland;Ausländer;männlich;1301
2024;2. Quartal;Zuzug;Ausland;Ausländer;weiblich;879
2024;2. Quartal;Zuzug;Alte Bundesländer (mit Berlin);Deutsche;männlich;373
2024;2. Quartal;Zuzug;Alte Bundesländer (mit Berlin);Deutsche;weiblich;347
2024;2. Quartal;Zuzug;Alte Bundesländer (mit Berlin);Ausländer;männlich;176
2024;2. Quartal;Zuzug;Alte Bundesländer (mit Berlin);Ausländer;weiblich;122
2024;2. Quartal;Zuzug;Neue Bundesländer (ohne Sachsen);Deutsche;männlich;281
2024;2. Quartal;Zuzug;Neue Bundesländer (ohne Sachsen);Deutsche;weiblich;294
2024;2. Quartal;Zuzug;Neue Bundesländer (ohne Sachsen);Ausländer;männlich;101
2024;2. Quartal;Zuzug;Neue Bundesländer (ohne Sachsen);Ausländer;weiblich;74
2024;2. Quartal;Zuzug;Sachsen (ohne Umland Dresden);Deutsche;männlich;334
2024;2. Quartal;Zuzug;Sachsen (ohne Umland Dresden);Deutsche;weiblich;316
2024;2. Quartal;Zuzug;Sachsen (ohne Umland Dresden);Ausländer;männlich;341
2024;2. Quartal;Zuzug;Sachsen (ohne Umland Dresden);Ausländer;weiblich;119
2024;2. Quartal;Zuzug;Umland Dresden;Deutsche;männlich;509
2024;2. Quartal;Zuzug;Umland Dresden;Deutsche;weiblich;471
2024;2. Quartal;Zuzug;Umland Dresden;Ausländer;männlich;125
2024;2. Quartal;Zuzug;Umland Dresden;Ausländer;weiblich;96
2024;2. Quartal;Fortzug;unbekannt;Deutsche;männlich;246
2024;2. Quartal;Fortzug;unbekannt;Deutsche;weiblich;133
2024;2. Quartal;Fortzug;unbekannt;Ausländer;männlich;285
2024;2. Quartal;Fortzug;unbekannt;Ausländer;weiblich;128
2024;2. Quartal;Fortzug;Ausland;Deutsche;männlich;100
2024;2. Quartal;Fortzug;Ausland;Deutsche;weiblich;77
2024;2. Quartal;Fortzug;Ausland;Ausländer;männlich;384
2024;2. Quartal;Fortzug;Ausland;Ausländer;weiblich;290
2024;2. Quartal;Fortzug;Alte Bundesländer (mit Berlin);Deutsche;männlich;316
2024;2. Quartal;Fortzug;Alte Bundesländer (mit Berlin);Deutsche;weiblich;301
2024;2. Quartal;Fortzug;Alte Bundesländer (mit Berlin);Ausländer;männlich;278
2024;2. Quartal;Fortzug;Alte Bundesländer (mit Berlin);Ausländer;weiblich;177
2024;2. Quartal;Fortzug;Neue Bundesländer (ohne Sachsen);Deutsche;männlich;247
2024;2. Quartal;Fortzug;Neue Bundesländer (ohne Sachsen);Deutsche;weiblich;238
2024;2. Quartal;Fortzug;Neue Bundesländer (ohne Sachsen);Ausländer;männlich;91
2024;2. Quartal;Fortzug;Neue Bundesländer (ohne Sachsen);Ausländer;weiblich;59
2024;2. Quartal;Fortzug;Sachsen (ohne Umland Dresden);Deutsche;männlich;279
2024;2. Quartal;Fortzug;Sachsen (ohne Umland Dresden);Deutsche;weiblich;260
2024;2. Quartal;Fortzug;Sachsen (ohne Umland Dresden);Ausländer;männlich;369
2024;2. Quartal;Fortzug;Sachsen (ohne Umland Dresden);Ausländer;weiblich;119
2024;2. Quartal;Fortzug;Umland Dresden;Deutsche;männlich;613
2024;2. Quartal;Fortzug;Umland Dresden;Deutsche;weiblich;672
2024;2. Quartal;Fortzug;Umland Dresden;Ausländer;männlich;140
2024;2. Quartal;Fortzug;Umland Dresden;Ausländer;weiblich;130
2024;2. Quartal;Umzug;Innerhalb Dresdens;Deutsche;männlich;3523
2024;2. Quartal;Umzug;Innerhalb Dresdens;Deutsche;weiblich;3495
2024;2. Quartal;Umzug;Innerhalb Dresdens;Ausländer;männlich;1933
2024;2. Quartal;Umzug;Innerhalb Dresdens;Ausländer;weiblich;1330
2024;3. Quartal;Zuzug;unbekannt;Deutsche;männlich;35
2024;3. Quartal;Zuzug;unbekannt;Deutsche;weiblich;25
2024;3. Quartal;Zuzug;unbekannt;Ausländer;männlich;4
2024;3. Quartal;Zuzug;unbekannt;Ausländer;weiblich;1
2024;3. Quartal;Zuzug;Ausland;Deutsche;männlich;90
2024;3. Quartal;Zuzug;Ausland;Deutsche;weiblich;82
2024;3. Quartal;Zuzug;Ausland;Ausländer;männlich;1674
2024;3. Quartal;Zuzug;Ausland;Ausländer;weiblich;1289
2024;3. Quartal;Zuzug;Alte Bundesländer (mit Berlin);Deutsche;männlich;508
2024;3. Quartal;Zuzug;Alte Bundesländer (mit Berlin);Deutsche;weiblich;470
2024;3. Quartal;Zuzug;Alte Bundesländer (mit Berlin);Ausländer;männlich;215
2024;3. Quartal;Zuzug;Alte Bundesländer (mit Berlin);Ausländer;weiblich;153
2024;3. Quartal;Zuzug;Neue Bundesländer (ohne Sachsen);Deutsche;männlich;459
2024;3. Quartal;Zuzug;Neue Bundesländer (ohne Sachsen);Deutsche;weiblich;530
2024;3. Quartal;Zuzug;Neue Bundesländer (ohne Sachsen);Ausländer;männlich;105
2024;3. Quartal;Zuzug;Neue Bundesländer (ohne Sachsen);Ausländer;weiblich;91
2024;3. Quartal;Zuzug;Sachsen (ohne Umland Dresden);Deutsche;männlich;558
2024;3. Quartal;Zuzug;Sachsen (ohne Umland Dresden);Deutsche;weiblich;547
2024;3. Quartal;Zuzug;Sachsen (ohne Umland Dresden);Ausländer;männlich;291
2024;3. Quartal;Zuzug;Sachsen (ohne Umland Dresden);Ausländer;weiblich;175
2024;3. Quartal;Zuzug;Umland Dresden;Deutsche;männlich;638
2024;3. Quartal;Zuzug;Umland Dresden;Deutsche;weiblich;611
2024;3. Quartal;Zuzug;Umland Dresden;Ausländer;männlich;170
2024;3. Quartal;Zuzug;Umland Dresden;Ausländer;weiblich;146
2024;3. Quartal;Fortzug;unbekannt;Deutsche;männlich;269
2024;3. Quartal;Fortzug;unbekannt;Deutsche;weiblich;128
2024;3. Quartal;Fortzug;unbekannt;Ausländer;männlich;389
2024;3. Quartal;Fortzug;unbekannt;Ausländer;weiblich;135
2024;3. Quartal;Fortzug;Ausland;Deutsche;männlich;160
2024;3. Quartal;Fortzug;Ausland;Deutsche;weiblich;129
2024;3. Quartal;Fortzug;Ausland;Ausländer;männlich;585
2024;3. Quartal;Fortzug;Ausland;Ausländer;weiblich;580
2024;3. Quartal;Fortzug;Alte Bundesländer (mit Berlin);Deutsche;männlich;468
2024;3. Quartal;Fortzug;Alte Bundesländer (mit Berlin);Deutsche;weiblich;458
2024;3. Quartal;Fortzug;Alte Bundesländer (mit Berlin);Ausländer;männlich;264
2024;3. Quartal;Fortzug;Alte Bundesländer (mit Berlin);Ausländer;weiblich;205
2024;3. Quartal;Fortzug;Neue Bundesländer (ohne Sachsen);Deutsche;männlich;326
2024;3. Quartal;Fortzug;Neue Bundesländer (ohne Sachsen);Deutsche;weiblich;348
2024;3. Quartal;Fortzug;Neue Bundesländer (ohne Sachsen);Ausländer;männlich;87
2024;3. Quartal;Fortzug;Neue Bundesländer (ohne Sachsen);Ausländer;weiblich;70
2024;3. Quartal;Fortzug;Sachsen (ohne Umland Dresden);Deutsche;männlich;437
2024;3. Quartal;Fortzug;Sachsen (ohne Umland Dresden);Deutsche;weiblich;399
2024;3. Quartal;Fortzug;Sachsen (ohne Umland Dresden);Ausländer;männlich;301
2024;3. Quartal;Fortzug;Sachsen (ohne Umland Dresden);Ausländer;weiblich;161
2024;3. Quartal;Fortzug;Umland Dresden;Deutsche;männlich;771
2024;3. Quartal;Fortzug;Umland Dresden;Deutsche;weiblich;760
2024;3. Quartal;Fortzug;Umland Dresden;Ausländer;männlich;181
2024;3. Quartal;Fortzug;Umland Dresden;Ausländer;weiblich;127
2024;3. Quartal;Umzug;Innerhalb Dresdens;Deutsche;männlich;3524
2024;3. Quartal;Umzug;Innerhalb Dresdens;Deutsche;weiblich;3498
2024;3. Quartal;Umzug;Innerhalb Dresdens;Ausländer;männlich;2095
2024;3. Quartal;Umzug;Innerhalb Dresdens;Ausländer;weiblich;1370
2024;4. Quartal;Zuzug;unbekannt;Deutsche;männlich;48
2024;4. Quartal;Zuzug;unbekannt;Deutsche;weiblich;15
2024;4. Quartal;Zuzug;unbekannt;Ausländer;männlich;1
2024;4. Quartal;Zuzug;unbekannt;Ausländer;weiblich;2
2024;4. Quartal;Zuzug;Ausland;Deutsche;männlich;61
2024;4. Quartal;Zuzug;Ausland;Deutsche;weiblich;53
2024;4. Quartal;Zuzug;Ausland;Ausländer;männlich;1655
2024;4. Quartal;Zuzug;Ausland;Ausländer;weiblich;1266
2024;4. Quartal;Zuzug;Alte Bundesländer (mit Berlin);Deutsche;männlich;497
2024;4. Quartal;Zuzug;Alte Bundesländer (mit Berlin);Deutsche;weiblich;544
2024;4. Quartal;Zuzug;Alte Bundesländer (mit Berlin);Ausländer;männlich;233
2024;4. Quartal;Zuzug;Alte Bundesländer (mit Berlin);Ausländer;weiblich;183
2024;4. Quartal;Zuzug;Neue Bundesländer (ohne Sachsen);Deutsche;männlich;505
2024;4. Quartal;Zuzug;Neue Bundesländer (ohne Sachsen);Deutsche;weiblich;510
2024;4. Quartal;Zuzug;Neue Bundesländer (ohne Sachsen);Ausländer;männlich;99
2024;4. Quartal;Zuzug;Neue Bundesländer (ohne Sachsen);Ausländer;weiblich;74
2024;4. Quartal;Zuzug;Sachsen (ohne Umland Dresden);Deutsche;männlich;552
2024;4. Quartal;Zuzug;Sachsen (ohne Umland Dresden);Deutsche;weiblich;569
2024;4. Quartal;Zuzug;Sachsen (ohne Umland Dresden);Ausländer;männlich;305
2024;4. Quartal;Zuzug;Sachsen (ohne Umland Dresden);Ausländer;weiblich;189
2024;4. Quartal;Zuzug;Umland Dresden;Deutsche;männlich;480
2024;4. Quartal;Zuzug;Umland Dresden;Deutsche;weiblich;469
2024;4. Quartal;Zuzug;Umland Dresden;Ausländer;männlich;159
2024;4. Quartal;Zuzug;Umland Dresden;Ausländer;weiblich;112
2024;4. Quartal;Fortzug;unbekannt;Deutsche;männlich;312
2024;4. Quartal;Fortzug;unbekannt;Deutsche;weiblich;193
2024;4. Quartal;Fortzug;unbekannt;Ausländer;männlich;460
2024;4. Quartal;Fortzug;unbekannt;Ausländer;weiblich;218
2024;4. Quartal;Fortzug;Ausland;Deutsche;männlich;114
2024;4. Quartal;Fortzug;Ausland;Deutsche;weiblich;95
2024;4. Quartal;Fortzug;Ausland;Ausländer;männlich;421
2024;4. Quartal;Fortzug;Ausland;Ausländer;weiblich;315
2024;4. Quartal;Fortzug;Alte Bundesländer (mit Berlin);Deutsche;männlich;383
2024;4. Quartal;Fortzug;Alte Bundesländer (mit Berlin);Deutsche;weiblich;394
2024;4. Quartal;Fortzug;Alte Bundesländer (mit Berlin);Ausländer;männlich;306
2024;4. Quartal;Fortzug;Alte Bundesländer (mit Berlin);Ausländer;weiblich;248
2024;4. Quartal;Fortzug;Neue Bundesländer (ohne Sachsen);Deutsche;männlich;345
2024;4. Quartal;Fortzug;Neue Bundesländer (ohne Sachsen);Deutsche;weiblich;376
2024;4. Quartal;Fortzug;Neue Bundesländer (ohne Sachsen);Ausländer;männlich;109
2024;4. Quartal;Fortzug;Neue Bundesländer (ohne Sachsen);Ausländer;weiblich;79
2024;4. Quartal;Fortzug;Sachsen (ohne Umland Dresden);Deutsche;männlich;357
2024;4. Quartal;Fortzug;Sachsen (ohne Umland Dresden);Deutsche;weiblich;348
2024;4. Quartal;Fortzug;Sachsen (ohne Umland Dresden);Ausländer;männlich;392
2024;4. Quartal;Fortzug;Sachsen (ohne Umland Dresden);Ausländer;weiblich;216
2024;4. Quartal;Fortzug;Umland Dresden;Deutsche;männlich;629
2024;4. Quartal;Fortzug;Umland Dresden;Deutsche;weiblich;643
2024;4. Quartal;Fortzug;Umland Dresden;Ausländer;männlich;189
2024;4. Quartal;Fortzug;Umland Dresden;Ausländer;weiblich;150
2024;4. Quartal;Umzug;Innerhalb Dresdens;Deutsche;männlich;3176
2024;4. Quartal;Umzug;Innerhalb Dresdens;Deutsche;weiblich;3307
2024;4. Quartal;Umzug;Innerhalb Dresdens;Ausländer;männlich;2111
2024;4. Quartal;Umzug;Innerhalb Dresdens;Ausländer;weiblich;1385
2025;1. Quartal;Zuzug;unbekannt;Deutsche;männlich;47
2025;1. Quartal;Zuzug;unbekannt;Deutsche;weiblich;19
2025;1. Quartal;Zuzug;unbekannt;Ausländer;männlich;5
2025;1. Quartal;Zuzug;unbekannt;Ausländer;weiblich;4
2025;1. Quartal;Zuzug;Ausland;Deutsche;männlich;76
2025;1. Quartal;Zuzug;Ausland;Deutsche;weiblich;52
2025;1. Quartal;Zuzug;Ausland;Ausländer;männlich;1114
2025;1. Quartal;Zuzug;Ausland;Ausländer;weiblich;895
2025;1. Quartal;Zuzug;Alte Bundesländer (mit Berlin);Deutsche;männlich;313
2025;1. Quartal;Zuzug;Alte Bundesländer (mit Berlin);Deutsche;weiblich;301
2025;1. Quartal;Zuzug;Alte Bundesländer (mit Berlin);Ausländer;männlich;202
2025;1. Quartal;Zuzug;Alte Bundesländer (mit Berlin);Ausländer;weiblich;103
2025;1. Quartal;Zuzug;Neue Bundesländer (ohne Sachsen);Deutsche;männlich;277
2025;1. Quartal;Zuzug;Neue Bundesländer (ohne Sachsen);Deutsche;weiblich;267
2025;1. Quartal;Zuzug;Neue Bundesländer (ohne Sachsen);Ausländer;männlich;79
2025;1. Quartal;Zuzug;Neue Bundesländer (ohne Sachsen);Ausländer;weiblich;65
2025;1. Quartal;Zuzug;Sachsen (ohne Umland Dresden);Deutsche;männlich;389
2025;1. Quartal;Zuzug;Sachsen (ohne Umland Dresden);Deutsche;weiblich;306
2025;1. Quartal;Zuzug;Sachsen (ohne Umland Dresden);Ausländer;männlich;281
2025;1. Quartal;Zuzug;Sachsen (ohne Umland Dresden);Ausländer;weiblich;141
2025;1. Quartal;Zuzug;Umland Dresden;Deutsche;männlich;457
2025;1. Quartal;Zuzug;Umland Dresden;Deutsche;weiblich;475
2025;1. Quartal;Zuzug;Umland Dresden;Ausländer;männlich;134
2025;1. Quartal;Zuzug;Umland Dresden;Ausländer;weiblich;114
2025;1. Quartal;Fortzug;unbekannt;Deutsche;männlich;277
2025;1. Quartal;Fortzug;unbekannt;Deutsche;weiblich;153
2025;1. Quartal;Fortzug;unbekannt;Ausländer;männlich;839
2025;1. Quartal;Fortzug;unbekannt;Ausländer;weiblich;348
2025;1. Quartal;Fortzug;Ausland;Deutsche;männlich;117
2025;1. Quartal;Fortzug;Ausland;Deutsche;weiblich;82
2025;1. Quartal;Fortzug;Ausland;Ausländer;männlich;459
2025;1. Quartal;Fortzug;Ausland;Ausländer;weiblich;404
2025;1. Quartal;Fortzug;Alte Bundesländer (mit Berlin);Deutsche;männlich;340
2025;1. Quartal;Fortzug;Alte Bundesländer (mit Berlin);Deutsche;weiblich;355
2025;1. Quartal;Fortzug;Alte Bundesländer (mit Berlin);Ausländer;männlich;248
2025;1. Quartal;Fortzug;Alte Bundesländer (mit Berlin);Ausländer;weiblich;151
2025;1. Quartal;Fortzug;Neue Bundesländer (ohne Sachsen);Deutsche;männlich;256
2025;1. Quartal;Fortzug;Neue Bundesländer (ohne Sachsen);Deutsche;weiblich;315
2025;1. Quartal;Fortzug;Neue Bundesländer (ohne Sachsen);Ausländer;männlich;92
2025;1. Quartal;Fortzug;Neue Bundesländer (ohne Sachsen);Ausländer;weiblich;73
2025;1. Quartal;Fortzug;Sachsen (ohne Umland Dresden);Deutsche;männlich;318
2025;1. Quartal;Fortzug;Sachsen (ohne Umland Dresden);Deutsche;weiblich;268
2025;1. Quartal;Fortzug;Sachsen (ohne Umland Dresden);Ausländer;männlich;295
2025;1. Quartal;Fortzug;Sachsen (ohne Umland Dresden);Ausländer;weiblich;127
2025;1. Quartal;Fortzug;Umland Dresden;Deutsche;männlich;615
2025;1. Quartal;Fortzug;Umland Dresden;Deutsche;weiblich;638
2025;1. Quartal;Fortzug;Umland Dresden;Ausländer;männlich;153
2025;1. Quartal;Fortzug;Umland Dresden;Ausländer;weiblich;102
2025;1. Quartal;Umzug;Innerhalb Dresdens;Deutsche;männlich;3130
2025;1. Quartal;Umzug;Innerhalb Dresdens;Deutsche;weiblich;3182
2025;1. Quartal;Umzug;Innerhalb Dresdens;Ausländer;männlich;2000
2025;1. Quartal;Umzug;Innerhalb Dresdens;Ausländer;weiblich;1219
2025;2. Quartal;Zuzug;unbekannt;Deutsche;männlich;54
2025;2. Quartal;Zuzug;unbekannt;Deutsche;weiblich;23
2025;2. Quartal;Zuzug;unbekannt;Ausländer;männlich;3
2025;2. Quartal;Zuzug;unbekannt;Ausländer;weiblich;0
2025;2. Quartal;Zuzug;Ausland;Deutsche;männlich;67
2025;2. Quartal;Zuzug;Ausland;Deutsche;weiblich;48
2025;2. Quartal;Zuzug;Ausland;Ausländer;männlich;1091
2025;2. Quartal;Zuzug;Ausland;Ausländer;weiblich;868
2025;2. Quartal;Zuzug;Alte Bundesländer (mit Berlin);Deutsche;männlich;329
2025;2. Quartal;Zuzug;Alte Bundesländer (mit Berlin);Deutsche;weiblich;274
2025;2. Quartal;Zuzug;Alte Bundesländer (mit Berlin);Ausländer;männlich;261
2025;2. Quartal;Zuzug;Alte Bundesländer (mit Berlin);Ausländer;weiblich;139
2025;2. Quartal;Zuzug;Neue Bundesländer (ohne Sachsen);Deutsche;männlich;303
2025;2. Quartal;Zuzug;Neue Bundesländer (ohne Sachsen);Deutsche;weiblich;276
2025;2. Quartal;Zuzug;Neue Bundesländer (ohne Sachsen);Ausländer;männlich;72
2025;2. Quartal;Zuzug;Neue Bundesländer (ohne Sachsen);Ausländer;weiblich;57
2025;2. Quartal;Zuzug;Sachsen (ohne Umland Dresden);Deutsche;männlich;323
2025;2. Quartal;Zuzug;Sachsen (ohne Umland Dresden);Deutsche;weiblich;252
2025;2. Quartal;Zuzug;Sachsen (ohne Umland Dresden);Ausländer;männlich;233
2025;2. Quartal;Zuzug;Sachsen (ohne Umland Dresden);Ausländer;weiblich;87
2025;2. Quartal;Zuzug;Umland Dresden;Deutsche;männlich;501
2025;2. Quartal;Zuzug;Umland Dresden;Deutsche;weiblich;493
2025;2. Quartal;Zuzug;Umland Dresden;Ausländer;männlich;144
2025;2. Quartal;Zuzug;Umland Dresden;Ausländer;weiblich;102
2025;2. Quartal;Fortzug;unbekannt;Deutsche;männlich;324
2025;2. Quartal;Fortzug;unbekannt;Deutsche;weiblich;143
2025;2. Quartal;Fortzug;unbekannt;Ausländer;männlich;553
2025;2. Quartal;Fortzug;unbekannt;Ausländer;weiblich;176
2025;2. Quartal;Fortzug;Ausland;Deutsche;männlich;106
2025;2. Quartal;Fortzug;Ausland;Deutsche;weiblich;84
2025;2. Quartal;Fortzug;Ausland;Ausländer;männlich;456
2025;2. Quartal;Fortzug;Ausland;Ausländer;weiblich;310
2025;2. Quartal;Fortzug;Alte Bundesländer (mit Berlin);Deutsche;männlich;311
2025;2. Quartal;Fortzug;Alte Bundesländer (mit Berlin);Deutsche;weiblich;290
2025;2. Quartal;Fortzug;Alte Bundesländer (mit Berlin);Ausländer;männlich;298
2025;2. Quartal;Fortzug;Alte Bundesländer (mit Berlin);Ausländer;weiblich;172
2025;2. Quartal;Fortzug;Neue Bundesländer (ohne Sachsen);Deutsche;männlich;233
2025;2. Quartal;Fortzug;Neue Bundesländer (ohne Sachsen);Deutsche;weiblich;220
2025;2. Quartal;Fortzug;Neue Bundesländer (ohne Sachsen);Ausländer;männlich;102
2025;2. Quartal;Fortzug;Neue Bundesländer (ohne Sachsen);Ausländer;weiblich;53
2025;2. Quartal;Fortzug;Sachsen (ohne Umland Dresden);Deutsche;männlich;311
2025;2. Quartal;Fortzug;Sachsen (ohne Umland Dresden);Deutsche;weiblich;254
2025;2. Quartal;Fortzug;Sachsen (ohne Umland Dresden);Ausländer;männlich;177
2025;2. Quartal;Fortzug;Sachsen (ohne Umland Dresden);Ausländer;weiblich;108
2025;2. Quartal;Fortzug;Umland Dresden;Deutsche;männlich;608
2025;2. Quartal;Fortzug;Umland Dresden;Deutsche;weiblich;609
2025;2. Quartal;Fortzug;Umland Dresden;Ausländer;männlich;173
2025;2. Quartal;Fortzug;Umland Dresden;Ausländer;weiblich;153
2025;2. Quartal;Umzug;Innerhalb Dresdens;Deutsche;männlich;3389
2025;2. Quartal;Umzug;Innerhalb Dresdens;Deutsche;weiblich;3476
2025;2. Quartal;Umzug;Innerhalb Dresdens;Ausländer;männlich;1862
2025;2. Quartal;Umzug;Innerhalb Dresdens;Ausländer;weiblich;1176
2025;3. Quartal;Zuzug;unbekannt;Deutsche;männlich;40
2025;3. Quartal;Zuzug;unbekannt;Deutsche;weiblich;24
2025;3. Quartal;Zuzug;unbekannt;Ausländer;männlich;3
2025;3. Quartal;Zuzug;unbekannt;Ausländer;weiblich;1
2025;3. Quartal;Zuzug;Ausland;Deutsche;männlich;97
2025;3. Quartal;Zuzug;Ausland;Deutsche;weiblich;70
2025;3. Quartal;Zuzug;Ausland;Ausländer;männlich;1326
2025;3. Quartal;Zuzug;Ausland;Ausländer;weiblich;1037
2025;3. Quartal;Zuzug;Alte Bundesländer (mit Berlin);Deutsche;männlich;497
2025;3. Quartal;Zuzug;Alte Bundesländer (mit Berlin);Deutsche;weiblich;474
2025;3. Quartal;Zuzug;Alte Bundesländer (mit Berlin);Ausländer;männlich;210
2025;3. Quartal;Zuzug;Alte Bundesländer (mit Berlin);Ausländer;weiblich;171
2025;3. Quartal;Zuzug;Neue Bundesländer (ohne Sachsen);Deutsche;männlich;467
2025;3. Quartal;Zuzug;Neue Bundesländer (ohne Sachsen);Deutsche;weiblich;510
2025;3. Quartal;Zuzug;Neue Bundesländer (ohne Sachsen);Ausländer;männlich;107
2025;3. Quartal;Zuzug;Neue Bundesländer (ohne Sachsen);Ausländer;weiblich;72
2025;3. Quartal;Zuzug;Sachsen (ohne Umland Dresden);Deutsche;männlich;542
2025;3. Quartal;Zuzug;Sachsen (ohne Umland Dresden);Deutsche;weiblich;564
2025;3. Quartal;Zuzug;Sachsen (ohne Umland Dresden);Ausländer;männlich;258
2025;3. Quartal;Zuzug;Sachsen (ohne Umland Dresden);Ausländer;weiblich;141
2025;3. Quartal;Zuzug;Umland Dresden;Deutsche;männlich;599
2025;3. Quartal;Zuzug;Umland Dresden;Deutsche;weiblich;624
2025;3. Quartal;Zuzug;Umland Dresden;Ausländer;männlich;144
2025;3. Quartal;Zuzug;Umland Dresden;Ausländer;weiblich;106
2025;3. Quartal;Fortzug;unbekannt;Deutsche;männlich;330
2025;3. Quartal;Fortzug;unbekannt;Deutsche;weiblich;180
2025;3. Quartal;Fortzug;unbekannt;Ausländer;männlich;507
2025;3. Quartal;Fortzug;unbekannt;Ausländer;weiblich;212
2025;3. Quartal;Fortzug;Ausland;Deutsche;männlich;167
2025;3. Quartal;Fortzug;Ausland;Deutsche;weiblich;138
2025;3. Quartal;Fortzug;Ausland;Ausländer;männlich;600
2025;3. Quartal;Fortzug;Ausland;Ausländer;weiblich;557
2025;3. Quartal;Fortzug;Alte Bundesländer (mit Berlin);Deutsche;männlich;474
2025;3. Quartal;Fortzug;Alte Bundesländer (mit Berlin);Deutsche;weiblich;520
2025;3. Quartal;Fortzug;Alte Bundesländer (mit Berlin);Ausländer;männlich;316
2025;3. Quartal;Fortzug;Alte Bundesländer (mit Berlin);Ausländer;weiblich;268
2025;3. Quartal;Fortzug;Neue Bundesländer (ohne Sachsen);Deutsche;männlich;371
2025;3. Quartal;Fortzug;Neue Bundesländer (ohne Sachsen);Deutsche;weiblich;450
2025;3. Quartal;Fortzug;Neue Bundesländer (ohne Sachsen);Ausländer;männlich;129
2025;3. Quartal;Fortzug;Neue Bundesländer (ohne Sachsen);Ausländer;weiblich;86
2025;3. Quartal;Fortzug;Sachsen (ohne Umland Dresden);Deutsche;männlich;445
2025;3. Quartal;Fortzug;Sachsen (ohne Umland Dresden);Deutsche;weiblich;476
2025;3. Quartal;Fortzug;Sachsen (ohne Umland Dresden);Ausländer;männlich;183
2025;3. Quartal;Fortzug;Sachsen (ohne Umland Dresden);Ausländer;weiblich;131
2025;3. Quartal;Fortzug;Umland Dresden;Deutsche;männlich;735
2025;3. Quartal;Fortzug;Umland Dresden;Deutsche;weiblich;744
2025;3. Quartal;Fortzug;Umland Dresden;Ausländer;männlich;156
2025;3. Quartal;Fortzug;Umland Dresden;Ausländer;weiblich;120
2025;3. Quartal;Umzug;Innerhalb Dresdens;Deutsche;männlich;3482
2025;3. Quartal;Umzug;Innerhalb Dresdens;Deutsche;weiblich;3481
2025;3. Quartal;Umzug;Innerhalb Dresdens;Ausländer;männlich;1784
2025;3. Quartal;Umzug;Innerhalb Dresdens;Ausländer;weiblich;1301
2025;4. Quartal;Zuzug;unbekannt;Deutsche;männlich;36
2025;4. Quartal;Zuzug;unbekannt;Deutsche;weiblich;24
2025;4. Quartal;Zuzug;unbekannt;Ausländer;männlich;5
2025;4. Quartal;Zuzug;unbekannt;Ausländer;weiblich;3
2025;4. Quartal;Zuzug;Ausland;Deutsche;männlich;68
2025;4. Quartal;Zuzug;Ausland;Deutsche;weiblich;52
2025;4. Quartal;Zuzug;Ausland;Ausländer;männlich;2185
2025;4. Quartal;Zuzug;Ausland;Ausländer;weiblich;1493
2025;4. Quartal;Zuzug;Alte Bundesländer (mit Berlin);Deutsche;männlich;430
2025;4. Quartal;Zuzug;Alte Bundesländer (mit Berlin);Deutsche;weiblich;492
2025;4. Quartal;Zuzug;Alte Bundesländer (mit Berlin);Ausländer;männlich;239
2025;4. Quartal;Zuzug;Alte Bundesländer (mit Berlin);Ausländer;weiblich;156
2025;4. Quartal;Zuzug;Neue Bundesländer (ohne Sachsen);Deutsche;männlich;468
2025;4. Quartal;Zuzug;Neue Bundesländer (ohne Sachsen);Deutsche;weiblich;495
2025;4. Quartal;Zuzug;Neue Bundesländer (ohne Sachsen);Ausländer;männlich;118
2025;4. Quartal;Zuzug;Neue Bundesländer (ohne Sachsen);Ausländer;weiblich;64
2025;4. Quartal;Zuzug;Sachsen (ohne Umland Dresden);Deutsche;männlich;491
2025;4. Quartal;Zuzug;Sachsen (ohne Umland Dresden);Deutsche;weiblich;502
2025;4. Quartal;Zuzug;Sachsen (ohne Umland Dresden);Ausländer;männlich;272
2025;4. Quartal;Zuzug;Sachsen (ohne Umland Dresden);Ausländer;weiblich;128
2025;4. Quartal;Zuzug;Umland Dresden;Deutsche;männlich;465
2025;4. Quartal;Zuzug;Umland Dresden;Deutsche;weiblich;513
2025;4. Quartal;Zuzug;Umland Dresden;Ausländer;männlich;119
2025;4. Quartal;Zuzug;Umland Dresden;Ausländer;weiblich;107
2025;4. Quartal;Fortzug;unbekannt;Deutsche;männlich;266
2025;4. Quartal;Fortzug;unbekannt;Deutsche;weiblich;173
2025;4. Quartal;Fortzug;unbekannt;Ausländer;männlich;285
2025;4. Quartal;Fortzug;unbekannt;Ausländer;weiblich;139
2025;4. Quartal;Fortzug;Ausland;Deutsche;männlich;122
2025;4. Quartal;Fortzug;Ausland;Deutsche;weiblich;83
2025;4. Quartal;Fortzug;Ausland;Ausländer;männlich;418
2025;4. Quartal;Fortzug;Ausland;Ausländer;weiblich;269
2025;4. Quartal;Fortzug;Alte Bundesländer (mit Berlin);Deutsche;männlich;375
2025;4. Quartal;Fortzug;Alte Bundesländer (mit Berlin);Deutsche;weiblich;477
2025;4. Quartal;Fortzug;Alte Bundesländer (mit Berlin);Ausländer;männlich;301
2025;4. Quartal;Fortzug;Alte Bundesländer (mit Berlin);Ausländer;weiblich;229
2025;4. Quartal;Fortzug;Neue Bundesländer (ohne Sachsen);Deutsche;männlich;329
2025;4. Quartal;Fortzug;Neue Bundesländer (ohne Sachsen);Deutsche;weiblich;378
2025;4. Quartal;Fortzug;Neue Bundesländer (ohne Sachsen);Ausländer;männlich;126
2025;4. Quartal;Fortzug;Neue Bundesländer (ohne Sachsen);Ausländer;weiblich;93
2025;4. Quartal;Fortzug;Sachsen (ohne Umland Dresden);Deutsche;männlich;332
2025;4. Quartal;Fortzug;Sachsen (ohne Umland Dresden);Deutsche;weiblich;396
2025;4. Quartal;Fortzug;Sachsen (ohne Umland Dresden);Ausländer;männlich;923
2025;4. Quartal;Fortzug;Sachsen (ohne Umland Dresden);Ausländer;weiblich;523
2025;4. Quartal;Fortzug;Umland Dresden;Deutsche;männlich;580
2025;4. Quartal;Fortzug;Umland Dresden;Deutsche;weiblich;656
2025;4. Quartal;Fortzug;Umland Dresden;Ausländer;männlich;237
2025;4. Quartal;Fortzug;Umland Dresden;Ausländer;weiblich;198
2025;4. Quartal;Umzug;Innerhalb Dresdens;Deutsche;männlich;3097
2025;4. Quartal;Umzug;Innerhalb Dresdens;Deutsche;weiblich;3164
2025;4. Quartal;Umzug;Innerhalb Dresdens;Ausländer;männlich;1873
2025;4. Quartal;Umzug;Innerhalb Dresdens;Ausländer;weiblich;1321
2026;1. Quartal;Zuzug;unbekannt;Deutsche;männlich;49
2026;1. Quartal;Zuzug;unbekannt;Deutsche;weiblich;24
2026;1. Quartal;Zuzug;unbekannt;Ausländer;männlich;4
2026;1. Quartal;Zuzug;unbekannt;Ausländer;weiblich;1
2026;1. Quartal;Zuzug;Ausland;Deutsche;männlich;52
2026;1. Quartal;Zuzug;Ausland;Deutsche;weiblich;33
2026;1. Quartal;Zuzug;Ausland;Ausländer;männlich;1241
2026;1. Quartal;Zuzug;Ausland;Ausländer;weiblich;859
2026;1. Quartal;Zuzug;Alte Bundesländer (mit Berlin);Deutsche;männlich;315
2026;1. Quartal;Zuzug;Alte Bundesländer (mit Berlin);Deutsche;weiblich;305
2026;1. Quartal;Zuzug;Alte Bundesländer (mit Berlin);Ausländer;männlich;166
2026;1. Quartal;Zuzug;Alte Bundesländer (mit Berlin);Ausländer;weiblich;124
2026;1. Quartal;Zuzug;Neue Bundesländer (ohne Sachsen);Deutsche;männlich;274
2026;1. Quartal;Zuzug;Neue Bundesländer (ohne Sachsen);Deutsche;weiblich;251
2026;1. Quartal;Zuzug;Neue Bundesländer (ohne Sachsen);Ausländer;männlich;67
2026;1. Quartal;Zuzug;Neue Bundesländer (ohne Sachsen);Ausländer;weiblich;54
2026;1. Quartal;Zuzug;Sachsen (ohne Umland Dresden);Deutsche;männlich;327
2026;1. Quartal;Zuzug;Sachsen (ohne Umland Dresden);Deutsche;weiblich;312
2026;1. Quartal;Zuzug;Sachsen (ohne Umland Dresden);Ausländer;männlich;247
2026;1. Quartal;Zuzug;Sachsen (ohne Umland Dresden);Ausländer;weiblich;103
2026;1. Quartal;Zuzug;Umland Dresden;Deutsche;männlich;534
2026;1. Quartal;Zuzug;Umland Dresden;Deutsche;weiblich;489
2026;1. Quartal;Zuzug;Umland Dresden;Ausländer;männlich;137
2026;1. Quartal;Zuzug;Umland Dresden;Ausländer;weiblich;91
2026;1. Quartal;Fortzug;unbekannt;Deutsche;männlich;274
2026;1. Quartal;Fortzug;unbekannt;Deutsche;weiblich;135
2026;1. Quartal;Fortzug;unbekannt;Ausländer;männlich;548
2026;1. Quartal;Fortzug;unbekannt;Ausländer;weiblich;176
2026;1. Quartal;Fortzug;Ausland;Deutsche;männlich;131
2026;1. Quartal;Fortzug;Ausland;Deutsche;weiblich;102
2026;1. Quartal;Fortzug;Ausland;Ausländer;männlich;584
2026;1. Quartal;Fortzug;Ausland;Ausländer;weiblich;442
2026;1. Quartal;Fortzug;Alte Bundesländer (mit Berlin);Deutsche;männlich;335
2026;1. Quartal;Fortzug;Alte Bundesländer (mit Berlin);Deutsche;weiblich;316
2026;1. Quartal;Fortzug;Alte Bundesländer (mit Berlin);Ausländer;männlich;288
2026;1. Quartal;Fortzug;Alte Bundesländer (mit Berlin);Ausländer;weiblich;180
2026;1. Quartal;Fortzug;Neue Bundesländer (ohne Sachsen);Deutsche;männlich;275
2026;1. Quartal;Fortzug;Neue Bundesländer (ohne Sachsen);Deutsche;weiblich;288
2026;1. Quartal;Fortzug;Neue Bundesländer (ohne Sachsen);Ausländer;männlich;133
2026;1. Quartal;Fortzug;Neue Bundesländer (ohne Sachsen);Ausländer;weiblich;76
2026;1. Quartal;Fortzug;Sachsen (ohne Umland Dresden);Deutsche;männlich;299
2026;1. Quartal;Fortzug;Sachsen (ohne Umland Dresden);Deutsche;weiblich;274
2026;1. Quartal;Fortzug;Sachsen (ohne Umland Dresden);Ausländer;männlich;259
2026;1. Quartal;Fortzug;Sachsen (ohne Umland Dresden);Ausländer;weiblich;152
2026;1. Quartal;Fortzug;Umland Dresden;Deutsche;männlich;633
2026;1. Quartal;Fortzug;Umland Dresden;Deutsche;weiblich;631
2026;1. Quartal;Fortzug;Umland Dresden;Ausländer;männlich;104
2026;1. Quartal;Fortzug;Umland Dresden;Ausländer;weiblich;95
2026;1. Quartal;Umzug;Innerhalb Dresdens;Deutsche;männlich;3094
2026;1. Quartal;Umzug;Innerhalb Dresdens;Deutsche;weiblich;3284
2026;1. Quartal;Umzug;Innerhalb Dresdens;Ausländer;männlich;1863
2026;1. Quartal;Umzug;Innerhalb Dresdens;Ausländer;weiblich;1198
2026;2. Quartal;Zuzug;unbekannt;Deutsche;männlich;56
2026;2. Quartal;Zuzug;unbekannt;Deutsche;weiblich;24
2026;2. Quartal;Zuzug;unbekannt;Ausländer;männlich;5
2026;2. Quartal;Zuzug;unbekannt;Ausländer;weiblich;0
2026;2. Quartal;Zuzug;Ausland;Deutsche;männlich;78
2026;2. Quartal;Zuzug;Ausland;Deutsche;weiblich;47
2026;2. Quartal;Zuzug;Ausland;Ausländer;männlich;1275
2026;2. Quartal;Zuzug;Ausland;Ausländer;weiblich;963
2026;2. Quartal;Zuzug;Alte Bundesländer (mit Berlin);Deutsche;männlich;304
2026;2. Quartal;Zuzug;Alte Bundesländer (mit Berlin);Deutsche;weiblich;247
2026;2. Quartal;Zuzug;Alte Bundesländer (mit Berlin);Ausländer;männlich;251
2026;2. Quartal;Zuzug;Alte Bundesländer (mit Berlin);Ausländer;weiblich;132
2026;2. Quartal;Zuzug;Neue Bundesländer (ohne Sachsen);Deutsche;männlich;257
2026;2. Quartal;Zuzug;Neue Bundesländer (ohne Sachsen);Deutsche;weiblich;242
2026;2. Quartal;Zuzug;Neue Bundesländer (ohne Sachsen);Ausländer;männlich;98
2026;2. Quartal;Zuzug;Neue Bundesländer (ohne Sachsen);Ausländer;weiblich;67
2026;2. Quartal;Zuzug;Sachsen (ohne Umland Dresden);Deutsche;männlich;271
2026;2. Quartal;Zuzug;Sachsen (ohne Umland Dresden);Deutsche;weiblich;302
2026;2. Quartal;Zuzug;Sachsen (ohne Umland Dresden);Ausländer;männlich;309
2026;2. Quartal;Zuzug;Sachsen (ohne Umland Dresden);Ausländer;weiblich;108
2026;2. Quartal;Zuzug;Umland Dresden;Deutsche;männlich;467
2026;2. Quartal;Zuzug;Umland Dresden;Deutsche;weiblich;399
2026;2. Quartal;Zuzug;Umland Dresden;Ausländer;männlich;138
2026;2. Quartal;Zuzug;Umland Dresden;Ausländer;weiblich;105
2026;2. Quartal;Fortzug;unbekannt;Deutsche;männlich;236
2026;2. Quartal;Fortzug;unbekannt;Deutsche;weiblich;133
2026;2. Quartal;Fortzug;unbekannt;Ausländer;männlich;414
2026;2. Quartal;Fortzug;unbekannt;Ausländer;weiblich;118
2026;2. Quartal;Fortzug;Ausland;Deutsche;männlich;126
2026;2. Quartal;Fortzug;Ausland;Deutsche;weiblich;87
2026;2. Quartal;Fortzug;Ausland;Ausländer;männlich;446
2026;2. Quartal;Fortzug;Ausland;Ausländer;weiblich;313
2026;2. Quartal;Fortzug;Alte Bundesländer (mit Berlin);Deutsche;männlich;293
2026;2. Quartal;Fortzug;Alte Bundesländer (mit Berlin);Deutsche;weiblich;300
2026;2. Quartal;Fortzug;Alte Bundesländer (mit Berlin);Ausländer;männlich;240
2026;2. Quartal;Fortzug;Alte Bundesländer (mit Berlin);Ausländer;weiblich;187
2026;2. Quartal;Fortzug;Neue Bundesländer (ohne Sachsen);Deutsche;männlich;260
2026;2. Quartal;Fortzug;Neue Bundesländer (ohne Sachsen);Deutsche;weiblich;276
2026;2. Quartal;Fortzug;Neue Bundesländer (ohne Sachsen);Ausländer;männlich;113
2026;2. Quartal;Fortzug;Neue Bundesländer (ohne Sachsen);Ausländer;weiblich;65
2026;2. Quartal;Fortzug;Sachsen (ohne Umland Dresden);Deutsche;männlich;311
2026;2. Quartal;Fortzug;Sachsen (ohne Umland Dresden);Deutsche;weiblich;278
2026;2. Quartal;Fortzug;Sachsen (ohne Umland Dresden);Ausländer;männlich;407
2026;2. Quartal;Fortzug;Sachsen (ohne Umland Dresden);Ausländer;weiblich;303
2026;2. Quartal;Fortzug;Umland Dresden;Deutsche;männlich;617
2026;2. Quartal;Fortzug;Umland Dresden;Deutsche;weiblich;606
2026;2. Quartal;Fortzug;Umland Dresden;Ausländer;männlich;145
2026;2. Quartal;Fortzug;Umland Dresden;Ausländer;weiblich;102
2026;2. Quartal;Umzug;Innerhalb Dresdens;Deutsche;männlich;2956
2026;2. Quartal;Umzug;Innerhalb Dresdens;Deutsche;weiblich;3150
2026;2. Quartal;Umzug;Innerhalb Dresdens;Ausländer;männlich;1753
2026;2. Quartal;Umzug;Innerhalb Dresdens;Ausländer;weiblich;1080
