Jahr;Stadtbezirk mit zugeordneten Ortschaften;Stadtraum;Alter in Jahren bis 85 (über 85-Jährige werden Jahrgang 85 zugeordnet);Anzahl Einwohner
2021;StB 0 Altstadt;01 StB Altstadt ohne Johannstadt;0 Jahre;406
2021;StB 0 Altstadt;01 StB Altstadt ohne Johannstadt;1 Jahre;351
2021;StB 0 Altstadt;01 StB Altstadt ohne Johannstadt;2 Jahre;339
2021;StB 0 Altstadt;01 StB Altstadt ohne Johannstadt;3 Jahre;293
2021;StB 0 Altstadt;01 StB Altstadt ohne Johannstadt;4 Jahre;296
2021;StB 0 Altstadt;01 StB Altstadt ohne Johannstadt;5 Jahre;255
2021;StB 0 Altstadt;01 StB Altstadt ohne Johannstadt;6 Jahre;256
2021;StB 0 Altstadt;01 StB Altstadt ohne Johannstadt;7 Jahre;237
2021;StB 0 Altstadt;01 StB Altstadt ohne Johannstadt;8 Jahre;219
2021;StB 0 Altstadt;01 StB Altstadt ohne Johannstadt;9 Jahre;218
2021;StB 0 Altstadt;01 StB Altstadt ohne Johannstadt;10 Jahre;222
2021;StB 0 Altstadt;01 StB Altstadt ohne Johannstadt;11 Jahre;188
2021;StB 0 Altstadt;01 StB Altstadt ohne Johannstadt;12 Jahre;179
2021;StB 0 Altstadt;01 StB Altstadt ohne Johannstadt;13 Jahre;185
2021;StB 0 Altstadt;01 StB Altstadt ohne Johannstadt;14 Jahre;158
2021;StB 0 Altstadt;01 StB Altstadt ohne Johannstadt;15 Jahre;172
2021;StB 0 Altstadt;01 StB Altstadt ohne Johannstadt;16 Jahre;141
2021;StB 0 Altstadt;01 StB Altstadt ohne Johannstadt;17 Jahre;194
2021;StB 0 Altstadt;01 StB Altstadt ohne Johannstadt;18 Jahre;315
2021;StB 0 Altstadt;01 StB Altstadt ohne Johannstadt;19 Jahre;442
2021;StB 0 Altstadt;01 StB Altstadt ohne Johannstadt;20 Jahre;681
2021;StB 0 Altstadt;01 StB Altstadt ohne Johannstadt;21 Jahre;842
2021;StB 0 Altstadt;01 StB Altstadt ohne Johannstadt;22 Jahre;909
2021;StB 0 Altstadt;01 StB Altstadt ohne Johannstadt;23 Jahre;941
2021;StB 0 Altstadt;01 StB Altstadt ohne Johannstadt;24 Jahre;964
2021;StB 0 Altstadt;01 StB Altstadt ohne Johannstadt;25 Jahre;1011
2021;StB 0 Altstadt;01 StB Altstadt ohne Johannstadt;26 Jahre;902
2021;StB 0 Altstadt;01 StB Altstadt ohne Johannstadt;27 Jahre;894
2021;StB 0 Altstadt;01 StB Altstadt ohne Johannstadt;28 Jahre;826
2021;StB 0 Altstadt;01 StB Altstadt ohne Johannstadt;29 Jahre;861
2021;StB 0 Altstadt;01 StB Altstadt ohne Johannstadt;30 Jahre;758
2021;StB 0 Altstadt;01 StB Altstadt ohne Johannstadt;31 Jahre;947
2021;StB 0 Altstadt;01 StB Altstadt ohne Johannstadt;32 Jahre;908
2021;StB 0 Altstadt;01 StB Altstadt ohne Johannstadt;33 Jahre;795
2021;StB 0 Altstadt;01 StB Altstadt ohne Johannstadt;34 Jahre;715
2021;StB 0 Altstadt;01 StB Altstadt ohne Johannstadt;35 Jahre;655
2021;StB 0 Altstadt;01 StB Altstadt ohne Johannstadt;36 Jahre;624
2021;StB 0 Altstadt;01 StB Altstadt ohne Johannstadt;37 Jahre;534
2021;StB 0 Altstadt;01 StB Altstadt ohne Johannstadt;38 Jahre;516
2021;StB 0 Altstadt;01 StB Altstadt ohne Johannstadt;39 Jahre;489
2021;StB 0 Altstadt;01 StB Altstadt ohne Johannstadt;40 Jahre;429
2021;StB 0 Altstadt;01 StB Altstadt ohne Johannstadt;41 Jahre;442
2021;StB 0 Altstadt;01 StB Altstadt ohne Johannstadt;42 Jahre;383
2021;StB 0 Altstadt;01 StB Altstadt ohne Johannstadt;43 Jahre;353
2021;StB 0 Altstadt;01 StB Altstadt ohne Johannstadt;44 Jahre;328
2021;StB 0 Altstadt;01 StB Altstadt ohne Johannstadt;45 Jahre;273
2021;StB 0 Altstadt;01 StB Altstadt ohne Johannstadt;46 Jahre;269
2021;StB 0 Altstadt;01 StB Altstadt ohne Johannstadt;47 Jahre;226
2021;StB 0 Altstadt;01 StB Altstadt ohne Johannstadt;48 Jahre;234
2021;StB 0 Altstadt;01 StB Altstadt ohne Johannstadt;49 Jahre;224
2021;StB 0 Altstadt;01 StB Altstadt ohne Johannstadt;50 Jahre;278
2021;StB 0 Altstadt;01 StB Altstadt ohne Johannstadt;51 Jahre;222
2021;StB 0 Altstadt;01 StB Altstadt ohne Johannstadt;52 Jahre;265
2021;StB 0 Altstadt;01 StB Altstadt ohne Johannstadt;53 Jahre;265
2021;StB 0 Altstadt;01 StB Altstadt ohne Johannstadt;54 Jahre;258
2021;StB 0 Altstadt;01 StB Altstadt ohne Johannstadt;55 Jahre;291
2021;StB 0 Altstadt;01 StB Altstadt ohne Johannstadt;56 Jahre;299
2021;StB 0 Altstadt;01 StB Altstadt ohne Johannstadt;57 Jahre;312
2021;StB 0 Altstadt;01 StB Altstadt ohne Johannstadt;58 Jahre;307
2021;StB 0 Altstadt;01 StB Altstadt ohne Johannstadt;59 Jahre;302
2021;StB 0 Altstadt;01 StB Altstadt ohne Johannstadt;60 Jahre;297
2021;StB 0 Altstadt;01 StB Altstadt ohne Johannstadt;61 Jahre;331
2021;StB 0 Altstadt;01 StB Altstadt ohne Johannstadt;62 Jahre;293
2021;StB 0 Altstadt;01 StB Altstadt ohne Johannstadt;63 Jahre;267
2021;StB 0 Altstadt;01 StB Altstadt ohne Johannstadt;64 Jahre;245
2021;StB 0 Altstadt;01 StB Altstadt ohne Johannstadt;65 Jahre;271
2021;StB 0 Altstadt;01 StB Altstadt ohne Johannstadt;66 Jahre;262
2021;StB 0 Altstadt;01 StB Altstadt ohne Johannstadt;67 Jahre;264
2021;StB 0 Altstadt;01 StB Altstadt ohne Johannstadt;68 Jahre;223
2021;StB 0 Altstadt;01 StB Altstadt ohne Johannstadt;69 Jahre;249
2021;StB 0 Altstadt;01 StB Altstadt ohne Johannstadt;70 Jahre;263
2021;StB 0 Altstadt;01 StB Altstadt ohne Johannstadt;71 Jahre;231
2021;StB 0 Altstadt;01 StB Altstadt ohne Johannstadt;72 Jahre;253
2021;StB 0 Altstadt;01 StB Altstadt ohne Johannstadt;73 Jahre;201
2021;StB 0 Altstadt;01 StB Altstadt ohne Johannstadt;74 Jahre;189
2021;StB 0 Altstadt;01 StB Altstadt ohne Johannstadt;75 Jahre;146
2021;StB 0 Altstadt;01 StB Altstadt ohne Johannstadt;76 Jahre;180
2021;StB 0 Altstadt;01 StB Altstadt ohne Johannstadt;77 Jahre;255
2021;StB 0 Altstadt;01 StB Altstadt ohne Johannstadt;78 Jahre;267
2021;StB 0 Altstadt;01 StB Altstadt ohne Johannstadt;79 Jahre;283
2021;StB 0 Altstadt;01 StB Altstadt ohne Johannstadt;80 Jahre;342
2021;StB 0 Altstadt;01 StB Altstadt ohne Johannstadt;81 Jahre;404
2021;StB 0 Altstadt;01 StB Altstadt ohne Johannstadt;82 Jahre;419
2021;StB 0 Altstadt;01 StB Altstadt ohne Johannstadt;83 Jahre;450
2021;StB 0 Altstadt;01 StB Altstadt ohne Johannstadt;84 Jahre;473
2021;StB 0 Altstadt;01 StB Altstadt ohne Johannstadt;85 Jahre u.älter;2323
2021;StB 0 Altstadt;02 Johannstadt;0 Jahre;232
2021;StB 0 Altstadt;02 Johannstadt;1 Jahre;270
2021;StB 0 Altstadt;02 Johannstadt;2 Jahre;249
2021;StB 0 Altstadt;02 Johannstadt;3 Jahre;241
2021;StB 0 Altstadt;02 Johannstadt;4 Jahre;248
2021;StB 0 Altstadt;02 Johannstadt;5 Jahre;223
2021;StB 0 Altstadt;02 Johannstadt;6 Jahre;220
2021;StB 0 Altstadt;02 Johannstadt;7 Jahre;196
2021;StB 0 Altstadt;02 Johannstadt;8 Jahre;201
2021;StB 0 Altstadt;02 Johannstadt;9 Jahre;193
2021;StB 0 Altstadt;02 Johannstadt;10 Jahre;207
2021;StB 0 Altstadt;02 Johannstadt;11 Jahre;174
2021;StB 0 Altstadt;02 Johannstadt;12 Jahre;175
2021;StB 0 Altstadt;02 Johannstadt;13 Jahre;152
2021;StB 0 Altstadt;02 Johannstadt;14 Jahre;171
2021;StB 0 Altstadt;02 Johannstadt;15 Jahre;165
2021;StB 0 Altstadt;02 Johannstadt;16 Jahre;147
2021;StB 0 Altstadt;02 Johannstadt;17 Jahre;181
2021;StB 0 Altstadt;02 Johannstadt;18 Jahre;174
2021;StB 0 Altstadt;02 Johannstadt;19 Jahre;244
2021;StB 0 Altstadt;02 Johannstadt;20 Jahre;274
2021;StB 0 Altstadt;02 Johannstadt;21 Jahre;318
2021;StB 0 Altstadt;02 Johannstadt;22 Jahre;336
2021;StB 0 Altstadt;02 Johannstadt;23 Jahre;333
2021;StB 0 Altstadt;02 Johannstadt;24 Jahre;362
2021;StB 0 Altstadt;02 Johannstadt;25 Jahre;369
2021;StB 0 Altstadt;02 Johannstadt;26 Jahre;335
2021;StB 0 Altstadt;02 Johannstadt;27 Jahre;330
2021;StB 0 Altstadt;02 Johannstadt;28 Jahre;330
2021;StB 0 Altstadt;02 Johannstadt;29 Jahre;359
2021;StB 0 Altstadt;02 Johannstadt;30 Jahre;363
2021;StB 0 Altstadt;02 Johannstadt;31 Jahre;422
2021;StB 0 Altstadt;02 Johannstadt;32 Jahre;461
2021;StB 0 Altstadt;02 Johannstadt;33 Jahre;456
2021;StB 0 Altstadt;02 Johannstadt;34 Jahre;399
2021;StB 0 Altstadt;02 Johannstadt;35 Jahre;389
2021;StB 0 Altstadt;02 Johannstadt;36 Jahre;340
2021;StB 0 Altstadt;02 Johannstadt;37 Jahre;342
2021;StB 0 Altstadt;02 Johannstadt;38 Jahre;314
2021;StB 0 Altstadt;02 Johannstadt;39 Jahre;294
2021;StB 0 Altstadt;02 Johannstadt;40 Jahre;281
2021;StB 0 Altstadt;02 Johannstadt;41 Jahre;249
2021;StB 0 Altstadt;02 Johannstadt;42 Jahre;273
2021;StB 0 Altstadt;02 Johannstadt;43 Jahre;231
2021;StB 0 Altstadt;02 Johannstadt;44 Jahre;275
2021;StB 0 Altstadt;02 Johannstadt;45 Jahre;186
2021;StB 0 Altstadt;02 Johannstadt;46 Jahre;200
2021;StB 0 Altstadt;02 Johannstadt;47 Jahre;183
2021;StB 0 Altstadt;02 Johannstadt;48 Jahre;195
2021;StB 0 Altstadt;02 Johannstadt;49 Jahre;220
2021;StB 0 Altstadt;02 Johannstadt;50 Jahre;215
2021;StB 0 Altstadt;02 Johannstadt;51 Jahre;246
2021;StB 0 Altstadt;02 Johannstadt;52 Jahre;227
2021;StB 0 Altstadt;02 Johannstadt;53 Jahre;207
2021;StB 0 Altstadt;02 Johannstadt;54 Jahre;233
2021;StB 0 Altstadt;02 Johannstadt;55 Jahre;228
2021;StB 0 Altstadt;02 Johannstadt;56 Jahre;238
2021;StB 0 Altstadt;02 Johannstadt;57 Jahre;248
2021;StB 0 Altstadt;02 Johannstadt;58 Jahre;231
2021;StB 0 Altstadt;02 Johannstadt;59 Jahre;260
2021;StB 0 Altstadt;02 Johannstadt;60 Jahre;222
2021;StB 0 Altstadt;02 Johannstadt;61 Jahre;250
2021;StB 0 Altstadt;02 Johannstadt;62 Jahre;218
2021;StB 0 Altstadt;02 Johannstadt;63 Jahre;216
2021;StB 0 Altstadt;02 Johannstadt;64 Jahre;196
2021;StB 0 Altstadt;02 Johannstadt;65 Jahre;211
2021;StB 0 Altstadt;02 Johannstadt;66 Jahre;263
2021;StB 0 Altstadt;02 Johannstadt;67 Jahre;252
2021;StB 0 Altstadt;02 Johannstadt;68 Jahre;244
2021;StB 0 Altstadt;02 Johannstadt;69 Jahre;255
2021;StB 0 Altstadt;02 Johannstadt;70 Jahre;276
2021;StB 0 Altstadt;02 Johannstadt;71 Jahre;279
2021;StB 0 Altstadt;02 Johannstadt;72 Jahre;290
2021;StB 0 Altstadt;02 Johannstadt;73 Jahre;218
2021;StB 0 Altstadt;02 Johannstadt;74 Jahre;283
2021;StB 0 Altstadt;02 Johannstadt;75 Jahre;216
2021;StB 0 Altstadt;02 Johannstadt;76 Jahre;303
2021;StB 0 Altstadt;02 Johannstadt;77 Jahre;430
2021;StB 0 Altstadt;02 Johannstadt;78 Jahre;409
2021;StB 0 Altstadt;02 Johannstadt;79 Jahre;376
2021;StB 0 Altstadt;02 Johannstadt;80 Jahre;468
2021;StB 0 Altstadt;02 Johannstadt;81 Jahre;447
2021;StB 0 Altstadt;02 Johannstadt;82 Jahre;434
2021;StB 0 Altstadt;02 Johannstadt;83 Jahre;389
2021;StB 0 Altstadt;02 Johannstadt;84 Jahre;360
2021;StB 0 Altstadt;02 Johannstadt;85 Jahre u.älter;1806
2021;StB 1 Neustadt;03 StB Neustadt ohne Leipziger Vorstadt;0 Jahre;455
2021;StB 1 Neustadt;03 StB Neustadt ohne Leipziger Vorstadt;1 Jahre;468
2021;StB 1 Neustadt;03 StB Neustadt ohne Leipziger Vorstadt;2 Jahre;500
2021;StB 1 Neustadt;03 StB Neustadt ohne Leipziger Vorstadt;3 Jahre;487
2021;StB 1 Neustadt;03 StB Neustadt ohne Leipziger Vorstadt;4 Jahre;460
2021;StB 1 Neustadt;03 StB Neustadt ohne Leipziger Vorstadt;5 Jahre;433
2021;StB 1 Neustadt;03 StB Neustadt ohne Leipziger Vorstadt;6 Jahre;446
2021;StB 1 Neustadt;03 StB Neustadt ohne Leipziger Vorstadt;7 Jahre;433
2021;StB 1 Neustadt;03 StB Neustadt ohne Leipziger Vorstadt;8 Jahre;418
2021;StB 1 Neustadt;03 StB Neustadt ohne Leipziger Vorstadt;9 Jahre;404
2021;StB 1 Neustadt;03 StB Neustadt ohne Leipziger Vorstadt;10 Jahre;376
2021;StB 1 Neustadt;03 StB Neustadt ohne Leipziger Vorstadt;11 Jahre;395
2021;StB 1 Neustadt;03 StB Neustadt ohne Leipziger Vorstadt;12 Jahre;391
2021;StB 1 Neustadt;03 StB Neustadt ohne Leipziger Vorstadt;13 Jahre;357
2021;StB 1 Neustadt;03 StB Neustadt ohne Leipziger Vorstadt;14 Jahre;362
2021;StB 1 Neustadt;03 StB Neustadt ohne Leipziger Vorstadt;15 Jahre;329
2021;StB 1 Neustadt;03 StB Neustadt ohne Leipziger Vorstadt;16 Jahre;305
2021;StB 1 Neustadt;03 StB Neustadt ohne Leipziger Vorstadt;17 Jahre;332
2021;StB 1 Neustadt;03 StB Neustadt ohne Leipziger Vorstadt;18 Jahre;310
2021;StB 1 Neustadt;03 StB Neustadt ohne Leipziger Vorstadt;19 Jahre;343
2021;StB 1 Neustadt;03 StB Neustadt ohne Leipziger Vorstadt;20 Jahre;335
2021;StB 1 Neustadt;03 StB Neustadt ohne Leipziger Vorstadt;21 Jahre;430
2021;StB 1 Neustadt;03 StB Neustadt ohne Leipziger Vorstadt;22 Jahre;492
2021;StB 1 Neustadt;03 StB Neustadt ohne Leipziger Vorstadt;23 Jahre;525
2021;StB 1 Neustadt;03 StB Neustadt ohne Leipziger Vorstadt;24 Jahre;634
2021;StB 1 Neustadt;03 StB Neustadt ohne Leipziger Vorstadt;25 Jahre;751
2021;StB 1 Neustadt;03 StB Neustadt ohne Leipziger Vorstadt;26 Jahre;737
2021;StB 1 Neustadt;03 StB Neustadt ohne Leipziger Vorstadt;27 Jahre;791
2021;StB 1 Neustadt;03 StB Neustadt ohne Leipziger Vorstadt;28 Jahre;830
2021;StB 1 Neustadt;03 StB Neustadt ohne Leipziger Vorstadt;29 Jahre;773
2021;StB 1 Neustadt;03 StB Neustadt ohne Leipziger Vorstadt;30 Jahre;844
2021;StB 1 Neustadt;03 StB Neustadt ohne Leipziger Vorstadt;31 Jahre;1023
2021;StB 1 Neustadt;03 StB Neustadt ohne Leipziger Vorstadt;32 Jahre;1002
2021;StB 1 Neustadt;03 StB Neustadt ohne Leipziger Vorstadt;33 Jahre;978
2021;StB 1 Neustadt;03 StB Neustadt ohne Leipziger Vorstadt;34 Jahre;942
2021;StB 1 Neustadt;03 StB Neustadt ohne Leipziger Vorstadt;35 Jahre;873
2021;StB 1 Neustadt;03 StB Neustadt ohne Leipziger Vorstadt;36 Jahre;826
2021;StB 1 Neustadt;03 StB Neustadt ohne Leipziger Vorstadt;37 Jahre;784
2021;StB 1 Neustadt;03 StB Neustadt ohne Leipziger Vorstadt;38 Jahre;760
2021;StB 1 Neustadt;03 StB Neustadt ohne Leipziger Vorstadt;39 Jahre;724
2021;StB 1 Neustadt;03 StB Neustadt ohne Leipziger Vorstadt;40 Jahre;661
2021;StB 1 Neustadt;03 StB Neustadt ohne Leipziger Vorstadt;41 Jahre;681
2021;StB 1 Neustadt;03 StB Neustadt ohne Leipziger Vorstadt;42 Jahre;708
2021;StB 1 Neustadt;03 StB Neustadt ohne Leipziger Vorstadt;43 Jahre;655
2021;StB 1 Neustadt;03 StB Neustadt ohne Leipziger Vorstadt;44 Jahre;660
2021;StB 1 Neustadt;03 StB Neustadt ohne Leipziger Vorstadt;45 Jahre;568
2021;StB 1 Neustadt;03 StB Neustadt ohne Leipziger Vorstadt;46 Jahre;507
2021;StB 1 Neustadt;03 StB Neustadt ohne Leipziger Vorstadt;47 Jahre;477
2021;StB 1 Neustadt;03 StB Neustadt ohne Leipziger Vorstadt;48 Jahre;428
2021;StB 1 Neustadt;03 StB Neustadt ohne Leipziger Vorstadt;49 Jahre;440
2021;StB 1 Neustadt;03 StB Neustadt ohne Leipziger Vorstadt;50 Jahre;509
2021;StB 1 Neustadt;03 StB Neustadt ohne Leipziger Vorstadt;51 Jahre;484
2021;StB 1 Neustadt;03 StB Neustadt ohne Leipziger Vorstadt;52 Jahre;484
2021;StB 1 Neustadt;03 StB Neustadt ohne Leipziger Vorstadt;53 Jahre;442
2021;StB 1 Neustadt;03 StB Neustadt ohne Leipziger Vorstadt;54 Jahre;461
2021;StB 1 Neustadt;03 StB Neustadt ohne Leipziger Vorstadt;55 Jahre;399
2021;StB 1 Neustadt;03 StB Neustadt ohne Leipziger Vorstadt;56 Jahre;384
2021;StB 1 Neustadt;03 StB Neustadt ohne Leipziger Vorstadt;57 Jahre;369
2021;StB 1 Neustadt;03 StB Neustadt ohne Leipziger Vorstadt;58 Jahre;349
2021;StB 1 Neustadt;03 StB Neustadt ohne Leipziger Vorstadt;59 Jahre;321
2021;StB 1 Neustadt;03 StB Neustadt ohne Leipziger Vorstadt;60 Jahre;323
2021;StB 1 Neustadt;03 StB Neustadt ohne Leipziger Vorstadt;61 Jahre;280
2021;StB 1 Neustadt;03 StB Neustadt ohne Leipziger Vorstadt;62 Jahre;259
2021;StB 1 Neustadt;03 StB Neustadt ohne Leipziger Vorstadt;63 Jahre;225
2021;StB 1 Neustadt;03 StB Neustadt ohne Leipziger Vorstadt;64 Jahre;203
2021;StB 1 Neustadt;03 StB Neustadt ohne Leipziger Vorstadt;65 Jahre;210
2021;StB 1 Neustadt;03 StB Neustadt ohne Leipziger Vorstadt;66 Jahre;205
2021;StB 1 Neustadt;03 StB Neustadt ohne Leipziger Vorstadt;67 Jahre;190
2021;StB 1 Neustadt;03 StB Neustadt ohne Leipziger Vorstadt;68 Jahre;192
2021;StB 1 Neustadt;03 StB Neustadt ohne Leipziger Vorstadt;69 Jahre;177
2021;StB 1 Neustadt;03 StB Neustadt ohne Leipziger Vorstadt;70 Jahre;172
2021;StB 1 Neustadt;03 StB Neustadt ohne Leipziger Vorstadt;71 Jahre;183
2021;StB 1 Neustadt;03 StB Neustadt ohne Leipziger Vorstadt;72 Jahre;167
2021;StB 1 Neustadt;03 StB Neustadt ohne Leipziger Vorstadt;73 Jahre;119
2021;StB 1 Neustadt;03 StB Neustadt ohne Leipziger Vorstadt;74 Jahre;144
2021;StB 1 Neustadt;03 StB Neustadt ohne Leipziger Vorstadt;75 Jahre;118
2021;StB 1 Neustadt;03 StB Neustadt ohne Leipziger Vorstadt;76 Jahre;131
2021;StB 1 Neustadt;03 StB Neustadt ohne Leipziger Vorstadt;77 Jahre;195
2021;StB 1 Neustadt;03 StB Neustadt ohne Leipziger Vorstadt;78 Jahre;191
2021;StB 1 Neustadt;03 StB Neustadt ohne Leipziger Vorstadt;79 Jahre;142
2021;StB 1 Neustadt;03 StB Neustadt ohne Leipziger Vorstadt;80 Jahre;194
2021;StB 1 Neustadt;03 StB Neustadt ohne Leipziger Vorstadt;81 Jahre;184
2021;StB 1 Neustadt;03 StB Neustadt ohne Leipziger Vorstadt;82 Jahre;179
2021;StB 1 Neustadt;03 StB Neustadt ohne Leipziger Vorstadt;83 Jahre;134
2021;StB 1 Neustadt;03 StB Neustadt ohne Leipziger Vorstadt;84 Jahre;137
2021;StB 1 Neustadt;03 StB Neustadt ohne Leipziger Vorstadt;85 Jahre u.älter;718
2021;StB 1 Neustadt;04 Leipziger Vorstadt, Pieschen;0 Jahre;174
2021;StB 1 Neustadt;04 Leipziger Vorstadt, Pieschen;1 Jahre;164
2021;StB 1 Neustadt;04 Leipziger Vorstadt, Pieschen;2 Jahre;156
2021;StB 1 Neustadt;04 Leipziger Vorstadt, Pieschen;3 Jahre;166
2021;StB 1 Neustadt;04 Leipziger Vorstadt, Pieschen;4 Jahre;152
2021;StB 1 Neustadt;04 Leipziger Vorstadt, Pieschen;5 Jahre;171
2021;StB 1 Neustadt;04 Leipziger Vorstadt, Pieschen;6 Jahre;153
2021;StB 1 Neustadt;04 Leipziger Vorstadt, Pieschen;7 Jahre;136
2021;StB 1 Neustadt;04 Leipziger Vorstadt, Pieschen;8 Jahre;148
2021;StB 1 Neustadt;04 Leipziger Vorstadt, Pieschen;9 Jahre;153
2021;StB 1 Neustadt;04 Leipziger Vorstadt, Pieschen;10 Jahre;133
2021;StB 1 Neustadt;04 Leipziger Vorstadt, Pieschen;11 Jahre;113
2021;StB 1 Neustadt;04 Leipziger Vorstadt, Pieschen;12 Jahre;118
2021;StB 1 Neustadt;04 Leipziger Vorstadt, Pieschen;13 Jahre;120
2021;StB 1 Neustadt;04 Leipziger Vorstadt, Pieschen;14 Jahre;104
2021;StB 1 Neustadt;04 Leipziger Vorstadt, Pieschen;15 Jahre;101
2021;StB 1 Neustadt;04 Leipziger Vorstadt, Pieschen;16 Jahre;87
2021;StB 1 Neustadt;04 Leipziger Vorstadt, Pieschen;17 Jahre;87
2021;StB 1 Neustadt;04 Leipziger Vorstadt, Pieschen;18 Jahre;101
2021;StB 1 Neustadt;04 Leipziger Vorstadt, Pieschen;19 Jahre;136
2021;StB 1 Neustadt;04 Leipziger Vorstadt, Pieschen;20 Jahre;165
2021;StB 1 Neustadt;04 Leipziger Vorstadt, Pieschen;21 Jahre;181
2021;StB 1 Neustadt;04 Leipziger Vorstadt, Pieschen;22 Jahre;228
2021;StB 1 Neustadt;04 Leipziger Vorstadt, Pieschen;23 Jahre;294
2021;StB 1 Neustadt;04 Leipziger Vorstadt, Pieschen;24 Jahre;285
2021;StB 1 Neustadt;04 Leipziger Vorstadt, Pieschen;25 Jahre;299
2021;StB 1 Neustadt;04 Leipziger Vorstadt, Pieschen;26 Jahre;279
2021;StB 1 Neustadt;04 Leipziger Vorstadt, Pieschen;27 Jahre;295
2021;StB 1 Neustadt;04 Leipziger Vorstadt, Pieschen;28 Jahre;295
2021;StB 1 Neustadt;04 Leipziger Vorstadt, Pieschen;29 Jahre;301
2021;StB 1 Neustadt;04 Leipziger Vorstadt, Pieschen;30 Jahre;325
2021;StB 1 Neustadt;04 Leipziger Vorstadt, Pieschen;31 Jahre;417
2021;StB 1 Neustadt;04 Leipziger Vorstadt, Pieschen;32 Jahre;409
2021;StB 1 Neustadt;04 Leipziger Vorstadt, Pieschen;33 Jahre;398
2021;StB 1 Neustadt;04 Leipziger Vorstadt, Pieschen;34 Jahre;347
2021;StB 1 Neustadt;04 Leipziger Vorstadt, Pieschen;35 Jahre;322
2021;StB 1 Neustadt;04 Leipziger Vorstadt, Pieschen;36 Jahre;300
2021;StB 1 Neustadt;04 Leipziger Vorstadt, Pieschen;37 Jahre;295
2021;StB 1 Neustadt;04 Leipziger Vorstadt, Pieschen;38 Jahre;295
2021;StB 1 Neustadt;04 Leipziger Vorstadt, Pieschen;39 Jahre;295
2021;StB 1 Neustadt;04 Leipziger Vorstadt, Pieschen;40 Jahre;258
2021;StB 1 Neustadt;04 Leipziger Vorstadt, Pieschen;41 Jahre;263
2021;StB 1 Neustadt;04 Leipziger Vorstadt, Pieschen;42 Jahre;269
2021;StB 1 Neustadt;04 Leipziger Vorstadt, Pieschen;43 Jahre;260
2021;StB 1 Neustadt;04 Leipziger Vorstadt, Pieschen;44 Jahre;218
2021;StB 1 Neustadt;04 Leipziger Vorstadt, Pieschen;45 Jahre;190
2021;StB 1 Neustadt;04 Leipziger Vorstadt, Pieschen;46 Jahre;156
2021;StB 1 Neustadt;04 Leipziger Vorstadt, Pieschen;47 Jahre;129
2021;StB 1 Neustadt;04 Leipziger Vorstadt, Pieschen;48 Jahre;132
2021;StB 1 Neustadt;04 Leipziger Vorstadt, Pieschen;49 Jahre;133
2021;StB 1 Neustadt;04 Leipziger Vorstadt, Pieschen;50 Jahre;147
2021;StB 1 Neustadt;04 Leipziger Vorstadt, Pieschen;51 Jahre;115
2021;StB 1 Neustadt;04 Leipziger Vorstadt, Pieschen;52 Jahre;97
2021;StB 1 Neustadt;04 Leipziger Vorstadt, Pieschen;53 Jahre;109
2021;StB 1 Neustadt;04 Leipziger Vorstadt, Pieschen;54 Jahre;106
2021;StB 1 Neustadt;04 Leipziger Vorstadt, Pieschen;55 Jahre;98
2021;StB 1 Neustadt;04 Leipziger Vorstadt, Pieschen;56 Jahre;89
2021;StB 1 Neustadt;04 Leipziger Vorstadt, Pieschen;57 Jahre;93
2021;StB 1 Neustadt;04 Leipziger Vorstadt, Pieschen;58 Jahre;99
2021;StB 1 Neustadt;04 Leipziger Vorstadt, Pieschen;59 Jahre;87
2021;StB 1 Neustadt;04 Leipziger Vorstadt, Pieschen;60 Jahre;88
2021;StB 1 Neustadt;04 Leipziger Vorstadt, Pieschen;61 Jahre;77
2021;StB 1 Neustadt;04 Leipziger Vorstadt, Pieschen;62 Jahre;62
2021;StB 1 Neustadt;04 Leipziger Vorstadt, Pieschen;63 Jahre;59
2021;StB 1 Neustadt;04 Leipziger Vorstadt, Pieschen;64 Jahre;57
2021;StB 1 Neustadt;04 Leipziger Vorstadt, Pieschen;65 Jahre;62
2021;StB 1 Neustadt;04 Leipziger Vorstadt, Pieschen;66 Jahre;51
2021;StB 1 Neustadt;04 Leipziger Vorstadt, Pieschen;67 Jahre;50
2021;StB 1 Neustadt;04 Leipziger Vorstadt, Pieschen;68 Jahre;43
2021;StB 1 Neustadt;04 Leipziger Vorstadt, Pieschen;69 Jahre;47
2021;StB 1 Neustadt;04 Leipziger Vorstadt, Pieschen;70 Jahre;50
2021;StB 1 Neustadt;04 Leipziger Vorstadt, Pieschen;71 Jahre;58
2021;StB 1 Neustadt;04 Leipziger Vorstadt, Pieschen;72 Jahre;37
2021;StB 1 Neustadt;04 Leipziger Vorstadt, Pieschen;73 Jahre;36
2021;StB 1 Neustadt;04 Leipziger Vorstadt, Pieschen;74 Jahre;39
2021;StB 1 Neustadt;04 Leipziger Vorstadt, Pieschen;75 Jahre;24
2021;StB 1 Neustadt;04 Leipziger Vorstadt, Pieschen;76 Jahre;24
2021;StB 1 Neustadt;04 Leipziger Vorstadt, Pieschen;77 Jahre;52
2021;StB 1 Neustadt;04 Leipziger Vorstadt, Pieschen;78 Jahre;38
2021;StB 1 Neustadt;04 Leipziger Vorstadt, Pieschen;79 Jahre;34
2021;StB 1 Neustadt;04 Leipziger Vorstadt, Pieschen;80 Jahre;37
2021;StB 1 Neustadt;04 Leipziger Vorstadt, Pieschen;81 Jahre;43
2021;StB 1 Neustadt;04 Leipziger Vorstadt, Pieschen;82 Jahre;32
2021;StB 1 Neustadt;04 Leipziger Vorstadt, Pieschen;83 Jahre;31
2021;StB 1 Neustadt;04 Leipziger Vorstadt, Pieschen;84 Jahre;21
2021;StB 1 Neustadt;04 Leipziger Vorstadt, Pieschen;85 Jahre u.älter;109
2021;StB 2 Pieschen;04 Leipziger Vorstadt, Pieschen;0 Jahre;326
2021;StB 2 Pieschen;04 Leipziger Vorstadt, Pieschen;1 Jahre;253
2021;StB 2 Pieschen;04 Leipziger Vorstadt, Pieschen;2 Jahre;303
2021;StB 2 Pieschen;04 Leipziger Vorstadt, Pieschen;3 Jahre;289
2021;StB 2 Pieschen;04 Leipziger Vorstadt, Pieschen;4 Jahre;316
2021;StB 2 Pieschen;04 Leipziger Vorstadt, Pieschen;5 Jahre;289
2021;StB 2 Pieschen;04 Leipziger Vorstadt, Pieschen;6 Jahre;304
2021;StB 2 Pieschen;04 Leipziger Vorstadt, Pieschen;7 Jahre;289
2021;StB 2 Pieschen;04 Leipziger Vorstadt, Pieschen;8 Jahre;260
2021;StB 2 Pieschen;04 Leipziger Vorstadt, Pieschen;9 Jahre;260
2021;StB 2 Pieschen;04 Leipziger Vorstadt, Pieschen;10 Jahre;251
2021;StB 2 Pieschen;04 Leipziger Vorstadt, Pieschen;11 Jahre;266
2021;StB 2 Pieschen;04 Leipziger Vorstadt, Pieschen;12 Jahre;246
2021;StB 2 Pieschen;04 Leipziger Vorstadt, Pieschen;13 Jahre;239
2021;StB 2 Pieschen;04 Leipziger Vorstadt, Pieschen;14 Jahre;238
2021;StB 2 Pieschen;04 Leipziger Vorstadt, Pieschen;15 Jahre;207
2021;StB 2 Pieschen;04 Leipziger Vorstadt, Pieschen;16 Jahre;190
2021;StB 2 Pieschen;04 Leipziger Vorstadt, Pieschen;17 Jahre;176
2021;StB 2 Pieschen;04 Leipziger Vorstadt, Pieschen;18 Jahre;197
2021;StB 2 Pieschen;04 Leipziger Vorstadt, Pieschen;19 Jahre;203
2021;StB 2 Pieschen;04 Leipziger Vorstadt, Pieschen;20 Jahre;240
2021;StB 2 Pieschen;04 Leipziger Vorstadt, Pieschen;21 Jahre;313
2021;StB 2 Pieschen;04 Leipziger Vorstadt, Pieschen;22 Jahre;317
2021;StB 2 Pieschen;04 Leipziger Vorstadt, Pieschen;23 Jahre;340
2021;StB 2 Pieschen;04 Leipziger Vorstadt, Pieschen;24 Jahre;384
2021;StB 2 Pieschen;04 Leipziger Vorstadt, Pieschen;25 Jahre;387
2021;StB 2 Pieschen;04 Leipziger Vorstadt, Pieschen;26 Jahre;400
2021;StB 2 Pieschen;04 Leipziger Vorstadt, Pieschen;27 Jahre;386
2021;StB 2 Pieschen;04 Leipziger Vorstadt, Pieschen;28 Jahre;391
2021;StB 2 Pieschen;04 Leipziger Vorstadt, Pieschen;29 Jahre;426
2021;StB 2 Pieschen;04 Leipziger Vorstadt, Pieschen;30 Jahre;421
2021;StB 2 Pieschen;04 Leipziger Vorstadt, Pieschen;31 Jahre;633
2021;StB 2 Pieschen;04 Leipziger Vorstadt, Pieschen;32 Jahre;619
2021;StB 2 Pieschen;04 Leipziger Vorstadt, Pieschen;33 Jahre;613
2021;StB 2 Pieschen;04 Leipziger Vorstadt, Pieschen;34 Jahre;654
2021;StB 2 Pieschen;04 Leipziger Vorstadt, Pieschen;35 Jahre;591
2021;StB 2 Pieschen;04 Leipziger Vorstadt, Pieschen;36 Jahre;580
2021;StB 2 Pieschen;04 Leipziger Vorstadt, Pieschen;37 Jahre;547
2021;StB 2 Pieschen;04 Leipziger Vorstadt, Pieschen;38 Jahre;578
2021;StB 2 Pieschen;04 Leipziger Vorstadt, Pieschen;39 Jahre;539
2021;StB 2 Pieschen;04 Leipziger Vorstadt, Pieschen;40 Jahre;490
2021;StB 2 Pieschen;04 Leipziger Vorstadt, Pieschen;41 Jahre;478
2021;StB 2 Pieschen;04 Leipziger Vorstadt, Pieschen;42 Jahre;451
2021;StB 2 Pieschen;04 Leipziger Vorstadt, Pieschen;43 Jahre;412
2021;StB 2 Pieschen;04 Leipziger Vorstadt, Pieschen;44 Jahre;376
2021;StB 2 Pieschen;04 Leipziger Vorstadt, Pieschen;45 Jahre;320
2021;StB 2 Pieschen;04 Leipziger Vorstadt, Pieschen;46 Jahre;299
2021;StB 2 Pieschen;04 Leipziger Vorstadt, Pieschen;47 Jahre;285
2021;StB 2 Pieschen;04 Leipziger Vorstadt, Pieschen;48 Jahre;250
2021;StB 2 Pieschen;04 Leipziger Vorstadt, Pieschen;49 Jahre;268
2021;StB 2 Pieschen;04 Leipziger Vorstadt, Pieschen;50 Jahre;284
2021;StB 2 Pieschen;04 Leipziger Vorstadt, Pieschen;51 Jahre;251
2021;StB 2 Pieschen;04 Leipziger Vorstadt, Pieschen;52 Jahre;257
2021;StB 2 Pieschen;04 Leipziger Vorstadt, Pieschen;53 Jahre;271
2021;StB 2 Pieschen;04 Leipziger Vorstadt, Pieschen;54 Jahre;247
2021;StB 2 Pieschen;04 Leipziger Vorstadt, Pieschen;55 Jahre;247
2021;StB 2 Pieschen;04 Leipziger Vorstadt, Pieschen;56 Jahre;274
2021;StB 2 Pieschen;04 Leipziger Vorstadt, Pieschen;57 Jahre;255
2021;StB 2 Pieschen;04 Leipziger Vorstadt, Pieschen;58 Jahre;267
2021;StB 2 Pieschen;04 Leipziger Vorstadt, Pieschen;59 Jahre;251
2021;StB 2 Pieschen;04 Leipziger Vorstadt, Pieschen;60 Jahre;256
2021;StB 2 Pieschen;04 Leipziger Vorstadt, Pieschen;61 Jahre;228
2021;StB 2 Pieschen;04 Leipziger Vorstadt, Pieschen;62 Jahre;217
2021;StB 2 Pieschen;04 Leipziger Vorstadt, Pieschen;63 Jahre;185
2021;StB 2 Pieschen;04 Leipziger Vorstadt, Pieschen;64 Jahre;178
2021;StB 2 Pieschen;04 Leipziger Vorstadt, Pieschen;65 Jahre;164
2021;StB 2 Pieschen;04 Leipziger Vorstadt, Pieschen;66 Jahre;160
2021;StB 2 Pieschen;04 Leipziger Vorstadt, Pieschen;67 Jahre;160
2021;StB 2 Pieschen;04 Leipziger Vorstadt, Pieschen;68 Jahre;154
2021;StB 2 Pieschen;04 Leipziger Vorstadt, Pieschen;69 Jahre;162
2021;StB 2 Pieschen;04 Leipziger Vorstadt, Pieschen;70 Jahre;171
2021;StB 2 Pieschen;04 Leipziger Vorstadt, Pieschen;71 Jahre;130
2021;StB 2 Pieschen;04 Leipziger Vorstadt, Pieschen;72 Jahre;141
2021;StB 2 Pieschen;04 Leipziger Vorstadt, Pieschen;73 Jahre;95
2021;StB 2 Pieschen;04 Leipziger Vorstadt, Pieschen;74 Jahre;123
2021;StB 2 Pieschen;04 Leipziger Vorstadt, Pieschen;75 Jahre;77
2021;StB 2 Pieschen;04 Leipziger Vorstadt, Pieschen;76 Jahre;92
2021;StB 2 Pieschen;04 Leipziger Vorstadt, Pieschen;77 Jahre;122
2021;StB 2 Pieschen;04 Leipziger Vorstadt, Pieschen;78 Jahre;147
2021;StB 2 Pieschen;04 Leipziger Vorstadt, Pieschen;79 Jahre;97
2021;StB 2 Pieschen;04 Leipziger Vorstadt, Pieschen;80 Jahre;123
2021;StB 2 Pieschen;04 Leipziger Vorstadt, Pieschen;81 Jahre;135
2021;StB 2 Pieschen;04 Leipziger Vorstadt, Pieschen;82 Jahre;104
2021;StB 2 Pieschen;04 Leipziger Vorstadt, Pieschen;83 Jahre;97
2021;StB 2 Pieschen;04 Leipziger Vorstadt, Pieschen;84 Jahre;87
2021;StB 2 Pieschen;04 Leipziger Vorstadt, Pieschen;85 Jahre u.älter;475
2021;StB 2 Pieschen;05 Mickten, Kaditz, Trachau;0 Jahre;300
2021;StB 2 Pieschen;05 Mickten, Kaditz, Trachau;1 Jahre;280
2021;StB 2 Pieschen;05 Mickten, Kaditz, Trachau;2 Jahre;285
2021;StB 2 Pieschen;05 Mickten, Kaditz, Trachau;3 Jahre;295
2021;StB 2 Pieschen;05 Mickten, Kaditz, Trachau;4 Jahre;327
2021;StB 2 Pieschen;05 Mickten, Kaditz, Trachau;5 Jahre;313
2021;StB 2 Pieschen;05 Mickten, Kaditz, Trachau;6 Jahre;310
2021;StB 2 Pieschen;05 Mickten, Kaditz, Trachau;7 Jahre;316
2021;StB 2 Pieschen;05 Mickten, Kaditz, Trachau;8 Jahre;330
2021;StB 2 Pieschen;05 Mickten, Kaditz, Trachau;9 Jahre;310
2021;StB 2 Pieschen;05 Mickten, Kaditz, Trachau;10 Jahre;302
2021;StB 2 Pieschen;05 Mickten, Kaditz, Trachau;11 Jahre;310
2021;StB 2 Pieschen;05 Mickten, Kaditz, Trachau;12 Jahre;262
2021;StB 2 Pieschen;05 Mickten, Kaditz, Trachau;13 Jahre;259
2021;StB 2 Pieschen;05 Mickten, Kaditz, Trachau;14 Jahre;310
2021;StB 2 Pieschen;05 Mickten, Kaditz, Trachau;15 Jahre;273
2021;StB 2 Pieschen;05 Mickten, Kaditz, Trachau;16 Jahre;257
2021;StB 2 Pieschen;05 Mickten, Kaditz, Trachau;17 Jahre;237
2021;StB 2 Pieschen;05 Mickten, Kaditz, Trachau;18 Jahre;219
2021;StB 2 Pieschen;05 Mickten, Kaditz, Trachau;19 Jahre;251
2021;StB 2 Pieschen;05 Mickten, Kaditz, Trachau;20 Jahre;234
2021;StB 2 Pieschen;05 Mickten, Kaditz, Trachau;21 Jahre;256
2021;StB 2 Pieschen;05 Mickten, Kaditz, Trachau;22 Jahre;258
2021;StB 2 Pieschen;05 Mickten, Kaditz, Trachau;23 Jahre;292
2021;StB 2 Pieschen;05 Mickten, Kaditz, Trachau;24 Jahre;270
2021;StB 2 Pieschen;05 Mickten, Kaditz, Trachau;25 Jahre;276
2021;StB 2 Pieschen;05 Mickten, Kaditz, Trachau;26 Jahre;249
2021;StB 2 Pieschen;05 Mickten, Kaditz, Trachau;27 Jahre;254
2021;StB 2 Pieschen;05 Mickten, Kaditz, Trachau;28 Jahre;292
2021;StB 2 Pieschen;05 Mickten, Kaditz, Trachau;29 Jahre;269
2021;StB 2 Pieschen;05 Mickten, Kaditz, Trachau;30 Jahre;337
2021;StB 2 Pieschen;05 Mickten, Kaditz, Trachau;31 Jahre;544
2021;StB 2 Pieschen;05 Mickten, Kaditz, Trachau;32 Jahre;530
2021;StB 2 Pieschen;05 Mickten, Kaditz, Trachau;33 Jahre;555
2021;StB 2 Pieschen;05 Mickten, Kaditz, Trachau;34 Jahre;558
2021;StB 2 Pieschen;05 Mickten, Kaditz, Trachau;35 Jahre;554
2021;StB 2 Pieschen;05 Mickten, Kaditz, Trachau;36 Jahre;536
2021;StB 2 Pieschen;05 Mickten, Kaditz, Trachau;37 Jahre;510
2021;StB 2 Pieschen;05 Mickten, Kaditz, Trachau;38 Jahre;509
2021;StB 2 Pieschen;05 Mickten, Kaditz, Trachau;39 Jahre;549
2021;StB 2 Pieschen;05 Mickten, Kaditz, Trachau;40 Jahre;495
2021;StB 2 Pieschen;05 Mickten, Kaditz, Trachau;41 Jahre;522
2021;StB 2 Pieschen;05 Mickten, Kaditz, Trachau;42 Jahre;472
2021;StB 2 Pieschen;05 Mickten, Kaditz, Trachau;43 Jahre;483
2021;StB 2 Pieschen;05 Mickten, Kaditz, Trachau;44 Jahre;440
2021;StB 2 Pieschen;05 Mickten, Kaditz, Trachau;45 Jahre;360
2021;StB 2 Pieschen;05 Mickten, Kaditz, Trachau;46 Jahre;342
2021;StB 2 Pieschen;05 Mickten, Kaditz, Trachau;47 Jahre;317
2021;StB 2 Pieschen;05 Mickten, Kaditz, Trachau;48 Jahre;313
2021;StB 2 Pieschen;05 Mickten, Kaditz, Trachau;49 Jahre;320
2021;StB 2 Pieschen;05 Mickten, Kaditz, Trachau;50 Jahre;423
2021;StB 2 Pieschen;05 Mickten, Kaditz, Trachau;51 Jahre;382
2021;StB 2 Pieschen;05 Mickten, Kaditz, Trachau;52 Jahre;426
2021;StB 2 Pieschen;05 Mickten, Kaditz, Trachau;53 Jahre;376
2021;StB 2 Pieschen;05 Mickten, Kaditz, Trachau;54 Jahre;404
2021;StB 2 Pieschen;05 Mickten, Kaditz, Trachau;55 Jahre;398
2021;StB 2 Pieschen;05 Mickten, Kaditz, Trachau;56 Jahre;383
2021;StB 2 Pieschen;05 Mickten, Kaditz, Trachau;57 Jahre;368
2021;StB 2 Pieschen;05 Mickten, Kaditz, Trachau;58 Jahre;434
2021;StB 2 Pieschen;05 Mickten, Kaditz, Trachau;59 Jahre;384
2021;StB 2 Pieschen;05 Mickten, Kaditz, Trachau;60 Jahre;376
2021;StB 2 Pieschen;05 Mickten, Kaditz, Trachau;61 Jahre;336
2021;StB 2 Pieschen;05 Mickten, Kaditz, Trachau;62 Jahre;340
2021;StB 2 Pieschen;05 Mickten, Kaditz, Trachau;63 Jahre;303
2021;StB 2 Pieschen;05 Mickten, Kaditz, Trachau;64 Jahre;304
2021;StB 2 Pieschen;05 Mickten, Kaditz, Trachau;65 Jahre;272
2021;StB 2 Pieschen;05 Mickten, Kaditz, Trachau;66 Jahre;271
2021;StB 2 Pieschen;05 Mickten, Kaditz, Trachau;67 Jahre;305
2021;StB 2 Pieschen;05 Mickten, Kaditz, Trachau;68 Jahre;276
2021;StB 2 Pieschen;05 Mickten, Kaditz, Trachau;69 Jahre;260
2021;StB 2 Pieschen;05 Mickten, Kaditz, Trachau;70 Jahre;305
2021;StB 2 Pieschen;05 Mickten, Kaditz, Trachau;71 Jahre;307
2021;StB 2 Pieschen;05 Mickten, Kaditz, Trachau;72 Jahre;241
2021;StB 2 Pieschen;05 Mickten, Kaditz, Trachau;73 Jahre;184
2021;StB 2 Pieschen;05 Mickten, Kaditz, Trachau;74 Jahre;188
2021;StB 2 Pieschen;05 Mickten, Kaditz, Trachau;75 Jahre;152
2021;StB 2 Pieschen;05 Mickten, Kaditz, Trachau;76 Jahre;190
2021;StB 2 Pieschen;05 Mickten, Kaditz, Trachau;77 Jahre;294
2021;StB 2 Pieschen;05 Mickten, Kaditz, Trachau;78 Jahre;272
2021;StB 2 Pieschen;05 Mickten, Kaditz, Trachau;79 Jahre;239
2021;StB 2 Pieschen;05 Mickten, Kaditz, Trachau;80 Jahre;259
2021;StB 2 Pieschen;05 Mickten, Kaditz, Trachau;81 Jahre;296
2021;StB 2 Pieschen;05 Mickten, Kaditz, Trachau;82 Jahre;258
2021;StB 2 Pieschen;05 Mickten, Kaditz, Trachau;83 Jahre;211
2021;StB 2 Pieschen;05 Mickten, Kaditz, Trachau;84 Jahre;186
2021;StB 2 Pieschen;05 Mickten, Kaditz, Trachau;85 Jahre u.älter;817
2021;StB 3 Klotzsche/nördliche Ortschaften;06 StB Klotzsche und nördliche OS;0 Jahre;204
2021;StB 3 Klotzsche/nördliche Ortschaften;06 StB Klotzsche und nördliche OS;1 Jahre;239
2021;StB 3 Klotzsche/nördliche Ortschaften;06 StB Klotzsche und nördliche OS;2 Jahre;266
2021;StB 3 Klotzsche/nördliche Ortschaften;06 StB Klotzsche und nördliche OS;3 Jahre;287
2021;StB 3 Klotzsche/nördliche Ortschaften;06 StB Klotzsche und nördliche OS;4 Jahre;325
2021;StB 3 Klotzsche/nördliche Ortschaften;06 StB Klotzsche und nördliche OS;5 Jahre;353
2021;StB 3 Klotzsche/nördliche Ortschaften;06 StB Klotzsche und nördliche OS;6 Jahre;335
2021;StB 3 Klotzsche/nördliche Ortschaften;06 StB Klotzsche und nördliche OS;7 Jahre;364
2021;StB 3 Klotzsche/nördliche Ortschaften;06 StB Klotzsche und nördliche OS;8 Jahre;342
2021;StB 3 Klotzsche/nördliche Ortschaften;06 StB Klotzsche und nördliche OS;9 Jahre;341
2021;StB 3 Klotzsche/nördliche Ortschaften;06 StB Klotzsche und nördliche OS;10 Jahre;373
2021;StB 3 Klotzsche/nördliche Ortschaften;06 StB Klotzsche und nördliche OS;11 Jahre;363
2021;StB 3 Klotzsche/nördliche Ortschaften;06 StB Klotzsche und nördliche OS;12 Jahre;358
2021;StB 3 Klotzsche/nördliche Ortschaften;06 StB Klotzsche und nördliche OS;13 Jahre;357
2021;StB 3 Klotzsche/nördliche Ortschaften;06 StB Klotzsche und nördliche OS;14 Jahre;354
2021;StB 3 Klotzsche/nördliche Ortschaften;06 StB Klotzsche und nördliche OS;15 Jahre;310
2021;StB 3 Klotzsche/nördliche Ortschaften;06 StB Klotzsche und nördliche OS;16 Jahre;324
2021;StB 3 Klotzsche/nördliche Ortschaften;06 StB Klotzsche und nördliche OS;17 Jahre;341
2021;StB 3 Klotzsche/nördliche Ortschaften;06 StB Klotzsche und nördliche OS;18 Jahre;329
2021;StB 3 Klotzsche/nördliche Ortschaften;06 StB Klotzsche und nördliche OS;19 Jahre;254
2021;StB 3 Klotzsche/nördliche Ortschaften;06 StB Klotzsche und nördliche OS;20 Jahre;222
2021;StB 3 Klotzsche/nördliche Ortschaften;06 StB Klotzsche und nördliche OS;21 Jahre;209
2021;StB 3 Klotzsche/nördliche Ortschaften;06 StB Klotzsche und nördliche OS;22 Jahre;189
2021;StB 3 Klotzsche/nördliche Ortschaften;06 StB Klotzsche und nördliche OS;23 Jahre;166
2021;StB 3 Klotzsche/nördliche Ortschaften;06 StB Klotzsche und nördliche OS;24 Jahre;162
2021;StB 3 Klotzsche/nördliche Ortschaften;06 StB Klotzsche und nördliche OS;25 Jahre;160
2021;StB 3 Klotzsche/nördliche Ortschaften;06 StB Klotzsche und nördliche OS;26 Jahre;137
2021;StB 3 Klotzsche/nördliche Ortschaften;06 StB Klotzsche und nördliche OS;27 Jahre;125
2021;StB 3 Klotzsche/nördliche Ortschaften;06 StB Klotzsche und nördliche OS;28 Jahre;137
2021;StB 3 Klotzsche/nördliche Ortschaften;06 StB Klotzsche und nördliche OS;29 Jahre;141
2021;StB 3 Klotzsche/nördliche Ortschaften;06 StB Klotzsche und nördliche OS;30 Jahre;182
2021;StB 3 Klotzsche/nördliche Ortschaften;06 StB Klotzsche und nördliche OS;31 Jahre;268
2021;StB 3 Klotzsche/nördliche Ortschaften;06 StB Klotzsche und nördliche OS;32 Jahre;314
2021;StB 3 Klotzsche/nördliche Ortschaften;06 StB Klotzsche und nördliche OS;33 Jahre;356
2021;StB 3 Klotzsche/nördliche Ortschaften;06 StB Klotzsche und nördliche OS;34 Jahre;369
2021;StB 3 Klotzsche/nördliche Ortschaften;06 StB Klotzsche und nördliche OS;35 Jahre;347
2021;StB 3 Klotzsche/nördliche Ortschaften;06 StB Klotzsche und nördliche OS;36 Jahre;371
2021;StB 3 Klotzsche/nördliche Ortschaften;06 StB Klotzsche und nördliche OS;37 Jahre;380
2021;StB 3 Klotzsche/nördliche Ortschaften;06 StB Klotzsche und nördliche OS;38 Jahre;400
2021;StB 3 Klotzsche/nördliche Ortschaften;06 StB Klotzsche und nördliche OS;39 Jahre;386
2021;StB 3 Klotzsche/nördliche Ortschaften;06 StB Klotzsche und nördliche OS;40 Jahre;457
2021;StB 3 Klotzsche/nördliche Ortschaften;06 StB Klotzsche und nördliche OS;41 Jahre;436
2021;StB 3 Klotzsche/nördliche Ortschaften;06 StB Klotzsche und nördliche OS;42 Jahre;455
2021;StB 3 Klotzsche/nördliche Ortschaften;06 StB Klotzsche und nördliche OS;43 Jahre;501
2021;StB 3 Klotzsche/nördliche Ortschaften;06 StB Klotzsche und nördliche OS;44 Jahre;463
2021;StB 3 Klotzsche/nördliche Ortschaften;06 StB Klotzsche und nördliche OS;45 Jahre;395
2021;StB 3 Klotzsche/nördliche Ortschaften;06 StB Klotzsche und nördliche OS;46 Jahre;416
2021;StB 3 Klotzsche/nördliche Ortschaften;06 StB Klotzsche und nördliche OS;47 Jahre;372
2021;StB 3 Klotzsche/nördliche Ortschaften;06 StB Klotzsche und nördliche OS;48 Jahre;331
2021;StB 3 Klotzsche/nördliche Ortschaften;06 StB Klotzsche und nördliche OS;49 Jahre;446
2021;StB 3 Klotzsche/nördliche Ortschaften;06 StB Klotzsche und nördliche OS;50 Jahre;484
2021;StB 3 Klotzsche/nördliche Ortschaften;06 StB Klotzsche und nördliche OS;51 Jahre;511
2021;StB 3 Klotzsche/nördliche Ortschaften;06 StB Klotzsche und nördliche OS;52 Jahre;479
2021;StB 3 Klotzsche/nördliche Ortschaften;06 StB Klotzsche und nördliche OS;53 Jahre;526
2021;StB 3 Klotzsche/nördliche Ortschaften;06 StB Klotzsche und nördliche OS;54 Jahre;527
2021;StB 3 Klotzsche/nördliche Ortschaften;06 StB Klotzsche und nördliche OS;55 Jahre;538
2021;StB 3 Klotzsche/nördliche Ortschaften;06 StB Klotzsche und nördliche OS;56 Jahre;504
2021;StB 3 Klotzsche/nördliche Ortschaften;06 StB Klotzsche und nördliche OS;57 Jahre;558
2021;StB 3 Klotzsche/nördliche Ortschaften;06 StB Klotzsche und nördliche OS;58 Jahre;501
2021;StB 3 Klotzsche/nördliche Ortschaften;06 StB Klotzsche und nördliche OS;59 Jahre;523
2021;StB 3 Klotzsche/nördliche Ortschaften;06 StB Klotzsche und nördliche OS;60 Jahre;506
2021;StB 3 Klotzsche/nördliche Ortschaften;06 StB Klotzsche und nördliche OS;61 Jahre;444
2021;StB 3 Klotzsche/nördliche Ortschaften;06 StB Klotzsche und nördliche OS;62 Jahre;476
2021;StB 3 Klotzsche/nördliche Ortschaften;06 StB Klotzsche und nördliche OS;63 Jahre;442
2021;StB 3 Klotzsche/nördliche Ortschaften;06 StB Klotzsche und nördliche OS;64 Jahre;430
2021;StB 3 Klotzsche/nördliche Ortschaften;06 StB Klotzsche und nördliche OS;65 Jahre;417
2021;StB 3 Klotzsche/nördliche Ortschaften;06 StB Klotzsche und nördliche OS;66 Jahre;424
2021;StB 3 Klotzsche/nördliche Ortschaften;06 StB Klotzsche und nördliche OS;67 Jahre;421
2021;StB 3 Klotzsche/nördliche Ortschaften;06 StB Klotzsche und nördliche OS;68 Jahre;384
2021;StB 3 Klotzsche/nördliche Ortschaften;06 StB Klotzsche und nördliche OS;69 Jahre;420
2021;StB 3 Klotzsche/nördliche Ortschaften;06 StB Klotzsche und nördliche OS;70 Jahre;370
2021;StB 3 Klotzsche/nördliche Ortschaften;06 StB Klotzsche und nördliche OS;71 Jahre;381
2021;StB 3 Klotzsche/nördliche Ortschaften;06 StB Klotzsche und nördliche OS;72 Jahre;338
2021;StB 3 Klotzsche/nördliche Ortschaften;06 StB Klotzsche und nördliche OS;73 Jahre;279
2021;StB 3 Klotzsche/nördliche Ortschaften;06 StB Klotzsche und nördliche OS;74 Jahre;314
2021;StB 3 Klotzsche/nördliche Ortschaften;06 StB Klotzsche und nördliche OS;75 Jahre;201
2021;StB 3 Klotzsche/nördliche Ortschaften;06 StB Klotzsche und nördliche OS;76 Jahre;251
2021;StB 3 Klotzsche/nördliche Ortschaften;06 StB Klotzsche und nördliche OS;77 Jahre;366
2021;StB 3 Klotzsche/nördliche Ortschaften;06 StB Klotzsche und nördliche OS;78 Jahre;407
2021;StB 3 Klotzsche/nördliche Ortschaften;06 StB Klotzsche und nördliche OS;79 Jahre;326
2021;StB 3 Klotzsche/nördliche Ortschaften;06 StB Klotzsche und nördliche OS;80 Jahre;381
2021;StB 3 Klotzsche/nördliche Ortschaften;06 StB Klotzsche und nördliche OS;81 Jahre;378
2021;StB 3 Klotzsche/nördliche Ortschaften;06 StB Klotzsche und nördliche OS;82 Jahre;325
2021;StB 3 Klotzsche/nördliche Ortschaften;06 StB Klotzsche und nördliche OS;83 Jahre;257
2021;StB 3 Klotzsche/nördliche Ortschaften;06 StB Klotzsche und nördliche OS;84 Jahre;251
2021;StB 3 Klotzsche/nördliche Ortschaften;06 StB Klotzsche und nördliche OS;85 Jahre u.älter;1242
2021;StB 4 Loschwitz/OS Schönfeld-Weißig;07 StB Loschwitz und OS Schönfeld-Weißig;0 Jahre;244
2021;StB 4 Loschwitz/OS Schönfeld-Weißig;07 StB Loschwitz und OS Schönfeld-Weißig;1 Jahre;238
2021;StB 4 Loschwitz/OS Schönfeld-Weißig;07 StB Loschwitz und OS Schönfeld-Weißig;2 Jahre;269
2021;StB 4 Loschwitz/OS Schönfeld-Weißig;07 StB Loschwitz und OS Schönfeld-Weißig;3 Jahre;316
2021;StB 4 Loschwitz/OS Schönfeld-Weißig;07 StB Loschwitz und OS Schönfeld-Weißig;4 Jahre;328
2021;StB 4 Loschwitz/OS Schönfeld-Weißig;07 StB Loschwitz und OS Schönfeld-Weißig;5 Jahre;381
2021;StB 4 Loschwitz/OS Schönfeld-Weißig;07 StB Loschwitz und OS Schönfeld-Weißig;6 Jahre;358
2021;StB 4 Loschwitz/OS Schönfeld-Weißig;07 StB Loschwitz und OS Schönfeld-Weißig;7 Jahre;384
2021;StB 4 Loschwitz/OS Schönfeld-Weißig;07 StB Loschwitz und OS Schönfeld-Weißig;8 Jahre;374
2021;StB 4 Loschwitz/OS Schönfeld-Weißig;07 StB Loschwitz und OS Schönfeld-Weißig;9 Jahre;399
2021;StB 4 Loschwitz/OS Schönfeld-Weißig;07 StB Loschwitz und OS Schönfeld-Weißig;10 Jahre;393
2021;StB 4 Loschwitz/OS Schönfeld-Weißig;07 StB Loschwitz und OS Schönfeld-Weißig;11 Jahre;388
2021;StB 4 Loschwitz/OS Schönfeld-Weißig;07 StB Loschwitz und OS Schönfeld-Weißig;12 Jahre;396
2021;StB 4 Loschwitz/OS Schönfeld-Weißig;07 StB Loschwitz und OS Schönfeld-Weißig;13 Jahre;414
2021;StB 4 Loschwitz/OS Schönfeld-Weißig;07 StB Loschwitz und OS Schönfeld-Weißig;14 Jahre;421
2021;StB 4 Loschwitz/OS Schönfeld-Weißig;07 StB Loschwitz und OS Schönfeld-Weißig;15 Jahre;387
2021;StB 4 Loschwitz/OS Schönfeld-Weißig;07 StB Loschwitz und OS Schönfeld-Weißig;16 Jahre;344
2021;StB 4 Loschwitz/OS Schönfeld-Weißig;07 StB Loschwitz und OS Schönfeld-Weißig;17 Jahre;367
2021;StB 4 Loschwitz/OS Schönfeld-Weißig;07 StB Loschwitz und OS Schönfeld-Weißig;18 Jahre;365
2021;StB 4 Loschwitz/OS Schönfeld-Weißig;07 StB Loschwitz und OS Schönfeld-Weißig;19 Jahre;277
2021;StB 4 Loschwitz/OS Schönfeld-Weißig;07 StB Loschwitz und OS Schönfeld-Weißig;20 Jahre;256
2021;StB 4 Loschwitz/OS Schönfeld-Weißig;07 StB Loschwitz und OS Schönfeld-Weißig;21 Jahre;210
2021;StB 4 Loschwitz/OS Schönfeld-Weißig;07 StB Loschwitz und OS Schönfeld-Weißig;22 Jahre;196
2021;StB 4 Loschwitz/OS Schönfeld-Weißig;07 StB Loschwitz und OS Schönfeld-Weißig;23 Jahre;172
2021;StB 4 Loschwitz/OS Schönfeld-Weißig;07 StB Loschwitz und OS Schönfeld-Weißig;24 Jahre;168
2021;StB 4 Loschwitz/OS Schönfeld-Weißig;07 StB Loschwitz und OS Schönfeld-Weißig;25 Jahre;150
2021;StB 4 Loschwitz/OS Schönfeld-Weißig;07 StB Loschwitz und OS Schönfeld-Weißig;26 Jahre;134
2021;StB 4 Loschwitz/OS Schönfeld-Weißig;07 StB Loschwitz und OS Schönfeld-Weißig;27 Jahre;123
2021;StB 4 Loschwitz/OS Schönfeld-Weißig;07 StB Loschwitz und OS Schönfeld-Weißig;28 Jahre;167
2021;StB 4 Loschwitz/OS Schönfeld-Weißig;07 StB Loschwitz und OS Schönfeld-Weißig;29 Jahre;152
2021;StB 4 Loschwitz/OS Schönfeld-Weißig;07 StB Loschwitz und OS Schönfeld-Weißig;30 Jahre;210
2021;StB 4 Loschwitz/OS Schönfeld-Weißig;07 StB Loschwitz und OS Schönfeld-Weißig;31 Jahre;263
2021;StB 4 Loschwitz/OS Schönfeld-Weißig;07 StB Loschwitz und OS Schönfeld-Weißig;32 Jahre;324
2021;StB 4 Loschwitz/OS Schönfeld-Weißig;07 StB Loschwitz und OS Schönfeld-Weißig;33 Jahre;328
2021;StB 4 Loschwitz/OS Schönfeld-Weißig;07 StB Loschwitz und OS Schönfeld-Weißig;34 Jahre;351
2021;StB 4 Loschwitz/OS Schönfeld-Weißig;07 StB Loschwitz und OS Schönfeld-Weißig;35 Jahre;331
2021;StB 4 Loschwitz/OS Schönfeld-Weißig;07 StB Loschwitz und OS Schönfeld-Weißig;36 Jahre;401
2021;StB 4 Loschwitz/OS Schönfeld-Weißig;07 StB Loschwitz und OS Schönfeld-Weißig;37 Jahre;390
2021;StB 4 Loschwitz/OS Schönfeld-Weißig;07 StB Loschwitz und OS Schönfeld-Weißig;38 Jahre;401
2021;StB 4 Loschwitz/OS Schönfeld-Weißig;07 StB Loschwitz und OS Schönfeld-Weißig;39 Jahre;446
2021;StB 4 Loschwitz/OS Schönfeld-Weißig;07 StB Loschwitz und OS Schönfeld-Weißig;40 Jahre;428
2021;StB 4 Loschwitz/OS Schönfeld-Weißig;07 StB Loschwitz und OS Schönfeld-Weißig;41 Jahre;463
2021;StB 4 Loschwitz/OS Schönfeld-Weißig;07 StB Loschwitz und OS Schönfeld-Weißig;42 Jahre;525
2021;StB 4 Loschwitz/OS Schönfeld-Weißig;07 StB Loschwitz und OS Schönfeld-Weißig;43 Jahre;492
2021;StB 4 Loschwitz/OS Schönfeld-Weißig;07 StB Loschwitz und OS Schönfeld-Weißig;44 Jahre;516
2021;StB 4 Loschwitz/OS Schönfeld-Weißig;07 StB Loschwitz und OS Schönfeld-Weißig;45 Jahre;524
2021;StB 4 Loschwitz/OS Schönfeld-Weißig;07 StB Loschwitz und OS Schönfeld-Weißig;46 Jahre;444
2021;StB 4 Loschwitz/OS Schönfeld-Weißig;07 StB Loschwitz und OS Schönfeld-Weißig;47 Jahre;488
2021;StB 4 Loschwitz/OS Schönfeld-Weißig;07 StB Loschwitz und OS Schönfeld-Weißig;48 Jahre;447
2021;StB 4 Loschwitz/OS Schönfeld-Weißig;07 StB Loschwitz und OS Schönfeld-Weißig;49 Jahre;485
2021;StB 4 Loschwitz/OS Schönfeld-Weißig;07 StB Loschwitz und OS Schönfeld-Weißig;50 Jahre;539
2021;StB 4 Loschwitz/OS Schönfeld-Weißig;07 StB Loschwitz und OS Schönfeld-Weißig;51 Jahre;559
2021;StB 4 Loschwitz/OS Schönfeld-Weißig;07 StB Loschwitz und OS Schönfeld-Weißig;52 Jahre;541
2021;StB 4 Loschwitz/OS Schönfeld-Weißig;07 StB Loschwitz und OS Schönfeld-Weißig;53 Jahre;539
2021;StB 4 Loschwitz/OS Schönfeld-Weißig;07 StB Loschwitz und OS Schönfeld-Weißig;54 Jahre;572
2021;StB 4 Loschwitz/OS Schönfeld-Weißig;07 StB Loschwitz und OS Schönfeld-Weißig;55 Jahre;551
2021;StB 4 Loschwitz/OS Schönfeld-Weißig;07 StB Loschwitz und OS Schönfeld-Weißig;56 Jahre;608
2021;StB 4 Loschwitz/OS Schönfeld-Weißig;07 StB Loschwitz und OS Schönfeld-Weißig;57 Jahre;568
2021;StB 4 Loschwitz/OS Schönfeld-Weißig;07 StB Loschwitz und OS Schönfeld-Weißig;58 Jahre;572
2021;StB 4 Loschwitz/OS Schönfeld-Weißig;07 StB Loschwitz und OS Schönfeld-Weißig;59 Jahre;548
2021;StB 4 Loschwitz/OS Schönfeld-Weißig;07 StB Loschwitz und OS Schönfeld-Weißig;60 Jahre;529
2021;StB 4 Loschwitz/OS Schönfeld-Weißig;07 StB Loschwitz und OS Schönfeld-Weißig;61 Jahre;495
2021;StB 4 Loschwitz/OS Schönfeld-Weißig;07 StB Loschwitz und OS Schönfeld-Weißig;62 Jahre;471
2021;StB 4 Loschwitz/OS Schönfeld-Weißig;07 StB Loschwitz und OS Schönfeld-Weißig;63 Jahre;407
2021;StB 4 Loschwitz/OS Schönfeld-Weißig;07 StB Loschwitz und OS Schönfeld-Weißig;64 Jahre;397
2021;StB 4 Loschwitz/OS Schönfeld-Weißig;07 StB Loschwitz und OS Schönfeld-Weißig;65 Jahre;388
2021;StB 4 Loschwitz/OS Schönfeld-Weißig;07 StB Loschwitz und OS Schönfeld-Weißig;66 Jahre;438
2021;StB 4 Loschwitz/OS Schönfeld-Weißig;07 StB Loschwitz und OS Schönfeld-Weißig;67 Jahre;437
2021;StB 4 Loschwitz/OS Schönfeld-Weißig;07 StB Loschwitz und OS Schönfeld-Weißig;68 Jahre;448
2021;StB 4 Loschwitz/OS Schönfeld-Weißig;07 StB Loschwitz und OS Schönfeld-Weißig;69 Jahre;440
2021;StB 4 Loschwitz/OS Schönfeld-Weißig;07 StB Loschwitz und OS Schönfeld-Weißig;70 Jahre;439
2021;StB 4 Loschwitz/OS Schönfeld-Weißig;07 StB Loschwitz und OS Schönfeld-Weißig;71 Jahre;410
2021;StB 4 Loschwitz/OS Schönfeld-Weißig;07 StB Loschwitz und OS Schönfeld-Weißig;72 Jahre;354
2021;StB 4 Loschwitz/OS Schönfeld-Weißig;07 StB Loschwitz und OS Schönfeld-Weißig;73 Jahre;280
2021;StB 4 Loschwitz/OS Schönfeld-Weißig;07 StB Loschwitz und OS Schönfeld-Weißig;74 Jahre;314
2021;StB 4 Loschwitz/OS Schönfeld-Weißig;07 StB Loschwitz und OS Schönfeld-Weißig;75 Jahre;242
2021;StB 4 Loschwitz/OS Schönfeld-Weißig;07 StB Loschwitz und OS Schönfeld-Weißig;76 Jahre;285
2021;StB 4 Loschwitz/OS Schönfeld-Weißig;07 StB Loschwitz und OS Schönfeld-Weißig;77 Jahre;407
2021;StB 4 Loschwitz/OS Schönfeld-Weißig;07 StB Loschwitz und OS Schönfeld-Weißig;78 Jahre;404
2021;StB 4 Loschwitz/OS Schönfeld-Weißig;07 StB Loschwitz und OS Schönfeld-Weißig;79 Jahre;378
2021;StB 4 Loschwitz/OS Schönfeld-Weißig;07 StB Loschwitz und OS Schönfeld-Weißig;80 Jahre;400
2021;StB 4 Loschwitz/OS Schönfeld-Weißig;07 StB Loschwitz und OS Schönfeld-Weißig;81 Jahre;412
2021;StB 4 Loschwitz/OS Schönfeld-Weißig;07 StB Loschwitz und OS Schönfeld-Weißig;82 Jahre;380
2021;StB 4 Loschwitz/OS Schönfeld-Weißig;07 StB Loschwitz und OS Schönfeld-Weißig;83 Jahre;321
2021;StB 4 Loschwitz/OS Schönfeld-Weißig;07 StB Loschwitz und OS Schönfeld-Weißig;84 Jahre;301
2021;StB 4 Loschwitz/OS Schönfeld-Weißig;07 StB Loschwitz und OS Schönfeld-Weißig;85 Jahre u.älter;1261
2021;StB 5 Blasewitz;08 Blasewitz, Striesen;0 Jahre;518
2021;StB 5 Blasewitz;08 Blasewitz, Striesen;1 Jahre;557
2021;StB 5 Blasewitz;08 Blasewitz, Striesen;2 Jahre;578
2021;StB 5 Blasewitz;08 Blasewitz, Striesen;3 Jahre;584
2021;StB 5 Blasewitz;08 Blasewitz, Striesen;4 Jahre;578
2021;StB 5 Blasewitz;08 Blasewitz, Striesen;5 Jahre;598
2021;StB 5 Blasewitz;08 Blasewitz, Striesen;6 Jahre;577
2021;StB 5 Blasewitz;08 Blasewitz, Striesen;7 Jahre;575
2021;StB 5 Blasewitz;08 Blasewitz, Striesen;8 Jahre;492
2021;StB 5 Blasewitz;08 Blasewitz, Striesen;9 Jahre;553
2021;StB 5 Blasewitz;08 Blasewitz, Striesen;10 Jahre;520
2021;StB 5 Blasewitz;08 Blasewitz, Striesen;11 Jahre;507
2021;StB 5 Blasewitz;08 Blasewitz, Striesen;12 Jahre;532
2021;StB 5 Blasewitz;08 Blasewitz, Striesen;13 Jahre;484
2021;StB 5 Blasewitz;08 Blasewitz, Striesen;14 Jahre;467
2021;StB 5 Blasewitz;08 Blasewitz, Striesen;15 Jahre;445
2021;StB 5 Blasewitz;08 Blasewitz, Striesen;16 Jahre;460
2021;StB 5 Blasewitz;08 Blasewitz, Striesen;17 Jahre;415
2021;StB 5 Blasewitz;08 Blasewitz, Striesen;18 Jahre;441
2021;StB 5 Blasewitz;08 Blasewitz, Striesen;19 Jahre;449
2021;StB 5 Blasewitz;08 Blasewitz, Striesen;20 Jahre;436
2021;StB 5 Blasewitz;08 Blasewitz, Striesen;21 Jahre;529
2021;StB 5 Blasewitz;08 Blasewitz, Striesen;22 Jahre;531
2021;StB 5 Blasewitz;08 Blasewitz, Striesen;23 Jahre;604
2021;StB 5 Blasewitz;08 Blasewitz, Striesen;24 Jahre;646
2021;StB 5 Blasewitz;08 Blasewitz, Striesen;25 Jahre;563
2021;StB 5 Blasewitz;08 Blasewitz, Striesen;26 Jahre;593
2021;StB 5 Blasewitz;08 Blasewitz, Striesen;27 Jahre;581
2021;StB 5 Blasewitz;08 Blasewitz, Striesen;28 Jahre;556
2021;StB 5 Blasewitz;08 Blasewitz, Striesen;29 Jahre;533
2021;StB 5 Blasewitz;08 Blasewitz, Striesen;30 Jahre;622
2021;StB 5 Blasewitz;08 Blasewitz, Striesen;31 Jahre;925
2021;StB 5 Blasewitz;08 Blasewitz, Striesen;32 Jahre;919
2021;StB 5 Blasewitz;08 Blasewitz, Striesen;33 Jahre;889
2021;StB 5 Blasewitz;08 Blasewitz, Striesen;34 Jahre;921
2021;StB 5 Blasewitz;08 Blasewitz, Striesen;35 Jahre;873
2021;StB 5 Blasewitz;08 Blasewitz, Striesen;36 Jahre;861
2021;StB 5 Blasewitz;08 Blasewitz, Striesen;37 Jahre;750
2021;StB 5 Blasewitz;08 Blasewitz, Striesen;38 Jahre;822
2021;StB 5 Blasewitz;08 Blasewitz, Striesen;39 Jahre;848
2021;StB 5 Blasewitz;08 Blasewitz, Striesen;40 Jahre;761
2021;StB 5 Blasewitz;08 Blasewitz, Striesen;41 Jahre;724
2021;StB 5 Blasewitz;08 Blasewitz, Striesen;42 Jahre;717
2021;StB 5 Blasewitz;08 Blasewitz, Striesen;43 Jahre;762
2021;StB 5 Blasewitz;08 Blasewitz, Striesen;44 Jahre;705
2021;StB 5 Blasewitz;08 Blasewitz, Striesen;45 Jahre;684
2021;StB 5 Blasewitz;08 Blasewitz, Striesen;46 Jahre;593
2021;StB 5 Blasewitz;08 Blasewitz, Striesen;47 Jahre;601
2021;StB 5 Blasewitz;08 Blasewitz, Striesen;48 Jahre;623
2021;StB 5 Blasewitz;08 Blasewitz, Striesen;49 Jahre;620
2021;StB 5 Blasewitz;08 Blasewitz, Striesen;50 Jahre;663
2021;StB 5 Blasewitz;08 Blasewitz, Striesen;51 Jahre;682
2021;StB 5 Blasewitz;08 Blasewitz, Striesen;52 Jahre;676
2021;StB 5 Blasewitz;08 Blasewitz, Striesen;53 Jahre;691
2021;StB 5 Blasewitz;08 Blasewitz, Striesen;54 Jahre;677
2021;StB 5 Blasewitz;08 Blasewitz, Striesen;55 Jahre;748
2021;StB 5 Blasewitz;08 Blasewitz, Striesen;56 Jahre;679
2021;StB 5 Blasewitz;08 Blasewitz, Striesen;57 Jahre;673
2021;StB 5 Blasewitz;08 Blasewitz, Striesen;58 Jahre;677
2021;StB 5 Blasewitz;08 Blasewitz, Striesen;59 Jahre;591
2021;StB 5 Blasewitz;08 Blasewitz, Striesen;60 Jahre;597
2021;StB 5 Blasewitz;08 Blasewitz, Striesen;61 Jahre;549
2021;StB 5 Blasewitz;08 Blasewitz, Striesen;62 Jahre;515
2021;StB 5 Blasewitz;08 Blasewitz, Striesen;63 Jahre;463
2021;StB 5 Blasewitz;08 Blasewitz, Striesen;64 Jahre;383
2021;StB 5 Blasewitz;08 Blasewitz, Striesen;65 Jahre;413
2021;StB 5 Blasewitz;08 Blasewitz, Striesen;66 Jahre;434
2021;StB 5 Blasewitz;08 Blasewitz, Striesen;67 Jahre;431
2021;StB 5 Blasewitz;08 Blasewitz, Striesen;68 Jahre;457
2021;StB 5 Blasewitz;08 Blasewitz, Striesen;69 Jahre;429
2021;StB 5 Blasewitz;08 Blasewitz, Striesen;70 Jahre;452
2021;StB 5 Blasewitz;08 Blasewitz, Striesen;71 Jahre;423
2021;StB 5 Blasewitz;08 Blasewitz, Striesen;72 Jahre;367
2021;StB 5 Blasewitz;08 Blasewitz, Striesen;73 Jahre;313
2021;StB 5 Blasewitz;08 Blasewitz, Striesen;74 Jahre;364
2021;StB 5 Blasewitz;08 Blasewitz, Striesen;75 Jahre;245
2021;StB 5 Blasewitz;08 Blasewitz, Striesen;76 Jahre;280
2021;StB 5 Blasewitz;08 Blasewitz, Striesen;77 Jahre;425
2021;StB 5 Blasewitz;08 Blasewitz, Striesen;78 Jahre;486
2021;StB 5 Blasewitz;08 Blasewitz, Striesen;79 Jahre;456
2021;StB 5 Blasewitz;08 Blasewitz, Striesen;80 Jahre;586
2021;StB 5 Blasewitz;08 Blasewitz, Striesen;81 Jahre;583
2021;StB 5 Blasewitz;08 Blasewitz, Striesen;82 Jahre;593
2021;StB 5 Blasewitz;08 Blasewitz, Striesen;83 Jahre;503
2021;StB 5 Blasewitz;08 Blasewitz, Striesen;84 Jahre;448
2021;StB 5 Blasewitz;08 Blasewitz, Striesen;85 Jahre u.älter;1954
2021;StB 5 Blasewitz;09 Tolkewitz, Seidnitz, Gruna;0 Jahre;295
2021;StB 5 Blasewitz;09 Tolkewitz, Seidnitz, Gruna;1 Jahre;298
2021;StB 5 Blasewitz;09 Tolkewitz, Seidnitz, Gruna;2 Jahre;307
2021;StB 5 Blasewitz;09 Tolkewitz, Seidnitz, Gruna;3 Jahre;328
2021;StB 5 Blasewitz;09 Tolkewitz, Seidnitz, Gruna;4 Jahre;355
2021;StB 5 Blasewitz;09 Tolkewitz, Seidnitz, Gruna;5 Jahre;396
2021;StB 5 Blasewitz;09 Tolkewitz, Seidnitz, Gruna;6 Jahre;319
2021;StB 5 Blasewitz;09 Tolkewitz, Seidnitz, Gruna;7 Jahre;338
2021;StB 5 Blasewitz;09 Tolkewitz, Seidnitz, Gruna;8 Jahre;312
2021;StB 5 Blasewitz;09 Tolkewitz, Seidnitz, Gruna;9 Jahre;330
2021;StB 5 Blasewitz;09 Tolkewitz, Seidnitz, Gruna;10 Jahre;333
2021;StB 5 Blasewitz;09 Tolkewitz, Seidnitz, Gruna;11 Jahre;331
2021;StB 5 Blasewitz;09 Tolkewitz, Seidnitz, Gruna;12 Jahre;293
2021;StB 5 Blasewitz;09 Tolkewitz, Seidnitz, Gruna;13 Jahre;354
2021;StB 5 Blasewitz;09 Tolkewitz, Seidnitz, Gruna;14 Jahre;303
2021;StB 5 Blasewitz;09 Tolkewitz, Seidnitz, Gruna;15 Jahre;317
2021;StB 5 Blasewitz;09 Tolkewitz, Seidnitz, Gruna;16 Jahre;312
2021;StB 5 Blasewitz;09 Tolkewitz, Seidnitz, Gruna;17 Jahre;287
2021;StB 5 Blasewitz;09 Tolkewitz, Seidnitz, Gruna;18 Jahre;305
2021;StB 5 Blasewitz;09 Tolkewitz, Seidnitz, Gruna;19 Jahre;325
2021;StB 5 Blasewitz;09 Tolkewitz, Seidnitz, Gruna;20 Jahre;343
2021;StB 5 Blasewitz;09 Tolkewitz, Seidnitz, Gruna;21 Jahre;403
2021;StB 5 Blasewitz;09 Tolkewitz, Seidnitz, Gruna;22 Jahre;425
2021;StB 5 Blasewitz;09 Tolkewitz, Seidnitz, Gruna;23 Jahre;372
2021;StB 5 Blasewitz;09 Tolkewitz, Seidnitz, Gruna;24 Jahre;388
2021;StB 5 Blasewitz;09 Tolkewitz, Seidnitz, Gruna;25 Jahre;335
2021;StB 5 Blasewitz;09 Tolkewitz, Seidnitz, Gruna;26 Jahre;343
2021;StB 5 Blasewitz;09 Tolkewitz, Seidnitz, Gruna;27 Jahre;332
2021;StB 5 Blasewitz;09 Tolkewitz, Seidnitz, Gruna;28 Jahre;332
2021;StB 5 Blasewitz;09 Tolkewitz, Seidnitz, Gruna;29 Jahre;339
2021;StB 5 Blasewitz;09 Tolkewitz, Seidnitz, Gruna;30 Jahre;397
2021;StB 5 Blasewitz;09 Tolkewitz, Seidnitz, Gruna;31 Jahre;589
2021;StB 5 Blasewitz;09 Tolkewitz, Seidnitz, Gruna;32 Jahre;606
2021;StB 5 Blasewitz;09 Tolkewitz, Seidnitz, Gruna;33 Jahre;588
2021;StB 5 Blasewitz;09 Tolkewitz, Seidnitz, Gruna;34 Jahre;589
2021;StB 5 Blasewitz;09 Tolkewitz, Seidnitz, Gruna;35 Jahre;533
2021;StB 5 Blasewitz;09 Tolkewitz, Seidnitz, Gruna;36 Jahre;526
2021;StB 5 Blasewitz;09 Tolkewitz, Seidnitz, Gruna;37 Jahre;523
2021;StB 5 Blasewitz;09 Tolkewitz, Seidnitz, Gruna;38 Jahre;497
2021;StB 5 Blasewitz;09 Tolkewitz, Seidnitz, Gruna;39 Jahre;504
2021;StB 5 Blasewitz;09 Tolkewitz, Seidnitz, Gruna;40 Jahre;488
2021;StB 5 Blasewitz;09 Tolkewitz, Seidnitz, Gruna;41 Jahre;481
2021;StB 5 Blasewitz;09 Tolkewitz, Seidnitz, Gruna;42 Jahre;484
2021;StB 5 Blasewitz;09 Tolkewitz, Seidnitz, Gruna;43 Jahre;454
2021;StB 5 Blasewitz;09 Tolkewitz, Seidnitz, Gruna;44 Jahre;471
2021;StB 5 Blasewitz;09 Tolkewitz, Seidnitz, Gruna;45 Jahre;442
2021;StB 5 Blasewitz;09 Tolkewitz, Seidnitz, Gruna;46 Jahre;405
2021;StB 5 Blasewitz;09 Tolkewitz, Seidnitz, Gruna;47 Jahre;380
2021;StB 5 Blasewitz;09 Tolkewitz, Seidnitz, Gruna;48 Jahre;402
2021;StB 5 Blasewitz;09 Tolkewitz, Seidnitz, Gruna;49 Jahre;393
2021;StB 5 Blasewitz;09 Tolkewitz, Seidnitz, Gruna;50 Jahre;442
2021;StB 5 Blasewitz;09 Tolkewitz, Seidnitz, Gruna;51 Jahre;476
2021;StB 5 Blasewitz;09 Tolkewitz, Seidnitz, Gruna;52 Jahre;485
2021;StB 5 Blasewitz;09 Tolkewitz, Seidnitz, Gruna;53 Jahre;456
2021;StB 5 Blasewitz;09 Tolkewitz, Seidnitz, Gruna;54 Jahre;485
2021;StB 5 Blasewitz;09 Tolkewitz, Seidnitz, Gruna;55 Jahre;510
2021;StB 5 Blasewitz;09 Tolkewitz, Seidnitz, Gruna;56 Jahre;527
2021;StB 5 Blasewitz;09 Tolkewitz, Seidnitz, Gruna;57 Jahre;527
2021;StB 5 Blasewitz;09 Tolkewitz, Seidnitz, Gruna;58 Jahre;513
2021;StB 5 Blasewitz;09 Tolkewitz, Seidnitz, Gruna;59 Jahre;529
2021;StB 5 Blasewitz;09 Tolkewitz, Seidnitz, Gruna;60 Jahre;479
2021;StB 5 Blasewitz;09 Tolkewitz, Seidnitz, Gruna;61 Jahre;446
2021;StB 5 Blasewitz;09 Tolkewitz, Seidnitz, Gruna;62 Jahre;448
2021;StB 5 Blasewitz;09 Tolkewitz, Seidnitz, Gruna;63 Jahre;364
2021;StB 5 Blasewitz;09 Tolkewitz, Seidnitz, Gruna;64 Jahre;388
2021;StB 5 Blasewitz;09 Tolkewitz, Seidnitz, Gruna;65 Jahre;389
2021;StB 5 Blasewitz;09 Tolkewitz, Seidnitz, Gruna;66 Jahre;407
2021;StB 5 Blasewitz;09 Tolkewitz, Seidnitz, Gruna;67 Jahre;385
2021;StB 5 Blasewitz;09 Tolkewitz, Seidnitz, Gruna;68 Jahre;422
2021;StB 5 Blasewitz;09 Tolkewitz, Seidnitz, Gruna;69 Jahre;448
2021;StB 5 Blasewitz;09 Tolkewitz, Seidnitz, Gruna;70 Jahre;467
2021;StB 5 Blasewitz;09 Tolkewitz, Seidnitz, Gruna;71 Jahre;480
2021;StB 5 Blasewitz;09 Tolkewitz, Seidnitz, Gruna;72 Jahre;405
2021;StB 5 Blasewitz;09 Tolkewitz, Seidnitz, Gruna;73 Jahre;329
2021;StB 5 Blasewitz;09 Tolkewitz, Seidnitz, Gruna;74 Jahre;399
2021;StB 5 Blasewitz;09 Tolkewitz, Seidnitz, Gruna;75 Jahre;307
2021;StB 5 Blasewitz;09 Tolkewitz, Seidnitz, Gruna;76 Jahre;400
2021;StB 5 Blasewitz;09 Tolkewitz, Seidnitz, Gruna;77 Jahre;525
2021;StB 5 Blasewitz;09 Tolkewitz, Seidnitz, Gruna;78 Jahre;569
2021;StB 5 Blasewitz;09 Tolkewitz, Seidnitz, Gruna;79 Jahre;500
2021;StB 5 Blasewitz;09 Tolkewitz, Seidnitz, Gruna;80 Jahre;564
2021;StB 5 Blasewitz;09 Tolkewitz, Seidnitz, Gruna;81 Jahre;589
2021;StB 5 Blasewitz;09 Tolkewitz, Seidnitz, Gruna;82 Jahre;583
2021;StB 5 Blasewitz;09 Tolkewitz, Seidnitz, Gruna;83 Jahre;481
2021;StB 5 Blasewitz;09 Tolkewitz, Seidnitz, Gruna;84 Jahre;356
2021;StB 5 Blasewitz;09 Tolkewitz, Seidnitz, Gruna;85 Jahre u.älter;1603
2021;StB 6 Leuben;10 StB Leuben;0 Jahre;282
2021;StB 6 Leuben;10 StB Leuben;1 Jahre;328
2021;StB 6 Leuben;10 StB Leuben;2 Jahre;310
2021;StB 6 Leuben;10 StB Leuben;3 Jahre;330
2021;StB 6 Leuben;10 StB Leuben;4 Jahre;360
2021;StB 6 Leuben;10 StB Leuben;5 Jahre;364
2021;StB 6 Leuben;10 StB Leuben;6 Jahre;401
2021;StB 6 Leuben;10 StB Leuben;7 Jahre;344
2021;StB 6 Leuben;10 StB Leuben;8 Jahre;355
2021;StB 6 Leuben;10 StB Leuben;9 Jahre;367
2021;StB 6 Leuben;10 StB Leuben;10 Jahre;337
2021;StB 6 Leuben;10 StB Leuben;11 Jahre;402
2021;StB 6 Leuben;10 StB Leuben;12 Jahre;384
2021;StB 6 Leuben;10 StB Leuben;13 Jahre;359
2021;StB 6 Leuben;10 StB Leuben;14 Jahre;351
2021;StB 6 Leuben;10 StB Leuben;15 Jahre;327
2021;StB 6 Leuben;10 StB Leuben;16 Jahre;348
2021;StB 6 Leuben;10 StB Leuben;17 Jahre;346
2021;StB 6 Leuben;10 StB Leuben;18 Jahre;342
2021;StB 6 Leuben;10 StB Leuben;19 Jahre;341
2021;StB 6 Leuben;10 StB Leuben;20 Jahre;352
2021;StB 6 Leuben;10 StB Leuben;21 Jahre;317
2021;StB 6 Leuben;10 StB Leuben;22 Jahre;348
2021;StB 6 Leuben;10 StB Leuben;23 Jahre;288
2021;StB 6 Leuben;10 StB Leuben;24 Jahre;296
2021;StB 6 Leuben;10 StB Leuben;25 Jahre;261
2021;StB 6 Leuben;10 StB Leuben;26 Jahre;243
2021;StB 6 Leuben;10 StB Leuben;27 Jahre;236
2021;StB 6 Leuben;10 StB Leuben;28 Jahre;257
2021;StB 6 Leuben;10 StB Leuben;29 Jahre;242
2021;StB 6 Leuben;10 StB Leuben;30 Jahre;297
2021;StB 6 Leuben;10 StB Leuben;31 Jahre;438
2021;StB 6 Leuben;10 StB Leuben;32 Jahre;456
2021;StB 6 Leuben;10 StB Leuben;33 Jahre;468
2021;StB 6 Leuben;10 StB Leuben;34 Jahre;501
2021;StB 6 Leuben;10 StB Leuben;35 Jahre;497
2021;StB 6 Leuben;10 StB Leuben;36 Jahre;542
2021;StB 6 Leuben;10 StB Leuben;37 Jahre;484
2021;StB 6 Leuben;10 StB Leuben;38 Jahre;519
2021;StB 6 Leuben;10 StB Leuben;39 Jahre;515
2021;StB 6 Leuben;10 StB Leuben;40 Jahre;510
2021;StB 6 Leuben;10 StB Leuben;41 Jahre;525
2021;StB 6 Leuben;10 StB Leuben;42 Jahre;508
2021;StB 6 Leuben;10 StB Leuben;43 Jahre;557
2021;StB 6 Leuben;10 StB Leuben;44 Jahre;467
2021;StB 6 Leuben;10 StB Leuben;45 Jahre;516
2021;StB 6 Leuben;10 StB Leuben;46 Jahre;451
2021;StB 6 Leuben;10 StB Leuben;47 Jahre;437
2021;StB 6 Leuben;10 StB Leuben;48 Jahre;464
2021;StB 6 Leuben;10 StB Leuben;49 Jahre;500
2021;StB 6 Leuben;10 StB Leuben;50 Jahre;539
2021;StB 6 Leuben;10 StB Leuben;51 Jahre;566
2021;StB 6 Leuben;10 StB Leuben;52 Jahre;591
2021;StB 6 Leuben;10 StB Leuben;53 Jahre;648
2021;StB 6 Leuben;10 StB Leuben;54 Jahre;613
2021;StB 6 Leuben;10 StB Leuben;55 Jahre;612
2021;StB 6 Leuben;10 StB Leuben;56 Jahre;581
2021;StB 6 Leuben;10 StB Leuben;57 Jahre;599
2021;StB 6 Leuben;10 StB Leuben;58 Jahre;589
2021;StB 6 Leuben;10 StB Leuben;59 Jahre;589
2021;StB 6 Leuben;10 StB Leuben;60 Jahre;574
2021;StB 6 Leuben;10 StB Leuben;61 Jahre;505
2021;StB 6 Leuben;10 StB Leuben;62 Jahre;488
2021;StB 6 Leuben;10 StB Leuben;63 Jahre;381
2021;StB 6 Leuben;10 StB Leuben;64 Jahre;396
2021;StB 6 Leuben;10 StB Leuben;65 Jahre;442
2021;StB 6 Leuben;10 StB Leuben;66 Jahre;472
2021;StB 6 Leuben;10 StB Leuben;67 Jahre;516
2021;StB 6 Leuben;10 StB Leuben;68 Jahre;518
2021;StB 6 Leuben;10 StB Leuben;69 Jahre;522
2021;StB 6 Leuben;10 StB Leuben;70 Jahre;502
2021;StB 6 Leuben;10 StB Leuben;71 Jahre;556
2021;StB 6 Leuben;10 StB Leuben;72 Jahre;461
2021;StB 6 Leuben;10 StB Leuben;73 Jahre;436
2021;StB 6 Leuben;10 StB Leuben;74 Jahre;397
2021;StB 6 Leuben;10 StB Leuben;75 Jahre;301
2021;StB 6 Leuben;10 StB Leuben;76 Jahre;411
2021;StB 6 Leuben;10 StB Leuben;77 Jahre;545
2021;StB 6 Leuben;10 StB Leuben;78 Jahre;599
2021;StB 6 Leuben;10 StB Leuben;79 Jahre;536
2021;StB 6 Leuben;10 StB Leuben;80 Jahre;664
2021;StB 6 Leuben;10 StB Leuben;81 Jahre;591
2021;StB 6 Leuben;10 StB Leuben;82 Jahre;542
2021;StB 6 Leuben;10 StB Leuben;83 Jahre;417
2021;StB 6 Leuben;10 StB Leuben;84 Jahre;368
2021;StB 6 Leuben;10 StB Leuben;85 Jahre u.älter;1487
2021;StB 7 Prohlis;11 Prohlis, Reick (mit Sternhäuser, Am Koitschgraben);0 Jahre;192
2021;StB 7 Prohlis;11 Prohlis, Reick (mit Sternhäuser, Am Koitschgraben);1 Jahre;211
2021;StB 7 Prohlis;11 Prohlis, Reick (mit Sternhäuser, Am Koitschgraben);2 Jahre;204
2021;StB 7 Prohlis;11 Prohlis, Reick (mit Sternhäuser, Am Koitschgraben);3 Jahre;200
2021;StB 7 Prohlis;11 Prohlis, Reick (mit Sternhäuser, Am Koitschgraben);4 Jahre;209
2021;StB 7 Prohlis;11 Prohlis, Reick (mit Sternhäuser, Am Koitschgraben);5 Jahre;226
2021;StB 7 Prohlis;11 Prohlis, Reick (mit Sternhäuser, Am Koitschgraben);6 Jahre;214
2021;StB 7 Prohlis;11 Prohlis, Reick (mit Sternhäuser, Am Koitschgraben);7 Jahre;230
2021;StB 7 Prohlis;11 Prohlis, Reick (mit Sternhäuser, Am Koitschgraben);8 Jahre;243
2021;StB 7 Prohlis;11 Prohlis, Reick (mit Sternhäuser, Am Koitschgraben);9 Jahre;248
2021;StB 7 Prohlis;11 Prohlis, Reick (mit Sternhäuser, Am Koitschgraben);10 Jahre;216
2021;StB 7 Prohlis;11 Prohlis, Reick (mit Sternhäuser, Am Koitschgraben);11 Jahre;231
2021;StB 7 Prohlis;11 Prohlis, Reick (mit Sternhäuser, Am Koitschgraben);12 Jahre;190
2021;StB 7 Prohlis;11 Prohlis, Reick (mit Sternhäuser, Am Koitschgraben);13 Jahre;228
2021;StB 7 Prohlis;11 Prohlis, Reick (mit Sternhäuser, Am Koitschgraben);14 Jahre;225
2021;StB 7 Prohlis;11 Prohlis, Reick (mit Sternhäuser, Am Koitschgraben);15 Jahre;192
2021;StB 7 Prohlis;11 Prohlis, Reick (mit Sternhäuser, Am Koitschgraben);16 Jahre;206
2021;StB 7 Prohlis;11 Prohlis, Reick (mit Sternhäuser, Am Koitschgraben);17 Jahre;187
2021;StB 7 Prohlis;11 Prohlis, Reick (mit Sternhäuser, Am Koitschgraben);18 Jahre;195
2021;StB 7 Prohlis;11 Prohlis, Reick (mit Sternhäuser, Am Koitschgraben);19 Jahre;246
2021;StB 7 Prohlis;11 Prohlis, Reick (mit Sternhäuser, Am Koitschgraben);20 Jahre;257
2021;StB 7 Prohlis;11 Prohlis, Reick (mit Sternhäuser, Am Koitschgraben);21 Jahre;281
2021;StB 7 Prohlis;11 Prohlis, Reick (mit Sternhäuser, Am Koitschgraben);22 Jahre;259
2021;StB 7 Prohlis;11 Prohlis, Reick (mit Sternhäuser, Am Koitschgraben);23 Jahre;225
2021;StB 7 Prohlis;11 Prohlis, Reick (mit Sternhäuser, Am Koitschgraben);24 Jahre;246
2021;StB 7 Prohlis;11 Prohlis, Reick (mit Sternhäuser, Am Koitschgraben);25 Jahre;260
2021;StB 7 Prohlis;11 Prohlis, Reick (mit Sternhäuser, Am Koitschgraben);26 Jahre;205
2021;StB 7 Prohlis;11 Prohlis, Reick (mit Sternhäuser, Am Koitschgraben);27 Jahre;218
2021;StB 7 Prohlis;11 Prohlis, Reick (mit Sternhäuser, Am Koitschgraben);28 Jahre;254
2021;StB 7 Prohlis;11 Prohlis, Reick (mit Sternhäuser, Am Koitschgraben);29 Jahre;267
2021;StB 7 Prohlis;11 Prohlis, Reick (mit Sternhäuser, Am Koitschgraben);30 Jahre;284
2021;StB 7 Prohlis;11 Prohlis, Reick (mit Sternhäuser, Am Koitschgraben);31 Jahre;337
2021;StB 7 Prohlis;11 Prohlis, Reick (mit Sternhäuser, Am Koitschgraben);32 Jahre;328
2021;StB 7 Prohlis;11 Prohlis, Reick (mit Sternhäuser, Am Koitschgraben);33 Jahre;332
2021;StB 7 Prohlis;11 Prohlis, Reick (mit Sternhäuser, Am Koitschgraben);34 Jahre;345
2021;StB 7 Prohlis;11 Prohlis, Reick (mit Sternhäuser, Am Koitschgraben);35 Jahre;295
2021;StB 7 Prohlis;11 Prohlis, Reick (mit Sternhäuser, Am Koitschgraben);36 Jahre;295
2021;StB 7 Prohlis;11 Prohlis, Reick (mit Sternhäuser, Am Koitschgraben);37 Jahre;310
2021;StB 7 Prohlis;11 Prohlis, Reick (mit Sternhäuser, Am Koitschgraben);38 Jahre;307
2021;StB 7 Prohlis;11 Prohlis, Reick (mit Sternhäuser, Am Koitschgraben);39 Jahre;294
2021;StB 7 Prohlis;11 Prohlis, Reick (mit Sternhäuser, Am Koitschgraben);40 Jahre;295
2021;StB 7 Prohlis;11 Prohlis, Reick (mit Sternhäuser, Am Koitschgraben);41 Jahre;286
2021;StB 7 Prohlis;11 Prohlis, Reick (mit Sternhäuser, Am Koitschgraben);42 Jahre;258
2021;StB 7 Prohlis;11 Prohlis, Reick (mit Sternhäuser, Am Koitschgraben);43 Jahre;271
2021;StB 7 Prohlis;11 Prohlis, Reick (mit Sternhäuser, Am Koitschgraben);44 Jahre;284
2021;StB 7 Prohlis;11 Prohlis, Reick (mit Sternhäuser, Am Koitschgraben);45 Jahre;235
2021;StB 7 Prohlis;11 Prohlis, Reick (mit Sternhäuser, Am Koitschgraben);46 Jahre;247
2021;StB 7 Prohlis;11 Prohlis, Reick (mit Sternhäuser, Am Koitschgraben);47 Jahre;233
2021;StB 7 Prohlis;11 Prohlis, Reick (mit Sternhäuser, Am Koitschgraben);48 Jahre;204
2021;StB 7 Prohlis;11 Prohlis, Reick (mit Sternhäuser, Am Koitschgraben);49 Jahre;235
2021;StB 7 Prohlis;11 Prohlis, Reick (mit Sternhäuser, Am Koitschgraben);50 Jahre;273
2021;StB 7 Prohlis;11 Prohlis, Reick (mit Sternhäuser, Am Koitschgraben);51 Jahre;286
2021;StB 7 Prohlis;11 Prohlis, Reick (mit Sternhäuser, Am Koitschgraben);52 Jahre;217
2021;StB 7 Prohlis;11 Prohlis, Reick (mit Sternhäuser, Am Koitschgraben);53 Jahre;257
2021;StB 7 Prohlis;11 Prohlis, Reick (mit Sternhäuser, Am Koitschgraben);54 Jahre;255
2021;StB 7 Prohlis;11 Prohlis, Reick (mit Sternhäuser, Am Koitschgraben);55 Jahre;273
2021;StB 7 Prohlis;11 Prohlis, Reick (mit Sternhäuser, Am Koitschgraben);56 Jahre;293
2021;StB 7 Prohlis;11 Prohlis, Reick (mit Sternhäuser, Am Koitschgraben);57 Jahre;298
2021;StB 7 Prohlis;11 Prohlis, Reick (mit Sternhäuser, Am Koitschgraben);58 Jahre;294
2021;StB 7 Prohlis;11 Prohlis, Reick (mit Sternhäuser, Am Koitschgraben);59 Jahre;292
2021;StB 7 Prohlis;11 Prohlis, Reick (mit Sternhäuser, Am Koitschgraben);60 Jahre;283
2021;StB 7 Prohlis;11 Prohlis, Reick (mit Sternhäuser, Am Koitschgraben);61 Jahre;316
2021;StB 7 Prohlis;11 Prohlis, Reick (mit Sternhäuser, Am Koitschgraben);62 Jahre;297
2021;StB 7 Prohlis;11 Prohlis, Reick (mit Sternhäuser, Am Koitschgraben);63 Jahre;256
2021;StB 7 Prohlis;11 Prohlis, Reick (mit Sternhäuser, Am Koitschgraben);64 Jahre;262
2021;StB 7 Prohlis;11 Prohlis, Reick (mit Sternhäuser, Am Koitschgraben);65 Jahre;291
2021;StB 7 Prohlis;11 Prohlis, Reick (mit Sternhäuser, Am Koitschgraben);66 Jahre;308
2021;StB 7 Prohlis;11 Prohlis, Reick (mit Sternhäuser, Am Koitschgraben);67 Jahre;301
2021;StB 7 Prohlis;11 Prohlis, Reick (mit Sternhäuser, Am Koitschgraben);68 Jahre;325
2021;StB 7 Prohlis;11 Prohlis, Reick (mit Sternhäuser, Am Koitschgraben);69 Jahre;345
2021;StB 7 Prohlis;11 Prohlis, Reick (mit Sternhäuser, Am Koitschgraben);70 Jahre;396
2021;StB 7 Prohlis;11 Prohlis, Reick (mit Sternhäuser, Am Koitschgraben);71 Jahre;329
2021;StB 7 Prohlis;11 Prohlis, Reick (mit Sternhäuser, Am Koitschgraben);72 Jahre;335
2021;StB 7 Prohlis;11 Prohlis, Reick (mit Sternhäuser, Am Koitschgraben);73 Jahre;237
2021;StB 7 Prohlis;11 Prohlis, Reick (mit Sternhäuser, Am Koitschgraben);74 Jahre;271
2021;StB 7 Prohlis;11 Prohlis, Reick (mit Sternhäuser, Am Koitschgraben);75 Jahre;196
2021;StB 7 Prohlis;11 Prohlis, Reick (mit Sternhäuser, Am Koitschgraben);76 Jahre;238
2021;StB 7 Prohlis;11 Prohlis, Reick (mit Sternhäuser, Am Koitschgraben);77 Jahre;309
2021;StB 7 Prohlis;11 Prohlis, Reick (mit Sternhäuser, Am Koitschgraben);78 Jahre;270
2021;StB 7 Prohlis;11 Prohlis, Reick (mit Sternhäuser, Am Koitschgraben);79 Jahre;260
2021;StB 7 Prohlis;11 Prohlis, Reick (mit Sternhäuser, Am Koitschgraben);80 Jahre;289
2021;StB 7 Prohlis;11 Prohlis, Reick (mit Sternhäuser, Am Koitschgraben);81 Jahre;269
2021;StB 7 Prohlis;11 Prohlis, Reick (mit Sternhäuser, Am Koitschgraben);82 Jahre;242
2021;StB 7 Prohlis;11 Prohlis, Reick (mit Sternhäuser, Am Koitschgraben);83 Jahre;178
2021;StB 7 Prohlis;11 Prohlis, Reick (mit Sternhäuser, Am Koitschgraben);84 Jahre;190
2021;StB 7 Prohlis;11 Prohlis, Reick (mit Sternhäuser, Am Koitschgraben);85 Jahre u.älter;859
2021;StB 7 Prohlis;12 Niedersedlitz, Leubnitz, Strehlen (ohne Sternhäuser, Am Koitschgraben);0 Jahre;290
2021;StB 7 Prohlis;12 Niedersedlitz, Leubnitz, Strehlen (ohne Sternhäuser, Am Koitschgraben);1 Jahre;287
2021;StB 7 Prohlis;12 Niedersedlitz, Leubnitz, Strehlen (ohne Sternhäuser, Am Koitschgraben);2 Jahre;300
2021;StB 7 Prohlis;12 Niedersedlitz, Leubnitz, Strehlen (ohne Sternhäuser, Am Koitschgraben);3 Jahre;297
2021;StB 7 Prohlis;12 Niedersedlitz, Leubnitz, Strehlen (ohne Sternhäuser, Am Koitschgraben);4 Jahre;341
2021;StB 7 Prohlis;12 Niedersedlitz, Leubnitz, Strehlen (ohne Sternhäuser, Am Koitschgraben);5 Jahre;351
2021;StB 7 Prohlis;12 Niedersedlitz, Leubnitz, Strehlen (ohne Sternhäuser, Am Koitschgraben);6 Jahre;350
2021;StB 7 Prohlis;12 Niedersedlitz, Leubnitz, Strehlen (ohne Sternhäuser, Am Koitschgraben);7 Jahre;345
2021;StB 7 Prohlis;12 Niedersedlitz, Leubnitz, Strehlen (ohne Sternhäuser, Am Koitschgraben);8 Jahre;391
2021;StB 7 Prohlis;12 Niedersedlitz, Leubnitz, Strehlen (ohne Sternhäuser, Am Koitschgraben);9 Jahre;363
2021;StB 7 Prohlis;12 Niedersedlitz, Leubnitz, Strehlen (ohne Sternhäuser, Am Koitschgraben);10 Jahre;315
2021;StB 7 Prohlis;12 Niedersedlitz, Leubnitz, Strehlen (ohne Sternhäuser, Am Koitschgraben);11 Jahre;356
2021;StB 7 Prohlis;12 Niedersedlitz, Leubnitz, Strehlen (ohne Sternhäuser, Am Koitschgraben);12 Jahre;353
2021;StB 7 Prohlis;12 Niedersedlitz, Leubnitz, Strehlen (ohne Sternhäuser, Am Koitschgraben);13 Jahre;356
2021;StB 7 Prohlis;12 Niedersedlitz, Leubnitz, Strehlen (ohne Sternhäuser, Am Koitschgraben);14 Jahre;335
2021;StB 7 Prohlis;12 Niedersedlitz, Leubnitz, Strehlen (ohne Sternhäuser, Am Koitschgraben);15 Jahre;326
2021;StB 7 Prohlis;12 Niedersedlitz, Leubnitz, Strehlen (ohne Sternhäuser, Am Koitschgraben);16 Jahre;306
2021;StB 7 Prohlis;12 Niedersedlitz, Leubnitz, Strehlen (ohne Sternhäuser, Am Koitschgraben);17 Jahre;304
2021;StB 7 Prohlis;12 Niedersedlitz, Leubnitz, Strehlen (ohne Sternhäuser, Am Koitschgraben);18 Jahre;332
2021;StB 7 Prohlis;12 Niedersedlitz, Leubnitz, Strehlen (ohne Sternhäuser, Am Koitschgraben);19 Jahre;345
2021;StB 7 Prohlis;12 Niedersedlitz, Leubnitz, Strehlen (ohne Sternhäuser, Am Koitschgraben);20 Jahre;331
2021;StB 7 Prohlis;12 Niedersedlitz, Leubnitz, Strehlen (ohne Sternhäuser, Am Koitschgraben);21 Jahre;376
2021;StB 7 Prohlis;12 Niedersedlitz, Leubnitz, Strehlen (ohne Sternhäuser, Am Koitschgraben);22 Jahre;364
2021;StB 7 Prohlis;12 Niedersedlitz, Leubnitz, Strehlen (ohne Sternhäuser, Am Koitschgraben);23 Jahre;394
2021;StB 7 Prohlis;12 Niedersedlitz, Leubnitz, Strehlen (ohne Sternhäuser, Am Koitschgraben);24 Jahre;396
2021;StB 7 Prohlis;12 Niedersedlitz, Leubnitz, Strehlen (ohne Sternhäuser, Am Koitschgraben);25 Jahre;361
2021;StB 7 Prohlis;12 Niedersedlitz, Leubnitz, Strehlen (ohne Sternhäuser, Am Koitschgraben);26 Jahre;351
2021;StB 7 Prohlis;12 Niedersedlitz, Leubnitz, Strehlen (ohne Sternhäuser, Am Koitschgraben);27 Jahre;305
2021;StB 7 Prohlis;12 Niedersedlitz, Leubnitz, Strehlen (ohne Sternhäuser, Am Koitschgraben);28 Jahre;295
2021;StB 7 Prohlis;12 Niedersedlitz, Leubnitz, Strehlen (ohne Sternhäuser, Am Koitschgraben);29 Jahre;335
2021;StB 7 Prohlis;12 Niedersedlitz, Leubnitz, Strehlen (ohne Sternhäuser, Am Koitschgraben);30 Jahre;349
2021;StB 7 Prohlis;12 Niedersedlitz, Leubnitz, Strehlen (ohne Sternhäuser, Am Koitschgraben);31 Jahre;441
2021;StB 7 Prohlis;12 Niedersedlitz, Leubnitz, Strehlen (ohne Sternhäuser, Am Koitschgraben);32 Jahre;434
2021;StB 7 Prohlis;12 Niedersedlitz, Leubnitz, Strehlen (ohne Sternhäuser, Am Koitschgraben);33 Jahre;483
2021;StB 7 Prohlis;12 Niedersedlitz, Leubnitz, Strehlen (ohne Sternhäuser, Am Koitschgraben);34 Jahre;493
2021;StB 7 Prohlis;12 Niedersedlitz, Leubnitz, Strehlen (ohne Sternhäuser, Am Koitschgraben);35 Jahre;463
2021;StB 7 Prohlis;12 Niedersedlitz, Leubnitz, Strehlen (ohne Sternhäuser, Am Koitschgraben);36 Jahre;511
2021;StB 7 Prohlis;12 Niedersedlitz, Leubnitz, Strehlen (ohne Sternhäuser, Am Koitschgraben);37 Jahre;473
2021;StB 7 Prohlis;12 Niedersedlitz, Leubnitz, Strehlen (ohne Sternhäuser, Am Koitschgraben);38 Jahre;467
2021;StB 7 Prohlis;12 Niedersedlitz, Leubnitz, Strehlen (ohne Sternhäuser, Am Koitschgraben);39 Jahre;478
2021;StB 7 Prohlis;12 Niedersedlitz, Leubnitz, Strehlen (ohne Sternhäuser, Am Koitschgraben);40 Jahre;466
2021;StB 7 Prohlis;12 Niedersedlitz, Leubnitz, Strehlen (ohne Sternhäuser, Am Koitschgraben);41 Jahre;446
2021;StB 7 Prohlis;12 Niedersedlitz, Leubnitz, Strehlen (ohne Sternhäuser, Am Koitschgraben);42 Jahre;477
2021;StB 7 Prohlis;12 Niedersedlitz, Leubnitz, Strehlen (ohne Sternhäuser, Am Koitschgraben);43 Jahre;471
2021;StB 7 Prohlis;12 Niedersedlitz, Leubnitz, Strehlen (ohne Sternhäuser, Am Koitschgraben);44 Jahre;472
2021;StB 7 Prohlis;12 Niedersedlitz, Leubnitz, Strehlen (ohne Sternhäuser, Am Koitschgraben);45 Jahre;422
2021;StB 7 Prohlis;12 Niedersedlitz, Leubnitz, Strehlen (ohne Sternhäuser, Am Koitschgraben);46 Jahre;385
2021;StB 7 Prohlis;12 Niedersedlitz, Leubnitz, Strehlen (ohne Sternhäuser, Am Koitschgraben);47 Jahre;391
2021;StB 7 Prohlis;12 Niedersedlitz, Leubnitz, Strehlen (ohne Sternhäuser, Am Koitschgraben);48 Jahre;381
2021;StB 7 Prohlis;12 Niedersedlitz, Leubnitz, Strehlen (ohne Sternhäuser, Am Koitschgraben);49 Jahre;425
2021;StB 7 Prohlis;12 Niedersedlitz, Leubnitz, Strehlen (ohne Sternhäuser, Am Koitschgraben);50 Jahre;484
2021;StB 7 Prohlis;12 Niedersedlitz, Leubnitz, Strehlen (ohne Sternhäuser, Am Koitschgraben);51 Jahre;474
2021;StB 7 Prohlis;12 Niedersedlitz, Leubnitz, Strehlen (ohne Sternhäuser, Am Koitschgraben);52 Jahre;508
2021;StB 7 Prohlis;12 Niedersedlitz, Leubnitz, Strehlen (ohne Sternhäuser, Am Koitschgraben);53 Jahre;480
2021;StB 7 Prohlis;12 Niedersedlitz, Leubnitz, Strehlen (ohne Sternhäuser, Am Koitschgraben);54 Jahre;474
2021;StB 7 Prohlis;12 Niedersedlitz, Leubnitz, Strehlen (ohne Sternhäuser, Am Koitschgraben);55 Jahre;573
2021;StB 7 Prohlis;12 Niedersedlitz, Leubnitz, Strehlen (ohne Sternhäuser, Am Koitschgraben);56 Jahre;522
2021;StB 7 Prohlis;12 Niedersedlitz, Leubnitz, Strehlen (ohne Sternhäuser, Am Koitschgraben);57 Jahre;543
2021;StB 7 Prohlis;12 Niedersedlitz, Leubnitz, Strehlen (ohne Sternhäuser, Am Koitschgraben);58 Jahre;538
2021;StB 7 Prohlis;12 Niedersedlitz, Leubnitz, Strehlen (ohne Sternhäuser, Am Koitschgraben);59 Jahre;519
2021;StB 7 Prohlis;12 Niedersedlitz, Leubnitz, Strehlen (ohne Sternhäuser, Am Koitschgraben);60 Jahre;501
2021;StB 7 Prohlis;12 Niedersedlitz, Leubnitz, Strehlen (ohne Sternhäuser, Am Koitschgraben);61 Jahre;480
2021;StB 7 Prohlis;12 Niedersedlitz, Leubnitz, Strehlen (ohne Sternhäuser, Am Koitschgraben);62 Jahre;472
2021;StB 7 Prohlis;12 Niedersedlitz, Leubnitz, Strehlen (ohne Sternhäuser, Am Koitschgraben);63 Jahre;418
2021;StB 7 Prohlis;12 Niedersedlitz, Leubnitz, Strehlen (ohne Sternhäuser, Am Koitschgraben);64 Jahre;374
2021;StB 7 Prohlis;12 Niedersedlitz, Leubnitz, Strehlen (ohne Sternhäuser, Am Koitschgraben);65 Jahre;394
2021;StB 7 Prohlis;12 Niedersedlitz, Leubnitz, Strehlen (ohne Sternhäuser, Am Koitschgraben);66 Jahre;435
2021;StB 7 Prohlis;12 Niedersedlitz, Leubnitz, Strehlen (ohne Sternhäuser, Am Koitschgraben);67 Jahre;436
2021;StB 7 Prohlis;12 Niedersedlitz, Leubnitz, Strehlen (ohne Sternhäuser, Am Koitschgraben);68 Jahre;427
2021;StB 7 Prohlis;12 Niedersedlitz, Leubnitz, Strehlen (ohne Sternhäuser, Am Koitschgraben);69 Jahre;453
2021;StB 7 Prohlis;12 Niedersedlitz, Leubnitz, Strehlen (ohne Sternhäuser, Am Koitschgraben);70 Jahre;403
2021;StB 7 Prohlis;12 Niedersedlitz, Leubnitz, Strehlen (ohne Sternhäuser, Am Koitschgraben);71 Jahre;447
2021;StB 7 Prohlis;12 Niedersedlitz, Leubnitz, Strehlen (ohne Sternhäuser, Am Koitschgraben);72 Jahre;372
2021;StB 7 Prohlis;12 Niedersedlitz, Leubnitz, Strehlen (ohne Sternhäuser, Am Koitschgraben);73 Jahre;273
2021;StB 7 Prohlis;12 Niedersedlitz, Leubnitz, Strehlen (ohne Sternhäuser, Am Koitschgraben);74 Jahre;323
2021;StB 7 Prohlis;12 Niedersedlitz, Leubnitz, Strehlen (ohne Sternhäuser, Am Koitschgraben);75 Jahre;208
2021;StB 7 Prohlis;12 Niedersedlitz, Leubnitz, Strehlen (ohne Sternhäuser, Am Koitschgraben);76 Jahre;306
2021;StB 7 Prohlis;12 Niedersedlitz, Leubnitz, Strehlen (ohne Sternhäuser, Am Koitschgraben);77 Jahre;381
2021;StB 7 Prohlis;12 Niedersedlitz, Leubnitz, Strehlen (ohne Sternhäuser, Am Koitschgraben);78 Jahre;401
2021;StB 7 Prohlis;12 Niedersedlitz, Leubnitz, Strehlen (ohne Sternhäuser, Am Koitschgraben);79 Jahre;388
2021;StB 7 Prohlis;12 Niedersedlitz, Leubnitz, Strehlen (ohne Sternhäuser, Am Koitschgraben);80 Jahre;396
2021;StB 7 Prohlis;12 Niedersedlitz, Leubnitz, Strehlen (ohne Sternhäuser, Am Koitschgraben);81 Jahre;429
2021;StB 7 Prohlis;12 Niedersedlitz, Leubnitz, Strehlen (ohne Sternhäuser, Am Koitschgraben);82 Jahre;324
2021;StB 7 Prohlis;12 Niedersedlitz, Leubnitz, Strehlen (ohne Sternhäuser, Am Koitschgraben);83 Jahre;278
2021;StB 7 Prohlis;12 Niedersedlitz, Leubnitz, Strehlen (ohne Sternhäuser, Am Koitschgraben);84 Jahre;261
2021;StB 7 Prohlis;12 Niedersedlitz, Leubnitz, Strehlen (ohne Sternhäuser, Am Koitschgraben);85 Jahre u.älter;1060
2021;StB 8 Plauen;13 Südvorstadt, Zschertnitz;0 Jahre;272
2021;StB 8 Plauen;13 Südvorstadt, Zschertnitz;1 Jahre;304
2021;StB 8 Plauen;13 Südvorstadt, Zschertnitz;2 Jahre;281
2021;StB 8 Plauen;13 Südvorstadt, Zschertnitz;3 Jahre;271
2021;StB 8 Plauen;13 Südvorstadt, Zschertnitz;4 Jahre;290
2021;StB 8 Plauen;13 Südvorstadt, Zschertnitz;5 Jahre;297
2021;StB 8 Plauen;13 Südvorstadt, Zschertnitz;6 Jahre;283
2021;StB 8 Plauen;13 Südvorstadt, Zschertnitz;7 Jahre;280
2021;StB 8 Plauen;13 Südvorstadt, Zschertnitz;8 Jahre;286
2021;StB 8 Plauen;13 Südvorstadt, Zschertnitz;9 Jahre;293
2021;StB 8 Plauen;13 Südvorstadt, Zschertnitz;10 Jahre;281
2021;StB 8 Plauen;13 Südvorstadt, Zschertnitz;11 Jahre;259
2021;StB 8 Plauen;13 Südvorstadt, Zschertnitz;12 Jahre;256
2021;StB 8 Plauen;13 Südvorstadt, Zschertnitz;13 Jahre;239
2021;StB 8 Plauen;13 Südvorstadt, Zschertnitz;14 Jahre;212
2021;StB 8 Plauen;13 Südvorstadt, Zschertnitz;15 Jahre;196
2021;StB 8 Plauen;13 Südvorstadt, Zschertnitz;16 Jahre;222
2021;StB 8 Plauen;13 Südvorstadt, Zschertnitz;17 Jahre;220
2021;StB 8 Plauen;13 Südvorstadt, Zschertnitz;18 Jahre;400
2021;StB 8 Plauen;13 Südvorstadt, Zschertnitz;19 Jahre;626
2021;StB 8 Plauen;13 Südvorstadt, Zschertnitz;20 Jahre;867
2021;StB 8 Plauen;13 Südvorstadt, Zschertnitz;21 Jahre;1023
2021;StB 8 Plauen;13 Südvorstadt, Zschertnitz;22 Jahre;915
2021;StB 8 Plauen;13 Südvorstadt, Zschertnitz;23 Jahre;1013
2021;StB 8 Plauen;13 Südvorstadt, Zschertnitz;24 Jahre;1033
2021;StB 8 Plauen;13 Südvorstadt, Zschertnitz;25 Jahre;974
2021;StB 8 Plauen;13 Südvorstadt, Zschertnitz;26 Jahre;918
2021;StB 8 Plauen;13 Südvorstadt, Zschertnitz;27 Jahre;765
2021;StB 8 Plauen;13 Südvorstadt, Zschertnitz;28 Jahre;612
2021;StB 8 Plauen;13 Südvorstadt, Zschertnitz;29 Jahre;576
2021;StB 8 Plauen;13 Südvorstadt, Zschertnitz;30 Jahre;537
2021;StB 8 Plauen;13 Südvorstadt, Zschertnitz;31 Jahre;634
2021;StB 8 Plauen;13 Südvorstadt, Zschertnitz;32 Jahre;566
2021;StB 8 Plauen;13 Südvorstadt, Zschertnitz;33 Jahre;514
2021;StB 8 Plauen;13 Südvorstadt, Zschertnitz;34 Jahre;515
2021;StB 8 Plauen;13 Südvorstadt, Zschertnitz;35 Jahre;427
2021;StB 8 Plauen;13 Südvorstadt, Zschertnitz;36 Jahre;448
2021;StB 8 Plauen;13 Südvorstadt, Zschertnitz;37 Jahre;406
2021;StB 8 Plauen;13 Südvorstadt, Zschertnitz;38 Jahre;376
2021;StB 8 Plauen;13 Südvorstadt, Zschertnitz;39 Jahre;336
2021;StB 8 Plauen;13 Südvorstadt, Zschertnitz;40 Jahre;334
2021;StB 8 Plauen;13 Südvorstadt, Zschertnitz;41 Jahre;314
2021;StB 8 Plauen;13 Südvorstadt, Zschertnitz;42 Jahre;321
2021;StB 8 Plauen;13 Südvorstadt, Zschertnitz;43 Jahre;343
2021;StB 8 Plauen;13 Südvorstadt, Zschertnitz;44 Jahre;294
2021;StB 8 Plauen;13 Südvorstadt, Zschertnitz;45 Jahre;268
2021;StB 8 Plauen;13 Südvorstadt, Zschertnitz;46 Jahre;244
2021;StB 8 Plauen;13 Südvorstadt, Zschertnitz;47 Jahre;219
2021;StB 8 Plauen;13 Südvorstadt, Zschertnitz;48 Jahre;196
2021;StB 8 Plauen;13 Südvorstadt, Zschertnitz;49 Jahre;241
2021;StB 8 Plauen;13 Südvorstadt, Zschertnitz;50 Jahre;250
2021;StB 8 Plauen;13 Südvorstadt, Zschertnitz;51 Jahre;256
2021;StB 8 Plauen;13 Südvorstadt, Zschertnitz;52 Jahre;221
2021;StB 8 Plauen;13 Südvorstadt, Zschertnitz;53 Jahre;278
2021;StB 8 Plauen;13 Südvorstadt, Zschertnitz;54 Jahre;259
2021;StB 8 Plauen;13 Südvorstadt, Zschertnitz;55 Jahre;266
2021;StB 8 Plauen;13 Südvorstadt, Zschertnitz;56 Jahre;257
2021;StB 8 Plauen;13 Südvorstadt, Zschertnitz;57 Jahre;257
2021;StB 8 Plauen;13 Südvorstadt, Zschertnitz;58 Jahre;301
2021;StB 8 Plauen;13 Südvorstadt, Zschertnitz;59 Jahre;258
2021;StB 8 Plauen;13 Südvorstadt, Zschertnitz;60 Jahre;254
2021;StB 8 Plauen;13 Südvorstadt, Zschertnitz;61 Jahre;248
2021;StB 8 Plauen;13 Südvorstadt, Zschertnitz;62 Jahre;267
2021;StB 8 Plauen;13 Südvorstadt, Zschertnitz;63 Jahre;252
2021;StB 8 Plauen;13 Südvorstadt, Zschertnitz;64 Jahre;212
2021;StB 8 Plauen;13 Südvorstadt, Zschertnitz;65 Jahre;227
2021;StB 8 Plauen;13 Südvorstadt, Zschertnitz;66 Jahre;231
2021;StB 8 Plauen;13 Südvorstadt, Zschertnitz;67 Jahre;266
2021;StB 8 Plauen;13 Südvorstadt, Zschertnitz;68 Jahre;263
2021;StB 8 Plauen;13 Südvorstadt, Zschertnitz;69 Jahre;265
2021;StB 8 Plauen;13 Südvorstadt, Zschertnitz;70 Jahre;304
2021;StB 8 Plauen;13 Südvorstadt, Zschertnitz;71 Jahre;293
2021;StB 8 Plauen;13 Südvorstadt, Zschertnitz;72 Jahre;266
2021;StB 8 Plauen;13 Südvorstadt, Zschertnitz;73 Jahre;242
2021;StB 8 Plauen;13 Südvorstadt, Zschertnitz;74 Jahre;248
2021;StB 8 Plauen;13 Südvorstadt, Zschertnitz;75 Jahre;149
2021;StB 8 Plauen;13 Südvorstadt, Zschertnitz;76 Jahre;242
2021;StB 8 Plauen;13 Südvorstadt, Zschertnitz;77 Jahre;354
2021;StB 8 Plauen;13 Südvorstadt, Zschertnitz;78 Jahre;327
2021;StB 8 Plauen;13 Südvorstadt, Zschertnitz;79 Jahre;293
2021;StB 8 Plauen;13 Südvorstadt, Zschertnitz;80 Jahre;332
2021;StB 8 Plauen;13 Südvorstadt, Zschertnitz;81 Jahre;322
2021;StB 8 Plauen;13 Südvorstadt, Zschertnitz;82 Jahre;290
2021;StB 8 Plauen;13 Südvorstadt, Zschertnitz;83 Jahre;242
2021;StB 8 Plauen;13 Südvorstadt, Zschertnitz;84 Jahre;216
2021;StB 8 Plauen;13 Südvorstadt, Zschertnitz;85 Jahre u.älter;1079
2021;StB 8 Plauen;14 Mockritz, Coschütz, Plauen;0 Jahre;211
2021;StB 8 Plauen;14 Mockritz, Coschütz, Plauen;1 Jahre;233
2021;StB 8 Plauen;14 Mockritz, Coschütz, Plauen;2 Jahre;212
2021;StB 8 Plauen;14 Mockritz, Coschütz, Plauen;3 Jahre;253
2021;StB 8 Plauen;14 Mockritz, Coschütz, Plauen;4 Jahre;226
2021;StB 8 Plauen;14 Mockritz, Coschütz, Plauen;5 Jahre;278
2021;StB 8 Plauen;14 Mockritz, Coschütz, Plauen;6 Jahre;250
2021;StB 8 Plauen;14 Mockritz, Coschütz, Plauen;7 Jahre;280
2021;StB 8 Plauen;14 Mockritz, Coschütz, Plauen;8 Jahre;228
2021;StB 8 Plauen;14 Mockritz, Coschütz, Plauen;9 Jahre;238
2021;StB 8 Plauen;14 Mockritz, Coschütz, Plauen;10 Jahre;246
2021;StB 8 Plauen;14 Mockritz, Coschütz, Plauen;11 Jahre;234
2021;StB 8 Plauen;14 Mockritz, Coschütz, Plauen;12 Jahre;270
2021;StB 8 Plauen;14 Mockritz, Coschütz, Plauen;13 Jahre;241
2021;StB 8 Plauen;14 Mockritz, Coschütz, Plauen;14 Jahre;216
2021;StB 8 Plauen;14 Mockritz, Coschütz, Plauen;15 Jahre;236
2021;StB 8 Plauen;14 Mockritz, Coschütz, Plauen;16 Jahre;192
2021;StB 8 Plauen;14 Mockritz, Coschütz, Plauen;17 Jahre;219
2021;StB 8 Plauen;14 Mockritz, Coschütz, Plauen;18 Jahre;205
2021;StB 8 Plauen;14 Mockritz, Coschütz, Plauen;19 Jahre;237
2021;StB 8 Plauen;14 Mockritz, Coschütz, Plauen;20 Jahre;261
2021;StB 8 Plauen;14 Mockritz, Coschütz, Plauen;21 Jahre;275
2021;StB 8 Plauen;14 Mockritz, Coschütz, Plauen;22 Jahre;282
2021;StB 8 Plauen;14 Mockritz, Coschütz, Plauen;23 Jahre;311
2021;StB 8 Plauen;14 Mockritz, Coschütz, Plauen;24 Jahre;334
2021;StB 8 Plauen;14 Mockritz, Coschütz, Plauen;25 Jahre;307
2021;StB 8 Plauen;14 Mockritz, Coschütz, Plauen;26 Jahre;274
2021;StB 8 Plauen;14 Mockritz, Coschütz, Plauen;27 Jahre;259
2021;StB 8 Plauen;14 Mockritz, Coschütz, Plauen;28 Jahre;277
2021;StB 8 Plauen;14 Mockritz, Coschütz, Plauen;29 Jahre;248
2021;StB 8 Plauen;14 Mockritz, Coschütz, Plauen;30 Jahre;291
2021;StB 8 Plauen;14 Mockritz, Coschütz, Plauen;31 Jahre;396
2021;StB 8 Plauen;14 Mockritz, Coschütz, Plauen;32 Jahre;355
2021;StB 8 Plauen;14 Mockritz, Coschütz, Plauen;33 Jahre;422
2021;StB 8 Plauen;14 Mockritz, Coschütz, Plauen;34 Jahre;389
2021;StB 8 Plauen;14 Mockritz, Coschütz, Plauen;35 Jahre;341
2021;StB 8 Plauen;14 Mockritz, Coschütz, Plauen;36 Jahre;363
2021;StB 8 Plauen;14 Mockritz, Coschütz, Plauen;37 Jahre;348
2021;StB 8 Plauen;14 Mockritz, Coschütz, Plauen;38 Jahre;328
2021;StB 8 Plauen;14 Mockritz, Coschütz, Plauen;39 Jahre;344
2021;StB 8 Plauen;14 Mockritz, Coschütz, Plauen;40 Jahre;355
2021;StB 8 Plauen;14 Mockritz, Coschütz, Plauen;41 Jahre;357
2021;StB 8 Plauen;14 Mockritz, Coschütz, Plauen;42 Jahre;350
2021;StB 8 Plauen;14 Mockritz, Coschütz, Plauen;43 Jahre;347
2021;StB 8 Plauen;14 Mockritz, Coschütz, Plauen;44 Jahre;371
2021;StB 8 Plauen;14 Mockritz, Coschütz, Plauen;45 Jahre;301
2021;StB 8 Plauen;14 Mockritz, Coschütz, Plauen;46 Jahre;285
2021;StB 8 Plauen;14 Mockritz, Coschütz, Plauen;47 Jahre;260
2021;StB 8 Plauen;14 Mockritz, Coschütz, Plauen;48 Jahre;275
2021;StB 8 Plauen;14 Mockritz, Coschütz, Plauen;49 Jahre;276
2021;StB 8 Plauen;14 Mockritz, Coschütz, Plauen;50 Jahre;327
2021;StB 8 Plauen;14 Mockritz, Coschütz, Plauen;51 Jahre;316
2021;StB 8 Plauen;14 Mockritz, Coschütz, Plauen;52 Jahre;301
2021;StB 8 Plauen;14 Mockritz, Coschütz, Plauen;53 Jahre;320
2021;StB 8 Plauen;14 Mockritz, Coschütz, Plauen;54 Jahre;291
2021;StB 8 Plauen;14 Mockritz, Coschütz, Plauen;55 Jahre;311
2021;StB 8 Plauen;14 Mockritz, Coschütz, Plauen;56 Jahre;356
2021;StB 8 Plauen;14 Mockritz, Coschütz, Plauen;57 Jahre;337
2021;StB 8 Plauen;14 Mockritz, Coschütz, Plauen;58 Jahre;347
2021;StB 8 Plauen;14 Mockritz, Coschütz, Plauen;59 Jahre;336
2021;StB 8 Plauen;14 Mockritz, Coschütz, Plauen;60 Jahre;296
2021;StB 8 Plauen;14 Mockritz, Coschütz, Plauen;61 Jahre;285
2021;StB 8 Plauen;14 Mockritz, Coschütz, Plauen;62 Jahre;299
2021;StB 8 Plauen;14 Mockritz, Coschütz, Plauen;63 Jahre;296
2021;StB 8 Plauen;14 Mockritz, Coschütz, Plauen;64 Jahre;289
2021;StB 8 Plauen;14 Mockritz, Coschütz, Plauen;65 Jahre;260
2021;StB 8 Plauen;14 Mockritz, Coschütz, Plauen;66 Jahre;295
2021;StB 8 Plauen;14 Mockritz, Coschütz, Plauen;67 Jahre;315
2021;StB 8 Plauen;14 Mockritz, Coschütz, Plauen;68 Jahre;331
2021;StB 8 Plauen;14 Mockritz, Coschütz, Plauen;69 Jahre;275
2021;StB 8 Plauen;14 Mockritz, Coschütz, Plauen;70 Jahre;316
2021;StB 8 Plauen;14 Mockritz, Coschütz, Plauen;71 Jahre;301
2021;StB 8 Plauen;14 Mockritz, Coschütz, Plauen;72 Jahre;259
2021;StB 8 Plauen;14 Mockritz, Coschütz, Plauen;73 Jahre;220
2021;StB 8 Plauen;14 Mockritz, Coschütz, Plauen;74 Jahre;169
2021;StB 8 Plauen;14 Mockritz, Coschütz, Plauen;75 Jahre;139
2021;StB 8 Plauen;14 Mockritz, Coschütz, Plauen;76 Jahre;181
2021;StB 8 Plauen;14 Mockritz, Coschütz, Plauen;77 Jahre;248
2021;StB 8 Plauen;14 Mockritz, Coschütz, Plauen;78 Jahre;256
2021;StB 8 Plauen;14 Mockritz, Coschütz, Plauen;79 Jahre;269
2021;StB 8 Plauen;14 Mockritz, Coschütz, Plauen;80 Jahre;257
2021;StB 8 Plauen;14 Mockritz, Coschütz, Plauen;81 Jahre;272
2021;StB 8 Plauen;14 Mockritz, Coschütz, Plauen;82 Jahre;248
2021;StB 8 Plauen;14 Mockritz, Coschütz, Plauen;83 Jahre;217
2021;StB 8 Plauen;14 Mockritz, Coschütz, Plauen;84 Jahre;165
2021;StB 8 Plauen;14 Mockritz, Coschütz, Plauen;85 Jahre u.älter;834
2021;StB 9 Cotta/westliche Ortschaften;15 Cotta, Löbtau, Naußlitz, Dölzschen;0 Jahre;509
2021;StB 9 Cotta/westliche Ortschaften;15 Cotta, Löbtau, Naußlitz, Dölzschen;1 Jahre;465
2021;StB 9 Cotta/westliche Ortschaften;15 Cotta, Löbtau, Naußlitz, Dölzschen;2 Jahre;505
2021;StB 9 Cotta/westliche Ortschaften;15 Cotta, Löbtau, Naußlitz, Dölzschen;3 Jahre;463
2021;StB 9 Cotta/westliche Ortschaften;15 Cotta, Löbtau, Naußlitz, Dölzschen;4 Jahre;488
2021;StB 9 Cotta/westliche Ortschaften;15 Cotta, Löbtau, Naußlitz, Dölzschen;5 Jahre;462
2021;StB 9 Cotta/westliche Ortschaften;15 Cotta, Löbtau, Naußlitz, Dölzschen;6 Jahre;429
2021;StB 9 Cotta/westliche Ortschaften;15 Cotta, Löbtau, Naußlitz, Dölzschen;7 Jahre;413
2021;StB 9 Cotta/westliche Ortschaften;15 Cotta, Löbtau, Naußlitz, Dölzschen;8 Jahre;412
2021;StB 9 Cotta/westliche Ortschaften;15 Cotta, Löbtau, Naußlitz, Dölzschen;9 Jahre;392
2021;StB 9 Cotta/westliche Ortschaften;15 Cotta, Löbtau, Naußlitz, Dölzschen;10 Jahre;381
2021;StB 9 Cotta/westliche Ortschaften;15 Cotta, Löbtau, Naußlitz, Dölzschen;11 Jahre;347
2021;StB 9 Cotta/westliche Ortschaften;15 Cotta, Löbtau, Naußlitz, Dölzschen;12 Jahre;367
2021;StB 9 Cotta/westliche Ortschaften;15 Cotta, Löbtau, Naußlitz, Dölzschen;13 Jahre;340
2021;StB 9 Cotta/westliche Ortschaften;15 Cotta, Löbtau, Naußlitz, Dölzschen;14 Jahre;318
2021;StB 9 Cotta/westliche Ortschaften;15 Cotta, Löbtau, Naußlitz, Dölzschen;15 Jahre;267
2021;StB 9 Cotta/westliche Ortschaften;15 Cotta, Löbtau, Naußlitz, Dölzschen;16 Jahre;284
2021;StB 9 Cotta/westliche Ortschaften;15 Cotta, Löbtau, Naußlitz, Dölzschen;17 Jahre;271
2021;StB 9 Cotta/westliche Ortschaften;15 Cotta, Löbtau, Naußlitz, Dölzschen;18 Jahre;340
2021;StB 9 Cotta/westliche Ortschaften;15 Cotta, Löbtau, Naußlitz, Dölzschen;19 Jahre;429
2021;StB 9 Cotta/westliche Ortschaften;15 Cotta, Löbtau, Naußlitz, Dölzschen;20 Jahre;616
2021;StB 9 Cotta/westliche Ortschaften;15 Cotta, Löbtau, Naußlitz, Dölzschen;21 Jahre;767
2021;StB 9 Cotta/westliche Ortschaften;15 Cotta, Löbtau, Naußlitz, Dölzschen;22 Jahre;931
2021;StB 9 Cotta/westliche Ortschaften;15 Cotta, Löbtau, Naußlitz, Dölzschen;23 Jahre;891
2021;StB 9 Cotta/westliche Ortschaften;15 Cotta, Löbtau, Naußlitz, Dölzschen;24 Jahre;944
2021;StB 9 Cotta/westliche Ortschaften;15 Cotta, Löbtau, Naußlitz, Dölzschen;25 Jahre;871
2021;StB 9 Cotta/westliche Ortschaften;15 Cotta, Löbtau, Naußlitz, Dölzschen;26 Jahre;785
2021;StB 9 Cotta/westliche Ortschaften;15 Cotta, Löbtau, Naußlitz, Dölzschen;27 Jahre;750
2021;StB 9 Cotta/westliche Ortschaften;15 Cotta, Löbtau, Naußlitz, Dölzschen;28 Jahre;705
2021;StB 9 Cotta/westliche Ortschaften;15 Cotta, Löbtau, Naußlitz, Dölzschen;29 Jahre;741
2021;StB 9 Cotta/westliche Ortschaften;15 Cotta, Löbtau, Naußlitz, Dölzschen;30 Jahre;811
2021;StB 9 Cotta/westliche Ortschaften;15 Cotta, Löbtau, Naußlitz, Dölzschen;31 Jahre;1040
2021;StB 9 Cotta/westliche Ortschaften;15 Cotta, Löbtau, Naußlitz, Dölzschen;32 Jahre;967
2021;StB 9 Cotta/westliche Ortschaften;15 Cotta, Löbtau, Naußlitz, Dölzschen;33 Jahre;982
2021;StB 9 Cotta/westliche Ortschaften;15 Cotta, Löbtau, Naußlitz, Dölzschen;34 Jahre;935
2021;StB 9 Cotta/westliche Ortschaften;15 Cotta, Löbtau, Naußlitz, Dölzschen;35 Jahre;826
2021;StB 9 Cotta/westliche Ortschaften;15 Cotta, Löbtau, Naußlitz, Dölzschen;36 Jahre;783
2021;StB 9 Cotta/westliche Ortschaften;15 Cotta, Löbtau, Naußlitz, Dölzschen;37 Jahre;736
2021;StB 9 Cotta/westliche Ortschaften;15 Cotta, Löbtau, Naußlitz, Dölzschen;38 Jahre;769
2021;StB 9 Cotta/westliche Ortschaften;15 Cotta, Löbtau, Naußlitz, Dölzschen;39 Jahre;681
2021;StB 9 Cotta/westliche Ortschaften;15 Cotta, Löbtau, Naußlitz, Dölzschen;40 Jahre;705
2021;StB 9 Cotta/westliche Ortschaften;15 Cotta, Löbtau, Naußlitz, Dölzschen;41 Jahre;651
2021;StB 9 Cotta/westliche Ortschaften;15 Cotta, Löbtau, Naußlitz, Dölzschen;42 Jahre;621
2021;StB 9 Cotta/westliche Ortschaften;15 Cotta, Löbtau, Naußlitz, Dölzschen;43 Jahre;566
2021;StB 9 Cotta/westliche Ortschaften;15 Cotta, Löbtau, Naußlitz, Dölzschen;44 Jahre;559
2021;StB 9 Cotta/westliche Ortschaften;15 Cotta, Löbtau, Naußlitz, Dölzschen;45 Jahre;463
2021;StB 9 Cotta/westliche Ortschaften;15 Cotta, Löbtau, Naußlitz, Dölzschen;46 Jahre;411
2021;StB 9 Cotta/westliche Ortschaften;15 Cotta, Löbtau, Naußlitz, Dölzschen;47 Jahre;376
2021;StB 9 Cotta/westliche Ortschaften;15 Cotta, Löbtau, Naußlitz, Dölzschen;48 Jahre;365
2021;StB 9 Cotta/westliche Ortschaften;15 Cotta, Löbtau, Naußlitz, Dölzschen;49 Jahre;400
2021;StB 9 Cotta/westliche Ortschaften;15 Cotta, Löbtau, Naußlitz, Dölzschen;50 Jahre;432
2021;StB 9 Cotta/westliche Ortschaften;15 Cotta, Löbtau, Naußlitz, Dölzschen;51 Jahre;370
2021;StB 9 Cotta/westliche Ortschaften;15 Cotta, Löbtau, Naußlitz, Dölzschen;52 Jahre;410
2021;StB 9 Cotta/westliche Ortschaften;15 Cotta, Löbtau, Naußlitz, Dölzschen;53 Jahre;433
2021;StB 9 Cotta/westliche Ortschaften;15 Cotta, Löbtau, Naußlitz, Dölzschen;54 Jahre;417
2021;StB 9 Cotta/westliche Ortschaften;15 Cotta, Löbtau, Naußlitz, Dölzschen;55 Jahre;463
2021;StB 9 Cotta/westliche Ortschaften;15 Cotta, Löbtau, Naußlitz, Dölzschen;56 Jahre;504
2021;StB 9 Cotta/westliche Ortschaften;15 Cotta, Löbtau, Naußlitz, Dölzschen;57 Jahre;474
2021;StB 9 Cotta/westliche Ortschaften;15 Cotta, Löbtau, Naußlitz, Dölzschen;58 Jahre;480
2021;StB 9 Cotta/westliche Ortschaften;15 Cotta, Löbtau, Naußlitz, Dölzschen;59 Jahre;464
2021;StB 9 Cotta/westliche Ortschaften;15 Cotta, Löbtau, Naußlitz, Dölzschen;60 Jahre;471
2021;StB 9 Cotta/westliche Ortschaften;15 Cotta, Löbtau, Naußlitz, Dölzschen;61 Jahre;412
2021;StB 9 Cotta/westliche Ortschaften;15 Cotta, Löbtau, Naußlitz, Dölzschen;62 Jahre;410
2021;StB 9 Cotta/westliche Ortschaften;15 Cotta, Löbtau, Naußlitz, Dölzschen;63 Jahre;385
2021;StB 9 Cotta/westliche Ortschaften;15 Cotta, Löbtau, Naußlitz, Dölzschen;64 Jahre;388
2021;StB 9 Cotta/westliche Ortschaften;15 Cotta, Löbtau, Naußlitz, Dölzschen;65 Jahre;376
2021;StB 9 Cotta/westliche Ortschaften;15 Cotta, Löbtau, Naußlitz, Dölzschen;66 Jahre;376
2021;StB 9 Cotta/westliche Ortschaften;15 Cotta, Löbtau, Naußlitz, Dölzschen;67 Jahre;343
2021;StB 9 Cotta/westliche Ortschaften;15 Cotta, Löbtau, Naußlitz, Dölzschen;68 Jahre;362
2021;StB 9 Cotta/westliche Ortschaften;15 Cotta, Löbtau, Naußlitz, Dölzschen;69 Jahre;303
2021;StB 9 Cotta/westliche Ortschaften;15 Cotta, Löbtau, Naußlitz, Dölzschen;70 Jahre;300
2021;StB 9 Cotta/westliche Ortschaften;15 Cotta, Löbtau, Naußlitz, Dölzschen;71 Jahre;311
2021;StB 9 Cotta/westliche Ortschaften;15 Cotta, Löbtau, Naußlitz, Dölzschen;72 Jahre;271
2021;StB 9 Cotta/westliche Ortschaften;15 Cotta, Löbtau, Naußlitz, Dölzschen;73 Jahre;233
2021;StB 9 Cotta/westliche Ortschaften;15 Cotta, Löbtau, Naußlitz, Dölzschen;74 Jahre;225
2021;StB 9 Cotta/westliche Ortschaften;15 Cotta, Löbtau, Naußlitz, Dölzschen;75 Jahre;171
2021;StB 9 Cotta/westliche Ortschaften;15 Cotta, Löbtau, Naußlitz, Dölzschen;76 Jahre;193
2021;StB 9 Cotta/westliche Ortschaften;15 Cotta, Löbtau, Naußlitz, Dölzschen;77 Jahre;244
2021;StB 9 Cotta/westliche Ortschaften;15 Cotta, Löbtau, Naußlitz, Dölzschen;78 Jahre;232
2021;StB 9 Cotta/westliche Ortschaften;15 Cotta, Löbtau, Naußlitz, Dölzschen;79 Jahre;243
2021;StB 9 Cotta/westliche Ortschaften;15 Cotta, Löbtau, Naußlitz, Dölzschen;80 Jahre;261
2021;StB 9 Cotta/westliche Ortschaften;15 Cotta, Löbtau, Naußlitz, Dölzschen;81 Jahre;240
2021;StB 9 Cotta/westliche Ortschaften;15 Cotta, Löbtau, Naußlitz, Dölzschen;82 Jahre;217
2021;StB 9 Cotta/westliche Ortschaften;15 Cotta, Löbtau, Naußlitz, Dölzschen;83 Jahre;176
2021;StB 9 Cotta/westliche Ortschaften;15 Cotta, Löbtau, Naußlitz, Dölzschen;84 Jahre;187
2021;StB 9 Cotta/westliche Ortschaften;15 Cotta, Löbtau, Naußlitz, Dölzschen;85 Jahre u.älter;731
2021;StB 9 Cotta/westliche Ortschaften;16 Gorbitz;0 Jahre;174
2021;StB 9 Cotta/westliche Ortschaften;16 Gorbitz;1 Jahre;196
2021;StB 9 Cotta/westliche Ortschaften;16 Gorbitz;2 Jahre;227
2021;StB 9 Cotta/westliche Ortschaften;16 Gorbitz;3 Jahre;209
2021;StB 9 Cotta/westliche Ortschaften;16 Gorbitz;4 Jahre;222
2021;StB 9 Cotta/westliche Ortschaften;16 Gorbitz;5 Jahre;247
2021;StB 9 Cotta/westliche Ortschaften;16 Gorbitz;6 Jahre;209
2021;StB 9 Cotta/westliche Ortschaften;16 Gorbitz;7 Jahre;216
2021;StB 9 Cotta/westliche Ortschaften;16 Gorbitz;8 Jahre;217
2021;StB 9 Cotta/westliche Ortschaften;16 Gorbitz;9 Jahre;205
2021;StB 9 Cotta/westliche Ortschaften;16 Gorbitz;10 Jahre;199
2021;StB 9 Cotta/westliche Ortschaften;16 Gorbitz;11 Jahre;259
2021;StB 9 Cotta/westliche Ortschaften;16 Gorbitz;12 Jahre;221
2021;StB 9 Cotta/westliche Ortschaften;16 Gorbitz;13 Jahre;216
2021;StB 9 Cotta/westliche Ortschaften;16 Gorbitz;14 Jahre;196
2021;StB 9 Cotta/westliche Ortschaften;16 Gorbitz;15 Jahre;209
2021;StB 9 Cotta/westliche Ortschaften;16 Gorbitz;16 Jahre;187
2021;StB 9 Cotta/westliche Ortschaften;16 Gorbitz;17 Jahre;181
2021;StB 9 Cotta/westliche Ortschaften;16 Gorbitz;18 Jahre;201
2021;StB 9 Cotta/westliche Ortschaften;16 Gorbitz;19 Jahre;213
2021;StB 9 Cotta/westliche Ortschaften;16 Gorbitz;20 Jahre;275
2021;StB 9 Cotta/westliche Ortschaften;16 Gorbitz;21 Jahre;281
2021;StB 9 Cotta/westliche Ortschaften;16 Gorbitz;22 Jahre;288
2021;StB 9 Cotta/westliche Ortschaften;16 Gorbitz;23 Jahre;292
2021;StB 9 Cotta/westliche Ortschaften;16 Gorbitz;24 Jahre;275
2021;StB 9 Cotta/westliche Ortschaften;16 Gorbitz;25 Jahre;268
2021;StB 9 Cotta/westliche Ortschaften;16 Gorbitz;26 Jahre;273
2021;StB 9 Cotta/westliche Ortschaften;16 Gorbitz;27 Jahre;224
2021;StB 9 Cotta/westliche Ortschaften;16 Gorbitz;28 Jahre;238
2021;StB 9 Cotta/westliche Ortschaften;16 Gorbitz;29 Jahre;230
2021;StB 9 Cotta/westliche Ortschaften;16 Gorbitz;30 Jahre;279
2021;StB 9 Cotta/westliche Ortschaften;16 Gorbitz;31 Jahre;324
2021;StB 9 Cotta/westliche Ortschaften;16 Gorbitz;32 Jahre;316
2021;StB 9 Cotta/westliche Ortschaften;16 Gorbitz;33 Jahre;341
2021;StB 9 Cotta/westliche Ortschaften;16 Gorbitz;34 Jahre;314
2021;StB 9 Cotta/westliche Ortschaften;16 Gorbitz;35 Jahre;346
2021;StB 9 Cotta/westliche Ortschaften;16 Gorbitz;36 Jahre;349
2021;StB 9 Cotta/westliche Ortschaften;16 Gorbitz;37 Jahre;313
2021;StB 9 Cotta/westliche Ortschaften;16 Gorbitz;38 Jahre;309
2021;StB 9 Cotta/westliche Ortschaften;16 Gorbitz;39 Jahre;316
2021;StB 9 Cotta/westliche Ortschaften;16 Gorbitz;40 Jahre;331
2021;StB 9 Cotta/westliche Ortschaften;16 Gorbitz;41 Jahre;310
2021;StB 9 Cotta/westliche Ortschaften;16 Gorbitz;42 Jahre;273
2021;StB 9 Cotta/westliche Ortschaften;16 Gorbitz;43 Jahre;254
2021;StB 9 Cotta/westliche Ortschaften;16 Gorbitz;44 Jahre;249
2021;StB 9 Cotta/westliche Ortschaften;16 Gorbitz;45 Jahre;229
2021;StB 9 Cotta/westliche Ortschaften;16 Gorbitz;46 Jahre;170
2021;StB 9 Cotta/westliche Ortschaften;16 Gorbitz;47 Jahre;192
2021;StB 9 Cotta/westliche Ortschaften;16 Gorbitz;48 Jahre;178
2021;StB 9 Cotta/westliche Ortschaften;16 Gorbitz;49 Jahre;182
2021;StB 9 Cotta/westliche Ortschaften;16 Gorbitz;50 Jahre;189
2021;StB 9 Cotta/westliche Ortschaften;16 Gorbitz;51 Jahre;193
2021;StB 9 Cotta/westliche Ortschaften;16 Gorbitz;52 Jahre;200
2021;StB 9 Cotta/westliche Ortschaften;16 Gorbitz;53 Jahre;188
2021;StB 9 Cotta/westliche Ortschaften;16 Gorbitz;54 Jahre;188
2021;StB 9 Cotta/westliche Ortschaften;16 Gorbitz;55 Jahre;213
2021;StB 9 Cotta/westliche Ortschaften;16 Gorbitz;56 Jahre;243
2021;StB 9 Cotta/westliche Ortschaften;16 Gorbitz;57 Jahre;233
2021;StB 9 Cotta/westliche Ortschaften;16 Gorbitz;58 Jahre;309
2021;StB 9 Cotta/westliche Ortschaften;16 Gorbitz;59 Jahre;270
2021;StB 9 Cotta/westliche Ortschaften;16 Gorbitz;60 Jahre;311
2021;StB 9 Cotta/westliche Ortschaften;16 Gorbitz;61 Jahre;304
2021;StB 9 Cotta/westliche Ortschaften;16 Gorbitz;62 Jahre;326
2021;StB 9 Cotta/westliche Ortschaften;16 Gorbitz;63 Jahre;305
2021;StB 9 Cotta/westliche Ortschaften;16 Gorbitz;64 Jahre;341
2021;StB 9 Cotta/westliche Ortschaften;16 Gorbitz;65 Jahre;345
2021;StB 9 Cotta/westliche Ortschaften;16 Gorbitz;66 Jahre;387
2021;StB 9 Cotta/westliche Ortschaften;16 Gorbitz;67 Jahre;342
2021;StB 9 Cotta/westliche Ortschaften;16 Gorbitz;68 Jahre;335
2021;StB 9 Cotta/westliche Ortschaften;16 Gorbitz;69 Jahre;323
2021;StB 9 Cotta/westliche Ortschaften;16 Gorbitz;70 Jahre;348
2021;StB 9 Cotta/westliche Ortschaften;16 Gorbitz;71 Jahre;302
2021;StB 9 Cotta/westliche Ortschaften;16 Gorbitz;72 Jahre;243
2021;StB 9 Cotta/westliche Ortschaften;16 Gorbitz;73 Jahre;184
2021;StB 9 Cotta/westliche Ortschaften;16 Gorbitz;74 Jahre;179
2021;StB 9 Cotta/westliche Ortschaften;16 Gorbitz;75 Jahre;119
2021;StB 9 Cotta/westliche Ortschaften;16 Gorbitz;76 Jahre;138
2021;StB 9 Cotta/westliche Ortschaften;16 Gorbitz;77 Jahre;221
2021;StB 9 Cotta/westliche Ortschaften;16 Gorbitz;78 Jahre;176
2021;StB 9 Cotta/westliche Ortschaften;16 Gorbitz;79 Jahre;157
2021;StB 9 Cotta/westliche Ortschaften;16 Gorbitz;80 Jahre;175
2021;StB 9 Cotta/westliche Ortschaften;16 Gorbitz;81 Jahre;174
2021;StB 9 Cotta/westliche Ortschaften;16 Gorbitz;82 Jahre;145
2021;StB 9 Cotta/westliche Ortschaften;16 Gorbitz;83 Jahre;136
2021;StB 9 Cotta/westliche Ortschaften;16 Gorbitz;84 Jahre;106
2021;StB 9 Cotta/westliche Ortschaften;16 Gorbitz;85 Jahre u.älter;643
2021;StB 9 Cotta/westliche Ortschaften;17 Briesnitz und westliche OS;0 Jahre;178
2021;StB 9 Cotta/westliche Ortschaften;17 Briesnitz und westliche OS;1 Jahre;195
2021;StB 9 Cotta/westliche Ortschaften;17 Briesnitz und westliche OS;2 Jahre;211
2021;StB 9 Cotta/westliche Ortschaften;17 Briesnitz und westliche OS;3 Jahre;210
2021;StB 9 Cotta/westliche Ortschaften;17 Briesnitz und westliche OS;4 Jahre;246
2021;StB 9 Cotta/westliche Ortschaften;17 Briesnitz und westliche OS;5 Jahre;260
2021;StB 9 Cotta/westliche Ortschaften;17 Briesnitz und westliche OS;6 Jahre;249
2021;StB 9 Cotta/westliche Ortschaften;17 Briesnitz und westliche OS;7 Jahre;294
2021;StB 9 Cotta/westliche Ortschaften;17 Briesnitz und westliche OS;8 Jahre;303
2021;StB 9 Cotta/westliche Ortschaften;17 Briesnitz und westliche OS;9 Jahre;261
2021;StB 9 Cotta/westliche Ortschaften;17 Briesnitz und westliche OS;10 Jahre;276
2021;StB 9 Cotta/westliche Ortschaften;17 Briesnitz und westliche OS;11 Jahre;248
2021;StB 9 Cotta/westliche Ortschaften;17 Briesnitz und westliche OS;12 Jahre;223
2021;StB 9 Cotta/westliche Ortschaften;17 Briesnitz und westliche OS;13 Jahre;248
2021;StB 9 Cotta/westliche Ortschaften;17 Briesnitz und westliche OS;14 Jahre;260
2021;StB 9 Cotta/westliche Ortschaften;17 Briesnitz und westliche OS;15 Jahre;217
2021;StB 9 Cotta/westliche Ortschaften;17 Briesnitz und westliche OS;16 Jahre;232
2021;StB 9 Cotta/westliche Ortschaften;17 Briesnitz und westliche OS;17 Jahre;221
2021;StB 9 Cotta/westliche Ortschaften;17 Briesnitz und westliche OS;18 Jahre;201
2021;StB 9 Cotta/westliche Ortschaften;17 Briesnitz und westliche OS;19 Jahre;189
2021;StB 9 Cotta/westliche Ortschaften;17 Briesnitz und westliche OS;20 Jahre;145
2021;StB 9 Cotta/westliche Ortschaften;17 Briesnitz und westliche OS;21 Jahre;169
2021;StB 9 Cotta/westliche Ortschaften;17 Briesnitz und westliche OS;22 Jahre;150
2021;StB 9 Cotta/westliche Ortschaften;17 Briesnitz und westliche OS;23 Jahre;122
2021;StB 9 Cotta/westliche Ortschaften;17 Briesnitz und westliche OS;24 Jahre;149
2021;StB 9 Cotta/westliche Ortschaften;17 Briesnitz und westliche OS;25 Jahre;114
2021;StB 9 Cotta/westliche Ortschaften;17 Briesnitz und westliche OS;26 Jahre;129
2021;StB 9 Cotta/westliche Ortschaften;17 Briesnitz und westliche OS;27 Jahre;127
2021;StB 9 Cotta/westliche Ortschaften;17 Briesnitz und westliche OS;28 Jahre;121
2021;StB 9 Cotta/westliche Ortschaften;17 Briesnitz und westliche OS;29 Jahre;126
2021;StB 9 Cotta/westliche Ortschaften;17 Briesnitz und westliche OS;30 Jahre;153
2021;StB 9 Cotta/westliche Ortschaften;17 Briesnitz und westliche OS;31 Jahre;235
2021;StB 9 Cotta/westliche Ortschaften;17 Briesnitz und westliche OS;32 Jahre;291
2021;StB 9 Cotta/westliche Ortschaften;17 Briesnitz und westliche OS;33 Jahre;337
2021;StB 9 Cotta/westliche Ortschaften;17 Briesnitz und westliche OS;34 Jahre;323
2021;StB 9 Cotta/westliche Ortschaften;17 Briesnitz und westliche OS;35 Jahre;303
2021;StB 9 Cotta/westliche Ortschaften;17 Briesnitz und westliche OS;36 Jahre;321
2021;StB 9 Cotta/westliche Ortschaften;17 Briesnitz und westliche OS;37 Jahre;321
2021;StB 9 Cotta/westliche Ortschaften;17 Briesnitz und westliche OS;38 Jahre;382
2021;StB 9 Cotta/westliche Ortschaften;17 Briesnitz und westliche OS;39 Jahre;369
2021;StB 9 Cotta/westliche Ortschaften;17 Briesnitz und westliche OS;40 Jahre;344
2021;StB 9 Cotta/westliche Ortschaften;17 Briesnitz und westliche OS;41 Jahre;404
2021;StB 9 Cotta/westliche Ortschaften;17 Briesnitz und westliche OS;42 Jahre;367
2021;StB 9 Cotta/westliche Ortschaften;17 Briesnitz und westliche OS;43 Jahre;350
2021;StB 9 Cotta/westliche Ortschaften;17 Briesnitz und westliche OS;44 Jahre;348
2021;StB 9 Cotta/westliche Ortschaften;17 Briesnitz und westliche OS;45 Jahre;306
2021;StB 9 Cotta/westliche Ortschaften;17 Briesnitz und westliche OS;46 Jahre;267
2021;StB 9 Cotta/westliche Ortschaften;17 Briesnitz und westliche OS;47 Jahre;278
2021;StB 9 Cotta/westliche Ortschaften;17 Briesnitz und westliche OS;48 Jahre;293
2021;StB 9 Cotta/westliche Ortschaften;17 Briesnitz und westliche OS;49 Jahre;298
2021;StB 9 Cotta/westliche Ortschaften;17 Briesnitz und westliche OS;50 Jahre;340
2021;StB 9 Cotta/westliche Ortschaften;17 Briesnitz und westliche OS;51 Jahre;377
2021;StB 9 Cotta/westliche Ortschaften;17 Briesnitz und westliche OS;52 Jahre;364
2021;StB 9 Cotta/westliche Ortschaften;17 Briesnitz und westliche OS;53 Jahre;366
2021;StB 9 Cotta/westliche Ortschaften;17 Briesnitz und westliche OS;54 Jahre;358
2021;StB 9 Cotta/westliche Ortschaften;17 Briesnitz und westliche OS;55 Jahre;393
2021;StB 9 Cotta/westliche Ortschaften;17 Briesnitz und westliche OS;56 Jahre;396
2021;StB 9 Cotta/westliche Ortschaften;17 Briesnitz und westliche OS;57 Jahre;376
2021;StB 9 Cotta/westliche Ortschaften;17 Briesnitz und westliche OS;58 Jahre;401
2021;StB 9 Cotta/westliche Ortschaften;17 Briesnitz und westliche OS;59 Jahre;418
2021;StB 9 Cotta/westliche Ortschaften;17 Briesnitz und westliche OS;60 Jahre;381
2021;StB 9 Cotta/westliche Ortschaften;17 Briesnitz und westliche OS;61 Jahre;381
2021;StB 9 Cotta/westliche Ortschaften;17 Briesnitz und westliche OS;62 Jahre;380
2021;StB 9 Cotta/westliche Ortschaften;17 Briesnitz und westliche OS;63 Jahre;361
2021;StB 9 Cotta/westliche Ortschaften;17 Briesnitz und westliche OS;64 Jahre;342
2021;StB 9 Cotta/westliche Ortschaften;17 Briesnitz und westliche OS;65 Jahre;324
2021;StB 9 Cotta/westliche Ortschaften;17 Briesnitz und westliche OS;66 Jahre;317
2021;StB 9 Cotta/westliche Ortschaften;17 Briesnitz und westliche OS;67 Jahre;347
2021;StB 9 Cotta/westliche Ortschaften;17 Briesnitz und westliche OS;68 Jahre;300
2021;StB 9 Cotta/westliche Ortschaften;17 Briesnitz und westliche OS;69 Jahre;306
2021;StB 9 Cotta/westliche Ortschaften;17 Briesnitz und westliche OS;70 Jahre;274
2021;StB 9 Cotta/westliche Ortschaften;17 Briesnitz und westliche OS;71 Jahre;288
2021;StB 9 Cotta/westliche Ortschaften;17 Briesnitz und westliche OS;72 Jahre;242
2021;StB 9 Cotta/westliche Ortschaften;17 Briesnitz und westliche OS;73 Jahre;207
2021;StB 9 Cotta/westliche Ortschaften;17 Briesnitz und westliche OS;74 Jahre;192
2021;StB 9 Cotta/westliche Ortschaften;17 Briesnitz und westliche OS;75 Jahre;144
2021;StB 9 Cotta/westliche Ortschaften;17 Briesnitz und westliche OS;76 Jahre;170
2021;StB 9 Cotta/westliche Ortschaften;17 Briesnitz und westliche OS;77 Jahre;252
2021;StB 9 Cotta/westliche Ortschaften;17 Briesnitz und westliche OS;78 Jahre;240
2021;StB 9 Cotta/westliche Ortschaften;17 Briesnitz und westliche OS;79 Jahre;231
2021;StB 9 Cotta/westliche Ortschaften;17 Briesnitz und westliche OS;80 Jahre;285
2021;StB 9 Cotta/westliche Ortschaften;17 Briesnitz und westliche OS;81 Jahre;229
2021;StB 9 Cotta/westliche Ortschaften;17 Briesnitz und westliche OS;82 Jahre;194
2021;StB 9 Cotta/westliche Ortschaften;17 Briesnitz und westliche OS;83 Jahre;193
2021;StB 9 Cotta/westliche Ortschaften;17 Briesnitz und westliche OS;84 Jahre;147
2021;StB 9 Cotta/westliche Ortschaften;17 Briesnitz und westliche OS;85 Jahre u.älter;642
