Jahr;Stadtteil zus. (Kriminalität);Stadtteil (Kriminalität);Stadtraum;Stadtbezirk mit zugeordneten Ortschaften;Fälle erfasst (Tatortprinzip);Fälle aufgeklärt;Tatverdächtige insgesamt
2002;unbekannt/unzutreffend;unbekannt/unzutreffend;00 unbekannt;unbekannt;2131;1742;0
2002;01 Innere Altstadt;01 Innere Altstadt;01 StB Altstadt ohne Johannstadt;StB 0 Altstadt;1783;907;798
2002;02 Pirnaische Vorstadt;02 Pirnaische Vorstadt;01 StB Altstadt ohne Johannstadt;StB 0 Altstadt;756;373;367
2002;03 Seevorstadt-Ost;03 Seevorstadt-Ost;01 StB Altstadt ohne Johannstadt;StB 0 Altstadt;2244;1274;1311
2002;04 Wilsdruffer Vs./Seevs.-West;04 Wilsdruffer Vs./Seevs.-West;01 StB Altstadt ohne Johannstadt;StB 0 Altstadt;791;352;289
2002;05 Friedrichstadt;05 Friedrichstadt;01 StB Altstadt ohne Johannstadt;StB 0 Altstadt;1144;555;505
2002;06 Johannstadt-Nord;06 Johannstadt-Nord;02 Johannstadt;StB 0 Altstadt;863;304;308
2002;07 Johannstadt-Süd;07 Johannstadt-Süd;02 Johannstadt;StB 0 Altstadt;661;245;237
2002;11 Äußere Neustadt (Antonstadt);11 Äußere Neustadt (Antonstadt);03 StB Neustadt ohne Leipziger Vorstadt;StB 1 Neustadt;3232;1332;1036
2002;12 Radeberger Vorstadt;12 Radeberger Vorstadt;03 StB Neustadt ohne Leipziger Vorstadt;StB 1 Neustadt;646;260;223
2002;13 Innere Neustadt;13 Innere Neustadt;03 StB Neustadt ohne Leipziger Vorstadt;StB 1 Neustadt;1016;403;352
2002;14 Leipziger Vorstadt;14 Leipziger Vorstadt;04 Leipziger Vorstadt, Pieschen;StB 1 Neustadt;1149;594;551
2002;15 Albertstadt;15 Albertstadt;03 StB Neustadt ohne Leipziger Vorstadt;StB 1 Neustadt;368;209;190
2002;21 Pieschen-Süd;21 Pieschen-Süd;04 Leipziger Vorstadt, Pieschen;StB 2 Pieschen;1161;618;540
2002;22 Mickten;22 Mickten;05 Mickten, Kaditz, Trachau;StB 2 Pieschen;981;445;405
2002;23 Kaditz;23 Kaditz;05 Mickten, Kaditz, Trachau;StB 2 Pieschen;1053;735;713
2002;24 Trachau;24 Trachau;05 Mickten, Kaditz, Trachau;StB 2 Pieschen;519;232;221
2002;25 Pieschen-N/Trachenberge;25 Pieschen-N/Trachenberge;04 Leipziger Vorstadt, Pieschen;StB 2 Pieschen;1257;671;556
2002;31 Klotzsche;31 Klotzsche;06 StB Klotzsche und nördliche OS;StB 3 Klotzsche/nördliche Ortschaften;692;281;272
2002;31 Klotzsche;33 Flughafen;06 StB Klotzsche und nördliche OS;StB 3 Klotzsche/nördliche Ortschaften;98;48;50
2002;31 Klotzsche;34 Hellerberge;06 StB Klotzsche und nördliche OS;StB 3 Klotzsche/nördliche Ortschaften;51;24;25
2002;32 Hellerau/Wilschdorf;32 Hellerau/Wilschdorf;06 StB Klotzsche und nördliche OS;StB 3 Klotzsche/nördliche Ortschaften;258;146;116
2002;35 Weixdorf;35 Weixdorf;06 StB Klotzsche und nördliche OS;StB 3 Klotzsche/nördliche Ortschaften;254;126;141
2002;36 Langebrück/Schönborn;36 Langebrück/Schönborn;06 StB Klotzsche und nördliche OS;StB 3 Klotzsche/nördliche Ortschaften;153;77;55
2002;41 Loschwitz/Wachwitz;41 Loschwitz/Wachwitz;07 StB Loschwitz und OS Schönfeld-Weißig;StB 4 Loschwitz/OS Schönfeld-Weißig;217;84;88
2002;42 Bühlau/Weißer Hirsch;42 Bühlau/Weißer Hirsch;07 StB Loschwitz und OS Schönfeld-Weißig;StB 4 Loschwitz/OS Schönfeld-Weißig;540;309;194
2002;42 Bühlau/Weißer Hirsch;44 Dresdner Heide;07 StB Loschwitz und OS Schönfeld-Weißig;StB 4 Loschwitz/OS Schönfeld-Weißig;60;43;40
2002;43 Hosterwitz/Pillnitz;43 Hosterwitz/Pillnitz;07 StB Loschwitz und OS Schönfeld-Weißig;StB 4 Loschwitz/OS Schönfeld-Weißig;137;63;68
2002;45 Weißig;45 Weißig;07 StB Loschwitz und OS Schönfeld-Weißig;StB 4 Loschwitz/OS Schönfeld-Weißig;351;206;184
2002;46 Gönnsdorf/Pappritz;46 Gönnsdorf/Pappritz;07 StB Loschwitz und OS Schönfeld-Weißig;StB 4 Loschwitz/OS Schönfeld-Weißig;51;42;30
2002;47 Schönfeld/Schullwitz;47 Schönfeld/Schullwitz;07 StB Loschwitz und OS Schönfeld-Weißig;StB 4 Loschwitz/OS Schönfeld-Weißig;79;46;41
2002;51 Blasewitz;51 Blasewitz;08 Blasewitz, Striesen;StB 5 Blasewitz;1054;599;398
2002;52 Striesen-Ost;52 Striesen-Ost;08 Blasewitz, Striesen;StB 5 Blasewitz;763;322;292
2002;53 Striesen-Süd;53 Striesen-Süd;08 Blasewitz, Striesen;StB 5 Blasewitz;442;191;192
2002;54 Striesen-West;54 Striesen-West;08 Blasewitz, Striesen;StB 5 Blasewitz;812;485;451
2002;55 Tolkewitz/Seidnitz-Nord;55 Tolkewitz/Seidnitz-Nord;09 Tolkewitz, Seidnitz, Gruna;StB 5 Blasewitz;497;242;251
2002;56 Seidnitz/Dobritz;56 Seidnitz/Dobritz;09 Tolkewitz, Seidnitz, Gruna;StB 5 Blasewitz;1157;687;665
2002;57 Gruna;57 Gruna;09 Tolkewitz, Seidnitz, Gruna;StB 5 Blasewitz;959;593;291
2002;61 Leuben;61 Leuben;10 StB Leuben;StB 6 Leuben;861;510;399
2002;62 Laubegast;62 Laubegast;10 StB Leuben;StB 6 Leuben;453;200;191
2002;63 Kleinzschachwitz;63 Kleinzschachwitz;10 StB Leuben;StB 6 Leuben;285;157;86
2002;64 Großzschachwitz;64 Großzschachwitz;10 StB Leuben;StB 6 Leuben;387;198;169
2002;71 Prohlis-Nord;71 Prohlis-Nord;11 Prohlis, Reick (mit Sternhäuser, Am Koitschgraben);StB 7 Prohlis;582;326;312
2002;72 Prohlis-Süd;72 Prohlis-Süd;11 Prohlis, Reick (mit Sternhäuser, Am Koitschgraben);StB 7 Prohlis;610;324;314
2002;73 Niedersedlitz;73 Niedersedlitz;11 Prohlis, Reick (mit Sternhäuser, Am Koitschgraben);StB 7 Prohlis;124;65;49
2002;73 Niedersedlitz;73 Niedersedlitz;12 Niedersedlitz, Leubnitz, Strehlen (ohne Sternhäuser, Am Koitschgraben);StB 7 Prohlis;273;144;108
2002;74 Lockwitz;74 Lockwitz;12 Niedersedlitz, Leubnitz, Strehlen (ohne Sternhäuser, Am Koitschgraben);StB 7 Prohlis;1061;808;723
2002;75 Leubnitz-Neuostra;75 Leubnitz-Neuostra;12 Niedersedlitz, Leubnitz, Strehlen (ohne Sternhäuser, Am Koitschgraben);StB 7 Prohlis;579;261;203
2002;76 Strehlen;76 Strehlen;11 Prohlis, Reick (mit Sternhäuser, Am Koitschgraben);StB 7 Prohlis;449;240;221
2002;76 Strehlen;76 Strehlen;12 Niedersedlitz, Leubnitz, Strehlen (ohne Sternhäuser, Am Koitschgraben);StB 7 Prohlis;572;305;281
2002;77 Reick;77 Reick;11 Prohlis, Reick (mit Sternhäuser, Am Koitschgraben);StB 7 Prohlis;715;409;389
2002;81 Südvorstadt-West;81 Südvorstadt-West;13 Südvorstadt, Zschertnitz;StB 8 Plauen;1158;558;540
2002;82 Südvorstadt-Ost;82 Südvorstadt-Ost;13 Südvorstadt, Zschertnitz;StB 8 Plauen;786;241;215
2002;83 Räcknitz/Zschertnitz;83 Räcknitz/Zschertnitz;13 Südvorstadt, Zschertnitz;StB 8 Plauen;541;208;200
2002;84 Kleinpestitz/Mockritz;84 Kleinpestitz/Mockritz;14 Mockritz, Coschütz, Plauen;StB 8 Plauen;433;264;248
2002;85 Coschütz/Gittersee;85 Coschütz/Gittersee;14 Mockritz, Coschütz, Plauen;StB 8 Plauen;366;203;204
2002;86 Plauen;86 Plauen;14 Mockritz, Coschütz, Plauen;StB 8 Plauen;697;300;252
2002;90 Cossebaude/Mobschatz/Oberw.;90 Cossebaude/Mobschatz/Oberw.;17 Briesnitz und westliche OS;StB 9 Cotta/westliche Ortschaften;488;259;289
2002;91 Cotta;91 Cotta;15 Cotta, Löbtau, Naußlitz, Dölzschen;StB 9 Cotta/westliche Ortschaften;956;499;422
2002;92 Löbtau-Nord;92 Löbtau-Nord;15 Cotta, Löbtau, Naußlitz, Dölzschen;StB 9 Cotta/westliche Ortschaften;841;426;410
2002;93 Löbtau-Süd;93 Löbtau-Süd;15 Cotta, Löbtau, Naußlitz, Dölzschen;StB 9 Cotta/westliche Ortschaften;952;501;466
2002;94 Naußlitz;94 Naußlitz;15 Cotta, Löbtau, Naußlitz, Dölzschen;StB 9 Cotta/westliche Ortschaften;333;151;158
2002;95 Gorbitz-Süd;95 Gorbitz-Süd;16 Gorbitz;StB 9 Cotta/westliche Ortschaften;689;345;282
2002;96 Gorbitz-Ost;96 Gorbitz-Ost;16 Gorbitz;StB 9 Cotta/westliche Ortschaften;381;189;187
2002;97 Gorbitz-Nord/Neu-Omsewitz;97 Gorbitz-Nord/Neu-Omsewitz;16 Gorbitz;StB 9 Cotta/westliche Ortschaften;625;326;278
2002;98 Briesnitz;98 Briesnitz;17 Briesnitz und westliche OS;StB 9 Cotta/westliche Ortschaften;425;219;193
2002;99 Altfranken/Gompitz;99 Altfranken/Gompitz;17 Briesnitz und westliche OS;StB 9 Cotta/westliche Ortschaften;343;238;232
2002;Korrektur Mehrfachzählung;Korrektur Mehrfachzählung;00 unbekannt;unbekannt;0;0;-3930
2003;unbekannt/unzutreffend;unbekannt/unzutreffend;00 unbekannt;unbekannt;2518;2258;0
2003;01 Innere Altstadt;01 Innere Altstadt;01 StB Altstadt ohne Johannstadt;StB 0 Altstadt;2606;1517;1309
2003;02 Pirnaische Vorstadt;02 Pirnaische Vorstadt;01 StB Altstadt ohne Johannstadt;StB 0 Altstadt;912;490;462
2003;03 Seevorstadt-Ost;03 Seevorstadt-Ost;01 StB Altstadt ohne Johannstadt;StB 0 Altstadt;2202;1235;1156
2003;04 Wilsdruffer Vs./Seevs.-West;04 Wilsdruffer Vs./Seevs.-West;01 StB Altstadt ohne Johannstadt;StB 0 Altstadt;856;420;415
2003;05 Friedrichstadt;05 Friedrichstadt;01 StB Altstadt ohne Johannstadt;StB 0 Altstadt;1227;662;642
2003;06 Johannstadt-Nord;06 Johannstadt-Nord;02 Johannstadt;StB 0 Altstadt;861;349;322
2003;07 Johannstadt-Süd;07 Johannstadt-Süd;02 Johannstadt;StB 0 Altstadt;751;335;330
2003;11 Äußere Neustadt (Antonstadt);11 Äußere Neustadt (Antonstadt);03 StB Neustadt ohne Leipziger Vorstadt;StB 1 Neustadt;3679;1640;1283
2003;12 Radeberger Vorstadt;12 Radeberger Vorstadt;03 StB Neustadt ohne Leipziger Vorstadt;StB 1 Neustadt;585;208;200
2003;13 Innere Neustadt;13 Innere Neustadt;03 StB Neustadt ohne Leipziger Vorstadt;StB 1 Neustadt;1291;465;439
2003;14 Leipziger Vorstadt;14 Leipziger Vorstadt;04 Leipziger Vorstadt, Pieschen;StB 1 Neustadt;1218;575;478
2003;15 Albertstadt;15 Albertstadt;03 StB Neustadt ohne Leipziger Vorstadt;StB 1 Neustadt;359;162;159
2003;21 Pieschen-Süd;21 Pieschen-Süd;04 Leipziger Vorstadt, Pieschen;StB 2 Pieschen;1092;552;513
2003;22 Mickten;22 Mickten;05 Mickten, Kaditz, Trachau;StB 2 Pieschen;962;379;367
2003;23 Kaditz;23 Kaditz;05 Mickten, Kaditz, Trachau;StB 2 Pieschen;1025;645;626
2003;24 Trachau;24 Trachau;05 Mickten, Kaditz, Trachau;StB 2 Pieschen;598;204;198
2003;25 Pieschen-N/Trachenberge;25 Pieschen-N/Trachenberge;04 Leipziger Vorstadt, Pieschen;StB 2 Pieschen;1380;673;615
2003;31 Klotzsche;31 Klotzsche;06 StB Klotzsche und nördliche OS;StB 3 Klotzsche/nördliche Ortschaften;879;337;260
2003;31 Klotzsche;33 Flughafen;06 StB Klotzsche und nördliche OS;StB 3 Klotzsche/nördliche Ortschaften;174;88;90
2003;31 Klotzsche;34 Hellerberge;06 StB Klotzsche und nördliche OS;StB 3 Klotzsche/nördliche Ortschaften;56;21;26
2003;32 Hellerau/Wilschdorf;32 Hellerau/Wilschdorf;06 StB Klotzsche und nördliche OS;StB 3 Klotzsche/nördliche Ortschaften;291;161;140
2003;35 Weixdorf;35 Weixdorf;06 StB Klotzsche und nördliche OS;StB 3 Klotzsche/nördliche Ortschaften;303;146;116
2003;36 Langebrück/Schönborn;36 Langebrück/Schönborn;06 StB Klotzsche und nördliche OS;StB 3 Klotzsche/nördliche Ortschaften;127;53;57
2003;41 Loschwitz/Wachwitz;41 Loschwitz/Wachwitz;07 StB Loschwitz und OS Schönfeld-Weißig;StB 4 Loschwitz/OS Schönfeld-Weißig;319;137;131
2003;42 Bühlau/Weißer Hirsch;42 Bühlau/Weißer Hirsch;07 StB Loschwitz und OS Schönfeld-Weißig;StB 4 Loschwitz/OS Schönfeld-Weißig;397;211;160
2003;42 Bühlau/Weißer Hirsch;44 Dresdner Heide;07 StB Loschwitz und OS Schönfeld-Weißig;StB 4 Loschwitz/OS Schönfeld-Weißig;55;36;39
2003;43 Hosterwitz/Pillnitz;43 Hosterwitz/Pillnitz;07 StB Loschwitz und OS Schönfeld-Weißig;StB 4 Loschwitz/OS Schönfeld-Weißig;127;50;49
2003;45 Weißig;45 Weißig;07 StB Loschwitz und OS Schönfeld-Weißig;StB 4 Loschwitz/OS Schönfeld-Weißig;385;253;228
2003;46 Gönnsdorf/Pappritz;46 Gönnsdorf/Pappritz;07 StB Loschwitz und OS Schönfeld-Weißig;StB 4 Loschwitz/OS Schönfeld-Weißig;43;19;30
2003;47 Schönfeld/Schullwitz;47 Schönfeld/Schullwitz;07 StB Loschwitz und OS Schönfeld-Weißig;StB 4 Loschwitz/OS Schönfeld-Weißig;96;59;62
2003;51 Blasewitz;51 Blasewitz;08 Blasewitz, Striesen;StB 5 Blasewitz;998;516;466
2003;52 Striesen-Ost;52 Striesen-Ost;08 Blasewitz, Striesen;StB 5 Blasewitz;779;351;324
2003;53 Striesen-Süd;53 Striesen-Süd;08 Blasewitz, Striesen;StB 5 Blasewitz;372;188;170
2003;54 Striesen-West;54 Striesen-West;08 Blasewitz, Striesen;StB 5 Blasewitz;849;482;462
2003;55 Tolkewitz/Seidnitz-Nord;55 Tolkewitz/Seidnitz-Nord;09 Tolkewitz, Seidnitz, Gruna;StB 5 Blasewitz;323;132;133
2003;56 Seidnitz/Dobritz;56 Seidnitz/Dobritz;09 Tolkewitz, Seidnitz, Gruna;StB 5 Blasewitz;1372;817;700
2003;57 Gruna;57 Gruna;09 Tolkewitz, Seidnitz, Gruna;StB 5 Blasewitz;788;391;310
2003;61 Leuben;61 Leuben;10 StB Leuben;StB 6 Leuben;897;517;457
2003;62 Laubegast;62 Laubegast;10 StB Leuben;StB 6 Leuben;481;217;229
2003;63 Kleinzschachwitz;63 Kleinzschachwitz;10 StB Leuben;StB 6 Leuben;209;79;75
2003;64 Großzschachwitz;64 Großzschachwitz;10 StB Leuben;StB 6 Leuben;380;233;163
2003;71 Prohlis-Nord;71 Prohlis-Nord;11 Prohlis, Reick (mit Sternhäuser, Am Koitschgraben);StB 7 Prohlis;812;526;472
2003;72 Prohlis-Süd;72 Prohlis-Süd;11 Prohlis, Reick (mit Sternhäuser, Am Koitschgraben);StB 7 Prohlis;722;427;363
2003;73 Niedersedlitz;73 Niedersedlitz;11 Prohlis, Reick (mit Sternhäuser, Am Koitschgraben);StB 7 Prohlis;123;55;51
2003;73 Niedersedlitz;73 Niedersedlitz;12 Niedersedlitz, Leubnitz, Strehlen (ohne Sternhäuser, Am Koitschgraben);StB 7 Prohlis;286;128;119
2003;74 Lockwitz;74 Lockwitz;12 Niedersedlitz, Leubnitz, Strehlen (ohne Sternhäuser, Am Koitschgraben);StB 7 Prohlis;1147;828;785
2003;75 Leubnitz-Neuostra;75 Leubnitz-Neuostra;12 Niedersedlitz, Leubnitz, Strehlen (ohne Sternhäuser, Am Koitschgraben);StB 7 Prohlis;629;341;241
2003;76 Strehlen;76 Strehlen;11 Prohlis, Reick (mit Sternhäuser, Am Koitschgraben);StB 7 Prohlis;539;280;237
2003;76 Strehlen;76 Strehlen;12 Niedersedlitz, Leubnitz, Strehlen (ohne Sternhäuser, Am Koitschgraben);StB 7 Prohlis;723;377;319
2003;77 Reick;77 Reick;11 Prohlis, Reick (mit Sternhäuser, Am Koitschgraben);StB 7 Prohlis;756;454;404
2003;81 Südvorstadt-West;81 Südvorstadt-West;13 Südvorstadt, Zschertnitz;StB 8 Plauen;1577;912;851
2003;82 Südvorstadt-Ost;82 Südvorstadt-Ost;13 Südvorstadt, Zschertnitz;StB 8 Plauen;808;241;223
2003;83 Räcknitz/Zschertnitz;83 Räcknitz/Zschertnitz;13 Südvorstadt, Zschertnitz;StB 8 Plauen;590;204;204
2003;84 Kleinpestitz/Mockritz;84 Kleinpestitz/Mockritz;14 Mockritz, Coschütz, Plauen;StB 8 Plauen;421;202;216
2003;85 Coschütz/Gittersee;85 Coschütz/Gittersee;14 Mockritz, Coschütz, Plauen;StB 8 Plauen;319;168;193
2003;86 Plauen;86 Plauen;14 Mockritz, Coschütz, Plauen;StB 8 Plauen;730;334;278
2003;90 Cossebaude/Mobschatz/Oberw.;90 Cossebaude/Mobschatz/Oberw.;17 Briesnitz und westliche OS;StB 9 Cotta/westliche Ortschaften;442;213;176
2003;91 Cotta;91 Cotta;15 Cotta, Löbtau, Naußlitz, Dölzschen;StB 9 Cotta/westliche Ortschaften;1138;634;562
2003;92 Löbtau-Nord;92 Löbtau-Nord;15 Cotta, Löbtau, Naußlitz, Dölzschen;StB 9 Cotta/westliche Ortschaften;873;469;452
2003;93 Löbtau-Süd;93 Löbtau-Süd;15 Cotta, Löbtau, Naußlitz, Dölzschen;StB 9 Cotta/westliche Ortschaften;915;439;400
2003;94 Naußlitz;94 Naußlitz;15 Cotta, Löbtau, Naußlitz, Dölzschen;StB 9 Cotta/westliche Ortschaften;356;163;152
2003;95 Gorbitz-Süd;95 Gorbitz-Süd;16 Gorbitz;StB 9 Cotta/westliche Ortschaften;632;310;269
2003;96 Gorbitz-Ost;96 Gorbitz-Ost;16 Gorbitz;StB 9 Cotta/westliche Ortschaften;355;178;188
2003;97 Gorbitz-Nord/Neu-Omsewitz;97 Gorbitz-Nord/Neu-Omsewitz;16 Gorbitz;StB 9 Cotta/westliche Ortschaften;651;314;295
2003;98 Briesnitz;98 Briesnitz;17 Briesnitz und westliche OS;StB 9 Cotta/westliche Ortschaften;529;237;206
2003;99 Altfranken/Gompitz;99 Altfranken/Gompitz;17 Briesnitz und westliche OS;StB 9 Cotta/westliche Ortschaften;371;245;231
2003;Korrektur Mehrfachzählung;Korrektur Mehrfachzählung;00 unbekannt;unbekannt;0;0;-4709
2004;unbekannt/unzutreffend;unbekannt/unzutreffend;00 unbekannt;unbekannt;2052;1721;0
2004;01 Innere Altstadt;01 Innere Altstadt;01 StB Altstadt ohne Johannstadt;StB 0 Altstadt;2664;1401;1272
2004;02 Pirnaische Vorstadt;02 Pirnaische Vorstadt;01 StB Altstadt ohne Johannstadt;StB 0 Altstadt;761;317;352
2004;03 Seevorstadt-Ost;03 Seevorstadt-Ost;01 StB Altstadt ohne Johannstadt;StB 0 Altstadt;1902;973;852
2004;04 Wilsdruffer Vs./Seevs.-West;04 Wilsdruffer Vs./Seevs.-West;01 StB Altstadt ohne Johannstadt;StB 0 Altstadt;979;364;338
2004;05 Friedrichstadt;05 Friedrichstadt;01 StB Altstadt ohne Johannstadt;StB 0 Altstadt;1388;653;601
2004;06 Johannstadt-Nord;06 Johannstadt-Nord;02 Johannstadt;StB 0 Altstadt;1119;370;317
2004;07 Johannstadt-Süd;07 Johannstadt-Süd;02 Johannstadt;StB 0 Altstadt;723;269;188
2004;11 Äußere Neustadt (Antonstadt);11 Äußere Neustadt (Antonstadt);03 StB Neustadt ohne Leipziger Vorstadt;StB 1 Neustadt;3394;1496;1157
2004;12 Radeberger Vorstadt;12 Radeberger Vorstadt;03 StB Neustadt ohne Leipziger Vorstadt;StB 1 Neustadt;528;197;169
2004;13 Innere Neustadt;13 Innere Neustadt;03 StB Neustadt ohne Leipziger Vorstadt;StB 1 Neustadt;1080;582;445
2004;14 Leipziger Vorstadt;14 Leipziger Vorstadt;04 Leipziger Vorstadt, Pieschen;StB 1 Neustadt;1246;519;406
2004;15 Albertstadt;15 Albertstadt;03 StB Neustadt ohne Leipziger Vorstadt;StB 1 Neustadt;467;190;173
2004;21 Pieschen-Süd;21 Pieschen-Süd;04 Leipziger Vorstadt, Pieschen;StB 2 Pieschen;1487;750;600
2004;22 Mickten;22 Mickten;05 Mickten, Kaditz, Trachau;StB 2 Pieschen;1093;462;381
2004;23 Kaditz;23 Kaditz;05 Mickten, Kaditz, Trachau;StB 2 Pieschen;983;603;566
2004;24 Trachau;24 Trachau;05 Mickten, Kaditz, Trachau;StB 2 Pieschen;523;192;199
2004;25 Pieschen-N/Trachenberge;25 Pieschen-N/Trachenberge;04 Leipziger Vorstadt, Pieschen;StB 2 Pieschen;1211;530;470
2004;31 Klotzsche;31 Klotzsche;06 StB Klotzsche und nördliche OS;StB 3 Klotzsche/nördliche Ortschaften;754;268;258
2004;31 Klotzsche;33 Flughafen;06 StB Klotzsche und nördliche OS;StB 3 Klotzsche/nördliche Ortschaften;205;104;107
2004;31 Klotzsche;34 Hellerberge;06 StB Klotzsche und nördliche OS;StB 3 Klotzsche/nördliche Ortschaften;26;22;20
2004;32 Hellerau/Wilschdorf;32 Hellerau/Wilschdorf;06 StB Klotzsche und nördliche OS;StB 3 Klotzsche/nördliche Ortschaften;280;141;124
2004;35 Weixdorf;35 Weixdorf;06 StB Klotzsche und nördliche OS;StB 3 Klotzsche/nördliche Ortschaften;240;106;95
2004;36 Langebrück/Schönborn;36 Langebrück/Schönborn;06 StB Klotzsche und nördliche OS;StB 3 Klotzsche/nördliche Ortschaften;101;50;44
2004;41 Loschwitz/Wachwitz;41 Loschwitz/Wachwitz;07 StB Loschwitz und OS Schönfeld-Weißig;StB 4 Loschwitz/OS Schönfeld-Weißig;340;151;123
2004;42 Bühlau/Weißer Hirsch;42 Bühlau/Weißer Hirsch;07 StB Loschwitz und OS Schönfeld-Weißig;StB 4 Loschwitz/OS Schönfeld-Weißig;425;236;186
2004;42 Bühlau/Weißer Hirsch;44 Dresdner Heide;07 StB Loschwitz und OS Schönfeld-Weißig;StB 4 Loschwitz/OS Schönfeld-Weißig;31;15;18
2004;43 Hosterwitz/Pillnitz;43 Hosterwitz/Pillnitz;07 StB Loschwitz und OS Schönfeld-Weißig;StB 4 Loschwitz/OS Schönfeld-Weißig;122;58;52
2004;45 Weißig;45 Weißig;07 StB Loschwitz und OS Schönfeld-Weißig;StB 4 Loschwitz/OS Schönfeld-Weißig;448;257;232
2004;46 Gönnsdorf/Pappritz;46 Gönnsdorf/Pappritz;07 StB Loschwitz und OS Schönfeld-Weißig;StB 4 Loschwitz/OS Schönfeld-Weißig;69;49;35
2004;47 Schönfeld/Schullwitz;47 Schönfeld/Schullwitz;07 StB Loschwitz und OS Schönfeld-Weißig;StB 4 Loschwitz/OS Schönfeld-Weißig;85;39;32
2004;51 Blasewitz;51 Blasewitz;08 Blasewitz, Striesen;StB 5 Blasewitz;984;448;441
2004;52 Striesen-Ost;52 Striesen-Ost;08 Blasewitz, Striesen;StB 5 Blasewitz;767;371;281
2004;53 Striesen-Süd;53 Striesen-Süd;08 Blasewitz, Striesen;StB 5 Blasewitz;429;182;160
2004;54 Striesen-West;54 Striesen-West;08 Blasewitz, Striesen;StB 5 Blasewitz;897;556;463
2004;55 Tolkewitz/Seidnitz-Nord;55 Tolkewitz/Seidnitz-Nord;09 Tolkewitz, Seidnitz, Gruna;StB 5 Blasewitz;440;183;156
2004;56 Seidnitz/Dobritz;56 Seidnitz/Dobritz;09 Tolkewitz, Seidnitz, Gruna;StB 5 Blasewitz;1235;725;629
2004;57 Gruna;57 Gruna;09 Tolkewitz, Seidnitz, Gruna;StB 5 Blasewitz;731;320;298
2004;61 Leuben;61 Leuben;10 StB Leuben;StB 6 Leuben;779;433;397
2004;62 Laubegast;62 Laubegast;10 StB Leuben;StB 6 Leuben;743;437;229
2004;63 Kleinzschachwitz;63 Kleinzschachwitz;10 StB Leuben;StB 6 Leuben;234;72;75
2004;64 Großzschachwitz;64 Großzschachwitz;10 StB Leuben;StB 6 Leuben;338;206;175
2004;71 Prohlis-Nord;71 Prohlis-Nord;11 Prohlis, Reick (mit Sternhäuser, Am Koitschgraben);StB 7 Prohlis;629;429;405
2004;72 Prohlis-Süd;72 Prohlis-Süd;11 Prohlis, Reick (mit Sternhäuser, Am Koitschgraben);StB 7 Prohlis;690;441;380
2004;73 Niedersedlitz;73 Niedersedlitz;11 Prohlis, Reick (mit Sternhäuser, Am Koitschgraben);StB 7 Prohlis;107;50;49
2004;73 Niedersedlitz;73 Niedersedlitz;12 Niedersedlitz, Leubnitz, Strehlen (ohne Sternhäuser, Am Koitschgraben);StB 7 Prohlis;276;130;127
2004;74 Lockwitz;74 Lockwitz;12 Niedersedlitz, Leubnitz, Strehlen (ohne Sternhäuser, Am Koitschgraben);StB 7 Prohlis;894;669;604
2004;75 Leubnitz-Neuostra;75 Leubnitz-Neuostra;12 Niedersedlitz, Leubnitz, Strehlen (ohne Sternhäuser, Am Koitschgraben);StB 7 Prohlis;554;257;218
2004;76 Strehlen;76 Strehlen;11 Prohlis, Reick (mit Sternhäuser, Am Koitschgraben);StB 7 Prohlis;481;241;217
2004;76 Strehlen;76 Strehlen;12 Niedersedlitz, Leubnitz, Strehlen (ohne Sternhäuser, Am Koitschgraben);StB 7 Prohlis;673;338;303
2004;77 Reick;77 Reick;11 Prohlis, Reick (mit Sternhäuser, Am Koitschgraben);StB 7 Prohlis;754;473;426
2004;81 Südvorstadt-West;81 Südvorstadt-West;13 Südvorstadt, Zschertnitz;StB 8 Plauen;1056;437;403
2004;82 Südvorstadt-Ost;82 Südvorstadt-Ost;13 Südvorstadt, Zschertnitz;StB 8 Plauen;730;227;221
2004;83 Räcknitz/Zschertnitz;83 Räcknitz/Zschertnitz;13 Südvorstadt, Zschertnitz;StB 8 Plauen;469;144;160
2004;84 Kleinpestitz/Mockritz;84 Kleinpestitz/Mockritz;14 Mockritz, Coschütz, Plauen;StB 8 Plauen;363;188;189
2004;85 Coschütz/Gittersee;85 Coschütz/Gittersee;14 Mockritz, Coschütz, Plauen;StB 8 Plauen;332;159;135
2004;86 Plauen;86 Plauen;14 Mockritz, Coschütz, Plauen;StB 8 Plauen;662;271;290
2004;90 Cossebaude/Mobschatz/Oberw.;90 Cossebaude/Mobschatz/Oberw.;17 Briesnitz und westliche OS;StB 9 Cotta/westliche Ortschaften;353;135;133
2004;91 Cotta;91 Cotta;15 Cotta, Löbtau, Naußlitz, Dölzschen;StB 9 Cotta/westliche Ortschaften;1014;546;470
2004;92 Löbtau-Nord;92 Löbtau-Nord;15 Cotta, Löbtau, Naußlitz, Dölzschen;StB 9 Cotta/westliche Ortschaften;962;479;433
2004;93 Löbtau-Süd;93 Löbtau-Süd;15 Cotta, Löbtau, Naußlitz, Dölzschen;StB 9 Cotta/westliche Ortschaften;812;418;333
2004;94 Naußlitz;94 Naußlitz;15 Cotta, Löbtau, Naußlitz, Dölzschen;StB 9 Cotta/westliche Ortschaften;344;150;158
2004;95 Gorbitz-Süd;95 Gorbitz-Süd;16 Gorbitz;StB 9 Cotta/westliche Ortschaften;581;339;321
2004;96 Gorbitz-Ost;96 Gorbitz-Ost;16 Gorbitz;StB 9 Cotta/westliche Ortschaften;384;178;165
2004;97 Gorbitz-Nord/Neu-Omsewitz;97 Gorbitz-Nord/Neu-Omsewitz;16 Gorbitz;StB 9 Cotta/westliche Ortschaften;754;375;336
2004;98 Briesnitz;98 Briesnitz;17 Briesnitz und westliche OS;StB 9 Cotta/westliche Ortschaften;490;200;210
2004;99 Altfranken/Gompitz;99 Altfranken/Gompitz;17 Briesnitz und westliche OS;StB 9 Cotta/westliche Ortschaften;266;162;168
2004;Korrektur Mehrfachzählung;Korrektur Mehrfachzählung;00 unbekannt;unbekannt;0;0;-4006
2005;unbekannt/unzutreffend;unbekannt/unzutreffend;00 unbekannt;unbekannt;4406;3498;0
2005;01 Innere Altstadt;01 Innere Altstadt;01 StB Altstadt ohne Johannstadt;StB 0 Altstadt;2625;1575;1410
2005;02 Pirnaische Vorstadt;02 Pirnaische Vorstadt;01 StB Altstadt ohne Johannstadt;StB 0 Altstadt;640;324;311
2005;03 Seevorstadt-Ost;03 Seevorstadt-Ost;01 StB Altstadt ohne Johannstadt;StB 0 Altstadt;1674;921;938
2005;04 Wilsdruffer Vs./Seevs.-West;04 Wilsdruffer Vs./Seevs.-West;01 StB Altstadt ohne Johannstadt;StB 0 Altstadt;706;300;264
2005;05 Friedrichstadt;05 Friedrichstadt;01 StB Altstadt ohne Johannstadt;StB 0 Altstadt;1033;506;442
2005;06 Johannstadt-Nord;06 Johannstadt-Nord;02 Johannstadt;StB 0 Altstadt;962;472;382
2005;07 Johannstadt-Süd;07 Johannstadt-Süd;02 Johannstadt;StB 0 Altstadt;641;247;218
2005;11 Äußere Neustadt (Antonstadt);11 Äußere Neustadt (Antonstadt);03 StB Neustadt ohne Leipziger Vorstadt;StB 1 Neustadt;2951;1270;1079
2005;12 Radeberger Vorstadt;12 Radeberger Vorstadt;03 StB Neustadt ohne Leipziger Vorstadt;StB 1 Neustadt;488;236;203
2005;13 Innere Neustadt;13 Innere Neustadt;03 StB Neustadt ohne Leipziger Vorstadt;StB 1 Neustadt;1238;586;559
2005;14 Leipziger Vorstadt;14 Leipziger Vorstadt;04 Leipziger Vorstadt, Pieschen;StB 1 Neustadt;1204;560;441
2005;15 Albertstadt;15 Albertstadt;03 StB Neustadt ohne Leipziger Vorstadt;StB 1 Neustadt;435;199;209
2005;21 Pieschen-Süd;21 Pieschen-Süd;04 Leipziger Vorstadt, Pieschen;StB 2 Pieschen;1275;598;507
2005;22 Mickten;22 Mickten;05 Mickten, Kaditz, Trachau;StB 2 Pieschen;1031;460;412
2005;23 Kaditz;23 Kaditz;05 Mickten, Kaditz, Trachau;StB 2 Pieschen;853;544;496
2005;24 Trachau;24 Trachau;05 Mickten, Kaditz, Trachau;StB 2 Pieschen;472;158;137
2005;25 Pieschen-N/Trachenberge;25 Pieschen-N/Trachenberge;04 Leipziger Vorstadt, Pieschen;StB 2 Pieschen;951;463;402
2005;31 Klotzsche;31 Klotzsche;06 StB Klotzsche und nördliche OS;StB 3 Klotzsche/nördliche Ortschaften;745;294;278
2005;31 Klotzsche;33 Flughafen;06 StB Klotzsche und nördliche OS;StB 3 Klotzsche/nördliche Ortschaften;178;100;105
2005;31 Klotzsche;34 Hellerberge;06 StB Klotzsche und nördliche OS;StB 3 Klotzsche/nördliche Ortschaften;47;22;28
2005;32 Hellerau/Wilschdorf;32 Hellerau/Wilschdorf;06 StB Klotzsche und nördliche OS;StB 3 Klotzsche/nördliche Ortschaften;204;95;92
2005;35 Weixdorf;35 Weixdorf;06 StB Klotzsche und nördliche OS;StB 3 Klotzsche/nördliche Ortschaften;269;134;100
2005;36 Langebrück/Schönborn;36 Langebrück/Schönborn;06 StB Klotzsche und nördliche OS;StB 3 Klotzsche/nördliche Ortschaften;105;59;37
2005;41 Loschwitz/Wachwitz;41 Loschwitz/Wachwitz;07 StB Loschwitz und OS Schönfeld-Weißig;StB 4 Loschwitz/OS Schönfeld-Weißig;294;125;118
2005;42 Bühlau/Weißer Hirsch;42 Bühlau/Weißer Hirsch;07 StB Loschwitz und OS Schönfeld-Weißig;StB 4 Loschwitz/OS Schönfeld-Weißig;343;171;154
2005;42 Bühlau/Weißer Hirsch;44 Dresdner Heide;07 StB Loschwitz und OS Schönfeld-Weißig;StB 4 Loschwitz/OS Schönfeld-Weißig;29;15;15
2005;43 Hosterwitz/Pillnitz;43 Hosterwitz/Pillnitz;07 StB Loschwitz und OS Schönfeld-Weißig;StB 4 Loschwitz/OS Schönfeld-Weißig;110;64;58
2005;45 Weißig;45 Weißig;07 StB Loschwitz und OS Schönfeld-Weißig;StB 4 Loschwitz/OS Schönfeld-Weißig;398;245;230
2005;46 Gönnsdorf/Pappritz;46 Gönnsdorf/Pappritz;07 StB Loschwitz und OS Schönfeld-Weißig;StB 4 Loschwitz/OS Schönfeld-Weißig;39;17;20
2005;47 Schönfeld/Schullwitz;47 Schönfeld/Schullwitz;07 StB Loschwitz und OS Schönfeld-Weißig;StB 4 Loschwitz/OS Schönfeld-Weißig;65;22;21
2005;51 Blasewitz;51 Blasewitz;08 Blasewitz, Striesen;StB 5 Blasewitz;815;406;354
2005;52 Striesen-Ost;52 Striesen-Ost;08 Blasewitz, Striesen;StB 5 Blasewitz;644;350;230
2005;53 Striesen-Süd;53 Striesen-Süd;08 Blasewitz, Striesen;StB 5 Blasewitz;396;201;158
2005;54 Striesen-West;54 Striesen-West;08 Blasewitz, Striesen;StB 5 Blasewitz;673;394;313
2005;55 Tolkewitz/Seidnitz-Nord;55 Tolkewitz/Seidnitz-Nord;09 Tolkewitz, Seidnitz, Gruna;StB 5 Blasewitz;445;211;174
2005;56 Seidnitz/Dobritz;56 Seidnitz/Dobritz;09 Tolkewitz, Seidnitz, Gruna;StB 5 Blasewitz;1051;621;545
2005;57 Gruna;57 Gruna;09 Tolkewitz, Seidnitz, Gruna;StB 5 Blasewitz;543;275;239
2005;61 Leuben;61 Leuben;10 StB Leuben;StB 6 Leuben;786;416;387
2005;62 Laubegast;62 Laubegast;10 StB Leuben;StB 6 Leuben;417;223;169
2005;63 Kleinzschachwitz;63 Kleinzschachwitz;10 StB Leuben;StB 6 Leuben;197;73;71
2005;64 Großzschachwitz;64 Großzschachwitz;10 StB Leuben;StB 6 Leuben;349;175;132
2005;71 Prohlis-Nord;71 Prohlis-Nord;11 Prohlis, Reick (mit Sternhäuser, Am Koitschgraben);StB 7 Prohlis;497;322;312
2005;72 Prohlis-Süd;72 Prohlis-Süd;11 Prohlis, Reick (mit Sternhäuser, Am Koitschgraben);StB 7 Prohlis;679;439;360
2005;73 Niedersedlitz;73 Niedersedlitz;11 Prohlis, Reick (mit Sternhäuser, Am Koitschgraben);StB 7 Prohlis;73;38;35
2005;73 Niedersedlitz;73 Niedersedlitz;12 Niedersedlitz, Leubnitz, Strehlen (ohne Sternhäuser, Am Koitschgraben);StB 7 Prohlis;270;141;130
2005;74 Lockwitz;74 Lockwitz;12 Niedersedlitz, Leubnitz, Strehlen (ohne Sternhäuser, Am Koitschgraben);StB 7 Prohlis;743;544;473
2005;75 Leubnitz-Neuostra;75 Leubnitz-Neuostra;12 Niedersedlitz, Leubnitz, Strehlen (ohne Sternhäuser, Am Koitschgraben);StB 7 Prohlis;463;224;212
2005;76 Strehlen;76 Strehlen;11 Prohlis, Reick (mit Sternhäuser, Am Koitschgraben);StB 7 Prohlis;378;228;203
2005;76 Strehlen;76 Strehlen;12 Niedersedlitz, Leubnitz, Strehlen (ohne Sternhäuser, Am Koitschgraben);StB 7 Prohlis;565;341;302
2005;77 Reick;77 Reick;11 Prohlis, Reick (mit Sternhäuser, Am Koitschgraben);StB 7 Prohlis;595;363;337
2005;81 Südvorstadt-West;81 Südvorstadt-West;13 Südvorstadt, Zschertnitz;StB 8 Plauen;1024;476;464
2005;82 Südvorstadt-Ost;82 Südvorstadt-Ost;13 Südvorstadt, Zschertnitz;StB 8 Plauen;525;186;179
2005;83 Räcknitz/Zschertnitz;83 Räcknitz/Zschertnitz;13 Südvorstadt, Zschertnitz;StB 8 Plauen;430;158;174
2005;84 Kleinpestitz/Mockritz;84 Kleinpestitz/Mockritz;14 Mockritz, Coschütz, Plauen;StB 8 Plauen;335;181;176
2005;85 Coschütz/Gittersee;85 Coschütz/Gittersee;14 Mockritz, Coschütz, Plauen;StB 8 Plauen;290;155;152
2005;86 Plauen;86 Plauen;14 Mockritz, Coschütz, Plauen;StB 8 Plauen;574;218;194
2005;90 Cossebaude/Mobschatz/Oberw.;90 Cossebaude/Mobschatz/Oberw.;17 Briesnitz und westliche OS;StB 9 Cotta/westliche Ortschaften;349;178;146
2005;91 Cotta;91 Cotta;15 Cotta, Löbtau, Naußlitz, Dölzschen;StB 9 Cotta/westliche Ortschaften;793;412;355
2005;92 Löbtau-Nord;92 Löbtau-Nord;15 Cotta, Löbtau, Naußlitz, Dölzschen;StB 9 Cotta/westliche Ortschaften;931;475;451
2005;93 Löbtau-Süd;93 Löbtau-Süd;15 Cotta, Löbtau, Naußlitz, Dölzschen;StB 9 Cotta/westliche Ortschaften;602;320;298
2005;94 Naußlitz;94 Naußlitz;15 Cotta, Löbtau, Naußlitz, Dölzschen;StB 9 Cotta/westliche Ortschaften;362;192;187
2005;95 Gorbitz-Süd;95 Gorbitz-Süd;16 Gorbitz;StB 9 Cotta/westliche Ortschaften;488;276;235
2005;96 Gorbitz-Ost;96 Gorbitz-Ost;16 Gorbitz;StB 9 Cotta/westliche Ortschaften;331;194;167
2005;97 Gorbitz-Nord/Neu-Omsewitz;97 Gorbitz-Nord/Neu-Omsewitz;16 Gorbitz;StB 9 Cotta/westliche Ortschaften;532;311;309
2005;98 Briesnitz;98 Briesnitz;17 Briesnitz und westliche OS;StB 9 Cotta/westliche Ortschaften;432;197;151
2005;99 Altfranken/Gompitz;99 Altfranken/Gompitz;17 Briesnitz und westliche OS;StB 9 Cotta/westliche Ortschaften;173;105;114
2005;Korrektur Mehrfachzählung;Korrektur Mehrfachzählung;00 unbekannt;unbekannt;0;0;-3056
2006;unbekannt/unzutreffend;unbekannt/unzutreffend;00 unbekannt;unbekannt;4729;3887;0
2006;01 Innere Altstadt;01 Innere Altstadt;01 StB Altstadt ohne Johannstadt;StB 0 Altstadt;2560;1577;1296
2006;02 Pirnaische Vorstadt;02 Pirnaische Vorstadt;01 StB Altstadt ohne Johannstadt;StB 0 Altstadt;555;268;232
2006;03 Seevorstadt-Ost;03 Seevorstadt-Ost;01 StB Altstadt ohne Johannstadt;StB 0 Altstadt;1645;853;765
2006;04 Wilsdruffer Vs./Seevs.-West;04 Wilsdruffer Vs./Seevs.-West;01 StB Altstadt ohne Johannstadt;StB 0 Altstadt;1317;840;837
2006;05 Friedrichstadt;05 Friedrichstadt;01 StB Altstadt ohne Johannstadt;StB 0 Altstadt;1189;606;518
2006;06 Johannstadt-Nord;06 Johannstadt-Nord;02 Johannstadt;StB 0 Altstadt;763;365;352
2006;07 Johannstadt-Süd;07 Johannstadt-Süd;02 Johannstadt;StB 0 Altstadt;601;247;217
2006;11 Äußere Neustadt (Antonstadt);11 Äußere Neustadt (Antonstadt);03 StB Neustadt ohne Leipziger Vorstadt;StB 1 Neustadt;2709;1301;1045
2006;12 Radeberger Vorstadt;12 Radeberger Vorstadt;03 StB Neustadt ohne Leipziger Vorstadt;StB 1 Neustadt;488;201;176
2006;13 Innere Neustadt;13 Innere Neustadt;03 StB Neustadt ohne Leipziger Vorstadt;StB 1 Neustadt;1168;624;550
2006;14 Leipziger Vorstadt;14 Leipziger Vorstadt;04 Leipziger Vorstadt, Pieschen;StB 1 Neustadt;1019;518;450
2006;15 Albertstadt;15 Albertstadt;03 StB Neustadt ohne Leipziger Vorstadt;StB 1 Neustadt;488;273;255
2006;21 Pieschen-Süd;21 Pieschen-Süd;04 Leipziger Vorstadt, Pieschen;StB 2 Pieschen;1331;736;569
2006;22 Mickten;22 Mickten;05 Mickten, Kaditz, Trachau;StB 2 Pieschen;1134;566;497
2006;23 Kaditz;23 Kaditz;05 Mickten, Kaditz, Trachau;StB 2 Pieschen;853;575;573
2006;24 Trachau;24 Trachau;05 Mickten, Kaditz, Trachau;StB 2 Pieschen;444;213;180
2006;25 Pieschen-N/Trachenberge;25 Pieschen-N/Trachenberge;04 Leipziger Vorstadt, Pieschen;StB 2 Pieschen;926;438;363
2006;31 Klotzsche;31 Klotzsche;06 StB Klotzsche und nördliche OS;StB 3 Klotzsche/nördliche Ortschaften;697;328;314
2006;31 Klotzsche;33 Flughafen;06 StB Klotzsche und nördliche OS;StB 3 Klotzsche/nördliche Ortschaften;147;91;97
2006;31 Klotzsche;34 Hellerberge;06 StB Klotzsche und nördliche OS;StB 3 Klotzsche/nördliche Ortschaften;33;27;24
2006;32 Hellerau/Wilschdorf;32 Hellerau/Wilschdorf;06 StB Klotzsche und nördliche OS;StB 3 Klotzsche/nördliche Ortschaften;227;114;92
2006;35 Weixdorf;35 Weixdorf;06 StB Klotzsche und nördliche OS;StB 3 Klotzsche/nördliche Ortschaften;235;138;113
2006;36 Langebrück/Schönborn;36 Langebrück/Schönborn;06 StB Klotzsche und nördliche OS;StB 3 Klotzsche/nördliche Ortschaften;104;71;39
2006;41 Loschwitz/Wachwitz;41 Loschwitz/Wachwitz;07 StB Loschwitz und OS Schönfeld-Weißig;StB 4 Loschwitz/OS Schönfeld-Weißig;200;93;85
2006;42 Bühlau/Weißer Hirsch;42 Bühlau/Weißer Hirsch;07 StB Loschwitz und OS Schönfeld-Weißig;StB 4 Loschwitz/OS Schönfeld-Weißig;418;209;188
2006;42 Bühlau/Weißer Hirsch;44 Dresdner Heide;07 StB Loschwitz und OS Schönfeld-Weißig;StB 4 Loschwitz/OS Schönfeld-Weißig;40;27;22
2006;43 Hosterwitz/Pillnitz;43 Hosterwitz/Pillnitz;07 StB Loschwitz und OS Schönfeld-Weißig;StB 4 Loschwitz/OS Schönfeld-Weißig;118;51;51
2006;45 Weißig;45 Weißig;07 StB Loschwitz und OS Schönfeld-Weißig;StB 4 Loschwitz/OS Schönfeld-Weißig;392;226;214
2006;46 Gönnsdorf/Pappritz;46 Gönnsdorf/Pappritz;07 StB Loschwitz und OS Schönfeld-Weißig;StB 4 Loschwitz/OS Schönfeld-Weißig;40;17;15
2006;47 Schönfeld/Schullwitz;47 Schönfeld/Schullwitz;07 StB Loschwitz und OS Schönfeld-Weißig;StB 4 Loschwitz/OS Schönfeld-Weißig;73;54;40
2006;51 Blasewitz;51 Blasewitz;08 Blasewitz, Striesen;StB 5 Blasewitz;711;420;345
2006;52 Striesen-Ost;52 Striesen-Ost;08 Blasewitz, Striesen;StB 5 Blasewitz;469;246;213
2006;53 Striesen-Süd;53 Striesen-Süd;08 Blasewitz, Striesen;StB 5 Blasewitz;356;149;136
2006;54 Striesen-West;54 Striesen-West;08 Blasewitz, Striesen;StB 5 Blasewitz;653;434;322
2006;55 Tolkewitz/Seidnitz-Nord;55 Tolkewitz/Seidnitz-Nord;09 Tolkewitz, Seidnitz, Gruna;StB 5 Blasewitz;424;244;174
2006;56 Seidnitz/Dobritz;56 Seidnitz/Dobritz;09 Tolkewitz, Seidnitz, Gruna;StB 5 Blasewitz;1006;639;564
2006;57 Gruna;57 Gruna;09 Tolkewitz, Seidnitz, Gruna;StB 5 Blasewitz;507;247;213
2006;61 Leuben;61 Leuben;10 StB Leuben;StB 6 Leuben;802;418;413
2006;62 Laubegast;62 Laubegast;10 StB Leuben;StB 6 Leuben;466;230;201
2006;63 Kleinzschachwitz;63 Kleinzschachwitz;10 StB Leuben;StB 6 Leuben;180;89;73
2006;64 Großzschachwitz;64 Großzschachwitz;10 StB Leuben;StB 6 Leuben;267;157;117
2006;71 Prohlis-Nord;71 Prohlis-Nord;11 Prohlis, Reick (mit Sternhäuser, Am Koitschgraben);StB 7 Prohlis;515;354;352
2006;72 Prohlis-Süd;72 Prohlis-Süd;11 Prohlis, Reick (mit Sternhäuser, Am Koitschgraben);StB 7 Prohlis;660;435;376
2006;73 Niedersedlitz;73 Niedersedlitz;11 Prohlis, Reick (mit Sternhäuser, Am Koitschgraben);StB 7 Prohlis;50;22;23
2006;73 Niedersedlitz;73 Niedersedlitz;12 Niedersedlitz, Leubnitz, Strehlen (ohne Sternhäuser, Am Koitschgraben);StB 7 Prohlis;264;115;124
2006;74 Lockwitz;74 Lockwitz;12 Niedersedlitz, Leubnitz, Strehlen (ohne Sternhäuser, Am Koitschgraben);StB 7 Prohlis;699;479;451
2006;75 Leubnitz-Neuostra;75 Leubnitz-Neuostra;12 Niedersedlitz, Leubnitz, Strehlen (ohne Sternhäuser, Am Koitschgraben);StB 7 Prohlis;452;220;219
2006;76 Strehlen;76 Strehlen;11 Prohlis, Reick (mit Sternhäuser, Am Koitschgraben);StB 7 Prohlis;350;190;177
2006;76 Strehlen;76 Strehlen;12 Niedersedlitz, Leubnitz, Strehlen (ohne Sternhäuser, Am Koitschgraben);StB 7 Prohlis;585;318;296
2006;77 Reick;77 Reick;11 Prohlis, Reick (mit Sternhäuser, Am Koitschgraben);StB 7 Prohlis;539;330;323
2006;81 Südvorstadt-West;81 Südvorstadt-West;13 Südvorstadt, Zschertnitz;StB 8 Plauen;1195;643;630
2006;82 Südvorstadt-Ost;82 Südvorstadt-Ost;13 Südvorstadt, Zschertnitz;StB 8 Plauen;555;209;188
2006;83 Räcknitz/Zschertnitz;83 Räcknitz/Zschertnitz;13 Südvorstadt, Zschertnitz;StB 8 Plauen;415;191;189
2006;84 Kleinpestitz/Mockritz;84 Kleinpestitz/Mockritz;14 Mockritz, Coschütz, Plauen;StB 8 Plauen;320;157;117
2006;85 Coschütz/Gittersee;85 Coschütz/Gittersee;14 Mockritz, Coschütz, Plauen;StB 8 Plauen;357;200;169
2006;86 Plauen;86 Plauen;14 Mockritz, Coschütz, Plauen;StB 8 Plauen;558;208;226
2006;90 Cossebaude/Mobschatz/Oberw.;90 Cossebaude/Mobschatz/Oberw.;17 Briesnitz und westliche OS;StB 9 Cotta/westliche Ortschaften;847;681;121
2006;91 Cotta;91 Cotta;15 Cotta, Löbtau, Naußlitz, Dölzschen;StB 9 Cotta/westliche Ortschaften;849;516;391
2006;92 Löbtau-Nord;92 Löbtau-Nord;15 Cotta, Löbtau, Naußlitz, Dölzschen;StB 9 Cotta/westliche Ortschaften;1038;662;478
2006;93 Löbtau-Süd;93 Löbtau-Süd;15 Cotta, Löbtau, Naußlitz, Dölzschen;StB 9 Cotta/westliche Ortschaften;724;382;302
2006;94 Naußlitz;94 Naußlitz;15 Cotta, Löbtau, Naußlitz, Dölzschen;StB 9 Cotta/westliche Ortschaften;442;272;242
2006;95 Gorbitz-Süd;95 Gorbitz-Süd;16 Gorbitz;StB 9 Cotta/westliche Ortschaften;661;431;321
2006;96 Gorbitz-Ost;96 Gorbitz-Ost;16 Gorbitz;StB 9 Cotta/westliche Ortschaften;340;166;172
2006;97 Gorbitz-Nord/Neu-Omsewitz;97 Gorbitz-Nord/Neu-Omsewitz;16 Gorbitz;StB 9 Cotta/westliche Ortschaften;585;352;340
2006;98 Briesnitz;98 Briesnitz;17 Briesnitz und westliche OS;StB 9 Cotta/westliche Ortschaften;475;253;205
2006;99 Altfranken/Gompitz;99 Altfranken/Gompitz;17 Briesnitz und westliche OS;StB 9 Cotta/westliche Ortschaften;231;168;174
2006;Korrektur Mehrfachzählung;Korrektur Mehrfachzählung;00 unbekannt;unbekannt;0;0;-2771
2007;unbekannt/unzutreffend;unbekannt/unzutreffend;00 unbekannt;unbekannt;5065;4307;0
2007;01 Innere Altstadt;01 Innere Altstadt;01 StB Altstadt ohne Johannstadt;StB 0 Altstadt;2067;1199;1097
2007;02 Pirnaische Vorstadt;02 Pirnaische Vorstadt;01 StB Altstadt ohne Johannstadt;StB 0 Altstadt;539;245;247
2007;03 Seevorstadt-Ost;03 Seevorstadt-Ost;01 StB Altstadt ohne Johannstadt;StB 0 Altstadt;1485;863;779
2007;04 Wilsdruffer Vs./Seevs.-West;04 Wilsdruffer Vs./Seevs.-West;01 StB Altstadt ohne Johannstadt;StB 0 Altstadt;1013;573;534
2007;05 Friedrichstadt;05 Friedrichstadt;01 StB Altstadt ohne Johannstadt;StB 0 Altstadt;1095;566;540
2007;06 Johannstadt-Nord;06 Johannstadt-Nord;02 Johannstadt;StB 0 Altstadt;737;338;344
2007;07 Johannstadt-Süd;07 Johannstadt-Süd;02 Johannstadt;StB 0 Altstadt;599;257;205
2007;11 Äußere Neustadt (Antonstadt);11 Äußere Neustadt (Antonstadt);03 StB Neustadt ohne Leipziger Vorstadt;StB 1 Neustadt;2753;1185;1102
2007;12 Radeberger Vorstadt;12 Radeberger Vorstadt;03 StB Neustadt ohne Leipziger Vorstadt;StB 1 Neustadt;444;195;183
2007;13 Innere Neustadt;13 Innere Neustadt;03 StB Neustadt ohne Leipziger Vorstadt;StB 1 Neustadt;1134;611;522
2007;14 Leipziger Vorstadt;14 Leipziger Vorstadt;04 Leipziger Vorstadt, Pieschen;StB 1 Neustadt;1231;525;490
2007;15 Albertstadt;15 Albertstadt;03 StB Neustadt ohne Leipziger Vorstadt;StB 1 Neustadt;579;334;329
2007;21 Pieschen-Süd;21 Pieschen-Süd;04 Leipziger Vorstadt, Pieschen;StB 2 Pieschen;1497;702;650
2007;22 Mickten;22 Mickten;05 Mickten, Kaditz, Trachau;StB 2 Pieschen;953;450;409
2007;23 Kaditz;23 Kaditz;05 Mickten, Kaditz, Trachau;StB 2 Pieschen;907;619;598
2007;24 Trachau;24 Trachau;05 Mickten, Kaditz, Trachau;StB 2 Pieschen;488;217;209
2007;25 Pieschen-N/Trachenberge;25 Pieschen-N/Trachenberge;04 Leipziger Vorstadt, Pieschen;StB 2 Pieschen;880;406;376
2007;31 Klotzsche;31 Klotzsche;06 StB Klotzsche und nördliche OS;StB 3 Klotzsche/nördliche Ortschaften;797;437;410
2007;31 Klotzsche;33 Flughafen;06 StB Klotzsche und nördliche OS;StB 3 Klotzsche/nördliche Ortschaften;0;0;0
2007;31 Klotzsche;34 Hellerberge;06 StB Klotzsche und nördliche OS;StB 3 Klotzsche/nördliche Ortschaften;45;26;27
2007;32 Hellerau/Wilschdorf;32 Hellerau/Wilschdorf;06 StB Klotzsche und nördliche OS;StB 3 Klotzsche/nördliche Ortschaften;210;139;105
2007;35 Weixdorf;35 Weixdorf;06 StB Klotzsche und nördliche OS;StB 3 Klotzsche/nördliche Ortschaften;187;108;112
2007;36 Langebrück/Schönborn;36 Langebrück/Schönborn;06 StB Klotzsche und nördliche OS;StB 3 Klotzsche/nördliche Ortschaften;78;38;40
2007;41 Loschwitz/Wachwitz;41 Loschwitz/Wachwitz;07 StB Loschwitz und OS Schönfeld-Weißig;StB 4 Loschwitz/OS Schönfeld-Weißig;220;95;98
2007;42 Bühlau/Weißer Hirsch;42 Bühlau/Weißer Hirsch;07 StB Loschwitz und OS Schönfeld-Weißig;StB 4 Loschwitz/OS Schönfeld-Weißig;343;146;141
2007;42 Bühlau/Weißer Hirsch;44 Dresdner Heide;07 StB Loschwitz und OS Schönfeld-Weißig;StB 4 Loschwitz/OS Schönfeld-Weißig;37;10;11
2007;43 Hosterwitz/Pillnitz;43 Hosterwitz/Pillnitz;07 StB Loschwitz und OS Schönfeld-Weißig;StB 4 Loschwitz/OS Schönfeld-Weißig;100;56;48
2007;45 Weißig;45 Weißig;07 StB Loschwitz und OS Schönfeld-Weißig;StB 4 Loschwitz/OS Schönfeld-Weißig;395;239;221
2007;46 Gönnsdorf/Pappritz;46 Gönnsdorf/Pappritz;07 StB Loschwitz und OS Schönfeld-Weißig;StB 4 Loschwitz/OS Schönfeld-Weißig;81;51;52
2007;47 Schönfeld/Schullwitz;47 Schönfeld/Schullwitz;07 StB Loschwitz und OS Schönfeld-Weißig;StB 4 Loschwitz/OS Schönfeld-Weißig;43;29;35
2007;51 Blasewitz;51 Blasewitz;08 Blasewitz, Striesen;StB 5 Blasewitz;958;669;353
2007;52 Striesen-Ost;52 Striesen-Ost;08 Blasewitz, Striesen;StB 5 Blasewitz;489;228;232
2007;53 Striesen-Süd;53 Striesen-Süd;08 Blasewitz, Striesen;StB 5 Blasewitz;285;116;111
2007;54 Striesen-West;54 Striesen-West;08 Blasewitz, Striesen;StB 5 Blasewitz;543;359;284
2007;55 Tolkewitz/Seidnitz-Nord;55 Tolkewitz/Seidnitz-Nord;09 Tolkewitz, Seidnitz, Gruna;StB 5 Blasewitz;253;129;123
2007;56 Seidnitz/Dobritz;56 Seidnitz/Dobritz;09 Tolkewitz, Seidnitz, Gruna;StB 5 Blasewitz;914;537;521
2007;57 Gruna;57 Gruna;09 Tolkewitz, Seidnitz, Gruna;StB 5 Blasewitz;535;287;244
2007;61 Leuben;61 Leuben;10 StB Leuben;StB 6 Leuben;759;460;393
2007;62 Laubegast;62 Laubegast;10 StB Leuben;StB 6 Leuben;468;288;231
2007;63 Kleinzschachwitz;63 Kleinzschachwitz;10 StB Leuben;StB 6 Leuben;201;95;69
2007;64 Großzschachwitz;64 Großzschachwitz;10 StB Leuben;StB 6 Leuben;269;165;138
2007;71 Prohlis-Nord;71 Prohlis-Nord;11 Prohlis, Reick (mit Sternhäuser, Am Koitschgraben);StB 7 Prohlis;481;315;325
2007;72 Prohlis-Süd;72 Prohlis-Süd;11 Prohlis, Reick (mit Sternhäuser, Am Koitschgraben);StB 7 Prohlis;604;369;323
2007;73 Niedersedlitz;73 Niedersedlitz;11 Prohlis, Reick (mit Sternhäuser, Am Koitschgraben);StB 7 Prohlis;30;16;15
2007;73 Niedersedlitz;73 Niedersedlitz;12 Niedersedlitz, Leubnitz, Strehlen (ohne Sternhäuser, Am Koitschgraben);StB 7 Prohlis;256;137;132
2007;74 Lockwitz;74 Lockwitz;12 Niedersedlitz, Leubnitz, Strehlen (ohne Sternhäuser, Am Koitschgraben);StB 7 Prohlis;634;472;458
2007;75 Leubnitz-Neuostra;75 Leubnitz-Neuostra;12 Niedersedlitz, Leubnitz, Strehlen (ohne Sternhäuser, Am Koitschgraben);StB 7 Prohlis;460;216;207
2007;76 Strehlen;76 Strehlen;11 Prohlis, Reick (mit Sternhäuser, Am Koitschgraben);StB 7 Prohlis;372;193;182
2007;76 Strehlen;76 Strehlen;12 Niedersedlitz, Leubnitz, Strehlen (ohne Sternhäuser, Am Koitschgraben);StB 7 Prohlis;645;334;315
2007;77 Reick;77 Reick;11 Prohlis, Reick (mit Sternhäuser, Am Koitschgraben);StB 7 Prohlis;472;300;291
2007;81 Südvorstadt-West;81 Südvorstadt-West;13 Südvorstadt, Zschertnitz;StB 8 Plauen;1310;770;731
2007;82 Südvorstadt-Ost;82 Südvorstadt-Ost;13 Südvorstadt, Zschertnitz;StB 8 Plauen;466;155;155
2007;83 Räcknitz/Zschertnitz;83 Räcknitz/Zschertnitz;13 Südvorstadt, Zschertnitz;StB 8 Plauen;443;211;149
2007;84 Kleinpestitz/Mockritz;84 Kleinpestitz/Mockritz;14 Mockritz, Coschütz, Plauen;StB 8 Plauen;257;125;121
2007;85 Coschütz/Gittersee;85 Coschütz/Gittersee;14 Mockritz, Coschütz, Plauen;StB 8 Plauen;335;160;146
2007;86 Plauen;86 Plauen;14 Mockritz, Coschütz, Plauen;StB 8 Plauen;587;310;190
2007;90 Cossebaude/Mobschatz/Oberw.;90 Cossebaude/Mobschatz/Oberw.;17 Briesnitz und westliche OS;StB 9 Cotta/westliche Ortschaften;315;153;142
2007;91 Cotta;91 Cotta;15 Cotta, Löbtau, Naußlitz, Dölzschen;StB 9 Cotta/westliche Ortschaften;697;378;372
2007;92 Löbtau-Nord;92 Löbtau-Nord;15 Cotta, Löbtau, Naußlitz, Dölzschen;StB 9 Cotta/westliche Ortschaften;1055;556;493
2007;93 Löbtau-Süd;93 Löbtau-Süd;15 Cotta, Löbtau, Naußlitz, Dölzschen;StB 9 Cotta/westliche Ortschaften;681;371;352
2007;94 Naußlitz;94 Naußlitz;15 Cotta, Löbtau, Naußlitz, Dölzschen;StB 9 Cotta/westliche Ortschaften;508;313;287
2007;95 Gorbitz-Süd;95 Gorbitz-Süd;16 Gorbitz;StB 9 Cotta/westliche Ortschaften;557;321;277
2007;96 Gorbitz-Ost;96 Gorbitz-Ost;16 Gorbitz;StB 9 Cotta/westliche Ortschaften;377;179;181
2007;97 Gorbitz-Nord/Neu-Omsewitz;97 Gorbitz-Nord/Neu-Omsewitz;16 Gorbitz;StB 9 Cotta/westliche Ortschaften;609;330;297
2007;98 Briesnitz;98 Briesnitz;17 Briesnitz und westliche OS;StB 9 Cotta/westliche Ortschaften;381;186;197
2007;99 Altfranken/Gompitz;99 Altfranken/Gompitz;17 Briesnitz und westliche OS;StB 9 Cotta/westliche Ortschaften;197;142;150
2007;Korrektur Mehrfachzählung;Korrektur Mehrfachzählung;00 unbekannt;unbekannt;0;0;-2743
2008;unbekannt/unzutreffend;unbekannt/unzutreffend;00 unbekannt;unbekannt;4614;4101;0
2008;01 Innere Altstadt;01 Innere Altstadt;01 StB Altstadt ohne Johannstadt;StB 0 Altstadt;1919;1160;1072
2008;02 Pirnaische Vorstadt;02 Pirnaische Vorstadt;01 StB Altstadt ohne Johannstadt;StB 0 Altstadt;739;379;390
2008;03 Seevorstadt-Ost;03 Seevorstadt-Ost;01 StB Altstadt ohne Johannstadt;StB 0 Altstadt;1561;893;863
2008;04 Wilsdruffer Vs./Seevs.-West;04 Wilsdruffer Vs./Seevs.-West;01 StB Altstadt ohne Johannstadt;StB 0 Altstadt;1301;792;733
2008;05 Friedrichstadt;05 Friedrichstadt;01 StB Altstadt ohne Johannstadt;StB 0 Altstadt;1119;594;523
2008;06 Johannstadt-Nord;06 Johannstadt-Nord;02 Johannstadt;StB 0 Altstadt;851;358;336
2008;07 Johannstadt-Süd;07 Johannstadt-Süd;02 Johannstadt;StB 0 Altstadt;600;276;250
2008;11 Äußere Neustadt (Antonstadt);11 Äußere Neustadt (Antonstadt);03 StB Neustadt ohne Leipziger Vorstadt;StB 1 Neustadt;2772;1329;1107
2008;12 Radeberger Vorstadt;12 Radeberger Vorstadt;03 StB Neustadt ohne Leipziger Vorstadt;StB 1 Neustadt;478;235;223
2008;13 Innere Neustadt;13 Innere Neustadt;03 StB Neustadt ohne Leipziger Vorstadt;StB 1 Neustadt;1128;620;604
2008;14 Leipziger Vorstadt;14 Leipziger Vorstadt;04 Leipziger Vorstadt, Pieschen;StB 1 Neustadt;1356;598;523
2008;15 Albertstadt;15 Albertstadt;03 StB Neustadt ohne Leipziger Vorstadt;StB 1 Neustadt;617;407;399
2008;21 Pieschen-Süd;21 Pieschen-Süd;04 Leipziger Vorstadt, Pieschen;StB 2 Pieschen;1287;662;559
2008;22 Mickten;22 Mickten;05 Mickten, Kaditz, Trachau;StB 2 Pieschen;830;426;398
2008;23 Kaditz;23 Kaditz;05 Mickten, Kaditz, Trachau;StB 2 Pieschen;937;609;570
2008;24 Trachau;24 Trachau;05 Mickten, Kaditz, Trachau;StB 2 Pieschen;508;246;208
2008;25 Pieschen-N/Trachenberge;25 Pieschen-N/Trachenberge;04 Leipziger Vorstadt, Pieschen;StB 2 Pieschen;932;433;378
2008;31 Klotzsche;31 Klotzsche;06 StB Klotzsche und nördliche OS;StB 3 Klotzsche/nördliche Ortschaften;863;449;438
2008;32 Hellerau/Wilschdorf;32 Hellerau/Wilschdorf;06 StB Klotzsche und nördliche OS;StB 3 Klotzsche/nördliche Ortschaften;210;137;117
2008;35 Weixdorf;35 Weixdorf;06 StB Klotzsche und nördliche OS;StB 3 Klotzsche/nördliche Ortschaften;219;106;117
2008;36 Langebrück/Schönborn;36 Langebrück/Schönborn;06 StB Klotzsche und nördliche OS;StB 3 Klotzsche/nördliche Ortschaften;87;43;43
2008;41 Loschwitz/Wachwitz;41 Loschwitz/Wachwitz;07 StB Loschwitz und OS Schönfeld-Weißig;StB 4 Loschwitz/OS Schönfeld-Weißig;227;84;84
2008;42 Bühlau/Weißer Hirsch;42 Bühlau/Weißer Hirsch;07 StB Loschwitz und OS Schönfeld-Weißig;StB 4 Loschwitz/OS Schönfeld-Weißig;345;178;187
2008;43 Hosterwitz/Pillnitz;43 Hosterwitz/Pillnitz;07 StB Loschwitz und OS Schönfeld-Weißig;StB 4 Loschwitz/OS Schönfeld-Weißig;119;63;59
2008;45 Weißig;45 Weißig;07 StB Loschwitz und OS Schönfeld-Weißig;StB 4 Loschwitz/OS Schönfeld-Weißig;269;172;175
2008;46 Gönnsdorf/Pappritz;46 Gönnsdorf/Pappritz;07 StB Loschwitz und OS Schönfeld-Weißig;StB 4 Loschwitz/OS Schönfeld-Weißig;65;33;35
2008;47 Schönfeld/Schullwitz;47 Schönfeld/Schullwitz;07 StB Loschwitz und OS Schönfeld-Weißig;StB 4 Loschwitz/OS Schönfeld-Weißig;85;29;28
2008;51 Blasewitz;51 Blasewitz;08 Blasewitz, Striesen;StB 5 Blasewitz;645;355;276
2008;52 Striesen-Ost;52 Striesen-Ost;08 Blasewitz, Striesen;StB 5 Blasewitz;464;216;213
2008;53 Striesen-Süd;53 Striesen-Süd;08 Blasewitz, Striesen;StB 5 Blasewitz;292;126;121
2008;54 Striesen-West;54 Striesen-West;08 Blasewitz, Striesen;StB 5 Blasewitz;538;315;303
2008;55 Tolkewitz/Seidnitz-Nord;55 Tolkewitz/Seidnitz-Nord;09 Tolkewitz, Seidnitz, Gruna;StB 5 Blasewitz;289;151;141
2008;56 Seidnitz/Dobritz;56 Seidnitz/Dobritz;09 Tolkewitz, Seidnitz, Gruna;StB 5 Blasewitz;951;569;514
2008;57 Gruna;57 Gruna;09 Tolkewitz, Seidnitz, Gruna;StB 5 Blasewitz;488;246;237
2008;61 Leuben;61 Leuben;10 StB Leuben;StB 6 Leuben;737;383;347
2008;62 Laubegast;62 Laubegast;10 StB Leuben;StB 6 Leuben;421;219;217
2008;63 Kleinzschachwitz;63 Kleinzschachwitz;10 StB Leuben;StB 6 Leuben;226;71;82
2008;64 Großzschachwitz;64 Großzschachwitz;10 StB Leuben;StB 6 Leuben;313;162;133
2008;71 Prohlis-Nord;71 Prohlis-Nord;11 Prohlis, Reick (mit Sternhäuser, Am Koitschgraben);StB 7 Prohlis;533;339;311
2008;72 Prohlis-Süd;72 Prohlis-Süd;11 Prohlis, Reick (mit Sternhäuser, Am Koitschgraben);StB 7 Prohlis;610;377;379
2008;73 Niedersedlitz;73 Niedersedlitz;11 Prohlis, Reick (mit Sternhäuser, Am Koitschgraben);StB 7 Prohlis;13;5;5
2008;73 Niedersedlitz;73 Niedersedlitz;12 Niedersedlitz, Leubnitz, Strehlen (ohne Sternhäuser, Am Koitschgraben);StB 7 Prohlis;266;97;105
2008;74 Lockwitz;74 Lockwitz;12 Niedersedlitz, Leubnitz, Strehlen (ohne Sternhäuser, Am Koitschgraben);StB 7 Prohlis;584;404;422
2008;75 Leubnitz-Neuostra;75 Leubnitz-Neuostra;12 Niedersedlitz, Leubnitz, Strehlen (ohne Sternhäuser, Am Koitschgraben);StB 7 Prohlis;488;288;218
2008;76 Strehlen;76 Strehlen;11 Prohlis, Reick (mit Sternhäuser, Am Koitschgraben);StB 7 Prohlis;350;208;175
2008;76 Strehlen;76 Strehlen;12 Niedersedlitz, Leubnitz, Strehlen (ohne Sternhäuser, Am Koitschgraben);StB 7 Prohlis;689;410;345
2008;77 Reick;77 Reick;11 Prohlis, Reick (mit Sternhäuser, Am Koitschgraben);StB 7 Prohlis;467;284;282
2008;81 Südvorstadt-West;81 Südvorstadt-West;13 Südvorstadt, Zschertnitz;StB 8 Plauen;1212;706;665
2008;82 Südvorstadt-Ost;82 Südvorstadt-Ost;13 Südvorstadt, Zschertnitz;StB 8 Plauen;502;161;158
2008;83 Räcknitz/Zschertnitz;83 Räcknitz/Zschertnitz;13 Südvorstadt, Zschertnitz;StB 8 Plauen;372;196;175
2008;84 Kleinpestitz/Mockritz;84 Kleinpestitz/Mockritz;14 Mockritz, Coschütz, Plauen;StB 8 Plauen;248;128;137
2008;85 Coschütz/Gittersee;85 Coschütz/Gittersee;14 Mockritz, Coschütz, Plauen;StB 8 Plauen;320;170;148
2008;86 Plauen;86 Plauen;14 Mockritz, Coschütz, Plauen;StB 8 Plauen;595;316;197
2008;90 Cossebaude/Mobschatz/Oberw.;90 Cossebaude/Mobschatz/Oberw.;17 Briesnitz und westliche OS;StB 9 Cotta/westliche Ortschaften;326;148;135
2008;91 Cotta;91 Cotta;15 Cotta, Löbtau, Naußlitz, Dölzschen;StB 9 Cotta/westliche Ortschaften;632;328;313
2008;92 Löbtau-Nord;92 Löbtau-Nord;15 Cotta, Löbtau, Naußlitz, Dölzschen;StB 9 Cotta/westliche Ortschaften;823;411;357
2008;93 Löbtau-Süd;93 Löbtau-Süd;15 Cotta, Löbtau, Naußlitz, Dölzschen;StB 9 Cotta/westliche Ortschaften;772;426;332
2008;94 Naußlitz;94 Naußlitz;15 Cotta, Löbtau, Naußlitz, Dölzschen;StB 9 Cotta/westliche Ortschaften;571;354;375
2008;95 Gorbitz-Süd;95 Gorbitz-Süd;16 Gorbitz;StB 9 Cotta/westliche Ortschaften;556;316;253
2008;96 Gorbitz-Ost;96 Gorbitz-Ost;16 Gorbitz;StB 9 Cotta/westliche Ortschaften;535;272;219
2008;97 Gorbitz-Nord/Neu-Omsewitz;97 Gorbitz-Nord/Neu-Omsewitz;16 Gorbitz;StB 9 Cotta/westliche Ortschaften;593;307;265
2008;98 Briesnitz;98 Briesnitz;17 Briesnitz und westliche OS;StB 9 Cotta/westliche Ortschaften;374;183;165
2008;99 Altfranken/Gompitz;99 Altfranken/Gompitz;17 Briesnitz und westliche OS;StB 9 Cotta/westliche Ortschaften;181;101;95
2008;Korrektur Mehrfachzählung;Korrektur Mehrfachzählung;00 unbekannt;unbekannt;0;0;-2344
2009;unbekannt/unzutreffend;unbekannt/unzutreffend;00 unbekannt;unbekannt;3972;3683;0
2009;01 Innere Altstadt;01 Innere Altstadt;01 StB Altstadt ohne Johannstadt;StB 0 Altstadt;1980;1001;924
2009;02 Pirnaische Vorstadt;02 Pirnaische Vorstadt;01 StB Altstadt ohne Johannstadt;StB 0 Altstadt;829;376;367
2009;03 Seevorstadt-Ost;03 Seevorstadt-Ost;01 StB Altstadt ohne Johannstadt;StB 0 Altstadt;1849;1112;1057
2009;04 Wilsdruffer Vs./Seevs.-West;04 Wilsdruffer Vs./Seevs.-West;01 StB Altstadt ohne Johannstadt;StB 0 Altstadt;953;417;438
2009;05 Friedrichstadt;05 Friedrichstadt;01 StB Altstadt ohne Johannstadt;StB 0 Altstadt;1256;605;539
2009;06 Johannstadt-Nord;06 Johannstadt-Nord;02 Johannstadt;StB 0 Altstadt;880;421;363
2009;07 Johannstadt-Süd;07 Johannstadt-Süd;02 Johannstadt;StB 0 Altstadt;817;349;308
2009;11 Äußere Neustadt (Antonstadt);11 Äußere Neustadt (Antonstadt);03 StB Neustadt ohne Leipziger Vorstadt;StB 1 Neustadt;2419;1121;932
2009;12 Radeberger Vorstadt;12 Radeberger Vorstadt;03 StB Neustadt ohne Leipziger Vorstadt;StB 1 Neustadt;496;239;232
2009;13 Innere Neustadt;13 Innere Neustadt;03 StB Neustadt ohne Leipziger Vorstadt;StB 1 Neustadt;1129;636;569
2009;14 Leipziger Vorstadt;14 Leipziger Vorstadt;04 Leipziger Vorstadt, Pieschen;StB 1 Neustadt;1206;498;486
2009;15 Albertstadt;15 Albertstadt;03 StB Neustadt ohne Leipziger Vorstadt;StB 1 Neustadt;736;461;447
2009;21 Pieschen-Süd;21 Pieschen-Süd;04 Leipziger Vorstadt, Pieschen;StB 2 Pieschen;1132;534;477
2009;22 Mickten;22 Mickten;05 Mickten, Kaditz, Trachau;StB 2 Pieschen;901;438;369
2009;23 Kaditz;23 Kaditz;05 Mickten, Kaditz, Trachau;StB 2 Pieschen;956;584;539
2009;24 Trachau;24 Trachau;05 Mickten, Kaditz, Trachau;StB 2 Pieschen;543;240;217
2009;25 Pieschen-N/Trachenberge;25 Pieschen-N/Trachenberge;04 Leipziger Vorstadt, Pieschen;StB 2 Pieschen;923;435;399
2009;31 Klotzsche;31 Klotzsche;06 StB Klotzsche und nördliche OS;StB 3 Klotzsche/nördliche Ortschaften;883;358;332
2009;32 Hellerau/Wilschdorf;32 Hellerau/Wilschdorf;06 StB Klotzsche und nördliche OS;StB 3 Klotzsche/nördliche Ortschaften;188;99;105
2009;35 Weixdorf;35 Weixdorf;06 StB Klotzsche und nördliche OS;StB 3 Klotzsche/nördliche Ortschaften;233;98;103
2009;36 Langebrück/Schönborn;36 Langebrück/Schönborn;06 StB Klotzsche und nördliche OS;StB 3 Klotzsche/nördliche Ortschaften;81;35;36
2009;41 Loschwitz/Wachwitz;41 Loschwitz/Wachwitz;07 StB Loschwitz und OS Schönfeld-Weißig;StB 4 Loschwitz/OS Schönfeld-Weißig;233;95;93
2009;42 Bühlau/Weißer Hirsch;42 Bühlau/Weißer Hirsch;07 StB Loschwitz und OS Schönfeld-Weißig;StB 4 Loschwitz/OS Schönfeld-Weißig;339;162;157
2009;43 Hosterwitz/Pillnitz;43 Hosterwitz/Pillnitz;07 StB Loschwitz und OS Schönfeld-Weißig;StB 4 Loschwitz/OS Schönfeld-Weißig;94;51;47
2009;45 Weißig;45 Weißig;07 StB Loschwitz und OS Schönfeld-Weißig;StB 4 Loschwitz/OS Schönfeld-Weißig;266;141;129
2009;46 Gönnsdorf/Pappritz;46 Gönnsdorf/Pappritz;07 StB Loschwitz und OS Schönfeld-Weißig;StB 4 Loschwitz/OS Schönfeld-Weißig;61;32;54
2009;47 Schönfeld/Schullwitz;47 Schönfeld/Schullwitz;07 StB Loschwitz und OS Schönfeld-Weißig;StB 4 Loschwitz/OS Schönfeld-Weißig;65;20;21
2009;51 Blasewitz;51 Blasewitz;08 Blasewitz, Striesen;StB 5 Blasewitz;691;370;294
2009;52 Striesen-Ost;52 Striesen-Ost;08 Blasewitz, Striesen;StB 5 Blasewitz;542;263;210
2009;53 Striesen-Süd;53 Striesen-Süd;08 Blasewitz, Striesen;StB 5 Blasewitz;307;123;117
2009;54 Striesen-West;54 Striesen-West;08 Blasewitz, Striesen;StB 5 Blasewitz;617;337;278
2009;55 Tolkewitz/Seidnitz-Nord;55 Tolkewitz/Seidnitz-Nord;09 Tolkewitz, Seidnitz, Gruna;StB 5 Blasewitz;220;72;76
2009;56 Seidnitz/Dobritz;56 Seidnitz/Dobritz;09 Tolkewitz, Seidnitz, Gruna;StB 5 Blasewitz;1115;634;565
2009;57 Gruna;57 Gruna;09 Tolkewitz, Seidnitz, Gruna;StB 5 Blasewitz;513;245;214
2009;61 Leuben;61 Leuben;10 StB Leuben;StB 6 Leuben;620;382;335
2009;62 Laubegast;62 Laubegast;10 StB Leuben;StB 6 Leuben;404;180;179
2009;63 Kleinzschachwitz;63 Kleinzschachwitz;10 StB Leuben;StB 6 Leuben;155;52;47
2009;64 Großzschachwitz;64 Großzschachwitz;10 StB Leuben;StB 6 Leuben;221;106;102
2009;71 Prohlis-Nord;71 Prohlis-Nord;11 Prohlis, Reick (mit Sternhäuser, Am Koitschgraben);StB 7 Prohlis;498;327;298
2009;72 Prohlis-Süd;72 Prohlis-Süd;11 Prohlis, Reick (mit Sternhäuser, Am Koitschgraben);StB 7 Prohlis;533;303;264
2009;73 Niedersedlitz;73 Niedersedlitz;11 Prohlis, Reick (mit Sternhäuser, Am Koitschgraben);StB 7 Prohlis;2;1;1
2009;73 Niedersedlitz;73 Niedersedlitz;12 Niedersedlitz, Leubnitz, Strehlen (ohne Sternhäuser, Am Koitschgraben);StB 7 Prohlis;294;116;130
2009;74 Lockwitz;74 Lockwitz;12 Niedersedlitz, Leubnitz, Strehlen (ohne Sternhäuser, Am Koitschgraben);StB 7 Prohlis;648;428;405
2009;75 Leubnitz-Neuostra;75 Leubnitz-Neuostra;12 Niedersedlitz, Leubnitz, Strehlen (ohne Sternhäuser, Am Koitschgraben);StB 7 Prohlis;530;353;211
2009;76 Strehlen;76 Strehlen;11 Prohlis, Reick (mit Sternhäuser, Am Koitschgraben);StB 7 Prohlis;257;142;126
2009;76 Strehlen;76 Strehlen;12 Niedersedlitz, Leubnitz, Strehlen (ohne Sternhäuser, Am Koitschgraben);StB 7 Prohlis;574;318;283
2009;77 Reick;77 Reick;11 Prohlis, Reick (mit Sternhäuser, Am Koitschgraben);StB 7 Prohlis;499;276;272
2009;81 Südvorstadt-West;81 Südvorstadt-West;13 Südvorstadt, Zschertnitz;StB 8 Plauen;1260;664;628
2009;82 Südvorstadt-Ost;82 Südvorstadt-Ost;13 Südvorstadt, Zschertnitz;StB 8 Plauen;556;136;118
2009;83 Räcknitz/Zschertnitz;83 Räcknitz/Zschertnitz;13 Südvorstadt, Zschertnitz;StB 8 Plauen;348;112;119
2009;84 Kleinpestitz/Mockritz;84 Kleinpestitz/Mockritz;14 Mockritz, Coschütz, Plauen;StB 8 Plauen;280;128;120
2009;85 Coschütz/Gittersee;85 Coschütz/Gittersee;14 Mockritz, Coschütz, Plauen;StB 8 Plauen;273;136;111
2009;86 Plauen;86 Plauen;14 Mockritz, Coschütz, Plauen;StB 8 Plauen;539;202;164
2009;90 Cossebaude/Mobschatz/Oberw.;90 Cossebaude/Mobschatz/Oberw.;17 Briesnitz und westliche OS;StB 9 Cotta/westliche Ortschaften;260;85;89
2009;91 Cotta;91 Cotta;15 Cotta, Löbtau, Naußlitz, Dölzschen;StB 9 Cotta/westliche Ortschaften;1812;1526;354
2009;92 Löbtau-Nord;92 Löbtau-Nord;15 Cotta, Löbtau, Naußlitz, Dölzschen;StB 9 Cotta/westliche Ortschaften;852;434;401
2009;93 Löbtau-Süd;93 Löbtau-Süd;15 Cotta, Löbtau, Naußlitz, Dölzschen;StB 9 Cotta/westliche Ortschaften;774;357;330
2009;94 Naußlitz;94 Naußlitz;15 Cotta, Löbtau, Naußlitz, Dölzschen;StB 9 Cotta/westliche Ortschaften;510;286;295
2009;95 Gorbitz-Süd;95 Gorbitz-Süd;16 Gorbitz;StB 9 Cotta/westliche Ortschaften;561;294;240
2009;96 Gorbitz-Ost;96 Gorbitz-Ost;16 Gorbitz;StB 9 Cotta/westliche Ortschaften;476;243;223
2009;97 Gorbitz-Nord/Neu-Omsewitz;97 Gorbitz-Nord/Neu-Omsewitz;16 Gorbitz;StB 9 Cotta/westliche Ortschaften;478;265;251
2009;98 Briesnitz;98 Briesnitz;17 Briesnitz und westliche OS;StB 9 Cotta/westliche Ortschaften;397;165;127
2009;99 Altfranken/Gompitz;99 Altfranken/Gompitz;17 Briesnitz und westliche OS;StB 9 Cotta/westliche Ortschaften;169;88;85
2009;Korrektur Mehrfachzählung;Korrektur Mehrfachzählung;00 unbekannt;unbekannt;0;0;-2245
2010;unbekannt/unzutreffend;unbekannt/unzutreffend;00 unbekannt;unbekannt;3183;2963;0
2010;01 Innere Altstadt;01 Innere Altstadt;01 StB Altstadt ohne Johannstadt;StB 0 Altstadt;1909;1075;938
2010;02 Pirnaische Vorstadt;02 Pirnaische Vorstadt;01 StB Altstadt ohne Johannstadt;StB 0 Altstadt;823;361;371
2010;03 Seevorstadt-Ost;03 Seevorstadt-Ost;01 StB Altstadt ohne Johannstadt;StB 0 Altstadt;2445;1623;1474
2010;04 Wilsdruffer Vs./Seevs.-West;04 Wilsdruffer Vs./Seevs.-West;01 StB Altstadt ohne Johannstadt;StB 0 Altstadt;1155;621;549
2010;05 Friedrichstadt;05 Friedrichstadt;01 StB Altstadt ohne Johannstadt;StB 0 Altstadt;1622;833;764
2010;06 Johannstadt-Nord;06 Johannstadt-Nord;02 Johannstadt;StB 0 Altstadt;928;469;373
2010;07 Johannstadt-Süd;07 Johannstadt-Süd;02 Johannstadt;StB 0 Altstadt;826;391;278
2010;11 Äußere Neustadt (Antonstadt);11 Äußere Neustadt (Antonstadt);03 StB Neustadt ohne Leipziger Vorstadt;StB 1 Neustadt;2890;1114;984
2010;12 Radeberger Vorstadt;12 Radeberger Vorstadt;03 StB Neustadt ohne Leipziger Vorstadt;StB 1 Neustadt;452;166;179
2010;13 Innere Neustadt;13 Innere Neustadt;03 StB Neustadt ohne Leipziger Vorstadt;StB 1 Neustadt;1318;802;702
2010;14 Leipziger Vorstadt;14 Leipziger Vorstadt;04 Leipziger Vorstadt, Pieschen;StB 1 Neustadt;1539;565;573
2010;15 Albertstadt;15 Albertstadt;03 StB Neustadt ohne Leipziger Vorstadt;StB 1 Neustadt;714;395;392
2010;21 Pieschen-Süd;21 Pieschen-Süd;04 Leipziger Vorstadt, Pieschen;StB 2 Pieschen;1199;565;479
2010;22 Mickten;22 Mickten;05 Mickten, Kaditz, Trachau;StB 2 Pieschen;887;507;416
2010;23 Kaditz;23 Kaditz;05 Mickten, Kaditz, Trachau;StB 2 Pieschen;814;431;412
2010;24 Trachau;24 Trachau;05 Mickten, Kaditz, Trachau;StB 2 Pieschen;586;267;215
2010;25 Pieschen-N/Trachenberge;25 Pieschen-N/Trachenberge;04 Leipziger Vorstadt, Pieschen;StB 2 Pieschen;844;416;340
2010;31 Klotzsche;31 Klotzsche;06 StB Klotzsche und nördliche OS;StB 3 Klotzsche/nördliche Ortschaften;918;452;438
2010;32 Hellerau/Wilschdorf;32 Hellerau/Wilschdorf;06 StB Klotzsche und nördliche OS;StB 3 Klotzsche/nördliche Ortschaften;233;140;122
2010;35 Weixdorf;35 Weixdorf;06 StB Klotzsche und nördliche OS;StB 3 Klotzsche/nördliche Ortschaften;213;129;100
2010;36 Langebrück/Schönborn;36 Langebrück/Schönborn;06 StB Klotzsche und nördliche OS;StB 3 Klotzsche/nördliche Ortschaften;112;52;51
2010;41 Loschwitz/Wachwitz;41 Loschwitz/Wachwitz;07 StB Loschwitz und OS Schönfeld-Weißig;StB 4 Loschwitz/OS Schönfeld-Weißig;257;101;90
2010;42 Bühlau/Weißer Hirsch;42 Bühlau/Weißer Hirsch;07 StB Loschwitz und OS Schönfeld-Weißig;StB 4 Loschwitz/OS Schönfeld-Weißig;287;127;135
2010;43 Hosterwitz/Pillnitz;43 Hosterwitz/Pillnitz;07 StB Loschwitz und OS Schönfeld-Weißig;StB 4 Loschwitz/OS Schönfeld-Weißig;134;72;58
2010;45 Weißig;45 Weißig;07 StB Loschwitz und OS Schönfeld-Weißig;StB 4 Loschwitz/OS Schönfeld-Weißig;280;153;145
2010;46 Gönnsdorf/Pappritz;46 Gönnsdorf/Pappritz;07 StB Loschwitz und OS Schönfeld-Weißig;StB 4 Loschwitz/OS Schönfeld-Weißig;75;32;41
2010;47 Schönfeld/Schullwitz;47 Schönfeld/Schullwitz;07 StB Loschwitz und OS Schönfeld-Weißig;StB 4 Loschwitz/OS Schönfeld-Weißig;90;50;36
2010;51 Blasewitz;51 Blasewitz;08 Blasewitz, Striesen;StB 5 Blasewitz;676;289;235
2010;52 Striesen-Ost;52 Striesen-Ost;08 Blasewitz, Striesen;StB 5 Blasewitz;558;256;204
2010;53 Striesen-Süd;53 Striesen-Süd;08 Blasewitz, Striesen;StB 5 Blasewitz;363;113;108
2010;54 Striesen-West;54 Striesen-West;08 Blasewitz, Striesen;StB 5 Blasewitz;671;344;319
2010;55 Tolkewitz/Seidnitz-Nord;55 Tolkewitz/Seidnitz-Nord;09 Tolkewitz, Seidnitz, Gruna;StB 5 Blasewitz;207;84;79
2010;56 Seidnitz/Dobritz;56 Seidnitz/Dobritz;09 Tolkewitz, Seidnitz, Gruna;StB 5 Blasewitz;1136;620;543
2010;57 Gruna;57 Gruna;09 Tolkewitz, Seidnitz, Gruna;StB 5 Blasewitz;524;274;206
2010;61 Leuben;61 Leuben;10 StB Leuben;StB 6 Leuben;659;326;309
2010;62 Laubegast;62 Laubegast;10 StB Leuben;StB 6 Leuben;513;258;189
2010;63 Kleinzschachwitz;63 Kleinzschachwitz;10 StB Leuben;StB 6 Leuben;226;99;71
2010;64 Großzschachwitz;64 Großzschachwitz;10 StB Leuben;StB 6 Leuben;267;126;112
2010;71 Prohlis-Nord;71 Prohlis-Nord;11 Prohlis, Reick (mit Sternhäuser, Am Koitschgraben);StB 7 Prohlis;623;427;384
2010;72 Prohlis-Süd;72 Prohlis-Süd;11 Prohlis, Reick (mit Sternhäuser, Am Koitschgraben);StB 7 Prohlis;590;340;308
2010;73 Niedersedlitz;73 Niedersedlitz;11 Prohlis, Reick (mit Sternhäuser, Am Koitschgraben);StB 7 Prohlis;0;0;0
2010;73 Niedersedlitz;73 Niedersedlitz;12 Niedersedlitz, Leubnitz, Strehlen (ohne Sternhäuser, Am Koitschgraben);StB 7 Prohlis;402;213;182
2010;74 Lockwitz;74 Lockwitz;12 Niedersedlitz, Leubnitz, Strehlen (ohne Sternhäuser, Am Koitschgraben);StB 7 Prohlis;679;512;518
2010;75 Leubnitz-Neuostra;75 Leubnitz-Neuostra;12 Niedersedlitz, Leubnitz, Strehlen (ohne Sternhäuser, Am Koitschgraben);StB 7 Prohlis;534;270;179
2010;76 Strehlen;76 Strehlen;11 Prohlis, Reick (mit Sternhäuser, Am Koitschgraben);StB 7 Prohlis;310;158;155
2010;76 Strehlen;76 Strehlen;12 Niedersedlitz, Leubnitz, Strehlen (ohne Sternhäuser, Am Koitschgraben);StB 7 Prohlis;728;370;365
2010;77 Reick;77 Reick;11 Prohlis, Reick (mit Sternhäuser, Am Koitschgraben);StB 7 Prohlis;493;273;264
2010;81 Südvorstadt-West;81 Südvorstadt-West;13 Südvorstadt, Zschertnitz;StB 8 Plauen;2371;1802;1518
2010;82 Südvorstadt-Ost;82 Südvorstadt-Ost;13 Südvorstadt, Zschertnitz;StB 8 Plauen;665;226;194
2010;83 Räcknitz/Zschertnitz;83 Räcknitz/Zschertnitz;13 Südvorstadt, Zschertnitz;StB 8 Plauen;396;136;123
2010;84 Kleinpestitz/Mockritz;84 Kleinpestitz/Mockritz;14 Mockritz, Coschütz, Plauen;StB 8 Plauen;347;170;170
2010;85 Coschütz/Gittersee;85 Coschütz/Gittersee;14 Mockritz, Coschütz, Plauen;StB 8 Plauen;255;127;122
2010;86 Plauen;86 Plauen;14 Mockritz, Coschütz, Plauen;StB 8 Plauen;564;182;163
2010;90 Cossebaude/Mobschatz/Oberw.;90 Cossebaude/Mobschatz/Oberw.;17 Briesnitz und westliche OS;StB 9 Cotta/westliche Ortschaften;284;103;92
2010;91 Cotta;91 Cotta;15 Cotta, Löbtau, Naußlitz, Dölzschen;StB 9 Cotta/westliche Ortschaften;766;403;341
2010;92 Löbtau-Nord;92 Löbtau-Nord;15 Cotta, Löbtau, Naußlitz, Dölzschen;StB 9 Cotta/westliche Ortschaften;999;519;434
2010;93 Löbtau-Süd;93 Löbtau-Süd;15 Cotta, Löbtau, Naußlitz, Dölzschen;StB 9 Cotta/westliche Ortschaften;918;495;396
2010;94 Naußlitz;94 Naußlitz;15 Cotta, Löbtau, Naußlitz, Dölzschen;StB 9 Cotta/westliche Ortschaften;584;369;339
2010;95 Gorbitz-Süd;95 Gorbitz-Süd;16 Gorbitz;StB 9 Cotta/westliche Ortschaften;590;325;245
2010;96 Gorbitz-Ost;96 Gorbitz-Ost;16 Gorbitz;StB 9 Cotta/westliche Ortschaften;605;358;314
2010;97 Gorbitz-Nord/Neu-Omsewitz;97 Gorbitz-Nord/Neu-Omsewitz;16 Gorbitz;StB 9 Cotta/westliche Ortschaften;473;246;228
2010;98 Briesnitz;98 Briesnitz;17 Briesnitz und westliche OS;StB 9 Cotta/westliche Ortschaften;450;187;166
2010;99 Altfranken/Gompitz;99 Altfranken/Gompitz;17 Briesnitz und westliche OS;StB 9 Cotta/westliche Ortschaften;244;104;99
2010;Korrektur Mehrfachzählung;Korrektur Mehrfachzählung;00 unbekannt;unbekannt;0;0;-3708
2011;unbekannt/unzutreffend;unbekannt/unzutreffend;00 unbekannt;unbekannt;3515;3312;0
2011;01 Innere Altstadt;01 Innere Altstadt;01 StB Altstadt ohne Johannstadt;StB 0 Altstadt;2012;963;879
2011;02 Pirnaische Vorstadt;02 Pirnaische Vorstadt;01 StB Altstadt ohne Johannstadt;StB 0 Altstadt;925;431;422
2011;03 Seevorstadt-Ost;03 Seevorstadt-Ost;01 StB Altstadt ohne Johannstadt;StB 0 Altstadt;2795;1605;1421
2011;04 Wilsdruffer Vs./Seevs.-West;04 Wilsdruffer Vs./Seevs.-West;01 StB Altstadt ohne Johannstadt;StB 0 Altstadt;1399;677;574
2011;05 Friedrichstadt;05 Friedrichstadt;01 StB Altstadt ohne Johannstadt;StB 0 Altstadt;1545;764;681
2011;06 Johannstadt-Nord;06 Johannstadt-Nord;02 Johannstadt;StB 0 Altstadt;1055;461;371
2011;07 Johannstadt-Süd;07 Johannstadt-Süd;02 Johannstadt;StB 0 Altstadt;891;389;270
2011;11 Äußere Neustadt (Antonstadt);11 Äußere Neustadt (Antonstadt);03 StB Neustadt ohne Leipziger Vorstadt;StB 1 Neustadt;3092;1096;985
2011;12 Radeberger Vorstadt;12 Radeberger Vorstadt;03 StB Neustadt ohne Leipziger Vorstadt;StB 1 Neustadt;541;178;175
2011;13 Innere Neustadt;13 Innere Neustadt;03 StB Neustadt ohne Leipziger Vorstadt;StB 1 Neustadt;1373;708;681
2011;14 Leipziger Vorstadt;14 Leipziger Vorstadt;04 Leipziger Vorstadt, Pieschen;StB 1 Neustadt;1907;599;516
2011;15 Albertstadt;15 Albertstadt;03 StB Neustadt ohne Leipziger Vorstadt;StB 1 Neustadt;905;494;456
2011;21 Pieschen-Süd;21 Pieschen-Süd;04 Leipziger Vorstadt, Pieschen;StB 2 Pieschen;1341;578;494
2011;22 Mickten;22 Mickten;05 Mickten, Kaditz, Trachau;StB 2 Pieschen;960;448;400
2011;23 Kaditz;23 Kaditz;05 Mickten, Kaditz, Trachau;StB 2 Pieschen;954;517;492
2011;24 Trachau;24 Trachau;05 Mickten, Kaditz, Trachau;StB 2 Pieschen;745;333;292
2011;25 Pieschen-N/Trachenberge;25 Pieschen-N/Trachenberge;04 Leipziger Vorstadt, Pieschen;StB 2 Pieschen;1041;443;351
2011;31 Klotzsche;31 Klotzsche;06 StB Klotzsche und nördliche OS;StB 3 Klotzsche/nördliche Ortschaften;956;434;378
2011;32 Hellerau/Wilschdorf;32 Hellerau/Wilschdorf;06 StB Klotzsche und nördliche OS;StB 3 Klotzsche/nördliche Ortschaften;238;111;110
2011;35 Weixdorf;35 Weixdorf;06 StB Klotzsche und nördliche OS;StB 3 Klotzsche/nördliche Ortschaften;207;103;90
2011;36 Langebrück/Schönborn;36 Langebrück/Schönborn;06 StB Klotzsche und nördliche OS;StB 3 Klotzsche/nördliche Ortschaften;119;50;43
2011;41 Loschwitz/Wachwitz;41 Loschwitz/Wachwitz;07 StB Loschwitz und OS Schönfeld-Weißig;StB 4 Loschwitz/OS Schönfeld-Weißig;237;112;105
2011;42 Bühlau/Weißer Hirsch;42 Bühlau/Weißer Hirsch;07 StB Loschwitz und OS Schönfeld-Weißig;StB 4 Loschwitz/OS Schönfeld-Weißig;328;156;140
2011;43 Hosterwitz/Pillnitz;43 Hosterwitz/Pillnitz;07 StB Loschwitz und OS Schönfeld-Weißig;StB 4 Loschwitz/OS Schönfeld-Weißig;120;49;52
2011;45 Weißig;45 Weißig;07 StB Loschwitz und OS Schönfeld-Weißig;StB 4 Loschwitz/OS Schönfeld-Weißig;265;155;121
2011;46 Gönnsdorf/Pappritz;46 Gönnsdorf/Pappritz;07 StB Loschwitz und OS Schönfeld-Weißig;StB 4 Loschwitz/OS Schönfeld-Weißig;72;40;43
2011;47 Schönfeld/Schullwitz;47 Schönfeld/Schullwitz;07 StB Loschwitz und OS Schönfeld-Weißig;StB 4 Loschwitz/OS Schönfeld-Weißig;102;49;39
2011;51 Blasewitz;51 Blasewitz;08 Blasewitz, Striesen;StB 5 Blasewitz;710;283;238
2011;52 Striesen-Ost;52 Striesen-Ost;08 Blasewitz, Striesen;StB 5 Blasewitz;628;236;194
2011;53 Striesen-Süd;53 Striesen-Süd;08 Blasewitz, Striesen;StB 5 Blasewitz;322;92;86
2011;54 Striesen-West;54 Striesen-West;08 Blasewitz, Striesen;StB 5 Blasewitz;683;346;314
2011;55 Tolkewitz/Seidnitz-Nord;55 Tolkewitz/Seidnitz-Nord;09 Tolkewitz, Seidnitz, Gruna;StB 5 Blasewitz;241;101;96
2011;56 Seidnitz/Dobritz;56 Seidnitz/Dobritz;09 Tolkewitz, Seidnitz, Gruna;StB 5 Blasewitz;1311;696;623
2011;57 Gruna;57 Gruna;09 Tolkewitz, Seidnitz, Gruna;StB 5 Blasewitz;558;238;173
2011;61 Leuben;61 Leuben;10 StB Leuben;StB 6 Leuben;774;366;291
2011;62 Laubegast;62 Laubegast;10 StB Leuben;StB 6 Leuben;507;200;181
2011;63 Kleinzschachwitz;63 Kleinzschachwitz;10 StB Leuben;StB 6 Leuben;182;71;70
2011;64 Großzschachwitz;64 Großzschachwitz;10 StB Leuben;StB 6 Leuben;311;166;154
2011;71 Prohlis-Nord;71 Prohlis-Nord;11 Prohlis, Reick (mit Sternhäuser, Am Koitschgraben);StB 7 Prohlis;586;382;298
2011;72 Prohlis-Süd;72 Prohlis-Süd;11 Prohlis, Reick (mit Sternhäuser, Am Koitschgraben);StB 7 Prohlis;657;307;278
2011;73 Niedersedlitz;73 Niedersedlitz;11 Prohlis, Reick (mit Sternhäuser, Am Koitschgraben);StB 7 Prohlis;0;0;0
2011;73 Niedersedlitz;73 Niedersedlitz;12 Niedersedlitz, Leubnitz, Strehlen (ohne Sternhäuser, Am Koitschgraben);StB 7 Prohlis;428;185;168
2011;74 Lockwitz;74 Lockwitz;12 Niedersedlitz, Leubnitz, Strehlen (ohne Sternhäuser, Am Koitschgraben);StB 7 Prohlis;657;458;419
2011;75 Leubnitz-Neuostra;75 Leubnitz-Neuostra;12 Niedersedlitz, Leubnitz, Strehlen (ohne Sternhäuser, Am Koitschgraben);StB 7 Prohlis;543;259;225
2011;76 Strehlen;76 Strehlen;11 Prohlis, Reick (mit Sternhäuser, Am Koitschgraben);StB 7 Prohlis;433;218;175
2011;76 Strehlen;76 Strehlen;12 Niedersedlitz, Leubnitz, Strehlen (ohne Sternhäuser, Am Koitschgraben);StB 7 Prohlis;996;500;403
2011;77 Reick;77 Reick;11 Prohlis, Reick (mit Sternhäuser, Am Koitschgraben);StB 7 Prohlis;559;332;295
2011;81 Südvorstadt-West;81 Südvorstadt-West;13 Südvorstadt, Zschertnitz;StB 8 Plauen;4291;3411;3263
2011;82 Südvorstadt-Ost;82 Südvorstadt-Ost;13 Südvorstadt, Zschertnitz;StB 8 Plauen;688;243;198
2011;83 Räcknitz/Zschertnitz;83 Räcknitz/Zschertnitz;13 Südvorstadt, Zschertnitz;StB 8 Plauen;445;162;135
2011;84 Kleinpestitz/Mockritz;84 Kleinpestitz/Mockritz;14 Mockritz, Coschütz, Plauen;StB 8 Plauen;398;164;142
2011;85 Coschütz/Gittersee;85 Coschütz/Gittersee;14 Mockritz, Coschütz, Plauen;StB 8 Plauen;291;132;115
2011;86 Plauen;86 Plauen;14 Mockritz, Coschütz, Plauen;StB 8 Plauen;683;191;187
2011;90 Cossebaude/Mobschatz/Oberw.;90 Cossebaude/Mobschatz/Oberw.;17 Briesnitz und westliche OS;StB 9 Cotta/westliche Ortschaften;283;108;100
2011;91 Cotta;91 Cotta;15 Cotta, Löbtau, Naußlitz, Dölzschen;StB 9 Cotta/westliche Ortschaften;707;316;281
2011;92 Löbtau-Nord;92 Löbtau-Nord;15 Cotta, Löbtau, Naußlitz, Dölzschen;StB 9 Cotta/westliche Ortschaften;950;453;383
2011;93 Löbtau-Süd;93 Löbtau-Süd;15 Cotta, Löbtau, Naußlitz, Dölzschen;StB 9 Cotta/westliche Ortschaften;1041;478;419
2011;94 Naußlitz;94 Naußlitz;15 Cotta, Löbtau, Naußlitz, Dölzschen;StB 9 Cotta/westliche Ortschaften;554;328;285
2011;95 Gorbitz-Süd;95 Gorbitz-Süd;16 Gorbitz;StB 9 Cotta/westliche Ortschaften;545;258;220
2011;96 Gorbitz-Ost;96 Gorbitz-Ost;16 Gorbitz;StB 9 Cotta/westliche Ortschaften;620;405;294
2011;97 Gorbitz-Nord/Neu-Omsewitz;97 Gorbitz-Nord/Neu-Omsewitz;16 Gorbitz;StB 9 Cotta/westliche Ortschaften;429;255;214
2011;98 Briesnitz;98 Briesnitz;17 Briesnitz und westliche OS;StB 9 Cotta/westliche Ortschaften;448;196;176
2011;99 Altfranken/Gompitz;99 Altfranken/Gompitz;17 Briesnitz und westliche OS;StB 9 Cotta/westliche Ortschaften;160;80;81
2011;Korrektur Mehrfachzählung;Korrektur Mehrfachzählung;00 unbekannt;unbekannt;0;0;-4015
2012;unbekannt/unzutreffend;unbekannt/unzutreffend;00 unbekannt;unbekannt;4058;3455;0
2012;01 Innere Altstadt;01 Innere Altstadt;01 StB Altstadt ohne Johannstadt;StB 0 Altstadt;2081;970;921
2012;02 Pirnaische Vorstadt;02 Pirnaische Vorstadt;01 StB Altstadt ohne Johannstadt;StB 0 Altstadt;910;414;396
2012;03 Seevorstadt-Ost;03 Seevorstadt-Ost;01 StB Altstadt ohne Johannstadt;StB 0 Altstadt;3295;2059;1822
2012;04 Wilsdruffer Vs./Seevs.-West;04 Wilsdruffer Vs./Seevs.-West;01 StB Altstadt ohne Johannstadt;StB 0 Altstadt;1634;740;645
2012;05 Friedrichstadt;05 Friedrichstadt;01 StB Altstadt ohne Johannstadt;StB 0 Altstadt;1612;757;673
2012;06 Johannstadt-Nord;06 Johannstadt-Nord;02 Johannstadt;StB 0 Altstadt;1006;437;353
2012;07 Johannstadt-Süd;07 Johannstadt-Süd;02 Johannstadt;StB 0 Altstadt;955;514;283
2012;11 Äußere Neustadt (Antonstadt);11 Äußere Neustadt (Antonstadt);03 StB Neustadt ohne Leipziger Vorstadt;StB 1 Neustadt;3024;1213;988
2012;12 Radeberger Vorstadt;12 Radeberger Vorstadt;03 StB Neustadt ohne Leipziger Vorstadt;StB 1 Neustadt;553;210;194
2012;13 Innere Neustadt;13 Innere Neustadt;03 StB Neustadt ohne Leipziger Vorstadt;StB 1 Neustadt;1571;813;726
2012;14 Leipziger Vorstadt;14 Leipziger Vorstadt;04 Leipziger Vorstadt, Pieschen;StB 1 Neustadt;1663;639;580
2012;15 Albertstadt;15 Albertstadt;03 StB Neustadt ohne Leipziger Vorstadt;StB 1 Neustadt;631;344;363
2012;21 Pieschen-Süd;21 Pieschen-Süd;04 Leipziger Vorstadt, Pieschen;StB 2 Pieschen;1251;603;472
2012;22 Mickten;22 Mickten;05 Mickten, Kaditz, Trachau;StB 2 Pieschen;941;424;401
2012;23 Kaditz;23 Kaditz;05 Mickten, Kaditz, Trachau;StB 2 Pieschen;962;547;520
2012;24 Trachau;24 Trachau;05 Mickten, Kaditz, Trachau;StB 2 Pieschen;763;306;217
2012;25 Pieschen-N/Trachenberge;25 Pieschen-N/Trachenberge;04 Leipziger Vorstadt, Pieschen;StB 2 Pieschen;1049;528;410
2012;31 Klotzsche;31 Klotzsche;06 StB Klotzsche und nördliche OS;StB 3 Klotzsche/nördliche Ortschaften;958;420;386
2012;32 Hellerau/Wilschdorf;32 Hellerau/Wilschdorf;06 StB Klotzsche und nördliche OS;StB 3 Klotzsche/nördliche Ortschaften;221;112;109
2012;35 Weixdorf;35 Weixdorf;06 StB Klotzsche und nördliche OS;StB 3 Klotzsche/nördliche Ortschaften;243;111;102
2012;36 Langebrück/Schönborn;36 Langebrück/Schönborn;06 StB Klotzsche und nördliche OS;StB 3 Klotzsche/nördliche Ortschaften;171;59;53
2012;41 Loschwitz/Wachwitz;41 Loschwitz/Wachwitz;07 StB Loschwitz und OS Schönfeld-Weißig;StB 4 Loschwitz/OS Schönfeld-Weißig;298;139;92
2012;42 Bühlau/Weißer Hirsch;42 Bühlau/Weißer Hirsch;07 StB Loschwitz und OS Schönfeld-Weißig;StB 4 Loschwitz/OS Schönfeld-Weißig;365;170;154
2012;43 Hosterwitz/Pillnitz;43 Hosterwitz/Pillnitz;07 StB Loschwitz und OS Schönfeld-Weißig;StB 4 Loschwitz/OS Schönfeld-Weißig;128;60;51
2012;45 Weißig;45 Weißig;07 StB Loschwitz und OS Schönfeld-Weißig;StB 4 Loschwitz/OS Schönfeld-Weißig;204;98;98
2012;46 Gönnsdorf/Pappritz;46 Gönnsdorf/Pappritz;07 StB Loschwitz und OS Schönfeld-Weißig;StB 4 Loschwitz/OS Schönfeld-Weißig;59;26;25
2012;47 Schönfeld/Schullwitz;47 Schönfeld/Schullwitz;07 StB Loschwitz und OS Schönfeld-Weißig;StB 4 Loschwitz/OS Schönfeld-Weißig;64;27;25
2012;51 Blasewitz;51 Blasewitz;08 Blasewitz, Striesen;StB 5 Blasewitz;686;282;273
2012;52 Striesen-Ost;52 Striesen-Ost;08 Blasewitz, Striesen;StB 5 Blasewitz;650;257;201
2012;53 Striesen-Süd;53 Striesen-Süd;08 Blasewitz, Striesen;StB 5 Blasewitz;372;150;127
2012;54 Striesen-West;54 Striesen-West;08 Blasewitz, Striesen;StB 5 Blasewitz;657;302;281
2012;55 Tolkewitz/Seidnitz-Nord;55 Tolkewitz/Seidnitz-Nord;09 Tolkewitz, Seidnitz, Gruna;StB 5 Blasewitz;233;92;74
2012;56 Seidnitz/Dobritz;56 Seidnitz/Dobritz;09 Tolkewitz, Seidnitz, Gruna;StB 5 Blasewitz;1250;713;608
2012;57 Gruna;57 Gruna;09 Tolkewitz, Seidnitz, Gruna;StB 5 Blasewitz;569;293;230
2012;61 Leuben;61 Leuben;10 StB Leuben;StB 6 Leuben;827;415;342
2012;62 Laubegast;62 Laubegast;10 StB Leuben;StB 6 Leuben;534;231;203
2012;63 Kleinzschachwitz;63 Kleinzschachwitz;10 StB Leuben;StB 6 Leuben;203;72;62
2012;64 Großzschachwitz;64 Großzschachwitz;10 StB Leuben;StB 6 Leuben;362;169;142
2012;71 Prohlis-Nord;71 Prohlis-Nord;11 Prohlis, Reick (mit Sternhäuser, Am Koitschgraben);StB 7 Prohlis;702;413;355
2012;72 Prohlis-Süd;72 Prohlis-Süd;11 Prohlis, Reick (mit Sternhäuser, Am Koitschgraben);StB 7 Prohlis;790;447;340
2012;73 Niedersedlitz;73 Niedersedlitz;11 Prohlis, Reick (mit Sternhäuser, Am Koitschgraben);StB 7 Prohlis;0;0;0
2012;73 Niedersedlitz;73 Niedersedlitz;12 Niedersedlitz, Leubnitz, Strehlen (ohne Sternhäuser, Am Koitschgraben);StB 7 Prohlis;501;200;205
2012;74 Lockwitz;74 Lockwitz;12 Niedersedlitz, Leubnitz, Strehlen (ohne Sternhäuser, Am Koitschgraben);StB 7 Prohlis;722;476;453
2012;75 Leubnitz-Neuostra;75 Leubnitz-Neuostra;12 Niedersedlitz, Leubnitz, Strehlen (ohne Sternhäuser, Am Koitschgraben);StB 7 Prohlis;533;286;240
2012;76 Strehlen;76 Strehlen;11 Prohlis, Reick (mit Sternhäuser, Am Koitschgraben);StB 7 Prohlis;411;231;183
2012;76 Strehlen;76 Strehlen;12 Niedersedlitz, Leubnitz, Strehlen (ohne Sternhäuser, Am Koitschgraben);StB 7 Prohlis;948;531;421
2012;77 Reick;77 Reick;11 Prohlis, Reick (mit Sternhäuser, Am Koitschgraben);StB 7 Prohlis;649;391;322
2012;81 Südvorstadt-West;81 Südvorstadt-West;13 Südvorstadt, Zschertnitz;StB 8 Plauen;3890;3077;2945
2012;82 Südvorstadt-Ost;82 Südvorstadt-Ost;13 Südvorstadt, Zschertnitz;StB 8 Plauen;813;274;240
2012;83 Räcknitz/Zschertnitz;83 Räcknitz/Zschertnitz;13 Südvorstadt, Zschertnitz;StB 8 Plauen;421;130;118
2012;84 Kleinpestitz/Mockritz;84 Kleinpestitz/Mockritz;14 Mockritz, Coschütz, Plauen;StB 8 Plauen;402;183;173
2012;85 Coschütz/Gittersee;85 Coschütz/Gittersee;14 Mockritz, Coschütz, Plauen;StB 8 Plauen;304;151;108
2012;86 Plauen;86 Plauen;14 Mockritz, Coschütz, Plauen;StB 8 Plauen;720;270;235
2012;90 Cossebaude/Mobschatz/Oberw.;90 Cossebaude/Mobschatz/Oberw.;17 Briesnitz und westliche OS;StB 9 Cotta/westliche Ortschaften;344;148;119
2012;91 Cotta;91 Cotta;15 Cotta, Löbtau, Naußlitz, Dölzschen;StB 9 Cotta/westliche Ortschaften;727;301;282
2012;92 Löbtau-Nord;92 Löbtau-Nord;15 Cotta, Löbtau, Naußlitz, Dölzschen;StB 9 Cotta/westliche Ortschaften;977;496;431
2012;93 Löbtau-Süd;93 Löbtau-Süd;15 Cotta, Löbtau, Naußlitz, Dölzschen;StB 9 Cotta/westliche Ortschaften;1280;660;461
2012;94 Naußlitz;94 Naußlitz;15 Cotta, Löbtau, Naußlitz, Dölzschen;StB 9 Cotta/westliche Ortschaften;533;281;277
2012;95 Gorbitz-Süd;95 Gorbitz-Süd;16 Gorbitz;StB 9 Cotta/westliche Ortschaften;564;302;271
2012;96 Gorbitz-Ost;96 Gorbitz-Ost;16 Gorbitz;StB 9 Cotta/westliche Ortschaften;550;333;276
2012;97 Gorbitz-Nord/Neu-Omsewitz;97 Gorbitz-Nord/Neu-Omsewitz;16 Gorbitz;StB 9 Cotta/westliche Ortschaften;462;252;219
2012;98 Briesnitz;98 Briesnitz;17 Briesnitz und westliche OS;StB 9 Cotta/westliche Ortschaften;511;212;180
2012;99 Altfranken/Gompitz;99 Altfranken/Gompitz;17 Briesnitz und westliche OS;StB 9 Cotta/westliche Ortschaften;237;147;122
2012;Korrektur Mehrfachzählung;Korrektur Mehrfachzählung;00 unbekannt;unbekannt;0;0;-4445
2013;unbekannt/unzutreffend;unbekannt/unzutreffend;00 unbekannt;unbekannt;3138;2525;0
2013;01 Innere Altstadt;01 Innere Altstadt;01 StB Altstadt ohne Johannstadt;StB 0 Altstadt;2378;1202;1049
2013;02 Pirnaische Vorstadt;02 Pirnaische Vorstadt;01 StB Altstadt ohne Johannstadt;StB 0 Altstadt;966;426;449
2013;03 Seevorstadt-Ost;03 Seevorstadt-Ost;01 StB Altstadt ohne Johannstadt;StB 0 Altstadt;3469;2052;1779
2013;04 Wilsdruffer Vs./Seevs.-West;04 Wilsdruffer Vs./Seevs.-West;01 StB Altstadt ohne Johannstadt;StB 0 Altstadt;1602;653;589
2013;05 Friedrichstadt;05 Friedrichstadt;01 StB Altstadt ohne Johannstadt;StB 0 Altstadt;1875;673;557
2013;06 Johannstadt-Nord;06 Johannstadt-Nord;02 Johannstadt;StB 0 Altstadt;1005;441;347
2013;07 Johannstadt-Süd;07 Johannstadt-Süd;02 Johannstadt;StB 0 Altstadt;1145;661;250
2013;11 Äußere Neustadt (Antonstadt);11 Äußere Neustadt (Antonstadt);03 StB Neustadt ohne Leipziger Vorstadt;StB 1 Neustadt;3180;1216;1035
2013;12 Radeberger Vorstadt;12 Radeberger Vorstadt;03 StB Neustadt ohne Leipziger Vorstadt;StB 1 Neustadt;690;325;210
2013;13 Innere Neustadt;13 Innere Neustadt;03 StB Neustadt ohne Leipziger Vorstadt;StB 1 Neustadt;1731;938;799
2013;14 Leipziger Vorstadt;14 Leipziger Vorstadt;04 Leipziger Vorstadt, Pieschen;StB 1 Neustadt;1778;628;594
2013;15 Albertstadt;15 Albertstadt;03 StB Neustadt ohne Leipziger Vorstadt;StB 1 Neustadt;865;528;550
2013;21 Pieschen-Süd;21 Pieschen-Süd;04 Leipziger Vorstadt, Pieschen;StB 2 Pieschen;1464;613;467
2013;22 Mickten;22 Mickten;05 Mickten, Kaditz, Trachau;StB 2 Pieschen;1080;450;391
2013;23 Kaditz;23 Kaditz;05 Mickten, Kaditz, Trachau;StB 2 Pieschen;1089;592;517
2013;24 Trachau;24 Trachau;05 Mickten, Kaditz, Trachau;StB 2 Pieschen;730;314;286
2013;25 Pieschen-N/Trachenberge;25 Pieschen-N/Trachenberge;04 Leipziger Vorstadt, Pieschen;StB 2 Pieschen;1062;463;395
2013;31 Klotzsche;31 Klotzsche;06 StB Klotzsche und nördliche OS;StB 3 Klotzsche/nördliche Ortschaften;1047;474;395
2013;32 Hellerau/Wilschdorf;32 Hellerau/Wilschdorf;06 StB Klotzsche und nördliche OS;StB 3 Klotzsche/nördliche Ortschaften;174;68;83
2013;35 Weixdorf;35 Weixdorf;06 StB Klotzsche und nördliche OS;StB 3 Klotzsche/nördliche Ortschaften;213;94;79
2013;36 Langebrück/Schönborn;36 Langebrück/Schönborn;06 StB Klotzsche und nördliche OS;StB 3 Klotzsche/nördliche Ortschaften;159;69;58
2013;41 Loschwitz/Wachwitz;41 Loschwitz/Wachwitz;07 StB Loschwitz und OS Schönfeld-Weißig;StB 4 Loschwitz/OS Schönfeld-Weißig;257;90;102
2013;42 Bühlau/Weißer Hirsch;42 Bühlau/Weißer Hirsch;07 StB Loschwitz und OS Schönfeld-Weißig;StB 4 Loschwitz/OS Schönfeld-Weißig;382;155;124
2013;43 Hosterwitz/Pillnitz;43 Hosterwitz/Pillnitz;07 StB Loschwitz und OS Schönfeld-Weißig;StB 4 Loschwitz/OS Schönfeld-Weißig;116;63;60
2013;45 Weißig;45 Weißig;07 StB Loschwitz und OS Schönfeld-Weißig;StB 4 Loschwitz/OS Schönfeld-Weißig;307;163;130
2013;46 Gönnsdorf/Pappritz;46 Gönnsdorf/Pappritz;07 StB Loschwitz und OS Schönfeld-Weißig;StB 4 Loschwitz/OS Schönfeld-Weißig;65;31;24
2013;47 Schönfeld/Schullwitz;47 Schönfeld/Schullwitz;07 StB Loschwitz und OS Schönfeld-Weißig;StB 4 Loschwitz/OS Schönfeld-Weißig;69;24;22
2013;51 Blasewitz;51 Blasewitz;08 Blasewitz, Striesen;StB 5 Blasewitz;755;336;287
2013;52 Striesen-Ost;52 Striesen-Ost;08 Blasewitz, Striesen;StB 5 Blasewitz;698;235;178
2013;53 Striesen-Süd;53 Striesen-Süd;08 Blasewitz, Striesen;StB 5 Blasewitz;447;169;159
2013;54 Striesen-West;54 Striesen-West;08 Blasewitz, Striesen;StB 5 Blasewitz;665;334;296
2013;55 Tolkewitz/Seidnitz-Nord;55 Tolkewitz/Seidnitz-Nord;09 Tolkewitz, Seidnitz, Gruna;StB 5 Blasewitz;248;105;100
2013;56 Seidnitz/Dobritz;56 Seidnitz/Dobritz;09 Tolkewitz, Seidnitz, Gruna;StB 5 Blasewitz;1126;575;500
2013;57 Gruna;57 Gruna;09 Tolkewitz, Seidnitz, Gruna;StB 5 Blasewitz;541;230;204
2013;61 Leuben;61 Leuben;10 StB Leuben;StB 6 Leuben;1025;498;441
2013;62 Laubegast;62 Laubegast;10 StB Leuben;StB 6 Leuben;510;242;187
2013;63 Kleinzschachwitz;63 Kleinzschachwitz;10 StB Leuben;StB 6 Leuben;207;81;87
2013;64 Großzschachwitz;64 Großzschachwitz;10 StB Leuben;StB 6 Leuben;506;222;192
2013;71 Prohlis-Nord;71 Prohlis-Nord;11 Prohlis, Reick (mit Sternhäuser, Am Koitschgraben);StB 7 Prohlis;735;378;311
2013;72 Prohlis-Süd;72 Prohlis-Süd;11 Prohlis, Reick (mit Sternhäuser, Am Koitschgraben);StB 7 Prohlis;853;429;347
2013;73 Niedersedlitz;73 Niedersedlitz;11 Prohlis, Reick (mit Sternhäuser, Am Koitschgraben);StB 7 Prohlis;0;0;0
2013;73 Niedersedlitz;73 Niedersedlitz;12 Niedersedlitz, Leubnitz, Strehlen (ohne Sternhäuser, Am Koitschgraben);StB 7 Prohlis;372;178;124
2013;74 Lockwitz;74 Lockwitz;12 Niedersedlitz, Leubnitz, Strehlen (ohne Sternhäuser, Am Koitschgraben);StB 7 Prohlis;785;526;462
2013;75 Leubnitz-Neuostra;75 Leubnitz-Neuostra;12 Niedersedlitz, Leubnitz, Strehlen (ohne Sternhäuser, Am Koitschgraben);StB 7 Prohlis;578;241;203
2013;76 Strehlen;76 Strehlen;11 Prohlis, Reick (mit Sternhäuser, Am Koitschgraben);StB 7 Prohlis;442;223;186
2013;76 Strehlen;76 Strehlen;12 Niedersedlitz, Leubnitz, Strehlen (ohne Sternhäuser, Am Koitschgraben);StB 7 Prohlis;1063;534;447
2013;77 Reick;77 Reick;11 Prohlis, Reick (mit Sternhäuser, Am Koitschgraben);StB 7 Prohlis;710;362;339
2013;81 Südvorstadt-West;81 Südvorstadt-West;13 Südvorstadt, Zschertnitz;StB 8 Plauen;4783;3815;3526
2013;82 Südvorstadt-Ost;82 Südvorstadt-Ost;13 Südvorstadt, Zschertnitz;StB 8 Plauen;1012;226;366
2013;83 Räcknitz/Zschertnitz;83 Räcknitz/Zschertnitz;13 Südvorstadt, Zschertnitz;StB 8 Plauen;525;196;163
2013;84 Kleinpestitz/Mockritz;84 Kleinpestitz/Mockritz;14 Mockritz, Coschütz, Plauen;StB 8 Plauen;396;159;149
2013;85 Coschütz/Gittersee;85 Coschütz/Gittersee;14 Mockritz, Coschütz, Plauen;StB 8 Plauen;293;119;93
2013;86 Plauen;86 Plauen;14 Mockritz, Coschütz, Plauen;StB 8 Plauen;769;238;229
2013;90 Cossebaude/Mobschatz/Oberw.;90 Cossebaude/Mobschatz/Oberw.;17 Briesnitz und westliche OS;StB 9 Cotta/westliche Ortschaften;294;146;134
2013;91 Cotta;91 Cotta;15 Cotta, Löbtau, Naußlitz, Dölzschen;StB 9 Cotta/westliche Ortschaften;1047;410;335
2013;92 Löbtau-Nord;92 Löbtau-Nord;15 Cotta, Löbtau, Naußlitz, Dölzschen;StB 9 Cotta/westliche Ortschaften;1296;430;355
2013;93 Löbtau-Süd;93 Löbtau-Süd;15 Cotta, Löbtau, Naußlitz, Dölzschen;StB 9 Cotta/westliche Ortschaften;1485;497;398
2013;94 Naußlitz;94 Naußlitz;15 Cotta, Löbtau, Naußlitz, Dölzschen;StB 9 Cotta/westliche Ortschaften;603;324;306
2013;95 Gorbitz-Süd;95 Gorbitz-Süd;16 Gorbitz;StB 9 Cotta/westliche Ortschaften;1002;684;294
2013;96 Gorbitz-Ost;96 Gorbitz-Ost;16 Gorbitz;StB 9 Cotta/westliche Ortschaften;563;306;292
2013;97 Gorbitz-Nord/Neu-Omsewitz;97 Gorbitz-Nord/Neu-Omsewitz;16 Gorbitz;StB 9 Cotta/westliche Ortschaften;497;254;226
2013;98 Briesnitz;98 Briesnitz;17 Briesnitz und westliche OS;StB 9 Cotta/westliche Ortschaften;628;202;165
2013;99 Altfranken/Gompitz;99 Altfranken/Gompitz;17 Briesnitz und westliche OS;StB 9 Cotta/westliche Ortschaften;181;87;83
2013;Korrektur Mehrfachzählung;Korrektur Mehrfachzählung;00 unbekannt;unbekannt;0;0;-4865
2014;unbekannt/unzutreffend;unbekannt/unzutreffend;00 unbekannt;unbekannt;4298;3678;0
2014;01 Innere Altstadt;01 Innere Altstadt;01 StB Altstadt ohne Johannstadt;StB 0 Altstadt;2647;1299;1078
2014;02 Pirnaische Vorstadt;02 Pirnaische Vorstadt;01 StB Altstadt ohne Johannstadt;StB 0 Altstadt;1184;611;486
2014;03 Seevorstadt-Ost;03 Seevorstadt-Ost;01 StB Altstadt ohne Johannstadt;StB 0 Altstadt;4421;2722;2226
2014;04 Wilsdruffer Vs./Seevs.-West;04 Wilsdruffer Vs./Seevs.-West;01 StB Altstadt ohne Johannstadt;StB 0 Altstadt;1839;720;640
2014;05 Friedrichstadt;05 Friedrichstadt;01 StB Altstadt ohne Johannstadt;StB 0 Altstadt;1850;723;599
2014;06 Johannstadt-Nord;06 Johannstadt-Nord;02 Johannstadt;StB 0 Altstadt;1041;420;386
2014;07 Johannstadt-Süd;07 Johannstadt-Süd;02 Johannstadt;StB 0 Altstadt;945;390;325
2014;11 Äußere Neustadt (Antonstadt);11 Äußere Neustadt (Antonstadt);03 StB Neustadt ohne Leipziger Vorstadt;StB 1 Neustadt;3314;1289;1085
2014;12 Radeberger Vorstadt;12 Radeberger Vorstadt;03 StB Neustadt ohne Leipziger Vorstadt;StB 1 Neustadt;678;280;223
2014;13 Innere Neustadt;13 Innere Neustadt;03 StB Neustadt ohne Leipziger Vorstadt;StB 1 Neustadt;1742;942;749
2014;14 Leipziger Vorstadt;14 Leipziger Vorstadt;04 Leipziger Vorstadt, Pieschen;StB 1 Neustadt;1623;598;508
2014;15 Albertstadt;15 Albertstadt;03 StB Neustadt ohne Leipziger Vorstadt;StB 1 Neustadt;820;480;449
2014;21 Pieschen-Süd;21 Pieschen-Süd;04 Leipziger Vorstadt, Pieschen;StB 2 Pieschen;1482;626;501
2014;22 Mickten;22 Mickten;05 Mickten, Kaditz, Trachau;StB 2 Pieschen;1129;459;430
2014;23 Kaditz;23 Kaditz;05 Mickten, Kaditz, Trachau;StB 2 Pieschen;1194;688;583
2014;24 Trachau;24 Trachau;05 Mickten, Kaditz, Trachau;StB 2 Pieschen;785;294;277
2014;25 Pieschen-N/Trachenberge;25 Pieschen-N/Trachenberge;04 Leipziger Vorstadt, Pieschen;StB 2 Pieschen;1170;491;400
2014;31 Klotzsche;31 Klotzsche;06 StB Klotzsche und nördliche OS;StB 3 Klotzsche/nördliche Ortschaften;910;411;366
2014;32 Hellerau/Wilschdorf;32 Hellerau/Wilschdorf;06 StB Klotzsche und nördliche OS;StB 3 Klotzsche/nördliche Ortschaften;248;129;109
2014;35 Weixdorf;35 Weixdorf;06 StB Klotzsche und nördliche OS;StB 3 Klotzsche/nördliche Ortschaften;197;95;91
2014;36 Langebrück/Schönborn;36 Langebrück/Schönborn;06 StB Klotzsche und nördliche OS;StB 3 Klotzsche/nördliche Ortschaften;150;60;55
2014;41 Loschwitz/Wachwitz;41 Loschwitz/Wachwitz;07 StB Loschwitz und OS Schönfeld-Weißig;StB 4 Loschwitz/OS Schönfeld-Weißig;284;104;173
2014;42 Bühlau/Weißer Hirsch;42 Bühlau/Weißer Hirsch;07 StB Loschwitz und OS Schönfeld-Weißig;StB 4 Loschwitz/OS Schönfeld-Weißig;388;158;160
2014;43 Hosterwitz/Pillnitz;43 Hosterwitz/Pillnitz;07 StB Loschwitz und OS Schönfeld-Weißig;StB 4 Loschwitz/OS Schönfeld-Weißig;141;75;62
2014;45 Weißig;45 Weißig;07 StB Loschwitz und OS Schönfeld-Weißig;StB 4 Loschwitz/OS Schönfeld-Weißig;335;138;121
2014;46 Gönnsdorf/Pappritz;46 Gönnsdorf/Pappritz;07 StB Loschwitz und OS Schönfeld-Weißig;StB 4 Loschwitz/OS Schönfeld-Weißig;60;26;25
2014;47 Schönfeld/Schullwitz;47 Schönfeld/Schullwitz;07 StB Loschwitz und OS Schönfeld-Weißig;StB 4 Loschwitz/OS Schönfeld-Weißig;69;25;28
2014;51 Blasewitz;51 Blasewitz;08 Blasewitz, Striesen;StB 5 Blasewitz;770;348;306
2014;52 Striesen-Ost;52 Striesen-Ost;08 Blasewitz, Striesen;StB 5 Blasewitz;728;247;190
2014;53 Striesen-Süd;53 Striesen-Süd;08 Blasewitz, Striesen;StB 5 Blasewitz;715;458;419
2014;54 Striesen-West;54 Striesen-West;08 Blasewitz, Striesen;StB 5 Blasewitz;815;385;334
2014;55 Tolkewitz/Seidnitz-Nord;55 Tolkewitz/Seidnitz-Nord;09 Tolkewitz, Seidnitz, Gruna;StB 5 Blasewitz;246;102;91
2014;56 Seidnitz/Dobritz;56 Seidnitz/Dobritz;09 Tolkewitz, Seidnitz, Gruna;StB 5 Blasewitz;1200;578;502
2014;57 Gruna;57 Gruna;09 Tolkewitz, Seidnitz, Gruna;StB 5 Blasewitz;567;230;214
2014;61 Leuben;61 Leuben;10 StB Leuben;StB 6 Leuben;1094;532;462
2014;62 Laubegast;62 Laubegast;10 StB Leuben;StB 6 Leuben;586;266;202
2014;63 Kleinzschachwitz;63 Kleinzschachwitz;10 StB Leuben;StB 6 Leuben;217;78;66
2014;64 Großzschachwitz;64 Großzschachwitz;10 StB Leuben;StB 6 Leuben;366;157;149
2014;71 Prohlis-Nord;71 Prohlis-Nord;11 Prohlis, Reick (mit Sternhäuser, Am Koitschgraben);StB 7 Prohlis;833;500;367
2014;72 Prohlis-Süd;72 Prohlis-Süd;11 Prohlis, Reick (mit Sternhäuser, Am Koitschgraben);StB 7 Prohlis;715;411;341
2014;73 Niedersedlitz;73 Niedersedlitz;11 Prohlis, Reick (mit Sternhäuser, Am Koitschgraben);StB 7 Prohlis;0;0;0
2014;73 Niedersedlitz;73 Niedersedlitz;12 Niedersedlitz, Leubnitz, Strehlen (ohne Sternhäuser, Am Koitschgraben);StB 7 Prohlis;423;195;189
2014;74 Lockwitz;74 Lockwitz;12 Niedersedlitz, Leubnitz, Strehlen (ohne Sternhäuser, Am Koitschgraben);StB 7 Prohlis;921;615;503
2014;75 Leubnitz-Neuostra;75 Leubnitz-Neuostra;12 Niedersedlitz, Leubnitz, Strehlen (ohne Sternhäuser, Am Koitschgraben);StB 7 Prohlis;554;286;226
2014;76 Strehlen;76 Strehlen;11 Prohlis, Reick (mit Sternhäuser, Am Koitschgraben);StB 7 Prohlis;502;302;187
2014;76 Strehlen;76 Strehlen;12 Niedersedlitz, Leubnitz, Strehlen (ohne Sternhäuser, Am Koitschgraben);StB 7 Prohlis;1167;703;435
2014;77 Reick;77 Reick;11 Prohlis, Reick (mit Sternhäuser, Am Koitschgraben);StB 7 Prohlis;644;404;365
2014;81 Südvorstadt-West;81 Südvorstadt-West;13 Südvorstadt, Zschertnitz;StB 8 Plauen;3749;2844;2440
2014;82 Südvorstadt-Ost;82 Südvorstadt-Ost;13 Südvorstadt, Zschertnitz;StB 8 Plauen;730;254;196
2014;83 Räcknitz/Zschertnitz;83 Räcknitz/Zschertnitz;13 Südvorstadt, Zschertnitz;StB 8 Plauen;549;239;154
2014;84 Kleinpestitz/Mockritz;84 Kleinpestitz/Mockritz;14 Mockritz, Coschütz, Plauen;StB 8 Plauen;346;157;150
2014;85 Coschütz/Gittersee;85 Coschütz/Gittersee;14 Mockritz, Coschütz, Plauen;StB 8 Plauen;310;109;95
2014;86 Plauen;86 Plauen;14 Mockritz, Coschütz, Plauen;StB 8 Plauen;764;199;277
2014;90 Cossebaude/Mobschatz/Oberw.;90 Cossebaude/Mobschatz/Oberw.;17 Briesnitz und westliche OS;StB 9 Cotta/westliche Ortschaften;298;129;118
2014;91 Cotta;91 Cotta;15 Cotta, Löbtau, Naußlitz, Dölzschen;StB 9 Cotta/westliche Ortschaften;866;303;248
2014;92 Löbtau-Nord;92 Löbtau-Nord;15 Cotta, Löbtau, Naußlitz, Dölzschen;StB 9 Cotta/westliche Ortschaften;1108;423;329
2014;93 Löbtau-Süd;93 Löbtau-Süd;15 Cotta, Löbtau, Naußlitz, Dölzschen;StB 9 Cotta/westliche Ortschaften;1213;533;413
2014;94 Naußlitz;94 Naußlitz;15 Cotta, Löbtau, Naußlitz, Dölzschen;StB 9 Cotta/westliche Ortschaften;720;388;323
2014;95 Gorbitz-Süd;95 Gorbitz-Süd;16 Gorbitz;StB 9 Cotta/westliche Ortschaften;704;352;302
2014;96 Gorbitz-Ost;96 Gorbitz-Ost;16 Gorbitz;StB 9 Cotta/westliche Ortschaften;495;235;229
2014;97 Gorbitz-Nord/Neu-Omsewitz;97 Gorbitz-Nord/Neu-Omsewitz;16 Gorbitz;StB 9 Cotta/westliche Ortschaften;566;318;268
2014;98 Briesnitz;98 Briesnitz;17 Briesnitz und westliche OS;StB 9 Cotta/westliche Ortschaften;640;192;170
2014;99 Altfranken/Gompitz;99 Altfranken/Gompitz;17 Briesnitz und westliche OS;StB 9 Cotta/westliche Ortschaften;230;119;122
2014;Korrektur Mehrfachzählung;Korrektur Mehrfachzählung;00 unbekannt;unbekannt;0;0;-5222
2015;unbekannt/unzutreffend;unbekannt/unzutreffend;00 unbekannt;unbekannt;4304;3595;0
2015;01 Innere Altstadt;01 Innere Altstadt;01 StB Altstadt ohne Johannstadt;StB 0 Altstadt;2977;1585;1296
2015;02 Pirnaische Vorstadt;02 Pirnaische Vorstadt;01 StB Altstadt ohne Johannstadt;StB 0 Altstadt;916;422;408
2015;03 Seevorstadt-Ost;03 Seevorstadt-Ost;01 StB Altstadt ohne Johannstadt;StB 0 Altstadt;5122;3230;2499
2015;04 Wilsdruffer Vs./Seevs.-West;04 Wilsdruffer Vs./Seevs.-West;01 StB Altstadt ohne Johannstadt;StB 0 Altstadt;1470;600;575
2015;05 Friedrichstadt;05 Friedrichstadt;01 StB Altstadt ohne Johannstadt;StB 0 Altstadt;1701;824;739
2015;06 Johannstadt-Nord;06 Johannstadt-Nord;02 Johannstadt;StB 0 Altstadt;1060;437;400
2015;07 Johannstadt-Süd;07 Johannstadt-Süd;02 Johannstadt;StB 0 Altstadt;736;362;310
2015;11 Äußere Neustadt (Antonstadt);11 Äußere Neustadt (Antonstadt);03 StB Neustadt ohne Leipziger Vorstadt;StB 1 Neustadt;3656;1410;1125
2015;12 Radeberger Vorstadt;12 Radeberger Vorstadt;03 StB Neustadt ohne Leipziger Vorstadt;StB 1 Neustadt;583;257;209
2015;13 Innere Neustadt;13 Innere Neustadt;03 StB Neustadt ohne Leipziger Vorstadt;StB 1 Neustadt;1655;830;693
2015;14 Leipziger Vorstadt;14 Leipziger Vorstadt;04 Leipziger Vorstadt, Pieschen;StB 1 Neustadt;1793;686;593
2015;15 Albertstadt;15 Albertstadt;03 StB Neustadt ohne Leipziger Vorstadt;StB 1 Neustadt;759;478;446
2015;21 Pieschen-Süd;21 Pieschen-Süd;04 Leipziger Vorstadt, Pieschen;StB 2 Pieschen;1396;599;471
2015;22 Mickten;22 Mickten;05 Mickten, Kaditz, Trachau;StB 2 Pieschen;864;377;362
2015;23 Kaditz;23 Kaditz;05 Mickten, Kaditz, Trachau;StB 2 Pieschen;895;510;476
2015;24 Trachau;24 Trachau;05 Mickten, Kaditz, Trachau;StB 2 Pieschen;805;338;307
2015;25 Pieschen-N/Trachenberge;25 Pieschen-N/Trachenberge;04 Leipziger Vorstadt, Pieschen;StB 2 Pieschen;1150;516;412
2015;31 Klotzsche;31 Klotzsche;06 StB Klotzsche und nördliche OS;StB 3 Klotzsche/nördliche Ortschaften;729;340;315
2015;32 Hellerau/Wilschdorf;32 Hellerau/Wilschdorf;06 StB Klotzsche und nördliche OS;StB 3 Klotzsche/nördliche Ortschaften;202;85;78
2015;35 Weixdorf;35 Weixdorf;06 StB Klotzsche und nördliche OS;StB 3 Klotzsche/nördliche Ortschaften;186;80;69
2015;36 Langebrück/Schönborn;36 Langebrück/Schönborn;06 StB Klotzsche und nördliche OS;StB 3 Klotzsche/nördliche Ortschaften;129;34;29
2015;41 Loschwitz/Wachwitz;41 Loschwitz/Wachwitz;07 StB Loschwitz und OS Schönfeld-Weißig;StB 4 Loschwitz/OS Schönfeld-Weißig;262;93;102
2015;42 Bühlau/Weißer Hirsch;42 Bühlau/Weißer Hirsch;07 StB Loschwitz und OS Schönfeld-Weißig;StB 4 Loschwitz/OS Schönfeld-Weißig;375;159;142
2015;43 Hosterwitz/Pillnitz;43 Hosterwitz/Pillnitz;07 StB Loschwitz und OS Schönfeld-Weißig;StB 4 Loschwitz/OS Schönfeld-Weißig;168;110;85
2015;45 Weißig;45 Weißig;07 StB Loschwitz und OS Schönfeld-Weißig;StB 4 Loschwitz/OS Schönfeld-Weißig;217;105;95
2015;46 Gönnsdorf/Pappritz;46 Gönnsdorf/Pappritz;07 StB Loschwitz und OS Schönfeld-Weißig;StB 4 Loschwitz/OS Schönfeld-Weißig;47;26;31
2015;47 Schönfeld/Schullwitz;47 Schönfeld/Schullwitz;07 StB Loschwitz und OS Schönfeld-Weißig;StB 4 Loschwitz/OS Schönfeld-Weißig;49;27;28
2015;51 Blasewitz;51 Blasewitz;08 Blasewitz, Striesen;StB 5 Blasewitz;608;281;247
2015;52 Striesen-Ost;52 Striesen-Ost;08 Blasewitz, Striesen;StB 5 Blasewitz;499;173;165
2015;53 Striesen-Süd;53 Striesen-Süd;08 Blasewitz, Striesen;StB 5 Blasewitz;798;457;433
2015;54 Striesen-West;54 Striesen-West;08 Blasewitz, Striesen;StB 5 Blasewitz;733;403;345
2015;55 Tolkewitz/Seidnitz-Nord;55 Tolkewitz/Seidnitz-Nord;09 Tolkewitz, Seidnitz, Gruna;StB 5 Blasewitz;230;83;71
2015;56 Seidnitz/Dobritz;56 Seidnitz/Dobritz;09 Tolkewitz, Seidnitz, Gruna;StB 5 Blasewitz;1237;588;507
2015;57 Gruna;57 Gruna;09 Tolkewitz, Seidnitz, Gruna;StB 5 Blasewitz;533;238;205
2015;61 Leuben;61 Leuben;10 StB Leuben;StB 6 Leuben;946;481;389
2015;62 Laubegast;62 Laubegast;10 StB Leuben;StB 6 Leuben;505;266;229
2015;63 Kleinzschachwitz;63 Kleinzschachwitz;10 StB Leuben;StB 6 Leuben;220;78;70
2015;64 Großzschachwitz;64 Großzschachwitz;10 StB Leuben;StB 6 Leuben;285;110;101
2015;71 Prohlis-Nord;71 Prohlis-Nord;11 Prohlis, Reick (mit Sternhäuser, Am Koitschgraben);StB 7 Prohlis;755;509;389
2015;72 Prohlis-Süd;72 Prohlis-Süd;11 Prohlis, Reick (mit Sternhäuser, Am Koitschgraben);StB 7 Prohlis;778;436;368
2015;73 Niedersedlitz;73 Niedersedlitz;11 Prohlis, Reick (mit Sternhäuser, Am Koitschgraben);StB 7 Prohlis;0;0;0
2015;73 Niedersedlitz;73 Niedersedlitz;12 Niedersedlitz, Leubnitz, Strehlen (ohne Sternhäuser, Am Koitschgraben);StB 7 Prohlis;224;84;87
2015;74 Lockwitz;74 Lockwitz;12 Niedersedlitz, Leubnitz, Strehlen (ohne Sternhäuser, Am Koitschgraben);StB 7 Prohlis;765;535;459
2015;75 Leubnitz-Neuostra;75 Leubnitz-Neuostra;12 Niedersedlitz, Leubnitz, Strehlen (ohne Sternhäuser, Am Koitschgraben);StB 7 Prohlis;523;228;206
2015;76 Strehlen;76 Strehlen;11 Prohlis, Reick (mit Sternhäuser, Am Koitschgraben);StB 7 Prohlis;405;213;172
2015;76 Strehlen;76 Strehlen;12 Niedersedlitz, Leubnitz, Strehlen (ohne Sternhäuser, Am Koitschgraben);StB 7 Prohlis;930;488;393
2015;77 Reick;77 Reick;11 Prohlis, Reick (mit Sternhäuser, Am Koitschgraben);StB 7 Prohlis;627;368;342
2015;81 Südvorstadt-West;81 Südvorstadt-West;13 Südvorstadt, Zschertnitz;StB 8 Plauen;2159;1504;1408
2015;82 Südvorstadt-Ost;82 Südvorstadt-Ost;13 Südvorstadt, Zschertnitz;StB 8 Plauen;626;249;239
2015;83 Räcknitz/Zschertnitz;83 Räcknitz/Zschertnitz;13 Südvorstadt, Zschertnitz;StB 8 Plauen;468;195;168
2015;84 Kleinpestitz/Mockritz;84 Kleinpestitz/Mockritz;14 Mockritz, Coschütz, Plauen;StB 8 Plauen;321;132;127
2015;85 Coschütz/Gittersee;85 Coschütz/Gittersee;14 Mockritz, Coschütz, Plauen;StB 8 Plauen;261;136;104
2015;86 Plauen;86 Plauen;14 Mockritz, Coschütz, Plauen;StB 8 Plauen;575;241;215
2015;90 Cossebaude/Mobschatz/Oberw.;90 Cossebaude/Mobschatz/Oberw.;17 Briesnitz und westliche OS;StB 9 Cotta/westliche Ortschaften;376;124;123
2015;91 Cotta;91 Cotta;15 Cotta, Löbtau, Naußlitz, Dölzschen;StB 9 Cotta/westliche Ortschaften;776;393;319
2015;92 Löbtau-Nord;92 Löbtau-Nord;15 Cotta, Löbtau, Naußlitz, Dölzschen;StB 9 Cotta/westliche Ortschaften;880;407;358
2015;93 Löbtau-Süd;93 Löbtau-Süd;15 Cotta, Löbtau, Naußlitz, Dölzschen;StB 9 Cotta/westliche Ortschaften;1138;569;480
2015;94 Naußlitz;94 Naußlitz;15 Cotta, Löbtau, Naußlitz, Dölzschen;StB 9 Cotta/westliche Ortschaften;534;301;253
2015;95 Gorbitz-Süd;95 Gorbitz-Süd;16 Gorbitz;StB 9 Cotta/westliche Ortschaften;814;447;387
2015;96 Gorbitz-Ost;96 Gorbitz-Ost;16 Gorbitz;StB 9 Cotta/westliche Ortschaften;507;305;271
2015;97 Gorbitz-Nord/Neu-Omsewitz;97 Gorbitz-Nord/Neu-Omsewitz;16 Gorbitz;StB 9 Cotta/westliche Ortschaften;598;351;289
2015;98 Briesnitz;98 Briesnitz;17 Briesnitz und westliche OS;StB 9 Cotta/westliche Ortschaften;500;214;198
2015;99 Altfranken/Gompitz;99 Altfranken/Gompitz;17 Briesnitz und westliche OS;StB 9 Cotta/westliche Ortschaften;215;102;104
2015;Korrektur Mehrfachzählung;Korrektur Mehrfachzählung;00 unbekannt;unbekannt;0;0;-4984
2016;unbekannt/unzutreffend;unbekannt/unzutreffend;00 unbekannt;unbekannt;5300;4566;0
2016;01 Innere Altstadt;01 Innere Altstadt;01 StB Altstadt ohne Johannstadt;StB 0 Altstadt;2653;1571;1331
2016;02 Pirnaische Vorstadt;02 Pirnaische Vorstadt;01 StB Altstadt ohne Johannstadt;StB 0 Altstadt;951;435;407
2016;03 Seevorstadt-Ost;03 Seevorstadt-Ost;01 StB Altstadt ohne Johannstadt;StB 0 Altstadt;6980;5250;4348
2016;04 Wilsdruffer Vs./Seevs.-West;04 Wilsdruffer Vs./Seevs.-West;01 StB Altstadt ohne Johannstadt;StB 0 Altstadt;1605;642;557
2016;05 Friedrichstadt;05 Friedrichstadt;01 StB Altstadt ohne Johannstadt;StB 0 Altstadt;2069;1133;917
2016;06 Johannstadt-Nord;06 Johannstadt-Nord;02 Johannstadt;StB 0 Altstadt;942;359;320
2016;07 Johannstadt-Süd;07 Johannstadt-Süd;02 Johannstadt;StB 0 Altstadt;746;287;251
2016;11 Äußere Neustadt (Antonstadt);11 Äußere Neustadt (Antonstadt);03 StB Neustadt ohne Leipziger Vorstadt;StB 1 Neustadt;3827;1618;1241
2016;12 Radeberger Vorstadt;12 Radeberger Vorstadt;03 StB Neustadt ohne Leipziger Vorstadt;StB 1 Neustadt;561;217;198
2016;13 Innere Neustadt;13 Innere Neustadt;03 StB Neustadt ohne Leipziger Vorstadt;StB 1 Neustadt;1758;937;730
2016;14 Leipziger Vorstadt;14 Leipziger Vorstadt;04 Leipziger Vorstadt, Pieschen;StB 1 Neustadt;1801;718;643
2016;15 Albertstadt;15 Albertstadt;03 StB Neustadt ohne Leipziger Vorstadt;StB 1 Neustadt;766;451;426
2016;21 Pieschen-Süd;21 Pieschen-Süd;04 Leipziger Vorstadt, Pieschen;StB 2 Pieschen;1053;481;415
2016;22 Mickten;22 Mickten;05 Mickten, Kaditz, Trachau;StB 2 Pieschen;852;417;382
2016;23 Kaditz;23 Kaditz;05 Mickten, Kaditz, Trachau;StB 2 Pieschen;918;547;491
2016;24 Trachau;24 Trachau;05 Mickten, Kaditz, Trachau;StB 2 Pieschen;737;327;274
2016;25 Pieschen-N/Trachenberge;25 Pieschen-N/Trachenberge;04 Leipziger Vorstadt, Pieschen;StB 2 Pieschen;958;448;364
2016;31 Klotzsche;31 Klotzsche;06 StB Klotzsche und nördliche OS;StB 3 Klotzsche/nördliche Ortschaften;789;336;291
2016;32 Hellerau/Wilschdorf;32 Hellerau/Wilschdorf;06 StB Klotzsche und nördliche OS;StB 3 Klotzsche/nördliche Ortschaften;200;86;95
2016;35 Weixdorf;35 Weixdorf;06 StB Klotzsche und nördliche OS;StB 3 Klotzsche/nördliche Ortschaften;191;92;69
2016;36 Langebrück/Schönborn;36 Langebrück/Schönborn;06 StB Klotzsche und nördliche OS;StB 3 Klotzsche/nördliche Ortschaften;103;59;48
2016;41 Loschwitz/Wachwitz;41 Loschwitz/Wachwitz;07 StB Loschwitz und OS Schönfeld-Weißig;StB 4 Loschwitz/OS Schönfeld-Weißig;265;92;86
2016;42 Bühlau/Weißer Hirsch;42 Bühlau/Weißer Hirsch;07 StB Loschwitz und OS Schönfeld-Weißig;StB 4 Loschwitz/OS Schönfeld-Weißig;353;173;162
2016;43 Hosterwitz/Pillnitz;43 Hosterwitz/Pillnitz;07 StB Loschwitz und OS Schönfeld-Weißig;StB 4 Loschwitz/OS Schönfeld-Weißig;113;67;59
2016;45 Weißig;45 Weißig;07 StB Loschwitz und OS Schönfeld-Weißig;StB 4 Loschwitz/OS Schönfeld-Weißig;211;117;101
2016;46 Gönnsdorf/Pappritz;46 Gönnsdorf/Pappritz;07 StB Loschwitz und OS Schönfeld-Weißig;StB 4 Loschwitz/OS Schönfeld-Weißig;59;39;41
2016;47 Schönfeld/Schullwitz;47 Schönfeld/Schullwitz;07 StB Loschwitz und OS Schönfeld-Weißig;StB 4 Loschwitz/OS Schönfeld-Weißig;48;26;26
2016;51 Blasewitz;51 Blasewitz;08 Blasewitz, Striesen;StB 5 Blasewitz;674;260;227
2016;52 Striesen-Ost;52 Striesen-Ost;08 Blasewitz, Striesen;StB 5 Blasewitz;555;201;180
2016;53 Striesen-Süd;53 Striesen-Süd;08 Blasewitz, Striesen;StB 5 Blasewitz;810;430;397
2016;54 Striesen-West;54 Striesen-West;08 Blasewitz, Striesen;StB 5 Blasewitz;837;441;384
2016;55 Tolkewitz/Seidnitz-Nord;55 Tolkewitz/Seidnitz-Nord;09 Tolkewitz, Seidnitz, Gruna;StB 5 Blasewitz;170;44;50
2016;56 Seidnitz/Dobritz;56 Seidnitz/Dobritz;09 Tolkewitz, Seidnitz, Gruna;StB 5 Blasewitz;1154;571;461
2016;57 Gruna;57 Gruna;09 Tolkewitz, Seidnitz, Gruna;StB 5 Blasewitz;599;210;180
2016;61 Leuben;61 Leuben;10 StB Leuben;StB 6 Leuben;898;507;450
2016;62 Laubegast;62 Laubegast;10 StB Leuben;StB 6 Leuben;455;214;186
2016;63 Kleinzschachwitz;63 Kleinzschachwitz;10 StB Leuben;StB 6 Leuben;213;57;50
2016;64 Großzschachwitz;64 Großzschachwitz;10 StB Leuben;StB 6 Leuben;255;108;105
2016;71 Prohlis-Nord;71 Prohlis-Nord;11 Prohlis, Reick (mit Sternhäuser, Am Koitschgraben);StB 7 Prohlis;752;483;349
2016;72 Prohlis-Süd;72 Prohlis-Süd;11 Prohlis, Reick (mit Sternhäuser, Am Koitschgraben);StB 7 Prohlis;827;508;417
2016;73 Niedersedlitz;73 Niedersedlitz;11 Prohlis, Reick (mit Sternhäuser, Am Koitschgraben);StB 7 Prohlis;0;0;0
2016;73 Niedersedlitz;73 Niedersedlitz;12 Niedersedlitz, Leubnitz, Strehlen (ohne Sternhäuser, Am Koitschgraben);StB 7 Prohlis;312;161;144
2016;74 Lockwitz;74 Lockwitz;12 Niedersedlitz, Leubnitz, Strehlen (ohne Sternhäuser, Am Koitschgraben);StB 7 Prohlis;665;470;448
2016;75 Leubnitz-Neuostra;75 Leubnitz-Neuostra;12 Niedersedlitz, Leubnitz, Strehlen (ohne Sternhäuser, Am Koitschgraben);StB 7 Prohlis;608;317;242
2016;76 Strehlen;76 Strehlen;11 Prohlis, Reick (mit Sternhäuser, Am Koitschgraben);StB 7 Prohlis;367;202;160
2016;76 Strehlen;76 Strehlen;12 Niedersedlitz, Leubnitz, Strehlen (ohne Sternhäuser, Am Koitschgraben);StB 7 Prohlis;810;447;353
2016;77 Reick;77 Reick;11 Prohlis, Reick (mit Sternhäuser, Am Koitschgraben);StB 7 Prohlis;524;332;305
2016;81 Südvorstadt-West;81 Südvorstadt-West;13 Südvorstadt, Zschertnitz;StB 8 Plauen;1777;1078;974
2016;82 Südvorstadt-Ost;82 Südvorstadt-Ost;13 Südvorstadt, Zschertnitz;StB 8 Plauen;770;305;289
2016;83 Räcknitz/Zschertnitz;83 Räcknitz/Zschertnitz;13 Südvorstadt, Zschertnitz;StB 8 Plauen;417;172;175
2016;84 Kleinpestitz/Mockritz;84 Kleinpestitz/Mockritz;14 Mockritz, Coschütz, Plauen;StB 8 Plauen;289;120;133
2016;85 Coschütz/Gittersee;85 Coschütz/Gittersee;14 Mockritz, Coschütz, Plauen;StB 8 Plauen;214;91;71
2016;86 Plauen;86 Plauen;14 Mockritz, Coschütz, Plauen;StB 8 Plauen;513;190;174
2016;90 Cossebaude/Mobschatz/Oberw.;90 Cossebaude/Mobschatz/Oberw.;17 Briesnitz und westliche OS;StB 9 Cotta/westliche Ortschaften;288;95;103
2016;91 Cotta;91 Cotta;15 Cotta, Löbtau, Naußlitz, Dölzschen;StB 9 Cotta/westliche Ortschaften;693;323;270
2016;92 Löbtau-Nord;92 Löbtau-Nord;15 Cotta, Löbtau, Naußlitz, Dölzschen;StB 9 Cotta/westliche Ortschaften;1007;394;347
2016;93 Löbtau-Süd;93 Löbtau-Süd;15 Cotta, Löbtau, Naußlitz, Dölzschen;StB 9 Cotta/westliche Ortschaften;1127;652;442
2016;94 Naußlitz;94 Naußlitz;15 Cotta, Löbtau, Naußlitz, Dölzschen;StB 9 Cotta/westliche Ortschaften;609;348;292
2016;95 Gorbitz-Süd;95 Gorbitz-Süd;16 Gorbitz;StB 9 Cotta/westliche Ortschaften;878;580;390
2016;96 Gorbitz-Ost;96 Gorbitz-Ost;16 Gorbitz;StB 9 Cotta/westliche Ortschaften;456;266;213
2016;97 Gorbitz-Nord/Neu-Omsewitz;97 Gorbitz-Nord/Neu-Omsewitz;16 Gorbitz;StB 9 Cotta/westliche Ortschaften;605;378;310
2016;98 Briesnitz;98 Briesnitz;17 Briesnitz und westliche OS;StB 9 Cotta/westliche Ortschaften;509;193;171
2016;99 Altfranken/Gompitz;99 Altfranken/Gompitz;17 Briesnitz und westliche OS;StB 9 Cotta/westliche Ortschaften;214;103;105
2016;Korrektur Mehrfachzählung;Korrektur Mehrfachzählung;00 unbekannt;unbekannt;0;0;-4726
2017;unbekannt/unzutreffend;unbekannt/unzutreffend;00 unbekannt;unbekannt;5503;4353;0
2017;01 Innere Altstadt;01 Innere Altstadt;01 StB Altstadt ohne Johannstadt;StB 0 Altstadt;2709;1630;1340
2017;02 Pirnaische Vorstadt;02 Pirnaische Vorstadt;01 StB Altstadt ohne Johannstadt;StB 0 Altstadt;749;385;381
2017;03 Seevorstadt-Ost;03 Seevorstadt-Ost;01 StB Altstadt ohne Johannstadt;StB 0 Altstadt;5238;3779;2904
2017;04 Wilsdruffer Vs./Seevs.-West;04 Wilsdruffer Vs./Seevs.-West;01 StB Altstadt ohne Johannstadt;StB 0 Altstadt;1352;605;531
2017;05 Friedrichstadt;05 Friedrichstadt;01 StB Altstadt ohne Johannstadt;StB 0 Altstadt;2443;1564;1413
2017;06 Johannstadt-Nord;06 Johannstadt-Nord;02 Johannstadt;StB 0 Altstadt;861;363;316
2017;07 Johannstadt-Süd;07 Johannstadt-Süd;02 Johannstadt;StB 0 Altstadt;764;332;298
2017;11 Äußere Neustadt (Antonstadt);11 Äußere Neustadt (Antonstadt);03 StB Neustadt ohne Leipziger Vorstadt;StB 1 Neustadt;4099;1929;1329
2017;12 Radeberger Vorstadt;12 Radeberger Vorstadt;03 StB Neustadt ohne Leipziger Vorstadt;StB 1 Neustadt;582;280;255
2017;13 Innere Neustadt;13 Innere Neustadt;03 StB Neustadt ohne Leipziger Vorstadt;StB 1 Neustadt;1691;1011;730
2017;14 Leipziger Vorstadt;14 Leipziger Vorstadt;04 Leipziger Vorstadt, Pieschen;StB 1 Neustadt;1678;731;659
2017;15 Albertstadt;15 Albertstadt;03 StB Neustadt ohne Leipziger Vorstadt;StB 1 Neustadt;650;417;410
2017;21 Pieschen-Süd;21 Pieschen-Süd;04 Leipziger Vorstadt, Pieschen;StB 2 Pieschen;1036;492;349
2017;22 Mickten;22 Mickten;05 Mickten, Kaditz, Trachau;StB 2 Pieschen;761;397;359
2017;23 Kaditz;23 Kaditz;05 Mickten, Kaditz, Trachau;StB 2 Pieschen;816;517;496
2017;24 Trachau;24 Trachau;05 Mickten, Kaditz, Trachau;StB 2 Pieschen;762;360;294
2017;25 Pieschen-N/Trachenberge;25 Pieschen-N/Trachenberge;04 Leipziger Vorstadt, Pieschen;StB 2 Pieschen;830;386;331
2017;31 Klotzsche;31 Klotzsche;06 StB Klotzsche und nördliche OS;StB 3 Klotzsche/nördliche Ortschaften;679;366;325
2017;32 Hellerau/Wilschdorf;32 Hellerau/Wilschdorf;06 StB Klotzsche und nördliche OS;StB 3 Klotzsche/nördliche Ortschaften;154;81;69
2017;35 Weixdorf;35 Weixdorf;06 StB Klotzsche und nördliche OS;StB 3 Klotzsche/nördliche Ortschaften;153;78;72
2017;36 Langebrück/Schönborn;36 Langebrück/Schönborn;06 StB Klotzsche und nördliche OS;StB 3 Klotzsche/nördliche Ortschaften;62;37;30
2017;41 Loschwitz/Wachwitz;41 Loschwitz/Wachwitz;07 StB Loschwitz und OS Schönfeld-Weißig;StB 4 Loschwitz/OS Schönfeld-Weißig;244;128;91
2017;42 Bühlau/Weißer Hirsch;42 Bühlau/Weißer Hirsch;07 StB Loschwitz und OS Schönfeld-Weißig;StB 4 Loschwitz/OS Schönfeld-Weißig;325;163;131
2017;43 Hosterwitz/Pillnitz;43 Hosterwitz/Pillnitz;07 StB Loschwitz und OS Schönfeld-Weißig;StB 4 Loschwitz/OS Schönfeld-Weißig;100;46;37
2017;45 Weißig;45 Weißig;07 StB Loschwitz und OS Schönfeld-Weißig;StB 4 Loschwitz/OS Schönfeld-Weißig;199;92;71
2017;46 Gönnsdorf/Pappritz;46 Gönnsdorf/Pappritz;07 StB Loschwitz und OS Schönfeld-Weißig;StB 4 Loschwitz/OS Schönfeld-Weißig;64;48;37
2017;47 Schönfeld/Schullwitz;47 Schönfeld/Schullwitz;07 StB Loschwitz und OS Schönfeld-Weißig;StB 4 Loschwitz/OS Schönfeld-Weißig;46;25;21
2017;51 Blasewitz;51 Blasewitz;08 Blasewitz, Striesen;StB 5 Blasewitz;24264;23926;255
2017;52 Striesen-Ost;52 Striesen-Ost;08 Blasewitz, Striesen;StB 5 Blasewitz;580;242;208
2017;53 Striesen-Süd;53 Striesen-Süd;08 Blasewitz, Striesen;StB 5 Blasewitz;1047;732;659
2017;54 Striesen-West;54 Striesen-West;08 Blasewitz, Striesen;StB 5 Blasewitz;633;289;268
2017;55 Tolkewitz/Seidnitz-Nord;55 Tolkewitz/Seidnitz-Nord;09 Tolkewitz, Seidnitz, Gruna;StB 5 Blasewitz;167;69;57
2017;56 Seidnitz/Dobritz;56 Seidnitz/Dobritz;09 Tolkewitz, Seidnitz, Gruna;StB 5 Blasewitz;1172;543;477
2017;57 Gruna;57 Gruna;09 Tolkewitz, Seidnitz, Gruna;StB 5 Blasewitz;602;227;196
2017;61 Leuben;61 Leuben;10 StB Leuben;StB 6 Leuben;855;486;400
2017;62 Laubegast;62 Laubegast;10 StB Leuben;StB 6 Leuben;452;260;181
2017;63 Kleinzschachwitz;63 Kleinzschachwitz;10 StB Leuben;StB 6 Leuben;185;69;64
2017;64 Großzschachwitz;64 Großzschachwitz;10 StB Leuben;StB 6 Leuben;233;98;88
2017;71 Prohlis-Nord;71 Prohlis-Nord;11 Prohlis, Reick (mit Sternhäuser, Am Koitschgraben);StB 7 Prohlis;744;464;341
2017;72 Prohlis-Süd;72 Prohlis-Süd;11 Prohlis, Reick (mit Sternhäuser, Am Koitschgraben);StB 7 Prohlis;775;484;380
2017;73 Niedersedlitz;73 Niedersedlitz;11 Prohlis, Reick (mit Sternhäuser, Am Koitschgraben);StB 7 Prohlis;0;0;0
2017;73 Niedersedlitz;73 Niedersedlitz;12 Niedersedlitz, Leubnitz, Strehlen (ohne Sternhäuser, Am Koitschgraben);StB 7 Prohlis;276;139;130
2017;74 Lockwitz;74 Lockwitz;12 Niedersedlitz, Leubnitz, Strehlen (ohne Sternhäuser, Am Koitschgraben);StB 7 Prohlis;625;423;409
2017;75 Leubnitz-Neuostra;75 Leubnitz-Neuostra;12 Niedersedlitz, Leubnitz, Strehlen (ohne Sternhäuser, Am Koitschgraben);StB 7 Prohlis;431;225;182
2017;76 Strehlen;76 Strehlen;11 Prohlis, Reick (mit Sternhäuser, Am Koitschgraben);StB 7 Prohlis;330;174;156
2017;76 Strehlen;76 Strehlen;12 Niedersedlitz, Leubnitz, Strehlen (ohne Sternhäuser, Am Koitschgraben);StB 7 Prohlis;745;393;352
2017;77 Reick;77 Reick;11 Prohlis, Reick (mit Sternhäuser, Am Koitschgraben);StB 7 Prohlis;535;291;272
2017;81 Südvorstadt-West;81 Südvorstadt-West;13 Südvorstadt, Zschertnitz;StB 8 Plauen;1700;846;776
2017;82 Südvorstadt-Ost;82 Südvorstadt-Ost;13 Südvorstadt, Zschertnitz;StB 8 Plauen;736;359;294
2017;83 Räcknitz/Zschertnitz;83 Räcknitz/Zschertnitz;13 Südvorstadt, Zschertnitz;StB 8 Plauen;448;186;162
2017;84 Kleinpestitz/Mockritz;84 Kleinpestitz/Mockritz;14 Mockritz, Coschütz, Plauen;StB 8 Plauen;325;148;115
2017;85 Coschütz/Gittersee;85 Coschütz/Gittersee;14 Mockritz, Coschütz, Plauen;StB 8 Plauen;205;84;88
2017;86 Plauen;86 Plauen;14 Mockritz, Coschütz, Plauen;StB 8 Plauen;474;179;162
2017;90 Cossebaude/Mobschatz/Oberw.;90 Cossebaude/Mobschatz/Oberw.;17 Briesnitz und westliche OS;StB 9 Cotta/westliche Ortschaften;373;218;104
2017;91 Cotta;91 Cotta;15 Cotta, Löbtau, Naußlitz, Dölzschen;StB 9 Cotta/westliche Ortschaften;678;328;286
2017;92 Löbtau-Nord;92 Löbtau-Nord;15 Cotta, Löbtau, Naußlitz, Dölzschen;StB 9 Cotta/westliche Ortschaften;769;376;334
2017;93 Löbtau-Süd;93 Löbtau-Süd;15 Cotta, Löbtau, Naußlitz, Dölzschen;StB 9 Cotta/westliche Ortschaften;978;477;395
2017;94 Naußlitz;94 Naußlitz;15 Cotta, Löbtau, Naußlitz, Dölzschen;StB 9 Cotta/westliche Ortschaften;417;233;233
2017;95 Gorbitz-Süd;95 Gorbitz-Süd;16 Gorbitz;StB 9 Cotta/westliche Ortschaften;641;368;300
2017;96 Gorbitz-Ost;96 Gorbitz-Ost;16 Gorbitz;StB 9 Cotta/westliche Ortschaften;432;209;181
2017;97 Gorbitz-Nord/Neu-Omsewitz;97 Gorbitz-Nord/Neu-Omsewitz;16 Gorbitz;StB 9 Cotta/westliche Ortschaften;473;256;220
2017;98 Briesnitz;98 Briesnitz;17 Briesnitz und westliche OS;StB 9 Cotta/westliche Ortschaften;353;180;177
2017;99 Altfranken/Gompitz;99 Altfranken/Gompitz;17 Briesnitz und westliche OS;StB 9 Cotta/westliche Ortschaften;207;138;131
2017;Korrektur Mehrfachzählung;Korrektur Mehrfachzählung;00 unbekannt;unbekannt;0;0;-4218
2018;unbekannt/unzutreffend;unbekannt/unzutreffend;00 unbekannt;unbekannt;4033;3159;0
2018;01 Innere Altstadt;01 Innere Altstadt;01 StB Altstadt ohne Johannstadt;StB 0 Altstadt;2591;1533;1230
2018;02 Pirnaische Vorstadt;02 Pirnaische Vorstadt;01 StB Altstadt ohne Johannstadt;StB 0 Altstadt;699;340;345
2018;03 Seevorstadt-Ost;03 Seevorstadt-Ost;01 StB Altstadt ohne Johannstadt;StB 0 Altstadt;4738;3411;2734
2018;04 Wilsdruffer Vs./Seevs.-West;04 Wilsdruffer Vs./Seevs.-West;01 StB Altstadt ohne Johannstadt;StB 0 Altstadt;1360;516;501
2018;05 Friedrichstadt;05 Friedrichstadt;01 StB Altstadt ohne Johannstadt;StB 0 Altstadt;3156;2127;1998
2018;06 Johannstadt-Nord;06 Johannstadt-Nord;02 Johannstadt;StB 0 Altstadt;896;340;288
2018;07 Johannstadt-Süd;07 Johannstadt-Süd;02 Johannstadt;StB 0 Altstadt;775;370;312
2018;11 Äußere Neustadt (Antonstadt);11 Äußere Neustadt (Antonstadt);03 StB Neustadt ohne Leipziger Vorstadt;StB 1 Neustadt;3843;1852;1322
2018;12 Radeberger Vorstadt;12 Radeberger Vorstadt;03 StB Neustadt ohne Leipziger Vorstadt;StB 1 Neustadt;534;258;216
2018;13 Innere Neustadt;13 Innere Neustadt;03 StB Neustadt ohne Leipziger Vorstadt;StB 1 Neustadt;1588;881;696
2018;14 Leipziger Vorstadt;14 Leipziger Vorstadt;04 Leipziger Vorstadt, Pieschen;StB 1 Neustadt;1386;596;533
2018;15 Albertstadt;15 Albertstadt;03 StB Neustadt ohne Leipziger Vorstadt;StB 1 Neustadt;584;362;344
2018;21 Pieschen-Süd;21 Pieschen-Süd;04 Leipziger Vorstadt, Pieschen;StB 2 Pieschen;813;392;312
2018;22 Mickten;22 Mickten;05 Mickten, Kaditz, Trachau;StB 2 Pieschen;722;361;320
2018;23 Kaditz;23 Kaditz;05 Mickten, Kaditz, Trachau;StB 2 Pieschen;705;419;415
2018;24 Trachau;24 Trachau;05 Mickten, Kaditz, Trachau;StB 2 Pieschen;518;252;220
2018;25 Pieschen-N/Trachenberge;25 Pieschen-N/Trachenberge;04 Leipziger Vorstadt, Pieschen;StB 2 Pieschen;719;383;329
2018;31 Klotzsche;31 Klotzsche;06 StB Klotzsche und nördliche OS;StB 3 Klotzsche/nördliche Ortschaften;659;352;273
2018;32 Hellerau/Wilschdorf;32 Hellerau/Wilschdorf;06 StB Klotzsche und nördliche OS;StB 3 Klotzsche/nördliche Ortschaften;110;57;65
2018;35 Weixdorf;35 Weixdorf;06 StB Klotzsche und nördliche OS;StB 3 Klotzsche/nördliche Ortschaften;151;88;71
2018;36 Langebrück/Schönborn;36 Langebrück/Schönborn;06 StB Klotzsche und nördliche OS;StB 3 Klotzsche/nördliche Ortschaften;56;34;26
2018;41 Loschwitz/Wachwitz;41 Loschwitz/Wachwitz;07 StB Loschwitz und OS Schönfeld-Weißig;StB 4 Loschwitz/OS Schönfeld-Weißig;220;102;84
2018;42 Bühlau/Weißer Hirsch;42 Bühlau/Weißer Hirsch;07 StB Loschwitz und OS Schönfeld-Weißig;StB 4 Loschwitz/OS Schönfeld-Weißig;250;120;92
2018;43 Hosterwitz/Pillnitz;43 Hosterwitz/Pillnitz;07 StB Loschwitz und OS Schönfeld-Weißig;StB 4 Loschwitz/OS Schönfeld-Weißig;105;58;46
2018;45 Weißig;45 Weißig;07 StB Loschwitz und OS Schönfeld-Weißig;StB 4 Loschwitz/OS Schönfeld-Weißig;135;76;64
2018;46 Gönnsdorf/Pappritz;46 Gönnsdorf/Pappritz;07 StB Loschwitz und OS Schönfeld-Weißig;StB 4 Loschwitz/OS Schönfeld-Weißig;47;31;24
2018;47 Schönfeld/Schullwitz;47 Schönfeld/Schullwitz;07 StB Loschwitz und OS Schönfeld-Weißig;StB 4 Loschwitz/OS Schönfeld-Weißig;46;23;21
2018;51 Blasewitz;51 Blasewitz;08 Blasewitz, Striesen;StB 5 Blasewitz;574;292;206
2018;52 Striesen-Ost;52 Striesen-Ost;08 Blasewitz, Striesen;StB 5 Blasewitz;421;179;155
2018;53 Striesen-Süd;53 Striesen-Süd;08 Blasewitz, Striesen;StB 5 Blasewitz;658;323;301
2018;54 Striesen-West;54 Striesen-West;08 Blasewitz, Striesen;StB 5 Blasewitz;521;235;206
2018;55 Tolkewitz/Seidnitz-Nord;55 Tolkewitz/Seidnitz-Nord;09 Tolkewitz, Seidnitz, Gruna;StB 5 Blasewitz;166;57;57
2018;56 Seidnitz/Dobritz;56 Seidnitz/Dobritz;09 Tolkewitz, Seidnitz, Gruna;StB 5 Blasewitz;888;482;418
2018;57 Gruna;57 Gruna;09 Tolkewitz, Seidnitz, Gruna;StB 5 Blasewitz;585;288;246
2018;61 Leuben;61 Leuben;10 StB Leuben;StB 6 Leuben;746;422;385
2018;62 Laubegast;62 Laubegast;10 StB Leuben;StB 6 Leuben;439;212;162
2018;63 Kleinzschachwitz;63 Kleinzschachwitz;10 StB Leuben;StB 6 Leuben;168;49;42
2018;64 Großzschachwitz;64 Großzschachwitz;10 StB Leuben;StB 6 Leuben;225;105;108
2018;71 Prohlis-Nord;71 Prohlis-Nord;11 Prohlis, Reick (mit Sternhäuser, Am Koitschgraben);StB 7 Prohlis;676;364;314
2018;72 Prohlis-Süd;72 Prohlis-Süd;11 Prohlis, Reick (mit Sternhäuser, Am Koitschgraben);StB 7 Prohlis;626;339;277
2018;73 Niedersedlitz;73 Niedersedlitz;11 Prohlis, Reick (mit Sternhäuser, Am Koitschgraben);StB 7 Prohlis;0;0;0
2018;73 Niedersedlitz;73 Niedersedlitz;12 Niedersedlitz, Leubnitz, Strehlen (ohne Sternhäuser, Am Koitschgraben);StB 7 Prohlis;346;151;119
2018;74 Lockwitz;74 Lockwitz;12 Niedersedlitz, Leubnitz, Strehlen (ohne Sternhäuser, Am Koitschgraben);StB 7 Prohlis;418;274;260
2018;75 Leubnitz-Neuostra;75 Leubnitz-Neuostra;12 Niedersedlitz, Leubnitz, Strehlen (ohne Sternhäuser, Am Koitschgraben);StB 7 Prohlis;409;211;172
2018;76 Strehlen;76 Strehlen;11 Prohlis, Reick (mit Sternhäuser, Am Koitschgraben);StB 7 Prohlis;317;183;160
2018;76 Strehlen;76 Strehlen;12 Niedersedlitz, Leubnitz, Strehlen (ohne Sternhäuser, Am Koitschgraben);StB 7 Prohlis;716;411;362
2018;77 Reick;77 Reick;11 Prohlis, Reick (mit Sternhäuser, Am Koitschgraben);StB 7 Prohlis;463;268;225
2018;81 Südvorstadt-West;81 Südvorstadt-West;13 Südvorstadt, Zschertnitz;StB 8 Plauen;1373;748;687
2018;82 Südvorstadt-Ost;82 Südvorstadt-Ost;13 Südvorstadt, Zschertnitz;StB 8 Plauen;623;292;263
2018;83 Räcknitz/Zschertnitz;83 Räcknitz/Zschertnitz;13 Südvorstadt, Zschertnitz;StB 8 Plauen;377;150;121
2018;84 Kleinpestitz/Mockritz;84 Kleinpestitz/Mockritz;14 Mockritz, Coschütz, Plauen;StB 8 Plauen;289;128;129
2018;85 Coschütz/Gittersee;85 Coschütz/Gittersee;14 Mockritz, Coschütz, Plauen;StB 8 Plauen;177;101;103
2018;86 Plauen;86 Plauen;14 Mockritz, Coschütz, Plauen;StB 8 Plauen;431;158;132
2018;90 Cossebaude/Mobschatz/Oberw.;90 Cossebaude/Mobschatz/Oberw.;17 Briesnitz und westliche OS;StB 9 Cotta/westliche Ortschaften;367;287;104
2018;91 Cotta;91 Cotta;15 Cotta, Löbtau, Naußlitz, Dölzschen;StB 9 Cotta/westliche Ortschaften;568;286;241
2018;92 Löbtau-Nord;92 Löbtau-Nord;15 Cotta, Löbtau, Naußlitz, Dölzschen;StB 9 Cotta/westliche Ortschaften;712;324;275
2018;93 Löbtau-Süd;93 Löbtau-Süd;15 Cotta, Löbtau, Naußlitz, Dölzschen;StB 9 Cotta/westliche Ortschaften;796;401;361
2018;94 Naußlitz;94 Naußlitz;15 Cotta, Löbtau, Naußlitz, Dölzschen;StB 9 Cotta/westliche Ortschaften;466;256;238
2018;95 Gorbitz-Süd;95 Gorbitz-Süd;16 Gorbitz;StB 9 Cotta/westliche Ortschaften;651;412;359
2018;96 Gorbitz-Ost;96 Gorbitz-Ost;16 Gorbitz;StB 9 Cotta/westliche Ortschaften;403;254;207
2018;97 Gorbitz-Nord/Neu-Omsewitz;97 Gorbitz-Nord/Neu-Omsewitz;16 Gorbitz;StB 9 Cotta/westliche Ortschaften;591;370;316
2018;98 Briesnitz;98 Briesnitz;17 Briesnitz und westliche OS;StB 9 Cotta/westliche Ortschaften;333;160;145
2018;99 Altfranken/Gompitz;99 Altfranken/Gompitz;17 Briesnitz und westliche OS;StB 9 Cotta/westliche Ortschaften;194;127;114
2018;Korrektur Mehrfachzählung;Korrektur Mehrfachzählung;00 unbekannt;unbekannt;0;0;-4314
2019;unbekannt/unzutreffend;unbekannt/unzutreffend;00 unbekannt;unbekannt;3388;2624;0
2019;01 Innere Altstadt;01 Innere Altstadt;01 StB Altstadt ohne Johannstadt;StB 0 Altstadt;2016;1200;1038
2019;02 Pirnaische Vorstadt;02 Pirnaische Vorstadt;01 StB Altstadt ohne Johannstadt;StB 0 Altstadt;635;314;306
2019;03 Seevorstadt-Ost;03 Seevorstadt-Ost;01 StB Altstadt ohne Johannstadt;StB 0 Altstadt;4056;2914;2278
2019;04 Wilsdruffer Vs./Seevs.-West;04 Wilsdruffer Vs./Seevs.-West;01 StB Altstadt ohne Johannstadt;StB 0 Altstadt;1334;621;576
2019;05 Friedrichstadt;05 Friedrichstadt;01 StB Altstadt ohne Johannstadt;StB 0 Altstadt;2691;1655;1395
2019;06 Johannstadt-Nord;06 Johannstadt-Nord;02 Johannstadt;StB 0 Altstadt;932;363;322
2019;07 Johannstadt-Süd;07 Johannstadt-Süd;02 Johannstadt;StB 0 Altstadt;726;335;304
2019;11 Äußere Neustadt (Antonstadt);11 Äußere Neustadt (Antonstadt);03 StB Neustadt ohne Leipziger Vorstadt;StB 1 Neustadt;3308;1622;1179
2019;12 Radeberger Vorstadt;12 Radeberger Vorstadt;03 StB Neustadt ohne Leipziger Vorstadt;StB 1 Neustadt;509;213;176
2019;13 Innere Neustadt;13 Innere Neustadt;03 StB Neustadt ohne Leipziger Vorstadt;StB 1 Neustadt;1264;678;580
2019;14 Leipziger Vorstadt;14 Leipziger Vorstadt;04 Leipziger Vorstadt, Pieschen;StB 1 Neustadt;1244;507;434
2019;15 Albertstadt;15 Albertstadt;03 StB Neustadt ohne Leipziger Vorstadt;StB 1 Neustadt;613;380;345
2019;21 Pieschen-Süd;21 Pieschen-Süd;04 Leipziger Vorstadt, Pieschen;StB 2 Pieschen;815;358;338
2019;22 Mickten;22 Mickten;05 Mickten, Kaditz, Trachau;StB 2 Pieschen;688;355;338
2019;23 Kaditz;23 Kaditz;05 Mickten, Kaditz, Trachau;StB 2 Pieschen;735;424;391
2019;24 Trachau;24 Trachau;05 Mickten, Kaditz, Trachau;StB 2 Pieschen;521;262;224
2019;25 Pieschen-N/Trachenberge;25 Pieschen-N/Trachenberge;04 Leipziger Vorstadt, Pieschen;StB 2 Pieschen;691;357;305
2019;31 Klotzsche;31 Klotzsche;06 StB Klotzsche und nördliche OS;StB 3 Klotzsche/nördliche Ortschaften;778;425;347
2019;32 Hellerau/Wilschdorf;32 Hellerau/Wilschdorf;06 StB Klotzsche und nördliche OS;StB 3 Klotzsche/nördliche Ortschaften;140;61;59
2019;35 Weixdorf;35 Weixdorf;06 StB Klotzsche und nördliche OS;StB 3 Klotzsche/nördliche Ortschaften;181;93;73
2019;36 Langebrück/Schönborn;36 Langebrück/Schönborn;06 StB Klotzsche und nördliche OS;StB 3 Klotzsche/nördliche Ortschaften;39;21;24
2019;41 Loschwitz/Wachwitz;41 Loschwitz/Wachwitz;07 StB Loschwitz und OS Schönfeld-Weißig;StB 4 Loschwitz/OS Schönfeld-Weißig;179;81;89
2019;42 Bühlau/Weißer Hirsch;42 Bühlau/Weißer Hirsch;07 StB Loschwitz und OS Schönfeld-Weißig;StB 4 Loschwitz/OS Schönfeld-Weißig;239;104;95
2019;43 Hosterwitz/Pillnitz;43 Hosterwitz/Pillnitz;07 StB Loschwitz und OS Schönfeld-Weißig;StB 4 Loschwitz/OS Schönfeld-Weißig;85;37;33
2019;45 Weißig;45 Weißig;07 StB Loschwitz und OS Schönfeld-Weißig;StB 4 Loschwitz/OS Schönfeld-Weißig;160;75;73
2019;46 Gönnsdorf/Pappritz;46 Gönnsdorf/Pappritz;07 StB Loschwitz und OS Schönfeld-Weißig;StB 4 Loschwitz/OS Schönfeld-Weißig;47;31;27
2019;47 Schönfeld/Schullwitz;47 Schönfeld/Schullwitz;07 StB Loschwitz und OS Schönfeld-Weißig;StB 4 Loschwitz/OS Schönfeld-Weißig;36;17;17
2019;51 Blasewitz;51 Blasewitz;08 Blasewitz, Striesen;StB 5 Blasewitz;680;266;251
2019;52 Striesen-Ost;52 Striesen-Ost;08 Blasewitz, Striesen;StB 5 Blasewitz;514;193;167
2019;53 Striesen-Süd;53 Striesen-Süd;08 Blasewitz, Striesen;StB 5 Blasewitz;683;325;291
2019;54 Striesen-West;54 Striesen-West;08 Blasewitz, Striesen;StB 5 Blasewitz;553;265;225
2019;55 Tolkewitz/Seidnitz-Nord;55 Tolkewitz/Seidnitz-Nord;09 Tolkewitz, Seidnitz, Gruna;StB 5 Blasewitz;161;69;71
2019;56 Seidnitz/Dobritz;56 Seidnitz/Dobritz;09 Tolkewitz, Seidnitz, Gruna;StB 5 Blasewitz;1033;542;454
2019;57 Gruna;57 Gruna;09 Tolkewitz, Seidnitz, Gruna;StB 5 Blasewitz;459;213;189
2019;61 Leuben;61 Leuben;10 StB Leuben;StB 6 Leuben;812;444;389
2019;62 Laubegast;62 Laubegast;10 StB Leuben;StB 6 Leuben;394;208;170
2019;63 Kleinzschachwitz;63 Kleinzschachwitz;10 StB Leuben;StB 6 Leuben;203;104;79
2019;64 Großzschachwitz;64 Großzschachwitz;10 StB Leuben;StB 6 Leuben;289;134;125
2019;71 Prohlis-Nord;71 Prohlis-Nord;11 Prohlis, Reick (mit Sternhäuser, Am Koitschgraben);StB 7 Prohlis;838;494;377
2019;72 Prohlis-Süd;72 Prohlis-Süd;11 Prohlis, Reick (mit Sternhäuser, Am Koitschgraben);StB 7 Prohlis;688;412;277
2019;73 Niedersedlitz;73 Niedersedlitz;11 Prohlis, Reick (mit Sternhäuser, Am Koitschgraben);StB 7 Prohlis;0;0;0
2019;73 Niedersedlitz;73 Niedersedlitz;12 Niedersedlitz, Leubnitz, Strehlen (ohne Sternhäuser, Am Koitschgraben);StB 7 Prohlis;285;112;105
2019;74 Lockwitz;74 Lockwitz;12 Niedersedlitz, Leubnitz, Strehlen (ohne Sternhäuser, Am Koitschgraben);StB 7 Prohlis;415;264;275
2019;75 Leubnitz-Neuostra;75 Leubnitz-Neuostra;12 Niedersedlitz, Leubnitz, Strehlen (ohne Sternhäuser, Am Koitschgraben);StB 7 Prohlis;360;176;158
2019;76 Strehlen;76 Strehlen;11 Prohlis, Reick (mit Sternhäuser, Am Koitschgraben);StB 7 Prohlis;268;141;125
2019;76 Strehlen;76 Strehlen;12 Niedersedlitz, Leubnitz, Strehlen (ohne Sternhäuser, Am Koitschgraben);StB 7 Prohlis;610;322;284
2019;77 Reick;77 Reick;11 Prohlis, Reick (mit Sternhäuser, Am Koitschgraben);StB 7 Prohlis;450;216;199
2019;81 Südvorstadt-West;81 Südvorstadt-West;13 Südvorstadt, Zschertnitz;StB 8 Plauen;1273;733;687
2019;82 Südvorstadt-Ost;82 Südvorstadt-Ost;13 Südvorstadt, Zschertnitz;StB 8 Plauen;477;230;213
2019;83 Räcknitz/Zschertnitz;83 Räcknitz/Zschertnitz;13 Südvorstadt, Zschertnitz;StB 8 Plauen;413;178;154
2019;84 Kleinpestitz/Mockritz;84 Kleinpestitz/Mockritz;14 Mockritz, Coschütz, Plauen;StB 8 Plauen;252;110;97
2019;85 Coschütz/Gittersee;85 Coschütz/Gittersee;14 Mockritz, Coschütz, Plauen;StB 8 Plauen;169;86;79
2019;86 Plauen;86 Plauen;14 Mockritz, Coschütz, Plauen;StB 8 Plauen;378;143;137
2019;90 Cossebaude/Mobschatz/Oberw.;90 Cossebaude/Mobschatz/Oberw.;17 Briesnitz und westliche OS;StB 9 Cotta/westliche Ortschaften;235;123;97
2019;91 Cotta;91 Cotta;15 Cotta, Löbtau, Naußlitz, Dölzschen;StB 9 Cotta/westliche Ortschaften;621;283;249
2019;92 Löbtau-Nord;92 Löbtau-Nord;15 Cotta, Löbtau, Naußlitz, Dölzschen;StB 9 Cotta/westliche Ortschaften;818;320;290
2019;93 Löbtau-Süd;93 Löbtau-Süd;15 Cotta, Löbtau, Naußlitz, Dölzschen;StB 9 Cotta/westliche Ortschaften;917;404;326
2019;94 Naußlitz;94 Naußlitz;15 Cotta, Löbtau, Naußlitz, Dölzschen;StB 9 Cotta/westliche Ortschaften;413;203;178
2019;95 Gorbitz-Süd;95 Gorbitz-Süd;16 Gorbitz;StB 9 Cotta/westliche Ortschaften;836;496;391
2019;96 Gorbitz-Ost;96 Gorbitz-Ost;16 Gorbitz;StB 9 Cotta/westliche Ortschaften;507;280;227
2019;97 Gorbitz-Nord/Neu-Omsewitz;97 Gorbitz-Nord/Neu-Omsewitz;16 Gorbitz;StB 9 Cotta/westliche Ortschaften;794;473;368
2019;98 Briesnitz;98 Briesnitz;17 Briesnitz und westliche OS;StB 9 Cotta/westliche Ortschaften;373;169;142
2019;99 Altfranken/Gompitz;99 Altfranken/Gompitz;17 Briesnitz und westliche OS;StB 9 Cotta/westliche Ortschaften;155;71;65
2019;Korrektur Mehrfachzählung;Korrektur Mehrfachzählung;00 unbekannt;unbekannt;0;0;-3828
2020;unbekannt/unzutreffend;unbekannt/unzutreffend;00 unbekannt;unbekannt;4684;3991;0
2020;01 Innere Altstadt;01 Innere Altstadt;01 StB Altstadt ohne Johannstadt;StB 0 Altstadt;1858;1180;988
2020;02 Pirnaische Vorstadt;02 Pirnaische Vorstadt;01 StB Altstadt ohne Johannstadt;StB 0 Altstadt;672;359;378
2020;03 Seevorstadt-Ost;03 Seevorstadt-Ost;01 StB Altstadt ohne Johannstadt;StB 0 Altstadt;3607;2632;2073
2020;04 Wilsdruffer Vs./Seevs.-West;04 Wilsdruffer Vs./Seevs.-West;01 StB Altstadt ohne Johannstadt;StB 0 Altstadt;1425;742;631
2020;05 Friedrichstadt;05 Friedrichstadt;01 StB Altstadt ohne Johannstadt;StB 0 Altstadt;2541;1569;1391
2020;06 Johannstadt-Nord;06 Johannstadt-Nord;02 Johannstadt;StB 0 Altstadt;994;375;332
2020;07 Johannstadt-Süd;07 Johannstadt-Süd;02 Johannstadt;StB 0 Altstadt;883;413;365
2020;11 Äußere Neustadt (Antonstadt);11 Äußere Neustadt (Antonstadt);03 StB Neustadt ohne Leipziger Vorstadt;StB 1 Neustadt;3065;1546;1166
2020;12 Radeberger Vorstadt;12 Radeberger Vorstadt;03 StB Neustadt ohne Leipziger Vorstadt;StB 1 Neustadt;568;253;214
2020;13 Innere Neustadt;13 Innere Neustadt;03 StB Neustadt ohne Leipziger Vorstadt;StB 1 Neustadt;1475;798;651
2020;14 Leipziger Vorstadt;14 Leipziger Vorstadt;04 Leipziger Vorstadt, Pieschen;StB 1 Neustadt;1367;605;549
2020;15 Albertstadt;15 Albertstadt;03 StB Neustadt ohne Leipziger Vorstadt;StB 1 Neustadt;528;344;328
2020;21 Pieschen-Süd;21 Pieschen-Süd;04 Leipziger Vorstadt, Pieschen;StB 2 Pieschen;960;483;410
2020;22 Mickten;22 Mickten;05 Mickten, Kaditz, Trachau;StB 2 Pieschen;862;536;459
2020;23 Kaditz;23 Kaditz;05 Mickten, Kaditz, Trachau;StB 2 Pieschen;623;364;364
2020;24 Trachau;24 Trachau;05 Mickten, Kaditz, Trachau;StB 2 Pieschen;591;274;241
2020;25 Pieschen-N/Trachenberge;25 Pieschen-N/Trachenberge;04 Leipziger Vorstadt, Pieschen;StB 2 Pieschen;773;422;378
2020;31 Klotzsche;31 Klotzsche;06 StB Klotzsche und nördliche OS;StB 3 Klotzsche/nördliche Ortschaften;689;418;370
2020;32 Hellerau/Wilschdorf;32 Hellerau/Wilschdorf;06 StB Klotzsche und nördliche OS;StB 3 Klotzsche/nördliche Ortschaften;160;72;81
2020;35 Weixdorf;35 Weixdorf;06 StB Klotzsche und nördliche OS;StB 3 Klotzsche/nördliche Ortschaften;157;72;68
2020;36 Langebrück/Schönborn;36 Langebrück/Schönborn;06 StB Klotzsche und nördliche OS;StB 3 Klotzsche/nördliche Ortschaften;62;39;38
2020;41 Loschwitz/Wachwitz;41 Loschwitz/Wachwitz;07 StB Loschwitz und OS Schönfeld-Weißig;StB 4 Loschwitz/OS Schönfeld-Weißig;280;107;95
2020;42 Bühlau/Weißer Hirsch;42 Bühlau/Weißer Hirsch;07 StB Loschwitz und OS Schönfeld-Weißig;StB 4 Loschwitz/OS Schönfeld-Weißig;324;146;143
2020;43 Hosterwitz/Pillnitz;43 Hosterwitz/Pillnitz;07 StB Loschwitz und OS Schönfeld-Weißig;StB 4 Loschwitz/OS Schönfeld-Weißig;76;34;37
2020;45 Weißig;45 Weißig;07 StB Loschwitz und OS Schönfeld-Weißig;StB 4 Loschwitz/OS Schönfeld-Weißig;193;103;95
2020;46 Gönnsdorf/Pappritz;46 Gönnsdorf/Pappritz;07 StB Loschwitz und OS Schönfeld-Weißig;StB 4 Loschwitz/OS Schönfeld-Weißig;56;30;24
2020;47 Schönfeld/Schullwitz;47 Schönfeld/Schullwitz;07 StB Loschwitz und OS Schönfeld-Weißig;StB 4 Loschwitz/OS Schönfeld-Weißig;44;27;22
2020;51 Blasewitz;51 Blasewitz;08 Blasewitz, Striesen;StB 5 Blasewitz;584;273;225
2020;52 Striesen-Ost;52 Striesen-Ost;08 Blasewitz, Striesen;StB 5 Blasewitz;504;263;211
2020;53 Striesen-Süd;53 Striesen-Süd;08 Blasewitz, Striesen;StB 5 Blasewitz;628;278;249
2020;54 Striesen-West;54 Striesen-West;08 Blasewitz, Striesen;StB 5 Blasewitz;560;237;200
2020;55 Tolkewitz/Seidnitz-Nord;55 Tolkewitz/Seidnitz-Nord;09 Tolkewitz, Seidnitz, Gruna;StB 5 Blasewitz;197;47;38
2020;56 Seidnitz/Dobritz;56 Seidnitz/Dobritz;09 Tolkewitz, Seidnitz, Gruna;StB 5 Blasewitz;1053;584;514
2020;57 Gruna;57 Gruna;09 Tolkewitz, Seidnitz, Gruna;StB 5 Blasewitz;479;230;202
2020;61 Leuben;61 Leuben;10 StB Leuben;StB 6 Leuben;880;498;466
2020;62 Laubegast;62 Laubegast;10 StB Leuben;StB 6 Leuben;432;193;183
2020;63 Kleinzschachwitz;63 Kleinzschachwitz;10 StB Leuben;StB 6 Leuben;190;66;68
2020;64 Großzschachwitz;64 Großzschachwitz;10 StB Leuben;StB 6 Leuben;323;151;136
2020;71 Prohlis-Nord;71 Prohlis-Nord;11 Prohlis, Reick (mit Sternhäuser, Am Koitschgraben);StB 7 Prohlis;686;429;333
2020;72 Prohlis-Süd;72 Prohlis-Süd;11 Prohlis, Reick (mit Sternhäuser, Am Koitschgraben);StB 7 Prohlis;640;410;300
2020;73 Niedersedlitz;73 Niedersedlitz;11 Prohlis, Reick (mit Sternhäuser, Am Koitschgraben);StB 7 Prohlis;0;0;0
2020;73 Niedersedlitz;73 Niedersedlitz;12 Niedersedlitz, Leubnitz, Strehlen (ohne Sternhäuser, Am Koitschgraben);StB 7 Prohlis;282;127;118
2020;74 Lockwitz;74 Lockwitz;12 Niedersedlitz, Leubnitz, Strehlen (ohne Sternhäuser, Am Koitschgraben);StB 7 Prohlis;512;305;265
2020;75 Leubnitz-Neuostra;75 Leubnitz-Neuostra;12 Niedersedlitz, Leubnitz, Strehlen (ohne Sternhäuser, Am Koitschgraben);StB 7 Prohlis;417;222;190
2020;76 Strehlen;76 Strehlen;11 Prohlis, Reick (mit Sternhäuser, Am Koitschgraben);StB 7 Prohlis;286;151;130
2020;76 Strehlen;76 Strehlen;12 Niedersedlitz, Leubnitz, Strehlen (ohne Sternhäuser, Am Koitschgraben);StB 7 Prohlis;673;356;307
2020;77 Reick;77 Reick;11 Prohlis, Reick (mit Sternhäuser, Am Koitschgraben);StB 7 Prohlis;470;293;262
2020;81 Südvorstadt-West;81 Südvorstadt-West;13 Südvorstadt, Zschertnitz;StB 8 Plauen;1510;795;724
2020;82 Südvorstadt-Ost;82 Südvorstadt-Ost;13 Südvorstadt, Zschertnitz;StB 8 Plauen;504;206;190
2020;83 Räcknitz/Zschertnitz;83 Räcknitz/Zschertnitz;13 Südvorstadt, Zschertnitz;StB 8 Plauen;421;189;171
2020;84 Kleinpestitz/Mockritz;84 Kleinpestitz/Mockritz;14 Mockritz, Coschütz, Plauen;StB 8 Plauen;251;137;118
2020;85 Coschütz/Gittersee;85 Coschütz/Gittersee;14 Mockritz, Coschütz, Plauen;StB 8 Plauen;196;96;82
2020;86 Plauen;86 Plauen;14 Mockritz, Coschütz, Plauen;StB 8 Plauen;440;154;140
2020;90 Cossebaude/Mobschatz/Oberw.;90 Cossebaude/Mobschatz/Oberw.;17 Briesnitz und westliche OS;StB 9 Cotta/westliche Ortschaften;274;173;169
2020;91 Cotta;91 Cotta;15 Cotta, Löbtau, Naußlitz, Dölzschen;StB 9 Cotta/westliche Ortschaften;725;411;362
2020;92 Löbtau-Nord;92 Löbtau-Nord;15 Cotta, Löbtau, Naußlitz, Dölzschen;StB 9 Cotta/westliche Ortschaften;877;496;407
2020;93 Löbtau-Süd;93 Löbtau-Süd;15 Cotta, Löbtau, Naußlitz, Dölzschen;StB 9 Cotta/westliche Ortschaften;1017;556;486
2020;94 Naußlitz;94 Naußlitz;15 Cotta, Löbtau, Naußlitz, Dölzschen;StB 9 Cotta/westliche Ortschaften;484;273;214
2020;95 Gorbitz-Süd;95 Gorbitz-Süd;16 Gorbitz;StB 9 Cotta/westliche Ortschaften;920;649;481
2020;96 Gorbitz-Ost;96 Gorbitz-Ost;16 Gorbitz;StB 9 Cotta/westliche Ortschaften;539;371;279
2020;97 Gorbitz-Nord/Neu-Omsewitz;97 Gorbitz-Nord/Neu-Omsewitz;16 Gorbitz;StB 9 Cotta/westliche Ortschaften;784;482;410
2020;98 Briesnitz;98 Briesnitz;17 Briesnitz und westliche OS;StB 9 Cotta/westliche Ortschaften;493;250;212
2020;99 Altfranken/Gompitz;99 Altfranken/Gompitz;17 Briesnitz und westliche OS;StB 9 Cotta/westliche Ortschaften;181;85;81
2020;Korrektur Mehrfachzählung;Korrektur Mehrfachzählung;00 unbekannt;unbekannt;0;0;-4486
2021;unbekannt/unzutreffend;unbekannt/unzutreffend;00 unbekannt;unbekannt;3914;3247;0
2021;01 Innere Altstadt;01 Innere Altstadt;01 StB Altstadt ohne Johannstadt;StB 0 Altstadt;1330;867;793
2021;02 Pirnaische Vorstadt;02 Pirnaische Vorstadt;01 StB Altstadt ohne Johannstadt;StB 0 Altstadt;638;294;281
2021;03 Seevorstadt-Ost;03 Seevorstadt-Ost;01 StB Altstadt ohne Johannstadt;StB 0 Altstadt;2924;2166;1637
2021;04 Wilsdruffer Vs./Seevs.-West;04 Wilsdruffer Vs./Seevs.-West;01 StB Altstadt ohne Johannstadt;StB 0 Altstadt;1278;631;512
2021;05 Friedrichstadt;05 Friedrichstadt;01 StB Altstadt ohne Johannstadt;StB 0 Altstadt;1881;1105;945
2021;06 Johannstadt-Nord;06 Johannstadt-Nord;02 Johannstadt;StB 0 Altstadt;913;363;314
2021;07 Johannstadt-Süd;07 Johannstadt-Süd;02 Johannstadt;StB 0 Altstadt;626;298;268
2021;11 Äußere Neustadt (Antonstadt);11 Äußere Neustadt (Antonstadt);03 StB Neustadt ohne Leipziger Vorstadt;StB 1 Neustadt;2566;1407;1106
2021;12 Radeberger Vorstadt;12 Radeberger Vorstadt;03 StB Neustadt ohne Leipziger Vorstadt;StB 1 Neustadt;543;278;248
2021;13 Innere Neustadt;13 Innere Neustadt;03 StB Neustadt ohne Leipziger Vorstadt;StB 1 Neustadt;1052;660;508
2021;14 Leipziger Vorstadt;14 Leipziger Vorstadt;04 Leipziger Vorstadt, Pieschen;StB 1 Neustadt;1066;499;440
2021;15 Albertstadt;15 Albertstadt;03 StB Neustadt ohne Leipziger Vorstadt;StB 1 Neustadt;667;471;438
2021;21 Pieschen-Süd;21 Pieschen-Süd;04 Leipziger Vorstadt, Pieschen;StB 2 Pieschen;933;488;396
2021;22 Mickten;22 Mickten;05 Mickten, Kaditz, Trachau;StB 2 Pieschen;777;461;372
2021;23 Kaditz;23 Kaditz;05 Mickten, Kaditz, Trachau;StB 2 Pieschen;505;352;324
2021;24 Trachau;24 Trachau;05 Mickten, Kaditz, Trachau;StB 2 Pieschen;489;268;227
2021;25 Pieschen-N/Trachenberge;25 Pieschen-N/Trachenberge;04 Leipziger Vorstadt, Pieschen;StB 2 Pieschen;765;447;369
2021;31 Klotzsche;31 Klotzsche;06 StB Klotzsche und nördliche OS;StB 3 Klotzsche/nördliche Ortschaften;481;244;252
2021;32 Hellerau/Wilschdorf;32 Hellerau/Wilschdorf;06 StB Klotzsche und nördliche OS;StB 3 Klotzsche/nördliche Ortschaften;126;60;50
2021;35 Weixdorf;35 Weixdorf;06 StB Klotzsche und nördliche OS;StB 3 Klotzsche/nördliche Ortschaften;114;62;51
2021;36 Langebrück/Schönborn;36 Langebrück/Schönborn;06 StB Klotzsche und nördliche OS;StB 3 Klotzsche/nördliche Ortschaften;60;39;41
2021;41 Loschwitz/Wachwitz;41 Loschwitz/Wachwitz;07 StB Loschwitz und OS Schönfeld-Weißig;StB 4 Loschwitz/OS Schönfeld-Weißig;266;96;83
2021;42 Bühlau/Weißer Hirsch;42 Bühlau/Weißer Hirsch;07 StB Loschwitz und OS Schönfeld-Weißig;StB 4 Loschwitz/OS Schönfeld-Weißig;256;147;131
2021;43 Hosterwitz/Pillnitz;43 Hosterwitz/Pillnitz;07 StB Loschwitz und OS Schönfeld-Weißig;StB 4 Loschwitz/OS Schönfeld-Weißig;76;50;52
2021;45 Weißig;45 Weißig;07 StB Loschwitz und OS Schönfeld-Weißig;StB 4 Loschwitz/OS Schönfeld-Weißig;160;83;69
2021;46 Gönnsdorf/Pappritz;46 Gönnsdorf/Pappritz;07 StB Loschwitz und OS Schönfeld-Weißig;StB 4 Loschwitz/OS Schönfeld-Weißig;49;33;30
2021;47 Schönfeld/Schullwitz;47 Schönfeld/Schullwitz;07 StB Loschwitz und OS Schönfeld-Weißig;StB 4 Loschwitz/OS Schönfeld-Weißig;40;22;24
2021;51 Blasewitz;51 Blasewitz;08 Blasewitz, Striesen;StB 5 Blasewitz;416;207;176
2021;52 Striesen-Ost;52 Striesen-Ost;08 Blasewitz, Striesen;StB 5 Blasewitz;453;240;204
2021;53 Striesen-Süd;53 Striesen-Süd;08 Blasewitz, Striesen;StB 5 Blasewitz;505;202;186
2021;54 Striesen-West;54 Striesen-West;08 Blasewitz, Striesen;StB 5 Blasewitz;501;207;185
2021;55 Tolkewitz/Seidnitz-Nord;55 Tolkewitz/Seidnitz-Nord;09 Tolkewitz, Seidnitz, Gruna;StB 5 Blasewitz;154;80;60
2021;56 Seidnitz/Dobritz;56 Seidnitz/Dobritz;09 Tolkewitz, Seidnitz, Gruna;StB 5 Blasewitz;895;535;472
2021;57 Gruna;57 Gruna;09 Tolkewitz, Seidnitz, Gruna;StB 5 Blasewitz;345;204;160
2021;61 Leuben;61 Leuben;10 StB Leuben;StB 6 Leuben;787;474;461
2021;62 Laubegast;62 Laubegast;10 StB Leuben;StB 6 Leuben;308;175;162
2021;63 Kleinzschachwitz;63 Kleinzschachwitz;10 StB Leuben;StB 6 Leuben;133;62;78
2021;64 Großzschachwitz;64 Großzschachwitz;10 StB Leuben;StB 6 Leuben;305;144;134
2021;71 Prohlis-Nord;71 Prohlis-Nord;11 Prohlis, Reick (mit Sternhäuser, Am Koitschgraben);StB 7 Prohlis;514;344;274
2021;72 Prohlis-Süd;72 Prohlis-Süd;11 Prohlis, Reick (mit Sternhäuser, Am Koitschgraben);StB 7 Prohlis;531;330;276
2021;73 Niedersedlitz;73 Niedersedlitz;11 Prohlis, Reick (mit Sternhäuser, Am Koitschgraben);StB 7 Prohlis;0;0;0
2021;73 Niedersedlitz;73 Niedersedlitz;12 Niedersedlitz, Leubnitz, Strehlen (ohne Sternhäuser, Am Koitschgraben);StB 7 Prohlis;221;116;95
2021;74 Lockwitz;74 Lockwitz;12 Niedersedlitz, Leubnitz, Strehlen (ohne Sternhäuser, Am Koitschgraben);StB 7 Prohlis;388;269;250
2021;75 Leubnitz-Neuostra;75 Leubnitz-Neuostra;12 Niedersedlitz, Leubnitz, Strehlen (ohne Sternhäuser, Am Koitschgraben);StB 7 Prohlis;496;219;173
2021;76 Strehlen;76 Strehlen;11 Prohlis, Reick (mit Sternhäuser, Am Koitschgraben);StB 7 Prohlis;296;157;113
2021;76 Strehlen;76 Strehlen;12 Niedersedlitz, Leubnitz, Strehlen (ohne Sternhäuser, Am Koitschgraben);StB 7 Prohlis;706;375;268
2021;77 Reick;77 Reick;11 Prohlis, Reick (mit Sternhäuser, Am Koitschgraben);StB 7 Prohlis;457;284;254
2021;81 Südvorstadt-West;81 Südvorstadt-West;13 Südvorstadt, Zschertnitz;StB 8 Plauen;1147;618;552
2021;82 Südvorstadt-Ost;82 Südvorstadt-Ost;13 Südvorstadt, Zschertnitz;StB 8 Plauen;464;236;202
2021;83 Räcknitz/Zschertnitz;83 Räcknitz/Zschertnitz;13 Südvorstadt, Zschertnitz;StB 8 Plauen;359;188;143
2021;84 Kleinpestitz/Mockritz;84 Kleinpestitz/Mockritz;14 Mockritz, Coschütz, Plauen;StB 8 Plauen;254;120;118
2021;85 Coschütz/Gittersee;85 Coschütz/Gittersee;14 Mockritz, Coschütz, Plauen;StB 8 Plauen;172;87;85
2021;86 Plauen;86 Plauen;14 Mockritz, Coschütz, Plauen;StB 8 Plauen;362;146;148
2021;90 Cossebaude/Mobschatz/Oberw.;90 Cossebaude/Mobschatz/Oberw.;17 Briesnitz und westliche OS;StB 9 Cotta/westliche Ortschaften;219;120;113
2021;91 Cotta;91 Cotta;15 Cotta, Löbtau, Naußlitz, Dölzschen;StB 9 Cotta/westliche Ortschaften;567;317;263
2021;92 Löbtau-Nord;92 Löbtau-Nord;15 Cotta, Löbtau, Naußlitz, Dölzschen;StB 9 Cotta/westliche Ortschaften;640;330;295
2021;93 Löbtau-Süd;93 Löbtau-Süd;15 Cotta, Löbtau, Naußlitz, Dölzschen;StB 9 Cotta/westliche Ortschaften;864;505;410
2021;94 Naußlitz;94 Naußlitz;15 Cotta, Löbtau, Naußlitz, Dölzschen;StB 9 Cotta/westliche Ortschaften;408;225;196
2021;95 Gorbitz-Süd;95 Gorbitz-Süd;16 Gorbitz;StB 9 Cotta/westliche Ortschaften;931;563;414
2021;96 Gorbitz-Ost;96 Gorbitz-Ost;16 Gorbitz;StB 9 Cotta/westliche Ortschaften;455;304;249
2021;97 Gorbitz-Nord/Neu-Omsewitz;97 Gorbitz-Nord/Neu-Omsewitz;16 Gorbitz;StB 9 Cotta/westliche Ortschaften;721;523;402
2021;98 Briesnitz;98 Briesnitz;17 Briesnitz und westliche OS;StB 9 Cotta/westliche Ortschaften;379;189;167
2021;99 Altfranken/Gompitz;99 Altfranken/Gompitz;17 Briesnitz und westliche OS;StB 9 Cotta/westliche Ortschaften;140;71;73
2021;Korrektur Mehrfachzählung;Korrektur Mehrfachzählung;00 unbekannt;unbekannt;0;0;-3222
2022;unbekannt/unzutreffend;unbekannt/unzutreffend;00 unbekannt;unbekannt;4578;3657;0
2022;01 Innere Altstadt;01 Innere Altstadt;01 StB Altstadt ohne Johannstadt;StB 0 Altstadt;1863;1114;989
2022;02 Pirnaische Vorstadt;02 Pirnaische Vorstadt;01 StB Altstadt ohne Johannstadt;StB 0 Altstadt;683;345;359
2022;03 Seevorstadt-Ost;03 Seevorstadt-Ost;01 StB Altstadt ohne Johannstadt;StB 0 Altstadt;4411;3221;2521
2022;04 Wilsdruffer Vs./Seevs.-West;04 Wilsdruffer Vs./Seevs.-West;01 StB Altstadt ohne Johannstadt;StB 0 Altstadt;1310;647;579
2022;05 Friedrichstadt;05 Friedrichstadt;01 StB Altstadt ohne Johannstadt;StB 0 Altstadt;1901;1044;930
2022;06 Johannstadt-Nord;06 Johannstadt-Nord;02 Johannstadt;StB 0 Altstadt;1227;451;388
2022;07 Johannstadt-Süd;07 Johannstadt-Süd;02 Johannstadt;StB 0 Altstadt;786;327;300
2022;11 Äußere Neustadt (Antonstadt);11 Äußere Neustadt (Antonstadt);03 StB Neustadt ohne Leipziger Vorstadt;StB 1 Neustadt;2873;1434;1138
2022;12 Radeberger Vorstadt;12 Radeberger Vorstadt;03 StB Neustadt ohne Leipziger Vorstadt;StB 1 Neustadt;622;269;226
2022;13 Innere Neustadt;13 Innere Neustadt;03 StB Neustadt ohne Leipziger Vorstadt;StB 1 Neustadt;1482;740;609
2022;14 Leipziger Vorstadt;14 Leipziger Vorstadt;04 Leipziger Vorstadt, Pieschen;StB 1 Neustadt;1012;398;389
2022;15 Albertstadt;15 Albertstadt;03 StB Neustadt ohne Leipziger Vorstadt;StB 1 Neustadt;1249;1009;985
2022;21 Pieschen-Süd;21 Pieschen-Süd;04 Leipziger Vorstadt, Pieschen;StB 2 Pieschen;914;442;377
2022;22 Mickten;22 Mickten;05 Mickten, Kaditz, Trachau;StB 2 Pieschen;802;432;409
2022;23 Kaditz;23 Kaditz;05 Mickten, Kaditz, Trachau;StB 2 Pieschen;575;356;372
2022;24 Trachau;24 Trachau;05 Mickten, Kaditz, Trachau;StB 2 Pieschen;530;245;230
2022;25 Pieschen-N/Trachenberge;25 Pieschen-N/Trachenberge;04 Leipziger Vorstadt, Pieschen;StB 2 Pieschen;736;373;324
2022;31 Klotzsche;31 Klotzsche;06 StB Klotzsche und nördliche OS;StB 3 Klotzsche/nördliche Ortschaften;662;322;319
2022;32 Hellerau/Wilschdorf;32 Hellerau/Wilschdorf;06 StB Klotzsche und nördliche OS;StB 3 Klotzsche/nördliche Ortschaften;154;78;78
2022;35 Weixdorf;35 Weixdorf;06 StB Klotzsche und nördliche OS;StB 3 Klotzsche/nördliche Ortschaften;150;75;61
2022;36 Langebrück/Schönborn;36 Langebrück/Schönborn;06 StB Klotzsche und nördliche OS;StB 3 Klotzsche/nördliche Ortschaften;71;23;23
2022;41 Loschwitz/Wachwitz;41 Loschwitz/Wachwitz;07 StB Loschwitz und OS Schönfeld-Weißig;StB 4 Loschwitz/OS Schönfeld-Weißig;235;97;80
2022;42 Bühlau/Weißer Hirsch;42 Bühlau/Weißer Hirsch;07 StB Loschwitz und OS Schönfeld-Weißig;StB 4 Loschwitz/OS Schönfeld-Weißig;292;142;118
2022;43 Hosterwitz/Pillnitz;43 Hosterwitz/Pillnitz;07 StB Loschwitz und OS Schönfeld-Weißig;StB 4 Loschwitz/OS Schönfeld-Weißig;63;22;22
2022;45 Weißig;45 Weißig;07 StB Loschwitz und OS Schönfeld-Weißig;StB 4 Loschwitz/OS Schönfeld-Weißig;161;81;89
2022;46 Gönnsdorf/Pappritz;46 Gönnsdorf/Pappritz;07 StB Loschwitz und OS Schönfeld-Weißig;StB 4 Loschwitz/OS Schönfeld-Weißig;54;33;34
2022;47 Schönfeld/Schullwitz;47 Schönfeld/Schullwitz;07 StB Loschwitz und OS Schönfeld-Weißig;StB 4 Loschwitz/OS Schönfeld-Weißig;49;25;23
2022;51 Blasewitz;51 Blasewitz;08 Blasewitz, Striesen;StB 5 Blasewitz;421;172;157
2022;52 Striesen-Ost;52 Striesen-Ost;08 Blasewitz, Striesen;StB 5 Blasewitz;492;211;190
2022;53 Striesen-Süd;53 Striesen-Süd;08 Blasewitz, Striesen;StB 5 Blasewitz;593;198;193
2022;54 Striesen-West;54 Striesen-West;08 Blasewitz, Striesen;StB 5 Blasewitz;627;219;204
2022;55 Tolkewitz/Seidnitz-Nord;55 Tolkewitz/Seidnitz-Nord;09 Tolkewitz, Seidnitz, Gruna;StB 5 Blasewitz;179;60;55
2022;56 Seidnitz/Dobritz;56 Seidnitz/Dobritz;09 Tolkewitz, Seidnitz, Gruna;StB 5 Blasewitz;901;430;372
2022;57 Gruna;57 Gruna;09 Tolkewitz, Seidnitz, Gruna;StB 5 Blasewitz;479;192;158
2022;61 Leuben;61 Leuben;10 StB Leuben;StB 6 Leuben;992;556;508
2022;62 Laubegast;62 Laubegast;10 StB Leuben;StB 6 Leuben;348;176;184
2022;63 Kleinzschachwitz;63 Kleinzschachwitz;10 StB Leuben;StB 6 Leuben;180;71;72
2022;64 Großzschachwitz;64 Großzschachwitz;10 StB Leuben;StB 6 Leuben;315;194;126
2022;71 Prohlis-Nord;71 Prohlis-Nord;11 Prohlis, Reick (mit Sternhäuser, Am Koitschgraben);StB 7 Prohlis;507;327;279
2022;72 Prohlis-Süd;72 Prohlis-Süd;11 Prohlis, Reick (mit Sternhäuser, Am Koitschgraben);StB 7 Prohlis;650;381;308
2022;73 Niedersedlitz;73 Niedersedlitz;11 Prohlis, Reick (mit Sternhäuser, Am Koitschgraben);StB 7 Prohlis;0;0;0
2022;73 Niedersedlitz;73 Niedersedlitz;12 Niedersedlitz, Leubnitz, Strehlen (ohne Sternhäuser, Am Koitschgraben);StB 7 Prohlis;228;102;102
2022;74 Lockwitz;74 Lockwitz;12 Niedersedlitz, Leubnitz, Strehlen (ohne Sternhäuser, Am Koitschgraben);StB 7 Prohlis;500;276;259
2022;75 Leubnitz-Neuostra;75 Leubnitz-Neuostra;12 Niedersedlitz, Leubnitz, Strehlen (ohne Sternhäuser, Am Koitschgraben);StB 7 Prohlis;418;225;183
2022;76 Strehlen;76 Strehlen;11 Prohlis, Reick (mit Sternhäuser, Am Koitschgraben);StB 7 Prohlis;281;147;130
2022;76 Strehlen;76 Strehlen;12 Niedersedlitz, Leubnitz, Strehlen (ohne Sternhäuser, Am Koitschgraben);StB 7 Prohlis;632;330;293
2022;77 Reick;77 Reick;11 Prohlis, Reick (mit Sternhäuser, Am Koitschgraben);StB 7 Prohlis;396;228;229
2022;81 Südvorstadt-West;81 Südvorstadt-West;13 Südvorstadt, Zschertnitz;StB 8 Plauen;1329;737;685
2022;82 Südvorstadt-Ost;82 Südvorstadt-Ost;13 Südvorstadt, Zschertnitz;StB 8 Plauen;512;195;162
2022;83 Räcknitz/Zschertnitz;83 Räcknitz/Zschertnitz;13 Südvorstadt, Zschertnitz;StB 8 Plauen;353;170;162
2022;84 Kleinpestitz/Mockritz;84 Kleinpestitz/Mockritz;14 Mockritz, Coschütz, Plauen;StB 8 Plauen;298;148;125
2022;85 Coschütz/Gittersee;85 Coschütz/Gittersee;14 Mockritz, Coschütz, Plauen;StB 8 Plauen;179;100;93
2022;86 Plauen;86 Plauen;14 Mockritz, Coschütz, Plauen;StB 8 Plauen;365;129;121
2022;90 Cossebaude/Mobschatz/Oberw.;90 Cossebaude/Mobschatz/Oberw.;17 Briesnitz und westliche OS;StB 9 Cotta/westliche Ortschaften;267;129;127
2022;91 Cotta;91 Cotta;15 Cotta, Löbtau, Naußlitz, Dölzschen;StB 9 Cotta/westliche Ortschaften;618;308;292
2022;92 Löbtau-Nord;92 Löbtau-Nord;15 Cotta, Löbtau, Naußlitz, Dölzschen;StB 9 Cotta/westliche Ortschaften;687;295;260
2022;93 Löbtau-Süd;93 Löbtau-Süd;15 Cotta, Löbtau, Naußlitz, Dölzschen;StB 9 Cotta/westliche Ortschaften;874;489;414
2022;94 Naußlitz;94 Naußlitz;15 Cotta, Löbtau, Naußlitz, Dölzschen;StB 9 Cotta/westliche Ortschaften;402;235;209
2022;95 Gorbitz-Süd;95 Gorbitz-Süd;16 Gorbitz;StB 9 Cotta/westliche Ortschaften;978;526;432
2022;96 Gorbitz-Ost;96 Gorbitz-Ost;16 Gorbitz;StB 9 Cotta/westliche Ortschaften;416;244;206
2022;97 Gorbitz-Nord/Neu-Omsewitz;97 Gorbitz-Nord/Neu-Omsewitz;16 Gorbitz;StB 9 Cotta/westliche Ortschaften;762;482;402
2022;98 Briesnitz;98 Briesnitz;17 Briesnitz und westliche OS;StB 9 Cotta/westliche Ortschaften;347;176;153
2022;99 Altfranken/Gompitz;99 Altfranken/Gompitz;17 Briesnitz und westliche OS;StB 9 Cotta/westliche Ortschaften;152;70;66
2022;Korrektur Mehrfachzählung;Korrektur Mehrfachzählung;00 unbekannt;unbekannt;0;0;-3209
2023;unbekannt/unzutreffend;unbekannt/unzutreffend;00 unbekannt;unbekannt;4021;2950;0
2023;01 Innere Altstadt;01 Innere Altstadt;01 StB Altstadt ohne Johannstadt;StB 0 Altstadt;2271;1400;1252
2023;02 Pirnaische Vorstadt;02 Pirnaische Vorstadt;01 StB Altstadt ohne Johannstadt;StB 0 Altstadt;724;319;300
2023;03 Seevorstadt-Ost;03 Seevorstadt-Ost;01 StB Altstadt ohne Johannstadt;StB 0 Altstadt;6504;5308;4647
2023;04 Wilsdruffer Vs./Seevs.-West;04 Wilsdruffer Vs./Seevs.-West;01 StB Altstadt ohne Johannstadt;StB 0 Altstadt;1512;728;635
2023;05 Friedrichstadt;05 Friedrichstadt;01 StB Altstadt ohne Johannstadt;StB 0 Altstadt;1760;1025;875
2023;06 Johannstadt-Nord;06 Johannstadt-Nord;02 Johannstadt;StB 0 Altstadt;1094;462;400
2023;07 Johannstadt-Süd;07 Johannstadt-Süd;02 Johannstadt;StB 0 Altstadt;853;393;350
2023;11 Äußere Neustadt (Antonstadt);11 Äußere Neustadt (Antonstadt);03 StB Neustadt ohne Leipziger Vorstadt;StB 1 Neustadt;2710;1333;1082
2023;12 Radeberger Vorstadt;12 Radeberger Vorstadt;03 StB Neustadt ohne Leipziger Vorstadt;StB 1 Neustadt;592;260;243
2023;13 Innere Neustadt;13 Innere Neustadt;03 StB Neustadt ohne Leipziger Vorstadt;StB 1 Neustadt;1971;1076;919
2023;14 Leipziger Vorstadt;14 Leipziger Vorstadt;04 Leipziger Vorstadt, Pieschen;StB 1 Neustadt;1355;583;520
2023;15 Albertstadt;15 Albertstadt;03 StB Neustadt ohne Leipziger Vorstadt;StB 1 Neustadt;846;589;559
2023;21 Pieschen-Süd;21 Pieschen-Süd;04 Leipziger Vorstadt, Pieschen;StB 2 Pieschen;941;433;362
2023;22 Mickten;22 Mickten;05 Mickten, Kaditz, Trachau;StB 2 Pieschen;884;479;449
2023;23 Kaditz;23 Kaditz;05 Mickten, Kaditz, Trachau;StB 2 Pieschen;683;403;376
2023;24 Trachau;24 Trachau;05 Mickten, Kaditz, Trachau;StB 2 Pieschen;600;250;195
2023;25 Pieschen-N/Trachenberge;25 Pieschen-N/Trachenberge;04 Leipziger Vorstadt, Pieschen;StB 2 Pieschen;839;444;384
2023;31 Klotzsche;31 Klotzsche;06 StB Klotzsche und nördliche OS;StB 3 Klotzsche/nördliche Ortschaften;760;420;385
2023;32 Hellerau/Wilschdorf;32 Hellerau/Wilschdorf;06 StB Klotzsche und nördliche OS;StB 3 Klotzsche/nördliche Ortschaften;289;201;189
2023;35 Weixdorf;35 Weixdorf;06 StB Klotzsche und nördliche OS;StB 3 Klotzsche/nördliche Ortschaften;204;92;78
2023;36 Langebrück/Schönborn;36 Langebrück/Schönborn;06 StB Klotzsche und nördliche OS;StB 3 Klotzsche/nördliche Ortschaften;80;39;37
2023;41 Loschwitz/Wachwitz;41 Loschwitz/Wachwitz;07 StB Loschwitz und OS Schönfeld-Weißig;StB 4 Loschwitz/OS Schönfeld-Weißig;239;121;120
2023;42 Bühlau/Weißer Hirsch;42 Bühlau/Weißer Hirsch;07 StB Loschwitz und OS Schönfeld-Weißig;StB 4 Loschwitz/OS Schönfeld-Weißig;340;151;138
2023;43 Hosterwitz/Pillnitz;43 Hosterwitz/Pillnitz;07 StB Loschwitz und OS Schönfeld-Weißig;StB 4 Loschwitz/OS Schönfeld-Weißig;82;50;47
2023;45 Weißig;45 Weißig;07 StB Loschwitz und OS Schönfeld-Weißig;StB 4 Loschwitz/OS Schönfeld-Weißig;169;91;88
2023;46 Gönnsdorf/Pappritz;46 Gönnsdorf/Pappritz;07 StB Loschwitz und OS Schönfeld-Weißig;StB 4 Loschwitz/OS Schönfeld-Weißig;65;44;41
2023;47 Schönfeld/Schullwitz;47 Schönfeld/Schullwitz;07 StB Loschwitz und OS Schönfeld-Weißig;StB 4 Loschwitz/OS Schönfeld-Weißig;33;18;18
2023;51 Blasewitz;51 Blasewitz;08 Blasewitz, Striesen;StB 5 Blasewitz;533;232;220
2023;52 Striesen-Ost;52 Striesen-Ost;08 Blasewitz, Striesen;StB 5 Blasewitz;538;210;209
2023;53 Striesen-Süd;53 Striesen-Süd;08 Blasewitz, Striesen;StB 5 Blasewitz;639;228;209
2023;54 Striesen-West;54 Striesen-West;08 Blasewitz, Striesen;StB 5 Blasewitz;656;237;230
2023;55 Tolkewitz/Seidnitz-Nord;55 Tolkewitz/Seidnitz-Nord;09 Tolkewitz, Seidnitz, Gruna;StB 5 Blasewitz;183;72;63
2023;56 Seidnitz/Dobritz;56 Seidnitz/Dobritz;09 Tolkewitz, Seidnitz, Gruna;StB 5 Blasewitz;1067;443;388
2023;57 Gruna;57 Gruna;09 Tolkewitz, Seidnitz, Gruna;StB 5 Blasewitz;596;217;194
2023;61 Leuben;61 Leuben;10 StB Leuben;StB 6 Leuben;1099;545;486
2023;62 Laubegast;62 Laubegast;10 StB Leuben;StB 6 Leuben;421;184;159
2023;63 Kleinzschachwitz;63 Kleinzschachwitz;10 StB Leuben;StB 6 Leuben;187;83;74
2023;64 Großzschachwitz;64 Großzschachwitz;10 StB Leuben;StB 6 Leuben;274;167;158
2023;71 Prohlis-Nord;71 Prohlis-Nord;11 Prohlis, Reick (mit Sternhäuser, Am Koitschgraben);StB 7 Prohlis;606;395;339
2023;72 Prohlis-Süd;72 Prohlis-Süd;11 Prohlis, Reick (mit Sternhäuser, Am Koitschgraben);StB 7 Prohlis;705;371;317
2023;73 Niedersedlitz;73 Niedersedlitz;11 Prohlis, Reick (mit Sternhäuser, Am Koitschgraben);StB 7 Prohlis;0;0;0
2023;73 Niedersedlitz;73 Niedersedlitz;12 Niedersedlitz, Leubnitz, Strehlen (ohne Sternhäuser, Am Koitschgraben);StB 7 Prohlis;280;139;141
2023;74 Lockwitz;74 Lockwitz;12 Niedersedlitz, Leubnitz, Strehlen (ohne Sternhäuser, Am Koitschgraben);StB 7 Prohlis;485;290;294
2023;75 Leubnitz-Neuostra;75 Leubnitz-Neuostra;12 Niedersedlitz, Leubnitz, Strehlen (ohne Sternhäuser, Am Koitschgraben);StB 7 Prohlis;429;250;216
2023;76 Strehlen;76 Strehlen;11 Prohlis, Reick (mit Sternhäuser, Am Koitschgraben);StB 7 Prohlis;262;151;132
2023;76 Strehlen;76 Strehlen;12 Niedersedlitz, Leubnitz, Strehlen (ohne Sternhäuser, Am Koitschgraben);StB 7 Prohlis;572;329;287
2023;77 Reick;77 Reick;11 Prohlis, Reick (mit Sternhäuser, Am Koitschgraben);StB 7 Prohlis;402;222;214
2023;81 Südvorstadt-West;81 Südvorstadt-West;13 Südvorstadt, Zschertnitz;StB 8 Plauen;1467;875;808
2023;82 Südvorstadt-Ost;82 Südvorstadt-Ost;13 Südvorstadt, Zschertnitz;StB 8 Plauen;535;238;226
2023;83 Räcknitz/Zschertnitz;83 Räcknitz/Zschertnitz;13 Südvorstadt, Zschertnitz;StB 8 Plauen;446;220;178
2023;84 Kleinpestitz/Mockritz;84 Kleinpestitz/Mockritz;14 Mockritz, Coschütz, Plauen;StB 8 Plauen;253;124;100
2023;85 Coschütz/Gittersee;85 Coschütz/Gittersee;14 Mockritz, Coschütz, Plauen;StB 8 Plauen;174;88;93
2023;86 Plauen;86 Plauen;14 Mockritz, Coschütz, Plauen;StB 8 Plauen;529;156;137
2023;90 Cossebaude/Mobschatz/Oberw.;90 Cossebaude/Mobschatz/Oberw.;17 Briesnitz und westliche OS;StB 9 Cotta/westliche Ortschaften;320;190;153
2023;91 Cotta;91 Cotta;15 Cotta, Löbtau, Naußlitz, Dölzschen;StB 9 Cotta/westliche Ortschaften;678;340;266
2023;92 Löbtau-Nord;92 Löbtau-Nord;15 Cotta, Löbtau, Naußlitz, Dölzschen;StB 9 Cotta/westliche Ortschaften;749;334;284
2023;93 Löbtau-Süd;93 Löbtau-Süd;15 Cotta, Löbtau, Naußlitz, Dölzschen;StB 9 Cotta/westliche Ortschaften;1093;663;487
2023;94 Naußlitz;94 Naußlitz;15 Cotta, Löbtau, Naußlitz, Dölzschen;StB 9 Cotta/westliche Ortschaften;391;192;178
2023;95 Gorbitz-Süd;95 Gorbitz-Süd;16 Gorbitz;StB 9 Cotta/westliche Ortschaften;1077;582;425
2023;96 Gorbitz-Ost;96 Gorbitz-Ost;16 Gorbitz;StB 9 Cotta/westliche Ortschaften;466;251;216
2023;97 Gorbitz-Nord/Neu-Omsewitz;97 Gorbitz-Nord/Neu-Omsewitz;16 Gorbitz;StB 9 Cotta/westliche Ortschaften;677;398;348
2023;98 Briesnitz;98 Briesnitz;17 Briesnitz und westliche OS;StB 9 Cotta/westliche Ortschaften;433;193;163
2023;99 Altfranken/Gompitz;99 Altfranken/Gompitz;17 Briesnitz und westliche OS;StB 9 Cotta/westliche Ortschaften;178;78;76
2023;Korrektur Mehrfachzählung;Korrektur Mehrfachzählung;00 unbekannt;unbekannt;0;0;-3477
2024;unbekannt/unzutreffend;unbekannt/unzutreffend;00 unbekannt;unbekannt;3920;2925;0
2024;01 Innere Altstadt;01 Innere Altstadt;01 StB Altstadt ohne Johannstadt;StB 0 Altstadt;2452;1478;1315
2024;02 Pirnaische Vorstadt;02 Pirnaische Vorstadt;01 StB Altstadt ohne Johannstadt;StB 0 Altstadt;640;316;302
2024;03 Seevorstadt-Ost;03 Seevorstadt-Ost;01 StB Altstadt ohne Johannstadt;StB 0 Altstadt;5593;4357;3475
2024;04 Wilsdruffer Vs./Seevs.-West;04 Wilsdruffer Vs./Seevs.-West;01 StB Altstadt ohne Johannstadt;StB 0 Altstadt;1447;644;571
2024;05 Friedrichstadt;05 Friedrichstadt;01 StB Altstadt ohne Johannstadt;StB 0 Altstadt;1817;923;766
2024;06 Johannstadt-Nord;06 Johannstadt-Nord;02 Johannstadt;StB 0 Altstadt;1057;463;381
2024;07 Johannstadt-Süd;07 Johannstadt-Süd;02 Johannstadt;StB 0 Altstadt;890;425;377
2024;11 Äußere Neustadt (Antonstadt);11 Äußere Neustadt (Antonstadt);03 StB Neustadt ohne Leipziger Vorstadt;StB 1 Neustadt;2547;1303;1014
2024;12 Radeberger Vorstadt;12 Radeberger Vorstadt;03 StB Neustadt ohne Leipziger Vorstadt;StB 1 Neustadt;469;226;200
2024;13 Innere Neustadt;13 Innere Neustadt;03 StB Neustadt ohne Leipziger Vorstadt;StB 1 Neustadt;2162;1055;873
2024;14 Leipziger Vorstadt;14 Leipziger Vorstadt;04 Leipziger Vorstadt, Pieschen;StB 1 Neustadt;1340;575;489
2024;15 Albertstadt;15 Albertstadt;03 StB Neustadt ohne Leipziger Vorstadt;StB 1 Neustadt;686;424;402
2024;21 Pieschen-Süd;21 Pieschen-Süd;04 Leipziger Vorstadt, Pieschen;StB 2 Pieschen;1026;445;367
2024;22 Mickten;22 Mickten;05 Mickten, Kaditz, Trachau;StB 2 Pieschen;1006;530;453
2024;23 Kaditz;23 Kaditz;05 Mickten, Kaditz, Trachau;StB 2 Pieschen;663;413;394
2024;24 Trachau;24 Trachau;05 Mickten, Kaditz, Trachau;StB 2 Pieschen;628;284;230
2024;25 Pieschen-N/Trachenberge;25 Pieschen-N/Trachenberge;04 Leipziger Vorstadt, Pieschen;StB 2 Pieschen;903;362;300
2024;31 Klotzsche;31 Klotzsche;06 StB Klotzsche und nördliche OS;StB 3 Klotzsche/nördliche Ortschaften;724;339;312
2024;32 Hellerau/Wilschdorf;32 Hellerau/Wilschdorf;06 StB Klotzsche und nördliche OS;StB 3 Klotzsche/nördliche Ortschaften;242;134;127
2024;35 Weixdorf;35 Weixdorf;06 StB Klotzsche und nördliche OS;StB 3 Klotzsche/nördliche Ortschaften;177;90;79
2024;36 Langebrück/Schönborn;36 Langebrück/Schönborn;06 StB Klotzsche und nördliche OS;StB 3 Klotzsche/nördliche Ortschaften;80;32;28
2024;41 Loschwitz/Wachwitz;41 Loschwitz/Wachwitz;07 StB Loschwitz und OS Schönfeld-Weißig;StB 4 Loschwitz/OS Schönfeld-Weißig;239;81;75
2024;42 Bühlau/Weißer Hirsch;42 Bühlau/Weißer Hirsch;07 StB Loschwitz und OS Schönfeld-Weißig;StB 4 Loschwitz/OS Schönfeld-Weißig;307;143;129
2024;43 Hosterwitz/Pillnitz;43 Hosterwitz/Pillnitz;07 StB Loschwitz und OS Schönfeld-Weißig;StB 4 Loschwitz/OS Schönfeld-Weißig;92;34;33
2024;45 Weißig;45 Weißig;07 StB Loschwitz und OS Schönfeld-Weißig;StB 4 Loschwitz/OS Schönfeld-Weißig;154;81;70
2024;46 Gönnsdorf/Pappritz;46 Gönnsdorf/Pappritz;07 StB Loschwitz und OS Schönfeld-Weißig;StB 4 Loschwitz/OS Schönfeld-Weißig;71;42;32
2024;47 Schönfeld/Schullwitz;47 Schönfeld/Schullwitz;07 StB Loschwitz und OS Schönfeld-Weißig;StB 4 Loschwitz/OS Schönfeld-Weißig;48;25;24
2024;51 Blasewitz;51 Blasewitz;08 Blasewitz, Striesen;StB 5 Blasewitz;487;189;167
2024;52 Striesen-Ost;52 Striesen-Ost;08 Blasewitz, Striesen;StB 5 Blasewitz;463;171;173
2024;53 Striesen-Süd;53 Striesen-Süd;08 Blasewitz, Striesen;StB 5 Blasewitz;583;255;220
2024;54 Striesen-West;54 Striesen-West;08 Blasewitz, Striesen;StB 5 Blasewitz;547;240;187
2024;55 Tolkewitz/Seidnitz-Nord;55 Tolkewitz/Seidnitz-Nord;09 Tolkewitz, Seidnitz, Gruna;StB 5 Blasewitz;218;77;60
2024;56 Seidnitz/Dobritz;56 Seidnitz/Dobritz;09 Tolkewitz, Seidnitz, Gruna;StB 5 Blasewitz;1021;497;418
2024;57 Gruna;57 Gruna;09 Tolkewitz, Seidnitz, Gruna;StB 5 Blasewitz;460;196;178
2024;61 Leuben;61 Leuben;10 StB Leuben;StB 6 Leuben;900;496;454
2024;62 Laubegast;62 Laubegast;10 StB Leuben;StB 6 Leuben;386;178;159
2024;63 Kleinzschachwitz;63 Kleinzschachwitz;10 StB Leuben;StB 6 Leuben;210;86;74
2024;64 Großzschachwitz;64 Großzschachwitz;10 StB Leuben;StB 6 Leuben;283;143;131
2024;71 Prohlis-Nord;71 Prohlis-Nord;11 Prohlis, Reick (mit Sternhäuser, Am Koitschgraben);StB 7 Prohlis;586;395;345
2024;72 Prohlis-Süd;72 Prohlis-Süd;11 Prohlis, Reick (mit Sternhäuser, Am Koitschgraben);StB 7 Prohlis;594;344;295
2024;73 Niedersedlitz;73 Niedersedlitz;11 Prohlis, Reick (mit Sternhäuser, Am Koitschgraben);StB 7 Prohlis;0;0;0
2024;73 Niedersedlitz;73 Niedersedlitz;12 Niedersedlitz, Leubnitz, Strehlen (ohne Sternhäuser, Am Koitschgraben);StB 7 Prohlis;254;107;100
2024;74 Lockwitz;74 Lockwitz;12 Niedersedlitz, Leubnitz, Strehlen (ohne Sternhäuser, Am Koitschgraben);StB 7 Prohlis;421;256;251
2024;75 Leubnitz-Neuostra;75 Leubnitz-Neuostra;12 Niedersedlitz, Leubnitz, Strehlen (ohne Sternhäuser, Am Koitschgraben);StB 7 Prohlis;478;274;267
2024;76 Strehlen;76 Strehlen;11 Prohlis, Reick (mit Sternhäuser, Am Koitschgraben);StB 7 Prohlis;281;143;127
2024;76 Strehlen;76 Strehlen;12 Niedersedlitz, Leubnitz, Strehlen (ohne Sternhäuser, Am Koitschgraben);StB 7 Prohlis;604;309;272
2024;77 Reick;77 Reick;11 Prohlis, Reick (mit Sternhäuser, Am Koitschgraben);StB 7 Prohlis;431;266;233
2024;81 Südvorstadt-West;81 Südvorstadt-West;13 Südvorstadt, Zschertnitz;StB 8 Plauen;1253;677;665
2024;82 Südvorstadt-Ost;82 Südvorstadt-Ost;13 Südvorstadt, Zschertnitz;StB 8 Plauen;588;302;277
2024;83 Räcknitz/Zschertnitz;83 Räcknitz/Zschertnitz;13 Südvorstadt, Zschertnitz;StB 8 Plauen;425;180;154
2024;84 Kleinpestitz/Mockritz;84 Kleinpestitz/Mockritz;14 Mockritz, Coschütz, Plauen;StB 8 Plauen;276;131;124
2024;85 Coschütz/Gittersee;85 Coschütz/Gittersee;14 Mockritz, Coschütz, Plauen;StB 8 Plauen;186;83;86
2024;86 Plauen;86 Plauen;14 Mockritz, Coschütz, Plauen;StB 8 Plauen;402;122;122
2024;90 Cossebaude/Mobschatz/Oberw.;90 Cossebaude/Mobschatz/Oberw.;17 Briesnitz und westliche OS;StB 9 Cotta/westliche Ortschaften;299;172;151
2024;91 Cotta;91 Cotta;15 Cotta, Löbtau, Naußlitz, Dölzschen;StB 9 Cotta/westliche Ortschaften;729;298;261
2024;92 Löbtau-Nord;92 Löbtau-Nord;15 Cotta, Löbtau, Naußlitz, Dölzschen;StB 9 Cotta/westliche Ortschaften;874;348;271
2024;93 Löbtau-Süd;93 Löbtau-Süd;15 Cotta, Löbtau, Naußlitz, Dölzschen;StB 9 Cotta/westliche Ortschaften;1209;670;465
2024;94 Naußlitz;94 Naußlitz;15 Cotta, Löbtau, Naußlitz, Dölzschen;StB 9 Cotta/westliche Ortschaften;451;252;205
2024;95 Gorbitz-Süd;95 Gorbitz-Süd;16 Gorbitz;StB 9 Cotta/westliche Ortschaften;919;523;430
2024;96 Gorbitz-Ost;96 Gorbitz-Ost;16 Gorbitz;StB 9 Cotta/westliche Ortschaften;629;363;280
2024;97 Gorbitz-Nord/Neu-Omsewitz;97 Gorbitz-Nord/Neu-Omsewitz;16 Gorbitz;StB 9 Cotta/westliche Ortschaften;737;464;379
2024;98 Briesnitz;98 Briesnitz;17 Briesnitz und westliche OS;StB 9 Cotta/westliche Ortschaften;422;174;156
2024;99 Altfranken/Gompitz;99 Altfranken/Gompitz;17 Briesnitz und westliche OS;StB 9 Cotta/westliche Ortschaften;143;83;67
2024;Korrektur Mehrfachzählung;Korrektur Mehrfachzählung;00 unbekannt;unbekannt;0;0;-3437
