Jahr;Monat;Herkunftsland_24Auspr;Herkunftsland_05Auspr;Herkunftsland_D/A;Tourismus_Ankünfte;Tourismus_Übernachtungen
2000;01;Deutschland;Deutschland;Deutschland;41075;84879
2000;01;Belgien;Europa ohne Deutschland;Ausland;92;115
2000;01;Dänemark;Europa ohne Deutschland;Ausland;29;58
2000;01;Frankreich;Europa ohne Deutschland;Ausland;198;404
2000;01;Italien;Europa ohne Deutschland;Ausland;165;360
2000;01;Niederlande;Europa ohne Deutschland;Ausland;246;472
2000;01;Österreich;Europa ohne Deutschland;Ausland;326;632
2000;01;Polen;Europa ohne Deutschland;Ausland;113;143
2000;01;Schweden;Europa ohne Deutschland;Ausland;55;82
2000;01;Schweiz;Europa ohne Deutschland;Ausland;659;2109
2000;01;Russland;Europa ohne Deutschland;Ausland;111;205
2000;01;Spanien;Europa ohne Deutschland;Ausland;59;103
2000;01;Tschechische Republik;Europa ohne Deutschland;Ausland;59;91
2000;01;Großbritannien;Europa ohne Deutschland;Ausland;254;526
2000;01;sonst.europäische Länder (o.13 Länder);Europa ohne Deutschland;Ausland;254;520
2000;01;afrikanische Länder;Sonst. Ausland;Ausland;17;35
2000;01;USA;Amerika;Ausland;714;1870
2000;01;Kanada;Amerika;Ausland;18;27
2000;01;amerik. Länder (o.USA, Kanada);Amerika;Ausland;61;120
2000;01;China;Asien;Ausland;51;250
2000;01;Japan;Asien;Ausland;322;1029
2000;01;asiatische Länder (o.China, Japan);Asien;Ausland;113;460
2000;01;"Australien, Neuseeland u. Ozeanien    ";Sonst. Ausland;Ausland;70;133
2000;01;Ausländer ohne Angabe;Sonst. Ausland;Ausland;23;45
2000;02;Deutschland;Deutschland;Deutschland;46786;91664
2000;02;Belgien;Europa ohne Deutschland;Ausland;107;168
2000;02;Dänemark;Europa ohne Deutschland;Ausland;46;78
2000;02;Frankreich;Europa ohne Deutschland;Ausland;256;517
2000;02;Italien;Europa ohne Deutschland;Ausland;139;281
2000;02;Niederlande;Europa ohne Deutschland;Ausland;279;495
2000;02;Österreich;Europa ohne Deutschland;Ausland;494;1195
2000;02;Polen;Europa ohne Deutschland;Ausland;183;397
2000;02;Schweden;Europa ohne Deutschland;Ausland;64;90
2000;02;Schweiz;Europa ohne Deutschland;Ausland;362;777
2000;02;Russland;Europa ohne Deutschland;Ausland;86;450
2000;02;Spanien;Europa ohne Deutschland;Ausland;103;197
2000;02;Tschechische Republik;Europa ohne Deutschland;Ausland;132;281
2000;02;Großbritannien;Europa ohne Deutschland;Ausland;508;1133
2000;02;sonst.europäische Länder (o.13 Länder);Europa ohne Deutschland;Ausland;355;968
2000;02;afrikanische Länder;Sonst. Ausland;Ausland;30;62
2000;02;USA;Amerika;Ausland;718;1608
2000;02;Kanada;Amerika;Ausland;45;126
2000;02;amerik. Länder (o.USA, Kanada);Amerika;Ausland;109;164
2000;02;China;Asien;Ausland;23;45
2000;02;Japan;Asien;Ausland;476;1307
2000;02;asiatische Länder (o.China, Japan);Asien;Ausland;212;405
2000;02;"Australien, Neuseeland u. Ozeanien    ";Sonst. Ausland;Ausland;67;116
2000;02;Ausländer ohne Angabe;Sonst. Ausland;Ausland;53;61
2000;03;Deutschland;Deutschland;Deutschland;65856;129840
2000;03;Belgien;Europa ohne Deutschland;Ausland;187;380
2000;03;Dänemark;Europa ohne Deutschland;Ausland;114;185
2000;03;Frankreich;Europa ohne Deutschland;Ausland;308;663
2000;03;Italien;Europa ohne Deutschland;Ausland;398;647
2000;03;Niederlande;Europa ohne Deutschland;Ausland;375;908
2000;03;Österreich;Europa ohne Deutschland;Ausland;363;786
2000;03;Polen;Europa ohne Deutschland;Ausland;152;266
2000;03;Schweden;Europa ohne Deutschland;Ausland;353;454
2000;03;Schweiz;Europa ohne Deutschland;Ausland;481;977
2000;03;Russland;Europa ohne Deutschland;Ausland;187;859
2000;03;Spanien;Europa ohne Deutschland;Ausland;97;164
2000;03;Tschechische Republik;Europa ohne Deutschland;Ausland;110;149
2000;03;Großbritannien;Europa ohne Deutschland;Ausland;632;1500
2000;03;sonst.europäische Länder (o.13 Länder);Europa ohne Deutschland;Ausland;507;1191
2000;03;afrikanische Länder;Sonst. Ausland;Ausland;52;97
2000;03;USA;Amerika;Ausland;1211;2871
2000;03;Kanada;Amerika;Ausland;91;196
2000;03;amerik. Länder (o.USA, Kanada);Amerika;Ausland;147;291
2000;03;China;Asien;Ausland;119;251
2000;03;Japan;Asien;Ausland;1129;2207
2000;03;asiatische Länder (o.China, Japan);Asien;Ausland;138;450
2000;03;"Australien, Neuseeland u. Ozeanien    ";Sonst. Ausland;Ausland;88;116
2000;03;Ausländer ohne Angabe;Sonst. Ausland;Ausland;61;78
2000;04;Deutschland;Deutschland;Deutschland;83445;183011
2000;04;Belgien;Europa ohne Deutschland;Ausland;299;750
2000;04;Dänemark;Europa ohne Deutschland;Ausland;625;1009
2000;04;Frankreich;Europa ohne Deutschland;Ausland;475;951
2000;04;Italien;Europa ohne Deutschland;Ausland;771;1435
2000;04;Niederlande;Europa ohne Deutschland;Ausland;483;1134
2000;04;Österreich;Europa ohne Deutschland;Ausland;1017;2244
2000;04;Polen;Europa ohne Deutschland;Ausland;240;439
2000;04;Schweden;Europa ohne Deutschland;Ausland;617;837
2000;04;Schweiz;Europa ohne Deutschland;Ausland;953;2010
2000;04;Russland;Europa ohne Deutschland;Ausland;179;646
2000;04;Spanien;Europa ohne Deutschland;Ausland;127;278
2000;04;Tschechische Republik;Europa ohne Deutschland;Ausland;164;352
2000;04;Großbritannien;Europa ohne Deutschland;Ausland;1009;1826
2000;04;sonst.europäische Länder (o.13 Länder);Europa ohne Deutschland;Ausland;875;2345
2000;04;afrikanische Länder;Sonst. Ausland;Ausland;36;57
2000;04;USA;Amerika;Ausland;1370;3188
2000;04;Kanada;Amerika;Ausland;122;289
2000;04;amerik. Länder (o.USA, Kanada);Amerika;Ausland;196;395
2000;04;China;Asien;Ausland;34;43
2000;04;Japan;Asien;Ausland;2134;3242
2000;04;asiatische Länder (o.China, Japan);Asien;Ausland;282;528
2000;04;"Australien, Neuseeland u. Ozeanien    ";Sonst. Ausland;Ausland;128;183
2000;04;Ausländer ohne Angabe;Sonst. Ausland;Ausland;95;241
2000;05;Deutschland;Deutschland;Deutschland;105117;229851
2000;05;Belgien;Europa ohne Deutschland;Ausland;496;914
2000;05;Dänemark;Europa ohne Deutschland;Ausland;560;684
2000;05;Frankreich;Europa ohne Deutschland;Ausland;737;1441
2000;05;Italien;Europa ohne Deutschland;Ausland;951;1741
2000;05;Niederlande;Europa ohne Deutschland;Ausland;598;1326
2000;05;Österreich;Europa ohne Deutschland;Ausland;1141;2730
2000;05;Polen;Europa ohne Deutschland;Ausland;230;506
2000;05;Schweden;Europa ohne Deutschland;Ausland;582;768
2000;05;Schweiz;Europa ohne Deutschland;Ausland;2292;5373
2000;05;Russland;Europa ohne Deutschland;Ausland;413;873
2000;05;Spanien;Europa ohne Deutschland;Ausland;200;380
2000;05;Tschechische Republik;Europa ohne Deutschland;Ausland;152;347
2000;05;Großbritannien;Europa ohne Deutschland;Ausland;1416;2810
2000;05;sonst.europäische Länder (o.13 Länder);Europa ohne Deutschland;Ausland;696;1750
2000;05;afrikanische Länder;Sonst. Ausland;Ausland;201;345
2000;05;USA;Amerika;Ausland;3228;6513
2000;05;Kanada;Amerika;Ausland;248;545
2000;05;amerik. Länder (o.USA, Kanada);Amerika;Ausland;562;922
2000;05;China;Asien;Ausland;104;154
2000;05;Japan;Asien;Ausland;3030;4495
2000;05;asiatische Länder (o.China, Japan);Asien;Ausland;599;1140
2000;05;"Australien, Neuseeland u. Ozeanien    ";Sonst. Ausland;Ausland;282;543
2000;05;Ausländer ohne Angabe;Sonst. Ausland;Ausland;266;497
2000;06;Deutschland;Deutschland;Deutschland;97738;214816
2000;06;Belgien;Europa ohne Deutschland;Ausland;557;1142
2000;06;Dänemark;Europa ohne Deutschland;Ausland;670;1208
2000;06;Frankreich;Europa ohne Deutschland;Ausland;822;1593
2000;06;Italien;Europa ohne Deutschland;Ausland;662;1283
2000;06;Niederlande;Europa ohne Deutschland;Ausland;960;2529
2000;06;Österreich;Europa ohne Deutschland;Ausland;1402;3141
2000;06;Polen;Europa ohne Deutschland;Ausland;247;528
2000;06;Schweden;Europa ohne Deutschland;Ausland;574;856
2000;06;Schweiz;Europa ohne Deutschland;Ausland;1627;3964
2000;06;Russland;Europa ohne Deutschland;Ausland;425;673
2000;06;Spanien;Europa ohne Deutschland;Ausland;301;553
2000;06;Tschechische Republik;Europa ohne Deutschland;Ausland;160;346
2000;06;Großbritannien;Europa ohne Deutschland;Ausland;1813;3526
2000;06;sonst.europäische Länder (o.13 Länder);Europa ohne Deutschland;Ausland;1117;2747
2000;06;afrikanische Länder;Sonst. Ausland;Ausland;124;279
2000;06;USA;Amerika;Ausland;3853;8379
2000;06;Kanada;Amerika;Ausland;223;500
2000;06;amerik. Länder (o.USA, Kanada);Amerika;Ausland;332;631
2000;06;China;Asien;Ausland;75;109
2000;06;Japan;Asien;Ausland;2877;4603
2000;06;asiatische Länder (o.China, Japan);Asien;Ausland;506;877
2000;06;"Australien, Neuseeland u. Ozeanien    ";Sonst. Ausland;Ausland;280;494
2000;06;Ausländer ohne Angabe;Sonst. Ausland;Ausland;247;424
2000;07;Deutschland;Deutschland;Deutschland;84240;185752
2000;07;Belgien;Europa ohne Deutschland;Ausland;656;1190
2000;07;Dänemark;Europa ohne Deutschland;Ausland;784;1410
2000;07;Frankreich;Europa ohne Deutschland;Ausland;776;1439
2000;07;Italien;Europa ohne Deutschland;Ausland;1284;1914
2000;07;Niederlande;Europa ohne Deutschland;Ausland;877;2053
2000;07;Österreich;Europa ohne Deutschland;Ausland;920;1859
2000;07;Polen;Europa ohne Deutschland;Ausland;236;446
2000;07;Schweden;Europa ohne Deutschland;Ausland;1104;1287
2000;07;Schweiz;Europa ohne Deutschland;Ausland;2004;4304
2000;07;Russland;Europa ohne Deutschland;Ausland;942;1823
2000;07;Spanien;Europa ohne Deutschland;Ausland;637;999
2000;07;Tschechische Republik;Europa ohne Deutschland;Ausland;117;205
2000;07;Großbritannien;Europa ohne Deutschland;Ausland;1730;3149
2000;07;sonst.europäische Länder (o.13 Länder);Europa ohne Deutschland;Ausland;1292;2251
2000;07;afrikanische Länder;Sonst. Ausland;Ausland;116;279
2000;07;USA;Amerika;Ausland;3541;7025
2000;07;Kanada;Amerika;Ausland;811;1413
2000;07;amerik. Länder (o.USA, Kanada);Amerika;Ausland;546;925
2000;07;China;Asien;Ausland;48;99
2000;07;Japan;Asien;Ausland;2643;4553
2000;07;asiatische Länder (o.China, Japan);Asien;Ausland;965;1692
2000;07;"Australien, Neuseeland u. Ozeanien    ";Sonst. Ausland;Ausland;319;611
2000;07;Ausländer ohne Angabe;Sonst. Ausland;Ausland;119;210
2000;08;Deutschland;Deutschland;Deutschland;83539;182613
2000;08;Belgien;Europa ohne Deutschland;Ausland;741;1250
2000;08;Dänemark;Europa ohne Deutschland;Ausland;728;1137
2000;08;Frankreich;Europa ohne Deutschland;Ausland;1069;1999
2000;08;Italien;Europa ohne Deutschland;Ausland;3774;5580
2000;08;Niederlande;Europa ohne Deutschland;Ausland;1061;2168
2000;08;Österreich;Europa ohne Deutschland;Ausland;1105;2372
2000;08;Polen;Europa ohne Deutschland;Ausland;234;370
2000;08;Schweden;Europa ohne Deutschland;Ausland;927;1207
2000;08;Schweiz;Europa ohne Deutschland;Ausland;1788;4421
2000;08;Russland;Europa ohne Deutschland;Ausland;1057;1505
2000;08;Spanien;Europa ohne Deutschland;Ausland;738;1209
2000;08;Tschechische Republik;Europa ohne Deutschland;Ausland;190;307
2000;08;Großbritannien;Europa ohne Deutschland;Ausland;1420;2926
2000;08;sonst.europäische Länder (o.13 Länder);Europa ohne Deutschland;Ausland;1175;2173
2000;08;afrikanische Länder;Sonst. Ausland;Ausland;119;364
2000;08;USA;Amerika;Ausland;2863;6243
2000;08;Kanada;Amerika;Ausland;199;335
2000;08;amerik. Länder (o.USA, Kanada);Amerika;Ausland;429;714
2000;08;China;Asien;Ausland;67;103
2000;08;Japan;Asien;Ausland;3416;5292
2000;08;asiatische Länder (o.China, Japan);Asien;Ausland;969;1402
2000;08;"Australien, Neuseeland u. Ozeanien    ";Sonst. Ausland;Ausland;266;541
2000;08;Ausländer ohne Angabe;Sonst. Ausland;Ausland;232;387
2000;09;Deutschland;Deutschland;Deutschland;107257;227416
2000;09;Belgien;Europa ohne Deutschland;Ausland;642;1328
2000;09;Dänemark;Europa ohne Deutschland;Ausland;862;1282
2000;09;Frankreich;Europa ohne Deutschland;Ausland;851;1634
2000;09;Italien;Europa ohne Deutschland;Ausland;787;1571
2000;09;Niederlande;Europa ohne Deutschland;Ausland;833;1616
2000;09;Österreich;Europa ohne Deutschland;Ausland;1387;3858
2000;09;Polen;Europa ohne Deutschland;Ausland;295;521
2000;09;Schweden;Europa ohne Deutschland;Ausland;722;1107
2000;09;Schweiz;Europa ohne Deutschland;Ausland;1916;4640
2000;09;Russland;Europa ohne Deutschland;Ausland;328;682
2000;09;Spanien;Europa ohne Deutschland;Ausland;335;611
2000;09;Tschechische Republik;Europa ohne Deutschland;Ausland;269;560
2000;09;Großbritannien;Europa ohne Deutschland;Ausland;1827;3915
2000;09;sonst.europäische Länder (o.13 Länder);Europa ohne Deutschland;Ausland;1220;3084
2000;09;afrikanische Länder;Sonst. Ausland;Ausland;153;554
2000;09;USA;Amerika;Ausland;3851;8268
2000;09;Kanada;Amerika;Ausland;290;779
2000;09;amerik. Länder (o.USA, Kanada);Amerika;Ausland;594;1148
2000;09;China;Asien;Ausland;148;471
2000;09;Japan;Asien;Ausland;3171;5842
2000;09;asiatische Länder (o.China, Japan);Asien;Ausland;882;1484
2000;09;"Australien, Neuseeland u. Ozeanien    ";Sonst. Ausland;Ausland;338;741
2000;09;Ausländer ohne Angabe;Sonst. Ausland;Ausland;146;581
2000;10;Deutschland;Deutschland;Deutschland;94861;210045
2000;10;Belgien;Europa ohne Deutschland;Ausland;255;505
2000;10;Dänemark;Europa ohne Deutschland;Ausland;709;952
2000;10;Frankreich;Europa ohne Deutschland;Ausland;813;1351
2000;10;Italien;Europa ohne Deutschland;Ausland;424;726
2000;10;Niederlande;Europa ohne Deutschland;Ausland;661;1373
2000;10;Österreich;Europa ohne Deutschland;Ausland;780;1897
2000;10;Polen;Europa ohne Deutschland;Ausland;206;412
2000;10;Schweden;Europa ohne Deutschland;Ausland;578;783
2000;10;Schweiz;Europa ohne Deutschland;Ausland;1326;3182
2000;10;Russland;Europa ohne Deutschland;Ausland;295;829
2000;10;Spanien;Europa ohne Deutschland;Ausland;154;343
2000;10;Tschechische Republik;Europa ohne Deutschland;Ausland;283;462
2000;10;Großbritannien;Europa ohne Deutschland;Ausland;1324;2695
2000;10;sonst.europäische Länder (o.13 Länder);Europa ohne Deutschland;Ausland;854;1518
2000;10;afrikanische Länder;Sonst. Ausland;Ausland;59;158
2000;10;USA;Amerika;Ausland;2128;5217
2000;10;Kanada;Amerika;Ausland;158;411
2000;10;amerik. Länder (o.USA, Kanada);Amerika;Ausland;239;484
2000;10;China;Asien;Ausland;164;404
2000;10;Japan;Asien;Ausland;3184;4753
2000;10;asiatische Länder (o.China, Japan);Asien;Ausland;396;835
2000;10;"Australien, Neuseeland u. Ozeanien    ";Sonst. Ausland;Ausland;196;364
2000;10;Ausländer ohne Angabe;Sonst. Ausland;Ausland;153;359
2000;11;Deutschland;Deutschland;Deutschland;74328;142135
2000;11;Belgien;Europa ohne Deutschland;Ausland;171;360
2000;11;Dänemark;Europa ohne Deutschland;Ausland;166;193
2000;11;Frankreich;Europa ohne Deutschland;Ausland;268;605
2000;11;Italien;Europa ohne Deutschland;Ausland;200;473
2000;11;Niederlande;Europa ohne Deutschland;Ausland;464;875
2000;11;Österreich;Europa ohne Deutschland;Ausland;566;1219
2000;11;Polen;Europa ohne Deutschland;Ausland;249;579
2000;11;Schweden;Europa ohne Deutschland;Ausland;200;325
2000;11;Schweiz;Europa ohne Deutschland;Ausland;637;1576
2000;11;Russland;Europa ohne Deutschland;Ausland;449;902
2000;11;Spanien;Europa ohne Deutschland;Ausland;114;185
2000;11;Tschechische Republik;Europa ohne Deutschland;Ausland;156;284
2000;11;Großbritannien;Europa ohne Deutschland;Ausland;668;1687
2000;11;sonst.europäische Länder (o.13 Länder);Europa ohne Deutschland;Ausland;651;1380
2000;11;afrikanische Länder;Sonst. Ausland;Ausland;45;84
2000;11;USA;Amerika;Ausland;1169;3213
2000;11;Kanada;Amerika;Ausland;102;298
2000;11;amerik. Länder (o.USA, Kanada);Amerika;Ausland;90;275
2000;11;China;Asien;Ausland;126;382
2000;11;Japan;Asien;Ausland;1067;2272
2000;11;asiatische Länder (o.China, Japan);Asien;Ausland;224;591
2000;11;"Australien, Neuseeland u. Ozeanien    ";Sonst. Ausland;Ausland;109;216
2000;11;Ausländer ohne Angabe;Sonst. Ausland;Ausland;95;194
2000;12;Deutschland;Deutschland;Deutschland;93532;190288
2000;12;Belgien;Europa ohne Deutschland;Ausland;105;190
2000;12;Dänemark;Europa ohne Deutschland;Ausland;162;276
2000;12;Frankreich;Europa ohne Deutschland;Ausland;291;673
2000;12;Italien;Europa ohne Deutschland;Ausland;283;558
2000;12;Niederlande;Europa ohne Deutschland;Ausland;389;820
2000;12;Österreich;Europa ohne Deutschland;Ausland;617;1574
2000;12;Polen;Europa ohne Deutschland;Ausland;246;644
2000;12;Schweden;Europa ohne Deutschland;Ausland;51;126
2000;12;Schweiz;Europa ohne Deutschland;Ausland;1562;4375
2000;12;Russland;Europa ohne Deutschland;Ausland;196;459
2000;12;Spanien;Europa ohne Deutschland;Ausland;87;135
2000;12;Tschechische Republik;Europa ohne Deutschland;Ausland;146;220
2000;12;Großbritannien;Europa ohne Deutschland;Ausland;516;1511
2000;12;sonst.europäische Länder (o.13 Länder);Europa ohne Deutschland;Ausland;551;1189
2000;12;afrikanische Länder;Sonst. Ausland;Ausland;36;104
2000;12;USA;Amerika;Ausland;1147;2681
2000;12;Kanada;Amerika;Ausland;31;87
2000;12;amerik. Länder (o.USA, Kanada);Amerika;Ausland;105;250
2000;12;China;Asien;Ausland;49;88
2000;12;Japan;Asien;Ausland;975;1871
2000;12;asiatische Länder (o.China, Japan);Asien;Ausland;203;420
2000;12;"Australien, Neuseeland u. Ozeanien    ";Sonst. Ausland;Ausland;85;137
2000;12;Ausländer ohne Angabe;Sonst. Ausland;Ausland;59;108
2001;01;Deutschland;Deutschland;Deutschland;43097;87533
2001;01;Belgien;Europa ohne Deutschland;Ausland;157;242
2001;01;Dänemark;Europa ohne Deutschland;Ausland;54;132
2001;01;Frankreich;Europa ohne Deutschland;Ausland;211;504
2001;01;Italien;Europa ohne Deutschland;Ausland;313;553
2001;01;Niederlande;Europa ohne Deutschland;Ausland;381;749
2001;01;Österreich;Europa ohne Deutschland;Ausland;320;965
2001;01;Polen;Europa ohne Deutschland;Ausland;86;464
2001;01;Schweden;Europa ohne Deutschland;Ausland;148;223
2001;01;Schweiz;Europa ohne Deutschland;Ausland;766;2849
2001;01;Russland;Europa ohne Deutschland;Ausland;620;1149
2001;01;Spanien;Europa ohne Deutschland;Ausland;50;88
2001;01;Tschechische Republik;Europa ohne Deutschland;Ausland;74;136
2001;01;Großbritannien;Europa ohne Deutschland;Ausland;389;989
2001;01;sonst.europäische Länder (o.13 Länder);Europa ohne Deutschland;Ausland;327;737
2001;01;afrikanische Länder;Sonst. Ausland;Ausland;19;46
2001;01;USA;Amerika;Ausland;774;2282
2001;01;Kanada;Amerika;Ausland;52;90
2001;01;amerik. Länder (o.USA, Kanada);Amerika;Ausland;135;261
2001;01;China;Asien;Ausland;110;127
2001;01;Japan;Asien;Ausland;497;1150
2001;01;asiatische Länder (o.China, Japan);Asien;Ausland;188;477
2001;01;"Australien, Neuseeland u. Ozeanien    ";Sonst. Ausland;Ausland;150;252
2001;01;Ausländer ohne Angabe;Sonst. Ausland;Ausland;51;95
2001;02;Deutschland;Deutschland;Deutschland;44686;93459
2001;02;Belgien;Europa ohne Deutschland;Ausland;127;205
2001;02;Dänemark;Europa ohne Deutschland;Ausland;59;99
2001;02;Frankreich;Europa ohne Deutschland;Ausland;309;756
2001;02;Italien;Europa ohne Deutschland;Ausland;216;403
2001;02;Niederlande;Europa ohne Deutschland;Ausland;383;850
2001;02;Österreich;Europa ohne Deutschland;Ausland;451;1197
2001;02;Polen;Europa ohne Deutschland;Ausland;160;314
2001;02;Schweden;Europa ohne Deutschland;Ausland;124;180
2001;02;Schweiz;Europa ohne Deutschland;Ausland;439;1259
2001;02;Russland;Europa ohne Deutschland;Ausland;438;1206
2001;02;Spanien;Europa ohne Deutschland;Ausland;61;104
2001;02;Tschechische Republik;Europa ohne Deutschland;Ausland;257;647
2001;02;Großbritannien;Europa ohne Deutschland;Ausland;469;968
2001;02;sonst.europäische Länder (o.13 Länder);Europa ohne Deutschland;Ausland;354;1027
2001;02;afrikanische Länder;Sonst. Ausland;Ausland;47;60
2001;02;USA;Amerika;Ausland;785;2354
2001;02;Kanada;Amerika;Ausland;55;132
2001;02;amerik. Länder (o.USA, Kanada);Amerika;Ausland;99;164
2001;02;China;Asien;Ausland;14;31
2001;02;Japan;Asien;Ausland;756;1597
2001;02;asiatische Länder (o.China, Japan);Asien;Ausland;172;583
2001;02;"Australien, Neuseeland u. Ozeanien    ";Sonst. Ausland;Ausland;73;117
2001;02;Ausländer ohne Angabe;Sonst. Ausland;Ausland;76;145
2001;03;Deutschland;Deutschland;Deutschland;69696;146476
2001;03;Belgien;Europa ohne Deutschland;Ausland;193;375
2001;03;Dänemark;Europa ohne Deutschland;Ausland;207;434
2001;03;Frankreich;Europa ohne Deutschland;Ausland;348;692
2001;03;Italien;Europa ohne Deutschland;Ausland;356;575
2001;03;Niederlande;Europa ohne Deutschland;Ausland;490;1278
2001;03;Österreich;Europa ohne Deutschland;Ausland;645;1326
2001;03;Polen;Europa ohne Deutschland;Ausland;270;544
2001;03;Schweden;Europa ohne Deutschland;Ausland;132;196
2001;03;Schweiz;Europa ohne Deutschland;Ausland;608;1493
2001;03;Russland;Europa ohne Deutschland;Ausland;515;1063
2001;03;Spanien;Europa ohne Deutschland;Ausland;127;198
2001;03;Tschechische Republik;Europa ohne Deutschland;Ausland;137;255
2001;03;Großbritannien;Europa ohne Deutschland;Ausland;740;1711
2001;03;sonst.europäische Länder (o.13 Länder);Europa ohne Deutschland;Ausland;391;944
2001;03;afrikanische Länder;Sonst. Ausland;Ausland;42;137
2001;03;USA;Amerika;Ausland;1473;3569
2001;03;Kanada;Amerika;Ausland;98;190
2001;03;amerik. Länder (o.USA, Kanada);Amerika;Ausland;145;256
2001;03;China;Asien;Ausland;99;164
2001;03;Japan;Asien;Ausland;1135;2285
2001;03;asiatische Länder (o.China, Japan);Asien;Ausland;205;607
2001;03;"Australien, Neuseeland u. Ozeanien    ";Sonst. Ausland;Ausland;98;182
2001;03;Ausländer ohne Angabe;Sonst. Ausland;Ausland;131;359
2001;04;Deutschland;Deutschland;Deutschland;88034;200279
2001;04;Belgien;Europa ohne Deutschland;Ausland;327;802
2001;04;Dänemark;Europa ohne Deutschland;Ausland;641;932
2001;04;Frankreich;Europa ohne Deutschland;Ausland;595;1139
2001;04;Italien;Europa ohne Deutschland;Ausland;724;1175
2001;04;Niederlande;Europa ohne Deutschland;Ausland;602;1452
2001;04;Österreich;Europa ohne Deutschland;Ausland;1182;2624
2001;04;Polen;Europa ohne Deutschland;Ausland;208;347
2001;04;Schweden;Europa ohne Deutschland;Ausland;633;961
2001;04;Schweiz;Europa ohne Deutschland;Ausland;1092;2834
2001;04;Russland;Europa ohne Deutschland;Ausland;427;1099
2001;04;Spanien;Europa ohne Deutschland;Ausland;197;334
2001;04;Tschechische Republik;Europa ohne Deutschland;Ausland;144;370
2001;04;Großbritannien;Europa ohne Deutschland;Ausland;756;1616
2001;04;sonst.europäische Länder (o.13 Länder);Europa ohne Deutschland;Ausland;784;1848
2001;04;afrikanische Länder;Sonst. Ausland;Ausland;45;148
2001;04;USA;Amerika;Ausland;1913;4314
2001;04;Kanada;Amerika;Ausland;138;276
2001;04;amerik. Länder (o.USA, Kanada);Amerika;Ausland;429;570
2001;04;China;Asien;Ausland;152;162
2001;04;Japan;Asien;Ausland;1741;2966
2001;04;asiatische Länder (o.China, Japan);Asien;Ausland;256;563
2001;04;"Australien, Neuseeland u. Ozeanien    ";Sonst. Ausland;Ausland;147;256
2001;04;Ausländer ohne Angabe;Sonst. Ausland;Ausland;207;345
2001;05;Deutschland;Deutschland;Deutschland;109165;249428
2001;05;Belgien;Europa ohne Deutschland;Ausland;447;794
2001;05;Dänemark;Europa ohne Deutschland;Ausland;466;691
2001;05;Frankreich;Europa ohne Deutschland;Ausland;792;1599
2001;05;Italien;Europa ohne Deutschland;Ausland;705;1359
2001;05;Niederlande;Europa ohne Deutschland;Ausland;709;1526
2001;05;Österreich;Europa ohne Deutschland;Ausland;1291;3021
2001;05;Polen;Europa ohne Deutschland;Ausland;306;606
2001;05;Schweden;Europa ohne Deutschland;Ausland;618;837
2001;05;Schweiz;Europa ohne Deutschland;Ausland;1671;4539
2001;05;Russland;Europa ohne Deutschland;Ausland;587;1169
2001;05;Spanien;Europa ohne Deutschland;Ausland;256;401
2001;05;Tschechische Republik;Europa ohne Deutschland;Ausland;173;352
2001;05;Großbritannien;Europa ohne Deutschland;Ausland;1213;2411
2001;05;sonst.europäische Länder (o.13 Länder);Europa ohne Deutschland;Ausland;845;2258
2001;05;afrikanische Länder;Sonst. Ausland;Ausland;49;187
2001;05;USA;Amerika;Ausland;3002;6795
2001;05;Kanada;Amerika;Ausland;257;510
2001;05;amerik. Länder (o.USA, Kanada);Amerika;Ausland;344;767
2001;05;China;Asien;Ausland;107;126
2001;05;Japan;Asien;Ausland;2576;4277
2001;05;asiatische Länder (o.China, Japan);Asien;Ausland;418;1127
2001;05;"Australien, Neuseeland u. Ozeanien    ";Sonst. Ausland;Ausland;269;436
2001;05;Ausländer ohne Angabe;Sonst. Ausland;Ausland;232;508
2001;06;Deutschland;Deutschland;Deutschland;100739;222534
2001;06;Belgien;Europa ohne Deutschland;Ausland;447;882
2001;06;Dänemark;Europa ohne Deutschland;Ausland;493;1205
2001;06;Frankreich;Europa ohne Deutschland;Ausland;620;1363
2001;06;Italien;Europa ohne Deutschland;Ausland;840;1495
2001;06;Niederlande;Europa ohne Deutschland;Ausland;852;1756
2001;06;Österreich;Europa ohne Deutschland;Ausland;1340;2563
2001;06;Polen;Europa ohne Deutschland;Ausland;215;402
2001;06;Schweden;Europa ohne Deutschland;Ausland;487;601
2001;06;Schweiz;Europa ohne Deutschland;Ausland;1691;4087
2001;06;Russland;Europa ohne Deutschland;Ausland;240;609
2001;06;Spanien;Europa ohne Deutschland;Ausland;170;328
2001;06;Tschechische Republik;Europa ohne Deutschland;Ausland;246;365
2001;06;Großbritannien;Europa ohne Deutschland;Ausland;1599;3006
2001;06;sonst.europäische Länder (o.13 Länder);Europa ohne Deutschland;Ausland;1090;2113
2001;06;afrikanische Länder;Sonst. Ausland;Ausland;77;180
2001;06;USA;Amerika;Ausland;3386;7381
2001;06;Kanada;Amerika;Ausland;262;701
2001;06;amerik. Länder (o.USA, Kanada);Amerika;Ausland;561;1035
2001;06;China;Asien;Ausland;117;170
2001;06;Japan;Asien;Ausland;2901;4332
2001;06;asiatische Länder (o.China, Japan);Asien;Ausland;551;1723
2001;06;"Australien, Neuseeland u. Ozeanien    ";Sonst. Ausland;Ausland;274;643
2001;06;Ausländer ohne Angabe;Sonst. Ausland;Ausland;16;24
2001;07;Deutschland;Deutschland;Deutschland;75680;172376
2001;07;Belgien;Europa ohne Deutschland;Ausland;474;909
2001;07;Dänemark;Europa ohne Deutschland;Ausland;919;1378
2001;07;Frankreich;Europa ohne Deutschland;Ausland;704;1300
2001;07;Italien;Europa ohne Deutschland;Ausland;1256;2062
2001;07;Niederlande;Europa ohne Deutschland;Ausland;832;2008
2001;07;Österreich;Europa ohne Deutschland;Ausland;839;1715
2001;07;Polen;Europa ohne Deutschland;Ausland;240;407
2001;07;Schweden;Europa ohne Deutschland;Ausland;918;1149
2001;07;Schweiz;Europa ohne Deutschland;Ausland;1965;4039
2001;07;Russland;Europa ohne Deutschland;Ausland;442;600
2001;07;Spanien;Europa ohne Deutschland;Ausland;383;694
2001;07;Tschechische Republik;Europa ohne Deutschland;Ausland;160;280
2001;07;Großbritannien;Europa ohne Deutschland;Ausland;1460;2968
2001;07;sonst.europäische Länder (o.13 Länder);Europa ohne Deutschland;Ausland;1290;2293
2001;07;afrikanische Länder;Sonst. Ausland;Ausland;118;246
2001;07;USA;Amerika;Ausland;2546;5626
2001;07;Kanada;Amerika;Ausland;195;329
2001;07;amerik. Länder (o.USA, Kanada);Amerika;Ausland;534;923
2001;07;China;Asien;Ausland;175;243
2001;07;Japan;Asien;Ausland;2032;4253
2001;07;asiatische Länder (o.China, Japan);Asien;Ausland;738;1557
2001;07;"Australien, Neuseeland u. Ozeanien    ";Sonst. Ausland;Ausland;183;360
2001;07;Ausländer ohne Angabe;Sonst. Ausland;Ausland;99;170
2001;08;Deutschland;Deutschland;Deutschland;94379;205852
2001;08;Belgien;Europa ohne Deutschland;Ausland;648;1303
2001;08;Dänemark;Europa ohne Deutschland;Ausland;559;878
2001;08;Frankreich;Europa ohne Deutschland;Ausland;804;1419
2001;08;Italien;Europa ohne Deutschland;Ausland;3872;6010
2001;08;Niederlande;Europa ohne Deutschland;Ausland;766;1827
2001;08;Österreich;Europa ohne Deutschland;Ausland;1064;2249
2001;08;Polen;Europa ohne Deutschland;Ausland;225;360
2001;08;Schweden;Europa ohne Deutschland;Ausland;645;815
2001;08;Schweiz;Europa ohne Deutschland;Ausland;2104;4984
2001;08;Russland;Europa ohne Deutschland;Ausland;435;627
2001;08;Spanien;Europa ohne Deutschland;Ausland;603;1007
2001;08;Tschechische Republik;Europa ohne Deutschland;Ausland;246;847
2001;08;Großbritannien;Europa ohne Deutschland;Ausland;1401;2904
2001;08;sonst.europäische Länder (o.13 Länder);Europa ohne Deutschland;Ausland;1104;1878
2001;08;afrikanische Länder;Sonst. Ausland;Ausland;100;240
2001;08;USA;Amerika;Ausland;2308;5379
2001;08;Kanada;Amerika;Ausland;149;316
2001;08;amerik. Länder (o.USA, Kanada);Amerika;Ausland;296;560
2001;08;China;Asien;Ausland;270;401
2001;08;Japan;Asien;Ausland;2287;4332
2001;08;asiatische Länder (o.China, Japan);Asien;Ausland;609;1166
2001;08;"Australien, Neuseeland u. Ozeanien    ";Sonst. Ausland;Ausland;186;437
2001;08;Ausländer ohne Angabe;Sonst. Ausland;Ausland;136;234
2001;09;Deutschland;Deutschland;Deutschland;102083;228157
2001;09;Belgien;Europa ohne Deutschland;Ausland;433;981
2001;09;Dänemark;Europa ohne Deutschland;Ausland;801;1226
2001;09;Frankreich;Europa ohne Deutschland;Ausland;748;1528
2001;09;Italien;Europa ohne Deutschland;Ausland;835;1502
2001;09;Niederlande;Europa ohne Deutschland;Ausland;758;1661
2001;09;Österreich;Europa ohne Deutschland;Ausland;1319;2859
2001;09;Polen;Europa ohne Deutschland;Ausland;230;463
2001;09;Schweden;Europa ohne Deutschland;Ausland;882;1268
2001;09;Schweiz;Europa ohne Deutschland;Ausland;2276;5601
2001;09;Russland;Europa ohne Deutschland;Ausland;581;1523
2001;09;Spanien;Europa ohne Deutschland;Ausland;315;609
2001;09;Tschechische Republik;Europa ohne Deutschland;Ausland;288;685
2001;09;Großbritannien;Europa ohne Deutschland;Ausland;1546;3702
2001;09;sonst.europäische Länder (o.13 Länder);Europa ohne Deutschland;Ausland;1170;2781
2001;09;afrikanische Länder;Sonst. Ausland;Ausland;111;398
2001;09;USA;Amerika;Ausland;2626;7195
2001;09;Kanada;Amerika;Ausland;302;711
2001;09;amerik. Länder (o.USA, Kanada);Amerika;Ausland;552;1183
2001;09;China;Asien;Ausland;145;337
2001;09;Japan;Asien;Ausland;2198;4655
2001;09;asiatische Länder (o.China, Japan);Asien;Ausland;611;1404
2001;09;"Australien, Neuseeland u. Ozeanien    ";Sonst. Ausland;Ausland;302;662
2001;09;Ausländer ohne Angabe;Sonst. Ausland;Ausland;228;464
2001;10;Deutschland;Deutschland;Deutschland;95961;212210
2001;10;Belgien;Europa ohne Deutschland;Ausland;345;634
2001;10;Dänemark;Europa ohne Deutschland;Ausland;694;1119
2001;10;Frankreich;Europa ohne Deutschland;Ausland;682;1515
2001;10;Italien;Europa ohne Deutschland;Ausland;536;966
2001;10;Niederlande;Europa ohne Deutschland;Ausland;677;1686
2001;10;Österreich;Europa ohne Deutschland;Ausland;1011;2125
2001;10;Polen;Europa ohne Deutschland;Ausland;244;546
2001;10;Schweden;Europa ohne Deutschland;Ausland;455;703
2001;10;Schweiz;Europa ohne Deutschland;Ausland;1488;3725
2001;10;Russland;Europa ohne Deutschland;Ausland;291;814
2001;10;Spanien;Europa ohne Deutschland;Ausland;151;459
2001;10;Tschechische Republik;Europa ohne Deutschland;Ausland;238;546
2001;10;Großbritannien;Europa ohne Deutschland;Ausland;1098;2878
2001;10;sonst.europäische Länder (o.13 Länder);Europa ohne Deutschland;Ausland;618;1308
2001;10;afrikanische Länder;Sonst. Ausland;Ausland;69;185
2001;10;USA;Amerika;Ausland;1878;4564
2001;10;Kanada;Amerika;Ausland;308;614
2001;10;amerik. Länder (o.USA, Kanada);Amerika;Ausland;265;453
2001;10;China;Asien;Ausland;87;267
2001;10;Japan;Asien;Ausland;1773;3488
2001;10;asiatische Länder (o.China, Japan);Asien;Ausland;389;1044
2001;10;"Australien, Neuseeland u. Ozeanien    ";Sonst. Ausland;Ausland;136;298
2001;10;Ausländer ohne Angabe;Sonst. Ausland;Ausland;100;282
2001;11;Deutschland;Deutschland;Deutschland;80721;156869
2001;11;Belgien;Europa ohne Deutschland;Ausland;300;533
2001;11;Dänemark;Europa ohne Deutschland;Ausland;110;221
2001;11;Frankreich;Europa ohne Deutschland;Ausland;349;843
2001;11;Italien;Europa ohne Deutschland;Ausland;285;485
2001;11;Niederlande;Europa ohne Deutschland;Ausland;453;1076
2001;11;Österreich;Europa ohne Deutschland;Ausland;616;1475
2001;11;Polen;Europa ohne Deutschland;Ausland;422;674
2001;11;Schweden;Europa ohne Deutschland;Ausland;175;224
2001;11;Schweiz;Europa ohne Deutschland;Ausland;877;1995
2001;11;Russland;Europa ohne Deutschland;Ausland;430;983
2001;11;Spanien;Europa ohne Deutschland;Ausland;103;180
2001;11;Tschechische Republik;Europa ohne Deutschland;Ausland;205;322
2001;11;Großbritannien;Europa ohne Deutschland;Ausland;854;1604
2001;11;sonst.europäische Länder (o.13 Länder);Europa ohne Deutschland;Ausland;550;1536
2001;11;afrikanische Länder;Sonst. Ausland;Ausland;60;196
2001;11;USA;Amerika;Ausland;1120;2907
2001;11;Kanada;Amerika;Ausland;71;120
2001;11;amerik. Länder (o.USA, Kanada);Amerika;Ausland;186;373
2001;11;China;Asien;Ausland;52;78
2001;11;Japan;Asien;Ausland;497;1719
2001;11;asiatische Länder (o.China, Japan);Asien;Ausland;257;579
2001;11;"Australien, Neuseeland u. Ozeanien    ";Sonst. Ausland;Ausland;74;126
2001;11;Ausländer ohne Angabe;Sonst. Ausland;Ausland;179;271
2001;12;Deutschland;Deutschland;Deutschland;89541;187300
2001;12;Belgien;Europa ohne Deutschland;Ausland;163;294
2001;12;Dänemark;Europa ohne Deutschland;Ausland;93;132
2001;12;Frankreich;Europa ohne Deutschland;Ausland;271;587
2001;12;Italien;Europa ohne Deutschland;Ausland;291;575
2001;12;Niederlande;Europa ohne Deutschland;Ausland;503;1111
2001;12;Österreich;Europa ohne Deutschland;Ausland;436;1122
2001;12;Polen;Europa ohne Deutschland;Ausland;144;300
2001;12;Schweden;Europa ohne Deutschland;Ausland;49;91
2001;12;Schweiz;Europa ohne Deutschland;Ausland;1458;4422
2001;12;Russland;Europa ohne Deutschland;Ausland;225;468
2001;12;Spanien;Europa ohne Deutschland;Ausland;71;155
2001;12;Tschechische Republik;Europa ohne Deutschland;Ausland;135;292
2001;12;Großbritannien;Europa ohne Deutschland;Ausland;634;1316
2001;12;sonst.europäische Länder (o.13 Länder);Europa ohne Deutschland;Ausland;440;1088
2001;12;afrikanische Länder;Sonst. Ausland;Ausland;21;96
2001;12;USA;Amerika;Ausland;1041;2365
2001;12;Kanada;Amerika;Ausland;59;110
2001;12;amerik. Länder (o.USA, Kanada);Amerika;Ausland;122;212
2001;12;China;Asien;Ausland;80;145
2001;12;Japan;Asien;Ausland;705;1664
2001;12;asiatische Länder (o.China, Japan);Asien;Ausland;166;349
2001;12;"Australien, Neuseeland u. Ozeanien    ";Sonst. Ausland;Ausland;92;161
2001;12;Ausländer ohne Angabe;Sonst. Ausland;Ausland;54;149
2002;01;Deutschland;Deutschland;Deutschland;39547;77080
2002;01;Belgien;Europa ohne Deutschland;Ausland;115;198
2002;01;Dänemark;Europa ohne Deutschland;Ausland;45;86
2002;01;Frankreich;Europa ohne Deutschland;Ausland;209;451
2002;01;Italien;Europa ohne Deutschland;Ausland;217;511
2002;01;Niederlande;Europa ohne Deutschland;Ausland;445;1008
2002;01;Österreich;Europa ohne Deutschland;Ausland;350;610
2002;01;Polen;Europa ohne Deutschland;Ausland;151;276
2002;01;Schweden;Europa ohne Deutschland;Ausland;97;141
2002;01;Schweiz;Europa ohne Deutschland;Ausland;330;876
2002;01;Russland;Europa ohne Deutschland;Ausland;281;440
2002;01;Spanien;Europa ohne Deutschland;Ausland;59;121
2002;01;Tschechische Republik;Europa ohne Deutschland;Ausland;131;343
2002;01;Großbritannien;Europa ohne Deutschland;Ausland;327;930
2002;01;sonst.europäische Länder (o.13 Länder);Europa ohne Deutschland;Ausland;403;667
2002;01;afrikanische Länder;Sonst. Ausland;Ausland;3;4
2002;01;USA;Amerika;Ausland;874;2657
2002;01;Kanada;Amerika;Ausland;59;116
2002;01;amerik. Länder (o.USA, Kanada);Amerika;Ausland;96;172
2002;01;China;Asien;Ausland;28;157
2002;01;Japan;Asien;Ausland;277;862
2002;01;asiatische Länder (o.China, Japan);Asien;Ausland;160;318
2002;01;"Australien, Neuseeland u. Ozeanien    ";Sonst. Ausland;Ausland;117;295
2002;01;Ausländer ohne Angabe;Sonst. Ausland;Ausland;89;136
2002;02;Deutschland;Deutschland;Deutschland;46123;90990
2002;02;Belgien;Europa ohne Deutschland;Ausland;153;243
2002;02;Dänemark;Europa ohne Deutschland;Ausland;72;123
2002;02;Frankreich;Europa ohne Deutschland;Ausland;204;447
2002;02;Italien;Europa ohne Deutschland;Ausland;203;480
2002;02;Niederlande;Europa ohne Deutschland;Ausland;541;1096
2002;02;Österreich;Europa ohne Deutschland;Ausland;410;1234
2002;02;Polen;Europa ohne Deutschland;Ausland;219;461
2002;02;Schweden;Europa ohne Deutschland;Ausland;68;114
2002;02;Schweiz;Europa ohne Deutschland;Ausland;1248;3372
2002;02;Russland;Europa ohne Deutschland;Ausland;190;375
2002;02;Spanien;Europa ohne Deutschland;Ausland;75;174
2002;02;Tschechische Republik;Europa ohne Deutschland;Ausland;165;709
2002;02;Großbritannien;Europa ohne Deutschland;Ausland;425;898
2002;02;sonst.europäische Länder (o.13 Länder);Europa ohne Deutschland;Ausland;373;1080
2002;02;afrikanische Länder;Sonst. Ausland;Ausland;26;62
2002;02;USA;Amerika;Ausland;854;2401
2002;02;Kanada;Amerika;Ausland;49;75
2002;02;amerik. Länder (o.USA, Kanada);Amerika;Ausland;144;219
2002;02;China;Asien;Ausland;49;131
2002;02;Japan;Asien;Ausland;419;1201
2002;02;asiatische Länder (o.China, Japan);Asien;Ausland;138;391
2002;02;"Australien, Neuseeland u. Ozeanien    ";Sonst. Ausland;Ausland;62;126
2002;02;Ausländer ohne Angabe;Sonst. Ausland;Ausland;82;372
2002;03;Deutschland;Deutschland;Deutschland;70798;151379
2002;03;Belgien;Europa ohne Deutschland;Ausland;175;300
2002;03;Dänemark;Europa ohne Deutschland;Ausland;425;940
2002;03;Frankreich;Europa ohne Deutschland;Ausland;427;859
2002;03;Italien;Europa ohne Deutschland;Ausland;315;661
2002;03;Niederlande;Europa ohne Deutschland;Ausland;508;1140
2002;03;Österreich;Europa ohne Deutschland;Ausland;623;1341
2002;03;Polen;Europa ohne Deutschland;Ausland;178;266
2002;03;Schweden;Europa ohne Deutschland;Ausland;375;558
2002;03;Schweiz;Europa ohne Deutschland;Ausland;694;1693
2002;03;Russland;Europa ohne Deutschland;Ausland;573;1204
2002;03;Spanien;Europa ohne Deutschland;Ausland;261;450
2002;03;Tschechische Republik;Europa ohne Deutschland;Ausland;142;591
2002;03;Großbritannien;Europa ohne Deutschland;Ausland;723;1507
2002;03;sonst.europäische Länder (o.13 Länder);Europa ohne Deutschland;Ausland;606;1599
2002;03;afrikanische Länder;Sonst. Ausland;Ausland;27;48
2002;03;USA;Amerika;Ausland;1320;3445
2002;03;Kanada;Amerika;Ausland;97;161
2002;03;amerik. Länder (o.USA, Kanada);Amerika;Ausland;229;430
2002;03;China;Asien;Ausland;105;213
2002;03;Japan;Asien;Ausland;1022;2288
2002;03;asiatische Länder (o.China, Japan);Asien;Ausland;254;667
2002;03;"Australien, Neuseeland u. Ozeanien    ";Sonst. Ausland;Ausland;96;201
2002;03;Ausländer ohne Angabe;Sonst. Ausland;Ausland;187;282
2002;04;Deutschland;Deutschland;Deutschland;85249;186649
2002;04;Belgien;Europa ohne Deutschland;Ausland;432;795
2002;04;Dänemark;Europa ohne Deutschland;Ausland;484;688
2002;04;Frankreich;Europa ohne Deutschland;Ausland;563;1253
2002;04;Italien;Europa ohne Deutschland;Ausland;889;1185
2002;04;Niederlande;Europa ohne Deutschland;Ausland;796;2306
2002;04;Österreich;Europa ohne Deutschland;Ausland;910;1749
2002;04;Polen;Europa ohne Deutschland;Ausland;283;404
2002;04;Schweden;Europa ohne Deutschland;Ausland;485;579
2002;04;Schweiz;Europa ohne Deutschland;Ausland;1201;2775
2002;04;Russland;Europa ohne Deutschland;Ausland;390;840
2002;04;Spanien;Europa ohne Deutschland;Ausland;127;206
2002;04;Tschechische Republik;Europa ohne Deutschland;Ausland;243;1085
2002;04;Großbritannien;Europa ohne Deutschland;Ausland;668;1601
2002;04;sonst.europäische Länder (o.13 Länder);Europa ohne Deutschland;Ausland;682;1675
2002;04;afrikanische Länder;Sonst. Ausland;Ausland;52;97
2002;04;USA;Amerika;Ausland;1398;3804
2002;04;Kanada;Amerika;Ausland;115;248
2002;04;amerik. Länder (o.USA, Kanada);Amerika;Ausland;241;438
2002;04;China;Asien;Ausland;126;253
2002;04;Japan;Asien;Ausland;2184;3366
2002;04;asiatische Länder (o.China, Japan);Asien;Ausland;398;997
2002;04;"Australien, Neuseeland u. Ozeanien    ";Sonst. Ausland;Ausland;119;232
2002;04;Ausländer ohne Angabe;Sonst. Ausland;Ausland;214;360
2002;05;Deutschland;Deutschland;Deutschland;106530;245236
2002;05;Belgien;Europa ohne Deutschland;Ausland;552;1068
2002;05;Dänemark;Europa ohne Deutschland;Ausland;399;785
2002;05;Frankreich;Europa ohne Deutschland;Ausland;698;1805
2002;05;Italien;Europa ohne Deutschland;Ausland;820;1361
2002;05;Niederlande;Europa ohne Deutschland;Ausland;600;1749
2002;05;Österreich;Europa ohne Deutschland;Ausland;1303;3016
2002;05;Polen;Europa ohne Deutschland;Ausland;271;449
2002;05;Schweden;Europa ohne Deutschland;Ausland;703;1001
2002;05;Schweiz;Europa ohne Deutschland;Ausland;1707;4949
2002;05;Russland;Europa ohne Deutschland;Ausland;435;805
2002;05;Spanien;Europa ohne Deutschland;Ausland;319;615
2002;05;Tschechische Republik;Europa ohne Deutschland;Ausland;226;581
2002;05;Großbritannien;Europa ohne Deutschland;Ausland;1440;3240
2002;05;sonst.europäische Länder (o.13 Länder);Europa ohne Deutschland;Ausland;831;2357
2002;05;afrikanische Länder;Sonst. Ausland;Ausland;63;161
2002;05;USA;Amerika;Ausland;2119;5301
2002;05;Kanada;Amerika;Ausland;225;476
2002;05;amerik. Länder (o.USA, Kanada);Amerika;Ausland;280;590
2002;05;China;Asien;Ausland;63;103
2002;05;Japan;Asien;Ausland;2469;3730
2002;05;asiatische Länder (o.China, Japan);Asien;Ausland;532;1367
2002;05;"Australien, Neuseeland u. Ozeanien    ";Sonst. Ausland;Ausland;179;379
2002;05;Ausländer ohne Angabe;Sonst. Ausland;Ausland;205;369
2002;06;Deutschland;Deutschland;Deutschland;95975;210749
2002;06;Belgien;Europa ohne Deutschland;Ausland;420;823
2002;06;Dänemark;Europa ohne Deutschland;Ausland;371;504
2002;06;Frankreich;Europa ohne Deutschland;Ausland;886;1953
2002;06;Italien;Europa ohne Deutschland;Ausland;884;1485
2002;06;Niederlande;Europa ohne Deutschland;Ausland;823;1859
2002;06;Österreich;Europa ohne Deutschland;Ausland;1131;2436
2002;06;Polen;Europa ohne Deutschland;Ausland;325;531
2002;06;Schweden;Europa ohne Deutschland;Ausland;529;634
2002;06;Schweiz;Europa ohne Deutschland;Ausland;1289;3925
2002;06;Russland;Europa ohne Deutschland;Ausland;301;454
2002;06;Spanien;Europa ohne Deutschland;Ausland;242;635
2002;06;Tschechische Republik;Europa ohne Deutschland;Ausland;254;850
2002;06;Großbritannien;Europa ohne Deutschland;Ausland;1760;3678
2002;06;sonst.europäische Länder (o.13 Länder);Europa ohne Deutschland;Ausland;1135;2238
2002;06;afrikanische Länder;Sonst. Ausland;Ausland;111;267
2002;06;USA;Amerika;Ausland;2879;6154
2002;06;Kanada;Amerika;Ausland;186;347
2002;06;amerik. Länder (o.USA, Kanada);Amerika;Ausland;380;764
2002;06;China;Asien;Ausland;54;111
2002;06;Japan;Asien;Ausland;2657;3806
2002;06;asiatische Länder (o.China, Japan);Asien;Ausland;598;1358
2002;06;"Australien, Neuseeland u. Ozeanien    ";Sonst. Ausland;Ausland;235;415
2002;06;Ausländer ohne Angabe;Sonst. Ausland;Ausland;249;449
2002;07;Deutschland;Deutschland;Deutschland;80753;180979
2002;07;Belgien;Europa ohne Deutschland;Ausland;488;901
2002;07;Dänemark;Europa ohne Deutschland;Ausland;657;1344
2002;07;Frankreich;Europa ohne Deutschland;Ausland;864;1447
2002;07;Italien;Europa ohne Deutschland;Ausland;1208;1825
2002;07;Niederlande;Europa ohne Deutschland;Ausland;815;1794
2002;07;Österreich;Europa ohne Deutschland;Ausland;1183;2315
2002;07;Polen;Europa ohne Deutschland;Ausland;257;421
2002;07;Schweden;Europa ohne Deutschland;Ausland;782;888
2002;07;Schweiz;Europa ohne Deutschland;Ausland;1381;3145
2002;07;Russland;Europa ohne Deutschland;Ausland;683;1709
2002;07;Spanien;Europa ohne Deutschland;Ausland;393;1095
2002;07;Tschechische Republik;Europa ohne Deutschland;Ausland;320;812
2002;07;Großbritannien;Europa ohne Deutschland;Ausland;1664;3494
2002;07;sonst.europäische Länder (o.13 Länder);Europa ohne Deutschland;Ausland;1566;3008
2002;07;afrikanische Länder;Sonst. Ausland;Ausland;131;269
2002;07;USA;Amerika;Ausland;2471;5043
2002;07;Kanada;Amerika;Ausland;207;461
2002;07;amerik. Länder (o.USA, Kanada);Amerika;Ausland;432;749
2002;07;China;Asien;Ausland;92;267
2002;07;Japan;Asien;Ausland;1742;2984
2002;07;asiatische Länder (o.China, Japan);Asien;Ausland;855;1981
2002;07;"Australien, Neuseeland u. Ozeanien    ";Sonst. Ausland;Ausland;249;532
2002;07;Ausländer ohne Angabe;Sonst. Ausland;Ausland;319;889
2002;08;Deutschland;Deutschland;Deutschland;57996;129853
2002;08;Belgien;Europa ohne Deutschland;Ausland;380;560
2002;08;Dänemark;Europa ohne Deutschland;Ausland;272;590
2002;08;Frankreich;Europa ohne Deutschland;Ausland;619;1253
2002;08;Italien;Europa ohne Deutschland;Ausland;2204;3225
2002;08;Niederlande;Europa ohne Deutschland;Ausland;531;1156
2002;08;Österreich;Europa ohne Deutschland;Ausland;531;894
2002;08;Polen;Europa ohne Deutschland;Ausland;130;212
2002;08;Schweden;Europa ohne Deutschland;Ausland;268;351
2002;08;Schweiz;Europa ohne Deutschland;Ausland;1012;2659
2002;08;Russland;Europa ohne Deutschland;Ausland;428;714
2002;08;Spanien;Europa ohne Deutschland;Ausland;554;880
2002;08;Tschechische Republik;Europa ohne Deutschland;Ausland;285;674
2002;08;Großbritannien;Europa ohne Deutschland;Ausland;926;2036
2002;08;sonst.europäische Länder (o.13 Länder);Europa ohne Deutschland;Ausland;619;1112
2002;08;afrikanische Länder;Sonst. Ausland;Ausland;25;56
2002;08;USA;Amerika;Ausland;887;2473
2002;08;Kanada;Amerika;Ausland;115;327
2002;08;amerik. Länder (o.USA, Kanada);Amerika;Ausland;204;548
2002;08;China;Asien;Ausland;57;228
2002;08;Japan;Asien;Ausland;1175;1704
2002;08;asiatische Länder (o.China, Japan);Asien;Ausland;662;1032
2002;08;"Australien, Neuseeland u. Ozeanien    ";Sonst. Ausland;Ausland;167;334
2002;08;Ausländer ohne Angabe;Sonst. Ausland;Ausland;267;381
2002;09;Deutschland;Deutschland;Deutschland;59426;128126
2002;09;Belgien;Europa ohne Deutschland;Ausland;309;505
2002;09;Dänemark;Europa ohne Deutschland;Ausland;177;235
2002;09;Frankreich;Europa ohne Deutschland;Ausland;776;1372
2002;09;Italien;Europa ohne Deutschland;Ausland;607;1011
2002;09;Niederlande;Europa ohne Deutschland;Ausland;583;1111
2002;09;Österreich;Europa ohne Deutschland;Ausland;758;1447
2002;09;Polen;Europa ohne Deutschland;Ausland;163;256
2002;09;Schweden;Europa ohne Deutschland;Ausland;340;416
2002;09;Schweiz;Europa ohne Deutschland;Ausland;647;1358
2002;09;Russland;Europa ohne Deutschland;Ausland;219;608
2002;09;Spanien;Europa ohne Deutschland;Ausland;373;652
2002;09;Tschechische Republik;Europa ohne Deutschland;Ausland;188;696
2002;09;Großbritannien;Europa ohne Deutschland;Ausland;1311;2714
2002;09;sonst.europäische Länder (o.13 Länder);Europa ohne Deutschland;Ausland;605;1240
2002;09;afrikanische Länder;Sonst. Ausland;Ausland;61;94
2002;09;USA;Amerika;Ausland;1811;4647
2002;09;Kanada;Amerika;Ausland;133;282
2002;09;amerik. Länder (o.USA, Kanada);Amerika;Ausland;210;408
2002;09;China;Asien;Ausland;80;436
2002;09;Japan;Asien;Ausland;1275;1878
2002;09;asiatische Länder (o.China, Japan);Asien;Ausland;568;1030
2002;09;"Australien, Neuseeland u. Ozeanien    ";Sonst. Ausland;Ausland;147;288
2002;09;Ausländer ohne Angabe;Sonst. Ausland;Ausland;313;590
2002;10;Deutschland;Deutschland;Deutschland;65389;146202
2002;10;Belgien;Europa ohne Deutschland;Ausland;252;614
2002;10;Dänemark;Europa ohne Deutschland;Ausland;146;193
2002;10;Frankreich;Europa ohne Deutschland;Ausland;511;1158
2002;10;Italien;Europa ohne Deutschland;Ausland;384;583
2002;10;Niederlande;Europa ohne Deutschland;Ausland;562;1321
2002;10;Österreich;Europa ohne Deutschland;Ausland;545;1139
2002;10;Polen;Europa ohne Deutschland;Ausland;184;288
2002;10;Schweden;Europa ohne Deutschland;Ausland;255;361
2002;10;Schweiz;Europa ohne Deutschland;Ausland;662;1552
2002;10;Russland;Europa ohne Deutschland;Ausland;200;965
2002;10;Spanien;Europa ohne Deutschland;Ausland;160;293
2002;10;Tschechische Republik;Europa ohne Deutschland;Ausland;199;851
2002;10;Großbritannien;Europa ohne Deutschland;Ausland;1092;2272
2002;10;sonst.europäische Länder (o.13 Länder);Europa ohne Deutschland;Ausland;491;1884
2002;10;afrikanische Länder;Sonst. Ausland;Ausland;88;320
2002;10;USA;Amerika;Ausland;1560;4688
2002;10;Kanada;Amerika;Ausland;117;228
2002;10;amerik. Länder (o.USA, Kanada);Amerika;Ausland;401;1152
2002;10;China;Asien;Ausland;85;137
2002;10;Japan;Asien;Ausland;1377;2094
2002;10;asiatische Länder (o.China, Japan);Asien;Ausland;512;1065
2002;10;"Australien, Neuseeland u. Ozeanien    ";Sonst. Ausland;Ausland;158;284
2002;10;Ausländer ohne Angabe;Sonst. Ausland;Ausland;276;483
2002;11;Deutschland;Deutschland;Deutschland;59987;118744
2002;11;Belgien;Europa ohne Deutschland;Ausland;148;262
2002;11;Dänemark;Europa ohne Deutschland;Ausland;64;132
2002;11;Frankreich;Europa ohne Deutschland;Ausland;318;761
2002;11;Italien;Europa ohne Deutschland;Ausland;313;676
2002;11;Niederlande;Europa ohne Deutschland;Ausland;380;1046
2002;11;Österreich;Europa ohne Deutschland;Ausland;463;1027
2002;11;Polen;Europa ohne Deutschland;Ausland;243;373
2002;11;Schweden;Europa ohne Deutschland;Ausland;125;347
2002;11;Schweiz;Europa ohne Deutschland;Ausland;615;1670
2002;11;Russland;Europa ohne Deutschland;Ausland;142;398
2002;11;Spanien;Europa ohne Deutschland;Ausland;115;227
2002;11;Tschechische Republik;Europa ohne Deutschland;Ausland;397;1511
2002;11;Großbritannien;Europa ohne Deutschland;Ausland;448;1362
2002;11;sonst.europäische Länder (o.13 Länder);Europa ohne Deutschland;Ausland;926;2360
2002;11;afrikanische Länder;Sonst. Ausland;Ausland;23;50
2002;11;USA;Amerika;Ausland;984;3187
2002;11;Kanada;Amerika;Ausland;87;208
2002;11;amerik. Länder (o.USA, Kanada);Amerika;Ausland;83;213
2002;11;China;Asien;Ausland;93;167
2002;11;Japan;Asien;Ausland;672;1393
2002;11;asiatische Länder (o.China, Japan);Asien;Ausland;440;880
2002;11;"Australien, Neuseeland u. Ozeanien    ";Sonst. Ausland;Ausland;69;148
2002;11;Ausländer ohne Angabe;Sonst. Ausland;Ausland;316;563
2002;12;Deutschland;Deutschland;Deutschland;71092;144804
2002;12;Belgien;Europa ohne Deutschland;Ausland;220;373
2002;12;Dänemark;Europa ohne Deutschland;Ausland;69;159
2002;12;Frankreich;Europa ohne Deutschland;Ausland;367;777
2002;12;Italien;Europa ohne Deutschland;Ausland;318;569
2002;12;Niederlande;Europa ohne Deutschland;Ausland;476;1076
2002;12;Österreich;Europa ohne Deutschland;Ausland;547;1334
2002;12;Polen;Europa ohne Deutschland;Ausland;186;252
2002;12;Schweden;Europa ohne Deutschland;Ausland;69;118
2002;12;Schweiz;Europa ohne Deutschland;Ausland;1045;2643
2002;12;Russland;Europa ohne Deutschland;Ausland;199;964
2002;12;Spanien;Europa ohne Deutschland;Ausland;143;211
2002;12;Tschechische Republik;Europa ohne Deutschland;Ausland;133;379
2002;12;Großbritannien;Europa ohne Deutschland;Ausland;630;1516
2002;12;sonst.europäische Länder (o.13 Länder);Europa ohne Deutschland;Ausland;535;1261
2002;12;afrikanische Länder;Sonst. Ausland;Ausland;23;80
2002;12;USA;Amerika;Ausland;880;2500
2002;12;Kanada;Amerika;Ausland;70;146
2002;12;amerik. Länder (o.USA, Kanada);Amerika;Ausland;132;281
2002;12;China;Asien;Ausland;55;69
2002;12;Japan;Asien;Ausland;1342;2662
2002;12;asiatische Länder (o.China, Japan);Asien;Ausland;236;556
2002;12;"Australien, Neuseeland u. Ozeanien    ";Sonst. Ausland;Ausland;119;269
2002;12;Ausländer ohne Angabe;Sonst. Ausland;Ausland;253;519
2003;01;Deutschland;Deutschland;Deutschland;32144;66084
2003;01;Belgien;Europa ohne Deutschland;Ausland;201;580
2003;01;Dänemark;Europa ohne Deutschland;Ausland;70;144
2003;01;Frankreich;Europa ohne Deutschland;Ausland;191;458
2003;01;Italien;Europa ohne Deutschland;Ausland;475;1138
2003;01;Niederlande;Europa ohne Deutschland;Ausland;305;566
2003;01;Österreich;Europa ohne Deutschland;Ausland;272;572
2003;01;Polen;Europa ohne Deutschland;Ausland;158;235
2003;01;Schweden;Europa ohne Deutschland;Ausland;35;61
2003;01;Schweiz;Europa ohne Deutschland;Ausland;284;689
2003;01;Russland;Europa ohne Deutschland;Ausland;256;550
2003;01;Spanien;Europa ohne Deutschland;Ausland;70;227
2003;01;Tschechische Republik;Europa ohne Deutschland;Ausland;225;754
2003;01;Großbritannien;Europa ohne Deutschland;Ausland;335;832
2003;01;sonst.europäische Länder (o.13 Länder);Europa ohne Deutschland;Ausland;655;1151
2003;01;afrikanische Länder;Sonst. Ausland;Ausland;13;43
2003;01;USA;Amerika;Ausland;669;2469
2003;01;Kanada;Amerika;Ausland;66;99
2003;01;amerik. Länder (o.USA, Kanada);Amerika;Ausland;172;435
2003;01;China;Asien;Ausland;58;98
2003;01;Japan;Asien;Ausland;554;966
2003;01;asiatische Länder (o.China, Japan);Asien;Ausland;205;413
2003;01;"Australien, Neuseeland u. Ozeanien    ";Sonst. Ausland;Ausland;114;161
2003;01;Ausländer ohne Angabe;Sonst. Ausland;Ausland;72;183
2003;02;Deutschland;Deutschland;Deutschland;39289;76980
2003;02;Belgien;Europa ohne Deutschland;Ausland;118;203
2003;02;Dänemark;Europa ohne Deutschland;Ausland;94;149
2003;02;Frankreich;Europa ohne Deutschland;Ausland;309;562
2003;02;Italien;Europa ohne Deutschland;Ausland;225;473
2003;02;Niederlande;Europa ohne Deutschland;Ausland;548;859
2003;02;Österreich;Europa ohne Deutschland;Ausland;387;980
2003;02;Polen;Europa ohne Deutschland;Ausland;217;361
2003;02;Schweden;Europa ohne Deutschland;Ausland;77;115
2003;02;Schweiz;Europa ohne Deutschland;Ausland;530;1482
2003;02;Russland;Europa ohne Deutschland;Ausland;110;323
2003;02;Spanien;Europa ohne Deutschland;Ausland;109;295
2003;02;Tschechische Republik;Europa ohne Deutschland;Ausland;137;420
2003;02;Großbritannien;Europa ohne Deutschland;Ausland;475;906
2003;02;sonst.europäische Länder (o.13 Länder);Europa ohne Deutschland;Ausland;383;962
2003;02;afrikanische Länder;Sonst. Ausland;Ausland;25;44
2003;02;USA;Amerika;Ausland;964;2223
2003;02;Kanada;Amerika;Ausland;48;92
2003;02;amerik. Länder (o.USA, Kanada);Amerika;Ausland;45;98
2003;02;China;Asien;Ausland;52;113
2003;02;Japan;Asien;Ausland;628;1054
2003;02;asiatische Länder (o.China, Japan);Asien;Ausland;187;384
2003;02;"Australien, Neuseeland u. Ozeanien    ";Sonst. Ausland;Ausland;79;141
2003;02;Ausländer ohne Angabe;Sonst. Ausland;Ausland;63;108
2003;03;Deutschland;Deutschland;Deutschland;61503;129206
2003;03;Belgien;Europa ohne Deutschland;Ausland;260;378
2003;03;Dänemark;Europa ohne Deutschland;Ausland;193;373
2003;03;Frankreich;Europa ohne Deutschland;Ausland;520;932
2003;03;Italien;Europa ohne Deutschland;Ausland;556;943
2003;03;Niederlande;Europa ohne Deutschland;Ausland;499;1033
2003;03;Österreich;Europa ohne Deutschland;Ausland;620;1380
2003;03;Polen;Europa ohne Deutschland;Ausland;198;357
2003;03;Schweden;Europa ohne Deutschland;Ausland;111;168
2003;03;Schweiz;Europa ohne Deutschland;Ausland;549;1241
2003;03;Russland;Europa ohne Deutschland;Ausland;229;640
2003;03;Spanien;Europa ohne Deutschland;Ausland;144;398
2003;03;Tschechische Republik;Europa ohne Deutschland;Ausland;289;1023
2003;03;Großbritannien;Europa ohne Deutschland;Ausland;573;1449
2003;03;sonst.europäische Länder (o.13 Länder);Europa ohne Deutschland;Ausland;756;1674
2003;03;afrikanische Länder;Sonst. Ausland;Ausland;67;289
2003;03;USA;Amerika;Ausland;1371;3027
2003;03;Kanada;Amerika;Ausland;112;197
2003;03;amerik. Länder (o.USA, Kanada);Amerika;Ausland;86;161
2003;03;China;Asien;Ausland;67;245
2003;03;Japan;Asien;Ausland;1152;1807
2003;03;asiatische Länder (o.China, Japan);Asien;Ausland;286;536
2003;03;"Australien, Neuseeland u. Ozeanien    ";Sonst. Ausland;Ausland;114;184
2003;03;Ausländer ohne Angabe;Sonst. Ausland;Ausland;102;183
2003;04;Deutschland;Deutschland;Deutschland;71137;155587
2003;04;Belgien;Europa ohne Deutschland;Ausland;308;590
2003;04;Dänemark;Europa ohne Deutschland;Ausland;366;870
2003;04;Frankreich;Europa ohne Deutschland;Ausland;657;1247
2003;04;Italien;Europa ohne Deutschland;Ausland;1016;1641
2003;04;Niederlande;Europa ohne Deutschland;Ausland;535;1165
2003;04;Österreich;Europa ohne Deutschland;Ausland;969;2274
2003;04;Polen;Europa ohne Deutschland;Ausland;199;272
2003;04;Schweden;Europa ohne Deutschland;Ausland;701;888
2003;04;Schweiz;Europa ohne Deutschland;Ausland;1065;2355
2003;04;Russland;Europa ohne Deutschland;Ausland;202;680
2003;04;Spanien;Europa ohne Deutschland;Ausland;358;756
2003;04;Tschechische Republik;Europa ohne Deutschland;Ausland;181;519
2003;04;Großbritannien;Europa ohne Deutschland;Ausland;791;1612
2003;04;sonst.europäische Länder (o.13 Länder);Europa ohne Deutschland;Ausland;809;1532
2003;04;afrikanische Länder;Sonst. Ausland;Ausland;43;100
2003;04;USA;Amerika;Ausland;1172;2573
2003;04;Kanada;Amerika;Ausland;138;272
2003;04;amerik. Länder (o.USA, Kanada);Amerika;Ausland;175;325
2003;04;China;Asien;Ausland;83;125
2003;04;Japan;Asien;Ausland;1593;2311
2003;04;asiatische Länder (o.China, Japan);Asien;Ausland;314;738
2003;04;"Australien, Neuseeland u. Ozeanien    ";Sonst. Ausland;Ausland;121;245
2003;04;Ausländer ohne Angabe;Sonst. Ausland;Ausland;100;205
2003;05;Deutschland;Deutschland;Deutschland;103736;234460
2003;05;Belgien;Europa ohne Deutschland;Ausland;448;824
2003;05;Dänemark;Europa ohne Deutschland;Ausland;271;568
2003;05;Frankreich;Europa ohne Deutschland;Ausland;863;1650
2003;05;Italien;Europa ohne Deutschland;Ausland;960;1578
2003;05;Niederlande;Europa ohne Deutschland;Ausland;1144;3132
2003;05;Österreich;Europa ohne Deutschland;Ausland;1261;2907
2003;05;Polen;Europa ohne Deutschland;Ausland;377;594
2003;05;Schweden;Europa ohne Deutschland;Ausland;615;889
2003;05;Schweiz;Europa ohne Deutschland;Ausland;1544;4284
2003;05;Russland;Europa ohne Deutschland;Ausland;365;1554
2003;05;Spanien;Europa ohne Deutschland;Ausland;277;750
2003;05;Tschechische Republik;Europa ohne Deutschland;Ausland;330;627
2003;05;Großbritannien;Europa ohne Deutschland;Ausland;1151;2611
2003;05;sonst.europäische Länder (o.13 Länder);Europa ohne Deutschland;Ausland;942;2012
2003;05;afrikanische Länder;Sonst. Ausland;Ausland;73;136
2003;05;USA;Amerika;Ausland;2084;4991
2003;05;Kanada;Amerika;Ausland;184;431
2003;05;amerik. Länder (o.USA, Kanada);Amerika;Ausland;237;603
2003;05;China;Asien;Ausland;53;97
2003;05;Japan;Asien;Ausland;1757;2711
2003;05;asiatische Länder (o.China, Japan);Asien;Ausland;572;1263
2003;05;"Australien, Neuseeland u. Ozeanien    ";Sonst. Ausland;Ausland;209;439
2003;05;Ausländer ohne Angabe;Sonst. Ausland;Ausland;138;273
2003;06;Deutschland;Deutschland;Deutschland;89634;198051
2003;06;Belgien;Europa ohne Deutschland;Ausland;591;1127
2003;06;Dänemark;Europa ohne Deutschland;Ausland;616;762
2003;06;Frankreich;Europa ohne Deutschland;Ausland;949;1735
2003;06;Italien;Europa ohne Deutschland;Ausland;1009;1590
2003;06;Niederlande;Europa ohne Deutschland;Ausland;1051;2807
2003;06;Österreich;Europa ohne Deutschland;Ausland;1067;2247
2003;06;Polen;Europa ohne Deutschland;Ausland;250;448
2003;06;Schweden;Europa ohne Deutschland;Ausland;521;627
2003;06;Schweiz;Europa ohne Deutschland;Ausland;1487;3321
2003;06;Russland;Europa ohne Deutschland;Ausland;242;814
2003;06;Spanien;Europa ohne Deutschland;Ausland;298;713
2003;06;Tschechische Republik;Europa ohne Deutschland;Ausland;200;437
2003;06;Großbritannien;Europa ohne Deutschland;Ausland;1356;2551
2003;06;sonst.europäische Länder (o.13 Länder);Europa ohne Deutschland;Ausland;1129;2174
2003;06;afrikanische Länder;Sonst. Ausland;Ausland;72;127
2003;06;USA;Amerika;Ausland;2467;5329
2003;06;Kanada;Amerika;Ausland;217;445
2003;06;amerik. Länder (o.USA, Kanada);Amerika;Ausland;289;569
2003;06;China;Asien;Ausland;36;62
2003;06;Japan;Asien;Ausland;2123;3103
2003;06;asiatische Länder (o.China, Japan);Asien;Ausland;838;1381
2003;06;"Australien, Neuseeland u. Ozeanien    ";Sonst. Ausland;Ausland;171;271
2003;06;Ausländer ohne Angabe;Sonst. Ausland;Ausland;169;302
2003;07;Deutschland;Deutschland;Deutschland;81041;180332
2003;07;Belgien;Europa ohne Deutschland;Ausland;502;841
2003;07;Dänemark;Europa ohne Deutschland;Ausland;889;1267
2003;07;Frankreich;Europa ohne Deutschland;Ausland;968;1831
2003;07;Italien;Europa ohne Deutschland;Ausland;1550;2743
2003;07;Niederlande;Europa ohne Deutschland;Ausland;1419;3241
2003;07;Österreich;Europa ohne Deutschland;Ausland;1386;2770
2003;07;Polen;Europa ohne Deutschland;Ausland;300;474
2003;07;Schweden;Europa ohne Deutschland;Ausland;1307;1502
2003;07;Schweiz;Europa ohne Deutschland;Ausland;1852;4273
2003;07;Russland;Europa ohne Deutschland;Ausland;175;445
2003;07;Spanien;Europa ohne Deutschland;Ausland;631;1132
2003;07;Tschechische Republik;Europa ohne Deutschland;Ausland;240;543
2003;07;Großbritannien;Europa ohne Deutschland;Ausland;1332;3216
2003;07;sonst.europäische Länder (o.13 Länder);Europa ohne Deutschland;Ausland;1944;3285
2003;07;afrikanische Länder;Sonst. Ausland;Ausland;153;315
2003;07;USA;Amerika;Ausland;1875;4282
2003;07;Kanada;Amerika;Ausland;250;495
2003;07;amerik. Länder (o.USA, Kanada);Amerika;Ausland;317;548
2003;07;China;Asien;Ausland;84;131
2003;07;Japan;Asien;Ausland;1934;3299
2003;07;asiatische Länder (o.China, Japan);Asien;Ausland;889;1650
2003;07;"Australien, Neuseeland u. Ozeanien    ";Sonst. Ausland;Ausland;317;558
2003;07;Ausländer ohne Angabe;Sonst. Ausland;Ausland;152;245
2003;08;Deutschland;Deutschland;Deutschland;87978;196022
2003;08;Belgien;Europa ohne Deutschland;Ausland;513;1047
2003;08;Dänemark;Europa ohne Deutschland;Ausland;688;932
2003;08;Frankreich;Europa ohne Deutschland;Ausland;1228;2348
2003;08;Italien;Europa ohne Deutschland;Ausland;5476;9198
2003;08;Niederlande;Europa ohne Deutschland;Ausland;1234;2596
2003;08;Österreich;Europa ohne Deutschland;Ausland;1482;2880
2003;08;Polen;Europa ohne Deutschland;Ausland;336;452
2003;08;Schweden;Europa ohne Deutschland;Ausland;685;930
2003;08;Schweiz;Europa ohne Deutschland;Ausland;1894;4679
2003;08;Russland;Europa ohne Deutschland;Ausland;424;804
2003;08;Spanien;Europa ohne Deutschland;Ausland;1422;2301
2003;08;Tschechische Republik;Europa ohne Deutschland;Ausland;175;369
2003;08;Großbritannien;Europa ohne Deutschland;Ausland;1223;2639
2003;08;sonst.europäische Länder (o.13 Länder);Europa ohne Deutschland;Ausland;1818;3925
2003;08;afrikanische Länder;Sonst. Ausland;Ausland;80;132
2003;08;USA;Amerika;Ausland;1835;3934
2003;08;Kanada;Amerika;Ausland;145;311
2003;08;amerik. Länder (o.USA, Kanada);Amerika;Ausland;340;525
2003;08;China;Asien;Ausland;74;186
2003;08;Japan;Asien;Ausland;2417;4125
2003;08;asiatische Länder (o.China, Japan);Asien;Ausland;1082;1687
2003;08;"Australien, Neuseeland u. Ozeanien    ";Sonst. Ausland;Ausland;232;395
2003;08;Ausländer ohne Angabe;Sonst. Ausland;Ausland;154;245
2003;09;Deutschland;Deutschland;Deutschland;99722;222205
2003;09;Belgien;Europa ohne Deutschland;Ausland;513;1012
2003;09;Dänemark;Europa ohne Deutschland;Ausland;627;919
2003;09;Frankreich;Europa ohne Deutschland;Ausland;1081;2310
2003;09;Italien;Europa ohne Deutschland;Ausland;1334;2449
2003;09;Niederlande;Europa ohne Deutschland;Ausland;905;2466
2003;09;Österreich;Europa ohne Deutschland;Ausland;1255;2611
2003;09;Polen;Europa ohne Deutschland;Ausland;285;563
2003;09;Schweden;Europa ohne Deutschland;Ausland;920;1284
2003;09;Schweiz;Europa ohne Deutschland;Ausland;1971;5242
2003;09;Russland;Europa ohne Deutschland;Ausland;198;592
2003;09;Spanien;Europa ohne Deutschland;Ausland;648;1324
2003;09;Tschechische Republik;Europa ohne Deutschland;Ausland;227;608
2003;09;Großbritannien;Europa ohne Deutschland;Ausland;2021;4409
2003;09;sonst.europäische Länder (o.13 Länder);Europa ohne Deutschland;Ausland;1301;3272
2003;09;afrikanische Länder;Sonst. Ausland;Ausland;99;271
2003;09;USA;Amerika;Ausland;2601;6030
2003;09;Kanada;Amerika;Ausland;237;457
2003;09;amerik. Länder (o.USA, Kanada);Amerika;Ausland;564;1020
2003;09;China;Asien;Ausland;129;308
2003;09;Japan;Asien;Ausland;3450;5262
2003;09;asiatische Länder (o.China, Japan);Asien;Ausland;826;1668
2003;09;"Australien, Neuseeland u. Ozeanien    ";Sonst. Ausland;Ausland;310;629
2003;09;Ausländer ohne Angabe;Sonst. Ausland;Ausland;193;298
2003;10;Deutschland;Deutschland;Deutschland;99717;215214
2003;10;Belgien;Europa ohne Deutschland;Ausland;318;585
2003;10;Dänemark;Europa ohne Deutschland;Ausland;410;678
2003;10;Frankreich;Europa ohne Deutschland;Ausland;675;1300
2003;10;Italien;Europa ohne Deutschland;Ausland;803;1314
2003;10;Niederlande;Europa ohne Deutschland;Ausland;909;2004
2003;10;Österreich;Europa ohne Deutschland;Ausland;952;2146
2003;10;Polen;Europa ohne Deutschland;Ausland;261;558
2003;10;Schweden;Europa ohne Deutschland;Ausland;437;660
2003;10;Schweiz;Europa ohne Deutschland;Ausland;1439;3464
2003;10;Russland;Europa ohne Deutschland;Ausland;252;533
2003;10;Spanien;Europa ohne Deutschland;Ausland;252;447
2003;10;Tschechische Republik;Europa ohne Deutschland;Ausland;257;554
2003;10;Großbritannien;Europa ohne Deutschland;Ausland;1136;2274
2003;10;sonst.europäische Länder (o.13 Länder);Europa ohne Deutschland;Ausland;1009;2248
2003;10;afrikanische Länder;Sonst. Ausland;Ausland;125;481
2003;10;USA;Amerika;Ausland;2072;4914
2003;10;Kanada;Amerika;Ausland;179;362
2003;10;amerik. Länder (o.USA, Kanada);Amerika;Ausland;296;576
2003;10;China;Asien;Ausland;81;218
2003;10;Japan;Asien;Ausland;3624;5570
2003;10;asiatische Länder (o.China, Japan);Asien;Ausland;702;1412
2003;10;"Australien, Neuseeland u. Ozeanien    ";Sonst. Ausland;Ausland;240;443
2003;10;Ausländer ohne Angabe;Sonst. Ausland;Ausland;157;273
2003;11;Deutschland;Deutschland;Deutschland;77002;150141
2003;11;Belgien;Europa ohne Deutschland;Ausland;197;455
2003;11;Dänemark;Europa ohne Deutschland;Ausland;90;157
2003;11;Frankreich;Europa ohne Deutschland;Ausland;497;949
2003;11;Italien;Europa ohne Deutschland;Ausland;497;894
2003;11;Niederlande;Europa ohne Deutschland;Ausland;599;1182
2003;11;Österreich;Europa ohne Deutschland;Ausland;690;1488
2003;11;Polen;Europa ohne Deutschland;Ausland;335;649
2003;11;Schweden;Europa ohne Deutschland;Ausland;105;233
2003;11;Schweiz;Europa ohne Deutschland;Ausland;961;2137
2003;11;Russland;Europa ohne Deutschland;Ausland;617;1206
2003;11;Spanien;Europa ohne Deutschland;Ausland;174;407
2003;11;Tschechische Republik;Europa ohne Deutschland;Ausland;325;628
2003;11;Großbritannien;Europa ohne Deutschland;Ausland;739;1611
2003;11;sonst.europäische Länder (o.13 Länder);Europa ohne Deutschland;Ausland;835;2066
2003;11;afrikanische Länder;Sonst. Ausland;Ausland;50;152
2003;11;USA;Amerika;Ausland;1304;3133
2003;11;Kanada;Amerika;Ausland;122;253
2003;11;amerik. Länder (o.USA, Kanada);Amerika;Ausland;128;193
2003;11;China;Asien;Ausland;169;364
2003;11;Japan;Asien;Ausland;1560;2559
2003;11;asiatische Länder (o.China, Japan);Asien;Ausland;375;939
2003;11;"Australien, Neuseeland u. Ozeanien    ";Sonst. Ausland;Ausland;113;191
2003;11;Ausländer ohne Angabe;Sonst. Ausland;Ausland;161;336
2003;12;Deutschland;Deutschland;Deutschland;92603;187127
2003;12;Belgien;Europa ohne Deutschland;Ausland;190;341
2003;12;Dänemark;Europa ohne Deutschland;Ausland;122;174
2003;12;Frankreich;Europa ohne Deutschland;Ausland;428;790
2003;12;Italien;Europa ohne Deutschland;Ausland;656;1159
2003;12;Niederlande;Europa ohne Deutschland;Ausland;579;1327
2003;12;Österreich;Europa ohne Deutschland;Ausland;772;1830
2003;12;Polen;Europa ohne Deutschland;Ausland;163;292
2003;12;Schweden;Europa ohne Deutschland;Ausland;74;147
2003;12;Schweiz;Europa ohne Deutschland;Ausland;1431;4098
2003;12;Russland;Europa ohne Deutschland;Ausland;252;499
2003;12;Spanien;Europa ohne Deutschland;Ausland;130;320
2003;12;Tschechische Republik;Europa ohne Deutschland;Ausland;240;480
2003;12;Großbritannien;Europa ohne Deutschland;Ausland;800;1752
2003;12;sonst.europäische Länder (o.13 Länder);Europa ohne Deutschland;Ausland;632;1589
2003;12;afrikanische Länder;Sonst. Ausland;Ausland;54;118
2003;12;USA;Amerika;Ausland;1174;2536
2003;12;Kanada;Amerika;Ausland;62;219
2003;12;amerik. Länder (o.USA, Kanada);Amerika;Ausland;99;225
2003;12;China;Asien;Ausland;123;430
2003;12;Japan;Asien;Ausland;2118;3411
2003;12;asiatische Länder (o.China, Japan);Asien;Ausland;185;412
2003;12;"Australien, Neuseeland u. Ozeanien    ";Sonst. Ausland;Ausland;225;371
2003;12;Ausländer ohne Angabe;Sonst. Ausland;Ausland;89;209
2004;01;Deutschland;Deutschland;Deutschland;41399;85500
2004;01;Belgien;Europa ohne Deutschland;Ausland;112;194
2004;01;Dänemark;Europa ohne Deutschland;Ausland;56;83
2004;01;Frankreich;Europa ohne Deutschland;Ausland;302;822
2004;01;Italien;Europa ohne Deutschland;Ausland;349;676
2004;01;Niederlande;Europa ohne Deutschland;Ausland;342;730
2004;01;Österreich;Europa ohne Deutschland;Ausland;491;1034
2004;01;Polen;Europa ohne Deutschland;Ausland;269;487
2004;01;Schweden;Europa ohne Deutschland;Ausland;54;104
2004;01;Schweiz;Europa ohne Deutschland;Ausland;399;924
2004;01;Russland;Europa ohne Deutschland;Ausland;261;495
2004;01;Spanien;Europa ohne Deutschland;Ausland;106;228
2004;01;Tschechische Republik;Europa ohne Deutschland;Ausland;237;597
2004;01;Großbritannien;Europa ohne Deutschland;Ausland;614;1165
2004;01;sonst.europäische Länder (o.13 Länder);Europa ohne Deutschland;Ausland;529;1066
2004;01;afrikanische Länder;Sonst. Ausland;Ausland;26;135
2004;01;USA;Amerika;Ausland;842;2190
2004;01;Kanada;Amerika;Ausland;53;87
2004;01;amerik. Länder (o.USA, Kanada);Amerika;Ausland;141;246
2004;01;China;Asien;Ausland;20;52
2004;01;Japan;Asien;Ausland;1239;1919
2004;01;asiatische Länder (o.China, Japan);Asien;Ausland;221;454
2004;01;"Australien, Neuseeland u. Ozeanien    ";Sonst. Ausland;Ausland;129;296
2004;01;Ausländer ohne Angabe;Sonst. Ausland;Ausland;102;153
2004;02;Deutschland;Deutschland;Deutschland;45494;90537
2004;02;Belgien;Europa ohne Deutschland;Ausland;188;252
2004;02;Dänemark;Europa ohne Deutschland;Ausland;78;98
2004;02;Frankreich;Europa ohne Deutschland;Ausland;350;1072
2004;02;Italien;Europa ohne Deutschland;Ausland;406;699
2004;02;Niederlande;Europa ohne Deutschland;Ausland;746;1367
2004;02;Österreich;Europa ohne Deutschland;Ausland;328;707
2004;02;Polen;Europa ohne Deutschland;Ausland;347;510
2004;02;Schweden;Europa ohne Deutschland;Ausland;68;98
2004;02;Schweiz;Europa ohne Deutschland;Ausland;1311;3527
2004;02;Russland;Europa ohne Deutschland;Ausland;121;256
2004;02;Spanien;Europa ohne Deutschland;Ausland;146;296
2004;02;Tschechische Republik;Europa ohne Deutschland;Ausland;193;348
2004;02;Großbritannien;Europa ohne Deutschland;Ausland;466;1057
2004;02;sonst.europäische Länder (o.13 Länder);Europa ohne Deutschland;Ausland;599;1247
2004;02;afrikanische Länder;Sonst. Ausland;Ausland;47;195
2004;02;USA;Amerika;Ausland;812;2293
2004;02;Kanada;Amerika;Ausland;79;180
2004;02;amerik. Länder (o.USA, Kanada);Amerika;Ausland;122;191
2004;02;China;Asien;Ausland;64;138
2004;02;Japan;Asien;Ausland;1061;1664
2004;02;asiatische Länder (o.China, Japan);Asien;Ausland;172;431
2004;02;"Australien, Neuseeland u. Ozeanien    ";Sonst. Ausland;Ausland;57;128
2004;02;Ausländer ohne Angabe;Sonst. Ausland;Ausland;102;226
2004;03;Deutschland;Deutschland;Deutschland;68836;141118
2004;03;Belgien;Europa ohne Deutschland;Ausland;217;350
2004;03;Dänemark;Europa ohne Deutschland;Ausland;318;668
2004;03;Frankreich;Europa ohne Deutschland;Ausland;682;1039
2004;03;Italien;Europa ohne Deutschland;Ausland;583;1006
2004;03;Niederlande;Europa ohne Deutschland;Ausland;585;1256
2004;03;Österreich;Europa ohne Deutschland;Ausland;692;1488
2004;03;Polen;Europa ohne Deutschland;Ausland;276;702
2004;03;Schweden;Europa ohne Deutschland;Ausland;248;599
2004;03;Schweiz;Europa ohne Deutschland;Ausland;640;1431
2004;03;Russland;Europa ohne Deutschland;Ausland;313;531
2004;03;Spanien;Europa ohne Deutschland;Ausland;131;319
2004;03;Tschechische Republik;Europa ohne Deutschland;Ausland;189;403
2004;03;Großbritannien;Europa ohne Deutschland;Ausland;803;1610
2004;03;sonst.europäische Länder (o.13 Länder);Europa ohne Deutschland;Ausland;980;2648
2004;03;afrikanische Länder;Sonst. Ausland;Ausland;79;250
2004;03;USA;Amerika;Ausland;1419;3692
2004;03;Kanada;Amerika;Ausland;125;280
2004;03;amerik. Länder (o.USA, Kanada);Amerika;Ausland;146;316
2004;03;China;Asien;Ausland;53;146
2004;03;Japan;Asien;Ausland;1264;2092
2004;03;asiatische Länder (o.China, Japan);Asien;Ausland;262;668
2004;03;"Australien, Neuseeland u. Ozeanien    ";Sonst. Ausland;Ausland;66;195
2004;03;Ausländer ohne Angabe;Sonst. Ausland;Ausland;179;298
2004;04;Deutschland;Deutschland;Deutschland;82439;179016
2004;04;Belgien;Europa ohne Deutschland;Ausland;479;1088
2004;04;Dänemark;Europa ohne Deutschland;Ausland;388;922
2004;04;Frankreich;Europa ohne Deutschland;Ausland;786;1510
2004;04;Italien;Europa ohne Deutschland;Ausland;981;1448
2004;04;Niederlande;Europa ohne Deutschland;Ausland;729;1757
2004;04;Österreich;Europa ohne Deutschland;Ausland;1202;2712
2004;04;Polen;Europa ohne Deutschland;Ausland;361;744
2004;04;Schweden;Europa ohne Deutschland;Ausland;918;1361
2004;04;Schweiz;Europa ohne Deutschland;Ausland;1215;3122
2004;04;Russland;Europa ohne Deutschland;Ausland;219;511
2004;04;Spanien;Europa ohne Deutschland;Ausland;506;789
2004;04;Tschechische Republik;Europa ohne Deutschland;Ausland;198;385
2004;04;Großbritannien;Europa ohne Deutschland;Ausland;950;1910
2004;04;sonst.europäische Länder (o.13 Länder);Europa ohne Deutschland;Ausland;942;1974
2004;04;afrikanische Länder;Sonst. Ausland;Ausland;52;190
2004;04;USA;Amerika;Ausland;1532;3581
2004;04;Kanada;Amerika;Ausland;195;423
2004;04;amerik. Länder (o.USA, Kanada);Amerika;Ausland;217;370
2004;04;China;Asien;Ausland;98;324
2004;04;Japan;Asien;Ausland;1899;2894
2004;04;asiatische Länder (o.China, Japan);Asien;Ausland;449;976
2004;04;"Australien, Neuseeland u. Ozeanien    ";Sonst. Ausland;Ausland;205;363
2004;04;Ausländer ohne Angabe;Sonst. Ausland;Ausland;196;466
2004;05;Deutschland;Deutschland;Deutschland;103994;234986
2004;05;Belgien;Europa ohne Deutschland;Ausland;491;790
2004;05;Dänemark;Europa ohne Deutschland;Ausland;441;1064
2004;05;Frankreich;Europa ohne Deutschland;Ausland;1067;1927
2004;05;Italien;Europa ohne Deutschland;Ausland;1074;2028
2004;05;Niederlande;Europa ohne Deutschland;Ausland;1105;2574
2004;05;Österreich;Europa ohne Deutschland;Ausland;1343;2959
2004;05;Polen;Europa ohne Deutschland;Ausland;276;437
2004;05;Schweden;Europa ohne Deutschland;Ausland;864;1192
2004;05;Schweiz;Europa ohne Deutschland;Ausland;1829;5002
2004;05;Russland;Europa ohne Deutschland;Ausland;349;664
2004;05;Spanien;Europa ohne Deutschland;Ausland;399;804
2004;05;Tschechische Republik;Europa ohne Deutschland;Ausland;184;330
2004;05;Großbritannien;Europa ohne Deutschland;Ausland;1636;3177
2004;05;sonst.europäische Länder (o.13 Länder);Europa ohne Deutschland;Ausland;1283;2416
2004;05;afrikanische Länder;Sonst. Ausland;Ausland;62;292
2004;05;USA;Amerika;Ausland;2188;4873
2004;05;Kanada;Amerika;Ausland;247;972
2004;05;amerik. Länder (o.USA, Kanada);Amerika;Ausland;287;507
2004;05;China;Asien;Ausland;123;245
2004;05;Japan;Asien;Ausland;2913;4104
2004;05;asiatische Länder (o.China, Japan);Asien;Ausland;993;1815
2004;05;"Australien, Neuseeland u. Ozeanien    ";Sonst. Ausland;Ausland;242;494
2004;05;Ausländer ohne Angabe;Sonst. Ausland;Ausland;258;370
2004;06;Deutschland;Deutschland;Deutschland;103882;226823
2004;06;Belgien;Europa ohne Deutschland;Ausland;647;1196
2004;06;Dänemark;Europa ohne Deutschland;Ausland;376;599
2004;06;Frankreich;Europa ohne Deutschland;Ausland;974;1838
2004;06;Italien;Europa ohne Deutschland;Ausland;1242;2013
2004;06;Niederlande;Europa ohne Deutschland;Ausland;836;1785
2004;06;Österreich;Europa ohne Deutschland;Ausland;1245;2607
2004;06;Polen;Europa ohne Deutschland;Ausland;342;619
2004;06;Schweden;Europa ohne Deutschland;Ausland;669;878
2004;06;Schweiz;Europa ohne Deutschland;Ausland;1951;4717
2004;06;Russland;Europa ohne Deutschland;Ausland;229;662
2004;06;Spanien;Europa ohne Deutschland;Ausland;558;1018
2004;06;Tschechische Republik;Europa ohne Deutschland;Ausland;301;587
2004;06;Großbritannien;Europa ohne Deutschland;Ausland;1731;3619
2004;06;sonst.europäische Länder (o.13 Länder);Europa ohne Deutschland;Ausland;1439;2961
2004;06;afrikanische Länder;Sonst. Ausland;Ausland;92;186
2004;06;USA;Amerika;Ausland;2707;6150
2004;06;Kanada;Amerika;Ausland;280;631
2004;06;amerik. Länder (o.USA, Kanada);Amerika;Ausland;283;553
2004;06;China;Asien;Ausland;248;490
2004;06;Japan;Asien;Ausland;2918;4625
2004;06;asiatische Länder (o.China, Japan);Asien;Ausland;842;1403
2004;06;"Australien, Neuseeland u. Ozeanien    ";Sonst. Ausland;Ausland;296;586
2004;06;Ausländer ohne Angabe;Sonst. Ausland;Ausland;277;383
2004;07;Deutschland;Deutschland;Deutschland;91166;198984
2004;07;Belgien;Europa ohne Deutschland;Ausland;579;1051
2004;07;Dänemark;Europa ohne Deutschland;Ausland;914;1696
2004;07;Frankreich;Europa ohne Deutschland;Ausland;1380;3359
2004;07;Italien;Europa ohne Deutschland;Ausland;2068;3454
2004;07;Niederlande;Europa ohne Deutschland;Ausland;1251;2601
2004;07;Österreich;Europa ohne Deutschland;Ausland;1258;2625
2004;07;Polen;Europa ohne Deutschland;Ausland;417;671
2004;07;Schweden;Europa ohne Deutschland;Ausland;1513;1874
2004;07;Schweiz;Europa ohne Deutschland;Ausland;1931;4591
2004;07;Russland;Europa ohne Deutschland;Ausland;239;450
2004;07;Spanien;Europa ohne Deutschland;Ausland;689;1153
2004;07;Tschechische Republik;Europa ohne Deutschland;Ausland;171;282
2004;07;Großbritannien;Europa ohne Deutschland;Ausland;1701;3246
2004;07;sonst.europäische Länder (o.13 Länder);Europa ohne Deutschland;Ausland;2232;4534
2004;07;afrikanische Länder;Sonst. Ausland;Ausland;96;222
2004;07;USA;Amerika;Ausland;2265;5271
2004;07;Kanada;Amerika;Ausland;241;626
2004;07;amerik. Länder (o.USA, Kanada);Amerika;Ausland;441;828
2004;07;China;Asien;Ausland;214;321
2004;07;Japan;Asien;Ausland;2720;4046
2004;07;asiatische Länder (o.China, Japan);Asien;Ausland;1151;1844
2004;07;"Australien, Neuseeland u. Ozeanien    ";Sonst. Ausland;Ausland;303;591
2004;07;Ausländer ohne Angabe;Sonst. Ausland;Ausland;167;232
2004;08;Deutschland;Deutschland;Deutschland;98376;222024
2004;08;Belgien;Europa ohne Deutschland;Ausland;645;1393
2004;08;Dänemark;Europa ohne Deutschland;Ausland;678;1680
2004;08;Frankreich;Europa ohne Deutschland;Ausland;1156;2086
2004;08;Italien;Europa ohne Deutschland;Ausland;5836;8729
2004;08;Niederlande;Europa ohne Deutschland;Ausland;1155;2559
2004;08;Österreich;Europa ohne Deutschland;Ausland;1384;3082
2004;08;Polen;Europa ohne Deutschland;Ausland;401;686
2004;08;Schweden;Europa ohne Deutschland;Ausland;806;901
2004;08;Schweiz;Europa ohne Deutschland;Ausland;1666;4226
2004;08;Russland;Europa ohne Deutschland;Ausland;306;499
2004;08;Spanien;Europa ohne Deutschland;Ausland;1235;2044
2004;08;Tschechische Republik;Europa ohne Deutschland;Ausland;146;221
2004;08;Großbritannien;Europa ohne Deutschland;Ausland;1652;3179
2004;08;sonst.europäische Länder (o.13 Länder);Europa ohne Deutschland;Ausland;2507;4693
2004;08;afrikanische Länder;Sonst. Ausland;Ausland;95;190
2004;08;USA;Amerika;Ausland;1982;4364
2004;08;Kanada;Amerika;Ausland;231;536
2004;08;amerik. Länder (o.USA, Kanada);Amerika;Ausland;256;419
2004;08;China;Asien;Ausland;200;332
2004;08;Japan;Asien;Ausland;2332;3705
2004;08;asiatische Länder (o.China, Japan);Asien;Ausland;1036;1635
2004;08;"Australien, Neuseeland u. Ozeanien    ";Sonst. Ausland;Ausland;217;461
2004;08;Ausländer ohne Angabe;Sonst. Ausland;Ausland;323;500
2004;09;Deutschland;Deutschland;Deutschland;109875;246370
2004;09;Belgien;Europa ohne Deutschland;Ausland;657;1308
2004;09;Dänemark;Europa ohne Deutschland;Ausland;672;1306
2004;09;Frankreich;Europa ohne Deutschland;Ausland;1152;2220
2004;09;Italien;Europa ohne Deutschland;Ausland;1160;2255
2004;09;Niederlande;Europa ohne Deutschland;Ausland;884;2015
2004;09;Österreich;Europa ohne Deutschland;Ausland;1289;3161
2004;09;Polen;Europa ohne Deutschland;Ausland;298;550
2004;09;Schweden;Europa ohne Deutschland;Ausland;1208;1496
2004;09;Schweiz;Europa ohne Deutschland;Ausland;2411;6684
2004;09;Russland;Europa ohne Deutschland;Ausland;367;725
2004;09;Spanien;Europa ohne Deutschland;Ausland;643;1353
2004;09;Tschechische Republik;Europa ohne Deutschland;Ausland;282;532
2004;09;Großbritannien;Europa ohne Deutschland;Ausland;2251;4536
2004;09;sonst.europäische Länder (o.13 Länder);Europa ohne Deutschland;Ausland;1265;2760
2004;09;afrikanische Länder;Sonst. Ausland;Ausland;107;238
2004;09;USA;Amerika;Ausland;2514;5722
2004;09;Kanada;Amerika;Ausland;261;516
2004;09;amerik. Länder (o.USA, Kanada);Amerika;Ausland;545;865
2004;09;China;Asien;Ausland;190;238
2004;09;Japan;Asien;Ausland;2764;4492
2004;09;asiatische Länder (o.China, Japan);Asien;Ausland;1077;2029
2004;09;"Australien, Neuseeland u. Ozeanien    ";Sonst. Ausland;Ausland;303;539
2004;09;Ausländer ohne Angabe;Sonst. Ausland;Ausland;331;479
2004;10;Deutschland;Deutschland;Deutschland;107600;242221
2004;10;Belgien;Europa ohne Deutschland;Ausland;347;603
2004;10;Dänemark;Europa ohne Deutschland;Ausland;630;1508
2004;10;Frankreich;Europa ohne Deutschland;Ausland;968;3390
2004;10;Italien;Europa ohne Deutschland;Ausland;803;1931
2004;10;Niederlande;Europa ohne Deutschland;Ausland;809;1829
2004;10;Österreich;Europa ohne Deutschland;Ausland;1386;3380
2004;10;Polen;Europa ohne Deutschland;Ausland;339;456
2004;10;Schweden;Europa ohne Deutschland;Ausland;562;1033
2004;10;Schweiz;Europa ohne Deutschland;Ausland;1630;4323
2004;10;Russland;Europa ohne Deutschland;Ausland;635;1267
2004;10;Spanien;Europa ohne Deutschland;Ausland;366;722
2004;10;Tschechische Republik;Europa ohne Deutschland;Ausland;232;361
2004;10;Großbritannien;Europa ohne Deutschland;Ausland;1224;2382
2004;10;sonst.europäische Länder (o.13 Länder);Europa ohne Deutschland;Ausland;970;1983
2004;10;afrikanische Länder;Sonst. Ausland;Ausland;76;166
2004;10;USA;Amerika;Ausland;2087;5493
2004;10;Kanada;Amerika;Ausland;265;562
2004;10;amerik. Länder (o.USA, Kanada);Amerika;Ausland;361;615
2004;10;China;Asien;Ausland;107;268
2004;10;Japan;Asien;Ausland;2816;4081
2004;10;asiatische Länder (o.China, Japan);Asien;Ausland;745;1478
2004;10;"Australien, Neuseeland u. Ozeanien    ";Sonst. Ausland;Ausland;212;436
2004;10;Ausländer ohne Angabe;Sonst. Ausland;Ausland;279;583
2004;11;Deutschland;Deutschland;Deutschland;83041;166720
2004;11;Belgien;Europa ohne Deutschland;Ausland;281;569
2004;11;Dänemark;Europa ohne Deutschland;Ausland;159;320
2004;11;Frankreich;Europa ohne Deutschland;Ausland;526;1287
2004;11;Italien;Europa ohne Deutschland;Ausland;499;1043
2004;11;Niederlande;Europa ohne Deutschland;Ausland;445;1016
2004;11;Österreich;Europa ohne Deutschland;Ausland;682;1542
2004;11;Polen;Europa ohne Deutschland;Ausland;331;433
2004;11;Schweden;Europa ohne Deutschland;Ausland;235;528
2004;11;Schweiz;Europa ohne Deutschland;Ausland;727;1825
2004;11;Russland;Europa ohne Deutschland;Ausland;150;350
2004;11;Spanien;Europa ohne Deutschland;Ausland;158;422
2004;11;Tschechische Republik;Europa ohne Deutschland;Ausland;399;675
2004;11;Großbritannien;Europa ohne Deutschland;Ausland;864;1568
2004;11;sonst.europäische Länder (o.13 Länder);Europa ohne Deutschland;Ausland;1185;2772
2004;11;afrikanische Länder;Sonst. Ausland;Ausland;38;73
2004;11;USA;Amerika;Ausland;1146;3008
2004;11;Kanada;Amerika;Ausland;128;250
2004;11;amerik. Länder (o.USA, Kanada);Amerika;Ausland;182;319
2004;11;China;Asien;Ausland;154;312
2004;11;Japan;Asien;Ausland;2321;3482
2004;11;asiatische Länder (o.China, Japan);Asien;Ausland;386;688
2004;11;"Australien, Neuseeland u. Ozeanien    ";Sonst. Ausland;Ausland;103;167
2004;11;Ausländer ohne Angabe;Sonst. Ausland;Ausland;179;310
2004;12;Deutschland;Deutschland;Deutschland;105135;214310
2004;12;Belgien;Europa ohne Deutschland;Ausland;225;520
2004;12;Dänemark;Europa ohne Deutschland;Ausland;103;191
2004;12;Frankreich;Europa ohne Deutschland;Ausland;563;1965
2004;12;Italien;Europa ohne Deutschland;Ausland;703;1400
2004;12;Niederlande;Europa ohne Deutschland;Ausland;1020;2515
2004;12;Österreich;Europa ohne Deutschland;Ausland;874;2167
2004;12;Polen;Europa ohne Deutschland;Ausland;216;371
2004;12;Schweden;Europa ohne Deutschland;Ausland;107;182
2004;12;Schweiz;Europa ohne Deutschland;Ausland;1124;3139
2004;12;Russland;Europa ohne Deutschland;Ausland;347;630
2004;12;Spanien;Europa ohne Deutschland;Ausland;243;492
2004;12;Tschechische Republik;Europa ohne Deutschland;Ausland;281;466
2004;12;Großbritannien;Europa ohne Deutschland;Ausland;728;1764
2004;12;sonst.europäische Länder (o.13 Länder);Europa ohne Deutschland;Ausland;623;1400
2004;12;afrikanische Länder;Sonst. Ausland;Ausland;60;123
2004;12;USA;Amerika;Ausland;1083;2822
2004;12;Kanada;Amerika;Ausland;76;156
2004;12;amerik. Länder (o.USA, Kanada);Amerika;Ausland;162;281
2004;12;China;Asien;Ausland;79;117
2004;12;Japan;Asien;Ausland;3128;4384
2004;12;asiatische Länder (o.China, Japan);Asien;Ausland;279;689
2004;12;"Australien, Neuseeland u. Ozeanien    ";Sonst. Ausland;Ausland;120;226
2004;12;Ausländer ohne Angabe;Sonst. Ausland;Ausland;165;268
2005;01;Deutschland;Deutschland;Deutschland;47518;98860
2005;01;Belgien;Europa ohne Deutschland;Ausland;138;271
2005;01;Dänemark;Europa ohne Deutschland;Ausland;93;214
2005;01;Frankreich;Europa ohne Deutschland;Ausland;383;1775
2005;01;Italien;Europa ohne Deutschland;Ausland;454;911
2005;01;Niederlande;Europa ohne Deutschland;Ausland;538;962
2005;01;Österreich;Europa ohne Deutschland;Ausland;449;1296
2005;01;Polen;Europa ohne Deutschland;Ausland;255;418
2005;01;Schweden;Europa ohne Deutschland;Ausland;78;129
2005;01;Schweiz;Europa ohne Deutschland;Ausland;486;1476
2005;01;Russland;Europa ohne Deutschland;Ausland;176;363
2005;01;Spanien;Europa ohne Deutschland;Ausland;142;321
2005;01;Tschechische Republik;Europa ohne Deutschland;Ausland;203;414
2005;01;Großbritannien;Europa ohne Deutschland;Ausland;409;1000
2005;01;sonst.europäische Länder (o.13 Länder);Europa ohne Deutschland;Ausland;696;1473
2005;01;afrikanische Länder;Sonst. Ausland;Ausland;37;106
2005;01;USA;Amerika;Ausland;857;2656
2005;01;Kanada;Amerika;Ausland;61;194
2005;01;amerik. Länder (o.USA, Kanada);Amerika;Ausland;149;289
2005;01;China;Asien;Ausland;100;302
2005;01;Japan;Asien;Ausland;919;1848
2005;01;asiatische Länder (o.China, Japan);Asien;Ausland;537;973
2005;01;"Australien, Neuseeland u. Ozeanien    ";Sonst. Ausland;Ausland;173;315
2005;01;Ausländer ohne Angabe;Sonst. Ausland;Ausland;63;142
2005;02;Deutschland;Deutschland;Deutschland;51303;102928
2005;02;Belgien;Europa ohne Deutschland;Ausland;188;364
2005;02;Dänemark;Europa ohne Deutschland;Ausland;100;177
2005;02;Frankreich;Europa ohne Deutschland;Ausland;482;1341
2005;02;Italien;Europa ohne Deutschland;Ausland;233;641
2005;02;Niederlande;Europa ohne Deutschland;Ausland;958;1792
2005;02;Österreich;Europa ohne Deutschland;Ausland;454;1096
2005;02;Polen;Europa ohne Deutschland;Ausland;314;498
2005;02;Schweden;Europa ohne Deutschland;Ausland;105;233
2005;02;Schweiz;Europa ohne Deutschland;Ausland;508;1164
2005;02;Russland;Europa ohne Deutschland;Ausland;128;340
2005;02;Spanien;Europa ohne Deutschland;Ausland;207;404
2005;02;Tschechische Republik;Europa ohne Deutschland;Ausland;219;478
2005;02;Großbritannien;Europa ohne Deutschland;Ausland;604;1439
2005;02;sonst.europäische Länder (o.13 Länder);Europa ohne Deutschland;Ausland;559;1449
2005;02;afrikanische Länder;Sonst. Ausland;Ausland;49;132
2005;02;USA;Amerika;Ausland;947;3430
2005;02;Kanada;Amerika;Ausland;80;180
2005;02;amerik. Länder (o.USA, Kanada);Amerika;Ausland;131;305
2005;02;China;Asien;Ausland;44;73
2005;02;Japan;Asien;Ausland;948;1966
2005;02;asiatische Länder (o.China, Japan);Asien;Ausland;352;891
2005;02;"Australien, Neuseeland u. Ozeanien    ";Sonst. Ausland;Ausland;76;161
2005;02;Ausländer ohne Angabe;Sonst. Ausland;Ausland;68;149
2005;03;Deutschland;Deutschland;Deutschland;77275;166193
2005;03;Belgien;Europa ohne Deutschland;Ausland;352;619
2005;03;Dänemark;Europa ohne Deutschland;Ausland;361;846
2005;03;Frankreich;Europa ohne Deutschland;Ausland;524;1172
2005;03;Italien;Europa ohne Deutschland;Ausland;881;1414
2005;03;Niederlande;Europa ohne Deutschland;Ausland;628;1673
2005;03;Österreich;Europa ohne Deutschland;Ausland;971;2192
2005;03;Polen;Europa ohne Deutschland;Ausland;271;451
2005;03;Schweden;Europa ohne Deutschland;Ausland;267;499
2005;03;Schweiz;Europa ohne Deutschland;Ausland;772;1856
2005;03;Russland;Europa ohne Deutschland;Ausland;273;1077
2005;03;Spanien;Europa ohne Deutschland;Ausland;338;537
2005;03;Tschechische Republik;Europa ohne Deutschland;Ausland;255;428
2005;03;Großbritannien;Europa ohne Deutschland;Ausland;725;1720
2005;03;sonst.europäische Länder (o.13 Länder);Europa ohne Deutschland;Ausland;709;1558
2005;03;afrikanische Länder;Sonst. Ausland;Ausland;29;99
2005;03;USA;Amerika;Ausland;1458;4509
2005;03;Kanada;Amerika;Ausland;146;239
2005;03;amerik. Länder (o.USA, Kanada);Amerika;Ausland;166;321
2005;03;China;Asien;Ausland;72;163
2005;03;Japan;Asien;Ausland;1189;2290
2005;03;asiatische Länder (o.China, Japan);Asien;Ausland;430;923
2005;03;"Australien, Neuseeland u. Ozeanien    ";Sonst. Ausland;Ausland;166;369
2005;03;Ausländer ohne Angabe;Sonst. Ausland;Ausland;199;349
2005;04;Deutschland;Deutschland;Deutschland;93745;201626
2005;04;Belgien;Europa ohne Deutschland;Ausland;424;893
2005;04;Dänemark;Europa ohne Deutschland;Ausland;247;410
2005;04;Frankreich;Europa ohne Deutschland;Ausland;865;1936
2005;04;Italien;Europa ohne Deutschland;Ausland;1334;2443
2005;04;Niederlande;Europa ohne Deutschland;Ausland;764;1802
2005;04;Österreich;Europa ohne Deutschland;Ausland;1051;2652
2005;04;Polen;Europa ohne Deutschland;Ausland;410;685
2005;04;Schweden;Europa ohne Deutschland;Ausland;686;850
2005;04;Schweiz;Europa ohne Deutschland;Ausland;1522;3647
2005;04;Russland;Europa ohne Deutschland;Ausland;320;573
2005;04;Spanien;Europa ohne Deutschland;Ausland;350;604
2005;04;Tschechische Republik;Europa ohne Deutschland;Ausland;328;530
2005;04;Großbritannien;Europa ohne Deutschland;Ausland;1271;2737
2005;04;sonst.europäische Länder (o.13 Länder);Europa ohne Deutschland;Ausland;1407;2878
2005;04;afrikanische Länder;Sonst. Ausland;Ausland;51;97
2005;04;USA;Amerika;Ausland;1525;4364
2005;04;Kanada;Amerika;Ausland;181;409
2005;04;amerik. Länder (o.USA, Kanada);Amerika;Ausland;217;471
2005;04;China;Asien;Ausland;55;129
2005;04;Japan;Asien;Ausland;1951;3828
2005;04;asiatische Länder (o.China, Japan);Asien;Ausland;708;1400
2005;04;"Australien, Neuseeland u. Ozeanien    ";Sonst. Ausland;Ausland;171;347
2005;04;Ausländer ohne Angabe;Sonst. Ausland;Ausland;272;545
2005;05;Deutschland;Deutschland;Deutschland;112260;263344
2005;05;Belgien;Europa ohne Deutschland;Ausland;598;1125
2005;05;Dänemark;Europa ohne Deutschland;Ausland;446;1039
2005;05;Frankreich;Europa ohne Deutschland;Ausland;1019;1936
2005;05;Italien;Europa ohne Deutschland;Ausland;1222;2044
2005;05;Niederlande;Europa ohne Deutschland;Ausland;1217;2980
2005;05;Österreich;Europa ohne Deutschland;Ausland;1567;3763
2005;05;Polen;Europa ohne Deutschland;Ausland;336;641
2005;05;Schweden;Europa ohne Deutschland;Ausland;842;1337
2005;05;Schweiz;Europa ohne Deutschland;Ausland;2179;5993
2005;05;Russland;Europa ohne Deutschland;Ausland;320;730
2005;05;Spanien;Europa ohne Deutschland;Ausland;360;801
2005;05;Tschechische Republik;Europa ohne Deutschland;Ausland;241;523
2005;05;Großbritannien;Europa ohne Deutschland;Ausland;1411;3157
2005;05;sonst.europäische Länder (o.13 Länder);Europa ohne Deutschland;Ausland;1182;2709
2005;05;afrikanische Länder;Sonst. Ausland;Ausland;134;330
2005;05;USA;Amerika;Ausland;2156;5267
2005;05;Kanada;Amerika;Ausland;372;722
2005;05;amerik. Länder (o.USA, Kanada);Amerika;Ausland;220;447
2005;05;China;Asien;Ausland;164;320
2005;05;Japan;Asien;Ausland;1953;4327
2005;05;asiatische Länder (o.China, Japan);Asien;Ausland;799;1349
2005;05;"Australien, Neuseeland u. Ozeanien    ";Sonst. Ausland;Ausland;298;651
2005;05;Ausländer ohne Angabe;Sonst. Ausland;Ausland;158;442
2005;06;Deutschland;Deutschland;Deutschland;103670;229712
2005;06;Belgien;Europa ohne Deutschland;Ausland;515;1293
2005;06;Dänemark;Europa ohne Deutschland;Ausland;502;1200
2005;06;Frankreich;Europa ohne Deutschland;Ausland;880;1922
2005;06;Italien;Europa ohne Deutschland;Ausland;1305;2363
2005;06;Niederlande;Europa ohne Deutschland;Ausland;970;2323
2005;06;Österreich;Europa ohne Deutschland;Ausland;1399;3142
2005;06;Polen;Europa ohne Deutschland;Ausland;395;689
2005;06;Schweden;Europa ohne Deutschland;Ausland;625;860
2005;06;Schweiz;Europa ohne Deutschland;Ausland;2113;4825
2005;06;Russland;Europa ohne Deutschland;Ausland;314;663
2005;06;Spanien;Europa ohne Deutschland;Ausland;319;731
2005;06;Tschechische Republik;Europa ohne Deutschland;Ausland;309;461
2005;06;Großbritannien;Europa ohne Deutschland;Ausland;1545;3204
2005;06;sonst.europäische Länder (o.13 Länder);Europa ohne Deutschland;Ausland;1799;3911
2005;06;afrikanische Länder;Sonst. Ausland;Ausland;106;226
2005;06;USA;Amerika;Ausland;3367;7259
2005;06;Kanada;Amerika;Ausland;345;680
2005;06;amerik. Länder (o.USA, Kanada);Amerika;Ausland;344;688
2005;06;China;Asien;Ausland;176;393
2005;06;Japan;Asien;Ausland;2400;4720
2005;06;asiatische Länder (o.China, Japan);Asien;Ausland;1104;2158
2005;06;"Australien, Neuseeland u. Ozeanien    ";Sonst. Ausland;Ausland;448;894
2005;06;Ausländer ohne Angabe;Sonst. Ausland;Ausland;141;247
2005;07;Deutschland;Deutschland;Deutschland;99233;225574
2005;07;Belgien;Europa ohne Deutschland;Ausland;863;1772
2005;07;Dänemark;Europa ohne Deutschland;Ausland;851;1528
2005;07;Frankreich;Europa ohne Deutschland;Ausland;1048;2367
2005;07;Italien;Europa ohne Deutschland;Ausland;2121;3452
2005;07;Niederlande;Europa ohne Deutschland;Ausland;1653;3449
2005;07;Österreich;Europa ohne Deutschland;Ausland;1260;2641
2005;07;Polen;Europa ohne Deutschland;Ausland;389;670
2005;07;Schweden;Europa ohne Deutschland;Ausland;1389;1737
2005;07;Schweiz;Europa ohne Deutschland;Ausland;2453;5190
2005;07;Russland;Europa ohne Deutschland;Ausland;347;672
2005;07;Spanien;Europa ohne Deutschland;Ausland;909;1933
2005;07;Tschechische Republik;Europa ohne Deutschland;Ausland;191;304
2005;07;Großbritannien;Europa ohne Deutschland;Ausland;1811;4257
2005;07;sonst.europäische Länder (o.13 Länder);Europa ohne Deutschland;Ausland;2253;4135
2005;07;afrikanische Länder;Sonst. Ausland;Ausland;79;226
2005;07;USA;Amerika;Ausland;3040;7191
2005;07;Kanada;Amerika;Ausland;344;679
2005;07;amerik. Länder (o.USA, Kanada);Amerika;Ausland;500;972
2005;07;China;Asien;Ausland;281;469
2005;07;Japan;Asien;Ausland;1802;4005
2005;07;asiatische Länder (o.China, Japan);Asien;Ausland;1251;2292
2005;07;"Australien, Neuseeland u. Ozeanien    ";Sonst. Ausland;Ausland;523;1129
2005;07;Ausländer ohne Angabe;Sonst. Ausland;Ausland;193;258
2005;08;Deutschland;Deutschland;Deutschland;105381;245905
2005;08;Belgien;Europa ohne Deutschland;Ausland;474;1076
2005;08;Dänemark;Europa ohne Deutschland;Ausland;671;1810
2005;08;Frankreich;Europa ohne Deutschland;Ausland;1408;2584
2005;08;Italien;Europa ohne Deutschland;Ausland;6573;9946
2005;08;Niederlande;Europa ohne Deutschland;Ausland;1420;3120
2005;08;Österreich;Europa ohne Deutschland;Ausland;1779;3670
2005;08;Polen;Europa ohne Deutschland;Ausland;425;675
2005;08;Schweden;Europa ohne Deutschland;Ausland;742;935
2005;08;Schweiz;Europa ohne Deutschland;Ausland;2178;5286
2005;08;Russland;Europa ohne Deutschland;Ausland;662;1009
2005;08;Spanien;Europa ohne Deutschland;Ausland;1396;2412
2005;08;Tschechische Republik;Europa ohne Deutschland;Ausland;224;383
2005;08;Großbritannien;Europa ohne Deutschland;Ausland;1763;3818
2005;08;sonst.europäische Länder (o.13 Länder);Europa ohne Deutschland;Ausland;2547;5883
2005;08;afrikanische Länder;Sonst. Ausland;Ausland;72;208
2005;08;USA;Amerika;Ausland;1964;5347
2005;08;Kanada;Amerika;Ausland;235;461
2005;08;amerik. Länder (o.USA, Kanada);Amerika;Ausland;278;457
2005;08;China;Asien;Ausland;104;215
2005;08;Japan;Asien;Ausland;2228;4024
2005;08;asiatische Länder (o.China, Japan);Asien;Ausland;1160;1994
2005;08;"Australien, Neuseeland u. Ozeanien    ";Sonst. Ausland;Ausland;380;851
2005;08;Ausländer ohne Angabe;Sonst. Ausland;Ausland;63;171
2005;09;Deutschland;Deutschland;Deutschland;115589;251013
2005;09;Belgien;Europa ohne Deutschland;Ausland;633;1340
2005;09;Dänemark;Europa ohne Deutschland;Ausland;1032;1761
2005;09;Frankreich;Europa ohne Deutschland;Ausland;964;2053
2005;09;Italien;Europa ohne Deutschland;Ausland;1274;2552
2005;09;Niederlande;Europa ohne Deutschland;Ausland;880;2227
2005;09;Österreich;Europa ohne Deutschland;Ausland;1441;3564
2005;09;Polen;Europa ohne Deutschland;Ausland;376;640
2005;09;Schweden;Europa ohne Deutschland;Ausland;958;1219
2005;09;Schweiz;Europa ohne Deutschland;Ausland;2590;6181
2005;09;Russland;Europa ohne Deutschland;Ausland;373;1160
2005;09;Spanien;Europa ohne Deutschland;Ausland;400;837
2005;09;Tschechische Republik;Europa ohne Deutschland;Ausland;300;680
2005;09;Großbritannien;Europa ohne Deutschland;Ausland;1729;4054
2005;09;sonst.europäische Länder (o.13 Länder);Europa ohne Deutschland;Ausland;1462;3291
2005;09;afrikanische Länder;Sonst. Ausland;Ausland;106;174
2005;09;USA;Amerika;Ausland;2598;6263
2005;09;Kanada;Amerika;Ausland;371;869
2005;09;amerik. Länder (o.USA, Kanada);Amerika;Ausland;431;936
2005;09;China;Asien;Ausland;189;387
2005;09;Japan;Asien;Ausland;3056;5672
2005;09;asiatische Länder (o.China, Japan);Asien;Ausland;994;2182
2005;09;"Australien, Neuseeland u. Ozeanien    ";Sonst. Ausland;Ausland;480;1060
2005;09;Ausländer ohne Angabe;Sonst. Ausland;Ausland;97;180
2005;10;Deutschland;Deutschland;Deutschland;108200;252950
2005;10;Belgien;Europa ohne Deutschland;Ausland;438;856
2005;10;Dänemark;Europa ohne Deutschland;Ausland;387;834
2005;10;Frankreich;Europa ohne Deutschland;Ausland;776;1649
2005;10;Italien;Europa ohne Deutschland;Ausland;604;1289
2005;10;Niederlande;Europa ohne Deutschland;Ausland;974;2154
2005;10;Österreich;Europa ohne Deutschland;Ausland;1325;3172
2005;10;Polen;Europa ohne Deutschland;Ausland;455;1431
2005;10;Schweden;Europa ohne Deutschland;Ausland;457;624
2005;10;Schweiz;Europa ohne Deutschland;Ausland;1995;4826
2005;10;Russland;Europa ohne Deutschland;Ausland;303;792
2005;10;Spanien;Europa ohne Deutschland;Ausland;280;583
2005;10;Tschechische Republik;Europa ohne Deutschland;Ausland;364;730
2005;10;Großbritannien;Europa ohne Deutschland;Ausland;1238;2880
2005;10;sonst.europäische Länder (o.13 Länder);Europa ohne Deutschland;Ausland;1080;2153
2005;10;afrikanische Länder;Sonst. Ausland;Ausland;74;358
2005;10;USA;Amerika;Ausland;2061;5779
2005;10;Kanada;Amerika;Ausland;203;408
2005;10;amerik. Länder (o.USA, Kanada);Amerika;Ausland;312;587
2005;10;China;Asien;Ausland;163;427
2005;10;Japan;Asien;Ausland;3098;4839
2005;10;asiatische Länder (o.China, Japan);Asien;Ausland;705;1227
2005;10;"Australien, Neuseeland u. Ozeanien    ";Sonst. Ausland;Ausland;332;687
2005;10;Ausländer ohne Angabe;Sonst. Ausland;Ausland;69;174
2005;11;Deutschland;Deutschland;Deutschland;102810;212972
2005;11;Belgien;Europa ohne Deutschland;Ausland;269;559
2005;11;Dänemark;Europa ohne Deutschland;Ausland;335;807
2005;11;Frankreich;Europa ohne Deutschland;Ausland;584;1455
2005;11;Italien;Europa ohne Deutschland;Ausland;530;1006
2005;11;Niederlande;Europa ohne Deutschland;Ausland;683;1565
2005;11;Österreich;Europa ohne Deutschland;Ausland;1055;2524
2005;11;Polen;Europa ohne Deutschland;Ausland;223;334
2005;11;Schweden;Europa ohne Deutschland;Ausland;282;401
2005;11;Schweiz;Europa ohne Deutschland;Ausland;2228;7335
2005;11;Russland;Europa ohne Deutschland;Ausland;392;1082
2005;11;Spanien;Europa ohne Deutschland;Ausland;249;529
2005;11;Tschechische Republik;Europa ohne Deutschland;Ausland;346;542
2005;11;Großbritannien;Europa ohne Deutschland;Ausland;1146;2784
2005;11;sonst.europäische Länder (o.13 Länder);Europa ohne Deutschland;Ausland;1035;2126
2005;11;afrikanische Länder;Sonst. Ausland;Ausland;56;141
2005;11;USA;Amerika;Ausland;1759;4870
2005;11;Kanada;Amerika;Ausland;271;585
2005;11;amerik. Länder (o.USA, Kanada);Amerika;Ausland;122;198
2005;11;China;Asien;Ausland;81;164
2005;11;Japan;Asien;Ausland;2682;4097
2005;11;asiatische Länder (o.China, Japan);Asien;Ausland;464;1171
2005;11;"Australien, Neuseeland u. Ozeanien    ";Sonst. Ausland;Ausland;202;420
2005;11;Ausländer ohne Angabe;Sonst. Ausland;Ausland;92;248
2005;12;Deutschland;Deutschland;Deutschland;121009;252104
2005;12;Belgien;Europa ohne Deutschland;Ausland;159;290
2005;12;Dänemark;Europa ohne Deutschland;Ausland;141;450
2005;12;Frankreich;Europa ohne Deutschland;Ausland;485;991
2005;12;Italien;Europa ohne Deutschland;Ausland;706;1591
2005;12;Niederlande;Europa ohne Deutschland;Ausland;1175;2620
2005;12;Österreich;Europa ohne Deutschland;Ausland;986;2683
2005;12;Polen;Europa ohne Deutschland;Ausland;274;454
2005;12;Schweden;Europa ohne Deutschland;Ausland;84;132
2005;12;Schweiz;Europa ohne Deutschland;Ausland;1938;5457
2005;12;Russland;Europa ohne Deutschland;Ausland;164;499
2005;12;Spanien;Europa ohne Deutschland;Ausland;244;558
2005;12;Tschechische Republik;Europa ohne Deutschland;Ausland;400;656
2005;12;Großbritannien;Europa ohne Deutschland;Ausland;1122;2779
2005;12;sonst.europäische Länder (o.13 Länder);Europa ohne Deutschland;Ausland;726;1333
2005;12;afrikanische Länder;Sonst. Ausland;Ausland;59;157
2005;12;USA;Amerika;Ausland;1065;2456
2005;12;Kanada;Amerika;Ausland;65;161
2005;12;amerik. Länder (o.USA, Kanada);Amerika;Ausland;197;344
2005;12;China;Asien;Ausland;79;147
2005;12;Japan;Asien;Ausland;3587;5023
2005;12;asiatische Länder (o.China, Japan);Asien;Ausland;307;612
2005;12;"Australien, Neuseeland u. Ozeanien    ";Sonst. Ausland;Ausland;211;393
2005;12;Ausländer ohne Angabe;Sonst. Ausland;Ausland;121;236
2006;01;Deutschland;Deutschland;Deutschland;58761;115435
2006;01;Belgien;Europa ohne Deutschland;Ausland;162;256
2006;01;Dänemark;Europa ohne Deutschland;Ausland;93;178
2006;01;Frankreich;Europa ohne Deutschland;Ausland;415;860
2006;01;Italien;Europa ohne Deutschland;Ausland;518;996
2006;01;Niederlande;Europa ohne Deutschland;Ausland;547;1145
2006;01;Österreich;Europa ohne Deutschland;Ausland;504;1038
2006;01;Polen;Europa ohne Deutschland;Ausland;387;578
2006;01;Schweden;Europa ohne Deutschland;Ausland;91;143
2006;01;Schweiz;Europa ohne Deutschland;Ausland;628;1255
2006;01;Russland;Europa ohne Deutschland;Ausland;343;664
2006;01;Spanien;Europa ohne Deutschland;Ausland;125;350
2006;01;Tschechische Republik;Europa ohne Deutschland;Ausland;249;387
2006;01;Großbritannien;Europa ohne Deutschland;Ausland;661;1253
2006;01;sonst.europäische Länder (o.13 Länder);Europa ohne Deutschland;Ausland;680;1828
2006;01;afrikanische Länder;Sonst. Ausland;Ausland;41;91
2006;01;USA;Amerika;Ausland;1083;2491
2006;01;Kanada;Amerika;Ausland;70;111
2006;01;amerik. Länder (o.USA, Kanada);Amerika;Ausland;150;263
2006;01;China;Asien;Ausland;71;159
2006;01;Japan;Asien;Ausland;1432;2341
2006;01;asiatische Länder (o.China, Japan);Asien;Ausland;373;667
2006;01;"Australien, Neuseeland u. Ozeanien    ";Sonst. Ausland;Ausland;198;346
2006;01;Ausländer ohne Angabe;Sonst. Ausland;Ausland;38;42
2006;02;Deutschland;Deutschland;Deutschland;61176;123491
2006;02;Belgien;Europa ohne Deutschland;Ausland;142;278
2006;02;Dänemark;Europa ohne Deutschland;Ausland;119;246
2006;02;Frankreich;Europa ohne Deutschland;Ausland;363;928
2006;02;Italien;Europa ohne Deutschland;Ausland;386;762
2006;02;Niederlande;Europa ohne Deutschland;Ausland;1039;1806
2006;02;Österreich;Europa ohne Deutschland;Ausland;517;1218
2006;02;Polen;Europa ohne Deutschland;Ausland;241;389
2006;02;Schweden;Europa ohne Deutschland;Ausland;102;280
2006;02;Schweiz;Europa ohne Deutschland;Ausland;461;1051
2006;02;Russland;Europa ohne Deutschland;Ausland;290;557
2006;02;Spanien;Europa ohne Deutschland;Ausland;133;465
2006;02;Tschechische Republik;Europa ohne Deutschland;Ausland;209;418
2006;02;Großbritannien;Europa ohne Deutschland;Ausland;567;1477
2006;02;sonst.europäische Länder (o.13 Länder);Europa ohne Deutschland;Ausland;692;1436
2006;02;afrikanische Länder;Sonst. Ausland;Ausland;43;145
2006;02;USA;Amerika;Ausland;692;2237
2006;02;Kanada;Amerika;Ausland;78;219
2006;02;amerik. Länder (o.USA, Kanada);Amerika;Ausland;108;216
2006;02;China;Asien;Ausland;75;154
2006;02;Japan;Asien;Ausland;1049;2185
2006;02;asiatische Länder (o.China, Japan);Asien;Ausland;265;771
2006;02;"Australien, Neuseeland u. Ozeanien    ";Sonst. Ausland;Ausland;69;136
2006;02;Ausländer ohne Angabe;Sonst. Ausland;Ausland;53;109
2006;03;Deutschland;Deutschland;Deutschland;103149;215801
2006;03;Belgien;Europa ohne Deutschland;Ausland;314;641
2006;03;Dänemark;Europa ohne Deutschland;Ausland;183;365
2006;03;Frankreich;Europa ohne Deutschland;Ausland;656;1502
2006;03;Italien;Europa ohne Deutschland;Ausland;621;1339
2006;03;Niederlande;Europa ohne Deutschland;Ausland;645;1409
2006;03;Österreich;Europa ohne Deutschland;Ausland;1406;3062
2006;03;Polen;Europa ohne Deutschland;Ausland;467;847
2006;03;Schweden;Europa ohne Deutschland;Ausland;268;564
2006;03;Schweiz;Europa ohne Deutschland;Ausland;1001;2507
2006;03;Russland;Europa ohne Deutschland;Ausland;359;1379
2006;03;Spanien;Europa ohne Deutschland;Ausland;292;674
2006;03;Tschechische Republik;Europa ohne Deutschland;Ausland;224;439
2006;03;Großbritannien;Europa ohne Deutschland;Ausland;853;1812
2006;03;sonst.europäische Länder (o.13 Länder);Europa ohne Deutschland;Ausland;1041;2226
2006;03;afrikanische Länder;Sonst. Ausland;Ausland;61;143
2006;03;USA;Amerika;Ausland;1318;3618
2006;03;Kanada;Amerika;Ausland;103;213
2006;03;amerik. Länder (o.USA, Kanada);Amerika;Ausland;126;248
2006;03;China;Asien;Ausland;124;325
2006;03;Japan;Asien;Ausland;1327;3090
2006;03;asiatische Länder (o.China, Japan);Asien;Ausland;395;1192
2006;03;"Australien, Neuseeland u. Ozeanien    ";Sonst. Ausland;Ausland;110;237
2006;03;Ausländer ohne Angabe;Sonst. Ausland;Ausland;88;172
2006;04;Deutschland;Deutschland;Deutschland;108838;252399
2006;04;Belgien;Europa ohne Deutschland;Ausland;586;1309
2006;04;Dänemark;Europa ohne Deutschland;Ausland;577;1366
2006;04;Frankreich;Europa ohne Deutschland;Ausland;989;2015
2006;04;Italien;Europa ohne Deutschland;Ausland;1366;2446
2006;04;Niederlande;Europa ohne Deutschland;Ausland;935;2048
2006;04;Österreich;Europa ohne Deutschland;Ausland;1512;3742
2006;04;Polen;Europa ohne Deutschland;Ausland;370;603
2006;04;Schweden;Europa ohne Deutschland;Ausland;800;1402
2006;04;Schweiz;Europa ohne Deutschland;Ausland;1678;4209
2006;04;Russland;Europa ohne Deutschland;Ausland;407;814
2006;04;Spanien;Europa ohne Deutschland;Ausland;472;917
2006;04;Tschechische Republik;Europa ohne Deutschland;Ausland;322;546
2006;04;Großbritannien;Europa ohne Deutschland;Ausland;1364;3242
2006;04;sonst.europäische Länder (o.13 Länder);Europa ohne Deutschland;Ausland;1542;2723
2006;04;afrikanische Länder;Sonst. Ausland;Ausland;69;160
2006;04;USA;Amerika;Ausland;1509;3962
2006;04;Kanada;Amerika;Ausland;157;352
2006;04;amerik. Länder (o.USA, Kanada);Amerika;Ausland;243;551
2006;04;China;Asien;Ausland;139;274
2006;04;Japan;Asien;Ausland;2063;3659
2006;04;asiatische Länder (o.China, Japan);Asien;Ausland;506;1246
2006;04;"Australien, Neuseeland u. Ozeanien    ";Sonst. Ausland;Ausland;182;379
2006;04;Ausländer ohne Angabe;Sonst. Ausland;Ausland;133;288
2006;05;Deutschland;Deutschland;Deutschland;133197;312213
2006;05;Belgien;Europa ohne Deutschland;Ausland;715;1472
2006;05;Dänemark;Europa ohne Deutschland;Ausland;537;1202
2006;05;Frankreich;Europa ohne Deutschland;Ausland;1209;2490
2006;05;Italien;Europa ohne Deutschland;Ausland;1125;2060
2006;05;Niederlande;Europa ohne Deutschland;Ausland;1323;3117
2006;05;Österreich;Europa ohne Deutschland;Ausland;1865;4375
2006;05;Polen;Europa ohne Deutschland;Ausland;470;711
2006;05;Schweden;Europa ohne Deutschland;Ausland;934;1512
2006;05;Schweiz;Europa ohne Deutschland;Ausland;2042;5347
2006;05;Russland;Europa ohne Deutschland;Ausland;221;484
2006;05;Spanien;Europa ohne Deutschland;Ausland;348;782
2006;05;Tschechische Republik;Europa ohne Deutschland;Ausland;416;776
2006;05;Großbritannien;Europa ohne Deutschland;Ausland;1688;3789
2006;05;sonst.europäische Länder (o.13 Länder);Europa ohne Deutschland;Ausland;1443;2912
2006;05;afrikanische Länder;Sonst. Ausland;Ausland;47;140
2006;05;USA;Amerika;Ausland;2561;5958
2006;05;Kanada;Amerika;Ausland;387;943
2006;05;amerik. Länder (o.USA, Kanada);Amerika;Ausland;334;616
2006;05;China;Asien;Ausland;131;285
2006;05;Japan;Asien;Ausland;2984;5040
2006;05;asiatische Länder (o.China, Japan);Asien;Ausland;688;1589
2006;05;"Australien, Neuseeland u. Ozeanien    ";Sonst. Ausland;Ausland;383;694
2006;05;Ausländer ohne Angabe;Sonst. Ausland;Ausland;137;345
2006;06;Deutschland;Deutschland;Deutschland;125985;284917
2006;06;Belgien;Europa ohne Deutschland;Ausland;497;1305
2006;06;Dänemark;Europa ohne Deutschland;Ausland;605;1375
2006;06;Frankreich;Europa ohne Deutschland;Ausland;1025;2137
2006;06;Italien;Europa ohne Deutschland;Ausland;1035;2091
2006;06;Niederlande;Europa ohne Deutschland;Ausland;1404;2957
2006;06;Österreich;Europa ohne Deutschland;Ausland;1601;3908
2006;06;Polen;Europa ohne Deutschland;Ausland;403;777
2006;06;Schweden;Europa ohne Deutschland;Ausland;738;1095
2006;06;Schweiz;Europa ohne Deutschland;Ausland;2045;5062
2006;06;Russland;Europa ohne Deutschland;Ausland;269;636
2006;06;Spanien;Europa ohne Deutschland;Ausland;786;1665
2006;06;Tschechische Republik;Europa ohne Deutschland;Ausland;251;449
2006;06;Großbritannien;Europa ohne Deutschland;Ausland;1872;3834
2006;06;sonst.europäische Länder (o.13 Länder);Europa ohne Deutschland;Ausland;1989;4061
2006;06;afrikanische Länder;Sonst. Ausland;Ausland;127;279
2006;06;USA;Amerika;Ausland;5256;12485
2006;06;Kanada;Amerika;Ausland;406;958
2006;06;amerik. Länder (o.USA, Kanada);Amerika;Ausland;886;1646
2006;06;China;Asien;Ausland;172;412
2006;06;Japan;Asien;Ausland;1816;3517
2006;06;asiatische Länder (o.China, Japan);Asien;Ausland;1032;2317
2006;06;"Australien, Neuseeland u. Ozeanien    ";Sonst. Ausland;Ausland;553;1209
2006;06;Ausländer ohne Angabe;Sonst. Ausland;Ausland;78;182
2006;07;Deutschland;Deutschland;Deutschland;131203;295999
2006;07;Belgien;Europa ohne Deutschland;Ausland;728;1595
2006;07;Dänemark;Europa ohne Deutschland;Ausland;813;1660
2006;07;Frankreich;Europa ohne Deutschland;Ausland;1463;2864
2006;07;Italien;Europa ohne Deutschland;Ausland;2131;3488
2006;07;Niederlande;Europa ohne Deutschland;Ausland;1642;3353
2006;07;Österreich;Europa ohne Deutschland;Ausland;1691;3511
2006;07;Polen;Europa ohne Deutschland;Ausland;347;533
2006;07;Schweden;Europa ohne Deutschland;Ausland;1207;1817
2006;07;Schweiz;Europa ohne Deutschland;Ausland;2881;6671
2006;07;Russland;Europa ohne Deutschland;Ausland;415;795
2006;07;Spanien;Europa ohne Deutschland;Ausland;1101;2058
2006;07;Tschechische Republik;Europa ohne Deutschland;Ausland;364;619
2006;07;Großbritannien;Europa ohne Deutschland;Ausland;2341;4916
2006;07;sonst.europäische Länder (o.13 Länder);Europa ohne Deutschland;Ausland;2266;4413
2006;07;afrikanische Länder;Sonst. Ausland;Ausland;111;260
2006;07;USA;Amerika;Ausland;3526;7834
2006;07;Kanada;Amerika;Ausland;450;873
2006;07;amerik. Länder (o.USA, Kanada);Amerika;Ausland;693;1385
2006;07;China;Asien;Ausland;366;989
2006;07;Japan;Asien;Ausland;2043;4209
2006;07;asiatische Länder (o.China, Japan);Asien;Ausland;1216;2281
2006;07;"Australien, Neuseeland u. Ozeanien    ";Sonst. Ausland;Ausland;479;1045
2006;07;Ausländer ohne Angabe;Sonst. Ausland;Ausland;114;299
2006;08;Deutschland;Deutschland;Deutschland;132432;304145
2006;08;Belgien;Europa ohne Deutschland;Ausland;826;1719
2006;08;Dänemark;Europa ohne Deutschland;Ausland;755;1969
2006;08;Frankreich;Europa ohne Deutschland;Ausland;1540;3307
2006;08;Italien;Europa ohne Deutschland;Ausland;5530;8921
2006;08;Niederlande;Europa ohne Deutschland;Ausland;1690;3706
2006;08;Österreich;Europa ohne Deutschland;Ausland;1864;4162
2006;08;Polen;Europa ohne Deutschland;Ausland;508;1115
2006;08;Schweden;Europa ohne Deutschland;Ausland;603;921
2006;08;Schweiz;Europa ohne Deutschland;Ausland;2540;6269
2006;08;Russland;Europa ohne Deutschland;Ausland;469;950
2006;08;Spanien;Europa ohne Deutschland;Ausland;1392;2643
2006;08;Tschechische Republik;Europa ohne Deutschland;Ausland;394;608
2006;08;Großbritannien;Europa ohne Deutschland;Ausland;2258;5403
2006;08;sonst.europäische Länder (o.13 Länder);Europa ohne Deutschland;Ausland;1981;3803
2006;08;afrikanische Länder;Sonst. Ausland;Ausland;103;346
2006;08;USA;Amerika;Ausland;2458;5553
2006;08;Kanada;Amerika;Ausland;339;614
2006;08;amerik. Länder (o.USA, Kanada);Amerika;Ausland;462;782
2006;08;China;Asien;Ausland;185;320
2006;08;Japan;Asien;Ausland;2073;3675
2006;08;asiatische Länder (o.China, Japan);Asien;Ausland;871;1524
2006;08;"Australien, Neuseeland u. Ozeanien    ";Sonst. Ausland;Ausland;345;770
2006;08;Ausländer ohne Angabe;Sonst. Ausland;Ausland;124;757
2006;09;Deutschland;Deutschland;Deutschland;139818;311138
2006;09;Belgien;Europa ohne Deutschland;Ausland;793;1810
2006;09;Dänemark;Europa ohne Deutschland;Ausland;743;1480
2006;09;Frankreich;Europa ohne Deutschland;Ausland;1540;3174
2006;09;Italien;Europa ohne Deutschland;Ausland;1121;2328
2006;09;Niederlande;Europa ohne Deutschland;Ausland;1274;3196
2006;09;Österreich;Europa ohne Deutschland;Ausland;1619;4009
2006;09;Polen;Europa ohne Deutschland;Ausland;405;835
2006;09;Schweden;Europa ohne Deutschland;Ausland;932;1619
2006;09;Schweiz;Europa ohne Deutschland;Ausland;2704;7238
2006;09;Russland;Europa ohne Deutschland;Ausland;261;667
2006;09;Spanien;Europa ohne Deutschland;Ausland;784;1793
2006;09;Tschechische Republik;Europa ohne Deutschland;Ausland;384;666
2006;09;Großbritannien;Europa ohne Deutschland;Ausland;2347;5745
2006;09;sonst.europäische Länder (o.13 Länder);Europa ohne Deutschland;Ausland;1605;3495
2006;09;afrikanische Länder;Sonst. Ausland;Ausland;112;306
2006;09;USA;Amerika;Ausland;3464;8024
2006;09;Kanada;Amerika;Ausland;382;886
2006;09;amerik. Länder (o.USA, Kanada);Amerika;Ausland;588;1181
2006;09;China;Asien;Ausland;382;868
2006;09;Japan;Asien;Ausland;3359;6404
2006;09;asiatische Länder (o.China, Japan);Asien;Ausland;977;2448
2006;09;"Australien, Neuseeland u. Ozeanien    ";Sonst. Ausland;Ausland;511;1117
2006;09;Ausländer ohne Angabe;Sonst. Ausland;Ausland;146;390
2006;10;Deutschland;Deutschland;Deutschland;134454;318543
2006;10;Belgien;Europa ohne Deutschland;Ausland;637;1576
2006;10;Dänemark;Europa ohne Deutschland;Ausland;496;999
2006;10;Frankreich;Europa ohne Deutschland;Ausland;868;2132
2006;10;Italien;Europa ohne Deutschland;Ausland;948;1603
2006;10;Niederlande;Europa ohne Deutschland;Ausland;1178;3047
2006;10;Österreich;Europa ohne Deutschland;Ausland;1934;4440
2006;10;Polen;Europa ohne Deutschland;Ausland;453;840
2006;10;Schweden;Europa ohne Deutschland;Ausland;663;1120
2006;10;Schweiz;Europa ohne Deutschland;Ausland;2129;5147
2006;10;Russland;Europa ohne Deutschland;Ausland;718;1786
2006;10;Spanien;Europa ohne Deutschland;Ausland;364;788
2006;10;Tschechische Republik;Europa ohne Deutschland;Ausland;390;684
2006;10;Großbritannien;Europa ohne Deutschland;Ausland;1731;3858
2006;10;sonst.europäische Länder (o.13 Länder);Europa ohne Deutschland;Ausland;1553;3065
2006;10;afrikanische Länder;Sonst. Ausland;Ausland;109;286
2006;10;USA;Amerika;Ausland;2441;5794
2006;10;Kanada;Amerika;Ausland;335;747
2006;10;amerik. Länder (o.USA, Kanada);Amerika;Ausland;396;749
2006;10;China;Asien;Ausland;166;388
2006;10;Japan;Asien;Ausland;2859;5027
2006;10;asiatische Länder (o.China, Japan);Asien;Ausland;616;1648
2006;10;"Australien, Neuseeland u. Ozeanien    ";Sonst. Ausland;Ausland;319;730
2006;10;Ausländer ohne Angabe;Sonst. Ausland;Ausland;49;64
2006;11;Deutschland;Deutschland;Deutschland;108407;212251
2006;11;Belgien;Europa ohne Deutschland;Ausland;428;1046
2006;11;Dänemark;Europa ohne Deutschland;Ausland;146;397
2006;11;Frankreich;Europa ohne Deutschland;Ausland;636;1408
2006;11;Italien;Europa ohne Deutschland;Ausland;566;1178
2006;11;Niederlande;Europa ohne Deutschland;Ausland;617;1276
2006;11;Österreich;Europa ohne Deutschland;Ausland;1045;2181
2006;11;Polen;Europa ohne Deutschland;Ausland;465;743
2006;11;Schweden;Europa ohne Deutschland;Ausland;324;583
2006;11;Schweiz;Europa ohne Deutschland;Ausland;1174;2442
2006;11;Russland;Europa ohne Deutschland;Ausland;335;831
2006;11;Spanien;Europa ohne Deutschland;Ausland;455;927
2006;11;Tschechische Republik;Europa ohne Deutschland;Ausland;632;775
2006;11;Großbritannien;Europa ohne Deutschland;Ausland;1097;2334
2006;11;sonst.europäische Länder (o.13 Länder);Europa ohne Deutschland;Ausland;1085;2315
2006;11;afrikanische Länder;Sonst. Ausland;Ausland;37;109
2006;11;USA;Amerika;Ausland;1399;3780
2006;11;Kanada;Amerika;Ausland;183;429
2006;11;amerik. Länder (o.USA, Kanada);Amerika;Ausland;160;310
2006;11;China;Asien;Ausland;133;427
2006;11;Japan;Asien;Ausland;1474;2814
2006;11;asiatische Länder (o.China, Japan);Asien;Ausland;611;1411
2006;11;"Australien, Neuseeland u. Ozeanien    ";Sonst. Ausland;Ausland;165;334
2006;11;Ausländer ohne Angabe;Sonst. Ausland;Ausland;190;209
2006;12;Deutschland;Deutschland;Deutschland;125466;261841
2006;12;Belgien;Europa ohne Deutschland;Ausland;342;756
2006;12;Dänemark;Europa ohne Deutschland;Ausland;91;174
2006;12;Frankreich;Europa ohne Deutschland;Ausland;550;1225
2006;12;Italien;Europa ohne Deutschland;Ausland;829;1677
2006;12;Niederlande;Europa ohne Deutschland;Ausland;1112;2194
2006;12;Österreich;Europa ohne Deutschland;Ausland;910;2191
2006;12;Polen;Europa ohne Deutschland;Ausland;283;539
2006;12;Schweden;Europa ohne Deutschland;Ausland;102;181
2006;12;Schweiz;Europa ohne Deutschland;Ausland;1547;4580
2006;12;Russland;Europa ohne Deutschland;Ausland;324;665
2006;12;Spanien;Europa ohne Deutschland;Ausland;231;456
2006;12;Tschechische Republik;Europa ohne Deutschland;Ausland;426;673
2006;12;Großbritannien;Europa ohne Deutschland;Ausland;1157;2687
2006;12;sonst.europäische Länder (o.13 Länder);Europa ohne Deutschland;Ausland;873;2186
2006;12;afrikanische Länder;Sonst. Ausland;Ausland;103;245
2006;12;USA;Amerika;Ausland;1545;3819
2006;12;Kanada;Amerika;Ausland;128;437
2006;12;amerik. Länder (o.USA, Kanada);Amerika;Ausland;207;385
2006;12;China;Asien;Ausland;99;321
2006;12;Japan;Asien;Ausland;2094;3625
2006;12;asiatische Länder (o.China, Japan);Asien;Ausland;481;1019
2006;12;"Australien, Neuseeland u. Ozeanien    ";Sonst. Ausland;Ausland;289;617
2006;12;Ausländer ohne Angabe;Sonst. Ausland;Ausland;64;129
2007;01;Deutschland;Deutschland;Deutschland;62486;120491
2007;01;Belgien;Europa ohne Deutschland;Ausland;300;618
2007;01;Dänemark;Europa ohne Deutschland;Ausland;100;186
2007;01;Frankreich;Europa ohne Deutschland;Ausland;475;956
2007;01;Italien;Europa ohne Deutschland;Ausland;493;1060
2007;01;Niederlande;Europa ohne Deutschland;Ausland;568;1167
2007;01;Österreich;Europa ohne Deutschland;Ausland;445;941
2007;01;Polen;Europa ohne Deutschland;Ausland;346;590
2007;01;Schweden;Europa ohne Deutschland;Ausland;78;158
2007;01;Schweiz;Europa ohne Deutschland;Ausland;530;1320
2007;01;Russland;Europa ohne Deutschland;Ausland;444;1003
2007;01;Spanien;Europa ohne Deutschland;Ausland;177;331
2007;01;Tschechische Republik;Europa ohne Deutschland;Ausland;289;527
2007;01;Großbritannien;Europa ohne Deutschland;Ausland;621;1479
2007;01;sonst.europäische Länder (o.13 Länder);Europa ohne Deutschland;Ausland;886;1901
2007;01;afrikanische Länder;Sonst. Ausland;Ausland;70;148
2007;01;USA;Amerika;Ausland;964;3041
2007;01;Kanada;Amerika;Ausland;65;193
2007;01;amerik. Länder (o.USA, Kanada);Amerika;Ausland;216;397
2007;01;China;Asien;Ausland;113;267
2007;01;Japan;Asien;Ausland;668;1442
2007;01;asiatische Länder (o.China, Japan);Asien;Ausland;448;1294
2007;01;"Australien, Neuseeland u. Ozeanien    ";Sonst. Ausland;Ausland;229;461
2007;01;Ausländer ohne Angabe;Sonst. Ausland;Ausland;40;122
2007;02;Deutschland;Deutschland;Deutschland;65553;129983
2007;02;Belgien;Europa ohne Deutschland;Ausland;289;613
2007;02;Dänemark;Europa ohne Deutschland;Ausland;109;209
2007;02;Frankreich;Europa ohne Deutschland;Ausland;469;1323
2007;02;Italien;Europa ohne Deutschland;Ausland;383;830
2007;02;Niederlande;Europa ohne Deutschland;Ausland;1029;1848
2007;02;Österreich;Europa ohne Deutschland;Ausland;808;1844
2007;02;Polen;Europa ohne Deutschland;Ausland;882;1710
2007;02;Schweden;Europa ohne Deutschland;Ausland;129;245
2007;02;Schweiz;Europa ohne Deutschland;Ausland;1043;1914
2007;02;Russland;Europa ohne Deutschland;Ausland;224;616
2007;02;Spanien;Europa ohne Deutschland;Ausland;200;510
2007;02;Tschechische Republik;Europa ohne Deutschland;Ausland;262;574
2007;02;Großbritannien;Europa ohne Deutschland;Ausland;812;1949
2007;02;sonst.europäische Länder (o.13 Länder);Europa ohne Deutschland;Ausland;861;2000
2007;02;afrikanische Länder;Sonst. Ausland;Ausland;41;191
2007;02;USA;Amerika;Ausland;904;2762
2007;02;Kanada;Amerika;Ausland;86;195
2007;02;amerik. Länder (o.USA, Kanada);Amerika;Ausland;153;306
2007;02;China;Asien;Ausland;131;252
2007;02;Japan;Asien;Ausland;657;1603
2007;02;asiatische Länder (o.China, Japan);Asien;Ausland;584;1439
2007;02;"Australien, Neuseeland u. Ozeanien    ";Sonst. Ausland;Ausland;82;184
2007;02;Ausländer ohne Angabe;Sonst. Ausland;Ausland;96;173
2007;03;Deutschland;Deutschland;Deutschland;99768;207966
2007;03;Belgien;Europa ohne Deutschland;Ausland;359;929
2007;03;Dänemark;Europa ohne Deutschland;Ausland;382;896
2007;03;Frankreich;Europa ohne Deutschland;Ausland;707;1782
2007;03;Italien;Europa ohne Deutschland;Ausland;978;1823
2007;03;Niederlande;Europa ohne Deutschland;Ausland;655;1350
2007;03;Österreich;Europa ohne Deutschland;Ausland;1202;2713
2007;03;Polen;Europa ohne Deutschland;Ausland;373;533
2007;03;Schweden;Europa ohne Deutschland;Ausland;223;548
2007;03;Schweiz;Europa ohne Deutschland;Ausland;1144;4288
2007;03;Russland;Europa ohne Deutschland;Ausland;454;1121
2007;03;Spanien;Europa ohne Deutschland;Ausland;402;1225
2007;03;Tschechische Republik;Europa ohne Deutschland;Ausland;365;608
2007;03;Großbritannien;Europa ohne Deutschland;Ausland;1121;2963
2007;03;sonst.europäische Länder (o.13 Länder);Europa ohne Deutschland;Ausland;1132;2624
2007;03;afrikanische Länder;Sonst. Ausland;Ausland;51;148
2007;03;USA;Amerika;Ausland;1516;4913
2007;03;Kanada;Amerika;Ausland;205;717
2007;03;amerik. Länder (o.USA, Kanada);Amerika;Ausland;121;208
2007;03;China;Asien;Ausland;104;272
2007;03;Japan;Asien;Ausland;978;2301
2007;03;asiatische Länder (o.China, Japan);Asien;Ausland;514;1653
2007;03;"Australien, Neuseeland u. Ozeanien    ";Sonst. Ausland;Ausland;118;253
2007;03;Ausländer ohne Angabe;Sonst. Ausland;Ausland;174;398
2007;04;Deutschland;Deutschland;Deutschland;110387;259607
2007;04;Belgien;Europa ohne Deutschland;Ausland;462;1102
2007;04;Dänemark;Europa ohne Deutschland;Ausland;772;1837
2007;04;Frankreich;Europa ohne Deutschland;Ausland;1111;2598
2007;04;Italien;Europa ohne Deutschland;Ausland;1356;2507
2007;04;Niederlande;Europa ohne Deutschland;Ausland;1072;2533
2007;04;Österreich;Europa ohne Deutschland;Ausland;1726;4071
2007;04;Polen;Europa ohne Deutschland;Ausland;461;981
2007;04;Schweden;Europa ohne Deutschland;Ausland;469;755
2007;04;Schweiz;Europa ohne Deutschland;Ausland;1852;4761
2007;04;Russland;Europa ohne Deutschland;Ausland;351;1683
2007;04;Spanien;Europa ohne Deutschland;Ausland;511;1080
2007;04;Tschechische Republik;Europa ohne Deutschland;Ausland;331;589
2007;04;Großbritannien;Europa ohne Deutschland;Ausland;1754;3440
2007;04;sonst.europäische Länder (o.13 Länder);Europa ohne Deutschland;Ausland;1738;5615
2007;04;afrikanische Länder;Sonst. Ausland;Ausland;49;110
2007;04;USA;Amerika;Ausland;1634;4265
2007;04;Kanada;Amerika;Ausland;156;358
2007;04;amerik. Länder (o.USA, Kanada);Amerika;Ausland;308;527
2007;04;China;Asien;Ausland;234;509
2007;04;Japan;Asien;Ausland;1264;2450
2007;04;asiatische Länder (o.China, Japan);Asien;Ausland;626;1644
2007;04;"Australien, Neuseeland u. Ozeanien    ";Sonst. Ausland;Ausland;192;365
2007;04;Ausländer ohne Angabe;Sonst. Ausland;Ausland;80;114
2007;05;Deutschland;Deutschland;Deutschland;122768;282128
2007;05;Belgien;Europa ohne Deutschland;Ausland;668;1552
2007;05;Dänemark;Europa ohne Deutschland;Ausland;747;1816
2007;05;Frankreich;Europa ohne Deutschland;Ausland;1206;2896
2007;05;Italien;Europa ohne Deutschland;Ausland;1287;1980
2007;05;Niederlande;Europa ohne Deutschland;Ausland;1283;3320
2007;05;Österreich;Europa ohne Deutschland;Ausland;1950;4583
2007;05;Polen;Europa ohne Deutschland;Ausland;604;887
2007;05;Schweden;Europa ohne Deutschland;Ausland;739;1295
2007;05;Schweiz;Europa ohne Deutschland;Ausland;2343;5853
2007;05;Russland;Europa ohne Deutschland;Ausland;252;518
2007;05;Spanien;Europa ohne Deutschland;Ausland;431;913
2007;05;Tschechische Republik;Europa ohne Deutschland;Ausland;381;667
2007;05;Großbritannien;Europa ohne Deutschland;Ausland;1781;3509
2007;05;sonst.europäische Länder (o.13 Länder);Europa ohne Deutschland;Ausland;1617;3735
2007;05;afrikanische Länder;Sonst. Ausland;Ausland;123;416
2007;05;USA;Amerika;Ausland;2402;5499
2007;05;Kanada;Amerika;Ausland;336;750
2007;05;amerik. Länder (o.USA, Kanada);Amerika;Ausland;439;782
2007;05;China;Asien;Ausland;207;463
2007;05;Japan;Asien;Ausland;1606;3387
2007;05;asiatische Länder (o.China, Japan);Asien;Ausland;812;1664
2007;05;"Australien, Neuseeland u. Ozeanien    ";Sonst. Ausland;Ausland;416;854
2007;05;Ausländer ohne Angabe;Sonst. Ausland;Ausland;702;1461
2007;06;Deutschland;Deutschland;Deutschland;119367;275449
2007;06;Belgien;Europa ohne Deutschland;Ausland;957;2218
2007;06;Dänemark;Europa ohne Deutschland;Ausland;445;1139
2007;06;Frankreich;Europa ohne Deutschland;Ausland;1231;3201
2007;06;Italien;Europa ohne Deutschland;Ausland;1329;2286
2007;06;Niederlande;Europa ohne Deutschland;Ausland;1481;3774
2007;06;Österreich;Europa ohne Deutschland;Ausland;1820;4006
2007;06;Polen;Europa ohne Deutschland;Ausland;595;878
2007;06;Schweden;Europa ohne Deutschland;Ausland;497;839
2007;06;Schweiz;Europa ohne Deutschland;Ausland;2192;5858
2007;06;Russland;Europa ohne Deutschland;Ausland;260;721
2007;06;Spanien;Europa ohne Deutschland;Ausland;679;1655
2007;06;Tschechische Republik;Europa ohne Deutschland;Ausland;315;536
2007;06;Großbritannien;Europa ohne Deutschland;Ausland;2042;4892
2007;06;sonst.europäische Länder (o.13 Länder);Europa ohne Deutschland;Ausland;1765;4194
2007;06;afrikanische Länder;Sonst. Ausland;Ausland;124;384
2007;06;USA;Amerika;Ausland;3890;9751
2007;06;Kanada;Amerika;Ausland;375;931
2007;06;amerik. Länder (o.USA, Kanada);Amerika;Ausland;576;1088
2007;06;China;Asien;Ausland;225;560
2007;06;Japan;Asien;Ausland;2090;4235
2007;06;asiatische Länder (o.China, Japan);Asien;Ausland;1107;2766
2007;06;"Australien, Neuseeland u. Ozeanien    ";Sonst. Ausland;Ausland;521;1124
2007;06;Ausländer ohne Angabe;Sonst. Ausland;Ausland;573;1189
2007;07;Deutschland;Deutschland;Deutschland;117740;265749
2007;07;Belgien;Europa ohne Deutschland;Ausland;1000;2212
2007;07;Dänemark;Europa ohne Deutschland;Ausland;1108;2396
2007;07;Frankreich;Europa ohne Deutschland;Ausland;1439;3077
2007;07;Italien;Europa ohne Deutschland;Ausland;2556;3871
2007;07;Niederlande;Europa ohne Deutschland;Ausland;1997;4095
2007;07;Österreich;Europa ohne Deutschland;Ausland;1997;4240
2007;07;Polen;Europa ohne Deutschland;Ausland;632;999
2007;07;Schweden;Europa ohne Deutschland;Ausland;1077;1362
2007;07;Schweiz;Europa ohne Deutschland;Ausland;2798;6281
2007;07;Russland;Europa ohne Deutschland;Ausland;447;807
2007;07;Spanien;Europa ohne Deutschland;Ausland;1127;2084
2007;07;Tschechische Republik;Europa ohne Deutschland;Ausland;493;881
2007;07;Großbritannien;Europa ohne Deutschland;Ausland;2051;3912
2007;07;sonst.europäische Länder (o.13 Länder);Europa ohne Deutschland;Ausland;2679;5012
2007;07;afrikanische Länder;Sonst. Ausland;Ausland;158;505
2007;07;USA;Amerika;Ausland;2970;6713
2007;07;Kanada;Amerika;Ausland;429;794
2007;07;amerik. Länder (o.USA, Kanada);Amerika;Ausland;767;1408
2007;07;China;Asien;Ausland;242;465
2007;07;Japan;Asien;Ausland;1462;2794
2007;07;asiatische Länder (o.China, Japan);Asien;Ausland;1367;2720
2007;07;"Australien, Neuseeland u. Ozeanien    ";Sonst. Ausland;Ausland;437;860
2007;07;Ausländer ohne Angabe;Sonst. Ausland;Ausland;80;179
2007;08;Deutschland;Deutschland;Deutschland;120869;279574
2007;08;Belgien;Europa ohne Deutschland;Ausland;910;2309
2007;08;Dänemark;Europa ohne Deutschland;Ausland;732;1890
2007;08;Frankreich;Europa ohne Deutschland;Ausland;1637;3738
2007;08;Italien;Europa ohne Deutschland;Ausland;6070;9446
2007;08;Niederlande;Europa ohne Deutschland;Ausland;1786;4386
2007;08;Österreich;Europa ohne Deutschland;Ausland;1970;4464
2007;08;Polen;Europa ohne Deutschland;Ausland;625;1410
2007;08;Schweden;Europa ohne Deutschland;Ausland;471;690
2007;08;Schweiz;Europa ohne Deutschland;Ausland;2109;5146
2007;08;Russland;Europa ohne Deutschland;Ausland;360;779
2007;08;Spanien;Europa ohne Deutschland;Ausland;1530;2987
2007;08;Tschechische Republik;Europa ohne Deutschland;Ausland;405;647
2007;08;Großbritannien;Europa ohne Deutschland;Ausland;1700;3864
2007;08;sonst.europäische Länder (o.13 Länder);Europa ohne Deutschland;Ausland;2407;4789
2007;08;afrikanische Länder;Sonst. Ausland;Ausland;64;395
2007;08;USA;Amerika;Ausland;2201;5695
2007;08;Kanada;Amerika;Ausland;374;921
2007;08;amerik. Länder (o.USA, Kanada);Amerika;Ausland;618;1336
2007;08;China;Asien;Ausland;287;527
2007;08;Japan;Asien;Ausland;1857;4468
2007;08;asiatische Länder (o.China, Japan);Asien;Ausland;1312;2811
2007;08;"Australien, Neuseeland u. Ozeanien    ";Sonst. Ausland;Ausland;438;872
2007;08;Ausländer ohne Angabe;Sonst. Ausland;Ausland;75;122
2007;09;Deutschland;Deutschland;Deutschland;129596;293793
2007;09;Belgien;Europa ohne Deutschland;Ausland;891;2323
2007;09;Dänemark;Europa ohne Deutschland;Ausland;731;1669
2007;09;Frankreich;Europa ohne Deutschland;Ausland;1087;2598
2007;09;Italien;Europa ohne Deutschland;Ausland;1293;2349
2007;09;Niederlande;Europa ohne Deutschland;Ausland;1383;3438
2007;09;Österreich;Europa ohne Deutschland;Ausland;1816;4064
2007;09;Polen;Europa ohne Deutschland;Ausland;573;1187
2007;09;Schweden;Europa ohne Deutschland;Ausland;634;1069
2007;09;Schweiz;Europa ohne Deutschland;Ausland;2399;6233
2007;09;Russland;Europa ohne Deutschland;Ausland;475;1050
2007;09;Spanien;Europa ohne Deutschland;Ausland;705;2547
2007;09;Tschechische Republik;Europa ohne Deutschland;Ausland;381;676
2007;09;Großbritannien;Europa ohne Deutschland;Ausland;2028;4984
2007;09;sonst.europäische Länder (o.13 Länder);Europa ohne Deutschland;Ausland;1885;4286
2007;09;afrikanische Länder;Sonst. Ausland;Ausland;155;311
2007;09;USA;Amerika;Ausland;3293;7950
2007;09;Kanada;Amerika;Ausland;359;845
2007;09;amerik. Länder (o.USA, Kanada);Amerika;Ausland;704;1431
2007;09;China;Asien;Ausland;400;841
2007;09;Japan;Asien;Ausland;2275;4729
2007;09;asiatische Länder (o.China, Japan);Asien;Ausland;1074;2421
2007;09;"Australien, Neuseeland u. Ozeanien    ";Sonst. Ausland;Ausland;563;1310
2007;09;Ausländer ohne Angabe;Sonst. Ausland;Ausland;123;198
2007;10;Deutschland;Deutschland;Deutschland;117070;269804
2007;10;Belgien;Europa ohne Deutschland;Ausland;450;928
2007;10;Dänemark;Europa ohne Deutschland;Ausland;700;1592
2007;10;Frankreich;Europa ohne Deutschland;Ausland;849;2038
2007;10;Italien;Europa ohne Deutschland;Ausland;674;1316
2007;10;Niederlande;Europa ohne Deutschland;Ausland;1179;3022
2007;10;Österreich;Europa ohne Deutschland;Ausland;2063;5123
2007;10;Polen;Europa ohne Deutschland;Ausland;513;1112
2007;10;Schweden;Europa ohne Deutschland;Ausland;594;1017
2007;10;Schweiz;Europa ohne Deutschland;Ausland;1840;4939
2007;10;Russland;Europa ohne Deutschland;Ausland;326;620
2007;10;Spanien;Europa ohne Deutschland;Ausland;455;1019
2007;10;Tschechische Republik;Europa ohne Deutschland;Ausland;498;901
2007;10;Großbritannien;Europa ohne Deutschland;Ausland;1383;3568
2007;10;sonst.europäische Länder (o.13 Länder);Europa ohne Deutschland;Ausland;1700;4364
2007;10;afrikanische Länder;Sonst. Ausland;Ausland;125;381
2007;10;USA;Amerika;Ausland;2300;5814
2007;10;Kanada;Amerika;Ausland;352;780
2007;10;amerik. Länder (o.USA, Kanada);Amerika;Ausland;538;954
2007;10;China;Asien;Ausland;703;992
2007;10;Japan;Asien;Ausland;2060;4042
2007;10;asiatische Länder (o.China, Japan);Asien;Ausland;860;2228
2007;10;"Australien, Neuseeland u. Ozeanien    ";Sonst. Ausland;Ausland;421;977
2007;10;Ausländer ohne Angabe;Sonst. Ausland;Ausland;89;198
2007;11;Deutschland;Deutschland;Deutschland;91217;181541
2007;11;Belgien;Europa ohne Deutschland;Ausland;369;808
2007;11;Dänemark;Europa ohne Deutschland;Ausland;240;451
2007;11;Frankreich;Europa ohne Deutschland;Ausland;535;1347
2007;11;Italien;Europa ohne Deutschland;Ausland;531;1195
2007;11;Niederlande;Europa ohne Deutschland;Ausland;733;1689
2007;11;Österreich;Europa ohne Deutschland;Ausland;919;2005
2007;11;Polen;Europa ohne Deutschland;Ausland;397;699
2007;11;Schweden;Europa ohne Deutschland;Ausland;231;413
2007;11;Schweiz;Europa ohne Deutschland;Ausland;1206;2595
2007;11;Russland;Europa ohne Deutschland;Ausland;403;905
2007;11;Spanien;Europa ohne Deutschland;Ausland;262;537
2007;11;Tschechische Republik;Europa ohne Deutschland;Ausland;555;1062
2007;11;Großbritannien;Europa ohne Deutschland;Ausland;968;1945
2007;11;sonst.europäische Länder (o.13 Länder);Europa ohne Deutschland;Ausland;1154;2509
2007;11;afrikanische Länder;Sonst. Ausland;Ausland;65;160
2007;11;USA;Amerika;Ausland;1363;3708
2007;11;Kanada;Amerika;Ausland;167;372
2007;11;amerik. Länder (o.USA, Kanada);Amerika;Ausland;171;357
2007;11;China;Asien;Ausland;384;716
2007;11;Japan;Asien;Ausland;1306;2798
2007;11;asiatische Länder (o.China, Japan);Asien;Ausland;431;1062
2007;11;"Australien, Neuseeland u. Ozeanien    ";Sonst. Ausland;Ausland;115;312
2007;11;Ausländer ohne Angabe;Sonst. Ausland;Ausland;107;181
2007;12;Deutschland;Deutschland;Deutschland;112320;237522
2007;12;Belgien;Europa ohne Deutschland;Ausland;229;505
2007;12;Dänemark;Europa ohne Deutschland;Ausland;120;245
2007;12;Frankreich;Europa ohne Deutschland;Ausland;619;1452
2007;12;Italien;Europa ohne Deutschland;Ausland;978;1741
2007;12;Niederlande;Europa ohne Deutschland;Ausland;1132;3046
2007;12;Österreich;Europa ohne Deutschland;Ausland;889;2231
2007;12;Polen;Europa ohne Deutschland;Ausland;389;627
2007;12;Schweden;Europa ohne Deutschland;Ausland;92;170
2007;12;Schweiz;Europa ohne Deutschland;Ausland;1348;3663
2007;12;Russland;Europa ohne Deutschland;Ausland;461;1158
2007;12;Spanien;Europa ohne Deutschland;Ausland;191;450
2007;12;Tschechische Republik;Europa ohne Deutschland;Ausland;604;914
2007;12;Großbritannien;Europa ohne Deutschland;Ausland;1299;3268
2007;12;sonst.europäische Länder (o.13 Länder);Europa ohne Deutschland;Ausland;1077;2614
2007;12;afrikanische Länder;Sonst. Ausland;Ausland;89;214
2007;12;USA;Amerika;Ausland;1371;3411
2007;12;Kanada;Amerika;Ausland;145;298
2007;12;amerik. Länder (o.USA, Kanada);Amerika;Ausland;313;531
2007;12;China;Asien;Ausland;201;421
2007;12;Japan;Asien;Ausland;2379;4498
2007;12;asiatische Länder (o.China, Japan);Asien;Ausland;466;1241
2007;12;"Australien, Neuseeland u. Ozeanien    ";Sonst. Ausland;Ausland;244;508
2007;12;Ausländer ohne Angabe;Sonst. Ausland;Ausland;95;238
2008;01;Deutschland;Deutschland;Deutschland;54242;107595
2008;01;Belgien;Europa ohne Deutschland;Ausland;175;402
2008;01;Dänemark;Europa ohne Deutschland;Ausland;76;124
2008;01;Frankreich;Europa ohne Deutschland;Ausland;410;1009
2008;01;Italien;Europa ohne Deutschland;Ausland;532;936
2008;01;Niederlande;Europa ohne Deutschland;Ausland;458;941
2008;01;Österreich;Europa ohne Deutschland;Ausland;532;1183
2008;01;Polen;Europa ohne Deutschland;Ausland;312;506
2008;01;Schweden;Europa ohne Deutschland;Ausland;95;171
2008;01;Schweiz;Europa ohne Deutschland;Ausland;586;1383
2008;01;Russland;Europa ohne Deutschland;Ausland;443;1010
2008;01;Spanien;Europa ohne Deutschland;Ausland;223;473
2008;01;Tschechische Republik;Europa ohne Deutschland;Ausland;328;560
2008;01;Großbritannien;Europa ohne Deutschland;Ausland;745;1582
2008;01;sonst.europäische Länder (o.13 Länder);Europa ohne Deutschland;Ausland;863;1905
2008;01;afrikanische Länder;Sonst. Ausland;Ausland;47;100
2008;01;USA;Amerika;Ausland;886;2684
2008;01;Kanada;Amerika;Ausland;100;182
2008;01;amerik. Länder (o.USA, Kanada);Amerika;Ausland;263;431
2008;01;China;Asien;Ausland;249;396
2008;01;Japan;Asien;Ausland;796;2291
2008;01;asiatische Länder (o.China, Japan);Asien;Ausland;391;1153
2008;01;"Australien, Neuseeland u. Ozeanien    ";Sonst. Ausland;Ausland;259;504
2008;01;Ausländer ohne Angabe;Sonst. Ausland;Ausland;51;118
2008;02;Deutschland;Deutschland;Deutschland;69224;134427
2008;02;Belgien;Europa ohne Deutschland;Ausland;233;586
2008;02;Dänemark;Europa ohne Deutschland;Ausland;112;266
2008;02;Frankreich;Europa ohne Deutschland;Ausland;455;991
2008;02;Italien;Europa ohne Deutschland;Ausland;532;1145
2008;02;Niederlande;Europa ohne Deutschland;Ausland;848;1664
2008;02;Österreich;Europa ohne Deutschland;Ausland;732;1553
2008;02;Polen;Europa ohne Deutschland;Ausland;468;683
2008;02;Schweden;Europa ohne Deutschland;Ausland;124;344
2008;02;Schweiz;Europa ohne Deutschland;Ausland;752;1607
2008;02;Russland;Europa ohne Deutschland;Ausland;382;1189
2008;02;Spanien;Europa ohne Deutschland;Ausland;269;598
2008;02;Tschechische Republik;Europa ohne Deutschland;Ausland;427;720
2008;02;Großbritannien;Europa ohne Deutschland;Ausland;955;2089
2008;02;sonst.europäische Länder (o.13 Länder);Europa ohne Deutschland;Ausland;877;2448
2008;02;afrikanische Länder;Sonst. Ausland;Ausland;42;102
2008;02;USA;Amerika;Ausland;985;2804
2008;02;Kanada;Amerika;Ausland;166;307
2008;02;amerik. Länder (o.USA, Kanada);Amerika;Ausland;144;313
2008;02;China;Asien;Ausland;220;453
2008;02;Japan;Asien;Ausland;630;2117
2008;02;asiatische Länder (o.China, Japan);Asien;Ausland;474;1398
2008;02;"Australien, Neuseeland u. Ozeanien    ";Sonst. Ausland;Ausland;113;277
2008;02;Ausländer ohne Angabe;Sonst. Ausland;Ausland;90;167
2008;03;Deutschland;Deutschland;Deutschland;94067;209182
2008;03;Belgien;Europa ohne Deutschland;Ausland;394;846
2008;03;Dänemark;Europa ohne Deutschland;Ausland;335;768
2008;03;Frankreich;Europa ohne Deutschland;Ausland;689;1401
2008;03;Italien;Europa ohne Deutschland;Ausland;954;1773
2008;03;Niederlande;Europa ohne Deutschland;Ausland;722;1690
2008;03;Österreich;Europa ohne Deutschland;Ausland;1282;2845
2008;03;Polen;Europa ohne Deutschland;Ausland;513;877
2008;03;Schweden;Europa ohne Deutschland;Ausland;351;675
2008;03;Schweiz;Europa ohne Deutschland;Ausland;1040;2428
2008;03;Russland;Europa ohne Deutschland;Ausland;697;1263
2008;03;Spanien;Europa ohne Deutschland;Ausland;460;1116
2008;03;Tschechische Republik;Europa ohne Deutschland;Ausland;423;698
2008;03;Großbritannien;Europa ohne Deutschland;Ausland;1256;2750
2008;03;sonst.europäische Länder (o.13 Länder);Europa ohne Deutschland;Ausland;1264;3031
2008;03;afrikanische Länder;Sonst. Ausland;Ausland;67;181
2008;03;USA;Amerika;Ausland;1482;4077
2008;03;Kanada;Amerika;Ausland;162;397
2008;03;amerik. Länder (o.USA, Kanada);Amerika;Ausland;366;660
2008;03;China;Asien;Ausland;370;765
2008;03;Japan;Asien;Ausland;909;2237
2008;03;asiatische Länder (o.China, Japan);Asien;Ausland;586;1537
2008;03;"Australien, Neuseeland u. Ozeanien    ";Sonst. Ausland;Ausland;133;283
2008;03;Ausländer ohne Angabe;Sonst. Ausland;Ausland;122;194
2008;04;Deutschland;Deutschland;Deutschland;101133;212029
2008;04;Belgien;Europa ohne Deutschland;Ausland;441;1064
2008;04;Dänemark;Europa ohne Deutschland;Ausland;667;1560
2008;04;Frankreich;Europa ohne Deutschland;Ausland;1051;2101
2008;04;Italien;Europa ohne Deutschland;Ausland;1427;2539
2008;04;Niederlande;Europa ohne Deutschland;Ausland;1560;3484
2008;04;Österreich;Europa ohne Deutschland;Ausland;1165;2608
2008;04;Polen;Europa ohne Deutschland;Ausland;758;1189
2008;04;Schweden;Europa ohne Deutschland;Ausland;473;687
2008;04;Schweiz;Europa ohne Deutschland;Ausland;1738;4190
2008;04;Russland;Europa ohne Deutschland;Ausland;590;1435
2008;04;Spanien;Europa ohne Deutschland;Ausland;439;883
2008;04;Tschechische Republik;Europa ohne Deutschland;Ausland;512;896
2008;04;Großbritannien;Europa ohne Deutschland;Ausland;1455;3181
2008;04;sonst.europäische Länder (o.13 Länder);Europa ohne Deutschland;Ausland;1787;3920
2008;04;afrikanische Länder;Sonst. Ausland;Ausland;83;177
2008;04;USA;Amerika;Ausland;1683;4538
2008;04;Kanada;Amerika;Ausland;203;462
2008;04;amerik. Länder (o.USA, Kanada);Amerika;Ausland;308;552
2008;04;China;Asien;Ausland;441;1159
2008;04;Japan;Asien;Ausland;1327;2823
2008;04;asiatische Länder (o.China, Japan);Asien;Ausland;823;1756
2008;04;"Australien, Neuseeland u. Ozeanien    ";Sonst. Ausland;Ausland;204;392
2008;04;Ausländer ohne Angabe;Sonst. Ausland;Ausland;92;143
2008;05;Deutschland;Deutschland;Deutschland;130041;293882
2008;05;Belgien;Europa ohne Deutschland;Ausland;564;1097
2008;05;Dänemark;Europa ohne Deutschland;Ausland;544;1348
2008;05;Frankreich;Europa ohne Deutschland;Ausland;1115;2389
2008;05;Italien;Europa ohne Deutschland;Ausland;1533;2498
2008;05;Niederlande;Europa ohne Deutschland;Ausland;1979;4497
2008;05;Österreich;Europa ohne Deutschland;Ausland;2032;4940
2008;05;Polen;Europa ohne Deutschland;Ausland;777;1296
2008;05;Schweden;Europa ohne Deutschland;Ausland;544;812
2008;05;Schweiz;Europa ohne Deutschland;Ausland;2341;5894
2008;05;Russland;Europa ohne Deutschland;Ausland;619;1035
2008;05;Spanien;Europa ohne Deutschland;Ausland;577;1194
2008;05;Tschechische Republik;Europa ohne Deutschland;Ausland;547;828
2008;05;Großbritannien;Europa ohne Deutschland;Ausland;1820;3811
2008;05;sonst.europäische Länder (o.13 Länder);Europa ohne Deutschland;Ausland;1870;3602
2008;05;afrikanische Länder;Sonst. Ausland;Ausland;109;292
2008;05;USA;Amerika;Ausland;2704;6255
2008;05;Kanada;Amerika;Ausland;386;953
2008;05;amerik. Länder (o.USA, Kanada);Amerika;Ausland;572;1044
2008;05;China;Asien;Ausland;668;999
2008;05;Japan;Asien;Ausland;1940;3889
2008;05;asiatische Länder (o.China, Japan);Asien;Ausland;758;1674
2008;05;"Australien, Neuseeland u. Ozeanien    ";Sonst. Ausland;Ausland;492;932
2008;05;Ausländer ohne Angabe;Sonst. Ausland;Ausland;212;369
2008;06;Deutschland;Deutschland;Deutschland;107992;234553
2008;06;Belgien;Europa ohne Deutschland;Ausland;583;1519
2008;06;Dänemark;Europa ohne Deutschland;Ausland;704;1234
2008;06;Frankreich;Europa ohne Deutschland;Ausland;1312;2854
2008;06;Italien;Europa ohne Deutschland;Ausland;1372;2207
2008;06;Niederlande;Europa ohne Deutschland;Ausland;1831;4024
2008;06;Österreich;Europa ohne Deutschland;Ausland;1809;3929
2008;06;Polen;Europa ohne Deutschland;Ausland;578;1115
2008;06;Schweden;Europa ohne Deutschland;Ausland;531;688
2008;06;Schweiz;Europa ohne Deutschland;Ausland;1727;3594
2008;06;Russland;Europa ohne Deutschland;Ausland;708;1831
2008;06;Spanien;Europa ohne Deutschland;Ausland;550;1234
2008;06;Tschechische Republik;Europa ohne Deutschland;Ausland;500;894
2008;06;Großbritannien;Europa ohne Deutschland;Ausland;2276;4902
2008;06;sonst.europäische Länder (o.13 Länder);Europa ohne Deutschland;Ausland;2298;4760
2008;06;afrikanische Länder;Sonst. Ausland;Ausland;136;346
2008;06;USA;Amerika;Ausland;3906;8579
2008;06;Kanada;Amerika;Ausland;399;836
2008;06;amerik. Länder (o.USA, Kanada);Amerika;Ausland;596;1201
2008;06;China;Asien;Ausland;609;1276
2008;06;Japan;Asien;Ausland;1850;4029
2008;06;asiatische Länder (o.China, Japan);Asien;Ausland;1211;2645
2008;06;"Australien, Neuseeland u. Ozeanien    ";Sonst. Ausland;Ausland;583;1242
2008;06;Ausländer ohne Angabe;Sonst. Ausland;Ausland;129;235
2008;07;Deutschland;Deutschland;Deutschland;113149;250287
2008;07;Belgien;Europa ohne Deutschland;Ausland;847;1838
2008;07;Dänemark;Europa ohne Deutschland;Ausland;1157;2427
2008;07;Frankreich;Europa ohne Deutschland;Ausland;1219;2719
2008;07;Italien;Europa ohne Deutschland;Ausland;2184;3821
2008;07;Niederlande;Europa ohne Deutschland;Ausland;2375;5301
2008;07;Österreich;Europa ohne Deutschland;Ausland;1899;4128
2008;07;Polen;Europa ohne Deutschland;Ausland;759;1416
2008;07;Schweden;Europa ohne Deutschland;Ausland;1179;1573
2008;07;Schweiz;Europa ohne Deutschland;Ausland;2269;5050
2008;07;Russland;Europa ohne Deutschland;Ausland;1145;2413
2008;07;Spanien;Europa ohne Deutschland;Ausland;1256;2206
2008;07;Tschechische Republik;Europa ohne Deutschland;Ausland;482;762
2008;07;Großbritannien;Europa ohne Deutschland;Ausland;2274;4922
2008;07;sonst.europäische Länder (o.13 Länder);Europa ohne Deutschland;Ausland;2693;5065
2008;07;afrikanische Länder;Sonst. Ausland;Ausland;146;454
2008;07;USA;Amerika;Ausland;2738;6458
2008;07;Kanada;Amerika;Ausland;468;912
2008;07;amerik. Länder (o.USA, Kanada);Amerika;Ausland;766;1341
2008;07;China;Asien;Ausland;607;1445
2008;07;Japan;Asien;Ausland;1409;2959
2008;07;asiatische Länder (o.China, Japan);Asien;Ausland;1279;2595
2008;07;"Australien, Neuseeland u. Ozeanien    ";Sonst. Ausland;Ausland;479;1001
2008;07;Ausländer ohne Angabe;Sonst. Ausland;Ausland;219;419
2008;08;Deutschland;Deutschland;Deutschland;120789;265707
2008;08;Belgien;Europa ohne Deutschland;Ausland;825;2038
2008;08;Dänemark;Europa ohne Deutschland;Ausland;946;1850
2008;08;Frankreich;Europa ohne Deutschland;Ausland;1666;3429
2008;08;Italien;Europa ohne Deutschland;Ausland;5873;9836
2008;08;Niederlande;Europa ohne Deutschland;Ausland;2018;4797
2008;08;Österreich;Europa ohne Deutschland;Ausland;2629;6077
2008;08;Polen;Europa ohne Deutschland;Ausland;829;1535
2008;08;Schweden;Europa ohne Deutschland;Ausland;450;836
2008;08;Schweiz;Europa ohne Deutschland;Ausland;1974;4731
2008;08;Russland;Europa ohne Deutschland;Ausland;1125;2539
2008;08;Spanien;Europa ohne Deutschland;Ausland;1828;3400
2008;08;Tschechische Republik;Europa ohne Deutschland;Ausland;652;1011
2008;08;Großbritannien;Europa ohne Deutschland;Ausland;2027;4579
2008;08;sonst.europäische Länder (o.13 Länder);Europa ohne Deutschland;Ausland;3057;6007
2008;08;afrikanische Länder;Sonst. Ausland;Ausland;145;372
2008;08;USA;Amerika;Ausland;2140;5352
2008;08;Kanada;Amerika;Ausland;333;829
2008;08;amerik. Länder (o.USA, Kanada);Amerika;Ausland;591;1075
2008;08;China;Asien;Ausland;603;1185
2008;08;Japan;Asien;Ausland;1865;3976
2008;08;asiatische Länder (o.China, Japan);Asien;Ausland;1421;3800
2008;08;"Australien, Neuseeland u. Ozeanien    ";Sonst. Ausland;Ausland;465;928
2008;08;Ausländer ohne Angabe;Sonst. Ausland;Ausland;232;393
2008;09;Deutschland;Deutschland;Deutschland;126794;279257
2008;09;Belgien;Europa ohne Deutschland;Ausland;625;1500
2008;09;Dänemark;Europa ohne Deutschland;Ausland;872;2139
2008;09;Frankreich;Europa ohne Deutschland;Ausland;1311;3196
2008;09;Italien;Europa ohne Deutschland;Ausland;1339;2541
2008;09;Niederlande;Europa ohne Deutschland;Ausland;1758;4341
2008;09;Österreich;Europa ohne Deutschland;Ausland;1910;4627
2008;09;Polen;Europa ohne Deutschland;Ausland;710;1366
2008;09;Schweden;Europa ohne Deutschland;Ausland;545;844
2008;09;Schweiz;Europa ohne Deutschland;Ausland;2188;5638
2008;09;Russland;Europa ohne Deutschland;Ausland;750;1878
2008;09;Spanien;Europa ohne Deutschland;Ausland;891;1946
2008;09;Tschechische Republik;Europa ohne Deutschland;Ausland;603;945
2008;09;Großbritannien;Europa ohne Deutschland;Ausland;2085;4807
2008;09;sonst.europäische Länder (o.13 Länder);Europa ohne Deutschland;Ausland;1743;3716
2008;09;afrikanische Länder;Sonst. Ausland;Ausland;101;351
2008;09;USA;Amerika;Ausland;2861;7143
2008;09;Kanada;Amerika;Ausland;446;1000
2008;09;amerik. Länder (o.USA, Kanada);Amerika;Ausland;714;1284
2008;09;China;Asien;Ausland;675;1062
2008;09;Japan;Asien;Ausland;1834;3833
2008;09;asiatische Länder (o.China, Japan);Asien;Ausland;788;1979
2008;09;"Australien, Neuseeland u. Ozeanien    ";Sonst. Ausland;Ausland;647;1354
2008;09;Ausländer ohne Angabe;Sonst. Ausland;Ausland;284;515
2008;10;Deutschland;Deutschland;Deutschland;119988;263442
2008;10;Belgien;Europa ohne Deutschland;Ausland;447;1012
2008;10;Dänemark;Europa ohne Deutschland;Ausland;513;1351
2008;10;Frankreich;Europa ohne Deutschland;Ausland;1015;2766
2008;10;Italien;Europa ohne Deutschland;Ausland;1063;2486
2008;10;Niederlande;Europa ohne Deutschland;Ausland;1590;4012
2008;10;Österreich;Europa ohne Deutschland;Ausland;1668;3796
2008;10;Polen;Europa ohne Deutschland;Ausland;549;1697
2008;10;Schweden;Europa ohne Deutschland;Ausland;402;696
2008;10;Schweiz;Europa ohne Deutschland;Ausland;1801;4736
2008;10;Russland;Europa ohne Deutschland;Ausland;1182;3198
2008;10;Spanien;Europa ohne Deutschland;Ausland;686;1369
2008;10;Tschechische Republik;Europa ohne Deutschland;Ausland;705;1273
2008;10;Großbritannien;Europa ohne Deutschland;Ausland;1729;4177
2008;10;sonst.europäische Länder (o.13 Länder);Europa ohne Deutschland;Ausland;1803;4143
2008;10;afrikanische Länder;Sonst. Ausland;Ausland;97;347
2008;10;USA;Amerika;Ausland;2836;9321
2008;10;Kanada;Amerika;Ausland;404;1122
2008;10;amerik. Länder (o.USA, Kanada);Amerika;Ausland;513;994
2008;10;China;Asien;Ausland;575;1048
2008;10;Japan;Asien;Ausland;1749;3609
2008;10;asiatische Länder (o.China, Japan);Asien;Ausland;1025;2811
2008;10;"Australien, Neuseeland u. Ozeanien    ";Sonst. Ausland;Ausland;420;979
2008;10;Ausländer ohne Angabe;Sonst. Ausland;Ausland;306;595
2008;11;Deutschland;Deutschland;Deutschland;96947;196679
2008;11;Belgien;Europa ohne Deutschland;Ausland;342;891
2008;11;Dänemark;Europa ohne Deutschland;Ausland;349;1260
2008;11;Frankreich;Europa ohne Deutschland;Ausland;678;1478
2008;11;Italien;Europa ohne Deutschland;Ausland;911;1863
2008;11;Niederlande;Europa ohne Deutschland;Ausland;618;1559
2008;11;Österreich;Europa ohne Deutschland;Ausland;963;2154
2008;11;Polen;Europa ohne Deutschland;Ausland;687;1563
2008;11;Schweden;Europa ohne Deutschland;Ausland;183;340
2008;11;Schweiz;Europa ohne Deutschland;Ausland;959;2200
2008;11;Russland;Europa ohne Deutschland;Ausland;720;2499
2008;11;Spanien;Europa ohne Deutschland;Ausland;325;807
2008;11;Tschechische Republik;Europa ohne Deutschland;Ausland;929;1547
2008;11;Großbritannien;Europa ohne Deutschland;Ausland;1183;4533
2008;11;sonst.europäische Länder (o.13 Länder);Europa ohne Deutschland;Ausland;1648;6153
2008;11;afrikanische Länder;Sonst. Ausland;Ausland;239;2668
2008;11;USA;Amerika;Ausland;1203;3399
2008;11;Kanada;Amerika;Ausland;142;367
2008;11;amerik. Länder (o.USA, Kanada);Amerika;Ausland;478;3124
2008;11;China;Asien;Ausland;386;1134
2008;11;Japan;Asien;Ausland;1051;2171
2008;11;asiatische Länder (o.China, Japan);Asien;Ausland;814;5796
2008;11;"Australien, Neuseeland u. Ozeanien    ";Sonst. Ausland;Ausland;161;580
2008;11;Ausländer ohne Angabe;Sonst. Ausland;Ausland;166;401
2008;12;Deutschland;Deutschland;Deutschland;119077;244016
2008;12;Belgien;Europa ohne Deutschland;Ausland;263;671
2008;12;Dänemark;Europa ohne Deutschland;Ausland;280;825
2008;12;Frankreich;Europa ohne Deutschland;Ausland;539;1255
2008;12;Italien;Europa ohne Deutschland;Ausland;1011;2181
2008;12;Niederlande;Europa ohne Deutschland;Ausland;1030;2394
2008;12;Österreich;Europa ohne Deutschland;Ausland;1260;2940
2008;12;Polen;Europa ohne Deutschland;Ausland;600;914
2008;12;Schweden;Europa ohne Deutschland;Ausland;145;230
2008;12;Schweiz;Europa ohne Deutschland;Ausland;1264;2984
2008;12;Russland;Europa ohne Deutschland;Ausland;673;1835
2008;12;Spanien;Europa ohne Deutschland;Ausland;394;797
2008;12;Tschechische Republik;Europa ohne Deutschland;Ausland;842;1217
2008;12;Großbritannien;Europa ohne Deutschland;Ausland;1345;3302
2008;12;sonst.europäische Länder (o.13 Länder);Europa ohne Deutschland;Ausland;1267;3129
2008;12;afrikanische Länder;Sonst. Ausland;Ausland;68;226
2008;12;USA;Amerika;Ausland;1449;3492
2008;12;Kanada;Amerika;Ausland;96;327
2008;12;amerik. Länder (o.USA, Kanada);Amerika;Ausland;288;545
2008;12;China;Asien;Ausland;532;935
2008;12;Japan;Asien;Ausland;2262;3644
2008;12;asiatische Länder (o.China, Japan);Asien;Ausland;433;1122
2008;12;"Australien, Neuseeland u. Ozeanien    ";Sonst. Ausland;Ausland;243;508
2008;12;Ausländer ohne Angabe;Sonst. Ausland;Ausland;253;405
2009;01;Deutschland;Deutschland;Deutschland;56740;112595
2009;01;Belgien;Europa ohne Deutschland;Ausland;162;322
2009;01;Dänemark;Europa ohne Deutschland;Ausland;68;111
2009;01;Frankreich;Europa ohne Deutschland;Ausland;332;822
2009;01;Italien;Europa ohne Deutschland;Ausland;429;1047
2009;01;Niederlande;Europa ohne Deutschland;Ausland;456;965
2009;01;Österreich;Europa ohne Deutschland;Ausland;551;1343
2009;01;Polen;Europa ohne Deutschland;Ausland;413;728
2009;01;Schweden;Europa ohne Deutschland;Ausland;121;198
2009;01;Schweiz;Europa ohne Deutschland;Ausland;503;1095
2009;01;Russland;Europa ohne Deutschland;Ausland;1058;2663
2009;01;Spanien;Europa ohne Deutschland;Ausland;190;441
2009;01;Tschechische Republik;Europa ohne Deutschland;Ausland;371;629
2009;01;Großbritannien;Europa ohne Deutschland;Ausland;753;1320
2009;01;sonst.europäische Länder (o.13 Länder);Europa ohne Deutschland;Ausland;802;1878
2009;01;afrikanische Länder;Sonst. Ausland;Ausland;101;490
2009;01;USA;Amerika;Ausland;965;2621
2009;01;Kanada;Amerika;Ausland;80;171
2009;01;amerik. Länder (o.USA, Kanada);Amerika;Ausland;316;996
2009;01;China;Asien;Ausland;298;464
2009;01;Japan;Asien;Ausland;795;1658
2009;01;asiatische Länder (o.China, Japan);Asien;Ausland;313;1575
2009;01;"Australien, Neuseeland u. Ozeanien    ";Sonst. Ausland;Ausland;245;489
2009;01;Ausländer ohne Angabe;Sonst. Ausland;Ausland;232;334
2009;02;Deutschland;Deutschland;Deutschland;62136;125120
2009;02;Belgien;Europa ohne Deutschland;Ausland;149;333
2009;02;Dänemark;Europa ohne Deutschland;Ausland;103;190
2009;02;Frankreich;Europa ohne Deutschland;Ausland;519;1250
2009;02;Italien;Europa ohne Deutschland;Ausland;644;1897
2009;02;Niederlande;Europa ohne Deutschland;Ausland;766;1551
2009;02;Österreich;Europa ohne Deutschland;Ausland;710;1613
2009;02;Polen;Europa ohne Deutschland;Ausland;402;721
2009;02;Schweden;Europa ohne Deutschland;Ausland;69;120
2009;02;Schweiz;Europa ohne Deutschland;Ausland;1048;3227
2009;02;Russland;Europa ohne Deutschland;Ausland;392;1707
2009;02;Spanien;Europa ohne Deutschland;Ausland;253;570
2009;02;Tschechische Republik;Europa ohne Deutschland;Ausland;360;773
2009;02;Großbritannien;Europa ohne Deutschland;Ausland;888;2067
2009;02;sonst.europäische Länder (o.13 Länder);Europa ohne Deutschland;Ausland;913;2742
2009;02;afrikanische Länder;Sonst. Ausland;Ausland;48;274
2009;02;USA;Amerika;Ausland;1022;4332
2009;02;Kanada;Amerika;Ausland;177;775
2009;02;amerik. Länder (o.USA, Kanada);Amerika;Ausland;211;820
2009;02;China;Asien;Ausland;380;1571
2009;02;Japan;Asien;Ausland;827;2456
2009;02;asiatische Länder (o.China, Japan);Asien;Ausland;425;2265
2009;02;"Australien, Neuseeland u. Ozeanien    ";Sonst. Ausland;Ausland;86;219
2009;02;Ausländer ohne Angabe;Sonst. Ausland;Ausland;129;232
2009;03;Deutschland;Deutschland;Deutschland;87486;184057
2009;03;Belgien;Europa ohne Deutschland;Ausland;277;612
2009;03;Dänemark;Europa ohne Deutschland;Ausland;158;295
2009;03;Frankreich;Europa ohne Deutschland;Ausland;695;1549
2009;03;Italien;Europa ohne Deutschland;Ausland;858;1718
2009;03;Niederlande;Europa ohne Deutschland;Ausland;768;1565
2009;03;Österreich;Europa ohne Deutschland;Ausland;1076;2399
2009;03;Polen;Europa ohne Deutschland;Ausland;484;1072
2009;03;Schweden;Europa ohne Deutschland;Ausland;148;343
2009;03;Schweiz;Europa ohne Deutschland;Ausland;832;1969
2009;03;Russland;Europa ohne Deutschland;Ausland;309;1785
2009;03;Spanien;Europa ohne Deutschland;Ausland;323;852
2009;03;Tschechische Republik;Europa ohne Deutschland;Ausland;420;773
2009;03;Großbritannien;Europa ohne Deutschland;Ausland;1207;2728
2009;03;sonst.europäische Länder (o.13 Länder);Europa ohne Deutschland;Ausland;1208;2912
2009;03;afrikanische Länder;Sonst. Ausland;Ausland;48;275
2009;03;USA;Amerika;Ausland;1394;4691
2009;03;Kanada;Amerika;Ausland;114;321
2009;03;amerik. Länder (o.USA, Kanada);Amerika;Ausland;191;748
2009;03;China;Asien;Ausland;313;753
2009;03;Japan;Asien;Ausland;1032;2345
2009;03;asiatische Länder (o.China, Japan);Asien;Ausland;499;2266
2009;03;"Australien, Neuseeland u. Ozeanien    ";Sonst. Ausland;Ausland;98;243
2009;03;Ausländer ohne Angabe;Sonst. Ausland;Ausland;236;331
2009;04;Deutschland;Deutschland;Deutschland;103460;221970
2009;04;Belgien;Europa ohne Deutschland;Ausland;630;1273
2009;04;Dänemark;Europa ohne Deutschland;Ausland;774;1587
2009;04;Frankreich;Europa ohne Deutschland;Ausland;958;2374
2009;04;Italien;Europa ohne Deutschland;Ausland;1323;2376
2009;04;Niederlande;Europa ohne Deutschland;Ausland;1429;3185
2009;04;Österreich;Europa ohne Deutschland;Ausland;1825;4044
2009;04;Polen;Europa ohne Deutschland;Ausland;472;848
2009;04;Schweden;Europa ohne Deutschland;Ausland;540;717
2009;04;Schweiz;Europa ohne Deutschland;Ausland;1916;4310
2009;04;Russland;Europa ohne Deutschland;Ausland;617;2499
2009;04;Spanien;Europa ohne Deutschland;Ausland;546;1055
2009;04;Tschechische Republik;Europa ohne Deutschland;Ausland;446;903
2009;04;Großbritannien;Europa ohne Deutschland;Ausland;1487;3183
2009;04;sonst.europäische Länder (o.13 Länder);Europa ohne Deutschland;Ausland;1588;3565
2009;04;afrikanische Länder;Sonst. Ausland;Ausland;70;163
2009;04;USA;Amerika;Ausland;1436;4333
2009;04;Kanada;Amerika;Ausland;143;373
2009;04;amerik. Länder (o.USA, Kanada);Amerika;Ausland;348;560
2009;04;China;Asien;Ausland;339;884
2009;04;Japan;Asien;Ausland;1072;2060
2009;04;asiatische Länder (o.China, Japan);Asien;Ausland;538;1961
2009;04;"Australien, Neuseeland u. Ozeanien    ";Sonst. Ausland;Ausland;227;577
2009;04;Ausländer ohne Angabe;Sonst. Ausland;Ausland;137;191
2009;05;Deutschland;Deutschland;Deutschland;122887;279666
2009;05;Belgien;Europa ohne Deutschland;Ausland;868;2114
2009;05;Dänemark;Europa ohne Deutschland;Ausland;721;2263
2009;05;Frankreich;Europa ohne Deutschland;Ausland;1272;2821
2009;05;Italien;Europa ohne Deutschland;Ausland;1376;3100
2009;05;Niederlande;Europa ohne Deutschland;Ausland;1695;4051
2009;05;Österreich;Europa ohne Deutschland;Ausland;2101;5140
2009;05;Polen;Europa ohne Deutschland;Ausland;722;1229
2009;05;Schweden;Europa ohne Deutschland;Ausland;659;1053
2009;05;Schweiz;Europa ohne Deutschland;Ausland;2319;6042
2009;05;Russland;Europa ohne Deutschland;Ausland;660;2466
2009;05;Spanien;Europa ohne Deutschland;Ausland;439;971
2009;05;Tschechische Republik;Europa ohne Deutschland;Ausland;571;1022
2009;05;Großbritannien;Europa ohne Deutschland;Ausland;1716;3645
2009;05;sonst.europäische Länder (o.13 Länder);Europa ohne Deutschland;Ausland;1577;3854
2009;05;afrikanische Länder;Sonst. Ausland;Ausland;135;232
2009;05;USA;Amerika;Ausland;2580;6221
2009;05;Kanada;Amerika;Ausland;337;660
2009;05;amerik. Länder (o.USA, Kanada);Amerika;Ausland;470;874
2009;05;China;Asien;Ausland;330;831
2009;05;Japan;Asien;Ausland;1935;3042
2009;05;asiatische Länder (o.China, Japan);Asien;Ausland;790;2156
2009;05;"Australien, Neuseeland u. Ozeanien    ";Sonst. Ausland;Ausland;304;645
2009;05;Ausländer ohne Angabe;Sonst. Ausland;Ausland;176;232
2009;06;Deutschland;Deutschland;Deutschland;113701;247888
2009;06;Belgien;Europa ohne Deutschland;Ausland;689;1595
2009;06;Dänemark;Europa ohne Deutschland;Ausland;606;1486
2009;06;Frankreich;Europa ohne Deutschland;Ausland;1172;2764
2009;06;Italien;Europa ohne Deutschland;Ausland;1314;2621
2009;06;Niederlande;Europa ohne Deutschland;Ausland;1477;3803
2009;06;Österreich;Europa ohne Deutschland;Ausland;1906;4456
2009;06;Polen;Europa ohne Deutschland;Ausland;928;1522
2009;06;Schweden;Europa ohne Deutschland;Ausland;571;861
2009;06;Schweiz;Europa ohne Deutschland;Ausland;2130;5365
2009;06;Russland;Europa ohne Deutschland;Ausland;643;2282
2009;06;Spanien;Europa ohne Deutschland;Ausland;843;1857
2009;06;Tschechische Republik;Europa ohne Deutschland;Ausland;539;857
2009;06;Großbritannien;Europa ohne Deutschland;Ausland;1929;4421
2009;06;sonst.europäische Länder (o.13 Länder);Europa ohne Deutschland;Ausland;1946;4373
2009;06;afrikanische Länder;Sonst. Ausland;Ausland;99;332
2009;06;USA;Amerika;Ausland;3417;9778
2009;06;Kanada;Amerika;Ausland;484;1365
2009;06;amerik. Länder (o.USA, Kanada);Amerika;Ausland;559;1287
2009;06;China;Asien;Ausland;531;1348
2009;06;Japan;Asien;Ausland;1305;2869
2009;06;asiatische Länder (o.China, Japan);Asien;Ausland;943;2699
2009;06;"Australien, Neuseeland u. Ozeanien    ";Sonst. Ausland;Ausland;438;1016
2009;06;Ausländer ohne Angabe;Sonst. Ausland;Ausland;243;454
2009;07;Deutschland;Deutschland;Deutschland;109702;237002
2009;07;Belgien;Europa ohne Deutschland;Ausland;970;2014
2009;07;Dänemark;Europa ohne Deutschland;Ausland;1352;2808
2009;07;Frankreich;Europa ohne Deutschland;Ausland;1290;2773
2009;07;Italien;Europa ohne Deutschland;Ausland;1827;3492
2009;07;Niederlande;Europa ohne Deutschland;Ausland;2380;5709
2009;07;Österreich;Europa ohne Deutschland;Ausland;1877;3824
2009;07;Polen;Europa ohne Deutschland;Ausland;800;1494
2009;07;Schweden;Europa ohne Deutschland;Ausland;1158;1586
2009;07;Schweiz;Europa ohne Deutschland;Ausland;2671;5717
2009;07;Russland;Europa ohne Deutschland;Ausland;843;2804
2009;07;Spanien;Europa ohne Deutschland;Ausland;1127;1901
2009;07;Tschechische Republik;Europa ohne Deutschland;Ausland;663;1044
2009;07;Großbritannien;Europa ohne Deutschland;Ausland;1747;3475
2009;07;sonst.europäische Länder (o.13 Länder);Europa ohne Deutschland;Ausland;2783;5327
2009;07;afrikanische Länder;Sonst. Ausland;Ausland;91;250
2009;07;USA;Amerika;Ausland;3003;8458
2009;07;Kanada;Amerika;Ausland;293;745
2009;07;amerik. Länder (o.USA, Kanada);Amerika;Ausland;716;1326
2009;07;China;Asien;Ausland;493;966
2009;07;Japan;Asien;Ausland;1128;2397
2009;07;asiatische Länder (o.China, Japan);Asien;Ausland;1188;3174
2009;07;"Australien, Neuseeland u. Ozeanien    ";Sonst. Ausland;Ausland;392;855
2009;07;Ausländer ohne Angabe;Sonst. Ausland;Ausland;278;449
2009;08;Deutschland;Deutschland;Deutschland;128402;290395
2009;08;Belgien;Europa ohne Deutschland;Ausland;903;2154
2009;08;Dänemark;Europa ohne Deutschland;Ausland;979;2531
2009;08;Frankreich;Europa ohne Deutschland;Ausland;1804;4033
2009;08;Italien;Europa ohne Deutschland;Ausland;5686;9975
2009;08;Niederlande;Europa ohne Deutschland;Ausland;2268;5926
2009;08;Österreich;Europa ohne Deutschland;Ausland;2444;5323
2009;08;Polen;Europa ohne Deutschland;Ausland;906;1553
2009;08;Schweden;Europa ohne Deutschland;Ausland;585;862
2009;08;Schweiz;Europa ohne Deutschland;Ausland;2038;4928
2009;08;Russland;Europa ohne Deutschland;Ausland;990;3064
2009;08;Spanien;Europa ohne Deutschland;Ausland;1695;3128
2009;08;Tschechische Republik;Europa ohne Deutschland;Ausland;834;1579
2009;08;Großbritannien;Europa ohne Deutschland;Ausland;1820;4114
2009;08;sonst.europäische Länder (o.13 Länder);Europa ohne Deutschland;Ausland;2871;5421
2009;08;afrikanische Länder;Sonst. Ausland;Ausland;119;269
2009;08;USA;Amerika;Ausland;2232;5925
2009;08;Kanada;Amerika;Ausland;450;1135
2009;08;amerik. Länder (o.USA, Kanada);Amerika;Ausland;463;864
2009;08;China;Asien;Ausland;467;764
2009;08;Japan;Asien;Ausland;1895;3404
2009;08;asiatische Länder (o.China, Japan);Asien;Ausland;901;3094
2009;08;"Australien, Neuseeland u. Ozeanien    ";Sonst. Ausland;Ausland;460;1082
2009;08;Ausländer ohne Angabe;Sonst. Ausland;Ausland;287;506
2009;09;Deutschland;Deutschland;Deutschland;128584;289289
2009;09;Belgien;Europa ohne Deutschland;Ausland;697;1940
2009;09;Dänemark;Europa ohne Deutschland;Ausland;853;2425
2009;09;Frankreich;Europa ohne Deutschland;Ausland;1190;2869
2009;09;Italien;Europa ohne Deutschland;Ausland;1125;2624
2009;09;Niederlande;Europa ohne Deutschland;Ausland;1801;4530
2009;09;Österreich;Europa ohne Deutschland;Ausland;2273;5647
2009;09;Polen;Europa ohne Deutschland;Ausland;590;1101
2009;09;Schweden;Europa ohne Deutschland;Ausland;821;1538
2009;09;Schweiz;Europa ohne Deutschland;Ausland;2487;6294
2009;09;Russland;Europa ohne Deutschland;Ausland;685;2515
2009;09;Spanien;Europa ohne Deutschland;Ausland;865;1926
2009;09;Tschechische Republik;Europa ohne Deutschland;Ausland;778;1633
2009;09;Großbritannien;Europa ohne Deutschland;Ausland;2007;4622
2009;09;sonst.europäische Länder (o.13 Länder);Europa ohne Deutschland;Ausland;1981;4843
2009;09;afrikanische Länder;Sonst. Ausland;Ausland;96;262
2009;09;USA;Amerika;Ausland;2856;7436
2009;09;Kanada;Amerika;Ausland;483;1048
2009;09;amerik. Länder (o.USA, Kanada);Amerika;Ausland;790;1529
2009;09;China;Asien;Ausland;616;962
2009;09;Japan;Asien;Ausland;1882;3834
2009;09;asiatische Länder (o.China, Japan);Asien;Ausland;943;2939
2009;09;"Australien, Neuseeland u. Ozeanien    ";Sonst. Ausland;Ausland;535;1151
2009;09;Ausländer ohne Angabe;Sonst. Ausland;Ausland;226;377
2009;10;Deutschland;Deutschland;Deutschland;133549;291924
2009;10;Belgien;Europa ohne Deutschland;Ausland;527;1239
2009;10;Dänemark;Europa ohne Deutschland;Ausland;774;1818
2009;10;Frankreich;Europa ohne Deutschland;Ausland;1194;2663
2009;10;Italien;Europa ohne Deutschland;Ausland;863;1937
2009;10;Niederlande;Europa ohne Deutschland;Ausland;1899;4979
2009;10;Österreich;Europa ohne Deutschland;Ausland;2037;4817
2009;10;Polen;Europa ohne Deutschland;Ausland;620;1113
2009;10;Schweden;Europa ohne Deutschland;Ausland;392;671
2009;10;Schweiz;Europa ohne Deutschland;Ausland;1814;4135
2009;10;Russland;Europa ohne Deutschland;Ausland;740;2673
2009;10;Spanien;Europa ohne Deutschland;Ausland;515;1060
2009;10;Tschechische Republik;Europa ohne Deutschland;Ausland;882;1753
2009;10;Großbritannien;Europa ohne Deutschland;Ausland;1297;3038
2009;10;sonst.europäische Länder (o.13 Länder);Europa ohne Deutschland;Ausland;1828;4711
2009;10;afrikanische Länder;Sonst. Ausland;Ausland;118;335
2009;10;USA;Amerika;Ausland;2254;5982
2009;10;Kanada;Amerika;Ausland;338;906
2009;10;amerik. Länder (o.USA, Kanada);Amerika;Ausland;400;770
2009;10;China;Asien;Ausland;846;1553
2009;10;Japan;Asien;Ausland;1441;2694
2009;10;asiatische Länder (o.China, Japan);Asien;Ausland;1313;3765
2009;10;"Australien, Neuseeland u. Ozeanien    ";Sonst. Ausland;Ausland;431;918
2009;10;Ausländer ohne Angabe;Sonst. Ausland;Ausland;233;518
2009;11;Deutschland;Deutschland;Deutschland;103739;199603
2009;11;Belgien;Europa ohne Deutschland;Ausland;308;671
2009;11;Dänemark;Europa ohne Deutschland;Ausland;316;502
2009;11;Frankreich;Europa ohne Deutschland;Ausland;565;1088
2009;11;Italien;Europa ohne Deutschland;Ausland;841;1726
2009;11;Niederlande;Europa ohne Deutschland;Ausland;922;2152
2009;11;Österreich;Europa ohne Deutschland;Ausland;1449;2818
2009;11;Polen;Europa ohne Deutschland;Ausland;557;959
2009;11;Schweden;Europa ohne Deutschland;Ausland;147;260
2009;11;Schweiz;Europa ohne Deutschland;Ausland;1113;2393
2009;11;Russland;Europa ohne Deutschland;Ausland;616;2221
2009;11;Spanien;Europa ohne Deutschland;Ausland;295;645
2009;11;Tschechische Republik;Europa ohne Deutschland;Ausland;994;1684
2009;11;Großbritannien;Europa ohne Deutschland;Ausland;803;1834
2009;11;sonst.europäische Länder (o.13 Länder);Europa ohne Deutschland;Ausland;1109;3214
2009;11;afrikanische Länder;Sonst. Ausland;Ausland;96;211
2009;11;USA;Amerika;Ausland;1277;3411
2009;11;Kanada;Amerika;Ausland;104;254
2009;11;amerik. Länder (o.USA, Kanada);Amerika;Ausland;221;400
2009;11;China;Asien;Ausland;401;840
2009;11;Japan;Asien;Ausland;1384;2363
2009;11;asiatische Länder (o.China, Japan);Asien;Ausland;557;1632
2009;11;"Australien, Neuseeland u. Ozeanien    ";Sonst. Ausland;Ausland;137;269
2009;11;Ausländer ohne Angabe;Sonst. Ausland;Ausland;195;302
2009;12;Deutschland;Deutschland;Deutschland;135046;270118
2009;12;Belgien;Europa ohne Deutschland;Ausland;280;509
2009;12;Dänemark;Europa ohne Deutschland;Ausland;304;1047
2009;12;Frankreich;Europa ohne Deutschland;Ausland;610;1291
2009;12;Italien;Europa ohne Deutschland;Ausland;1234;2503
2009;12;Niederlande;Europa ohne Deutschland;Ausland;1473;3370
2009;12;Österreich;Europa ohne Deutschland;Ausland;1353;2969
2009;12;Polen;Europa ohne Deutschland;Ausland;704;1019
2009;12;Schweden;Europa ohne Deutschland;Ausland;146;333
2009;12;Schweiz;Europa ohne Deutschland;Ausland;1660;4036
2009;12;Russland;Europa ohne Deutschland;Ausland;639;2255
2009;12;Spanien;Europa ohne Deutschland;Ausland;442;1041
2009;12;Tschechische Republik;Europa ohne Deutschland;Ausland;973;1582
2009;12;Großbritannien;Europa ohne Deutschland;Ausland;1069;2765
2009;12;sonst.europäische Länder (o.13 Länder);Europa ohne Deutschland;Ausland;1090;3187
2009;12;afrikanische Länder;Sonst. Ausland;Ausland;107;276
2009;12;USA;Amerika;Ausland;1613;3658
2009;12;Kanada;Amerika;Ausland;153;300
2009;12;amerik. Länder (o.USA, Kanada);Amerika;Ausland;425;678
2009;12;China;Asien;Ausland;567;1004
2009;12;Japan;Asien;Ausland;2064;3491
2009;12;asiatische Länder (o.China, Japan);Asien;Ausland;417;1027
2009;12;"Australien, Neuseeland u. Ozeanien    ";Sonst. Ausland;Ausland;279;645
2009;12;Ausländer ohne Angabe;Sonst. Ausland;Ausland;120;210
2010;01;Deutschland;Deutschland;Deutschland;56233;111214
2010;01;Belgien;Europa ohne Deutschland;Ausland;198;387
2010;01;Dänemark;Europa ohne Deutschland;Ausland;127;206
2010;01;Frankreich;Europa ohne Deutschland;Ausland;436;1025
2010;01;Italien;Europa ohne Deutschland;Ausland;430;1049
2010;01;Niederlande;Europa ohne Deutschland;Ausland;449;892
2010;01;Österreich;Europa ohne Deutschland;Ausland;598;1308
2010;01;Polen;Europa ohne Deutschland;Ausland;463;826
2010;01;Schweden;Europa ohne Deutschland;Ausland;107;158
2010;01;Schweiz;Europa ohne Deutschland;Ausland;544;1244
2010;01;Russland;Europa ohne Deutschland;Ausland;968;2845
2010;01;Spanien;Europa ohne Deutschland;Ausland;565;813
2010;01;Tschechische Republik;Europa ohne Deutschland;Ausland;441;746
2010;01;Großbritannien;Europa ohne Deutschland;Ausland;627;1474
2010;01;sonst.europäische Länder (o.13 Länder);Europa ohne Deutschland;Ausland;951;2834
2010;01;afrikanische Länder;Sonst. Ausland;Ausland;56;92
2010;01;USA;Amerika;Ausland;1107;2774
2010;01;Kanada;Amerika;Ausland;81;185
2010;01;amerik. Länder (o.USA, Kanada);Amerika;Ausland;248;455
2010;01;China;Asien;Ausland;264;518
2010;01;Japan;Asien;Ausland;534;1144
2010;01;asiatische Länder (o.China, Japan);Asien;Ausland;423;1385
2010;01;"Australien, Neuseeland u. Ozeanien    ";Sonst. Ausland;Ausland;210;431
2010;01;Ausländer ohne Angabe;Sonst. Ausland;Ausland;122;172
2010;02;Deutschland;Deutschland;Deutschland;66374;126831
2010;02;Belgien;Europa ohne Deutschland;Ausland;231;446
2010;02;Dänemark;Europa ohne Deutschland;Ausland;128;301
2010;02;Frankreich;Europa ohne Deutschland;Ausland;444;907
2010;02;Italien;Europa ohne Deutschland;Ausland;570;977
2010;02;Niederlande;Europa ohne Deutschland;Ausland;870;1585
2010;02;Österreich;Europa ohne Deutschland;Ausland;724;1655
2010;02;Polen;Europa ohne Deutschland;Ausland;513;744
2010;02;Schweden;Europa ohne Deutschland;Ausland;104;343
2010;02;Schweiz;Europa ohne Deutschland;Ausland;531;1150
2010;02;Russland;Europa ohne Deutschland;Ausland;354;1820
2010;02;Spanien;Europa ohne Deutschland;Ausland;268;857
2010;02;Tschechische Republik;Europa ohne Deutschland;Ausland;519;1049
2010;02;Großbritannien;Europa ohne Deutschland;Ausland;893;1936
2010;02;sonst.europäische Länder (o.13 Länder);Europa ohne Deutschland;Ausland;984;2869
2010;02;afrikanische Länder;Sonst. Ausland;Ausland;50;139
2010;02;USA;Amerika;Ausland;961;2958
2010;02;Kanada;Amerika;Ausland;90;220
2010;02;amerik. Länder (o.USA, Kanada);Amerika;Ausland;235;407
2010;02;China;Asien;Ausland;319;460
2010;02;Japan;Asien;Ausland;688;1510
2010;02;asiatische Länder (o.China, Japan);Asien;Ausland;500;1570
2010;02;"Australien, Neuseeland u. Ozeanien    ";Sonst. Ausland;Ausland;103;230
2010;02;Ausländer ohne Angabe;Sonst. Ausland;Ausland;345;456
2010;03;Deutschland;Deutschland;Deutschland;98936;200651
2010;03;Belgien;Europa ohne Deutschland;Ausland;497;1041
2010;03;Dänemark;Europa ohne Deutschland;Ausland;267;537
2010;03;Frankreich;Europa ohne Deutschland;Ausland;904;2031
2010;03;Italien;Europa ohne Deutschland;Ausland;1656;2968
2010;03;Niederlande;Europa ohne Deutschland;Ausland;915;1788
2010;03;Österreich;Europa ohne Deutschland;Ausland;1392;2988
2010;03;Polen;Europa ohne Deutschland;Ausland;583;970
2010;03;Schweden;Europa ohne Deutschland;Ausland;166;368
2010;03;Schweiz;Europa ohne Deutschland;Ausland;1642;3549
2010;03;Russland;Europa ohne Deutschland;Ausland;695;2952
2010;03;Spanien;Europa ohne Deutschland;Ausland;599;1614
2010;03;Tschechische Republik;Europa ohne Deutschland;Ausland;621;1073
2010;03;Großbritannien;Europa ohne Deutschland;Ausland;1201;2943
2010;03;sonst.europäische Länder (o.13 Länder);Europa ohne Deutschland;Ausland;1425;3189
2010;03;afrikanische Länder;Sonst. Ausland;Ausland;164;453
2010;03;USA;Amerika;Ausland;1504;4540
2010;03;Kanada;Amerika;Ausland;165;468
2010;03;amerik. Länder (o.USA, Kanada);Amerika;Ausland;292;713
2010;03;China;Asien;Ausland;421;827
2010;03;Japan;Asien;Ausland;980;2258
2010;03;asiatische Länder (o.China, Japan);Asien;Ausland;688;1953
2010;03;"Australien, Neuseeland u. Ozeanien    ";Sonst. Ausland;Ausland;136;317
2010;03;Ausländer ohne Angabe;Sonst. Ausland;Ausland;314;397
2010;04;Deutschland;Deutschland;Deutschland;112735;237575
2010;04;Belgien;Europa ohne Deutschland;Ausland;668;1349
2010;04;Dänemark;Europa ohne Deutschland;Ausland;648;1649
2010;04;Frankreich;Europa ohne Deutschland;Ausland;1192;2523
2010;04;Italien;Europa ohne Deutschland;Ausland;1570;2390
2010;04;Niederlande;Europa ohne Deutschland;Ausland;1180;2472
2010;04;Österreich;Europa ohne Deutschland;Ausland;1888;4299
2010;04;Polen;Europa ohne Deutschland;Ausland;869;1436
2010;04;Schweden;Europa ohne Deutschland;Ausland;601;860
2010;04;Schweiz;Europa ohne Deutschland;Ausland;1772;4276
2010;04;Russland;Europa ohne Deutschland;Ausland;806;3030
2010;04;Spanien;Europa ohne Deutschland;Ausland;569;1127
2010;04;Tschechische Republik;Europa ohne Deutschland;Ausland;802;1306
2010;04;Großbritannien;Europa ohne Deutschland;Ausland;1454;3318
2010;04;sonst.europäische Länder (o.13 Länder);Europa ohne Deutschland;Ausland;1911;3706
2010;04;afrikanische Länder;Sonst. Ausland;Ausland;56;140
2010;04;USA;Amerika;Ausland;1632;3974
2010;04;Kanada;Amerika;Ausland;214;553
2010;04;amerik. Länder (o.USA, Kanada);Amerika;Ausland;304;564
2010;04;China;Asien;Ausland;719;1614
2010;04;Japan;Asien;Ausland;1069;2243
2010;04;asiatische Länder (o.China, Japan);Asien;Ausland;1128;2715
2010;04;"Australien, Neuseeland u. Ozeanien    ";Sonst. Ausland;Ausland;256;568
2010;04;Ausländer ohne Angabe;Sonst. Ausland;Ausland;344;474
2010;05;Deutschland;Deutschland;Deutschland;134413;298171
2010;05;Belgien;Europa ohne Deutschland;Ausland;798;2097
2010;05;Dänemark;Europa ohne Deutschland;Ausland;1005;2583
2010;05;Frankreich;Europa ohne Deutschland;Ausland;1647;3781
2010;05;Italien;Europa ohne Deutschland;Ausland;1632;3132
2010;05;Niederlande;Europa ohne Deutschland;Ausland;2206;5408
2010;05;Österreich;Europa ohne Deutschland;Ausland;2529;5728
2010;05;Polen;Europa ohne Deutschland;Ausland;1328;2302
2010;05;Schweden;Europa ohne Deutschland;Ausland;853;1428
2010;05;Schweiz;Europa ohne Deutschland;Ausland;2523;5564
2010;05;Russland;Europa ohne Deutschland;Ausland;1160;3232
2010;05;Spanien;Europa ohne Deutschland;Ausland;793;1797
2010;05;Tschechische Republik;Europa ohne Deutschland;Ausland;918;1618
2010;05;Großbritannien;Europa ohne Deutschland;Ausland;2156;4666
2010;05;sonst.europäische Länder (o.13 Länder);Europa ohne Deutschland;Ausland;2519;5558
2010;05;afrikanische Länder;Sonst. Ausland;Ausland;91;242
2010;05;USA;Amerika;Ausland;2956;7255
2010;05;Kanada;Amerika;Ausland;486;1053
2010;05;amerik. Länder (o.USA, Kanada);Amerika;Ausland;864;1561
2010;05;China;Asien;Ausland;433;729
2010;05;Japan;Asien;Ausland;1880;3783
2010;05;asiatische Länder (o.China, Japan);Asien;Ausland;966;2162
2010;05;"Australien, Neuseeland u. Ozeanien    ";Sonst. Ausland;Ausland;585;1244
2010;05;Ausländer ohne Angabe;Sonst. Ausland;Ausland;289;506
2010;06;Deutschland;Deutschland;Deutschland;132845;281229
2010;06;Belgien;Europa ohne Deutschland;Ausland;698;1732
2010;06;Dänemark;Europa ohne Deutschland;Ausland;793;1934
2010;06;Frankreich;Europa ohne Deutschland;Ausland;1533;3102
2010;06;Italien;Europa ohne Deutschland;Ausland;1807;3636
2010;06;Niederlande;Europa ohne Deutschland;Ausland;1715;3868
2010;06;Österreich;Europa ohne Deutschland;Ausland;2866;5862
2010;06;Polen;Europa ohne Deutschland;Ausland;1222;2153
2010;06;Schweden;Europa ohne Deutschland;Ausland;732;1152
2010;06;Schweiz;Europa ohne Deutschland;Ausland;2549;5979
2010;06;Russland;Europa ohne Deutschland;Ausland;880;2823
2010;06;Spanien;Europa ohne Deutschland;Ausland;774;1678
2010;06;Tschechische Republik;Europa ohne Deutschland;Ausland;682;1136
2010;06;Großbritannien;Europa ohne Deutschland;Ausland;2301;5020
2010;06;sonst.europäische Länder (o.13 Länder);Europa ohne Deutschland;Ausland;2967;6200
2010;06;afrikanische Länder;Sonst. Ausland;Ausland;186;395
2010;06;USA;Amerika;Ausland;3431;8411
2010;06;Kanada;Amerika;Ausland;426;938
2010;06;amerik. Länder (o.USA, Kanada);Amerika;Ausland;869;1676
2010;06;China;Asien;Ausland;802;1362
2010;06;Japan;Asien;Ausland;2267;4537
2010;06;asiatische Länder (o.China, Japan);Asien;Ausland;1223;3149
2010;06;"Australien, Neuseeland u. Ozeanien    ";Sonst. Ausland;Ausland;586;1336
2010;06;Ausländer ohne Angabe;Sonst. Ausland;Ausland;283;481
2010;07;Deutschland;Deutschland;Deutschland;119624;257382
2010;07;Belgien;Europa ohne Deutschland;Ausland;1132;2317
2010;07;Dänemark;Europa ohne Deutschland;Ausland;1651;3474
2010;07;Frankreich;Europa ohne Deutschland;Ausland;1860;3927
2010;07;Italien;Europa ohne Deutschland;Ausland;2226;3993
2010;07;Niederlande;Europa ohne Deutschland;Ausland;2485;5390
2010;07;Österreich;Europa ohne Deutschland;Ausland;2665;5374
2010;07;Polen;Europa ohne Deutschland;Ausland;1292;2274
2010;07;Schweden;Europa ohne Deutschland;Ausland;1280;1753
2010;07;Schweiz;Europa ohne Deutschland;Ausland;2952;7046
2010;07;Russland;Europa ohne Deutschland;Ausland;1079;2885
2010;07;Spanien;Europa ohne Deutschland;Ausland;1185;2207
2010;07;Tschechische Republik;Europa ohne Deutschland;Ausland;1061;1597
2010;07;Großbritannien;Europa ohne Deutschland;Ausland;2453;4899
2010;07;sonst.europäische Länder (o.13 Länder);Europa ohne Deutschland;Ausland;3290;6511
2010;07;afrikanische Länder;Sonst. Ausland;Ausland;219;817
2010;07;USA;Amerika;Ausland;3438;8826
2010;07;Kanada;Amerika;Ausland;594;1162
2010;07;amerik. Länder (o.USA, Kanada);Amerika;Ausland;1255;2358
2010;07;China;Asien;Ausland;923;1410
2010;07;Japan;Asien;Ausland;1437;3180
2010;07;asiatische Länder (o.China, Japan);Asien;Ausland;1696;4031
2010;07;"Australien, Neuseeland u. Ozeanien    ";Sonst. Ausland;Ausland;621;1388
2010;07;Ausländer ohne Angabe;Sonst. Ausland;Ausland;298;460
2010;08;Deutschland;Deutschland;Deutschland;137791;300769
2010;08;Belgien;Europa ohne Deutschland;Ausland;944;2068
2010;08;Dänemark;Europa ohne Deutschland;Ausland;1165;2648
2010;08;Frankreich;Europa ohne Deutschland;Ausland;2307;4444
2010;08;Italien;Europa ohne Deutschland;Ausland;5567;9713
2010;08;Niederlande;Europa ohne Deutschland;Ausland;2470;5477
2010;08;Österreich;Europa ohne Deutschland;Ausland;3001;6382
2010;08;Polen;Europa ohne Deutschland;Ausland;1120;2120
2010;08;Schweden;Europa ohne Deutschland;Ausland;663;970
2010;08;Schweiz;Europa ohne Deutschland;Ausland;2388;5395
2010;08;Russland;Europa ohne Deutschland;Ausland;1382;3841
2010;08;Spanien;Europa ohne Deutschland;Ausland;2176;4045
2010;08;Tschechische Republik;Europa ohne Deutschland;Ausland;929;1449
2010;08;Großbritannien;Europa ohne Deutschland;Ausland;2415;5100
2010;08;sonst.europäische Länder (o.13 Länder);Europa ohne Deutschland;Ausland;3654;7111
2010;08;afrikanische Länder;Sonst. Ausland;Ausland;137;301
2010;08;USA;Amerika;Ausland;2465;6016
2010;08;Kanada;Amerika;Ausland;470;856
2010;08;amerik. Länder (o.USA, Kanada);Amerika;Ausland;621;1123
2010;08;China;Asien;Ausland;959;1491
2010;08;Japan;Asien;Ausland;2104;4366
2010;08;asiatische Länder (o.China, Japan);Asien;Ausland;1198;3126
2010;08;"Australien, Neuseeland u. Ozeanien    ";Sonst. Ausland;Ausland;647;1404
2010;08;Ausländer ohne Angabe;Sonst. Ausland;Ausland;366;592
2010;09;Deutschland;Deutschland;Deutschland;136619;295962
2010;09;Belgien;Europa ohne Deutschland;Ausland;636;1290
2010;09;Dänemark;Europa ohne Deutschland;Ausland;925;2331
2010;09;Frankreich;Europa ohne Deutschland;Ausland;1369;2834
2010;09;Italien;Europa ohne Deutschland;Ausland;1370;2724
2010;09;Niederlande;Europa ohne Deutschland;Ausland;1620;3958
2010;09;Österreich;Europa ohne Deutschland;Ausland;2049;5235
2010;09;Polen;Europa ohne Deutschland;Ausland;987;1936
2010;09;Schweden;Europa ohne Deutschland;Ausland;535;785
2010;09;Schweiz;Europa ohne Deutschland;Ausland;2364;5700
2010;09;Russland;Europa ohne Deutschland;Ausland;929;2871
2010;09;Spanien;Europa ohne Deutschland;Ausland;700;1546
2010;09;Tschechische Republik;Europa ohne Deutschland;Ausland;777;1312
2010;09;Großbritannien;Europa ohne Deutschland;Ausland;2491;5098
2010;09;sonst.europäische Länder (o.13 Länder);Europa ohne Deutschland;Ausland;2599;5636
2010;09;afrikanische Länder;Sonst. Ausland;Ausland;108;302
2010;09;USA;Amerika;Ausland;3127;6892
2010;09;Kanada;Amerika;Ausland;696;1427
2010;09;amerik. Länder (o.USA, Kanada);Amerika;Ausland;1151;2037
2010;09;China;Asien;Ausland;1100;1981
2010;09;Japan;Asien;Ausland;1944;4130
2010;09;asiatische Länder (o.China, Japan);Asien;Ausland;1113;2886
2010;09;"Australien, Neuseeland u. Ozeanien    ";Sonst. Ausland;Ausland;829;1715
2010;09;Ausländer ohne Angabe;Sonst. Ausland;Ausland;299;481
2010;10;Deutschland;Deutschland;Deutschland;139867;298855
2010;10;Belgien;Europa ohne Deutschland;Ausland;676;1521
2010;10;Dänemark;Europa ohne Deutschland;Ausland;768;1860
2010;10;Frankreich;Europa ohne Deutschland;Ausland;1418;3124
2010;10;Italien;Europa ohne Deutschland;Ausland;1359;2629
2010;10;Niederlande;Europa ohne Deutschland;Ausland;1594;3702
2010;10;Österreich;Europa ohne Deutschland;Ausland;2229;4976
2010;10;Polen;Europa ohne Deutschland;Ausland;898;1634
2010;10;Schweden;Europa ohne Deutschland;Ausland;538;965
2010;10;Schweiz;Europa ohne Deutschland;Ausland;2309;6096
2010;10;Russland;Europa ohne Deutschland;Ausland;1066;3310
2010;10;Spanien;Europa ohne Deutschland;Ausland;700;1565
2010;10;Tschechische Republik;Europa ohne Deutschland;Ausland;1116;2100
2010;10;Großbritannien;Europa ohne Deutschland;Ausland;1947;4333
2010;10;sonst.europäische Länder (o.13 Länder);Europa ohne Deutschland;Ausland;2053;4543
2010;10;afrikanische Länder;Sonst. Ausland;Ausland;95;269
2010;10;USA;Amerika;Ausland;3149;7876
2010;10;Kanada;Amerika;Ausland;501;1103
2010;10;amerik. Länder (o.USA, Kanada);Amerika;Ausland;974;1640
2010;10;China;Asien;Ausland;993;1919
2010;10;Japan;Asien;Ausland;2106;4954
2010;10;asiatische Länder (o.China, Japan);Asien;Ausland;1571;3866
2010;10;"Australien, Neuseeland u. Ozeanien    ";Sonst. Ausland;Ausland;549;1200
2010;10;Ausländer ohne Angabe;Sonst. Ausland;Ausland;203;315
2010;11;Deutschland;Deutschland;Deutschland;113109;213932
2010;11;Belgien;Europa ohne Deutschland;Ausland;412;874
2010;11;Dänemark;Europa ohne Deutschland;Ausland;254;585
2010;11;Frankreich;Europa ohne Deutschland;Ausland;687;1254
2010;11;Italien;Europa ohne Deutschland;Ausland;899;1765
2010;11;Niederlande;Europa ohne Deutschland;Ausland;823;1732
2010;11;Österreich;Europa ohne Deutschland;Ausland;1177;2665
2010;11;Polen;Europa ohne Deutschland;Ausland;765;1384
2010;11;Schweden;Europa ohne Deutschland;Ausland;183;277
2010;11;Schweiz;Europa ohne Deutschland;Ausland;1088;2461
2010;11;Russland;Europa ohne Deutschland;Ausland;900;3197
2010;11;Spanien;Europa ohne Deutschland;Ausland;431;1012
2010;11;Tschechische Republik;Europa ohne Deutschland;Ausland;1046;1655
2010;11;Großbritannien;Europa ohne Deutschland;Ausland;1170;2392
2010;11;sonst.europäische Länder (o.13 Länder);Europa ohne Deutschland;Ausland;1658;3680
2010;11;afrikanische Länder;Sonst. Ausland;Ausland;76;178
2010;11;USA;Amerika;Ausland;1646;3876
2010;11;Kanada;Amerika;Ausland;220;406
2010;11;amerik. Länder (o.USA, Kanada);Amerika;Ausland;332;793
2010;11;China;Asien;Ausland;778;1023
2010;11;Japan;Asien;Ausland;1286;3787
2010;11;asiatische Länder (o.China, Japan);Asien;Ausland;842;2350
2010;11;"Australien, Neuseeland u. Ozeanien    ";Sonst. Ausland;Ausland;250;500
2010;11;Ausländer ohne Angabe;Sonst. Ausland;Ausland;211;287
2010;12;Deutschland;Deutschland;Deutschland;139608;274797
2010;12;Belgien;Europa ohne Deutschland;Ausland;248;582
2010;12;Dänemark;Europa ohne Deutschland;Ausland;218;563
2010;12;Frankreich;Europa ohne Deutschland;Ausland;740;1551
2010;12;Italien;Europa ohne Deutschland;Ausland;973;2080
2010;12;Niederlande;Europa ohne Deutschland;Ausland;1098;2584
2010;12;Österreich;Europa ohne Deutschland;Ausland;1223;2764
2010;12;Polen;Europa ohne Deutschland;Ausland;796;1602
2010;12;Schweden;Europa ohne Deutschland;Ausland;192;383
2010;12;Schweiz;Europa ohne Deutschland;Ausland;1885;4556
2010;12;Russland;Europa ohne Deutschland;Ausland;808;2703
2010;12;Spanien;Europa ohne Deutschland;Ausland;417;967
2010;12;Tschechische Republik;Europa ohne Deutschland;Ausland;1368;1975
2010;12;Großbritannien;Europa ohne Deutschland;Ausland;1275;3154
2010;12;sonst.europäische Länder (o.13 Länder);Europa ohne Deutschland;Ausland;1608;3676
2010;12;afrikanische Länder;Sonst. Ausland;Ausland;132;389
2010;12;USA;Amerika;Ausland;1755;4813
2010;12;Kanada;Amerika;Ausland;167;457
2010;12;amerik. Länder (o.USA, Kanada);Amerika;Ausland;342;776
2010;12;China;Asien;Ausland;513;811
2010;12;Japan;Asien;Ausland;2077;4680
2010;12;asiatische Länder (o.China, Japan);Asien;Ausland;851;2055
2010;12;"Australien, Neuseeland u. Ozeanien    ";Sonst. Ausland;Ausland;382;860
2010;12;Ausländer ohne Angabe;Sonst. Ausland;Ausland;255;418
2011;01;Deutschland;Deutschland;Deutschland;62096;120579
2011;01;Belgien;Europa ohne Deutschland;Ausland;191;293
2011;01;Dänemark;Europa ohne Deutschland;Ausland;89;178
2011;01;Frankreich;Europa ohne Deutschland;Ausland;543;1115
2011;01;Italien;Europa ohne Deutschland;Ausland;489;1011
2011;01;Niederlande;Europa ohne Deutschland;Ausland;467;975
2011;01;Österreich;Europa ohne Deutschland;Ausland;759;1713
2011;01;Polen;Europa ohne Deutschland;Ausland;554;940
2011;01;Schweden;Europa ohne Deutschland;Ausland;98;196
2011;01;Schweiz;Europa ohne Deutschland;Ausland;652;1440
2011;01;Russland;Europa ohne Deutschland;Ausland;1610;3842
2011;01;Spanien;Europa ohne Deutschland;Ausland;206;434
2011;01;Tschechische Republik;Europa ohne Deutschland;Ausland;623;1080
2011;01;Großbritannien;Europa ohne Deutschland;Ausland;639;1652
2011;01;sonst.europäische Länder (o.13 Länder);Europa ohne Deutschland;Ausland;986;2215
2011;01;afrikanische Länder;Sonst. Ausland;Ausland;64;172
2011;01;USA;Amerika;Ausland;850;2733
2011;01;Kanada;Amerika;Ausland;84;250
2011;01;amerik. Länder (o.USA, Kanada);Amerika;Ausland;360;653
2011;01;China;Asien;Ausland;261;511
2011;01;Japan;Asien;Ausland;642;2473
2011;01;asiatische Länder (o.China, Japan);Asien;Ausland;647;1457
2011;01;"Australien, Neuseeland u. Ozeanien    ";Sonst. Ausland;Ausland;301;541
2011;01;Ausländer ohne Angabe;Sonst. Ausland;Ausland;135;203
2011;02;Deutschland;Deutschland;Deutschland;71856;137026
2011;02;Belgien;Europa ohne Deutschland;Ausland;163;318
2011;02;Dänemark;Europa ohne Deutschland;Ausland;147;263
2011;02;Frankreich;Europa ohne Deutschland;Ausland;522;1173
2011;02;Italien;Europa ohne Deutschland;Ausland;640;1352
2011;02;Niederlande;Europa ohne Deutschland;Ausland;740;1455
2011;02;Österreich;Europa ohne Deutschland;Ausland;940;2041
2011;02;Polen;Europa ohne Deutschland;Ausland;739;1144
2011;02;Schweden;Europa ohne Deutschland;Ausland;81;140
2011;02;Schweiz;Europa ohne Deutschland;Ausland;748;1480
2011;02;Russland;Europa ohne Deutschland;Ausland;723;2807
2011;02;Spanien;Europa ohne Deutschland;Ausland;315;601
2011;02;Tschechische Republik;Europa ohne Deutschland;Ausland;607;1047
2011;02;Großbritannien;Europa ohne Deutschland;Ausland;654;1626
2011;02;sonst.europäische Länder (o.13 Länder);Europa ohne Deutschland;Ausland;1075;2662
2011;02;afrikanische Länder;Sonst. Ausland;Ausland;34;91
2011;02;USA;Amerika;Ausland;894;3551
2011;02;Kanada;Amerika;Ausland;119;425
2011;02;amerik. Länder (o.USA, Kanada);Amerika;Ausland;308;765
2011;02;China;Asien;Ausland;347;622
2011;02;Japan;Asien;Ausland;646;2792
2011;02;asiatische Länder (o.China, Japan);Asien;Ausland;515;1615
2011;02;"Australien, Neuseeland u. Ozeanien    ";Sonst. Ausland;Ausland;123;266
2011;02;Ausländer ohne Angabe;Sonst. Ausland;Ausland;103;203
2011;03;Deutschland;Deutschland;Deutschland;111916;234885
2011;03;Belgien;Europa ohne Deutschland;Ausland;429;882
2011;03;Dänemark;Europa ohne Deutschland;Ausland;280;590
2011;03;Frankreich;Europa ohne Deutschland;Ausland;817;1784
2011;03;Italien;Europa ohne Deutschland;Ausland;1266;2222
2011;03;Niederlande;Europa ohne Deutschland;Ausland;1042;2199
2011;03;Österreich;Europa ohne Deutschland;Ausland;1441;3563
2011;03;Polen;Europa ohne Deutschland;Ausland;902;1508
2011;03;Schweden;Europa ohne Deutschland;Ausland;179;345
2011;03;Schweiz;Europa ohne Deutschland;Ausland;1413;3116
2011;03;Russland;Europa ohne Deutschland;Ausland;958;3008
2011;03;Spanien;Europa ohne Deutschland;Ausland;370;832
2011;03;Tschechische Republik;Europa ohne Deutschland;Ausland;563;1007
2011;03;Großbritannien;Europa ohne Deutschland;Ausland;1218;2859
2011;03;sonst.europäische Länder (o.13 Länder);Europa ohne Deutschland;Ausland;1670;3430
2011;03;afrikanische Länder;Sonst. Ausland;Ausland;48;110
2011;03;USA;Amerika;Ausland;1822;5637
2011;03;Kanada;Amerika;Ausland;180;487
2011;03;amerik. Länder (o.USA, Kanada);Amerika;Ausland;324;675
2011;03;China;Asien;Ausland;454;968
2011;03;Japan;Asien;Ausland;839;3126
2011;03;asiatische Länder (o.China, Japan);Asien;Ausland;784;2225
2011;03;"Australien, Neuseeland u. Ozeanien    ";Sonst. Ausland;Ausland;152;301
2011;03;Ausländer ohne Angabe;Sonst. Ausland;Ausland;168;305
2011;04;Deutschland;Deutschland;Deutschland;127182;280364
2011;04;Belgien;Europa ohne Deutschland;Ausland;760;1642
2011;04;Dänemark;Europa ohne Deutschland;Ausland;963;2959
2011;04;Frankreich;Europa ohne Deutschland;Ausland;1278;2808
2011;04;Italien;Europa ohne Deutschland;Ausland;1296;2257
2011;04;Niederlande;Europa ohne Deutschland;Ausland;1411;2874
2011;04;Österreich;Europa ohne Deutschland;Ausland;2057;4972
2011;04;Polen;Europa ohne Deutschland;Ausland;1231;1913
2011;04;Schweden;Europa ohne Deutschland;Ausland;693;1361
2011;04;Schweiz;Europa ohne Deutschland;Ausland;1945;4764
2011;04;Russland;Europa ohne Deutschland;Ausland;1088;3463
2011;04;Spanien;Europa ohne Deutschland;Ausland;710;1346
2011;04;Tschechische Republik;Europa ohne Deutschland;Ausland;1029;2006
2011;04;Großbritannien;Europa ohne Deutschland;Ausland;1331;3376
2011;04;sonst.europäische Länder (o.13 Länder);Europa ohne Deutschland;Ausland;2250;5528
2011;04;afrikanische Länder;Sonst. Ausland;Ausland;123;288
2011;04;USA;Amerika;Ausland;1770;5339
2011;04;Kanada;Amerika;Ausland;473;2174
2011;04;amerik. Länder (o.USA, Kanada);Amerika;Ausland;621;1094
2011;04;China;Asien;Ausland;562;980
2011;04;Japan;Asien;Ausland;951;3175
2011;04;asiatische Länder (o.China, Japan);Asien;Ausland;967;2213
2011;04;"Australien, Neuseeland u. Ozeanien    ";Sonst. Ausland;Ausland;290;574
2011;04;Ausländer ohne Angabe;Sonst. Ausland;Ausland;247;467
2011;05;Deutschland;Deutschland;Deutschland;140204;298160
2011;05;Belgien;Europa ohne Deutschland;Ausland;770;1630
2011;05;Dänemark;Europa ohne Deutschland;Ausland;1233;2998
2011;05;Frankreich;Europa ohne Deutschland;Ausland;1641;3722
2011;05;Italien;Europa ohne Deutschland;Ausland;1908;3372
2011;05;Niederlande;Europa ohne Deutschland;Ausland;1990;4598
2011;05;Österreich;Europa ohne Deutschland;Ausland;2515;5744
2011;05;Polen;Europa ohne Deutschland;Ausland;1251;2374
2011;05;Schweden;Europa ohne Deutschland;Ausland;767;1349
2011;05;Schweiz;Europa ohne Deutschland;Ausland;2927;7184
2011;05;Russland;Europa ohne Deutschland;Ausland;1460;4208
2011;05;Spanien;Europa ohne Deutschland;Ausland;666;1223
2011;05;Tschechische Republik;Europa ohne Deutschland;Ausland;731;1283
2011;05;Großbritannien;Europa ohne Deutschland;Ausland;2284;4794
2011;05;sonst.europäische Länder (o.13 Länder);Europa ohne Deutschland;Ausland;2155;4342
2011;05;afrikanische Länder;Sonst. Ausland;Ausland;132;362
2011;05;USA;Amerika;Ausland;3024;8015
2011;05;Kanada;Amerika;Ausland;662;1372
2011;05;amerik. Länder (o.USA, Kanada);Amerika;Ausland;863;1477
2011;05;China;Asien;Ausland;699;1023
2011;05;Japan;Asien;Ausland;1786;4493
2011;05;asiatische Länder (o.China, Japan);Asien;Ausland;1302;3035
2011;05;"Australien, Neuseeland u. Ozeanien    ";Sonst. Ausland;Ausland;508;976
2011;05;Ausländer ohne Angabe;Sonst. Ausland;Ausland;178;391
2011;06;Deutschland;Deutschland;Deutschland;139568;318978
2011;06;Belgien;Europa ohne Deutschland;Ausland;722;1582
2011;06;Dänemark;Europa ohne Deutschland;Ausland;866;1860
2011;06;Frankreich;Europa ohne Deutschland;Ausland;1241;2622
2011;06;Italien;Europa ohne Deutschland;Ausland;1233;2246
2011;06;Niederlande;Europa ohne Deutschland;Ausland;1961;4423
2011;06;Österreich;Europa ohne Deutschland;Ausland;2446;5501
2011;06;Polen;Europa ohne Deutschland;Ausland;934;1490
2011;06;Schweden;Europa ohne Deutschland;Ausland;788;1147
2011;06;Schweiz;Europa ohne Deutschland;Ausland;3049;7327
2011;06;Russland;Europa ohne Deutschland;Ausland;1177;3061
2011;06;Spanien;Europa ohne Deutschland;Ausland;851;1658
2011;06;Tschechische Republik;Europa ohne Deutschland;Ausland;776;1273
2011;06;Großbritannien;Europa ohne Deutschland;Ausland;2563;5641
2011;06;sonst.europäische Länder (o.13 Länder);Europa ohne Deutschland;Ausland;2206;4690
2011;06;afrikanische Länder;Sonst. Ausland;Ausland;226;569
2011;06;USA;Amerika;Ausland;4273;10564
2011;06;Kanada;Amerika;Ausland;501;1079
2011;06;amerik. Länder (o.USA, Kanada);Amerika;Ausland;951;1814
2011;06;China;Asien;Ausland;867;1278
2011;06;Japan;Asien;Ausland;1959;4374
2011;06;asiatische Länder (o.China, Japan);Asien;Ausland;1319;3561
2011;06;"Australien, Neuseeland u. Ozeanien    ";Sonst. Ausland;Ausland;850;1959
2011;06;Ausländer ohne Angabe;Sonst. Ausland;Ausland;325;706
2011;07;Deutschland;Deutschland;Deutschland;125695;271498
2011;07;Belgien;Europa ohne Deutschland;Ausland;1206;2746
2011;07;Dänemark;Europa ohne Deutschland;Ausland;1601;3366
2011;07;Frankreich;Europa ohne Deutschland;Ausland;1544;3282
2011;07;Italien;Europa ohne Deutschland;Ausland;1463;2794
2011;07;Niederlande;Europa ohne Deutschland;Ausland;2795;5956
2011;07;Österreich;Europa ohne Deutschland;Ausland;2402;4889
2011;07;Polen;Europa ohne Deutschland;Ausland;1007;1604
2011;07;Schweden;Europa ohne Deutschland;Ausland;1101;1591
2011;07;Schweiz;Europa ohne Deutschland;Ausland;2912;6413
2011;07;Russland;Europa ohne Deutschland;Ausland;1436;2946
2011;07;Spanien;Europa ohne Deutschland;Ausland;1339;2324
2011;07;Tschechische Republik;Europa ohne Deutschland;Ausland;1026;1556
2011;07;Großbritannien;Europa ohne Deutschland;Ausland;2492;5104
2011;07;sonst.europäische Länder (o.13 Länder);Europa ohne Deutschland;Ausland;3487;6275
2011;07;afrikanische Länder;Sonst. Ausland;Ausland;199;561
2011;07;USA;Amerika;Ausland;3222;7828
2011;07;Kanada;Amerika;Ausland;550;1190
2011;07;amerik. Länder (o.USA, Kanada);Amerika;Ausland;1204;2320
2011;07;China;Asien;Ausland;960;2034
2011;07;Japan;Asien;Ausland;1523;3435
2011;07;asiatische Länder (o.China, Japan);Asien;Ausland;1838;3933
2011;07;"Australien, Neuseeland u. Ozeanien    ";Sonst. Ausland;Ausland;856;1788
2011;07;Ausländer ohne Angabe;Sonst. Ausland;Ausland;154;311
2011;08;Deutschland;Deutschland;Deutschland;138450;312403
2011;08;Belgien;Europa ohne Deutschland;Ausland;986;2404
2011;08;Dänemark;Europa ohne Deutschland;Ausland;1336;3138
2011;08;Frankreich;Europa ohne Deutschland;Ausland;2065;4313
2011;08;Italien;Europa ohne Deutschland;Ausland;5278;8796
2011;08;Niederlande;Europa ohne Deutschland;Ausland;2432;6385
2011;08;Österreich;Europa ohne Deutschland;Ausland;2692;5780
2011;08;Polen;Europa ohne Deutschland;Ausland;1400;2198
2011;08;Schweden;Europa ohne Deutschland;Ausland;746;1074
2011;08;Schweiz;Europa ohne Deutschland;Ausland;2658;6318
2011;08;Russland;Europa ohne Deutschland;Ausland;1558;4239
2011;08;Spanien;Europa ohne Deutschland;Ausland;1881;3476
2011;08;Tschechische Republik;Europa ohne Deutschland;Ausland;833;1359
2011;08;Großbritannien;Europa ohne Deutschland;Ausland;2361;5518
2011;08;sonst.europäische Länder (o.13 Länder);Europa ohne Deutschland;Ausland;3681;6892
2011;08;afrikanische Länder;Sonst. Ausland;Ausland;120;363
2011;08;USA;Amerika;Ausland;1997;5238
2011;08;Kanada;Amerika;Ausland;436;895
2011;08;amerik. Länder (o.USA, Kanada);Amerika;Ausland;816;1403
2011;08;China;Asien;Ausland;947;1478
2011;08;Japan;Asien;Ausland;2121;4679
2011;08;asiatische Länder (o.China, Japan);Asien;Ausland;1312;3941
2011;08;"Australien, Neuseeland u. Ozeanien    ";Sonst. Ausland;Ausland;523;1159
2011;08;Ausländer ohne Angabe;Sonst. Ausland;Ausland;288;576
2011;09;Deutschland;Deutschland;Deutschland;139722;293475
2011;09;Belgien;Europa ohne Deutschland;Ausland;1095;2698
2011;09;Dänemark;Europa ohne Deutschland;Ausland;1005;2797
2011;09;Frankreich;Europa ohne Deutschland;Ausland;1395;2709
2011;09;Italien;Europa ohne Deutschland;Ausland;1262;2390
2011;09;Niederlande;Europa ohne Deutschland;Ausland;1938;5031
2011;09;Österreich;Europa ohne Deutschland;Ausland;2320;4822
2011;09;Polen;Europa ohne Deutschland;Ausland;966;1843
2011;09;Schweden;Europa ohne Deutschland;Ausland;985;1457
2011;09;Schweiz;Europa ohne Deutschland;Ausland;2803;6794
2011;09;Russland;Europa ohne Deutschland;Ausland;879;2097
2011;09;Spanien;Europa ohne Deutschland;Ausland;679;1382
2011;09;Tschechische Republik;Europa ohne Deutschland;Ausland;883;1451
2011;09;Großbritannien;Europa ohne Deutschland;Ausland;3108;6757
2011;09;sonst.europäische Länder (o.13 Länder);Europa ohne Deutschland;Ausland;2612;5879
2011;09;afrikanische Länder;Sonst. Ausland;Ausland;121;309
2011;09;USA;Amerika;Ausland;3369;8050
2011;09;Kanada;Amerika;Ausland;512;1262
2011;09;amerik. Länder (o.USA, Kanada);Amerika;Ausland;1013;1690
2011;09;China;Asien;Ausland;1219;1787
2011;09;Japan;Asien;Ausland;2575;5572
2011;09;asiatische Länder (o.China, Japan);Asien;Ausland;1384;4037
2011;09;"Australien, Neuseeland u. Ozeanien    ";Sonst. Ausland;Ausland;945;2014
2011;09;Ausländer ohne Angabe;Sonst. Ausland;Ausland;166;378
2011;10;Deutschland;Deutschland;Deutschland;145433;324268
2011;10;Belgien;Europa ohne Deutschland;Ausland;616;1372
2011;10;Dänemark;Europa ohne Deutschland;Ausland;574;1379
2011;10;Frankreich;Europa ohne Deutschland;Ausland;1132;2867
2011;10;Italien;Europa ohne Deutschland;Ausland;1158;2550
2011;10;Niederlande;Europa ohne Deutschland;Ausland;1755;3930
2011;10;Österreich;Europa ohne Deutschland;Ausland;2100;4715
2011;10;Polen;Europa ohne Deutschland;Ausland;971;1733
2011;10;Schweden;Europa ohne Deutschland;Ausland;431;837
2011;10;Schweiz;Europa ohne Deutschland;Ausland;2212;5561
2011;10;Russland;Europa ohne Deutschland;Ausland;1115;2717
2011;10;Spanien;Europa ohne Deutschland;Ausland;585;1177
2011;10;Tschechische Republik;Europa ohne Deutschland;Ausland;1265;2050
2011;10;Großbritannien;Europa ohne Deutschland;Ausland;2045;4944
2011;10;sonst.europäische Länder (o.13 Länder);Europa ohne Deutschland;Ausland;2047;4660
2011;10;afrikanische Länder;Sonst. Ausland;Ausland;105;252
2011;10;USA;Amerika;Ausland;2371;6304
2011;10;Kanada;Amerika;Ausland;333;685
2011;10;amerik. Länder (o.USA, Kanada);Amerika;Ausland;799;1459
2011;10;China;Asien;Ausland;968;1551
2011;10;Japan;Asien;Ausland;2146;4309
2011;10;asiatische Länder (o.China, Japan);Asien;Ausland;1572;4251
2011;10;"Australien, Neuseeland u. Ozeanien    ";Sonst. Ausland;Ausland;459;1185
2011;10;Ausländer ohne Angabe;Sonst. Ausland;Ausland;234;463
2011;11;Deutschland;Deutschland;Deutschland;122027;231483
2011;11;Belgien;Europa ohne Deutschland;Ausland;336;610
2011;11;Dänemark;Europa ohne Deutschland;Ausland;390;970
2011;11;Frankreich;Europa ohne Deutschland;Ausland;656;1614
2011;11;Italien;Europa ohne Deutschland;Ausland;802;1837
2011;11;Niederlande;Europa ohne Deutschland;Ausland;926;2153
2011;11;Österreich;Europa ohne Deutschland;Ausland;1399;2955
2011;11;Polen;Europa ohne Deutschland;Ausland;780;1406
2011;11;Schweden;Europa ohne Deutschland;Ausland;183;397
2011;11;Schweiz;Europa ohne Deutschland;Ausland;1603;3679
2011;11;Russland;Europa ohne Deutschland;Ausland;827;1871
2011;11;Spanien;Europa ohne Deutschland;Ausland;404;838
2011;11;Tschechische Republik;Europa ohne Deutschland;Ausland;1206;1711
2011;11;Großbritannien;Europa ohne Deutschland;Ausland;1180;2672
2011;11;sonst.europäische Länder (o.13 Länder);Europa ohne Deutschland;Ausland;2055;4495
2011;11;afrikanische Länder;Sonst. Ausland;Ausland;66;174
2011;11;USA;Amerika;Ausland;1459;3879
2011;11;Kanada;Amerika;Ausland;148;305
2011;11;amerik. Länder (o.USA, Kanada);Amerika;Ausland;448;799
2011;11;China;Asien;Ausland;676;1425
2011;11;Japan;Asien;Ausland;1645;3750
2011;11;asiatische Länder (o.China, Japan);Asien;Ausland;704;2406
2011;11;"Australien, Neuseeland u. Ozeanien    ";Sonst. Ausland;Ausland;230;540
2011;11;Ausländer ohne Angabe;Sonst. Ausland;Ausland;173;395
2011;12;Deutschland;Deutschland;Deutschland;159019;307770
2011;12;Belgien;Europa ohne Deutschland;Ausland;299;569
2011;12;Dänemark;Europa ohne Deutschland;Ausland;272;749
2011;12;Frankreich;Europa ohne Deutschland;Ausland;706;2245
2011;12;Italien;Europa ohne Deutschland;Ausland;1148;2386
2011;12;Niederlande;Europa ohne Deutschland;Ausland;1112;2322
2011;12;Österreich;Europa ohne Deutschland;Ausland;1725;3878
2011;12;Polen;Europa ohne Deutschland;Ausland;764;1267
2011;12;Schweden;Europa ohne Deutschland;Ausland;240;528
2011;12;Schweiz;Europa ohne Deutschland;Ausland;2097;5265
2011;12;Russland;Europa ohne Deutschland;Ausland;1050;1895
2011;12;Spanien;Europa ohne Deutschland;Ausland;501;1080
2011;12;Tschechische Republik;Europa ohne Deutschland;Ausland;1685;2290
2011;12;Großbritannien;Europa ohne Deutschland;Ausland;1457;3573
2011;12;sonst.europäische Länder (o.13 Länder);Europa ohne Deutschland;Ausland;1928;4211
2011;12;afrikanische Länder;Sonst. Ausland;Ausland;144;338
2011;12;USA;Amerika;Ausland;1626;3957
2011;12;Kanada;Amerika;Ausland;150;295
2011;12;amerik. Länder (o.USA, Kanada);Amerika;Ausland;400;781
2011;12;China;Asien;Ausland;731;1533
2011;12;Japan;Asien;Ausland;2444;4806
2011;12;asiatische Länder (o.China, Japan);Asien;Ausland;770;2145
2011;12;"Australien, Neuseeland u. Ozeanien    ";Sonst. Ausland;Ausland;334;909
2011;12;Ausländer ohne Angabe;Sonst. Ausland;Ausland;240;570
2012;01;Deutschland;Deutschland;Deutschland;66792;128940
2012;01;Belgien;Europa ohne Deutschland;Ausland;200;452
2012;01;Dänemark;Europa ohne Deutschland;Ausland;87;138
2012;01;Frankreich;Europa ohne Deutschland;Ausland;436;1034
2012;01;Italien;Europa ohne Deutschland;Ausland;423;1032
2012;01;Niederlande;Europa ohne Deutschland;Ausland;444;894
2012;01;Österreich;Europa ohne Deutschland;Ausland;735;1496
2012;01;Polen;Europa ohne Deutschland;Ausland;770;1188
2012;01;Schweden;Europa ohne Deutschland;Ausland;73;174
2012;01;Schweiz;Europa ohne Deutschland;Ausland;812;1762
2012;01;Russland;Europa ohne Deutschland;Ausland;2102;3810
2012;01;Spanien;Europa ohne Deutschland;Ausland;267;560
2012;01;Tschechische Republik;Europa ohne Deutschland;Ausland;668;1063
2012;01;Großbritannien;Europa ohne Deutschland;Ausland;631;1862
2012;01;sonst.europäische Länder (o.13 Länder);Europa ohne Deutschland;Ausland;1316;2790
2012;01;afrikanische Länder;Sonst. Ausland;Ausland;71;217
2012;01;USA;Amerika;Ausland;801;2230
2012;01;Kanada;Amerika;Ausland;87;232
2012;01;amerik. Länder (o.USA, Kanada);Amerika;Ausland;352;693
2012;01;China;Asien;Ausland;539;1098
2012;01;Japan;Asien;Ausland;722;2012
2012;01;asiatische Länder (o.China, Japan);Asien;Ausland;558;1820
2012;01;"Australien, Neuseeland u. Ozeanien    ";Sonst. Ausland;Ausland;287;694
2012;01;Ausländer ohne Angabe;Sonst. Ausland;Ausland;89;146
2012;02;Deutschland;Deutschland;Deutschland;80206;153606
2012;02;Belgien;Europa ohne Deutschland;Ausland;370;1085
2012;02;Dänemark;Europa ohne Deutschland;Ausland;144;235
2012;02;Frankreich;Europa ohne Deutschland;Ausland;538;1453
2012;02;Italien;Europa ohne Deutschland;Ausland;665;1466
2012;02;Niederlande;Europa ohne Deutschland;Ausland;978;1847
2012;02;Österreich;Europa ohne Deutschland;Ausland;811;1621
2012;02;Polen;Europa ohne Deutschland;Ausland;532;897
2012;02;Schweden;Europa ohne Deutschland;Ausland;212;544
2012;02;Schweiz;Europa ohne Deutschland;Ausland;1134;2402
2012;02;Russland;Europa ohne Deutschland;Ausland;639;1518
2012;02;Spanien;Europa ohne Deutschland;Ausland;263;510
2012;02;Tschechische Republik;Europa ohne Deutschland;Ausland;532;853
2012;02;Großbritannien;Europa ohne Deutschland;Ausland;800;1963
2012;02;sonst.europäische Länder (o.13 Länder);Europa ohne Deutschland;Ausland;1140;2665
2012;02;afrikanische Länder;Sonst. Ausland;Ausland;62;165
2012;02;USA;Amerika;Ausland;1054;3439
2012;02;Kanada;Amerika;Ausland;113;241
2012;02;amerik. Länder (o.USA, Kanada);Amerika;Ausland;318;576
2012;02;China;Asien;Ausland;623;1912
2012;02;Japan;Asien;Ausland;908;2469
2012;02;asiatische Länder (o.China, Japan);Asien;Ausland;848;2853
2012;02;"Australien, Neuseeland u. Ozeanien    ";Sonst. Ausland;Ausland;133;341
2012;02;Ausländer ohne Angabe;Sonst. Ausland;Ausland;201;404
2012;03;Deutschland;Deutschland;Deutschland;117061;230262
2012;03;Belgien;Europa ohne Deutschland;Ausland;635;981
2012;03;Dänemark;Europa ohne Deutschland;Ausland;299;627
2012;03;Frankreich;Europa ohne Deutschland;Ausland;1074;2344
2012;03;Italien;Europa ohne Deutschland;Ausland;1331;2691
2012;03;Niederlande;Europa ohne Deutschland;Ausland;876;1927
2012;03;Österreich;Europa ohne Deutschland;Ausland;1675;3428
2012;03;Polen;Europa ohne Deutschland;Ausland;785;1560
2012;03;Schweden;Europa ohne Deutschland;Ausland;238;480
2012;03;Schweiz;Europa ohne Deutschland;Ausland;2167;4910
2012;03;Russland;Europa ohne Deutschland;Ausland;1135;2369
2012;03;Spanien;Europa ohne Deutschland;Ausland;392;803
2012;03;Tschechische Republik;Europa ohne Deutschland;Ausland;942;1642
2012;03;Großbritannien;Europa ohne Deutschland;Ausland;1159;2700
2012;03;sonst.europäische Länder (o.13 Länder);Europa ohne Deutschland;Ausland;1712;3965
2012;03;afrikanische Länder;Sonst. Ausland;Ausland;120;319
2012;03;USA;Amerika;Ausland;1675;4419
2012;03;Kanada;Amerika;Ausland;241;625
2012;03;amerik. Länder (o.USA, Kanada);Amerika;Ausland;302;596
2012;03;China;Asien;Ausland;617;1227
2012;03;Japan;Asien;Ausland;1090;2616
2012;03;asiatische Länder (o.China, Japan);Asien;Ausland;942;2864
2012;03;"Australien, Neuseeland u. Ozeanien    ";Sonst. Ausland;Ausland;291;499
2012;03;Ausländer ohne Angabe;Sonst. Ausland;Ausland;295;635
2012;04;Deutschland;Deutschland;Deutschland;129645;286945
2012;04;Belgien;Europa ohne Deutschland;Ausland;698;1362
2012;04;Dänemark;Europa ohne Deutschland;Ausland;678;1526
2012;04;Frankreich;Europa ohne Deutschland;Ausland;1224;3030
2012;04;Italien;Europa ohne Deutschland;Ausland;1757;3556
2012;04;Niederlande;Europa ohne Deutschland;Ausland;1738;3582
2012;04;Österreich;Europa ohne Deutschland;Ausland;2632;5786
2012;04;Polen;Europa ohne Deutschland;Ausland;1180;1995
2012;04;Schweden;Europa ohne Deutschland;Ausland;654;899
2012;04;Schweiz;Europa ohne Deutschland;Ausland;2205;5441
2012;04;Russland;Europa ohne Deutschland;Ausland;1515;3148
2012;04;Spanien;Europa ohne Deutschland;Ausland;1086;1900
2012;04;Tschechische Republik;Europa ohne Deutschland;Ausland;1044;1692
2012;04;Großbritannien;Europa ohne Deutschland;Ausland;1561;3772
2012;04;sonst.europäische Länder (o.13 Länder);Europa ohne Deutschland;Ausland;2208;4533
2012;04;afrikanische Länder;Sonst. Ausland;Ausland;84;220
2012;04;USA;Amerika;Ausland;2128;5377
2012;04;Kanada;Amerika;Ausland;290;725
2012;04;amerik. Länder (o.USA, Kanada);Amerika;Ausland;550;1045
2012;04;China;Asien;Ausland;592;1140
2012;04;Japan;Asien;Ausland;1181;2848
2012;04;asiatische Länder (o.China, Japan);Asien;Ausland;1065;2638
2012;04;"Australien, Neuseeland u. Ozeanien    ";Sonst. Ausland;Ausland;300;629
2012;04;Ausländer ohne Angabe;Sonst. Ausland;Ausland;376;479
2012;05;Deutschland;Deutschland;Deutschland;143191;309693
2012;05;Belgien;Europa ohne Deutschland;Ausland;933;2120
2012;05;Dänemark;Europa ohne Deutschland;Ausland;1318;3537
2012;05;Frankreich;Europa ohne Deutschland;Ausland;1627;3373
2012;05;Italien;Europa ohne Deutschland;Ausland;1498;2813
2012;05;Niederlande;Europa ohne Deutschland;Ausland;2409;5630
2012;05;Österreich;Europa ohne Deutschland;Ausland;2883;6709
2012;05;Polen;Europa ohne Deutschland;Ausland;1593;2497
2012;05;Schweden;Europa ohne Deutschland;Ausland;520;862
2012;05;Schweiz;Europa ohne Deutschland;Ausland;3311;8111
2012;05;Russland;Europa ohne Deutschland;Ausland;1980;3856
2012;05;Spanien;Europa ohne Deutschland;Ausland;629;1224
2012;05;Tschechische Republik;Europa ohne Deutschland;Ausland;870;1346
2012;05;Großbritannien;Europa ohne Deutschland;Ausland;2449;5127
2012;05;sonst.europäische Länder (o.13 Länder);Europa ohne Deutschland;Ausland;2733;5387
2012;05;afrikanische Länder;Sonst. Ausland;Ausland;126;287
2012;05;USA;Amerika;Ausland;3272;7303
2012;05;Kanada;Amerika;Ausland;553;1135
2012;05;amerik. Länder (o.USA, Kanada);Amerika;Ausland;1094;1921
2012;05;China;Asien;Ausland;1263;2306
2012;05;Japan;Asien;Ausland;2378;4902
2012;05;asiatische Länder (o.China, Japan);Asien;Ausland;1388;3581
2012;05;"Australien, Neuseeland u. Ozeanien    ";Sonst. Ausland;Ausland;673;1417
2012;05;Ausländer ohne Angabe;Sonst. Ausland;Ausland;193;380
2012;06;Deutschland;Deutschland;Deutschland;136251;287899
2012;06;Belgien;Europa ohne Deutschland;Ausland;687;1613
2012;06;Dänemark;Europa ohne Deutschland;Ausland;797;1939
2012;06;Frankreich;Europa ohne Deutschland;Ausland;1492;3268
2012;06;Italien;Europa ohne Deutschland;Ausland;1490;3048
2012;06;Niederlande;Europa ohne Deutschland;Ausland;2419;5471
2012;06;Österreich;Europa ohne Deutschland;Ausland;3463;7751
2012;06;Polen;Europa ohne Deutschland;Ausland;1125;1737
2012;06;Schweden;Europa ohne Deutschland;Ausland;765;1204
2012;06;Schweiz;Europa ohne Deutschland;Ausland;3288;7684
2012;06;Russland;Europa ohne Deutschland;Ausland;1904;3697
2012;06;Spanien;Europa ohne Deutschland;Ausland;888;1760
2012;06;Tschechische Republik;Europa ohne Deutschland;Ausland;739;1196
2012;06;Großbritannien;Europa ohne Deutschland;Ausland;2422;5491
2012;06;sonst.europäische Länder (o.13 Länder);Europa ohne Deutschland;Ausland;2836;6097
2012;06;afrikanische Länder;Sonst. Ausland;Ausland;182;383
2012;06;USA;Amerika;Ausland;3894;8681
2012;06;Kanada;Amerika;Ausland;549;1218
2012;06;amerik. Länder (o.USA, Kanada);Amerika;Ausland;1060;1887
2012;06;China;Asien;Ausland;1339;2155
2012;06;Japan;Asien;Ausland;2629;4827
2012;06;asiatische Länder (o.China, Japan);Asien;Ausland;1852;4648
2012;06;"Australien, Neuseeland u. Ozeanien    ";Sonst. Ausland;Ausland;750;1544
2012;06;Ausländer ohne Angabe;Sonst. Ausland;Ausland;138;229
2012;07;Deutschland;Deutschland;Deutschland;139962;302264
2012;07;Belgien;Europa ohne Deutschland;Ausland;1327;2610
2012;07;Dänemark;Europa ohne Deutschland;Ausland;1821;3564
2012;07;Frankreich;Europa ohne Deutschland;Ausland;1884;4345
2012;07;Italien;Europa ohne Deutschland;Ausland;2171;3653
2012;07;Niederlande;Europa ohne Deutschland;Ausland;3446;7465
2012;07;Österreich;Europa ohne Deutschland;Ausland;2764;5660
2012;07;Polen;Europa ohne Deutschland;Ausland;1201;1947
2012;07;Schweden;Europa ohne Deutschland;Ausland;1395;1983
2012;07;Schweiz;Europa ohne Deutschland;Ausland;3405;7598
2012;07;Russland;Europa ohne Deutschland;Ausland;2062;3790
2012;07;Spanien;Europa ohne Deutschland;Ausland;1685;2927
2012;07;Tschechische Republik;Europa ohne Deutschland;Ausland;1224;1828
2012;07;Großbritannien;Europa ohne Deutschland;Ausland;3021;6356
2012;07;sonst.europäische Länder (o.13 Länder);Europa ohne Deutschland;Ausland;4145;9834
2012;07;afrikanische Länder;Sonst. Ausland;Ausland;142;451
2012;07;USA;Amerika;Ausland;3362;8315
2012;07;Kanada;Amerika;Ausland;532;1070
2012;07;amerik. Länder (o.USA, Kanada);Amerika;Ausland;1467;2733
2012;07;China;Asien;Ausland;1303;2050
2012;07;Japan;Asien;Ausland;1850;4378
2012;07;asiatische Länder (o.China, Japan);Asien;Ausland;2066;4708
2012;07;"Australien, Neuseeland u. Ozeanien    ";Sonst. Ausland;Ausland;764;1555
2012;07;Ausländer ohne Angabe;Sonst. Ausland;Ausland;258;397
2012;08;Deutschland;Deutschland;Deutschland;151981;331490
2012;08;Belgien;Europa ohne Deutschland;Ausland;851;2142
2012;08;Dänemark;Europa ohne Deutschland;Ausland;1172;2933
2012;08;Frankreich;Europa ohne Deutschland;Ausland;2247;5005
2012;08;Italien;Europa ohne Deutschland;Ausland;5117;9069
2012;08;Niederlande;Europa ohne Deutschland;Ausland;3535;8092
2012;08;Österreich;Europa ohne Deutschland;Ausland;3484;7234
2012;08;Polen;Europa ohne Deutschland;Ausland;1485;2482
2012;08;Schweden;Europa ohne Deutschland;Ausland;814;1330
2012;08;Schweiz;Europa ohne Deutschland;Ausland;2933;6597
2012;08;Russland;Europa ohne Deutschland;Ausland;2245;4065
2012;08;Spanien;Europa ohne Deutschland;Ausland;2141;4126
2012;08;Tschechische Republik;Europa ohne Deutschland;Ausland;1125;1810
2012;08;Großbritannien;Europa ohne Deutschland;Ausland;2707;5785
2012;08;sonst.europäische Länder (o.13 Länder);Europa ohne Deutschland;Ausland;3690;7303
2012;08;afrikanische Länder;Sonst. Ausland;Ausland;126;343
2012;08;USA;Amerika;Ausland;2392;6061
2012;08;Kanada;Amerika;Ausland;533;1115
2012;08;amerik. Länder (o.USA, Kanada);Amerika;Ausland;844;1461
2012;08;China;Asien;Ausland;1612;2381
2012;08;Japan;Asien;Ausland;2111;4850
2012;08;asiatische Länder (o.China, Japan);Asien;Ausland;1792;3962
2012;08;"Australien, Neuseeland u. Ozeanien    ";Sonst. Ausland;Ausland;664;1353
2012;08;Ausländer ohne Angabe;Sonst. Ausland;Ausland;192;381
2012;09;Deutschland;Deutschland;Deutschland;156492;333563
2012;09;Belgien;Europa ohne Deutschland;Ausland;749;1869
2012;09;Dänemark;Europa ohne Deutschland;Ausland;1172;3234
2012;09;Frankreich;Europa ohne Deutschland;Ausland;1902;3967
2012;09;Italien;Europa ohne Deutschland;Ausland;1468;2877
2012;09;Niederlande;Europa ohne Deutschland;Ausland;2112;5139
2012;09;Österreich;Europa ohne Deutschland;Ausland;2671;6450
2012;09;Polen;Europa ohne Deutschland;Ausland;1283;2300
2012;09;Schweden;Europa ohne Deutschland;Ausland;911;1346
2012;09;Schweiz;Europa ohne Deutschland;Ausland;3760;8688
2012;09;Russland;Europa ohne Deutschland;Ausland;1855;3595
2012;09;Spanien;Europa ohne Deutschland;Ausland;1042;2216
2012;09;Tschechische Republik;Europa ohne Deutschland;Ausland;1160;1851
2012;09;Großbritannien;Europa ohne Deutschland;Ausland;2823;6400
2012;09;sonst.europäische Länder (o.13 Länder);Europa ohne Deutschland;Ausland;2827;6268
2012;09;afrikanische Länder;Sonst. Ausland;Ausland;176;497
2012;09;USA;Amerika;Ausland;3384;7978
2012;09;Kanada;Amerika;Ausland;730;1561
2012;09;amerik. Länder (o.USA, Kanada);Amerika;Ausland;1423;2570
2012;09;China;Asien;Ausland;1688;2629
2012;09;Japan;Asien;Ausland;2541;4614
2012;09;asiatische Länder (o.China, Japan);Asien;Ausland;1846;4096
2012;09;"Australien, Neuseeland u. Ozeanien    ";Sonst. Ausland;Ausland;1028;2085
2012;09;Ausländer ohne Angabe;Sonst. Ausland;Ausland;230;324
2012;10;Deutschland;Deutschland;Deutschland;151319;331772
2012;10;Belgien;Europa ohne Deutschland;Ausland;577;1219
2012;10;Dänemark;Europa ohne Deutschland;Ausland;689;1655
2012;10;Frankreich;Europa ohne Deutschland;Ausland;1184;2609
2012;10;Italien;Europa ohne Deutschland;Ausland;1095;2204
2012;10;Niederlande;Europa ohne Deutschland;Ausland;1835;4400
2012;10;Österreich;Europa ohne Deutschland;Ausland;2432;5311
2012;10;Polen;Europa ohne Deutschland;Ausland;1077;1712
2012;10;Schweden;Europa ohne Deutschland;Ausland;777;1312
2012;10;Schweiz;Europa ohne Deutschland;Ausland;2718;7306
2012;10;Russland;Europa ohne Deutschland;Ausland;1621;3126
2012;10;Spanien;Europa ohne Deutschland;Ausland;734;1611
2012;10;Tschechische Republik;Europa ohne Deutschland;Ausland;1383;2108
2012;10;Großbritannien;Europa ohne Deutschland;Ausland;2344;5126
2012;10;sonst.europäische Länder (o.13 Länder);Europa ohne Deutschland;Ausland;2734;6086
2012;10;afrikanische Länder;Sonst. Ausland;Ausland;219;564
2012;10;USA;Amerika;Ausland;3083;8437
2012;10;Kanada;Amerika;Ausland;510;1144
2012;10;amerik. Länder (o.USA, Kanada);Amerika;Ausland;1055;2036
2012;10;China;Asien;Ausland;1480;2439
2012;10;Japan;Asien;Ausland;2052;4240
2012;10;asiatische Länder (o.China, Japan);Asien;Ausland;1684;4001
2012;10;"Australien, Neuseeland u. Ozeanien    ";Sonst. Ausland;Ausland;556;1245
2012;10;Ausländer ohne Angabe;Sonst. Ausland;Ausland;309;654
2012;11;Deutschland;Deutschland;Deutschland;124589;228349
2012;11;Belgien;Europa ohne Deutschland;Ausland;426;832
2012;11;Dänemark;Europa ohne Deutschland;Ausland;228;456
2012;11;Frankreich;Europa ohne Deutschland;Ausland;799;2042
2012;11;Italien;Europa ohne Deutschland;Ausland;881;1821
2012;11;Niederlande;Europa ohne Deutschland;Ausland;977;1998
2012;11;Österreich;Europa ohne Deutschland;Ausland;1743;3509
2012;11;Polen;Europa ohne Deutschland;Ausland;907;1525
2012;11;Schweden;Europa ohne Deutschland;Ausland;265;566
2012;11;Schweiz;Europa ohne Deutschland;Ausland;1884;3986
2012;11;Russland;Europa ohne Deutschland;Ausland;1797;3855
2012;11;Spanien;Europa ohne Deutschland;Ausland;486;1077
2012;11;Tschechische Republik;Europa ohne Deutschland;Ausland;1428;1957
2012;11;Großbritannien;Europa ohne Deutschland;Ausland;1143;2558
2012;11;sonst.europäische Länder (o.13 Länder);Europa ohne Deutschland;Ausland;1855;4218
2012;11;afrikanische Länder;Sonst. Ausland;Ausland;126;659
2012;11;USA;Amerika;Ausland;1615;4332
2012;11;Kanada;Amerika;Ausland;205;462
2012;11;amerik. Länder (o.USA, Kanada);Amerika;Ausland;520;1247
2012;11;China;Asien;Ausland;871;1941
2012;11;Japan;Asien;Ausland;1421;3169
2012;11;asiatische Länder (o.China, Japan);Asien;Ausland;1193;3496
2012;11;"Australien, Neuseeland u. Ozeanien    ";Sonst. Ausland;Ausland;297;595
2012;11;Ausländer ohne Angabe;Sonst. Ausland;Ausland;311;493
2012;12;Deutschland;Deutschland;Deutschland;173450;353844
2012;12;Belgien;Europa ohne Deutschland;Ausland;424;932
2012;12;Dänemark;Europa ohne Deutschland;Ausland;204;538
2012;12;Frankreich;Europa ohne Deutschland;Ausland;777;1631
2012;12;Italien;Europa ohne Deutschland;Ausland;956;1828
2012;12;Niederlande;Europa ohne Deutschland;Ausland;1258;2545
2012;12;Österreich;Europa ohne Deutschland;Ausland;2090;4786
2012;12;Polen;Europa ohne Deutschland;Ausland;1133;1906
2012;12;Schweden;Europa ohne Deutschland;Ausland;254;531
2012;12;Schweiz;Europa ohne Deutschland;Ausland;2906;7505
2012;12;Russland;Europa ohne Deutschland;Ausland;1609;3130
2012;12;Spanien;Europa ohne Deutschland;Ausland;710;1576
2012;12;Tschechische Republik;Europa ohne Deutschland;Ausland;2471;3554
2012;12;Großbritannien;Europa ohne Deutschland;Ausland;1675;3953
2012;12;sonst.europäische Länder (o.13 Länder);Europa ohne Deutschland;Ausland;2252;4802
2012;12;afrikanische Länder;Sonst. Ausland;Ausland;236;489
2012;12;USA;Amerika;Ausland;1966;5196
2012;12;Kanada;Amerika;Ausland;183;459
2012;12;amerik. Länder (o.USA, Kanada);Amerika;Ausland;460;962
2012;12;China;Asien;Ausland;719;1787
2012;12;Japan;Asien;Ausland;2630;5093
2012;12;asiatische Länder (o.China, Japan);Asien;Ausland;835;2351
2012;12;"Australien, Neuseeland u. Ozeanien    ";Sonst. Ausland;Ausland;544;1190
2012;12;Ausländer ohne Angabe;Sonst. Ausland;Ausland;93;195
2013;01;Deutschland;Deutschland;Deutschland;71006;139459
2013;01;Belgien;Europa ohne Deutschland;Ausland;208;453
2013;01;Dänemark;Europa ohne Deutschland;Ausland;117;195
2013;01;Frankreich;Europa ohne Deutschland;Ausland;424;1015
2013;01;Italien;Europa ohne Deutschland;Ausland;453;1049
2013;01;Niederlande;Europa ohne Deutschland;Ausland;429;786
2013;01;Österreich;Europa ohne Deutschland;Ausland;782;1843
2013;01;Polen;Europa ohne Deutschland;Ausland;602;1007
2013;01;Schweden;Europa ohne Deutschland;Ausland;114;233
2013;01;Schweiz;Europa ohne Deutschland;Ausland;1005;2350
2013;01;Russland;Europa ohne Deutschland;Ausland;3074;5383
2013;01;Spanien;Europa ohne Deutschland;Ausland;264;558
2013;01;Tschechische Republik;Europa ohne Deutschland;Ausland;788;1180
2013;01;Großbritannien;Europa ohne Deutschland;Ausland;663;1659
2013;01;sonst.europäische Länder (o.13 Länder);Europa ohne Deutschland;Ausland;1555;2981
2013;01;afrikanische Länder;Sonst. Ausland;Ausland;92;192
2013;01;USA;Amerika;Ausland;1019;3350
2013;01;Kanada;Amerika;Ausland;80;278
2013;01;amerik. Länder (o.USA, Kanada);Amerika;Ausland;422;857
2013;01;China;Asien;Ausland;376;1359
2013;01;Japan;Asien;Ausland;788;1975
2013;01;asiatische Länder (o.China, Japan);Asien;Ausland;675;1908
2013;01;"Australien, Neuseeland u. Ozeanien    ";Sonst. Ausland;Ausland;375;828
2013;01;Ausländer ohne Angabe;Sonst. Ausland;Ausland;67;142
2013;02;Deutschland;Deutschland;Deutschland;77253;148588
2013;02;Belgien;Europa ohne Deutschland;Ausland;386;1080
2013;02;Dänemark;Europa ohne Deutschland;Ausland;187;314
2013;02;Frankreich;Europa ohne Deutschland;Ausland;538;1167
2013;02;Italien;Europa ohne Deutschland;Ausland;479;1075
2013;02;Niederlande;Europa ohne Deutschland;Ausland;992;1759
2013;02;Österreich;Europa ohne Deutschland;Ausland;787;1745
2013;02;Polen;Europa ohne Deutschland;Ausland;798;1362
2013;02;Schweden;Europa ohne Deutschland;Ausland;135;339
2013;02;Schweiz;Europa ohne Deutschland;Ausland;931;1970
2013;02;Russland;Europa ohne Deutschland;Ausland;882;1957
2013;02;Spanien;Europa ohne Deutschland;Ausland;255;544
2013;02;Tschechische Republik;Europa ohne Deutschland;Ausland;752;1171
2013;02;Großbritannien;Europa ohne Deutschland;Ausland;801;1741
2013;02;sonst.europäische Länder (o.13 Länder);Europa ohne Deutschland;Ausland;1163;2991
2013;02;afrikanische Länder;Sonst. Ausland;Ausland;45;107
2013;02;USA;Amerika;Ausland;998;3338
2013;02;Kanada;Amerika;Ausland;108;365
2013;02;amerik. Länder (o.USA, Kanada);Amerika;Ausland;292;659
2013;02;China;Asien;Ausland;575;1456
2013;02;Japan;Asien;Ausland;823;1866
2013;02;asiatische Länder (o.China, Japan);Asien;Ausland;637;1834
2013;02;"Australien, Neuseeland u. Ozeanien    ";Sonst. Ausland;Ausland;198;488
2013;02;Ausländer ohne Angabe;Sonst. Ausland;Ausland;30;59
2013;03;Deutschland;Deutschland;Deutschland;119429;258222
2013;03;Belgien;Europa ohne Deutschland;Ausland;491;1023
2013;03;Dänemark;Europa ohne Deutschland;Ausland;445;1114
2013;03;Frankreich;Europa ohne Deutschland;Ausland;744;1984
2013;03;Italien;Europa ohne Deutschland;Ausland;941;1920
2013;03;Niederlande;Europa ohne Deutschland;Ausland;957;1856
2013;03;Österreich;Europa ohne Deutschland;Ausland;1669;3464
2013;03;Polen;Europa ohne Deutschland;Ausland;764;1382
2013;03;Schweden;Europa ohne Deutschland;Ausland;220;477
2013;03;Schweiz;Europa ohne Deutschland;Ausland;1653;4049
2013;03;Russland;Europa ohne Deutschland;Ausland;1699;3408
2013;03;Spanien;Europa ohne Deutschland;Ausland;602;1271
2013;03;Tschechische Republik;Europa ohne Deutschland;Ausland;833;1352
2013;03;Großbritannien;Europa ohne Deutschland;Ausland;1078;2339
2013;03;sonst.europäische Länder (o.13 Länder);Europa ohne Deutschland;Ausland;2210;4904
2013;03;afrikanische Länder;Sonst. Ausland;Ausland;73;211
2013;03;USA;Amerika;Ausland;1621;5020
2013;03;Kanada;Amerika;Ausland;253;575
2013;03;amerik. Länder (o.USA, Kanada);Amerika;Ausland;508;1080
2013;03;China;Asien;Ausland;600;2119
2013;03;Japan;Asien;Ausland;1022;2415
2013;03;asiatische Länder (o.China, Japan);Asien;Ausland;898;2732
2013;03;"Australien, Neuseeland u. Ozeanien    ";Sonst. Ausland;Ausland;192;389
2013;03;Ausländer ohne Angabe;Sonst. Ausland;Ausland;16;25
2013;04;Deutschland;Deutschland;Deutschland;130744;270646
2013;04;Belgien;Europa ohne Deutschland;Ausland;766;2243
2013;04;Dänemark;Europa ohne Deutschland;Ausland;569;1502
2013;04;Frankreich;Europa ohne Deutschland;Ausland;1326;3158
2013;04;Italien;Europa ohne Deutschland;Ausland;1373;2751
2013;04;Niederlande;Europa ohne Deutschland;Ausland;1543;3254
2013;04;Österreich;Europa ohne Deutschland;Ausland;1770;3996
2013;04;Polen;Europa ohne Deutschland;Ausland;1077;1790
2013;04;Schweden;Europa ohne Deutschland;Ausland;560;1077
2013;04;Schweiz;Europa ohne Deutschland;Ausland;2429;6100
2013;04;Russland;Europa ohne Deutschland;Ausland;2003;3793
2013;04;Spanien;Europa ohne Deutschland;Ausland;593;1205
2013;04;Tschechische Republik;Europa ohne Deutschland;Ausland;942;1344
2013;04;Großbritannien;Europa ohne Deutschland;Ausland;1798;4091
2013;04;sonst.europäische Länder (o.13 Länder);Europa ohne Deutschland;Ausland;2642;5268
2013;04;afrikanische Länder;Sonst. Ausland;Ausland;106;393
2013;04;USA;Amerika;Ausland;1871;5037
2013;04;Kanada;Amerika;Ausland;351;813
2013;04;amerik. Länder (o.USA, Kanada);Amerika;Ausland;697;1180
2013;04;China;Asien;Ausland;817;1615
2013;04;Japan;Asien;Ausland;1251;2559
2013;04;asiatische Länder (o.China, Japan);Asien;Ausland;1383;3057
2013;04;"Australien, Neuseeland u. Ozeanien    ";Sonst. Ausland;Ausland;302;626
2013;04;Ausländer ohne Angabe;Sonst. Ausland;Ausland;316;522
2013;05;Deutschland;Deutschland;Deutschland;166058;363321
2013;05;Belgien;Europa ohne Deutschland;Ausland;914;2035
2013;05;Dänemark;Europa ohne Deutschland;Ausland;642;1820
2013;05;Frankreich;Europa ohne Deutschland;Ausland;1871;4085
2013;05;Italien;Europa ohne Deutschland;Ausland;1361;2316
2013;05;Niederlande;Europa ohne Deutschland;Ausland;2159;4622
2013;05;Österreich;Europa ohne Deutschland;Ausland;3337;8250
2013;05;Polen;Europa ohne Deutschland;Ausland;1994;3437
2013;05;Schweden;Europa ohne Deutschland;Ausland;713;1509
2013;05;Schweiz;Europa ohne Deutschland;Ausland;3694;9374
2013;05;Russland;Europa ohne Deutschland;Ausland;2546;4849
2013;05;Spanien;Europa ohne Deutschland;Ausland;739;1363
2013;05;Tschechische Republik;Europa ohne Deutschland;Ausland;1505;2112
2013;05;Großbritannien;Europa ohne Deutschland;Ausland;2455;4869
2013;05;sonst.europäische Länder (o.13 Länder);Europa ohne Deutschland;Ausland;3171;6265
2013;05;afrikanische Länder;Sonst. Ausland;Ausland;187;439
2013;05;USA;Amerika;Ausland;3312;8383
2013;05;Kanada;Amerika;Ausland;554;1124
2013;05;amerik. Länder (o.USA, Kanada);Amerika;Ausland;1203;2065
2013;05;China;Asien;Ausland;1126;2029
2013;05;Japan;Asien;Ausland;2105;3665
2013;05;asiatische Länder (o.China, Japan);Asien;Ausland;1855;3810
2013;05;"Australien, Neuseeland u. Ozeanien    ";Sonst. Ausland;Ausland;808;1525
2013;05;Ausländer ohne Angabe;Sonst. Ausland;Ausland;143;259
2013;06;Deutschland;Deutschland;Deutschland;125051;268087
2013;06;Belgien;Europa ohne Deutschland;Ausland;1025;2391
2013;06;Dänemark;Europa ohne Deutschland;Ausland;648;1308
2013;06;Frankreich;Europa ohne Deutschland;Ausland;1946;4133
2013;06;Italien;Europa ohne Deutschland;Ausland;1488;2944
2013;06;Niederlande;Europa ohne Deutschland;Ausland;1795;3820
2013;06;Österreich;Europa ohne Deutschland;Ausland;2193;5138
2013;06;Polen;Europa ohne Deutschland;Ausland;966;1573
2013;06;Schweden;Europa ohne Deutschland;Ausland;761;1510
2013;06;Schweiz;Europa ohne Deutschland;Ausland;2893;6607
2013;06;Russland;Europa ohne Deutschland;Ausland;1438;2927
2013;06;Spanien;Europa ohne Deutschland;Ausland;891;1646
2013;06;Tschechische Republik;Europa ohne Deutschland;Ausland;815;1318
2013;06;Großbritannien;Europa ohne Deutschland;Ausland;3156;6749
2013;06;sonst.europäische Länder (o.13 Länder);Europa ohne Deutschland;Ausland;3037;7623
2013;06;afrikanische Länder;Sonst. Ausland;Ausland;200;477
2013;06;USA;Amerika;Ausland;4283;9874
2013;06;Kanada;Amerika;Ausland;526;1268
2013;06;amerik. Länder (o.USA, Kanada);Amerika;Ausland;1401;2884
2013;06;China;Asien;Ausland;1206;2381
2013;06;Japan;Asien;Ausland;2223;4412
2013;06;asiatische Länder (o.China, Japan);Asien;Ausland;1913;4234
2013;06;"Australien, Neuseeland u. Ozeanien    ";Sonst. Ausland;Ausland;902;1913
2013;06;Ausländer ohne Angabe;Sonst. Ausland;Ausland;30;54
2013;07;Deutschland;Deutschland;Deutschland;139295;297123
2013;07;Belgien;Europa ohne Deutschland;Ausland;1142;2445
2013;07;Dänemark;Europa ohne Deutschland;Ausland;1718;3563
2013;07;Frankreich;Europa ohne Deutschland;Ausland;1905;3641
2013;07;Italien;Europa ohne Deutschland;Ausland;2141;3822
2013;07;Niederlande;Europa ohne Deutschland;Ausland;3137;6574
2013;07;Österreich;Europa ohne Deutschland;Ausland;3047;6364
2013;07;Polen;Europa ohne Deutschland;Ausland;1544;2690
2013;07;Schweden;Europa ohne Deutschland;Ausland;1289;2033
2013;07;Schweiz;Europa ohne Deutschland;Ausland;3651;7911
2013;07;Russland;Europa ohne Deutschland;Ausland;2356;4630
2013;07;Spanien;Europa ohne Deutschland;Ausland;1481;2480
2013;07;Tschechische Republik;Europa ohne Deutschland;Ausland;1272;1873
2013;07;Großbritannien;Europa ohne Deutschland;Ausland;2871;5881
2013;07;sonst.europäische Länder (o.13 Länder);Europa ohne Deutschland;Ausland;4443;9012
2013;07;afrikanische Länder;Sonst. Ausland;Ausland;161;364
2013;07;USA;Amerika;Ausland;3736;9138
2013;07;Kanada;Amerika;Ausland;615;1639
2013;07;amerik. Länder (o.USA, Kanada);Amerika;Ausland;1582;2807
2013;07;China;Asien;Ausland;1875;3486
2013;07;Japan;Asien;Ausland;1908;4068
2013;07;asiatische Länder (o.China, Japan);Asien;Ausland;2257;4709
2013;07;"Australien, Neuseeland u. Ozeanien    ";Sonst. Ausland;Ausland;963;1903
2013;07;Ausländer ohne Angabe;Sonst. Ausland;Ausland;62;80
2013;08;Deutschland;Deutschland;Deutschland;155708;340775
2013;08;Belgien;Europa ohne Deutschland;Ausland;1296;3011
2013;08;Dänemark;Europa ohne Deutschland;Ausland;1290;3176
2013;08;Frankreich;Europa ohne Deutschland;Ausland;2270;4795
2013;08;Italien;Europa ohne Deutschland;Ausland;5576;10552
2013;08;Niederlande;Europa ohne Deutschland;Ausland;3236;6904
2013;08;Österreich;Europa ohne Deutschland;Ausland;3554;7424
2013;08;Polen;Europa ohne Deutschland;Ausland;1779;3720
2013;08;Schweden;Europa ohne Deutschland;Ausland;845;1148
2013;08;Schweiz;Europa ohne Deutschland;Ausland;3178;7568
2013;08;Russland;Europa ohne Deutschland;Ausland;2314;4667
2013;08;Spanien;Europa ohne Deutschland;Ausland;2069;3983
2013;08;Tschechische Republik;Europa ohne Deutschland;Ausland;1265;2083
2013;08;Großbritannien;Europa ohne Deutschland;Ausland;3085;6469
2013;08;sonst.europäische Länder (o.13 Länder);Europa ohne Deutschland;Ausland;4195;8611
2013;08;afrikanische Länder;Sonst. Ausland;Ausland;185;770
2013;08;USA;Amerika;Ausland;2918;7106
2013;08;Kanada;Amerika;Ausland;639;1766
2013;08;amerik. Länder (o.USA, Kanada);Amerika;Ausland;1030;2039
2013;08;China;Asien;Ausland;1569;3043
2013;08;Japan;Asien;Ausland;2105;4318
2013;08;asiatische Länder (o.China, Japan);Asien;Ausland;2087;5125
2013;08;"Australien, Neuseeland u. Ozeanien    ";Sonst. Ausland;Ausland;973;2067
2013;08;Ausländer ohne Angabe;Sonst. Ausland;Ausland;37;80
2013;09;Deutschland;Deutschland;Deutschland;151648;326097
2013;09;Belgien;Europa ohne Deutschland;Ausland;751;1825
2013;09;Dänemark;Europa ohne Deutschland;Ausland;1024;2419
2013;09;Frankreich;Europa ohne Deutschland;Ausland;1547;3397
2013;09;Italien;Europa ohne Deutschland;Ausland;1317;2892
2013;09;Niederlande;Europa ohne Deutschland;Ausland;1950;4798
2013;09;Österreich;Europa ohne Deutschland;Ausland;2437;5843
2013;09;Polen;Europa ohne Deutschland;Ausland;1353;2239
2013;09;Schweden;Europa ohne Deutschland;Ausland;707;1184
2013;09;Schweiz;Europa ohne Deutschland;Ausland;3199;7745
2013;09;Russland;Europa ohne Deutschland;Ausland;2072;3945
2013;09;Spanien;Europa ohne Deutschland;Ausland;921;1797
2013;09;Tschechische Republik;Europa ohne Deutschland;Ausland;952;1514
2013;09;Großbritannien;Europa ohne Deutschland;Ausland;3189;7002
2013;09;sonst.europäische Länder (o.13 Länder);Europa ohne Deutschland;Ausland;3150;6984
2013;09;afrikanische Länder;Sonst. Ausland;Ausland;196;666
2013;09;USA;Amerika;Ausland;3793;8276
2013;09;Kanada;Amerika;Ausland;695;2088
2013;09;amerik. Länder (o.USA, Kanada);Amerika;Ausland;1326;2322
2013;09;China;Asien;Ausland;1421;2639
2013;09;Japan;Asien;Ausland;2315;4638
2013;09;asiatische Länder (o.China, Japan);Asien;Ausland;1845;4117
2013;09;"Australien, Neuseeland u. Ozeanien    ";Sonst. Ausland;Ausland;905;2044
2013;09;Ausländer ohne Angabe;Sonst. Ausland;Ausland;122;196
2013;10;Deutschland;Deutschland;Deutschland;159010;345537
2013;10;Belgien;Europa ohne Deutschland;Ausland;624;1271
2013;10;Dänemark;Europa ohne Deutschland;Ausland;550;1360
2013;10;Frankreich;Europa ohne Deutschland;Ausland;1442;3696
2013;10;Italien;Europa ohne Deutschland;Ausland;1199;2468
2013;10;Niederlande;Europa ohne Deutschland;Ausland;1659;3669
2013;10;Österreich;Europa ohne Deutschland;Ausland;2382;5240
2013;10;Polen;Europa ohne Deutschland;Ausland;1112;2139
2013;10;Schweden;Europa ohne Deutschland;Ausland;439;817
2013;10;Schweiz;Europa ohne Deutschland;Ausland;2621;6298
2013;10;Russland;Europa ohne Deutschland;Ausland;2060;4671
2013;10;Spanien;Europa ohne Deutschland;Ausland;1475;2373
2013;10;Tschechische Republik;Europa ohne Deutschland;Ausland;1541;2340
2013;10;Großbritannien;Europa ohne Deutschland;Ausland;2530;5438
2013;10;sonst.europäische Länder (o.13 Länder);Europa ohne Deutschland;Ausland;2819;5960
2013;10;afrikanische Länder;Sonst. Ausland;Ausland;183;586
2013;10;USA;Amerika;Ausland;2841;6710
2013;10;Kanada;Amerika;Ausland;440;1291
2013;10;amerik. Länder (o.USA, Kanada);Amerika;Ausland;1125;2013
2013;10;China;Asien;Ausland;1090;1870
2013;10;Japan;Asien;Ausland;2028;3868
2013;10;asiatische Länder (o.China, Japan);Asien;Ausland;1902;4031
2013;10;"Australien, Neuseeland u. Ozeanien    ";Sonst. Ausland;Ausland;566;1276
2013;10;Ausländer ohne Angabe;Sonst. Ausland;Ausland;63;113
2013;11;Deutschland;Deutschland;Deutschland;119984;231080
2013;11;Belgien;Europa ohne Deutschland;Ausland;404;849
2013;11;Dänemark;Europa ohne Deutschland;Ausland;330;676
2013;11;Frankreich;Europa ohne Deutschland;Ausland;739;1735
2013;11;Italien;Europa ohne Deutschland;Ausland;871;1919
2013;11;Niederlande;Europa ohne Deutschland;Ausland;1220;2048
2013;11;Österreich;Europa ohne Deutschland;Ausland;1593;3498
2013;11;Polen;Europa ohne Deutschland;Ausland;1384;2895
2013;11;Schweden;Europa ohne Deutschland;Ausland;273;614
2013;11;Schweiz;Europa ohne Deutschland;Ausland;2247;4779
2013;11;Russland;Europa ohne Deutschland;Ausland;2023;4471
2013;11;Spanien;Europa ohne Deutschland;Ausland;775;1770
2013;11;Tschechische Republik;Europa ohne Deutschland;Ausland;1376;1962
2013;11;Großbritannien;Europa ohne Deutschland;Ausland;1126;2375
2013;11;sonst.europäische Länder (o.13 Länder);Europa ohne Deutschland;Ausland;2169;5583
2013;11;afrikanische Länder;Sonst. Ausland;Ausland;285;689
2013;11;USA;Amerika;Ausland;1679;3967
2013;11;Kanada;Amerika;Ausland;238;878
2013;11;amerik. Länder (o.USA, Kanada);Amerika;Ausland;440;841
2013;11;China;Asien;Ausland;780;1890
2013;11;Japan;Asien;Ausland;1273;2314
2013;11;asiatische Länder (o.China, Japan);Asien;Ausland;1044;2347
2013;11;"Australien, Neuseeland u. Ozeanien    ";Sonst. Ausland;Ausland;270;550
2013;11;Ausländer ohne Angabe;Sonst. Ausland;Ausland;83;121
2013;12;Deutschland;Deutschland;Deutschland;180458;354457
2013;12;Belgien;Europa ohne Deutschland;Ausland;455;957
2013;12;Dänemark;Europa ohne Deutschland;Ausland;329;799
2013;12;Frankreich;Europa ohne Deutschland;Ausland;879;1886
2013;12;Italien;Europa ohne Deutschland;Ausland;958;2054
2013;12;Niederlande;Europa ohne Deutschland;Ausland;1395;2905
2013;12;Österreich;Europa ohne Deutschland;Ausland;1716;3594
2013;12;Polen;Europa ohne Deutschland;Ausland;1591;2585
2013;12;Schweden;Europa ohne Deutschland;Ausland;255;508
2013;12;Schweiz;Europa ohne Deutschland;Ausland;2969;7320
2013;12;Russland;Europa ohne Deutschland;Ausland;2567;5164
2013;12;Spanien;Europa ohne Deutschland;Ausland;684;1448
2013;12;Tschechische Republik;Europa ohne Deutschland;Ausland;2843;3977
2013;12;Großbritannien;Europa ohne Deutschland;Ausland;1897;4154
2013;12;sonst.europäische Länder (o.13 Länder);Europa ohne Deutschland;Ausland;2351;5577
2013;12;afrikanische Länder;Sonst. Ausland;Ausland;207;524
2013;12;USA;Amerika;Ausland;2699;5823
2013;12;Kanada;Amerika;Ausland;190;615
2013;12;amerik. Länder (o.USA, Kanada);Amerika;Ausland;630;1164
2013;12;China;Asien;Ausland;698;1666
2013;12;Japan;Asien;Ausland;2362;4149
2013;12;asiatische Länder (o.China, Japan);Asien;Ausland;1259;2496
2013;12;"Australien, Neuseeland u. Ozeanien    ";Sonst. Ausland;Ausland;590;1277
2013;12;Ausländer ohne Angabe;Sonst. Ausland;Ausland;113;182
2014;01;Deutschland;Deutschland;Deutschland;77329;148663
2014;01;Belgien;Europa ohne Deutschland;Ausland;232;431
2014;01;Dänemark;Europa ohne Deutschland;Ausland;110;188
2014;01;Frankreich;Europa ohne Deutschland;Ausland;431;956
2014;01;Italien;Europa ohne Deutschland;Ausland;511;1181
2014;01;Niederlande;Europa ohne Deutschland;Ausland;610;1149
2014;01;Österreich;Europa ohne Deutschland;Ausland;1089;2186
2014;01;Polen;Europa ohne Deutschland;Ausland;871;1423
2014;01;Schweden;Europa ohne Deutschland;Ausland;200;373
2014;01;Schweiz;Europa ohne Deutschland;Ausland;902;2146
2014;01;Russland;Europa ohne Deutschland;Ausland;4057;7867
2014;01;Spanien;Europa ohne Deutschland;Ausland;229;468
2014;01;Tschechische Republik;Europa ohne Deutschland;Ausland;1044;1510
2014;01;Großbritannien;Europa ohne Deutschland;Ausland;833;1675
2014;01;sonst.europäische Länder (o.13 Länder);Europa ohne Deutschland;Ausland;2022;4870
2014;01;afrikanische Länder;Sonst. Ausland;Ausland;87;357
2014;01;USA;Amerika;Ausland;1207;2761
2014;01;Kanada;Amerika;Ausland;119;205
2014;01;amerik. Länder (o.USA, Kanada);Amerika;Ausland;556;1009
2014;01;China;Asien;Ausland;419;1163
2014;01;Japan;Asien;Ausland;614;1452
2014;01;asiatische Länder (o.China, Japan);Asien;Ausland;724;1790
2014;01;"Australien, Neuseeland u. Ozeanien    ";Sonst. Ausland;Ausland;289;577
2014;01;Ausländer ohne Angabe;Sonst. Ausland;Ausland;89;119
2014;02;Deutschland;Deutschland;Deutschland;90255;168494
2014;02;Belgien;Europa ohne Deutschland;Ausland;422;896
2014;02;Dänemark;Europa ohne Deutschland;Ausland;164;352
2014;02;Frankreich;Europa ohne Deutschland;Ausland;651;1305
2014;02;Italien;Europa ohne Deutschland;Ausland;653;1308
2014;02;Niederlande;Europa ohne Deutschland;Ausland;812;1527
2014;02;Österreich;Europa ohne Deutschland;Ausland;1035;2126
2014;02;Polen;Europa ohne Deutschland;Ausland;1037;1799
2014;02;Schweden;Europa ohne Deutschland;Ausland;123;238
2014;02;Schweiz;Europa ohne Deutschland;Ausland;1232;2420
2014;02;Russland;Europa ohne Deutschland;Ausland;970;2107
2014;02;Spanien;Europa ohne Deutschland;Ausland;311;643
2014;02;Tschechische Republik;Europa ohne Deutschland;Ausland;937;1917
2014;02;Großbritannien;Europa ohne Deutschland;Ausland;792;1690
2014;02;sonst.europäische Länder (o.13 Länder);Europa ohne Deutschland;Ausland;1522;3548
2014;02;afrikanische Länder;Sonst. Ausland;Ausland;50;271
2014;02;USA;Amerika;Ausland;1225;3075
2014;02;Kanada;Amerika;Ausland;89;194
2014;02;amerik. Länder (o.USA, Kanada);Amerika;Ausland;326;684
2014;02;China;Asien;Ausland;579;1666
2014;02;Japan;Asien;Ausland;547;1410
2014;02;asiatische Länder (o.China, Japan);Asien;Ausland;798;2072
2014;02;"Australien, Neuseeland u. Ozeanien    ";Sonst. Ausland;Ausland;114;256
2014;02;Ausländer ohne Angabe;Sonst. Ausland;Ausland;40;75
2014;03;Deutschland;Deutschland;Deutschland;121588;237061
2014;03;Belgien;Europa ohne Deutschland;Ausland;581;1189
2014;03;Dänemark;Europa ohne Deutschland;Ausland;268;530
2014;03;Frankreich;Europa ohne Deutschland;Ausland;881;1965
2014;03;Italien;Europa ohne Deutschland;Ausland;928;1945
2014;03;Niederlande;Europa ohne Deutschland;Ausland;1170;2485
2014;03;Österreich;Europa ohne Deutschland;Ausland;1414;2795
2014;03;Polen;Europa ohne Deutschland;Ausland;1101;1723
2014;03;Schweden;Europa ohne Deutschland;Ausland;270;626
2014;03;Schweiz;Europa ohne Deutschland;Ausland;1442;2956
2014;03;Russland;Europa ohne Deutschland;Ausland;1531;3319
2014;03;Spanien;Europa ohne Deutschland;Ausland;496;1109
2014;03;Tschechische Republik;Europa ohne Deutschland;Ausland;936;1976
2014;03;Großbritannien;Europa ohne Deutschland;Ausland;1206;2556
2014;03;sonst.europäische Länder (o.13 Länder);Europa ohne Deutschland;Ausland;2133;5022
2014;03;afrikanische Länder;Sonst. Ausland;Ausland;93;245
2014;03;USA;Amerika;Ausland;2023;5061
2014;03;Kanada;Amerika;Ausland;254;699
2014;03;amerik. Länder (o.USA, Kanada);Amerika;Ausland;543;963
2014;03;China;Asien;Ausland;869;2378
2014;03;Japan;Asien;Ausland;826;1866
2014;03;asiatische Länder (o.China, Japan);Asien;Ausland;1359;3046
2014;03;"Australien, Neuseeland u. Ozeanien    ";Sonst. Ausland;Ausland;146;330
2014;03;Ausländer ohne Angabe;Sonst. Ausland;Ausland;93;164
2014;04;Deutschland;Deutschland;Deutschland;147803;325273
2014;04;Belgien;Europa ohne Deutschland;Ausland;983;1863
2014;04;Dänemark;Europa ohne Deutschland;Ausland;867;2078
2014;04;Frankreich;Europa ohne Deutschland;Ausland;1115;2341
2014;04;Italien;Europa ohne Deutschland;Ausland;1478;2864
2014;04;Niederlande;Europa ohne Deutschland;Ausland;1729;3531
2014;04;Österreich;Europa ohne Deutschland;Ausland;2352;5078
2014;04;Polen;Europa ohne Deutschland;Ausland;1326;2229
2014;04;Schweden;Europa ohne Deutschland;Ausland;517;937
2014;04;Schweiz;Europa ohne Deutschland;Ausland;3228;8249
2014;04;Russland;Europa ohne Deutschland;Ausland;1929;4178
2014;04;Spanien;Europa ohne Deutschland;Ausland;777;1711
2014;04;Tschechische Republik;Europa ohne Deutschland;Ausland;1085;1627
2014;04;Großbritannien;Europa ohne Deutschland;Ausland;2015;4511
2014;04;sonst.europäische Länder (o.13 Länder);Europa ohne Deutschland;Ausland;2757;5891
2014;04;afrikanische Länder;Sonst. Ausland;Ausland;101;230
2014;04;USA;Amerika;Ausland;1905;4041
2014;04;Kanada;Amerika;Ausland;259;606
2014;04;amerik. Länder (o.USA, Kanada);Amerika;Ausland;807;1366
2014;04;China;Asien;Ausland;920;2509
2014;04;Japan;Asien;Ausland;1032;1984
2014;04;asiatische Länder (o.China, Japan);Asien;Ausland;1441;3087
2014;04;"Australien, Neuseeland u. Ozeanien    ";Sonst. Ausland;Ausland;394;823
2014;04;Ausländer ohne Angabe;Sonst. Ausland;Ausland;74;131
2014;05;Deutschland;Deutschland;Deutschland;166378;359308
2014;05;Belgien;Europa ohne Deutschland;Ausland;782;1637
2014;05;Dänemark;Europa ohne Deutschland;Ausland;996;2970
2014;05;Frankreich;Europa ohne Deutschland;Ausland;1466;3294
2014;05;Italien;Europa ohne Deutschland;Ausland;1144;2286
2014;05;Niederlande;Europa ohne Deutschland;Ausland;2154;4737
2014;05;Österreich;Europa ohne Deutschland;Ausland;3618;8540
2014;05;Polen;Europa ohne Deutschland;Ausland;1806;3870
2014;05;Schweden;Europa ohne Deutschland;Ausland;562;954
2014;05;Schweiz;Europa ohne Deutschland;Ausland;3320;8258
2014;05;Russland;Europa ohne Deutschland;Ausland;2503;4973
2014;05;Spanien;Europa ohne Deutschland;Ausland;769;1595
2014;05;Tschechische Republik;Europa ohne Deutschland;Ausland;1419;2168
2014;05;Großbritannien;Europa ohne Deutschland;Ausland;2503;5724
2014;05;sonst.europäische Länder (o.13 Länder);Europa ohne Deutschland;Ausland;3701;8714
2014;05;afrikanische Länder;Sonst. Ausland;Ausland;141;323
2014;05;USA;Amerika;Ausland;4098;9384
2014;05;Kanada;Amerika;Ausland;657;1231
2014;05;amerik. Länder (o.USA, Kanada);Amerika;Ausland;1174;2168
2014;05;China;Asien;Ausland;1394;2626
2014;05;Japan;Asien;Ausland;2285;4621
2014;05;asiatische Länder (o.China, Japan);Asien;Ausland;2496;5171
2014;05;"Australien, Neuseeland u. Ozeanien    ";Sonst. Ausland;Ausland;697;1426
2014;05;Ausländer ohne Angabe;Sonst. Ausland;Ausland;75;133
2014;06;Deutschland;Deutschland;Deutschland;152315;323327
2014;06;Belgien;Europa ohne Deutschland;Ausland;933;2247
2014;06;Dänemark;Europa ohne Deutschland;Ausland;709;1577
2014;06;Frankreich;Europa ohne Deutschland;Ausland;2355;4574
2014;06;Italien;Europa ohne Deutschland;Ausland;1640;3344
2014;06;Niederlande;Europa ohne Deutschland;Ausland;2481;5760
2014;06;Österreich;Europa ohne Deutschland;Ausland;3049;6930
2014;06;Polen;Europa ohne Deutschland;Ausland;1716;2673
2014;06;Schweden;Europa ohne Deutschland;Ausland;793;1262
2014;06;Schweiz;Europa ohne Deutschland;Ausland;3645;8421
2014;06;Russland;Europa ohne Deutschland;Ausland;2113;4202
2014;06;Spanien;Europa ohne Deutschland;Ausland;1055;2291
2014;06;Tschechische Republik;Europa ohne Deutschland;Ausland;1130;1639
2014;06;Großbritannien;Europa ohne Deutschland;Ausland;3334;7919
2014;06;sonst.europäische Länder (o.13 Länder);Europa ohne Deutschland;Ausland;3553;7121
2014;06;afrikanische Länder;Sonst. Ausland;Ausland;342;774
2014;06;USA;Amerika;Ausland;5029;10801
2014;06;Kanada;Amerika;Ausland;648;1430
2014;06;amerik. Länder (o.USA, Kanada);Amerika;Ausland;1014;1911
2014;06;China;Asien;Ausland;1448;2664
2014;06;Japan;Asien;Ausland;1980;4164
2014;06;asiatische Länder (o.China, Japan);Asien;Ausland;2496;5201
2014;06;"Australien, Neuseeland u. Ozeanien    ";Sonst. Ausland;Ausland;938;2026
2014;06;Ausländer ohne Angabe;Sonst. Ausland;Ausland;104;238
2014;07;Deutschland;Deutschland;Deutschland;148224;312825
2014;07;Belgien;Europa ohne Deutschland;Ausland;1369;2843
2014;07;Dänemark;Europa ohne Deutschland;Ausland;2026;4125
2014;07;Frankreich;Europa ohne Deutschland;Ausland;1721;3509
2014;07;Italien;Europa ohne Deutschland;Ausland;2089;3942
2014;07;Niederlande;Europa ohne Deutschland;Ausland;3364;6984
2014;07;Österreich;Europa ohne Deutschland;Ausland;3358;6643
2014;07;Polen;Europa ohne Deutschland;Ausland;1997;3649
2014;07;Schweden;Europa ohne Deutschland;Ausland;1386;1992
2014;07;Schweiz;Europa ohne Deutschland;Ausland;4109;8965
2014;07;Russland;Europa ohne Deutschland;Ausland;2836;5243
2014;07;Spanien;Europa ohne Deutschland;Ausland;1807;3345
2014;07;Tschechische Republik;Europa ohne Deutschland;Ausland;1387;2234
2014;07;Großbritannien;Europa ohne Deutschland;Ausland;3092;6429
2014;07;sonst.europäische Länder (o.13 Länder);Europa ohne Deutschland;Ausland;4970;9567
2014;07;afrikanische Länder;Sonst. Ausland;Ausland;261;727
2014;07;USA;Amerika;Ausland;4232;8667
2014;07;Kanada;Amerika;Ausland;656;1414
2014;07;amerik. Länder (o.USA, Kanada);Amerika;Ausland;1335;2601
2014;07;China;Asien;Ausland;1919;3773
2014;07;Japan;Asien;Ausland;1298;2515
2014;07;asiatische Länder (o.China, Japan);Asien;Ausland;3180;6317
2014;07;"Australien, Neuseeland u. Ozeanien    ";Sonst. Ausland;Ausland;1054;2115
2014;07;Ausländer ohne Angabe;Sonst. Ausland;Ausland;347;602
2014;08;Deutschland;Deutschland;Deutschland;179805;396620
2014;08;Belgien;Europa ohne Deutschland;Ausland;1029;2416
2014;08;Dänemark;Europa ohne Deutschland;Ausland;1168;3031
2014;08;Frankreich;Europa ohne Deutschland;Ausland;2389;4740
2014;08;Italien;Europa ohne Deutschland;Ausland;5218;9507
2014;08;Niederlande;Europa ohne Deutschland;Ausland;3331;7700
2014;08;Österreich;Europa ohne Deutschland;Ausland;3628;7530
2014;08;Polen;Europa ohne Deutschland;Ausland;2271;3998
2014;08;Schweden;Europa ohne Deutschland;Ausland;671;1192
2014;08;Schweiz;Europa ohne Deutschland;Ausland;3197;7890
2014;08;Russland;Europa ohne Deutschland;Ausland;2713;5128
2014;08;Spanien;Europa ohne Deutschland;Ausland;2014;4544
2014;08;Tschechische Republik;Europa ohne Deutschland;Ausland;1440;2368
2014;08;Großbritannien;Europa ohne Deutschland;Ausland;2685;5676
2014;08;sonst.europäische Länder (o.13 Länder);Europa ohne Deutschland;Ausland;4392;8670
2014;08;afrikanische Länder;Sonst. Ausland;Ausland;173;387
2014;08;USA;Amerika;Ausland;3382;7419
2014;08;Kanada;Amerika;Ausland;559;1215
2014;08;amerik. Länder (o.USA, Kanada);Amerika;Ausland;1107;2113
2014;08;China;Asien;Ausland;1819;3799
2014;08;Japan;Asien;Ausland;1790;3730
2014;08;asiatische Länder (o.China, Japan);Asien;Ausland;3019;6545
2014;08;"Australien, Neuseeland u. Ozeanien    ";Sonst. Ausland;Ausland;867;1773
2014;08;Ausländer ohne Angabe;Sonst. Ausland;Ausland;131;234
2014;09;Deutschland;Deutschland;Deutschland;157672;339767
2014;09;Belgien;Europa ohne Deutschland;Ausland;789;1734
2014;09;Dänemark;Europa ohne Deutschland;Ausland;919;2560
2014;09;Frankreich;Europa ohne Deutschland;Ausland;1594;3130
2014;09;Italien;Europa ohne Deutschland;Ausland;1172;2493
2014;09;Niederlande;Europa ohne Deutschland;Ausland;1856;4267
2014;09;Österreich;Europa ohne Deutschland;Ausland;3020;7161
2014;09;Polen;Europa ohne Deutschland;Ausland;1863;4073
2014;09;Schweden;Europa ohne Deutschland;Ausland;642;1072
2014;09;Schweiz;Europa ohne Deutschland;Ausland;3336;8335
2014;09;Russland;Europa ohne Deutschland;Ausland;1952;3906
2014;09;Spanien;Europa ohne Deutschland;Ausland;1124;2656
2014;09;Tschechische Republik;Europa ohne Deutschland;Ausland;1111;1985
2014;09;Großbritannien;Europa ohne Deutschland;Ausland;3302;7052
2014;09;sonst.europäische Länder (o.13 Länder);Europa ohne Deutschland;Ausland;3223;6807
2014;09;afrikanische Länder;Sonst. Ausland;Ausland;245;799
2014;09;USA;Amerika;Ausland;4341;9323
2014;09;Kanada;Amerika;Ausland;687;1369
2014;09;amerik. Länder (o.USA, Kanada);Amerika;Ausland;1485;2852
2014;09;China;Asien;Ausland;1796;3032
2014;09;Japan;Asien;Ausland;1865;3838
2014;09;asiatische Länder (o.China, Japan);Asien;Ausland;2696;5746
2014;09;"Australien, Neuseeland u. Ozeanien    ";Sonst. Ausland;Ausland;1143;2333
2014;09;Ausländer ohne Angabe;Sonst. Ausland;Ausland;215;355
2014;10;Deutschland;Deutschland;Deutschland;168151;357380
2014;10;Belgien;Europa ohne Deutschland;Ausland;506;1198
2014;10;Dänemark;Europa ohne Deutschland;Ausland;586;1228
2014;10;Frankreich;Europa ohne Deutschland;Ausland;1086;2206
2014;10;Italien;Europa ohne Deutschland;Ausland;922;1951
2014;10;Niederlande;Europa ohne Deutschland;Ausland;1966;4399
2014;10;Österreich;Europa ohne Deutschland;Ausland;2462;5380
2014;10;Polen;Europa ohne Deutschland;Ausland;1467;2765
2014;10;Schweden;Europa ohne Deutschland;Ausland;614;1102
2014;10;Schweiz;Europa ohne Deutschland;Ausland;2956;6761
2014;10;Russland;Europa ohne Deutschland;Ausland;1712;3419
2014;10;Spanien;Europa ohne Deutschland;Ausland;911;2139
2014;10;Tschechische Republik;Europa ohne Deutschland;Ausland;1905;3080
2014;10;Großbritannien;Europa ohne Deutschland;Ausland;2444;5421
2014;10;sonst.europäische Länder (o.13 Länder);Europa ohne Deutschland;Ausland;2962;5891
2014;10;afrikanische Länder;Sonst. Ausland;Ausland;160;381
2014;10;USA;Amerika;Ausland;3650;7767
2014;10;Kanada;Amerika;Ausland;484;1014
2014;10;amerik. Länder (o.USA, Kanada);Amerika;Ausland;1367;2463
2014;10;China;Asien;Ausland;1760;3182
2014;10;Japan;Asien;Ausland;1909;3415
2014;10;asiatische Länder (o.China, Japan);Asien;Ausland;2201;4447
2014;10;"Australien, Neuseeland u. Ozeanien    ";Sonst. Ausland;Ausland;618;1232
2014;10;Ausländer ohne Angabe;Sonst. Ausland;Ausland;177;287
2014;11;Deutschland;Deutschland;Deutschland;130505;251074
2014;11;Belgien;Europa ohne Deutschland;Ausland;476;1008
2014;11;Dänemark;Europa ohne Deutschland;Ausland;242;517
2014;11;Frankreich;Europa ohne Deutschland;Ausland;1127;2616
2014;11;Italien;Europa ohne Deutschland;Ausland;908;1827
2014;11;Niederlande;Europa ohne Deutschland;Ausland;865;1799
2014;11;Österreich;Europa ohne Deutschland;Ausland;1785;3682
2014;11;Polen;Europa ohne Deutschland;Ausland;1522;2581
2014;11;Schweden;Europa ohne Deutschland;Ausland;286;624
2014;11;Schweiz;Europa ohne Deutschland;Ausland;2021;4487
2014;11;Russland;Europa ohne Deutschland;Ausland;1819;4118
2014;11;Spanien;Europa ohne Deutschland;Ausland;675;1762
2014;11;Tschechische Republik;Europa ohne Deutschland;Ausland;1671;2503
2014;11;Großbritannien;Europa ohne Deutschland;Ausland;1501;3148
2014;11;sonst.europäische Länder (o.13 Länder);Europa ohne Deutschland;Ausland;2699;5458
2014;11;afrikanische Länder;Sonst. Ausland;Ausland;151;392
2014;11;USA;Amerika;Ausland;2142;4772
2014;11;Kanada;Amerika;Ausland;215;584
2014;11;amerik. Länder (o.USA, Kanada);Amerika;Ausland;604;1083
2014;11;China;Asien;Ausland;792;1895
2014;11;Japan;Asien;Ausland;1232;2473
2014;11;asiatische Länder (o.China, Japan);Asien;Ausland;1424;3433
2014;11;"Australien, Neuseeland u. Ozeanien    ";Sonst. Ausland;Ausland;304;644
2014;11;Ausländer ohne Angabe;Sonst. Ausland;Ausland;62;86
2014;12;Deutschland;Deutschland;Deutschland;192318;382224
2014;12;Belgien;Europa ohne Deutschland;Ausland;452;1002
2014;12;Dänemark;Europa ohne Deutschland;Ausland;274;656
2014;12;Frankreich;Europa ohne Deutschland;Ausland;825;1802
2014;12;Italien;Europa ohne Deutschland;Ausland;1258;2524
2014;12;Niederlande;Europa ohne Deutschland;Ausland;1389;3066
2014;12;Österreich;Europa ohne Deutschland;Ausland;2508;5490
2014;12;Polen;Europa ohne Deutschland;Ausland;1651;2831
2014;12;Schweden;Europa ohne Deutschland;Ausland;250;424
2014;12;Schweiz;Europa ohne Deutschland;Ausland;3753;9256
2014;12;Russland;Europa ohne Deutschland;Ausland;1546;3351
2014;12;Spanien;Europa ohne Deutschland;Ausland;673;1662
2014;12;Tschechische Republik;Europa ohne Deutschland;Ausland;2840;3979
2014;12;Großbritannien;Europa ohne Deutschland;Ausland;1927;4290
2014;12;sonst.europäische Länder (o.13 Länder);Europa ohne Deutschland;Ausland;2950;6115
2014;12;afrikanische Länder;Sonst. Ausland;Ausland;216;507
2014;12;USA;Amerika;Ausland;2755;5893
2014;12;Kanada;Amerika;Ausland;273;652
2014;12;amerik. Länder (o.USA, Kanada);Amerika;Ausland;933;1701
2014;12;China;Asien;Ausland;890;2103
2014;12;Japan;Asien;Ausland;2049;3978
2014;12;asiatische Länder (o.China, Japan);Asien;Ausland;1415;2817
2014;12;"Australien, Neuseeland u. Ozeanien    ";Sonst. Ausland;Ausland;672;1390
2014;12;Ausländer ohne Angabe;Sonst. Ausland;Ausland;248;472
2015;01;Deutschland;Deutschland;Deutschland;81452;156803
2015;01;Belgien;Europa ohne Deutschland;Ausland;237;531
2015;01;Dänemark;Europa ohne Deutschland;Ausland;130;241
2015;01;Frankreich;Europa ohne Deutschland;Ausland;568;1160
2015;01;Italien;Europa ohne Deutschland;Ausland;610;1285
2015;01;Niederlande;Europa ohne Deutschland;Ausland;454;865
2015;01;Österreich;Europa ohne Deutschland;Ausland;884;1803
2015;01;Polen;Europa ohne Deutschland;Ausland;1058;1641
2015;01;Schweden;Europa ohne Deutschland;Ausland;147;318
2015;01;Schweiz;Europa ohne Deutschland;Ausland;1093;2466
2015;01;Russland;Europa ohne Deutschland;Ausland;2773;5682
2015;01;Spanien;Europa ohne Deutschland;Ausland;260;700
2015;01;Tschechische Republik;Europa ohne Deutschland;Ausland;856;1398
2015;01;Großbritannien;Europa ohne Deutschland;Ausland;630;1288
2015;01;sonst.europäische Länder (o.13 Länder);Europa ohne Deutschland;Ausland;1907;3834
2015;01;afrikanische Länder;Sonst. Ausland;Ausland;106;257
2015;01;USA;Amerika;Ausland;1116;2574
2015;01;Kanada;Amerika;Ausland;99;181
2015;01;amerik. Länder (o.USA, Kanada);Amerika;Ausland;730;1521
2015;01;China;Asien;Ausland;341;1459
2015;01;Japan;Asien;Ausland;687;1425
2015;01;asiatische Länder (o.China, Japan);Asien;Ausland;1310;2837
2015;01;"Australien, Neuseeland u. Ozeanien    ";Sonst. Ausland;Ausland;413;834
2015;01;Ausländer ohne Angabe;Sonst. Ausland;Ausland;132;183
2015;02;Deutschland;Deutschland;Deutschland;79512;154133
2015;02;Belgien;Europa ohne Deutschland;Ausland;262;621
2015;02;Dänemark;Europa ohne Deutschland;Ausland;171;332
2015;02;Frankreich;Europa ohne Deutschland;Ausland;624;1360
2015;02;Italien;Europa ohne Deutschland;Ausland;557;1201
2015;02;Niederlande;Europa ohne Deutschland;Ausland;784;1642
2015;02;Österreich;Europa ohne Deutschland;Ausland;932;1973
2015;02;Polen;Europa ohne Deutschland;Ausland;996;1668
2015;02;Schweden;Europa ohne Deutschland;Ausland;141;285
2015;02;Schweiz;Europa ohne Deutschland;Ausland;922;2129
2015;02;Russland;Europa ohne Deutschland;Ausland;631;1703
2015;02;Spanien;Europa ohne Deutschland;Ausland;313;778
2015;02;Tschechische Republik;Europa ohne Deutschland;Ausland;912;1642
2015;02;Großbritannien;Europa ohne Deutschland;Ausland;811;1867
2015;02;sonst.europäische Länder (o.13 Länder);Europa ohne Deutschland;Ausland;1591;3660
2015;02;afrikanische Länder;Sonst. Ausland;Ausland;49;149
2015;02;USA;Amerika;Ausland;1024;3119
2015;02;Kanada;Amerika;Ausland;116;355
2015;02;amerik. Länder (o.USA, Kanada);Amerika;Ausland;433;785
2015;02;China;Asien;Ausland;532;1737
2015;02;Japan;Asien;Ausland;798;1522
2015;02;asiatische Länder (o.China, Japan);Asien;Ausland;990;2532
2015;02;"Australien, Neuseeland u. Ozeanien    ";Sonst. Ausland;Ausland;136;278
2015;02;Ausländer ohne Angabe;Sonst. Ausland;Ausland;127;205
2015;03;Deutschland;Deutschland;Deutschland;120537;236330
2015;03;Belgien;Europa ohne Deutschland;Ausland;315;666
2015;03;Dänemark;Europa ohne Deutschland;Ausland;398;1060
2015;03;Frankreich;Europa ohne Deutschland;Ausland;756;1692
2015;03;Italien;Europa ohne Deutschland;Ausland;850;1890
2015;03;Niederlande;Europa ohne Deutschland;Ausland;811;1550
2015;03;Österreich;Europa ohne Deutschland;Ausland;1584;3162
2015;03;Polen;Europa ohne Deutschland;Ausland;1255;2216
2015;03;Schweden;Europa ohne Deutschland;Ausland;333;652
2015;03;Schweiz;Europa ohne Deutschland;Ausland;1439;3207
2015;03;Russland;Europa ohne Deutschland;Ausland;1041;2223
2015;03;Spanien;Europa ohne Deutschland;Ausland;1079;1981
2015;03;Tschechische Republik;Europa ohne Deutschland;Ausland;1080;1696
2015;03;Großbritannien;Europa ohne Deutschland;Ausland;1168;2561
2015;03;sonst.europäische Länder (o.13 Länder);Europa ohne Deutschland;Ausland;2887;6214
2015;03;afrikanische Länder;Sonst. Ausland;Ausland;96;219
2015;03;USA;Amerika;Ausland;1692;3893
2015;03;Kanada;Amerika;Ausland;174;331
2015;03;amerik. Länder (o.USA, Kanada);Amerika;Ausland;554;1051
2015;03;China;Asien;Ausland;660;1995
2015;03;Japan;Asien;Ausland;986;1958
2015;03;asiatische Länder (o.China, Japan);Asien;Ausland;1375;3356
2015;03;"Australien, Neuseeland u. Ozeanien    ";Sonst. Ausland;Ausland;220;408
2015;03;Ausländer ohne Angabe;Sonst. Ausland;Ausland;149;229
2015;04;Deutschland;Deutschland;Deutschland;136592;283106
2015;04;Belgien;Europa ohne Deutschland;Ausland;638;1198
2015;04;Dänemark;Europa ohne Deutschland;Ausland;531;1207
2015;04;Frankreich;Europa ohne Deutschland;Ausland;1072;2266
2015;04;Italien;Europa ohne Deutschland;Ausland;1073;2263
2015;04;Niederlande;Europa ohne Deutschland;Ausland;1346;2918
2015;04;Österreich;Europa ohne Deutschland;Ausland;2036;4416
2015;04;Polen;Europa ohne Deutschland;Ausland;1263;2351
2015;04;Schweden;Europa ohne Deutschland;Ausland;589;1016
2015;04;Schweiz;Europa ohne Deutschland;Ausland;3169;7452
2015;04;Russland;Europa ohne Deutschland;Ausland;1283;2584
2015;04;Spanien;Europa ohne Deutschland;Ausland;1294;2934
2015;04;Tschechische Republik;Europa ohne Deutschland;Ausland;1162;1777
2015;04;Großbritannien;Europa ohne Deutschland;Ausland;1757;3983
2015;04;sonst.europäische Länder (o.13 Länder);Europa ohne Deutschland;Ausland;3189;6571
2015;04;afrikanische Länder;Sonst. Ausland;Ausland;115;318
2015;04;USA;Amerika;Ausland;2027;4819
2015;04;Kanada;Amerika;Ausland;220;603
2015;04;amerik. Länder (o.USA, Kanada);Amerika;Ausland;778;1280
2015;04;China;Asien;Ausland;1338;1979
2015;04;Japan;Asien;Ausland;970;1619
2015;04;asiatische Länder (o.China, Japan);Asien;Ausland;1914;3703
2015;04;"Australien, Neuseeland u. Ozeanien    ";Sonst. Ausland;Ausland;352;761
2015;04;Ausländer ohne Angabe;Sonst. Ausland;Ausland;241;395
2015;05;Deutschland;Deutschland;Deutschland;169635;362645
2015;05;Belgien;Europa ohne Deutschland;Ausland;803;1786
2015;05;Dänemark;Europa ohne Deutschland;Ausland;973;2743
2015;05;Frankreich;Europa ohne Deutschland;Ausland;1408;3036
2015;05;Italien;Europa ohne Deutschland;Ausland;1496;2818
2015;05;Niederlande;Europa ohne Deutschland;Ausland;2411;5309
2015;05;Österreich;Europa ohne Deutschland;Ausland;3532;8038
2015;05;Polen;Europa ohne Deutschland;Ausland;1749;3405
2015;05;Schweden;Europa ohne Deutschland;Ausland;629;1087
2015;05;Schweiz;Europa ohne Deutschland;Ausland;3994;9866
2015;05;Russland;Europa ohne Deutschland;Ausland;1891;3963
2015;05;Spanien;Europa ohne Deutschland;Ausland;1353;3015
2015;05;Tschechische Republik;Europa ohne Deutschland;Ausland;1631;2447
2015;05;Großbritannien;Europa ohne Deutschland;Ausland;2896;6494
2015;05;sonst.europäische Länder (o.13 Länder);Europa ohne Deutschland;Ausland;3498;7471
2015;05;afrikanische Länder;Sonst. Ausland;Ausland;159;278
2015;05;USA;Amerika;Ausland;3821;7972
2015;05;Kanada;Amerika;Ausland;596;1178
2015;05;amerik. Länder (o.USA, Kanada);Amerika;Ausland;1252;2101
2015;05;China;Asien;Ausland;1659;3002
2015;05;Japan;Asien;Ausland;1986;3225
2015;05;asiatische Länder (o.China, Japan);Asien;Ausland;2451;4438
2015;05;"Australien, Neuseeland u. Ozeanien    ";Sonst. Ausland;Ausland;595;1283
2015;05;Ausländer ohne Angabe;Sonst. Ausland;Ausland;249;531
2015;06;Deutschland;Deutschland;Deutschland;151187;311929
2015;06;Belgien;Europa ohne Deutschland;Ausland;882;2361
2015;06;Dänemark;Europa ohne Deutschland;Ausland;961;2307
2015;06;Frankreich;Europa ohne Deutschland;Ausland;1637;3340
2015;06;Italien;Europa ohne Deutschland;Ausland;1202;2330
2015;06;Niederlande;Europa ohne Deutschland;Ausland;1882;4653
2015;06;Österreich;Europa ohne Deutschland;Ausland;3147;6804
2015;06;Polen;Europa ohne Deutschland;Ausland;1850;3337
2015;06;Schweden;Europa ohne Deutschland;Ausland;952;1458
2015;06;Schweiz;Europa ohne Deutschland;Ausland;3588;8347
2015;06;Russland;Europa ohne Deutschland;Ausland;1566;3155
2015;06;Spanien;Europa ohne Deutschland;Ausland;2222;4317
2015;06;Tschechische Republik;Europa ohne Deutschland;Ausland;1177;1995
2015;06;Großbritannien;Europa ohne Deutschland;Ausland;3040;6521
2015;06;sonst.europäische Länder (o.13 Länder);Europa ohne Deutschland;Ausland;3904;7865
2015;06;afrikanische Länder;Sonst. Ausland;Ausland;172;462
2015;06;USA;Amerika;Ausland;4539;9509
2015;06;Kanada;Amerika;Ausland;629;1150
2015;06;amerik. Länder (o.USA, Kanada);Amerika;Ausland;1504;2777
2015;06;China;Asien;Ausland;2074;4055
2015;06;Japan;Asien;Ausland;1950;3389
2015;06;asiatische Länder (o.China, Japan);Asien;Ausland;2781;5592
2015;06;"Australien, Neuseeland u. Ozeanien    ";Sonst. Ausland;Ausland;896;1800
2015;06;Ausländer ohne Angabe;Sonst. Ausland;Ausland;763;1341
2015;07;Deutschland;Deutschland;Deutschland;155801;326369
2015;07;Belgien;Europa ohne Deutschland;Ausland;1421;3089
2015;07;Dänemark;Europa ohne Deutschland;Ausland;2183;4416
2015;07;Frankreich;Europa ohne Deutschland;Ausland;2034;4258
2015;07;Italien;Europa ohne Deutschland;Ausland;2049;4118
2015;07;Niederlande;Europa ohne Deutschland;Ausland;3439;7523
2015;07;Österreich;Europa ohne Deutschland;Ausland;3217;6851
2015;07;Polen;Europa ohne Deutschland;Ausland;2228;3823
2015;07;Schweden;Europa ohne Deutschland;Ausland;1564;2384
2015;07;Schweiz;Europa ohne Deutschland;Ausland;4161;9536
2015;07;Russland;Europa ohne Deutschland;Ausland;1819;3712
2015;07;Spanien;Europa ohne Deutschland;Ausland;2748;6365
2015;07;Tschechische Republik;Europa ohne Deutschland;Ausland;1722;2612
2015;07;Großbritannien;Europa ohne Deutschland;Ausland;2877;6275
2015;07;sonst.europäische Länder (o.13 Länder);Europa ohne Deutschland;Ausland;5572;9935
2015;07;afrikanische Länder;Sonst. Ausland;Ausland;235;902
2015;07;USA;Amerika;Ausland;4725;10506
2015;07;Kanada;Amerika;Ausland;631;1065
2015;07;amerik. Länder (o.USA, Kanada);Amerika;Ausland;1855;3444
2015;07;China;Asien;Ausland;3505;5552
2015;07;Japan;Asien;Ausland;2073;4022
2015;07;asiatische Länder (o.China, Japan);Asien;Ausland;4218;8345
2015;07;"Australien, Neuseeland u. Ozeanien    ";Sonst. Ausland;Ausland;953;1903
2015;07;Ausländer ohne Angabe;Sonst. Ausland;Ausland;926;1695
2015;08;Deutschland;Deutschland;Deutschland;162276;352415
2015;08;Belgien;Europa ohne Deutschland;Ausland;1214;2681
2015;08;Dänemark;Europa ohne Deutschland;Ausland;1016;1986
2015;08;Frankreich;Europa ohne Deutschland;Ausland;1943;3952
2015;08;Italien;Europa ohne Deutschland;Ausland;5001;9419
2015;08;Niederlande;Europa ohne Deutschland;Ausland;3761;8654
2015;08;Österreich;Europa ohne Deutschland;Ausland;3605;7551
2015;08;Polen;Europa ohne Deutschland;Ausland;2395;4600
2015;08;Schweden;Europa ohne Deutschland;Ausland;782;1252
2015;08;Schweiz;Europa ohne Deutschland;Ausland;3388;7671
2015;08;Russland;Europa ohne Deutschland;Ausland;1913;3939
2015;08;Spanien;Europa ohne Deutschland;Ausland;3198;7692
2015;08;Tschechische Republik;Europa ohne Deutschland;Ausland;1444;2180
2015;08;Großbritannien;Europa ohne Deutschland;Ausland;2961;6634
2015;08;sonst.europäische Länder (o.13 Länder);Europa ohne Deutschland;Ausland;4975;9237
2015;08;afrikanische Länder;Sonst. Ausland;Ausland;260;535
2015;08;USA;Amerika;Ausland;4147;9786
2015;08;Kanada;Amerika;Ausland;713;1295
2015;08;amerik. Länder (o.USA, Kanada);Amerika;Ausland;1124;2112
2015;08;China;Asien;Ausland;3668;7482
2015;08;Japan;Asien;Ausland;1891;3280
2015;08;asiatische Länder (o.China, Japan);Asien;Ausland;3391;6686
2015;08;"Australien, Neuseeland u. Ozeanien    ";Sonst. Ausland;Ausland;888;1804
2015;08;Ausländer ohne Angabe;Sonst. Ausland;Ausland;1336;2455
2015;09;Deutschland;Deutschland;Deutschland;150680;323250
2015;09;Belgien;Europa ohne Deutschland;Ausland;743;2020
2015;09;Dänemark;Europa ohne Deutschland;Ausland;610;1811
2015;09;Frankreich;Europa ohne Deutschland;Ausland;1434;3155
2015;09;Italien;Europa ohne Deutschland;Ausland;1192;2696
2015;09;Niederlande;Europa ohne Deutschland;Ausland;1858;4398
2015;09;Österreich;Europa ohne Deutschland;Ausland;2747;6204
2015;09;Polen;Europa ohne Deutschland;Ausland;1944;4124
2015;09;Schweden;Europa ohne Deutschland;Ausland;733;1319
2015;09;Schweiz;Europa ohne Deutschland;Ausland;3816;9483
2015;09;Russland;Europa ohne Deutschland;Ausland;1296;2502
2015;09;Spanien;Europa ohne Deutschland;Ausland;2058;5445
2015;09;Tschechische Republik;Europa ohne Deutschland;Ausland;1828;2978
2015;09;Großbritannien;Europa ohne Deutschland;Ausland;3571;7946
2015;09;sonst.europäische Länder (o.13 Länder);Europa ohne Deutschland;Ausland;4161;8673
2015;09;afrikanische Länder;Sonst. Ausland;Ausland;211;565
2015;09;USA;Amerika;Ausland;5592;12143
2015;09;Kanada;Amerika;Ausland;817;1771
2015;09;amerik. Länder (o.USA, Kanada);Amerika;Ausland;1514;2990
2015;09;China;Asien;Ausland;2726;5623
2015;09;Japan;Asien;Ausland;2182;4125
2015;09;asiatische Länder (o.China, Japan);Asien;Ausland;3179;6037
2015;09;"Australien, Neuseeland u. Ozeanien    ";Sonst. Ausland;Ausland;1052;2157
2015;09;Ausländer ohne Angabe;Sonst. Ausland;Ausland;908;1798
2015;10;Deutschland;Deutschland;Deutschland;153324;328169
2015;10;Belgien;Europa ohne Deutschland;Ausland;605;1191
2015;10;Dänemark;Europa ohne Deutschland;Ausland;619;1659
2015;10;Frankreich;Europa ohne Deutschland;Ausland;1178;2516
2015;10;Italien;Europa ohne Deutschland;Ausland;1238;2388
2015;10;Niederlande;Europa ohne Deutschland;Ausland;1606;3484
2015;10;Österreich;Europa ohne Deutschland;Ausland;2633;5713
2015;10;Polen;Europa ohne Deutschland;Ausland;1442;3020
2015;10;Schweden;Europa ohne Deutschland;Ausland;713;1213
2015;10;Schweiz;Europa ohne Deutschland;Ausland;3039;7247
2015;10;Russland;Europa ohne Deutschland;Ausland;1177;2742
2015;10;Spanien;Europa ohne Deutschland;Ausland;1588;4052
2015;10;Tschechische Republik;Europa ohne Deutschland;Ausland;2057;3573
2015;10;Großbritannien;Europa ohne Deutschland;Ausland;2243;5242
2015;10;sonst.europäische Länder (o.13 Länder);Europa ohne Deutschland;Ausland;3284;6771
2015;10;afrikanische Länder;Sonst. Ausland;Ausland;126;349
2015;10;USA;Amerika;Ausland;3983;9191
2015;10;Kanada;Amerika;Ausland;567;1156
2015;10;amerik. Länder (o.USA, Kanada);Amerika;Ausland;1342;2640
2015;10;China;Asien;Ausland;2413;4593
2015;10;Japan;Asien;Ausland;1877;3329
2015;10;asiatische Länder (o.China, Japan);Asien;Ausland;2503;5560
2015;10;"Australien, Neuseeland u. Ozeanien    ";Sonst. Ausland;Ausland;560;1224
2015;10;Ausländer ohne Angabe;Sonst. Ausland;Ausland;879;1733
2015;11;Deutschland;Deutschland;Deutschland;126511;238671
2015;11;Belgien;Europa ohne Deutschland;Ausland;428;929
2015;11;Dänemark;Europa ohne Deutschland;Ausland;240;564
2015;11;Frankreich;Europa ohne Deutschland;Ausland;752;1729
2015;11;Italien;Europa ohne Deutschland;Ausland;778;1748
2015;11;Niederlande;Europa ohne Deutschland;Ausland;943;1781
2015;11;Österreich;Europa ohne Deutschland;Ausland;1440;2820
2015;11;Polen;Europa ohne Deutschland;Ausland;1440;2875
2015;11;Schweden;Europa ohne Deutschland;Ausland;221;490
2015;11;Schweiz;Europa ohne Deutschland;Ausland;2245;4691
2015;11;Russland;Europa ohne Deutschland;Ausland;1071;2559
2015;11;Spanien;Europa ohne Deutschland;Ausland;1212;2805
2015;11;Tschechische Republik;Europa ohne Deutschland;Ausland;1974;3132
2015;11;Großbritannien;Europa ohne Deutschland;Ausland;1365;2786
2015;11;sonst.europäische Länder (o.13 Länder);Europa ohne Deutschland;Ausland;2622;5812
2015;11;afrikanische Länder;Sonst. Ausland;Ausland;125;361
2015;11;USA;Amerika;Ausland;2072;4634
2015;11;Kanada;Amerika;Ausland;208;400
2015;11;amerik. Länder (o.USA, Kanada);Amerika;Ausland;531;934
2015;11;China;Asien;Ausland;1036;3315
2015;11;Japan;Asien;Ausland;1157;1992
2015;11;asiatische Länder (o.China, Japan);Asien;Ausland;1492;3874
2015;11;"Australien, Neuseeland u. Ozeanien    ";Sonst. Ausland;Ausland;386;732
2015;11;Ausländer ohne Angabe;Sonst. Ausland;Ausland;563;885
2015;12;Deutschland;Deutschland;Deutschland;176417;352643
2015;12;Belgien;Europa ohne Deutschland;Ausland;481;1063
2015;12;Dänemark;Europa ohne Deutschland;Ausland;272;652
2015;12;Frankreich;Europa ohne Deutschland;Ausland;803;1727
2015;12;Italien;Europa ohne Deutschland;Ausland;1207;2436
2015;12;Niederlande;Europa ohne Deutschland;Ausland;1154;2552
2015;12;Österreich;Europa ohne Deutschland;Ausland;2122;4863
2015;12;Polen;Europa ohne Deutschland;Ausland;2399;3844
2015;12;Schweden;Europa ohne Deutschland;Ausland;229;488
2015;12;Schweiz;Europa ohne Deutschland;Ausland;3805;9428
2015;12;Russland;Europa ohne Deutschland;Ausland;1420;3097
2015;12;Spanien;Europa ohne Deutschland;Ausland;1721;4748
2015;12;Tschechische Republik;Europa ohne Deutschland;Ausland;2805;4102
2015;12;Großbritannien;Europa ohne Deutschland;Ausland;1850;4369
2015;12;sonst.europäische Länder (o.13 Länder);Europa ohne Deutschland;Ausland;3055;6401
2015;12;afrikanische Länder;Sonst. Ausland;Ausland;290;840
2015;12;USA;Amerika;Ausland;3203;7487
2015;12;Kanada;Amerika;Ausland;248;571
2015;12;amerik. Länder (o.USA, Kanada);Amerika;Ausland;760;1366
2015;12;China;Asien;Ausland;808;2680
2015;12;Japan;Asien;Ausland;1770;2812
2015;12;asiatische Länder (o.China, Japan);Asien;Ausland;1935;4377
2015;12;"Australien, Neuseeland u. Ozeanien    ";Sonst. Ausland;Ausland;644;1423
2015;12;Ausländer ohne Angabe;Sonst. Ausland;Ausland;1526;2666
2016;01;Deutschland;Deutschland;Deutschland;82063;159601
2016;01;Belgien;Europa ohne Deutschland;Ausland;203;341
2016;01;Dänemark;Europa ohne Deutschland;Ausland;102;244
2016;01;Frankreich;Europa ohne Deutschland;Ausland;559;1353
2016;01;Italien;Europa ohne Deutschland;Ausland;552;1157
2016;01;Niederlande;Europa ohne Deutschland;Ausland;574;1184
2016;01;Österreich;Europa ohne Deutschland;Ausland;987;1924
2016;01;Polen;Europa ohne Deutschland;Ausland;1293;2571
2016;01;Schweden;Europa ohne Deutschland;Ausland;132;235
2016;01;Schweiz;Europa ohne Deutschland;Ausland;1018;2275
2016;01;Russland;Europa ohne Deutschland;Ausland;2254;4528
2016;01;Spanien;Europa ohne Deutschland;Ausland;929;1972
2016;01;Tschechische Republik;Europa ohne Deutschland;Ausland;917;1493
2016;01;Großbritannien;Europa ohne Deutschland;Ausland;706;1552
2016;01;sonst.europäische Länder (o.13 Länder);Europa ohne Deutschland;Ausland;2141;4658
2016;01;afrikanische Länder;Sonst. Ausland;Ausland;95;275
2016;01;USA;Amerika;Ausland;1237;2788
2016;01;Kanada;Amerika;Ausland;104;312
2016;01;amerik. Länder (o.USA, Kanada);Amerika;Ausland;752;1249
2016;01;China;Asien;Ausland;690;2493
2016;01;Japan;Asien;Ausland;591;934
2016;01;asiatische Länder (o.China, Japan);Asien;Ausland;1113;2202
2016;01;"Australien, Neuseeland u. Ozeanien    ";Sonst. Ausland;Ausland;316;635
2016;01;Ausländer ohne Angabe;Sonst. Ausland;Ausland;584;1056
2016;02;Deutschland;Deutschland;Deutschland;87956;168540
2016;02;Belgien;Europa ohne Deutschland;Ausland;455;951
2016;02;Dänemark;Europa ohne Deutschland;Ausland;340;778
2016;02;Frankreich;Europa ohne Deutschland;Ausland;956;2185
2016;02;Italien;Europa ohne Deutschland;Ausland;657;1623
2016;02;Niederlande;Europa ohne Deutschland;Ausland;1111;2205
2016;02;Österreich;Europa ohne Deutschland;Ausland;1343;2917
2016;02;Polen;Europa ohne Deutschland;Ausland;1900;4582
2016;02;Schweden;Europa ohne Deutschland;Ausland;191;483
2016;02;Schweiz;Europa ohne Deutschland;Ausland;1206;2634
2016;02;Russland;Europa ohne Deutschland;Ausland;615;1542
2016;02;Spanien;Europa ohne Deutschland;Ausland;764;1547
2016;02;Tschechische Republik;Europa ohne Deutschland;Ausland;1008;1584
2016;02;Großbritannien;Europa ohne Deutschland;Ausland;967;2175
2016;02;sonst.europäische Länder (o.13 Länder);Europa ohne Deutschland;Ausland;2129;5288
2016;02;afrikanische Länder;Sonst. Ausland;Ausland;67;179
2016;02;USA;Amerika;Ausland;1323;3492
2016;02;Kanada;Amerika;Ausland;351;542
2016;02;amerik. Länder (o.USA, Kanada);Amerika;Ausland;618;1089
2016;02;China;Asien;Ausland;1137;2920
2016;02;Japan;Asien;Ausland;682;1363
2016;02;asiatische Länder (o.China, Japan);Asien;Ausland;1143;2655
2016;02;"Australien, Neuseeland u. Ozeanien    ";Sonst. Ausland;Ausland;177;530
2016;02;Ausländer ohne Angabe;Sonst. Ausland;Ausland;384;965
2016;03;Deutschland;Deutschland;Deutschland;126144;260351
2016;03;Belgien;Europa ohne Deutschland;Ausland;436;908
2016;03;Dänemark;Europa ohne Deutschland;Ausland;545;1049
2016;03;Frankreich;Europa ohne Deutschland;Ausland;848;2420
2016;03;Italien;Europa ohne Deutschland;Ausland;1078;2329
2016;03;Niederlande;Europa ohne Deutschland;Ausland;1145;2334
2016;03;Österreich;Europa ohne Deutschland;Ausland;1677;3567
2016;03;Polen;Europa ohne Deutschland;Ausland;1319;2435
2016;03;Schweden;Europa ohne Deutschland;Ausland;347;664
2016;03;Schweiz;Europa ohne Deutschland;Ausland;1983;4508
2016;03;Russland;Europa ohne Deutschland;Ausland;836;1723
2016;03;Spanien;Europa ohne Deutschland;Ausland;1397;3031
2016;03;Tschechische Republik;Europa ohne Deutschland;Ausland;1500;2479
2016;03;Großbritannien;Europa ohne Deutschland;Ausland;1304;2796
2016;03;sonst.europäische Länder (o.13 Länder);Europa ohne Deutschland;Ausland;2484;5397
2016;03;afrikanische Länder;Sonst. Ausland;Ausland;143;290
2016;03;USA;Amerika;Ausland;1917;5213
2016;03;Kanada;Amerika;Ausland;173;378
2016;03;amerik. Länder (o.USA, Kanada);Amerika;Ausland;602;1286
2016;03;China;Asien;Ausland;1072;2933
2016;03;Japan;Asien;Ausland;860;1543
2016;03;asiatische Länder (o.China, Japan);Asien;Ausland;1382;3006
2016;03;"Australien, Neuseeland u. Ozeanien    ";Sonst. Ausland;Ausland;163;493
2016;03;Ausländer ohne Angabe;Sonst. Ausland;Ausland;428;849
2016;04;Deutschland;Deutschland;Deutschland;125941;258336
2016;04;Belgien;Europa ohne Deutschland;Ausland;598;1069
2016;04;Dänemark;Europa ohne Deutschland;Ausland;484;1154
2016;04;Frankreich;Europa ohne Deutschland;Ausland;1200;2708
2016;04;Italien;Europa ohne Deutschland;Ausland;1027;2100
2016;04;Niederlande;Europa ohne Deutschland;Ausland;1736;3488
2016;04;Österreich;Europa ohne Deutschland;Ausland;2353;5545
2016;04;Polen;Europa ohne Deutschland;Ausland;2126;3784
2016;04;Schweden;Europa ohne Deutschland;Ausland;297;590
2016;04;Schweiz;Europa ohne Deutschland;Ausland;2549;6459
2016;04;Russland;Europa ohne Deutschland;Ausland;971;1931
2016;04;Spanien;Europa ohne Deutschland;Ausland;1129;2858
2016;04;Tschechische Republik;Europa ohne Deutschland;Ausland;1277;1825
2016;04;Großbritannien;Europa ohne Deutschland;Ausland;1675;3825
2016;04;sonst.europäische Länder (o.13 Länder);Europa ohne Deutschland;Ausland;2954;6113
2016;04;afrikanische Länder;Sonst. Ausland;Ausland;92;198
2016;04;USA;Amerika;Ausland;1934;4728
2016;04;Kanada;Amerika;Ausland;295;608
2016;04;amerik. Länder (o.USA, Kanada);Amerika;Ausland;708;1393
2016;04;China;Asien;Ausland;1654;2423
2016;04;Japan;Asien;Ausland;921;1899
2016;04;asiatische Länder (o.China, Japan);Asien;Ausland;2007;3657
2016;04;"Australien, Neuseeland u. Ozeanien    ";Sonst. Ausland;Ausland;318;771
2016;04;Ausländer ohne Angabe;Sonst. Ausland;Ausland;709;1201
2016;05;Deutschland;Deutschland;Deutschland;158985;339634
2016;05;Belgien;Europa ohne Deutschland;Ausland;687;1586
2016;05;Dänemark;Europa ohne Deutschland;Ausland;658;1648
2016;05;Frankreich;Europa ohne Deutschland;Ausland;1553;3590
2016;05;Italien;Europa ohne Deutschland;Ausland;1007;2129
2016;05;Niederlande;Europa ohne Deutschland;Ausland;2399;5161
2016;05;Österreich;Europa ohne Deutschland;Ausland;4362;11875
2016;05;Polen;Europa ohne Deutschland;Ausland;2140;4352
2016;05;Schweden;Europa ohne Deutschland;Ausland;680;1194
2016;05;Schweiz;Europa ohne Deutschland;Ausland;3831;9881
2016;05;Russland;Europa ohne Deutschland;Ausland;1526;2885
2016;05;Spanien;Europa ohne Deutschland;Ausland;1465;3679
2016;05;Tschechische Republik;Europa ohne Deutschland;Ausland;1294;2264
2016;05;Großbritannien;Europa ohne Deutschland;Ausland;2532;5546
2016;05;sonst.europäische Länder (o.13 Länder);Europa ohne Deutschland;Ausland;4067;8052
2016;05;afrikanische Länder;Sonst. Ausland;Ausland;183;444
2016;05;USA;Amerika;Ausland;4098;9187
2016;05;Kanada;Amerika;Ausland;508;1078
2016;05;amerik. Länder (o.USA, Kanada);Amerika;Ausland;1247;2332
2016;05;China;Asien;Ausland;2773;3775
2016;05;Japan;Asien;Ausland;1164;2250
2016;05;asiatische Länder (o.China, Japan);Asien;Ausland;2098;3807
2016;05;"Australien, Neuseeland u. Ozeanien    ";Sonst. Ausland;Ausland;531;1396
2016;05;Ausländer ohne Angabe;Sonst. Ausland;Ausland;999;1967
2016;06;Deutschland;Deutschland;Deutschland;145532;294578
2016;06;Belgien;Europa ohne Deutschland;Ausland;800;1933
2016;06;Dänemark;Europa ohne Deutschland;Ausland;819;1838
2016;06;Frankreich;Europa ohne Deutschland;Ausland;1462;2794
2016;06;Italien;Europa ohne Deutschland;Ausland;1177;2387
2016;06;Niederlande;Europa ohne Deutschland;Ausland;2543;6210
2016;06;Österreich;Europa ohne Deutschland;Ausland;3068;7012
2016;06;Polen;Europa ohne Deutschland;Ausland;1813;3563
2016;06;Schweden;Europa ohne Deutschland;Ausland;734;1136
2016;06;Schweiz;Europa ohne Deutschland;Ausland;3743;8876
2016;06;Russland;Europa ohne Deutschland;Ausland;1230;3129
2016;06;Spanien;Europa ohne Deutschland;Ausland;1512;3281
2016;06;Tschechische Republik;Europa ohne Deutschland;Ausland;1266;2186
2016;06;Großbritannien;Europa ohne Deutschland;Ausland;3126;6696
2016;06;sonst.europäische Länder (o.13 Länder);Europa ohne Deutschland;Ausland;3618;6800
2016;06;afrikanische Länder;Sonst. Ausland;Ausland;147;314
2016;06;USA;Amerika;Ausland;4262;9417
2016;06;Kanada;Amerika;Ausland;632;1258
2016;06;amerik. Länder (o.USA, Kanada);Amerika;Ausland;1261;2887
2016;06;China;Asien;Ausland;2808;3937
2016;06;Japan;Asien;Ausland;911;1830
2016;06;asiatische Länder (o.China, Japan);Asien;Ausland;2271;4236
2016;06;"Australien, Neuseeland u. Ozeanien    ";Sonst. Ausland;Ausland;831;1678
2016;06;Ausländer ohne Angabe;Sonst. Ausland;Ausland;804;1600
2016;07;Deutschland;Deutschland;Deutschland;144531;291238
2016;07;Belgien;Europa ohne Deutschland;Ausland;1492;3020
2016;07;Dänemark;Europa ohne Deutschland;Ausland;2259;4234
2016;07;Frankreich;Europa ohne Deutschland;Ausland;1585;2916
2016;07;Italien;Europa ohne Deutschland;Ausland;2041;3903
2016;07;Niederlande;Europa ohne Deutschland;Ausland;3884;8636
2016;07;Österreich;Europa ohne Deutschland;Ausland;3317;7136
2016;07;Polen;Europa ohne Deutschland;Ausland;2505;4591
2016;07;Schweden;Europa ohne Deutschland;Ausland;1420;2101
2016;07;Schweiz;Europa ohne Deutschland;Ausland;4452;9931
2016;07;Russland;Europa ohne Deutschland;Ausland;1583;3455
2016;07;Spanien;Europa ohne Deutschland;Ausland;2339;4652
2016;07;Tschechische Republik;Europa ohne Deutschland;Ausland;1961;2912
2016;07;Großbritannien;Europa ohne Deutschland;Ausland;3234;7810
2016;07;sonst.europäische Länder (o.13 Länder);Europa ohne Deutschland;Ausland;5657;10949
2016;07;afrikanische Länder;Sonst. Ausland;Ausland;175;474
2016;07;USA;Amerika;Ausland;4187;9370
2016;07;Kanada;Amerika;Ausland;417;850
2016;07;amerik. Länder (o.USA, Kanada);Amerika;Ausland;1492;2810
2016;07;China;Asien;Ausland;2889;4505
2016;07;Japan;Asien;Ausland;1209;2059
2016;07;asiatische Länder (o.China, Japan);Asien;Ausland;3386;6610
2016;07;"Australien, Neuseeland u. Ozeanien    ";Sonst. Ausland;Ausland;915;1965
2016;07;Ausländer ohne Angabe;Sonst. Ausland;Ausland;1055;2803
2016;08;Deutschland;Deutschland;Deutschland;163753;345063
2016;08;Belgien;Europa ohne Deutschland;Ausland;1082;2416
2016;08;Dänemark;Europa ohne Deutschland;Ausland;1052;2653
2016;08;Frankreich;Europa ohne Deutschland;Ausland;1935;3817
2016;08;Italien;Europa ohne Deutschland;Ausland;4186;7933
2016;08;Niederlande;Europa ohne Deutschland;Ausland;3761;8487
2016;08;Österreich;Europa ohne Deutschland;Ausland;3680;10753
2016;08;Polen;Europa ohne Deutschland;Ausland;2627;5148
2016;08;Schweden;Europa ohne Deutschland;Ausland;776;1137
2016;08;Schweiz;Europa ohne Deutschland;Ausland;3249;7997
2016;08;Russland;Europa ohne Deutschland;Ausland;1579;2887
2016;08;Spanien;Europa ohne Deutschland;Ausland;2514;5540
2016;08;Tschechische Republik;Europa ohne Deutschland;Ausland;1626;2434
2016;08;Großbritannien;Europa ohne Deutschland;Ausland;2471;5837
2016;08;sonst.europäische Länder (o.13 Länder);Europa ohne Deutschland;Ausland;5469;11011
2016;08;afrikanische Länder;Sonst. Ausland;Ausland;134;308
2016;08;USA;Amerika;Ausland;3552;7650
2016;08;Kanada;Amerika;Ausland;399;861
2016;08;amerik. Länder (o.USA, Kanada);Amerika;Ausland;1082;1979
2016;08;China;Asien;Ausland;3255;5269
2016;08;Japan;Asien;Ausland;1789;4188
2016;08;asiatische Länder (o.China, Japan);Asien;Ausland;2898;5841
2016;08;"Australien, Neuseeland u. Ozeanien    ";Sonst. Ausland;Ausland;681;1454
2016;08;Ausländer ohne Angabe;Sonst. Ausland;Ausland;1128;2473
2016;09;Deutschland;Deutschland;Deutschland;162499;330010
2016;09;Belgien;Europa ohne Deutschland;Ausland;861;1930
2016;09;Dänemark;Europa ohne Deutschland;Ausland;853;1807
2016;09;Frankreich;Europa ohne Deutschland;Ausland;1360;2550
2016;09;Italien;Europa ohne Deutschland;Ausland;1182;2555
2016;09;Niederlande;Europa ohne Deutschland;Ausland;2424;5863
2016;09;Österreich;Europa ohne Deutschland;Ausland;3013;6861
2016;09;Polen;Europa ohne Deutschland;Ausland;2196;4295
2016;09;Schweden;Europa ohne Deutschland;Ausland;661;1105
2016;09;Schweiz;Europa ohne Deutschland;Ausland;3667;8994
2016;09;Russland;Europa ohne Deutschland;Ausland;1693;3856
2016;09;Spanien;Europa ohne Deutschland;Ausland;1778;3632
2016;09;Tschechische Republik;Europa ohne Deutschland;Ausland;1434;2202
2016;09;Großbritannien;Europa ohne Deutschland;Ausland;2689;5699
2016;09;sonst.europäische Länder (o.13 Länder);Europa ohne Deutschland;Ausland;3874;7938
2016;09;afrikanische Länder;Sonst. Ausland;Ausland;172;501
2016;09;USA;Amerika;Ausland;4594;10017
2016;09;Kanada;Amerika;Ausland;638;1292
2016;09;amerik. Länder (o.USA, Kanada);Amerika;Ausland;1393;2757
2016;09;China;Asien;Ausland;3136;4545
2016;09;Japan;Asien;Ausland;1561;2749
2016;09;asiatische Länder (o.China, Japan);Asien;Ausland;2535;4576
2016;09;"Australien, Neuseeland u. Ozeanien    ";Sonst. Ausland;Ausland;989;2062
2016;09;Ausländer ohne Angabe;Sonst. Ausland;Ausland;949;2141
2016;10;Deutschland;Deutschland;Deutschland;162615;351513
2016;10;Belgien;Europa ohne Deutschland;Ausland;519;1111
2016;10;Dänemark;Europa ohne Deutschland;Ausland;528;1265
2016;10;Frankreich;Europa ohne Deutschland;Ausland;1040;2341
2016;10;Italien;Europa ohne Deutschland;Ausland;1007;1999
2016;10;Niederlande;Europa ohne Deutschland;Ausland;1651;3558
2016;10;Österreich;Europa ohne Deutschland;Ausland;2600;5597
2016;10;Polen;Europa ohne Deutschland;Ausland;1735;3444
2016;10;Schweden;Europa ohne Deutschland;Ausland;423;804
2016;10;Schweiz;Europa ohne Deutschland;Ausland;2981;7542
2016;10;Russland;Europa ohne Deutschland;Ausland;1191;2580
2016;10;Spanien;Europa ohne Deutschland;Ausland;1551;3720
2016;10;Tschechische Republik;Europa ohne Deutschland;Ausland;2039;3147
2016;10;Großbritannien;Europa ohne Deutschland;Ausland;1875;4061
2016;10;sonst.europäische Länder (o.13 Länder);Europa ohne Deutschland;Ausland;3469;7894
2016;10;afrikanische Länder;Sonst. Ausland;Ausland;227;539
2016;10;USA;Amerika;Ausland;3173;6979
2016;10;Kanada;Amerika;Ausland;496;938
2016;10;amerik. Länder (o.USA, Kanada);Amerika;Ausland;1099;2048
2016;10;China;Asien;Ausland;2137;3157
2016;10;Japan;Asien;Ausland;1595;3728
2016;10;asiatische Länder (o.China, Japan);Asien;Ausland;2358;4451
2016;10;"Australien, Neuseeland u. Ozeanien    ";Sonst. Ausland;Ausland;486;1110
2016;10;Ausländer ohne Angabe;Sonst. Ausland;Ausland;1403;3429
2016;11;Deutschland;Deutschland;Deutschland;133882;249231
2016;11;Belgien;Europa ohne Deutschland;Ausland;454;905
2016;11;Dänemark;Europa ohne Deutschland;Ausland;351;806
2016;11;Frankreich;Europa ohne Deutschland;Ausland;691;1902
2016;11;Italien;Europa ohne Deutschland;Ausland;772;1678
2016;11;Niederlande;Europa ohne Deutschland;Ausland;1281;3035
2016;11;Österreich;Europa ohne Deutschland;Ausland;1707;3464
2016;11;Polen;Europa ohne Deutschland;Ausland;1635;3400
2016;11;Schweden;Europa ohne Deutschland;Ausland;299;560
2016;11;Schweiz;Europa ohne Deutschland;Ausland;2020;4456
2016;11;Russland;Europa ohne Deutschland;Ausland;1207;2510
2016;11;Spanien;Europa ohne Deutschland;Ausland;967;2048
2016;11;Tschechische Republik;Europa ohne Deutschland;Ausland;2277;3361
2016;11;Großbritannien;Europa ohne Deutschland;Ausland;1113;2330
2016;11;sonst.europäische Länder (o.13 Länder);Europa ohne Deutschland;Ausland;2608;5979
2016;11;afrikanische Länder;Sonst. Ausland;Ausland;150;624
2016;11;USA;Amerika;Ausland;2206;4364
2016;11;Kanada;Amerika;Ausland;186;376
2016;11;amerik. Länder (o.USA, Kanada);Amerika;Ausland;673;1072
2016;11;China;Asien;Ausland;1562;1936
2016;11;Japan;Asien;Ausland;1078;1872
2016;11;asiatische Länder (o.China, Japan);Asien;Ausland;1627;3289
2016;11;"Australien, Neuseeland u. Ozeanien    ";Sonst. Ausland;Ausland;317;638
2016;11;Ausländer ohne Angabe;Sonst. Ausland;Ausland;717;1606
2016;12;Deutschland;Deutschland;Deutschland;182040;353859
2016;12;Belgien;Europa ohne Deutschland;Ausland;477;973
2016;12;Dänemark;Europa ohne Deutschland;Ausland;296;777
2016;12;Frankreich;Europa ohne Deutschland;Ausland;968;2311
2016;12;Italien;Europa ohne Deutschland;Ausland;1055;2426
2016;12;Niederlande;Europa ohne Deutschland;Ausland;1324;3241
2016;12;Österreich;Europa ohne Deutschland;Ausland;2291;5284
2016;12;Polen;Europa ohne Deutschland;Ausland;2193;3868
2016;12;Schweden;Europa ohne Deutschland;Ausland;235;557
2016;12;Schweiz;Europa ohne Deutschland;Ausland;3988;10097
2016;12;Russland;Europa ohne Deutschland;Ausland;1820;3509
2016;12;Spanien;Europa ohne Deutschland;Ausland;1373;3391
2016;12;Tschechische Republik;Europa ohne Deutschland;Ausland;2838;4386
2016;12;Großbritannien;Europa ohne Deutschland;Ausland;1752;3760
2016;12;sonst.europäische Länder (o.13 Länder);Europa ohne Deutschland;Ausland;3260;7192
2016;12;afrikanische Länder;Sonst. Ausland;Ausland;150;327
2016;12;USA;Amerika;Ausland;2710;5654
2016;12;Kanada;Amerika;Ausland;256;497
2016;12;amerik. Länder (o.USA, Kanada);Amerika;Ausland;833;1573
2016;12;China;Asien;Ausland;1121;1794
2016;12;Japan;Asien;Ausland;2112;3484
2016;12;asiatische Länder (o.China, Japan);Asien;Ausland;1644;3146
2016;12;"Australien, Neuseeland u. Ozeanien    ";Sonst. Ausland;Ausland;747;1507
2016;12;Ausländer ohne Angabe;Sonst. Ausland;Ausland;856;2213
2017;01;Deutschland;Deutschland;Deutschland;86863;163129
2017;01;Belgien;Europa ohne Deutschland;Ausland;276;517
2017;01;Dänemark;Europa ohne Deutschland;Ausland;150;218
2017;01;Frankreich;Europa ohne Deutschland;Ausland;652;1488
2017;01;Italien;Europa ohne Deutschland;Ausland;637;1407
2017;01;Niederlande;Europa ohne Deutschland;Ausland;708;1560
2017;01;Österreich;Europa ohne Deutschland;Ausland;1107;2688
2017;01;Polen;Europa ohne Deutschland;Ausland;1416;2378
2017;01;Schweden;Europa ohne Deutschland;Ausland;146;242
2017;01;Schweiz;Europa ohne Deutschland;Ausland;1103;2434
2017;01;Russland;Europa ohne Deutschland;Ausland;2981;5497
2017;01;Spanien;Europa ohne Deutschland;Ausland;772;1619
2017;01;Tschechische Republik;Europa ohne Deutschland;Ausland;956;1668
2017;01;Großbritannien;Europa ohne Deutschland;Ausland;737;1430
2017;01;sonst.europäische Länder (o.13 Länder);Europa ohne Deutschland;Ausland;2584;5197
2017;01;afrikanische Länder;Sonst. Ausland;Ausland;57;139
2017;01;USA;Amerika;Ausland;1047;2229
2017;01;Kanada;Amerika;Ausland;163;333
2017;01;amerik. Länder (o.USA, Kanada);Amerika;Ausland;686;1422
2017;01;China;Asien;Ausland;1528;1939
2017;01;Japan;Asien;Ausland;685;1134
2017;01;asiatische Länder (o.China, Japan);Asien;Ausland;1449;2662
2017;01;"Australien, Neuseeland u. Ozeanien    ";Sonst. Ausland;Ausland;338;751
2017;01;Ausländer ohne Angabe;Sonst. Ausland;Ausland;448;894
2017;02;Deutschland;Deutschland;Deutschland;87348;162860
2017;02;Belgien;Europa ohne Deutschland;Ausland;204;389
2017;02;Dänemark;Europa ohne Deutschland;Ausland;204;312
2017;02;Frankreich;Europa ohne Deutschland;Ausland;672;1423
2017;02;Italien;Europa ohne Deutschland;Ausland;609;1538
2017;02;Niederlande;Europa ohne Deutschland;Ausland;1239;2274
2017;02;Österreich;Europa ohne Deutschland;Ausland;1083;2290
2017;02;Polen;Europa ohne Deutschland;Ausland;1955;2912
2017;02;Schweden;Europa ohne Deutschland;Ausland;159;343
2017;02;Schweiz;Europa ohne Deutschland;Ausland;937;1869
2017;02;Russland;Europa ohne Deutschland;Ausland;1029;2269
2017;02;Spanien;Europa ohne Deutschland;Ausland;775;1644
2017;02;Tschechische Republik;Europa ohne Deutschland;Ausland;986;1518
2017;02;Großbritannien;Europa ohne Deutschland;Ausland;713;1456
2017;02;sonst.europäische Länder (o.13 Länder);Europa ohne Deutschland;Ausland;2271;5140
2017;02;afrikanische Länder;Sonst. Ausland;Ausland;62;137
2017;02;USA;Amerika;Ausland;1156;3181
2017;02;Kanada;Amerika;Ausland;146;467
2017;02;amerik. Länder (o.USA, Kanada);Amerika;Ausland;537;995
2017;02;China;Asien;Ausland;1203;1634
2017;02;Japan;Asien;Ausland;708;1239
2017;02;asiatische Länder (o.China, Japan);Asien;Ausland;1189;2537
2017;02;"Australien, Neuseeland u. Ozeanien    ";Sonst. Ausland;Ausland;133;328
2017;02;Ausländer ohne Angabe;Sonst. Ausland;Ausland;461;905
2017;03;Deutschland;Deutschland;Deutschland;124877;245516
2017;03;Belgien;Europa ohne Deutschland;Ausland;557;1101
2017;03;Dänemark;Europa ohne Deutschland;Ausland;232;509
2017;03;Frankreich;Europa ohne Deutschland;Ausland;809;1785
2017;03;Italien;Europa ohne Deutschland;Ausland;960;2436
2017;03;Niederlande;Europa ohne Deutschland;Ausland;1003;2180
2017;03;Österreich;Europa ohne Deutschland;Ausland;1668;3622
2017;03;Polen;Europa ohne Deutschland;Ausland;1704;3038
2017;03;Schweden;Europa ohne Deutschland;Ausland;304;735
2017;03;Schweiz;Europa ohne Deutschland;Ausland;1750;3773
2017;03;Russland;Europa ohne Deutschland;Ausland;1404;2595
2017;03;Spanien;Europa ohne Deutschland;Ausland;951;2191
2017;03;Tschechische Republik;Europa ohne Deutschland;Ausland;1260;2123
2017;03;Großbritannien;Europa ohne Deutschland;Ausland;1046;2258
2017;03;sonst.europäische Länder (o.13 Länder);Europa ohne Deutschland;Ausland;3334;7465
2017;03;afrikanische Länder;Sonst. Ausland;Ausland;115;289
2017;03;USA;Amerika;Ausland;1999;4546
2017;03;Kanada;Amerika;Ausland;214;401
2017;03;amerik. Länder (o.USA, Kanada);Amerika;Ausland;531;982
2017;03;China;Asien;Ausland;2222;2791
2017;03;Japan;Asien;Ausland;1147;1886
2017;03;asiatische Länder (o.China, Japan);Asien;Ausland;1419;3086
2017;03;"Australien, Neuseeland u. Ozeanien    ";Sonst. Ausland;Ausland;173;356
2017;03;Ausländer ohne Angabe;Sonst. Ausland;Ausland;725;1669
2017;04;Deutschland;Deutschland;Deutschland;145299;314430
2017;04;Belgien;Europa ohne Deutschland;Ausland;769;1337
2017;04;Dänemark;Europa ohne Deutschland;Ausland;562;1225
2017;04;Frankreich;Europa ohne Deutschland;Ausland;1493;3178
2017;04;Italien;Europa ohne Deutschland;Ausland;1204;2410
2017;04;Niederlande;Europa ohne Deutschland;Ausland;1754;3479
2017;04;Österreich;Europa ohne Deutschland;Ausland;2717;6089
2017;04;Polen;Europa ohne Deutschland;Ausland;2552;4598
2017;04;Schweden;Europa ohne Deutschland;Ausland;398;808
2017;04;Schweiz;Europa ohne Deutschland;Ausland;3074;7013
2017;04;Russland;Europa ohne Deutschland;Ausland;2735;4108
2017;04;Spanien;Europa ohne Deutschland;Ausland;1136;2688
2017;04;Tschechische Republik;Europa ohne Deutschland;Ausland;1490;2429
2017;04;Großbritannien;Europa ohne Deutschland;Ausland;1795;4176
2017;04;sonst.europäische Länder (o.13 Länder);Europa ohne Deutschland;Ausland;3528;7406
2017;04;afrikanische Länder;Sonst. Ausland;Ausland;109;254
2017;04;USA;Amerika;Ausland;2898;6520
2017;04;Kanada;Amerika;Ausland;286;692
2017;04;amerik. Länder (o.USA, Kanada);Amerika;Ausland;825;1446
2017;04;China;Asien;Ausland;1979;2653
2017;04;Japan;Asien;Ausland;1073;1953
2017;04;asiatische Länder (o.China, Japan);Asien;Ausland;2118;3841
2017;04;"Australien, Neuseeland u. Ozeanien    ";Sonst. Ausland;Ausland;309;659
2017;04;Ausländer ohne Angabe;Sonst. Ausland;Ausland;885;2405
2017;05;Deutschland;Deutschland;Deutschland;155398;318805
2017;05;Belgien;Europa ohne Deutschland;Ausland;878;2131
2017;05;Dänemark;Europa ohne Deutschland;Ausland;558;1315
2017;05;Frankreich;Europa ohne Deutschland;Ausland;1513;3474
2017;05;Italien;Europa ohne Deutschland;Ausland;1046;2070
2017;05;Niederlande;Europa ohne Deutschland;Ausland;2023;4561
2017;05;Österreich;Europa ohne Deutschland;Ausland;2947;6860
2017;05;Polen;Europa ohne Deutschland;Ausland;2828;5542
2017;05;Schweden;Europa ohne Deutschland;Ausland;614;1236
2017;05;Schweiz;Europa ohne Deutschland;Ausland;3422;8626
2017;05;Russland;Europa ohne Deutschland;Ausland;2339;4605
2017;05;Spanien;Europa ohne Deutschland;Ausland;1419;3160
2017;05;Tschechische Republik;Europa ohne Deutschland;Ausland;1751;2966
2017;05;Großbritannien;Europa ohne Deutschland;Ausland;2372;4983
2017;05;sonst.europäische Länder (o.13 Länder);Europa ohne Deutschland;Ausland;4090;9028
2017;05;afrikanische Länder;Sonst. Ausland;Ausland;199;446
2017;05;USA;Amerika;Ausland;4410;9438
2017;05;Kanada;Amerika;Ausland;589;1380
2017;05;amerik. Länder (o.USA, Kanada);Amerika;Ausland;1289;2446
2017;05;China;Asien;Ausland;4108;5959
2017;05;Japan;Asien;Ausland;1844;3303
2017;05;asiatische Länder (o.China, Japan);Asien;Ausland;3148;5444
2017;05;"Australien, Neuseeland u. Ozeanien    ";Sonst. Ausland;Ausland;670;1403
2017;05;Ausländer ohne Angabe;Sonst. Ausland;Ausland;930;1944
2017;06;Deutschland;Deutschland;Deutschland;158467;323057
2017;06;Belgien;Europa ohne Deutschland;Ausland;855;1963
2017;06;Dänemark;Europa ohne Deutschland;Ausland;682;1454
2017;06;Frankreich;Europa ohne Deutschland;Ausland;1476;2944
2017;06;Italien;Europa ohne Deutschland;Ausland;1186;2223
2017;06;Niederlande;Europa ohne Deutschland;Ausland;2256;5199
2017;06;Österreich;Europa ohne Deutschland;Ausland;3424;7459
2017;06;Polen;Europa ohne Deutschland;Ausland;2639;5010
2017;06;Schweden;Europa ohne Deutschland;Ausland;931;1463
2017;06;Schweiz;Europa ohne Deutschland;Ausland;3039;7272
2017;06;Russland;Europa ohne Deutschland;Ausland;1684;3062
2017;06;Spanien;Europa ohne Deutschland;Ausland;1607;3906
2017;06;Tschechische Republik;Europa ohne Deutschland;Ausland;1560;2248
2017;06;Großbritannien;Europa ohne Deutschland;Ausland;2558;5506
2017;06;sonst.europäische Länder (o.13 Länder);Europa ohne Deutschland;Ausland;4958;9312
2017;06;afrikanische Länder;Sonst. Ausland;Ausland;192;602
2017;06;USA;Amerika;Ausland;5001;9847
2017;06;Kanada;Amerika;Ausland;582;1206
2017;06;amerik. Länder (o.USA, Kanada);Amerika;Ausland;1512;3056
2017;06;China;Asien;Ausland;4077;5267
2017;06;Japan;Asien;Ausland;1511;2848
2017;06;asiatische Länder (o.China, Japan);Asien;Ausland;2979;5628
2017;06;"Australien, Neuseeland u. Ozeanien    ";Sonst. Ausland;Ausland;841;1717
2017;06;Ausländer ohne Angabe;Sonst. Ausland;Ausland;904;2123
2017;07;Deutschland;Deutschland;Deutschland;149163;308835
2017;07;Belgien;Europa ohne Deutschland;Ausland;1399;2706
2017;07;Dänemark;Europa ohne Deutschland;Ausland;2530;4624
2017;07;Frankreich;Europa ohne Deutschland;Ausland;1854;3606
2017;07;Italien;Europa ohne Deutschland;Ausland;1534;3150
2017;07;Niederlande;Europa ohne Deutschland;Ausland;3480;6854
2017;07;Österreich;Europa ohne Deutschland;Ausland;3262;6902
2017;07;Polen;Europa ohne Deutschland;Ausland;3414;5840
2017;07;Schweden;Europa ohne Deutschland;Ausland;1798;2694
2017;07;Schweiz;Europa ohne Deutschland;Ausland;3969;8495
2017;07;Russland;Europa ohne Deutschland;Ausland;2696;5004
2017;07;Spanien;Europa ohne Deutschland;Ausland;1515;3532
2017;07;Tschechische Republik;Europa ohne Deutschland;Ausland;2304;3452
2017;07;Großbritannien;Europa ohne Deutschland;Ausland;2124;4213
2017;07;sonst.europäische Länder (o.13 Länder);Europa ohne Deutschland;Ausland;6939;14586
2017;07;afrikanische Länder;Sonst. Ausland;Ausland;281;627
2017;07;USA;Amerika;Ausland;4778;9810
2017;07;Kanada;Amerika;Ausland;553;955
2017;07;amerik. Länder (o.USA, Kanada);Amerika;Ausland;1703;3445
2017;07;China;Asien;Ausland;3638;5580
2017;07;Japan;Asien;Ausland;1242;1962
2017;07;asiatische Länder (o.China, Japan);Asien;Ausland;4161;7438
2017;07;"Australien, Neuseeland u. Ozeanien    ";Sonst. Ausland;Ausland;943;1872
2017;07;Ausländer ohne Angabe;Sonst. Ausland;Ausland;1015;2387
2017;08;Deutschland;Deutschland;Deutschland;173894;365415
2017;08;Belgien;Europa ohne Deutschland;Ausland;1023;2193
2017;08;Dänemark;Europa ohne Deutschland;Ausland;806;1987
2017;08;Frankreich;Europa ohne Deutschland;Ausland;1854;3922
2017;08;Italien;Europa ohne Deutschland;Ausland;3850;7693
2017;08;Niederlande;Europa ohne Deutschland;Ausland;4000;8862
2017;08;Österreich;Europa ohne Deutschland;Ausland;3947;8050
2017;08;Polen;Europa ohne Deutschland;Ausland;3241;6217
2017;08;Schweden;Europa ohne Deutschland;Ausland;918;1337
2017;08;Schweiz;Europa ohne Deutschland;Ausland;2948;7252
2017;08;Russland;Europa ohne Deutschland;Ausland;2297;4415
2017;08;Spanien;Europa ohne Deutschland;Ausland;2017;4565
2017;08;Tschechische Republik;Europa ohne Deutschland;Ausland;1747;2828
2017;08;Großbritannien;Europa ohne Deutschland;Ausland;2175;4670
2017;08;sonst.europäische Länder (o.13 Länder);Europa ohne Deutschland;Ausland;6326;11725
2017;08;afrikanische Länder;Sonst. Ausland;Ausland;165;375
2017;08;USA;Amerika;Ausland;3459;7165
2017;08;Kanada;Amerika;Ausland;560;1092
2017;08;amerik. Länder (o.USA, Kanada);Amerika;Ausland;1403;2927
2017;08;China;Asien;Ausland;4017;6087
2017;08;Japan;Asien;Ausland;1276;2501
2017;08;asiatische Länder (o.China, Japan);Asien;Ausland;3470;7606
2017;08;"Australien, Neuseeland u. Ozeanien    ";Sonst. Ausland;Ausland;826;1813
2017;08;Ausländer ohne Angabe;Sonst. Ausland;Ausland;1158;2840
2017;09;Deutschland;Deutschland;Deutschland;166762;342272
2017;09;Belgien;Europa ohne Deutschland;Ausland;798;1857
2017;09;Dänemark;Europa ohne Deutschland;Ausland;697;1486
2017;09;Frankreich;Europa ohne Deutschland;Ausland;1352;2944
2017;09;Italien;Europa ohne Deutschland;Ausland;1035;2247
2017;09;Niederlande;Europa ohne Deutschland;Ausland;1952;4432
2017;09;Österreich;Europa ohne Deutschland;Ausland;3115;7111
2017;09;Polen;Europa ohne Deutschland;Ausland;2452;5042
2017;09;Schweden;Europa ohne Deutschland;Ausland;642;1153
2017;09;Schweiz;Europa ohne Deutschland;Ausland;3476;8153
2017;09;Russland;Europa ohne Deutschland;Ausland;1428;2459
2017;09;Spanien;Europa ohne Deutschland;Ausland;1027;2401
2017;09;Tschechische Republik;Europa ohne Deutschland;Ausland;1925;2964
2017;09;Großbritannien;Europa ohne Deutschland;Ausland;2612;5521
2017;09;sonst.europäische Länder (o.13 Länder);Europa ohne Deutschland;Ausland;3806;7991
2017;09;afrikanische Länder;Sonst. Ausland;Ausland;224;560
2017;09;USA;Amerika;Ausland;4812;9664
2017;09;Kanada;Amerika;Ausland;772;1512
2017;09;amerik. Länder (o.USA, Kanada);Amerika;Ausland;2179;4182
2017;09;China;Asien;Ausland;3850;5781
2017;09;Japan;Asien;Ausland;1418;2821
2017;09;asiatische Länder (o.China, Japan);Asien;Ausland;3196;6070
2017;09;"Australien, Neuseeland u. Ozeanien    ";Sonst. Ausland;Ausland;880;1883
2017;09;Ausländer ohne Angabe;Sonst. Ausland;Ausland;1023;2327
2017;10;Deutschland;Deutschland;Deutschland;161757;358705
2017;10;Belgien;Europa ohne Deutschland;Ausland;656;1471
2017;10;Dänemark;Europa ohne Deutschland;Ausland;546;1231
2017;10;Frankreich;Europa ohne Deutschland;Ausland;911;2020
2017;10;Italien;Europa ohne Deutschland;Ausland;805;1565
2017;10;Niederlande;Europa ohne Deutschland;Ausland;1984;4290
2017;10;Österreich;Europa ohne Deutschland;Ausland;2903;6392
2017;10;Polen;Europa ohne Deutschland;Ausland;1830;5401
2017;10;Schweden;Europa ohne Deutschland;Ausland;455;1017
2017;10;Schweiz;Europa ohne Deutschland;Ausland;2985;7253
2017;10;Russland;Europa ohne Deutschland;Ausland;1941;3435
2017;10;Spanien;Europa ohne Deutschland;Ausland;796;1757
2017;10;Tschechische Republik;Europa ohne Deutschland;Ausland;1829;2792
2017;10;Großbritannien;Europa ohne Deutschland;Ausland;1915;4283
2017;10;sonst.europäische Länder (o.13 Länder);Europa ohne Deutschland;Ausland;3261;7261
2017;10;afrikanische Länder;Sonst. Ausland;Ausland;122;281
2017;10;USA;Amerika;Ausland;3826;7929
2017;10;Kanada;Amerika;Ausland;559;1122
2017;10;amerik. Länder (o.USA, Kanada);Amerika;Ausland;1599;3408
2017;10;China;Asien;Ausland;3455;4714
2017;10;Japan;Asien;Ausland;1266;2496
2017;10;asiatische Länder (o.China, Japan);Asien;Ausland;3411;5943
2017;10;"Australien, Neuseeland u. Ozeanien    ";Sonst. Ausland;Ausland;489;1093
2017;10;Ausländer ohne Angabe;Sonst. Ausland;Ausland;1113;3165
2017;11;Deutschland;Deutschland;Deutschland;128154;248441
2017;11;Belgien;Europa ohne Deutschland;Ausland;421;839
2017;11;Dänemark;Europa ohne Deutschland;Ausland;262;515
2017;11;Frankreich;Europa ohne Deutschland;Ausland;795;1999
2017;11;Italien;Europa ohne Deutschland;Ausland;911;1700
2017;11;Niederlande;Europa ohne Deutschland;Ausland;1092;2477
2017;11;Österreich;Europa ohne Deutschland;Ausland;1671;3561
2017;11;Polen;Europa ohne Deutschland;Ausland;1840;4164
2017;11;Schweden;Europa ohne Deutschland;Ausland;274;569
2017;11;Schweiz;Europa ohne Deutschland;Ausland;2033;4959
2017;11;Russland;Europa ohne Deutschland;Ausland;1695;3328
2017;11;Spanien;Europa ohne Deutschland;Ausland;622;1290
2017;11;Tschechische Republik;Europa ohne Deutschland;Ausland;2621;3723
2017;11;Großbritannien;Europa ohne Deutschland;Ausland;1444;2881
2017;11;sonst.europäische Länder (o.13 Länder);Europa ohne Deutschland;Ausland;3089;7366
2017;11;afrikanische Länder;Sonst. Ausland;Ausland;117;314
2017;11;USA;Amerika;Ausland;2430;5197
2017;11;Kanada;Amerika;Ausland;344;794
2017;11;amerik. Länder (o.USA, Kanada);Amerika;Ausland;937;2059
2017;11;China;Asien;Ausland;2164;2791
2017;11;Japan;Asien;Ausland;1005;1978
2017;11;asiatische Länder (o.China, Japan);Asien;Ausland;1793;3911
2017;11;"Australien, Neuseeland u. Ozeanien    ";Sonst. Ausland;Ausland;376;848
2017;11;Ausländer ohne Angabe;Sonst. Ausland;Ausland;781;1976
2017;12;Deutschland;Deutschland;Deutschland;188864;377521
2017;12;Belgien;Europa ohne Deutschland;Ausland;431;891
2017;12;Dänemark;Europa ohne Deutschland;Ausland;256;573
2017;12;Frankreich;Europa ohne Deutschland;Ausland;1007;2292
2017;12;Italien;Europa ohne Deutschland;Ausland;814;1914
2017;12;Niederlande;Europa ohne Deutschland;Ausland;1487;3257
2017;12;Österreich;Europa ohne Deutschland;Ausland;2336;5304
2017;12;Polen;Europa ohne Deutschland;Ausland;2121;4539
2017;12;Schweden;Europa ohne Deutschland;Ausland;308;707
2017;12;Schweiz;Europa ohne Deutschland;Ausland;3214;8146
2017;12;Russland;Europa ohne Deutschland;Ausland;2065;4092
2017;12;Spanien;Europa ohne Deutschland;Ausland;763;1910
2017;12;Tschechische Republik;Europa ohne Deutschland;Ausland;3074;4889
2017;12;Großbritannien;Europa ohne Deutschland;Ausland;1550;3703
2017;12;sonst.europäische Länder (o.13 Länder);Europa ohne Deutschland;Ausland;3879;9122
2017;12;afrikanische Länder;Sonst. Ausland;Ausland;180;396
2017;12;USA;Amerika;Ausland;3078;6726
2017;12;Kanada;Amerika;Ausland;297;643
2017;12;amerik. Länder (o.USA, Kanada);Amerika;Ausland;1253;3286
2017;12;China;Asien;Ausland;1246;1957
2017;12;Japan;Asien;Ausland;1780;3195
2017;12;asiatische Länder (o.China, Japan);Asien;Ausland;2375;4472
2017;12;"Australien, Neuseeland u. Ozeanien    ";Sonst. Ausland;Ausland;793;1695
2017;12;Ausländer ohne Angabe;Sonst. Ausland;Ausland;1001;2578
2018;01;Deutschland;Deutschland;Deutschland;97007;185077
2018;01;Belgien;Europa ohne Deutschland;Ausland;333;633
2018;01;Dänemark;Europa ohne Deutschland;Ausland;184;307
2018;01;Frankreich;Europa ohne Deutschland;Ausland;781;1574
2018;01;Italien;Europa ohne Deutschland;Ausland;728;1623
2018;01;Niederlande;Europa ohne Deutschland;Ausland;882;1712
2018;01;Österreich;Europa ohne Deutschland;Ausland;1413;3023
2018;01;Polen;Europa ohne Deutschland;Ausland;2722;5046
2018;01;Schweden;Europa ohne Deutschland;Ausland;245;487
2018;01;Schweiz;Europa ohne Deutschland;Ausland;1223;2685
2018;01;Russland;Europa ohne Deutschland;Ausland;3390;5990
2018;01;Spanien;Europa ohne Deutschland;Ausland;580;1183
2018;01;Tschechische Republik;Europa ohne Deutschland;Ausland;1106;1826
2018;01;Großbritannien;Europa ohne Deutschland;Ausland;1182;2451
2018;01;sonst.europäische Länder (o.13 Länder);Europa ohne Deutschland;Ausland;3281;6671
2018;01;afrikanische Länder;Sonst. Ausland;Ausland;142;299
2018;01;USA;Amerika;Ausland;1807;3764
2018;01;Kanada;Amerika;Ausland;184;338
2018;01;amerik. Länder (o.USA, Kanada);Amerika;Ausland;932;1960
2018;01;China;Asien;Ausland;971;1759
2018;01;Japan;Asien;Ausland;729;1591
2018;01;asiatische Länder (o.China, Japan);Asien;Ausland;1586;2864
2018;01;"Australien, Neuseeland u. Ozeanien    ";Sonst. Ausland;Ausland;325;614
2018;01;Ausländer ohne Angabe;Sonst. Ausland;Ausland;716;1336
2018;02;Deutschland;Deutschland;Deutschland;101354;193557
2018;02;Belgien;Europa ohne Deutschland;Ausland;301;543
2018;02;Dänemark;Europa ohne Deutschland;Ausland;251;481
2018;02;Frankreich;Europa ohne Deutschland;Ausland;830;1448
2018;02;Italien;Europa ohne Deutschland;Ausland;644;1432
2018;02;Niederlande;Europa ohne Deutschland;Ausland;1167;2377
2018;02;Österreich;Europa ohne Deutschland;Ausland;1236;2669
2018;02;Polen;Europa ohne Deutschland;Ausland;1857;3963
2018;02;Schweden;Europa ohne Deutschland;Ausland;168;366
2018;02;Schweiz;Europa ohne Deutschland;Ausland;1255;2996
2018;02;Russland;Europa ohne Deutschland;Ausland;980;1812
2018;02;Spanien;Europa ohne Deutschland;Ausland;457;893
2018;02;Tschechische Republik;Europa ohne Deutschland;Ausland;1380;2095
2018;02;Großbritannien;Europa ohne Deutschland;Ausland;1061;2226
2018;02;sonst.europäische Länder (o.13 Länder);Europa ohne Deutschland;Ausland;2404;4564
2018;02;afrikanische Länder;Sonst. Ausland;Ausland;134;261
2018;02;USA;Amerika;Ausland;1585;3949
2018;02;Kanada;Amerika;Ausland;186;315
2018;02;amerik. Länder (o.USA, Kanada);Amerika;Ausland;771;1642
2018;02;China;Asien;Ausland;1928;2534
2018;02;Japan;Asien;Ausland;650;1368
2018;02;asiatische Länder (o.China, Japan);Asien;Ausland;1308;3109
2018;02;"Australien, Neuseeland u. Ozeanien    ";Sonst. Ausland;Ausland;177;378
2018;02;Ausländer ohne Angabe;Sonst. Ausland;Ausland;744;1599
2018;03;Deutschland;Deutschland;Deutschland;143187;284323
2018;03;Belgien;Europa ohne Deutschland;Ausland;486;738
2018;03;Dänemark;Europa ohne Deutschland;Ausland;533;1270
2018;03;Frankreich;Europa ohne Deutschland;Ausland;973;2282
2018;03;Italien;Europa ohne Deutschland;Ausland;1282;2617
2018;03;Niederlande;Europa ohne Deutschland;Ausland;1158;2086
2018;03;Österreich;Europa ohne Deutschland;Ausland;2192;5584
2018;03;Polen;Europa ohne Deutschland;Ausland;1977;3689
2018;03;Schweden;Europa ohne Deutschland;Ausland;252;467
2018;03;Schweiz;Europa ohne Deutschland;Ausland;1860;4037
2018;03;Russland;Europa ohne Deutschland;Ausland;1687;3249
2018;03;Spanien;Europa ohne Deutschland;Ausland;644;1276
2018;03;Tschechische Republik;Europa ohne Deutschland;Ausland;1910;2969
2018;03;Großbritannien;Europa ohne Deutschland;Ausland;1341;2663
2018;03;sonst.europäische Länder (o.13 Länder);Europa ohne Deutschland;Ausland;3370;7001
2018;03;afrikanische Länder;Sonst. Ausland;Ausland;108;323
2018;03;USA;Amerika;Ausland;2334;5431
2018;03;Kanada;Amerika;Ausland;270;487
2018;03;amerik. Länder (o.USA, Kanada);Amerika;Ausland;1044;2526
2018;03;China;Asien;Ausland;2565;3587
2018;03;Japan;Asien;Ausland;1399;2416
2018;03;asiatische Länder (o.China, Japan);Asien;Ausland;1910;4187
2018;03;"Australien, Neuseeland u. Ozeanien    ";Sonst. Ausland;Ausland;149;326
2018;03;Ausländer ohne Angabe;Sonst. Ausland;Ausland;1209;2507
2018;04;Deutschland;Deutschland;Deutschland;141816;297769
2018;04;Belgien;Europa ohne Deutschland;Ausland;740;1461
2018;04;Dänemark;Europa ohne Deutschland;Ausland;553;1217
2018;04;Frankreich;Europa ohne Deutschland;Ausland;1214;2583
2018;04;Italien;Europa ohne Deutschland;Ausland;1418;2845
2018;04;Niederlande;Europa ohne Deutschland;Ausland;1706;3556
2018;04;Österreich;Europa ohne Deutschland;Ausland;2638;6081
2018;04;Polen;Europa ohne Deutschland;Ausland;2903;6217
2018;04;Schweden;Europa ohne Deutschland;Ausland;428;744
2018;04;Schweiz;Europa ohne Deutschland;Ausland;2592;6229
2018;04;Russland;Europa ohne Deutschland;Ausland;3063;5835
2018;04;Spanien;Europa ohne Deutschland;Ausland;716;1488
2018;04;Tschechische Republik;Europa ohne Deutschland;Ausland;1631;2641
2018;04;Großbritannien;Europa ohne Deutschland;Ausland;1956;4663
2018;04;sonst.europäische Länder (o.13 Länder);Europa ohne Deutschland;Ausland;3890;8132
2018;04;afrikanische Länder;Sonst. Ausland;Ausland;122;312
2018;04;USA;Amerika;Ausland;2437;5153
2018;04;Kanada;Amerika;Ausland;485;901
2018;04;amerik. Länder (o.USA, Kanada);Amerika;Ausland;1324;3196
2018;04;China;Asien;Ausland;2062;2710
2018;04;Japan;Asien;Ausland;838;1524
2018;04;asiatische Länder (o.China, Japan);Asien;Ausland;2004;4413
2018;04;"Australien, Neuseeland u. Ozeanien    ";Sonst. Ausland;Ausland;314;657
2018;04;Ausländer ohne Angabe;Sonst. Ausland;Ausland;1205;3016
2018;05;Deutschland;Deutschland;Deutschland;166664;352013
2018;05;Belgien;Europa ohne Deutschland;Ausland;952;2361
2018;05;Dänemark;Europa ohne Deutschland;Ausland;700;1690
2018;05;Frankreich;Europa ohne Deutschland;Ausland;1375;2875
2018;05;Italien;Europa ohne Deutschland;Ausland;976;1926
2018;05;Niederlande;Europa ohne Deutschland;Ausland;2769;5880
2018;05;Österreich;Europa ohne Deutschland;Ausland;3614;8300
2018;05;Polen;Europa ohne Deutschland;Ausland;3980;8875
2018;05;Schweden;Europa ohne Deutschland;Ausland;792;1389
2018;05;Schweiz;Europa ohne Deutschland;Ausland;3586;8932
2018;05;Russland;Europa ohne Deutschland;Ausland;2232;4388
2018;05;Spanien;Europa ohne Deutschland;Ausland;1085;2151
2018;05;Tschechische Republik;Europa ohne Deutschland;Ausland;1735;2919
2018;05;Großbritannien;Europa ohne Deutschland;Ausland;2159;4768
2018;05;sonst.europäische Länder (o.13 Länder);Europa ohne Deutschland;Ausland;4157;8707
2018;05;afrikanische Länder;Sonst. Ausland;Ausland;131;333
2018;05;USA;Amerika;Ausland;4184;8456
2018;05;Kanada;Amerika;Ausland;806;1592
2018;05;amerik. Länder (o.USA, Kanada);Amerika;Ausland;1653;3383
2018;05;China;Asien;Ausland;4377;5534
2018;05;Japan;Asien;Ausland;1521;2708
2018;05;asiatische Länder (o.China, Japan);Asien;Ausland;2357;4809
2018;05;"Australien, Neuseeland u. Ozeanien    ";Sonst. Ausland;Ausland;598;1290
2018;05;Ausländer ohne Angabe;Sonst. Ausland;Ausland;1655;4260
2018;06;Deutschland;Deutschland;Deutschland;159886;326508
2018;06;Belgien;Europa ohne Deutschland;Ausland;872;2261
2018;06;Dänemark;Europa ohne Deutschland;Ausland;717;1537
2018;06;Frankreich;Europa ohne Deutschland;Ausland;1795;3743
2018;06;Italien;Europa ohne Deutschland;Ausland;1081;2519
2018;06;Niederlande;Europa ohne Deutschland;Ausland;2972;7064
2018;06;Österreich;Europa ohne Deutschland;Ausland;3031;7222
2018;06;Polen;Europa ohne Deutschland;Ausland;2569;5652
2018;06;Schweden;Europa ohne Deutschland;Ausland;931;1340
2018;06;Schweiz;Europa ohne Deutschland;Ausland;3157;7685
2018;06;Russland;Europa ohne Deutschland;Ausland;1909;3519
2018;06;Spanien;Europa ohne Deutschland;Ausland;1282;3049
2018;06;Tschechische Republik;Europa ohne Deutschland;Ausland;1516;2516
2018;06;Großbritannien;Europa ohne Deutschland;Ausland;2112;4628
2018;06;sonst.europäische Länder (o.13 Länder);Europa ohne Deutschland;Ausland;4705;9353
2018;06;afrikanische Länder;Sonst. Ausland;Ausland;263;580
2018;06;USA;Amerika;Ausland;5355;11513
2018;06;Kanada;Amerika;Ausland;672;1404
2018;06;amerik. Länder (o.USA, Kanada);Amerika;Ausland;1665;3655
2018;06;China;Asien;Ausland;4059;5720
2018;06;Japan;Asien;Ausland;1208;2685
2018;06;asiatische Länder (o.China, Japan);Asien;Ausland;3153;6247
2018;06;"Australien, Neuseeland u. Ozeanien    ";Sonst. Ausland;Ausland;955;1983
2018;06;Ausländer ohne Angabe;Sonst. Ausland;Ausland;1853;3928
2018;07;Deutschland;Deutschland;Deutschland;142334;304996
2018;07;Belgien;Europa ohne Deutschland;Ausland;1326;2706
2018;07;Dänemark;Europa ohne Deutschland;Ausland;2651;4930
2018;07;Frankreich;Europa ohne Deutschland;Ausland;2005;4477
2018;07;Italien;Europa ohne Deutschland;Ausland;1634;3464
2018;07;Niederlande;Europa ohne Deutschland;Ausland;4068;8931
2018;07;Österreich;Europa ohne Deutschland;Ausland;3647;7573
2018;07;Polen;Europa ohne Deutschland;Ausland;3453;7114
2018;07;Schweden;Europa ohne Deutschland;Ausland;1848;2701
2018;07;Schweiz;Europa ohne Deutschland;Ausland;3520;7998
2018;07;Russland;Europa ohne Deutschland;Ausland;2813;5081
2018;07;Spanien;Europa ohne Deutschland;Ausland;1995;3963
2018;07;Tschechische Republik;Europa ohne Deutschland;Ausland;2312;3869
2018;07;Großbritannien;Europa ohne Deutschland;Ausland;2304;4951
2018;07;sonst.europäische Länder (o.13 Länder);Europa ohne Deutschland;Ausland;7077;12292
2018;07;afrikanische Länder;Sonst. Ausland;Ausland;268;600
2018;07;USA;Amerika;Ausland;4647;9911
2018;07;Kanada;Amerika;Ausland;694;1382
2018;07;amerik. Länder (o.USA, Kanada);Amerika;Ausland;1770;3749
2018;07;China;Asien;Ausland;3619;5306
2018;07;Japan;Asien;Ausland;1129;2126
2018;07;asiatische Länder (o.China, Japan);Asien;Ausland;3759;7368
2018;07;"Australien, Neuseeland u. Ozeanien    ";Sonst. Ausland;Ausland;1017;2037
2018;07;Ausländer ohne Angabe;Sonst. Ausland;Ausland;992;2034
2018;08;Deutschland;Deutschland;Deutschland;178870;365150
2018;08;Belgien;Europa ohne Deutschland;Ausland;1176;2466
2018;08;Dänemark;Europa ohne Deutschland;Ausland;893;1924
2018;08;Frankreich;Europa ohne Deutschland;Ausland;1867;4127
2018;08;Italien;Europa ohne Deutschland;Ausland;4221;8539
2018;08;Niederlande;Europa ohne Deutschland;Ausland;3444;7711
2018;08;Österreich;Europa ohne Deutschland;Ausland;4276;8852
2018;08;Polen;Europa ohne Deutschland;Ausland;3370;7405
2018;08;Schweden;Europa ohne Deutschland;Ausland;1139;1749
2018;08;Schweiz;Europa ohne Deutschland;Ausland;3115;7522
2018;08;Russland;Europa ohne Deutschland;Ausland;2357;4653
2018;08;Spanien;Europa ohne Deutschland;Ausland;2460;4972
2018;08;Tschechische Republik;Europa ohne Deutschland;Ausland;1974;3266
2018;08;Großbritannien;Europa ohne Deutschland;Ausland;2399;5126
2018;08;sonst.europäische Länder (o.13 Länder);Europa ohne Deutschland;Ausland;5806;11230
2018;08;afrikanische Länder;Sonst. Ausland;Ausland;156;516
2018;08;USA;Amerika;Ausland;3753;7668
2018;08;Kanada;Amerika;Ausland;541;1027
2018;08;amerik. Länder (o.USA, Kanada);Amerika;Ausland;1212;2833
2018;08;China;Asien;Ausland;3791;5838
2018;08;Japan;Asien;Ausland;1615;2816
2018;08;asiatische Länder (o.China, Japan);Asien;Ausland;3109;6307
2018;08;"Australien, Neuseeland u. Ozeanien    ";Sonst. Ausland;Ausland;850;1722
2018;08;Ausländer ohne Angabe;Sonst. Ausland;Ausland;1420;3544
2018;09;Deutschland;Deutschland;Deutschland;164348;347748
2018;09;Belgien;Europa ohne Deutschland;Ausland;791;2025
2018;09;Dänemark;Europa ohne Deutschland;Ausland;491;1148
2018;09;Frankreich;Europa ohne Deutschland;Ausland;1342;2733
2018;09;Italien;Europa ohne Deutschland;Ausland;1046;2269
2018;09;Niederlande;Europa ohne Deutschland;Ausland;2051;4665
2018;09;Österreich;Europa ohne Deutschland;Ausland;2588;6287
2018;09;Polen;Europa ohne Deutschland;Ausland;2379;5176
2018;09;Schweden;Europa ohne Deutschland;Ausland;728;1356
2018;09;Schweiz;Europa ohne Deutschland;Ausland;2970;7481
2018;09;Russland;Europa ohne Deutschland;Ausland;1687;3775
2018;09;Spanien;Europa ohne Deutschland;Ausland;1367;2953
2018;09;Tschechische Republik;Europa ohne Deutschland;Ausland;1894;3097
2018;09;Großbritannien;Europa ohne Deutschland;Ausland;2155;4902
2018;09;sonst.europäische Länder (o.13 Länder);Europa ohne Deutschland;Ausland;4007;8383
2018;09;afrikanische Länder;Sonst. Ausland;Ausland;171;367
2018;09;USA;Amerika;Ausland;4529;9254
2018;09;Kanada;Amerika;Ausland;788;1594
2018;09;amerik. Länder (o.USA, Kanada);Amerika;Ausland;1614;3292
2018;09;China;Asien;Ausland;4129;5540
2018;09;Japan;Asien;Ausland;1793;3427
2018;09;asiatische Länder (o.China, Japan);Asien;Ausland;2818;5112
2018;09;"Australien, Neuseeland u. Ozeanien    ";Sonst. Ausland;Ausland;884;1914
2018;09;Ausländer ohne Angabe;Sonst. Ausland;Ausland;995;2376
2018;10;Deutschland;Deutschland;Deutschland;156267;339528
2018;10;Belgien;Europa ohne Deutschland;Ausland;601;1482
2018;10;Dänemark;Europa ohne Deutschland;Ausland;613;1243
2018;10;Frankreich;Europa ohne Deutschland;Ausland;1130;2714
2018;10;Italien;Europa ohne Deutschland;Ausland;833;1730
2018;10;Niederlande;Europa ohne Deutschland;Ausland;2053;4381
2018;10;Österreich;Europa ohne Deutschland;Ausland;2658;6171
2018;10;Polen;Europa ohne Deutschland;Ausland;2170;4718
2018;10;Schweden;Europa ohne Deutschland;Ausland;393;1015
2018;10;Schweiz;Europa ohne Deutschland;Ausland;2659;6994
2018;10;Russland;Europa ohne Deutschland;Ausland;1918;3974
2018;10;Spanien;Europa ohne Deutschland;Ausland;1024;2359
2018;10;Tschechische Republik;Europa ohne Deutschland;Ausland;2121;3561
2018;10;Großbritannien;Europa ohne Deutschland;Ausland;1536;3186
2018;10;sonst.europäische Länder (o.13 Länder);Europa ohne Deutschland;Ausland;4366;9100
2018;10;afrikanische Länder;Sonst. Ausland;Ausland;235;523
2018;10;USA;Amerika;Ausland;3722;7840
2018;10;Kanada;Amerika;Ausland;423;959
2018;10;amerik. Länder (o.USA, Kanada);Amerika;Ausland;1162;2735
2018;10;China;Asien;Ausland;3418;4788
2018;10;Japan;Asien;Ausland;1194;2213
2018;10;asiatische Länder (o.China, Japan);Asien;Ausland;3042;6294
2018;10;"Australien, Neuseeland u. Ozeanien    ";Sonst. Ausland;Ausland;606;1308
2018;10;Ausländer ohne Angabe;Sonst. Ausland;Ausland;825;2116
2018;11;Deutschland;Deutschland;Deutschland;138130;261312
2018;11;Belgien;Europa ohne Deutschland;Ausland;437;962
2018;11;Dänemark;Europa ohne Deutschland;Ausland;277;538
2018;11;Frankreich;Europa ohne Deutschland;Ausland;756;2360
2018;11;Italien;Europa ohne Deutschland;Ausland;875;1902
2018;11;Niederlande;Europa ohne Deutschland;Ausland;1056;2194
2018;11;Österreich;Europa ohne Deutschland;Ausland;1785;3818
2018;11;Polen;Europa ohne Deutschland;Ausland;2258;5545
2018;11;Schweden;Europa ohne Deutschland;Ausland;286;632
2018;11;Schweiz;Europa ohne Deutschland;Ausland;1869;4093
2018;11;Russland;Europa ohne Deutschland;Ausland;1856;3627
2018;11;Spanien;Europa ohne Deutschland;Ausland;817;1728
2018;11;Tschechische Republik;Europa ohne Deutschland;Ausland;2310;3614
2018;11;Großbritannien;Europa ohne Deutschland;Ausland;1004;1885
2018;11;sonst.europäische Länder (o.13 Länder);Europa ohne Deutschland;Ausland;3307;6923
2018;11;afrikanische Länder;Sonst. Ausland;Ausland;136;343
2018;11;USA;Amerika;Ausland;2599;5379
2018;11;Kanada;Amerika;Ausland;310;650
2018;11;amerik. Länder (o.USA, Kanada);Amerika;Ausland;826;1917
2018;11;China;Asien;Ausland;2366;3165
2018;11;Japan;Asien;Ausland;1014;1971
2018;11;asiatische Länder (o.China, Japan);Asien;Ausland;1819;4259
2018;11;"Australien, Neuseeland u. Ozeanien    ";Sonst. Ausland;Ausland;332;734
2018;11;Ausländer ohne Angabe;Sonst. Ausland;Ausland;873;1745
2018;12;Deutschland;Deutschland;Deutschland;184064;377070
2018;12;Belgien;Europa ohne Deutschland;Ausland;394;813
2018;12;Dänemark;Europa ohne Deutschland;Ausland;369;867
2018;12;Frankreich;Europa ohne Deutschland;Ausland;1079;2449
2018;12;Italien;Europa ohne Deutschland;Ausland;959;2192
2018;12;Niederlande;Europa ohne Deutschland;Ausland;1438;3485
2018;12;Österreich;Europa ohne Deutschland;Ausland;2358;5916
2018;12;Polen;Europa ohne Deutschland;Ausland;2699;5644
2018;12;Schweden;Europa ohne Deutschland;Ausland;350;760
2018;12;Schweiz;Europa ohne Deutschland;Ausland;3414;8684
2018;12;Russland;Europa ohne Deutschland;Ausland;2284;4773
2018;12;Spanien;Europa ohne Deutschland;Ausland;1090;2915
2018;12;Tschechische Republik;Europa ohne Deutschland;Ausland;3697;5616
2018;12;Großbritannien;Europa ohne Deutschland;Ausland;1712;3821
2018;12;sonst.europäische Länder (o.13 Länder);Europa ohne Deutschland;Ausland;3983;9095
2018;12;afrikanische Länder;Sonst. Ausland;Ausland;148;281
2018;12;USA;Amerika;Ausland;3914;9036
2018;12;Kanada;Amerika;Ausland;281;569
2018;12;amerik. Länder (o.USA, Kanada);Amerika;Ausland;897;2220
2018;12;China;Asien;Ausland;1472;2246
2018;12;Japan;Asien;Ausland;2174;3936
2018;12;asiatische Länder (o.China, Japan);Asien;Ausland;2390;4486
2018;12;"Australien, Neuseeland u. Ozeanien    ";Sonst. Ausland;Ausland;786;1633
2018;12;Ausländer ohne Angabe;Sonst. Ausland;Ausland;1041;2076
2019;01;Deutschland;Deutschland;Deutschland;90141;171939
2019;01;Belgien;Europa ohne Deutschland;Ausland;251;525
2019;01;Dänemark;Europa ohne Deutschland;Ausland;122;230
2019;01;Frankreich;Europa ohne Deutschland;Ausland;602;1354
2019;01;Italien;Europa ohne Deutschland;Ausland;587;1413
2019;01;Niederlande;Europa ohne Deutschland;Ausland;889;1574
2019;01;Österreich;Europa ohne Deutschland;Ausland;1206;2757
2019;01;Polen;Europa ohne Deutschland;Ausland;2024;3919
2019;01;Schweden;Europa ohne Deutschland;Ausland;216;502
2019;01;Schweiz;Europa ohne Deutschland;Ausland;1011;2225
2019;01;Russland;Europa ohne Deutschland;Ausland;3344;6621
2019;01;Spanien;Europa ohne Deutschland;Ausland;834;1969
2019;01;Tschechische Republik;Europa ohne Deutschland;Ausland;1301;2243
2019;01;Großbritannien;Europa ohne Deutschland;Ausland;715;1618
2019;01;sonst.europäische Länder (o.13 Länder);Europa ohne Deutschland;Ausland;2957;5869
2019;01;afrikanische Länder;Sonst. Ausland;Ausland;127;278
2019;01;USA;Amerika;Ausland;1338;2705
2019;01;Kanada;Amerika;Ausland;170;489
2019;01;amerik. Länder (o.USA, Kanada);Amerika;Ausland;575;1336
2019;01;China;Asien;Ausland;1357;1970
2019;01;Japan;Asien;Ausland;674;1425
2019;01;asiatische Länder (o.China, Japan);Asien;Ausland;1585;3138
2019;01;"Australien, Neuseeland u. Ozeanien    ";Sonst. Ausland;Ausland;363;728
2019;01;Ausländer ohne Angabe;Sonst. Ausland;Ausland;939;1528
2019;02;Deutschland;Deutschland;Deutschland;95983;181189
2019;02;Belgien;Europa ohne Deutschland;Ausland;274;572
2019;02;Dänemark;Europa ohne Deutschland;Ausland;180;337
2019;02;Frankreich;Europa ohne Deutschland;Ausland;660;1320
2019;02;Italien;Europa ohne Deutschland;Ausland;629;1314
2019;02;Niederlande;Europa ohne Deutschland;Ausland;1345;2520
2019;02;Österreich;Europa ohne Deutschland;Ausland;1390;3030
2019;02;Polen;Europa ohne Deutschland;Ausland;2448;4378
2019;02;Schweden;Europa ohne Deutschland;Ausland;163;285
2019;02;Schweiz;Europa ohne Deutschland;Ausland;951;1897
2019;02;Russland;Europa ohne Deutschland;Ausland;1192;2176
2019;02;Spanien;Europa ohne Deutschland;Ausland;703;1584
2019;02;Tschechische Republik;Europa ohne Deutschland;Ausland;1473;2257
2019;02;Großbritannien;Europa ohne Deutschland;Ausland;873;1675
2019;02;sonst.europäische Länder (o.13 Länder);Europa ohne Deutschland;Ausland;2426;5327
2019;02;afrikanische Länder;Sonst. Ausland;Ausland;76;125
2019;02;USA;Amerika;Ausland;1419;3491
2019;02;Kanada;Amerika;Ausland;132;311
2019;02;amerik. Länder (o.USA, Kanada);Amerika;Ausland;552;1127
2019;02;China;Asien;Ausland;1368;1955
2019;02;Japan;Asien;Ausland;592;1227
2019;02;asiatische Länder (o.China, Japan);Asien;Ausland;1413;2903
2019;02;"Australien, Neuseeland u. Ozeanien    ";Sonst. Ausland;Ausland;125;252
2019;02;Ausländer ohne Angabe;Sonst. Ausland;Ausland;778;1279
2019;03;Deutschland;Deutschland;Deutschland;131883;260614
2019;03;Belgien;Europa ohne Deutschland;Ausland;381;769
2019;03;Dänemark;Europa ohne Deutschland;Ausland;395;926
2019;03;Frankreich;Europa ohne Deutschland;Ausland;797;2170
2019;03;Italien;Europa ohne Deutschland;Ausland;801;1799
2019;03;Niederlande;Europa ohne Deutschland;Ausland;1332;2610
2019;03;Österreich;Europa ohne Deutschland;Ausland;1718;3911
2019;03;Polen;Europa ohne Deutschland;Ausland;2219;4083
2019;03;Schweden;Europa ohne Deutschland;Ausland;215;417
2019;03;Schweiz;Europa ohne Deutschland;Ausland;1557;3404
2019;03;Russland;Europa ohne Deutschland;Ausland;1736;3565
2019;03;Spanien;Europa ohne Deutschland;Ausland;908;2233
2019;03;Tschechische Republik;Europa ohne Deutschland;Ausland;1575;2599
2019;03;Großbritannien;Europa ohne Deutschland;Ausland;854;1743
2019;03;sonst.europäische Länder (o.13 Länder);Europa ohne Deutschland;Ausland;3255;7116
2019;03;afrikanische Länder;Sonst. Ausland;Ausland;84;229
2019;03;USA;Amerika;Ausland;1992;4570
2019;03;Kanada;Amerika;Ausland;344;678
2019;03;amerik. Länder (o.USA, Kanada);Amerika;Ausland;465;1043
2019;03;China;Asien;Ausland;2286;3186
2019;03;Japan;Asien;Ausland;797;1488
2019;03;asiatische Länder (o.China, Japan);Asien;Ausland;1966;4027
2019;03;"Australien, Neuseeland u. Ozeanien    ";Sonst. Ausland;Ausland;163;337
2019;03;Ausländer ohne Angabe;Sonst. Ausland;Ausland;887;1583
2019;04;Deutschland;Deutschland;Deutschland;146311;312527
2019;04;Belgien;Europa ohne Deutschland;Ausland;760;1372
2019;04;Dänemark;Europa ohne Deutschland;Ausland;582;1317
2019;04;Frankreich;Europa ohne Deutschland;Ausland;1233;2561
2019;04;Italien;Europa ohne Deutschland;Ausland;1295;2661
2019;04;Niederlande;Europa ohne Deutschland;Ausland;1920;4121
2019;04;Österreich;Europa ohne Deutschland;Ausland;2352;6131
2019;04;Polen;Europa ohne Deutschland;Ausland;2895;5497
2019;04;Schweden;Europa ohne Deutschland;Ausland;317;592
2019;04;Schweiz;Europa ohne Deutschland;Ausland;2541;5971
2019;04;Russland;Europa ohne Deutschland;Ausland;3108;6089
2019;04;Spanien;Europa ohne Deutschland;Ausland;1081;2504
2019;04;Tschechische Republik;Europa ohne Deutschland;Ausland;2198;3747
2019;04;Großbritannien;Europa ohne Deutschland;Ausland;1503;3213
2019;04;sonst.europäische Länder (o.13 Länder);Europa ohne Deutschland;Ausland;4306;9240
2019;04;afrikanische Länder;Sonst. Ausland;Ausland;109;239
2019;04;USA;Amerika;Ausland;2120;4894
2019;04;Kanada;Amerika;Ausland;464;881
2019;04;amerik. Länder (o.USA, Kanada);Amerika;Ausland;781;1732
2019;04;China;Asien;Ausland;2485;3618
2019;04;Japan;Asien;Ausland;749;1439
2019;04;asiatische Länder (o.China, Japan);Asien;Ausland;2432;4840
2019;04;"Australien, Neuseeland u. Ozeanien    ";Sonst. Ausland;Ausland;404;783
2019;04;Ausländer ohne Angabe;Sonst. Ausland;Ausland;811;1404
2019;05;Deutschland;Deutschland;Deutschland;170271;351985
2019;05;Belgien;Europa ohne Deutschland;Ausland;863;1984
2019;05;Dänemark;Europa ohne Deutschland;Ausland;613;1361
2019;05;Frankreich;Europa ohne Deutschland;Ausland;1242;2693
2019;05;Italien;Europa ohne Deutschland;Ausland;978;2159
2019;05;Niederlande;Europa ohne Deutschland;Ausland;2282;5072
2019;05;Österreich;Europa ohne Deutschland;Ausland;2964;7338
2019;05;Polen;Europa ohne Deutschland;Ausland;4204;8678
2019;05;Schweden;Europa ohne Deutschland;Ausland;577;1045
2019;05;Schweiz;Europa ohne Deutschland;Ausland;3863;10067
2019;05;Russland;Europa ohne Deutschland;Ausland;2742;5313
2019;05;Spanien;Europa ohne Deutschland;Ausland;1337;3059
2019;05;Tschechische Republik;Europa ohne Deutschland;Ausland;1717;2632
2019;05;Großbritannien;Europa ohne Deutschland;Ausland;2061;4088
2019;05;sonst.europäische Länder (o.13 Länder);Europa ohne Deutschland;Ausland;4148;9326
2019;05;afrikanische Länder;Sonst. Ausland;Ausland;123;298
2019;05;USA;Amerika;Ausland;3981;8228
2019;05;Kanada;Amerika;Ausland;655;1186
2019;05;amerik. Länder (o.USA, Kanada);Amerika;Ausland;1072;2296
2019;05;China;Asien;Ausland;3335;4419
2019;05;Japan;Asien;Ausland;1178;2320
2019;05;asiatische Länder (o.China, Japan);Asien;Ausland;2636;5441
2019;05;"Australien, Neuseeland u. Ozeanien    ";Sonst. Ausland;Ausland;574;1250
2019;05;Ausländer ohne Angabe;Sonst. Ausland;Ausland;1280;2404
2019;06;Deutschland;Deutschland;Deutschland;166475;342013
2019;06;Belgien;Europa ohne Deutschland;Ausland;1047;2581
2019;06;Dänemark;Europa ohne Deutschland;Ausland;530;1039
2019;06;Frankreich;Europa ohne Deutschland;Ausland;1558;3590
2019;06;Italien;Europa ohne Deutschland;Ausland;1134;2553
2019;06;Niederlande;Europa ohne Deutschland;Ausland;2528;6100
2019;06;Österreich;Europa ohne Deutschland;Ausland;3122;7111
2019;06;Polen;Europa ohne Deutschland;Ausland;3291;6944
2019;06;Schweden;Europa ohne Deutschland;Ausland;932;1488
2019;06;Schweiz;Europa ohne Deutschland;Ausland;3240;7782
2019;06;Russland;Europa ohne Deutschland;Ausland;1828;3419
2019;06;Spanien;Europa ohne Deutschland;Ausland;1315;3010
2019;06;Tschechische Republik;Europa ohne Deutschland;Ausland;1631;2427
2019;06;Großbritannien;Europa ohne Deutschland;Ausland;2665;6217
2019;06;sonst.europäische Länder (o.13 Länder);Europa ohne Deutschland;Ausland;4892;10327
2019;06;afrikanische Länder;Sonst. Ausland;Ausland;173;480
2019;06;USA;Amerika;Ausland;4772;10182
2019;06;Kanada;Amerika;Ausland;714;1561
2019;06;amerik. Länder (o.USA, Kanada);Amerika;Ausland;1242;2401
2019;06;China;Asien;Ausland;3616;5384
2019;06;Japan;Asien;Ausland;1222;2414
2019;06;asiatische Länder (o.China, Japan);Asien;Ausland;2953;6015
2019;06;"Australien, Neuseeland u. Ozeanien    ";Sonst. Ausland;Ausland;846;1805
2019;06;Ausländer ohne Angabe;Sonst. Ausland;Ausland;1343;2417
2019;07;Deutschland;Deutschland;Deutschland;156901;321408
2019;07;Belgien;Europa ohne Deutschland;Ausland;1612;3260
2019;07;Dänemark;Europa ohne Deutschland;Ausland;2671;5000
2019;07;Frankreich;Europa ohne Deutschland;Ausland;2391;5313
2019;07;Italien;Europa ohne Deutschland;Ausland;1894;3625
2019;07;Niederlande;Europa ohne Deutschland;Ausland;4148;8639
2019;07;Österreich;Europa ohne Deutschland;Ausland;3415;6795
2019;07;Polen;Europa ohne Deutschland;Ausland;4269;8658
2019;07;Schweden;Europa ohne Deutschland;Ausland;2127;3002
2019;07;Schweiz;Europa ohne Deutschland;Ausland;3467;7543
2019;07;Russland;Europa ohne Deutschland;Ausland;3041;5055
2019;07;Spanien;Europa ohne Deutschland;Ausland;3070;6442
2019;07;Tschechische Republik;Europa ohne Deutschland;Ausland;2362;3730
2019;07;Großbritannien;Europa ohne Deutschland;Ausland;2135;4374
2019;07;sonst.europäische Länder (o.13 Länder);Europa ohne Deutschland;Ausland;7606;14766
2019;07;afrikanische Länder;Sonst. Ausland;Ausland;152;339
2019;07;USA;Amerika;Ausland;4620;9673
2019;07;Kanada;Amerika;Ausland;792;1593
2019;07;amerik. Länder (o.USA, Kanada);Amerika;Ausland;1333;2480
2019;07;China;Asien;Ausland;3413;5541
2019;07;Japan;Asien;Ausland;1410;2798
2019;07;asiatische Länder (o.China, Japan);Asien;Ausland;3967;7680
2019;07;"Australien, Neuseeland u. Ozeanien    ";Sonst. Ausland;Ausland;740;2115
2019;07;Ausländer ohne Angabe;Sonst. Ausland;Ausland;1652;3133
2019;08;Deutschland;Deutschland;Deutschland;191456;388136
2019;08;Belgien;Europa ohne Deutschland;Ausland;1439;3784
2019;08;Dänemark;Europa ohne Deutschland;Ausland;832;1603
2019;08;Frankreich;Europa ohne Deutschland;Ausland;2027;4033
2019;08;Italien;Europa ohne Deutschland;Ausland;4092;7790
2019;08;Niederlande;Europa ohne Deutschland;Ausland;3639;7812
2019;08;Österreich;Europa ohne Deutschland;Ausland;4144;9194
2019;08;Polen;Europa ohne Deutschland;Ausland;4361;8151
2019;08;Schweden;Europa ohne Deutschland;Ausland;1026;1601
2019;08;Schweiz;Europa ohne Deutschland;Ausland;2985;6549
2019;08;Russland;Europa ohne Deutschland;Ausland;2809;4959
2019;08;Spanien;Europa ohne Deutschland;Ausland;2957;6385
2019;08;Tschechische Republik;Europa ohne Deutschland;Ausland;2277;3812
2019;08;Großbritannien;Europa ohne Deutschland;Ausland;2182;4558
2019;08;sonst.europäische Länder (o.13 Länder);Europa ohne Deutschland;Ausland;7212;12905
2019;08;afrikanische Länder;Sonst. Ausland;Ausland;148;297
2019;08;USA;Amerika;Ausland;3661;7417
2019;08;Kanada;Amerika;Ausland;557;1135
2019;08;amerik. Länder (o.USA, Kanada);Amerika;Ausland;845;1672
2019;08;China;Asien;Ausland;2901;5149
2019;08;Japan;Asien;Ausland;1437;2850
2019;08;asiatische Länder (o.China, Japan);Asien;Ausland;2891;6061
2019;08;"Australien, Neuseeland u. Ozeanien    ";Sonst. Ausland;Ausland;818;1795
2019;08;Ausländer ohne Angabe;Sonst. Ausland;Ausland;1788;3170
2019;09;Deutschland;Deutschland;Deutschland;170790;352270
2019;09;Belgien;Europa ohne Deutschland;Ausland;896;1998
2019;09;Dänemark;Europa ohne Deutschland;Ausland;633;1731
2019;09;Frankreich;Europa ohne Deutschland;Ausland;1345;3259
2019;09;Italien;Europa ohne Deutschland;Ausland;913;2201
2019;09;Niederlande;Europa ohne Deutschland;Ausland;2105;4848
2019;09;Österreich;Europa ohne Deutschland;Ausland;2880;6785
2019;09;Polen;Europa ohne Deutschland;Ausland;2810;6436
2019;09;Schweden;Europa ohne Deutschland;Ausland;716;1194
2019;09;Schweiz;Europa ohne Deutschland;Ausland;3234;7899
2019;09;Russland;Europa ohne Deutschland;Ausland;1734;3403
2019;09;Spanien;Europa ohne Deutschland;Ausland;1568;3593
2019;09;Tschechische Republik;Europa ohne Deutschland;Ausland;1528;2553
2019;09;Großbritannien;Europa ohne Deutschland;Ausland;2340;4909
2019;09;sonst.europäische Länder (o.13 Länder);Europa ohne Deutschland;Ausland;3912;8845
2019;09;afrikanische Länder;Sonst. Ausland;Ausland;199;449
2019;09;USA;Amerika;Ausland;4343;9047
2019;09;Kanada;Amerika;Ausland;717;1523
2019;09;amerik. Länder (o.USA, Kanada);Amerika;Ausland;1450;2686
2019;09;China;Asien;Ausland;3289;5403
2019;09;Japan;Asien;Ausland;1440;3333
2019;09;asiatische Länder (o.China, Japan);Asien;Ausland;2321;4821
2019;09;"Australien, Neuseeland u. Ozeanien    ";Sonst. Ausland;Ausland;902;1963
2019;09;Ausländer ohne Angabe;Sonst. Ausland;Ausland;980;2057
2019;10;Deutschland;Deutschland;Deutschland;171855;370781
2019;10;Belgien;Europa ohne Deutschland;Ausland;663;1473
2019;10;Dänemark;Europa ohne Deutschland;Ausland;581;1550
2019;10;Frankreich;Europa ohne Deutschland;Ausland;1108;2724
2019;10;Italien;Europa ohne Deutschland;Ausland;888;2021
2019;10;Niederlande;Europa ohne Deutschland;Ausland;1955;4937
2019;10;Österreich;Europa ohne Deutschland;Ausland;2349;5878
2019;10;Polen;Europa ohne Deutschland;Ausland;2295;5667
2019;10;Schweden;Europa ohne Deutschland;Ausland;683;1221
2019;10;Schweiz;Europa ohne Deutschland;Ausland;2646;6384
2019;10;Russland;Europa ohne Deutschland;Ausland;2033;3746
2019;10;Spanien;Europa ohne Deutschland;Ausland;1428;3452
2019;10;Tschechische Republik;Europa ohne Deutschland;Ausland;3006;4870
2019;10;Großbritannien;Europa ohne Deutschland;Ausland;1745;3812
2019;10;sonst.europäische Länder (o.13 Länder);Europa ohne Deutschland;Ausland;3939;8151
2019;10;afrikanische Länder;Sonst. Ausland;Ausland;193;436
2019;10;USA;Amerika;Ausland;3926;8772
2019;10;Kanada;Amerika;Ausland;502;965
2019;10;amerik. Länder (o.USA, Kanada);Amerika;Ausland;1119;2404
2019;10;China;Asien;Ausland;3743;5800
2019;10;Japan;Asien;Ausland;1005;1850
2019;10;asiatische Länder (o.China, Japan);Asien;Ausland;2657;5257
2019;10;"Australien, Neuseeland u. Ozeanien    ";Sonst. Ausland;Ausland;534;1109
2019;10;Ausländer ohne Angabe;Sonst. Ausland;Ausland;1035;2444
2019;11;Deutschland;Deutschland;Deutschland;147807;285142
2019;11;Belgien;Europa ohne Deutschland;Ausland;476;920
2019;11;Dänemark;Europa ohne Deutschland;Ausland;237;535
2019;11;Frankreich;Europa ohne Deutschland;Ausland;775;1571
2019;11;Italien;Europa ohne Deutschland;Ausland;795;1615
2019;11;Niederlande;Europa ohne Deutschland;Ausland;1090;2208
2019;11;Österreich;Europa ohne Deutschland;Ausland;1906;4729
2019;11;Polen;Europa ohne Deutschland;Ausland;2472;5509
2019;11;Schweden;Europa ohne Deutschland;Ausland;297;683
2019;11;Schweiz;Europa ohne Deutschland;Ausland;1858;4200
2019;11;Russland;Europa ohne Deutschland;Ausland;1681;3431
2019;11;Spanien;Europa ohne Deutschland;Ausland;1260;2638
2019;11;Tschechische Republik;Europa ohne Deutschland;Ausland;2395;3753
2019;11;Großbritannien;Europa ohne Deutschland;Ausland;1450;3039
2019;11;sonst.europäische Länder (o.13 Länder);Europa ohne Deutschland;Ausland;3652;7779
2019;11;afrikanische Länder;Sonst. Ausland;Ausland;144;469
2019;11;USA;Amerika;Ausland;2784;5872
2019;11;Kanada;Amerika;Ausland;333;561
2019;11;amerik. Länder (o.USA, Kanada);Amerika;Ausland;553;1021
2019;11;China;Asien;Ausland;1949;2894
2019;11;Japan;Asien;Ausland;1042;1982
2019;11;asiatische Länder (o.China, Japan);Asien;Ausland;1782;3527
2019;11;"Australien, Neuseeland u. Ozeanien    ";Sonst. Ausland;Ausland;401;828
2019;11;Ausländer ohne Angabe;Sonst. Ausland;Ausland;805;1717
2019;12;Deutschland;Deutschland;Deutschland;204709;406901
2019;12;Belgien;Europa ohne Deutschland;Ausland;543;1067
2019;12;Dänemark;Europa ohne Deutschland;Ausland;316;747
2019;12;Frankreich;Europa ohne Deutschland;Ausland;976;2184
2019;12;Italien;Europa ohne Deutschland;Ausland;1077;2348
2019;12;Niederlande;Europa ohne Deutschland;Ausland;1686;3798
2019;12;Österreich;Europa ohne Deutschland;Ausland;2151;5033
2019;12;Polen;Europa ohne Deutschland;Ausland;3364;6257
2019;12;Schweden;Europa ohne Deutschland;Ausland;557;976
2019;12;Schweiz;Europa ohne Deutschland;Ausland;3272;7827
2019;12;Russland;Europa ohne Deutschland;Ausland;2540;5233
2019;12;Spanien;Europa ohne Deutschland;Ausland;1443;3810
2019;12;Tschechische Republik;Europa ohne Deutschland;Ausland;4195;6098
2019;12;Großbritannien;Europa ohne Deutschland;Ausland;1956;4204
2019;12;sonst.europäische Länder (o.13 Länder);Europa ohne Deutschland;Ausland;4267;8813
2019;12;afrikanische Länder;Sonst. Ausland;Ausland;253;561
2019;12;USA;Amerika;Ausland;4339;9289
2019;12;Kanada;Amerika;Ausland;470;1117
2019;12;amerik. Länder (o.USA, Kanada);Amerika;Ausland;795;1632
2019;12;China;Asien;Ausland;1121;1820
2019;12;Japan;Asien;Ausland;1729;3202
2019;12;asiatische Länder (o.China, Japan);Asien;Ausland;2547;4779
2019;12;"Australien, Neuseeland u. Ozeanien    ";Sonst. Ausland;Ausland;982;1907
2019;12;Ausländer ohne Angabe;Sonst. Ausland;Ausland;1001;1864
2020;01;Deutschland;Deutschland;Deutschland;102512;194106
2020;01;Belgien;Europa ohne Deutschland;Ausland;241;418
2020;01;Dänemark;Europa ohne Deutschland;Ausland;148;240
2020;01;Frankreich;Europa ohne Deutschland;Ausland;497;1149
2020;01;Italien;Europa ohne Deutschland;Ausland;690;1418
2020;01;Niederlande;Europa ohne Deutschland;Ausland;775;1477
2020;01;Österreich;Europa ohne Deutschland;Ausland;1268;2733
2020;01;Polen;Europa ohne Deutschland;Ausland;2433;4236
2020;01;Schweden;Europa ohne Deutschland;Ausland;261;494
2020;01;Schweiz;Europa ohne Deutschland;Ausland;1360;2939
2020;01;Russland;Europa ohne Deutschland;Ausland;3663;6741
2020;01;Spanien;Europa ohne Deutschland;Ausland;961;1897
2020;01;Tschechische Republik;Europa ohne Deutschland;Ausland;2174;3322
2020;01;Großbritannien;Europa ohne Deutschland;Ausland;755;1518
2020;01;sonst.europäische Länder (o.13 Länder);Europa ohne Deutschland;Ausland;3755;7536
2020;01;afrikanische Länder;Sonst. Ausland;Ausland;130;269
2020;01;USA;Amerika;Ausland;1296;2678
2020;01;Kanada;Amerika;Ausland;145;264
2020;01;amerik. Länder (o.USA, Kanada);Amerika;Ausland;643;1353
2020;01;China;Asien;Ausland;1480;2235
2020;01;Japan;Asien;Ausland;467;1013
2020;01;asiatische Länder (o.China, Japan);Asien;Ausland;1570;2906
2020;01;"Australien, Neuseeland u. Ozeanien    ";Sonst. Ausland;Ausland;389;805
2020;01;Ausländer ohne Angabe;Sonst. Ausland;Ausland;689;1140
2020;02;Deutschland;Deutschland;Deutschland;110404;218367
2020;02;Belgien;Europa ohne Deutschland;Ausland;408;865
2020;02;Dänemark;Europa ohne Deutschland;Ausland;282;649
2020;02;Frankreich;Europa ohne Deutschland;Ausland;901;2051
2020;02;Italien;Europa ohne Deutschland;Ausland;838;2111
2020;02;Niederlande;Europa ohne Deutschland;Ausland;1408;2835
2020;02;Österreich;Europa ohne Deutschland;Ausland;1547;3344
2020;02;Polen;Europa ohne Deutschland;Ausland;2758;5044
2020;02;Schweden;Europa ohne Deutschland;Ausland;264;510
2020;02;Schweiz;Europa ohne Deutschland;Ausland;1584;3337
2020;02;Russland;Europa ohne Deutschland;Ausland;1267;2542
2020;02;Spanien;Europa ohne Deutschland;Ausland;857;1797
2020;02;Tschechische Republik;Europa ohne Deutschland;Ausland;1829;3184
2020;02;Großbritannien;Europa ohne Deutschland;Ausland;1489;2900
2020;02;sonst.europäische Länder (o.13 Länder);Europa ohne Deutschland;Ausland;3284;8169
2020;02;afrikanische Länder;Sonst. Ausland;Ausland;124;379
2020;02;USA;Amerika;Ausland;1773;4169
2020;02;Kanada;Amerika;Ausland;218;474
2020;02;amerik. Länder (o.USA, Kanada);Amerika;Ausland;497;1186
2020;02;China;Asien;Ausland;799;1438
2020;02;Japan;Asien;Ausland;572;1343
2020;02;asiatische Länder (o.China, Japan);Asien;Ausland;1246;3359
2020;02;"Australien, Neuseeland u. Ozeanien    ";Sonst. Ausland;Ausland;150;426
2020;02;Ausländer ohne Angabe;Sonst. Ausland;Ausland;733;1261
2020;03;Deutschland;Deutschland;Deutschland;52626;108299
2020;03;Belgien;Europa ohne Deutschland;Ausland;113;214
2020;03;Dänemark;Europa ohne Deutschland;Ausland;55;101
2020;03;Frankreich;Europa ohne Deutschland;Ausland;232;560
2020;03;Italien;Europa ohne Deutschland;Ausland;126;440
2020;03;Niederlande;Europa ohne Deutschland;Ausland;396;713
2020;03;Österreich;Europa ohne Deutschland;Ausland;740;1631
2020;03;Polen;Europa ohne Deutschland;Ausland;1066;2905
2020;03;Schweden;Europa ohne Deutschland;Ausland;85;136
2020;03;Schweiz;Europa ohne Deutschland;Ausland;609;1547
2020;03;Russland;Europa ohne Deutschland;Ausland;557;1083
2020;03;Spanien;Europa ohne Deutschland;Ausland;297;662
2020;03;Tschechische Republik;Europa ohne Deutschland;Ausland;504;1221
2020;03;Großbritannien;Europa ohne Deutschland;Ausland;468;966
2020;03;sonst.europäische Länder (o.13 Länder);Europa ohne Deutschland;Ausland;1096;2745
2020;03;afrikanische Länder;Sonst. Ausland;Ausland;38;93
2020;03;USA;Amerika;Ausland;648;1587
2020;03;Kanada;Amerika;Ausland;51;101
2020;03;amerik. Länder (o.USA, Kanada);Amerika;Ausland;238;403
2020;03;China;Asien;Ausland;155;241
2020;03;Japan;Asien;Ausland;207;418
2020;03;asiatische Länder (o.China, Japan);Asien;Ausland;481;1482
2020;03;"Australien, Neuseeland u. Ozeanien    ";Sonst. Ausland;Ausland;91;236
2020;03;Ausländer ohne Angabe;Sonst. Ausland;Ausland;351;643
2020;04;Deutschland;Deutschland;Deutschland;6377;15677
2020;04;Belgien;Europa ohne Deutschland;Ausland;4;34
2020;04;Dänemark;Europa ohne Deutschland;Ausland;8;24
2020;04;Frankreich;Europa ohne Deutschland;Ausland;23;125
2020;04;Italien;Europa ohne Deutschland;Ausland;43;299
2020;04;Niederlande;Europa ohne Deutschland;Ausland;36;98
2020;04;Österreich;Europa ohne Deutschland;Ausland;31;83
2020;04;Polen;Europa ohne Deutschland;Ausland;204;2181
2020;04;Schweden;Europa ohne Deutschland;Ausland;8;13
2020;04;Schweiz;Europa ohne Deutschland;Ausland;29;76
2020;04;Russland;Europa ohne Deutschland;Ausland;18;114
2020;04;Spanien;Europa ohne Deutschland;Ausland;14;20
2020;04;Tschechische Republik;Europa ohne Deutschland;Ausland;80;399
2020;04;Großbritannien;Europa ohne Deutschland;Ausland;39;276
2020;04;sonst.europäische Länder (o.13 Länder);Europa ohne Deutschland;Ausland;111;1106
2020;04;afrikanische Länder;Sonst. Ausland;Ausland;2;7
2020;04;USA;Amerika;Ausland;10;21
2020;04;Kanada;Amerika;Ausland;6;6
2020;04;amerik. Länder (o.USA, Kanada);Amerika;Ausland;9;22
2020;04;China;Asien;Ausland;5;36
2020;04;Japan;Asien;Ausland;3;37
2020;04;asiatische Länder (o.China, Japan);Asien;Ausland;12;105
2020;04;"Australien, Neuseeland u. Ozeanien    ";Sonst. Ausland;Ausland;2;4
2020;04;Ausländer ohne Angabe;Sonst. Ausland;Ausland;15;15
2020;05;Deutschland;Deutschland;Deutschland;36134;76518
2020;05;Belgien;Europa ohne Deutschland;Ausland;42;93
2020;05;Dänemark;Europa ohne Deutschland;Ausland;43;67
2020;05;Frankreich;Europa ohne Deutschland;Ausland;65;194
2020;05;Italien;Europa ohne Deutschland;Ausland;76;334
2020;05;Niederlande;Europa ohne Deutschland;Ausland;188;519
2020;05;Österreich;Europa ohne Deutschland;Ausland;130;361
2020;05;Polen;Europa ohne Deutschland;Ausland;287;1549
2020;05;Schweden;Europa ohne Deutschland;Ausland;12;23
2020;05;Schweiz;Europa ohne Deutschland;Ausland;187;410
2020;05;Russland;Europa ohne Deutschland;Ausland;36;126
2020;05;Spanien;Europa ohne Deutschland;Ausland;168;442
2020;05;Tschechische Republik;Europa ohne Deutschland;Ausland;88;291
2020;05;Großbritannien;Europa ohne Deutschland;Ausland;65;248
2020;05;sonst.europäische Länder (o.13 Länder);Europa ohne Deutschland;Ausland;347;1823
2020;05;afrikanische Länder;Sonst. Ausland;Ausland;7;13
2020;05;USA;Amerika;Ausland;144;259
2020;05;Kanada;Amerika;Ausland;7;17
2020;05;amerik. Länder (o.USA, Kanada);Amerika;Ausland;31;66
2020;05;China;Asien;Ausland;42;87
2020;05;Japan;Asien;Ausland;19;31
2020;05;asiatische Länder (o.China, Japan);Asien;Ausland;54;261
2020;05;"Australien, Neuseeland u. Ozeanien    ";Sonst. Ausland;Ausland;17;30
2020;05;Ausländer ohne Angabe;Sonst. Ausland;Ausland;170;310
2020;06;Deutschland;Deutschland;Deutschland;85560;187219
2020;06;Belgien;Europa ohne Deutschland;Ausland;154;285
2020;06;Dänemark;Europa ohne Deutschland;Ausland;185;352
2020;06;Frankreich;Europa ohne Deutschland;Ausland;320;686
2020;06;Italien;Europa ohne Deutschland;Ausland;244;588
2020;06;Niederlande;Europa ohne Deutschland;Ausland;1336;3573
2020;06;Österreich;Europa ohne Deutschland;Ausland;650;1377
2020;06;Polen;Europa ohne Deutschland;Ausland;930;2198
2020;06;Schweden;Europa ohne Deutschland;Ausland;73;120
2020;06;Schweiz;Europa ohne Deutschland;Ausland;930;1854
2020;06;Russland;Europa ohne Deutschland;Ausland;43;127
2020;06;Spanien;Europa ohne Deutschland;Ausland;413;1198
2020;06;Tschechische Republik;Europa ohne Deutschland;Ausland;550;881
2020;06;Großbritannien;Europa ohne Deutschland;Ausland;281;747
2020;06;sonst.europäische Länder (o.13 Länder);Europa ohne Deutschland;Ausland;1113;3496
2020;06;afrikanische Länder;Sonst. Ausland;Ausland;12;33
2020;06;USA;Amerika;Ausland;740;1720
2020;06;Kanada;Amerika;Ausland;40;117
2020;06;amerik. Länder (o.USA, Kanada);Amerika;Ausland;100;296
2020;06;China;Asien;Ausland;47;85
2020;06;Japan;Asien;Ausland;34;73
2020;06;asiatische Länder (o.China, Japan);Asien;Ausland;192;553
2020;06;"Australien, Neuseeland u. Ozeanien    ";Sonst. Ausland;Ausland;30;89
2020;06;Ausländer ohne Angabe;Sonst. Ausland;Ausland;524;948
2020;07;Deutschland;Deutschland;Deutschland;139025;310685
2020;07;Belgien;Europa ohne Deutschland;Ausland;943;1944
2020;07;Dänemark;Europa ohne Deutschland;Ausland;2210;4947
2020;07;Frankreich;Europa ohne Deutschland;Ausland;730;1431
2020;07;Italien;Europa ohne Deutschland;Ausland;439;1131
2020;07;Niederlande;Europa ohne Deutschland;Ausland;3001;6337
2020;07;Österreich;Europa ohne Deutschland;Ausland;1791;3668
2020;07;Polen;Europa ohne Deutschland;Ausland;2941;6022
2020;07;Schweden;Europa ohne Deutschland;Ausland;226;374
2020;07;Schweiz;Europa ohne Deutschland;Ausland;2556;5967
2020;07;Russland;Europa ohne Deutschland;Ausland;209;435
2020;07;Spanien;Europa ohne Deutschland;Ausland;645;1905
2020;07;Tschechische Republik;Europa ohne Deutschland;Ausland;1646;2778
2020;07;Großbritannien;Europa ohne Deutschland;Ausland;540;1011
2020;07;sonst.europäische Länder (o.13 Länder);Europa ohne Deutschland;Ausland;2168;4632
2020;07;afrikanische Länder;Sonst. Ausland;Ausland;30;59
2020;07;USA;Amerika;Ausland;715;1578
2020;07;Kanada;Amerika;Ausland;57;130
2020;07;amerik. Länder (o.USA, Kanada);Amerika;Ausland;139;427
2020;07;China;Asien;Ausland;99;262
2020;07;Japan;Asien;Ausland;33;115
2020;07;asiatische Länder (o.China, Japan);Asien;Ausland;192;469
2020;07;"Australien, Neuseeland u. Ozeanien    ";Sonst. Ausland;Ausland;49;112
2020;07;Ausländer ohne Angabe;Sonst. Ausland;Ausland;718;1394
2020;08;Deutschland;Deutschland;Deutschland;157055;360619
2020;08;Belgien;Europa ohne Deutschland;Ausland;681;1338
2020;08;Dänemark;Europa ohne Deutschland;Ausland;708;1456
2020;08;Frankreich;Europa ohne Deutschland;Ausland;1094;2222
2020;08;Italien;Europa ohne Deutschland;Ausland;951;2017
2020;08;Niederlande;Europa ohne Deutschland;Ausland;3195;6660
2020;08;Österreich;Europa ohne Deutschland;Ausland;2622;5248
2020;08;Polen;Europa ohne Deutschland;Ausland;3479;7604
2020;08;Schweden;Europa ohne Deutschland;Ausland;278;469
2020;08;Schweiz;Europa ohne Deutschland;Ausland;2327;5610
2020;08;Russland;Europa ohne Deutschland;Ausland;136;260
2020;08;Spanien;Europa ohne Deutschland;Ausland;760;2075
2020;08;Tschechische Republik;Europa ohne Deutschland;Ausland;1552;2478
2020;08;Großbritannien;Europa ohne Deutschland;Ausland;860;1722
2020;08;sonst.europäische Länder (o.13 Länder);Europa ohne Deutschland;Ausland;2249;4785
2020;08;afrikanische Länder;Sonst. Ausland;Ausland;28;44
2020;08;USA;Amerika;Ausland;953;2192
2020;08;Kanada;Amerika;Ausland;73;165
2020;08;amerik. Länder (o.USA, Kanada);Amerika;Ausland;137;326
2020;08;China;Asien;Ausland;82;334
2020;08;Japan;Asien;Ausland;300;654
2020;08;asiatische Länder (o.China, Japan);Asien;Ausland;264;980
2020;08;"Australien, Neuseeland u. Ozeanien    ";Sonst. Ausland;Ausland;75;159
2020;08;Ausländer ohne Angabe;Sonst. Ausland;Ausland;1304;2428
2020;09;Deutschland;Deutschland;Deutschland;163467;372067
2020;09;Belgien;Europa ohne Deutschland;Ausland;537;1164
2020;09;Dänemark;Europa ohne Deutschland;Ausland;462;1166
2020;09;Frankreich;Europa ohne Deutschland;Ausland;422;1029
2020;09;Italien;Europa ohne Deutschland;Ausland;383;817
2020;09;Niederlande;Europa ohne Deutschland;Ausland;1879;4187
2020;09;Österreich;Europa ohne Deutschland;Ausland;1526;3243
2020;09;Polen;Europa ohne Deutschland;Ausland;2344;5229
2020;09;Schweden;Europa ohne Deutschland;Ausland;199;345
2020;09;Schweiz;Europa ohne Deutschland;Ausland;2313;5309
2020;09;Russland;Europa ohne Deutschland;Ausland;117;233
2020;09;Spanien;Europa ohne Deutschland;Ausland;738;2314
2020;09;Tschechische Republik;Europa ohne Deutschland;Ausland;551;1080
2020;09;Großbritannien;Europa ohne Deutschland;Ausland;767;1746
2020;09;sonst.europäische Länder (o.13 Länder);Europa ohne Deutschland;Ausland;1424;4038
2020;09;afrikanische Länder;Sonst. Ausland;Ausland;62;169
2020;09;USA;Amerika;Ausland;1070;2815
2020;09;Kanada;Amerika;Ausland;76;182
2020;09;amerik. Länder (o.USA, Kanada);Amerika;Ausland;240;659
2020;09;China;Asien;Ausland;60;140
2020;09;Japan;Asien;Ausland;383;921
2020;09;asiatische Länder (o.China, Japan);Asien;Ausland;279;880
2020;09;"Australien, Neuseeland u. Ozeanien    ";Sonst. Ausland;Ausland;86;184
2020;09;Ausländer ohne Angabe;Sonst. Ausland;Ausland;1286;2669
2020;10;Deutschland;Deutschland;Deutschland;145378;346420
2020;10;Belgien;Europa ohne Deutschland;Ausland;242;526
2020;10;Dänemark;Europa ohne Deutschland;Ausland;219;612
2020;10;Frankreich;Europa ohne Deutschland;Ausland;333;1119
2020;10;Italien;Europa ohne Deutschland;Ausland;283;568
2020;10;Niederlande;Europa ohne Deutschland;Ausland;567;1287
2020;10;Österreich;Europa ohne Deutschland;Ausland;679;1668
2020;10;Polen;Europa ohne Deutschland;Ausland;1487;5201
2020;10;Schweden;Europa ohne Deutschland;Ausland;211;481
2020;10;Schweiz;Europa ohne Deutschland;Ausland;1676;4191
2020;10;Russland;Europa ohne Deutschland;Ausland;70;133
2020;10;Spanien;Europa ohne Deutschland;Ausland;793;2622
2020;10;Tschechische Republik;Europa ohne Deutschland;Ausland;330;748
2020;10;Großbritannien;Europa ohne Deutschland;Ausland;607;1632
2020;10;sonst.europäische Länder (o.13 Länder);Europa ohne Deutschland;Ausland;1101;3484
2020;10;afrikanische Länder;Sonst. Ausland;Ausland;34;101
2020;10;USA;Amerika;Ausland;1013;2851
2020;10;Kanada;Amerika;Ausland;94;222
2020;10;amerik. Länder (o.USA, Kanada);Amerika;Ausland;163;552
2020;10;China;Asien;Ausland;71;193
2020;10;Japan;Asien;Ausland;255;726
2020;10;asiatische Länder (o.China, Japan);Asien;Ausland;348;1141
2020;10;"Australien, Neuseeland u. Ozeanien    ";Sonst. Ausland;Ausland;52;160
2020;10;Ausländer ohne Angabe;Sonst. Ausland;Ausland;1562;3726
2020;11;Deutschland;Deutschland;Deutschland;20023;46902
2020;11;Belgien;Europa ohne Deutschland;Ausland;21;124
2020;11;Dänemark;Europa ohne Deutschland;Ausland;12;12
2020;11;Frankreich;Europa ohne Deutschland;Ausland;50;288
2020;11;Italien;Europa ohne Deutschland;Ausland;69;151
2020;11;Niederlande;Europa ohne Deutschland;Ausland;122;276
2020;11;Österreich;Europa ohne Deutschland;Ausland;172;396
2020;11;Polen;Europa ohne Deutschland;Ausland;379;2682
2020;11;Schweden;Europa ohne Deutschland;Ausland;10;15
2020;11;Schweiz;Europa ohne Deutschland;Ausland;102;232
2020;11;Russland;Europa ohne Deutschland;Ausland;11;41
2020;11;Spanien;Europa ohne Deutschland;Ausland;162;364
2020;11;Tschechische Republik;Europa ohne Deutschland;Ausland;97;285
2020;11;Großbritannien;Europa ohne Deutschland;Ausland;48;270
2020;11;sonst.europäische Länder (o.13 Länder);Europa ohne Deutschland;Ausland;346;1489
2020;11;afrikanische Länder;Sonst. Ausland;Ausland;11;101
2020;11;USA;Amerika;Ausland;38;222
2020;11;Kanada;Amerika;Ausland;1;4
2020;11;amerik. Länder (o.USA, Kanada);Amerika;Ausland;12;206
2020;11;China;Asien;Ausland;9;23
2020;11;Japan;Asien;Ausland;23;267
2020;11;asiatische Länder (o.China, Japan);Asien;Ausland;61;342
2020;11;"Australien, Neuseeland u. Ozeanien    ";Sonst. Ausland;Ausland;0;0
2020;11;Ausländer ohne Angabe;Sonst. Ausland;Ausland;71;903
2020;12;Deutschland;Deutschland;Deutschland;12598;28947
2020;12;Belgien;Europa ohne Deutschland;Ausland;36;92
2020;12;Dänemark;Europa ohne Deutschland;Ausland;8;8
2020;12;Frankreich;Europa ohne Deutschland;Ausland;97;220
2020;12;Italien;Europa ohne Deutschland;Ausland;61;176
2020;12;Niederlande;Europa ohne Deutschland;Ausland;84;193
2020;12;Österreich;Europa ohne Deutschland;Ausland;86;253
2020;12;Polen;Europa ohne Deutschland;Ausland;395;1776
2020;12;Schweden;Europa ohne Deutschland;Ausland;15;20
2020;12;Schweiz;Europa ohne Deutschland;Ausland;87;153
2020;12;Russland;Europa ohne Deutschland;Ausland;33;62
2020;12;Spanien;Europa ohne Deutschland;Ausland;131;268
2020;12;Tschechische Republik;Europa ohne Deutschland;Ausland;66;223
2020;12;Großbritannien;Europa ohne Deutschland;Ausland;47;213
2020;12;sonst.europäische Länder (o.13 Länder);Europa ohne Deutschland;Ausland;275;1244
2020;12;afrikanische Länder;Sonst. Ausland;Ausland;6;40
2020;12;USA;Amerika;Ausland;71;193
2020;12;Kanada;Amerika;Ausland;2;5
2020;12;amerik. Länder (o.USA, Kanada);Amerika;Ausland;2;62
2020;12;China;Asien;Ausland;9;9
2020;12;Japan;Asien;Ausland;24;223
2020;12;asiatische Länder (o.China, Japan);Asien;Ausland;50;393
2020;12;"Australien, Neuseeland u. Ozeanien    ";Sonst. Ausland;Ausland;6;13
2020;12;Ausländer ohne Angabe;Sonst. Ausland;Ausland;190;221
2021;01;Deutschland;Deutschland;Deutschland;8983;22562
2021;01;Belgien;Europa ohne Deutschland;Ausland;43;59
2021;01;Dänemark;Europa ohne Deutschland;Ausland;15;57
2021;01;Frankreich;Europa ohne Deutschland;Ausland;97;208
2021;01;Italien;Europa ohne Deutschland;Ausland;37;171
2021;01;Niederlande;Europa ohne Deutschland;Ausland;89;130
2021;01;Österreich;Europa ohne Deutschland;Ausland;82;235
2021;01;Polen;Europa ohne Deutschland;Ausland;418;1918
2021;01;Schweden;Europa ohne Deutschland;Ausland;19;19
2021;01;Schweiz;Europa ohne Deutschland;Ausland;54;99
2021;01;Russland;Europa ohne Deutschland;Ausland;13;37
2021;01;Spanien;Europa ohne Deutschland;Ausland;69;168
2021;01;Tschechische Republik;Europa ohne Deutschland;Ausland;113;474
2021;01;Großbritannien;Europa ohne Deutschland;Ausland;27;398
2021;01;sonst.europäische Länder (o.13 Länder);Europa ohne Deutschland;Ausland;361;1798
2021;01;afrikanische Länder;Sonst. Ausland;Ausland;0;0
2021;01;USA;Amerika;Ausland;139;467
2021;01;Kanada;Amerika;Ausland;0;0
2021;01;amerik. Länder (o.USA, Kanada);Amerika;Ausland;4;64
2021;01;China;Asien;Ausland;2;2
2021;01;Japan;Asien;Ausland;12;178
2021;01;asiatische Länder (o.China, Japan);Asien;Ausland;40;215
2021;01;"Australien, Neuseeland u. Ozeanien    ";Sonst. Ausland;Ausland;0;0
2021;01;Ausländer ohne Angabe;Sonst. Ausland;Ausland;32;43
2021;02;Deutschland;Deutschland;Deutschland;13250;33025
2021;02;Belgien;Europa ohne Deutschland;Ausland;20;74
2021;02;Dänemark;Europa ohne Deutschland;Ausland;10;16
2021;02;Frankreich;Europa ohne Deutschland;Ausland;69;216
2021;02;Italien;Europa ohne Deutschland;Ausland;38;177
2021;02;Niederlande;Europa ohne Deutschland;Ausland;85;122
2021;02;Österreich;Europa ohne Deutschland;Ausland;114;234
2021;02;Polen;Europa ohne Deutschland;Ausland;426;1060
2021;02;Schweden;Europa ohne Deutschland;Ausland;12;19
2021;02;Schweiz;Europa ohne Deutschland;Ausland;63;116
2021;02;Russland;Europa ohne Deutschland;Ausland;21;156
2021;02;Spanien;Europa ohne Deutschland;Ausland;137;252
2021;02;Tschechische Republik;Europa ohne Deutschland;Ausland;111;728
2021;02;Großbritannien;Europa ohne Deutschland;Ausland;27;225
2021;02;sonst.europäische Länder (o.13 Länder);Europa ohne Deutschland;Ausland;406;1872
2021;02;afrikanische Länder;Sonst. Ausland;Ausland;7;91
2021;02;USA;Amerika;Ausland;145;302
2021;02;Kanada;Amerika;Ausland;5;6
2021;02;amerik. Länder (o.USA, Kanada);Amerika;Ausland;7;61
2021;02;China;Asien;Ausland;3;4
2021;02;Japan;Asien;Ausland;11;186
2021;02;asiatische Länder (o.China, Japan);Asien;Ausland;37;159
2021;02;"Australien, Neuseeland u. Ozeanien    ";Sonst. Ausland;Ausland;2;6
2021;02;Ausländer ohne Angabe;Sonst. Ausland;Ausland;20;27
2021;03;Deutschland;Deutschland;Deutschland;19561;49595
2021;03;Belgien;Europa ohne Deutschland;Ausland;35;99
2021;03;Dänemark;Europa ohne Deutschland;Ausland;22;34
2021;03;Frankreich;Europa ohne Deutschland;Ausland;52;185
2021;03;Italien;Europa ohne Deutschland;Ausland;70;323
2021;03;Niederlande;Europa ohne Deutschland;Ausland;228;536
2021;03;Österreich;Europa ohne Deutschland;Ausland;157;337
2021;03;Polen;Europa ohne Deutschland;Ausland;695;1653
2021;03;Schweden;Europa ohne Deutschland;Ausland;19;32
2021;03;Schweiz;Europa ohne Deutschland;Ausland;106;218
2021;03;Russland;Europa ohne Deutschland;Ausland;16;218
2021;03;Spanien;Europa ohne Deutschland;Ausland;194;355
2021;03;Tschechische Republik;Europa ohne Deutschland;Ausland;138;909
2021;03;Großbritannien;Europa ohne Deutschland;Ausland;35;222
2021;03;sonst.europäische Länder (o.13 Länder);Europa ohne Deutschland;Ausland;463;1432
2021;03;afrikanische Länder;Sonst. Ausland;Ausland;9;37
2021;03;USA;Amerika;Ausland;149;344
2021;03;Kanada;Amerika;Ausland;23;87
2021;03;amerik. Länder (o.USA, Kanada);Amerika;Ausland;7;70
2021;03;China;Asien;Ausland;9;15
2021;03;Japan;Asien;Ausland;7;275
2021;03;asiatische Länder (o.China, Japan);Asien;Ausland;78;337
2021;03;"Australien, Neuseeland u. Ozeanien    ";Sonst. Ausland;Ausland;2;2
2021;03;Ausländer ohne Angabe;Sonst. Ausland;Ausland;163;211
2021;04;Deutschland;Deutschland;Deutschland;18538;43716
2021;04;Belgien;Europa ohne Deutschland;Ausland;22;122
2021;04;Dänemark;Europa ohne Deutschland;Ausland;19;22
2021;04;Frankreich;Europa ohne Deutschland;Ausland;65;230
2021;04;Italien;Europa ohne Deutschland;Ausland;67;168
2021;04;Niederlande;Europa ohne Deutschland;Ausland;112;481
2021;04;Österreich;Europa ohne Deutschland;Ausland;143;330
2021;04;Polen;Europa ohne Deutschland;Ausland;384;1626
2021;04;Schweden;Europa ohne Deutschland;Ausland;18;25
2021;04;Schweiz;Europa ohne Deutschland;Ausland;67;147
2021;04;Russland;Europa ohne Deutschland;Ausland;24;105
2021;04;Spanien;Europa ohne Deutschland;Ausland;167;402
2021;04;Tschechische Republik;Europa ohne Deutschland;Ausland;139;942
2021;04;Großbritannien;Europa ohne Deutschland;Ausland;46;224
2021;04;sonst.europäische Länder (o.13 Länder);Europa ohne Deutschland;Ausland;445;2084
2021;04;afrikanische Länder;Sonst. Ausland;Ausland;4;18
2021;04;USA;Amerika;Ausland;89;322
2021;04;Kanada;Amerika;Ausland;2;38
2021;04;amerik. Länder (o.USA, Kanada);Amerika;Ausland;4;56
2021;04;China;Asien;Ausland;13;20
2021;04;Japan;Asien;Ausland;15;159
2021;04;asiatische Länder (o.China, Japan);Asien;Ausland;41;285
2021;04;"Australien, Neuseeland u. Ozeanien    ";Sonst. Ausland;Ausland;5;6
2021;04;Ausländer ohne Angabe;Sonst. Ausland;Ausland;176;234
2021;05;Deutschland;Deutschland;Deutschland;21886;47983
2021;05;Belgien;Europa ohne Deutschland;Ausland;45;108
2021;05;Dänemark;Europa ohne Deutschland;Ausland;16;22
2021;05;Frankreich;Europa ohne Deutschland;Ausland;70;168
2021;05;Italien;Europa ohne Deutschland;Ausland;117;376
2021;05;Niederlande;Europa ohne Deutschland;Ausland;229;655
2021;05;Österreich;Europa ohne Deutschland;Ausland;172;375
2021;05;Polen;Europa ohne Deutschland;Ausland;536;2255
2021;05;Schweden;Europa ohne Deutschland;Ausland;37;77
2021;05;Schweiz;Europa ohne Deutschland;Ausland;130;302
2021;05;Russland;Europa ohne Deutschland;Ausland;37;59
2021;05;Spanien;Europa ohne Deutschland;Ausland;270;597
2021;05;Tschechische Republik;Europa ohne Deutschland;Ausland;239;1021
2021;05;Großbritannien;Europa ohne Deutschland;Ausland;52;266
2021;05;sonst.europäische Länder (o.13 Länder);Europa ohne Deutschland;Ausland;529;2732
2021;05;afrikanische Länder;Sonst. Ausland;Ausland;12;28
2021;05;USA;Amerika;Ausland;148;364
2021;05;Kanada;Amerika;Ausland;4;65
2021;05;amerik. Länder (o.USA, Kanada);Amerika;Ausland;25;113
2021;05;China;Asien;Ausland;12;41
2021;05;Japan;Asien;Ausland;27;138
2021;05;asiatische Länder (o.China, Japan);Asien;Ausland;133;470
2021;05;"Australien, Neuseeland u. Ozeanien    ";Sonst. Ausland;Ausland;10;15
2021;05;Ausländer ohne Angabe;Sonst. Ausland;Ausland;34;65
2021;06;Deutschland;Deutschland;Deutschland;63809;135969
2021;06;Belgien;Europa ohne Deutschland;Ausland;104;159
2021;06;Dänemark;Europa ohne Deutschland;Ausland;110;182
2021;06;Frankreich;Europa ohne Deutschland;Ausland;221;577
2021;06;Italien;Europa ohne Deutschland;Ausland;254;505
2021;06;Niederlande;Europa ohne Deutschland;Ausland;638;1164
2021;06;Österreich;Europa ohne Deutschland;Ausland;688;1408
2021;06;Polen;Europa ohne Deutschland;Ausland;1305;3194
2021;06;Schweden;Europa ohne Deutschland;Ausland;102;162
2021;06;Schweiz;Europa ohne Deutschland;Ausland;516;1096
2021;06;Russland;Europa ohne Deutschland;Ausland;68;123
2021;06;Spanien;Europa ohne Deutschland;Ausland;424;1123
2021;06;Tschechische Republik;Europa ohne Deutschland;Ausland;667;1451
2021;06;Großbritannien;Europa ohne Deutschland;Ausland;110;391
2021;06;sonst.europäische Länder (o.13 Länder);Europa ohne Deutschland;Ausland;1202;3410
2021;06;afrikanische Länder;Sonst. Ausland;Ausland;20;28
2021;06;USA;Amerika;Ausland;510;1043
2021;06;Kanada;Amerika;Ausland;16;54
2021;06;amerik. Länder (o.USA, Kanada);Amerika;Ausland;48;132
2021;06;China;Asien;Ausland;13;31
2021;06;Japan;Asien;Ausland;44;231
2021;06;asiatische Länder (o.China, Japan);Asien;Ausland;274;940
2021;06;"Australien, Neuseeland u. Ozeanien    ";Sonst. Ausland;Ausland;9;43
2021;06;Ausländer ohne Angabe;Sonst. Ausland;Ausland;249;351
2021;07;Deutschland;Deutschland;Deutschland;130447;288658
2021;07;Belgien;Europa ohne Deutschland;Ausland;800;1541
2021;07;Dänemark;Europa ohne Deutschland;Ausland;1493;3075
2021;07;Frankreich;Europa ohne Deutschland;Ausland;753;1354
2021;07;Italien;Europa ohne Deutschland;Ausland;516;1055
2021;07;Niederlande;Europa ohne Deutschland;Ausland;2446;5006
2021;07;Österreich;Europa ohne Deutschland;Ausland;1892;3994
2021;07;Polen;Europa ohne Deutschland;Ausland;3499;7866
2021;07;Schweden;Europa ohne Deutschland;Ausland;600;896
2021;07;Schweiz;Europa ohne Deutschland;Ausland;2179;5045
2021;07;Russland;Europa ohne Deutschland;Ausland;86;120
2021;07;Spanien;Europa ohne Deutschland;Ausland;650;2076
2021;07;Tschechische Republik;Europa ohne Deutschland;Ausland;1654;3642
2021;07;Großbritannien;Europa ohne Deutschland;Ausland;353;748
2021;07;sonst.europäische Länder (o.13 Länder);Europa ohne Deutschland;Ausland;2955;6932
2021;07;afrikanische Länder;Sonst. Ausland;Ausland;83;159
2021;07;USA;Amerika;Ausland;1178;2584
2021;07;Kanada;Amerika;Ausland;24;117
2021;07;amerik. Länder (o.USA, Kanada);Amerika;Ausland;131;342
2021;07;China;Asien;Ausland;56;274
2021;07;Japan;Asien;Ausland;28;121
2021;07;asiatische Länder (o.China, Japan);Asien;Ausland;553;1234
2021;07;"Australien, Neuseeland u. Ozeanien    ";Sonst. Ausland;Ausland;33;71
2021;07;Ausländer ohne Angabe;Sonst. Ausland;Ausland;748;1201
2021;08;Deutschland;Deutschland;Deutschland;163844;381537
2021;08;Belgien;Europa ohne Deutschland;Ausland;1025;2069
2021;08;Dänemark;Europa ohne Deutschland;Ausland;779;1765
2021;08;Frankreich;Europa ohne Deutschland;Ausland;1049;2033
2021;08;Italien;Europa ohne Deutschland;Ausland;1331;2591
2021;08;Niederlande;Europa ohne Deutschland;Ausland;3265;6969
2021;08;Österreich;Europa ohne Deutschland;Ausland;2574;5331
2021;08;Polen;Europa ohne Deutschland;Ausland;3267;7191
2021;08;Schweden;Europa ohne Deutschland;Ausland;700;1087
2021;08;Schweiz;Europa ohne Deutschland;Ausland;2080;4969
2021;08;Russland;Europa ohne Deutschland;Ausland;107;188
2021;08;Spanien;Europa ohne Deutschland;Ausland;981;2889
2021;08;Tschechische Republik;Europa ohne Deutschland;Ausland;1735;3316
2021;08;Großbritannien;Europa ohne Deutschland;Ausland;481;1077
2021;08;sonst.europäische Länder (o.13 Länder);Europa ohne Deutschland;Ausland;3358;6871
2021;08;afrikanische Länder;Sonst. Ausland;Ausland;77;185
2021;08;USA;Amerika;Ausland;1440;3179
2021;08;Kanada;Amerika;Ausland;99;180
2021;08;amerik. Länder (o.USA, Kanada);Amerika;Ausland;125;251
2021;08;China;Asien;Ausland;79;309
2021;08;Japan;Asien;Ausland;45;170
2021;08;asiatische Länder (o.China, Japan);Asien;Ausland;558;1334
2021;08;"Australien, Neuseeland u. Ozeanien    ";Sonst. Ausland;Ausland;51;98
2021;08;Ausländer ohne Angabe;Sonst. Ausland;Ausland;2678;5699
2021;09;Deutschland;Deutschland;Deutschland;155260;349682
2021;09;Belgien;Europa ohne Deutschland;Ausland;790;1819
2021;09;Dänemark;Europa ohne Deutschland;Ausland;692;1956
2021;09;Frankreich;Europa ohne Deutschland;Ausland;579;1263
2021;09;Italien;Europa ohne Deutschland;Ausland;475;1032
2021;09;Niederlande;Europa ohne Deutschland;Ausland;2027;4763
2021;09;Österreich;Europa ohne Deutschland;Ausland;1704;3842
2021;09;Polen;Europa ohne Deutschland;Ausland;2072;4491
2021;09;Schweden;Europa ohne Deutschland;Ausland;422;838
2021;09;Schweiz;Europa ohne Deutschland;Ausland;1931;4541
2021;09;Russland;Europa ohne Deutschland;Ausland;195;350
2021;09;Spanien;Europa ohne Deutschland;Ausland;884;2619
2021;09;Tschechische Republik;Europa ohne Deutschland;Ausland;1223;2534
2021;09;Großbritannien;Europa ohne Deutschland;Ausland;655;1495
2021;09;sonst.europäische Länder (o.13 Länder);Europa ohne Deutschland;Ausland;2363;5369
2021;09;afrikanische Länder;Sonst. Ausland;Ausland;53;90
2021;09;USA;Amerika;Ausland;1693;3750
2021;09;Kanada;Amerika;Ausland;163;315
2021;09;amerik. Länder (o.USA, Kanada);Amerika;Ausland;232;499
2021;09;China;Asien;Ausland;76;288
2021;09;Japan;Asien;Ausland;49;352
2021;09;asiatische Länder (o.China, Japan);Asien;Ausland;694;1546
2021;09;"Australien, Neuseeland u. Ozeanien    ";Sonst. Ausland;Ausland;59;97
2021;09;Ausländer ohne Angabe;Sonst. Ausland;Ausland;3016;4499
2021;10;Deutschland;Deutschland;Deutschland;169470;384501
2021;10;Belgien;Europa ohne Deutschland;Ausland;437;1066
2021;10;Dänemark;Europa ohne Deutschland;Ausland;710;1665
2021;10;Frankreich;Europa ohne Deutschland;Ausland;632;1491
2021;10;Italien;Europa ohne Deutschland;Ausland;554;1190
2021;10;Niederlande;Europa ohne Deutschland;Ausland;1747;3884
2021;10;Österreich;Europa ohne Deutschland;Ausland;2094;4745
2021;10;Polen;Europa ohne Deutschland;Ausland;2093;4555
2021;10;Schweden;Europa ohne Deutschland;Ausland;348;668
2021;10;Schweiz;Europa ohne Deutschland;Ausland;1935;4965
2021;10;Russland;Europa ohne Deutschland;Ausland;170;369
2021;10;Spanien;Europa ohne Deutschland;Ausland;944;3006
2021;10;Tschechische Republik;Europa ohne Deutschland;Ausland;1657;3183
2021;10;Großbritannien;Europa ohne Deutschland;Ausland;678;1772
2021;10;sonst.europäische Länder (o.13 Länder);Europa ohne Deutschland;Ausland;2532;6011
2021;10;afrikanische Länder;Sonst. Ausland;Ausland;92;136
2021;10;USA;Amerika;Ausland;1608;3282
2021;10;Kanada;Amerika;Ausland;97;203
2021;10;amerik. Länder (o.USA, Kanada);Amerika;Ausland;285;606
2021;10;China;Asien;Ausland;84;326
2021;10;Japan;Asien;Ausland;45;542
2021;10;asiatische Länder (o.China, Japan);Asien;Ausland;723;1800
2021;10;"Australien, Neuseeland u. Ozeanien    ";Sonst. Ausland;Ausland;49;91
2021;10;Ausländer ohne Angabe;Sonst. Ausland;Ausland;1194;2029
2021;11;Deutschland;Deutschland;Deutschland;77010;165421
2021;11;Belgien;Europa ohne Deutschland;Ausland;256;532
2021;11;Dänemark;Europa ohne Deutschland;Ausland;140;243
2021;11;Frankreich;Europa ohne Deutschland;Ausland;448;984
2021;11;Italien;Europa ohne Deutschland;Ausland;396;903
2021;11;Niederlande;Europa ohne Deutschland;Ausland;831;1892
2021;11;Österreich;Europa ohne Deutschland;Ausland;862;1759
2021;11;Polen;Europa ohne Deutschland;Ausland;1715;4310
2021;11;Schweden;Europa ohne Deutschland;Ausland;143;369
2021;11;Schweiz;Europa ohne Deutschland;Ausland;690;1491
2021;11;Russland;Europa ohne Deutschland;Ausland;114;245
2021;11;Spanien;Europa ohne Deutschland;Ausland;507;1229
2021;11;Tschechische Republik;Europa ohne Deutschland;Ausland;752;1190
2021;11;Großbritannien;Europa ohne Deutschland;Ausland;409;917
2021;11;sonst.europäische Länder (o.13 Länder);Europa ohne Deutschland;Ausland;1673;4086
2021;11;afrikanische Länder;Sonst. Ausland;Ausland;69;142
2021;11;USA;Amerika;Ausland;918;1929
2021;11;Kanada;Amerika;Ausland;66;106
2021;11;amerik. Länder (o.USA, Kanada);Amerika;Ausland;175;466
2021;11;China;Asien;Ausland;47;170
2021;11;Japan;Asien;Ausland;67;456
2021;11;asiatische Länder (o.China, Japan);Asien;Ausland;580;1556
2021;11;"Australien, Neuseeland u. Ozeanien    ";Sonst. Ausland;Ausland;49;79
2021;11;Ausländer ohne Angabe;Sonst. Ausland;Ausland;438;880
2021;12;Deutschland;Deutschland;Deutschland;20597;43836
2021;12;Belgien;Europa ohne Deutschland;Ausland;113;152
2021;12;Dänemark;Europa ohne Deutschland;Ausland;33;43
2021;12;Frankreich;Europa ohne Deutschland;Ausland;254;379
2021;12;Italien;Europa ohne Deutschland;Ausland;135;332
2021;12;Niederlande;Europa ohne Deutschland;Ausland;372;712
2021;12;Österreich;Europa ohne Deutschland;Ausland;286;510
2021;12;Polen;Europa ohne Deutschland;Ausland;621;1367
2021;12;Schweden;Europa ohne Deutschland;Ausland;84;197
2021;12;Schweiz;Europa ohne Deutschland;Ausland;230;515
2021;12;Russland;Europa ohne Deutschland;Ausland;72;181
2021;12;Spanien;Europa ohne Deutschland;Ausland;184;517
2021;12;Tschechische Republik;Europa ohne Deutschland;Ausland;336;924
2021;12;Großbritannien;Europa ohne Deutschland;Ausland;121;270
2021;12;sonst.europäische Länder (o.13 Länder);Europa ohne Deutschland;Ausland;1022;2456
2021;12;afrikanische Länder;Sonst. Ausland;Ausland;43;102
2021;12;USA;Amerika;Ausland;420;951
2021;12;Kanada;Amerika;Ausland;30;50
2021;12;amerik. Länder (o.USA, Kanada);Amerika;Ausland;126;357
2021;12;China;Asien;Ausland;14;24
2021;12;Japan;Asien;Ausland;40;438
2021;12;asiatische Länder (o.China, Japan);Asien;Ausland;344;887
2021;12;"Australien, Neuseeland u. Ozeanien    ";Sonst. Ausland;Ausland;20;68
2021;12;Ausländer ohne Angabe;Sonst. Ausland;Ausland;105;215
2022;01;Deutschland;Deutschland;Deutschland;28716;60590
2022;01;Belgien;Europa ohne Deutschland;Ausland;67;150
2022;01;Dänemark;Europa ohne Deutschland;Ausland;73;80
2022;01;Frankreich;Europa ohne Deutschland;Ausland;274;374
2022;01;Italien;Europa ohne Deutschland;Ausland;125;316
2022;01;Niederlande;Europa ohne Deutschland;Ausland;400;808
2022;01;Österreich;Europa ohne Deutschland;Ausland;366;763
2022;01;Polen;Europa ohne Deutschland;Ausland;676;1907
2022;01;Schweden;Europa ohne Deutschland;Ausland;44;123
2022;01;Schweiz;Europa ohne Deutschland;Ausland;172;315
2022;01;Russland;Europa ohne Deutschland;Ausland;49;76
2022;01;Spanien;Europa ohne Deutschland;Ausland;287;753
2022;01;Tschechische Republik;Europa ohne Deutschland;Ausland;479;1453
2022;01;Großbritannien;Europa ohne Deutschland;Ausland;188;340
2022;01;sonst.europäische Länder (o.13 Länder);Europa ohne Deutschland;Ausland;1099;2906
2022;01;afrikanische Länder;Sonst. Ausland;Ausland;41;117
2022;01;USA;Amerika;Ausland;317;927
2022;01;Kanada;Amerika;Ausland;10;35
2022;01;amerik. Länder (o.USA, Kanada);Amerika;Ausland;159;365
2022;01;China;Asien;Ausland;20;32
2022;01;Japan;Asien;Ausland;31;435
2022;01;asiatische Länder (o.China, Japan);Asien;Ausland;253;721
2022;01;"Australien, Neuseeland u. Ozeanien    ";Sonst. Ausland;Ausland;15;34
2022;01;Ausländer ohne Angabe;Sonst. Ausland;Ausland;36;62
2022;02;Deutschland;Deutschland;Deutschland;51820;104841
2022;02;Belgien;Europa ohne Deutschland;Ausland;130;220
2022;02;Dänemark;Europa ohne Deutschland;Ausland;83;136
2022;02;Frankreich;Europa ohne Deutschland;Ausland;299;611
2022;02;Italien;Europa ohne Deutschland;Ausland;232;489
2022;02;Niederlande;Europa ohne Deutschland;Ausland;571;1044
2022;02;Österreich;Europa ohne Deutschland;Ausland;482;974
2022;02;Polen;Europa ohne Deutschland;Ausland;1146;2511
2022;02;Schweden;Europa ohne Deutschland;Ausland;49;134
2022;02;Schweiz;Europa ohne Deutschland;Ausland;343;693
2022;02;Russland;Europa ohne Deutschland;Ausland;74;115
2022;02;Spanien;Europa ohne Deutschland;Ausland;367;996
2022;02;Tschechische Republik;Europa ohne Deutschland;Ausland;748;1553
2022;02;Großbritannien;Europa ohne Deutschland;Ausland;286;592
2022;02;sonst.europäische Länder (o.13 Länder);Europa ohne Deutschland;Ausland;1451;3124
2022;02;afrikanische Länder;Sonst. Ausland;Ausland;34;102
2022;02;USA;Amerika;Ausland;507;1178
2022;02;Kanada;Amerika;Ausland;35;57
2022;02;amerik. Länder (o.USA, Kanada);Amerika;Ausland;125;317
2022;02;China;Asien;Ausland;32;52
2022;02;Japan;Asien;Ausland;36;327
2022;02;asiatische Länder (o.China, Japan);Asien;Ausland;343;776
2022;02;"Australien, Neuseeland u. Ozeanien    ";Sonst. Ausland;Ausland;23;66
2022;02;Ausländer ohne Angabe;Sonst. Ausland;Ausland;136;254
2022;03;Deutschland;Deutschland;Deutschland;81136;176407
2022;03;Belgien;Europa ohne Deutschland;Ausland;286;485
2022;03;Dänemark;Europa ohne Deutschland;Ausland;148;241
2022;03;Frankreich;Europa ohne Deutschland;Ausland;788;1375
2022;03;Italien;Europa ohne Deutschland;Ausland;398;834
2022;03;Niederlande;Europa ohne Deutschland;Ausland;718;1279
2022;03;Österreich;Europa ohne Deutschland;Ausland;880;1774
2022;03;Polen;Europa ohne Deutschland;Ausland;1350;2827
2022;03;Schweden;Europa ohne Deutschland;Ausland;130;303
2022;03;Schweiz;Europa ohne Deutschland;Ausland;630;1271
2022;03;Russland;Europa ohne Deutschland;Ausland;50;128
2022;03;Spanien;Europa ohne Deutschland;Ausland;815;1663
2022;03;Tschechische Republik;Europa ohne Deutschland;Ausland;1110;2146
2022;03;Großbritannien;Europa ohne Deutschland;Ausland;714;1183
2022;03;sonst.europäische Länder (o.13 Länder);Europa ohne Deutschland;Ausland;3315;6311
2022;03;afrikanische Länder;Sonst. Ausland;Ausland;68;124
2022;03;USA;Amerika;Ausland;948;2405
2022;03;Kanada;Amerika;Ausland;84;178
2022;03;amerik. Länder (o.USA, Kanada);Amerika;Ausland;219;695
2022;03;China;Asien;Ausland;53;115
2022;03;Japan;Asien;Ausland;48;229
2022;03;asiatische Länder (o.China, Japan);Asien;Ausland;628;1612
2022;03;"Australien, Neuseeland u. Ozeanien    ";Sonst. Ausland;Ausland;61;132
2022;03;Ausländer ohne Angabe;Sonst. Ausland;Ausland;428;1229
2022;04;Deutschland;Deutschland;Deutschland;121498;277883
2022;04;Belgien;Europa ohne Deutschland;Ausland;421;1019
2022;04;Dänemark;Europa ohne Deutschland;Ausland;651;1565
2022;04;Frankreich;Europa ohne Deutschland;Ausland;700;1357
2022;04;Italien;Europa ohne Deutschland;Ausland;507;1086
2022;04;Niederlande;Europa ohne Deutschland;Ausland;1401;3188
2022;04;Österreich;Europa ohne Deutschland;Ausland;1678;3748
2022;04;Polen;Europa ohne Deutschland;Ausland;2754;5069
2022;04;Schweden;Europa ohne Deutschland;Ausland;248;505
2022;04;Schweiz;Europa ohne Deutschland;Ausland;1677;3927
2022;04;Russland;Europa ohne Deutschland;Ausland;118;280
2022;04;Spanien;Europa ohne Deutschland;Ausland;867;2199
2022;04;Tschechische Republik;Europa ohne Deutschland;Ausland;1934;3571
2022;04;Großbritannien;Europa ohne Deutschland;Ausland;1054;1935
2022;04;sonst.europäische Länder (o.13 Länder);Europa ohne Deutschland;Ausland;3436;7377
2022;04;afrikanische Länder;Sonst. Ausland;Ausland;50;124
2022;04;USA;Amerika;Ausland;1391;3552
2022;04;Kanada;Amerika;Ausland;84;255
2022;04;amerik. Länder (o.USA, Kanada);Amerika;Ausland;443;1125
2022;04;China;Asien;Ausland;92;183
2022;04;Japan;Asien;Ausland;251;1011
2022;04;asiatische Länder (o.China, Japan);Asien;Ausland;695;2050
2022;04;"Australien, Neuseeland u. Ozeanien    ";Sonst. Ausland;Ausland;106;259
2022;04;Ausländer ohne Angabe;Sonst. Ausland;Ausland;754;2117
2022;05;Deutschland;Deutschland;Deutschland;141887;309935
2022;05;Belgien;Europa ohne Deutschland;Ausland;448;1019
2022;05;Dänemark;Europa ohne Deutschland;Ausland;712;2087
2022;05;Frankreich;Europa ohne Deutschland;Ausland;867;1909
2022;05;Italien;Europa ohne Deutschland;Ausland;513;997
2022;05;Niederlande;Europa ohne Deutschland;Ausland;1701;3898
2022;05;Österreich;Europa ohne Deutschland;Ausland;2320;4957
2022;05;Polen;Europa ohne Deutschland;Ausland;2825;6087
2022;05;Schweden;Europa ohne Deutschland;Ausland;275;541
2022;05;Schweiz;Europa ohne Deutschland;Ausland;1764;4726
2022;05;Russland;Europa ohne Deutschland;Ausland;110;172
2022;05;Spanien;Europa ohne Deutschland;Ausland;858;2222
2022;05;Tschechische Republik;Europa ohne Deutschland;Ausland;1944;3501
2022;05;Großbritannien;Europa ohne Deutschland;Ausland;1233;2789
2022;05;sonst.europäische Länder (o.13 Länder);Europa ohne Deutschland;Ausland;4037;8889
2022;05;afrikanische Länder;Sonst. Ausland;Ausland;109;193
2022;05;USA;Amerika;Ausland;2554;5308
2022;05;Kanada;Amerika;Ausland;282;757
2022;05;amerik. Länder (o.USA, Kanada);Amerika;Ausland;661;1454
2022;05;China;Asien;Ausland;98;155
2022;05;Japan;Asien;Ausland;376;1088
2022;05;asiatische Länder (o.China, Japan);Asien;Ausland;1404;3042
2022;05;"Australien, Neuseeland u. Ozeanien    ";Sonst. Ausland;Ausland;190;426
2022;05;Ausländer ohne Angabe;Sonst. Ausland;Ausland;579;1363
2022;06;Deutschland;Deutschland;Deutschland;147727;313432
2022;06;Belgien;Europa ohne Deutschland;Ausland;603;1309
2022;06;Dänemark;Europa ohne Deutschland;Ausland;562;1527
2022;06;Frankreich;Europa ohne Deutschland;Ausland;826;1788
2022;06;Italien;Europa ohne Deutschland;Ausland;588;1237
2022;06;Niederlande;Europa ohne Deutschland;Ausland;1747;4287
2022;06;Österreich;Europa ohne Deutschland;Ausland;2478;5180
2022;06;Polen;Europa ohne Deutschland;Ausland;2865;5687
2022;06;Schweden;Europa ohne Deutschland;Ausland;570;879
2022;06;Schweiz;Europa ohne Deutschland;Ausland;2017;4678
2022;06;Russland;Europa ohne Deutschland;Ausland;147;312
2022;06;Spanien;Europa ohne Deutschland;Ausland;879;2239
2022;06;Tschechische Republik;Europa ohne Deutschland;Ausland;1724;2940
2022;06;Großbritannien;Europa ohne Deutschland;Ausland;1250;2570
2022;06;sonst.europäische Länder (o.13 Länder);Europa ohne Deutschland;Ausland;5014;11132
2022;06;afrikanische Länder;Sonst. Ausland;Ausland;203;465
2022;06;USA;Amerika;Ausland;3355;6923
2022;06;Kanada;Amerika;Ausland;266;624
2022;06;amerik. Länder (o.USA, Kanada);Amerika;Ausland;700;1224
2022;06;China;Asien;Ausland;177;275
2022;06;Japan;Asien;Ausland;186;658
2022;06;asiatische Länder (o.China, Japan);Asien;Ausland;1364;3532
2022;06;"Australien, Neuseeland u. Ozeanien    ";Sonst. Ausland;Ausland;291;639
2022;06;Ausländer ohne Angabe;Sonst. Ausland;Ausland;669;1371
2022;07;Deutschland;Deutschland;Deutschland;168650;339849
2022;07;Belgien;Europa ohne Deutschland;Ausland;1030;2214
2022;07;Dänemark;Europa ohne Deutschland;Ausland;2486;4817
2022;07;Frankreich;Europa ohne Deutschland;Ausland;1009;2089
2022;07;Italien;Europa ohne Deutschland;Ausland;1077;2154
2022;07;Niederlande;Europa ohne Deutschland;Ausland;3223;7066
2022;07;Österreich;Europa ohne Deutschland;Ausland;3098;5813
2022;07;Polen;Europa ohne Deutschland;Ausland;3806;6938
2022;07;Schweden;Europa ohne Deutschland;Ausland;1700;2396
2022;07;Schweiz;Europa ohne Deutschland;Ausland;2647;5991
2022;07;Russland;Europa ohne Deutschland;Ausland;253;464
2022;07;Spanien;Europa ohne Deutschland;Ausland;1203;2682
2022;07;Tschechische Republik;Europa ohne Deutschland;Ausland;2545;4177
2022;07;Großbritannien;Europa ohne Deutschland;Ausland;1313;2749
2022;07;sonst.europäische Länder (o.13 Länder);Europa ohne Deutschland;Ausland;7189;13685
2022;07;afrikanische Länder;Sonst. Ausland;Ausland;217;573
2022;07;USA;Amerika;Ausland;3272;7014
2022;07;Kanada;Amerika;Ausland;430;936
2022;07;amerik. Länder (o.USA, Kanada);Amerika;Ausland;1029;2016
2022;07;China;Asien;Ausland;221;386
2022;07;Japan;Asien;Ausland;333;1271
2022;07;asiatische Länder (o.China, Japan);Asien;Ausland;1553;4225
2022;07;"Australien, Neuseeland u. Ozeanien    ";Sonst. Ausland;Ausland;400;832
2022;07;Ausländer ohne Angabe;Sonst. Ausland;Ausland;1024;1940
2022;08;Deutschland;Deutschland;Deutschland;170319;353058
2022;08;Belgien;Europa ohne Deutschland;Ausland;820;1804
2022;08;Dänemark;Europa ohne Deutschland;Ausland;847;1968
2022;08;Frankreich;Europa ohne Deutschland;Ausland;1537;2909
2022;08;Italien;Europa ohne Deutschland;Ausland;2786;5679
2022;08;Niederlande;Europa ohne Deutschland;Ausland;3712;7703
2022;08;Österreich;Europa ohne Deutschland;Ausland;3542;7342
2022;08;Polen;Europa ohne Deutschland;Ausland;4613;8895
2022;08;Schweden;Europa ohne Deutschland;Ausland;857;1227
2022;08;Schweiz;Europa ohne Deutschland;Ausland;2195;4997
2022;08;Russland;Europa ohne Deutschland;Ausland;276;599
2022;08;Spanien;Europa ohne Deutschland;Ausland;1790;4048
2022;08;Tschechische Republik;Europa ohne Deutschland;Ausland;2454;4241
2022;08;Großbritannien;Europa ohne Deutschland;Ausland;1643;3347
2022;08;sonst.europäische Länder (o.13 Länder);Europa ohne Deutschland;Ausland;5725;10364
2022;08;afrikanische Länder;Sonst. Ausland;Ausland;143;301
2022;08;USA;Amerika;Ausland;2825;5845
2022;08;Kanada;Amerika;Ausland;384;858
2022;08;amerik. Länder (o.USA, Kanada);Amerika;Ausland;645;1214
2022;08;China;Asien;Ausland;231;408
2022;08;Japan;Asien;Ausland;296;1238
2022;08;asiatische Länder (o.China, Japan);Asien;Ausland;1594;4013
2022;08;"Australien, Neuseeland u. Ozeanien    ";Sonst. Ausland;Ausland;387;793
2022;08;Ausländer ohne Angabe;Sonst. Ausland;Ausland;1392;2684
2022;09;Deutschland;Deutschland;Deutschland;156306;330092
2022;09;Belgien;Europa ohne Deutschland;Ausland;509;1054
2022;09;Dänemark;Europa ohne Deutschland;Ausland;1105;3240
2022;09;Frankreich;Europa ohne Deutschland;Ausland;1023;2110
2022;09;Italien;Europa ohne Deutschland;Ausland;673;1452
2022;09;Niederlande;Europa ohne Deutschland;Ausland;2117;5114
2022;09;Österreich;Europa ohne Deutschland;Ausland;2377;4941
2022;09;Polen;Europa ohne Deutschland;Ausland;2892;5418
2022;09;Schweden;Europa ohne Deutschland;Ausland;418;831
2022;09;Schweiz;Europa ohne Deutschland;Ausland;2061;5104
2022;09;Russland;Europa ohne Deutschland;Ausland;294;578
2022;09;Spanien;Europa ohne Deutschland;Ausland;999;2541
2022;09;Tschechische Republik;Europa ohne Deutschland;Ausland;1741;2835
2022;09;Großbritannien;Europa ohne Deutschland;Ausland;1784;3924
2022;09;sonst.europäische Länder (o.13 Länder);Europa ohne Deutschland;Ausland;5265;11066
2022;09;afrikanische Länder;Sonst. Ausland;Ausland;208;384
2022;09;USA;Amerika;Ausland;4693;9819
2022;09;Kanada;Amerika;Ausland;505;1085
2022;09;amerik. Länder (o.USA, Kanada);Amerika;Ausland;1055;1992
2022;09;China;Asien;Ausland;280;509
2022;09;Japan;Asien;Ausland;540;1541
2022;09;asiatische Länder (o.China, Japan);Asien;Ausland;2025;4803
2022;09;"Australien, Neuseeland u. Ozeanien    ";Sonst. Ausland;Ausland;443;897
2022;09;Ausländer ohne Angabe;Sonst. Ausland;Ausland;708;1350
2022;10;Deutschland;Deutschland;Deutschland;152088;336619
2022;10;Belgien;Europa ohne Deutschland;Ausland;463;981
2022;10;Dänemark;Europa ohne Deutschland;Ausland;620;1556
2022;10;Frankreich;Europa ohne Deutschland;Ausland;946;2045
2022;10;Italien;Europa ohne Deutschland;Ausland;637;1370
2022;10;Niederlande;Europa ohne Deutschland;Ausland;1737;3946
2022;10;Österreich;Europa ohne Deutschland;Ausland;2545;5525
2022;10;Polen;Europa ohne Deutschland;Ausland;2845;5183
2022;10;Schweden;Europa ohne Deutschland;Ausland;366;803
2022;10;Schweiz;Europa ohne Deutschland;Ausland;1908;4899
2022;10;Russland;Europa ohne Deutschland;Ausland;242;644
2022;10;Spanien;Europa ohne Deutschland;Ausland;872;2461
2022;10;Tschechische Republik;Europa ohne Deutschland;Ausland;2699;4202
2022;10;Großbritannien;Europa ohne Deutschland;Ausland;1227;2598
2022;10;sonst.europäische Länder (o.13 Länder);Europa ohne Deutschland;Ausland;4847;8993
2022;10;afrikanische Länder;Sonst. Ausland;Ausland;166;418
2022;10;USA;Amerika;Ausland;2503;5502
2022;10;Kanada;Amerika;Ausland;347;889
2022;10;amerik. Länder (o.USA, Kanada);Amerika;Ausland;687;1709
2022;10;China;Asien;Ausland;249;426
2022;10;Japan;Asien;Ausland;402;1276
2022;10;asiatische Länder (o.China, Japan);Asien;Ausland;1552;4368
2022;10;"Australien, Neuseeland u. Ozeanien    ";Sonst. Ausland;Ausland;277;649
2022;10;Ausländer ohne Angabe;Sonst. Ausland;Ausland;2531;4469
2022;11;Deutschland;Deutschland;Deutschland;127724;250667
2022;11;Belgien;Europa ohne Deutschland;Ausland;310;719
2022;11;Dänemark;Europa ohne Deutschland;Ausland;310;671
2022;11;Frankreich;Europa ohne Deutschland;Ausland;655;1394
2022;11;Italien;Europa ohne Deutschland;Ausland;535;1235
2022;11;Niederlande;Europa ohne Deutschland;Ausland;944;1892
2022;11;Österreich;Europa ohne Deutschland;Ausland;1834;3598
2022;11;Polen;Europa ohne Deutschland;Ausland;2925;5547
2022;11;Schweden;Europa ohne Deutschland;Ausland;238;544
2022;11;Schweiz;Europa ohne Deutschland;Ausland;1221;2829
2022;11;Russland;Europa ohne Deutschland;Ausland;180;473
2022;11;Spanien;Europa ohne Deutschland;Ausland;765;1772
2022;11;Tschechische Republik;Europa ohne Deutschland;Ausland;2777;4382
2022;11;Großbritannien;Europa ohne Deutschland;Ausland;1099;2106
2022;11;sonst.europäische Länder (o.13 Länder);Europa ohne Deutschland;Ausland;4848;9932
2022;11;afrikanische Länder;Sonst. Ausland;Ausland;211;387
2022;11;USA;Amerika;Ausland;2145;4319
2022;11;Kanada;Amerika;Ausland;341;734
2022;11;amerik. Länder (o.USA, Kanada);Amerika;Ausland;441;846
2022;11;China;Asien;Ausland;195;347
2022;11;Japan;Asien;Ausland;604;1404
2022;11;asiatische Länder (o.China, Japan);Asien;Ausland;1772;4727
2022;11;"Australien, Neuseeland u. Ozeanien    ";Sonst. Ausland;Ausland;254;600
2022;11;Ausländer ohne Angabe;Sonst. Ausland;Ausland;2424;3220
2022;12;Deutschland;Deutschland;Deutschland;174477;341099
2022;12;Belgien;Europa ohne Deutschland;Ausland;340;709
2022;12;Dänemark;Europa ohne Deutschland;Ausland;253;546
2022;12;Frankreich;Europa ohne Deutschland;Ausland;833;1930
2022;12;Italien;Europa ohne Deutschland;Ausland;691;1707
2022;12;Niederlande;Europa ohne Deutschland;Ausland;1455;2988
2022;12;Österreich;Europa ohne Deutschland;Ausland;2290;5051
2022;12;Polen;Europa ohne Deutschland;Ausland;3767;6738
2022;12;Schweden;Europa ohne Deutschland;Ausland;212;469
2022;12;Schweiz;Europa ohne Deutschland;Ausland;2149;5344
2022;12;Russland;Europa ohne Deutschland;Ausland;248;627
2022;12;Spanien;Europa ohne Deutschland;Ausland;1165;3022
2022;12;Tschechische Republik;Europa ohne Deutschland;Ausland;4597;7060
2022;12;Großbritannien;Europa ohne Deutschland;Ausland;1856;3933
2022;12;sonst.europäische Länder (o.13 Länder);Europa ohne Deutschland;Ausland;5774;11620
2022;12;afrikanische Länder;Sonst. Ausland;Ausland;266;525
2022;12;USA;Amerika;Ausland;3667;7668
2022;12;Kanada;Amerika;Ausland;370;902
2022;12;amerik. Länder (o.USA, Kanada);Amerika;Ausland;657;1688
2022;12;China;Asien;Ausland;253;449
2022;12;Japan;Asien;Ausland;668;1725
2022;12;asiatische Länder (o.China, Japan);Asien;Ausland;2078;4726
2022;12;"Australien, Neuseeland u. Ozeanien    ";Sonst. Ausland;Ausland;662;1407
2022;12;Ausländer ohne Angabe;Sonst. Ausland;Ausland;415;698
2023;01;Deutschland;Deutschland;Deutschland;80565;161689
2023;01;Belgien;Europa ohne Deutschland;Ausland;249;444
2023;01;Dänemark;Europa ohne Deutschland;Ausland;139;289
2023;01;Frankreich;Europa ohne Deutschland;Ausland;542;1122
2023;01;Italien;Europa ohne Deutschland;Ausland;505;1086
2023;01;Niederlande;Europa ohne Deutschland;Ausland;1148;1920
2023;01;Österreich;Europa ohne Deutschland;Ausland;1106;2103
2023;01;Polen;Europa ohne Deutschland;Ausland;2113;5296
2023;01;Schweden;Europa ohne Deutschland;Ausland;161;254
2023;01;Schweiz;Europa ohne Deutschland;Ausland;692;1553
2023;01;Russland;Europa ohne Deutschland;Ausland;198;693
2023;01;Spanien;Europa ohne Deutschland;Ausland;553;1175
2023;01;Tschechische Republik;Europa ohne Deutschland;Ausland;1033;1830
2023;01;Großbritannien;Europa ohne Deutschland;Ausland;738;1604
2023;01;sonst.europäische Länder (o.13 Länder);Europa ohne Deutschland;Ausland;4598;10446
2023;01;afrikanische Länder;Sonst. Ausland;Ausland;71;233
2023;01;USA;Amerika;Ausland;1117;2360
2023;01;Kanada;Amerika;Ausland;148;439
2023;01;amerik. Länder (o.USA, Kanada);Amerika;Ausland;441;1160
2023;01;China;Asien;Ausland;228;359
2023;01;Japan;Asien;Ausland;398;853
2023;01;asiatische Länder (o.China, Japan);Asien;Ausland;1333;4421
2023;01;"Australien, Neuseeland u. Ozeanien    ";Sonst. Ausland;Ausland;214;442
2023;01;Ausländer ohne Angabe;Sonst. Ausland;Ausland;166;249
2023;02;Deutschland;Deutschland;Deutschland;85688;173451
2023;02;Belgien;Europa ohne Deutschland;Ausland;303;677
2023;02;Dänemark;Europa ohne Deutschland;Ausland;235;412
2023;02;Frankreich;Europa ohne Deutschland;Ausland;426;1176
2023;02;Italien;Europa ohne Deutschland;Ausland;372;917
2023;02;Niederlande;Europa ohne Deutschland;Ausland;841;1656
2023;02;Österreich;Europa ohne Deutschland;Ausland;1113;2572
2023;02;Polen;Europa ohne Deutschland;Ausland;2419;5415
2023;02;Schweden;Europa ohne Deutschland;Ausland;118;250
2023;02;Schweiz;Europa ohne Deutschland;Ausland;678;1463
2023;02;Russland;Europa ohne Deutschland;Ausland;138;540
2023;02;Spanien;Europa ohne Deutschland;Ausland;590;1286
2023;02;Tschechische Republik;Europa ohne Deutschland;Ausland;1717;2809
2023;02;Großbritannien;Europa ohne Deutschland;Ausland;677;1623
2023;02;sonst.europäische Länder (o.13 Länder);Europa ohne Deutschland;Ausland;3342;8054
2023;02;afrikanische Länder;Sonst. Ausland;Ausland;107;433
2023;02;USA;Amerika;Ausland;779;2182
2023;02;Kanada;Amerika;Ausland;140;428
2023;02;amerik. Länder (o.USA, Kanada);Amerika;Ausland;306;748
2023;02;China;Asien;Ausland;168;278
2023;02;Japan;Asien;Ausland;340;1052
2023;02;asiatische Länder (o.China, Japan);Asien;Ausland;870;2800
2023;02;"Australien, Neuseeland u. Ozeanien    ";Sonst. Ausland;Ausland;144;467
2023;02;Ausländer ohne Angabe;Sonst. Ausland;Ausland;705;1380
2023;03;Deutschland;Deutschland;Deutschland;124358;263182
2023;03;Belgien;Europa ohne Deutschland;Ausland;543;828
2023;03;Dänemark;Europa ohne Deutschland;Ausland;492;1443
2023;03;Frankreich;Europa ohne Deutschland;Ausland;693;1629
2023;03;Italien;Europa ohne Deutschland;Ausland;608;1413
2023;03;Niederlande;Europa ohne Deutschland;Ausland;986;1997
2023;03;Österreich;Europa ohne Deutschland;Ausland;1565;3450
2023;03;Polen;Europa ohne Deutschland;Ausland;2248;5772
2023;03;Schweden;Europa ohne Deutschland;Ausland;169;423
2023;03;Schweiz;Europa ohne Deutschland;Ausland;1274;2783
2023;03;Russland;Europa ohne Deutschland;Ausland;181;577
2023;03;Spanien;Europa ohne Deutschland;Ausland;781;1896
2023;03;Tschechische Republik;Europa ohne Deutschland;Ausland;1670;3016
2023;03;Großbritannien;Europa ohne Deutschland;Ausland;1077;2268
2023;03;sonst.europäische Länder (o.13 Länder);Europa ohne Deutschland;Ausland;4758;10644
2023;03;afrikanische Länder;Sonst. Ausland;Ausland;110;296
2023;03;USA;Amerika;Ausland;1798;3936
2023;03;Kanada;Amerika;Ausland;248;629
2023;03;amerik. Länder (o.USA, Kanada);Amerika;Ausland;427;1347
2023;03;China;Asien;Ausland;291;602
2023;03;Japan;Asien;Ausland;378;1122
2023;03;asiatische Länder (o.China, Japan);Asien;Ausland;1381;3719
2023;03;"Australien, Neuseeland u. Ozeanien    ";Sonst. Ausland;Ausland;160;409
2023;03;Ausländer ohne Angabe;Sonst. Ausland;Ausland;1313;2090
2023;04;Deutschland;Deutschland;Deutschland;141727;317677
2023;04;Belgien;Europa ohne Deutschland;Ausland;424;901
2023;04;Dänemark;Europa ohne Deutschland;Ausland;560;1276
2023;04;Frankreich;Europa ohne Deutschland;Ausland;774;1863
2023;04;Italien;Europa ohne Deutschland;Ausland;763;1708
2023;04;Niederlande;Europa ohne Deutschland;Ausland;1818;3724
2023;04;Österreich;Europa ohne Deutschland;Ausland;2422;5787
2023;04;Polen;Europa ohne Deutschland;Ausland;4837;9488
2023;04;Schweden;Europa ohne Deutschland;Ausland;360;729
2023;04;Schweiz;Europa ohne Deutschland;Ausland;2442;6268
2023;04;Russland;Europa ohne Deutschland;Ausland;197;534
2023;04;Spanien;Europa ohne Deutschland;Ausland;789;2199
2023;04;Tschechische Republik;Europa ohne Deutschland;Ausland;2488;4362
2023;04;Großbritannien;Europa ohne Deutschland;Ausland;1399;3255
2023;04;sonst.europäische Länder (o.13 Länder);Europa ohne Deutschland;Ausland;6209;12761
2023;04;afrikanische Länder;Sonst. Ausland;Ausland;186;514
2023;04;USA;Amerika;Ausland;2072;4492
2023;04;Kanada;Amerika;Ausland;290;874
2023;04;amerik. Länder (o.USA, Kanada);Amerika;Ausland;701;2128
2023;04;China;Asien;Ausland;436;825
2023;04;Japan;Asien;Ausland;354;1198
2023;04;asiatische Länder (o.China, Japan);Asien;Ausland;1984;4304
2023;04;"Australien, Neuseeland u. Ozeanien    ";Sonst. Ausland;Ausland;330;811
2023;04;Ausländer ohne Angabe;Sonst. Ausland;Ausland;1372;2960
2023;05;Deutschland;Deutschland;Deutschland;158793;341441
2023;05;Belgien;Europa ohne Deutschland;Ausland;555;1164
2023;05;Dänemark;Europa ohne Deutschland;Ausland;917;2741
2023;05;Frankreich;Europa ohne Deutschland;Ausland;1074;2296
2023;05;Italien;Europa ohne Deutschland;Ausland;693;1432
2023;05;Niederlande;Europa ohne Deutschland;Ausland;2107;4473
2023;05;Österreich;Europa ohne Deutschland;Ausland;3395;7449
2023;05;Polen;Europa ohne Deutschland;Ausland;4773;10943
2023;05;Schweden;Europa ohne Deutschland;Ausland;449;891
2023;05;Schweiz;Europa ohne Deutschland;Ausland;2507;6231
2023;05;Russland;Europa ohne Deutschland;Ausland;174;488
2023;05;Spanien;Europa ohne Deutschland;Ausland;891;2199
2023;05;Tschechische Republik;Europa ohne Deutschland;Ausland;2194;3702
2023;05;Großbritannien;Europa ohne Deutschland;Ausland;1516;3133
2023;05;sonst.europäische Länder (o.13 Länder);Europa ohne Deutschland;Ausland;6015;12534
2023;05;afrikanische Länder;Sonst. Ausland;Ausland;203;424
2023;05;USA;Amerika;Ausland;3059;6337
2023;05;Kanada;Amerika;Ausland;532;1258
2023;05;amerik. Länder (o.USA, Kanada);Amerika;Ausland;1085;2746
2023;05;China;Asien;Ausland;556;1032
2023;05;Japan;Asien;Ausland;580;1874
2023;05;asiatische Länder (o.China, Japan);Asien;Ausland;2407;5072
2023;05;"Australien, Neuseeland u. Ozeanien    ";Sonst. Ausland;Ausland;591;1304
2023;05;Ausländer ohne Angabe;Sonst. Ausland;Ausland;472;1012
2023;06;Deutschland;Deutschland;Deutschland;150647;319995
2023;06;Belgien;Europa ohne Deutschland;Ausland;581;1209
2023;06;Dänemark;Europa ohne Deutschland;Ausland;798;1934
2023;06;Frankreich;Europa ohne Deutschland;Ausland;1022;2126
2023;06;Italien;Europa ohne Deutschland;Ausland;871;1610
2023;06;Niederlande;Europa ohne Deutschland;Ausland;2465;5349
2023;06;Österreich;Europa ohne Deutschland;Ausland;3307;7195
2023;06;Polen;Europa ohne Deutschland;Ausland;4110;8582
2023;06;Schweden;Europa ohne Deutschland;Ausland;811;1489
2023;06;Schweiz;Europa ohne Deutschland;Ausland;2911;6449
2023;06;Russland;Europa ohne Deutschland;Ausland;214;446
2023;06;Spanien;Europa ohne Deutschland;Ausland;896;2162
2023;06;Tschechische Republik;Europa ohne Deutschland;Ausland;1817;2995
2023;06;Großbritannien;Europa ohne Deutschland;Ausland;1668;3444
2023;06;sonst.europäische Länder (o.13 Länder);Europa ohne Deutschland;Ausland;7638;15636
2023;06;afrikanische Länder;Sonst. Ausland;Ausland;203;376
2023;06;USA;Amerika;Ausland;4078;8155
2023;06;Kanada;Amerika;Ausland;605;1370
2023;06;amerik. Länder (o.USA, Kanada);Amerika;Ausland;964;1925
2023;06;China;Asien;Ausland;629;1107
2023;06;Japan;Asien;Ausland;611;2000
2023;06;asiatische Länder (o.China, Japan);Asien;Ausland;2200;4390
2023;06;"Australien, Neuseeland u. Ozeanien    ";Sonst. Ausland;Ausland;659;1425
2023;06;Ausländer ohne Angabe;Sonst. Ausland;Ausland;350;658
2023;07;Deutschland;Deutschland;Deutschland;153622;314362
2023;07;Belgien;Europa ohne Deutschland;Ausland;1166;2300
2023;07;Dänemark;Europa ohne Deutschland;Ausland;2971;5761
2023;07;Frankreich;Europa ohne Deutschland;Ausland;1486;2851
2023;07;Italien;Europa ohne Deutschland;Ausland;1292;2538
2023;07;Niederlande;Europa ohne Deutschland;Ausland;3490;6837
2023;07;Österreich;Europa ohne Deutschland;Ausland;3664;7461
2023;07;Polen;Europa ohne Deutschland;Ausland;4910;9659
2023;07;Schweden;Europa ohne Deutschland;Ausland;2118;3474
2023;07;Schweiz;Europa ohne Deutschland;Ausland;3342;7296
2023;07;Russland;Europa ohne Deutschland;Ausland;216;429
2023;07;Spanien;Europa ohne Deutschland;Ausland;1028;2229
2023;07;Tschechische Republik;Europa ohne Deutschland;Ausland;2863;5001
2023;07;Großbritannien;Europa ohne Deutschland;Ausland;1681;3309
2023;07;sonst.europäische Länder (o.13 Länder);Europa ohne Deutschland;Ausland;8780;16772
2023;07;afrikanische Länder;Sonst. Ausland;Ausland;232;423
2023;07;USA;Amerika;Ausland;3389;7227
2023;07;Kanada;Amerika;Ausland;423;1084
2023;07;amerik. Länder (o.USA, Kanada);Amerika;Ausland;1177;2444
2023;07;China;Asien;Ausland;713;1303
2023;07;Japan;Asien;Ausland;453;1693
2023;07;asiatische Länder (o.China, Japan);Asien;Ausland;2185;4431
2023;07;"Australien, Neuseeland u. Ozeanien    ";Sonst. Ausland;Ausland;686;1396
2023;07;Ausländer ohne Angabe;Sonst. Ausland;Ausland;531;990
2023;08;Deutschland;Deutschland;Deutschland;167710;349850
2023;08;Belgien;Europa ohne Deutschland;Ausland;875;1930
2023;08;Dänemark;Europa ohne Deutschland;Ausland;1485;3850
2023;08;Frankreich;Europa ohne Deutschland;Ausland;1859;3756
2023;08;Italien;Europa ohne Deutschland;Ausland;2855;5471
2023;08;Niederlande;Europa ohne Deutschland;Ausland;4290;8688
2023;08;Österreich;Europa ohne Deutschland;Ausland;4037;8246
2023;08;Polen;Europa ohne Deutschland;Ausland;5927;12427
2023;08;Schweden;Europa ohne Deutschland;Ausland;1045;1465
2023;08;Schweiz;Europa ohne Deutschland;Ausland;2454;5449
2023;08;Russland;Europa ohne Deutschland;Ausland;137;344
2023;08;Spanien;Europa ohne Deutschland;Ausland;1698;3911
2023;08;Tschechische Republik;Europa ohne Deutschland;Ausland;2564;4326
2023;08;Großbritannien;Europa ohne Deutschland;Ausland;1827;3814
2023;08;sonst.europäische Länder (o.13 Länder);Europa ohne Deutschland;Ausland;7050;14516
2023;08;afrikanische Länder;Sonst. Ausland;Ausland;182;479
2023;08;USA;Amerika;Ausland;2714;5709
2023;08;Kanada;Amerika;Ausland;381;939
2023;08;amerik. Länder (o.USA, Kanada);Amerika;Ausland;833;1564
2023;08;China;Asien;Ausland;743;1312
2023;08;Japan;Asien;Ausland;591;1975
2023;08;asiatische Länder (o.China, Japan);Asien;Ausland;2167;5071
2023;08;"Australien, Neuseeland u. Ozeanien    ";Sonst. Ausland;Ausland;663;1445
2023;08;Ausländer ohne Angabe;Sonst. Ausland;Ausland;719;1286
2023;09;Deutschland;Deutschland;Deutschland;173695;359664
2023;09;Belgien;Europa ohne Deutschland;Ausland;755;1652
2023;09;Dänemark;Europa ohne Deutschland;Ausland;943;2521
2023;09;Frankreich;Europa ohne Deutschland;Ausland;1021;2226
2023;09;Italien;Europa ohne Deutschland;Ausland;807;1840
2023;09;Niederlande;Europa ohne Deutschland;Ausland;2573;5646
2023;09;Österreich;Europa ohne Deutschland;Ausland;2999;6379
2023;09;Polen;Europa ohne Deutschland;Ausland;3514;6709
2023;09;Schweden;Europa ohne Deutschland;Ausland;677;1227
2023;09;Schweiz;Europa ohne Deutschland;Ausland;2431;5929
2023;09;Russland;Europa ohne Deutschland;Ausland;154;346
2023;09;Spanien;Europa ohne Deutschland;Ausland;942;2316
2023;09;Tschechische Republik;Europa ohne Deutschland;Ausland;2430;4112
2023;09;Großbritannien;Europa ohne Deutschland;Ausland;1864;4229
2023;09;sonst.europäische Länder (o.13 Länder);Europa ohne Deutschland;Ausland;5980;12158
2023;09;afrikanische Länder;Sonst. Ausland;Ausland;191;480
2023;09;USA;Amerika;Ausland;4019;8261
2023;09;Kanada;Amerika;Ausland;466;1084
2023;09;amerik. Länder (o.USA, Kanada);Amerika;Ausland;1295;2572
2023;09;China;Asien;Ausland;798;1467
2023;09;Japan;Asien;Ausland;562;1566
2023;09;asiatische Länder (o.China, Japan);Asien;Ausland;2523;5172
2023;09;"Australien, Neuseeland u. Ozeanien    ";Sonst. Ausland;Ausland;628;1376
2023;09;Ausländer ohne Angabe;Sonst. Ausland;Ausland;466;794
2023;10;Deutschland;Deutschland;Deutschland;158210;358751
2023;10;Belgien;Europa ohne Deutschland;Ausland;421;910
2023;10;Dänemark;Europa ohne Deutschland;Ausland;696;1862
2023;10;Frankreich;Europa ohne Deutschland;Ausland;905;2039
2023;10;Italien;Europa ohne Deutschland;Ausland;771;1586
2023;10;Niederlande;Europa ohne Deutschland;Ausland;2093;4809
2023;10;Österreich;Europa ohne Deutschland;Ausland;2544;5702
2023;10;Polen;Europa ohne Deutschland;Ausland;2905;6146
2023;10;Schweden;Europa ohne Deutschland;Ausland;470;917
2023;10;Schweiz;Europa ohne Deutschland;Ausland;2375;6074
2023;10;Russland;Europa ohne Deutschland;Ausland;130;365
2023;10;Spanien;Europa ohne Deutschland;Ausland;786;2194
2023;10;Tschechische Republik;Europa ohne Deutschland;Ausland;2607;4071
2023;10;Großbritannien;Europa ohne Deutschland;Ausland;1365;2751
2023;10;sonst.europäische Länder (o.13 Länder);Europa ohne Deutschland;Ausland;5627;12004
2023;10;afrikanische Länder;Sonst. Ausland;Ausland;192;433
2023;10;USA;Amerika;Ausland;3059;6707
2023;10;Kanada;Amerika;Ausland;425;1116
2023;10;amerik. Länder (o.USA, Kanada);Amerika;Ausland;959;1865
2023;10;China;Asien;Ausland;783;1326
2023;10;Japan;Asien;Ausland;542;1757
2023;10;asiatische Länder (o.China, Japan);Asien;Ausland;2257;5125
2023;10;"Australien, Neuseeland u. Ozeanien    ";Sonst. Ausland;Ausland;434;990
2023;10;Ausländer ohne Angabe;Sonst. Ausland;Ausland;562;1068
2023;11;Deutschland;Deutschland;Deutschland;127740;248903
2023;11;Belgien;Europa ohne Deutschland;Ausland;402;943
2023;11;Dänemark;Europa ohne Deutschland;Ausland;304;803
2023;11;Frankreich;Europa ohne Deutschland;Ausland;639;1466
2023;11;Italien;Europa ohne Deutschland;Ausland;680;1587
2023;11;Niederlande;Europa ohne Deutschland;Ausland;1109;2273
2023;11;Österreich;Europa ohne Deutschland;Ausland;1674;3385
2023;11;Polen;Europa ohne Deutschland;Ausland;2940;5938
2023;11;Schweden;Europa ohne Deutschland;Ausland;177;355
2023;11;Schweiz;Europa ohne Deutschland;Ausland;1338;3102
2023;11;Russland;Europa ohne Deutschland;Ausland;117;326
2023;11;Spanien;Europa ohne Deutschland;Ausland;899;2074
2023;11;Tschechische Republik;Europa ohne Deutschland;Ausland;2790;4752
2023;11;Großbritannien;Europa ohne Deutschland;Ausland;1012;2006
2023;11;sonst.europäische Länder (o.13 Länder);Europa ohne Deutschland;Ausland;5171;10408
2023;11;afrikanische Länder;Sonst. Ausland;Ausland;139;338
2023;11;USA;Amerika;Ausland;2486;5494
2023;11;Kanada;Amerika;Ausland;299;640
2023;11;amerik. Länder (o.USA, Kanada);Amerika;Ausland;615;1223
2023;11;China;Asien;Ausland;729;1319
2023;11;Japan;Asien;Ausland;494;1849
2023;11;asiatische Länder (o.China, Japan);Asien;Ausland;1552;3507
2023;11;"Australien, Neuseeland u. Ozeanien    ";Sonst. Ausland;Ausland;427;854
2023;11;Ausländer ohne Angabe;Sonst. Ausland;Ausland;330;521
2023;12;Deutschland;Deutschland;Deutschland;183361;372715
2023;12;Belgien;Europa ohne Deutschland;Ausland;429;918
2023;12;Dänemark;Europa ohne Deutschland;Ausland;385;978
2023;12;Frankreich;Europa ohne Deutschland;Ausland;1023;2241
2023;12;Italien;Europa ohne Deutschland;Ausland;822;1881
2023;12;Niederlande;Europa ohne Deutschland;Ausland;1723;3569
2023;12;Österreich;Europa ohne Deutschland;Ausland;2406;5270
2023;12;Polen;Europa ohne Deutschland;Ausland;4527;8003
2023;12;Schweden;Europa ohne Deutschland;Ausland;272;628
2023;12;Schweiz;Europa ohne Deutschland;Ausland;2612;6875
2023;12;Russland;Europa ohne Deutschland;Ausland;191;390
2023;12;Spanien;Europa ohne Deutschland;Ausland;1254;3265
2023;12;Tschechische Republik;Europa ohne Deutschland;Ausland;4570;6746
2023;12;Großbritannien;Europa ohne Deutschland;Ausland;2190;4608
2023;12;sonst.europäische Länder (o.13 Länder);Europa ohne Deutschland;Ausland;6356;13844
2023;12;afrikanische Länder;Sonst. Ausland;Ausland;239;434
2023;12;USA;Amerika;Ausland;5138;10543
2023;12;Kanada;Amerika;Ausland;437;1053
2023;12;amerik. Länder (o.USA, Kanada);Amerika;Ausland;948;2075
2023;12;China;Asien;Ausland;602;1118
2023;12;Japan;Asien;Ausland;1130;2850
2023;12;asiatische Länder (o.China, Japan);Asien;Ausland;2768;5324
2023;12;"Australien, Neuseeland u. Ozeanien    ";Sonst. Ausland;Ausland;1026;2395
2023;12;Ausländer ohne Angabe;Sonst. Ausland;Ausland;510;909
2024;01;Deutschland;Deutschland;Deutschland;84409;166059
2024;01;Belgien;Europa ohne Deutschland;Ausland;231;444
2024;01;Dänemark;Europa ohne Deutschland;Ausland;156;293
2024;01;Frankreich;Europa ohne Deutschland;Ausland;577;1167
2024;01;Italien;Europa ohne Deutschland;Ausland;502;1256
2024;01;Niederlande;Europa ohne Deutschland;Ausland;837;1675
2024;01;Österreich;Europa ohne Deutschland;Ausland;1165;2647
2024;01;Polen;Europa ohne Deutschland;Ausland;2295;4591
2024;01;Schweden;Europa ohne Deutschland;Ausland;107;233
2024;01;Schweiz;Europa ohne Deutschland;Ausland;787;1854
2024;01;Russland;Europa ohne Deutschland;Ausland;157;321
2024;01;Spanien;Europa ohne Deutschland;Ausland;582;1248
2024;01;Tschechische Republik;Europa ohne Deutschland;Ausland;1593;2556
2024;01;Großbritannien;Europa ohne Deutschland;Ausland;621;1137
2024;01;sonst.europäische Länder (o.13 Länder);Europa ohne Deutschland;Ausland;4351;8824
2024;01;afrikanische Länder;Sonst. Ausland;Ausland;116;253
2024;01;USA;Amerika;Ausland;1283;3073
2024;01;Kanada;Amerika;Ausland;161;436
2024;01;amerik. Länder (o.USA, Kanada);Amerika;Ausland;608;1180
2024;01;China;Asien;Ausland;334;834
2024;01;Japan;Asien;Ausland;491;1447
2024;01;asiatische Länder (o.China, Japan);Asien;Ausland;1283;2830
2024;01;"Australien, Neuseeland u. Ozeanien    ";Sonst. Ausland;Ausland;389;922
2024;01;Ausländer ohne Angabe;Sonst. Ausland;Ausland;219;283
2024;02;Deutschland;Deutschland;Deutschland;99319;198223
2024;02;Belgien;Europa ohne Deutschland;Ausland;241;573
2024;02;Dänemark;Europa ohne Deutschland;Ausland;201;370
2024;02;Frankreich;Europa ohne Deutschland;Ausland;550;1254
2024;02;Italien;Europa ohne Deutschland;Ausland;528;1164
2024;02;Niederlande;Europa ohne Deutschland;Ausland;1128;2667
2024;02;Österreich;Europa ohne Deutschland;Ausland;1294;2737
2024;02;Polen;Europa ohne Deutschland;Ausland;2413;4561
2024;02;Schweden;Europa ohne Deutschland;Ausland;122;280
2024;02;Schweiz;Europa ohne Deutschland;Ausland;878;1895
2024;02;Russland;Europa ohne Deutschland;Ausland;138;317
2024;02;Spanien;Europa ohne Deutschland;Ausland;585;1370
2024;02;Tschechische Republik;Europa ohne Deutschland;Ausland;1887;3296
2024;02;Großbritannien;Europa ohne Deutschland;Ausland;725;1492
2024;02;sonst.europäische Länder (o.13 Länder);Europa ohne Deutschland;Ausland;4411;9653
2024;02;afrikanische Länder;Sonst. Ausland;Ausland;66;136
2024;02;USA;Amerika;Ausland;1117;2679
2024;02;Kanada;Amerika;Ausland;163;426
2024;02;amerik. Länder (o.USA, Kanada);Amerika;Ausland;678;1345
2024;02;China;Asien;Ausland;730;1766
2024;02;Japan;Asien;Ausland;391;1527
2024;02;asiatische Länder (o.China, Japan);Asien;Ausland;1077;2904
2024;02;"Australien, Neuseeland u. Ozeanien    ";Sonst. Ausland;Ausland;143;368
2024;02;Ausländer ohne Angabe;Sonst. Ausland;Ausland;246;505
2024;03;Deutschland;Deutschland;Deutschland;147018;302773
2024;03;Belgien;Europa ohne Deutschland;Ausland;543;1186
2024;03;Dänemark;Europa ohne Deutschland;Ausland;600;1372
2024;03;Frankreich;Europa ohne Deutschland;Ausland;707;1547
2024;03;Italien;Europa ohne Deutschland;Ausland;750;1671
2024;03;Niederlande;Europa ohne Deutschland;Ausland;1166;2497
2024;03;Österreich;Europa ohne Deutschland;Ausland;2240;4873
2024;03;Polen;Europa ohne Deutschland;Ausland;2918;5760
2024;03;Schweden;Europa ohne Deutschland;Ausland;367;748
2024;03;Schweiz;Europa ohne Deutschland;Ausland;1725;3834
2024;03;Russland;Europa ohne Deutschland;Ausland;123;295
2024;03;Spanien;Europa ohne Deutschland;Ausland;880;2019
2024;03;Tschechische Republik;Europa ohne Deutschland;Ausland;2577;4635
2024;03;Großbritannien;Europa ohne Deutschland;Ausland;1314;2409
2024;03;sonst.europäische Länder (o.13 Länder);Europa ohne Deutschland;Ausland;5645;11233
2024;03;afrikanische Länder;Sonst. Ausland;Ausland;115;206
2024;03;USA;Amerika;Ausland;2173;4560
2024;03;Kanada;Amerika;Ausland;259;720
2024;03;amerik. Länder (o.USA, Kanada);Amerika;Ausland;553;1165
2024;03;China;Asien;Ausland;735;1359
2024;03;Japan;Asien;Ausland;637;1525
2024;03;asiatische Länder (o.China, Japan);Asien;Ausland;1651;3664
2024;03;"Australien, Neuseeland u. Ozeanien    ";Sonst. Ausland;Ausland;202;473
2024;03;Ausländer ohne Angabe;Sonst. Ausland;Ausland;396;701
2024;04;Deutschland;Deutschland;Deutschland;140395;289105
2024;04;Belgien;Europa ohne Deutschland;Ausland;595;997
2024;04;Dänemark;Europa ohne Deutschland;Ausland;461;931
2024;04;Frankreich;Europa ohne Deutschland;Ausland;962;2231
2024;04;Italien;Europa ohne Deutschland;Ausland;730;1479
2024;04;Niederlande;Europa ohne Deutschland;Ausland;1543;3347
2024;04;Österreich;Europa ohne Deutschland;Ausland;2094;4694
2024;04;Polen;Europa ohne Deutschland;Ausland;3796;7442
2024;04;Schweden;Europa ohne Deutschland;Ausland;366;769
2024;04;Schweiz;Europa ohne Deutschland;Ausland;2298;5742
2024;04;Russland;Europa ohne Deutschland;Ausland;101;248
2024;04;Spanien;Europa ohne Deutschland;Ausland;710;1757
2024;04;Tschechische Republik;Europa ohne Deutschland;Ausland;1726;2908
2024;04;Großbritannien;Europa ohne Deutschland;Ausland;1347;3035
2024;04;sonst.europäische Länder (o.13 Länder);Europa ohne Deutschland;Ausland;5531;10887
2024;04;afrikanische Länder;Sonst. Ausland;Ausland;142;340
2024;04;USA;Amerika;Ausland;2109;4765
2024;04;Kanada;Amerika;Ausland;292;765
2024;04;amerik. Länder (o.USA, Kanada);Amerika;Ausland;774;1405
2024;04;China;Asien;Ausland;592;1042
2024;04;Japan;Asien;Ausland;521;1331
2024;04;asiatische Länder (o.China, Japan);Asien;Ausland;1997;4694
2024;04;"Australien, Neuseeland u. Ozeanien    ";Sonst. Ausland;Ausland;391;921
2024;04;Ausländer ohne Angabe;Sonst. Ausland;Ausland;358;573
2024;05;Deutschland;Deutschland;Deutschland;190917;384695
2024;05;Belgien;Europa ohne Deutschland;Ausland;704;1519
2024;05;Dänemark;Europa ohne Deutschland;Ausland;913;2590
2024;05;Frankreich;Europa ohne Deutschland;Ausland;1150;2341
2024;05;Italien;Europa ohne Deutschland;Ausland;786;1515
2024;05;Niederlande;Europa ohne Deutschland;Ausland;2231;4885
2024;05;Österreich;Europa ohne Deutschland;Ausland;3294;7465
2024;05;Polen;Europa ohne Deutschland;Ausland;7231;14920
2024;05;Schweden;Europa ohne Deutschland;Ausland;540;1020
2024;05;Schweiz;Europa ohne Deutschland;Ausland;2826;6810
2024;05;Russland;Europa ohne Deutschland;Ausland;196;386
2024;05;Spanien;Europa ohne Deutschland;Ausland;753;1866
2024;05;Tschechische Republik;Europa ohne Deutschland;Ausland;1920;3231
2024;05;Großbritannien;Europa ohne Deutschland;Ausland;1614;3267
2024;05;sonst.europäische Länder (o.13 Länder);Europa ohne Deutschland;Ausland;6024;12010
2024;05;afrikanische Länder;Sonst. Ausland;Ausland;260;456
2024;05;USA;Amerika;Ausland;3885;8036
2024;05;Kanada;Amerika;Ausland;556;1271
2024;05;amerik. Länder (o.USA, Kanada);Amerika;Ausland;981;2105
2024;05;China;Asien;Ausland;731;1272
2024;05;Japan;Asien;Ausland;655;1590
2024;05;asiatische Länder (o.China, Japan);Asien;Ausland;1992;4590
2024;05;"Australien, Neuseeland u. Ozeanien    ";Sonst. Ausland;Ausland;571;1310
2024;05;Ausländer ohne Angabe;Sonst. Ausland;Ausland;489;805
2024;06;Deutschland;Deutschland;Deutschland;169559;332705
2024;06;Belgien;Europa ohne Deutschland;Ausland;524;1044
2024;06;Dänemark;Europa ohne Deutschland;Ausland;681;1330
2024;06;Frankreich;Europa ohne Deutschland;Ausland;1153;2287
2024;06;Italien;Europa ohne Deutschland;Ausland;789;1547
2024;06;Niederlande;Europa ohne Deutschland;Ausland;2226;4565
2024;06;Österreich;Europa ohne Deutschland;Ausland;3392;6794
2024;06;Polen;Europa ohne Deutschland;Ausland;4309;8526
2024;06;Schweden;Europa ohne Deutschland;Ausland;809;1329
2024;06;Schweiz;Europa ohne Deutschland;Ausland;2905;6956
2024;06;Russland;Europa ohne Deutschland;Ausland;131;273
2024;06;Spanien;Europa ohne Deutschland;Ausland;949;2187
2024;06;Tschechische Republik;Europa ohne Deutschland;Ausland;2023;3151
2024;06;Großbritannien;Europa ohne Deutschland;Ausland;1951;4489
2024;06;sonst.europäische Länder (o.13 Länder);Europa ohne Deutschland;Ausland;8167;15052
2024;06;afrikanische Länder;Sonst. Ausland;Ausland;339;588
2024;06;USA;Amerika;Ausland;4222;8923
2024;06;Kanada;Amerika;Ausland;527;1244
2024;06;amerik. Länder (o.USA, Kanada);Amerika;Ausland;1176;2350
2024;06;China;Asien;Ausland;987;1890
2024;06;Japan;Asien;Ausland;788;2302
2024;06;asiatische Länder (o.China, Japan);Asien;Ausland;2394;5352
2024;06;"Australien, Neuseeland u. Ozeanien    ";Sonst. Ausland;Ausland;719;1681
2024;06;Ausländer ohne Angabe;Sonst. Ausland;Ausland;791;1298
2024;07;Deutschland;Deutschland;Deutschland;149844;307563
2024;07;Belgien;Europa ohne Deutschland;Ausland;1237;2340
2024;07;Dänemark;Europa ohne Deutschland;Ausland;3523;6726
2024;07;Frankreich;Europa ohne Deutschland;Ausland;1231;2554
2024;07;Italien;Europa ohne Deutschland;Ausland;1235;2497
2024;07;Niederlande;Europa ohne Deutschland;Ausland;3675;7345
2024;07;Österreich;Europa ohne Deutschland;Ausland;3527;6776
2024;07;Polen;Europa ohne Deutschland;Ausland;5176;10030
2024;07;Schweden;Europa ohne Deutschland;Ausland;2115;3363
2024;07;Schweiz;Europa ohne Deutschland;Ausland;3458;7259
2024;07;Russland;Europa ohne Deutschland;Ausland;185;426
2024;07;Spanien;Europa ohne Deutschland;Ausland;1273;2826
2024;07;Tschechische Republik;Europa ohne Deutschland;Ausland;2656;4675
2024;07;Großbritannien;Europa ohne Deutschland;Ausland;1610;3057
2024;07;sonst.europäische Länder (o.13 Länder);Europa ohne Deutschland;Ausland;8687;15885
2024;07;afrikanische Länder;Sonst. Ausland;Ausland;322;659
2024;07;USA;Amerika;Ausland;3979;7912
2024;07;Kanada;Amerika;Ausland;497;1095
2024;07;amerik. Länder (o.USA, Kanada);Amerika;Ausland;1179;2526
2024;07;China;Asien;Ausland;1238;2287
2024;07;Japan;Asien;Ausland;721;1922
2024;07;asiatische Länder (o.China, Japan);Asien;Ausland;2381;5528
2024;07;"Australien, Neuseeland u. Ozeanien    ";Sonst. Ausland;Ausland;609;1302
2024;07;Ausländer ohne Angabe;Sonst. Ausland;Ausland;342;659
2024;08;Deutschland;Deutschland;Deutschland;189996;378482
2024;08;Belgien;Europa ohne Deutschland;Ausland;1024;2246
2024;08;Dänemark;Europa ohne Deutschland;Ausland;1096;2553
2024;08;Frankreich;Europa ohne Deutschland;Ausland;1582;3196
2024;08;Italien;Europa ohne Deutschland;Ausland;3052;5727
2024;08;Niederlande;Europa ohne Deutschland;Ausland;3897;8298
2024;08;Österreich;Europa ohne Deutschland;Ausland;4054;8146
2024;08;Polen;Europa ohne Deutschland;Ausland;6151;11873
2024;08;Schweden;Europa ohne Deutschland;Ausland;1022;1478
2024;08;Schweiz;Europa ohne Deutschland;Ausland;2932;6225
2024;08;Russland;Europa ohne Deutschland;Ausland;178;396
2024;08;Spanien;Europa ohne Deutschland;Ausland;1693;3790
2024;08;Tschechische Republik;Europa ohne Deutschland;Ausland;2407;4256
2024;08;Großbritannien;Europa ohne Deutschland;Ausland;1625;3147
2024;08;sonst.europäische Länder (o.13 Länder);Europa ohne Deutschland;Ausland;7521;13237
2024;08;afrikanische Länder;Sonst. Ausland;Ausland;245;496
2024;08;USA;Amerika;Ausland;3441;6778
2024;08;Kanada;Amerika;Ausland;437;1082
2024;08;amerik. Länder (o.USA, Kanada);Amerika;Ausland;996;2084
2024;08;China;Asien;Ausland;1235;2249
2024;08;Japan;Asien;Ausland;763;1930
2024;08;asiatische Länder (o.China, Japan);Asien;Ausland;2567;6506
2024;08;"Australien, Neuseeland u. Ozeanien    ";Sonst. Ausland;Ausland;576;1182
2024;08;Ausländer ohne Angabe;Sonst. Ausland;Ausland;346;500
2024;09;Deutschland;Deutschland;Deutschland;163810;348488
2024;09;Belgien;Europa ohne Deutschland;Ausland;749;1756
2024;09;Dänemark;Europa ohne Deutschland;Ausland;733;1982
2024;09;Frankreich;Europa ohne Deutschland;Ausland;921;1983
2024;09;Italien;Europa ohne Deutschland;Ausland;933;2159
2024;09;Niederlande;Europa ohne Deutschland;Ausland;2276;5181
2024;09;Österreich;Europa ohne Deutschland;Ausland;2795;6098
2024;09;Polen;Europa ohne Deutschland;Ausland;3492;6361
2024;09;Schweden;Europa ohne Deutschland;Ausland;583;1067
2024;09;Schweiz;Europa ohne Deutschland;Ausland;2613;6323
2024;09;Russland;Europa ohne Deutschland;Ausland;129;290
2024;09;Spanien;Europa ohne Deutschland;Ausland;1079;2468
2024;09;Tschechische Republik;Europa ohne Deutschland;Ausland;1661;2968
2024;09;Großbritannien;Europa ohne Deutschland;Ausland;1883;4257
2024;09;sonst.europäische Länder (o.13 Länder);Europa ohne Deutschland;Ausland;6226;12043
2024;09;afrikanische Länder;Sonst. Ausland;Ausland;364;872
2024;09;USA;Amerika;Ausland;4332;9004
2024;09;Kanada;Amerika;Ausland;659;1564
2024;09;amerik. Länder (o.USA, Kanada);Amerika;Ausland;1171;2462
2024;09;China;Asien;Ausland;1074;2003
2024;09;Japan;Asien;Ausland;731;2121
2024;09;asiatische Länder (o.China, Japan);Asien;Ausland;2592;6705
2024;09;"Australien, Neuseeland u. Ozeanien    ";Sonst. Ausland;Ausland;827;1878
2024;09;Ausländer ohne Angabe;Sonst. Ausland;Ausland;627;895
2024;10;Deutschland;Deutschland;Deutschland;170200;367000
2024;10;Belgien;Europa ohne Deutschland;Ausland;477;1181
2024;10;Dänemark;Europa ohne Deutschland;Ausland;981;2609
2024;10;Frankreich;Europa ohne Deutschland;Ausland;1172;2503
2024;10;Italien;Europa ohne Deutschland;Ausland;813;1781
2024;10;Niederlande;Europa ohne Deutschland;Ausland;1760;4280
2024;10;Österreich;Europa ohne Deutschland;Ausland;2584;6125
2024;10;Polen;Europa ohne Deutschland;Ausland;3528;7042
2024;10;Schweden;Europa ohne Deutschland;Ausland;465;1039
2024;10;Schweiz;Europa ohne Deutschland;Ausland;2341;5809
2024;10;Russland;Europa ohne Deutschland;Ausland;170;333
2024;10;Spanien;Europa ohne Deutschland;Ausland;1063;2592
2024;10;Tschechische Republik;Europa ohne Deutschland;Ausland;2950;5393
2024;10;Großbritannien;Europa ohne Deutschland;Ausland;1460;3164
2024;10;sonst.europäische Länder (o.13 Länder);Europa ohne Deutschland;Ausland;6307;12815
2024;10;afrikanische Länder;Sonst. Ausland;Ausland;240;603
2024;10;USA;Amerika;Ausland;3806;8568
2024;10;Kanada;Amerika;Ausland;555;1494
2024;10;amerik. Länder (o.USA, Kanada);Amerika;Ausland;1096;2414
2024;10;China;Asien;Ausland;1033;2058
2024;10;Japan;Asien;Ausland;543;1842
2024;10;asiatische Länder (o.China, Japan);Asien;Ausland;2248;6013
2024;10;"Australien, Neuseeland u. Ozeanien    ";Sonst. Ausland;Ausland;482;1153
2024;10;Ausländer ohne Angabe;Sonst. Ausland;Ausland;460;857
2024;11;Deutschland;Deutschland;Deutschland;141406;281971
2024;11;Belgien;Europa ohne Deutschland;Ausland;336;603
2024;11;Dänemark;Europa ohne Deutschland;Ausland;343;780
2024;11;Frankreich;Europa ohne Deutschland;Ausland;760;1502
2024;11;Italien;Europa ohne Deutschland;Ausland;673;1370
2024;11;Niederlande;Europa ohne Deutschland;Ausland;855;1842
2024;11;Österreich;Europa ohne Deutschland;Ausland;2259;4869
2024;11;Polen;Europa ohne Deutschland;Ausland;3462;6470
2024;11;Schweden;Europa ohne Deutschland;Ausland;179;328
2024;11;Schweiz;Europa ohne Deutschland;Ausland;1289;3037
2024;11;Russland;Europa ohne Deutschland;Ausland;107;207
2024;11;Spanien;Europa ohne Deutschland;Ausland;1007;2447
2024;11;Tschechische Republik;Europa ohne Deutschland;Ausland;2244;3612
2024;11;Großbritannien;Europa ohne Deutschland;Ausland;899;1874
2024;11;sonst.europäische Länder (o.13 Länder);Europa ohne Deutschland;Ausland;4388;8839
2024;11;afrikanische Länder;Sonst. Ausland;Ausland;104;186
2024;11;USA;Amerika;Ausland;2297;4941
2024;11;Kanada;Amerika;Ausland;304;761
2024;11;amerik. Länder (o.USA, Kanada);Amerika;Ausland;645;1256
2024;11;China;Asien;Ausland;699;1442
2024;11;Japan;Asien;Ausland;530;1301
2024;11;asiatische Länder (o.China, Japan);Asien;Ausland;1695;4405
2024;11;"Australien, Neuseeland u. Ozeanien    ";Sonst. Ausland;Ausland;271;593
2024;11;Ausländer ohne Angabe;Sonst. Ausland;Ausland;1019;1690
2024;12;Deutschland;Deutschland;Deutschland;195365;392937
2024;12;Belgien;Europa ohne Deutschland;Ausland;425;843
2024;12;Dänemark;Europa ohne Deutschland;Ausland;484;1254
2024;12;Frankreich;Europa ohne Deutschland;Ausland;984;2148
2024;12;Italien;Europa ohne Deutschland;Ausland;922;1685
2024;12;Niederlande;Europa ohne Deutschland;Ausland;1621;3675
2024;12;Österreich;Europa ohne Deutschland;Ausland;2947;6911
2024;12;Polen;Europa ohne Deutschland;Ausland;5667;9714
2024;12;Schweden;Europa ohne Deutschland;Ausland;289;568
2024;12;Schweiz;Europa ohne Deutschland;Ausland;2548;6443
2024;12;Russland;Europa ohne Deutschland;Ausland;221;427
2024;12;Spanien;Europa ohne Deutschland;Ausland;1494;3693
2024;12;Tschechische Republik;Europa ohne Deutschland;Ausland;4476;6866
2024;12;Großbritannien;Europa ohne Deutschland;Ausland;1568;3457
2024;12;sonst.europäische Länder (o.13 Länder);Europa ohne Deutschland;Ausland;7628;15735
2024;12;afrikanische Länder;Sonst. Ausland;Ausland;214;439
2024;12;USA;Amerika;Ausland;5952;11794
2024;12;Kanada;Amerika;Ausland;525;1430
2024;12;amerik. Länder (o.USA, Kanada);Amerika;Ausland;1067;2155
2024;12;China;Asien;Ausland;696;1306
2024;12;Japan;Asien;Ausland;1278;2601
2024;12;asiatische Länder (o.China, Japan);Asien;Ausland;3521;7323
2024;12;"Australien, Neuseeland u. Ozeanien    ";Sonst. Ausland;Ausland;976;2080
2024;12;Ausländer ohne Angabe;Sonst. Ausland;Ausland;1564;2688
2025;01;Deutschland;Deutschland;Deutschland;95371;189445
2025;01;Belgien;Europa ohne Deutschland;Ausland;225;478
2025;01;Dänemark;Europa ohne Deutschland;Ausland;146;261
2025;01;Frankreich;Europa ohne Deutschland;Ausland;461;969
2025;01;Italien;Europa ohne Deutschland;Ausland;508;1133
2025;01;Niederlande;Europa ohne Deutschland;Ausland;892;2123
2025;01;Österreich;Europa ohne Deutschland;Ausland;1087;2819
2025;01;Polen;Europa ohne Deutschland;Ausland;2345;4457
2025;01;Schweden;Europa ohne Deutschland;Ausland;281;561
2025;01;Schweiz;Europa ohne Deutschland;Ausland;927;2183
2025;01;Russland;Europa ohne Deutschland;Ausland;161;273
2025;01;Spanien;Europa ohne Deutschland;Ausland;650;1518
2025;01;Tschechische Republik;Europa ohne Deutschland;Ausland;1381;2349
2025;01;Großbritannien;Europa ohne Deutschland;Ausland;581;1441
2025;01;sonst.europäische Länder (o.13 Länder);Europa ohne Deutschland;Ausland;4533;8871
2025;01;afrikanische Länder;Sonst. Ausland;Ausland;104;170
2025;01;USA;Amerika;Ausland;1350;3330
2025;01;Kanada;Amerika;Ausland;223;679
2025;01;amerik. Länder (o.USA, Kanada);Amerika;Ausland;489;1078
2025;01;China;Asien;Ausland;391;695
2025;01;Japan;Asien;Ausland;318;1050
2025;01;asiatische Länder (o.China, Japan);Asien;Ausland;1174;2774
2025;01;"Australien, Neuseeland u. Ozeanien    ";Sonst. Ausland;Ausland;322;914
2025;01;Ausländer ohne Angabe;Sonst. Ausland;Ausland;105;178
2025;02;Deutschland;Deutschland;Deutschland;93875;182965
2025;02;Belgien;Europa ohne Deutschland;Ausland;213;335
2025;02;Dänemark;Europa ohne Deutschland;Ausland;224;443
2025;02;Frankreich;Europa ohne Deutschland;Ausland;436;884
2025;02;Italien;Europa ohne Deutschland;Ausland;451;1039
2025;02;Niederlande;Europa ohne Deutschland;Ausland;832;1744
2025;02;Österreich;Europa ohne Deutschland;Ausland;1080;2810
2025;02;Polen;Europa ohne Deutschland;Ausland;2680;5403
2025;02;Schweden;Europa ohne Deutschland;Ausland;179;374
2025;02;Schweiz;Europa ohne Deutschland;Ausland;622;1456
2025;02;Russland;Europa ohne Deutschland;Ausland;112;202
2025;02;Spanien;Europa ohne Deutschland;Ausland;731;1489
2025;02;Tschechische Republik;Europa ohne Deutschland;Ausland;1409;2436
2025;02;Großbritannien;Europa ohne Deutschland;Ausland;616;1196
2025;02;sonst.europäische Länder (o.13 Länder);Europa ohne Deutschland;Ausland;3638;6880
2025;02;afrikanische Länder;Sonst. Ausland;Ausland;97;220
2025;02;USA;Amerika;Ausland;1397;2947
2025;02;Kanada;Amerika;Ausland;144;349
2025;02;amerik. Länder (o.USA, Kanada);Amerika;Ausland;498;937
2025;02;China;Asien;Ausland;503;856
2025;02;Japan;Asien;Ausland;314;889
2025;02;asiatische Länder (o.China, Japan);Asien;Ausland;1036;2774
2025;02;"Australien, Neuseeland u. Ozeanien    ";Sonst. Ausland;Ausland;197;444
2025;02;Ausländer ohne Angabe;Sonst. Ausland;Ausland;209;379
2025;03;Deutschland;Deutschland;Deutschland;128355;262488
2025;03;Belgien;Europa ohne Deutschland;Ausland;441;698
2025;03;Dänemark;Europa ohne Deutschland;Ausland;281;648
2025;03;Frankreich;Europa ohne Deutschland;Ausland;567;1447
2025;03;Italien;Europa ohne Deutschland;Ausland;561;1403
2025;03;Niederlande;Europa ohne Deutschland;Ausland;947;1995
2025;03;Österreich;Europa ohne Deutschland;Ausland;1692;4225
2025;03;Polen;Europa ohne Deutschland;Ausland;2484;4339
2025;03;Schweden;Europa ohne Deutschland;Ausland;242;478
2025;03;Schweiz;Europa ohne Deutschland;Ausland;1104;2517
2025;03;Russland;Europa ohne Deutschland;Ausland;140;285
2025;03;Spanien;Europa ohne Deutschland;Ausland;938;2007
2025;03;Tschechische Republik;Europa ohne Deutschland;Ausland;1725;3111
2025;03;Großbritannien;Europa ohne Deutschland;Ausland;827;1692
2025;03;sonst.europäische Länder (o.13 Länder);Europa ohne Deutschland;Ausland;5207;10942
2025;03;afrikanische Länder;Sonst. Ausland;Ausland;86;143
2025;03;USA;Amerika;Ausland;1788;3804
2025;03;Kanada;Amerika;Ausland;218;515
2025;03;amerik. Länder (o.USA, Kanada);Amerika;Ausland;519;1245
2025;03;China;Asien;Ausland;582;1386
2025;03;Japan;Asien;Ausland;549;1540
2025;03;asiatische Länder (o.China, Japan);Asien;Ausland;1330;3494
2025;03;"Australien, Neuseeland u. Ozeanien    ";Sonst. Ausland;Ausland;203;604
2025;03;Ausländer ohne Angabe;Sonst. Ausland;Ausland;329;749
2025;04;Deutschland;Deutschland;Deutschland;144462;314549
2025;04;Belgien;Europa ohne Deutschland;Ausland;472;842
2025;04;Dänemark;Europa ohne Deutschland;Ausland;978;2287
2025;04;Frankreich;Europa ohne Deutschland;Ausland;1003;2077
2025;04;Italien;Europa ohne Deutschland;Ausland;1020;2087
2025;04;Niederlande;Europa ohne Deutschland;Ausland;1956;4183
2025;04;Österreich;Europa ohne Deutschland;Ausland;2542;6056
2025;04;Polen;Europa ohne Deutschland;Ausland;3821;6917
2025;04;Schweden;Europa ohne Deutschland;Ausland;426;823
2025;04;Schweiz;Europa ohne Deutschland;Ausland;2101;5195
2025;04;Russland;Europa ohne Deutschland;Ausland;260;564
2025;04;Spanien;Europa ohne Deutschland;Ausland;1006;2657
2025;04;Tschechische Republik;Europa ohne Deutschland;Ausland;2058;3476
2025;04;Großbritannien;Europa ohne Deutschland;Ausland;1850;4204
2025;04;sonst.europäische Länder (o.13 Länder);Europa ohne Deutschland;Ausland;6051;12881
2025;04;afrikanische Länder;Sonst. Ausland;Ausland;124;329
2025;04;USA;Amerika;Ausland;2372;5118
2025;04;Kanada;Amerika;Ausland;432;1092
2025;04;amerik. Länder (o.USA, Kanada);Amerika;Ausland;807;1634
2025;04;China;Asien;Ausland;884;1879
2025;04;Japan;Asien;Ausland;467;1479
2025;04;asiatische Länder (o.China, Japan);Asien;Ausland;2047;4568
2025;04;"Australien, Neuseeland u. Ozeanien    ";Sonst. Ausland;Ausland;384;988
2025;04;Ausländer ohne Angabe;Sonst. Ausland;Ausland;523;1294
2025;05;Deutschland;Deutschland;Deutschland;164583;352109
2025;05;Belgien;Europa ohne Deutschland;Ausland;594;1243
2025;05;Dänemark;Europa ohne Deutschland;Ausland;910;2906
2025;05;Frankreich;Europa ohne Deutschland;Ausland;1086;2501
2025;05;Italien;Europa ohne Deutschland;Ausland;785;1670
2025;05;Niederlande;Europa ohne Deutschland;Ausland;1945;4161
2025;05;Österreich;Europa ohne Deutschland;Ausland;3551;8413
2025;05;Polen;Europa ohne Deutschland;Ausland;6020;12209
2025;05;Schweden;Europa ohne Deutschland;Ausland;627;1560
2025;05;Schweiz;Europa ohne Deutschland;Ausland;2552;6462
2025;05;Russland;Europa ohne Deutschland;Ausland;164;298
2025;05;Spanien;Europa ohne Deutschland;Ausland;1029;2527
2025;05;Tschechische Republik;Europa ohne Deutschland;Ausland;2258;3899
2025;05;Großbritannien;Europa ohne Deutschland;Ausland;1496;3117
2025;05;sonst.europäische Länder (o.13 Länder);Europa ohne Deutschland;Ausland;6406;13295
2025;05;afrikanische Länder;Sonst. Ausland;Ausland;172;343
2025;05;USA;Amerika;Ausland;3815;7931
2025;05;Kanada;Amerika;Ausland;562;1424
2025;05;amerik. Länder (o.USA, Kanada);Amerika;Ausland;963;2082
2025;05;China;Asien;Ausland;1088;1902
2025;05;Japan;Asien;Ausland;672;2062
2025;05;asiatische Länder (o.China, Japan);Asien;Ausland;2338;5298
2025;05;"Australien, Neuseeland u. Ozeanien    ";Sonst. Ausland;Ausland;452;1157
2025;05;Ausländer ohne Angabe;Sonst. Ausland;Ausland;673;1406
2025;06;Deutschland;Deutschland;Deutschland;156164;323853
2025;06;Belgien;Europa ohne Deutschland;Ausland;532;1033
2025;06;Dänemark;Europa ohne Deutschland;Ausland;944;2001
2025;06;Frankreich;Europa ohne Deutschland;Ausland;1118;2412
2025;06;Italien;Europa ohne Deutschland;Ausland;792;1525
2025;06;Niederlande;Europa ohne Deutschland;Ausland;2295;4890
2025;06;Österreich;Europa ohne Deutschland;Ausland;3660;7265
2025;06;Polen;Europa ohne Deutschland;Ausland;4867;8968
2025;06;Schweden;Europa ohne Deutschland;Ausland;990;1737
2025;06;Schweiz;Europa ohne Deutschland;Ausland;2304;5295
2025;06;Russland;Europa ohne Deutschland;Ausland;101;169
2025;06;Spanien;Europa ohne Deutschland;Ausland;910;2177
2025;06;Tschechische Republik;Europa ohne Deutschland;Ausland;1602;2810
2025;06;Großbritannien;Europa ohne Deutschland;Ausland;1219;2550
2025;06;sonst.europäische Länder (o.13 Länder);Europa ohne Deutschland;Ausland;7458;14568
2025;06;afrikanische Länder;Sonst. Ausland;Ausland;183;467
2025;06;USA;Amerika;Ausland;4378;9196
2025;06;Kanada;Amerika;Ausland;601;1478
2025;06;amerik. Länder (o.USA, Kanada);Amerika;Ausland;831;1618
2025;06;China;Asien;Ausland;1256;2106
2025;06;Japan;Asien;Ausland;807;2354
2025;06;asiatische Länder (o.China, Japan);Asien;Ausland;2348;5732
2025;06;"Australien, Neuseeland u. Ozeanien    ";Sonst. Ausland;Ausland;523;1287
2025;06;Ausländer ohne Angabe;Sonst. Ausland;Ausland;410;823
2025;07;Deutschland;Deutschland;Deutschland;148318;308636
2025;07;Belgien;Europa ohne Deutschland;Ausland;1214;2255
2025;07;Dänemark;Europa ohne Deutschland;Ausland;3786;7374
2025;07;Frankreich;Europa ohne Deutschland;Ausland;1269;2524
2025;07;Italien;Europa ohne Deutschland;Ausland;1232;2441
2025;07;Niederlande;Europa ohne Deutschland;Ausland;3661;7304
2025;07;Österreich;Europa ohne Deutschland;Ausland;3551;7211
2025;07;Polen;Europa ohne Deutschland;Ausland;4762;8522
2025;07;Schweden;Europa ohne Deutschland;Ausland;2137;3298
2025;07;Schweiz;Europa ohne Deutschland;Ausland;2491;5541
2025;07;Russland;Europa ohne Deutschland;Ausland;127;257
2025;07;Spanien;Europa ohne Deutschland;Ausland;1399;3173
2025;07;Tschechische Republik;Europa ohne Deutschland;Ausland;2310;4063
2025;07;Großbritannien;Europa ohne Deutschland;Ausland;1561;3259
2025;07;sonst.europäische Länder (o.13 Länder);Europa ohne Deutschland;Ausland;9709;18586
2025;07;afrikanische Länder;Sonst. Ausland;Ausland;188;365
2025;07;USA;Amerika;Ausland;3219;6530
2025;07;Kanada;Amerika;Ausland;557;1453
2025;07;amerik. Länder (o.USA, Kanada);Amerika;Ausland;885;1705
2025;07;China;Asien;Ausland;1148;1930
2025;07;Japan;Asien;Ausland;667;1836
2025;07;asiatische Länder (o.China, Japan);Asien;Ausland;2086;4640
2025;07;"Australien, Neuseeland u. Ozeanien    ";Sonst. Ausland;Ausland;618;1295
2025;07;Ausländer ohne Angabe;Sonst. Ausland;Ausland;267;528
2025;08;Deutschland;Deutschland;Deutschland;175744;372499
2025;08;Belgien;Europa ohne Deutschland;Ausland;999;2270
2025;08;Dänemark;Europa ohne Deutschland;Ausland;1384;2935
2025;08;Frankreich;Europa ohne Deutschland;Ausland;1898;3974
2025;08;Italien;Europa ohne Deutschland;Ausland;2999;5700
2025;08;Niederlande;Europa ohne Deutschland;Ausland;3796;7778
2025;08;Österreich;Europa ohne Deutschland;Ausland;4225;8080
2025;08;Polen;Europa ohne Deutschland;Ausland;5928;10700
2025;08;Schweden;Europa ohne Deutschland;Ausland;1121;1837
2025;08;Schweiz;Europa ohne Deutschland;Ausland;2199;5056
2025;08;Russland;Europa ohne Deutschland;Ausland;116;245
2025;08;Spanien;Europa ohne Deutschland;Ausland;2015;4692
2025;08;Tschechische Republik;Europa ohne Deutschland;Ausland;2430;4087
2025;08;Großbritannien;Europa ohne Deutschland;Ausland;2417;6485
2025;08;sonst.europäische Länder (o.13 Länder);Europa ohne Deutschland;Ausland;8850;18597
2025;08;afrikanische Länder;Sonst. Ausland;Ausland;268;1131
2025;08;USA;Amerika;Ausland;3429;7838
2025;08;Kanada;Amerika;Ausland;596;1799
2025;08;amerik. Länder (o.USA, Kanada);Amerika;Ausland;857;1832
2025;08;China;Asien;Ausland;1412;2550
2025;08;Japan;Asien;Ausland;733;1963
2025;08;asiatische Länder (o.China, Japan);Asien;Ausland;2648;6137
2025;08;"Australien, Neuseeland u. Ozeanien    ";Sonst. Ausland;Ausland;572;1368
2025;08;Ausländer ohne Angabe;Sonst. Ausland;Ausland;1070;1905
2025;09;Deutschland;Deutschland;Deutschland;158569;339757
2025;09;Belgien;Europa ohne Deutschland;Ausland;792;1647
2025;09;Dänemark;Europa ohne Deutschland;Ausland;1178;3250
2025;09;Frankreich;Europa ohne Deutschland;Ausland;1149;2693
2025;09;Italien;Europa ohne Deutschland;Ausland;1064;2364
2025;09;Niederlande;Europa ohne Deutschland;Ausland;2582;5788
2025;09;Österreich;Europa ohne Deutschland;Ausland;3046;7447
2025;09;Polen;Europa ohne Deutschland;Ausland;4297;7710
2025;09;Schweden;Europa ohne Deutschland;Ausland;548;1140
2025;09;Schweiz;Europa ohne Deutschland;Ausland;2387;5736
2025;09;Russland;Europa ohne Deutschland;Ausland;150;308
2025;09;Spanien;Europa ohne Deutschland;Ausland;1120;2761
2025;09;Tschechische Republik;Europa ohne Deutschland;Ausland;1976;3366
2025;09;Großbritannien;Europa ohne Deutschland;Ausland;1888;4197
2025;09;sonst.europäische Länder (o.13 Länder);Europa ohne Deutschland;Ausland;6440;13656
2025;09;afrikanische Länder;Sonst. Ausland;Ausland;194;491
2025;09;USA;Amerika;Ausland;3995;8450
2025;09;Kanada;Amerika;Ausland;891;2400
2025;09;amerik. Länder (o.USA, Kanada);Amerika;Ausland;1049;2153
2025;09;China;Asien;Ausland;1594;2659
2025;09;Japan;Asien;Ausland;876;2460
2025;09;asiatische Länder (o.China, Japan);Asien;Ausland;2261;5669
2025;09;"Australien, Neuseeland u. Ozeanien    ";Sonst. Ausland;Ausland;573;1214
2025;09;Ausländer ohne Angabe;Sonst. Ausland;Ausland;488;842
2025;10;Deutschland;Deutschland;Deutschland;167165;357325
2025;10;Belgien;Europa ohne Deutschland;Ausland;375;758
2025;10;Dänemark;Europa ohne Deutschland;Ausland;784;2075
2025;10;Frankreich;Europa ohne Deutschland;Ausland;848;1842
2025;10;Italien;Europa ohne Deutschland;Ausland;793;1769
2025;10;Niederlande;Europa ohne Deutschland;Ausland;1803;4077
2025;10;Österreich;Europa ohne Deutschland;Ausland;2783;6212
2025;10;Polen;Europa ohne Deutschland;Ausland;3647;7022
2025;10;Schweden;Europa ohne Deutschland;Ausland;335;631
2025;10;Schweiz;Europa ohne Deutschland;Ausland;2234;5443
2025;10;Russland;Europa ohne Deutschland;Ausland;177;379
2025;10;Spanien;Europa ohne Deutschland;Ausland;922;2218
2025;10;Tschechische Republik;Europa ohne Deutschland;Ausland;2643;4492
2025;10;Großbritannien;Europa ohne Deutschland;Ausland;1784;4034
2025;10;sonst.europäische Länder (o.13 Länder);Europa ohne Deutschland;Ausland;6055;13390
2025;10;afrikanische Länder;Sonst. Ausland;Ausland;199;589
2025;10;USA;Amerika;Ausland;2984;6390
2025;10;Kanada;Amerika;Ausland;538;1326
2025;10;amerik. Länder (o.USA, Kanada);Amerika;Ausland;1073;2073
2025;10;China;Asien;Ausland;1468;2539
2025;10;Japan;Asien;Ausland;674;1781
2025;10;asiatische Länder (o.China, Japan);Asien;Ausland;2476;5208
2025;10;"Australien, Neuseeland u. Ozeanien    ";Sonst. Ausland;Ausland;565;1352
2025;10;Ausländer ohne Angabe;Sonst. Ausland;Ausland;1062;1876
2025;11;Deutschland;Deutschland;Deutschland;140403;277868
2025;11;Belgien;Europa ohne Deutschland;Ausland;282;579
2025;11;Dänemark;Europa ohne Deutschland;Ausland;245;579
2025;11;Frankreich;Europa ohne Deutschland;Ausland;577;1299
2025;11;Italien;Europa ohne Deutschland;Ausland;616;1607
2025;11;Niederlande;Europa ohne Deutschland;Ausland;892;1896
2025;11;Österreich;Europa ohne Deutschland;Ausland;1845;4118
2025;11;Polen;Europa ohne Deutschland;Ausland;4150;8433
2025;11;Schweden;Europa ohne Deutschland;Ausland;204;391
2025;11;Schweiz;Europa ohne Deutschland;Ausland;1267;2909
2025;11;Russland;Europa ohne Deutschland;Ausland;101;215
2025;11;Spanien;Europa ohne Deutschland;Ausland;972;2114
2025;11;Tschechische Republik;Europa ohne Deutschland;Ausland;2453;4117
2025;11;Großbritannien;Europa ohne Deutschland;Ausland;1104;2410
2025;11;sonst.europäische Länder (o.13 Länder);Europa ohne Deutschland;Ausland;5639;11891
2025;11;afrikanische Länder;Sonst. Ausland;Ausland;156;498
2025;11;USA;Amerika;Ausland;2280;4820
2025;11;Kanada;Amerika;Ausland;371;884
2025;11;amerik. Länder (o.USA, Kanada);Amerika;Ausland;481;1470
2025;11;China;Asien;Ausland;773;1609
2025;11;Japan;Asien;Ausland;732;2001
2025;11;asiatische Länder (o.China, Japan);Asien;Ausland;1614;3529
2025;11;"Australien, Neuseeland u. Ozeanien    ";Sonst. Ausland;Ausland;349;739
2025;11;Ausländer ohne Angabe;Sonst. Ausland;Ausland;967;1465
2025;12;Deutschland;Deutschland;Deutschland;196855;398641
2025;12;Belgien;Europa ohne Deutschland;Ausland;460;887
2025;12;Dänemark;Europa ohne Deutschland;Ausland;506;1238
2025;12;Frankreich;Europa ohne Deutschland;Ausland;998;2303
2025;12;Italien;Europa ohne Deutschland;Ausland;907;1785
2025;12;Niederlande;Europa ohne Deutschland;Ausland;1546;3488
2025;12;Österreich;Europa ohne Deutschland;Ausland;2727;6090
2025;12;Polen;Europa ohne Deutschland;Ausland;5107;8523
2025;12;Schweden;Europa ohne Deutschland;Ausland;332;838
2025;12;Schweiz;Europa ohne Deutschland;Ausland;2255;5948
2025;12;Russland;Europa ohne Deutschland;Ausland;122;202
2025;12;Spanien;Europa ohne Deutschland;Ausland;1452;3784
2025;12;Tschechische Republik;Europa ohne Deutschland;Ausland;4637;6679
2025;12;Großbritannien;Europa ohne Deutschland;Ausland;1699;3571
2025;12;sonst.europäische Länder (o.13 Länder);Europa ohne Deutschland;Ausland;8221;18294
2025;12;afrikanische Länder;Sonst. Ausland;Ausland;196;440
2025;12;USA;Amerika;Ausland;5451;11388
2025;12;Kanada;Amerika;Ausland;661;1751
2025;12;amerik. Länder (o.USA, Kanada);Amerika;Ausland;1122;2418
2025;12;China;Asien;Ausland;1012;1715
2025;12;Japan;Asien;Ausland;1785;3892
2025;12;asiatische Länder (o.China, Japan);Asien;Ausland;4199;7776
2025;12;"Australien, Neuseeland u. Ozeanien    ";Sonst. Ausland;Ausland;994;2169
2025;12;Ausländer ohne Angabe;Sonst. Ausland;Ausland;1340;2552
2026;01;Deutschland;Deutschland;Deutschland;100419;196131
2026;01;Belgien;Europa ohne Deutschland;Ausland;231;366
2026;01;Dänemark;Europa ohne Deutschland;Ausland;162;286
2026;01;Frankreich;Europa ohne Deutschland;Ausland;442;956
2026;01;Italien;Europa ohne Deutschland;Ausland;534;1263
2026;01;Niederlande;Europa ohne Deutschland;Ausland;632;1356
2026;01;Österreich;Europa ohne Deutschland;Ausland;1110;2778
2026;01;Polen;Europa ohne Deutschland;Ausland;3084;5686
2026;01;Schweden;Europa ohne Deutschland;Ausland;188;342
2026;01;Schweiz;Europa ohne Deutschland;Ausland;697;1603
2026;01;Russland;Europa ohne Deutschland;Ausland;121;186
2026;01;Spanien;Europa ohne Deutschland;Ausland;576;1381
2026;01;Tschechische Republik;Europa ohne Deutschland;Ausland;1443;2589
2026;01;Großbritannien;Europa ohne Deutschland;Ausland;554;1183
2026;01;sonst.europäische Länder (o.13 Länder);Europa ohne Deutschland;Ausland;4068;7673
2026;01;afrikanische Länder;Sonst. Ausland;Ausland;98;181
2026;01;USA;Amerika;Ausland;1219;3230
2026;01;Kanada;Amerika;Ausland;214;555
2026;01;amerik. Länder (o.USA, Kanada);Amerika;Ausland;556;1240
2026;01;China;Asien;Ausland;442;761
2026;01;Japan;Asien;Ausland;343;1347
2026;01;asiatische Länder (o.China, Japan);Asien;Ausland;1198;3064
2026;01;"Australien, Neuseeland u. Ozeanien    ";Sonst. Ausland;Ausland;264;599
2026;01;Ausländer ohne Angabe;Sonst. Ausland;Ausland;493;1025
2026;02;Deutschland;Deutschland;Deutschland;101812;196490
2026;02;Belgien;Europa ohne Deutschland;Ausland;216;380
2026;02;Dänemark;Europa ohne Deutschland;Ausland;157;353
2026;02;Frankreich;Europa ohne Deutschland;Ausland;536;1042
2026;02;Italien;Europa ohne Deutschland;Ausland;520;1327
2026;02;Niederlande;Europa ohne Deutschland;Ausland;759;1515
2026;02;Österreich;Europa ohne Deutschland;Ausland;1412;3458
2026;02;Polen;Europa ohne Deutschland;Ausland;2784;5910
2026;02;Schweden;Europa ohne Deutschland;Ausland;196;251
2026;02;Schweiz;Europa ohne Deutschland;Ausland;680;1454
2026;02;Russland;Europa ohne Deutschland;Ausland;82;170
2026;02;Spanien;Europa ohne Deutschland;Ausland;501;1118
2026;02;Tschechische Republik;Europa ohne Deutschland;Ausland;1902;3101
2026;02;Großbritannien;Europa ohne Deutschland;Ausland;689;1403
2026;02;sonst.europäische Länder (o.13 Länder);Europa ohne Deutschland;Ausland;3318;6098
2026;02;afrikanische Länder;Sonst. Ausland;Ausland;79;149
2026;02;USA;Amerika;Ausland;1497;3230
2026;02;Kanada;Amerika;Ausland;442;1175
2026;02;amerik. Länder (o.USA, Kanada);Amerika;Ausland;455;815
2026;02;China;Asien;Ausland;674;907
2026;02;Japan;Asien;Ausland;604;2037
2026;02;asiatische Länder (o.China, Japan);Asien;Ausland;1048;2293
2026;02;"Australien, Neuseeland u. Ozeanien    ";Sonst. Ausland;Ausland;167;375
2026;02;Ausländer ohne Angabe;Sonst. Ausland;Ausland;608;1284
2026;03;Deutschland;Deutschland;Deutschland;143589;295504
2026;03;Belgien;Europa ohne Deutschland;Ausland;481;844
2026;03;Dänemark;Europa ohne Deutschland;Ausland;464;1013
2026;03;Frankreich;Europa ohne Deutschland;Ausland;1046;2664
2026;03;Italien;Europa ohne Deutschland;Ausland;876;2174
2026;03;Niederlande;Europa ohne Deutschland;Ausland;921;2043
2026;03;Österreich;Europa ohne Deutschland;Ausland;2174;5859
2026;03;Polen;Europa ohne Deutschland;Ausland;2896;5332
2026;03;Schweden;Europa ohne Deutschland;Ausland;287;569
2026;03;Schweiz;Europa ohne Deutschland;Ausland;1098;2652
2026;03;Russland;Europa ohne Deutschland;Ausland;107;209
2026;03;Spanien;Europa ohne Deutschland;Ausland;801;2014
2026;03;Tschechische Republik;Europa ohne Deutschland;Ausland;1695;3200
2026;03;Großbritannien;Europa ohne Deutschland;Ausland;1029;2454
2026;03;sonst.europäische Länder (o.13 Länder);Europa ohne Deutschland;Ausland;4951;10006
2026;03;afrikanische Länder;Sonst. Ausland;Ausland;146;366
2026;03;USA;Amerika;Ausland;2188;5119
2026;03;Kanada;Amerika;Ausland;389;1056
2026;03;amerik. Länder (o.USA, Kanada);Amerika;Ausland;488;1146
2026;03;China;Asien;Ausland;622;1092
2026;03;Japan;Asien;Ausland;573;2175
2026;03;asiatische Länder (o.China, Japan);Asien;Ausland;1376;3482
2026;03;"Australien, Neuseeland u. Ozeanien    ";Sonst. Ausland;Ausland;195;532
2026;03;Ausländer ohne Angabe;Sonst. Ausland;Ausland;647;1207
2026;04;Deutschland;Deutschland;Deutschland;149517;315980
2026;04;Belgien;Europa ohne Deutschland;Ausland;576;1335
2026;04;Dänemark;Europa ohne Deutschland;Ausland;600;1658
2026;04;Frankreich;Europa ohne Deutschland;Ausland;1053;2502
2026;04;Italien;Europa ohne Deutschland;Ausland;824;1915
2026;04;Niederlande;Europa ohne Deutschland;Ausland;1666;3642
2026;04;Österreich;Europa ohne Deutschland;Ausland;2236;5300
2026;04;Polen;Europa ohne Deutschland;Ausland;3475;5869
2026;04;Schweden;Europa ohne Deutschland;Ausland;571;1241
2026;04;Schweiz;Europa ohne Deutschland;Ausland;2426;6103
2026;04;Russland;Europa ohne Deutschland;Ausland;132;253
2026;04;Spanien;Europa ohne Deutschland;Ausland;796;1910
2026;04;Tschechische Republik;Europa ohne Deutschland;Ausland;2126;3539
2026;04;Großbritannien;Europa ohne Deutschland;Ausland;1415;3077
2026;04;sonst.europäische Länder (o.13 Länder);Europa ohne Deutschland;Ausland;5106;10154
2026;04;afrikanische Länder;Sonst. Ausland;Ausland;166;383
2026;04;USA;Amerika;Ausland;2365;4833
2026;04;Kanada;Amerika;Ausland;389;1093
2026;04;amerik. Länder (o.USA, Kanada);Amerika;Ausland;744;1379
2026;04;China;Asien;Ausland;758;1163
2026;04;Japan;Asien;Ausland;512;1666
2026;04;asiatische Länder (o.China, Japan);Asien;Ausland;1735;3596
2026;04;"Australien, Neuseeland u. Ozeanien    ";Sonst. Ausland;Ausland;284;648
2026;04;Ausländer ohne Angabe;Sonst. Ausland;Ausland;1089;1885
2026;05;Deutschland;Deutschland;Deutschland;169681;365410
2026;05;Belgien;Europa ohne Deutschland;Ausland;489;1123
2026;05;Dänemark;Europa ohne Deutschland;Ausland;916;2623
2026;05;Frankreich;Europa ohne Deutschland;Ausland;1002;2319
2026;05;Italien;Europa ohne Deutschland;Ausland;961;1967
2026;05;Niederlande;Europa ohne Deutschland;Ausland;2150;4801
2026;05;Österreich;Europa ohne Deutschland;Ausland;2869;7011
2026;05;Polen;Europa ohne Deutschland;Ausland;4752;9064
2026;05;Schweden;Europa ohne Deutschland;Ausland;435;886
2026;05;Schweiz;Europa ohne Deutschland;Ausland;2473;6210
2026;05;Russland;Europa ohne Deutschland;Ausland;145;252
2026;05;Spanien;Europa ohne Deutschland;Ausland;872;2272
2026;05;Tschechische Republik;Europa ohne Deutschland;Ausland;2043;3428
2026;05;Großbritannien;Europa ohne Deutschland;Ausland;1887;3749
2026;05;sonst.europäische Länder (o.13 Länder);Europa ohne Deutschland;Ausland;5991;10903
2026;05;afrikanische Länder;Sonst. Ausland;Ausland;121;248
2026;05;USA;Amerika;Ausland;4061;8080
2026;05;Kanada;Amerika;Ausland;638;1742
2026;05;amerik. Länder (o.USA, Kanada);Amerika;Ausland;1082;2123
2026;05;China;Asien;Ausland;1199;1896
2026;05;Japan;Asien;Ausland;778;2236
2026;05;asiatische Länder (o.China, Japan);Asien;Ausland;2010;4490
2026;05;"Australien, Neuseeland u. Ozeanien    ";Sonst. Ausland;Ausland;429;969
2026;05;Ausländer ohne Angabe;Sonst. Ausland;Ausland;3303;5068
