Jahr;Wahlbezirk;Stadtteil zus.;Stadtraum;Stadtbezirk mit zugeordneten Ortschaften;Wahl-Form;Wahlberechtigte;Wahlberechtigte mit WS;Wähler;Wähler mit WS;Stimmen gültig;Stimmen CDU;Stimmen SPD;Stimmen Die Linke;Stimmen Grüne;Stimmen FDP;Stimmen Rechte Parteien;Stimmen AfD;Stimmen Piraten;Stimmen sonstiger Parteien;Stimmen ungültig
1999;01000;01 Innere Altstadt;01 StB Altstadt ohne Johannstadt;StB 0 Altstadt;Wahlbezirk_Brief;0;0;229;229;225;66;29;101;7;7;5;0;0;10;4
1999;01100;01 Innere Altstadt;01 StB Altstadt ohne Johannstadt;StB 0 Altstadt;Wahlbezirk_Urne;1431;252;694;0;680;219;104;272;31;16;15;0;0;23;14
1999;02000;02 Pirnaische Vorstadt;01 StB Altstadt ohne Johannstadt;StB 0 Altstadt;Wahlbezirk_Brief;0;0;601;601;599;247;79;207;18;7;7;0;0;34;2
1999;02100;02 Pirnaische Vorstadt;01 StB Altstadt ohne Johannstadt;StB 0 Altstadt;Wahlbezirk_Urne;633;108;295;0;285;68;57;134;8;6;4;0;0;8;10
1999;02200;02 Pirnaische Vorstadt;01 StB Altstadt ohne Johannstadt;StB 0 Altstadt;Wahlbezirk_Urne;1282;133;582;0;557;223;101;188;7;12;13;0;0;13;25
1999;02300;02 Pirnaische Vorstadt;01 StB Altstadt ohne Johannstadt;StB 0 Altstadt;Wahlbezirk_Urne;998;84;448;0;432;172;68;124;22;11;17;0;0;18;16
1999;02401;02 Pirnaische Vorstadt;01 StB Altstadt ohne Johannstadt;StB 0 Altstadt;Wahlbezirk_Urne;883;136;344;1;339;158;60;93;5;4;2;0;0;17;5
1999;02402;02 Pirnaische Vorstadt;01 StB Altstadt ohne Johannstadt;StB 0 Altstadt;Wahlbezirk_Urne;684;81;375;1;369;174;67;105;4;4;3;0;0;12;6
1999;02500;02 Pirnaische Vorstadt;01 StB Altstadt ohne Johannstadt;StB 0 Altstadt;Wahlbezirk_Urne;988;128;497;0;471;210;63;134;21;9;8;0;0;26;26
1999;03000;03 Seevorstadt-Ost;01 StB Altstadt ohne Johannstadt;StB 0 Altstadt;Wahlbezirk_Brief;0;0;579;579;575;251;98;161;22;13;4;0;0;26;4
1999;03100;03 Seevorstadt-Ost;01 StB Altstadt ohne Johannstadt;StB 0 Altstadt;Wahlbezirk_Urne;1252;186;457;1;448;187;55;145;14;12;14;0;0;21;9
1999;03200;03 Seevorstadt-Ost;01 StB Altstadt ohne Johannstadt;StB 0 Altstadt;Wahlbezirk_Urne;1199;145;617;0;601;268;97;179;8;12;14;0;0;23;16
1999;03300;03 Seevorstadt-Ost;01 StB Altstadt ohne Johannstadt;StB 0 Altstadt;Wahlbezirk_Urne;1298;149;641;0;618;278;111;160;19;11;15;0;0;24;23
1999;03401;03 Seevorstadt-Ost;01 StB Altstadt ohne Johannstadt;StB 0 Altstadt;Wahlbezirk_Urne;614;74;293;0;292;134;60;67;4;5;6;0;0;16;1
1999;03402;03 Seevorstadt-Ost;01 StB Altstadt ohne Johannstadt;StB 0 Altstadt;Wahlbezirk_Urne;969;118;502;0;490;229;77;138;20;8;7;0;0;11;12
1999;04001;04 Wilsdruffer Vs./Seevs.-West;01 StB Altstadt ohne Johannstadt;StB 0 Altstadt;Wahlbezirk_Brief;0;0;371;371;341;142;48;121;8;6;5;0;0;11;30
1999;04002;04 Wilsdruffer Vs./Seevs.-West;01 StB Altstadt ohne Johannstadt;StB 0 Altstadt;Wahlbezirk_Brief;0;0;389;389;383;134;52;157;10;9;4;0;0;17;6
1999;04100;04 Wilsdruffer Vs./Seevs.-West;01 StB Altstadt ohne Johannstadt;StB 0 Altstadt;Wahlbezirk_Urne;574;68;300;0;288;115;59;81;12;9;4;0;0;8;12
1999;04200;04 Wilsdruffer Vs./Seevs.-West;01 StB Altstadt ohne Johannstadt;StB 0 Altstadt;Wahlbezirk_Urne;957;133;379;0;375;164;52;129;5;1;12;0;0;12;4
1999;04301;04 Wilsdruffer Vs./Seevs.-West;01 StB Altstadt ohne Johannstadt;StB 0 Altstadt;Wahlbezirk_Urne;1004;118;469;0;456;158;72;181;10;5;14;0;0;16;13
1999;04302;04 Wilsdruffer Vs./Seevs.-West;01 StB Altstadt ohne Johannstadt;StB 0 Altstadt;Wahlbezirk_Urne;1041;125;518;0;501;207;79;166;8;7;11;0;0;23;17
1999;04400;04 Wilsdruffer Vs./Seevs.-West;01 StB Altstadt ohne Johannstadt;StB 0 Altstadt;Wahlbezirk_Urne;1247;134;641;0;619;265;115;168;13;8;18;0;0;32;22
1999;04500;04 Wilsdruffer Vs./Seevs.-West;01 StB Altstadt ohne Johannstadt;StB 0 Altstadt;Wahlbezirk_Urne;1218;152;623;0;601;206;113;236;12;5;14;0;0;15;22
1999;04600;04 Wilsdruffer Vs./Seevs.-West;01 StB Altstadt ohne Johannstadt;StB 0 Altstadt;Wahlbezirk_Urne;1118;153;601;0;588;246;102;191;10;9;7;0;0;23;13
1999;05000;05 Friedrichstadt;01 StB Altstadt ohne Johannstadt;StB 0 Altstadt;Wahlbezirk_Brief;0;0;234;234;233;62;61;65;23;6;8;0;0;8;1
1999;05100;05 Friedrichstadt;01 StB Altstadt ohne Johannstadt;StB 0 Altstadt;Wahlbezirk_Urne;1232;70;409;0;395;144;66;119;25;10;20;0;0;11;14
1999;05200;05 Friedrichstadt;01 StB Altstadt ohne Johannstadt;StB 0 Altstadt;Wahlbezirk_Urne;955;52;340;1;329;126;48;86;28;5;19;0;0;17;11
1999;05301;05 Friedrichstadt;01 StB Altstadt ohne Johannstadt;StB 0 Altstadt;Wahlbezirk_Urne;733;48;300;0;297;125;53;78;8;7;12;0;0;14;3
1999;05302;05 Friedrichstadt;01 StB Altstadt ohne Johannstadt;StB 0 Altstadt;Wahlbezirk_Urne;1127;88;337;1;322;155;42;82;9;5;11;0;0;18;15
1999;06000;06 Johannstadt-Nord;02 Johannstadt;StB 0 Altstadt;Wahlbezirk_Brief;0;0;618;618;611;230;87;213;30;10;10;0;0;31;7
1999;06101;06 Johannstadt-Nord;02 Johannstadt;StB 0 Altstadt;Wahlbezirk_Urne;725;53;329;0;318;144;54;100;0;7;3;0;0;10;11
1999;06102;06 Johannstadt-Nord;02 Johannstadt;StB 0 Altstadt;Wahlbezirk_Urne;777;66;407;0;399;181;59;108;14;8;11;0;0;18;8
1999;06200;06 Johannstadt-Nord;02 Johannstadt;StB 0 Altstadt;Wahlbezirk_Urne;660;65;313;0;307;113;44;106;20;7;4;0;0;13;6
1999;06301;06 Johannstadt-Nord;02 Johannstadt;StB 0 Altstadt;Wahlbezirk_Urne;763;64;368;0;354;128;53;134;10;5;11;0;0;13;14
1999;06302;06 Johannstadt-Nord;02 Johannstadt;StB 0 Altstadt;Wahlbezirk_Urne;914;90;408;0;389;147;63;150;8;7;7;0;0;7;19
1999;06400;06 Johannstadt-Nord;02 Johannstadt;StB 0 Altstadt;Wahlbezirk_Urne;1200;109;527;0;508;205;82;163;16;8;12;0;0;22;19
1999;06500;06 Johannstadt-Nord;02 Johannstadt;StB 0 Altstadt;Wahlbezirk_Urne;841;47;421;1;418;178;72;82;48;12;6;0;0;20;3
1999;06601;06 Johannstadt-Nord;02 Johannstadt;StB 0 Altstadt;Wahlbezirk_Urne;759;57;435;0;422;170;74;135;8;6;13;0;0;16;13
1999;06602;06 Johannstadt-Nord;02 Johannstadt;StB 0 Altstadt;Wahlbezirk_Urne;780;78;303;0;300;131;48;66;28;8;3;0;0;16;3
1999;06700;06 Johannstadt-Nord;02 Johannstadt;StB 0 Altstadt;Wahlbezirk_Urne;1205;88;456;2;439;144;84;109;51;14;7;0;0;30;17
1999;07001;07 Johannstadt-Süd;02 Johannstadt;StB 0 Altstadt;Wahlbezirk_Brief;0;0;601;601;596;272;71;201;14;8;5;0;0;25;5
1999;07002;07 Johannstadt-Süd;02 Johannstadt;StB 0 Altstadt;Wahlbezirk_Brief;0;0;532;532;529;195;71;202;15;10;9;0;0;27;3
1999;07101;07 Johannstadt-Süd;02 Johannstadt;StB 0 Altstadt;Wahlbezirk_Urne;866;87;376;0;354;110;54;145;13;5;3;0;0;24;22
1999;07102;07 Johannstadt-Süd;02 Johannstadt;StB 0 Altstadt;Wahlbezirk_Urne;768;117;404;0;384;158;75;113;8;7;10;0;0;13;20
1999;07200;07 Johannstadt-Süd;02 Johannstadt;StB 0 Altstadt;Wahlbezirk_Urne;1149;134;555;0;541;242;98;124;13;12;20;0;0;32;14
1999;07300;07 Johannstadt-Süd;02 Johannstadt;StB 0 Altstadt;Wahlbezirk_Urne;1420;162;679;0;660;323;117;157;15;5;11;0;0;32;19
1999;07401;07 Johannstadt-Süd;02 Johannstadt;StB 0 Altstadt;Wahlbezirk_Urne;691;74;343;0;332;141;76;85;7;3;5;0;0;15;11
1999;07402;07 Johannstadt-Süd;02 Johannstadt;StB 0 Altstadt;Wahlbezirk_Urne;957;101;455;0;440;209;65;129;9;5;3;0;0;20;15
1999;07500;07 Johannstadt-Süd;02 Johannstadt;StB 0 Altstadt;Wahlbezirk_Urne;1320;156;642;0;630;259;104;200;12;10;20;0;0;25;12
1999;07600;07 Johannstadt-Süd;02 Johannstadt;StB 0 Altstadt;Wahlbezirk_Urne;1018;115;524;2;510;194;73;194;13;6;6;0;0;24;14
1999;07700;07 Johannstadt-Süd;02 Johannstadt;StB 0 Altstadt;Wahlbezirk_Urne;1044;119;530;0;514;146;81;236;11;10;8;0;0;22;16
1999;07800;07 Johannstadt-Süd;02 Johannstadt;StB 0 Altstadt;Wahlbezirk_Urne;1047;101;551;0;527;238;97;129;13;4;17;0;0;29;24
1999;07900;07 Johannstadt-Süd;02 Johannstadt;StB 0 Altstadt;Wahlbezirk_Urne;1042;112;543;0;530;224;80;162;15;14;13;0;0;22;13
1999;11001;11 Äußere Neustadt (Antonstadt);03 StB Neustadt ohne Leipziger Vorstadt;StB 1 Neustadt;Wahlbezirk_Brief;0;0;280;280;277;88;42;58;60;12;1;0;0;16;3
1999;11002;11 Äußere Neustadt (Antonstadt);03 StB Neustadt ohne Leipziger Vorstadt;StB 1 Neustadt;Wahlbezirk_Brief;0;0;342;342;341;75;37;82;115;8;6;0;0;18;1
1999;11100;11 Äußere Neustadt (Antonstadt);03 StB Neustadt ohne Leipziger Vorstadt;StB 1 Neustadt;Wahlbezirk_Urne;1571;142;539;0;524;181;88;123;82;16;9;0;0;25;15
1999;11200;11 Äußere Neustadt (Antonstadt);03 StB Neustadt ohne Leipziger Vorstadt;StB 1 Neustadt;Wahlbezirk_Urne;913;79;357;0;349;123;49;90;57;10;6;0;0;14;8
1999;11400;11 Äußere Neustadt (Antonstadt);03 StB Neustadt ohne Leipziger Vorstadt;StB 1 Neustadt;Wahlbezirk_Urne;1183;82;419;3;406;106;59;88;99;16;10;0;0;28;13
1999;11500;11 Äußere Neustadt (Antonstadt);03 StB Neustadt ohne Leipziger Vorstadt;StB 1 Neustadt;Wahlbezirk_Urne;996;81;371;0;364;94;48;68;116;10;9;0;0;19;7
1999;11600;11 Äußere Neustadt (Antonstadt);03 StB Neustadt ohne Leipziger Vorstadt;StB 1 Neustadt;Wahlbezirk_Urne;1330;119;492;1;489;135;61;116;122;11;10;0;0;34;3
1999;11700;11 Äußere Neustadt (Antonstadt);03 StB Neustadt ohne Leipziger Vorstadt;StB 1 Neustadt;Wahlbezirk_Urne;1218;127;461;0;458;129;61;100;119;12;11;0;0;26;3
1999;11800;11 Äußere Neustadt (Antonstadt);03 StB Neustadt ohne Leipziger Vorstadt;StB 1 Neustadt;Wahlbezirk_Urne;922;66;331;0;325;125;41;87;36;16;9;0;0;11;6
1999;12000;12 Radeberger Vorstadt;03 StB Neustadt ohne Leipziger Vorstadt;StB 1 Neustadt;Wahlbezirk_Brief;0;0;419;419;415;137;50;129;59;9;6;0;0;25;4
1999;12100;12 Radeberger Vorstadt;03 StB Neustadt ohne Leipziger Vorstadt;StB 1 Neustadt;Wahlbezirk_Urne;811;115;332;2;324;116;45;62;69;13;5;0;0;14;8
1999;12200;12 Radeberger Vorstadt;03 StB Neustadt ohne Leipziger Vorstadt;StB 1 Neustadt;Wahlbezirk_Urne;1453;165;698;1;691;286;97;173;71;14;18;0;0;32;7
1999;12300;12 Radeberger Vorstadt;03 StB Neustadt ohne Leipziger Vorstadt;StB 1 Neustadt;Wahlbezirk_Urne;1270;143;569;0;559;181;60;236;32;13;18;0;0;19;10
1999;12400;12 Radeberger Vorstadt;03 StB Neustadt ohne Leipziger Vorstadt;StB 1 Neustadt;Wahlbezirk_Urne;1432;69;593;0;583;159;57;291;18;6;23;0;0;29;10
1999;13000;13 Innere Neustadt;03 StB Neustadt ohne Leipziger Vorstadt;StB 1 Neustadt;Wahlbezirk_Brief;0;0;454;454;449;172;68;139;36;10;2;0;0;22;5
1999;13100;13 Innere Neustadt;03 StB Neustadt ohne Leipziger Vorstadt;StB 1 Neustadt;Wahlbezirk_Urne;961;107;481;0;472;151;61;175;51;11;7;0;0;16;9
1999;13200;13 Innere Neustadt;03 StB Neustadt ohne Leipziger Vorstadt;StB 1 Neustadt;Wahlbezirk_Urne;1440;178;637;0;619;203;94;251;17;10;18;0;0;26;18
1999;13300;13 Innere Neustadt;03 StB Neustadt ohne Leipziger Vorstadt;StB 1 Neustadt;Wahlbezirk_Urne;853;72;323;0;314;118;55;72;39;8;8;0;0;14;9
1999;13400;13 Innere Neustadt;03 StB Neustadt ohne Leipziger Vorstadt;StB 1 Neustadt;Wahlbezirk_Urne;1147;163;535;1;530;182;50;211;39;9;8;0;0;31;5
1999;14000;14 Leipziger Vorstadt;04 Leipziger Vorstadt, Pieschen;StB 1 Neustadt;Wahlbezirk_Brief;0;0;296;296;293;98;28;85;55;5;5;0;0;17;3
1999;14100;14 Leipziger Vorstadt;04 Leipziger Vorstadt, Pieschen;StB 1 Neustadt;Wahlbezirk_Urne;684;31;270;0;257;134;18;63;13;5;10;0;0;14;13
1999;14200;14 Leipziger Vorstadt;04 Leipziger Vorstadt, Pieschen;StB 1 Neustadt;Wahlbezirk_Urne;858;46;303;0;295;119;43;74;32;3;6;0;0;18;8
1999;14300;14 Leipziger Vorstadt;04 Leipziger Vorstadt, Pieschen;StB 1 Neustadt;Wahlbezirk_Urne;847;53;278;0;273;100;41;57;44;10;12;0;0;9;5
1999;14400;14 Leipziger Vorstadt;04 Leipziger Vorstadt, Pieschen;StB 1 Neustadt;Wahlbezirk_Urne;1055;75;380;4;365;95;104;43;75;10;19;0;0;19;15
1999;14500;14 Leipziger Vorstadt;04 Leipziger Vorstadt, Pieschen;StB 1 Neustadt;Wahlbezirk_Urne;867;48;335;0;321;97;40;123;30;5;3;0;0;23;14
1999;14600;14 Leipziger Vorstadt;04 Leipziger Vorstadt, Pieschen;StB 1 Neustadt;Wahlbezirk_Urne;1361;93;601;0;586;247;79;162;29;18;23;0;0;28;15
1999;15300;11 Äußere Neustadt (Antonstadt);03 StB Neustadt ohne Leipziger Vorstadt;StB 1 Neustadt;Wahlbezirk_Urne;658;41;258;0;251;83;37;87;10;6;17;0;0;11;7
1999;21000;21 Pieschen-Süd;04 Leipziger Vorstadt, Pieschen;StB 2 Pieschen;Wahlbezirk_Brief;0;0;323;323;319;132;42;71;44;9;9;0;0;12;4
1999;21100;21 Pieschen-Süd;04 Leipziger Vorstadt, Pieschen;StB 2 Pieschen;Wahlbezirk_Urne;791;47;269;0;263;93;38;65;36;2;15;0;0;14;6
1999;21200;21 Pieschen-Süd;04 Leipziger Vorstadt, Pieschen;StB 2 Pieschen;Wahlbezirk_Urne;1229;75;454;2;439;182;54;115;28;15;19;0;0;26;15
1999;21300;21 Pieschen-Süd;04 Leipziger Vorstadt, Pieschen;StB 2 Pieschen;Wahlbezirk_Urne;1627;119;477;1;457;183;70;99;53;10;13;0;0;29;20
1999;21400;21 Pieschen-Süd;04 Leipziger Vorstadt, Pieschen;StB 2 Pieschen;Wahlbezirk_Urne;1018;82;362;0;352;141;50;85;42;8;6;0;0;20;10
1999;21500;21 Pieschen-Süd;04 Leipziger Vorstadt, Pieschen;StB 2 Pieschen;Wahlbezirk_Urne;945;44;327;0;312;152;41;63;20;10;2;0;0;24;15
1999;22000;22 Mickten;05 Mickten, Kaditz, Trachau;StB 2 Pieschen;Wahlbezirk_Brief;0;0;486;486;482;222;66;120;23;12;8;0;0;31;4
1999;22100;22 Mickten;05 Mickten, Kaditz, Trachau;StB 2 Pieschen;Wahlbezirk_Urne;1330;100;502;0;490;226;69;106;37;4;12;0;0;36;12
1999;22200;22 Mickten;05 Mickten, Kaditz, Trachau;StB 2 Pieschen;Wahlbezirk_Urne;1511;75;586;0;573;247;78;171;26;9;17;0;0;25;13
1999;22400;22 Mickten;05 Mickten, Kaditz, Trachau;StB 2 Pieschen;Wahlbezirk_Urne;1108;92;548;0;533;266;88;121;20;6;13;0;0;19;15
1999;22501;22 Mickten;05 Mickten, Kaditz, Trachau;StB 2 Pieschen;Wahlbezirk_Urne;931;53;371;0;362;174;47;98;12;10;8;0;0;13;9
1999;22502;22 Mickten;05 Mickten, Kaditz, Trachau;StB 2 Pieschen;Wahlbezirk_Urne;1102;91;468;1;455;222;66;97;10;11;24;0;0;25;13
1999;22600;22 Mickten;05 Mickten, Kaditz, Trachau;StB 2 Pieschen;Wahlbezirk_Urne;1067;81;497;2;489;241;63;111;23;14;17;0;0;20;8
1999;22700;22 Mickten;05 Mickten, Kaditz, Trachau;StB 2 Pieschen;Wahlbezirk_Urne;931;71;460;0;447;247;60;88;21;4;7;0;0;20;13
1999;23000;23 Kaditz;05 Mickten, Kaditz, Trachau;StB 2 Pieschen;Wahlbezirk_Brief;0;0;236;236;235;120;21;52;11;6;8;0;0;17;1
1999;23100;23 Kaditz;05 Mickten, Kaditz, Trachau;StB 2 Pieschen;Wahlbezirk_Urne;936;67;368;0;357;164;55;90;9;8;16;0;0;15;11
1999;23200;23 Kaditz;05 Mickten, Kaditz, Trachau;StB 2 Pieschen;Wahlbezirk_Urne;825;62;281;0;273;133;41;49;12;6;13;0;0;19;8
1999;23300;23 Kaditz;05 Mickten, Kaditz, Trachau;StB 2 Pieschen;Wahlbezirk_Urne;1355;104;631;0;618;336;80;118;14;22;18;0;0;30;13
1999;23400;23 Kaditz;05 Mickten, Kaditz, Trachau;StB 2 Pieschen;Wahlbezirk_Urne;713;50;346;0;327;170;52;82;3;5;4;0;0;11;19
1999;24000;24 Trachau;05 Mickten, Kaditz, Trachau;StB 2 Pieschen;Wahlbezirk_Brief;0;0;585;585;580;237;72;180;38;10;8;0;0;35;5
1999;24100;24 Trachau;05 Mickten, Kaditz, Trachau;StB 2 Pieschen;Wahlbezirk_Urne;1265;108;552;0;543;236;87;118;38;21;13;0;0;30;9
1999;24300;24 Trachau;05 Mickten, Kaditz, Trachau;StB 2 Pieschen;Wahlbezirk_Urne;1375;145;708;1;698;293;109;161;76;16;13;0;0;30;10
1999;24400;24 Trachau;05 Mickten, Kaditz, Trachau;StB 2 Pieschen;Wahlbezirk_Urne;880;60;401;1;392;170;59;72;41;24;11;0;0;15;9
1999;24500;24 Trachau;05 Mickten, Kaditz, Trachau;StB 2 Pieschen;Wahlbezirk_Urne;1426;161;665;0;650;280;90;185;26;15;21;0;0;33;15
1999;24700;24 Trachau;05 Mickten, Kaditz, Trachau;StB 2 Pieschen;Wahlbezirk_Urne;1092;111;508;0;501;224;84;127;21;13;11;0;0;21;7
1999;24800;24 Trachau;05 Mickten, Kaditz, Trachau;StB 2 Pieschen;Wahlbezirk_Urne;1038;115;494;3;489;229;68;116;28;14;10;0;0;24;5
1999;25000;25 Pieschen-N/Trachenberge;04 Leipziger Vorstadt, Pieschen;StB 2 Pieschen;Wahlbezirk_Brief;0;0;510;510;501;211;59;144;38;13;9;0;0;27;9
1999;25100;25 Pieschen-N/Trachenberge;04 Leipziger Vorstadt, Pieschen;StB 2 Pieschen;Wahlbezirk_Urne;663;33;240;0;233;97;34;61;19;4;10;0;0;8;7
1999;25200;25 Pieschen-N/Trachenberge;04 Leipziger Vorstadt, Pieschen;StB 2 Pieschen;Wahlbezirk_Urne;1485;119;545;0;529;279;63;97;30;11;20;0;0;29;16
1999;25300;25 Pieschen-N/Trachenberge;04 Leipziger Vorstadt, Pieschen;StB 2 Pieschen;Wahlbezirk_Urne;1478;126;678;0;666;284;98;190;32;12;18;0;0;32;12
1999;25400;25 Pieschen-N/Trachenberge;04 Leipziger Vorstadt, Pieschen;StB 2 Pieschen;Wahlbezirk_Urne;1532;99;595;0;572;267;68;126;42;10;20;0;0;39;23
1999;25500;25 Pieschen-N/Trachenberge;04 Leipziger Vorstadt, Pieschen;StB 2 Pieschen;Wahlbezirk_Urne;1041;73;397;0;386;187;49;83;28;15;6;0;0;18;11
1999;25700;25 Pieschen-N/Trachenberge;04 Leipziger Vorstadt, Pieschen;StB 2 Pieschen;Wahlbezirk_Urne;1420;139;599;2;589;232;79;185;32;19;20;0;0;22;10
1999;31001;31 Klotzsche;06 StB Klotzsche und nördliche OS;StB 3 Klotzsche/nördliche Ortschaften;Wahlbezirk_Brief;0;0;403;403;397;183;37;120;20;3;4;0;0;30;6
1999;31002;31 Klotzsche;06 StB Klotzsche und nördliche OS;StB 3 Klotzsche/nördliche Ortschaften;Wahlbezirk_Brief;0;0;344;344;344;168;35;89;23;6;7;0;0;16;0
1999;31100;31 Klotzsche;06 StB Klotzsche und nördliche OS;StB 3 Klotzsche/nördliche Ortschaften;Wahlbezirk_Urne;1359;134;583;0;559;291;68;111;31;9;17;0;0;32;24
1999;31201;31 Klotzsche;06 StB Klotzsche und nördliche OS;StB 3 Klotzsche/nördliche Ortschaften;Wahlbezirk_Urne;791;62;321;0;311;133;51;84;4;10;4;0;0;25;10
1999;31202;31 Klotzsche;06 StB Klotzsche und nördliche OS;StB 3 Klotzsche/nördliche Ortschaften;Wahlbezirk_Urne;727;66;314;0;306;143;44;84;6;4;10;0;0;15;8
1999;31300;31 Klotzsche;06 StB Klotzsche und nördliche OS;StB 3 Klotzsche/nördliche Ortschaften;Wahlbezirk_Urne;1238;132;579;0;569;251;92;158;12;7;15;0;0;34;10
1999;31400;31 Klotzsche;06 StB Klotzsche und nördliche OS;StB 3 Klotzsche/nördliche Ortschaften;Wahlbezirk_Urne;1039;78;508;0;493;233;63;117;16;14;19;0;0;31;15
1999;31500;31 Klotzsche;06 StB Klotzsche und nördliche OS;StB 3 Klotzsche/nördliche Ortschaften;Wahlbezirk_Urne;868;80;457;0;442;229;58;89;31;10;9;0;0;16;15
1999;31601;31 Klotzsche;06 StB Klotzsche und nördliche OS;StB 3 Klotzsche/nördliche Ortschaften;Wahlbezirk_Urne;702;72;343;0;331;173;44;60;19;6;11;0;0;18;12
1999;31602;31 Klotzsche;06 StB Klotzsche und nördliche OS;StB 3 Klotzsche/nördliche Ortschaften;Wahlbezirk_Urne;764;78;423;0;415;232;49;76;25;9;9;0;0;15;8
1999;31701;31 Klotzsche;06 StB Klotzsche und nördliche OS;StB 3 Klotzsche/nördliche Ortschaften;Wahlbezirk_Urne;858;58;351;0;341;112;73;112;12;8;14;0;0;10;10
1999;31702;31 Klotzsche;06 StB Klotzsche und nördliche OS;StB 3 Klotzsche/nördliche Ortschaften;Wahlbezirk_Urne;660;57;272;0;266;104;37;84;13;2;8;0;0;18;6
1999;31800;31 Klotzsche;06 StB Klotzsche und nördliche OS;StB 3 Klotzsche/nördliche Ortschaften;Wahlbezirk_Urne;995;55;470;0;458;156;87;138;15;10;16;0;0;36;12
1999;32000;32 Hellerau/Wilschdorf;06 StB Klotzsche und nördliche OS;StB 3 Klotzsche/nördliche Ortschaften;Wahlbezirk_Brief;0;0;318;318;315;157;41;67;23;2;8;0;0;17;3
1999;32100;32 Hellerau/Wilschdorf;06 StB Klotzsche und nördliche OS;StB 3 Klotzsche/nördliche Ortschaften;Wahlbezirk_Urne;1353;106;704;0;676;386;78;128;18;12;28;0;0;26;28
1999;32201;32 Hellerau/Wilschdorf;06 StB Klotzsche und nördliche OS;StB 3 Klotzsche/nördliche Ortschaften;Wahlbezirk_Urne;650;44;301;0;295;182;37;40;7;9;8;0;0;12;6
1999;32202;32 Hellerau/Wilschdorf;06 StB Klotzsche und nördliche OS;StB 3 Klotzsche/nördliche Ortschaften;Wahlbezirk_Urne;953;82;469;1;460;256;53;109;10;10;8;0;0;14;9
1999;32300;32 Hellerau/Wilschdorf;06 StB Klotzsche und nördliche OS;StB 3 Klotzsche/nördliche Ortschaften;Wahlbezirk_Urne;894;72;497;0;484;238;56;120;23;13;8;0;0;26;13
1999;32400;32 Hellerau/Wilschdorf;06 StB Klotzsche und nördliche OS;StB 3 Klotzsche/nördliche Ortschaften;Wahlbezirk_Urne;1053;74;614;0;605;270;92;145;46;15;15;0;0;22;9
1999;35010;35 Weixdorf;06 StB Klotzsche und nördliche OS;StB 3 Klotzsche/nördliche Ortschaften;Wahlbezirk_Brief;0;0;200;200;196;102;18;40;9;6;8;0;0;13;4
1999;35110;35 Weixdorf;06 StB Klotzsche und nördliche OS;StB 3 Klotzsche/nördliche Ortschaften;Wahlbezirk_Urne;882;44;480;0;469;248;62;83;11;10;29;0;0;26;11
1999;35210;35 Weixdorf;06 StB Klotzsche und nördliche OS;StB 3 Klotzsche/nördliche Ortschaften;Wahlbezirk_Urne;730;59;371;0;360;204;60;60;11;7;10;0;0;8;11
1999;35310;35 Weixdorf;06 StB Klotzsche und nördliche OS;StB 3 Klotzsche/nördliche Ortschaften;Wahlbezirk_Urne;961;49;494;0;480;267;60;88;16;11;18;0;0;20;14
1999;35410;35 Weixdorf;06 StB Klotzsche und nördliche OS;StB 3 Klotzsche/nördliche Ortschaften;Wahlbezirk_Urne;1005;48;540;0;522;299;61;73;18;12;25;0;0;34;18
1999;35510;35 Weixdorf;06 StB Klotzsche und nördliche OS;StB 3 Klotzsche/nördliche Ortschaften;Wahlbezirk_Urne;497;21;243;1;234;143;21;34;4;7;16;0;0;9;9
1999;35610;35 Weixdorf;06 StB Klotzsche und nördliche OS;StB 3 Klotzsche/nördliche Ortschaften;Wahlbezirk_Urne;241;10;103;0;99;51;15;16;3;4;1;0;0;9;4
1999;36010;36 Langebrück/Schönborn;06 StB Klotzsche und nördliche OS;StB 3 Klotzsche/nördliche Ortschaften;Wahlbezirk_Brief;0;0;159;159;157;82;27;15;19;1;6;0;0;7;2
1999;36110;36 Langebrück/Schönborn;06 StB Klotzsche und nördliche OS;StB 3 Klotzsche/nördliche Ortschaften;Wahlbezirk_Urne;891;42;420;0;409;215;50;73;14;11;25;0;0;21;11
1999;36211;36 Langebrück/Schönborn;06 StB Klotzsche und nördliche OS;StB 3 Klotzsche/nördliche Ortschaften;Wahlbezirk_Urne;639;27;349;0;340;170;57;57;23;13;7;0;0;13;9
1999;36212;36 Langebrück/Schönborn;06 StB Klotzsche und nördliche OS;StB 3 Klotzsche/nördliche Ortschaften;Wahlbezirk_Urne;614;36;301;0;293;141;44;56;15;9;12;0;0;16;8
1999;36310;36 Langebrück/Schönborn;06 StB Klotzsche und nördliche OS;StB 3 Klotzsche/nördliche Ortschaften;Wahlbezirk_Urne;753;71;436;0;428;195;83;93;27;11;5;0;0;14;8
1999;36410;36 Langebrück/Schönborn;06 StB Klotzsche und nördliche OS;StB 3 Klotzsche/nördliche Ortschaften;Wahlbezirk_Urne;340;8;250;0;243;138;29;23;5;10;19;0;0;19;7
1999;41000;41 Loschwitz/Wachwitz;07 StB Loschwitz und OS Schönfeld-Weißig;StB 4 Loschwitz/OS Schönfeld-Weißig;Wahlbezirk_Brief;0;0;372;372;371;186;38;77;37;14;6;0;0;13;1
1999;41000;43 Hosterwitz/Pillnitz;07 StB Loschwitz und OS Schönfeld-Weißig;StB 4 Loschwitz/OS Schönfeld-Weißig;Wahlbezirk_Brief;0;0;201;201;201;100;22;41;20;8;4;0;0;6;0
1999;41100;41 Loschwitz/Wachwitz;07 StB Loschwitz und OS Schönfeld-Weißig;StB 4 Loschwitz/OS Schönfeld-Weißig;Wahlbezirk_Urne;1052;129;533;0;529;243;56;112;69;25;7;0;0;17;4
1999;41200;41 Loschwitz/Wachwitz;07 StB Loschwitz und OS Schönfeld-Weißig;StB 4 Loschwitz/OS Schönfeld-Weißig;Wahlbezirk_Urne;1012;129;523;0;515;238;82;100;56;11;3;0;0;25;8
1999;41300;41 Loschwitz/Wachwitz;07 StB Loschwitz und OS Schönfeld-Weißig;StB 4 Loschwitz/OS Schönfeld-Weißig;Wahlbezirk_Urne;681;76;418;0;415;238;55;51;36;14;3;0;0;18;3
1999;41400;41 Loschwitz/Wachwitz;07 StB Loschwitz und OS Schönfeld-Weißig;StB 4 Loschwitz/OS Schönfeld-Weißig;Wahlbezirk_Urne;911;103;473;0;466;208;65;87;45;25;10;0;0;26;7
1999;42001;42 Bühlau/Weißer Hirsch;07 StB Loschwitz und OS Schönfeld-Weißig;StB 4 Loschwitz/OS Schönfeld-Weißig;Wahlbezirk_Brief;0;0;360;360;357;178;45;43;48;11;5;0;0;27;3
1999;42002;42 Bühlau/Weißer Hirsch;07 StB Loschwitz und OS Schönfeld-Weißig;StB 4 Loschwitz/OS Schönfeld-Weißig;Wahlbezirk_Brief;0;0;418;418;413;162;74;91;35;14;5;0;0;32;5
1999;42100;42 Bühlau/Weißer Hirsch;07 StB Loschwitz und OS Schönfeld-Weißig;StB 4 Loschwitz/OS Schönfeld-Weißig;Wahlbezirk_Urne;915;113;476;1;463;202;71;93;52;13;3;0;0;29;13
1999;42200;42 Bühlau/Weißer Hirsch;07 StB Loschwitz und OS Schönfeld-Weißig;StB 4 Loschwitz/OS Schönfeld-Weißig;Wahlbezirk_Urne;1019;139;535;0;528;227;82;88;67;30;2;0;0;32;7
1999;42400;42 Bühlau/Weißer Hirsch;07 StB Loschwitz und OS Schönfeld-Weißig;StB 4 Loschwitz/OS Schönfeld-Weißig;Wahlbezirk_Urne;1148;190;621;5;600;305;91;120;36;12;7;0;0;29;21
1999;42500;42 Bühlau/Weißer Hirsch;07 StB Loschwitz und OS Schönfeld-Weißig;StB 4 Loschwitz/OS Schönfeld-Weißig;Wahlbezirk_Urne;1465;146;834;0;819;434;118;156;42;15;18;0;0;36;15
1999;42600;42 Bühlau/Weißer Hirsch;07 StB Loschwitz und OS Schönfeld-Weißig;StB 4 Loschwitz/OS Schönfeld-Weißig;Wahlbezirk_Urne;645;60;343;0;336;184;43;42;32;12;8;0;0;15;7
1999;42700;42 Bühlau/Weißer Hirsch;07 StB Loschwitz und OS Schönfeld-Weißig;StB 4 Loschwitz/OS Schönfeld-Weißig;Wahlbezirk_Urne;1052;117;564;0;548;282;85;92;36;11;15;0;0;27;16
1999;42800;42 Bühlau/Weißer Hirsch;07 StB Loschwitz und OS Schönfeld-Weißig;StB 4 Loschwitz/OS Schönfeld-Weißig;Wahlbezirk_Urne;1285;173;662;2;648;340;70;131;39;15;17;0;0;36;14
1999;43100;43 Hosterwitz/Pillnitz;07 StB Loschwitz und OS Schönfeld-Weißig;StB 4 Loschwitz/OS Schönfeld-Weißig;Wahlbezirk_Urne;490;54;267;0;261;143;35;34;20;4;8;0;0;17;6
1999;43200;43 Hosterwitz/Pillnitz;07 StB Loschwitz und OS Schönfeld-Weißig;StB 4 Loschwitz/OS Schönfeld-Weißig;Wahlbezirk_Urne;777;96;409;0;405;183;67;79;36;14;5;0;0;21;4
1999;43300;43 Hosterwitz/Pillnitz;07 StB Loschwitz und OS Schönfeld-Weißig;StB 4 Loschwitz/OS Schönfeld-Weißig;Wahlbezirk_Urne;546;49;289;0;285;121;51;61;25;10;6;0;0;11;4
1999;43400;43 Hosterwitz/Pillnitz;07 StB Loschwitz und OS Schönfeld-Weißig;StB 4 Loschwitz/OS Schönfeld-Weißig;Wahlbezirk_Urne;742;41;356;0;345;172;57;63;21;6;10;0;0;16;11
1999;45010;45 Weißig;07 StB Loschwitz und OS Schönfeld-Weißig;StB 4 Loschwitz/OS Schönfeld-Weißig;Wahlbezirk_Brief;0;0;525;525;518;269;67;88;32;18;9;0;0;35;7
1999;45110;45 Weißig;07 StB Loschwitz und OS Schönfeld-Weißig;StB 4 Loschwitz/OS Schönfeld-Weißig;Wahlbezirk_Urne;865;62;513;0;507;278;69;91;20;13;18;0;0;18;6
1999;45210;45 Weißig;07 StB Loschwitz und OS Schönfeld-Weißig;StB 4 Loschwitz/OS Schönfeld-Weißig;Wahlbezirk_Urne;1191;101;625;0;603;338;93;98;24;17;15;0;0;18;22
1999;45310;45 Weißig;07 StB Loschwitz und OS Schönfeld-Weißig;StB 4 Loschwitz/OS Schönfeld-Weißig;Wahlbezirk_Urne;953;66;404;0;391;211;49;79;13;9;15;0;0;15;13
1999;45410;45 Weißig;07 StB Loschwitz und OS Schönfeld-Weißig;StB 4 Loschwitz/OS Schönfeld-Weißig;Wahlbezirk_Urne;1246;93;734;0;704;462;85;81;24;19;13;0;0;20;30
1999;46110;45 Weißig;07 StB Loschwitz und OS Schönfeld-Weißig;StB 4 Loschwitz/OS Schönfeld-Weißig;Wahlbezirk_Urne;1074;66;647;0;622;388;84;76;21;18;16;0;0;19;25
1999;46210;45 Weißig;07 StB Loschwitz und OS Schönfeld-Weißig;StB 4 Loschwitz/OS Schönfeld-Weißig;Wahlbezirk_Urne;649;63;390;0;388;217;38;71;25;12;15;0;0;10;2
1999;46310;45 Weißig;07 StB Loschwitz und OS Schönfeld-Weißig;StB 4 Loschwitz/OS Schönfeld-Weißig;Wahlbezirk_Urne;717;78;448;0;440;217;62;91;38;9;8;0;0;15;8
1999;47110;45 Weißig;07 StB Loschwitz und OS Schönfeld-Weißig;StB 4 Loschwitz/OS Schönfeld-Weißig;Wahlbezirk_Urne;933;36;584;0;560;376;53;71;19;14;10;0;0;17;24
1999;47210;45 Weißig;07 StB Loschwitz und OS Schönfeld-Weißig;StB 4 Loschwitz/OS Schönfeld-Weißig;Wahlbezirk_Urne;1094;58;571;0;560;375;45;64;19;16;24;0;0;17;11
1999;47310;45 Weißig;07 StB Loschwitz und OS Schönfeld-Weißig;StB 4 Loschwitz/OS Schönfeld-Weißig;Wahlbezirk_Urne;558;23;328;0;319;201;32;47;10;5;13;0;0;11;9
1999;51000;51 Blasewitz;08 Blasewitz, Striesen;StB 5 Blasewitz;Wahlbezirk_Brief;0;0;531;531;529;279;43;95;63;24;1;0;0;24;2
1999;51100;51 Blasewitz;08 Blasewitz, Striesen;StB 5 Blasewitz;Wahlbezirk_Urne;925;100;460;0;457;223;71;88;29;19;7;0;0;20;3
1999;51200;51 Blasewitz;08 Blasewitz, Striesen;StB 5 Blasewitz;Wahlbezirk_Urne;1177;169;572;0;565;298;92;97;38;10;8;0;0;22;7
1999;51400;51 Blasewitz;08 Blasewitz, Striesen;StB 5 Blasewitz;Wahlbezirk_Urne;835;97;429;0;425;215;70;36;52;25;10;0;0;17;4
1999;51500;51 Blasewitz;08 Blasewitz, Striesen;StB 5 Blasewitz;Wahlbezirk_Urne;810;85;349;0;340;169;50;54;31;12;6;0;0;18;9
1999;51600;51 Blasewitz;08 Blasewitz, Striesen;StB 5 Blasewitz;Wahlbezirk_Urne;946;117;450;3;443;199;69;75;55;16;9;0;0;20;7
1999;51700;51 Blasewitz;08 Blasewitz, Striesen;StB 5 Blasewitz;Wahlbezirk_Urne;1004;69;408;0;394;165;60;91;38;13;11;0;0;16;14
1999;52000;52 Striesen-Ost;08 Blasewitz, Striesen;StB 5 Blasewitz;Wahlbezirk_Brief;0;0;544;544;537;241;63;106;67;15;5;0;0;40;7
1999;52100;52 Striesen-Ost;08 Blasewitz, Striesen;StB 5 Blasewitz;Wahlbezirk_Urne;1433;153;711;1;697;300;102;106;123;23;8;0;0;35;14
1999;52200;52 Striesen-Ost;08 Blasewitz, Striesen;StB 5 Blasewitz;Wahlbezirk_Urne;1174;88;567;0;558;247;83;104;76;18;7;0;0;23;9
1999;52400;52 Striesen-Ost;08 Blasewitz, Striesen;StB 5 Blasewitz;Wahlbezirk_Urne;935;83;444;2;441;201;61;85;46;13;8;0;0;27;3
1999;52500;52 Striesen-Ost;08 Blasewitz, Striesen;StB 5 Blasewitz;Wahlbezirk_Urne;1250;107;555;0;543;232;78;104;58;27;14;0;0;30;12
1999;52600;52 Striesen-Ost;08 Blasewitz, Striesen;StB 5 Blasewitz;Wahlbezirk_Urne;1099;112;477;0;474;172;86;106;63;15;15;0;0;17;3
1999;52700;52 Striesen-Ost;08 Blasewitz, Striesen;StB 5 Blasewitz;Wahlbezirk_Urne;1215;99;480;0;470;219;68;108;29;8;15;0;0;23;10
1999;53000;53 Striesen-Süd;08 Blasewitz, Striesen;StB 5 Blasewitz;Wahlbezirk_Brief;0;0;628;628;622;254;94;191;31;9;13;0;0;30;6
1999;53100;53 Striesen-Süd;08 Blasewitz, Striesen;StB 5 Blasewitz;Wahlbezirk_Urne;1432;177;705;1;690;261;110;199;67;15;17;0;0;21;15
1999;53300;53 Striesen-Süd;08 Blasewitz, Striesen;StB 5 Blasewitz;Wahlbezirk_Urne;839;93;390;0;379;175;53;99;19;11;7;0;0;15;11
1999;53400;53 Striesen-Süd;08 Blasewitz, Striesen;StB 5 Blasewitz;Wahlbezirk_Urne;1095;115;555;0;543;228;73;187;12;9;10;0;0;24;12
1999;53500;53 Striesen-Süd;08 Blasewitz, Striesen;StB 5 Blasewitz;Wahlbezirk_Urne;865;100;431;0;417;171;86;126;9;2;8;0;0;15;14
1999;53600;53 Striesen-Süd;08 Blasewitz, Striesen;StB 5 Blasewitz;Wahlbezirk_Urne;874;74;446;0;434;202;81;107;16;6;8;0;0;14;12
1999;53700;53 Striesen-Süd;08 Blasewitz, Striesen;StB 5 Blasewitz;Wahlbezirk_Urne;1020;66;445;0;435;214;71;96;17;8;7;0;0;22;10
1999;53800;53 Striesen-Süd;08 Blasewitz, Striesen;StB 5 Blasewitz;Wahlbezirk_Urne;966;91;404;0;392;185;63;90;21;11;10;0;0;12;12
1999;54000;54 Striesen-West;08 Blasewitz, Striesen;StB 5 Blasewitz;Wahlbezirk_Brief;0;0;694;694;690;311;92;188;39;15;7;0;0;38;4
1999;54100;54 Striesen-West;08 Blasewitz, Striesen;StB 5 Blasewitz;Wahlbezirk_Urne;1339;110;721;0;707;320;130;175;43;9;5;0;0;25;14
1999;54200;54 Striesen-West;08 Blasewitz, Striesen;StB 5 Blasewitz;Wahlbezirk_Urne;992;79;476;0;461;189;67;122;43;6;4;0;0;30;15
1999;54300;54 Striesen-West;08 Blasewitz, Striesen;StB 5 Blasewitz;Wahlbezirk_Urne;962;111;428;0;420;222;74;80;12;7;11;0;0;14;8
1999;54400;54 Striesen-West;08 Blasewitz, Striesen;StB 5 Blasewitz;Wahlbezirk_Urne;1478;158;762;0;746;391;109;158;29;9;14;0;0;36;16
1999;54501;54 Striesen-West;08 Blasewitz, Striesen;StB 5 Blasewitz;Wahlbezirk_Urne;1096;110;584;1;569;273;88;134;17;13;17;0;0;27;15
1999;54502;54 Striesen-West;08 Blasewitz, Striesen;StB 5 Blasewitz;Wahlbezirk_Urne;1081;87;530;0;511;235;75;113;42;10;12;0;0;24;19
1999;54600;54 Striesen-West;08 Blasewitz, Striesen;StB 5 Blasewitz;Wahlbezirk_Urne;1407;125;656;0;639;280;124;162;21;11;13;0;0;28;17
1999;55000;55 Tolkewitz/Seidnitz-Nord;09 Tolkewitz, Seidnitz, Gruna;StB 5 Blasewitz;Wahlbezirk_Brief;0;0;693;693;685;284;101;210;21;10;11;0;0;48;8
1999;55100;55 Tolkewitz/Seidnitz-Nord;09 Tolkewitz, Seidnitz, Gruna;StB 5 Blasewitz;Wahlbezirk_Urne;1322;114;626;2;612;323;90;116;31;21;11;0;0;20;14
1999;55200;55 Tolkewitz/Seidnitz-Nord;09 Tolkewitz, Seidnitz, Gruna;StB 5 Blasewitz;Wahlbezirk_Urne;1269;113;548;0;534;214;79;150;38;13;13;0;0;27;14
1999;55300;55 Tolkewitz/Seidnitz-Nord;09 Tolkewitz, Seidnitz, Gruna;StB 5 Blasewitz;Wahlbezirk_Urne;1395;107;687;1;673;312;103;152;37;18;14;0;0;37;14
1999;55400;55 Tolkewitz/Seidnitz-Nord;09 Tolkewitz, Seidnitz, Gruna;StB 5 Blasewitz;Wahlbezirk_Urne;1178;117;542;0;529;233;70;159;14;19;15;0;0;19;13
1999;55500;55 Tolkewitz/Seidnitz-Nord;09 Tolkewitz, Seidnitz, Gruna;StB 5 Blasewitz;Wahlbezirk_Urne;1146;71;443;0;431;151;62;156;7;9;13;0;0;33;12
1999;55600;55 Tolkewitz/Seidnitz-Nord;09 Tolkewitz, Seidnitz, Gruna;StB 5 Blasewitz;Wahlbezirk_Urne;904;68;376;2;368;153;33;111;24;7;22;0;0;18;8
1999;55700;55 Tolkewitz/Seidnitz-Nord;09 Tolkewitz, Seidnitz, Gruna;StB 5 Blasewitz;Wahlbezirk_Urne;1187;129;571;0;561;193;106;199;12;8;17;0;0;26;10
1999;55800;55 Tolkewitz/Seidnitz-Nord;09 Tolkewitz, Seidnitz, Gruna;StB 5 Blasewitz;Wahlbezirk_Urne;998;103;480;0;461;169;80;152;14;8;10;0;0;28;19
1999;56001;56 Seidnitz/Dobritz;09 Tolkewitz, Seidnitz, Gruna;StB 5 Blasewitz;Wahlbezirk_Brief;0;0;369;369;366;184;55;87;13;3;7;0;0;17;3
1999;56002;56 Seidnitz/Dobritz;09 Tolkewitz, Seidnitz, Gruna;StB 5 Blasewitz;Wahlbezirk_Brief;0;0;382;382;377;187;56;78;13;9;5;0;0;29;5
1999;56100;56 Seidnitz/Dobritz;09 Tolkewitz, Seidnitz, Gruna;StB 5 Blasewitz;Wahlbezirk_Urne;1038;107;425;0;414;158;59;126;14;14;27;0;0;16;11
1999;56200;56 Seidnitz/Dobritz;09 Tolkewitz, Seidnitz, Gruna;StB 5 Blasewitz;Wahlbezirk_Urne;1015;81;516;0;503;213;93;135;14;16;16;0;0;16;13
1999;56300;56 Seidnitz/Dobritz;09 Tolkewitz, Seidnitz, Gruna;StB 5 Blasewitz;Wahlbezirk_Urne;1196;73;574;0;562;267;86;135;14;6;20;0;0;34;12
1999;56401;56 Seidnitz/Dobritz;09 Tolkewitz, Seidnitz, Gruna;StB 5 Blasewitz;Wahlbezirk_Urne;1199;125;518;1;511;266;68;100;16;14;10;0;0;37;7
1999;56402;56 Seidnitz/Dobritz;09 Tolkewitz, Seidnitz, Gruna;StB 5 Blasewitz;Wahlbezirk_Urne;865;52;408;1;395;191;54;116;7;4;12;0;0;11;13
1999;56501;56 Seidnitz/Dobritz;09 Tolkewitz, Seidnitz, Gruna;StB 5 Blasewitz;Wahlbezirk_Urne;713;62;325;0;311;134;57;68;10;10;21;0;0;11;14
1999;56502;56 Seidnitz/Dobritz;09 Tolkewitz, Seidnitz, Gruna;StB 5 Blasewitz;Wahlbezirk_Urne;891;85;441;0;430;210;67;86;7;12;21;0;0;27;11
1999;56600;56 Seidnitz/Dobritz;09 Tolkewitz, Seidnitz, Gruna;StB 5 Blasewitz;Wahlbezirk_Urne;1433;105;629;0;618;290;115;139;21;7;21;0;0;25;11
1999;56800;56 Seidnitz/Dobritz;09 Tolkewitz, Seidnitz, Gruna;StB 5 Blasewitz;Wahlbezirk_Urne;986;95;517;1;499;224;96;129;12;9;12;0;0;17;18
1999;56900;56 Seidnitz/Dobritz;09 Tolkewitz, Seidnitz, Gruna;StB 5 Blasewitz;Wahlbezirk_Urne;1137;102;517;0;509;227;85;130;16;11;14;0;0;26;8
1999;57001;57 Gruna;09 Tolkewitz, Seidnitz, Gruna;StB 5 Blasewitz;Wahlbezirk_Brief;0;0;398;398;396;151;71;104;35;6;3;0;0;26;2
1999;57002;57 Gruna;09 Tolkewitz, Seidnitz, Gruna;StB 5 Blasewitz;Wahlbezirk_Brief;0;0;588;588;583;245;92;176;21;14;10;0;0;25;5
1999;57100;57 Gruna;09 Tolkewitz, Seidnitz, Gruna;StB 5 Blasewitz;Wahlbezirk_Urne;887;95;460;0;445;180;69;142;18;10;7;0;0;19;15
1999;57200;57 Gruna;09 Tolkewitz, Seidnitz, Gruna;StB 5 Blasewitz;Wahlbezirk_Urne;1367;144;673;0;657;216;114;244;23;13;14;0;0;33;16
1999;57301;57 Gruna;09 Tolkewitz, Seidnitz, Gruna;StB 5 Blasewitz;Wahlbezirk_Urne;870;81;441;0;431;211;63;100;17;10;10;0;0;20;10
1999;57302;57 Gruna;09 Tolkewitz, Seidnitz, Gruna;StB 5 Blasewitz;Wahlbezirk_Urne;782;64;384;1;378;158;57;88;37;10;6;0;0;22;6
1999;57400;57 Gruna;09 Tolkewitz, Seidnitz, Gruna;StB 5 Blasewitz;Wahlbezirk_Urne;1202;102;536;1;520;204;78;154;37;14;5;0;0;28;16
1999;57500;57 Gruna;09 Tolkewitz, Seidnitz, Gruna;StB 5 Blasewitz;Wahlbezirk_Urne;1062;107;502;0;493;171;88;182;13;2;15;0;0;22;9
1999;57601;57 Gruna;09 Tolkewitz, Seidnitz, Gruna;StB 5 Blasewitz;Wahlbezirk_Urne;743;154;245;0;236;87;50;77;4;1;3;0;0;14;9
1999;57602;57 Gruna;09 Tolkewitz, Seidnitz, Gruna;StB 5 Blasewitz;Wahlbezirk_Urne;1275;159;542;0;524;242;68;151;5;19;10;0;0;29;18
1999;57700;57 Gruna;09 Tolkewitz, Seidnitz, Gruna;StB 5 Blasewitz;Wahlbezirk_Urne;1453;176;691;0;674;315;96;147;44;21;19;0;0;32;17
1999;57800;57 Gruna;09 Tolkewitz, Seidnitz, Gruna;StB 5 Blasewitz;Wahlbezirk_Urne;833;75;416;0;404;241;48;75;7;10;9;0;0;14;12
1999;61001;61 Leuben;10 StB Leuben;StB 6 Leuben;Wahlbezirk_Brief;0;0;429;429;428;192;66;113;13;11;5;0;0;28;1
1999;61002;61 Leuben;10 StB Leuben;StB 6 Leuben;Wahlbezirk_Brief;0;0;471;471;468;155;77;187;7;8;15;0;0;19;3
1999;61100;61 Leuben;10 StB Leuben;StB 6 Leuben;Wahlbezirk_Urne;920;64;382;0;375;175;67;85;13;6;5;0;0;24;7
1999;61200;61 Leuben;10 StB Leuben;StB 6 Leuben;Wahlbezirk_Urne;1088;76;461;0;449;226;56;114;12;11;13;0;0;17;12
1999;61300;61 Leuben;10 StB Leuben;StB 6 Leuben;Wahlbezirk_Urne;1272;88;562;0;544;257;96;119;16;20;12;0;0;24;18
1999;61400;61 Leuben;10 StB Leuben;StB 6 Leuben;Wahlbezirk_Urne;900;66;319;0;312;144;54;69;10;3;18;0;0;14;7
1999;61500;61 Leuben;10 StB Leuben;StB 6 Leuben;Wahlbezirk_Urne;1410;189;601;0;591;236;95;180;12;15;22;0;0;31;10
1999;61600;61 Leuben;10 StB Leuben;StB 6 Leuben;Wahlbezirk_Urne;1255;141;585;0;568;237;103;168;12;12;17;0;0;19;17
1999;61700;61 Leuben;10 StB Leuben;StB 6 Leuben;Wahlbezirk_Urne;1339;153;591;0;575;262;75;175;13;12;10;0;0;28;16
1999;61800;61 Leuben;10 StB Leuben;StB 6 Leuben;Wahlbezirk_Urne;1022;126;448;0;440;178;80;138;8;6;11;0;0;19;8
1999;61900;61 Leuben;10 StB Leuben;StB 6 Leuben;Wahlbezirk_Urne;1264;100;553;3;541;228;69;160;19;16;19;0;0;30;12
1999;62000;62 Laubegast;10 StB Leuben;StB 6 Leuben;Wahlbezirk_Brief;0;0;687;687;681;300;93;160;40;25;14;0;0;49;6
1999;62100;62 Laubegast;10 StB Leuben;StB 6 Leuben;Wahlbezirk_Urne;1374;99;657;0;637;299;97;129;40;17;25;0;0;30;20
1999;62200;62 Laubegast;10 StB Leuben;StB 6 Leuben;Wahlbezirk_Urne;992;87;475;0;466;231;67;107;15;10;14;0;0;22;9
1999;62301;62 Laubegast;10 StB Leuben;StB 6 Leuben;Wahlbezirk_Urne;828;53;397;0;386;186;62;86;12;13;6;0;0;21;11
1999;62302;62 Laubegast;10 StB Leuben;StB 6 Leuben;Wahlbezirk_Urne;1159;151;560;0;549;246;99;136;26;15;8;0;0;19;11
1999;62400;62 Laubegast;10 StB Leuben;StB 6 Leuben;Wahlbezirk_Urne;1431;110;681;0;650;312;84;130;48;19;17;0;0;40;31
1999;62501;62 Laubegast;10 StB Leuben;StB 6 Leuben;Wahlbezirk_Urne;763;91;376;0;369;202;55;72;11;6;13;0;0;10;7
1999;62502;62 Laubegast;10 StB Leuben;StB 6 Leuben;Wahlbezirk_Urne;1020;102;516;0;501;222;65;157;16;8;17;0;0;16;15
1999;62600;62 Laubegast;10 StB Leuben;StB 6 Leuben;Wahlbezirk_Urne;1462;101;723;1;706;318;114;160;43;24;21;0;0;26;17
1999;63000;63 Kleinzschachwitz;10 StB Leuben;StB 6 Leuben;Wahlbezirk_Brief;0;0;521;521;494;262;66;69;45;17;9;0;0;26;27
1999;63100;63 Kleinzschachwitz;10 StB Leuben;StB 6 Leuben;Wahlbezirk_Urne;1436;155;675;0;658;317;100;113;42;24;13;0;0;49;17
1999;63200;63 Kleinzschachwitz;10 StB Leuben;StB 6 Leuben;Wahlbezirk_Urne;1243;121;613;0;598;294;87;125;40;10;12;0;0;30;15
1999;63301;63 Kleinzschachwitz;10 StB Leuben;StB 6 Leuben;Wahlbezirk_Urne;1083;72;554;0;537;277;74;84;32;17;20;0;0;33;17
1999;63302;63 Kleinzschachwitz;10 StB Leuben;StB 6 Leuben;Wahlbezirk_Urne;809;43;433;0;424;249;55;71;18;9;14;0;0;8;9
1999;63401;63 Kleinzschachwitz;10 StB Leuben;StB 6 Leuben;Wahlbezirk_Urne;838;69;385;0;381;224;40;75;20;5;6;0;0;11;4
1999;63402;63 Kleinzschachwitz;10 StB Leuben;StB 6 Leuben;Wahlbezirk_Urne;1008;92;470;0;460;207;51;112;22;19;10;0;0;39;10
1999;64000;64 Großzschachwitz;10 StB Leuben;StB 6 Leuben;Wahlbezirk_Brief;0;0;335;335;333;148;39;98;11;9;4;0;0;24;2
1999;64100;64 Großzschachwitz;10 StB Leuben;StB 6 Leuben;Wahlbezirk_Urne;846;42;355;0;348;191;34;70;19;6;10;0;0;18;7
1999;64200;64 Großzschachwitz;10 StB Leuben;StB 6 Leuben;Wahlbezirk_Urne;1150;107;480;0;472;181;69;134;17;17;21;0;0;33;8
1999;64300;64 Großzschachwitz;10 StB Leuben;StB 6 Leuben;Wahlbezirk_Urne;974;48;438;0;421;191;65;112;15;6;12;0;0;20;17
1999;64400;64 Großzschachwitz;10 StB Leuben;StB 6 Leuben;Wahlbezirk_Urne;1192;86;567;1;542;239;96;129;16;15;17;0;0;30;25
1999;64500;64 Großzschachwitz;10 StB Leuben;StB 6 Leuben;Wahlbezirk_Urne;1266;105;526;0;518;246;84;103;16;10;17;0;0;42;8
1999;71000;71 Prohlis-Nord;11 Prohlis, Reick (mit Sternhäuser, Am Koitschgraben);StB 7 Prohlis;Wahlbezirk_Brief;0;0;310;310;306;119;40;108;13;3;3;0;0;20;4
1999;71100;71 Prohlis-Nord;11 Prohlis, Reick (mit Sternhäuser, Am Koitschgraben);StB 7 Prohlis;Wahlbezirk_Urne;751;49;392;0;388;164;53;117;13;4;10;0;0;27;4
1999;71200;71 Prohlis-Nord;11 Prohlis, Reick (mit Sternhäuser, Am Koitschgraben);StB 7 Prohlis;Wahlbezirk_Urne;1044;58;355;0;349;139;43;116;4;7;16;0;0;24;6
1999;71300;71 Prohlis-Nord;11 Prohlis, Reick (mit Sternhäuser, Am Koitschgraben);StB 7 Prohlis;Wahlbezirk_Urne;1296;83;580;1;561;250;79;151;19;7;20;0;0;35;19
1999;71400;71 Prohlis-Nord;11 Prohlis, Reick (mit Sternhäuser, Am Koitschgraben);StB 7 Prohlis;Wahlbezirk_Urne;1446;92;687;0;663;280;97;205;9;15;29;0;0;28;24
1999;71500;71 Prohlis-Nord;11 Prohlis, Reick (mit Sternhäuser, Am Koitschgraben);StB 7 Prohlis;Wahlbezirk_Urne;1251;80;492;0;481;211;62;143;7;8;26;0;0;24;11
1999;72001;72 Prohlis-Süd;11 Prohlis, Reick (mit Sternhäuser, Am Koitschgraben);StB 7 Prohlis;Wahlbezirk_Brief;0;0;286;286;278;107;29;105;4;8;6;0;0;19;8
1999;72002;72 Prohlis-Süd;11 Prohlis, Reick (mit Sternhäuser, Am Koitschgraben);StB 7 Prohlis;Wahlbezirk_Brief;0;0;214;214;208;79;35;72;6;3;4;0;0;9;6
1999;72100;72 Prohlis-Süd;11 Prohlis, Reick (mit Sternhäuser, Am Koitschgraben);StB 7 Prohlis;Wahlbezirk_Urne;1160;66;490;1;470;162;95;165;13;6;14;0;0;15;20
1999;72200;72 Prohlis-Süd;11 Prohlis, Reick (mit Sternhäuser, Am Koitschgraben);StB 7 Prohlis;Wahlbezirk_Urne;1222;100;470;0;458;170;84;144;14;8;12;0;0;26;12
1999;72300;72 Prohlis-Süd;11 Prohlis, Reick (mit Sternhäuser, Am Koitschgraben);StB 7 Prohlis;Wahlbezirk_Urne;875;58;381;1;364;147;67;105;7;7;13;0;0;18;17
1999;72400;72 Prohlis-Süd;11 Prohlis, Reick (mit Sternhäuser, Am Koitschgraben);StB 7 Prohlis;Wahlbezirk_Urne;834;45;337;1;329;131;44;102;6;11;10;0;0;25;8
1999;72500;72 Prohlis-Süd;11 Prohlis, Reick (mit Sternhäuser, Am Koitschgraben);StB 7 Prohlis;Wahlbezirk_Urne;987;70;374;0;361;163;54;94;12;7;13;0;0;18;13
1999;72600;72 Prohlis-Süd;11 Prohlis, Reick (mit Sternhäuser, Am Koitschgraben);StB 7 Prohlis;Wahlbezirk_Urne;745;53;314;0;298;137;43;72;5;7;16;0;0;18;16
1999;72700;72 Prohlis-Süd;11 Prohlis, Reick (mit Sternhäuser, Am Koitschgraben);StB 7 Prohlis;Wahlbezirk_Urne;1135;97;456;0;442;174;69;142;9;14;12;0;0;22;14
1999;72800;72 Prohlis-Süd;11 Prohlis, Reick (mit Sternhäuser, Am Koitschgraben);StB 7 Prohlis;Wahlbezirk_Urne;1081;114;370;2;356;160;56;87;9;10;17;0;0;17;14
1999;73011;73 Niedersedlitz;11 Prohlis, Reick (mit Sternhäuser, Am Koitschgraben);StB 7 Prohlis;Wahlbezirk_Brief;0;0;118;118;117;49;19;32;7;2;2;0;0;5;1
1999;73012;73 Niedersedlitz;12 Niedersedlitz, Leubnitz, Strehlen (ohne Sternhäuser, Am Koitschgraben);StB 7 Prohlis;Wahlbezirk_Brief;0;0;262;262;260;110;42;72;15;6;4;0;0;12;2
1999;73101;73 Niedersedlitz;12 Niedersedlitz, Leubnitz, Strehlen (ohne Sternhäuser, Am Koitschgraben);StB 7 Prohlis;Wahlbezirk_Urne;899;55;438;0;427;235;52;63;33;8;12;0;0;24;11
1999;73102;73 Niedersedlitz;12 Niedersedlitz, Leubnitz, Strehlen (ohne Sternhäuser, Am Koitschgraben);StB 7 Prohlis;Wahlbezirk_Urne;875;71;438;0;423;247;53;59;22;8;13;0;0;21;15
1999;73200;73 Niedersedlitz;12 Niedersedlitz, Leubnitz, Strehlen (ohne Sternhäuser, Am Koitschgraben);StB 7 Prohlis;Wahlbezirk_Urne;878;82;443;0;435;193;67;86;33;20;15;0;0;21;8
1999;73300;73 Niedersedlitz;12 Niedersedlitz, Leubnitz, Strehlen (ohne Sternhäuser, Am Koitschgraben);StB 7 Prohlis;Wahlbezirk_Urne;1384;86;652;0;621;345;82;117;31;9;17;0;0;20;31
1999;73500;73 Niedersedlitz;11 Prohlis, Reick (mit Sternhäuser, Am Koitschgraben);StB 7 Prohlis;Wahlbezirk_Urne;1115;78;469;1;450;145;71;175;16;3;15;0;0;25;19
1999;73600;73 Niedersedlitz;11 Prohlis, Reick (mit Sternhäuser, Am Koitschgraben);StB 7 Prohlis;Wahlbezirk_Urne;1360;54;542;0;528;206;71;160;13;16;22;0;0;40;14
1999;74000;74 Lockwitz;12 Niedersedlitz, Leubnitz, Strehlen (ohne Sternhäuser, Am Koitschgraben);StB 7 Prohlis;Wahlbezirk_Brief;0;0;210;210;209;93;22;55;15;6;3;0;0;15;1
1999;74100;74 Lockwitz;12 Niedersedlitz, Leubnitz, Strehlen (ohne Sternhäuser, Am Koitschgraben);StB 7 Prohlis;Wahlbezirk_Urne;512;32;235;0;228;113;34;50;9;3;10;0;0;9;7
1999;74201;74 Lockwitz;12 Niedersedlitz, Leubnitz, Strehlen (ohne Sternhäuser, Am Koitschgraben);StB 7 Prohlis;Wahlbezirk_Urne;966;67;516;0;512;243;69;111;30;14;17;0;0;28;4
1999;74202;74 Lockwitz;12 Niedersedlitz, Leubnitz, Strehlen (ohne Sternhäuser, Am Koitschgraben);StB 7 Prohlis;Wahlbezirk_Urne;871;66;437;0;417;238;42;73;18;4;18;0;0;24;20
1999;74300;74 Lockwitz;12 Niedersedlitz, Leubnitz, Strehlen (ohne Sternhäuser, Am Koitschgraben);StB 7 Prohlis;Wahlbezirk_Urne;1347;81;642;0;635;331;76;150;18;12;14;0;0;34;7
1999;75001;75 Leubnitz-Neuostra;12 Niedersedlitz, Leubnitz, Strehlen (ohne Sternhäuser, Am Koitschgraben);StB 7 Prohlis;Wahlbezirk_Brief;0;0;514;514;510;245;69;118;23;8;16;0;0;31;4
1999;75002;75 Leubnitz-Neuostra;12 Niedersedlitz, Leubnitz, Strehlen (ohne Sternhäuser, Am Koitschgraben);StB 7 Prohlis;Wahlbezirk_Brief;0;0;499;499;494;224;82;122;24;9;9;0;0;24;5
1999;75100;75 Leubnitz-Neuostra;12 Niedersedlitz, Leubnitz, Strehlen (ohne Sternhäuser, Am Koitschgraben);StB 7 Prohlis;Wahlbezirk_Urne;578;59;288;0;283;123;52;59;25;2;9;0;0;13;5
1999;75201;75 Leubnitz-Neuostra;12 Niedersedlitz, Leubnitz, Strehlen (ohne Sternhäuser, Am Koitschgraben);StB 7 Prohlis;Wahlbezirk_Urne;879;95;458;0;448;237;56;84;44;6;6;0;0;15;10
1999;75202;75 Leubnitz-Neuostra;12 Niedersedlitz, Leubnitz, Strehlen (ohne Sternhäuser, Am Koitschgraben);StB 7 Prohlis;Wahlbezirk_Urne;1350;149;643;0;621;297;97;163;19;11;12;0;0;22;22
1999;75300;75 Leubnitz-Neuostra;12 Niedersedlitz, Leubnitz, Strehlen (ohne Sternhäuser, Am Koitschgraben);StB 7 Prohlis;Wahlbezirk_Urne;1106;60;411;0;406;152;53;128;11;9;26;0;0;27;5
1999;75400;75 Leubnitz-Neuostra;12 Niedersedlitz, Leubnitz, Strehlen (ohne Sternhäuser, Am Koitschgraben);StB 7 Prohlis;Wahlbezirk_Urne;1284;135;618;2;608;274;90;160;24;15;14;0;0;31;10
1999;75500;75 Leubnitz-Neuostra;12 Niedersedlitz, Leubnitz, Strehlen (ohne Sternhäuser, Am Koitschgraben);StB 7 Prohlis;Wahlbezirk_Urne;885;85;459;0;452;250;59;62;30;17;15;0;0;19;7
1999;75600;75 Leubnitz-Neuostra;12 Niedersedlitz, Leubnitz, Strehlen (ohne Sternhäuser, Am Koitschgraben);StB 7 Prohlis;Wahlbezirk_Urne;844;78;368;2;360;128;56;101;33;8;11;0;0;23;8
1999;75700;75 Leubnitz-Neuostra;12 Niedersedlitz, Leubnitz, Strehlen (ohne Sternhäuser, Am Koitschgraben);StB 7 Prohlis;Wahlbezirk_Urne;1241;118;564;0;545;231;84;150;27;13;10;0;0;30;19
1999;75800;75 Leubnitz-Neuostra;12 Niedersedlitz, Leubnitz, Strehlen (ohne Sternhäuser, Am Koitschgraben);StB 7 Prohlis;Wahlbezirk_Urne;1286;109;644;0;630;265;86;204;26;11;14;0;0;24;14
1999;75901;75 Leubnitz-Neuostra;12 Niedersedlitz, Leubnitz, Strehlen (ohne Sternhäuser, Am Koitschgraben);StB 7 Prohlis;Wahlbezirk_Urne;633;59;379;0;370;161;70;97;12;10;4;0;0;16;9
1999;75902;75 Leubnitz-Neuostra;12 Niedersedlitz, Leubnitz, Strehlen (ohne Sternhäuser, Am Koitschgraben);StB 7 Prohlis;Wahlbezirk_Urne;875;114;399;2;391;175;65;92;34;8;5;0;0;12;8
1999;75903;75 Leubnitz-Neuostra;12 Niedersedlitz, Leubnitz, Strehlen (ohne Sternhäuser, Am Koitschgraben);StB 7 Prohlis;Wahlbezirk_Urne;802;98;388;0;376;175;43;93;25;9;11;0;0;20;12
1999;76011;76 Strehlen;11 Prohlis, Reick (mit Sternhäuser, Am Koitschgraben);StB 7 Prohlis;Wahlbezirk_Brief;0;0;202;202;201;62;21;77;9;7;6;0;0;19;1
1999;76012;76 Strehlen;12 Niedersedlitz, Leubnitz, Strehlen (ohne Sternhäuser, Am Koitschgraben);StB 7 Prohlis;Wahlbezirk_Brief;0;0;464;464;461;206;86;100;25;11;8;0;0;25;3
1999;76100;76 Strehlen;12 Niedersedlitz, Leubnitz, Strehlen (ohne Sternhäuser, Am Koitschgraben);StB 7 Prohlis;Wahlbezirk_Urne;1428;138;675;0;671;299;84;167;50;21;9;0;0;41;4
1999;76300;76 Strehlen;12 Niedersedlitz, Leubnitz, Strehlen (ohne Sternhäuser, Am Koitschgraben);StB 7 Prohlis;Wahlbezirk_Urne;993;80;488;0;481;189;61;123;58;12;14;0;0;24;7
1999;76400;76 Strehlen;12 Niedersedlitz, Leubnitz, Strehlen (ohne Sternhäuser, Am Koitschgraben);StB 7 Prohlis;Wahlbezirk_Urne;772;254;277;2;273;123;51;77;9;1;1;0;0;11;4
1999;76500;76 Strehlen;12 Niedersedlitz, Leubnitz, Strehlen (ohne Sternhäuser, Am Koitschgraben);StB 7 Prohlis;Wahlbezirk_Urne;1343;152;544;0;535;224;92;135;34;15;13;0;0;22;9
1999;76600;76 Strehlen;11 Prohlis, Reick (mit Sternhäuser, Am Koitschgraben);StB 7 Prohlis;Wahlbezirk_Urne;1292;72;537;1;531;227;65;162;20;12;17;0;0;28;6
1999;76700;76 Strehlen;11 Prohlis, Reick (mit Sternhäuser, Am Koitschgraben);StB 7 Prohlis;Wahlbezirk_Urne;1401;67;438;1;425;160;59;130;9;10;26;0;0;31;13
1999;76800;76 Strehlen;11 Prohlis, Reick (mit Sternhäuser, Am Koitschgraben);StB 7 Prohlis;Wahlbezirk_Urne;1316;65;451;0;428;134;53;177;13;8;21;0;0;22;23
1999;76900;76 Strehlen;11 Prohlis, Reick (mit Sternhäuser, Am Koitschgraben);StB 7 Prohlis;Wahlbezirk_Urne;622;32;220;0;214;71;29;86;6;2;4;0;0;16;6
1999;77000;77 Reick;12 Niedersedlitz, Leubnitz, Strehlen (ohne Sternhäuser, Am Koitschgraben);StB 7 Prohlis;Wahlbezirk_Brief;0;0;279;279;277;123;30;92;6;5;8;0;0;13;2
1999;77100;77 Reick;12 Niedersedlitz, Leubnitz, Strehlen (ohne Sternhäuser, Am Koitschgraben);StB 7 Prohlis;Wahlbezirk_Urne;1009;93;344;0;331;161;47;83;7;12;5;0;0;16;13
1999;77201;77 Reick;12 Niedersedlitz, Leubnitz, Strehlen (ohne Sternhäuser, Am Koitschgraben);StB 7 Prohlis;Wahlbezirk_Urne;917;91;414;0;399;179;84;88;3;6;17;0;0;22;15
1999;77202;77 Reick;12 Niedersedlitz, Leubnitz, Strehlen (ohne Sternhäuser, Am Koitschgraben);StB 7 Prohlis;Wahlbezirk_Urne;963;95;429;0;417;187;62;113;13;13;7;0;0;22;12
1999;77300;77 Reick;12 Niedersedlitz, Leubnitz, Strehlen (ohne Sternhäuser, Am Koitschgraben);StB 7 Prohlis;Wahlbezirk_Urne;1170;44;418;0;409;159;44;156;11;8;16;0;0;15;9
1999;81001;81 Südvorstadt-West;13 Südvorstadt, Zschertnitz;StB 8 Plauen;Wahlbezirk_Brief;0;0;356;356;354;153;39;130;6;6;8;0;0;12;2
1999;81002;81 Südvorstadt-West;13 Südvorstadt, Zschertnitz;StB 8 Plauen;Wahlbezirk_Brief;0;0;375;375;369;135;50;116;28;10;4;0;0;26;6
1999;81100;81 Südvorstadt-West;13 Südvorstadt, Zschertnitz;StB 8 Plauen;Wahlbezirk_Urne;1013;97;442;0;438;154;82;152;9;6;12;0;0;23;4
1999;81200;81 Südvorstadt-West;13 Südvorstadt, Zschertnitz;StB 8 Plauen;Wahlbezirk_Urne;690;44;321;0;312;128;47;113;9;5;3;0;0;7;9
1999;81300;81 Südvorstadt-West;13 Südvorstadt, Zschertnitz;StB 8 Plauen;Wahlbezirk_Urne;840;116;463;0;451;173;92;151;16;5;4;0;0;10;12
1999;81400;81 Südvorstadt-West;13 Südvorstadt, Zschertnitz;StB 8 Plauen;Wahlbezirk_Urne;766;72;329;0;322;115;58;113;5;1;11;0;0;19;7
1999;81500;81 Südvorstadt-West;13 Südvorstadt, Zschertnitz;StB 8 Plauen;Wahlbezirk_Urne;989;71;434;0;412;152;73;122;27;11;11;0;0;16;22
1999;81600;81 Südvorstadt-West;13 Südvorstadt, Zschertnitz;StB 8 Plauen;Wahlbezirk_Urne;585;56;309;0;294;139;36;76;15;8;6;0;0;14;15
1999;81700;81 Südvorstadt-West;13 Südvorstadt, Zschertnitz;StB 8 Plauen;Wahlbezirk_Urne;1282;153;615;0;598;289;89;120;38;13;16;0;0;33;17
1999;81800;81 Südvorstadt-West;13 Südvorstadt, Zschertnitz;StB 8 Plauen;Wahlbezirk_Urne;755;87;325;0;317;140;36;94;20;8;7;0;0;12;8
1999;81900;81 Südvorstadt-West;13 Südvorstadt, Zschertnitz;StB 8 Plauen;Wahlbezirk_Urne;954;123;446;0;437;156;86;118;40;12;8;0;0;17;9
1999;82000;82 Südvorstadt-Ost;13 Südvorstadt, Zschertnitz;StB 8 Plauen;Wahlbezirk_Brief;0;0;356;356;351;128;54;124;19;11;2;0;0;13;5
1999;82100;82 Südvorstadt-Ost;13 Südvorstadt, Zschertnitz;StB 8 Plauen;Wahlbezirk_Urne;1364;142;662;0;639;226;95;250;18;11;16;0;0;23;23
1999;82200;82 Südvorstadt-Ost;13 Südvorstadt, Zschertnitz;StB 8 Plauen;Wahlbezirk_Urne;843;91;399;2;390;168;66;101;24;8;10;0;0;13;9
1999;82300;82 Südvorstadt-Ost;13 Südvorstadt, Zschertnitz;StB 8 Plauen;Wahlbezirk_Urne;732;96;354;0;349;162;48;86;25;20;3;0;0;5;5
1999;82400;82 Südvorstadt-Ost;13 Südvorstadt, Zschertnitz;StB 8 Plauen;Wahlbezirk_Urne;911;85;397;0;381;162;58;93;28;15;6;0;0;19;16
1999;83001;83 Räcknitz/Zschertnitz;13 Südvorstadt, Zschertnitz;StB 8 Plauen;Wahlbezirk_Brief;0;0;422;422;418;163;79;115;33;6;8;0;0;14;4
1999;83002;83 Räcknitz/Zschertnitz;13 Südvorstadt, Zschertnitz;StB 8 Plauen;Wahlbezirk_Brief;0;0;355;355;350;165;47;97;14;5;4;0;0;18;5
1999;83100;83 Räcknitz/Zschertnitz;13 Südvorstadt, Zschertnitz;StB 8 Plauen;Wahlbezirk_Urne;831;71;423;0;420;197;74;85;26;17;8;0;0;13;3
1999;83200;83 Räcknitz/Zschertnitz;13 Südvorstadt, Zschertnitz;StB 8 Plauen;Wahlbezirk_Urne;1043;89;455;0;446;188;84;111;8;9;18;0;0;28;9
1999;83300;83 Räcknitz/Zschertnitz;13 Südvorstadt, Zschertnitz;StB 8 Plauen;Wahlbezirk_Urne;667;57;318;0;314;136;44;65;16;5;17;0;0;31;4
1999;83401;83 Räcknitz/Zschertnitz;13 Südvorstadt, Zschertnitz;StB 8 Plauen;Wahlbezirk_Urne;753;74;404;2;395;167;61;129;10;5;7;0;0;16;9
1999;83402;83 Räcknitz/Zschertnitz;13 Südvorstadt, Zschertnitz;StB 8 Plauen;Wahlbezirk_Urne;771;63;382;0;368;162;52;93;17;13;9;0;0;22;14
1999;83501;83 Räcknitz/Zschertnitz;13 Südvorstadt, Zschertnitz;StB 8 Plauen;Wahlbezirk_Urne;868;83;417;0;401;170;60;122;15;6;7;0;0;21;16
1999;83502;83 Räcknitz/Zschertnitz;13 Südvorstadt, Zschertnitz;StB 8 Plauen;Wahlbezirk_Urne;800;55;326;0;314;123;39;103;10;13;12;0;0;14;12
1999;83600;83 Räcknitz/Zschertnitz;13 Südvorstadt, Zschertnitz;StB 8 Plauen;Wahlbezirk_Urne;959;109;494;0;481;226;64;127;18;15;13;0;0;18;13
1999;83700;83 Räcknitz/Zschertnitz;13 Südvorstadt, Zschertnitz;StB 8 Plauen;Wahlbezirk_Urne;1165;144;601;0;591;273;103;161;19;5;11;0;0;19;10
1999;83800;83 Räcknitz/Zschertnitz;13 Südvorstadt, Zschertnitz;StB 8 Plauen;Wahlbezirk_Urne;1164;157;613;0;600;256;78;175;34;8;19;0;0;30;13
1999;84000;84 Kleinpestitz/Mockritz;14 Mockritz, Coschütz, Plauen;StB 8 Plauen;Wahlbezirk_Brief;0;0;496;496;493;208;76;140;24;13;4;0;0;28;3
1999;84100;84 Kleinpestitz/Mockritz;14 Mockritz, Coschütz, Plauen;StB 8 Plauen;Wahlbezirk_Urne;1433;118;730;0;719;315;111;200;23;8;18;0;0;44;11
1999;84200;84 Kleinpestitz/Mockritz;14 Mockritz, Coschütz, Plauen;StB 8 Plauen;Wahlbezirk_Urne;1010;58;477;1;464;178;77;144;23;14;9;0;0;19;13
1999;84301;84 Kleinpestitz/Mockritz;14 Mockritz, Coschütz, Plauen;StB 8 Plauen;Wahlbezirk_Urne;650;47;344;0;339;165;43;86;17;9;8;0;0;11;5
1999;84302;84 Kleinpestitz/Mockritz;14 Mockritz, Coschütz, Plauen;StB 8 Plauen;Wahlbezirk_Urne;820;72;376;0;369;153;51;113;8;7;22;0;0;15;7
1999;84400;84 Kleinpestitz/Mockritz;14 Mockritz, Coschütz, Plauen;StB 8 Plauen;Wahlbezirk_Urne;497;42;249;0;243;119;40;44;18;5;6;0;0;11;6
1999;84501;84 Kleinpestitz/Mockritz;14 Mockritz, Coschütz, Plauen;StB 8 Plauen;Wahlbezirk_Urne;997;124;499;2;480;236;69;84;45;9;12;0;0;25;19
1999;84502;84 Kleinpestitz/Mockritz;14 Mockritz, Coschütz, Plauen;StB 8 Plauen;Wahlbezirk_Urne;998;113;485;0;474;222;72;103;33;11;13;0;0;20;11
1999;85000;85 Coschütz/Gittersee;14 Mockritz, Coschütz, Plauen;StB 8 Plauen;Wahlbezirk_Brief;0;0;268;268;266;134;35;59;17;5;3;0;0;13;2
1999;85100;85 Coschütz/Gittersee;14 Mockritz, Coschütz, Plauen;StB 8 Plauen;Wahlbezirk_Urne;1352;120;658;0;640;290;103;142;45;15;12;0;0;33;18
1999;85200;85 Coschütz/Gittersee;14 Mockritz, Coschütz, Plauen;StB 8 Plauen;Wahlbezirk_Urne;1151;83;606;0;592;299;71;139;20;17;17;0;0;29;14
1999;85300;85 Coschütz/Gittersee;14 Mockritz, Coschütz, Plauen;StB 8 Plauen;Wahlbezirk_Urne;1423;111;627;0;616;335;90;122;19;16;12;0;0;22;11
1999;86000;86 Plauen;14 Mockritz, Coschütz, Plauen;StB 8 Plauen;Wahlbezirk_Brief;0;0;698;698;657;270;119;145;67;15;9;0;0;32;41
1999;86100;86 Plauen;14 Mockritz, Coschütz, Plauen;StB 8 Plauen;Wahlbezirk_Urne;828;89;378;1;372;166;51;91;28;10;11;0;0;15;6
1999;86200;86 Plauen;14 Mockritz, Coschütz, Plauen;StB 8 Plauen;Wahlbezirk_Urne;975;120;527;0;518;207;94;137;29;14;10;0;0;27;9
1999;86300;86 Plauen;14 Mockritz, Coschütz, Plauen;StB 8 Plauen;Wahlbezirk_Urne;1203;162;612;0;604;259;109;144;39;6;12;0;0;35;8
1999;86400;86 Plauen;14 Mockritz, Coschütz, Plauen;StB 8 Plauen;Wahlbezirk_Urne;1351;107;675;0;655;288;93;147;63;24;19;0;0;21;20
1999;86600;86 Plauen;14 Mockritz, Coschütz, Plauen;StB 8 Plauen;Wahlbezirk_Urne;1206;125;658;0;647;286;90;119;90;21;12;0;0;29;11
1999;86800;86 Plauen;14 Mockritz, Coschütz, Plauen;StB 8 Plauen;Wahlbezirk_Urne;1078;156;540;0;517;241;82;87;56;15;8;0;0;28;23
1999;90011;90 Cossebaude/Mobschatz/Oberw.;17 Briesnitz und westliche OS;StB 9 Cotta/westliche Ortschaften;Wahlbezirk_Brief;0;0;258;258;257;121;31;66;12;6;6;0;0;15;1
1999;90012;90 Cossebaude/Mobschatz/Oberw.;17 Briesnitz und westliche OS;StB 9 Cotta/westliche Ortschaften;Wahlbezirk_Brief;0;0;79;79;79;29;13;22;6;2;2;0;0;5;0
1999;90111;90 Cossebaude/Mobschatz/Oberw.;17 Briesnitz und westliche OS;StB 9 Cotta/westliche Ortschaften;Wahlbezirk_Urne;667;48;299;0;287;170;34;52;5;3;11;0;0;12;12
1999;90112;90 Cossebaude/Mobschatz/Oberw.;17 Briesnitz und westliche OS;StB 9 Cotta/westliche Ortschaften;Wahlbezirk_Urne;811;85;393;0;383;216;58;77;9;3;14;0;0;6;10
1999;90210;90 Cossebaude/Mobschatz/Oberw.;17 Briesnitz und westliche OS;StB 9 Cotta/westliche Ortschaften;Wahlbezirk_Urne;1098;108;518;0;509;251;99;81;23;15;12;0;0;28;9
1999;90310;90 Cossebaude/Mobschatz/Oberw.;17 Briesnitz und westliche OS;StB 9 Cotta/westliche Ortschaften;Wahlbezirk_Urne;1239;62;589;2;564;312;61;124;12;11;17;0;0;27;25
1999;90410;90 Cossebaude/Mobschatz/Oberw.;17 Briesnitz und westliche OS;StB 9 Cotta/westliche Ortschaften;Wahlbezirk_Urne;356;15;212;0;204;124;27;29;7;4;3;0;0;10;8
1999;90510;90 Cossebaude/Mobschatz/Oberw.;17 Briesnitz und westliche OS;StB 9 Cotta/westliche Ortschaften;Wahlbezirk_Urne;298;14;163;0;162;86;15;42;4;6;6;0;0;3;1
1999;90610;90 Cossebaude/Mobschatz/Oberw.;17 Briesnitz und westliche OS;StB 9 Cotta/westliche Ortschaften;Wahlbezirk_Urne;746;74;385;0;373;194;58;65;18;15;13;0;0;10;12
1999;90710;90 Cossebaude/Mobschatz/Oberw.;17 Briesnitz und westliche OS;StB 9 Cotta/westliche Ortschaften;Wahlbezirk_Urne;390;11;227;0;219;139;21;27;8;5;8;0;0;11;8
1999;91000;91 Cotta;15 Cotta, Löbtau, Naußlitz, Dölzschen;StB 9 Cotta/westliche Ortschaften;Wahlbezirk_Brief;0;0;415;415;409;188;61;92;28;1;13;0;0;26;6
1999;91101;91 Cotta;15 Cotta, Löbtau, Naußlitz, Dölzschen;StB 9 Cotta/westliche Ortschaften;Wahlbezirk_Urne;850;64;357;0;349;155;57;83;18;6;14;0;0;16;8
1999;91102;91 Cotta;15 Cotta, Löbtau, Naußlitz, Dölzschen;StB 9 Cotta/westliche Ortschaften;Wahlbezirk_Urne;725;58;260;0;253;144;36;42;6;7;6;0;0;12;7
1999;91200;91 Cotta;15 Cotta, Löbtau, Naußlitz, Dölzschen;StB 9 Cotta/westliche Ortschaften;Wahlbezirk_Urne;1214;92;513;0;503;230;78;112;28;10;25;0;0;20;10
1999;91300;91 Cotta;15 Cotta, Löbtau, Naußlitz, Dölzschen;StB 9 Cotta/westliche Ortschaften;Wahlbezirk_Urne;1069;63;390;1;378;161;51;89;29;11;16;0;0;21;12
1999;91400;91 Cotta;15 Cotta, Löbtau, Naußlitz, Dölzschen;StB 9 Cotta/westliche Ortschaften;Wahlbezirk_Urne;867;78;357;0;342;146;55;84;15;6;15;0;0;21;15
1999;91501;91 Cotta;15 Cotta, Löbtau, Naußlitz, Dölzschen;StB 9 Cotta/westliche Ortschaften;Wahlbezirk_Urne;979;65;358;0;341;163;45;85;16;3;16;0;0;13;17
1999;91502;91 Cotta;15 Cotta, Löbtau, Naußlitz, Dölzschen;StB 9 Cotta/westliche Ortschaften;Wahlbezirk_Urne;881;70;315;0;304;159;35;66;13;12;10;0;0;9;11
1999;92000;92 Löbtau-Nord;15 Cotta, Löbtau, Naußlitz, Dölzschen;StB 9 Cotta/westliche Ortschaften;Wahlbezirk_Brief;0;0;231;231;214;84;23;54;22;5;6;0;0;20;17
1999;92100;92 Löbtau-Nord;15 Cotta, Löbtau, Naußlitz, Dölzschen;StB 9 Cotta/westliche Ortschaften;Wahlbezirk_Urne;1196;63;387;0;369;145;51;101;19;11;26;0;0;16;18
1999;92200;92 Löbtau-Nord;15 Cotta, Löbtau, Naußlitz, Dölzschen;StB 9 Cotta/westliche Ortschaften;Wahlbezirk_Urne;759;48;289;0;282;117;58;49;26;9;8;0;0;15;7
1999;92300;92 Löbtau-Nord;15 Cotta, Löbtau, Naußlitz, Dölzschen;StB 9 Cotta/westliche Ortschaften;Wahlbezirk_Urne;895;46;358;0;350;155;47;70;34;7;11;0;0;26;8
1999;92400;92 Löbtau-Nord;15 Cotta, Löbtau, Naußlitz, Dölzschen;StB 9 Cotta/westliche Ortschaften;Wahlbezirk_Urne;1613;101;642;1;619;272;74;175;27;14;34;0;0;23;23
1999;93000;93 Löbtau-Süd;15 Cotta, Löbtau, Naußlitz, Dölzschen;StB 9 Cotta/westliche Ortschaften;Wahlbezirk_Brief;0;0;394;394;389;164;52;99;36;10;3;0;0;25;5
1999;93100;93 Löbtau-Süd;15 Cotta, Löbtau, Naußlitz, Dölzschen;StB 9 Cotta/westliche Ortschaften;Wahlbezirk_Urne;1337;88;496;0;481;200;81;109;27;13;26;0;0;25;15
1999;93200;93 Löbtau-Süd;15 Cotta, Löbtau, Naußlitz, Dölzschen;StB 9 Cotta/westliche Ortschaften;Wahlbezirk_Urne;1499;140;595;0;584;242;93;154;50;10;11;0;0;24;11
1999;93300;93 Löbtau-Süd;15 Cotta, Löbtau, Naußlitz, Dölzschen;StB 9 Cotta/westliche Ortschaften;Wahlbezirk_Urne;1466;113;608;1;590;262;87;138;43;19;22;0;0;19;18
1999;93500;93 Löbtau-Süd;15 Cotta, Löbtau, Naußlitz, Dölzschen;StB 9 Cotta/westliche Ortschaften;Wahlbezirk_Urne;797;65;300;0;293;115;59;72;18;5;9;0;0;15;7
1999;93600;93 Löbtau-Süd;15 Cotta, Löbtau, Naußlitz, Dölzschen;StB 9 Cotta/westliche Ortschaften;Wahlbezirk_Urne;816;68;340;0;328;141;63;70;20;6;8;0;0;20;12
1999;94000;94 Naußlitz;15 Cotta, Löbtau, Naußlitz, Dölzschen;StB 9 Cotta/westliche Ortschaften;Wahlbezirk_Brief;0;0;458;458;448;193;67;99;31;14;6;0;0;38;10
1999;94101;94 Naußlitz;15 Cotta, Löbtau, Naußlitz, Dölzschen;StB 9 Cotta/westliche Ortschaften;Wahlbezirk_Urne;701;48;267;1;259;128;42;47;13;6;11;0;0;12;8
1999;94102;94 Naußlitz;15 Cotta, Löbtau, Naußlitz, Dölzschen;StB 9 Cotta/westliche Ortschaften;Wahlbezirk_Urne;950;64;399;0;393;181;60;102;7;3;20;0;0;20;6
1999;94200;94 Naußlitz;15 Cotta, Löbtau, Naußlitz, Dölzschen;StB 9 Cotta/westliche Ortschaften;Wahlbezirk_Urne;1130;83;497;0;489;245;56;113;30;7;12;0;0;26;8
1999;94400;94 Naußlitz;15 Cotta, Löbtau, Naußlitz, Dölzschen;StB 9 Cotta/westliche Ortschaften;Wahlbezirk_Urne;958;113;468;0;456;222;60;101;26;11;7;0;0;29;12
1999;94501;94 Naußlitz;15 Cotta, Löbtau, Naußlitz, Dölzschen;StB 9 Cotta/westliche Ortschaften;Wahlbezirk_Urne;947;79;538;0;526;269;59;114;35;13;6;0;0;30;12
1999;94502;94 Naußlitz;15 Cotta, Löbtau, Naußlitz, Dölzschen;StB 9 Cotta/westliche Ortschaften;Wahlbezirk_Urne;789;50;418;0;412;194;54;97;17;14;9;0;0;27;6
1999;94600;94 Naußlitz;15 Cotta, Löbtau, Naußlitz, Dölzschen;StB 9 Cotta/westliche Ortschaften;Wahlbezirk_Urne;1193;81;566;0;553;265;86;111;29;14;23;0;0;25;13
1999;95000;95 Gorbitz-Süd;16 Gorbitz;StB 9 Cotta/westliche Ortschaften;Wahlbezirk_Brief;0;0;385;385;379;156;45;123;20;2;4;0;0;29;6
1999;95100;95 Gorbitz-Süd;16 Gorbitz;StB 9 Cotta/westliche Ortschaften;Wahlbezirk_Urne;1140;40;454;0;444;186;71;124;16;6;16;0;0;25;10
1999;95200;95 Gorbitz-Süd;16 Gorbitz;StB 9 Cotta/westliche Ortschaften;Wahlbezirk_Urne;1316;61;459;0;448;199;64;132;10;3;14;0;0;26;11
1999;95300;95 Gorbitz-Süd;16 Gorbitz;StB 9 Cotta/westliche Ortschaften;Wahlbezirk_Urne;1077;57;473;1;455;166;62;160;13;6;26;0;0;22;18
1999;95400;95 Gorbitz-Süd;16 Gorbitz;StB 9 Cotta/westliche Ortschaften;Wahlbezirk_Urne;1149;47;544;0;520;199;123;142;12;8;14;0;0;22;24
1999;95500;95 Gorbitz-Süd;16 Gorbitz;StB 9 Cotta/westliche Ortschaften;Wahlbezirk_Urne;959;79;403;0;397;161;65;111;9;4;24;0;0;23;6
1999;95600;95 Gorbitz-Süd;16 Gorbitz;StB 9 Cotta/westliche Ortschaften;Wahlbezirk_Urne;1446;77;646;0;631;316;73;167;23;4;13;0;0;35;15
1999;95700;95 Gorbitz-Süd;16 Gorbitz;StB 9 Cotta/westliche Ortschaften;Wahlbezirk_Urne;1148;83;502;0;488;227;79;119;13;11;19;0;0;20;14
1999;96000;96 Gorbitz-Ost;16 Gorbitz;StB 9 Cotta/westliche Ortschaften;Wahlbezirk_Brief;0;0;333;333;324;139;39;100;9;5;8;0;0;24;9
1999;96100;96 Gorbitz-Ost;16 Gorbitz;StB 9 Cotta/westliche Ortschaften;Wahlbezirk_Urne;928;63;419;1;406;168;71;114;17;6;10;0;0;20;13
1999;96200;96 Gorbitz-Ost;16 Gorbitz;StB 9 Cotta/westliche Ortschaften;Wahlbezirk_Urne;797;52;366;0;355;149;42;116;7;13;9;0;0;19;11
1999;96300;96 Gorbitz-Ost;16 Gorbitz;StB 9 Cotta/westliche Ortschaften;Wahlbezirk_Urne;1179;89;508;0;502;214;64;144;22;10;25;0;0;23;6
1999;96500;96 Gorbitz-Ost;16 Gorbitz;StB 9 Cotta/westliche Ortschaften;Wahlbezirk_Urne;993;102;325;0;306;130;42;97;4;10;7;0;0;16;19
1999;96600;96 Gorbitz-Ost;16 Gorbitz;StB 9 Cotta/westliche Ortschaften;Wahlbezirk_Urne;940;39;402;0;394;165;63;103;12;9;21;0;0;21;8
1999;96700;96 Gorbitz-Ost;16 Gorbitz;StB 9 Cotta/westliche Ortschaften;Wahlbezirk_Urne;1168;74;465;0;448;211;47;131;15;5;19;0;0;20;17
1999;97000;97 Gorbitz-Nord/Neu-Omsewitz;16 Gorbitz;StB 9 Cotta/westliche Ortschaften;Wahlbezirk_Brief;0;0;301;301;301;125;36;92;9;6;11;0;0;22;0
1999;97100;97 Gorbitz-Nord/Neu-Omsewitz;16 Gorbitz;StB 9 Cotta/westliche Ortschaften;Wahlbezirk_Urne;1541;80;630;0;598;255;93;161;16;14;34;0;0;25;32
1999;97200;97 Gorbitz-Nord/Neu-Omsewitz;16 Gorbitz;StB 9 Cotta/westliche Ortschaften;Wahlbezirk_Urne;785;52;346;0;338;157;36;89;11;8;18;0;0;19;8
1999;97300;97 Gorbitz-Nord/Neu-Omsewitz;16 Gorbitz;StB 9 Cotta/westliche Ortschaften;Wahlbezirk_Urne;1469;73;588;0;576;237;97;167;11;11;21;0;0;32;12
1999;97500;97 Gorbitz-Nord/Neu-Omsewitz;16 Gorbitz;StB 9 Cotta/westliche Ortschaften;Wahlbezirk_Urne;898;43;266;1;256;77;42;95;7;3;19;0;0;13;10
1999;97600;97 Gorbitz-Nord/Neu-Omsewitz;16 Gorbitz;StB 9 Cotta/westliche Ortschaften;Wahlbezirk_Urne;819;53;297;0;288;111;35;108;9;6;6;0;0;13;9
1999;97700;97 Gorbitz-Nord/Neu-Omsewitz;16 Gorbitz;StB 9 Cotta/westliche Ortschaften;Wahlbezirk_Urne;1074;30;445;0;438;189;62;123;11;7;20;0;0;26;7
1999;97800;97 Gorbitz-Nord/Neu-Omsewitz;16 Gorbitz;StB 9 Cotta/westliche Ortschaften;Wahlbezirk_Urne;682;15;307;0;305;152;40;77;3;4;14;0;0;15;2
1999;98000;98 Briesnitz;17 Briesnitz und westliche OS;StB 9 Cotta/westliche Ortschaften;Wahlbezirk_Brief;0;0;522;522;518;281;54;116;29;6;13;0;0;19;4
1999;98100;98 Briesnitz;17 Briesnitz und westliche OS;StB 9 Cotta/westliche Ortschaften;Wahlbezirk_Urne;1229;86;578;0;567;324;69;98;21;10;17;0;0;28;11
1999;98200;98 Briesnitz;17 Briesnitz und westliche OS;StB 9 Cotta/westliche Ortschaften;Wahlbezirk_Urne;566;61;249;0;246;130;42;37;14;3;2;0;0;18;3
1999;98301;98 Briesnitz;17 Briesnitz und westliche OS;StB 9 Cotta/westliche Ortschaften;Wahlbezirk_Urne;1096;104;572;0;555;287;65;116;21;12;21;0;0;33;17
1999;98302;98 Briesnitz;17 Briesnitz und westliche OS;StB 9 Cotta/westliche Ortschaften;Wahlbezirk_Urne;869;64;398;0;382;228;45;65;13;7;13;0;0;11;16
1999;98401;98 Briesnitz;17 Briesnitz und westliche OS;StB 9 Cotta/westliche Ortschaften;Wahlbezirk_Urne;819;72;356;0;343;154;48;75;17;12;20;0;0;17;13
1999;98402;98 Briesnitz;17 Briesnitz und westliche OS;StB 9 Cotta/westliche Ortschaften;Wahlbezirk_Urne;795;63;313;0;311;151;49;65;21;6;7;0;0;12;2
1999;98500;98 Briesnitz;17 Briesnitz und westliche OS;StB 9 Cotta/westliche Ortschaften;Wahlbezirk_Urne;1412;113;699;0;691;372;87;133;39;10;17;0;0;33;8
1999;98600;98 Briesnitz;17 Briesnitz und westliche OS;StB 9 Cotta/westliche Ortschaften;Wahlbezirk_Urne;850;51;411;3;405;220;63;58;25;12;10;0;0;17;6
1999;99010;99 Altfranken/Gompitz;17 Briesnitz und westliche OS;StB 9 Cotta/westliche Ortschaften;Wahlbezirk_Brief;0;0;133;133;131;70;17;21;5;3;2;0;0;13;2
1999;99110;99 Altfranken/Gompitz;17 Briesnitz und westliche OS;StB 9 Cotta/westliche Ortschaften;Wahlbezirk_Urne;1051;62;645;0;623;379;57;98;16;22;22;0;0;29;22
1999;99310;99 Altfranken/Gompitz;17 Briesnitz und westliche OS;StB 9 Cotta/westliche Ortschaften;Wahlbezirk_Urne;1041;68;617;0;602;335;73;136;17;14;15;0;0;12;15
1999;99810;99 Altfranken/Gompitz;17 Briesnitz und westliche OS;StB 9 Cotta/westliche Ortschaften;Wahlbezirk_Urne;598;29;349;0;342;175;55;75;10;6;12;0;0;9;7
2004;01000;01 Innere Altstadt;01 StB Altstadt ohne Johannstadt;StB 0 Altstadt;Wahlbezirk_Brief;0;0;155;155;154;43;22;52;19;4;1;0;0;13;1
2004;01100;01 Innere Altstadt;01 StB Altstadt ohne Johannstadt;StB 0 Altstadt;Wahlbezirk_Urne;1139;174;451;0;431;76;59;162;65;34;5;0;0;30;20
2004;02000;02 Pirnaische Vorstadt;01 StB Altstadt ohne Johannstadt;StB 0 Altstadt;Wahlbezirk_Brief;0;0;459;459;454;143;74;149;21;12;7;0;0;48;5
2004;02100;02 Pirnaische Vorstadt;01 StB Altstadt ohne Johannstadt;StB 0 Altstadt;Wahlbezirk_Urne;1308;121;482;0;464;106;64;166;62;10;16;0;0;40;18
2004;02200;02 Pirnaische Vorstadt;01 StB Altstadt ohne Johannstadt;StB 0 Altstadt;Wahlbezirk_Urne;1180;104;434;1;413;127;46;143;35;16;18;0;0;28;21
2004;02400;02 Pirnaische Vorstadt;01 StB Altstadt ohne Johannstadt;StB 0 Altstadt;Wahlbezirk_Urne;1415;150;542;0;521;165;73;161;27;20;12;0;0;63;21
2004;02500;02 Pirnaische Vorstadt;01 StB Altstadt ohne Johannstadt;StB 0 Altstadt;Wahlbezirk_Urne;741;115;298;1;290;92;41;92;20;12;7;0;0;26;8
2004;03000;03 Seevorstadt-Ost;01 StB Altstadt ohne Johannstadt;StB 0 Altstadt;Wahlbezirk_Brief;0;0;524;524;513;187;65;138;41;25;11;0;0;46;11
2004;03100;03 Seevorstadt-Ost;01 StB Altstadt ohne Johannstadt;StB 0 Altstadt;Wahlbezirk_Urne;958;122;250;1;240;53;28;86;23;12;11;0;0;27;10
2004;03200;03 Seevorstadt-Ost;01 StB Altstadt ohne Johannstadt;StB 0 Altstadt;Wahlbezirk_Urne;1219;150;413;0;387;104;57;147;36;12;6;0;0;25;26
2004;03300;03 Seevorstadt-Ost;01 StB Altstadt ohne Johannstadt;StB 0 Altstadt;Wahlbezirk_Urne;1244;127;439;2;407;116;50;119;26;28;19;0;0;49;32
2004;03401;03 Seevorstadt-Ost;01 StB Altstadt ohne Johannstadt;StB 0 Altstadt;Wahlbezirk_Urne;613;60;250;0;243;76;28;66;30;20;12;0;0;11;7
2004;03402;03 Seevorstadt-Ost;01 StB Altstadt ohne Johannstadt;StB 0 Altstadt;Wahlbezirk_Urne;928;98;366;0;350;107;48;108;32;20;7;0;0;28;16
2004;04001;04 Wilsdruffer Vs./Seevs.-West;01 StB Altstadt ohne Johannstadt;StB 0 Altstadt;Wahlbezirk_Brief;0;0;367;367;364;105;45;142;16;13;14;0;0;29;3
2004;04002;04 Wilsdruffer Vs./Seevs.-West;01 StB Altstadt ohne Johannstadt;StB 0 Altstadt;Wahlbezirk_Brief;0;0;386;386;380;82;46;165;22;7;18;0;0;40;6
2004;04100;04 Wilsdruffer Vs./Seevs.-West;01 StB Altstadt ohne Johannstadt;StB 0 Altstadt;Wahlbezirk_Urne;600;84;234;0;226;79;29;51;32;9;11;0;0;15;8
2004;04200;04 Wilsdruffer Vs./Seevs.-West;01 StB Altstadt ohne Johannstadt;StB 0 Altstadt;Wahlbezirk_Urne;1132;142;392;1;378;119;46;124;28;13;20;0;0;28;14
2004;04300;04 Wilsdruffer Vs./Seevs.-West;01 StB Altstadt ohne Johannstadt;StB 0 Altstadt;Wahlbezirk_Urne;1377;160;522;0;498;131;52;195;29;18;23;0;0;50;24
2004;04400;04 Wilsdruffer Vs./Seevs.-West;01 StB Altstadt ohne Johannstadt;StB 0 Altstadt;Wahlbezirk_Urne;1189;154;413;0;393;106;51;138;31;8;19;0;0;40;20
2004;04500;04 Wilsdruffer Vs./Seevs.-West;01 StB Altstadt ohne Johannstadt;StB 0 Altstadt;Wahlbezirk_Urne;1106;112;459;0;439;99;52;191;23;11;20;0;0;43;20
2004;04600;04 Wilsdruffer Vs./Seevs.-West;01 StB Altstadt ohne Johannstadt;StB 0 Altstadt;Wahlbezirk_Urne;1042;139;436;0;415;128;37;152;28;13;16;0;0;41;21
2004;05000;05 Friedrichstadt;01 StB Altstadt ohne Johannstadt;StB 0 Altstadt;Wahlbezirk_Brief;0;0;193;193;187;51;24;58;32;9;3;0;0;10;6
2004;05100;05 Friedrichstadt;01 StB Altstadt ohne Johannstadt;StB 0 Altstadt;Wahlbezirk_Urne;1329;57;370;0;348;86;39;84;53;29;23;0;0;34;22
2004;05200;05 Friedrichstadt;01 StB Altstadt ohne Johannstadt;StB 0 Altstadt;Wahlbezirk_Urne;1455;95;413;0;388;87;42;103;57;20;37;0;0;42;25
2004;05300;05 Friedrichstadt;01 StB Altstadt ohne Johannstadt;StB 0 Altstadt;Wahlbezirk_Urne;1096;83;271;0;255;84;34;58;26;13;20;0;0;20;16
2004;06000;06 Johannstadt-Nord;02 Johannstadt;StB 0 Altstadt;Wahlbezirk_Brief;0;0;628;628;620;152;75;179;122;21;16;0;0;55;8
2004;06100;06 Johannstadt-Nord;02 Johannstadt;StB 0 Altstadt;Wahlbezirk_Urne;1248;86;480;0;462;127;73;126;24;31;28;0;0;53;18
2004;06200;06 Johannstadt-Nord;02 Johannstadt;StB 0 Altstadt;Wahlbezirk_Urne;1076;76;404;1;388;87;56;122;48;14;22;0;0;39;16
2004;06300;06 Johannstadt-Nord;02 Johannstadt;StB 0 Altstadt;Wahlbezirk_Urne;1101;72;353;0;338;83;42;132;17;13;23;0;0;28;15
2004;06400;06 Johannstadt-Nord;02 Johannstadt;StB 0 Altstadt;Wahlbezirk_Urne;1086;109;353;0;338;80;50;99;39;13;17;0;0;40;15
2004;06500;06 Johannstadt-Nord;02 Johannstadt;StB 0 Altstadt;Wahlbezirk_Urne;1414;127;630;0;611;126;100;123;167;29;16;0;0;50;19
2004;06600;06 Johannstadt-Nord;02 Johannstadt;StB 0 Altstadt;Wahlbezirk_Urne;1261;94;526;1;507;141;69;126;79;25;11;0;0;56;19
2004;06700;06 Johannstadt-Nord;02 Johannstadt;StB 0 Altstadt;Wahlbezirk_Urne;1353;131;382;0;367;81;61;80;73;33;10;0;0;29;15
2004;07001;07 Johannstadt-Süd;02 Johannstadt;StB 0 Altstadt;Wahlbezirk_Brief;0;0;473;473;463;170;52;134;35;19;11;0;0;42;10
2004;07002;07 Johannstadt-Süd;02 Johannstadt;StB 0 Altstadt;Wahlbezirk_Brief;0;0;550;550;535;155;62;208;30;16;12;0;0;52;15
2004;07100;07 Johannstadt-Süd;02 Johannstadt;StB 0 Altstadt;Wahlbezirk_Urne;850;101;405;0;386;119;50;127;29;18;16;0;0;27;19
2004;07200;07 Johannstadt-Süd;02 Johannstadt;StB 0 Altstadt;Wahlbezirk_Urne;1017;110;411;0;389;125;55;110;36;14;17;0;0;32;22
2004;07300;07 Johannstadt-Süd;02 Johannstadt;StB 0 Altstadt;Wahlbezirk_Urne;1342;131;488;0;467;174;65;129;26;17;13;0;0;43;21
2004;07401;07 Johannstadt-Süd;02 Johannstadt;StB 0 Altstadt;Wahlbezirk_Urne;834;62;348;0;330;129;38;96;23;13;8;0;0;23;18
2004;07402;07 Johannstadt-Süd;02 Johannstadt;StB 0 Altstadt;Wahlbezirk_Urne;814;99;318;0;306;97;39;88;22;15;11;0;0;34;12
2004;07500;07 Johannstadt-Süd;02 Johannstadt;StB 0 Altstadt;Wahlbezirk_Urne;1231;147;496;0;475;153;59;156;35;16;16;0;0;40;21
2004;07600;07 Johannstadt-Süd;02 Johannstadt;StB 0 Altstadt;Wahlbezirk_Urne;1066;141;423;0;404;84;56;173;31;12;20;0;0;28;19
2004;07700;07 Johannstadt-Süd;02 Johannstadt;StB 0 Altstadt;Wahlbezirk_Urne;1007;110;428;0;415;92;39;202;30;11;14;0;0;27;13
2004;07800;07 Johannstadt-Süd;02 Johannstadt;StB 0 Altstadt;Wahlbezirk_Urne;1042;108;429;0;416;114;49;128;46;23;20;0;0;36;13
2004;07900;07 Johannstadt-Süd;02 Johannstadt;StB 0 Altstadt;Wahlbezirk_Urne;1053;88;460;0;444;140;46;123;44;25;19;0;0;47;16
2004;11001;11 Äußere Neustadt (Antonstadt);03 StB Neustadt ohne Leipziger Vorstadt;StB 1 Neustadt;Wahlbezirk_Brief;0;0;396;396;393;68;47;64;159;18;7;0;0;30;3
2004;11002;11 Äußere Neustadt (Antonstadt);03 StB Neustadt ohne Leipziger Vorstadt;StB 1 Neustadt;Wahlbezirk_Brief;0;0;468;468;465;56;45;57;267;15;3;0;0;22;3
2004;11100;11 Äußere Neustadt (Antonstadt);03 StB Neustadt ohne Leipziger Vorstadt;StB 1 Neustadt;Wahlbezirk_Urne;1197;100;413;0;407;67;39;58;188;23;3;0;0;29;6
2004;11200;11 Äußere Neustadt (Antonstadt);03 StB Neustadt ohne Leipziger Vorstadt;StB 1 Neustadt;Wahlbezirk_Urne;1408;105;609;0;592;90;78;95;254;24;7;0;0;44;17
2004;11300;11 Äußere Neustadt (Antonstadt);03 StB Neustadt ohne Leipziger Vorstadt;StB 1 Neustadt;Wahlbezirk_Urne;1411;112;546;1;529;61;75;109;203;30;6;0;0;45;17
2004;11400;11 Äußere Neustadt (Antonstadt);03 StB Neustadt ohne Leipziger Vorstadt;StB 1 Neustadt;Wahlbezirk_Urne;1488;130;548;0;536;72;68;69;252;25;15;0;0;35;12
2004;11500;11 Äußere Neustadt (Antonstadt);03 StB Neustadt ohne Leipziger Vorstadt;StB 1 Neustadt;Wahlbezirk_Urne;1331;128;582;3;570;57;62;83;305;27;7;0;0;29;12
2004;11600;11 Äußere Neustadt (Antonstadt);03 StB Neustadt ohne Leipziger Vorstadt;StB 1 Neustadt;Wahlbezirk_Urne;1176;127;454;3;447;59;44;75;208;11;9;0;0;41;7
2004;11700;11 Äußere Neustadt (Antonstadt);03 StB Neustadt ohne Leipziger Vorstadt;StB 1 Neustadt;Wahlbezirk_Urne;1511;136;648;0;635;71;60;108;306;38;7;0;0;45;13
2004;11800;11 Äußere Neustadt (Antonstadt);03 StB Neustadt ohne Leipziger Vorstadt;StB 1 Neustadt;Wahlbezirk_Urne;1191;83;367;1;358;65;35;71;110;26;11;0;0;40;9
2004;12000;12 Radeberger Vorstadt;03 StB Neustadt ohne Leipziger Vorstadt;StB 1 Neustadt;Wahlbezirk_Brief;0;0;512;512;507;126;40;115;145;32;7;0;0;42;5
2004;12100;12 Radeberger Vorstadt;03 StB Neustadt ohne Leipziger Vorstadt;StB 1 Neustadt;Wahlbezirk_Urne;926;115;424;0;414;91;33;63;167;20;3;0;0;37;10
2004;12201;12 Radeberger Vorstadt;03 StB Neustadt ohne Leipziger Vorstadt;StB 1 Neustadt;Wahlbezirk_Urne;1226;159;519;0;507;132;54;100;146;29;12;0;0;34;12
2004;12202;12 Radeberger Vorstadt;03 StB Neustadt ohne Leipziger Vorstadt;StB 1 Neustadt;Wahlbezirk_Urne;1069;103;442;1;430;108;46;93;116;32;9;0;0;26;12
2004;12300;12 Radeberger Vorstadt;03 StB Neustadt ohne Leipziger Vorstadt;StB 1 Neustadt;Wahlbezirk_Urne;1129;115;481;1;470;137;45;149;82;22;14;0;0;21;11
2004;12400;12 Radeberger Vorstadt;03 StB Neustadt ohne Leipziger Vorstadt;StB 1 Neustadt;Wahlbezirk_Urne;1259;68;443;0;432;67;30;215;24;22;19;0;0;55;11
2004;13000;13 Innere Neustadt;03 StB Neustadt ohne Leipziger Vorstadt;StB 1 Neustadt;Wahlbezirk_Brief;0;0;458;458;453;138;48;103;91;29;4;0;0;40;5
2004;13100;13 Innere Neustadt;03 StB Neustadt ohne Leipziger Vorstadt;StB 1 Neustadt;Wahlbezirk_Urne;952;121;365;2;357;97;48;91;81;18;2;0;0;20;8
2004;13200;13 Innere Neustadt;03 StB Neustadt ohne Leipziger Vorstadt;StB 1 Neustadt;Wahlbezirk_Urne;1217;137;426;0;419;99;52;164;40;13;9;0;0;42;7
2004;13300;13 Innere Neustadt;03 StB Neustadt ohne Leipziger Vorstadt;StB 1 Neustadt;Wahlbezirk_Urne;992;97;392;3;378;75;32;66;156;18;7;0;0;24;14
2004;13400;13 Innere Neustadt;03 StB Neustadt ohne Leipziger Vorstadt;StB 1 Neustadt;Wahlbezirk_Urne;1238;141;525;0;517;135;57;139;114;22;8;0;0;42;8
2004;14000;14 Leipziger Vorstadt;04 Leipziger Vorstadt, Pieschen;StB 1 Neustadt;Wahlbezirk_Brief;0;0;429;429;423;68;43;94;156;22;11;0;0;29;6
2004;14100;14 Leipziger Vorstadt;04 Leipziger Vorstadt, Pieschen;StB 1 Neustadt;Wahlbezirk_Urne;721;48;230;0;221;70;19;45;38;14;12;0;0;23;9
2004;14200;14 Leipziger Vorstadt;04 Leipziger Vorstadt, Pieschen;StB 1 Neustadt;Wahlbezirk_Urne;972;57;271;1;264;33;31;66;108;9;5;0;0;12;7
2004;14300;14 Leipziger Vorstadt;04 Leipziger Vorstadt, Pieschen;StB 1 Neustadt;Wahlbezirk_Urne;1219;81;437;1;428;47;66;78;173;22;11;0;0;31;9
2004;14400;14 Leipziger Vorstadt;04 Leipziger Vorstadt, Pieschen;StB 1 Neustadt;Wahlbezirk_Urne;1466;97;608;4;593;65;71;118;248;30;16;0;0;45;15
2004;14500;14 Leipziger Vorstadt;04 Leipziger Vorstadt, Pieschen;StB 1 Neustadt;Wahlbezirk_Urne;1337;106;489;0;466;84;49;117;128;28;20;0;0;40;23
2004;14600;14 Leipziger Vorstadt;04 Leipziger Vorstadt, Pieschen;StB 1 Neustadt;Wahlbezirk_Urne;1396;97;565;0;546;151;49;154;79;26;23;0;0;64;19
2004;15300;11 Äußere Neustadt (Antonstadt);03 StB Neustadt ohne Leipziger Vorstadt;StB 1 Neustadt;Wahlbezirk_Urne;803;52;259;1;250;63;27;78;39;11;9;0;0;23;9
2004;21000;21 Pieschen-Süd;04 Leipziger Vorstadt, Pieschen;StB 2 Pieschen;Wahlbezirk_Brief;0;0;302;302;296;65;29;55;79;17;15;0;0;36;6
2004;21100;21 Pieschen-Süd;04 Leipziger Vorstadt, Pieschen;StB 2 Pieschen;Wahlbezirk_Urne;1502;83;478;2;461;94;56;90;93;42;21;0;0;65;17
2004;21200;21 Pieschen-Süd;04 Leipziger Vorstadt, Pieschen;StB 2 Pieschen;Wahlbezirk_Urne;1370;63;411;0;389;102;28;72;102;19;23;0;0;43;22
2004;21300;21 Pieschen-Süd;04 Leipziger Vorstadt, Pieschen;StB 2 Pieschen;Wahlbezirk_Urne;1424;71;400;1;379;90;45;69;89;35;15;0;0;36;21
2004;21400;21 Pieschen-Süd;04 Leipziger Vorstadt, Pieschen;StB 2 Pieschen;Wahlbezirk_Urne;1117;67;372;1;352;86;41;60;81;24;12;0;0;48;20
2004;21500;21 Pieschen-Süd;04 Leipziger Vorstadt, Pieschen;StB 2 Pieschen;Wahlbezirk_Urne;1211;53;358;0;341;83;27;71;73;27;20;0;0;40;17
2004;22000;22 Mickten;05 Mickten, Kaditz, Trachau;StB 2 Pieschen;Wahlbezirk_Brief;0;0;509;509;500;152;44;126;58;30;17;0;0;73;9
2004;22100;22 Mickten;05 Mickten, Kaditz, Trachau;StB 2 Pieschen;Wahlbezirk_Urne;1503;96;499;0;484;136;48;114;78;23;19;0;0;66;15
2004;22200;22 Mickten;05 Mickten, Kaditz, Trachau;StB 2 Pieschen;Wahlbezirk_Urne;858;38;268;0;259;85;21;72;20;20;19;0;0;22;9
2004;22300;22 Mickten;05 Mickten, Kaditz, Trachau;StB 2 Pieschen;Wahlbezirk_Urne;1086;80;311;0;301;73;34;100;27;17;14;0;0;36;10
2004;22400;22 Mickten;05 Mickten, Kaditz, Trachau;StB 2 Pieschen;Wahlbezirk_Urne;978;55;387;0;376;129;46;92;10;16;36;0;0;47;11
2004;22501;22 Mickten;05 Mickten, Kaditz, Trachau;StB 2 Pieschen;Wahlbezirk_Urne;1225;69;421;0;400;125;47;101;32;25;21;0;0;49;21
2004;22502;22 Mickten;05 Mickten, Kaditz, Trachau;StB 2 Pieschen;Wahlbezirk_Urne;1313;87;384;0;374;114;39;79;46;30;14;0;0;52;10
2004;22600;22 Mickten;05 Mickten, Kaditz, Trachau;StB 2 Pieschen;Wahlbezirk_Urne;1070;75;400;1;384;126;40;87;55;15;15;0;0;46;16
2004;22700;22 Mickten;05 Mickten, Kaditz, Trachau;StB 2 Pieschen;Wahlbezirk_Urne;897;45;362;0;351;114;49;81;23;23;14;0;0;47;11
2004;23000;23 Kaditz;05 Mickten, Kaditz, Trachau;StB 2 Pieschen;Wahlbezirk_Brief;0;0;204;204;187;73;15;45;17;8;8;0;0;21;17
2004;23100;23 Kaditz;05 Mickten, Kaditz, Trachau;StB 2 Pieschen;Wahlbezirk_Urne;945;39;298;0;286;90;21;55;30;27;22;0;0;41;12
2004;23200;23 Kaditz;05 Mickten, Kaditz, Trachau;StB 2 Pieschen;Wahlbezirk_Urne;1060;64;272;0;265;86;22;67;29;19;17;0;0;25;7
2004;23300;23 Kaditz;05 Mickten, Kaditz, Trachau;StB 2 Pieschen;Wahlbezirk_Urne;1104;80;444;0;428;179;33;88;31;25;22;0;0;50;16
2004;23400;23 Kaditz;05 Mickten, Kaditz, Trachau;StB 2 Pieschen;Wahlbezirk_Urne;1110;37;420;0;389;128;48;98;19;27;22;0;0;47;31
2004;24000;24 Trachau;05 Mickten, Kaditz, Trachau;StB 2 Pieschen;Wahlbezirk_Brief;0;0;592;592;588;161;51;154;101;27;24;0;0;70;4
2004;24100;24 Trachau;05 Mickten, Kaditz, Trachau;StB 2 Pieschen;Wahlbezirk_Urne;859;40;321;0;306;104;31;61;32;27;11;0;0;40;15
2004;24200;24 Trachau;05 Mickten, Kaditz, Trachau;StB 2 Pieschen;Wahlbezirk_Urne;1070;108;469;0;455;128;68;73;115;22;16;0;0;33;14
2004;24300;24 Trachau;05 Mickten, Kaditz, Trachau;StB 2 Pieschen;Wahlbezirk_Urne;1092;124;484;2;467;138;58;101;96;22;13;0;0;39;17
2004;24400;24 Trachau;05 Mickten, Kaditz, Trachau;StB 2 Pieschen;Wahlbezirk_Urne;1271;78;538;0;516;136;54;112;96;39;18;0;0;61;22
2004;24500;24 Trachau;05 Mickten, Kaditz, Trachau;StB 2 Pieschen;Wahlbezirk_Urne;783;63;329;0;318;85;37;105;30;8;15;0;0;38;11
2004;24600;24 Trachau;05 Mickten, Kaditz, Trachau;StB 2 Pieschen;Wahlbezirk_Urne;759;76;322;0;307;99;42;84;21;21;16;0;0;24;15
2004;24700;24 Trachau;05 Mickten, Kaditz, Trachau;StB 2 Pieschen;Wahlbezirk_Urne;1072;92;443;0;424;127;49;116;44;20;16;0;0;52;19
2004;24800;24 Trachau;05 Mickten, Kaditz, Trachau;StB 2 Pieschen;Wahlbezirk_Urne;1064;102;439;0;425;136;34;106;62;37;12;0;0;38;14
2004;25000;25 Pieschen-N/Trachenberge;04 Leipziger Vorstadt, Pieschen;StB 2 Pieschen;Wahlbezirk_Brief;0;0;468;468;457;107;52;135;70;25;10;0;0;58;11
2004;25100;25 Pieschen-N/Trachenberge;04 Leipziger Vorstadt, Pieschen;StB 2 Pieschen;Wahlbezirk_Urne;1407;63;500;0;483;153;45;116;59;31;20;0;0;59;17
2004;25200;25 Pieschen-N/Trachenberge;04 Leipziger Vorstadt, Pieschen;StB 2 Pieschen;Wahlbezirk_Urne;1426;76;421;0;404;133;40;82;32;29;28;0;0;60;17
2004;25300;25 Pieschen-N/Trachenberge;04 Leipziger Vorstadt, Pieschen;StB 2 Pieschen;Wahlbezirk_Urne;1498;91;570;0;557;176;51;154;61;29;26;0;0;60;13
2004;25400;25 Pieschen-N/Trachenberge;04 Leipziger Vorstadt, Pieschen;StB 2 Pieschen;Wahlbezirk_Urne;1321;46;429;0;408;104;52;85;56;36;27;0;0;48;21
2004;25500;25 Pieschen-N/Trachenberge;04 Leipziger Vorstadt, Pieschen;StB 2 Pieschen;Wahlbezirk_Urne;1393;93;393;0;369;112;28;73;77;30;15;0;0;34;24
2004;25700;25 Pieschen-N/Trachenberge;04 Leipziger Vorstadt, Pieschen;StB 2 Pieschen;Wahlbezirk_Urne;1520;138;570;0;547;156;79;131;76;33;23;0;0;49;23
2004;31001;31 Klotzsche;06 StB Klotzsche und nördliche OS;StB 3 Klotzsche/nördliche Ortschaften;Wahlbezirk_Brief;0;0;361;361;355;98;50;96;49;9;6;0;0;47;6
2004;31002;31 Klotzsche;06 StB Klotzsche und nördliche OS;StB 3 Klotzsche/nördliche Ortschaften;Wahlbezirk_Brief;0;0;327;327;312;127;40;69;34;13;7;0;0;22;15
2004;31100;31 Klotzsche;06 StB Klotzsche und nördliche OS;StB 3 Klotzsche/nördliche Ortschaften;Wahlbezirk_Urne;1503;113;584;2;559;201;47;124;88;25;18;0;0;56;25
2004;31200;31 Klotzsche;06 StB Klotzsche und nördliche OS;StB 3 Klotzsche/nördliche Ortschaften;Wahlbezirk_Urne;1428;107;504;0;477;139;55;159;24;20;25;0;0;55;27
2004;31300;31 Klotzsche;06 StB Klotzsche und nördliche OS;StB 3 Klotzsche/nördliche Ortschaften;Wahlbezirk_Urne;1120;72;483;0;456;140;56;135;32;20;17;0;0;56;27
2004;31400;31 Klotzsche;06 StB Klotzsche und nördliche OS;StB 3 Klotzsche/nördliche Ortschaften;Wahlbezirk_Urne;1311;104;581;0;552;188;53;109;71;45;18;0;0;68;29
2004;31500;31 Klotzsche;06 StB Klotzsche und nördliche OS;StB 3 Klotzsche/nördliche Ortschaften;Wahlbezirk_Urne;962;61;436;0;430;166;55;72;76;26;9;0;0;26;6
2004;31601;31 Klotzsche;06 StB Klotzsche und nördliche OS;StB 3 Klotzsche/nördliche Ortschaften;Wahlbezirk_Urne;1026;81;467;0;454;178;54;87;55;28;11;0;0;41;13
2004;31602;31 Klotzsche;06 StB Klotzsche und nördliche OS;StB 3 Klotzsche/nördliche Ortschaften;Wahlbezirk_Urne;906;63;468;0;456;197;40;67;70;33;10;0;0;39;12
2004;31700;31 Klotzsche;06 StB Klotzsche und nördliche OS;StB 3 Klotzsche/nördliche Ortschaften;Wahlbezirk_Urne;1359;100;480;0;466;111;61;161;45;19;20;0;0;49;14
2004;31800;31 Klotzsche;06 StB Klotzsche und nördliche OS;StB 3 Klotzsche/nördliche Ortschaften;Wahlbezirk_Urne;1232;48;437;0;424;86;52;135;40;24;16;0;0;71;13
2004;32000;32 Hellerau/Wilschdorf;06 StB Klotzsche und nördliche OS;StB 3 Klotzsche/nördliche Ortschaften;Wahlbezirk_Brief;0;0;378;378;372;127;39;87;43;13;18;0;0;45;6
2004;32100;32 Hellerau/Wilschdorf;06 StB Klotzsche und nördliche OS;StB 3 Klotzsche/nördliche Ortschaften;Wahlbezirk_Urne;1408;123;605;0;581;240;52;107;45;30;52;0;0;55;24
2004;32201;32 Hellerau/Wilschdorf;06 StB Klotzsche und nördliche OS;StB 3 Klotzsche/nördliche Ortschaften;Wahlbezirk_Urne;889;41;404;0;391;140;38;63;26;34;27;0;0;63;13
2004;32202;32 Hellerau/Wilschdorf;06 StB Klotzsche und nördliche OS;StB 3 Klotzsche/nördliche Ortschaften;Wahlbezirk_Urne;837;66;352;0;344;153;26;83;27;9;13;0;0;33;8
2004;32300;32 Hellerau/Wilschdorf;06 StB Klotzsche und nördliche OS;StB 3 Klotzsche/nördliche Ortschaften;Wahlbezirk_Urne;900;87;431;0;416;134;37;106;57;30;19;0;0;33;15
2004;32400;32 Hellerau/Wilschdorf;06 StB Klotzsche und nördliche OS;StB 3 Klotzsche/nördliche Ortschaften;Wahlbezirk_Urne;1157;89;619;0;602;173;64;108;152;30;24;0;0;51;17
2004;35010;35 Weixdorf;06 StB Klotzsche und nördliche OS;StB 3 Klotzsche/nördliche Ortschaften;Wahlbezirk_Brief;0;0;199;199;197;79;13;43;22;11;5;0;0;24;2
2004;35110;35 Weixdorf;06 StB Klotzsche und nördliche OS;StB 3 Klotzsche/nördliche Ortschaften;Wahlbezirk_Urne;1253;55;589;0;569;213;69;111;72;36;11;0;0;57;20
2004;35310;35 Weixdorf;06 StB Klotzsche und nördliche OS;StB 3 Klotzsche/nördliche Ortschaften;Wahlbezirk_Urne;1001;42;520;2;496;194;62;89;35;24;36;0;0;56;24
2004;35410;35 Weixdorf;06 StB Klotzsche und nördliche OS;StB 3 Klotzsche/nördliche Ortschaften;Wahlbezirk_Urne;1209;57;614;0;584;227;62;99;71;25;40;0;0;60;30
2004;35510;35 Weixdorf;06 StB Klotzsche und nördliche OS;StB 3 Klotzsche/nördliche Ortschaften;Wahlbezirk_Urne;1155;73;517;2;486;213;43;83;43;30;31;0;0;43;31
2004;35610;35 Weixdorf;06 StB Klotzsche und nördliche OS;StB 3 Klotzsche/nördliche Ortschaften;Wahlbezirk_Urne;244;1;96;0;91;42;8;19;1;8;9;0;0;4;5
2004;36010;36 Langebrück/Schönborn;06 StB Klotzsche und nördliche OS;StB 3 Klotzsche/nördliche Ortschaften;Wahlbezirk_Brief;0;0;189;189;184;80;10;21;38;15;8;0;0;12;5
2004;36110;36 Langebrück/Schönborn;06 StB Klotzsche und nördliche OS;StB 3 Klotzsche/nördliche Ortschaften;Wahlbezirk_Urne;954;51;489;0;468;207;40;77;40;23;33;0;0;48;21
2004;36210;36 Langebrück/Schönborn;06 StB Klotzsche und nördliche OS;StB 3 Klotzsche/nördliche Ortschaften;Wahlbezirk_Urne;1230;89;572;0;543;208;64;100;68;34;16;0;0;53;29
2004;36310;36 Langebrück/Schönborn;06 StB Klotzsche und nördliche OS;StB 3 Klotzsche/nördliche Ortschaften;Wahlbezirk_Urne;853;83;458;2;442;168;78;79;55;23;8;0;0;31;16
2004;36410;36 Langebrück/Schönborn;06 StB Klotzsche und nördliche OS;StB 3 Klotzsche/nördliche Ortschaften;Wahlbezirk_Urne;394;8;250;0;238;92;27;34;28;17;13;0;0;27;12
2004;41000;41 Loschwitz/Wachwitz;07 StB Loschwitz und OS Schönfeld-Weißig;StB 4 Loschwitz/OS Schönfeld-Weißig;Wahlbezirk_Brief;0;0;376;376;369;139;29;61;78;27;6;0;0;29;7
2004;41100;41 Loschwitz/Wachwitz;07 StB Loschwitz und OS Schönfeld-Weißig;StB 4 Loschwitz/OS Schönfeld-Weißig;Wahlbezirk_Urne;1125;137;551;0;536;168;42;103;155;35;10;0;0;23;15
2004;41200;41 Loschwitz/Wachwitz;07 StB Loschwitz und OS Schönfeld-Weißig;StB 4 Loschwitz/OS Schönfeld-Weißig;Wahlbezirk_Urne;1094;106;512;0;495;177;57;87;109;30;4;0;0;31;17
2004;41300;41 Loschwitz/Wachwitz;07 StB Loschwitz und OS Schönfeld-Weißig;StB 4 Loschwitz/OS Schönfeld-Weißig;Wahlbezirk_Urne;776;102;399;0;389;149;47;49;87;31;5;0;0;21;10
2004;41400;41 Loschwitz/Wachwitz;07 StB Loschwitz und OS Schönfeld-Weißig;StB 4 Loschwitz/OS Schönfeld-Weißig;Wahlbezirk_Urne;965;98;404;0;393;109;42;79;89;29;16;0;0;29;11
2004;42001;42 Bühlau/Weißer Hirsch;07 StB Loschwitz und OS Schönfeld-Weißig;StB 4 Loschwitz/OS Schönfeld-Weißig;Wahlbezirk_Brief;0;0;418;418;414;158;41;53;102;24;8;0;0;28;4
2004;42002;42 Bühlau/Weißer Hirsch;07 StB Loschwitz und OS Schönfeld-Weißig;StB 4 Loschwitz/OS Schönfeld-Weißig;Wahlbezirk_Brief;0;0;427;427;417;132;49;85;71;23;8;0;0;49;10
2004;42100;42 Bühlau/Weißer Hirsch;07 StB Loschwitz und OS Schönfeld-Weißig;StB 4 Loschwitz/OS Schönfeld-Weißig;Wahlbezirk_Urne;1155;155;486;1;465;156;57;71;110;35;5;0;0;31;21
2004;42200;42 Bühlau/Weißer Hirsch;07 StB Loschwitz und OS Schönfeld-Weißig;StB 4 Loschwitz/OS Schönfeld-Weißig;Wahlbezirk_Urne;1337;150;666;0;651;209;96;92;138;54;11;0;0;51;15
2004;42400;42 Bühlau/Weißer Hirsch;07 StB Loschwitz und OS Schönfeld-Weißig;StB 4 Loschwitz/OS Schönfeld-Weißig;Wahlbezirk_Urne;1193;151;549;0;535;195;80;85;93;28;5;0;0;49;14
2004;42500;42 Bühlau/Weißer Hirsch;07 StB Loschwitz und OS Schönfeld-Weißig;StB 4 Loschwitz/OS Schönfeld-Weißig;Wahlbezirk_Urne;1178;109;514;0;495;186;65;108;65;24;6;0;0;41;19
2004;42600;42 Bühlau/Weißer Hirsch;07 StB Loschwitz und OS Schönfeld-Weißig;StB 4 Loschwitz/OS Schönfeld-Weißig;Wahlbezirk_Urne;1017;114;447;0;438;171;56;54;81;30;5;0;0;41;9
2004;42700;42 Bühlau/Weißer Hirsch;07 StB Loschwitz und OS Schönfeld-Weißig;StB 4 Loschwitz/OS Schönfeld-Weißig;Wahlbezirk_Urne;1129;106;517;0;498;160;71;90;74;30;23;0;0;50;19
2004;42800;42 Bühlau/Weißer Hirsch;07 StB Loschwitz und OS Schönfeld-Weißig;StB 4 Loschwitz/OS Schönfeld-Weißig;Wahlbezirk_Urne;626;49;286;0;273;94;36;69;39;8;4;0;0;23;13
2004;42900;42 Bühlau/Weißer Hirsch;07 StB Loschwitz und OS Schönfeld-Weißig;StB 4 Loschwitz/OS Schönfeld-Weißig;Wahlbezirk_Urne;682;67;327;0;320;115;41;53;54;11;7;0;0;39;7
2004;43000;43 Hosterwitz/Pillnitz;07 StB Loschwitz und OS Schönfeld-Weißig;StB 4 Loschwitz/OS Schönfeld-Weißig;Wahlbezirk_Brief;0;0;234;234;231;81;21;44;46;5;4;0;0;30;3
2004;43100;43 Hosterwitz/Pillnitz;07 StB Loschwitz und OS Schönfeld-Weißig;StB 4 Loschwitz/OS Schönfeld-Weißig;Wahlbezirk_Urne;516;51;258;2;249;83;24;41;49;14;13;0;0;25;9
2004;43200;43 Hosterwitz/Pillnitz;07 StB Loschwitz und OS Schönfeld-Weißig;StB 4 Loschwitz/OS Schönfeld-Weißig;Wahlbezirk_Urne;886;101;391;0;377;110;45;76;75;26;16;0;0;29;14
2004;43300;43 Hosterwitz/Pillnitz;07 StB Loschwitz und OS Schönfeld-Weißig;StB 4 Loschwitz/OS Schönfeld-Weißig;Wahlbezirk_Urne;573;61;289;1;278;81;37;55;60;12;16;0;0;17;11
2004;43400;43 Hosterwitz/Pillnitz;07 StB Loschwitz und OS Schönfeld-Weißig;StB 4 Loschwitz/OS Schönfeld-Weißig;Wahlbezirk_Urne;777;54;291;0;282;90;43;65;42;15;6;0;0;21;9
2004;45010;45 Weißig;07 StB Loschwitz und OS Schönfeld-Weißig;StB 4 Loschwitz/OS Schönfeld-Weißig;Wahlbezirk_Brief;0;0;298;298;297;119;36;48;39;11;8;0;0;36;1
2004;45110;45 Weißig;07 StB Loschwitz und OS Schönfeld-Weißig;StB 4 Loschwitz/OS Schönfeld-Weißig;Wahlbezirk_Urne;970;73;539;0;516;209;54;96;67;33;16;0;0;41;23
2004;45210;45 Weißig;07 StB Loschwitz und OS Schönfeld-Weißig;StB 4 Loschwitz/OS Schönfeld-Weißig;Wahlbezirk_Urne;839;65;355;0;344;126;49;62;30;27;21;0;0;29;11
2004;45310;45 Weißig;07 StB Loschwitz und OS Schönfeld-Weißig;StB 4 Loschwitz/OS Schönfeld-Weißig;Wahlbezirk_Urne;1380;77;463;0;444;191;46;88;29;27;15;0;0;48;19
2004;45410;45 Weißig;07 StB Loschwitz und OS Schönfeld-Weißig;StB 4 Loschwitz/OS Schönfeld-Weißig;Wahlbezirk_Urne;771;50;398;0;379;179;37;40;38;19;17;0;0;49;19
2004;45510;45 Weißig;07 StB Loschwitz und OS Schönfeld-Weißig;StB 4 Loschwitz/OS Schönfeld-Weißig;Wahlbezirk_Urne;636;79;315;0;301;143;18;43;31;12;12;0;0;42;14
2004;46010;46 Gönnsdorf/Pappritz;07 StB Loschwitz und OS Schönfeld-Weißig;StB 4 Loschwitz/OS Schönfeld-Weißig;Wahlbezirk_Brief;0;0;362;362;354;145;39;58;56;26;9;0;0;21;8
2004;46010;47 Schönfeld/Schullwitz;07 StB Loschwitz und OS Schönfeld-Weißig;StB 4 Loschwitz/OS Schönfeld-Weißig;Wahlbezirk_Brief;0;0;362;362;354;145;39;58;56;26;9;0;0;21;8
2004;46110;46 Gönnsdorf/Pappritz;07 StB Loschwitz und OS Schönfeld-Weißig;StB 4 Loschwitz/OS Schönfeld-Weißig;Wahlbezirk_Urne;674;73;341;1;332;145;33;42;41;32;11;0;0;28;9
2004;46210;46 Gönnsdorf/Pappritz;07 StB Loschwitz und OS Schönfeld-Weißig;StB 4 Loschwitz/OS Schönfeld-Weißig;Wahlbezirk_Urne;793;59;468;2;454;195;31;76;47;31;26;0;0;48;14
2004;46310;46 Gönnsdorf/Pappritz;07 StB Loschwitz und OS Schönfeld-Weißig;StB 4 Loschwitz/OS Schönfeld-Weißig;Wahlbezirk_Urne;751;85;420;2;411;167;50;71;59;27;6;0;0;31;9
2004;46410;46 Gönnsdorf/Pappritz;07 StB Loschwitz und OS Schönfeld-Weißig;StB 4 Loschwitz/OS Schönfeld-Weißig;Wahlbezirk_Urne;748;47;373;0;357;195;19;38;37;34;10;0;0;24;16
2004;47110;47 Schönfeld/Schullwitz;07 StB Loschwitz und OS Schönfeld-Weißig;StB 4 Loschwitz/OS Schönfeld-Weißig;Wahlbezirk_Urne;1035;46;497;0;474;235;38;68;33;35;17;0;0;48;23
2004;47210;47 Schönfeld/Schullwitz;07 StB Loschwitz und OS Schönfeld-Weißig;StB 4 Loschwitz/OS Schönfeld-Weißig;Wahlbezirk_Urne;1101;55;453;0;432;212;26;62;27;41;30;0;0;34;21
2004;47310;47 Schönfeld/Schullwitz;07 StB Loschwitz und OS Schönfeld-Weißig;StB 4 Loschwitz/OS Schönfeld-Weißig;Wahlbezirk_Urne;564;27;233;0;227;101;15;28;30;16;13;0;0;24;6
2004;51001;51 Blasewitz;08 Blasewitz, Striesen;StB 5 Blasewitz;Wahlbezirk_Brief;0;0;473;473;464;180;39;84;99;30;7;0;0;25;9
2004;51002;51 Blasewitz;08 Blasewitz, Striesen;StB 5 Blasewitz;Wahlbezirk_Brief;0;0;214;214;209;72;20;24;63;14;3;0;0;13;5
2004;51100;51 Blasewitz;08 Blasewitz, Striesen;StB 5 Blasewitz;Wahlbezirk_Urne;1042;107;450;0;444;156;47;79;88;31;13;0;0;30;6
2004;51200;51 Blasewitz;08 Blasewitz, Striesen;StB 5 Blasewitz;Wahlbezirk_Urne;1496;166;666;0;657;250;70;106;119;47;7;0;0;58;9
2004;51400;51 Blasewitz;08 Blasewitz, Striesen;StB 5 Blasewitz;Wahlbezirk_Urne;1047;120;465;0;458;163;55;58;104;35;9;0;0;34;7
2004;51500;51 Blasewitz;08 Blasewitz, Striesen;StB 5 Blasewitz;Wahlbezirk_Urne;1060;123;422;0;411;129;41;60;100;35;10;0;0;36;11
2004;51600;51 Blasewitz;08 Blasewitz, Striesen;StB 5 Blasewitz;Wahlbezirk_Urne;1093;107;553;0;538;184;59;68;145;43;10;0;0;29;15
2004;51700;51 Blasewitz;08 Blasewitz, Striesen;StB 5 Blasewitz;Wahlbezirk_Urne;1319;126;430;2;412;110;36;84;99;33;12;0;0;38;18
2004;52001;52 Striesen-Ost;08 Blasewitz, Striesen;StB 5 Blasewitz;Wahlbezirk_Brief;0;0;498;498;489;146;65;68;146;26;10;0;0;28;9
2004;52002;52 Striesen-Ost;08 Blasewitz, Striesen;StB 5 Blasewitz;Wahlbezirk_Brief;0;0;349;349;338;97;47;65;70;18;11;0;0;30;11
2004;52100;52 Striesen-Ost;08 Blasewitz, Striesen;StB 5 Blasewitz;Wahlbezirk_Urne;1012;126;480;0;468;125;46;59;159;42;8;0;0;29;12
2004;52200;52 Striesen-Ost;08 Blasewitz, Striesen;StB 5 Blasewitz;Wahlbezirk_Urne;1267;130;576;0;553;160;67;86;146;43;13;0;0;38;23
2004;52300;52 Striesen-Ost;08 Blasewitz, Striesen;StB 5 Blasewitz;Wahlbezirk_Urne;1341;161;599;3;591;159;61;67;202;42;13;0;0;47;8
2004;52400;52 Striesen-Ost;08 Blasewitz, Striesen;StB 5 Blasewitz;Wahlbezirk_Urne;1470;150;678;3;664;218;74;93;183;37;6;0;0;53;14
2004;52500;52 Striesen-Ost;08 Blasewitz, Striesen;StB 5 Blasewitz;Wahlbezirk_Urne;1371;125;537;4;520;149;52;71;136;46;16;0;0;50;17
2004;52600;52 Striesen-Ost;08 Blasewitz, Striesen;StB 5 Blasewitz;Wahlbezirk_Urne;1499;134;642;2;629;143;75;102;208;34;16;0;0;51;13
2004;52701;52 Striesen-Ost;08 Blasewitz, Striesen;StB 5 Blasewitz;Wahlbezirk_Urne;744;49;272;0;262;96;34;60;31;14;8;0;0;19;10
2004;52702;52 Striesen-Ost;08 Blasewitz, Striesen;StB 5 Blasewitz;Wahlbezirk_Urne;838;54;255;0;246;69;34;63;28;8;12;0;0;32;9
2004;53001;53 Striesen-Süd;08 Blasewitz, Striesen;StB 5 Blasewitz;Wahlbezirk_Brief;0;0;399;399;394;122;42;93;85;9;13;0;0;30;5
2004;53002;53 Striesen-Süd;08 Blasewitz, Striesen;StB 5 Blasewitz;Wahlbezirk_Brief;0;0;349;349;332;111;39;90;31;11;9;0;0;41;17
2004;53100;53 Striesen-Süd;08 Blasewitz, Striesen;StB 5 Blasewitz;Wahlbezirk_Urne;935;130;476;0;467;128;66;95;102;44;7;0;0;25;9
2004;53200;53 Striesen-Süd;08 Blasewitz, Striesen;StB 5 Blasewitz;Wahlbezirk_Urne;956;105;384;0;371;86;39;101;72;23;11;0;0;39;13
2004;53300;53 Striesen-Süd;08 Blasewitz, Striesen;StB 5 Blasewitz;Wahlbezirk_Urne;991;97;379;0;366;111;53;91;49;18;11;0;0;33;13
2004;53400;53 Striesen-Süd;08 Blasewitz, Striesen;StB 5 Blasewitz;Wahlbezirk_Urne;1194;110;535;0;523;178;59;164;36;11;13;0;0;62;12
2004;53500;53 Striesen-Süd;08 Blasewitz, Striesen;StB 5 Blasewitz;Wahlbezirk_Urne;810;89;211;1;201;56;23;63;23;12;12;0;0;12;10
2004;53600;53 Striesen-Süd;08 Blasewitz, Striesen;StB 5 Blasewitz;Wahlbezirk_Urne;922;94;406;0;385;98;73;89;32;20;20;0;0;53;21
2004;53700;53 Striesen-Süd;08 Blasewitz, Striesen;StB 5 Blasewitz;Wahlbezirk_Urne;1244;92;438;0;420;136;46;102;51;18;14;0;0;53;18
2004;53800;53 Striesen-Süd;08 Blasewitz, Striesen;StB 5 Blasewitz;Wahlbezirk_Urne;1020;95;389;0;379;124;45;78;59;28;12;0;0;33;10
2004;54001;54 Striesen-West;08 Blasewitz, Striesen;StB 5 Blasewitz;Wahlbezirk_Brief;0;0;433;433;429;97;71;119;72;18;9;0;0;43;4
2004;54002;54 Striesen-West;08 Blasewitz, Striesen;StB 5 Blasewitz;Wahlbezirk_Brief;0;0;364;364;359;109;46;86;52;10;13;0;0;43;5
2004;54100;54 Striesen-West;08 Blasewitz, Striesen;StB 5 Blasewitz;Wahlbezirk_Urne;1434;128;627;0;614;184;86;117;110;43;21;0;0;53;13
2004;54200;54 Striesen-West;08 Blasewitz, Striesen;StB 5 Blasewitz;Wahlbezirk_Urne;1166;77;530;0;506;126;64;125;103;27;11;0;0;50;24
2004;54300;54 Striesen-West;08 Blasewitz, Striesen;StB 5 Blasewitz;Wahlbezirk_Urne;1351;123;541;0;529;139;69;158;71;21;15;0;0;56;12
2004;54400;54 Striesen-West;08 Blasewitz, Striesen;StB 5 Blasewitz;Wahlbezirk_Urne;1259;164;512;0;494;173;48;103;70;31;20;0;0;49;18
2004;54501;54 Striesen-West;08 Blasewitz, Striesen;StB 5 Blasewitz;Wahlbezirk_Urne;1296;140;550;0;533;172;57;129;88;20;15;0;0;52;17
2004;54502;54 Striesen-West;08 Blasewitz, Striesen;StB 5 Blasewitz;Wahlbezirk_Urne;1479;102;601;2;577;181;57;130;93;35;24;0;0;57;24
2004;54600;54 Striesen-West;08 Blasewitz, Striesen;StB 5 Blasewitz;Wahlbezirk_Urne;1493;141;597;0;571;198;81;128;68;30;21;0;0;45;26
2004;55000;55 Tolkewitz/Seidnitz-Nord;09 Tolkewitz, Seidnitz, Gruna;StB 5 Blasewitz;Wahlbezirk_Brief;0;0;661;661;650;192;62;221;60;30;15;0;0;70;11
2004;55100;55 Tolkewitz/Seidnitz-Nord;09 Tolkewitz, Seidnitz, Gruna;StB 5 Blasewitz;Wahlbezirk_Urne;1551;132;602;3;586;188;61;103;103;39;19;0;0;73;16
2004;55200;55 Tolkewitz/Seidnitz-Nord;09 Tolkewitz, Seidnitz, Gruna;StB 5 Blasewitz;Wahlbezirk_Urne;1407;110;491;0;471;148;48;121;51;25;15;0;0;63;20
2004;55300;55 Tolkewitz/Seidnitz-Nord;09 Tolkewitz, Seidnitz, Gruna;StB 5 Blasewitz;Wahlbezirk_Urne;1293;87;508;0;491;196;52;142;35;15;10;0;0;41;17
2004;55400;55 Tolkewitz/Seidnitz-Nord;09 Tolkewitz, Seidnitz, Gruna;StB 5 Blasewitz;Wahlbezirk_Urne;1266;99;526;0;514;176;51;170;15;14;16;0;0;72;12
2004;55500;55 Tolkewitz/Seidnitz-Nord;09 Tolkewitz, Seidnitz, Gruna;StB 5 Blasewitz;Wahlbezirk_Urne;798;42;223;0;215;55;36;67;9;11;13;0;0;24;8
2004;55600;55 Tolkewitz/Seidnitz-Nord;09 Tolkewitz, Seidnitz, Gruna;StB 5 Blasewitz;Wahlbezirk_Urne;1195;118;476;0;452;100;61;175;32;10;26;0;0;48;24
2004;55800;55 Tolkewitz/Seidnitz-Nord;09 Tolkewitz, Seidnitz, Gruna;StB 5 Blasewitz;Wahlbezirk_Urne;1352;123;460;0;446;126;50;153;37;21;18;0;0;41;14
2004;56001;56 Seidnitz/Dobritz;09 Tolkewitz, Seidnitz, Gruna;StB 5 Blasewitz;Wahlbezirk_Brief;0;0;306;306;300;102;19;99;35;4;9;0;0;32;6
2004;56002;56 Seidnitz/Dobritz;09 Tolkewitz, Seidnitz, Gruna;StB 5 Blasewitz;Wahlbezirk_Brief;0;0;390;390;382;110;33;116;36;20;11;0;0;56;8
2004;56100;56 Seidnitz/Dobritz;09 Tolkewitz, Seidnitz, Gruna;StB 5 Blasewitz;Wahlbezirk_Urne;1339;82;478;0;458;142;59;119;27;36;18;0;0;57;20
2004;56200;56 Seidnitz/Dobritz;09 Tolkewitz, Seidnitz, Gruna;StB 5 Blasewitz;Wahlbezirk_Urne;848;53;320;0;307;99;37;73;22;17;19;0;0;40;13
2004;56300;56 Seidnitz/Dobritz;09 Tolkewitz, Seidnitz, Gruna;StB 5 Blasewitz;Wahlbezirk_Urne;1333;74;538;0;520;152;49;128;31;44;38;0;0;78;18
2004;56401;56 Seidnitz/Dobritz;09 Tolkewitz, Seidnitz, Gruna;StB 5 Blasewitz;Wahlbezirk_Urne;1272;85;432;0;409;154;47;95;33;27;19;0;0;34;23
2004;56402;56 Seidnitz/Dobritz;09 Tolkewitz, Seidnitz, Gruna;StB 5 Blasewitz;Wahlbezirk_Urne;883;39;353;0;332;125;29;84;18;12;23;0;0;41;21
2004;56501;56 Seidnitz/Dobritz;09 Tolkewitz, Seidnitz, Gruna;StB 5 Blasewitz;Wahlbezirk_Urne;1093;94;434;1;414;126;45;124;28;17;19;0;0;55;20
2004;56502;56 Seidnitz/Dobritz;09 Tolkewitz, Seidnitz, Gruna;StB 5 Blasewitz;Wahlbezirk_Urne;973;80;403;0;385;124;36;93;39;23;22;0;0;48;18
2004;56600;56 Seidnitz/Dobritz;09 Tolkewitz, Seidnitz, Gruna;StB 5 Blasewitz;Wahlbezirk_Urne;1240;71;366;0;350;126;47;94;20;22;9;0;0;32;16
2004;56800;56 Seidnitz/Dobritz;09 Tolkewitz, Seidnitz, Gruna;StB 5 Blasewitz;Wahlbezirk_Urne;886;87;364;0;349;95;57;94;18;28;15;0;0;42;15
2004;56900;56 Seidnitz/Dobritz;09 Tolkewitz, Seidnitz, Gruna;StB 5 Blasewitz;Wahlbezirk_Urne;1039;84;405;0;390;111;57;111;36;16;15;0;0;44;15
2004;57001;57 Gruna;09 Tolkewitz, Seidnitz, Gruna;StB 5 Blasewitz;Wahlbezirk_Brief;0;0;512;512;505;153;67;174;43;13;5;0;0;50;7
2004;57002;57 Gruna;09 Tolkewitz, Seidnitz, Gruna;StB 5 Blasewitz;Wahlbezirk_Brief;0;0;473;473;472;157;63;129;53;17;6;0;0;47;1
2004;57100;57 Gruna;09 Tolkewitz, Seidnitz, Gruna;StB 5 Blasewitz;Wahlbezirk_Urne;1305;194;429;0;411;140;41;119;39;26;6;0;0;40;18
2004;57200;57 Gruna;09 Tolkewitz, Seidnitz, Gruna;StB 5 Blasewitz;Wahlbezirk_Urne;1294;110;548;0;531;135;57;175;78;25;13;0;0;48;17
2004;57301;57 Gruna;09 Tolkewitz, Seidnitz, Gruna;StB 5 Blasewitz;Wahlbezirk_Urne;929;81;370;0;348;120;48;78;31;15;21;0;0;35;22
2004;57302;57 Gruna;09 Tolkewitz, Seidnitz, Gruna;StB 5 Blasewitz;Wahlbezirk_Urne;867;98;397;0;384;107;44;103;66;18;8;0;0;38;13
2004;57400;57 Gruna;09 Tolkewitz, Seidnitz, Gruna;StB 5 Blasewitz;Wahlbezirk_Urne;1185;78;446;0;435;119;48;126;57;16;18;0;0;51;11
2004;57500;57 Gruna;09 Tolkewitz, Seidnitz, Gruna;StB 5 Blasewitz;Wahlbezirk_Urne;1252;124;469;0;445;117;56;143;45;28;12;0;0;44;24
2004;57600;57 Gruna;09 Tolkewitz, Seidnitz, Gruna;StB 5 Blasewitz;Wahlbezirk_Urne;1291;130;473;0;450;141;42;134;37;25;27;0;0;44;23
2004;57700;57 Gruna;09 Tolkewitz, Seidnitz, Gruna;StB 5 Blasewitz;Wahlbezirk_Urne;905;93;361;0;350;93;35;95;62;22;6;0;0;37;11
2004;57800;57 Gruna;09 Tolkewitz, Seidnitz, Gruna;StB 5 Blasewitz;Wahlbezirk_Urne;1080;160;424;3;417;139;59;81;66;28;11;0;0;33;7
2004;61001;61 Leuben;10 StB Leuben;StB 6 Leuben;Wahlbezirk_Brief;0;0;292;292;292;110;39;88;15;9;8;0;0;23;0
2004;61002;61 Leuben;10 StB Leuben;StB 6 Leuben;Wahlbezirk_Brief;0;0;349;349;348;92;41;131;24;7;15;0;0;38;1
2004;61100;61 Leuben;10 StB Leuben;StB 6 Leuben;Wahlbezirk_Urne;898;75;379;0;354;125;42;82;21;13;16;0;0;55;25
2004;61200;61 Leuben;10 StB Leuben;StB 6 Leuben;Wahlbezirk_Urne;979;55;323;0;315;114;27;78;21;26;11;0;0;38;8
2004;61300;61 Leuben;10 StB Leuben;StB 6 Leuben;Wahlbezirk_Urne;1543;87;549;1;527;165;69;137;28;26;26;0;0;76;22
2004;61400;61 Leuben;10 StB Leuben;StB 6 Leuben;Wahlbezirk_Urne;910;27;296;0;279;82;37;83;13;13;21;0;0;30;17
2004;61500;61 Leuben;10 StB Leuben;StB 6 Leuben;Wahlbezirk_Urne;1321;102;483;0;469;141;63;135;33;22;26;0;0;49;14
2004;61600;61 Leuben;10 StB Leuben;StB 6 Leuben;Wahlbezirk_Urne;1077;108;408;0;393;122;46;128;13;16;36;0;0;32;15
2004;61700;61 Leuben;10 StB Leuben;StB 6 Leuben;Wahlbezirk_Urne;1188;90;407;0;390;125;34;113;20;20;34;0;0;44;17
2004;61800;61 Leuben;10 StB Leuben;StB 6 Leuben;Wahlbezirk_Urne;884;92;308;1;295;84;31;112;9;10;17;0;0;32;13
2004;61900;61 Leuben;10 StB Leuben;StB 6 Leuben;Wahlbezirk_Urne;985;68;337;0;327;84;33;115;27;15;19;0;0;34;10
2004;62001;62 Laubegast;10 StB Leuben;StB 6 Leuben;Wahlbezirk_Brief;0;0;264;264;258;68;37;62;44;9;5;0;0;33;6
2004;62002;62 Laubegast;10 StB Leuben;StB 6 Leuben;Wahlbezirk_Brief;0;0;344;344;341;130;34;81;42;13;10;0;0;31;3
2004;62100;62 Laubegast;10 StB Leuben;StB 6 Leuben;Wahlbezirk_Urne;1310;85;578;0;555;173;66;143;72;31;15;0;0;55;23
2004;62200;62 Laubegast;10 StB Leuben;StB 6 Leuben;Wahlbezirk_Urne;892;59;362;0;333;107;31;83;36;12;13;0;0;51;29
2004;62301;62 Laubegast;10 StB Leuben;StB 6 Leuben;Wahlbezirk_Urne;760;40;267;1;245;93;26;55;28;8;7;0;0;28;22
2004;62302;62 Laubegast;10 StB Leuben;StB 6 Leuben;Wahlbezirk_Urne;1144;93;452;0;436;157;63;111;40;27;11;0;0;27;16
2004;62400;62 Laubegast;10 StB Leuben;StB 6 Leuben;Wahlbezirk_Urne;1213;74;515;0;496;130;40;101;114;31;14;0;0;66;19
2004;62501;62 Laubegast;10 StB Leuben;StB 6 Leuben;Wahlbezirk_Urne;1372;96;558;0;529;188;62;109;57;40;21;0;0;52;29
2004;62502;62 Laubegast;10 StB Leuben;StB 6 Leuben;Wahlbezirk_Urne;1154;113;452;0;431;147;55;114;34;14;20;0;0;47;21
2004;62600;62 Laubegast;10 StB Leuben;StB 6 Leuben;Wahlbezirk_Urne;1336;100;596;0;572;182;61;135;80;28;25;0;0;61;24
2004;63000;63 Kleinzschachwitz;10 StB Leuben;StB 6 Leuben;Wahlbezirk_Brief;0;0;546;546;541;209;48;98;94;26;17;0;0;49;5
2004;63100;63 Kleinzschachwitz;10 StB Leuben;StB 6 Leuben;Wahlbezirk_Urne;1422;157;592;0;571;221;71;98;80;32;11;0;0;58;21
2004;63200;63 Kleinzschachwitz;10 StB Leuben;StB 6 Leuben;Wahlbezirk_Urne;1326;109;583;1;563;195;67;103;82;45;22;0;0;49;20
2004;63301;63 Kleinzschachwitz;10 StB Leuben;StB 6 Leuben;Wahlbezirk_Urne;1192;94;520;0;503;208;59;84;60;29;23;0;0;40;17
2004;63302;63 Kleinzschachwitz;10 StB Leuben;StB 6 Leuben;Wahlbezirk_Urne;808;57;361;0;345;146;39;51;31;20;21;0;0;37;16
2004;63401;63 Kleinzschachwitz;10 StB Leuben;StB 6 Leuben;Wahlbezirk_Urne;949;104;395;1;379;168;38;58;42;23;12;0;0;38;16
2004;63402;63 Kleinzschachwitz;10 StB Leuben;StB 6 Leuben;Wahlbezirk_Urne;1057;73;489;0;477;172;59;92;37;27;30;0;0;60;12
2004;64000;64 Großzschachwitz;10 StB Leuben;StB 6 Leuben;Wahlbezirk_Brief;0;0;289;289;280;97;19;75;27;22;9;0;0;31;9
2004;64100;64 Großzschachwitz;10 StB Leuben;StB 6 Leuben;Wahlbezirk_Urne;971;61;319;2;298;120;26;70;27;19;8;0;0;28;21
2004;64200;64 Großzschachwitz;10 StB Leuben;StB 6 Leuben;Wahlbezirk_Urne;967;65;315;0;298;76;43;100;19;14;19;0;0;27;17
2004;64300;64 Großzschachwitz;10 StB Leuben;StB 6 Leuben;Wahlbezirk_Urne;855;39;331;0;314;85;39;77;24;13;28;0;0;48;17
2004;64400;64 Großzschachwitz;10 StB Leuben;StB 6 Leuben;Wahlbezirk_Urne;1014;75;412;0;386;103;49;122;28;15;22;0;0;47;26
2004;64500;64 Großzschachwitz;10 StB Leuben;StB 6 Leuben;Wahlbezirk_Urne;1255;88;450;2;421;149;42;91;34;19;23;0;0;63;29
2004;71000;71 Prohlis-Nord;11 Prohlis, Reick (mit Sternhäuser, Am Koitschgraben);StB 7 Prohlis;Wahlbezirk_Brief;0;0;280;280;272;80;34;91;17;9;13;0;0;28;8
2004;71100;71 Prohlis-Nord;11 Prohlis, Reick (mit Sternhäuser, Am Koitschgraben);StB 7 Prohlis;Wahlbezirk_Urne;1017;88;411;0;397;109;52;105;45;20;17;0;0;49;14
2004;71200;71 Prohlis-Nord;11 Prohlis, Reick (mit Sternhäuser, Am Koitschgraben);StB 7 Prohlis;Wahlbezirk_Urne;724;25;201;1;188;44;17;73;8;7;19;0;0;20;13
2004;71300;71 Prohlis-Nord;11 Prohlis, Reick (mit Sternhäuser, Am Koitschgraben);StB 7 Prohlis;Wahlbezirk_Urne;1018;72;327;0;319;93;42;94;16;20;20;0;0;34;8
2004;71400;71 Prohlis-Nord;11 Prohlis, Reick (mit Sternhäuser, Am Koitschgraben);StB 7 Prohlis;Wahlbezirk_Urne;1021;57;372;0;357;99;36;108;22;20;24;0;0;48;15
2004;71500;71 Prohlis-Nord;11 Prohlis, Reick (mit Sternhäuser, Am Koitschgraben);StB 7 Prohlis;Wahlbezirk_Urne;1064;64;349;0;327;116;30;105;13;16;22;0;0;25;22
2004;72000;72 Prohlis-Süd;11 Prohlis, Reick (mit Sternhäuser, Am Koitschgraben);StB 7 Prohlis;Wahlbezirk_Brief;0;0;305;305;299;86;35;98;19;7;16;0;0;38;6
2004;72100;72 Prohlis-Süd;11 Prohlis, Reick (mit Sternhäuser, Am Koitschgraben);StB 7 Prohlis;Wahlbezirk_Urne;885;35;284;0;274;66;31;92;13;18;25;0;0;29;10
2004;72200;72 Prohlis-Süd;11 Prohlis, Reick (mit Sternhäuser, Am Koitschgraben);StB 7 Prohlis;Wahlbezirk_Urne;948;52;314;0;298;80;34;99;18;11;22;0;0;34;16
2004;72300;72 Prohlis-Süd;11 Prohlis, Reick (mit Sternhäuser, Am Koitschgraben);StB 7 Prohlis;Wahlbezirk_Urne;1430;74;475;0;444;127;44;137;32;26;23;0;0;55;31
2004;72500;72 Prohlis-Süd;11 Prohlis, Reick (mit Sternhäuser, Am Koitschgraben);StB 7 Prohlis;Wahlbezirk_Urne;1394;84;460;2;448;138;45;125;22;21;42;0;0;55;12
2004;72700;72 Prohlis-Süd;11 Prohlis, Reick (mit Sternhäuser, Am Koitschgraben);StB 7 Prohlis;Wahlbezirk_Urne;821;67;244;0;233;71;16;89;13;12;11;0;0;21;11
2004;72800;72 Prohlis-Süd;11 Prohlis, Reick (mit Sternhäuser, Am Koitschgraben);StB 7 Prohlis;Wahlbezirk_Urne;845;48;247;0;233;70;26;66;21;12;12;0;0;26;14
2004;73011;73 Niedersedlitz;11 Prohlis, Reick (mit Sternhäuser, Am Koitschgraben);StB 7 Prohlis;Wahlbezirk_Brief;0;0;68;68;66;26;7;12;8;3;3;0;0;7;2
2004;73012;73 Niedersedlitz;12 Niedersedlitz, Leubnitz, Strehlen (ohne Sternhäuser, Am Koitschgraben);StB 7 Prohlis;Wahlbezirk_Brief;0;0;262;262;254;98;29;45;33;12;10;0;0;27;8
2004;73101;73 Niedersedlitz;12 Niedersedlitz, Leubnitz, Strehlen (ohne Sternhäuser, Am Koitschgraben);StB 7 Prohlis;Wahlbezirk_Urne;977;90;398;1;377;134;46;72;44;27;21;0;0;33;21
2004;73102;73 Niedersedlitz;12 Niedersedlitz, Leubnitz, Strehlen (ohne Sternhäuser, Am Koitschgraben);StB 7 Prohlis;Wahlbezirk_Urne;891;57;363;0;345;126;39;62;39;25;18;0;0;36;18
2004;73200;73 Niedersedlitz;12 Niedersedlitz, Leubnitz, Strehlen (ohne Sternhäuser, Am Koitschgraben);StB 7 Prohlis;Wahlbezirk_Urne;993;78;447;0;428;144;47;77;53;38;23;0;0;46;19
2004;73300;73 Niedersedlitz;12 Niedersedlitz, Leubnitz, Strehlen (ohne Sternhäuser, Am Koitschgraben);StB 7 Prohlis;Wahlbezirk_Urne;1369;80;578;0;550;215;48;113;38;40;31;0;0;65;28
2004;73500;73 Niedersedlitz;11 Prohlis, Reick (mit Sternhäuser, Am Koitschgraben);StB 7 Prohlis;Wahlbezirk_Urne;806;37;247;0;233;60;23;85;20;13;11;0;0;21;14
2004;73600;73 Niedersedlitz;11 Prohlis, Reick (mit Sternhäuser, Am Koitschgraben);StB 7 Prohlis;Wahlbezirk_Urne;930;42;253;0;244;50;22;93;12;14;24;0;0;29;9
2004;74000;74 Lockwitz;12 Niedersedlitz, Leubnitz, Strehlen (ohne Sternhäuser, Am Koitschgraben);StB 7 Prohlis;Wahlbezirk_Brief;0;0;248;248;244;91;21;47;29;17;8;0;0;31;4
2004;74100;74 Lockwitz;12 Niedersedlitz, Leubnitz, Strehlen (ohne Sternhäuser, Am Koitschgraben);StB 7 Prohlis;Wahlbezirk_Urne;554;27;245;1;232;78;22;44;12;22;19;0;0;35;13
2004;74201;74 Lockwitz;12 Niedersedlitz, Leubnitz, Strehlen (ohne Sternhäuser, Am Koitschgraben);StB 7 Prohlis;Wahlbezirk_Urne;980;75;425;0;413;160;39;83;48;29;16;0;0;38;12
2004;74202;74 Lockwitz;12 Niedersedlitz, Leubnitz, Strehlen (ohne Sternhäuser, Am Koitschgraben);StB 7 Prohlis;Wahlbezirk_Urne;995;63;448;0;427;152;31;83;55;38;31;0;0;37;21
2004;74301;74 Lockwitz;12 Niedersedlitz, Leubnitz, Strehlen (ohne Sternhäuser, Am Koitschgraben);StB 7 Prohlis;Wahlbezirk_Urne;1094;71;517;0;501;195;45;93;48;46;17;0;0;57;16
2004;74302;74 Lockwitz;12 Niedersedlitz, Leubnitz, Strehlen (ohne Sternhäuser, Am Koitschgraben);StB 7 Prohlis;Wahlbezirk_Urne;1024;41;439;0;421;144;36;110;37;32;17;0;0;45;18
2004;75001;75 Leubnitz-Neuostra;12 Niedersedlitz, Leubnitz, Strehlen (ohne Sternhäuser, Am Koitschgraben);StB 7 Prohlis;Wahlbezirk_Brief;0;0;393;393;386;150;36;91;44;15;6;0;0;44;7
2004;75002;75 Leubnitz-Neuostra;12 Niedersedlitz, Leubnitz, Strehlen (ohne Sternhäuser, Am Koitschgraben);StB 7 Prohlis;Wahlbezirk_Brief;0;0;527;527;518;198;40;133;66;23;8;0;0;50;9
2004;75100;75 Leubnitz-Neuostra;12 Niedersedlitz, Leubnitz, Strehlen (ohne Sternhäuser, Am Koitschgraben);StB 7 Prohlis;Wahlbezirk_Urne;1127;73;490;0;485;163;66;102;55;32;21;0;0;46;5
2004;75201;75 Leubnitz-Neuostra;12 Niedersedlitz, Leubnitz, Strehlen (ohne Sternhäuser, Am Koitschgraben);StB 7 Prohlis;Wahlbezirk_Urne;1036;94;513;0;499;191;54;102;82;21;5;0;0;44;14
2004;75202;75 Leubnitz-Neuostra;12 Niedersedlitz, Leubnitz, Strehlen (ohne Sternhäuser, Am Koitschgraben);StB 7 Prohlis;Wahlbezirk_Urne;1328;143;489;0;472;173;55;103;57;24;18;0;0;42;17
2004;75300;75 Leubnitz-Neuostra;12 Niedersedlitz, Leubnitz, Strehlen (ohne Sternhäuser, Am Koitschgraben);StB 7 Prohlis;Wahlbezirk_Urne;957;47;259;0;247;63;16;83;20;11;24;0;0;30;12
2004;75500;75 Leubnitz-Neuostra;12 Niedersedlitz, Leubnitz, Strehlen (ohne Sternhäuser, Am Koitschgraben);StB 7 Prohlis;Wahlbezirk_Urne;955;76;445;0;430;145;39;87;75;34;15;0;0;35;15
2004;75600;75 Leubnitz-Neuostra;12 Niedersedlitz, Leubnitz, Strehlen (ohne Sternhäuser, Am Koitschgraben);StB 7 Prohlis;Wahlbezirk_Urne;1055;96;396;0;381;112;50;97;53;29;9;0;0;31;15
2004;75700;75 Leubnitz-Neuostra;12 Niedersedlitz, Leubnitz, Strehlen (ohne Sternhäuser, Am Koitschgraben);StB 7 Prohlis;Wahlbezirk_Urne;1254;114;477;0;453;124;42;117;61;26;19;0;0;64;24
2004;75800;75 Leubnitz-Neuostra;12 Niedersedlitz, Leubnitz, Strehlen (ohne Sternhäuser, Am Koitschgraben);StB 7 Prohlis;Wahlbezirk_Urne;1305;118;514;0;484;147;49;169;31;20;18;0;0;50;30
2004;75901;75 Leubnitz-Neuostra;12 Niedersedlitz, Leubnitz, Strehlen (ohne Sternhäuser, Am Koitschgraben);StB 7 Prohlis;Wahlbezirk_Urne;725;70;323;0;313;88;46;83;48;19;4;0;0;25;10
2004;75902;75 Leubnitz-Neuostra;12 Niedersedlitz, Leubnitz, Strehlen (ohne Sternhäuser, Am Koitschgraben);StB 7 Prohlis;Wahlbezirk_Urne;760;81;344;0;337;130;33;75;58;9;10;0;0;22;7
2004;75903;75 Leubnitz-Neuostra;12 Niedersedlitz, Leubnitz, Strehlen (ohne Sternhäuser, Am Koitschgraben);StB 7 Prohlis;Wahlbezirk_Urne;944;108;371;1;352;116;34;85;60;17;11;0;0;29;19
2004;76011;76 Strehlen;11 Prohlis, Reick (mit Sternhäuser, Am Koitschgraben);StB 7 Prohlis;Wahlbezirk_Brief;0;0;121;121;119;35;11;32;19;7;4;0;0;11;1
2004;76012;76 Strehlen;12 Niedersedlitz, Leubnitz, Strehlen (ohne Sternhäuser, Am Koitschgraben);StB 7 Prohlis;Wahlbezirk_Brief;0;0;467;467;462;134;44;124;74;25;16;0;0;45;6
2004;76100;76 Strehlen;12 Niedersedlitz, Leubnitz, Strehlen (ohne Sternhäuser, Am Koitschgraben);StB 7 Prohlis;Wahlbezirk_Urne;719;75;325;0;316;87;38;69;68;30;6;0;0;18;9
2004;76200;76 Strehlen;12 Niedersedlitz, Leubnitz, Strehlen (ohne Sternhäuser, Am Koitschgraben);StB 7 Prohlis;Wahlbezirk_Urne;907;81;380;0;369;121;28;83;65;28;14;0;0;30;11
2004;76300;76 Strehlen;12 Niedersedlitz, Leubnitz, Strehlen (ohne Sternhäuser, Am Koitschgraben);StB 7 Prohlis;Wahlbezirk_Urne;996;73;467;0;447;111;55;95;99;29;13;0;0;45;20
2004;76400;76 Strehlen;12 Niedersedlitz, Leubnitz, Strehlen (ohne Sternhäuser, Am Koitschgraben);StB 7 Prohlis;Wahlbezirk_Urne;641;89;270;0;260;81;47;73;34;11;1;0;0;13;10
2004;76500;76 Strehlen;12 Niedersedlitz, Leubnitz, Strehlen (ohne Sternhäuser, Am Koitschgraben);StB 7 Prohlis;Wahlbezirk_Urne;1339;170;430;0;412;125;51;105;47;28;18;0;0;38;18
2004;76600;76 Strehlen;11 Prohlis, Reick (mit Sternhäuser, Am Koitschgraben);StB 7 Prohlis;Wahlbezirk_Urne;1084;43;383;0;373;89;36;120;25;33;25;0;0;45;10
2004;76700;76 Strehlen;11 Prohlis, Reick (mit Sternhäuser, Am Koitschgraben);StB 7 Prohlis;Wahlbezirk_Urne;1174;40;293;0;272;73;30;78;26;11;19;0;0;35;21
2004;76800;76 Strehlen;11 Prohlis, Reick (mit Sternhäuser, Am Koitschgraben);StB 7 Prohlis;Wahlbezirk_Urne;1009;43;308;0;297;79;27;103;14;20;21;0;0;33;11
2004;77000;77 Reick;12 Niedersedlitz, Leubnitz, Strehlen (ohne Sternhäuser, Am Koitschgraben);StB 7 Prohlis;Wahlbezirk_Brief;0;0;269;269;263;95;22;66;28;9;7;0;0;36;6
2004;77100;77 Reick;12 Niedersedlitz, Leubnitz, Strehlen (ohne Sternhäuser, Am Koitschgraben);StB 7 Prohlis;Wahlbezirk_Urne;1335;128;362;0;352;117;42;90;29;15;15;0;0;44;10
2004;77200;77 Reick;12 Niedersedlitz, Leubnitz, Strehlen (ohne Sternhäuser, Am Koitschgraben);StB 7 Prohlis;Wahlbezirk_Urne;1379;144;407;0;390;107;43;132;21;18;21;0;0;48;17
2004;77300;77 Reick;12 Niedersedlitz, Leubnitz, Strehlen (ohne Sternhäuser, Am Koitschgraben);StB 7 Prohlis;Wahlbezirk_Urne;1091;26;338;0;325;101;40;83;20;15;21;0;0;45;13
2004;81001;81 Südvorstadt-West;13 Südvorstadt, Zschertnitz;StB 8 Plauen;Wahlbezirk_Brief;0;0;389;389;386;103;43;126;38;17;8;0;0;51;3
2004;81002;81 Südvorstadt-West;13 Südvorstadt, Zschertnitz;StB 8 Plauen;Wahlbezirk_Brief;0;0;348;348;342;89;46;89;69;18;2;0;0;29;6
2004;81100;81 Südvorstadt-West;13 Südvorstadt, Zschertnitz;StB 8 Plauen;Wahlbezirk_Urne;937;68;347;0;333;86;31;119;25;22;14;0;0;36;14
2004;81200;81 Südvorstadt-West;13 Südvorstadt, Zschertnitz;StB 8 Plauen;Wahlbezirk_Urne;1509;172;638;1;609;147;77;206;78;35;17;0;0;49;29
2004;81400;81 Südvorstadt-West;13 Südvorstadt, Zschertnitz;StB 8 Plauen;Wahlbezirk_Urne;1279;103;513;1;494;120;64;157;65;34;15;0;0;39;19
2004;81500;81 Südvorstadt-West;13 Südvorstadt, Zschertnitz;StB 8 Plauen;Wahlbezirk_Urne;1025;73;389;0;373;103;43;94;57;20;26;0;0;30;16
2004;81700;81 Südvorstadt-West;13 Südvorstadt, Zschertnitz;StB 8 Plauen;Wahlbezirk_Urne;1458;181;597;0;572;171;70;127;110;28;21;0;0;45;25
2004;81800;81 Südvorstadt-West;13 Südvorstadt, Zschertnitz;StB 8 Plauen;Wahlbezirk_Urne;909;87;362;0;358;81;43;99;63;26;7;0;0;39;4
2004;81900;81 Südvorstadt-West;13 Südvorstadt, Zschertnitz;StB 8 Plauen;Wahlbezirk_Urne;980;110;400;1;390;98;60;82;86;20;7;0;0;37;10
2004;82000;82 Südvorstadt-Ost;13 Südvorstadt, Zschertnitz;StB 8 Plauen;Wahlbezirk_Brief;0;0;307;307;303;101;30;76;47;15;4;0;0;30;4
2004;82100;82 Südvorstadt-Ost;13 Südvorstadt, Zschertnitz;StB 8 Plauen;Wahlbezirk_Urne;1031;73;381;0;370;77;58;144;30;20;14;0;0;27;11
2004;82200;82 Südvorstadt-Ost;13 Südvorstadt, Zschertnitz;StB 8 Plauen;Wahlbezirk_Urne;872;90;328;0;321;77;51;96;39;23;4;0;0;31;7
2004;82300;82 Südvorstadt-Ost;13 Südvorstadt, Zschertnitz;StB 8 Plauen;Wahlbezirk_Urne;796;83;391;1;376;109;49;95;79;18;4;0;0;22;15
2004;82400;82 Südvorstadt-Ost;13 Südvorstadt, Zschertnitz;StB 8 Plauen;Wahlbezirk_Urne;945;95;354;2;346;98;56;73;57;32;7;0;0;23;8
2004;83001;83 Räcknitz/Zschertnitz;13 Südvorstadt, Zschertnitz;StB 8 Plauen;Wahlbezirk_Brief;0;0;366;366;366;133;36;94;35;19;14;0;0;35;0
2004;83002;83 Räcknitz/Zschertnitz;13 Südvorstadt, Zschertnitz;StB 8 Plauen;Wahlbezirk_Brief;0;0;308;308;306;103;22;95;41;13;5;0;0;27;2
2004;83100;83 Räcknitz/Zschertnitz;13 Südvorstadt, Zschertnitz;StB 8 Plauen;Wahlbezirk_Urne;831;91;344;0;336;88;46;65;77;19;10;0;0;31;8
2004;83200;83 Räcknitz/Zschertnitz;13 Südvorstadt, Zschertnitz;StB 8 Plauen;Wahlbezirk_Urne;826;68;291;0;277;66;38;83;35;15;15;0;0;25;14
2004;83300;83 Räcknitz/Zschertnitz;13 Südvorstadt, Zschertnitz;StB 8 Plauen;Wahlbezirk_Urne;1194;80;440;0;418;120;49;95;47;24;29;0;0;54;22
2004;83400;83 Räcknitz/Zschertnitz;13 Südvorstadt, Zschertnitz;StB 8 Plauen;Wahlbezirk_Urne;743;62;325;0;315;95;48;106;19;15;10;0;0;22;10
2004;83500;83 Räcknitz/Zschertnitz;13 Südvorstadt, Zschertnitz;StB 8 Plauen;Wahlbezirk_Urne;1167;105;437;0;421;121;48;140;41;16;9;0;0;46;16
2004;83600;83 Räcknitz/Zschertnitz;13 Südvorstadt, Zschertnitz;StB 8 Plauen;Wahlbezirk_Urne;905;97;385;0;374;126;40;104;40;27;12;0;0;25;11
2004;83700;83 Räcknitz/Zschertnitz;13 Südvorstadt, Zschertnitz;StB 8 Plauen;Wahlbezirk_Urne;1031;97;404;0;389;117;55;120;42;12;11;0;0;32;15
2004;83800;83 Räcknitz/Zschertnitz;13 Südvorstadt, Zschertnitz;StB 8 Plauen;Wahlbezirk_Urne;1025;116;409;0;385;125;49;107;43;15;13;0;0;33;24
2004;84000;84 Kleinpestitz/Mockritz;14 Mockritz, Coschütz, Plauen;StB 8 Plauen;Wahlbezirk_Brief;0;0;436;436;429;154;48;103;54;20;12;0;0;38;7
2004;84100;84 Kleinpestitz/Mockritz;14 Mockritz, Coschütz, Plauen;StB 8 Plauen;Wahlbezirk_Urne;1344;90;563;0;542;154;59;156;54;30;27;0;0;62;21
2004;84200;84 Kleinpestitz/Mockritz;14 Mockritz, Coschütz, Plauen;StB 8 Plauen;Wahlbezirk_Urne;969;60;371;0;358;80;46;127;45;16;17;0;0;27;13
2004;84300;84 Kleinpestitz/Mockritz;14 Mockritz, Coschütz, Plauen;StB 8 Plauen;Wahlbezirk_Urne;1327;97;526;1;513;170;54;140;33;37;28;0;0;51;13
2004;84400;84 Kleinpestitz/Mockritz;14 Mockritz, Coschütz, Plauen;StB 8 Plauen;Wahlbezirk_Urne;543;25;225;0;218;98;24;35;17;17;8;0;0;19;7
2004;84501;84 Kleinpestitz/Mockritz;14 Mockritz, Coschütz, Plauen;StB 8 Plauen;Wahlbezirk_Urne;1154;114;548;0;529;169;66;96;112;29;16;0;0;41;19
2004;84502;84 Kleinpestitz/Mockritz;14 Mockritz, Coschütz, Plauen;StB 8 Plauen;Wahlbezirk_Urne;1055;108;434;2;421;153;49;93;53;30;11;0;0;32;13
2004;85000;85 Coschütz/Gittersee;14 Mockritz, Coschütz, Plauen;StB 8 Plauen;Wahlbezirk_Brief;0;0;291;291;285;101;30;67;54;9;4;0;0;20;6
2004;85100;85 Coschütz/Gittersee;14 Mockritz, Coschütz, Plauen;StB 8 Plauen;Wahlbezirk_Urne;1426;125;557;0;530;177;71;120;62;33;23;0;0;44;27
2004;85200;85 Coschütz/Gittersee;14 Mockritz, Coschütz, Plauen;StB 8 Plauen;Wahlbezirk_Urne;1409;107;591;0;578;217;50;119;78;42;25;0;0;47;13
2004;85301;85 Coschütz/Gittersee;14 Mockritz, Coschütz, Plauen;StB 8 Plauen;Wahlbezirk_Urne;803;41;322;0;314;110;38;72;35;27;9;0;0;23;8
2004;85302;85 Coschütz/Gittersee;14 Mockritz, Coschütz, Plauen;StB 8 Plauen;Wahlbezirk_Urne;836;45;296;0;274;123;26;54;26;15;9;0;0;21;22
2004;86001;86 Plauen;14 Mockritz, Coschütz, Plauen;StB 8 Plauen;Wahlbezirk_Brief;0;0;342;342;341;99;54;59;84;16;6;0;0;23;1
2004;86002;86 Plauen;14 Mockritz, Coschütz, Plauen;StB 8 Plauen;Wahlbezirk_Brief;0;0;441;441;435;122;70;86;97;16;6;0;0;38;6
2004;86100;86 Plauen;14 Mockritz, Coschütz, Plauen;StB 8 Plauen;Wahlbezirk_Urne;1069;94;469;0;451;141;59;76;90;41;10;0;0;34;18
2004;86200;86 Plauen;14 Mockritz, Coschütz, Plauen;StB 8 Plauen;Wahlbezirk_Urne;1116;113;526;2;513;146;72;105;102;40;12;0;0;36;13
2004;86300;86 Plauen;14 Mockritz, Coschütz, Plauen;StB 8 Plauen;Wahlbezirk_Urne;1322;163;539;0;520;151;84;123;82;26;15;0;0;39;19
2004;86400;86 Plauen;14 Mockritz, Coschütz, Plauen;StB 8 Plauen;Wahlbezirk_Urne;870;80;423;0;409;114;63;78;76;33;15;0;0;30;14
2004;86500;86 Plauen;14 Mockritz, Coschütz, Plauen;StB 8 Plauen;Wahlbezirk_Urne;776;60;347;1;337;72;48;69;78;28;11;0;0;31;10
2004;86600;86 Plauen;14 Mockritz, Coschütz, Plauen;StB 8 Plauen;Wahlbezirk_Urne;815;73;384;0;374;97;48;60;100;33;9;0;0;27;10
2004;86700;86 Plauen;14 Mockritz, Coschütz, Plauen;StB 8 Plauen;Wahlbezirk_Urne;714;117;304;0;299;92;41;45;74;25;8;0;0;14;5
2004;86800;86 Plauen;14 Mockritz, Coschütz, Plauen;StB 8 Plauen;Wahlbezirk_Urne;1104;143;475;2;466;151;80;73;94;42;7;0;0;19;9
2004;90011;90 Cossebaude/Mobschatz/Oberw.;17 Briesnitz und westliche OS;StB 9 Cotta/westliche Ortschaften;Wahlbezirk_Brief;0;0;247;247;237;82;24;55;25;12;11;0;0;28;10
2004;90012;90 Cossebaude/Mobschatz/Oberw.;17 Briesnitz und westliche OS;StB 9 Cotta/westliche Ortschaften;Wahlbezirk_Brief;0;0;72;72;72;21;3;20;6;4;8;0;0;10;0
2004;90111;90 Cossebaude/Mobschatz/Oberw.;17 Briesnitz und westliche OS;StB 9 Cotta/westliche Ortschaften;Wahlbezirk_Urne;676;24;262;0;247;101;28;57;5;13;13;0;0;30;15
2004;90112;90 Cossebaude/Mobschatz/Oberw.;17 Briesnitz und westliche OS;StB 9 Cotta/westliche Ortschaften;Wahlbezirk_Urne;817;57;349;0;335;145;37;63;24;26;20;0;0;20;14
2004;90210;90 Cossebaude/Mobschatz/Oberw.;17 Briesnitz und westliche OS;StB 9 Cotta/westliche Ortschaften;Wahlbezirk_Urne;1131;110;487;0;478;184;66;66;62;27;24;0;0;49;9
2004;90310;90 Cossebaude/Mobschatz/Oberw.;17 Briesnitz und westliche OS;StB 9 Cotta/westliche Ortschaften;Wahlbezirk_Urne;1343;75;565;0;541;217;51;121;47;25;27;0;0;53;24
2004;90410;90 Cossebaude/Mobschatz/Oberw.;17 Briesnitz und westliche OS;StB 9 Cotta/westliche Ortschaften;Wahlbezirk_Urne;346;19;164;0;161;64;17;29;23;5;6;0;0;17;3
2004;90510;90 Cossebaude/Mobschatz/Oberw.;17 Briesnitz und westliche OS;StB 9 Cotta/westliche Ortschaften;Wahlbezirk_Urne;308;14;149;0;145;64;5;29;15;13;9;0;0;10;4
2004;90610;90 Cossebaude/Mobschatz/Oberw.;17 Briesnitz und westliche OS;StB 9 Cotta/westliche Ortschaften;Wahlbezirk_Urne;800;61;378;0;365;152;29;56;50;14;16;0;0;48;13
2004;90710;90 Cossebaude/Mobschatz/Oberw.;17 Briesnitz und westliche OS;StB 9 Cotta/westliche Ortschaften;Wahlbezirk_Urne;412;16;205;0;189;91;14;30;16;8;9;0;0;21;16
2004;91000;91 Cotta;15 Cotta, Löbtau, Naußlitz, Dölzschen;StB 9 Cotta/westliche Ortschaften;Wahlbezirk_Brief;0;0;367;367;360;99;46;94;39;12;19;0;0;51;7
2004;91101;91 Cotta;15 Cotta, Löbtau, Naußlitz, Dölzschen;StB 9 Cotta/westliche Ortschaften;Wahlbezirk_Urne;767;31;255;0;242;75;19;39;26;17;28;0;0;38;13
2004;91102;91 Cotta;15 Cotta, Löbtau, Naußlitz, Dölzschen;StB 9 Cotta/westliche Ortschaften;Wahlbezirk_Urne;977;57;368;0;352;116;39;89;31;27;25;0;0;25;16
2004;91200;91 Cotta;15 Cotta, Löbtau, Naußlitz, Dölzschen;StB 9 Cotta/westliche Ortschaften;Wahlbezirk_Urne;1460;79;533;0;513;159;44;107;66;19;53;0;0;65;20
2004;91300;91 Cotta;15 Cotta, Löbtau, Naußlitz, Dölzschen;StB 9 Cotta/westliche Ortschaften;Wahlbezirk_Urne;1317;67;386;0;379;88;30;96;61;30;19;0;0;55;7
2004;91400;91 Cotta;15 Cotta, Löbtau, Naußlitz, Dölzschen;StB 9 Cotta/westliche Ortschaften;Wahlbezirk_Urne;793;60;295;0;282;67;31;89;18;21;17;0;0;39;13
2004;91501;91 Cotta;15 Cotta, Löbtau, Naußlitz, Dölzschen;StB 9 Cotta/westliche Ortschaften;Wahlbezirk_Urne;1044;59;330;1;315;80;28;107;22;15;25;0;0;38;15
2004;91502;91 Cotta;15 Cotta, Löbtau, Naußlitz, Dölzschen;StB 9 Cotta/westliche Ortschaften;Wahlbezirk_Urne;1056;60;339;0;326;93;32;69;40;16;30;0;0;46;13
2004;92000;92 Löbtau-Nord;15 Cotta, Löbtau, Naußlitz, Dölzschen;StB 9 Cotta/westliche Ortschaften;Wahlbezirk_Brief;0;0;258;258;256;65;42;52;61;7;7;0;0;22;2
2004;92100;92 Löbtau-Nord;15 Cotta, Löbtau, Naußlitz, Dölzschen;StB 9 Cotta/westliche Ortschaften;Wahlbezirk_Urne;1005;51;267;0;254;65;29;63;36;21;18;0;0;22;13
2004;92200;92 Löbtau-Nord;15 Cotta, Löbtau, Naußlitz, Dölzschen;StB 9 Cotta/westliche Ortschaften;Wahlbezirk_Urne;1126;61;336;0;327;88;41;62;63;21;18;0;0;34;9
2004;92300;92 Löbtau-Nord;15 Cotta, Löbtau, Naußlitz, Dölzschen;StB 9 Cotta/westliche Ortschaften;Wahlbezirk_Urne;1201;69;384;2;372;107;49;72;71;27;11;0;0;35;12
2004;92400;92 Löbtau-Nord;15 Cotta, Löbtau, Naußlitz, Dölzschen;StB 9 Cotta/westliche Ortschaften;Wahlbezirk_Urne;810;61;322;0;310;78;20;95;43;17;20;0;0;37;12
2004;92500;92 Löbtau-Nord;15 Cotta, Löbtau, Naußlitz, Dölzschen;StB 9 Cotta/westliche Ortschaften;Wahlbezirk_Urne;932;39;303;0;282;66;26;56;44;33;23;0;0;34;21
2004;93000;93 Löbtau-Süd;15 Cotta, Löbtau, Naußlitz, Dölzschen;StB 9 Cotta/westliche Ortschaften;Wahlbezirk_Brief;0;0;400;400;395;104;52;71;84;25;16;0;0;43;5
2004;93101;93 Löbtau-Süd;15 Cotta, Löbtau, Naußlitz, Dölzschen;StB 9 Cotta/westliche Ortschaften;Wahlbezirk_Urne;832;44;297;0;288;76;34;58;45;29;24;0;0;22;9
2004;93102;93 Löbtau-Süd;15 Cotta, Löbtau, Naußlitz, Dölzschen;StB 9 Cotta/westliche Ortschaften;Wahlbezirk_Urne;858;54;261;1;251;75;28;48;44;12;17;0;0;27;10
2004;93200;93 Löbtau-Süd;15 Cotta, Löbtau, Naußlitz, Dölzschen;StB 9 Cotta/westliche Ortschaften;Wahlbezirk_Urne;1302;73;418;0;402;99;49;89;66;32;13;0;0;54;16
2004;93300;93 Löbtau-Süd;15 Cotta, Löbtau, Naußlitz, Dölzschen;StB 9 Cotta/westliche Ortschaften;Wahlbezirk_Urne;1334;99;418;0;390;113;49;92;56;23;21;0;0;36;28
2004;93400;93 Löbtau-Süd;15 Cotta, Löbtau, Naußlitz, Dölzschen;StB 9 Cotta/westliche Ortschaften;Wahlbezirk_Urne;1462;98;535;2;526;121;64;134;78;40;37;0;0;52;9
2004;93500;93 Löbtau-Süd;15 Cotta, Löbtau, Naußlitz, Dölzschen;StB 9 Cotta/westliche Ortschaften;Wahlbezirk_Urne;1154;82;399;0;386;98;49;101;45;25;22;0;0;46;13
2004;94000;94 Naußlitz;15 Cotta, Löbtau, Naußlitz, Dölzschen;StB 9 Cotta/westliche Ortschaften;Wahlbezirk_Brief;0;0;486;486;475;175;41;119;55;22;19;0;0;44;11
2004;94101;94 Naußlitz;15 Cotta, Löbtau, Naußlitz, Dölzschen;StB 9 Cotta/westliche Ortschaften;Wahlbezirk_Urne;732;54;240;0;235;70;32;56;30;14;12;0;0;21;5
2004;94102;94 Naußlitz;15 Cotta, Löbtau, Naußlitz, Dölzschen;StB 9 Cotta/westliche Ortschaften;Wahlbezirk_Urne;981;38;321;0;296;100;27;88;17;17;18;0;0;29;25
2004;94200;94 Naußlitz;15 Cotta, Löbtau, Naußlitz, Dölzschen;StB 9 Cotta/westliche Ortschaften;Wahlbezirk_Urne;1241;75;487;0;474;157;50;129;52;22;20;0;0;44;13
2004;94400;94 Naußlitz;15 Cotta, Löbtau, Naußlitz, Dölzschen;StB 9 Cotta/westliche Ortschaften;Wahlbezirk_Urne;1050;117;410;0;399;150;36;82;45;31;9;0;0;46;11
2004;94501;94 Naußlitz;15 Cotta, Löbtau, Naußlitz, Dölzschen;StB 9 Cotta/westliche Ortschaften;Wahlbezirk_Urne;963;84;475;0;456;171;44;98;78;24;12;0;0;29;19
2004;94502;94 Naußlitz;15 Cotta, Löbtau, Naußlitz, Dölzschen;StB 9 Cotta/westliche Ortschaften;Wahlbezirk_Urne;871;60;423;0;406;151;49;79;45;29;15;0;0;38;17
2004;94600;94 Naußlitz;15 Cotta, Löbtau, Naußlitz, Dölzschen;StB 9 Cotta/westliche Ortschaften;Wahlbezirk_Urne;1304;93;508;0;492;148;86;98;60;32;28;0;0;40;16
2004;95000;95 Gorbitz-Süd;16 Gorbitz;StB 9 Cotta/westliche Ortschaften;Wahlbezirk_Brief;0;0;339;339;329;89;30;113;24;7;20;0;0;46;10
2004;95100;95 Gorbitz-Süd;16 Gorbitz;StB 9 Cotta/westliche Ortschaften;Wahlbezirk_Urne;974;27;276;0;254;74;32;70;8;16;26;0;0;28;22
2004;95200;95 Gorbitz-Süd;16 Gorbitz;StB 9 Cotta/westliche Ortschaften;Wahlbezirk_Urne;1208;49;345;0;319;95;22;113;10;15;25;0;0;39;26
2004;95300;95 Gorbitz-Süd;16 Gorbitz;StB 9 Cotta/westliche Ortschaften;Wahlbezirk_Urne;1011;65;315;0;296;52;37;125;19;8;21;0;0;34;19
2004;95400;95 Gorbitz-Süd;16 Gorbitz;StB 9 Cotta/westliche Ortschaften;Wahlbezirk_Urne;959;40;339;0;316;73;45;110;15;15;15;0;0;43;23
2004;95500;95 Gorbitz-Süd;16 Gorbitz;StB 9 Cotta/westliche Ortschaften;Wahlbezirk_Urne;828;54;315;0;299;81;38;92;12;12;20;0;0;44;16
2004;95600;95 Gorbitz-Süd;16 Gorbitz;StB 9 Cotta/westliche Ortschaften;Wahlbezirk_Urne;1224;77;398;0;382;130;41;106;28;21;26;0;0;30;16
2004;95700;95 Gorbitz-Süd;16 Gorbitz;StB 9 Cotta/westliche Ortschaften;Wahlbezirk_Urne;891;64;303;0;286;84;29;82;15;13;30;0;0;33;17
2004;96000;96 Gorbitz-Ost;16 Gorbitz;StB 9 Cotta/westliche Ortschaften;Wahlbezirk_Brief;0;0;240;240;236;52;23;85;21;9;16;0;0;30;4
2004;96100;96 Gorbitz-Ost;16 Gorbitz;StB 9 Cotta/westliche Ortschaften;Wahlbezirk_Urne;1487;98;482;0;467;104;55;167;26;33;32;0;0;50;15
2004;96300;96 Gorbitz-Ost;16 Gorbitz;StB 9 Cotta/westliche Ortschaften;Wahlbezirk_Urne;1129;66;366;0;341;90;33;95;23;26;41;0;0;33;25
2004;96500;96 Gorbitz-Ost;16 Gorbitz;StB 9 Cotta/westliche Ortschaften;Wahlbezirk_Urne;748;32;219;0;211;64;25;66;10;11;12;0;0;23;8
2004;96600;96 Gorbitz-Ost;16 Gorbitz;StB 9 Cotta/westliche Ortschaften;Wahlbezirk_Urne;733;37;256;0;251;64;27;71;12;6;26;0;0;45;5
2004;96700;96 Gorbitz-Ost;16 Gorbitz;StB 9 Cotta/westliche Ortschaften;Wahlbezirk_Urne;1023;57;334;0;320;71;34;101;26;8;40;0;0;40;14
2004;97000;97 Gorbitz-Nord/Neu-Omsewitz;16 Gorbitz;StB 9 Cotta/westliche Ortschaften;Wahlbezirk_Brief;0;0;215;215;211;42;21;66;19;7;24;0;0;32;4
2004;97100;97 Gorbitz-Nord/Neu-Omsewitz;16 Gorbitz;StB 9 Cotta/westliche Ortschaften;Wahlbezirk_Urne;1064;41;334;0;321;95;42;86;18;13;31;0;0;36;13
2004;97200;97 Gorbitz-Nord/Neu-Omsewitz;16 Gorbitz;StB 9 Cotta/westliche Ortschaften;Wahlbezirk_Urne;669;22;243;1;231;56;16;66;12;7;28;0;0;46;12
2004;97300;97 Gorbitz-Nord/Neu-Omsewitz;16 Gorbitz;StB 9 Cotta/westliche Ortschaften;Wahlbezirk_Urne;1339;54;447;0;432;110;47;119;22;27;51;0;0;56;15
2004;97500;97 Gorbitz-Nord/Neu-Omsewitz;16 Gorbitz;StB 9 Cotta/westliche Ortschaften;Wahlbezirk_Urne;1474;81;409;0;383;96;43;118;26;30;35;0;0;35;26
2004;97700;97 Gorbitz-Nord/Neu-Omsewitz;16 Gorbitz;StB 9 Cotta/westliche Ortschaften;Wahlbezirk_Urne;698;30;270;0;264;70;40;70;19;19;18;0;0;28;6
2004;98000;98 Briesnitz;17 Briesnitz und westliche OS;StB 9 Cotta/westliche Ortschaften;Wahlbezirk_Brief;0;0;546;546;544;209;58;106;45;32;31;0;0;63;2
2004;98100;98 Briesnitz;17 Briesnitz und westliche OS;StB 9 Cotta/westliche Ortschaften;Wahlbezirk_Urne;1353;71;516;0;489;171;50;102;39;35;36;0;0;56;27
2004;98200;98 Briesnitz;17 Briesnitz und westliche OS;StB 9 Cotta/westliche Ortschaften;Wahlbezirk_Urne;1404;105;576;0;547;203;63;111;61;20;29;0;0;60;29
2004;98300;98 Briesnitz;17 Briesnitz und westliche OS;StB 9 Cotta/westliche Ortschaften;Wahlbezirk_Urne;1268;111;498;0;472;206;51;77;37;24;31;0;0;46;26
2004;98401;98 Briesnitz;17 Briesnitz und westliche OS;StB 9 Cotta/westliche Ortschaften;Wahlbezirk_Urne;805;72;287;0;277;78;27;78;23;18;27;0;0;26;10
2004;98402;98 Briesnitz;17 Briesnitz und westliche OS;StB 9 Cotta/westliche Ortschaften;Wahlbezirk_Urne;857;63;287;0;279;91;26;70;38;13;20;0;0;21;8
2004;98500;98 Briesnitz;17 Briesnitz und westliche OS;StB 9 Cotta/westliche Ortschaften;Wahlbezirk_Urne;1303;110;575;0;556;222;52;106;64;37;21;0;0;54;19
2004;98600;98 Briesnitz;17 Briesnitz und westliche OS;StB 9 Cotta/westliche Ortschaften;Wahlbezirk_Urne;1277;77;549;0;527;180;53;85;63;43;36;0;0;67;22
2004;99010;99 Altfranken/Gompitz;17 Briesnitz und westliche OS;StB 9 Cotta/westliche Ortschaften;Wahlbezirk_Brief;0;0;239;239;226;87;23;41;27;15;9;0;0;24;13
2004;99110;99 Altfranken/Gompitz;17 Briesnitz und westliche OS;StB 9 Cotta/westliche Ortschaften;Wahlbezirk_Urne;1355;110;677;0;653;311;56;103;72;39;21;0;0;51;24
2004;99310;99 Altfranken/Gompitz;17 Briesnitz und westliche OS;StB 9 Cotta/westliche Ortschaften;Wahlbezirk_Urne;1180;72;535;0;508;197;43;115;33;37;27;0;0;56;27
2004;99810;99 Altfranken/Gompitz;17 Briesnitz und westliche OS;StB 9 Cotta/westliche Ortschaften;Wahlbezirk_Urne;889;66;399;1;381;169;36;76;31;24;14;0;0;31;18
2009;01000;01 Innere Altstadt;01 StB Altstadt ohne Johannstadt;StB 0 Altstadt;Wahlbezirk_Brief;0;0;149;149;146;36;21;34;23;17;3;0;0;12;3
2009;01100;01 Innere Altstadt;01 StB Altstadt ohne Johannstadt;StB 0 Altstadt;Wahlbezirk_Urne;1304;163;515;0;504;125;82;117;64;56;9;0;0;51;11
2009;02000;02 Pirnaische Vorstadt;01 StB Altstadt ohne Johannstadt;StB 0 Altstadt;Wahlbezirk_Brief;0;0;580;580;573;217;59;149;46;35;6;0;0;61;7
2009;02100;02 Pirnaische Vorstadt;01 StB Altstadt ohne Johannstadt;StB 0 Altstadt;Wahlbezirk_Urne;1522;187;540;0;527;127;83;137;62;41;12;0;0;65;13
2009;02200;02 Pirnaische Vorstadt;01 StB Altstadt ohne Johannstadt;StB 0 Altstadt;Wahlbezirk_Urne;1264;100;445;0;431;136;58;90;39;41;18;0;0;49;14
2009;02400;02 Pirnaische Vorstadt;01 StB Altstadt ohne Johannstadt;StB 0 Altstadt;Wahlbezirk_Urne;1458;209;505;0;496;210;55;107;36;30;8;0;0;50;9
2009;02500;02 Pirnaische Vorstadt;01 StB Altstadt ohne Johannstadt;StB 0 Altstadt;Wahlbezirk_Urne;742;118;260;0;257;101;27;63;10;19;8;0;0;29;3
2009;03000;03 Seevorstadt-Ost;01 StB Altstadt ohne Johannstadt;StB 0 Altstadt;Wahlbezirk_Brief;0;0;601;601;599;199;91;136;47;55;10;0;0;61;2
2009;03100;03 Seevorstadt-Ost;01 StB Altstadt ohne Johannstadt;StB 0 Altstadt;Wahlbezirk_Urne;1216;97;396;0;385;105;41;86;38;38;17;0;0;60;11
2009;03200;03 Seevorstadt-Ost;01 StB Altstadt ohne Johannstadt;StB 0 Altstadt;Wahlbezirk_Urne;1408;201;478;0;466;168;72;92;32;44;8;0;0;50;12
2009;03300;03 Seevorstadt-Ost;01 StB Altstadt ohne Johannstadt;StB 0 Altstadt;Wahlbezirk_Urne;1348;144;564;0;546;192;70;104;44;64;7;0;0;65;18
2009;03400;03 Seevorstadt-Ost;01 StB Altstadt ohne Johannstadt;StB 0 Altstadt;Wahlbezirk_Urne;1606;191;648;0;632;241;69;129;72;50;17;0;0;54;16
2009;04001;04 Wilsdruffer Vs./Seevs.-West;01 StB Altstadt ohne Johannstadt;StB 0 Altstadt;Wahlbezirk_Brief;0;0;484;484;477;159;47;143;47;30;7;0;0;44;7
2009;04002;04 Wilsdruffer Vs./Seevs.-West;01 StB Altstadt ohne Johannstadt;StB 0 Altstadt;Wahlbezirk_Brief;0;0;395;395;389;99;51;130;34;24;9;0;0;42;6
2009;04100;04 Wilsdruffer Vs./Seevs.-West;01 StB Altstadt ohne Johannstadt;StB 0 Altstadt;Wahlbezirk_Urne;774;142;282;0;280;83;41;33;42;40;7;0;0;34;2
2009;04200;04 Wilsdruffer Vs./Seevs.-West;01 StB Altstadt ohne Johannstadt;StB 0 Altstadt;Wahlbezirk_Urne;1091;205;340;0;329;90;57;91;28;19;8;0;0;36;11
2009;04300;04 Wilsdruffer Vs./Seevs.-West;01 StB Altstadt ohne Johannstadt;StB 0 Altstadt;Wahlbezirk_Urne;1363;157;495;0;480;158;47;141;35;29;20;0;0;50;15
2009;04400;04 Wilsdruffer Vs./Seevs.-West;01 StB Altstadt ohne Johannstadt;StB 0 Altstadt;Wahlbezirk_Urne;1154;149;367;1;353;107;50;87;34;23;13;0;0;39;14
2009;04500;04 Wilsdruffer Vs./Seevs.-West;01 StB Altstadt ohne Johannstadt;StB 0 Altstadt;Wahlbezirk_Urne;1111;109;465;0;445;120;64;134;25;38;9;0;0;55;20
2009;04600;04 Wilsdruffer Vs./Seevs.-West;01 StB Altstadt ohne Johannstadt;StB 0 Altstadt;Wahlbezirk_Urne;1026;160;436;0;426;138;42;114;23;32;9;0;0;68;10
2009;05000;05 Friedrichstadt;01 StB Altstadt ohne Johannstadt;StB 0 Altstadt;Wahlbezirk_Brief;0;0;332;332;331;86;50;70;51;28;6;0;0;40;1
2009;05100;05 Friedrichstadt;01 StB Altstadt ohne Johannstadt;StB 0 Altstadt;Wahlbezirk_Urne;1524;105;474;1;459;114;75;80;62;41;15;0;0;72;15
2009;05200;05 Friedrichstadt;01 StB Altstadt ohne Johannstadt;StB 0 Altstadt;Wahlbezirk_Urne;1810;116;525;0;517;86;84;86;109;47;23;0;0;82;8
2009;05300;05 Friedrichstadt;01 StB Altstadt ohne Johannstadt;StB 0 Altstadt;Wahlbezirk_Urne;1644;130;437;0;427;114;49;87;68;39;16;0;0;54;10
2009;06001;06 Johannstadt-Nord;02 Johannstadt;StB 0 Altstadt;Wahlbezirk_Brief;0;0;407;407;404;97;53;115;53;29;11;0;0;46;3
2009;06002;06 Johannstadt-Nord;02 Johannstadt;StB 0 Altstadt;Wahlbezirk_Brief;0;0;475;475;470;121;62;81;109;43;7;0;0;47;5
2009;06100;06 Johannstadt-Nord;02 Johannstadt;StB 0 Altstadt;Wahlbezirk_Urne;1293;125;578;0;560;200;70;154;25;37;18;0;0;56;18
2009;06200;06 Johannstadt-Nord;02 Johannstadt;StB 0 Altstadt;Wahlbezirk_Urne;1173;123;437;2;429;113;52;80;75;44;10;0;0;55;8
2009;06300;06 Johannstadt-Nord;02 Johannstadt;StB 0 Altstadt;Wahlbezirk_Urne;1013;80;363;1;354;101;47;117;13;22;13;0;0;41;9
2009;06400;06 Johannstadt-Nord;02 Johannstadt;StB 0 Altstadt;Wahlbezirk_Urne;1041;109;415;0;404;131;58;100;43;23;5;0;0;44;11
2009;06500;06 Johannstadt-Nord;02 Johannstadt;StB 0 Altstadt;Wahlbezirk_Urne;1603;199;704;0;689;144;105;109;188;57;13;0;0;73;15
2009;06600;06 Johannstadt-Nord;02 Johannstadt;StB 0 Altstadt;Wahlbezirk_Urne;1389;134;530;0;510;176;55;100;64;49;18;0;0;48;20
2009;06700;06 Johannstadt-Nord;02 Johannstadt;StB 0 Altstadt;Wahlbezirk_Urne;1460;178;460;0;456;116;66;65;94;55;7;0;0;53;4
2009;07001;07 Johannstadt-Süd;02 Johannstadt;StB 0 Altstadt;Wahlbezirk_Brief;0;0;564;564;556;238;49;136;46;36;14;0;0;37;8
2009;07002;07 Johannstadt-Süd;02 Johannstadt;StB 0 Altstadt;Wahlbezirk_Brief;0;0;640;640;628;182;56;225;44;52;17;0;0;52;12
2009;07100;07 Johannstadt-Süd;02 Johannstadt;StB 0 Altstadt;Wahlbezirk_Urne;1241;125;531;0;518;181;65;113;38;41;15;0;0;65;13
2009;07200;07 Johannstadt-Süd;02 Johannstadt;StB 0 Altstadt;Wahlbezirk_Urne;977;111;412;0;397;149;61;83;27;24;13;0;0;40;15
2009;07300;07 Johannstadt-Süd;02 Johannstadt;StB 0 Altstadt;Wahlbezirk_Urne;1272;161;469;0;460;181;62;107;26;32;14;0;0;38;9
2009;07401;07 Johannstadt-Süd;02 Johannstadt;StB 0 Altstadt;Wahlbezirk_Urne;946;124;348;0;332;143;36;81;15;21;11;0;0;25;16
2009;07402;07 Johannstadt-Süd;02 Johannstadt;StB 0 Altstadt;Wahlbezirk_Urne;767;83;312;0;303;117;34;70;18;25;6;0;0;33;9
2009;07500;07 Johannstadt-Süd;02 Johannstadt;StB 0 Altstadt;Wahlbezirk_Urne;1331;168;480;0;467;171;62;121;26;29;7;0;0;51;13
2009;07600;07 Johannstadt-Süd;02 Johannstadt;StB 0 Altstadt;Wahlbezirk_Urne;1047;155;372;0;356;104;47;118;18;20;15;0;0;34;16
2009;07700;07 Johannstadt-Süd;02 Johannstadt;StB 0 Altstadt;Wahlbezirk_Urne;990;126;382;0;368;91;56;122;30;25;9;0;0;35;14
2009;07800;07 Johannstadt-Süd;02 Johannstadt;StB 0 Altstadt;Wahlbezirk_Urne;1066;97;423;0;410;145;36;120;29;23;8;0;0;49;13
2009;07900;07 Johannstadt-Süd;02 Johannstadt;StB 0 Altstadt;Wahlbezirk_Urne;1039;135;398;1;383;134;41;107;25;18;9;0;0;49;15
2009;11001;11 Äußere Neustadt (Antonstadt);03 StB Neustadt ohne Leipziger Vorstadt;StB 1 Neustadt;Wahlbezirk_Brief;0;0;637;637;630;96;91;87;246;42;5;0;0;63;7
2009;11002;11 Äußere Neustadt (Antonstadt);03 StB Neustadt ohne Leipziger Vorstadt;StB 1 Neustadt;Wahlbezirk_Brief;0;0;612;612;607;72;87;55;297;39;7;0;0;50;5
2009;11100;11 Äußere Neustadt (Antonstadt);03 StB Neustadt ohne Leipziger Vorstadt;StB 1 Neustadt;Wahlbezirk_Urne;1444;133;660;2;654;97;88;73;274;39;4;0;0;79;6
2009;11200;11 Äußere Neustadt (Antonstadt);03 StB Neustadt ohne Leipziger Vorstadt;StB 1 Neustadt;Wahlbezirk_Urne;1320;149;590;0;582;75;95;72;233;38;2;0;0;67;8
2009;11300;11 Äußere Neustadt (Antonstadt);03 StB Neustadt ohne Leipziger Vorstadt;StB 1 Neustadt;Wahlbezirk_Urne;1478;138;597;1;587;82;98;68;208;44;7;0;0;80;10
2009;11400;11 Äußere Neustadt (Antonstadt);03 StB Neustadt ohne Leipziger Vorstadt;StB 1 Neustadt;Wahlbezirk_Urne;1422;135;605;3;592;81;76;59;222;42;7;0;0;105;13
2009;11500;11 Äußere Neustadt (Antonstadt);03 StB Neustadt ohne Leipziger Vorstadt;StB 1 Neustadt;Wahlbezirk_Urne;1520;165;722;3;708;86;83;77;296;56;2;0;0;108;14
2009;11601;11 Äußere Neustadt (Antonstadt);03 StB Neustadt ohne Leipziger Vorstadt;StB 1 Neustadt;Wahlbezirk_Urne;1152;145;560;1;557;67;79;47;268;26;9;0;0;61;3
2009;11602;11 Äußere Neustadt (Antonstadt);03 StB Neustadt ohne Leipziger Vorstadt;StB 1 Neustadt;Wahlbezirk_Urne;1216;165;563;5;559;63;74;63;244;48;8;0;0;59;4
2009;11700;11 Äußere Neustadt (Antonstadt);03 StB Neustadt ohne Leipziger Vorstadt;StB 1 Neustadt;Wahlbezirk_Urne;1488;178;723;0;709;60;86;101;327;43;4;0;0;88;14
2009;11800;11 Äußere Neustadt (Antonstadt);03 StB Neustadt ohne Leipziger Vorstadt;StB 1 Neustadt;Wahlbezirk_Urne;1307;133;559;2;550;75;62;71;213;31;10;0;0;88;9
2009;12000;12 Radeberger Vorstadt;03 StB Neustadt ohne Leipziger Vorstadt;StB 1 Neustadt;Wahlbezirk_Brief;0;0;643;643;626;162;44;134;166;58;6;0;0;56;17
2009;12100;12 Radeberger Vorstadt;03 StB Neustadt ohne Leipziger Vorstadt;StB 1 Neustadt;Wahlbezirk_Urne;967;128;520;3;510;110;48;61;185;55;3;0;0;48;10
2009;12201;12 Radeberger Vorstadt;03 StB Neustadt ohne Leipziger Vorstadt;StB 1 Neustadt;Wahlbezirk_Urne;1324;189;660;0;648;202;69;78;181;56;8;0;0;54;12
2009;12202;12 Radeberger Vorstadt;03 StB Neustadt ohne Leipziger Vorstadt;StB 1 Neustadt;Wahlbezirk_Urne;1174;153;526;2;516;142;46;75;126;71;6;0;0;50;10
2009;12300;12 Radeberger Vorstadt;03 StB Neustadt ohne Leipziger Vorstadt;StB 1 Neustadt;Wahlbezirk_Urne;1177;139;524;4;513;143;43;126;91;58;6;0;0;46;11
2009;12400;12 Radeberger Vorstadt;03 StB Neustadt ohne Leipziger Vorstadt;StB 1 Neustadt;Wahlbezirk_Urne;1457;83;498;0;472;98;36;157;49;45;15;0;0;72;26
2009;13000;13 Innere Neustadt;03 StB Neustadt ohne Leipziger Vorstadt;StB 1 Neustadt;Wahlbezirk_Brief;0;0;621;621;616;202;58;131;119;54;4;0;0;48;5
2009;13100;13 Innere Neustadt;03 StB Neustadt ohne Leipziger Vorstadt;StB 1 Neustadt;Wahlbezirk_Urne;1089;166;413;0;406;94;51;80;86;41;5;0;0;49;7
2009;13200;13 Innere Neustadt;03 StB Neustadt ohne Leipziger Vorstadt;StB 1 Neustadt;Wahlbezirk_Urne;1267;183;455;0;447;144;43;130;44;37;6;0;0;43;8
2009;13300;13 Innere Neustadt;03 StB Neustadt ohne Leipziger Vorstadt;StB 1 Neustadt;Wahlbezirk_Urne;1183;111;541;1;536;102;82;63;178;51;8;0;0;52;5
2009;13400;13 Innere Neustadt;03 StB Neustadt ohne Leipziger Vorstadt;StB 1 Neustadt;Wahlbezirk_Urne;1338;200;626;3;613;147;81;119;157;39;7;0;0;63;13
2009;14000;14 Leipziger Vorstadt;04 Leipziger Vorstadt, Pieschen;StB 1 Neustadt;Wahlbezirk_Brief;0;0;679;679;676;123;73;116;241;57;5;0;0;61;3
2009;14100;14 Leipziger Vorstadt;04 Leipziger Vorstadt, Pieschen;StB 1 Neustadt;Wahlbezirk_Urne;695;62;229;0;217;57;23;43;42;21;8;0;0;23;12
2009;14200;14 Leipziger Vorstadt;04 Leipziger Vorstadt, Pieschen;StB 1 Neustadt;Wahlbezirk_Urne;1517;128;610;0;603;78;93;86;201;38;10;0;0;97;7
2009;14300;14 Leipziger Vorstadt;04 Leipziger Vorstadt, Pieschen;StB 1 Neustadt;Wahlbezirk_Urne;1562;140;662;3;646;69;97;120;210;34;10;0;0;106;16
2009;14401;14 Leipziger Vorstadt;04 Leipziger Vorstadt, Pieschen;StB 1 Neustadt;Wahlbezirk_Urne;1088;85;498;0;490;44;62;71;178;31;8;0;0;96;8
2009;14402;14 Leipziger Vorstadt;04 Leipziger Vorstadt, Pieschen;StB 1 Neustadt;Wahlbezirk_Urne;1076;93;524;0;510;66;79;64;193;24;6;0;0;78;14
2009;14500;14 Leipziger Vorstadt;04 Leipziger Vorstadt, Pieschen;StB 1 Neustadt;Wahlbezirk_Urne;1313;119;533;1;521;75;67;112;125;47;7;0;0;88;12
2009;14600;14 Leipziger Vorstadt;04 Leipziger Vorstadt, Pieschen;StB 1 Neustadt;Wahlbezirk_Urne;1339;117;510;0;499;159;42;119;58;41;16;0;0;64;11
2009;15000;15 Albertstadt;03 StB Neustadt ohne Leipziger Vorstadt;StB 1 Neustadt;Wahlbezirk_Brief;0;0;159;159;156;31;19;46;23;11;4;0;0;22;3
2009;15100;15 Albertstadt;03 StB Neustadt ohne Leipziger Vorstadt;StB 1 Neustadt;Wahlbezirk_Urne;828;77;234;0;225;57;17;33;62;16;3;0;0;37;9
2009;15300;15 Albertstadt;03 StB Neustadt ohne Leipziger Vorstadt;StB 1 Neustadt;Wahlbezirk_Urne;875;87;356;2;345;105;25;65;67;34;10;0;0;39;11
2009;21000;21 Pieschen-Süd;04 Leipziger Vorstadt, Pieschen;StB 2 Pieschen;Wahlbezirk_Brief;0;0;491;491;487;100;68;71;133;52;11;0;0;52;4
2009;21100;21 Pieschen-Süd;04 Leipziger Vorstadt, Pieschen;StB 2 Pieschen;Wahlbezirk_Urne;1199;76;433;0;425;70;58;74;106;35;18;0;0;64;8
2009;21200;21 Pieschen-Süd;04 Leipziger Vorstadt, Pieschen;StB 2 Pieschen;Wahlbezirk_Urne;1396;83;510;0;502;106;55;81;100;64;11;0;0;85;8
2009;21301;21 Pieschen-Süd;04 Leipziger Vorstadt, Pieschen;StB 2 Pieschen;Wahlbezirk_Urne;1282;72;405;1;395;81;58;70;85;40;6;0;0;55;10
2009;21302;21 Pieschen-Süd;04 Leipziger Vorstadt, Pieschen;StB 2 Pieschen;Wahlbezirk_Urne;1435;103;428;0;420;83;49;63;91;38;14;0;0;82;8
2009;21400;21 Pieschen-Süd;04 Leipziger Vorstadt, Pieschen;StB 2 Pieschen;Wahlbezirk_Urne;1383;86;484;0;472;120;54;63;114;39;15;0;0;67;12
2009;21500;21 Pieschen-Süd;04 Leipziger Vorstadt, Pieschen;StB 2 Pieschen;Wahlbezirk_Urne;1377;95;407;0;400;82;46;74;71;42;18;0;0;67;7
2009;22000;22 Mickten;05 Mickten, Kaditz, Trachau;StB 2 Pieschen;Wahlbezirk_Brief;0;0;595;595;582;199;60;111;63;60;22;0;0;67;13
2009;22100;22 Mickten;05 Mickten, Kaditz, Trachau;StB 2 Pieschen;Wahlbezirk_Urne;1443;82;532;0;519;140;59;108;71;51;17;0;0;73;13
2009;22200;22 Mickten;05 Mickten, Kaditz, Trachau;StB 2 Pieschen;Wahlbezirk_Urne;1143;69;341;0;320;118;35;68;34;27;10;0;0;28;21
2009;22300;22 Mickten;05 Mickten, Kaditz, Trachau;StB 2 Pieschen;Wahlbezirk_Urne;1186;47;379;0;366;114;36;91;22;29;17;0;0;57;13
2009;22400;22 Mickten;05 Mickten, Kaditz, Trachau;StB 2 Pieschen;Wahlbezirk_Urne;980;79;369;0;356;110;43;90;26;30;26;0;0;31;13
2009;22501;22 Mickten;05 Mickten, Kaditz, Trachau;StB 2 Pieschen;Wahlbezirk_Urne;1465;97;524;2;503;170;56;76;48;64;21;0;0;68;21
2009;22502;22 Mickten;05 Mickten, Kaditz, Trachau;StB 2 Pieschen;Wahlbezirk_Urne;1439;120;440;0;420;122;34;90;62;56;11;0;0;45;20
2009;22600;22 Mickten;05 Mickten, Kaditz, Trachau;StB 2 Pieschen;Wahlbezirk_Urne;1033;55;383;0;375;154;30;63;34;34;13;0;0;47;8
2009;22700;22 Mickten;05 Mickten, Kaditz, Trachau;StB 2 Pieschen;Wahlbezirk_Urne;1043;85;425;0;418;147;42;81;45;52;12;0;0;39;7
2009;23000;23 Kaditz;05 Mickten, Kaditz, Trachau;StB 2 Pieschen;Wahlbezirk_Brief;0;0;280;280;278;128;21;46;14;23;11;0;0;35;2
2009;23100;23 Kaditz;05 Mickten, Kaditz, Trachau;StB 2 Pieschen;Wahlbezirk_Urne;1053;57;308;0;303;112;28;64;28;30;18;0;0;23;5
2009;23200;23 Kaditz;05 Mickten, Kaditz, Trachau;StB 2 Pieschen;Wahlbezirk_Urne;1311;85;315;0;307;78;43;59;32;31;16;0;0;48;8
2009;23300;23 Kaditz;05 Mickten, Kaditz, Trachau;StB 2 Pieschen;Wahlbezirk_Urne;1084;108;430;0;425;197;29;75;22;41;16;0;0;45;5
2009;23400;23 Kaditz;05 Mickten, Kaditz, Trachau;StB 2 Pieschen;Wahlbezirk_Urne;1117;58;430;0;411;170;37;62;17;54;15;0;0;56;19
2009;24001;24 Trachau;05 Mickten, Kaditz, Trachau;StB 2 Pieschen;Wahlbezirk_Brief;0;0;380;380;377;113;38;57;89;27;11;0;0;42;3
2009;24002;24 Trachau;05 Mickten, Kaditz, Trachau;StB 2 Pieschen;Wahlbezirk_Brief;0;0;321;321;317;105;26;81;32;31;4;0;0;38;4
2009;24100;24 Trachau;05 Mickten, Kaditz, Trachau;StB 2 Pieschen;Wahlbezirk_Urne;940;50;328;0;314;93;42;46;42;33;4;0;0;54;14
2009;24200;24 Trachau;05 Mickten, Kaditz, Trachau;StB 2 Pieschen;Wahlbezirk_Urne;1085;109;558;0;546;159;77;70;119;60;5;0;0;56;12
2009;24300;24 Trachau;05 Mickten, Kaditz, Trachau;StB 2 Pieschen;Wahlbezirk_Urne;1095;132;538;2;529;177;47;104;98;48;10;0;0;45;9
2009;24400;24 Trachau;05 Mickten, Kaditz, Trachau;StB 2 Pieschen;Wahlbezirk_Urne;1322;104;564;0;556;166;57;102;105;55;15;0;0;56;8
2009;24500;24 Trachau;05 Mickten, Kaditz, Trachau;StB 2 Pieschen;Wahlbezirk_Urne;812;75;331;0;323;115;33;62;35;29;11;0;0;38;8
2009;24600;24 Trachau;05 Mickten, Kaditz, Trachau;StB 2 Pieschen;Wahlbezirk_Urne;771;76;276;0;269;89;37;52;24;26;6;0;0;35;7
2009;24700;24 Trachau;05 Mickten, Kaditz, Trachau;StB 2 Pieschen;Wahlbezirk_Urne;1147;93;455;0;442;144;46;98;44;44;21;0;0;45;13
2009;24800;24 Trachau;05 Mickten, Kaditz, Trachau;StB 2 Pieschen;Wahlbezirk_Urne;1074;97;485;0;479;173;64;81;46;58;6;0;0;51;6
2009;25000;25 Pieschen-N/Trachenberge;04 Leipziger Vorstadt, Pieschen;StB 2 Pieschen;Wahlbezirk_Brief;0;0;704;704;691;222;77;128;102;63;23;0;0;76;13
2009;25100;25 Pieschen-N/Trachenberge;04 Leipziger Vorstadt, Pieschen;StB 2 Pieschen;Wahlbezirk_Urne;1346;76;459;0;447;139;35;80;64;43;15;0;0;71;12
2009;25200;25 Pieschen-N/Trachenberge;04 Leipziger Vorstadt, Pieschen;StB 2 Pieschen;Wahlbezirk_Urne;1244;82;380;0;374;114;45;60;44;43;11;0;0;57;6
2009;25300;25 Pieschen-N/Trachenberge;04 Leipziger Vorstadt, Pieschen;StB 2 Pieschen;Wahlbezirk_Urne;1243;99;486;0;466;155;50;88;39;58;17;0;0;59;20
2009;25400;25 Pieschen-N/Trachenberge;04 Leipziger Vorstadt, Pieschen;StB 2 Pieschen;Wahlbezirk_Urne;1587;101;517;0;501;140;57;90;62;73;17;0;0;62;16
2009;25500;25 Pieschen-N/Trachenberge;04 Leipziger Vorstadt, Pieschen;StB 2 Pieschen;Wahlbezirk_Urne;1618;110;531;0;517;149;69;73;79;61;14;0;0;72;14
2009;25600;25 Pieschen-N/Trachenberge;04 Leipziger Vorstadt, Pieschen;StB 2 Pieschen;Wahlbezirk_Urne;910;96;326;0;319;108;42;59;34;27;14;0;0;35;7
2009;25700;25 Pieschen-N/Trachenberge;04 Leipziger Vorstadt, Pieschen;StB 2 Pieschen;Wahlbezirk_Urne;1611;191;574;0;564;159;59;123;81;60;15;0;0;67;10
2009;31001;31 Klotzsche;06 StB Klotzsche und nördliche OS;StB 3 Klotzsche/nördliche Ortschaften;Wahlbezirk_Brief;0;0;369;369;367;133;39;92;38;26;3;0;0;36;2
2009;31002;31 Klotzsche;06 StB Klotzsche und nördliche OS;StB 3 Klotzsche/nördliche Ortschaften;Wahlbezirk_Brief;0;0;500;500;497;180;31;103;48;58;16;0;0;61;3
2009;31100;31 Klotzsche;06 StB Klotzsche und nördliche OS;StB 3 Klotzsche/nördliche Ortschaften;Wahlbezirk_Urne;1555;132;649;2;633;210;70;91;112;72;15;0;0;63;16
2009;31200;31 Klotzsche;06 StB Klotzsche und nördliche OS;StB 3 Klotzsche/nördliche Ortschaften;Wahlbezirk_Urne;1481;98;595;0;580;191;76;120;40;58;14;0;0;81;15
2009;31300;31 Klotzsche;06 StB Klotzsche und nördliche OS;StB 3 Klotzsche/nördliche Ortschaften;Wahlbezirk_Urne;1127;72;500;1;481;178;45;111;23;46;12;0;0;66;19
2009;31400;31 Klotzsche;06 StB Klotzsche und nördliche OS;StB 3 Klotzsche/nördliche Ortschaften;Wahlbezirk_Urne;1143;95;530;0;522;197;34;94;52;77;15;0;0;53;8
2009;31500;31 Klotzsche;06 StB Klotzsche und nördliche OS;StB 3 Klotzsche/nördliche Ortschaften;Wahlbezirk_Urne;1043;94;478;1;464;165;49;54;67;57;11;0;0;61;14
2009;31601;31 Klotzsche;06 StB Klotzsche und nördliche OS;StB 3 Klotzsche/nördliche Ortschaften;Wahlbezirk_Urne;1087;96;514;0;505;190;52;87;51;52;14;0;0;59;9
2009;31602;31 Klotzsche;06 StB Klotzsche und nördliche OS;StB 3 Klotzsche/nördliche Ortschaften;Wahlbezirk_Urne;994;124;507;0;498;195;39;57;81;59;15;0;0;52;9
2009;31701;31 Klotzsche;06 StB Klotzsche und nördliche OS;StB 3 Klotzsche/nördliche Ortschaften;Wahlbezirk_Urne;1004;81;411;0;403;127;45;104;34;32;19;0;0;42;8
2009;31702;31 Klotzsche;06 StB Klotzsche und nördliche OS;StB 3 Klotzsche/nördliche Ortschaften;Wahlbezirk_Urne;950;65;379;0;367;132;38;84;23;28;11;0;0;51;12
2009;31800;31 Klotzsche;06 StB Klotzsche und nördliche OS;StB 3 Klotzsche/nördliche Ortschaften;Wahlbezirk_Urne;869;57;305;1;294;81;32;76;27;24;14;0;0;40;11
2009;32000;32 Hellerau/Wilschdorf;06 StB Klotzsche und nördliche OS;StB 3 Klotzsche/nördliche Ortschaften;Wahlbezirk_Brief;0;0;428;428;421;153;38;78;56;40;14;0;0;42;7
2009;32100;32 Hellerau/Wilschdorf;06 StB Klotzsche und nördliche OS;StB 3 Klotzsche/nördliche Ortschaften;Wahlbezirk_Urne;1456;125;628;0;607;258;47;91;51;69;35;0;0;56;21
2009;32201;32 Hellerau/Wilschdorf;06 StB Klotzsche und nördliche OS;StB 3 Klotzsche/nördliche Ortschaften;Wahlbezirk_Urne;896;56;366;0;354;174;24;38;18;50;12;0;0;38;12
2009;32202;32 Hellerau/Wilschdorf;06 StB Klotzsche und nördliche OS;StB 3 Klotzsche/nördliche Ortschaften;Wahlbezirk_Urne;831;85;317;0;307;125;24;68;17;33;9;0;0;31;10
2009;32300;32 Hellerau/Wilschdorf;06 StB Klotzsche und nördliche OS;StB 3 Klotzsche/nördliche Ortschaften;Wahlbezirk_Urne;913;84;504;0;488;192;52;86;60;49;9;0;0;40;16
2009;32400;32 Hellerau/Wilschdorf;06 StB Klotzsche und nördliche OS;StB 3 Klotzsche/nördliche Ortschaften;Wahlbezirk_Urne;1174;106;635;0;623;196;74;93;123;67;16;0;0;54;12
2009;35010;35 Weixdorf;06 StB Klotzsche und nördliche OS;StB 3 Klotzsche/nördliche Ortschaften;Wahlbezirk_Brief;0;0;257;257;254;100;25;46;20;34;5;0;0;24;3
2009;35110;35 Weixdorf;06 StB Klotzsche und nördliche OS;StB 3 Klotzsche/nördliche Ortschaften;Wahlbezirk_Urne;1263;81;669;2;644;267;64;89;58;64;24;0;0;78;25
2009;35310;35 Weixdorf;06 StB Klotzsche und nördliche OS;StB 3 Klotzsche/nördliche Ortschaften;Wahlbezirk_Urne;1038;75;516;1;495;219;50;57;42;43;31;0;0;53;21
2009;35410;35 Weixdorf;06 StB Klotzsche und nördliche OS;StB 3 Klotzsche/nördliche Ortschaften;Wahlbezirk_Urne;1246;70;647;1;620;248;58;83;71;61;30;0;0;69;27
2009;35510;35 Weixdorf;06 StB Klotzsche und nördliche OS;StB 3 Klotzsche/nördliche Ortschaften;Wahlbezirk_Urne;1135;56;572;0;550;249;53;75;40;57;28;0;0;48;22
2009;35610;35 Weixdorf;06 StB Klotzsche und nördliche OS;StB 3 Klotzsche/nördliche Ortschaften;Wahlbezirk_Urne;252;4;115;0;110;54;7;8;10;11;4;0;0;16;5
2009;36010;36 Langebrück/Schönborn;06 StB Klotzsche und nördliche OS;StB 3 Klotzsche/nördliche Ortschaften;Wahlbezirk_Brief;0;0;229;229;227;91;24;35;40;17;1;0;0;19;2
2009;36110;36 Langebrück/Schönborn;06 StB Klotzsche und nördliche OS;StB 3 Klotzsche/nördliche Ortschaften;Wahlbezirk_Urne;956;62;504;1;485;212;38;55;41;62;21;0;0;56;19
2009;36210;36 Langebrück/Schönborn;06 StB Klotzsche und nördliche OS;StB 3 Klotzsche/nördliche Ortschaften;Wahlbezirk_Urne;1169;76;661;3;643;245;80;79;86;67;14;0;0;72;18
2009;36310;36 Langebrück/Schönborn;06 StB Klotzsche und nördliche OS;StB 3 Klotzsche/nördliche Ortschaften;Wahlbezirk_Urne;861;105;485;2;476;168;46;91;52;52;9;0;0;58;9
2009;36410;36 Langebrück/Schönborn;06 StB Klotzsche und nördliche OS;StB 3 Klotzsche/nördliche Ortschaften;Wahlbezirk_Urne;398;23;285;0;274;109;24;35;19;36;11;0;0;40;11
2009;41000;41 Loschwitz/Wachwitz;07 StB Loschwitz und OS Schönfeld-Weißig;StB 4 Loschwitz/OS Schönfeld-Weißig;Wahlbezirk_Brief;0;0;616;616;610;213;51;87;113;89;8;0;0;49;6
2009;41100;41 Loschwitz/Wachwitz;07 StB Loschwitz und OS Schönfeld-Weißig;StB 4 Loschwitz/OS Schönfeld-Weißig;Wahlbezirk_Urne;1300;216;664;0;651;219;58;82;160;72;16;0;0;44;13
2009;41200;41 Loschwitz/Wachwitz;07 StB Loschwitz und OS Schönfeld-Weißig;StB 4 Loschwitz/OS Schönfeld-Weißig;Wahlbezirk_Urne;1176;152;597;1;589;218;49;67;136;68;7;0;0;44;8
2009;41300;41 Loschwitz/Wachwitz;07 StB Loschwitz und OS Schönfeld-Weißig;StB 4 Loschwitz/OS Schönfeld-Weißig;Wahlbezirk_Urne;828;129;437;0;435;168;50;35;88;58;7;0;0;29;2
2009;41400;41 Loschwitz/Wachwitz;07 StB Loschwitz und OS Schönfeld-Weißig;StB 4 Loschwitz/OS Schönfeld-Weißig;Wahlbezirk_Urne;1007;169;430;2;420;142;49;45;105;45;5;0;0;29;10
2009;42001;42 Bühlau/Weißer Hirsch;07 StB Loschwitz und OS Schönfeld-Weißig;StB 4 Loschwitz/OS Schönfeld-Weißig;Wahlbezirk_Brief;0;0;508;508;498;184;46;67;96;54;8;0;0;43;10
2009;42002;42 Bühlau/Weißer Hirsch;07 StB Loschwitz und OS Schönfeld-Weißig;StB 4 Loschwitz/OS Schönfeld-Weißig;Wahlbezirk_Brief;0;0;552;552;543;211;58;84;84;51;5;0;0;50;9
2009;42100;42 Bühlau/Weißer Hirsch;07 StB Loschwitz und OS Schönfeld-Weißig;StB 4 Loschwitz/OS Schönfeld-Weißig;Wahlbezirk_Urne;1262;180;594;3;587;184;84;64;139;68;7;0;0;41;7
2009;42200;42 Bühlau/Weißer Hirsch;07 StB Loschwitz und OS Schönfeld-Weißig;StB 4 Loschwitz/OS Schönfeld-Weißig;Wahlbezirk_Urne;1376;187;710;0;701;271;71;81;136;89;4;0;0;49;9
2009;42400;42 Bühlau/Weißer Hirsch;07 StB Loschwitz und OS Schönfeld-Weißig;StB 4 Loschwitz/OS Schönfeld-Weißig;Wahlbezirk_Urne;1235;174;636;1;619;269;56;73;110;51;7;0;0;53;17
2009;42500;42 Bühlau/Weißer Hirsch;07 StB Loschwitz und OS Schönfeld-Weißig;StB 4 Loschwitz/OS Schönfeld-Weißig;Wahlbezirk_Urne;1186;133;573;0;561;244;48;85;76;52;12;0;0;44;12
2009;42600;42 Bühlau/Weißer Hirsch;07 StB Loschwitz und OS Schönfeld-Weißig;StB 4 Loschwitz/OS Schönfeld-Weißig;Wahlbezirk_Urne;1002;119;495;2;487;197;60;52;70;49;14;0;0;45;8
2009;42700;42 Bühlau/Weißer Hirsch;07 StB Loschwitz und OS Schönfeld-Weißig;StB 4 Loschwitz/OS Schönfeld-Weißig;Wahlbezirk_Urne;1200;157;590;0;572;215;65;76;84;63;28;0;0;41;18
2009;42800;42 Bühlau/Weißer Hirsch;07 StB Loschwitz und OS Schönfeld-Weißig;StB 4 Loschwitz/OS Schönfeld-Weißig;Wahlbezirk_Urne;712;84;343;0;333;113;36;59;52;25;11;0;0;37;10
2009;42900;42 Bühlau/Weißer Hirsch;07 StB Loschwitz und OS Schönfeld-Weißig;StB 4 Loschwitz/OS Schönfeld-Weißig;Wahlbezirk_Urne;693;82;339;0;336;132;31;54;42;40;5;0;0;32;3
2009;43000;43 Hosterwitz/Pillnitz;07 StB Loschwitz und OS Schönfeld-Weißig;StB 4 Loschwitz/OS Schönfeld-Weißig;Wahlbezirk_Brief;0;0;289;289;286;96;29;43;56;28;8;0;0;26;3
2009;43100;43 Hosterwitz/Pillnitz;07 StB Loschwitz und OS Schönfeld-Weißig;StB 4 Loschwitz/OS Schönfeld-Weißig;Wahlbezirk_Urne;505;59;259;0;253;87;13;30;61;25;10;0;0;27;6
2009;43200;43 Hosterwitz/Pillnitz;07 StB Loschwitz und OS Schönfeld-Weißig;StB 4 Loschwitz/OS Schönfeld-Weißig;Wahlbezirk_Urne;949;116;455;2;445;133;40;88;85;37;11;0;0;51;10
2009;43300;43 Hosterwitz/Pillnitz;07 StB Loschwitz und OS Schönfeld-Weißig;StB 4 Loschwitz/OS Schönfeld-Weißig;Wahlbezirk_Urne;569;61;301;0;299;84;49;43;64;25;8;0;0;26;2
2009;43400;43 Hosterwitz/Pillnitz;07 StB Loschwitz und OS Schönfeld-Weißig;StB 4 Loschwitz/OS Schönfeld-Weißig;Wahlbezirk_Urne;796;84;336;0;326;117;29;61;61;27;3;0;0;28;10
2009;45010;45 Weißig;07 StB Loschwitz und OS Schönfeld-Weißig;StB 4 Loschwitz/OS Schönfeld-Weißig;Wahlbezirk_Brief;0;0;405;405;386;152;38;72;32;48;7;0;0;37;19
2009;45110;45 Weißig;07 StB Loschwitz und OS Schönfeld-Weißig;StB 4 Loschwitz/OS Schönfeld-Weißig;Wahlbezirk_Urne;981;97;536;0;527;229;52;70;52;67;10;0;0;47;9
2009;45210;45 Weißig;07 StB Loschwitz und OS Schönfeld-Weißig;StB 4 Loschwitz/OS Schönfeld-Weißig;Wahlbezirk_Urne;853;79;373;1;360;161;45;40;22;45;16;0;0;31;13
2009;45310;45 Weißig;07 StB Loschwitz und OS Schönfeld-Weißig;StB 4 Loschwitz/OS Schönfeld-Weißig;Wahlbezirk_Urne;1406;89;483;0;464;201;62;76;12;56;21;0;0;36;19
2009;45410;45 Weißig;07 StB Loschwitz und OS Schönfeld-Weißig;StB 4 Loschwitz/OS Schönfeld-Weißig;Wahlbezirk_Urne;829;85;411;1;393;182;31;28;35;66;18;0;0;33;18
2009;45510;45 Weißig;07 StB Loschwitz und OS Schönfeld-Weißig;StB 4 Loschwitz/OS Schönfeld-Weißig;Wahlbezirk_Urne;599;82;283;0;271;134;21;36;29;17;10;0;0;24;12
2009;46010;46 Gönnsdorf/Pappritz;07 StB Loschwitz und OS Schönfeld-Weißig;StB 4 Loschwitz/OS Schönfeld-Weißig;Wahlbezirk_Brief;0;0;289;289;287;119;24;44;35;36;7;0;0;22;2
2009;46010;47 Schönfeld/Schullwitz;07 StB Loschwitz und OS Schönfeld-Weißig;StB 4 Loschwitz/OS Schönfeld-Weißig;Wahlbezirk_Brief;0;0;213;213;212;88;18;33;25;27;5;0;0;16;1
2009;46110;46 Gönnsdorf/Pappritz;07 StB Loschwitz und OS Schönfeld-Weißig;StB 4 Loschwitz/OS Schönfeld-Weißig;Wahlbezirk_Urne;765;74;416;0;403;190;36;52;27;59;6;0;0;33;13
2009;46210;46 Gönnsdorf/Pappritz;07 StB Loschwitz und OS Schönfeld-Weißig;StB 4 Loschwitz/OS Schönfeld-Weißig;Wahlbezirk_Urne;831;103;469;0;459;215;30;57;42;53;12;0;0;50;10
2009;46310;46 Gönnsdorf/Pappritz;07 StB Loschwitz und OS Schönfeld-Weißig;StB 4 Loschwitz/OS Schönfeld-Weißig;Wahlbezirk_Urne;728;83;438;0;420;149;42;68;68;51;11;0;0;31;18
2009;46410;46 Gönnsdorf/Pappritz;07 StB Loschwitz und OS Schönfeld-Weißig;StB 4 Loschwitz/OS Schönfeld-Weißig;Wahlbezirk_Urne;779;53;401;0;395;173;23;53;49;53;16;0;0;28;6
2009;47110;47 Schönfeld/Schullwitz;07 StB Loschwitz und OS Schönfeld-Weißig;StB 4 Loschwitz/OS Schönfeld-Weißig;Wahlbezirk_Urne;1027;95;535;0;513;264;38;57;40;54;13;0;0;47;22
2009;47210;47 Schönfeld/Schullwitz;07 StB Loschwitz und OS Schönfeld-Weißig;StB 4 Loschwitz/OS Schönfeld-Weißig;Wahlbezirk_Urne;1100;89;492;0;480;243;24;59;22;66;30;0;0;36;12
2009;47310;47 Schönfeld/Schullwitz;07 StB Loschwitz und OS Schönfeld-Weißig;StB 4 Loschwitz/OS Schönfeld-Weißig;Wahlbezirk_Urne;543;47;255;0;251;118;19;19;32;28;11;0;0;24;4
2009;51001;51 Blasewitz;08 Blasewitz, Striesen;StB 5 Blasewitz;Wahlbezirk_Brief;0;0;587;587;578;237;40;80;106;69;5;0;0;41;9
2009;51002;51 Blasewitz;08 Blasewitz, Striesen;StB 5 Blasewitz;Wahlbezirk_Brief;0;0;242;242;241;76;14;39;60;34;5;0;0;13;1
2009;51100;51 Blasewitz;08 Blasewitz, Striesen;StB 5 Blasewitz;Wahlbezirk_Urne;1250;167;565;2;556;211;58;59;79;83;8;0;0;58;9
2009;51200;51 Blasewitz;08 Blasewitz, Striesen;StB 5 Blasewitz;Wahlbezirk_Urne;1492;212;635;0;621;246;77;80;90;67;11;0;0;50;14
2009;51400;51 Blasewitz;08 Blasewitz, Striesen;StB 5 Blasewitz;Wahlbezirk_Urne;1117;110;595;3;586;210;63;74;113;68;16;0;0;42;9
2009;51500;51 Blasewitz;08 Blasewitz, Striesen;StB 5 Blasewitz;Wahlbezirk_Urne;1142;142;518;1;508;148;61;60;106;82;5;0;0;46;10
2009;51600;51 Blasewitz;08 Blasewitz, Striesen;StB 5 Blasewitz;Wahlbezirk_Urne;1193;121;656;0;643;226;61;84;144;74;7;0;0;47;13
2009;51700;51 Blasewitz;08 Blasewitz, Striesen;StB 5 Blasewitz;Wahlbezirk_Urne;1403;150;598;2;588;180;53;73;137;78;14;0;0;53;10
2009;52001;52 Striesen-Ost;08 Blasewitz, Striesen;StB 5 Blasewitz;Wahlbezirk_Brief;0;0;780;780;771;230;97;89;200;88;7;0;0;60;9
2009;52002;52 Striesen-Ost;08 Blasewitz, Striesen;StB 5 Blasewitz;Wahlbezirk_Brief;0;0;407;407;400;131;50;42;103;41;2;0;0;31;7
2009;52100;52 Striesen-Ost;08 Blasewitz, Striesen;StB 5 Blasewitz;Wahlbezirk_Urne;1100;168;534;0;529;153;57;50;148;54;9;0;0;58;5
2009;52200;52 Striesen-Ost;08 Blasewitz, Striesen;StB 5 Blasewitz;Wahlbezirk_Urne;1308;167;632;1;620;175;83;80;152;79;7;0;0;44;12
2009;52300;52 Striesen-Ost;08 Blasewitz, Striesen;StB 5 Blasewitz;Wahlbezirk_Urne;1463;216;744;3;737;199;92;83;236;74;6;0;0;47;7
2009;52400;52 Striesen-Ost;08 Blasewitz, Striesen;StB 5 Blasewitz;Wahlbezirk_Urne;1348;148;683;0;673;226;77;75;165;73;11;0;0;46;10
2009;52500;52 Striesen-Ost;08 Blasewitz, Striesen;StB 5 Blasewitz;Wahlbezirk_Urne;1777;220;792;0;781;273;75;78;166;101;16;0;0;72;11
2009;52600;52 Striesen-Ost;08 Blasewitz, Striesen;StB 5 Blasewitz;Wahlbezirk_Urne;1563;182;672;0;664;171;92;91;167;71;13;0;0;59;8
2009;52700;52 Striesen-Ost;08 Blasewitz, Striesen;StB 5 Blasewitz;Wahlbezirk_Urne;1756;157;644;0;626;203;73;108;72;71;19;0;0;80;18
2009;53001;53 Striesen-Süd;08 Blasewitz, Striesen;StB 5 Blasewitz;Wahlbezirk_Brief;0;0;459;459;452;149;48;106;66;37;8;0;0;38;7
2009;53002;53 Striesen-Süd;08 Blasewitz, Striesen;StB 5 Blasewitz;Wahlbezirk_Brief;0;0;471;471;462;152;47;111;61;34;16;0;0;41;9
2009;53100;53 Striesen-Süd;08 Blasewitz, Striesen;StB 5 Blasewitz;Wahlbezirk_Urne;1026;160;514;0;506;170;67;63;108;49;10;0;0;39;8
2009;53200;53 Striesen-Süd;08 Blasewitz, Striesen;StB 5 Blasewitz;Wahlbezirk_Urne;1014;127;426;0;413;97;56;99;60;43;5;0;0;53;13
2009;53300;53 Striesen-Süd;08 Blasewitz, Striesen;StB 5 Blasewitz;Wahlbezirk_Urne;1741;239;529;1;521;167;62;124;41;56;19;0;0;52;8
2009;53400;53 Striesen-Süd;08 Blasewitz, Striesen;StB 5 Blasewitz;Wahlbezirk_Urne;1546;159;699;0;686;238;80;163;59;63;18;0;0;65;13
2009;53600;53 Striesen-Süd;08 Blasewitz, Striesen;StB 5 Blasewitz;Wahlbezirk_Urne;959;89;416;0;410;146;55;70;48;30;7;0;0;54;6
2009;53700;53 Striesen-Süd;08 Blasewitz, Striesen;StB 5 Blasewitz;Wahlbezirk_Urne;1257;125;440;2;429;147;45;74;59;44;17;0;0;43;11
2009;53800;53 Striesen-Süd;08 Blasewitz, Striesen;StB 5 Blasewitz;Wahlbezirk_Urne;1052;95;443;1;436;139;60;66;60;50;9;0;0;52;7
2009;54001;54 Striesen-West;08 Blasewitz, Striesen;StB 5 Blasewitz;Wahlbezirk_Brief;0;0;541;541;523;198;71;85;73;40;8;0;0;48;18
2009;54002;54 Striesen-West;08 Blasewitz, Striesen;StB 5 Blasewitz;Wahlbezirk_Brief;0;0;430;430;429;173;34;64;78;37;9;0;0;34;1
2009;54100;54 Striesen-West;08 Blasewitz, Striesen;StB 5 Blasewitz;Wahlbezirk_Urne;1514;156;690;1;670;203;102;127;109;63;4;0;0;62;20
2009;54200;54 Striesen-West;08 Blasewitz, Striesen;StB 5 Blasewitz;Wahlbezirk_Urne;1201;87;575;1;559;164;67;95;105;57;11;0;0;60;16
2009;54300;54 Striesen-West;08 Blasewitz, Striesen;StB 5 Blasewitz;Wahlbezirk_Urne;1367;158;579;0;560;193;69;111;51;51;20;0;0;65;19
2009;54400;54 Striesen-West;08 Blasewitz, Striesen;StB 5 Blasewitz;Wahlbezirk_Urne;1361;171;547;0;533;219;65;103;44;42;11;0;0;49;14
2009;54501;54 Striesen-West;08 Blasewitz, Striesen;StB 5 Blasewitz;Wahlbezirk_Urne;1298;134;634;0;619;247;70;92;67;66;14;0;0;63;15
2009;54502;54 Striesen-West;08 Blasewitz, Striesen;StB 5 Blasewitz;Wahlbezirk_Urne;1532;146;649;0;632;224;66;89;93;71;29;0;0;60;17
2009;54600;54 Striesen-West;08 Blasewitz, Striesen;StB 5 Blasewitz;Wahlbezirk_Urne;1695;167;690;0;670;230;91;118;83;48;26;0;0;74;20
2009;55001;55 Tolkewitz/Seidnitz-Nord;09 Tolkewitz, Seidnitz, Gruna;StB 5 Blasewitz;Wahlbezirk_Brief;0;0;396;396;389;143;37;85;36;37;7;0;0;44;7
2009;55002;55 Tolkewitz/Seidnitz-Nord;09 Tolkewitz, Seidnitz, Gruna;StB 5 Blasewitz;Wahlbezirk_Brief;0;0;347;347;341;104;45;107;23;25;5;0;0;32;6
2009;55100;55 Tolkewitz/Seidnitz-Nord;09 Tolkewitz, Seidnitz, Gruna;StB 5 Blasewitz;Wahlbezirk_Urne;1692;127;746;0;732;247;90;100;101;84;26;0;0;84;14
2009;55200;55 Tolkewitz/Seidnitz-Nord;09 Tolkewitz, Seidnitz, Gruna;StB 5 Blasewitz;Wahlbezirk_Urne;1706;147;714;0;692;235;78;113;83;78;28;0;0;77;22
2009;55300;55 Tolkewitz/Seidnitz-Nord;09 Tolkewitz, Seidnitz, Gruna;StB 5 Blasewitz;Wahlbezirk_Urne;1586;141;623;0;599;237;58;134;32;59;20;0;0;59;24
2009;55400;55 Tolkewitz/Seidnitz-Nord;09 Tolkewitz, Seidnitz, Gruna;StB 5 Blasewitz;Wahlbezirk_Urne;1536;129;549;0;525;169;57;138;31;43;26;0;0;61;24
2009;55600;55 Tolkewitz/Seidnitz-Nord;09 Tolkewitz, Seidnitz, Gruna;StB 5 Blasewitz;Wahlbezirk_Urne;1093;114;375;0;363;107;33;107;19;28;22;0;0;47;12
2009;55800;55 Tolkewitz/Seidnitz-Nord;09 Tolkewitz, Seidnitz, Gruna;StB 5 Blasewitz;Wahlbezirk_Urne;1434;125;513;0;501;164;57;105;49;54;16;0;0;56;12
2009;56001;56 Seidnitz/Dobritz;09 Tolkewitz, Seidnitz, Gruna;StB 5 Blasewitz;Wahlbezirk_Brief;0;0;434;434;427;150;51;104;30;33;12;0;0;47;7
2009;56002;56 Seidnitz/Dobritz;09 Tolkewitz, Seidnitz, Gruna;StB 5 Blasewitz;Wahlbezirk_Brief;0;0;421;421;411;164;29;101;27;42;6;0;0;42;10
2009;56100;56 Seidnitz/Dobritz;09 Tolkewitz, Seidnitz, Gruna;StB 5 Blasewitz;Wahlbezirk_Urne;1384;116;483;0;470;149;56;105;32;48;28;0;0;52;13
2009;56200;56 Seidnitz/Dobritz;09 Tolkewitz, Seidnitz, Gruna;StB 5 Blasewitz;Wahlbezirk_Urne;923;59;358;0;352;115;36;85;10;52;24;0;0;30;6
2009;56300;56 Seidnitz/Dobritz;09 Tolkewitz, Seidnitz, Gruna;StB 5 Blasewitz;Wahlbezirk_Urne;1426;102;491;0;481;162;47;101;29;52;25;0;0;65;10
2009;56401;56 Seidnitz/Dobritz;09 Tolkewitz, Seidnitz, Gruna;StB 5 Blasewitz;Wahlbezirk_Urne;1396;128;540;0;522;206;41;97;49;66;11;0;0;52;18
2009;56402;56 Seidnitz/Dobritz;09 Tolkewitz, Seidnitz, Gruna;StB 5 Blasewitz;Wahlbezirk_Urne;932;53;373;0;361;141;25;86;26;29;8;0;0;46;12
2009;56501;56 Seidnitz/Dobritz;09 Tolkewitz, Seidnitz, Gruna;StB 5 Blasewitz;Wahlbezirk_Urne;1078;109;443;2;436;147;37;106;34;37;21;0;0;54;7
2009;56502;56 Seidnitz/Dobritz;09 Tolkewitz, Seidnitz, Gruna;StB 5 Blasewitz;Wahlbezirk_Urne;961;93;388;3;368;137;44;67;13;53;13;0;0;41;20
2009;56600;56 Seidnitz/Dobritz;09 Tolkewitz, Seidnitz, Gruna;StB 5 Blasewitz;Wahlbezirk_Urne;1306;83;413;0;406;148;46;83;12;53;14;0;0;50;7
2009;56800;56 Seidnitz/Dobritz;09 Tolkewitz, Seidnitz, Gruna;StB 5 Blasewitz;Wahlbezirk_Urne;879;78;369;0;361;113;44;96;14;41;4;0;0;49;8
2009;56900;56 Seidnitz/Dobritz;09 Tolkewitz, Seidnitz, Gruna;StB 5 Blasewitz;Wahlbezirk_Urne;1061;98;371;0;362;117;36;78;24;33;10;0;0;64;9
2009;57001;57 Gruna;09 Tolkewitz, Seidnitz, Gruna;StB 5 Blasewitz;Wahlbezirk_Brief;0;0;568;568;562;185;57;142;57;43;13;0;0;65;6
2009;57002;57 Gruna;09 Tolkewitz, Seidnitz, Gruna;StB 5 Blasewitz;Wahlbezirk_Brief;0;0;636;636;631;245;71;121;72;52;12;0;0;58;5
2009;57100;57 Gruna;09 Tolkewitz, Seidnitz, Gruna;StB 5 Blasewitz;Wahlbezirk_Urne;1357;163;487;0;468;156;56;113;40;38;7;0;0;58;19
2009;57200;57 Gruna;09 Tolkewitz, Seidnitz, Gruna;StB 5 Blasewitz;Wahlbezirk_Urne;1532;147;648;3;635;156;71;166;91;67;10;0;0;74;13
2009;57301;57 Gruna;09 Tolkewitz, Seidnitz, Gruna;StB 5 Blasewitz;Wahlbezirk_Urne;934;77;427;0;415;152;42;72;41;38;20;0;0;50;12
2009;57302;57 Gruna;09 Tolkewitz, Seidnitz, Gruna;StB 5 Blasewitz;Wahlbezirk_Urne;834;86;397;0;385;132;46;61;54;42;8;0;0;42;12
2009;57400;57 Gruna;09 Tolkewitz, Seidnitz, Gruna;StB 5 Blasewitz;Wahlbezirk_Urne;1284;115;553;0;533;170;58;111;66;46;15;0;0;67;20
2009;57500;57 Gruna;09 Tolkewitz, Seidnitz, Gruna;StB 5 Blasewitz;Wahlbezirk_Urne;1279;147;497;0;489;157;46;118;50;45;15;0;0;58;8
2009;57600;57 Gruna;09 Tolkewitz, Seidnitz, Gruna;StB 5 Blasewitz;Wahlbezirk_Urne;1333;154;480;0;472;165;42;94;42;62;15;0;0;52;8
2009;57700;57 Gruna;09 Tolkewitz, Seidnitz, Gruna;StB 5 Blasewitz;Wahlbezirk_Urne;935;137;383;0;379;121;46;72;67;33;7;0;0;33;4
2009;57800;57 Gruna;09 Tolkewitz, Seidnitz, Gruna;StB 5 Blasewitz;Wahlbezirk_Urne;1354;243;507;0;500;229;52;83;45;40;7;0;0;44;7
2009;61001;61 Leuben;10 StB Leuben;StB 6 Leuben;Wahlbezirk_Brief;0;0;342;342;337;113;39;77;21;35;6;0;0;46;5
2009;61002;61 Leuben;10 StB Leuben;StB 6 Leuben;Wahlbezirk_Brief;0;0;349;349;347;108;24;122;21;18;14;0;0;40;2
2009;61100;61 Leuben;10 StB Leuben;StB 6 Leuben;Wahlbezirk_Urne;957;61;400;0;383;138;45;78;35;42;10;0;0;35;17
2009;61200;61 Leuben;10 StB Leuben;StB 6 Leuben;Wahlbezirk_Urne;1056;72;372;2;363;138;33;52;27;66;16;0;0;31;9
2009;61300;61 Leuben;10 StB Leuben;StB 6 Leuben;Wahlbezirk_Urne;1641;92;603;1;586;192;69;152;32;49;26;0;0;66;17
2009;61400;61 Leuben;10 StB Leuben;StB 6 Leuben;Wahlbezirk_Urne;940;39;302;0;291;123;35;45;23;24;11;0;0;30;11
2009;61500;61 Leuben;10 StB Leuben;StB 6 Leuben;Wahlbezirk_Urne;1336;103;518;1;494;181;57;109;29;53;14;0;0;51;24
2009;61600;61 Leuben;10 StB Leuben;StB 6 Leuben;Wahlbezirk_Urne;1059;112;377;0;365;128;52;87;21;20;12;0;0;45;12
2009;61700;61 Leuben;10 StB Leuben;StB 6 Leuben;Wahlbezirk_Urne;1146;99;363;1;352;132;49;79;10;27;20;0;0;35;11
2009;61800;61 Leuben;10 StB Leuben;StB 6 Leuben;Wahlbezirk_Urne;773;80;222;0;213;64;21;76;3;14;16;0;0;19;9
2009;61900;61 Leuben;10 StB Leuben;StB 6 Leuben;Wahlbezirk_Urne;1056;85;306;1;298;91;23;73;14;38;18;0;0;41;8
2009;62001;62 Laubegast;10 StB Leuben;StB 6 Leuben;Wahlbezirk_Brief;0;0;369;369;362;125;26;85;41;39;14;0;0;32;7
2009;62002;62 Laubegast;10 StB Leuben;StB 6 Leuben;Wahlbezirk_Brief;0;0;450;450;443;141;50;83;65;43;12;0;0;49;7
2009;62100;62 Laubegast;10 StB Leuben;StB 6 Leuben;Wahlbezirk_Urne;1654;135;728;0;707;243;82;111;78;89;30;0;0;74;21
2009;62200;62 Laubegast;10 StB Leuben;StB 6 Leuben;Wahlbezirk_Urne;1149;86;513;0;501;195;46;92;47;50;17;0;0;54;12
2009;62301;62 Laubegast;10 StB Leuben;StB 6 Leuben;Wahlbezirk_Urne;904;64;363;0;348;136;33;61;44;30;11;0;0;33;15
2009;62302;62 Laubegast;10 StB Leuben;StB 6 Leuben;Wahlbezirk_Urne;1095;105;449;0;433;181;53;75;25;38;13;0;0;48;16
2009;62400;62 Laubegast;10 StB Leuben;StB 6 Leuben;Wahlbezirk_Urne;1279;106;587;1;579;155;59;74;129;75;22;0;0;65;8
2009;62501;62 Laubegast;10 StB Leuben;StB 6 Leuben;Wahlbezirk_Urne;1314;126;550;0;532;203;58;64;71;77;14;0;0;45;18
2009;62502;62 Laubegast;10 StB Leuben;StB 6 Leuben;Wahlbezirk_Urne;1174;119;516;1;496;202;47;94;31;46;21;0;0;55;20
2009;62600;62 Laubegast;10 StB Leuben;StB 6 Leuben;Wahlbezirk_Urne;1512;134;661;0;647;235;68;120;77;64;19;0;0;64;14
2009;63000;63 Kleinzschachwitz;10 StB Leuben;StB 6 Leuben;Wahlbezirk_Brief;0;0;684;684;675;287;74;99;74;73;14;0;0;54;9
2009;63101;63 Kleinzschachwitz;10 StB Leuben;StB 6 Leuben;Wahlbezirk_Urne;1012;104;418;0;407;150;43;62;48;53;13;0;0;38;11
2009;63102;63 Kleinzschachwitz;10 StB Leuben;StB 6 Leuben;Wahlbezirk_Urne;1028;115;502;1;496;200;55;48;59;75;8;0;0;51;6
2009;63200;63 Kleinzschachwitz;10 StB Leuben;StB 6 Leuben;Wahlbezirk_Urne;937;87;437;0;430;171;38;57;60;57;10;0;0;37;7
2009;63301;63 Kleinzschachwitz;10 StB Leuben;StB 6 Leuben;Wahlbezirk_Urne;1135;92;541;0;529;233;33;70;58;78;14;0;0;43;12
2009;63302;63 Kleinzschachwitz;10 StB Leuben;StB 6 Leuben;Wahlbezirk_Urne;865;82;386;0;375;173;34;45;37;39;9;0;0;38;11
2009;63401;63 Kleinzschachwitz;10 StB Leuben;StB 6 Leuben;Wahlbezirk_Urne;978;151;433;0;424;193;27;42;65;53;11;0;0;33;9
2009;63402;63 Kleinzschachwitz;10 StB Leuben;StB 6 Leuben;Wahlbezirk_Urne;1106;101;484;0;471;185;42;69;44;59;18;0;0;54;13
2009;64000;64 Großzschachwitz;10 StB Leuben;StB 6 Leuben;Wahlbezirk_Brief;0;0;310;310;304;108;31;69;23;28;5;0;0;40;6
2009;64100;64 Großzschachwitz;10 StB Leuben;StB 6 Leuben;Wahlbezirk_Urne;1067;51;402;0;394;165;42;54;27;45;21;0;0;40;8
2009;64200;64 Großzschachwitz;10 StB Leuben;StB 6 Leuben;Wahlbezirk_Urne;932;63;332;0;317;109;35;72;16;22;21;0;0;42;15
2009;64300;64 Großzschachwitz;10 StB Leuben;StB 6 Leuben;Wahlbezirk_Urne;857;50;327;0;314;91;27;69;21;42;15;0;0;49;13
2009;64400;64 Großzschachwitz;10 StB Leuben;StB 6 Leuben;Wahlbezirk_Urne;993;79;410;0;398;130;40;91;35;28;23;0;0;51;12
2009;64500;64 Großzschachwitz;10 StB Leuben;StB 6 Leuben;Wahlbezirk_Urne;1321;90;504;0;485;190;46;64;43;59;27;0;0;56;19
2009;71000;71 Prohlis-Nord;11 Prohlis, Reick (mit Sternhäuser, Am Koitschgraben);StB 7 Prohlis;Wahlbezirk_Brief;0;0;344;344;339;121;21;90;18;21;25;0;0;43;5
2009;71100;71 Prohlis-Nord;11 Prohlis, Reick (mit Sternhäuser, Am Koitschgraben);StB 7 Prohlis;Wahlbezirk_Urne;978;107;430;0;415;129;56;89;30;42;11;0;0;58;15
2009;71200;71 Prohlis-Nord;11 Prohlis, Reick (mit Sternhäuser, Am Koitschgraben);StB 7 Prohlis;Wahlbezirk_Urne;1844;114;499;0;487;140;57;122;32;47;38;0;0;51;12
2009;71400;71 Prohlis-Nord;11 Prohlis, Reick (mit Sternhäuser, Am Koitschgraben);StB 7 Prohlis;Wahlbezirk_Urne;922;60;342;1;330;85;44;82;20;41;16;0;0;42;12
2009;71500;71 Prohlis-Nord;11 Prohlis, Reick (mit Sternhäuser, Am Koitschgraben);StB 7 Prohlis;Wahlbezirk_Urne;1272;79;386;0;372;130;44;97;6;21;22;0;0;52;14
2009;72000;72 Prohlis-Süd;11 Prohlis, Reick (mit Sternhäuser, Am Koitschgraben);StB 7 Prohlis;Wahlbezirk_Brief;0;0;382;382;375;135;32;129;17;16;5;0;0;41;7
2009;72100;72 Prohlis-Süd;11 Prohlis, Reick (mit Sternhäuser, Am Koitschgraben);StB 7 Prohlis;Wahlbezirk_Urne;831;53;301;0;294;91;31;88;10;23;24;0;0;27;7
2009;72200;72 Prohlis-Süd;11 Prohlis, Reick (mit Sternhäuser, Am Koitschgraben);StB 7 Prohlis;Wahlbezirk_Urne;1099;63;326;0;320;95;35;93;17;24;12;0;0;44;6
2009;72300;72 Prohlis-Süd;11 Prohlis, Reick (mit Sternhäuser, Am Koitschgraben);StB 7 Prohlis;Wahlbezirk_Urne;1550;80;436;1;423;136;44;107;19;36;26;0;0;55;13
2009;72500;72 Prohlis-Süd;11 Prohlis, Reick (mit Sternhäuser, Am Koitschgraben);StB 7 Prohlis;Wahlbezirk_Urne;1529;73;435;0;416;153;40;99;19;29;37;0;0;39;19
2009;72700;72 Prohlis-Süd;11 Prohlis, Reick (mit Sternhäuser, Am Koitschgraben);StB 7 Prohlis;Wahlbezirk_Urne;933;72;294;0;287;87;24;83;17;19;15;0;0;42;7
2009;72800;72 Prohlis-Süd;11 Prohlis, Reick (mit Sternhäuser, Am Koitschgraben);StB 7 Prohlis;Wahlbezirk_Urne;963;71;241;0;236;71;33;56;15;22;15;0;0;24;5
2009;73011;73 Niedersedlitz;11 Prohlis, Reick (mit Sternhäuser, Am Koitschgraben);StB 7 Prohlis;Wahlbezirk_Brief;0;0;0;0;0;0;0;0;0;0;0;0;0;0;0
2009;73012;73 Niedersedlitz;12 Niedersedlitz, Leubnitz, Strehlen (ohne Sternhäuser, Am Koitschgraben);StB 7 Prohlis;Wahlbezirk_Brief;0;0;348;348;345;138;36;70;24;33;5;0;0;39;3
2009;73101;73 Niedersedlitz;12 Niedersedlitz, Leubnitz, Strehlen (ohne Sternhäuser, Am Koitschgraben);StB 7 Prohlis;Wahlbezirk_Urne;1338;102;603;0;594;237;67;83;57;74;19;0;0;57;9
2009;73102;73 Niedersedlitz;12 Niedersedlitz, Leubnitz, Strehlen (ohne Sternhäuser, Am Koitschgraben);StB 7 Prohlis;Wahlbezirk_Urne;1326;88;606;0;588;237;48;92;55;66;22;0;0;68;18
2009;73200;73 Niedersedlitz;12 Niedersedlitz, Leubnitz, Strehlen (ohne Sternhäuser, Am Koitschgraben);StB 7 Prohlis;Wahlbezirk_Urne;1075;99;449;0;434;180;42;59;46;50;15;0;0;42;15
2009;73300;73 Niedersedlitz;12 Niedersedlitz, Leubnitz, Strehlen (ohne Sternhäuser, Am Koitschgraben);StB 7 Prohlis;Wahlbezirk_Urne;1070;83;423;0;409;179;38;74;21;37;19;0;0;41;14
2009;74000;74 Lockwitz;12 Niedersedlitz, Leubnitz, Strehlen (ohne Sternhäuser, Am Koitschgraben);StB 7 Prohlis;Wahlbezirk_Brief;0;0;361;361;357;150;34;63;32;37;5;0;0;36;4
2009;74100;74 Lockwitz;12 Niedersedlitz, Leubnitz, Strehlen (ohne Sternhäuser, Am Koitschgraben);StB 7 Prohlis;Wahlbezirk_Urne;643;52;258;0;251;88;16;30;7;53;22;0;0;35;7
2009;74201;74 Lockwitz;12 Niedersedlitz, Leubnitz, Strehlen (ohne Sternhäuser, Am Koitschgraben);StB 7 Prohlis;Wahlbezirk_Urne;929;107;418;0;409;165;36;63;23;62;11;0;0;49;9
2009;74202;74 Lockwitz;12 Niedersedlitz, Leubnitz, Strehlen (ohne Sternhäuser, Am Koitschgraben);StB 7 Prohlis;Wahlbezirk_Urne;1097;68;524;0;508;207;42;70;48;65;18;0;0;58;16
2009;74301;74 Lockwitz;12 Niedersedlitz, Leubnitz, Strehlen (ohne Sternhäuser, Am Koitschgraben);StB 7 Prohlis;Wahlbezirk_Urne;1170;83;565;0;551;229;53;80;41;74;21;0;0;53;14
2009;74302;74 Lockwitz;12 Niedersedlitz, Leubnitz, Strehlen (ohne Sternhäuser, Am Koitschgraben);StB 7 Prohlis;Wahlbezirk_Urne;1289;74;630;0;617;234;68;122;40;77;22;0;0;54;13
2009;75001;75 Leubnitz-Neuostra;12 Niedersedlitz, Leubnitz, Strehlen (ohne Sternhäuser, Am Koitschgraben);StB 7 Prohlis;Wahlbezirk_Brief;0;0;608;608;604;235;76;119;56;46;13;0;0;59;4
2009;75002;75 Leubnitz-Neuostra;12 Niedersedlitz, Leubnitz, Strehlen (ohne Sternhäuser, Am Koitschgraben);StB 7 Prohlis;Wahlbezirk_Brief;0;0;612;612;603;233;66;131;51;53;15;0;0;54;9
2009;75100;75 Leubnitz-Neuostra;12 Niedersedlitz, Leubnitz, Strehlen (ohne Sternhäuser, Am Koitschgraben);StB 7 Prohlis;Wahlbezirk_Urne;1125;98;501;0;492;165;73;77;42;53;18;0;0;64;9
2009;75201;75 Leubnitz-Neuostra;12 Niedersedlitz, Leubnitz, Strehlen (ohne Sternhäuser, Am Koitschgraben);StB 7 Prohlis;Wahlbezirk_Urne;1062;134;548;0;540;232;69;65;74;49;13;0;0;38;8
2009;75202;75 Leubnitz-Neuostra;12 Niedersedlitz, Leubnitz, Strehlen (ohne Sternhäuser, Am Koitschgraben);StB 7 Prohlis;Wahlbezirk_Urne;1273;142;487;0;468;188;41;81;39;60;11;0;0;48;19
2009;75300;75 Leubnitz-Neuostra;12 Niedersedlitz, Leubnitz, Strehlen (ohne Sternhäuser, Am Koitschgraben);StB 7 Prohlis;Wahlbezirk_Urne;994;58;285;1;278;61;40;80;11;36;18;0;0;32;7
2009;75500;75 Leubnitz-Neuostra;12 Niedersedlitz, Leubnitz, Strehlen (ohne Sternhäuser, Am Koitschgraben);StB 7 Prohlis;Wahlbezirk_Urne;1008;95;506;0;500;199;50;78;77;47;11;0;0;38;6
2009;75600;75 Leubnitz-Neuostra;12 Niedersedlitz, Leubnitz, Strehlen (ohne Sternhäuser, Am Koitschgraben);StB 7 Prohlis;Wahlbezirk_Urne;1160;134;448;0;438;161;48;81;46;46;11;0;0;45;10
2009;75700;75 Leubnitz-Neuostra;12 Niedersedlitz, Leubnitz, Strehlen (ohne Sternhäuser, Am Koitschgraben);StB 7 Prohlis;Wahlbezirk_Urne;1233;140;459;0;448;153;63;93;39;40;10;0;0;50;11
2009;75800;75 Leubnitz-Neuostra;12 Niedersedlitz, Leubnitz, Strehlen (ohne Sternhäuser, Am Koitschgraben);StB 7 Prohlis;Wahlbezirk_Urne;1393;127;558;2;539;186;65;128;26;66;15;0;0;53;19
2009;75901;75 Leubnitz-Neuostra;12 Niedersedlitz, Leubnitz, Strehlen (ohne Sternhäuser, Am Koitschgraben);StB 7 Prohlis;Wahlbezirk_Urne;706;107;317;0;311;115;43;65;30;21;5;0;0;32;6
2009;75902;75 Leubnitz-Neuostra;12 Niedersedlitz, Leubnitz, Strehlen (ohne Sternhäuser, Am Koitschgraben);StB 7 Prohlis;Wahlbezirk_Urne;964;128;413;2;407;133;47;61;61;61;3;0;0;41;6
2009;75903;75 Leubnitz-Neuostra;12 Niedersedlitz, Leubnitz, Strehlen (ohne Sternhäuser, Am Koitschgraben);StB 7 Prohlis;Wahlbezirk_Urne;1006;144;416;0;408;160;51;56;48;47;16;0;0;30;8
2009;76011;76 Strehlen;11 Prohlis, Reick (mit Sternhäuser, Am Koitschgraben);StB 7 Prohlis;Wahlbezirk_Brief;0;0;123;123;120;37;15;25;20;10;2;0;0;12;3
2009;76012;76 Strehlen;12 Niedersedlitz, Leubnitz, Strehlen (ohne Sternhäuser, Am Koitschgraben);StB 7 Prohlis;Wahlbezirk_Brief;0;0;625;625;612;187;79;125;100;50;10;0;0;60;13
2009;76100;76 Strehlen;12 Niedersedlitz, Leubnitz, Strehlen (ohne Sternhäuser, Am Koitschgraben);StB 7 Prohlis;Wahlbezirk_Urne;922;151;370;0;365;128;47;56;59;37;9;0;0;29;5
2009;76200;76 Strehlen;12 Niedersedlitz, Leubnitz, Strehlen (ohne Sternhäuser, Am Koitschgraben);StB 7 Prohlis;Wahlbezirk_Urne;1260;128;591;1;582;198;67;93;77;64;13;0;0;70;9
2009;76300;76 Strehlen;12 Niedersedlitz, Leubnitz, Strehlen (ohne Sternhäuser, Am Koitschgraben);StB 7 Prohlis;Wahlbezirk_Urne;1181;113;565;0;559;125;89;80;115;77;16;0;0;57;6
2009;76400;76 Strehlen;12 Niedersedlitz, Leubnitz, Strehlen (ohne Sternhäuser, Am Koitschgraben);StB 7 Prohlis;Wahlbezirk_Urne;574;95;248;1;240;93;27;39;25;29;4;0;0;23;8
2009;76500;76 Strehlen;12 Niedersedlitz, Leubnitz, Strehlen (ohne Sternhäuser, Am Koitschgraben);StB 7 Prohlis;Wahlbezirk_Urne;1507;197;562;0;544;197;65;82;58;62;13;0;0;67;18
2009;76600;76 Strehlen;11 Prohlis, Reick (mit Sternhäuser, Am Koitschgraben);StB 7 Prohlis;Wahlbezirk_Urne;1244;82;414;0;406;108;38;103;36;51;28;0;0;42;8
2009;76700;76 Strehlen;11 Prohlis, Reick (mit Sternhäuser, Am Koitschgraben);StB 7 Prohlis;Wahlbezirk_Urne;1456;52;358;0;350;67;41;73;17;54;30;0;0;68;8
2009;77000;77 Reick;12 Niedersedlitz, Leubnitz, Strehlen (ohne Sternhäuser, Am Koitschgraben);StB 7 Prohlis;Wahlbezirk_Brief;0;0;382;382;379;132;39;102;25;31;12;0;0;38;3
2009;77100;77 Reick;12 Niedersedlitz, Leubnitz, Strehlen (ohne Sternhäuser, Am Koitschgraben);StB 7 Prohlis;Wahlbezirk_Urne;1429;143;483;0;468;150;54;101;25;54;24;0;0;60;15
2009;77200;77 Reick;12 Niedersedlitz, Leubnitz, Strehlen (ohne Sternhäuser, Am Koitschgraben);StB 7 Prohlis;Wahlbezirk_Urne;1805;226;614;0;584;220;57;119;30;71;26;0;0;61;30
2009;77300;77 Reick;12 Niedersedlitz, Leubnitz, Strehlen (ohne Sternhäuser, Am Koitschgraben);StB 7 Prohlis;Wahlbezirk_Urne;1161;43;280;0;274;90;27;54;25;24;19;0;0;35;6
2009;81001;81 Südvorstadt-West;13 Südvorstadt, Zschertnitz;StB 8 Plauen;Wahlbezirk_Brief;0;0;584;584;574;180;62;130;66;51;7;0;0;78;10
2009;81002;81 Südvorstadt-West;13 Südvorstadt, Zschertnitz;StB 8 Plauen;Wahlbezirk_Brief;0;0;462;462;457;164;65;76;68;39;3;0;0;42;5
2009;81100;81 Südvorstadt-West;13 Südvorstadt, Zschertnitz;StB 8 Plauen;Wahlbezirk_Urne;1080;76;439;0;429;97;46;128;26;50;17;0;0;65;10
2009;81200;81 Südvorstadt-West;13 Südvorstadt, Zschertnitz;StB 8 Plauen;Wahlbezirk_Urne;1576;198;724;0;702;221;104;137;79;75;12;0;0;74;22
2009;81400;81 Südvorstadt-West;13 Südvorstadt, Zschertnitz;StB 8 Plauen;Wahlbezirk_Urne;1602;214;617;0;603;181;73;110;77;66;14;0;0;82;14
2009;81500;81 Südvorstadt-West;13 Südvorstadt, Zschertnitz;StB 8 Plauen;Wahlbezirk_Urne;1143;125;455;0;446;141;74;70;49;49;10;0;0;53;9
2009;81700;81 Südvorstadt-West;13 Südvorstadt, Zschertnitz;StB 8 Plauen;Wahlbezirk_Urne;1638;205;666;1;656;185;75;112;115;62;20;0;0;87;10
2009;81800;81 Südvorstadt-West;13 Südvorstadt, Zschertnitz;StB 8 Plauen;Wahlbezirk_Urne;1043;111;448;0;439;138;49;70;76;38;9;0;0;59;9
2009;81900;81 Südvorstadt-West;13 Südvorstadt, Zschertnitz;StB 8 Plauen;Wahlbezirk_Urne;1105;175;480;0;466;147;78;76;79;37;10;0;0;39;14
2009;82000;82 Südvorstadt-Ost;13 Südvorstadt, Zschertnitz;StB 8 Plauen;Wahlbezirk_Brief;0;0;518;518;509;159;80;87;79;36;14;0;0;54;9
2009;82100;82 Südvorstadt-Ost;13 Südvorstadt, Zschertnitz;StB 8 Plauen;Wahlbezirk_Urne;1068;90;423;0;417;90;60;113;39;48;14;0;0;53;6
2009;82200;82 Südvorstadt-Ost;13 Südvorstadt, Zschertnitz;StB 8 Plauen;Wahlbezirk_Urne;1092;143;460;0;447;121;62;85;61;46;19;0;0;53;13
2009;82300;82 Südvorstadt-Ost;13 Südvorstadt, Zschertnitz;StB 8 Plauen;Wahlbezirk_Urne;1002;137;477;0;469;125;73;93;86;50;4;0;0;38;8
2009;82400;82 Südvorstadt-Ost;13 Südvorstadt, Zschertnitz;StB 8 Plauen;Wahlbezirk_Urne;1494;179;555;0;548;163;98;71;77;58;8;0;0;73;7
2009;83001;83 Räcknitz/Zschertnitz;13 Südvorstadt, Zschertnitz;StB 8 Plauen;Wahlbezirk_Brief;0;0;469;469;459;183;35;92;59;38;7;0;0;45;10
2009;83002;83 Räcknitz/Zschertnitz;13 Südvorstadt, Zschertnitz;StB 8 Plauen;Wahlbezirk_Brief;0;0;449;449;437;175;40;89;53;28;3;0;0;49;12
2009;83100;83 Räcknitz/Zschertnitz;13 Südvorstadt, Zschertnitz;StB 8 Plauen;Wahlbezirk_Urne;983;136;461;1;448;141;55;63;74;43;13;0;0;59;13
2009;83200;83 Räcknitz/Zschertnitz;13 Südvorstadt, Zschertnitz;StB 8 Plauen;Wahlbezirk_Urne;863;91;323;0;310;70;63;64;34;34;12;0;0;33;13
2009;83300;83 Räcknitz/Zschertnitz;13 Südvorstadt, Zschertnitz;StB 8 Plauen;Wahlbezirk_Urne;1223;119;539;2;524;186;63;106;40;49;20;0;0;60;15
2009;83400;83 Räcknitz/Zschertnitz;13 Südvorstadt, Zschertnitz;StB 8 Plauen;Wahlbezirk_Urne;1597;222;709;2;688;246;84;157;65;53;19;0;0;64;21
2009;83500;83 Räcknitz/Zschertnitz;13 Südvorstadt, Zschertnitz;StB 8 Plauen;Wahlbezirk_Urne;1266;121;500;0;483;132;69;118;34;41;29;0;0;60;17
2009;83700;83 Räcknitz/Zschertnitz;13 Südvorstadt, Zschertnitz;StB 8 Plauen;Wahlbezirk_Urne;1018;126;417;0;406;143;60;97;31;27;12;0;0;36;11
2009;83800;83 Räcknitz/Zschertnitz;13 Südvorstadt, Zschertnitz;StB 8 Plauen;Wahlbezirk_Urne;1081;151;449;0;439;161;59;83;55;39;9;0;0;33;10
2009;84000;84 Kleinpestitz/Mockritz;14 Mockritz, Coschütz, Plauen;StB 8 Plauen;Wahlbezirk_Brief;0;0;630;630;621;217;60;138;67;61;14;0;0;64;9
2009;84100;84 Kleinpestitz/Mockritz;14 Mockritz, Coschütz, Plauen;StB 8 Plauen;Wahlbezirk_Urne;1293;121;573;0;551;193;75;126;31;46;27;0;0;53;22
2009;84200;84 Kleinpestitz/Mockritz;14 Mockritz, Coschütz, Plauen;StB 8 Plauen;Wahlbezirk_Urne;949;68;403;0;396;109;51;104;34;40;12;0;0;46;7
2009;84300;84 Kleinpestitz/Mockritz;14 Mockritz, Coschütz, Plauen;StB 8 Plauen;Wahlbezirk_Urne;1235;130;460;0;448;172;49;95;15;45;21;0;0;51;12
2009;84400;84 Kleinpestitz/Mockritz;14 Mockritz, Coschütz, Plauen;StB 8 Plauen;Wahlbezirk_Urne;581;55;252;0;246;99;31;19;22;30;11;0;0;34;6
2009;84501;84 Kleinpestitz/Mockritz;14 Mockritz, Coschütz, Plauen;StB 8 Plauen;Wahlbezirk_Urne;1273;173;641;0;635;251;89;72;88;64;8;0;0;63;6
2009;84502;84 Kleinpestitz/Mockritz;14 Mockritz, Coschütz, Plauen;StB 8 Plauen;Wahlbezirk_Urne;1054;146;421;3;413;161;47;70;36;34;17;0;0;48;8
2009;85000;85 Coschütz/Gittersee;14 Mockritz, Coschütz, Plauen;StB 8 Plauen;Wahlbezirk_Brief;0;0;408;408;404;146;37;74;54;44;5;0;0;44;4
2009;85100;85 Coschütz/Gittersee;14 Mockritz, Coschütz, Plauen;StB 8 Plauen;Wahlbezirk_Urne;1444;188;607;0;589;218;63;103;73;55;16;0;0;61;18
2009;85200;85 Coschütz/Gittersee;14 Mockritz, Coschütz, Plauen;StB 8 Plauen;Wahlbezirk_Urne;1461;142;602;0;587;231;64;81;80;63;20;0;0;48;15
2009;85301;85 Coschütz/Gittersee;14 Mockritz, Coschütz, Plauen;StB 8 Plauen;Wahlbezirk_Urne;863;67;333;0;325;94;39;59;33;50;19;0;0;31;8
2009;85302;85 Coschütz/Gittersee;14 Mockritz, Coschütz, Plauen;StB 8 Plauen;Wahlbezirk_Urne;886;48;363;0;347;156;34;60;24;40;5;0;0;28;16
2009;86001;86 Plauen;14 Mockritz, Coschütz, Plauen;StB 8 Plauen;Wahlbezirk_Brief;0;0;522;522;516;152;79;87;101;41;2;0;0;54;6
2009;86002;86 Plauen;14 Mockritz, Coschütz, Plauen;StB 8 Plauen;Wahlbezirk_Brief;0;0;499;499;496;172;52;65;100;64;2;0;0;41;3
2009;86100;86 Plauen;14 Mockritz, Coschütz, Plauen;StB 8 Plauen;Wahlbezirk_Urne;1284;109;589;0;573;167;93;71;120;53;13;0;0;56;16
2009;86200;86 Plauen;14 Mockritz, Coschütz, Plauen;StB 8 Plauen;Wahlbezirk_Urne;1197;143;617;1;611;206;75;85;109;59;14;0;0;63;6
2009;86300;86 Plauen;14 Mockritz, Coschütz, Plauen;StB 8 Plauen;Wahlbezirk_Urne;1343;172;622;0;613;195;82;119;80;63;11;0;0;63;9
2009;86400;86 Plauen;14 Mockritz, Coschütz, Plauen;StB 8 Plauen;Wahlbezirk_Urne;966;125;491;0;483;132;73;70;96;51;7;0;0;54;8
2009;86500;86 Plauen;14 Mockritz, Coschütz, Plauen;StB 8 Plauen;Wahlbezirk_Urne;1080;112;483;0;476;112;76;57;108;70;6;0;0;47;7
2009;86600;86 Plauen;14 Mockritz, Coschütz, Plauen;StB 8 Plauen;Wahlbezirk_Urne;1011;96;473;2;472;125;64;44;117;62;11;0;0;49;1
2009;86700;86 Plauen;14 Mockritz, Coschütz, Plauen;StB 8 Plauen;Wahlbezirk_Urne;739;135;359;0;353;141;42;35;65;38;6;0;0;26;6
2009;86800;86 Plauen;14 Mockritz, Coschütz, Plauen;StB 8 Plauen;Wahlbezirk_Urne;1152;191;510;1;506;172;72;76;88;43;6;0;0;49;4
2009;90010;90 Cossebaude/Mobschatz/Oberw.;17 Briesnitz und westliche OS;StB 9 Cotta/westliche Ortschaften;Wahlbezirk_Brief;0;0;462;462;452;152;42;83;51;44;19;0;0;61;10
2009;90111;90 Cossebaude/Mobschatz/Oberw.;17 Briesnitz und westliche OS;StB 9 Cotta/westliche Ortschaften;Wahlbezirk_Urne;801;46;306;0;298;122;28;56;14;24;12;0;0;42;8
2009;90112;90 Cossebaude/Mobschatz/Oberw.;17 Briesnitz und westliche OS;StB 9 Cotta/westliche Ortschaften;Wahlbezirk_Urne;769;60;299;0;281;115;23;33;22;39;16;0;0;33;18
2009;90210;90 Cossebaude/Mobschatz/Oberw.;17 Briesnitz und westliche OS;StB 9 Cotta/westliche Ortschaften;Wahlbezirk_Urne;1144;124;512;3;496;218;57;60;55;48;11;0;0;47;16
2009;90311;90 Cossebaude/Mobschatz/Oberw.;17 Briesnitz und westliche OS;StB 9 Cotta/westliche Ortschaften;Wahlbezirk_Urne;584;45;276;1;263;94;25;43;27;31;12;0;0;31;13
2009;90312;90 Cossebaude/Mobschatz/Oberw.;17 Briesnitz und westliche OS;StB 9 Cotta/westliche Ortschaften;Wahlbezirk_Urne;916;63;415;1;401;174;51;64;19;35;18;0;0;40;14
2009;90410;90 Cossebaude/Mobschatz/Oberw.;17 Briesnitz und westliche OS;StB 9 Cotta/westliche Ortschaften;Wahlbezirk_Urne;352;29;186;0;182;84;23;17;23;12;6;0;0;17;4
2009;90510;90 Cossebaude/Mobschatz/Oberw.;17 Briesnitz und westliche OS;StB 9 Cotta/westliche Ortschaften;Wahlbezirk_Urne;283;18;146;0;140;61;8;25;9;15;5;0;0;17;6
2009;90610;90 Cossebaude/Mobschatz/Oberw.;17 Briesnitz und westliche OS;StB 9 Cotta/westliche Ortschaften;Wahlbezirk_Urne;825;78;382;0;375;158;29;57;37;37;13;0;0;44;7
2009;90710;90 Cossebaude/Mobschatz/Oberw.;17 Briesnitz und westliche OS;StB 9 Cotta/westliche Ortschaften;Wahlbezirk_Urne;426;21;207;0;203;101;14;26;15;21;7;0;0;19;4
2009;91000;91 Cotta;15 Cotta, Löbtau, Naußlitz, Dölzschen;StB 9 Cotta/westliche Ortschaften;Wahlbezirk_Brief;0;0;551;551;538;174;49;107;68;51;15;0;0;74;13
2009;91101;91 Cotta;15 Cotta, Löbtau, Naußlitz, Dölzschen;StB 9 Cotta/westliche Ortschaften;Wahlbezirk_Urne;902;69;292;1;285;103;30;46;24;35;12;0;0;35;7
2009;91102;91 Cotta;15 Cotta, Löbtau, Naußlitz, Dölzschen;StB 9 Cotta/westliche Ortschaften;Wahlbezirk_Urne;1020;91;352;1;345;111;34;65;37;37;17;0;0;44;7
2009;91200;91 Cotta;15 Cotta, Löbtau, Naußlitz, Dölzschen;StB 9 Cotta/westliche Ortschaften;Wahlbezirk_Urne;1538;97;559;1;541;155;54;91;67;65;43;0;0;66;18
2009;91300;91 Cotta;15 Cotta, Löbtau, Naußlitz, Dölzschen;StB 9 Cotta/westliche Ortschaften;Wahlbezirk_Urne;1417;77;462;1;452;134;59;63;68;72;19;0;0;37;10
2009;91400;91 Cotta;15 Cotta, Löbtau, Naußlitz, Dölzschen;StB 9 Cotta/westliche Ortschaften;Wahlbezirk_Urne;1020;69;352;0;333;129;23;83;17;32;11;0;0;38;19
2009;91501;91 Cotta;15 Cotta, Löbtau, Naußlitz, Dölzschen;StB 9 Cotta/westliche Ortschaften;Wahlbezirk_Urne;1218;108;358;0;348;118;41;67;31;34;16;0;0;41;10
2009;91502;91 Cotta;15 Cotta, Löbtau, Naußlitz, Dölzschen;StB 9 Cotta/westliche Ortschaften;Wahlbezirk_Urne;1268;95;385;1;369;114;41;54;47;46;22;0;0;45;16
2009;92000;92 Löbtau-Nord;15 Cotta, Löbtau, Naußlitz, Dölzschen;StB 9 Cotta/westliche Ortschaften;Wahlbezirk_Brief;0;0;443;443;441;114;50;66;94;46;7;0;0;64;2
2009;92100;92 Löbtau-Nord;15 Cotta, Löbtau, Naußlitz, Dölzschen;StB 9 Cotta/westliche Ortschaften;Wahlbezirk_Urne;1330;102;420;0;410;107;44;55;74;49;14;0;0;67;10
2009;92200;92 Löbtau-Nord;15 Cotta, Löbtau, Naußlitz, Dölzschen;StB 9 Cotta/westliche Ortschaften;Wahlbezirk_Urne;1330;100;460;0;444;118;47;61;80;54;13;0;0;71;16
2009;92300;92 Löbtau-Nord;15 Cotta, Löbtau, Naußlitz, Dölzschen;StB 9 Cotta/westliche Ortschaften;Wahlbezirk_Urne;1479;109;542;0;535;157;60;83;101;49;14;0;0;71;7
2009;92400;92 Löbtau-Nord;15 Cotta, Löbtau, Naußlitz, Dölzschen;StB 9 Cotta/westliche Ortschaften;Wahlbezirk_Urne;857;70;325;1;316;73;43;66;49;34;12;0;0;39;9
2009;92500;92 Löbtau-Nord;15 Cotta, Löbtau, Naußlitz, Dölzschen;StB 9 Cotta/westliche Ortschaften;Wahlbezirk_Urne;1161;91;338;0;335;95;42;62;44;37;11;0;0;44;3
2009;93000;93 Löbtau-Süd;15 Cotta, Löbtau, Naußlitz, Dölzschen;StB 9 Cotta/westliche Ortschaften;Wahlbezirk_Brief;0;0;656;656;654;183;73;115;130;74;10;0;0;69;2
2009;93101;93 Löbtau-Süd;15 Cotta, Löbtau, Naußlitz, Dölzschen;StB 9 Cotta/westliche Ortschaften;Wahlbezirk_Urne;1064;78;391;0;384;111;47;53;50;60;13;0;0;50;7
2009;93102;93 Löbtau-Süd;15 Cotta, Löbtau, Naußlitz, Dölzschen;StB 9 Cotta/westliche Ortschaften;Wahlbezirk_Urne;1091;85;369;1;360;86;51;45;72;48;6;0;0;52;9
2009;93200;93 Löbtau-Süd;15 Cotta, Löbtau, Naußlitz, Dölzschen;StB 9 Cotta/westliche Ortschaften;Wahlbezirk_Urne;1578;137;589;0;582;148;73;76;106;89;15;0;0;75;7
2009;93300;93 Löbtau-Süd;15 Cotta, Löbtau, Naußlitz, Dölzschen;StB 9 Cotta/westliche Ortschaften;Wahlbezirk_Urne;925;79;311;0;305;83;44;40;60;33;2;0;0;43;6
2009;93400;93 Löbtau-Süd;15 Cotta, Löbtau, Naußlitz, Dölzschen;StB 9 Cotta/westliche Ortschaften;Wahlbezirk_Urne;955;78;403;0;385;114;53;72;42;45;7;0;0;52;18
2009;93500;93 Löbtau-Süd;15 Cotta, Löbtau, Naußlitz, Dölzschen;StB 9 Cotta/westliche Ortschaften;Wahlbezirk_Urne;1307;121;497;3;483;128;80;83;66;43;20;0;0;63;14
2009;93600;93 Löbtau-Süd;15 Cotta, Löbtau, Naußlitz, Dölzschen;StB 9 Cotta/westliche Ortschaften;Wahlbezirk_Urne;1371;127;462;1;449;130;43;79;71;60;9;0;0;57;13
2009;94000;94 Naußlitz;15 Cotta, Löbtau, Naußlitz, Dölzschen;StB 9 Cotta/westliche Ortschaften;Wahlbezirk_Brief;0;0;602;602;593;231;56;121;67;54;3;0;0;61;9
2009;94101;94 Naußlitz;15 Cotta, Löbtau, Naußlitz, Dölzschen;StB 9 Cotta/westliche Ortschaften;Wahlbezirk_Urne;906;82;244;0;237;75;27;42;37;19;12;0;0;25;7
2009;94102;94 Naußlitz;15 Cotta, Löbtau, Naußlitz, Dölzschen;StB 9 Cotta/westliche Ortschaften;Wahlbezirk_Urne;1032;57;305;0;300;112;40;60;16;28;10;0;0;34;5
2009;94200;94 Naußlitz;15 Cotta, Löbtau, Naußlitz, Dölzschen;StB 9 Cotta/westliche Ortschaften;Wahlbezirk_Urne;1236;76;477;0;462;166;45;85;58;33;25;0;0;50;15
2009;94400;94 Naußlitz;15 Cotta, Löbtau, Naußlitz, Dölzschen;StB 9 Cotta/westliche Ortschaften;Wahlbezirk_Urne;1138;130;436;0;430;156;42;70;42;67;2;0;0;51;6
2009;94501;94 Naußlitz;15 Cotta, Löbtau, Naußlitz, Dölzschen;StB 9 Cotta/westliche Ortschaften;Wahlbezirk_Urne;914;128;467;2;450;174;48;66;52;52;14;0;0;44;17
2009;94502;94 Naußlitz;15 Cotta, Löbtau, Naußlitz, Dölzschen;StB 9 Cotta/westliche Ortschaften;Wahlbezirk_Urne;906;80;458;0;443;178;65;69;46;42;11;0;0;32;15
2009;94600;94 Naußlitz;15 Cotta, Löbtau, Naußlitz, Dölzschen;StB 9 Cotta/westliche Ortschaften;Wahlbezirk_Urne;1370;90;570;0;557;175;64;82;75;64;15;0;0;82;13
2009;95000;95 Gorbitz-Süd;16 Gorbitz;StB 9 Cotta/westliche Ortschaften;Wahlbezirk_Brief;0;0;369;369;364;105;38;111;26;35;9;0;0;40;5
2009;95100;95 Gorbitz-Süd;16 Gorbitz;StB 9 Cotta/westliche Ortschaften;Wahlbezirk_Urne;1015;26;262;0;249;41;39;68;17;24;20;0;0;40;13
2009;95200;95 Gorbitz-Süd;16 Gorbitz;StB 9 Cotta/westliche Ortschaften;Wahlbezirk_Urne;1310;63;329;0;320;88;34;78;9;35;29;0;0;47;9
2009;95300;95 Gorbitz-Süd;16 Gorbitz;StB 9 Cotta/westliche Ortschaften;Wahlbezirk_Urne;1032;78;292;0;281;52;36;83;22;32;14;0;0;42;11
2009;95400;95 Gorbitz-Süd;16 Gorbitz;StB 9 Cotta/westliche Ortschaften;Wahlbezirk_Urne;953;55;324;0;309;95;41;76;18;25;12;0;0;42;15
2009;95500;95 Gorbitz-Süd;16 Gorbitz;StB 9 Cotta/westliche Ortschaften;Wahlbezirk_Urne;1427;93;534;0;511;170;40;108;39;55;25;0;0;74;23
2009;95600;95 Gorbitz-Süd;16 Gorbitz;StB 9 Cotta/westliche Ortschaften;Wahlbezirk_Urne;1245;68;374;0;361;99;36;114;20;20;19;0;0;53;13
2009;96000;96 Gorbitz-Ost;16 Gorbitz;StB 9 Cotta/westliche Ortschaften;Wahlbezirk_Brief;0;0;277;277;275;78;23;73;26;27;10;0;0;38;2
2009;96100;96 Gorbitz-Ost;16 Gorbitz;StB 9 Cotta/westliche Ortschaften;Wahlbezirk_Urne;1542;107;498;0;488;143;36;140;36;43;23;0;0;67;10
2009;96300;96 Gorbitz-Ost;16 Gorbitz;StB 9 Cotta/westliche Ortschaften;Wahlbezirk_Urne;1307;74;393;0;378;135;40;82;23;30;22;0;0;46;15
2009;96400;96 Gorbitz-Ost;16 Gorbitz;StB 9 Cotta/westliche Ortschaften;Wahlbezirk_Urne;1533;88;401;0;386;110;42;102;37;27;16;0;0;52;15
2009;96500;96 Gorbitz-Ost;16 Gorbitz;StB 9 Cotta/westliche Ortschaften;Wahlbezirk_Urne;774;32;250;1;241;66;32;68;16;20;9;0;0;30;9
2009;97000;97 Gorbitz-Nord/Neu-Omsewitz;16 Gorbitz;StB 9 Cotta/westliche Ortschaften;Wahlbezirk_Brief;0;0;266;266;265;71;25;66;23;17;20;0;0;43;1
2009;97100;97 Gorbitz-Nord/Neu-Omsewitz;16 Gorbitz;StB 9 Cotta/westliche Ortschaften;Wahlbezirk_Urne;1534;71;510;0;484;152;55;110;35;45;20;0;0;67;26
2009;97300;97 Gorbitz-Nord/Neu-Omsewitz;16 Gorbitz;StB 9 Cotta/westliche Ortschaften;Wahlbezirk_Urne;1273;67;389;0;380;114;32;102;18;33;30;0;0;51;9
2009;97500;97 Gorbitz-Nord/Neu-Omsewitz;16 Gorbitz;StB 9 Cotta/westliche Ortschaften;Wahlbezirk_Urne;1520;95;440;0;428;124;40;99;31;46;17;0;0;71;12
2009;97700;97 Gorbitz-Nord/Neu-Omsewitz;16 Gorbitz;StB 9 Cotta/westliche Ortschaften;Wahlbezirk_Urne;798;47;287;0;273;79;31;58;16;28;20;0;0;41;14
2009;98000;98 Briesnitz;17 Briesnitz und westliche OS;StB 9 Cotta/westliche Ortschaften;Wahlbezirk_Brief;0;0;697;697;687;288;59;120;73;50;24;0;0;73;10
2009;98100;98 Briesnitz;17 Briesnitz und westliche OS;StB 9 Cotta/westliche Ortschaften;Wahlbezirk_Urne;1411;102;588;0;570;219;51;91;54;63;30;0;0;62;18
2009;98200;98 Briesnitz;17 Briesnitz und westliche OS;StB 9 Cotta/westliche Ortschaften;Wahlbezirk_Urne;1482;118;647;0;633;232;65;118;57;54;25;0;0;82;14
2009;98300;98 Briesnitz;17 Briesnitz und westliche OS;StB 9 Cotta/westliche Ortschaften;Wahlbezirk_Urne;1370;118;580;0;553;233;47;104;49;62;19;0;0;39;27
2009;98401;98 Briesnitz;17 Briesnitz und westliche OS;StB 9 Cotta/westliche Ortschaften;Wahlbezirk_Urne;965;89;339;0;326;99;43;52;32;36;17;0;0;47;13
2009;98402;98 Briesnitz;17 Briesnitz und westliche OS;StB 9 Cotta/westliche Ortschaften;Wahlbezirk_Urne;917;83;290;0;280;86;29;57;27;24;18;0;0;39;10
2009;98500;98 Briesnitz;17 Briesnitz und westliche OS;StB 9 Cotta/westliche Ortschaften;Wahlbezirk_Urne;1362;144;554;0;548;238;47;75;58;57;16;0;0;57;6
2009;98600;98 Briesnitz;17 Briesnitz und westliche OS;StB 9 Cotta/westliche Ortschaften;Wahlbezirk_Urne;1297;107;505;0;493;188;48;63;80;38;18;0;0;58;12
2009;99010;99 Altfranken/Gompitz;17 Briesnitz und westliche OS;StB 9 Cotta/westliche Ortschaften;Wahlbezirk_Brief;0;0;278;278;275;115;23;46;22;38;12;0;0;19;3
2009;99110;99 Altfranken/Gompitz;17 Briesnitz und westliche OS;StB 9 Cotta/westliche Ortschaften;Wahlbezirk_Urne;1423;134;751;0;722;329;54;96;52;93;16;0;0;82;29
2009;99310;99 Altfranken/Gompitz;17 Briesnitz und westliche OS;StB 9 Cotta/westliche Ortschaften;Wahlbezirk_Urne;1180;100;560;3;537;236;39;95;28;66;22;0;0;51;23
2009;99810;99 Altfranken/Gompitz;17 Briesnitz und westliche OS;StB 9 Cotta/westliche Ortschaften;Wahlbezirk_Urne;948;59;483;0;466;220;53;66;23;62;13;0;0;29;17
2014;01000;01 Innere Altstadt;01 StB Altstadt ohne Johannstadt;StB 0 Altstadt;Wahlbezirk_Brief;0;0;220;220;217;60;45;49;20;8;1;16;9;9;3
2014;01100;01 Innere Altstadt;01 StB Altstadt ohne Johannstadt;StB 0 Altstadt;Wahlbezirk_Urne;1356;240;543;0;534;125;77;115;77;22;11;39;30;38;9
2014;02001;02 Pirnaische Vorstadt;01 StB Altstadt ohne Johannstadt;StB 0 Altstadt;Wahlbezirk_Brief;0;0;431;431;427;122;70;117;35;8;6;37;11;21;4
2014;02002;02 Pirnaische Vorstadt;01 StB Altstadt ohne Johannstadt;StB 0 Altstadt;Wahlbezirk_Brief;0;0;292;292;289;85;44;80;22;6;5;26;2;19;3
2014;02100;02 Pirnaische Vorstadt;01 StB Altstadt ohne Johannstadt;StB 0 Altstadt;Wahlbezirk_Urne;1596;243;600;0;592;120;90;153;68;13;12;56;28;52;8
2014;02200;02 Pirnaische Vorstadt;01 StB Altstadt ohne Johannstadt;StB 0 Altstadt;Wahlbezirk_Urne;1910;300;680;0;671;159;101;155;69;15;16;65;31;60;9
2014;02400;02 Pirnaische Vorstadt;01 StB Altstadt ohne Johannstadt;StB 0 Altstadt;Wahlbezirk_Urne;1422;218;493;0;485;167;108;82;31;9;8;54;5;21;8
2014;03001;03 Seevorstadt-Ost;01 StB Altstadt ohne Johannstadt;StB 0 Altstadt;Wahlbezirk_Brief;0;0;326;326;321;95;63;65;25;14;2;21;10;26;5
2014;03002;03 Seevorstadt-Ost;01 StB Altstadt ohne Johannstadt;StB 0 Altstadt;Wahlbezirk_Brief;0;0;438;438;437;124;86;103;33;12;3;39;9;28;1
2014;03100;03 Seevorstadt-Ost;01 StB Altstadt ohne Johannstadt;StB 0 Altstadt;Wahlbezirk_Urne;1218;141;423;1;412;110;61;83;31;8;9;44;24;42;11
2014;03200;03 Seevorstadt-Ost;01 StB Altstadt ohne Johannstadt;StB 0 Altstadt;Wahlbezirk_Urne;1406;209;568;0;556;157;84;131;54;18;10;48;17;37;12
2014;03300;03 Seevorstadt-Ost;01 StB Altstadt ohne Johannstadt;StB 0 Altstadt;Wahlbezirk_Urne;1340;197;587;0;574;196;106;103;50;14;6;46;18;35;13
2014;03400;03 Seevorstadt-Ost;01 StB Altstadt ohne Johannstadt;StB 0 Altstadt;Wahlbezirk_Urne;1795;263;751;0;732;254;119;140;52;22;10;79;12;44;19
2014;04001;04 Wilsdruffer Vs./Seevs.-West;01 StB Altstadt ohne Johannstadt;StB 0 Altstadt;Wahlbezirk_Brief;0;0;546;546;542;159;94;131;48;19;10;46;12;23;4
2014;04002;04 Wilsdruffer Vs./Seevs.-West;01 StB Altstadt ohne Johannstadt;StB 0 Altstadt;Wahlbezirk_Brief;0;0;461;461;454;131;64;144;31;8;6;43;9;18;7
2014;04100;04 Wilsdruffer Vs./Seevs.-West;01 StB Altstadt ohne Johannstadt;StB 0 Altstadt;Wahlbezirk_Urne;928;183;373;2;372;107;58;68;51;19;5;23;12;29;1
2014;04200;04 Wilsdruffer Vs./Seevs.-West;01 StB Altstadt ohne Johannstadt;StB 0 Altstadt;Wahlbezirk_Urne;1062;214;335;0;325;97;55;86;21;5;6;26;6;23;10
2014;04300;04 Wilsdruffer Vs./Seevs.-West;01 StB Altstadt ohne Johannstadt;StB 0 Altstadt;Wahlbezirk_Urne;1343;182;510;0;493;148;77;121;26;9;20;50;14;28;17
2014;04400;04 Wilsdruffer Vs./Seevs.-West;01 StB Altstadt ohne Johannstadt;StB 0 Altstadt;Wahlbezirk_Urne;1137;189;342;0;336;117;55;97;18;7;4;21;4;13;6
2014;04500;04 Wilsdruffer Vs./Seevs.-West;01 StB Altstadt ohne Johannstadt;StB 0 Altstadt;Wahlbezirk_Urne;1086;134;455;0;440;122;63;110;27;8;9;59;13;29;15
2014;04600;04 Wilsdruffer Vs./Seevs.-West;01 StB Altstadt ohne Johannstadt;StB 0 Altstadt;Wahlbezirk_Urne;952;167;405;0;405;126;59;119;23;6;8;37;5;22;0
2014;05000;05 Friedrichstadt;01 StB Altstadt ohne Johannstadt;StB 0 Altstadt;Wahlbezirk_Brief;0;0;553;553;549;111;78;113;85;10;10;38;31;73;4
2014;05100;05 Friedrichstadt;01 StB Altstadt ohne Johannstadt;StB 0 Altstadt;Wahlbezirk_Urne;1789;168;569;0;563;111;65;142;91;6;14;42;40;52;6
2014;05200;05 Friedrichstadt;01 StB Altstadt ohne Johannstadt;StB 0 Altstadt;Wahlbezirk_Urne;2019;239;660;1;651;118;97;143;128;11;19;36;36;63;9
2014;05300;05 Friedrichstadt;01 StB Altstadt ohne Johannstadt;StB 0 Altstadt;Wahlbezirk_Urne;1881;194;630;1;625;123;98;134;86;21;15;52;41;55;5
2014;06001;06 Johannstadt-Nord;02 Johannstadt;StB 0 Altstadt;Wahlbezirk_Brief;0;0;487;487;485;109;79;147;62;12;12;30;16;18;2
2014;06002;06 Johannstadt-Nord;02 Johannstadt;StB 0 Altstadt;Wahlbezirk_Brief;0;0;657;657;648;150;110;110;127;21;6;55;25;44;9
2014;06100;06 Johannstadt-Nord;02 Johannstadt;StB 0 Altstadt;Wahlbezirk_Urne;1070;109;555;1;541;170;84;157;23;5;9;51;6;36;14
2014;06200;06 Johannstadt-Nord;02 Johannstadt;StB 0 Altstadt;Wahlbezirk_Urne;1146;137;457;2;448;107;68;122;68;12;12;24;13;22;9
2014;06300;06 Johannstadt-Nord;02 Johannstadt;StB 0 Altstadt;Wahlbezirk_Urne;1040;93;355;0;349;85;41;115;15;4;18;30;14;27;6
2014;06400;06 Johannstadt-Nord;02 Johannstadt;StB 0 Altstadt;Wahlbezirk_Urne;1271;194;535;0;527;115;112;122;78;5;11;43;18;23;8
2014;06500;06 Johannstadt-Nord;02 Johannstadt;StB 0 Altstadt;Wahlbezirk_Urne;1501;260;702;0;693;137;132;132;152;14;6;47;19;54;9
2014;06600;06 Johannstadt-Nord;02 Johannstadt;StB 0 Altstadt;Wahlbezirk_Urne;1431;188;584;0;571;155;102;131;60;22;9;39;22;31;13
2014;06800;06 Johannstadt-Nord;02 Johannstadt;StB 0 Altstadt;Wahlbezirk_Urne;1673;256;572;1;564;128;109;100;117;22;4;28;13;43;8
2014;07001;07 Johannstadt-Süd;02 Johannstadt;StB 0 Altstadt;Wahlbezirk_Brief;0;0;455;455;448;153;75;102;27;16;10;27;9;29;7
2014;07002;07 Johannstadt-Süd;02 Johannstadt;StB 0 Altstadt;Wahlbezirk_Brief;0;0;401;401;398;130;63;103;20;7;9;41;7;18;3
2014;07003;07 Johannstadt-Süd;02 Johannstadt;StB 0 Altstadt;Wahlbezirk_Brief;0;0;565;565;561;152;73;182;24;12;17;52;11;38;4
2014;07100;07 Johannstadt-Süd;02 Johannstadt;StB 0 Altstadt;Wahlbezirk_Urne;1244;170;533;0;524;174;87;119;35;10;11;58;14;16;9
2014;07200;07 Johannstadt-Süd;02 Johannstadt;StB 0 Altstadt;Wahlbezirk_Urne;941;126;446;0;443;160;87;84;27;9;10;42;8;16;3
2014;07300;07 Johannstadt-Süd;02 Johannstadt;StB 0 Altstadt;Wahlbezirk_Urne;1179;183;448;0;443;161;55;96;25;7;11;51;12;25;5
2014;07401;07 Johannstadt-Süd;02 Johannstadt;StB 0 Altstadt;Wahlbezirk_Urne;983;119;431;1;424;124;66;111;14;6;12;64;4;23;7
2014;07402;07 Johannstadt-Süd;02 Johannstadt;StB 0 Altstadt;Wahlbezirk_Urne;662;103;236;0;231;89;37;51;6;7;3;32;1;5;5
2014;07500;07 Johannstadt-Süd;02 Johannstadt;StB 0 Altstadt;Wahlbezirk_Urne;1331;211;479;0;469;138;71;115;26;7;12;57;14;29;10
2014;07600;07 Johannstadt-Süd;02 Johannstadt;StB 0 Altstadt;Wahlbezirk_Urne;1005;185;358;0;355;104;72;115;7;5;8;32;4;8;3
2014;07700;07 Johannstadt-Süd;02 Johannstadt;StB 0 Altstadt;Wahlbezirk_Urne;963;132;405;0;401;76;73;154;19;9;9;33;13;15;4
2014;07800;07 Johannstadt-Süd;02 Johannstadt;StB 0 Altstadt;Wahlbezirk_Urne;999;131;369;0;355;107;47;98;22;8;10;36;9;18;14
2014;07900;07 Johannstadt-Süd;02 Johannstadt;StB 0 Altstadt;Wahlbezirk_Urne;1027;150;415;0;409;131;50;111;22;13;5;36;13;28;6
2014;11001;11 Äußere Neustadt (Antonstadt);03 StB Neustadt ohne Leipziger Vorstadt;StB 1 Neustadt;Wahlbezirk_Brief;0;0;422;422;420;45;76;82;123;9;1;16;31;37;2
2014;11002;11 Äußere Neustadt (Antonstadt);03 StB Neustadt ohne Leipziger Vorstadt;StB 1 Neustadt;Wahlbezirk_Brief;0;0;636;636;630;50;101;135;236;13;2;17;29;47;6
2014;11003;11 Äußere Neustadt (Antonstadt);03 StB Neustadt ohne Leipziger Vorstadt;StB 1 Neustadt;Wahlbezirk_Brief;0;0;442;442;440;53;69;77;156;10;2;12;18;43;2
2014;11004;11 Äußere Neustadt (Antonstadt);03 StB Neustadt ohne Leipziger Vorstadt;StB 1 Neustadt;Wahlbezirk_Brief;0;0;474;474;473;63;63;92;171;9;1;14;28;32;1
2014;11100;11 Äußere Neustadt (Antonstadt);03 StB Neustadt ohne Leipziger Vorstadt;StB 1 Neustadt;Wahlbezirk_Urne;1593;265;671;2;665;66;89;139;245;8;4;19;37;58;6
2014;11200;11 Äußere Neustadt (Antonstadt);03 StB Neustadt ohne Leipziger Vorstadt;StB 1 Neustadt;Wahlbezirk_Urne;1368;228;635;1;631;60;101;129;204;15;4;17;36;65;4
2014;11300;11 Äußere Neustadt (Antonstadt);03 StB Neustadt ohne Leipziger Vorstadt;StB 1 Neustadt;Wahlbezirk_Urne;1528;196;715;4;710;82;96;161;182;17;7;33;51;81;5
2014;11400;11 Äußere Neustadt (Antonstadt);03 StB Neustadt ohne Leipziger Vorstadt;StB 1 Neustadt;Wahlbezirk_Urne;1493;229;706;4;695;67;121;134;209;16;3;27;56;62;11
2014;11500;11 Äußere Neustadt (Antonstadt);03 StB Neustadt ohne Leipziger Vorstadt;StB 1 Neustadt;Wahlbezirk_Urne;1591;252;795;2;788;65;122;156;274;10;4;27;42;88;7
2014;11601;11 Äußere Neustadt (Antonstadt);03 StB Neustadt ohne Leipziger Vorstadt;StB 1 Neustadt;Wahlbezirk_Urne;1173;196;593;2;586;50;61;117;241;7;1;16;41;52;7
2014;11602;11 Äußere Neustadt (Antonstadt);03 StB Neustadt ohne Leipziger Vorstadt;StB 1 Neustadt;Wahlbezirk_Urne;1395;257;728;3;722;53;107;148;265;11;8;20;42;68;6
2014;11700;11 Äußere Neustadt (Antonstadt);03 StB Neustadt ohne Leipziger Vorstadt;StB 1 Neustadt;Wahlbezirk_Urne;1446;246;741;4;737;69;109;178;229;11;4;20;50;67;4
2014;11800;11 Äußere Neustadt (Antonstadt);03 StB Neustadt ohne Leipziger Vorstadt;StB 1 Neustadt;Wahlbezirk_Urne;1621;263;722;2;718;70;94;172;211;20;7;20;45;79;4
2014;12001;12 Radeberger Vorstadt;03 StB Neustadt ohne Leipziger Vorstadt;StB 1 Neustadt;Wahlbezirk_Brief;0;0;567;567;562;146;83;71;154;25;4;31;16;32;5
2014;12002;12 Radeberger Vorstadt;03 StB Neustadt ohne Leipziger Vorstadt;StB 1 Neustadt;Wahlbezirk_Brief;0;0;404;404;401;87;51;125;54;19;1;30;10;24;3
2014;12100;12 Radeberger Vorstadt;03 StB Neustadt ohne Leipziger Vorstadt;StB 1 Neustadt;Wahlbezirk_Urne;967;196;507;3;496;77;87;84;152;8;4;30;19;35;11
2014;12201;12 Radeberger Vorstadt;03 StB Neustadt ohne Leipziger Vorstadt;StB 1 Neustadt;Wahlbezirk_Urne;1074;225;570;2;566;97;110;95;164;14;5;40;9;32;4
2014;12202;12 Radeberger Vorstadt;03 StB Neustadt ohne Leipziger Vorstadt;StB 1 Neustadt;Wahlbezirk_Urne;1068;197;536;4;532;137;81;77;137;19;2;38;12;29;4
2014;12301;12 Radeberger Vorstadt;03 StB Neustadt ohne Leipziger Vorstadt;StB 1 Neustadt;Wahlbezirk_Urne;1098;188;446;0;439;103;70;97;73;12;2;41;15;26;7
2014;12302;12 Radeberger Vorstadt;03 StB Neustadt ohne Leipziger Vorstadt;StB 1 Neustadt;Wahlbezirk_Urne;715;99;337;0;333;78;43;85;61;13;3;24;3;23;4
2014;12400;12 Radeberger Vorstadt;03 StB Neustadt ohne Leipziger Vorstadt;StB 1 Neustadt;Wahlbezirk_Urne;1424;135;478;1;468;77;48;156;54;9;28;41;13;42;10
2014;13001;13 Innere Neustadt;03 StB Neustadt ohne Leipziger Vorstadt;StB 1 Neustadt;Wahlbezirk_Brief;0;0;518;518;516;126;111;130;65;13;5;29;16;21;2
2014;13002;13 Innere Neustadt;03 StB Neustadt ohne Leipziger Vorstadt;StB 1 Neustadt;Wahlbezirk_Brief;0;0;520;520;515;111;78;104;116;8;4;32;20;42;5
2014;13100;13 Innere Neustadt;03 StB Neustadt ohne Leipziger Vorstadt;StB 1 Neustadt;Wahlbezirk_Urne;1301;291;525;0;519;115;109;96;87;22;2;43;19;26;6
2014;13200;13 Innere Neustadt;03 StB Neustadt ohne Leipziger Vorstadt;StB 1 Neustadt;Wahlbezirk_Urne;1267;255;428;0;420;122;67;112;41;10;6;28;12;22;8
2014;13300;13 Innere Neustadt;03 StB Neustadt ohne Leipziger Vorstadt;StB 1 Neustadt;Wahlbezirk_Urne;1396;229;642;0;635;82;131;117;159;18;11;32;32;53;7
2014;13400;13 Innere Neustadt;03 StB Neustadt ohne Leipziger Vorstadt;StB 1 Neustadt;Wahlbezirk_Urne;1519;321;666;0;662;134;121;160;138;14;0;27;24;44;4
2014;14001;14 Leipziger Vorstadt;04 Leipziger Vorstadt, Pieschen;StB 1 Neustadt;Wahlbezirk_Brief;0;0;594;594;592;88;76;119;176;7;8;15;37;66;2
2014;14002;14 Leipziger Vorstadt;04 Leipziger Vorstadt, Pieschen;StB 1 Neustadt;Wahlbezirk_Brief;0;0;694;694;685;104;105;143;190;15;7;32;30;59;9
2014;14100;14 Leipziger Vorstadt;04 Leipziger Vorstadt, Pieschen;StB 1 Neustadt;Wahlbezirk_Urne;877;116;302;0;295;47;32;79;53;5;7;13;22;37;7
2014;14200;14 Leipziger Vorstadt;04 Leipziger Vorstadt, Pieschen;StB 1 Neustadt;Wahlbezirk_Urne;1773;293;773;2;769;61;96;197;220;10;10;27;51;97;4
2014;14300;14 Leipziger Vorstadt;04 Leipziger Vorstadt, Pieschen;StB 1 Neustadt;Wahlbezirk_Urne;1738;232;804;1;795;49;118;217;225;3;7;20;61;95;9
2014;14401;14 Leipziger Vorstadt;04 Leipziger Vorstadt, Pieschen;StB 1 Neustadt;Wahlbezirk_Urne;1253;168;568;1;556;40;69;139;172;6;0;21;29;80;12
2014;14402;14 Leipziger Vorstadt;04 Leipziger Vorstadt, Pieschen;StB 1 Neustadt;Wahlbezirk_Urne;1211;192;623;3;618;64;81;122;213;11;8;20;42;57;5
2014;14500;14 Leipziger Vorstadt;04 Leipziger Vorstadt, Pieschen;StB 1 Neustadt;Wahlbezirk_Urne;1571;191;733;0;723;110;91;164;190;20;5;31;46;66;10
2014;14600;14 Leipziger Vorstadt;04 Leipziger Vorstadt, Pieschen;StB 1 Neustadt;Wahlbezirk_Urne;1257;186;527;1;516;143;84;96;54;13;12;66;16;32;11
2014;15000;15 Albertstadt;03 StB Neustadt ohne Leipziger Vorstadt;StB 1 Neustadt;Wahlbezirk_Brief;0;0;337;337;337;93;54;70;52;11;8;19;13;17;0
2014;15100;15 Albertstadt;03 StB Neustadt ohne Leipziger Vorstadt;StB 1 Neustadt;Wahlbezirk_Urne;1406;228;400;0;396;78;72;66;94;4;8;21;18;35;4
2014;15300;15 Albertstadt;03 StB Neustadt ohne Leipziger Vorstadt;StB 1 Neustadt;Wahlbezirk_Urne;878;128;356;0;353;86;56;70;64;10;10;21;10;26;3
2014;21001;21 Pieschen-Süd;04 Leipziger Vorstadt, Pieschen;StB 2 Pieschen;Wahlbezirk_Brief;0;0;466;466;464;93;66;86;105;15;6;33;16;44;2
2014;21002;21 Pieschen-Süd;04 Leipziger Vorstadt, Pieschen;StB 2 Pieschen;Wahlbezirk_Brief;0;0;505;505;498;81;78;115;120;15;15;23;16;35;7
2014;21100;21 Pieschen-Süd;04 Leipziger Vorstadt, Pieschen;StB 2 Pieschen;Wahlbezirk_Urne;1286;170;546;0;543;85;74;124;114;3;8;26;34;75;3
2014;21200;21 Pieschen-Süd;04 Leipziger Vorstadt, Pieschen;StB 2 Pieschen;Wahlbezirk_Urne;1386;160;547;0;539;108;84;95;93;17;16;45;24;57;8
2014;21301;21 Pieschen-Süd;04 Leipziger Vorstadt, Pieschen;StB 2 Pieschen;Wahlbezirk_Urne;1623;169;610;0;601;112;91;117;109;13;15;48;30;66;9
2014;21302;21 Pieschen-Süd;04 Leipziger Vorstadt, Pieschen;StB 2 Pieschen;Wahlbezirk_Urne;1595;203;569;2;557;91;79;110;125;8;15;38;28;63;12
2014;21400;21 Pieschen-Süd;04 Leipziger Vorstadt, Pieschen;StB 2 Pieschen;Wahlbezirk_Urne;1518;180;542;0;536;102;73;124;110;6;8;40;28;45;6
2014;21500;21 Pieschen-Süd;04 Leipziger Vorstadt, Pieschen;StB 2 Pieschen;Wahlbezirk_Urne;1478;149;524;0;512;96;61;107;76;8;25;48;31;60;12
2014;22001;22 Mickten;05 Mickten, Kaditz, Trachau;StB 2 Pieschen;Wahlbezirk_Brief;0;0;460;460;451;136;51;107;40;10;15;38;8;46;9
2014;22002;22 Mickten;05 Mickten, Kaditz, Trachau;StB 2 Pieschen;Wahlbezirk_Brief;0;0;490;490;482;138;58;91;63;18;18;42;8;46;8
2014;22100;22 Mickten;05 Mickten, Kaditz, Trachau;StB 2 Pieschen;Wahlbezirk_Urne;1578;160;604;0;593;155;82;112;77;11;31;49;17;59;11
2014;22200;22 Mickten;05 Mickten, Kaditz, Trachau;StB 2 Pieschen;Wahlbezirk_Urne;1296;130;415;0;410;130;40;88;25;6;25;40;16;40;5
2014;22300;22 Mickten;05 Mickten, Kaditz, Trachau;StB 2 Pieschen;Wahlbezirk_Urne;1249;109;413;0;405;97;52;109;29;11;25;24;21;37;8
2014;22400;22 Mickten;05 Mickten, Kaditz, Trachau;StB 2 Pieschen;Wahlbezirk_Urne;968;82;369;0;361;115;53;73;14;6;28;34;4;34;8
2014;22501;22 Mickten;05 Mickten, Kaditz, Trachau;StB 2 Pieschen;Wahlbezirk_Urne;1210;121;462;0;452;146;62;86;36;7;20;56;6;33;10
2014;22502;22 Mickten;05 Mickten, Kaditz, Trachau;StB 2 Pieschen;Wahlbezirk_Urne;1720;201;571;1;558;137;84;112;72;17;17;53;25;41;13
2014;22600;22 Mickten;05 Mickten, Kaditz, Trachau;StB 2 Pieschen;Wahlbezirk_Urne;1075;108;435;0;430;138;60;82;32;9;23;49;7;30;5
2014;22700;22 Mickten;05 Mickten, Kaditz, Trachau;StB 2 Pieschen;Wahlbezirk_Urne;1101;101;472;0;460;129;66;106;29;12;26;57;8;27;12
2014;23000;23 Kaditz;05 Mickten, Kaditz, Trachau;StB 2 Pieschen;Wahlbezirk_Brief;0;0;428;428;426;168;52;63;38;5;13;50;6;31;2
2014;23100;23 Kaditz;05 Mickten, Kaditz, Trachau;StB 2 Pieschen;Wahlbezirk_Urne;1073;115;329;0;325;97;38;63;44;6;20;24;9;24;4
2014;23200;23 Kaditz;05 Mickten, Kaditz, Trachau;StB 2 Pieschen;Wahlbezirk_Urne;1277;146;338;1;334;105;35;79;23;12;10;27;11;32;4
2014;23300;23 Kaditz;05 Mickten, Kaditz, Trachau;StB 2 Pieschen;Wahlbezirk_Urne;1071;106;473;2;465;217;46;66;20;7;13;67;6;23;8
2014;23400;23 Kaditz;05 Mickten, Kaditz, Trachau;StB 2 Pieschen;Wahlbezirk_Urne;1108;94;421;0;404;141;53;85;21;13;16;35;3;37;17
2014;24001;24 Trachau;05 Mickten, Kaditz, Trachau;StB 2 Pieschen;Wahlbezirk_Brief;0;0;584;584;582;163;91;123;92;14;3;56;8;32;2
2014;24002;24 Trachau;05 Mickten, Kaditz, Trachau;StB 2 Pieschen;Wahlbezirk_Brief;0;0;527;527;525;177;67;118;39;13;9;59;6;37;2
2014;24100;24 Trachau;05 Mickten, Kaditz, Trachau;StB 2 Pieschen;Wahlbezirk_Urne;965;75;452;1;446;124;62;82;56;7;14;40;13;48;6
2014;24200;24 Trachau;05 Mickten, Kaditz, Trachau;StB 2 Pieschen;Wahlbezirk_Urne;1166;165;592;0;582;143;121;95;113;14;8;42;14;32;10
2014;24300;24 Trachau;05 Mickten, Kaditz, Trachau;StB 2 Pieschen;Wahlbezirk_Urne;1053;194;480;0;476;135;65;95;81;10;9;41;10;30;4
2014;24400;24 Trachau;05 Mickten, Kaditz, Trachau;StB 2 Pieschen;Wahlbezirk_Urne;1386;186;592;0;579;143;98;117;79;10;14;55;16;47;13
2014;24500;24 Trachau;05 Mickten, Kaditz, Trachau;StB 2 Pieschen;Wahlbezirk_Urne;1541;216;621;1;599;170;97;117;52;13;27;73;12;38;22
2014;24700;24 Trachau;05 Mickten, Kaditz, Trachau;StB 2 Pieschen;Wahlbezirk_Urne;1094;147;425;0;420;132;58;90;46;6;9;36;15;28;5
2014;24800;24 Trachau;05 Mickten, Kaditz, Trachau;StB 2 Pieschen;Wahlbezirk_Urne;1041;199;413;0;409;148;58;62;40;14;17;39;2;29;4
2014;25001;25 Pieschen-N/Trachenberge;04 Leipziger Vorstadt, Pieschen;StB 2 Pieschen;Wahlbezirk_Brief;0;0;511;511;506;140;50;111;66;17;7;60;21;34;5
2014;25002;25 Pieschen-N/Trachenberge;04 Leipziger Vorstadt, Pieschen;StB 2 Pieschen;Wahlbezirk_Brief;0;0;598;598;594;166;99;112;85;18;11;40;19;44;4
2014;25100;25 Pieschen-N/Trachenberge;04 Leipziger Vorstadt, Pieschen;StB 2 Pieschen;Wahlbezirk_Urne;1470;137;531;1;525;130;57;144;58;8;17;34;25;52;6
2014;25200;25 Pieschen-N/Trachenberge;04 Leipziger Vorstadt, Pieschen;StB 2 Pieschen;Wahlbezirk_Urne;1165;100;388;0;382;93;41;83;54;9;14;32;21;35;6
2014;25300;25 Pieschen-N/Trachenberge;04 Leipziger Vorstadt, Pieschen;StB 2 Pieschen;Wahlbezirk_Urne;1434;142;548;0;540;185;80;110;28;17;32;53;11;24;8
2014;25400;25 Pieschen-N/Trachenberge;04 Leipziger Vorstadt, Pieschen;StB 2 Pieschen;Wahlbezirk_Urne;1748;169;636;4;626;129;85;119;80;23;27;70;44;49;10
2014;25500;25 Pieschen-N/Trachenberge;04 Leipziger Vorstadt, Pieschen;StB 2 Pieschen;Wahlbezirk_Urne;1752;223;618;2;607;157;101;122;81;14;16;46;23;47;11
2014;25600;25 Pieschen-N/Trachenberge;04 Leipziger Vorstadt, Pieschen;StB 2 Pieschen;Wahlbezirk_Urne;872;166;331;0;326;90;54;75;30;5;10;28;8;26;5
2014;25700;25 Pieschen-N/Trachenberge;04 Leipziger Vorstadt, Pieschen;StB 2 Pieschen;Wahlbezirk_Urne;1610;241;588;1;572;146;105;105;63;22;17;51;22;41;16
2014;31001;31 Klotzsche;06 StB Klotzsche und nördliche OS;StB 3 Klotzsche/nördliche Ortschaften;Wahlbezirk_Brief;0;0;662;662;653;209;95;149;64;18;7;65;9;37;9
2014;31002;31 Klotzsche;06 StB Klotzsche und nördliche OS;StB 3 Klotzsche/nördliche Ortschaften;Wahlbezirk_Brief;0;0;654;654;648;213;102;113;80;20;8;55;9;48;6
2014;31100;31 Klotzsche;06 StB Klotzsche und nördliche OS;StB 3 Klotzsche/nördliche Ortschaften;Wahlbezirk_Urne;1591;216;712;0;704;226;115;114;77;18;16;72;15;51;8
2014;31200;31 Klotzsche;06 StB Klotzsche und nördliche OS;StB 3 Klotzsche/nördliche Ortschaften;Wahlbezirk_Urne;1419;172;539;0;517;169;80;102;38;17;20;62;5;24;22
2014;31300;31 Klotzsche;06 StB Klotzsche und nördliche OS;StB 3 Klotzsche/nördliche Ortschaften;Wahlbezirk_Urne;1062;110;442;0;429;150;59;108;9;5;15;51;8;24;13
2014;31400;31 Klotzsche;06 StB Klotzsche und nördliche OS;StB 3 Klotzsche/nördliche Ortschaften;Wahlbezirk_Urne;1165;189;523;0;514;164;85;80;60;16;17;62;6;24;9
2014;31500;31 Klotzsche;06 StB Klotzsche und nördliche OS;StB 3 Klotzsche/nördliche Ortschaften;Wahlbezirk_Urne;1016;121;523;0;515;166;79;81;61;19;10;60;13;26;8
2014;31601;31 Klotzsche;06 StB Klotzsche und nördliche OS;StB 3 Klotzsche/nördliche Ortschaften;Wahlbezirk_Urne;1147;183;571;0;563;186;91;84;72;17;16;57;12;28;8
2014;31602;31 Klotzsche;06 StB Klotzsche und nördliche OS;StB 3 Klotzsche/nördliche Ortschaften;Wahlbezirk_Urne;1022;151;559;1;551;193;89;70;60;19;13;68;12;27;8
2014;31701;31 Klotzsche;06 StB Klotzsche und nördliche OS;StB 3 Klotzsche/nördliche Ortschaften;Wahlbezirk_Urne;878;82;361;0;355;90;56;90;20;8;6;58;13;14;6
2014;31702;31 Klotzsche;06 StB Klotzsche und nördliche OS;StB 3 Klotzsche/nördliche Ortschaften;Wahlbezirk_Urne;763;82;295;0;287;101;49;70;13;2;1;34;3;14;8
2014;31800;31 Klotzsche;06 StB Klotzsche und nördliche OS;StB 3 Klotzsche/nördliche Ortschaften;Wahlbezirk_Urne;907;73;337;0;330;86;50;87;19;11;15;37;7;18;7
2014;32000;32 Hellerau/Wilschdorf;06 StB Klotzsche und nördliche OS;StB 3 Klotzsche/nördliche Ortschaften;Wahlbezirk_Brief;0;0;701;701;697;248;94;110;78;12;18;74;14;49;4
2014;32100;32 Hellerau/Wilschdorf;06 StB Klotzsche und nördliche OS;StB 3 Klotzsche/nördliche Ortschaften;Wahlbezirk_Urne;1386;194;590;0;578;230;57;84;41;24;30;78;2;32;12
2014;32201;32 Hellerau/Wilschdorf;06 StB Klotzsche und nördliche OS;StB 3 Klotzsche/nördliche Ortschaften;Wahlbezirk_Urne;898;110;346;2;342;148;41;40;20;10;9;46;6;22;4
2014;32202;32 Hellerau/Wilschdorf;06 StB Klotzsche und nördliche OS;StB 3 Klotzsche/nördliche Ortschaften;Wahlbezirk_Urne;808;128;315;3;310;112;46;75;7;10;3;36;4;17;5
2014;32300;32 Hellerau/Wilschdorf;06 StB Klotzsche und nördliche OS;StB 3 Klotzsche/nördliche Ortschaften;Wahlbezirk_Urne;903;121;469;2;462;159;75;80;61;5;9;55;0;18;7
2014;32400;32 Hellerau/Wilschdorf;06 StB Klotzsche und nördliche OS;StB 3 Klotzsche/nördliche Ortschaften;Wahlbezirk_Urne;1150;193;604;0;595;157;104;115;110;20;13;38;13;25;9
2014;35010;35 Weixdorf;06 StB Klotzsche und nördliche OS;StB 3 Klotzsche/nördliche Ortschaften;Wahlbezirk_Brief;0;0;460;460;457;160;71;74;31;18;16;37;6;44;3
2014;35110;35 Weixdorf;06 StB Klotzsche und nördliche OS;StB 3 Klotzsche/nördliche Ortschaften;Wahlbezirk_Urne;1294;144;672;2;661;252;94;101;46;16;27;78;17;30;11
2014;35310;35 Weixdorf;06 StB Klotzsche und nördliche OS;StB 3 Klotzsche/nördliche Ortschaften;Wahlbezirk_Urne;1113;120;609;1;587;231;84;78;55;11;17;74;7;30;22
2014;35410;35 Weixdorf;06 StB Klotzsche und nördliche OS;StB 3 Klotzsche/nördliche Ortschaften;Wahlbezirk_Urne;1233;111;641;0;624;236;73;84;65;23;23;63;14;43;17
2014;35510;35 Weixdorf;06 StB Klotzsche und nördliche OS;StB 3 Klotzsche/nördliche Ortschaften;Wahlbezirk_Urne;1042;120;474;0;467;203;54;60;30;9;19;56;2;34;7
2014;35610;35 Weixdorf;06 StB Klotzsche und nördliche OS;StB 3 Klotzsche/nördliche Ortschaften;Wahlbezirk_Urne;233;8;118;0;114;57;10;15;9;1;3;9;2;8;4
2014;36010;36 Langebrück/Schönborn;06 StB Klotzsche und nördliche OS;StB 3 Klotzsche/nördliche Ortschaften;Wahlbezirk_Brief;0;0;402;402;392;147;56;57;48;10;7;38;12;17;10
2014;36110;36 Langebrück/Schönborn;06 StB Klotzsche und nördliche OS;StB 3 Klotzsche/nördliche Ortschaften;Wahlbezirk_Urne;953;91;522;0;501;195;65;61;57;12;19;46;9;37;21
2014;36210;36 Langebrück/Schönborn;06 StB Klotzsche und nördliche OS;StB 3 Klotzsche/nördliche Ortschaften;Wahlbezirk_Urne;1205;153;621;4;608;196;104;72;79;24;21;64;12;36;13
2014;36310;36 Langebrück/Schönborn;06 StB Klotzsche und nördliche OS;StB 3 Klotzsche/nördliche Ortschaften;Wahlbezirk_Urne;824;157;443;1;434;133;73;73;57;14;9;48;7;20;9
2014;36410;36 Langebrück/Schönborn;06 StB Klotzsche und nördliche OS;StB 3 Klotzsche/nördliche Ortschaften;Wahlbezirk_Urne;388;28;259;0;254;85;23;34;20;10;8;46;3;25;5
2014;41001;41 Loschwitz/Wachwitz;07 StB Loschwitz und OS Schönfeld-Weißig;StB 4 Loschwitz/OS Schönfeld-Weißig;Wahlbezirk_Brief;0;0;402;402;401;139;65;51;61;18;3;38;6;20;1
2014;41002;41 Loschwitz/Wachwitz;07 StB Loschwitz und OS Schönfeld-Weißig;StB 4 Loschwitz/OS Schönfeld-Weißig;Wahlbezirk_Brief;0;0;459;459;455;152;74;75;66;22;2;37;4;23;4
2014;41100;41 Loschwitz/Wachwitz;07 StB Loschwitz und OS Schönfeld-Weißig;StB 4 Loschwitz/OS Schönfeld-Weißig;Wahlbezirk_Urne;1306;236;628;0;622;195;103;89;110;28;7;63;2;25;6
2014;41200;41 Loschwitz/Wachwitz;07 StB Loschwitz und OS Schönfeld-Weißig;StB 4 Loschwitz/OS Schönfeld-Weißig;Wahlbezirk_Urne;1182;189;582;2;571;178;110;73;89;25;1;59;8;28;11
2014;41300;41 Loschwitz/Wachwitz;07 StB Loschwitz und OS Schönfeld-Weißig;StB 4 Loschwitz/OS Schönfeld-Weißig;Wahlbezirk_Urne;826;216;367;0;364;133;66;40;59;18;1;25;5;17;3
2014;41400;41 Loschwitz/Wachwitz;07 StB Loschwitz und OS Schönfeld-Weißig;StB 4 Loschwitz/OS Schönfeld-Weißig;Wahlbezirk_Urne;1030;273;434;3;427;117;83;61;75;8;15;35;7;26;7
2014;42001;42 Bühlau/Weißer Hirsch;07 StB Loschwitz und OS Schönfeld-Weißig;StB 4 Loschwitz/OS Schönfeld-Weißig;Wahlbezirk_Brief;0;0;771;771;764;249;157;85;119;29;7;62;16;40;7
2014;42002;42 Bühlau/Weißer Hirsch;07 StB Loschwitz und OS Schönfeld-Weißig;StB 4 Loschwitz/OS Schönfeld-Weißig;Wahlbezirk_Brief;0;0;745;745;738;248;133;126;82;24;16;63;10;36;7
2014;42100;42 Bühlau/Weißer Hirsch;07 StB Loschwitz und OS Schönfeld-Weißig;StB 4 Loschwitz/OS Schönfeld-Weißig;Wahlbezirk_Urne;1305;268;597;6;594;173;113;81;114;24;4;37;15;33;3
2014;42200;42 Bühlau/Weißer Hirsch;07 StB Loschwitz und OS Schönfeld-Weißig;StB 4 Loschwitz/OS Schönfeld-Weißig;Wahlbezirk_Urne;1430;312;682;0;678;229;98;77;121;32;4;64;11;42;4
2014;42400;42 Bühlau/Weißer Hirsch;07 StB Loschwitz und OS Schönfeld-Weißig;StB 4 Loschwitz/OS Schönfeld-Weißig;Wahlbezirk_Urne;1242;233;561;0;543;180;100;84;73;18;6;52;10;20;18
2014;42500;42 Bühlau/Weißer Hirsch;07 StB Loschwitz und OS Schönfeld-Weißig;StB 4 Loschwitz/OS Schönfeld-Weißig;Wahlbezirk_Urne;1173;186;591;0;576;193;80;109;67;17;17;54;9;30;15
2014;42600;42 Bühlau/Weißer Hirsch;07 StB Loschwitz und OS Schönfeld-Weißig;StB 4 Loschwitz/OS Schönfeld-Weißig;Wahlbezirk_Urne;1034;185;492;0;483;170;86;56;73;20;7;53;7;11;9
2014;42700;42 Bühlau/Weißer Hirsch;07 StB Loschwitz und OS Schönfeld-Weißig;StB 4 Loschwitz/OS Schönfeld-Weißig;Wahlbezirk_Urne;1144;212;535;1;521;184;88;79;42;18;14;60;8;28;14
2014;42800;42 Bühlau/Weißer Hirsch;07 StB Loschwitz und OS Schönfeld-Weißig;StB 4 Loschwitz/OS Schönfeld-Weißig;Wahlbezirk_Urne;729;99;388;0;384;118;86;59;46;9;5;29;8;24;4
2014;42900;42 Bühlau/Weißer Hirsch;07 StB Loschwitz und OS Schönfeld-Weißig;StB 4 Loschwitz/OS Schönfeld-Weißig;Wahlbezirk_Urne;685;105;313;0;310;107;59;34;35;7;7;37;6;18;3
2014;43000;43 Hosterwitz/Pillnitz;07 StB Loschwitz und OS Schönfeld-Weißig;StB 4 Loschwitz/OS Schönfeld-Weißig;Wahlbezirk_Brief;0;0;423;423;418;121;81;66;50;11;8;48;6;27;5
2014;43100;43 Hosterwitz/Pillnitz;07 StB Loschwitz und OS Schönfeld-Weißig;StB 4 Loschwitz/OS Schönfeld-Weißig;Wahlbezirk_Urne;522;68;279;0;277;84;45;39;50;7;5;29;2;16;2
2014;43200;43 Hosterwitz/Pillnitz;07 StB Loschwitz und OS Schönfeld-Weißig;StB 4 Loschwitz/OS Schönfeld-Weißig;Wahlbezirk_Urne;1499;286;684;3;672;178;148;101;82;21;14;71;9;48;12
2014;43400;43 Hosterwitz/Pillnitz;07 StB Loschwitz und OS Schönfeld-Weißig;StB 4 Loschwitz/OS Schönfeld-Weißig;Wahlbezirk_Urne;766;107;310;0;305;90;57;57;39;6;6;34;0;16;5
2014;45010;45 Weißig;07 StB Loschwitz und OS Schönfeld-Weißig;StB 4 Loschwitz/OS Schönfeld-Weißig;Wahlbezirk_Brief;0;0;553;553;541;203;95;79;55;11;17;54;2;25;12
2014;45110;45 Weißig;07 StB Loschwitz und OS Schönfeld-Weißig;StB 4 Loschwitz/OS Schönfeld-Weißig;Wahlbezirk_Urne;1043;135;574;0;557;224;101;70;41;15;10;62;2;32;17
2014;45210;45 Weißig;07 StB Loschwitz und OS Schönfeld-Weißig;StB 4 Loschwitz/OS Schönfeld-Weißig;Wahlbezirk_Urne;1098;116;448;0;441;167;66;79;14;8;17;55;3;32;7
2014;45310;45 Weißig;07 StB Loschwitz und OS Schönfeld-Weißig;StB 4 Loschwitz/OS Schönfeld-Weißig;Wahlbezirk_Urne;1146;121;413;0;401;160;57;67;24;11;7;50;3;22;12
2014;45410;45 Weißig;07 StB Loschwitz und OS Schönfeld-Weißig;StB 4 Loschwitz/OS Schönfeld-Weißig;Wahlbezirk_Urne;785;96;390;0;381;163;46;34;26;7;19;57;7;22;9
2014;45510;45 Weißig;07 StB Loschwitz und OS Schönfeld-Weißig;StB 4 Loschwitz/OS Schönfeld-Weißig;Wahlbezirk_Urne;595;121;257;1;255;103;32;33;23;10;3;36;3;12;2
2014;46010;46 Gönnsdorf/Pappritz;07 StB Loschwitz und OS Schönfeld-Weißig;StB 4 Loschwitz/OS Schönfeld-Weißig;Wahlbezirk_Brief;0;0;431;431;424;164;63;59;33;19;10;44;6;26;7
2014;46110;46 Gönnsdorf/Pappritz;07 StB Loschwitz und OS Schönfeld-Weißig;StB 4 Loschwitz/OS Schönfeld-Weißig;Wahlbezirk_Urne;847;126;475;2;471;193;81;40;29;18;4;66;10;30;4
2014;46210;46 Gönnsdorf/Pappritz;07 StB Loschwitz und OS Schönfeld-Weißig;StB 4 Loschwitz/OS Schönfeld-Weißig;Wahlbezirk_Urne;827;128;451;0;444;181;56;64;31;19;15;50;4;24;7
2014;46310;46 Gönnsdorf/Pappritz;07 StB Loschwitz und OS Schönfeld-Weißig;StB 4 Loschwitz/OS Schönfeld-Weißig;Wahlbezirk_Urne;717;118;368;0;358;127;68;56;31;14;6;32;3;21;10
2014;46410;46 Gönnsdorf/Pappritz;07 StB Loschwitz und OS Schönfeld-Weißig;StB 4 Loschwitz/OS Schönfeld-Weißig;Wahlbezirk_Urne;766;79;387;0;384;143;51;54;28;13;11;65;5;14;3
2014;47010;47 Schönfeld/Schullwitz;07 StB Loschwitz und OS Schönfeld-Weißig;StB 4 Loschwitz/OS Schönfeld-Weißig;Wahlbezirk_Brief;0;0;311;311;307;129;20;39;36;11;9;34;6;23;4
2014;47110;47 Schönfeld/Schullwitz;07 StB Loschwitz und OS Schönfeld-Weißig;StB 4 Loschwitz/OS Schönfeld-Weißig;Wahlbezirk_Urne;1006;122;505;1;493;218;67;53;37;16;19;53;3;27;12
2014;47210;47 Schönfeld/Schullwitz;07 StB Loschwitz und OS Schönfeld-Weißig;StB 4 Loschwitz/OS Schönfeld-Weißig;Wahlbezirk_Urne;1079;149;456;0;442;228;44;47;23;17;20;35;2;26;14
2014;47310;47 Schönfeld/Schullwitz;07 StB Loschwitz und OS Schönfeld-Weißig;StB 4 Loschwitz/OS Schönfeld-Weißig;Wahlbezirk_Urne;557;66;263;1;250;110;33;25;20;7;5;28;0;22;13
2014;51001;51 Blasewitz;08 Blasewitz, Striesen;StB 5 Blasewitz;Wahlbezirk_Brief;0;0;723;723;715;272;116;90;71;47;9;64;12;34;8
2014;51002;51 Blasewitz;08 Blasewitz, Striesen;StB 5 Blasewitz;Wahlbezirk_Brief;0;0;602;602;598;189;107;97;92;20;4;39;11;39;4
2014;51100;51 Blasewitz;08 Blasewitz, Striesen;StB 5 Blasewitz;Wahlbezirk_Urne;1328;260;604;0;598;204;111;85;68;22;12;49;9;38;6
2014;51200;51 Blasewitz;08 Blasewitz, Striesen;StB 5 Blasewitz;Wahlbezirk_Urne;1564;297;682;1;675;231;140;93;73;33;9;53;8;35;7
2014;51400;51 Blasewitz;08 Blasewitz, Striesen;StB 5 Blasewitz;Wahlbezirk_Urne;1123;203;555;1;546;169;117;65;77;15;4;49;15;35;9
2014;51500;51 Blasewitz;08 Blasewitz, Striesen;StB 5 Blasewitz;Wahlbezirk_Urne;1155;219;475;0;472;118;87;64;97;10;6;46;11;33;3
2014;51600;51 Blasewitz;08 Blasewitz, Striesen;StB 5 Blasewitz;Wahlbezirk_Urne;1167;190;628;0;625;176;112;70;125;18;3;77;10;34;3
2014;51700;51 Blasewitz;08 Blasewitz, Striesen;StB 5 Blasewitz;Wahlbezirk_Urne;1456;219;603;1;592;168;85;111;103;19;17;39;15;35;11
2014;52001;52 Striesen-Ost;08 Blasewitz, Striesen;StB 5 Blasewitz;Wahlbezirk_Brief;0;0;616;616;614;163;132;75;140;17;4;42;10;31;2
2014;52002;52 Striesen-Ost;08 Blasewitz, Striesen;StB 5 Blasewitz;Wahlbezirk_Brief;0;0;512;512;502;150;94;77;78;11;8;42;9;33;10
2014;52003;52 Striesen-Ost;08 Blasewitz, Striesen;StB 5 Blasewitz;Wahlbezirk_Brief;0;0;541;541;539;160;93;74;123;18;1;39;10;21;2
2014;52100;52 Striesen-Ost;08 Blasewitz, Striesen;StB 5 Blasewitz;Wahlbezirk_Urne;1100;205;510;0;507;123;108;48;134;19;4;36;8;27;3
2014;52200;52 Striesen-Ost;08 Blasewitz, Striesen;StB 5 Blasewitz;Wahlbezirk_Urne;1316;228;660;3;653;159;111;97;138;15;5;56;21;51;7
2014;52300;52 Striesen-Ost;08 Blasewitz, Striesen;StB 5 Blasewitz;Wahlbezirk_Urne;1487;277;774;3;763;182;185;102;189;16;0;39;14;36;11
2014;52400;52 Striesen-Ost;08 Blasewitz, Striesen;StB 5 Blasewitz;Wahlbezirk_Urne;1400;212;760;1;758;218;146;92;141;21;11;68;23;38;2
2014;52501;52 Striesen-Ost;08 Blasewitz, Striesen;StB 5 Blasewitz;Wahlbezirk_Urne;1474;250;662;1;658;177;134;90;126;22;7;48;12;42;4
2014;52502;52 Striesen-Ost;08 Blasewitz, Striesen;StB 5 Blasewitz;Wahlbezirk_Urne;850;149;423;1;420;100;77;58;111;10;2;32;8;22;3
2014;52600;52 Striesen-Ost;08 Blasewitz, Striesen;StB 5 Blasewitz;Wahlbezirk_Urne;1227;178;562;1;558;150;76;93;98;24;7;57;14;39;4
2014;52701;52 Striesen-Ost;08 Blasewitz, Striesen;StB 5 Blasewitz;Wahlbezirk_Urne;936;100;367;0;357;120;48;76;49;5;4;28;11;16;10
2014;52702;52 Striesen-Ost;08 Blasewitz, Striesen;StB 5 Blasewitz;Wahlbezirk_Urne;1085;174;377;2;368;113;57;53;40;9;12;45;15;24;9
2014;53001;53 Striesen-Süd;08 Blasewitz, Striesen;StB 5 Blasewitz;Wahlbezirk_Brief;0;0;643;643;640;192;101;122;90;15;8;60;12;40;3
2014;53002;53 Striesen-Süd;08 Blasewitz, Striesen;StB 5 Blasewitz;Wahlbezirk_Brief;0;0;737;737;731;212;130;155;77;17;13;60;23;44;6
2014;53100;53 Striesen-Süd;08 Blasewitz, Striesen;StB 5 Blasewitz;Wahlbezirk_Urne;1070;211;549;0;540;166;118;76;83;18;7;39;11;22;9
2014;53200;53 Striesen-Süd;08 Blasewitz, Striesen;StB 5 Blasewitz;Wahlbezirk_Urne;1064;163;461;1;446;107;75;93;84;11;5;27;12;32;15
2014;53300;53 Striesen-Süd;08 Blasewitz, Striesen;StB 5 Blasewitz;Wahlbezirk_Urne;1786;300;605;0;593;178;74;153;54;18;8;62;14;32;12
2014;53400;53 Striesen-Süd;08 Blasewitz, Striesen;StB 5 Blasewitz;Wahlbezirk_Urne;1459;262;549;0;531;164;103;116;32;9;13;62;3;29;18
2014;53600;53 Striesen-Süd;08 Blasewitz, Striesen;StB 5 Blasewitz;Wahlbezirk_Urne;974;180;371;2;367;116;70;82;35;9;4;32;6;13;4
2014;53700;53 Striesen-Süd;08 Blasewitz, Striesen;StB 5 Blasewitz;Wahlbezirk_Urne;1245;191;449;1;440;103;66;84;54;11;7;62;20;33;9
2014;53800;53 Striesen-Süd;08 Blasewitz, Striesen;StB 5 Blasewitz;Wahlbezirk_Urne;1079;163;412;0;408;126;70;71;55;14;7;37;10;18;4
2014;54001;54 Striesen-West;08 Blasewitz, Striesen;StB 5 Blasewitz;Wahlbezirk_Brief;0;0;496;496;493;159;94;93;59;8;6;41;6;27;3
2014;54002;54 Striesen-West;08 Blasewitz, Striesen;StB 5 Blasewitz;Wahlbezirk_Brief;0;0;524;524;519;164;98;74;73;19;8;40;11;32;5
2014;54003;54 Striesen-West;08 Blasewitz, Striesen;StB 5 Blasewitz;Wahlbezirk_Brief;0;0;444;444;442;148;69;84;61;14;2;33;13;18;2
2014;54100;54 Striesen-West;08 Blasewitz, Striesen;StB 5 Blasewitz;Wahlbezirk_Urne;1689;249;800;0;794;213;150;171;96;13;7;60;17;67;6
2014;54200;54 Striesen-West;08 Blasewitz, Striesen;StB 5 Blasewitz;Wahlbezirk_Urne;1230;151;583;0;570;141;82;110;107;13;14;38;28;37;13
2014;54300;54 Striesen-West;08 Blasewitz, Striesen;StB 5 Blasewitz;Wahlbezirk_Urne;1376;174;595;0;586;189;99;134;43;17;10;46;14;34;9
2014;54400;54 Striesen-West;08 Blasewitz, Striesen;StB 5 Blasewitz;Wahlbezirk_Urne;1448;262;595;0;586;232;90;91;53;9;9;61;14;27;9
2014;54501;54 Striesen-West;08 Blasewitz, Striesen;StB 5 Blasewitz;Wahlbezirk_Urne;1504;242;677;0;662;221;114;107;69;18;12;69;10;42;15
2014;54502;54 Striesen-West;08 Blasewitz, Striesen;StB 5 Blasewitz;Wahlbezirk_Urne;1502;209;682;2;675;220;122;99;87;27;10;69;19;22;7
2014;54600;54 Striesen-West;08 Blasewitz, Striesen;StB 5 Blasewitz;Wahlbezirk_Urne;1693;267;630;0;619;189;97;110;85;9;15;54;19;41;11
2014;55001;55 Tolkewitz/Seidnitz-Nord;09 Tolkewitz, Seidnitz, Gruna;StB 5 Blasewitz;Wahlbezirk_Brief;0;0;542;542;541;178;80;113;45;10;8;53;8;46;1
2014;55002;55 Tolkewitz/Seidnitz-Nord;09 Tolkewitz, Seidnitz, Gruna;StB 5 Blasewitz;Wahlbezirk_Brief;0;0;584;584;578;180;93;149;39;12;8;45;5;47;6
2014;55101;55 Tolkewitz/Seidnitz-Nord;09 Tolkewitz, Seidnitz, Gruna;StB 5 Blasewitz;Wahlbezirk_Urne;1139;155;441;0;433;138;69;62;61;7;10;50;7;29;8
2014;55102;55 Tolkewitz/Seidnitz-Nord;09 Tolkewitz, Seidnitz, Gruna;StB 5 Blasewitz;Wahlbezirk_Urne;1092;144;508;1;501;136;89;94;75;14;7;50;8;28;7
2014;55200;55 Tolkewitz/Seidnitz-Nord;09 Tolkewitz, Seidnitz, Gruna;StB 5 Blasewitz;Wahlbezirk_Urne;1090;162;409;1;401;121;70;73;32;7;5;52;11;30;8
2014;55300;55 Tolkewitz/Seidnitz-Nord;09 Tolkewitz, Seidnitz, Gruna;StB 5 Blasewitz;Wahlbezirk_Urne;1601;214;613;0;599;214;89;118;39;18;16;62;5;38;14
2014;55400;55 Tolkewitz/Seidnitz-Nord;09 Tolkewitz, Seidnitz, Gruna;StB 5 Blasewitz;Wahlbezirk_Urne;1136;113;394;0;386;110;65;104;14;8;15;42;2;26;8
2014;55600;55 Tolkewitz/Seidnitz-Nord;09 Tolkewitz, Seidnitz, Gruna;StB 5 Blasewitz;Wahlbezirk_Urne;1658;233;455;0;439;124;75;95;28;18;12;47;9;31;16
2014;55800;55 Tolkewitz/Seidnitz-Nord;09 Tolkewitz, Seidnitz, Gruna;StB 5 Blasewitz;Wahlbezirk_Urne;1356;165;493;2;479;125;74;113;44;11;25;49;5;33;14
2014;56001;56 Seidnitz/Dobritz;09 Tolkewitz, Seidnitz, Gruna;StB 5 Blasewitz;Wahlbezirk_Brief;0;0;599;599;593;193;90;133;34;11;12;59;15;46;6
2014;56002;56 Seidnitz/Dobritz;09 Tolkewitz, Seidnitz, Gruna;StB 5 Blasewitz;Wahlbezirk_Brief;0;0;574;574;571;175;91;140;28;9;19;57;13;39;3
2014;56100;56 Seidnitz/Dobritz;09 Tolkewitz, Seidnitz, Gruna;StB 5 Blasewitz;Wahlbezirk_Urne;1528;189;551;0;538;163;77;105;31;20;22;66;17;37;13
2014;56200;56 Seidnitz/Dobritz;09 Tolkewitz, Seidnitz, Gruna;StB 5 Blasewitz;Wahlbezirk_Urne;879;63;322;0;314;83;55;66;8;7;23;45;9;18;8
2014;56300;56 Seidnitz/Dobritz;09 Tolkewitz, Seidnitz, Gruna;StB 5 Blasewitz;Wahlbezirk_Urne;1372;136;528;0;521;156;91;111;27;9;30;53;10;34;7
2014;56401;56 Seidnitz/Dobritz;09 Tolkewitz, Seidnitz, Gruna;StB 5 Blasewitz;Wahlbezirk_Urne;747;110;266;1;260;92;36;40;28;9;6;32;4;13;6
2014;56402;56 Seidnitz/Dobritz;09 Tolkewitz, Seidnitz, Gruna;StB 5 Blasewitz;Wahlbezirk_Urne;1527;137;608;0;592;211;95;109;34;8;18;69;3;45;16
2014;56501;56 Seidnitz/Dobritz;09 Tolkewitz, Seidnitz, Gruna;StB 5 Blasewitz;Wahlbezirk_Urne;903;104;343;0;340;113;45;72;21;5;10;35;9;30;3
2014;56502;56 Seidnitz/Dobritz;09 Tolkewitz, Seidnitz, Gruna;StB 5 Blasewitz;Wahlbezirk_Urne;1438;167;595;0;586;198;93;119;25;14;21;76;12;28;9
2014;56600;56 Seidnitz/Dobritz;09 Tolkewitz, Seidnitz, Gruna;StB 5 Blasewitz;Wahlbezirk_Urne;982;101;295;0;284;96;37;42;18;13;18;38;7;15;11
2014;56800;56 Seidnitz/Dobritz;09 Tolkewitz, Seidnitz, Gruna;StB 5 Blasewitz;Wahlbezirk_Urne;883;109;360;0;353;96;71;95;19;4;8;34;6;20;7
2014;56900;56 Seidnitz/Dobritz;09 Tolkewitz, Seidnitz, Gruna;StB 5 Blasewitz;Wahlbezirk_Urne;1009;117;345;0;342;99;49;87;14;8;8;47;4;26;3
2014;57001;57 Gruna;09 Tolkewitz, Seidnitz, Gruna;StB 5 Blasewitz;Wahlbezirk_Brief;0;0;649;649;645;172;109;169;65;10;6;65;10;39;4
2014;57002;57 Gruna;09 Tolkewitz, Seidnitz, Gruna;StB 5 Blasewitz;Wahlbezirk_Brief;0;0;501;501;500;163;102;102;51;9;8;37;7;21;1
2014;57003;57 Gruna;09 Tolkewitz, Seidnitz, Gruna;StB 5 Blasewitz;Wahlbezirk_Brief;0;0;595;595;591;177;106;124;48;17;13;60;9;37;4
2014;57100;57 Gruna;09 Tolkewitz, Seidnitz, Gruna;StB 5 Blasewitz;Wahlbezirk_Urne;1393;241;495;0;479;152;83;104;34;9;6;53;14;24;16
2014;57200;57 Gruna;09 Tolkewitz, Seidnitz, Gruna;StB 5 Blasewitz;Wahlbezirk_Urne;1578;238;606;1;599;143;90;142;97;15;11;44;15;42;7
2014;57301;57 Gruna;09 Tolkewitz, Seidnitz, Gruna;StB 5 Blasewitz;Wahlbezirk_Urne;886;127;321;0;311;107;47;60;30;5;7;30;5;20;10
2014;57302;57 Gruna;09 Tolkewitz, Seidnitz, Gruna;StB 5 Blasewitz;Wahlbezirk_Urne;789;122;374;0;369;114;67;69;36;13;3;45;1;21;5
2014;57400;57 Gruna;09 Tolkewitz, Seidnitz, Gruna;StB 5 Blasewitz;Wahlbezirk_Urne;1267;201;495;0;478;133;89;89;49;9;14;61;7;27;17
2014;57500;57 Gruna;09 Tolkewitz, Seidnitz, Gruna;StB 5 Blasewitz;Wahlbezirk_Urne;1305;214;474;1;471;126;67;111;46;7;12;49;13;40;3
2014;57600;57 Gruna;09 Tolkewitz, Seidnitz, Gruna;StB 5 Blasewitz;Wahlbezirk_Urne;1317;218;494;0;485;151;86;93;29;8;7;53;13;45;9
2014;57700;57 Gruna;09 Tolkewitz, Seidnitz, Gruna;StB 5 Blasewitz;Wahlbezirk_Urne;970;195;404;0;400;97;66;79;64;6;11;46;5;26;4
2014;57800;57 Gruna;09 Tolkewitz, Seidnitz, Gruna;StB 5 Blasewitz;Wahlbezirk_Urne;1353;291;544;0;535;199;99;80;36;16;12;69;5;19;9
2014;61001;61 Leuben;10 StB Leuben;StB 6 Leuben;Wahlbezirk_Brief;0;0;497;497;492;157;79;113;37;11;16;43;9;27;5
2014;61002;61 Leuben;10 StB Leuben;StB 6 Leuben;Wahlbezirk_Brief;0;0;405;405;401;126;55;115;14;12;16;42;3;18;4
2014;61100;61 Leuben;10 StB Leuben;StB 6 Leuben;Wahlbezirk_Urne;944;86;378;0;370;142;56;80;20;9;14;27;2;20;8
2014;61200;61 Leuben;10 StB Leuben;StB 6 Leuben;Wahlbezirk_Urne;1061;74;430;1;424;146;54;73;31;19;13;50;15;23;6
2014;61300;61 Leuben;10 StB Leuben;StB 6 Leuben;Wahlbezirk_Urne;1648;140;634;0;616;208;95;150;27;16;16;69;6;29;18
2014;61400;61 Leuben;10 StB Leuben;StB 6 Leuben;Wahlbezirk_Urne;997;84;316;0;312;92;47;64;28;12;18;30;7;14;4
2014;61500;61 Leuben;10 StB Leuben;StB 6 Leuben;Wahlbezirk_Urne;1311;145;495;1;483;151;90;103;14;11;23;63;7;21;12
2014;61600;61 Leuben;10 StB Leuben;StB 6 Leuben;Wahlbezirk_Urne;1068;126;382;0;377;104;63;105;12;8;12;47;8;18;5
2014;61700;61 Leuben;10 StB Leuben;StB 6 Leuben;Wahlbezirk_Urne;1099;92;333;0;324;104;44;74;11;7;22;33;3;26;9
2014;61800;61 Leuben;10 StB Leuben;StB 6 Leuben;Wahlbezirk_Urne;1841;212;563;0;545;136;73;155;17;18;44;56;9;37;18
2014;62001;62 Laubegast;10 StB Leuben;StB 6 Leuben;Wahlbezirk_Brief;0;0;548;548;541;182;88;103;44;12;14;51;8;39;7
2014;62002;62 Laubegast;10 StB Leuben;StB 6 Leuben;Wahlbezirk_Brief;0;0;686;686;677;233;103;124;89;13;18;46;12;39;9
2014;62101;62 Laubegast;10 StB Leuben;StB 6 Leuben;Wahlbezirk_Urne;781;77;341;0;339;92;58;71;31;11;21;37;3;15;2
2014;62102;62 Laubegast;10 StB Leuben;StB 6 Leuben;Wahlbezirk_Urne;835;102;402;0;395;131;70;78;38;9;5;36;13;15;7
2014;62200;62 Laubegast;10 StB Leuben;StB 6 Leuben;Wahlbezirk_Urne;1194;118;568;0;554;177;95;111;33;19;17;67;6;29;14
2014;62301;62 Laubegast;10 StB Leuben;StB 6 Leuben;Wahlbezirk_Urne;953;109;383;0;375;105;53;82;30;4;18;57;8;18;8
2014;62302;62 Laubegast;10 StB Leuben;StB 6 Leuben;Wahlbezirk_Urne;1058;166;447;1;429;149;78;78;19;10;9;67;4;15;18
2014;62400;62 Laubegast;10 StB Leuben;StB 6 Leuben;Wahlbezirk_Urne;1330;191;637;0;629;184;103;90;104;13;16;76;14;29;8
2014;62501;62 Laubegast;10 StB Leuben;StB 6 Leuben;Wahlbezirk_Urne;1244;159;542;0;525;167;104;94;50;18;13;46;10;23;17
2014;62502;62 Laubegast;10 StB Leuben;StB 6 Leuben;Wahlbezirk_Urne;1146;166;436;0;429;156;54;73;35;9;21;49;8;24;7
2014;62600;62 Laubegast;10 StB Leuben;StB 6 Leuben;Wahlbezirk_Urne;1532;218;687;0;673;204;123;119;58;15;24;92;7;31;14
2014;63001;63 Kleinzschachwitz;10 StB Leuben;StB 6 Leuben;Wahlbezirk_Brief;0;0;518;518;514;207;79;71;50;21;3;57;1;25;4
2014;63002;63 Kleinzschachwitz;10 StB Leuben;StB 6 Leuben;Wahlbezirk_Brief;0;0;430;430;422;125;72;61;50;14;7;60;6;27;8
2014;63101;63 Kleinzschachwitz;10 StB Leuben;StB 6 Leuben;Wahlbezirk_Urne;962;106;447;0;442;160;74;65;38;19;9;52;5;20;5
2014;63102;63 Kleinzschachwitz;10 StB Leuben;StB 6 Leuben;Wahlbezirk_Urne;1005;143;473;0;462;163;88;72;41;18;9;42;7;22;11
2014;63200;63 Kleinzschachwitz;10 StB Leuben;StB 6 Leuben;Wahlbezirk_Urne;962;118;460;1;452;153;73;69;51;13;12;55;5;21;8
2014;63301;63 Kleinzschachwitz;10 StB Leuben;StB 6 Leuben;Wahlbezirk_Urne;1185;169;569;0;558;214;69;92;42;14;15;79;4;29;11
2014;63302;63 Kleinzschachwitz;10 StB Leuben;StB 6 Leuben;Wahlbezirk_Urne;902;133;405;2;400;160;69;52;29;10;5;53;5;17;5
2014;63401;63 Kleinzschachwitz;10 StB Leuben;StB 6 Leuben;Wahlbezirk_Urne;927;180;442;1;439;187;63;62;23;16;9;55;3;21;3
2014;63402;63 Kleinzschachwitz;10 StB Leuben;StB 6 Leuben;Wahlbezirk_Urne;1046;150;515;1;511;195;75;67;33;25;14;78;3;21;4
2014;64000;64 Großzschachwitz;10 StB Leuben;StB 6 Leuben;Wahlbezirk_Brief;0;0;494;494;490;186;61;94;25;9;17;44;9;45;4
2014;64100;64 Großzschachwitz;10 StB Leuben;StB 6 Leuben;Wahlbezirk_Urne;1079;89;462;0;454;166;69;68;22;18;18;58;13;22;8
2014;64200;64 Großzschachwitz;10 StB Leuben;StB 6 Leuben;Wahlbezirk_Urne;940;106;334;0;325;87;51;68;18;5;18;59;7;12;9
2014;64300;64 Großzschachwitz;10 StB Leuben;StB 6 Leuben;Wahlbezirk_Urne;894;80;319;0;313;83;43;70;18;10;19;39;5;26;6
2014;64400;64 Großzschachwitz;10 StB Leuben;StB 6 Leuben;Wahlbezirk_Urne;994;113;408;1;396;98;56;106;31;4;17;45;11;28;12
2014;64500;64 Großzschachwitz;10 StB Leuben;StB 6 Leuben;Wahlbezirk_Urne;1314;127;526;0;516;185;72;78;43;14;14;67;6;37;10
2014;71000;71 Prohlis-Nord;11 Prohlis, Reick (mit Sternhäuser, Am Koitschgraben);StB 7 Prohlis;Wahlbezirk_Brief;0;0;424;424;421;133;50;119;20;13;22;42;7;15;3
2014;71100;71 Prohlis-Nord;11 Prohlis, Reick (mit Sternhäuser, Am Koitschgraben);StB 7 Prohlis;Wahlbezirk_Urne;973;115;428;0;423;135;61;94;22;9;15;64;0;23;5
2014;71200;71 Prohlis-Nord;11 Prohlis, Reick (mit Sternhäuser, Am Koitschgraben);StB 7 Prohlis;Wahlbezirk_Urne;1803;149;545;0;529;146;72;138;21;11;32;73;11;25;16
2014;71400;71 Prohlis-Nord;11 Prohlis, Reick (mit Sternhäuser, Am Koitschgraben);StB 7 Prohlis;Wahlbezirk_Urne;904;84;323;0;312;82;52;79;21;2;17;38;8;13;11
2014;71500;71 Prohlis-Nord;11 Prohlis, Reick (mit Sternhäuser, Am Koitschgraben);StB 7 Prohlis;Wahlbezirk_Urne;1223;108;363;0;352;94;41;96;5;6;24;55;2;29;11
2014;72000;72 Prohlis-Süd;11 Prohlis, Reick (mit Sternhäuser, Am Koitschgraben);StB 7 Prohlis;Wahlbezirk_Brief;0;0;506;506;499;153;64;147;19;5;22;49;8;32;7
2014;72100;72 Prohlis-Süd;11 Prohlis, Reick (mit Sternhäuser, Am Koitschgraben);StB 7 Prohlis;Wahlbezirk_Urne;1117;71;334;0;326;88;50;101;6;3;27;33;6;12;8
2014;72200;72 Prohlis-Süd;11 Prohlis, Reick (mit Sternhäuser, Am Koitschgraben);StB 7 Prohlis;Wahlbezirk_Urne;1052;64;309;0;295;83;42;83;7;9;24;30;1;16;14
2014;72300;72 Prohlis-Süd;11 Prohlis, Reick (mit Sternhäuser, Am Koitschgraben);StB 7 Prohlis;Wahlbezirk_Urne;1451;103;385;0;371;117;46;106;11;4;23;36;2;26;14
2014;72500;72 Prohlis-Süd;11 Prohlis, Reick (mit Sternhäuser, Am Koitschgraben);StB 7 Prohlis;Wahlbezirk_Urne;1479;111;407;0;388;115;53;101;9;4;25;50;8;23;19
2014;72700;72 Prohlis-Süd;11 Prohlis, Reick (mit Sternhäuser, Am Koitschgraben);StB 7 Prohlis;Wahlbezirk_Urne;1883;198;557;1;542;139;72;173;20;7;19;58;11;43;15
2014;73000;73 Niedersedlitz;12 Niedersedlitz, Leubnitz, Strehlen (ohne Sternhäuser, Am Koitschgraben);StB 7 Prohlis;Wahlbezirk_Brief;0;0;592;592;583;188;89;112;35;25;12;83;3;36;9
2014;73101;73 Niedersedlitz;12 Niedersedlitz, Leubnitz, Strehlen (ohne Sternhäuser, Am Koitschgraben);StB 7 Prohlis;Wahlbezirk_Urne;1178;144;550;0;545;205;88;89;39;21;24;49;6;24;5
2014;73102;73 Niedersedlitz;12 Niedersedlitz, Leubnitz, Strehlen (ohne Sternhäuser, Am Koitschgraben);StB 7 Prohlis;Wahlbezirk_Urne;1498;202;623;0;613;228;87;113;40;15;18;65;8;39;10
2014;73200;73 Niedersedlitz;12 Niedersedlitz, Leubnitz, Strehlen (ohne Sternhäuser, Am Koitschgraben);StB 7 Prohlis;Wahlbezirk_Urne;1076;130;488;0;480;171;64;59;46;26;24;48;5;37;8
2014;73300;73 Niedersedlitz;12 Niedersedlitz, Leubnitz, Strehlen (ohne Sternhäuser, Am Koitschgraben);StB 7 Prohlis;Wahlbezirk_Urne;902;147;339;0;334;120;58;57;14;13;8;46;4;14;5
2014;74000;74 Lockwitz;12 Niedersedlitz, Leubnitz, Strehlen (ohne Sternhäuser, Am Koitschgraben);StB 7 Prohlis;Wahlbezirk_Brief;0;0;552;552;542;202;85;92;39;17;7;57;8;35;10
2014;74100;74 Lockwitz;12 Niedersedlitz, Leubnitz, Strehlen (ohne Sternhäuser, Am Koitschgraben);StB 7 Prohlis;Wahlbezirk_Urne;687;63;286;0;279;101;35;43;10;14;21;28;8;19;7
2014;74201;74 Lockwitz;12 Niedersedlitz, Leubnitz, Strehlen (ohne Sternhäuser, Am Koitschgraben);StB 7 Prohlis;Wahlbezirk_Urne;1186;170;563;0;551;228;67;90;38;26;18;59;5;20;12
2014;74202;74 Lockwitz;12 Niedersedlitz, Leubnitz, Strehlen (ohne Sternhäuser, Am Koitschgraben);StB 7 Prohlis;Wahlbezirk_Urne;830;85;427;3;421;166;50;57;38;17;17;47;7;22;6
2014;74301;74 Lockwitz;12 Niedersedlitz, Leubnitz, Strehlen (ohne Sternhäuser, Am Koitschgraben);StB 7 Prohlis;Wahlbezirk_Urne;1389;143;628;0;622;232;96;82;35;19;17;95;14;32;6
2014;74302;74 Lockwitz;12 Niedersedlitz, Leubnitz, Strehlen (ohne Sternhäuser, Am Koitschgraben);StB 7 Prohlis;Wahlbezirk_Urne;1215;126;580;0;574;225;71;115;35;10;23;64;10;21;6
2014;75001;75 Leubnitz-Neuostra;12 Niedersedlitz, Leubnitz, Strehlen (ohne Sternhäuser, Am Koitschgraben);StB 7 Prohlis;Wahlbezirk_Brief;0;0;562;562;559;185;102;107;46;12;11;66;5;25;3
2014;75002;75 Leubnitz-Neuostra;12 Niedersedlitz, Leubnitz, Strehlen (ohne Sternhäuser, Am Koitschgraben);StB 7 Prohlis;Wahlbezirk_Brief;0;0;549;549;543;168;89;124;63;8;10;51;8;22;6
2014;75003;75 Leubnitz-Neuostra;12 Niedersedlitz, Leubnitz, Strehlen (ohne Sternhäuser, Am Koitschgraben);StB 7 Prohlis;Wahlbezirk_Brief;0;0;656;656;648;232;102;112;51;13;15;77;13;33;8
2014;75100;75 Leubnitz-Neuostra;12 Niedersedlitz, Leubnitz, Strehlen (ohne Sternhäuser, Am Koitschgraben);StB 7 Prohlis;Wahlbezirk_Urne;1069;168;479;0;468;146;80;89;38;17;12;58;7;21;11
2014;75201;75 Leubnitz-Neuostra;12 Niedersedlitz, Leubnitz, Strehlen (ohne Sternhäuser, Am Koitschgraben);StB 7 Prohlis;Wahlbezirk_Urne;1038;211;476;1;473;159;99;65;53;13;7;54;4;19;3
2014;75202;75 Leubnitz-Neuostra;12 Niedersedlitz, Leubnitz, Strehlen (ohne Sternhäuser, Am Koitschgraben);StB 7 Prohlis;Wahlbezirk_Urne;1263;213;463;0;451;167;100;72;26;9;13;43;4;17;12
2014;75300;75 Leubnitz-Neuostra;12 Niedersedlitz, Leubnitz, Strehlen (ohne Sternhäuser, Am Koitschgraben);StB 7 Prohlis;Wahlbezirk_Urne;949;72;211;1;206;50;25;55;12;5;19;16;9;15;5
2014;75500;75 Leubnitz-Neuostra;12 Niedersedlitz, Leubnitz, Strehlen (ohne Sternhäuser, Am Koitschgraben);StB 7 Prohlis;Wahlbezirk_Urne;1011;155;491;0;483;178;64;82;61;10;6;38;7;37;8
2014;75600;75 Leubnitz-Neuostra;12 Niedersedlitz, Leubnitz, Strehlen (ohne Sternhäuser, Am Koitschgraben);StB 7 Prohlis;Wahlbezirk_Urne;1115;178;439;1;429;133;90;80;33;16;6;43;8;20;10
2014;75700;75 Leubnitz-Neuostra;12 Niedersedlitz, Leubnitz, Strehlen (ohne Sternhäuser, Am Koitschgraben);StB 7 Prohlis;Wahlbezirk_Urne;1235;171;490;0;476;147;73;99;36;10;24;48;10;29;14
2014;75800;75 Leubnitz-Neuostra;12 Niedersedlitz, Leubnitz, Strehlen (ohne Sternhäuser, Am Koitschgraben);StB 7 Prohlis;Wahlbezirk_Urne;1371;172;588;1;575;178;89;142;44;14;18;67;5;18;13
2014;75901;75 Leubnitz-Neuostra;12 Niedersedlitz, Leubnitz, Strehlen (ohne Sternhäuser, Am Koitschgraben);StB 7 Prohlis;Wahlbezirk_Urne;769;145;347;2;343;114;63;78;24;10;2;37;4;11;4
2014;75902;75 Leubnitz-Neuostra;12 Niedersedlitz, Leubnitz, Strehlen (ohne Sternhäuser, Am Koitschgraben);StB 7 Prohlis;Wahlbezirk_Urne;996;210;427;0;423;129;71;55;51;12;7;62;10;26;4
2014;75903;75 Leubnitz-Neuostra;12 Niedersedlitz, Leubnitz, Strehlen (ohne Sternhäuser, Am Koitschgraben);StB 7 Prohlis;Wahlbezirk_Urne;938;161;410;0;401;148;74;52;40;12;16;35;4;20;9
2014;76001;76 Strehlen;12 Niedersedlitz, Leubnitz, Strehlen (ohne Sternhäuser, Am Koitschgraben);StB 7 Prohlis;Wahlbezirk_Brief;0;0;591;591;583;159;96;101;119;18;4;39;16;31;8
2014;76002;76 Strehlen;11 Prohlis, Reick (mit Sternhäuser, Am Koitschgraben);StB 7 Prohlis;Wahlbezirk_Brief;0;0;160;160;158;48;28;34;12;8;1;15;4;8;2
2014;76002;76 Strehlen;12 Niedersedlitz, Leubnitz, Strehlen (ohne Sternhäuser, Am Koitschgraben);StB 7 Prohlis;Wahlbezirk_Brief;0;0;368;368;363;112;63;78;27;18;2;36;8;19;5
2014;76100;76 Strehlen;12 Niedersedlitz, Leubnitz, Strehlen (ohne Sternhäuser, Am Koitschgraben);StB 7 Prohlis;Wahlbezirk_Urne;1335;241;581;2;576;169;120;56;85;20;8;47;27;44;5
2014;76200;76 Strehlen;12 Niedersedlitz, Leubnitz, Strehlen (ohne Sternhäuser, Am Koitschgraben);StB 7 Prohlis;Wahlbezirk_Urne;1273;195;578;1;569;144;104;87;88;24;14;46;13;49;9
2014;76300;76 Strehlen;12 Niedersedlitz, Leubnitz, Strehlen (ohne Sternhäuser, Am Koitschgraben);StB 7 Prohlis;Wahlbezirk_Urne;1196;185;582;0;579;118;103;111;134;11;15;24;18;45;3
2014;76400;76 Strehlen;12 Niedersedlitz, Leubnitz, Strehlen (ohne Sternhäuser, Am Koitschgraben);StB 7 Prohlis;Wahlbezirk_Urne;547;111;244;0;237;75;48;57;21;6;2;15;3;10;7
2014;76500;76 Strehlen;12 Niedersedlitz, Leubnitz, Strehlen (ohne Sternhäuser, Am Koitschgraben);StB 7 Prohlis;Wahlbezirk_Urne;1472;280;520;0;514;164;71;88;47;20;20;60;19;25;6
2014;76600;76 Strehlen;11 Prohlis, Reick (mit Sternhäuser, Am Koitschgraben);StB 7 Prohlis;Wahlbezirk_Urne;1244;117;420;0;411;105;56;102;27;9;26;44;11;31;9
2014;76700;76 Strehlen;11 Prohlis, Reick (mit Sternhäuser, Am Koitschgraben);StB 7 Prohlis;Wahlbezirk_Urne;1213;53;245;0;236;37;20;65;21;10;24;33;15;11;9
2014;77000;77 Reick;11 Prohlis, Reick (mit Sternhäuser, Am Koitschgraben);StB 7 Prohlis;Wahlbezirk_Brief;0;0;449;449;445;161;50;111;13;7;19;43;5;36;4
2014;77100;77 Reick;11 Prohlis, Reick (mit Sternhäuser, Am Koitschgraben);StB 7 Prohlis;Wahlbezirk_Urne;1375;174;467;0;457;140;70;102;26;9;19;49;7;35;10
2014;77200;77 Reick;11 Prohlis, Reick (mit Sternhäuser, Am Koitschgraben);StB 7 Prohlis;Wahlbezirk_Urne;1760;214;629;0;615;197;110;140;20;10;29;58;17;34;14
2014;77300;77 Reick;11 Prohlis, Reick (mit Sternhäuser, Am Koitschgraben);StB 7 Prohlis;Wahlbezirk_Urne;1212;85;298;0;293;74;50;49;12;6;28;44;5;25;5
2014;81001;81 Südvorstadt-West;13 Südvorstadt, Zschertnitz;StB 8 Plauen;Wahlbezirk_Brief;0;0;525;525;521;149;78;106;56;17;10;60;16;29;4
2014;81002;81 Südvorstadt-West;13 Südvorstadt, Zschertnitz;StB 8 Plauen;Wahlbezirk_Brief;0;0;446;446;444;130;71;90;42;17;10;29;16;39;2
2014;81003;81 Südvorstadt-West;13 Südvorstadt, Zschertnitz;StB 8 Plauen;Wahlbezirk_Brief;0;0;546;546;541;147;106;95;75;18;6;43;14;37;5
2014;81100;81 Südvorstadt-West;13 Südvorstadt, Zschertnitz;StB 8 Plauen;Wahlbezirk_Urne;1037;137;375;0;364;78;63;90;28;6;15;40;16;28;11
2014;81200;81 Südvorstadt-West;13 Südvorstadt, Zschertnitz;StB 8 Plauen;Wahlbezirk_Urne;1596;222;700;4;681;178;111;167;78;16;14;52;24;41;19
2014;81400;81 Südvorstadt-West;13 Südvorstadt, Zschertnitz;StB 8 Plauen;Wahlbezirk_Urne;1669;281;696;3;683;164;107;132;81;26;11;67;36;59;13
2014;81500;81 Südvorstadt-West;13 Südvorstadt, Zschertnitz;StB 8 Plauen;Wahlbezirk_Urne;1181;191;505;0;496;107;87;101;79;13;8;39;30;32;9
2014;81700;81 Südvorstadt-West;13 Südvorstadt, Zschertnitz;StB 8 Plauen;Wahlbezirk_Urne;1729;316;709;2;695;157;112;113;148;28;7;53;34;43;14
2014;81800;81 Südvorstadt-West;13 Südvorstadt, Zschertnitz;StB 8 Plauen;Wahlbezirk_Urne;1075;194;448;0;444;99;81;85;66;22;8;24;21;38;4
2014;81900;81 Südvorstadt-West;13 Südvorstadt, Zschertnitz;StB 8 Plauen;Wahlbezirk_Urne;1111;255;417;1;413;93;77;70;68;9;8;36;14;38;4
2014;82001;82 Südvorstadt-Ost;13 Südvorstadt, Zschertnitz;StB 8 Plauen;Wahlbezirk_Brief;0;0;487;487;482;113;73;105;68;11;4;49;17;42;5
2014;82002;82 Südvorstadt-Ost;13 Südvorstadt, Zschertnitz;StB 8 Plauen;Wahlbezirk_Brief;0;0;345;345;343;89;65;45;65;12;0;20;21;26;2
2014;82100;82 Südvorstadt-Ost;13 Südvorstadt, Zschertnitz;StB 8 Plauen;Wahlbezirk_Urne;1012;124;407;1;398;82;53;111;45;14;6;19;28;40;9
2014;82200;82 Südvorstadt-Ost;13 Südvorstadt, Zschertnitz;StB 8 Plauen;Wahlbezirk_Urne;1145;175;519;0;507;121;96;87;64;15;12;51;24;37;12
2014;82300;82 Südvorstadt-Ost;13 Südvorstadt, Zschertnitz;StB 8 Plauen;Wahlbezirk_Urne;1190;218;568;1;559;146;94;97;97;18;3;35;26;43;9
2014;82400;82 Südvorstadt-Ost;13 Südvorstadt, Zschertnitz;StB 8 Plauen;Wahlbezirk_Urne;1263;211;576;0;571;146;110;107;58;24;7;57;18;44;5
2014;82500;82 Südvorstadt-Ost;13 Südvorstadt, Zschertnitz;StB 8 Plauen;Wahlbezirk_Urne;1044;173;502;3;499;80;80;66;96;18;1;37;63;58;3
2014;83001;83 Räcknitz/Zschertnitz;13 Südvorstadt, Zschertnitz;StB 8 Plauen;Wahlbezirk_Brief;0;0;570;570;565;179;103;121;50;15;14;33;9;41;5
2014;83002;83 Räcknitz/Zschertnitz;13 Südvorstadt, Zschertnitz;StB 8 Plauen;Wahlbezirk_Brief;0;0;671;671;664;239;105;124;61;18;20;52;19;26;7
2014;83100;83 Räcknitz/Zschertnitz;13 Südvorstadt, Zschertnitz;StB 8 Plauen;Wahlbezirk_Urne;1018;166;464;1;455;118;92;63;68;14;6;32;26;36;9
2014;83200;83 Räcknitz/Zschertnitz;13 Südvorstadt, Zschertnitz;StB 8 Plauen;Wahlbezirk_Urne;864;124;317;0;310;81;48;82;16;4;9;50;7;13;7
2014;83300;83 Räcknitz/Zschertnitz;13 Südvorstadt, Zschertnitz;StB 8 Plauen;Wahlbezirk_Urne;1249;219;491;0;477;144;79;111;24;15;24;47;7;26;14
2014;83400;83 Räcknitz/Zschertnitz;13 Südvorstadt, Zschertnitz;StB 8 Plauen;Wahlbezirk_Urne;1562;261;679;0;658;195;126;138;44;10;12;74;15;44;21
2014;83500;83 Räcknitz/Zschertnitz;13 Südvorstadt, Zschertnitz;StB 8 Plauen;Wahlbezirk_Urne;1261;171;496;1;489;114;70;112;40;15;16;47;27;48;7
2014;83700;83 Räcknitz/Zschertnitz;13 Südvorstadt, Zschertnitz;StB 8 Plauen;Wahlbezirk_Urne;1011;161;445;0;434;133;74;102;35;10;8;44;12;16;11
2014;83800;83 Räcknitz/Zschertnitz;13 Südvorstadt, Zschertnitz;StB 8 Plauen;Wahlbezirk_Urne;1140;196;479;0;470;132;82;112;31;14;6;52;10;31;9
2014;84001;84 Kleinpestitz/Mockritz;14 Mockritz, Coschütz, Plauen;StB 8 Plauen;Wahlbezirk_Brief;0;0;401;401;401;116;57;112;21;10;14;40;4;27;0
2014;84002;84 Kleinpestitz/Mockritz;14 Mockritz, Coschütz, Plauen;StB 8 Plauen;Wahlbezirk_Brief;0;0;496;496;494;163;92;75;60;12;8;52;2;30;2
2014;84100;84 Kleinpestitz/Mockritz;14 Mockritz, Coschütz, Plauen;StB 8 Plauen;Wahlbezirk_Urne;1297;162;575;2;565;170;101;121;34;10;22;66;13;28;10
2014;84200;84 Kleinpestitz/Mockritz;14 Mockritz, Coschütz, Plauen;StB 8 Plauen;Wahlbezirk_Urne;862;99;366;0;354;93;63;94;11;10;15;44;4;20;12
2014;84300;84 Kleinpestitz/Mockritz;14 Mockritz, Coschütz, Plauen;StB 8 Plauen;Wahlbezirk_Urne;1180;159;450;0;439;143;69;97;19;13;16;50;10;22;11
2014;84400;84 Kleinpestitz/Mockritz;14 Mockritz, Coschütz, Plauen;StB 8 Plauen;Wahlbezirk_Urne;575;70;272;0;268;106;32;36;26;6;2;39;3;18;4
2014;84501;84 Kleinpestitz/Mockritz;14 Mockritz, Coschütz, Plauen;StB 8 Plauen;Wahlbezirk_Urne;1299;235;616;0;606;213;87;84;100;20;10;64;12;16;10
2014;84502;84 Kleinpestitz/Mockritz;14 Mockritz, Coschütz, Plauen;StB 8 Plauen;Wahlbezirk_Urne;1057;217;409;1;404;134;62;74;36;12;11;45;7;23;5
2014;85000;85 Coschütz/Gittersee;14 Mockritz, Coschütz, Plauen;StB 8 Plauen;Wahlbezirk_Brief;0;0;687;687;685;249;103;125;74;15;16;60;12;31;2
2014;85100;85 Coschütz/Gittersee;14 Mockritz, Coschütz, Plauen;StB 8 Plauen;Wahlbezirk_Urne;1441;298;536;0;521;155;93;99;50;10;13;67;12;22;15
2014;85200;85 Coschütz/Gittersee;14 Mockritz, Coschütz, Plauen;StB 8 Plauen;Wahlbezirk_Urne;1453;269;633;1;627;226;97;98;58;27;27;49;11;34;6
2014;85301;85 Coschütz/Gittersee;14 Mockritz, Coschütz, Plauen;StB 8 Plauen;Wahlbezirk_Urne;895;77;390;0;380;122;41;61;49;11;21;49;7;19;10
2014;85302;85 Coschütz/Gittersee;14 Mockritz, Coschütz, Plauen;StB 8 Plauen;Wahlbezirk_Urne;874;80;377;0;369;138;54;63;22;14;9;47;7;15;8
2014;86001;86 Plauen;14 Mockritz, Coschütz, Plauen;StB 8 Plauen;Wahlbezirk_Brief;0;0;387;387;386;92;74;58;79;14;4;24;21;20;1
2014;86002;86 Plauen;14 Mockritz, Coschütz, Plauen;StB 8 Plauen;Wahlbezirk_Brief;0;0;557;557;553;144;86;91;108;18;9;50;14;33;4
2014;86003;86 Plauen;14 Mockritz, Coschütz, Plauen;StB 8 Plauen;Wahlbezirk_Brief;0;0;516;516;512;159;116;69;76;18;3;42;9;20;4
2014;86100;86 Plauen;14 Mockritz, Coschütz, Plauen;StB 8 Plauen;Wahlbezirk_Urne;1427;225;654;0;647;169;121;100;122;25;7;45;19;39;7
2014;86200;86 Plauen;14 Mockritz, Coschütz, Plauen;StB 8 Plauen;Wahlbezirk_Urne;1148;186;615;1;604;159;136;68;91;22;11;66;17;34;11
2014;86300;86 Plauen;14 Mockritz, Coschütz, Plauen;StB 8 Plauen;Wahlbezirk_Urne;1313;238;625;0;621;140;115;130;85;18;9;60;21;43;4
2014;86400;86 Plauen;14 Mockritz, Coschütz, Plauen;StB 8 Plauen;Wahlbezirk_Urne;977;187;484;0;478;122;96;77;95;17;4;41;6;20;6
2014;86500;86 Plauen;14 Mockritz, Coschütz, Plauen;StB 8 Plauen;Wahlbezirk_Urne;1199;155;620;0;610;132;112;68;148;23;3;44;30;50;10
2014;86600;86 Plauen;14 Mockritz, Coschütz, Plauen;StB 8 Plauen;Wahlbezirk_Urne;1042;146;484;0;478;114;103;65;91;14;5;42;13;31;6
2014;86700;86 Plauen;14 Mockritz, Coschütz, Plauen;StB 8 Plauen;Wahlbezirk_Urne;711;148;363;1;362;130;61;49;44;13;1;31;10;23;1
2014;86800;86 Plauen;14 Mockritz, Coschütz, Plauen;StB 8 Plauen;Wahlbezirk_Urne;1136;244;497;0;494;140;117;67;74;14;4;42;9;27;3
2014;90010;90 Cossebaude/Mobschatz/Oberw.;17 Briesnitz und westliche OS;StB 9 Cotta/westliche Ortschaften;Wahlbezirk_Brief;0;0;680;680;677;229;104;119;67;28;17;75;11;27;3
2014;90110;90 Cossebaude/Mobschatz/Oberw.;17 Briesnitz und westliche OS;StB 9 Cotta/westliche Ortschaften;Wahlbezirk_Urne;1559;137;635;0;618;230;90;99;42;15;26;67;14;35;17
2014;90210;90 Cossebaude/Mobschatz/Oberw.;17 Briesnitz und westliche OS;StB 9 Cotta/westliche Ortschaften;Wahlbezirk_Urne;1143;169;521;0;507;208;84;65;40;12;12;61;3;22;14
2014;90311;90 Cossebaude/Mobschatz/Oberw.;17 Briesnitz und westliche OS;StB 9 Cotta/westliche Ortschaften;Wahlbezirk_Urne;629;72;309;1;304;96;50;40;39;10;16;30;5;18;5
2014;90312;90 Cossebaude/Mobschatz/Oberw.;17 Briesnitz und westliche OS;StB 9 Cotta/westliche Ortschaften;Wahlbezirk_Urne;944;96;341;0;333;140;43;59;21;5;19;27;7;12;8
2014;90410;90 Cossebaude/Mobschatz/Oberw.;17 Briesnitz und westliche OS;StB 9 Cotta/westliche Ortschaften;Wahlbezirk_Urne;339;46;162;0;158;66;24;18;14;3;3;19;2;9;4
2014;90510;90 Cossebaude/Mobschatz/Oberw.;17 Briesnitz und westliche OS;StB 9 Cotta/westliche Ortschaften;Wahlbezirk_Urne;319;34;171;0;168;69;11;20;14;3;6;32;2;11;3
2014;90610;90 Cossebaude/Mobschatz/Oberw.;17 Briesnitz und westliche OS;StB 9 Cotta/westliche Ortschaften;Wahlbezirk_Urne;803;115;358;0;341;146;51;41;29;6;14;32;3;19;17
2014;90710;90 Cossebaude/Mobschatz/Oberw.;17 Briesnitz und westliche OS;StB 9 Cotta/westliche Ortschaften;Wahlbezirk_Urne;413;48;203;0;195;94;20;19;15;2;7;30;2;6;8
2014;91001;91 Cotta;15 Cotta, Löbtau, Naußlitz, Dölzschen;StB 9 Cotta/westliche Ortschaften;Wahlbezirk_Brief;0;0;501;501;494;150;81;81;56;13;11;38;24;40;7
2014;91002;91 Cotta;15 Cotta, Löbtau, Naußlitz, Dölzschen;StB 9 Cotta/westliche Ortschaften;Wahlbezirk_Brief;0;0;392;392;389;116;51;74;42;6;13;46;16;25;3
2014;91101;91 Cotta;15 Cotta, Löbtau, Naußlitz, Dölzschen;StB 9 Cotta/westliche Ortschaften;Wahlbezirk_Urne;976;90;343;0;339;82;66;58;37;9;18;39;9;21;4
2014;91102;91 Cotta;15 Cotta, Löbtau, Naußlitz, Dölzschen;StB 9 Cotta/westliche Ortschaften;Wahlbezirk_Urne;1040;126;402;0;399;116;59;80;29;8;15;41;21;30;3
2014;91200;91 Cotta;15 Cotta, Löbtau, Naußlitz, Dölzschen;StB 9 Cotta/westliche Ortschaften;Wahlbezirk_Urne;1593;157;615;0;608;148;80;119;66;24;27;87;8;49;7
2014;91300;91 Cotta;15 Cotta, Löbtau, Naußlitz, Dölzschen;StB 9 Cotta/westliche Ortschaften;Wahlbezirk_Urne;1530;153;530;0;520;126;74;109;59;18;7;56;21;50;10
2014;91400;91 Cotta;15 Cotta, Löbtau, Naußlitz, Dölzschen;StB 9 Cotta/westliche Ortschaften;Wahlbezirk_Urne;1015;100;367;0;355;103;39;79;24;7;10;54;12;27;12
2014;91501;91 Cotta;15 Cotta, Löbtau, Naußlitz, Dölzschen;StB 9 Cotta/westliche Ortschaften;Wahlbezirk_Urne;1351;158;428;2;425;112;61;97;43;10;21;41;11;29;3
2014;91502;91 Cotta;15 Cotta, Löbtau, Naußlitz, Dölzschen;StB 9 Cotta/westliche Ortschaften;Wahlbezirk_Urne;1334;162;397;1;385;90;54;69;49;7;8;45;25;38;12
2014;92001;92 Löbtau-Nord;15 Cotta, Löbtau, Naußlitz, Dölzschen;StB 9 Cotta/westliche Ortschaften;Wahlbezirk_Brief;0;0;308;308;307;68;48;48;65;11;1;20;16;30;1
2014;92002;92 Löbtau-Nord;15 Cotta, Löbtau, Naußlitz, Dölzschen;StB 9 Cotta/westliche Ortschaften;Wahlbezirk_Brief;0;0;383;383;379;84;66;63;64;11;6;18;22;45;4
2014;92100;92 Löbtau-Nord;15 Cotta, Löbtau, Naußlitz, Dölzschen;StB 9 Cotta/westliche Ortschaften;Wahlbezirk_Urne;1469;164;500;2;497;106;67;69;89;17;13;37;39;60;3
2014;92200;92 Löbtau-Nord;15 Cotta, Löbtau, Naußlitz, Dölzschen;StB 9 Cotta/westliche Ortschaften;Wahlbezirk_Urne;1592;170;579;0;566;111;103;90;110;15;10;44;27;56;13
2014;92300;92 Löbtau-Nord;15 Cotta, Löbtau, Naußlitz, Dölzschen;StB 9 Cotta/westliche Ortschaften;Wahlbezirk_Urne;1520;207;585;3;579;123;74;92;130;7;10;50;29;64;6
2014;92400;92 Löbtau-Nord;15 Cotta, Löbtau, Naußlitz, Dölzschen;StB 9 Cotta/westliche Ortschaften;Wahlbezirk_Urne;938;88;417;0;413;72;57;103;62;7;15;38;17;42;4
2014;92500;92 Löbtau-Nord;15 Cotta, Löbtau, Naußlitz, Dölzschen;StB 9 Cotta/westliche Ortschaften;Wahlbezirk_Urne;1282;115;484;0;477;95;77;93;78;12;15;31;39;37;7
2014;93001;93 Löbtau-Süd;15 Cotta, Löbtau, Naußlitz, Dölzschen;StB 9 Cotta/westliche Ortschaften;Wahlbezirk_Brief;0;0;637;637;633;176;93;89;147;17;5;28;30;48;4
2014;93002;93 Löbtau-Süd;15 Cotta, Löbtau, Naußlitz, Dölzschen;StB 9 Cotta/westliche Ortschaften;Wahlbezirk_Brief;0;0;522;522;520;116;83;86;95;15;5;29;28;63;2
2014;93101;93 Löbtau-Süd;15 Cotta, Löbtau, Naußlitz, Dölzschen;StB 9 Cotta/westliche Ortschaften;Wahlbezirk_Urne;1274;155;542;1;536;124;62;95;105;11;11;37;28;63;6
2014;93102;93 Löbtau-Süd;15 Cotta, Löbtau, Naußlitz, Dölzschen;StB 9 Cotta/westliche Ortschaften;Wahlbezirk_Urne;1136;142;487;1;483;90;70;86;99;12;12;37;25;52;4
2014;93200;93 Löbtau-Süd;15 Cotta, Löbtau, Naußlitz, Dölzschen;StB 9 Cotta/westliche Ortschaften;Wahlbezirk_Urne;1698;213;700;4;686;171;106;112;116;22;11;47;39;62;14
2014;93300;93 Löbtau-Süd;15 Cotta, Löbtau, Naußlitz, Dölzschen;StB 9 Cotta/westliche Ortschaften;Wahlbezirk_Urne;1017;170;397;0;393;100;59;70;77;10;4;20;23;30;4
2014;93400;93 Löbtau-Süd;15 Cotta, Löbtau, Naußlitz, Dölzschen;StB 9 Cotta/westliche Ortschaften;Wahlbezirk_Urne;957;116;406;0;395;99;60;86;42;8;8;43;17;32;11
2014;93500;93 Löbtau-Süd;15 Cotta, Löbtau, Naußlitz, Dölzschen;StB 9 Cotta/westliche Ortschaften;Wahlbezirk_Urne;1410;181;538;1;536;117;93;99;69;7;16;60;27;48;2
2014;93600;93 Löbtau-Süd;15 Cotta, Löbtau, Naußlitz, Dölzschen;StB 9 Cotta/westliche Ortschaften;Wahlbezirk_Urne;1598;250;568;3;563;142;71;107;81;18;15;54;26;49;5
2014;94001;94 Naußlitz;15 Cotta, Löbtau, Naußlitz, Dölzschen;StB 9 Cotta/westliche Ortschaften;Wahlbezirk_Brief;0;0;513;513;507;167;65;111;50;14;5;45;12;38;6
2014;94002;94 Naußlitz;15 Cotta, Löbtau, Naußlitz, Dölzschen;StB 9 Cotta/westliche Ortschaften;Wahlbezirk_Brief;0;0;474;474;468;157;89;66;40;16;12;57;6;25;6
2014;94101;94 Naußlitz;15 Cotta, Löbtau, Naußlitz, Dölzschen;StB 9 Cotta/westliche Ortschaften;Wahlbezirk_Urne;931;102;292;0;285;81;48;48;31;7;13;26;11;20;7
2014;94102;94 Naußlitz;15 Cotta, Löbtau, Naußlitz, Dölzschen;StB 9 Cotta/westliche Ortschaften;Wahlbezirk_Urne;1007;114;305;0;299;90;45;49;30;6;9;32;13;25;6
2014;94200;94 Naußlitz;15 Cotta, Löbtau, Naußlitz, Dölzschen;StB 9 Cotta/westliche Ortschaften;Wahlbezirk_Urne;1264;132;479;0;473;160;72;90;46;10;11;46;9;29;6
2014;94400;94 Naußlitz;15 Cotta, Löbtau, Naußlitz, Dölzschen;StB 9 Cotta/westliche Ortschaften;Wahlbezirk_Urne;1116;186;443;1;436;152;55;75;44;13;9;64;5;19;7
2014;94501;94 Naußlitz;15 Cotta, Löbtau, Naußlitz, Dölzschen;StB 9 Cotta/westliche Ortschaften;Wahlbezirk_Urne;963;211;414;0;409;155;70;75;41;5;2;35;6;20;5
2014;94502;94 Naußlitz;15 Cotta, Löbtau, Naußlitz, Dölzschen;StB 9 Cotta/westliche Ortschaften;Wahlbezirk_Urne;815;127;357;0;351;120;63;50;34;5;9;44;5;21;6
2014;94600;94 Naußlitz;15 Cotta, Löbtau, Naußlitz, Dölzschen;StB 9 Cotta/westliche Ortschaften;Wahlbezirk_Urne;1393;180;574;1;565;175;90;94;71;19;8;58;10;40;9
2014;95000;95 Gorbitz-Süd;16 Gorbitz;StB 9 Cotta/westliche Ortschaften;Wahlbezirk_Brief;0;0;545;545;543;155;72;163;24;5;19;54;9;42;2
2014;95100;95 Gorbitz-Süd;16 Gorbitz;StB 9 Cotta/westliche Ortschaften;Wahlbezirk_Urne;1899;153;463;1;450;86;61;141;22;14;34;33;16;43;13
2014;95200;95 Gorbitz-Süd;16 Gorbitz;StB 9 Cotta/westliche Ortschaften;Wahlbezirk_Urne;1233;69;273;0;258;63;23;79;7;3;26;36;8;13;15
2014;95400;95 Gorbitz-Süd;16 Gorbitz;StB 9 Cotta/westliche Ortschaften;Wahlbezirk_Urne;952;70;352;0;330;96;52;78;12;5;19;44;6;18;22
2014;95500;95 Gorbitz-Süd;16 Gorbitz;StB 9 Cotta/westliche Ortschaften;Wahlbezirk_Urne;1424;169;453;0;443;123;71;89;22;5;22;69;8;34;10
2014;95600;95 Gorbitz-Süd;16 Gorbitz;StB 9 Cotta/westliche Ortschaften;Wahlbezirk_Urne;1226;121;353;1;347;69;45;87;21;6;33;54;10;22;6
2014;96000;96 Gorbitz-Ost;16 Gorbitz;StB 9 Cotta/westliche Ortschaften;Wahlbezirk_Brief;0;0;485;485;477;146;68;111;35;7;17;47;17;29;8
2014;96100;96 Gorbitz-Ost;16 Gorbitz;StB 9 Cotta/westliche Ortschaften;Wahlbezirk_Urne;1537;176;490;0;476;99;70;127;43;3;24;60;10;40;14
2014;96300;96 Gorbitz-Ost;16 Gorbitz;StB 9 Cotta/westliche Ortschaften;Wahlbezirk_Urne;1779;174;492;0;474;119;62;125;27;12;20;46;18;45;18
2014;96600;96 Gorbitz-Ost;16 Gorbitz;StB 9 Cotta/westliche Ortschaften;Wahlbezirk_Urne;1818;165;417;0;410;95;58;106;17;5;30;66;13;20;7
2014;97000;97 Gorbitz-Nord/Neu-Omsewitz;16 Gorbitz;StB 9 Cotta/westliche Ortschaften;Wahlbezirk_Brief;0;0;456;456;451;114;57;119;31;11;16;53;3;47;5
2014;97100;97 Gorbitz-Nord/Neu-Omsewitz;16 Gorbitz;StB 9 Cotta/westliche Ortschaften;Wahlbezirk_Urne;1616;165;509;0;491;141;66;120;16;10;25;56;15;42;18
2014;97300;97 Gorbitz-Nord/Neu-Omsewitz;16 Gorbitz;StB 9 Cotta/westliche Ortschaften;Wahlbezirk_Urne;1927;161;591;0;583;132;61;146;33;10;56;56;29;60;8
2014;97600;97 Gorbitz-Nord/Neu-Omsewitz;16 Gorbitz;StB 9 Cotta/westliche Ortschaften;Wahlbezirk_Urne;1444;170;429;0;414;95;56;121;20;6;27;53;8;28;15
2014;98001;98 Briesnitz;17 Briesnitz und westliche OS;StB 9 Cotta/westliche Ortschaften;Wahlbezirk_Brief;0;0;597;597;587;210;100;95;56;9;12;60;13;32;10
2014;98002;98 Briesnitz;17 Briesnitz und westliche OS;StB 9 Cotta/westliche Ortschaften;Wahlbezirk_Brief;0;0;500;500;495;152;76;75;56;12;10;67;6;41;5
2014;98100;98 Briesnitz;17 Briesnitz und westliche OS;StB 9 Cotta/westliche Ortschaften;Wahlbezirk_Urne;1450;152;575;2;567;205;58;81;59;14;34;72;12;32;8
2014;98200;98 Briesnitz;17 Briesnitz und westliche OS;StB 9 Cotta/westliche Ortschaften;Wahlbezirk_Urne;1451;186;644;0;633;242;57;114;50;11;19;94;6;40;11
2014;98300;98 Briesnitz;17 Briesnitz und westliche OS;StB 9 Cotta/westliche Ortschaften;Wahlbezirk_Urne;1356;183;530;0;522;199;73;87;23;12;12;79;6;31;8
2014;98401;98 Briesnitz;17 Briesnitz und westliche OS;StB 9 Cotta/westliche Ortschaften;Wahlbezirk_Urne;1022;128;389;1;376;99;58;70;35;3;21;50;9;31;13
2014;98402;98 Briesnitz;17 Briesnitz und westliche OS;StB 9 Cotta/westliche Ortschaften;Wahlbezirk_Urne;964;130;298;0;290;84;37;59;26;7;16;35;6;20;8
2014;98500;98 Briesnitz;17 Briesnitz und westliche OS;StB 9 Cotta/westliche Ortschaften;Wahlbezirk_Urne;1436;229;609;0;602;204;81;96;57;22;16;79;18;29;7
2014;98600;98 Briesnitz;17 Briesnitz und westliche OS;StB 9 Cotta/westliche Ortschaften;Wahlbezirk_Urne;1248;169;537;0;531;176;93;75;41;11;21;72;10;32;6
2014;99010;99 Altfranken/Gompitz;17 Briesnitz und westliche OS;StB 9 Cotta/westliche Ortschaften;Wahlbezirk_Brief;0;0;424;424;417;154;51;63;23;15;9;74;4;24;7
2014;99110;99 Altfranken/Gompitz;17 Briesnitz und westliche OS;StB 9 Cotta/westliche Ortschaften;Wahlbezirk_Urne;1482;251;758;5;738;330;73;76;53;28;22;92;11;53;20
2014;99310;99 Altfranken/Gompitz;17 Briesnitz und westliche OS;StB 9 Cotta/westliche Ortschaften;Wahlbezirk_Urne;1143;122;571;0;555;228;85;83;30;15;19;66;6;23;16
2014;99810;99 Altfranken/Gompitz;17 Briesnitz und westliche OS;StB 9 Cotta/westliche Ortschaften;Wahlbezirk_Urne;889;89;487;1;479;198;67;67;23;8;6;68;12;30;8
2019;01000;01 Innere Altstadt;01 StB Altstadt ohne Johannstadt;StB 0 Altstadt;Wahlbezirk_Brief;0;0;335;335;331;65;29;51;73;23;1;30;2;57;4
2019;01100;01 Innere Altstadt;01 StB Altstadt ohne Johannstadt;StB 0 Altstadt;Wahlbezirk_Urne;1324;356;595;0;587;82;50;105;109;41;0;97;2;101;8
2019;02001;02 Pirnaische Vorstadt;01 StB Altstadt ohne Johannstadt;StB 0 Altstadt;Wahlbezirk_Brief;0;0;556;556;553;122;61;99;78;24;6;71;3;89;3
2019;02002;02 Pirnaische Vorstadt;01 StB Altstadt ohne Johannstadt;StB 0 Altstadt;Wahlbezirk_Brief;0;0;363;363;360;84;35;52;51;22;1;41;5;69;3
2019;02100;02 Pirnaische Vorstadt;01 StB Altstadt ohne Johannstadt;StB 0 Altstadt;Wahlbezirk_Urne;1359;296;600;2;593;72;43;119;122;26;3;70;12;126;7
2019;02200;02 Pirnaische Vorstadt;01 StB Altstadt ohne Johannstadt;StB 0 Altstadt;Wahlbezirk_Urne;1726;374;709;1;709;116;61;121;115;24;6;110;9;147;0
2019;02400;02 Pirnaische Vorstadt;01 StB Altstadt ohne Johannstadt;StB 0 Altstadt;Wahlbezirk_Urne;1397;301;563;0;553;130;59;72;47;30;0;134;5;76;10
2019;03001;03 Seevorstadt-Ost;01 StB Altstadt ohne Johannstadt;StB 0 Altstadt;Wahlbezirk_Brief;0;0;489;489;485;95;52;67;101;33;1;51;2;83;4
2019;03002;03 Seevorstadt-Ost;01 StB Altstadt ohne Johannstadt;StB 0 Altstadt;Wahlbezirk_Brief;0;0;674;674;668;158;69;105;100;31;1;97;8;99;6
2019;03100;03 Seevorstadt-Ost;01 StB Altstadt ohne Johannstadt;StB 0 Altstadt;Wahlbezirk_Urne;1253;244;528;0;516;84;42;59;88;38;6;105;15;79;12
2019;03200;03 Seevorstadt-Ost;01 StB Altstadt ohne Johannstadt;StB 0 Altstadt;Wahlbezirk_Urne;1251;282;581;1;569;90;57;71;80;23;3;97;10;138;12
2019;03300;03 Seevorstadt-Ost;01 StB Altstadt ohne Johannstadt;StB 0 Altstadt;Wahlbezirk_Urne;1260;249;638;0;628;142;58;82;92;36;2;107;7;102;10
2019;03401;03 Seevorstadt-Ost;01 StB Altstadt ohne Johannstadt;StB 0 Altstadt;Wahlbezirk_Urne;1265;288;555;0;547;131;64;65;66;31;1;104;10;75;8
2019;03402;03 Seevorstadt-Ost;01 StB Altstadt ohne Johannstadt;StB 0 Altstadt;Wahlbezirk_Urne;726;188;361;4;358;82;30;30;51;18;0;82;1;64;3
2019;04001;04 Wilsdruffer Vs./Seevs.-West;01 StB Altstadt ohne Johannstadt;StB 0 Altstadt;Wahlbezirk_Brief;0;0;934;934;929;217;108;144;140;60;5;114;6;135;5
2019;04002;04 Wilsdruffer Vs./Seevs.-West;01 StB Altstadt ohne Johannstadt;StB 0 Altstadt;Wahlbezirk_Brief;0;0;539;539;538;114;66;114;54;22;2;83;5;78;1
2019;04100;04 Wilsdruffer Vs./Seevs.-West;01 StB Altstadt ohne Johannstadt;StB 0 Altstadt;Wahlbezirk_Urne;1384;405;617;0;609;99;54;65;144;63;0;76;6;102;8
2019;04200;04 Wilsdruffer Vs./Seevs.-West;01 StB Altstadt ohne Johannstadt;StB 0 Altstadt;Wahlbezirk_Urne;1250;315;467;0;462;76;48;60;71;39;1;85;6;76;5
2019;04300;04 Wilsdruffer Vs./Seevs.-West;01 StB Altstadt ohne Johannstadt;StB 0 Altstadt;Wahlbezirk_Urne;1308;244;553;2;546;86;40;83;64;27;2;128;13;103;7
2019;04400;04 Wilsdruffer Vs./Seevs.-West;01 StB Altstadt ohne Johannstadt;StB 0 Altstadt;Wahlbezirk_Urne;1160;262;453;0;447;82;39;77;62;22;3;90;6;66;6
2019;04500;04 Wilsdruffer Vs./Seevs.-West;01 StB Altstadt ohne Johannstadt;StB 0 Altstadt;Wahlbezirk_Urne;967;166;452;1;442;55;37;86;53;16;1;114;3;77;10
2019;04600;04 Wilsdruffer Vs./Seevs.-West;01 StB Altstadt ohne Johannstadt;StB 0 Altstadt;Wahlbezirk_Urne;901;165;455;0;447;97;43;77;41;16;4;100;2;67;8
2019;05001;05 Friedrichstadt;01 StB Altstadt ohne Johannstadt;StB 0 Altstadt;Wahlbezirk_Brief;0;0;658;658;654;57;47;98;166;40;1;52;14;179;4
2019;05002;05 Friedrichstadt;01 StB Altstadt ohne Johannstadt;StB 0 Altstadt;Wahlbezirk_Brief;0;0;614;614;603;91;55;88;159;38;2;46;18;106;11
2019;05101;05 Friedrichstadt;01 StB Altstadt ohne Johannstadt;StB 0 Altstadt;Wahlbezirk_Urne;781;120;286;2;282;37;25;42;44;11;3;58;6;56;4
2019;05102;05 Friedrichstadt;01 StB Altstadt ohne Johannstadt;StB 0 Altstadt;Wahlbezirk_Urne;1282;265;616;0;613;75;32;74;145;34;3;89;14;147;3
2019;05200;05 Friedrichstadt;01 StB Altstadt ohne Johannstadt;StB 0 Altstadt;Wahlbezirk_Urne;1484;325;626;0;623;30;39;86;172;32;5;51;26;182;3
2019;05301;05 Friedrichstadt;01 StB Altstadt ohne Johannstadt;StB 0 Altstadt;Wahlbezirk_Urne;1714;454;673;2;664;56;47;80;211;38;0;78;12;142;9
2019;05302;05 Friedrichstadt;01 StB Altstadt ohne Johannstadt;StB 0 Altstadt;Wahlbezirk_Urne;1067;199;407;3;404;36;32;64;73;22;3;71;14;89;3
2019;06001;06 Johannstadt-Nord;02 Johannstadt;StB 0 Altstadt;Wahlbezirk_Brief;0;0;427;427;421;94;52;85;47;14;1;52;5;71;6
2019;06002;06 Johannstadt-Nord;02 Johannstadt;StB 0 Altstadt;Wahlbezirk_Brief;0;0;724;724;724;104;67;102;213;32;3;63;11;129;0
2019;06003;06 Johannstadt-Nord;02 Johannstadt;StB 0 Altstadt;Wahlbezirk_Brief;0;0;673;673;660;129;69;93;158;26;1;75;5;104;13
2019;06100;06 Johannstadt-Nord;02 Johannstadt;StB 0 Altstadt;Wahlbezirk_Urne;1017;169;557;0;550;134;66;79;30;11;1;150;3;76;7
2019;06200;06 Johannstadt-Nord;02 Johannstadt;StB 0 Altstadt;Wahlbezirk_Urne;1111;193;489;1;481;71;48;97;79;11;4;97;3;71;8
2019;06300;06 Johannstadt-Nord;02 Johannstadt;StB 0 Altstadt;Wahlbezirk_Urne;727;85;267;2;263;38;16;49;18;12;3;79;6;42;4
2019;06400;06 Johannstadt-Nord;02 Johannstadt;StB 0 Altstadt;Wahlbezirk_Urne;1173;265;544;2;538;95;66;69;88;14;4;104;5;93;6
2019;06500;06 Johannstadt-Nord;02 Johannstadt;StB 0 Altstadt;Wahlbezirk_Urne;931;240;532;1;528;65;39;65;168;20;0;62;5;104;4
2019;06600;06 Johannstadt-Nord;02 Johannstadt;StB 0 Altstadt;Wahlbezirk_Urne;1479;309;633;1;624;94;54;91;111;38;1;113;8;114;9
2019;06700;06 Johannstadt-Nord;02 Johannstadt;StB 0 Altstadt;Wahlbezirk_Urne;819;259;409;3;408;51;47;46;134;15;0;46;6;63;1
2019;06800;06 Johannstadt-Nord;02 Johannstadt;StB 0 Altstadt;Wahlbezirk_Urne;1721;404;703;1;700;108;57;106;207;30;1;72;1;118;3
2019;07001;07 Johannstadt-Süd;02 Johannstadt;StB 0 Altstadt;Wahlbezirk_Brief;0;0;691;691;687;203;73;101;76;27;2;107;4;94;4
2019;07002;07 Johannstadt-Süd;02 Johannstadt;StB 0 Altstadt;Wahlbezirk_Brief;0;0;573;573;567;149;55;101;50;23;2;117;0;70;6
2019;07003;07 Johannstadt-Süd;02 Johannstadt;StB 0 Altstadt;Wahlbezirk_Brief;0;0;718;718;712;147;74;136;83;24;6;134;1;107;6
2019;07100;07 Johannstadt-Süd;02 Johannstadt;StB 0 Altstadt;Wahlbezirk_Urne;1157;244;564;1;557;137;41;83;66;21;7;92;10;100;7
2019;07200;07 Johannstadt-Süd;02 Johannstadt;StB 0 Altstadt;Wahlbezirk_Urne;928;195;493;3;488;126;54;64;35;28;0;135;3;43;5
2019;07300;07 Johannstadt-Süd;02 Johannstadt;StB 0 Altstadt;Wahlbezirk_Urne;1205;290;549;0;543;131;44;69;71;23;3;128;8;66;6
2019;07400;07 Johannstadt-Süd;02 Johannstadt;StB 0 Altstadt;Wahlbezirk_Urne;1578;341;657;0;649;155;50;115;55;28;5;176;3;62;8
2019;07500;07 Johannstadt-Süd;02 Johannstadt;StB 0 Altstadt;Wahlbezirk_Urne;1245;257;523;0;521;104;52;101;51;19;1;131;6;56;2
2019;07600;07 Johannstadt-Süd;02 Johannstadt;StB 0 Altstadt;Wahlbezirk_Urne;946;247;397;0;389;73;46;73;31;15;5;105;2;39;8
2019;07700;07 Johannstadt-Süd;02 Johannstadt;StB 0 Altstadt;Wahlbezirk_Urne;865;167;375;0;367;57;39;77;45;11;2;69;2;65;8
2019;07800;07 Johannstadt-Süd;02 Johannstadt;StB 0 Altstadt;Wahlbezirk_Urne;963;139;443;0;437;92;38;83;45;12;2;100;8;57;6
2019;07900;07 Johannstadt-Süd;02 Johannstadt;StB 0 Altstadt;Wahlbezirk_Urne;1050;201;509;0;497;107;49;65;61;31;1;109;6;68;12
2019;11001;11 Äußere Neustadt (Antonstadt);03 StB Neustadt ohne Leipziger Vorstadt;StB 1 Neustadt;Wahlbezirk_Brief;0;0;650;650;649;38;45;110;242;19;0;26;9;160;1
2019;11002;11 Äußere Neustadt (Antonstadt);03 StB Neustadt ohne Leipziger Vorstadt;StB 1 Neustadt;Wahlbezirk_Brief;0;0;627;627;624;46;56;90;246;17;0;19;9;141;3
2019;11003;11 Äußere Neustadt (Antonstadt);03 StB Neustadt ohne Leipziger Vorstadt;StB 1 Neustadt;Wahlbezirk_Brief;0;0;752;752;749;40;48;97;333;9;0;27;13;182;3
2019;11004;11 Äußere Neustadt (Antonstadt);03 StB Neustadt ohne Leipziger Vorstadt;StB 1 Neustadt;Wahlbezirk_Brief;0;0;788;788;787;36;56;132;343;15;0;17;7;181;1
2019;11005;11 Äußere Neustadt (Antonstadt);03 StB Neustadt ohne Leipziger Vorstadt;StB 1 Neustadt;Wahlbezirk_Brief;0;0;667;667;663;63;52;115;231;18;1;26;7;150;4
2019;11100;11 Äußere Neustadt (Antonstadt);03 StB Neustadt ohne Leipziger Vorstadt;StB 1 Neustadt;Wahlbezirk_Urne;1703;503;764;0;762;44;39;142;289;9;0;22;20;197;2
2019;11200;11 Äußere Neustadt (Antonstadt);03 StB Neustadt ohne Leipziger Vorstadt;StB 1 Neustadt;Wahlbezirk_Urne;1307;368;683;4;679;23;56;103;278;20;0;17;17;165;4
2019;11300;11 Äußere Neustadt (Antonstadt);03 StB Neustadt ohne Leipziger Vorstadt;StB 1 Neustadt;Wahlbezirk_Urne;1281;307;650;5;649;43;53;119;201;10;2;49;12;160;1
2019;11401;11 Äußere Neustadt (Antonstadt);03 StB Neustadt ohne Leipziger Vorstadt;StB 1 Neustadt;Wahlbezirk_Urne;797;222;444;3;443;17;21;81;153;9;0;24;7;131;1
2019;11402;11 Äußere Neustadt (Antonstadt);03 StB Neustadt ohne Leipziger Vorstadt;StB 1 Neustadt;Wahlbezirk_Urne;1004;239;484;6;482;47;35;61;144;13;2;34;6;140;2
2019;11500;11 Äußere Neustadt (Antonstadt);03 StB Neustadt ohne Leipziger Vorstadt;StB 1 Neustadt;Wahlbezirk_Urne;1585;441;868;3;864;29;55;144;335;19;0;37;16;229;4
2019;11601;11 Äußere Neustadt (Antonstadt);03 StB Neustadt ohne Leipziger Vorstadt;StB 1 Neustadt;Wahlbezirk_Urne;1204;356;662;3;660;38;49;103;278;10;1;22;6;153;2
2019;11602;11 Äußere Neustadt (Antonstadt);03 StB Neustadt ohne Leipziger Vorstadt;StB 1 Neustadt;Wahlbezirk_Urne;1409;405;774;7;772;29;54;126;321;12;0;40;9;181;2
2019;11700;11 Äußere Neustadt (Antonstadt);03 StB Neustadt ohne Leipziger Vorstadt;StB 1 Neustadt;Wahlbezirk_Urne;1383;425;712;4;709;37;43;118;288;8;2;42;11;160;3
2019;11800;11 Äußere Neustadt (Antonstadt);03 StB Neustadt ohne Leipziger Vorstadt;StB 1 Neustadt;Wahlbezirk_Urne;1630;473;771;3;769;39;50;149;288;15;2;29;11;186;2
2019;12001;12 Radeberger Vorstadt;03 StB Neustadt ohne Leipziger Vorstadt;StB 1 Neustadt;Wahlbezirk_Brief;0;0;876;876;875;144;85;92;311;36;1;78;4;124;1
2019;12002;12 Radeberger Vorstadt;03 StB Neustadt ohne Leipziger Vorstadt;StB 1 Neustadt;Wahlbezirk_Brief;0;0;674;674;671;130;58;123;156;31;1;69;5;98;3
2019;12100;12 Radeberger Vorstadt;03 StB Neustadt ohne Leipziger Vorstadt;StB 1 Neustadt;Wahlbezirk_Urne;925;292;496;3;492;56;33;65;180;14;2;44;7;91;4
2019;12201;12 Radeberger Vorstadt;03 StB Neustadt ohne Leipziger Vorstadt;StB 1 Neustadt;Wahlbezirk_Urne;1100;324;582;3;576;77;61;57;191;20;0;65;0;105;6
2019;12202;12 Radeberger Vorstadt;03 StB Neustadt ohne Leipziger Vorstadt;StB 1 Neustadt;Wahlbezirk_Urne;1090;313;558;0;554;113;43;57;164;32;2;84;9;50;4
2019;12301;12 Radeberger Vorstadt;03 StB Neustadt ohne Leipziger Vorstadt;StB 1 Neustadt;Wahlbezirk_Urne;1095;287;526;2;519;90;27;93;109;29;3;78;8;82;7
2019;12302;12 Radeberger Vorstadt;03 StB Neustadt ohne Leipziger Vorstadt;StB 1 Neustadt;Wahlbezirk_Urne;941;250;496;2;496;84;44;66;131;23;0;72;5;71;0
2019;12400;12 Radeberger Vorstadt;03 StB Neustadt ohne Leipziger Vorstadt;StB 1 Neustadt;Wahlbezirk_Urne;1342;197;578;2;571;70;37;115;67;17;8;136;12;109;7
2019;13001;13 Innere Neustadt;03 StB Neustadt ohne Leipziger Vorstadt;StB 1 Neustadt;Wahlbezirk_Brief;0;0;732;732;728;140;72;142;155;30;0;75;8;106;4
2019;13002;13 Innere Neustadt;03 StB Neustadt ohne Leipziger Vorstadt;StB 1 Neustadt;Wahlbezirk_Brief;0;0;854;854;852;137;89;112;263;31;0;48;10;162;2
2019;13100;13 Innere Neustadt;03 StB Neustadt ohne Leipziger Vorstadt;StB 1 Neustadt;Wahlbezirk_Urne;1327;446;584;2;584;81;60;75;163;32;1;59;10;103;0
2019;13200;13 Innere Neustadt;03 StB Neustadt ohne Leipziger Vorstadt;StB 1 Neustadt;Wahlbezirk_Urne;1172;313;471;1;466;94;34;80;55;19;1;112;6;65;5
2019;13300;13 Innere Neustadt;03 StB Neustadt ohne Leipziger Vorstadt;StB 1 Neustadt;Wahlbezirk_Urne;1369;373;685;1;683;62;49;95;239;32;1;51;15;139;2
2019;13400;13 Innere Neustadt;03 StB Neustadt ohne Leipziger Vorstadt;StB 1 Neustadt;Wahlbezirk_Urne;1694;542;733;0;728;98;57;98;220;34;1;79;12;129;5
2019;14001;14 Leipziger Vorstadt;04 Leipziger Vorstadt, Pieschen;StB 1 Neustadt;Wahlbezirk_Brief;0;0;676;676;673;54;46;123;226;14;0;35;10;165;3
2019;14002;14 Leipziger Vorstadt;04 Leipziger Vorstadt, Pieschen;StB 1 Neustadt;Wahlbezirk_Brief;0;0;737;737;727;31;44;138;277;15;0;18;15;189;10
2019;14003;14 Leipziger Vorstadt;04 Leipziger Vorstadt, Pieschen;StB 1 Neustadt;Wahlbezirk_Brief;0;0;799;799;795;89;65;112;272;19;1;55;13;169;4
2019;14100;14 Leipziger Vorstadt;04 Leipziger Vorstadt, Pieschen;StB 1 Neustadt;Wahlbezirk_Urne;1047;231;530;2;523;32;24;99;142;22;4;43;5;152;7
2019;14200;14 Leipziger Vorstadt;04 Leipziger Vorstadt, Pieschen;StB 1 Neustadt;Wahlbezirk_Urne;1674;480;806;4;800;28;32;171;270;6;1;38;14;240;6
2019;14300;14 Leipziger Vorstadt;04 Leipziger Vorstadt, Pieschen;StB 1 Neustadt;Wahlbezirk_Urne;1723;445;892;5;887;29;43;163;300;17;1;29;19;286;5
2019;14401;14 Leipziger Vorstadt;04 Leipziger Vorstadt, Pieschen;StB 1 Neustadt;Wahlbezirk_Urne;1233;332;632;3;629;18;38;105;227;9;2;38;13;179;3
2019;14402;14 Leipziger Vorstadt;04 Leipziger Vorstadt, Pieschen;StB 1 Neustadt;Wahlbezirk_Urne;1217;310;718;3;717;38;54;125;277;10;0;35;9;169;1
2019;14500;14 Leipziger Vorstadt;04 Leipziger Vorstadt, Pieschen;StB 1 Neustadt;Wahlbezirk_Urne;1546;271;822;0;818;68;68;132;233;23;4;88;23;179;4
2019;14600;14 Leipziger Vorstadt;04 Leipziger Vorstadt, Pieschen;StB 1 Neustadt;Wahlbezirk_Urne;1244;265;610;0;604;91;43;75;111;28;0;158;8;90;6
2019;15000;15 Albertstadt;03 StB Neustadt ohne Leipziger Vorstadt;StB 1 Neustadt;Wahlbezirk_Brief;0;0;570;570;566;97;59;71;155;25;2;69;3;85;4
2019;15100;15 Albertstadt;03 StB Neustadt ohne Leipziger Vorstadt;StB 1 Neustadt;Wahlbezirk_Urne;1509;401;593;1;590;86;51;64;185;37;1;54;7;105;3
2019;15300;15 Albertstadt;03 StB Neustadt ohne Leipziger Vorstadt;StB 1 Neustadt;Wahlbezirk_Urne;819;199;387;2;383;48;26;56;88;29;4;60;3;69;4
2019;21001;21 Pieschen-Süd;04 Leipziger Vorstadt, Pieschen;StB 2 Pieschen;Wahlbezirk_Brief;0;0;726;726;725;77;59;124;192;26;0;52;17;178;1
2019;21002;21 Pieschen-Süd;04 Leipziger Vorstadt, Pieschen;StB 2 Pieschen;Wahlbezirk_Brief;0;0;455;455;453;58;39;69;105;28;0;46;6;102;2
2019;21003;21 Pieschen-Süd;04 Leipziger Vorstadt, Pieschen;StB 2 Pieschen;Wahlbezirk_Brief;0;0;528;528;526;57;37;87;141;16;0;40;14;134;2
2019;21100;21 Pieschen-Süd;04 Leipziger Vorstadt, Pieschen;StB 2 Pieschen;Wahlbezirk_Urne;1245;299;624;0;619;42;47;110;165;21;2;68;19;145;5
2019;21200;21 Pieschen-Süd;04 Leipziger Vorstadt, Pieschen;StB 2 Pieschen;Wahlbezirk_Urne;1352;270;646;2;642;59;36;117;142;25;1;98;15;149;4
2019;21301;21 Pieschen-Süd;04 Leipziger Vorstadt, Pieschen;StB 2 Pieschen;Wahlbezirk_Urne;921;203;478;1;473;36;40;61;114;29;2;79;13;99;5
2019;21302;21 Pieschen-Süd;04 Leipziger Vorstadt, Pieschen;StB 2 Pieschen;Wahlbezirk_Urne;1619;291;771;1;765;72;54;104;196;28;2;105;14;190;6
2019;21303;21 Pieschen-Süd;04 Leipziger Vorstadt, Pieschen;StB 2 Pieschen;Wahlbezirk_Urne;895;189;366;2;364;45;31;47;96;13;3;41;5;83;2
2019;21400;21 Pieschen-Süd;04 Leipziger Vorstadt, Pieschen;StB 2 Pieschen;Wahlbezirk_Urne;1448;289;685;1;677;61;44;104;206;15;3;99;11;134;8
2019;21500;21 Pieschen-Süd;04 Leipziger Vorstadt, Pieschen;StB 2 Pieschen;Wahlbezirk_Urne;1503;264;664;3;656;51;41;103;147;18;5;106;17;168;8
2019;22001;22 Mickten;05 Mickten, Kaditz, Trachau;StB 2 Pieschen;Wahlbezirk_Brief;0;0;471;471;467;115;28;49;84;15;0;75;6;95;4
2019;22002;22 Mickten;05 Mickten, Kaditz, Trachau;StB 2 Pieschen;Wahlbezirk_Brief;0;0;469;469;465;109;32;68;59;23;1;84;3;86;4
2019;22003;22 Mickten;05 Mickten, Kaditz, Trachau;StB 2 Pieschen;Wahlbezirk_Brief;0;0;635;635;631;129;53;75;112;30;4;101;8;119;4
2019;22100;22 Mickten;05 Mickten, Kaditz, Trachau;StB 2 Pieschen;Wahlbezirk_Urne;1588;279;701;6;698;87;57;102;148;27;3;126;14;134;3
2019;22200;22 Mickten;05 Mickten, Kaditz, Trachau;StB 2 Pieschen;Wahlbezirk_Urne;1384;222;629;0;623;84;27;77;94;30;3;146;17;145;6
2019;22300;22 Mickten;05 Mickten, Kaditz, Trachau;StB 2 Pieschen;Wahlbezirk_Urne;1252;178;540;1;540;75;46;79;68;17;11;125;14;105;0
2019;22400;22 Mickten;05 Mickten, Kaditz, Trachau;StB 2 Pieschen;Wahlbezirk_Urne;893;114;411;0;403;72;35;48;19;16;9;147;0;57;8
2019;22501;22 Mickten;05 Mickten, Kaditz, Trachau;StB 2 Pieschen;Wahlbezirk_Urne;1207;215;586;1;575;89;42;74;64;29;2;150;13;112;11
2019;22502;22 Mickten;05 Mickten, Kaditz, Trachau;StB 2 Pieschen;Wahlbezirk_Urne;1676;325;763;1;757;109;53;107;136;28;1;156;15;152;6
2019;22600;22 Mickten;05 Mickten, Kaditz, Trachau;StB 2 Pieschen;Wahlbezirk_Urne;1096;178;550;0;544;84;31;62;63;35;8;152;6;103;6
2019;22700;22 Mickten;05 Mickten, Kaditz, Trachau;StB 2 Pieschen;Wahlbezirk_Urne;1154;170;615;1;611;113;31;79;60;27;2;212;6;81;4
2019;23000;23 Kaditz;05 Mickten, Kaditz, Trachau;StB 2 Pieschen;Wahlbezirk_Brief;0;0;636;636;631;158;54;64;59;44;2;151;3;96;5
2019;23100;23 Kaditz;05 Mickten, Kaditz, Trachau;StB 2 Pieschen;Wahlbezirk_Urne;1076;188;510;0;505;84;23;51;63;24;4;145;8;103;5
2019;23200;23 Kaditz;05 Mickten, Kaditz, Trachau;StB 2 Pieschen;Wahlbezirk_Urne;1228;197;481;1;478;49;24;66;76;27;7;135;6;88;3
2019;23300;23 Kaditz;05 Mickten, Kaditz, Trachau;StB 2 Pieschen;Wahlbezirk_Urne;1059;163;573;0;570;169;44;45;68;26;1;155;1;61;3
2019;23400;23 Kaditz;05 Mickten, Kaditz, Trachau;StB 2 Pieschen;Wahlbezirk_Urne;1053;126;549;0;536;130;38;70;44;32;6;144;5;67;13
2019;24001;24 Trachau;05 Mickten, Kaditz, Trachau;StB 2 Pieschen;Wahlbezirk_Brief;0;0;832;832;828;211;67;119;157;32;1;111;7;123;4
2019;24002;24 Trachau;05 Mickten, Kaditz, Trachau;StB 2 Pieschen;Wahlbezirk_Brief;0;0;707;707;702;167;77;112;105;30;3;105;1;102;5
2019;24100;24 Trachau;05 Mickten, Kaditz, Trachau;StB 2 Pieschen;Wahlbezirk_Urne;936;171;481;0;477;87;49;51;72;23;0;104;10;81;4
2019;24200;24 Trachau;05 Mickten, Kaditz, Trachau;StB 2 Pieschen;Wahlbezirk_Urne;1135;261;634;2;630;97;60;88;156;31;0;99;6;93;4
2019;24300;24 Trachau;05 Mickten, Kaditz, Trachau;StB 2 Pieschen;Wahlbezirk_Urne;1027;209;591;2;590;121;55;78;95;32;2;98;4;105;1
2019;24400;24 Trachau;05 Mickten, Kaditz, Trachau;StB 2 Pieschen;Wahlbezirk_Urne;1318;293;671;3;661;101;54;89;128;29;4;133;6;117;10
2019;24500;24 Trachau;05 Mickten, Kaditz, Trachau;StB 2 Pieschen;Wahlbezirk_Urne;1506;291;727;0;715;138;72;89;85;23;10;189;6;103;12
2019;24700;24 Trachau;05 Mickten, Kaditz, Trachau;StB 2 Pieschen;Wahlbezirk_Urne;1077;174;503;0;498;78;43;80;63;19;4;122;8;81;5
2019;24800;24 Trachau;05 Mickten, Kaditz, Trachau;StB 2 Pieschen;Wahlbezirk_Urne;1015;253;510;4;505;125;50;59;56;25;1;126;2;61;5
2019;25001;25 Pieschen-N/Trachenberge;04 Leipziger Vorstadt, Pieschen;StB 2 Pieschen;Wahlbezirk_Brief;0;0;657;657;650;124;70;91;108;20;3;84;8;142;7
2019;25002;25 Pieschen-N/Trachenberge;04 Leipziger Vorstadt, Pieschen;StB 2 Pieschen;Wahlbezirk_Brief;0;0;607;607;606;95;69;91;108;28;3;69;8;135;1
2019;25003;25 Pieschen-N/Trachenberge;04 Leipziger Vorstadt, Pieschen;StB 2 Pieschen;Wahlbezirk_Brief;0;0;522;522;520;123;53;75;96;30;3;63;3;74;2
2019;25100;25 Pieschen-N/Trachenberge;04 Leipziger Vorstadt, Pieschen;StB 2 Pieschen;Wahlbezirk_Urne;1464;246;698;2;689;97;51;107;126;16;6;113;12;161;9
2019;25200;25 Pieschen-N/Trachenberge;04 Leipziger Vorstadt, Pieschen;StB 2 Pieschen;Wahlbezirk_Urne;1243;216;546;2;539;53;33;80;105;29;4;83;10;142;7
2019;25300;25 Pieschen-N/Trachenberge;04 Leipziger Vorstadt, Pieschen;StB 2 Pieschen;Wahlbezirk_Urne;1395;248;675;2;664;140;58;81;73;37;3;174;5;93;11
2019;25400;25 Pieschen-N/Trachenberge;04 Leipziger Vorstadt, Pieschen;StB 2 Pieschen;Wahlbezirk_Urne;1780;328;817;2;807;103;39;107;150;28;3;143;21;213;10
2019;25500;25 Pieschen-N/Trachenberge;04 Leipziger Vorstadt, Pieschen;StB 2 Pieschen;Wahlbezirk_Urne;1685;330;701;4;694;106;37;109;123;29;9;111;9;161;7
2019;25600;25 Pieschen-N/Trachenberge;04 Leipziger Vorstadt, Pieschen;StB 2 Pieschen;Wahlbezirk_Urne;838;207;389;0;382;71;30;48;74;19;6;69;2;63;7
2019;25700;25 Pieschen-N/Trachenberge;04 Leipziger Vorstadt, Pieschen;StB 2 Pieschen;Wahlbezirk_Urne;1531;339;715;1;706;131;58;97;124;26;2;152;4;112;9
2019;31001;31 Klotzsche;06 StB Klotzsche und nördliche OS;StB 3 Klotzsche/nördliche Ortschaften;Wahlbezirk_Brief;0;0;683;683;679;184;57;108;80;33;1;137;3;76;4
2019;31002;31 Klotzsche;06 StB Klotzsche und nördliche OS;StB 3 Klotzsche/nördliche Ortschaften;Wahlbezirk_Brief;0;0;800;800;787;218;73;81;121;70;0;125;6;93;13
2019;31003;31 Klotzsche;06 StB Klotzsche und nördliche OS;StB 3 Klotzsche/nördliche Ortschaften;Wahlbezirk_Brief;0;0;640;640;635;167;49;95;80;38;3;119;4;80;5
2019;31100;31 Klotzsche;06 StB Klotzsche und nördliche OS;StB 3 Klotzsche/nördliche Ortschaften;Wahlbezirk_Urne;1603;345;780;3;773;177;56;59;162;50;3;161;8;97;7
2019;31200;31 Klotzsche;06 StB Klotzsche und nördliche OS;StB 3 Klotzsche/nördliche Ortschaften;Wahlbezirk_Urne;1360;229;649;2;639;124;54;75;78;36;4;181;4;83;10
2019;31300;31 Klotzsche;06 StB Klotzsche und nördliche OS;StB 3 Klotzsche/nördliche Ortschaften;Wahlbezirk_Urne;1016;163;533;0;516;102;38;74;32;35;5;152;3;75;17
2019;31400;31 Klotzsche;06 StB Klotzsche und nördliche OS;StB 3 Klotzsche/nördliche Ortschaften;Wahlbezirk_Urne;1429;332;794;0;792;211;53;47;134;51;0;175;8;113;2
2019;31500;31 Klotzsche;06 StB Klotzsche und nördliche OS;StB 3 Klotzsche/nördliche Ortschaften;Wahlbezirk_Urne;1114;228;680;5;674;136;46;53;132;57;1;140;8;101;6
2019;31601;31 Klotzsche;06 StB Klotzsche und nördliche OS;StB 3 Klotzsche/nördliche Ortschaften;Wahlbezirk_Urne;1188;281;646;1;642;154;51;61;105;52;2;120;6;91;4
2019;31602;31 Klotzsche;06 StB Klotzsche und nördliche OS;StB 3 Klotzsche/nördliche Ortschaften;Wahlbezirk_Urne;1058;269;621;2;613;138;33;55;125;38;7;125;6;86;8
2019;31701;31 Klotzsche;06 StB Klotzsche und nördliche OS;StB 3 Klotzsche/nördliche Ortschaften;Wahlbezirk_Urne;936;130;466;1;461;94;30;85;38;38;5;103;7;61;5
2019;31702;31 Klotzsche;06 StB Klotzsche und nördliche OS;StB 3 Klotzsche/nördliche Ortschaften;Wahlbezirk_Urne;1061;185;484;0;478;103;60;62;31;25;3;117;12;65;6
2019;31800;31 Klotzsche;06 StB Klotzsche und nördliche OS;StB 3 Klotzsche/nördliche Ortschaften;Wahlbezirk_Urne;870;105;452;0;442;52;33;62;46;33;10;119;8;79;10
2019;32001;32 Hellerau/Wilschdorf;06 StB Klotzsche und nördliche OS;StB 3 Klotzsche/nördliche Ortschaften;Wahlbezirk_Brief;0;0;408;408;396;126;31;38;31;30;3;86;2;49;12
2019;32002;32 Hellerau/Wilschdorf;06 StB Klotzsche und nördliche OS;StB 3 Klotzsche/nördliche Ortschaften;Wahlbezirk_Brief;0;0;643;643;643;166;61;93;132;29;2;95;3;62;0
2019;32100;32 Hellerau/Wilschdorf;06 StB Klotzsche und nördliche OS;StB 3 Klotzsche/nördliche Ortschaften;Wahlbezirk_Urne;1380;273;756;0;741;166;41;65;71;54;6;241;3;94;15
2019;32201;32 Hellerau/Wilschdorf;06 StB Klotzsche und nördliche OS;StB 3 Klotzsche/nördliche Ortschaften;Wahlbezirk_Urne;872;151;477;0;474;88;23;37;41;39;3;157;5;81;3
2019;32202;32 Hellerau/Wilschdorf;06 StB Klotzsche und nördliche OS;StB 3 Klotzsche/nördliche Ortschaften;Wahlbezirk_Urne;795;186;392;0;388;91;24;35;37;35;4;109;3;50;4
2019;32300;32 Hellerau/Wilschdorf;06 StB Klotzsche und nördliche OS;StB 3 Klotzsche/nördliche Ortschaften;Wahlbezirk_Urne;923;212;556;2;547;123;41;62;99;30;4;134;1;53;9
2019;32400;32 Hellerau/Wilschdorf;06 StB Klotzsche und nördliche OS;StB 3 Klotzsche/nördliche Ortschaften;Wahlbezirk_Urne;1110;295;658;2;657;123;68;67;151;26;5;118;9;90;1
2019;35010;35 Weixdorf;06 StB Klotzsche und nördliche OS;StB 3 Klotzsche/nördliche Ortschaften;Wahlbezirk_Brief;0;0;847;847;842;247;67;79;96;57;5;185;6;100;5
2019;35110;35 Weixdorf;06 StB Klotzsche und nördliche OS;StB 3 Klotzsche/nördliche Ortschaften;Wahlbezirk_Urne;1289;253;754;3;741;174;73;72;85;58;2;174;6;97;13
2019;35310;35 Weixdorf;06 StB Klotzsche und nördliche OS;StB 3 Klotzsche/nördliche Ortschaften;Wahlbezirk_Urne;1102;206;676;3;671;165;55;49;99;44;2;185;4;68;5
2019;35410;35 Weixdorf;06 StB Klotzsche und nördliche OS;StB 3 Klotzsche/nördliche Ortschaften;Wahlbezirk_Urne;1209;211;714;1;704;146;38;64;96;57;1;189;10;103;10
2019;35510;35 Weixdorf;06 StB Klotzsche und nördliche OS;StB 3 Klotzsche/nördliche Ortschaften;Wahlbezirk_Urne;986;198;534;0;518;137;33;35;41;37;1;155;1;78;16
2019;35610;35 Weixdorf;06 StB Klotzsche und nördliche OS;StB 3 Klotzsche/nördliche Ortschaften;Wahlbezirk_Urne;206;31;108;2;108;29;8;9;9;9;1;30;0;13;0
2019;36010;36 Langebrück/Schönborn;06 StB Klotzsche und nördliche OS;StB 3 Klotzsche/nördliche Ortschaften;Wahlbezirk_Brief;0;0;647;647;644;180;70;67;112;38;0;108;1;68;3
2019;36110;36 Langebrück/Schönborn;06 StB Klotzsche und nördliche OS;StB 3 Klotzsche/nördliche Ortschaften;Wahlbezirk_Urne;948;142;605;0;602;152;37;32;90;50;1;170;3;67;3
2019;36210;36 Langebrück/Schönborn;06 StB Klotzsche und nördliche OS;StB 3 Klotzsche/nördliche Ortschaften;Wahlbezirk_Urne;1270;272;725;0;718;171;57;50;125;67;5;135;2;106;7
2019;36310;36 Langebrück/Schönborn;06 StB Klotzsche und nördliche OS;StB 3 Klotzsche/nördliche Ortschaften;Wahlbezirk_Urne;779;231;458;1;453;88;40;50;78;51;2;85;2;57;5
2019;36410;36 Langebrück/Schönborn;06 StB Klotzsche und nördliche OS;StB 3 Klotzsche/nördliche Ortschaften;Wahlbezirk_Urne;385;37;302;0;296;56;10;16;47;28;1;97;2;39;6
2019;41001;41 Loschwitz/Wachwitz;07 StB Loschwitz und OS Schönfeld-Weißig;StB 4 Loschwitz/OS Schönfeld-Weißig;Wahlbezirk_Brief;0;0;681;681;679;190;75;59;161;55;0;66;1;72;2
2019;41002;41 Loschwitz/Wachwitz;07 StB Loschwitz und OS Schönfeld-Weißig;StB 4 Loschwitz/OS Schönfeld-Weißig;Wahlbezirk_Brief;0;0;579;579;579;196;48;63;106;39;2;80;2;43;0
2019;41100;41 Loschwitz/Wachwitz;07 StB Loschwitz und OS Schönfeld-Weißig;StB 4 Loschwitz/OS Schönfeld-Weißig;Wahlbezirk_Urne;1334;408;700;4;697;150;67;50;174;44;4;118;0;90;3
2019;41200;41 Loschwitz/Wachwitz;07 StB Loschwitz und OS Schönfeld-Weißig;StB 4 Loschwitz/OS Schönfeld-Weißig;Wahlbezirk_Urne;1218;319;664;3;660;146;71;40;134;54;0;123;3;89;4
2019;41300;41 Loschwitz/Wachwitz;07 StB Loschwitz und OS Schönfeld-Weißig;StB 4 Loschwitz/OS Schönfeld-Weißig;Wahlbezirk_Urne;846;265;436;1;434;103;44;30;90;35;0;79;0;53;2
2019;41400;41 Loschwitz/Wachwitz;07 StB Loschwitz und OS Schönfeld-Weißig;StB 4 Loschwitz/OS Schönfeld-Weißig;Wahlbezirk_Urne;1069;349;499;2;496;102;45;40;106;27;1;114;1;60;3
2019;42001;42 Bühlau/Weißer Hirsch;07 StB Loschwitz und OS Schönfeld-Weißig;StB 4 Loschwitz/OS Schönfeld-Weißig;Wahlbezirk_Brief;0;0;778;778;774;213;79;78;182;53;0;80;8;81;4
2019;42002;42 Bühlau/Weißer Hirsch;07 StB Loschwitz und OS Schönfeld-Weißig;StB 4 Loschwitz/OS Schönfeld-Weißig;Wahlbezirk_Brief;0;0;580;580;577;169;66;40;108;30;1;85;3;75;3
2019;42003;42 Bühlau/Weißer Hirsch;07 StB Loschwitz und OS Schönfeld-Weißig;StB 4 Loschwitz/OS Schönfeld-Weißig;Wahlbezirk_Brief;0;0;741;741;738;229;65;74;130;35;1;97;3;104;3
2019;42100;42 Bühlau/Weißer Hirsch;07 StB Loschwitz und OS Schönfeld-Weißig;StB 4 Loschwitz/OS Schönfeld-Weißig;Wahlbezirk_Urne;1483;429;794;6;789;167;69;60;207;52;2;108;11;113;5
2019;42200;42 Bühlau/Weißer Hirsch;07 StB Loschwitz und OS Schönfeld-Weißig;StB 4 Loschwitz/OS Schönfeld-Weißig;Wahlbezirk_Urne;1464;405;812;6;806;196;70;47;192;43;1;137;7;113;6
2019;42400;42 Bühlau/Weißer Hirsch;07 StB Loschwitz und OS Schönfeld-Weißig;StB 4 Loschwitz/OS Schönfeld-Weißig;Wahlbezirk_Urne;1224;336;600;0;595;145;56;64;123;32;1;89;3;82;5
2019;42500;42 Bühlau/Weißer Hirsch;07 StB Loschwitz und OS Schönfeld-Weißig;StB 4 Loschwitz/OS Schönfeld-Weißig;Wahlbezirk_Urne;1157;287;653;1;641;142;54;76;110;21;3;145;3;87;12
2019;42600;42 Bühlau/Weißer Hirsch;07 StB Loschwitz und OS Schönfeld-Weißig;StB 4 Loschwitz/OS Schönfeld-Weißig;Wahlbezirk_Urne;977;259;540;2;532;151;43;42;108;33;0;103;7;45;8
2019;42700;42 Bühlau/Weißer Hirsch;07 StB Loschwitz und OS Schönfeld-Weißig;StB 4 Loschwitz/OS Schönfeld-Weißig;Wahlbezirk_Urne;1141;278;610;4;601;133;67;50;101;49;6;123;4;68;9
2019;42800;42 Bühlau/Weißer Hirsch;07 StB Loschwitz und OS Schönfeld-Weißig;StB 4 Loschwitz/OS Schönfeld-Weißig;Wahlbezirk_Urne;739;140;456;3;453;121;41;34;87;23;1;92;2;52;3
2019;42900;42 Bühlau/Weißer Hirsch;07 StB Loschwitz und OS Schönfeld-Weißig;StB 4 Loschwitz/OS Schönfeld-Weißig;Wahlbezirk_Urne;675;135;386;4;382;84;43;37;72;23;1;70;2;50;4
2019;43000;43 Hosterwitz/Pillnitz;07 StB Loschwitz und OS Schönfeld-Weißig;StB 4 Loschwitz/OS Schönfeld-Weißig;Wahlbezirk_Brief;0;0;646;646;644;145;57;82;121;22;1;131;5;80;2
2019;43100;43 Hosterwitz/Pillnitz;07 StB Loschwitz und OS Schönfeld-Weißig;StB 4 Loschwitz/OS Schönfeld-Weißig;Wahlbezirk_Urne;502;122;257;1;256;50;29;24;46;9;0;61;3;34;1
2019;43200;43 Hosterwitz/Pillnitz;07 StB Loschwitz und OS Schönfeld-Weißig;StB 4 Loschwitz/OS Schönfeld-Weißig;Wahlbezirk_Urne;1503;401;791;2;784;147;68;74;169;38;4;169;6;109;7
2019;43400;43 Hosterwitz/Pillnitz;07 StB Loschwitz und OS Schönfeld-Weißig;StB 4 Loschwitz/OS Schönfeld-Weißig;Wahlbezirk_Urne;739;169;378;3;374;76;36;45;63;10;1;96;2;45;4
2019;45010;45 Weißig;07 StB Loschwitz und OS Schönfeld-Weißig;StB 4 Loschwitz/OS Schönfeld-Weißig;Wahlbezirk_Brief;0;0;802;802;802;249;67;73;107;42;4;164;3;93;0
2019;45110;45 Weißig;07 StB Loschwitz und OS Schönfeld-Weißig;StB 4 Loschwitz/OS Schönfeld-Weißig;Wahlbezirk_Urne;1006;185;609;0;604;158;62;46;82;45;2;146;2;61;5
2019;45210;45 Weißig;07 StB Loschwitz und OS Schönfeld-Weißig;StB 4 Loschwitz/OS Schönfeld-Weißig;Wahlbezirk_Urne;1038;178;497;0;485;135;34;39;43;18;0;160;6;50;12
2019;45310;45 Weißig;07 StB Loschwitz und OS Schönfeld-Weißig;StB 4 Loschwitz/OS Schönfeld-Weißig;Wahlbezirk_Urne;1119;152;504;1;498;108;34;54;48;29;2;147;6;70;6
2019;45410;45 Weißig;07 StB Loschwitz und OS Schönfeld-Weißig;StB 4 Loschwitz/OS Schönfeld-Weißig;Wahlbezirk_Urne;816;185;438;0;431;109;26;25;65;27;3;124;5;47;7
2019;45510;45 Weißig;07 StB Loschwitz und OS Schönfeld-Weißig;StB 4 Loschwitz/OS Schönfeld-Weißig;Wahlbezirk_Urne;595;169;288;1;282;78;24;19;32;20;1;63;5;40;6
2019;46010;46 Gönnsdorf/Pappritz;07 StB Loschwitz und OS Schönfeld-Weißig;StB 4 Loschwitz/OS Schönfeld-Weißig;Wahlbezirk_Brief;0;0;694;694;693;207;65;53;110;51;3;120;2;82;1
2019;46110;46 Gönnsdorf/Pappritz;07 StB Loschwitz und OS Schönfeld-Weißig;StB 4 Loschwitz/OS Schönfeld-Weißig;Wahlbezirk_Urne;831;180;500;0;497;142;28;32;69;38;1;124;4;59;3
2019;46210;46 Gönnsdorf/Pappritz;07 StB Loschwitz und OS Schönfeld-Weißig;StB 4 Loschwitz/OS Schönfeld-Weißig;Wahlbezirk_Urne;855;202;491;0;485;132;36;36;69;34;3;134;2;39;6
2019;46310;46 Gönnsdorf/Pappritz;07 StB Loschwitz und OS Schönfeld-Weißig;StB 4 Loschwitz/OS Schönfeld-Weißig;Wahlbezirk_Urne;702;180;401;2;394;101;40;33;68;40;0;70;0;42;7
2019;46410;46 Gönnsdorf/Pappritz;07 StB Loschwitz und OS Schönfeld-Weißig;StB 4 Loschwitz/OS Schönfeld-Weißig;Wahlbezirk_Urne;747;168;418;1;418;81;25;20;55;29;2;146;6;54;0
2019;47010;47 Schönfeld/Schullwitz;07 StB Loschwitz und OS Schönfeld-Weißig;StB 4 Loschwitz/OS Schönfeld-Weißig;Wahlbezirk_Brief;0;0;494;494;490;128;24;47;63;31;3;131;0;63;4
2019;47110;47 Schönfeld/Schullwitz;07 StB Loschwitz und OS Schönfeld-Weißig;StB 4 Loschwitz/OS Schönfeld-Weißig;Wahlbezirk_Urne;1009;204;547;0;539;135;32;42;56;37;3;147;3;84;8
2019;47210;47 Schönfeld/Schullwitz;07 StB Loschwitz und OS Schönfeld-Weißig;StB 4 Loschwitz/OS Schönfeld-Weißig;Wahlbezirk_Urne;1121;208;601;4;591;140;34;44;50;33;1;216;2;71;10
2019;47310;47 Schönfeld/Schullwitz;07 StB Loschwitz und OS Schönfeld-Weißig;StB 4 Loschwitz/OS Schönfeld-Weißig;Wahlbezirk_Urne;561;120;311;0;305;83;18;12;44;14;0;95;3;36;6
2019;51001;51 Blasewitz;08 Blasewitz, Striesen;StB 5 Blasewitz;Wahlbezirk_Brief;0;0;760;760;759;227;71;81;159;48;0;103;3;67;1
2019;51002;51 Blasewitz;08 Blasewitz, Striesen;StB 5 Blasewitz;Wahlbezirk_Brief;0;0;546;546;543;140;42;55;118;23;0;63;6;96;3
2019;51003;51 Blasewitz;08 Blasewitz, Striesen;StB 5 Blasewitz;Wahlbezirk_Brief;0;0;557;557;557;131;60;72;130;29;1;66;4;64;0
2019;51100;51 Blasewitz;08 Blasewitz, Striesen;StB 5 Blasewitz;Wahlbezirk_Urne;1343;395;645;1;642;146;75;63;119;33;0;112;5;89;3
2019;51200;51 Blasewitz;08 Blasewitz, Striesen;StB 5 Blasewitz;Wahlbezirk_Urne;1585;415;746;2;734;185;85;64;142;43;2;120;2;91;12
2019;51400;51 Blasewitz;08 Blasewitz, Striesen;StB 5 Blasewitz;Wahlbezirk_Urne;1127;255;641;1;638;138;62;43;154;40;2;108;1;90;3
2019;51500;51 Blasewitz;08 Blasewitz, Striesen;StB 5 Blasewitz;Wahlbezirk_Urne;1237;329;616;4;610;85;61;62;159;29;6;104;2;102;6
2019;51600;51 Blasewitz;08 Blasewitz, Striesen;StB 5 Blasewitz;Wahlbezirk_Urne;1189;282;696;2;691;151;56;60;177;26;0;111;4;106;5
2019;51700;51 Blasewitz;08 Blasewitz, Striesen;StB 5 Blasewitz;Wahlbezirk_Urne;1482;307;780;0;771;132;51;94;187;29;3;128;11;136;9
2019;52001;52 Striesen-Ost;08 Blasewitz, Striesen;StB 5 Blasewitz;Wahlbezirk_Brief;0;0;729;729;724;143;76;65;242;31;0;69;6;92;5
2019;52002;52 Striesen-Ost;08 Blasewitz, Striesen;StB 5 Blasewitz;Wahlbezirk_Brief;0;0;657;657;652;142;73;78;173;33;0;65;7;81;5
2019;52003;52 Striesen-Ost;08 Blasewitz, Striesen;StB 5 Blasewitz;Wahlbezirk_Brief;0;0;669;669;668;137;57;60;175;37;1;78;8;115;1
2019;52004;52 Striesen-Ost;08 Blasewitz, Striesen;StB 5 Blasewitz;Wahlbezirk_Brief;0;0;617;617;615;122;55;63;167;31;1;80;4;92;2
2019;52100;52 Striesen-Ost;08 Blasewitz, Striesen;StB 5 Blasewitz;Wahlbezirk_Urne;1156;363;612;4;606;84;43;55;221;41;2;61;5;94;6
2019;52200;52 Striesen-Ost;08 Blasewitz, Striesen;StB 5 Blasewitz;Wahlbezirk_Urne;1338;342;772;1;769;133;68;76;221;54;0;75;9;133;3
2019;52300;52 Striesen-Ost;08 Blasewitz, Striesen;StB 5 Blasewitz;Wahlbezirk_Urne;1510;405;789;3;788;142;67;71;273;26;0;82;7;120;1
2019;52400;52 Striesen-Ost;08 Blasewitz, Striesen;StB 5 Blasewitz;Wahlbezirk_Urne;1444;350;813;2;812;148;92;73;253;41;2;84;7;112;1
2019;52501;52 Striesen-Ost;08 Blasewitz, Striesen;StB 5 Blasewitz;Wahlbezirk_Urne;1440;353;798;2;790;126;72;81;210;52;1;103;5;140;8
2019;52502;52 Striesen-Ost;08 Blasewitz, Striesen;StB 5 Blasewitz;Wahlbezirk_Urne;1135;283;578;1;575;94;50;45;150;26;0;92;7;111;3
2019;52600;52 Striesen-Ost;08 Blasewitz, Striesen;StB 5 Blasewitz;Wahlbezirk_Urne;998;233;592;5;588;94;61;62;169;25;0;94;3;80;4
2019;52701;52 Striesen-Ost;08 Blasewitz, Striesen;StB 5 Blasewitz;Wahlbezirk_Urne;1069;212;493;1;482;112;33;65;113;25;3;54;5;72;11
2019;52702;52 Striesen-Ost;08 Blasewitz, Striesen;StB 5 Blasewitz;Wahlbezirk_Urne;1404;291;694;0;685;152;62;74;122;43;2;132;10;88;9
2019;53001;53 Striesen-Süd;08 Blasewitz, Striesen;StB 5 Blasewitz;Wahlbezirk_Brief;0;0;734;734;733;196;87;78;138;51;1;87;4;91;1
2019;53002;53 Striesen-Süd;08 Blasewitz, Striesen;StB 5 Blasewitz;Wahlbezirk_Brief;0;0;693;693;684;164;54;82;137;35;2;95;7;108;9
2019;53003;53 Striesen-Süd;08 Blasewitz, Striesen;StB 5 Blasewitz;Wahlbezirk_Brief;0;0;681;681;678;167;68;106;92;31;1;90;7;116;3
2019;53100;53 Striesen-Süd;08 Blasewitz, Striesen;StB 5 Blasewitz;Wahlbezirk_Urne;1083;319;607;8;603;112;64;62;143;32;2;99;4;85;4
2019;53200;53 Striesen-Süd;08 Blasewitz, Striesen;StB 5 Blasewitz;Wahlbezirk_Urne;964;251;455;3;448;56;37;68;102;20;2;72;9;82;7
2019;53300;53 Striesen-Süd;08 Blasewitz, Striesen;StB 5 Blasewitz;Wahlbezirk_Urne;1800;480;708;1;702;105;51;117;117;26;4;160;13;109;6
2019;53400;53 Striesen-Süd;08 Blasewitz, Striesen;StB 5 Blasewitz;Wahlbezirk_Urne;1384;293;674;0;662;148;57;92;73;29;1;177;5;80;12
2019;53600;53 Striesen-Süd;08 Blasewitz, Striesen;StB 5 Blasewitz;Wahlbezirk_Urne;1593;452;734;0;729;163;68;60;113;46;4;144;10;121;5
2019;53700;53 Striesen-Süd;08 Blasewitz, Striesen;StB 5 Blasewitz;Wahlbezirk_Urne;1183;234;557;2;547;80;42;48;91;24;3;120;6;133;10
2019;53800;53 Striesen-Süd;08 Blasewitz, Striesen;StB 5 Blasewitz;Wahlbezirk_Urne;1084;190;590;0;584;109;46;66;94;28;3;105;10;123;6
2019;54001;54 Striesen-West;08 Blasewitz, Striesen;StB 5 Blasewitz;Wahlbezirk_Brief;0;0;416;416;415;91;44;53;86;19;2;43;7;70;1
2019;54002;54 Striesen-West;08 Blasewitz, Striesen;StB 5 Blasewitz;Wahlbezirk_Brief;0;0;530;530;525;107;49;87;110;22;0;46;9;95;5
2019;54003;54 Striesen-West;08 Blasewitz, Striesen;StB 5 Blasewitz;Wahlbezirk_Brief;0;0;692;692;688;171;73;71;102;53;2;121;5;90;4
2019;54004;54 Striesen-West;08 Blasewitz, Striesen;StB 5 Blasewitz;Wahlbezirk_Brief;0;0;685;685;685;190;70;91;122;34;2;97;5;74;0
2019;54100;54 Striesen-West;08 Blasewitz, Striesen;StB 5 Blasewitz;Wahlbezirk_Urne;1739;434;792;1;783;137;99;105;163;31;1;116;4;127;9
2019;54200;54 Striesen-West;08 Blasewitz, Striesen;StB 5 Blasewitz;Wahlbezirk_Urne;1281;245;693;3;687;92;50;71;195;33;5;96;4;141;6
2019;54300;54 Striesen-West;08 Blasewitz, Striesen;StB 5 Blasewitz;Wahlbezirk_Urne;1353;315;633;0;620;149;53;80;100;30;2;114;5;87;13
2019;54400;54 Striesen-West;08 Blasewitz, Striesen;StB 5 Blasewitz;Wahlbezirk_Urne;1511;397;665;4;654;159;53;63;115;32;1;134;7;90;11
2019;54501;54 Striesen-West;08 Blasewitz, Striesen;StB 5 Blasewitz;Wahlbezirk_Urne;1496;336;752;2;746;195;72;56;120;35;0;147;3;118;6
2019;54502;54 Striesen-West;08 Blasewitz, Striesen;StB 5 Blasewitz;Wahlbezirk_Urne;1594;362;781;0;777;168;67;70;152;40;0;151;12;117;4
2019;54600;54 Striesen-West;08 Blasewitz, Striesen;StB 5 Blasewitz;Wahlbezirk_Urne;1610;354;759;1;750;137;64;100;146;31;2;141;7;122;9
2019;55001;55 Tolkewitz/Seidnitz-Nord;09 Tolkewitz, Seidnitz, Gruna;StB 5 Blasewitz;Wahlbezirk_Brief;0;0;590;590;589;139;55;72;113;26;1;92;1;90;1
2019;55002;55 Tolkewitz/Seidnitz-Nord;09 Tolkewitz, Seidnitz, Gruna;StB 5 Blasewitz;Wahlbezirk_Brief;0;0;402;402;401;110;30;72;39;15;0;101;2;32;1
2019;55003;55 Tolkewitz/Seidnitz-Nord;09 Tolkewitz, Seidnitz, Gruna;StB 5 Blasewitz;Wahlbezirk_Brief;0;0;461;461;457;86;53;75;53;27;1;97;5;60;4
2019;55101;55 Tolkewitz/Seidnitz-Nord;09 Tolkewitz, Seidnitz, Gruna;StB 5 Blasewitz;Wahlbezirk_Urne;1197;197;648;2;639;124;49;69;114;42;7;139;6;89;9
2019;55102;55 Tolkewitz/Seidnitz-Nord;09 Tolkewitz, Seidnitz, Gruna;StB 5 Blasewitz;Wahlbezirk_Urne;1103;233;601;1;597;78;53;76;115;23;1;148;6;97;4
2019;55200;55 Tolkewitz/Seidnitz-Nord;09 Tolkewitz, Seidnitz, Gruna;StB 5 Blasewitz;Wahlbezirk_Urne;1045;202;499;0;490;90;34;71;54;24;3;124;3;87;9
2019;55300;55 Tolkewitz/Seidnitz-Nord;09 Tolkewitz, Seidnitz, Gruna;StB 5 Blasewitz;Wahlbezirk_Urne;1577;286;775;1;756;167;63;95;54;49;5;213;1;109;19
2019;55400;55 Tolkewitz/Seidnitz-Nord;09 Tolkewitz, Seidnitz, Gruna;StB 5 Blasewitz;Wahlbezirk_Urne;1043;136;442;0;434;84;35;68;30;15;2;142;4;54;8
2019;55600;55 Tolkewitz/Seidnitz-Nord;09 Tolkewitz, Seidnitz, Gruna;StB 5 Blasewitz;Wahlbezirk_Urne;1631;255;628;0;613;98;51;88;69;41;1;148;10;107;15
2019;55800;55 Tolkewitz/Seidnitz-Nord;09 Tolkewitz, Seidnitz, Gruna;StB 5 Blasewitz;Wahlbezirk_Urne;1466;232;628;0;612;112;63;69;89;25;6;150;4;94;16
2019;56001;56 Seidnitz/Dobritz;09 Tolkewitz, Seidnitz, Gruna;StB 5 Blasewitz;Wahlbezirk_Brief;0;0;631;631;626;129;76;99;58;36;2;139;6;81;5
2019;56002;56 Seidnitz/Dobritz;09 Tolkewitz, Seidnitz, Gruna;StB 5 Blasewitz;Wahlbezirk_Brief;0;0;541;541;535;120;42;97;61;31;3;102;4;75;6
2019;56003;56 Seidnitz/Dobritz;09 Tolkewitz, Seidnitz, Gruna;StB 5 Blasewitz;Wahlbezirk_Brief;0;0;685;685;681;175;52;97;64;44;1;144;2;102;4
2019;56100;56 Seidnitz/Dobritz;09 Tolkewitz, Seidnitz, Gruna;StB 5 Blasewitz;Wahlbezirk_Urne;1614;383;608;0;602;103;41;84;73;31;6;159;2;103;6
2019;56200;56 Seidnitz/Dobritz;09 Tolkewitz, Seidnitz, Gruna;StB 5 Blasewitz;Wahlbezirk_Urne;834;87;358;0;350;44;38;48;16;9;5;123;3;64;8
2019;56300;56 Seidnitz/Dobritz;09 Tolkewitz, Seidnitz, Gruna;StB 5 Blasewitz;Wahlbezirk_Urne;1321;201;642;0;635;116;57;90;53;25;5;198;5;86;7
2019;56401;56 Seidnitz/Dobritz;09 Tolkewitz, Seidnitz, Gruna;StB 5 Blasewitz;Wahlbezirk_Urne;719;176;310;0;307;46;18;34;51;18;0;91;2;47;3
2019;56402;56 Seidnitz/Dobritz;09 Tolkewitz, Seidnitz, Gruna;StB 5 Blasewitz;Wahlbezirk_Urne;1512;237;739;1;730;150;63;93;67;44;3;201;6;103;9
2019;56501;56 Seidnitz/Dobritz;09 Tolkewitz, Seidnitz, Gruna;StB 5 Blasewitz;Wahlbezirk_Urne;1016;168;511;0;499;95;41;68;45;37;5;140;3;65;12
2019;56502;56 Seidnitz/Dobritz;09 Tolkewitz, Seidnitz, Gruna;StB 5 Blasewitz;Wahlbezirk_Urne;944;155;495;1;490;104;46;61;51;21;4;140;5;58;5
2019;56600;56 Seidnitz/Dobritz;09 Tolkewitz, Seidnitz, Gruna;StB 5 Blasewitz;Wahlbezirk_Urne;1333;234;547;0;546;95;35;59;66;26;4;154;6;101;1
2019;56800;56 Seidnitz/Dobritz;09 Tolkewitz, Seidnitz, Gruna;StB 5 Blasewitz;Wahlbezirk_Urne;824;165;395;1;394;74;38;48;29;14;1;115;7;68;1
2019;56900;56 Seidnitz/Dobritz;09 Tolkewitz, Seidnitz, Gruna;StB 5 Blasewitz;Wahlbezirk_Urne;990;178;454;2;443;74;47;73;42;16;1;110;8;72;11
2019;57001;57 Gruna;09 Tolkewitz, Seidnitz, Gruna;StB 5 Blasewitz;Wahlbezirk_Brief;0;0;558;558;556;98;59;72;122;24;2;88;6;85;2
2019;57002;57 Gruna;09 Tolkewitz, Seidnitz, Gruna;StB 5 Blasewitz;Wahlbezirk_Brief;0;0;552;552;550;136;61;78;75;22;0;95;3;80;2
2019;57003;57 Gruna;09 Tolkewitz, Seidnitz, Gruna;StB 5 Blasewitz;Wahlbezirk_Brief;0;0;579;579;564;138;62;95;74;24;1;98;4;68;15
2019;57004;57 Gruna;09 Tolkewitz, Seidnitz, Gruna;StB 5 Blasewitz;Wahlbezirk_Brief;0;0;659;659;654;154;64;103;89;46;0;116;5;77;5
2019;57100;57 Gruna;09 Tolkewitz, Seidnitz, Gruna;StB 5 Blasewitz;Wahlbezirk_Urne;1051;258;551;1;543;108;36;68;93;29;1;112;7;89;8
2019;57200;57 Gruna;09 Tolkewitz, Seidnitz, Gruna;StB 5 Blasewitz;Wahlbezirk_Urne;1548;326;772;2;769;93;59;116;153;31;5;153;12;147;3
2019;57301;57 Gruna;09 Tolkewitz, Seidnitz, Gruna;StB 5 Blasewitz;Wahlbezirk_Urne;905;158;490;1;483;103;39;45;66;34;2;106;2;86;7
2019;57302;57 Gruna;09 Tolkewitz, Seidnitz, Gruna;StB 5 Blasewitz;Wahlbezirk_Urne;764;148;442;0;432;98;42;54;56;21;0;87;3;71;10
2019;57400;57 Gruna;09 Tolkewitz, Seidnitz, Gruna;StB 5 Blasewitz;Wahlbezirk_Urne;1192;279;589;2;578;121;36;75;72;30;2;146;1;95;11
2019;57500;57 Gruna;09 Tolkewitz, Seidnitz, Gruna;StB 5 Blasewitz;Wahlbezirk_Urne;1514;345;600;1;593;79;49;120;59;20;2;155;10;99;7
2019;57600;57 Gruna;09 Tolkewitz, Seidnitz, Gruna;StB 5 Blasewitz;Wahlbezirk_Urne;1420;272;629;2;618;115;54;76;84;25;2;152;7;103;11
2019;57700;57 Gruna;09 Tolkewitz, Seidnitz, Gruna;StB 5 Blasewitz;Wahlbezirk_Urne;916;260;434;1;431;74;42;58;81;22;1;82;7;64;3
2019;57800;57 Gruna;09 Tolkewitz, Seidnitz, Gruna;StB 5 Blasewitz;Wahlbezirk_Urne;1366;422;599;1;593;166;53;62;91;23;0;123;6;69;6
2019;61001;61 Leuben;10 StB Leuben;StB 6 Leuben;Wahlbezirk_Brief;0;0;767;767;764;172;68;108;86;41;2;173;7;107;3
2019;61002;61 Leuben;10 StB Leuben;StB 6 Leuben;Wahlbezirk_Brief;0;0;503;503;500;129;41;98;32;22;2;101;3;72;3
2019;61100;61 Leuben;10 StB Leuben;StB 6 Leuben;Wahlbezirk_Urne;939;125;485;0;472;112;45;75;43;25;4;108;1;59;13
2019;61200;61 Leuben;10 StB Leuben;StB 6 Leuben;Wahlbezirk_Urne;1045;179;529;3;524;98;47;39;78;27;3;127;6;99;5
2019;61300;61 Leuben;10 StB Leuben;StB 6 Leuben;Wahlbezirk_Urne;1613;198;746;0;735;145;72;108;59;32;2;218;10;89;11
2019;61400;61 Leuben;10 StB Leuben;StB 6 Leuben;Wahlbezirk_Urne;1060;131;490;1;486;70;44;59;40;19;10;149;5;90;4
2019;61500;61 Leuben;10 StB Leuben;StB 6 Leuben;Wahlbezirk_Urne;1237;193;570;0;557;117;47;80;46;24;1;162;2;78;13
2019;61600;61 Leuben;10 StB Leuben;StB 6 Leuben;Wahlbezirk_Urne;1024;158;488;0;479;85;40;69;34;15;7;142;2;85;9
2019;61700;61 Leuben;10 StB Leuben;StB 6 Leuben;Wahlbezirk_Urne;1024;118;382;2;375;64;28;59;29;16;9;128;3;39;7
2019;61800;61 Leuben;10 StB Leuben;StB 6 Leuben;Wahlbezirk_Urne;1789;263;670;1;655;85;51;101;36;22;9;230;11;110;15
2019;62001;62 Laubegast;10 StB Leuben;StB 6 Leuben;Wahlbezirk_Brief;0;0;454;454;452;112;42;55;58;28;2;84;5;66;2
2019;62002;62 Laubegast;10 StB Leuben;StB 6 Leuben;Wahlbezirk_Brief;0;0;646;646;646;127;55;85;132;28;0;127;5;87;0
2019;62003;62 Laubegast;10 StB Leuben;StB 6 Leuben;Wahlbezirk_Brief;0;0;786;786;777;165;98;104;104;32;0;161;5;108;9
2019;62101;62 Laubegast;10 StB Leuben;StB 6 Leuben;Wahlbezirk_Urne;722;106;394;0;390;57;39;42;56;25;1;92;8;70;4
2019;62102;62 Laubegast;10 StB Leuben;StB 6 Leuben;Wahlbezirk_Urne;959;159;535;1;523;109;35;49;76;42;4;128;6;74;12
2019;62200;62 Laubegast;10 StB Leuben;StB 6 Leuben;Wahlbezirk_Urne;1159;218;597;0;593;114;47;80;51;25;6;188;3;79;4
2019;62301;62 Laubegast;10 StB Leuben;StB 6 Leuben;Wahlbezirk_Urne;929;172;452;0;449;88;31;57;49;25;5;135;3;56;3
2019;62302;62 Laubegast;10 StB Leuben;StB 6 Leuben;Wahlbezirk_Urne;1048;202;550;0;546;158;51;63;51;40;2;129;2;50;4
2019;62400;62 Laubegast;10 StB Leuben;StB 6 Leuben;Wahlbezirk_Urne;1358;305;715;1;710;129;44;65;136;45;5;174;7;105;5
2019;62501;62 Laubegast;10 StB Leuben;StB 6 Leuben;Wahlbezirk_Urne;1277;250;703;1;693;140;55;49;95;45;6;207;3;93;10
2019;62502;62 Laubegast;10 StB Leuben;StB 6 Leuben;Wahlbezirk_Urne;1187;268;569;0;558;122;38;53;49;28;5;189;3;71;11
2019;62600;62 Laubegast;10 StB Leuben;StB 6 Leuben;Wahlbezirk_Urne;1501;293;800;1;791;157;65;72;88;40;3;271;7;88;9
2019;63001;63 Kleinzschachwitz;10 StB Leuben;StB 6 Leuben;Wahlbezirk_Brief;0;0;569;569;567;177;47;54;99;31;2;79;2;76;2
2019;63002;63 Kleinzschachwitz;10 StB Leuben;StB 6 Leuben;Wahlbezirk_Brief;0;0;831;831;829;217;84;89;106;43;0;192;1;97;2
2019;63101;63 Kleinzschachwitz;10 StB Leuben;StB 6 Leuben;Wahlbezirk_Urne;943;174;521;0;516;141;37;38;70;37;2;135;2;54;5
2019;63102;63 Kleinzschachwitz;10 StB Leuben;StB 6 Leuben;Wahlbezirk_Urne;947;230;515;6;505;88;53;33;88;27;0;152;1;63;10
2019;63200;63 Kleinzschachwitz;10 StB Leuben;StB 6 Leuben;Wahlbezirk_Urne;987;197;579;2;571;122;47;49;94;34;5;149;3;68;8
2019;63301;63 Kleinzschachwitz;10 StB Leuben;StB 6 Leuben;Wahlbezirk_Urne;1193;234;676;0;671;167;50;56;83;26;1;211;1;76;5
2019;63302;63 Kleinzschachwitz;10 StB Leuben;StB 6 Leuben;Wahlbezirk_Urne;891;159;540;0;534;130;35;35;58;34;1;175;3;63;6
2019;63401;63 Kleinzschachwitz;10 StB Leuben;StB 6 Leuben;Wahlbezirk_Urne;961;275;508;0;499;148;44;30;57;26;0;131;1;62;9
2019;63402;63 Kleinzschachwitz;10 StB Leuben;StB 6 Leuben;Wahlbezirk_Urne;1069;212;618;2;613;147;35;37;70;44;3;194;1;82;5
2019;64000;64 Großzschachwitz;10 StB Leuben;StB 6 Leuben;Wahlbezirk_Brief;0;0;700;700;697;177;54;114;58;32;2;143;10;107;3
2019;64100;64 Großzschachwitz;10 StB Leuben;StB 6 Leuben;Wahlbezirk_Urne;1188;177;598;2;589;109;30;51;68;32;5;183;6;105;9
2019;64200;64 Großzschachwitz;10 StB Leuben;StB 6 Leuben;Wahlbezirk_Urne;914;140;452;0;445;67;37;81;29;9;7;148;5;62;7
2019;64300;64 Großzschachwitz;10 StB Leuben;StB 6 Leuben;Wahlbezirk_Urne;846;108;405;0;400;63;30;49;38;14;5;134;5;62;5
2019;64400;64 Großzschachwitz;10 StB Leuben;StB 6 Leuben;Wahlbezirk_Urne;851;116;442;1;438;81;38;78;33;19;0;127;3;59;4
2019;64500;64 Großzschachwitz;10 StB Leuben;StB 6 Leuben;Wahlbezirk_Urne;1301;202;611;1;601;124;46;65;68;26;7;186;2;77;10
2019;71000;71 Prohlis-Nord;11 Prohlis, Reick (mit Sternhäuser, Am Koitschgraben);StB 7 Prohlis;Wahlbezirk_Brief;0;0;555;555;549;132;64;76;30;13;7;141;1;85;6
2019;71100;71 Prohlis-Nord;11 Prohlis, Reick (mit Sternhäuser, Am Koitschgraben);StB 7 Prohlis;Wahlbezirk_Urne;951;145;520;0;509;85;39;67;40;27;6;160;3;82;11
2019;71200;71 Prohlis-Nord;11 Prohlis, Reick (mit Sternhäuser, Am Koitschgraben);StB 7 Prohlis;Wahlbezirk_Urne;1586;176;622;2;607;102;43;89;40;23;15;188;12;95;15
2019;71400;71 Prohlis-Nord;11 Prohlis, Reick (mit Sternhäuser, Am Koitschgraben);StB 7 Prohlis;Wahlbezirk_Urne;903;130;383;0;371;65;32;48;21;9;4;129;0;63;12
2019;71500;71 Prohlis-Nord;11 Prohlis, Reick (mit Sternhäuser, Am Koitschgraben);StB 7 Prohlis;Wahlbezirk_Urne;1054;147;379;1;366;68;31;58;19;9;10;120;0;51;13
2019;72000;72 Prohlis-Süd;11 Prohlis, Reick (mit Sternhäuser, Am Koitschgraben);StB 7 Prohlis;Wahlbezirk_Brief;0;0;640;640;631;163;52;118;29;28;9;155;6;71;9
2019;72100;72 Prohlis-Süd;11 Prohlis, Reick (mit Sternhäuser, Am Koitschgraben);StB 7 Prohlis;Wahlbezirk_Urne;1045;79;393;1;381;64;32;54;21;20;10;121;2;57;12
2019;72200;72 Prohlis-Süd;11 Prohlis, Reick (mit Sternhäuser, Am Koitschgraben);StB 7 Prohlis;Wahlbezirk_Urne;883;73;318;0;312;47;25;59;19;15;6;112;0;29;6
2019;72300;72 Prohlis-Süd;11 Prohlis, Reick (mit Sternhäuser, Am Koitschgraben);StB 7 Prohlis;Wahlbezirk_Urne;1318;150;464;0;448;70;30;73;20;10;9;168;3;65;16
2019;72500;72 Prohlis-Süd;11 Prohlis, Reick (mit Sternhäuser, Am Koitschgraben);StB 7 Prohlis;Wahlbezirk_Urne;1293;138;544;0;540;96;44;76;23;20;10;190;5;76;4
2019;72700;72 Prohlis-Süd;11 Prohlis, Reick (mit Sternhäuser, Am Koitschgraben);StB 7 Prohlis;Wahlbezirk_Urne;1768;251;607;0;592;94;49;125;38;15;8;174;10;79;15
2019;73001;73 Niedersedlitz;12 Niedersedlitz, Leubnitz, Strehlen (ohne Sternhäuser, Am Koitschgraben);StB 7 Prohlis;Wahlbezirk_Brief;0;0;431;431;427;103;46;42;50;26;3;88;0;69;4
2019;73002;73 Niedersedlitz;12 Niedersedlitz, Leubnitz, Strehlen (ohne Sternhäuser, Am Koitschgraben);StB 7 Prohlis;Wahlbezirk_Brief;0;0;476;476;475;134;38;74;46;28;1;84;2;68;1
2019;73101;73 Niedersedlitz;12 Niedersedlitz, Leubnitz, Strehlen (ohne Sternhäuser, Am Koitschgraben);StB 7 Prohlis;Wahlbezirk_Urne;1359;249;731;0;715;142;56;63;77;38;9;213;4;113;16
2019;73102;73 Niedersedlitz;12 Niedersedlitz, Leubnitz, Strehlen (ohne Sternhäuser, Am Koitschgraben);StB 7 Prohlis;Wahlbezirk_Urne;1453;288;740;0;727;134;48;79;77;32;10;230;7;110;13
2019;73200;73 Niedersedlitz;12 Niedersedlitz, Leubnitz, Strehlen (ohne Sternhäuser, Am Koitschgraben);StB 7 Prohlis;Wahlbezirk_Urne;1092;205;589;0;584;125;45;39;75;47;6;172;5;70;5
2019;73300;73 Niedersedlitz;12 Niedersedlitz, Leubnitz, Strehlen (ohne Sternhäuser, Am Koitschgraben);StB 7 Prohlis;Wahlbezirk_Urne;891;215;461;0;455;102;38;39;35;26;2;160;1;52;6
2019;74001;74 Lockwitz;12 Niedersedlitz, Leubnitz, Strehlen (ohne Sternhäuser, Am Koitschgraben);StB 7 Prohlis;Wahlbezirk_Brief;0;0;460;460;460;114;45;43;77;19;1;96;2;63;0
2019;74002;74 Lockwitz;12 Niedersedlitz, Leubnitz, Strehlen (ohne Sternhäuser, Am Koitschgraben);StB 7 Prohlis;Wahlbezirk_Brief;0;0;466;466;462;127;43;60;58;24;1;82;3;64;4
2019;74100;74 Lockwitz;12 Niedersedlitz, Leubnitz, Strehlen (ohne Sternhäuser, Am Koitschgraben);StB 7 Prohlis;Wahlbezirk_Urne;723;107;393;1;386;68;19;27;45;27;7;145;4;44;7
2019;74201;74 Lockwitz;12 Niedersedlitz, Leubnitz, Strehlen (ohne Sternhäuser, Am Koitschgraben);StB 7 Prohlis;Wahlbezirk_Urne;1186;233;693;0;688;169;51;61;67;36;5;216;4;79;5
2019;74202;74 Lockwitz;12 Niedersedlitz, Leubnitz, Strehlen (ohne Sternhäuser, Am Koitschgraben);StB 7 Prohlis;Wahlbezirk_Urne;849;150;492;1;487;125;30;33;43;28;7;130;5;86;5
2019;74301;74 Lockwitz;12 Niedersedlitz, Leubnitz, Strehlen (ohne Sternhäuser, Am Koitschgraben);StB 7 Prohlis;Wahlbezirk_Urne;1363;231;772;0;767;190;61;64;78;41;2;212;2;117;5
2019;74302;74 Lockwitz;12 Niedersedlitz, Leubnitz, Strehlen (ohne Sternhäuser, Am Koitschgraben);StB 7 Prohlis;Wahlbezirk_Urne;1306;257;738;0;734;145;56;77;95;49;5;207;3;97;4
2019;75001;75 Leubnitz-Neuostra;12 Niedersedlitz, Leubnitz, Strehlen (ohne Sternhäuser, Am Koitschgraben);StB 7 Prohlis;Wahlbezirk_Brief;0;0;759;759;757;200;79;86;80;46;0;170;3;93;2
2019;75002;75 Leubnitz-Neuostra;12 Niedersedlitz, Leubnitz, Strehlen (ohne Sternhäuser, Am Koitschgraben);StB 7 Prohlis;Wahlbezirk_Brief;0;0;580;580;579;134;55;66;83;33;2;112;3;91;1
2019;75003;75 Leubnitz-Neuostra;12 Niedersedlitz, Leubnitz, Strehlen (ohne Sternhäuser, Am Koitschgraben);StB 7 Prohlis;Wahlbezirk_Brief;0;0;468;468;465;107;43;86;37;21;1;97;3;70;3
2019;75004;75 Leubnitz-Neuostra;12 Niedersedlitz, Leubnitz, Strehlen (ohne Sternhäuser, Am Koitschgraben);StB 7 Prohlis;Wahlbezirk_Brief;0;0;666;666;663;164;55;81;83;53;0;131;5;91;3
2019;75100;75 Leubnitz-Neuostra;12 Niedersedlitz, Leubnitz, Strehlen (ohne Sternhäuser, Am Koitschgraben);StB 7 Prohlis;Wahlbezirk_Urne;1049;246;539;0;535;128;44;63;50;38;0;147;2;63;4
2019;75201;75 Leubnitz-Neuostra;12 Niedersedlitz, Leubnitz, Strehlen (ohne Sternhäuser, Am Koitschgraben);StB 7 Prohlis;Wahlbezirk_Urne;1016;298;538;0;534;126;60;50;94;24;2;117;1;60;4
2019;75202;75 Leubnitz-Neuostra;12 Niedersedlitz, Leubnitz, Strehlen (ohne Sternhäuser, Am Koitschgraben);StB 7 Prohlis;Wahlbezirk_Urne;1240;263;574;0;568;144;48;49;65;32;0;147;2;81;6
2019;75300;75 Leubnitz-Neuostra;12 Niedersedlitz, Leubnitz, Strehlen (ohne Sternhäuser, Am Koitschgraben);StB 7 Prohlis;Wahlbezirk_Urne;765;97;236;1;231;23;34;39;23;8;9;63;3;29;5
2019;75500;75 Leubnitz-Neuostra;12 Niedersedlitz, Leubnitz, Strehlen (ohne Sternhäuser, Am Koitschgraben);StB 7 Prohlis;Wahlbezirk_Urne;1052;232;601;2;597;122;37;45;123;34;1;134;3;98;4
2019;75600;75 Leubnitz-Neuostra;12 Niedersedlitz, Leubnitz, Strehlen (ohne Sternhäuser, Am Koitschgraben);StB 7 Prohlis;Wahlbezirk_Urne;1106;282;542;4;538;93;50;51;66;41;1;140;4;92;4
2019;75700;75 Leubnitz-Neuostra;12 Niedersedlitz, Leubnitz, Strehlen (ohne Sternhäuser, Am Koitschgraben);StB 7 Prohlis;Wahlbezirk_Urne;1208;259;559;0;546;100;49;65;59;23;4;162;3;81;13
2019;75800;75 Leubnitz-Neuostra;12 Niedersedlitz, Leubnitz, Strehlen (ohne Sternhäuser, Am Koitschgraben);StB 7 Prohlis;Wahlbezirk_Urne;1324;250;651;0;635;127;52;86;67;30;3;159;1;110;16
2019;75901;75 Leubnitz-Neuostra;12 Niedersedlitz, Leubnitz, Strehlen (ohne Sternhäuser, Am Koitschgraben);StB 7 Prohlis;Wahlbezirk_Urne;748;183;397;0;388;73;30;51;39;42;0;95;9;49;9
2019;75902;75 Leubnitz-Neuostra;12 Niedersedlitz, Leubnitz, Strehlen (ohne Sternhäuser, Am Koitschgraben);StB 7 Prohlis;Wahlbezirk_Urne;965;272;501;4;497;94;44;46;82;37;2;114;6;72;4
2019;75903;75 Leubnitz-Neuostra;12 Niedersedlitz, Leubnitz, Strehlen (ohne Sternhäuser, Am Koitschgraben);StB 7 Prohlis;Wahlbezirk_Urne;923;242;480;0;476;95;55;37;66;31;7;110;5;70;4
2019;76001;76 Strehlen;12 Niedersedlitz, Leubnitz, Strehlen (ohne Sternhäuser, Am Koitschgraben);StB 7 Prohlis;Wahlbezirk_Brief;0;0;597;597;593;110;63;61;175;21;1;48;5;109;4
2019;76002;76 Strehlen;12 Niedersedlitz, Leubnitz, Strehlen (ohne Sternhäuser, Am Koitschgraben);StB 7 Prohlis;Wahlbezirk_Brief;0;0;440;440;434;79;44;55;90;30;1;51;8;76;6
2019;76003;76 Strehlen;12 Niedersedlitz, Leubnitz, Strehlen (ohne Sternhäuser, Am Koitschgraben);StB 7 Prohlis;Wahlbezirk_Brief;0;0;589;589;584;112;66;88;91;31;2;90;8;96;5
2019;76100;76 Strehlen;12 Niedersedlitz, Leubnitz, Strehlen (ohne Sternhäuser, Am Koitschgraben);StB 7 Prohlis;Wahlbezirk_Urne;1344;389;641;3;639;105;45;79;156;35;1;64;8;146;2
2019;76200;76 Strehlen;12 Niedersedlitz, Leubnitz, Strehlen (ohne Sternhäuser, Am Koitschgraben);StB 7 Prohlis;Wahlbezirk_Urne;1267;324;647;0;638;117;39;68;131;29;0;124;5;125;9
2019;76300;76 Strehlen;12 Niedersedlitz, Leubnitz, Strehlen (ohne Sternhäuser, Am Koitschgraben);StB 7 Prohlis;Wahlbezirk_Urne;1114;257;610;1;603;51;59;92;169;29;2;72;8;121;7
2019;76400;76 Strehlen;12 Niedersedlitz, Leubnitz, Strehlen (ohne Sternhäuser, Am Koitschgraben);StB 7 Prohlis;Wahlbezirk_Urne;530;137;243;1;242;51;23;32;41;13;0;48;1;33;1
2019;76500;76 Strehlen;12 Niedersedlitz, Leubnitz, Strehlen (ohne Sternhäuser, Am Koitschgraben);StB 7 Prohlis;Wahlbezirk_Urne;1522;393;664;4;657;106;42;81;128;37;4;132;11;116;7
2019;76600;76 Strehlen;11 Prohlis, Reick (mit Sternhäuser, Am Koitschgraben);StB 7 Prohlis;Wahlbezirk_Urne;1146;183;429;0;420;77;23;82;38;13;3;132;5;47;9
2019;76700;76 Strehlen;11 Prohlis, Reick (mit Sternhäuser, Am Koitschgraben);StB 7 Prohlis;Wahlbezirk_Urne;908;51;270;0;267;23;11;49;33;3;8;85;5;50;3
2019;77000;77 Reick;11 Prohlis, Reick (mit Sternhäuser, Am Koitschgraben);StB 7 Prohlis;Wahlbezirk_Brief;0;0;640;640;638;147;64;92;53;36;3;126;5;112;2
2019;77100;77 Reick;11 Prohlis, Reick (mit Sternhäuser, Am Koitschgraben);StB 7 Prohlis;Wahlbezirk_Urne;1335;245;583;0;569;109;45;62;35;21;10;204;7;76;14
2019;77200;77 Reick;11 Prohlis, Reick (mit Sternhäuser, Am Koitschgraben);StB 7 Prohlis;Wahlbezirk_Urne;1639;312;711;0;700;166;60;90;70;29;4;193;6;82;11
2019;77300;77 Reick;11 Prohlis, Reick (mit Sternhäuser, Am Koitschgraben);StB 7 Prohlis;Wahlbezirk_Urne;1052;124;405;1;398;50;25;47;37;13;10;140;7;69;7
2019;81001;81 Südvorstadt-West;13 Südvorstadt, Zschertnitz;StB 8 Plauen;Wahlbezirk_Brief;0;0;495;495;479;84;61;76;84;32;0;61;2;79;16
2019;81002;81 Südvorstadt-West;13 Südvorstadt, Zschertnitz;StB 8 Plauen;Wahlbezirk_Brief;0;0;591;591;588;105;40;85;116;37;0;60;10;135;3
2019;81003;81 Südvorstadt-West;13 Südvorstadt, Zschertnitz;StB 8 Plauen;Wahlbezirk_Brief;0;0;560;560;558;100;70;77;124;26;1;66;7;87;2
2019;81004;81 Südvorstadt-West;13 Südvorstadt, Zschertnitz;StB 8 Plauen;Wahlbezirk_Brief;0;0;505;505;505;80;39;60;133;29;0;60;6;98;0
2019;81100;81 Südvorstadt-West;13 Südvorstadt, Zschertnitz;StB 8 Plauen;Wahlbezirk_Urne;1103;210;507;0;499;63;54;74;66;23;4;120;10;85;8
2019;81200;81 Südvorstadt-West;13 Südvorstadt, Zschertnitz;StB 8 Plauen;Wahlbezirk_Urne;1482;305;735;1;716;120;83;98;111;37;0;125;22;120;19
2019;81400;81 Südvorstadt-West;13 Südvorstadt, Zschertnitz;StB 8 Plauen;Wahlbezirk_Urne;1443;342;707;3;700;88;56;93;135;49;2;113;11;153;7
2019;81500;81 Südvorstadt-West;13 Südvorstadt, Zschertnitz;StB 8 Plauen;Wahlbezirk_Urne;1140;270;561;0;556;63;53;78;119;26;1;92;12;112;5
2019;81700;81 Südvorstadt-West;13 Südvorstadt, Zschertnitz;StB 8 Plauen;Wahlbezirk_Urne;1737;524;772;1;765;100;59;88;186;56;4;115;15;142;7
2019;81800;81 Südvorstadt-West;13 Südvorstadt, Zschertnitz;StB 8 Plauen;Wahlbezirk_Urne;1055;268;529;0;523;84;32;65;147;23;0;59;7;106;6
2019;81900;81 Südvorstadt-West;13 Südvorstadt, Zschertnitz;StB 8 Plauen;Wahlbezirk_Urne;1073;317;493;3;487;71;52;63;109;27;4;67;7;87;6
2019;82001;82 Südvorstadt-Ost;13 Südvorstadt, Zschertnitz;StB 8 Plauen;Wahlbezirk_Brief;0;0;661;661;660;91;68;89;169;36;1;69;14;123;1
2019;82002;82 Südvorstadt-Ost;13 Südvorstadt, Zschertnitz;StB 8 Plauen;Wahlbezirk_Brief;0;0;606;606;602;89;47;62;153;53;3;44;15;136;4
2019;82100;82 Südvorstadt-Ost;13 Südvorstadt, Zschertnitz;StB 8 Plauen;Wahlbezirk_Urne;628;132;288;2;285;33;20;50;42;15;1;40;13;71;3
2019;82200;82 Südvorstadt-Ost;13 Südvorstadt, Zschertnitz;StB 8 Plauen;Wahlbezirk_Urne;1188;250;607;1;600;87;54;64;108;38;1;130;9;109;7
2019;82300;82 Südvorstadt-Ost;13 Südvorstadt, Zschertnitz;StB 8 Plauen;Wahlbezirk_Urne;1111;320;558;5;555;88;40;68;113;35;0;82;4;125;3
2019;82400;82 Südvorstadt-Ost;13 Südvorstadt, Zschertnitz;StB 8 Plauen;Wahlbezirk_Urne;1387;349;708;3;706;93;54;79;154;40;1;107;9;169;2
2019;82500;82 Südvorstadt-Ost;13 Südvorstadt, Zschertnitz;StB 8 Plauen;Wahlbezirk_Urne;1029;311;533;0;533;27;18;53;153;46;2;24;11;199;0
2019;83001;83 Räcknitz/Zschertnitz;13 Südvorstadt, Zschertnitz;StB 8 Plauen;Wahlbezirk_Brief;0;0;602;602;598;139;59;83;94;50;4;90;3;76;4
2019;83002;83 Räcknitz/Zschertnitz;13 Südvorstadt, Zschertnitz;StB 8 Plauen;Wahlbezirk_Brief;0;0;610;610;603;137;73;98;49;34;6;122;4;80;7
2019;83003;83 Räcknitz/Zschertnitz;13 Südvorstadt, Zschertnitz;StB 8 Plauen;Wahlbezirk_Brief;0;0;477;477;475;103;43;81;71;27;0;82;2;66;2
2019;83100;83 Räcknitz/Zschertnitz;13 Südvorstadt, Zschertnitz;StB 8 Plauen;Wahlbezirk_Urne;1011;272;519;6;513;73;39;45;109;33;2;84;13;115;6
2019;83200;83 Räcknitz/Zschertnitz;13 Südvorstadt, Zschertnitz;StB 8 Plauen;Wahlbezirk_Urne;816;193;372;0;368;53;22;56;47;24;1;104;6;55;4
2019;83300;83 Räcknitz/Zschertnitz;13 Südvorstadt, Zschertnitz;StB 8 Plauen;Wahlbezirk_Urne;1182;290;543;4;541;100;38;75;33;31;6;153;5;100;2
2019;83400;83 Räcknitz/Zschertnitz;13 Südvorstadt, Zschertnitz;StB 8 Plauen;Wahlbezirk_Urne;1445;358;730;2;718;153;81;97;75;25;2;189;5;91;12
2019;83500;83 Räcknitz/Zschertnitz;13 Südvorstadt, Zschertnitz;StB 8 Plauen;Wahlbezirk_Urne;955;170;419;2;415;76;25;81;23;15;6;111;7;71;4
2019;83700;83 Räcknitz/Zschertnitz;13 Südvorstadt, Zschertnitz;StB 8 Plauen;Wahlbezirk_Urne;978;211;474;0;465;99;43;57;47;22;2;125;4;66;9
2019;83800;83 Räcknitz/Zschertnitz;13 Südvorstadt, Zschertnitz;StB 8 Plauen;Wahlbezirk_Urne;1108;300;521;0;518;107;47;56;81;29;5;113;5;75;3
2019;84001;84 Kleinpestitz/Mockritz;14 Mockritz, Coschütz, Plauen;StB 8 Plauen;Wahlbezirk_Brief;0;0;664;664;655;146;78;111;42;30;4;146;5;93;9
2019;84002;84 Kleinpestitz/Mockritz;14 Mockritz, Coschütz, Plauen;StB 8 Plauen;Wahlbezirk_Brief;0;0;653;653;652;202;62;53;102;37;2;116;4;74;1
2019;84100;84 Kleinpestitz/Mockritz;14 Mockritz, Coschütz, Plauen;StB 8 Plauen;Wahlbezirk_Urne;1226;246;582;0;577;130;53;80;53;30;2;156;5;68;5
2019;84200;84 Kleinpestitz/Mockritz;14 Mockritz, Coschütz, Plauen;StB 8 Plauen;Wahlbezirk_Urne;1021;201;519;0;504;84;55;68;43;30;1;134;9;80;15
2019;84300;84 Kleinpestitz/Mockritz;14 Mockritz, Coschütz, Plauen;StB 8 Plauen;Wahlbezirk_Urne;1130;254;560;0;555;104;59;64;47;28;2;176;4;71;5
2019;84400;84 Kleinpestitz/Mockritz;14 Mockritz, Coschütz, Plauen;StB 8 Plauen;Wahlbezirk_Urne;563;83;320;1;319;82;17;20;50;14;4;70;3;59;1
2019;84501;84 Kleinpestitz/Mockritz;14 Mockritz, Coschütz, Plauen;StB 8 Plauen;Wahlbezirk_Urne;1291;311;758;2;754;167;58;70;117;49;3;193;6;91;4
2019;84502;84 Kleinpestitz/Mockritz;14 Mockritz, Coschütz, Plauen;StB 8 Plauen;Wahlbezirk_Urne;1043;294;486;0;485;91;45;51;74;25;1;138;1;59;1
2019;85001;85 Coschütz/Gittersee;14 Mockritz, Coschütz, Plauen;StB 8 Plauen;Wahlbezirk_Brief;0;0;504;504;501;120;56;58;68;20;2;92;3;82;3
2019;85002;85 Coschütz/Gittersee;14 Mockritz, Coschütz, Plauen;StB 8 Plauen;Wahlbezirk_Brief;0;0;475;475;473;117;45;59;89;26;3;73;5;56;2
2019;85100;85 Coschütz/Gittersee;14 Mockritz, Coschütz, Plauen;StB 8 Plauen;Wahlbezirk_Urne;1366;378;622;1;619;131;59;72;65;33;3;162;3;91;3
2019;85200;85 Coschütz/Gittersee;14 Mockritz, Coschütz, Plauen;StB 8 Plauen;Wahlbezirk_Urne;1399;360;666;1;663;135;53;54;119;34;4;161;9;94;3
2019;85301;85 Coschütz/Gittersee;14 Mockritz, Coschütz, Plauen;StB 8 Plauen;Wahlbezirk_Urne;861;155;459;2;453;81;31;46;70;26;5;130;4;60;6
2019;85302;85 Coschütz/Gittersee;14 Mockritz, Coschütz, Plauen;StB 8 Plauen;Wahlbezirk_Urne;905;130;475;1;469;100;35;40;63;32;1;142;6;50;6
2019;86001;86 Plauen;14 Mockritz, Coschütz, Plauen;StB 8 Plauen;Wahlbezirk_Brief;0;0;642;642;640;115;64;78;141;40;0;81;6;115;2
2019;86002;86 Plauen;14 Mockritz, Coschütz, Plauen;StB 8 Plauen;Wahlbezirk_Brief;0;0;584;584;581;107;60;89;137;26;1;68;3;90;3
2019;86003;86 Plauen;14 Mockritz, Coschütz, Plauen;StB 8 Plauen;Wahlbezirk_Brief;0;0;546;546;544;78;36;62;161;37;5;34;6;125;2
2019;86004;86 Plauen;14 Mockritz, Coschütz, Plauen;StB 8 Plauen;Wahlbezirk_Brief;0;0;536;536;536;138;68;61;117;35;0;55;1;61;0
2019;86100;86 Plauen;14 Mockritz, Coschütz, Plauen;StB 8 Plauen;Wahlbezirk_Urne;1402;380;703;4;698;116;76;82;163;32;1;95;9;124;5
2019;86200;86 Plauen;14 Mockritz, Coschütz, Plauen;StB 8 Plauen;Wahlbezirk_Urne;1132;302;614;2;609;110;67;69;140;25;1;94;4;99;5
2019;86300;86 Plauen;14 Mockritz, Coschütz, Plauen;StB 8 Plauen;Wahlbezirk_Urne;1258;329;631;3;626;75;62;94;150;26;3;94;9;113;5
2019;86400;86 Plauen;14 Mockritz, Coschütz, Plauen;StB 8 Plauen;Wahlbezirk_Urne;950;269;535;0;534;86;52;64;135;27;3;74;12;81;1
2019;86500;86 Plauen;14 Mockritz, Coschütz, Plauen;StB 8 Plauen;Wahlbezirk_Urne;1218;307;667;6;662;88;66;62;196;24;0;73;6;147;5
2019;86600;86 Plauen;14 Mockritz, Coschütz, Plauen;StB 8 Plauen;Wahlbezirk_Urne;1116;277;588;1;586;82;65;69;137;44;2;75;8;104;2
2019;86700;86 Plauen;14 Mockritz, Coschütz, Plauen;StB 8 Plauen;Wahlbezirk_Urne;702;231;386;1;386;90;45;37;83;23;1;43;7;57;0
2019;86800;86 Plauen;14 Mockritz, Coschütz, Plauen;StB 8 Plauen;Wahlbezirk_Urne;1131;327;536;0;532;98;76;45;115;32;0;92;5;69;4
2019;90011;90 Cossebaude/Mobschatz/Oberw.;17 Briesnitz und westliche OS;StB 9 Cotta/westliche Ortschaften;Wahlbezirk_Brief;0;0;605;605;602;181;45;48;84;33;5;124;2;80;3
2019;90012;90 Cossebaude/Mobschatz/Oberw.;17 Briesnitz und westliche OS;StB 9 Cotta/westliche Ortschaften;Wahlbezirk_Brief;0;0;447;447;446;109;48;46;56;31;0;95;2;59;1
2019;90110;90 Cossebaude/Mobschatz/Oberw.;17 Briesnitz und westliche OS;StB 9 Cotta/westliche Ortschaften;Wahlbezirk_Urne;1553;223;785;0;778;160;46;79;68;33;8;249;8;127;7
2019;90210;90 Cossebaude/Mobschatz/Oberw.;17 Briesnitz und westliche OS;StB 9 Cotta/westliche Ortschaften;Wahlbezirk_Urne;1190;300;609;4;604;146;49;34;67;46;0;172;5;85;5
2019;90311;90 Cossebaude/Mobschatz/Oberw.;17 Briesnitz und westliche OS;StB 9 Cotta/westliche Ortschaften;Wahlbezirk_Urne;657;126;380;3;374;77;16;34;58;11;2;128;1;47;6
2019;90312;90 Cossebaude/Mobschatz/Oberw.;17 Briesnitz und westliche OS;StB 9 Cotta/westliche Ortschaften;Wahlbezirk_Urne;969;162;500;1;495;120;35;47;47;27;4;139;3;73;5
2019;90410;90 Cossebaude/Mobschatz/Oberw.;17 Briesnitz und westliche OS;StB 9 Cotta/westliche Ortschaften;Wahlbezirk_Urne;344;63;205;2;205;49;24;13;24;14;1;52;2;26;0
2019;90510;90 Cossebaude/Mobschatz/Oberw.;17 Briesnitz und westliche OS;StB 9 Cotta/westliche Ortschaften;Wahlbezirk_Urne;343;62;227;3;221;43;10;17;35;12;1;77;2;24;6
2019;90610;90 Cossebaude/Mobschatz/Oberw.;17 Briesnitz und westliche OS;StB 9 Cotta/westliche Ortschaften;Wahlbezirk_Urne;757;136;432;0;422;83;33;25;55;23;3;145;1;54;10
2019;90710;90 Cossebaude/Mobschatz/Oberw.;17 Briesnitz und westliche OS;StB 9 Cotta/westliche Ortschaften;Wahlbezirk_Urne;405;58;254;0;253;61;11;19;30;9;0;94;0;29;1
2019;91001;91 Cotta;15 Cotta, Löbtau, Naußlitz, Dölzschen;StB 9 Cotta/westliche Ortschaften;Wahlbezirk_Brief;0;0;612;612;595;126;56;74;80;25;7;98;6;123;17
2019;91002;91 Cotta;15 Cotta, Löbtau, Naußlitz, Dölzschen;StB 9 Cotta/westliche Ortschaften;Wahlbezirk_Brief;0;0;442;442;437;83;50;58;66;31;1;63;7;78;5
2019;91003;91 Cotta;15 Cotta, Löbtau, Naußlitz, Dölzschen;StB 9 Cotta/westliche Ortschaften;Wahlbezirk_Brief;0;0;479;479;478;99;44;60;79;20;2;75;4;95;1
2019;91101;91 Cotta;15 Cotta, Löbtau, Naußlitz, Dölzschen;StB 9 Cotta/westliche Ortschaften;Wahlbezirk_Urne;1055;186;568;2;560;81;34;57;88;23;7;153;13;104;8
2019;91102;91 Cotta;15 Cotta, Löbtau, Naußlitz, Dölzschen;StB 9 Cotta/westliche Ortschaften;Wahlbezirk_Urne;1007;155;451;2;450;69;30;60;62;28;3;110;4;84;1
2019;91200;91 Cotta;15 Cotta, Löbtau, Naußlitz, Dölzschen;StB 9 Cotta/westliche Ortschaften;Wahlbezirk_Urne;1674;303;787;1;783;125;70;69;125;39;7;194;10;144;4
2019;91300;91 Cotta;15 Cotta, Löbtau, Naußlitz, Dölzschen;StB 9 Cotta/westliche Ortschaften;Wahlbezirk_Urne;1555;315;732;0;727;78;54;106;108;43;1;183;13;141;5
2019;91400;91 Cotta;15 Cotta, Löbtau, Naußlitz, Dölzschen;StB 9 Cotta/westliche Ortschaften;Wahlbezirk_Urne;990;158;442;1;432;75;31;75;42;21;2;102;7;77;10
2019;91501;91 Cotta;15 Cotta, Löbtau, Naußlitz, Dölzschen;StB 9 Cotta/westliche Ortschaften;Wahlbezirk_Urne;1360;234;606;0;605;83;41;86;90;31;4;148;17;105;1
2019;91502;91 Cotta;15 Cotta, Löbtau, Naußlitz, Dölzschen;StB 9 Cotta/westliche Ortschaften;Wahlbezirk_Urne;1329;270;573;0;572;70;45;70;96;30;4;117;18;122;1
2019;92001;92 Löbtau-Nord;15 Cotta, Löbtau, Naußlitz, Dölzschen;StB 9 Cotta/westliche Ortschaften;Wahlbezirk_Brief;0;0;451;451;440;45;27;63;135;30;1;23;11;105;11
2019;92002;92 Löbtau-Nord;15 Cotta, Löbtau, Naußlitz, Dölzschen;StB 9 Cotta/westliche Ortschaften;Wahlbezirk_Brief;0;0;505;505;504;72;48;63;136;20;0;53;12;100;1
2019;92003;92 Löbtau-Nord;15 Cotta, Löbtau, Naußlitz, Dölzschen;StB 9 Cotta/westliche Ortschaften;Wahlbezirk_Brief;0;0;563;563;559;76;34;89;149;30;2;39;12;128;4
2019;92100;92 Löbtau-Nord;15 Cotta, Löbtau, Naußlitz, Dölzschen;StB 9 Cotta/westliche Ortschaften;Wahlbezirk_Urne;1999;467;869;1;866;63;37;89;243;49;4;94;16;271;3
2019;92200;92 Löbtau-Nord;15 Cotta, Löbtau, Naußlitz, Dölzschen;StB 9 Cotta/westliche Ortschaften;Wahlbezirk_Urne;1670;354;761;5;755;93;48;84;156;48;3;129;26;168;6
2019;92300;92 Löbtau-Nord;15 Cotta, Löbtau, Naußlitz, Dölzschen;StB 9 Cotta/westliche Ortschaften;Wahlbezirk_Urne;1560;356;753;4;752;90;38;108;154;46;4;101;25;186;1
2019;92400;92 Löbtau-Nord;15 Cotta, Löbtau, Naußlitz, Dölzschen;StB 9 Cotta/westliche Ortschaften;Wahlbezirk_Urne;889;180;446;3;442;42;33;69;87;14;3;91;11;92;4
2019;92500;92 Löbtau-Nord;15 Cotta, Löbtau, Naußlitz, Dölzschen;StB 9 Cotta/westliche Ortschaften;Wahlbezirk_Urne;1293;249;648;4;644;74;43;85;140;28;11;86;17;160;4
2019;93001;93 Löbtau-Süd;15 Cotta, Löbtau, Naußlitz, Dölzschen;StB 9 Cotta/westliche Ortschaften;Wahlbezirk_Brief;0;0;470;470;469;76;36;57;129;29;1;28;9;104;1
2019;93002;93 Löbtau-Süd;15 Cotta, Löbtau, Naußlitz, Dölzschen;StB 9 Cotta/westliche Ortschaften;Wahlbezirk_Brief;0;0;728;728;725;114;68;84;199;26;0;54;18;162;3
2019;93003;93 Löbtau-Süd;15 Cotta, Löbtau, Naußlitz, Dölzschen;StB 9 Cotta/westliche Ortschaften;Wahlbezirk_Brief;0;0;651;651;649;99;59;89;152;34;0;73;10;133;2
2019;93101;93 Löbtau-Süd;15 Cotta, Löbtau, Naußlitz, Dölzschen;StB 9 Cotta/westliche Ortschaften;Wahlbezirk_Urne;1293;250;667;1;662;74;35;80;178;21;1;100;10;163;5
2019;93102;93 Löbtau-Süd;15 Cotta, Löbtau, Naußlitz, Dölzschen;StB 9 Cotta/westliche Ortschaften;Wahlbezirk_Urne;1178;247;587;2;579;56;40;65;138;25;3;90;13;149;8
2019;93200;93 Löbtau-Süd;15 Cotta, Löbtau, Naußlitz, Dölzschen;StB 9 Cotta/westliche Ortschaften;Wahlbezirk_Urne;1655;354;811;2;804;92;52;103;223;43;6;89;18;178;7
2019;93300;93 Löbtau-Süd;15 Cotta, Löbtau, Naußlitz, Dölzschen;StB 9 Cotta/westliche Ortschaften;Wahlbezirk_Urne;1027;246;497;2;494;51;32;54;136;21;0;61;13;126;3
2019;93400;93 Löbtau-Süd;15 Cotta, Löbtau, Naußlitz, Dölzschen;StB 9 Cotta/westliche Ortschaften;Wahlbezirk_Urne;954;176;512;0;504;70;38;59;112;30;3;98;5;89;8
2019;93500;93 Löbtau-Süd;15 Cotta, Löbtau, Naußlitz, Dölzschen;StB 9 Cotta/westliche Ortschaften;Wahlbezirk_Urne;1365;309;692;2;687;66;41;102;139;30;8;115;12;174;5
2019;93600;93 Löbtau-Süd;15 Cotta, Löbtau, Naußlitz, Dölzschen;StB 9 Cotta/westliche Ortschaften;Wahlbezirk_Urne;1641;377;748;5;746;108;42;87;172;45;2;95;17;178;2
2019;94001;94 Naußlitz;15 Cotta, Löbtau, Naußlitz, Dölzschen;StB 9 Cotta/westliche Ortschaften;Wahlbezirk_Brief;0;0;850;850;846;207;97;83;148;33;3;134;9;132;4
2019;94002;94 Naußlitz;15 Cotta, Löbtau, Naußlitz, Dölzschen;StB 9 Cotta/westliche Ortschaften;Wahlbezirk_Brief;0;0;625;625;621;156;51;71;83;44;3;107;4;102;4
2019;94101;94 Naußlitz;15 Cotta, Löbtau, Naußlitz, Dölzschen;StB 9 Cotta/westliche Ortschaften;Wahlbezirk_Urne;940;170;431;0;426;53;22;48;70;28;1;99;10;95;5
2019;94102;94 Naußlitz;15 Cotta, Löbtau, Naußlitz, Dölzschen;StB 9 Cotta/westliche Ortschaften;Wahlbezirk_Urne;964;167;399;0;395;74;33;48;44;17;2;107;4;66;4
2019;94200;94 Naußlitz;15 Cotta, Löbtau, Naußlitz, Dölzschen;StB 9 Cotta/westliche Ortschaften;Wahlbezirk_Urne;1310;248;663;4;660;110;46;83;92;30;2;162;11;124;3
2019;94400;94 Naußlitz;15 Cotta, Löbtau, Naußlitz, Dölzschen;StB 9 Cotta/westliche Ortschaften;Wahlbezirk_Urne;1070;250;538;1;533;119;39;55;75;33;2;135;6;69;5
2019;94501;94 Naußlitz;15 Cotta, Löbtau, Naußlitz, Dölzschen;StB 9 Cotta/westliche Ortschaften;Wahlbezirk_Urne;991;284;521;1;516;129;50;55;74;33;2;102;3;68;5
2019;94502;94 Naußlitz;15 Cotta, Löbtau, Naußlitz, Dölzschen;StB 9 Cotta/westliche Ortschaften;Wahlbezirk_Urne;886;177;524;1;520;120;60;47;85;30;1;111;4;62;4
2019;94600;94 Naußlitz;15 Cotta, Löbtau, Naußlitz, Dölzschen;StB 9 Cotta/westliche Ortschaften;Wahlbezirk_Urne;1457;286;771;0;763;122;55;77;111;44;7;229;9;109;8
2019;95000;95 Gorbitz-Süd;16 Gorbitz;StB 9 Cotta/westliche Ortschaften;Wahlbezirk_Brief;0;0;741;741;736;165;84;120;63;29;5;167;6;97;5
2019;95100;95 Gorbitz-Süd;16 Gorbitz;StB 9 Cotta/westliche Ortschaften;Wahlbezirk_Urne;1509;171;527;3;515;59;51;84;26;18;14;187;9;67;12
2019;95200;95 Gorbitz-Süd;16 Gorbitz;StB 9 Cotta/westliche Ortschaften;Wahlbezirk_Urne;993;105;306;0;301;47;22;43;14;8;6;116;4;41;5
2019;95400;95 Gorbitz-Süd;16 Gorbitz;StB 9 Cotta/westliche Ortschaften;Wahlbezirk_Urne;849;129;297;1;290;42;28;47;21;8;1;104;0;39;7
2019;95500;95 Gorbitz-Süd;16 Gorbitz;StB 9 Cotta/westliche Ortschaften;Wahlbezirk_Urne;1381;245;544;0;539;91;39;66;35;27;5;187;6;83;5
2019;95600;95 Gorbitz-Süd;16 Gorbitz;StB 9 Cotta/westliche Ortschaften;Wahlbezirk_Urne;1107;149;393;3;387;44;34;42;25;13;10;163;6;50;6
2019;96000;96 Gorbitz-Ost;16 Gorbitz;StB 9 Cotta/westliche Ortschaften;Wahlbezirk_Brief;0;0;660;660;652;129;65;127;55;33;6;134;10;93;8
2019;96100;96 Gorbitz-Ost;16 Gorbitz;StB 9 Cotta/westliche Ortschaften;Wahlbezirk_Urne;1428;233;584;0;571;78;50;94;49;26;5;168;6;95;13
2019;96300;96 Gorbitz-Ost;16 Gorbitz;StB 9 Cotta/westliche Ortschaften;Wahlbezirk_Urne;1782;286;617;0;599;102;37;83;48;30;4;197;5;93;18
2019;96600;96 Gorbitz-Ost;16 Gorbitz;StB 9 Cotta/westliche Ortschaften;Wahlbezirk_Urne;1655;200;580;3;568;68;53;65;48;16;15;215;9;79;12
2019;97000;97 Gorbitz-Nord/Neu-Omsewitz;16 Gorbitz;StB 9 Cotta/westliche Ortschaften;Wahlbezirk_Brief;0;0;607;607;603;110;72;105;61;14;4;139;7;91;4
2019;97100;97 Gorbitz-Nord/Neu-Omsewitz;16 Gorbitz;StB 9 Cotta/westliche Ortschaften;Wahlbezirk_Urne;1495;222;620;2;606;94;42;98;48;18;7;183;8;108;14
2019;97300;97 Gorbitz-Nord/Neu-Omsewitz;16 Gorbitz;StB 9 Cotta/westliche Ortschaften;Wahlbezirk_Urne;1613;170;647;0;634;102;40;88;43;20;17;195;6;123;13
2019;97600;97 Gorbitz-Nord/Neu-Omsewitz;16 Gorbitz;StB 9 Cotta/westliche Ortschaften;Wahlbezirk_Urne;1327;254;516;0;511;82;39;66;43;16;6;172;6;81;5
2019;98001;98 Briesnitz;17 Briesnitz und westliche OS;StB 9 Cotta/westliche Ortschaften;Wahlbezirk_Brief;0;0;487;487;483;133;36;40;55;25;1;128;2;63;4
2019;98002;98 Briesnitz;17 Briesnitz und westliche OS;StB 9 Cotta/westliche Ortschaften;Wahlbezirk_Brief;0;0;585;585;583;148;53;70;67;36;4;117;7;81;2
2019;98003;98 Briesnitz;17 Briesnitz und westliche OS;StB 9 Cotta/westliche Ortschaften;Wahlbezirk_Brief;0;0;616;616;605;143;66;58;96;36;2;122;4;78;11
2019;98100;98 Briesnitz;17 Briesnitz und westliche OS;StB 9 Cotta/westliche Ortschaften;Wahlbezirk_Urne;1436;232;700;0;685;142;54;60;77;43;3;200;7;99;15
2019;98200;98 Briesnitz;17 Briesnitz und westliche OS;StB 9 Cotta/westliche Ortschaften;Wahlbezirk_Urne;1448;278;779;3;770;161;70;69;111;40;1;215;9;94;9
2019;98300;98 Briesnitz;17 Briesnitz und westliche OS;StB 9 Cotta/westliche Ortschaften;Wahlbezirk_Urne;1362;264;730;1;718;166;55;53;80;38;3;235;2;86;12
2019;98401;98 Briesnitz;17 Briesnitz und westliche OS;StB 9 Cotta/westliche Ortschaften;Wahlbezirk_Urne;1070;209;515;2;511;83;43;52;74;24;4;136;7;88;4
2019;98402;98 Briesnitz;17 Briesnitz und westliche OS;StB 9 Cotta/westliche Ortschaften;Wahlbezirk_Urne;976;152;428;2;425;68;28;47;40;16;4;135;6;81;3
2019;98500;98 Briesnitz;17 Briesnitz und westliche OS;StB 9 Cotta/westliche Ortschaften;Wahlbezirk_Urne;1491;365;762;0;756;168;58;68;117;30;1;202;5;107;6
2019;98600;98 Briesnitz;17 Briesnitz und westliche OS;StB 9 Cotta/westliche Ortschaften;Wahlbezirk_Urne;1273;271;661;3;657;145;49;72;95;27;3;182;6;78;4
2019;99010;99 Altfranken/Gompitz;17 Briesnitz und westliche OS;StB 9 Cotta/westliche Ortschaften;Wahlbezirk_Brief;0;0;687;687;684;220;50;78;60;38;4;145;8;81;3
2019;99110;99 Altfranken/Gompitz;17 Briesnitz und westliche OS;StB 9 Cotta/westliche Ortschaften;Wahlbezirk_Urne;1501;382;812;4;803;193;43;56;92;55;1;251;5;107;9
2019;99310;99 Altfranken/Gompitz;17 Briesnitz und westliche OS;StB 9 Cotta/westliche Ortschaften;Wahlbezirk_Urne;1136;212;635;2;624;141;50;50;48;34;5;217;0;79;11
2019;99810;99 Altfranken/Gompitz;17 Briesnitz und westliche OS;StB 9 Cotta/westliche Ortschaften;Wahlbezirk_Urne;914;146;584;1;579;149;57;41;35;45;0;181;2;69;5
2024;00001;unbekannt, unzutreffend;00 unbekannt;unbekannt;Wahlbezirk_Brief;0;0;2382;2382;2363;263;229;195;458;124;0;187;66;841;19
2024;01000;01 Innere Altstadt;00 unbekannt;StB 0 Altstadt;Wahlbezirk_Brief;0;0;600;600;599;122;51;37;105;45;0;56;7;176;1
2024;01100;01 Innere Altstadt;00 unbekannt;StB 0 Altstadt;Wahlbezirk_Urne;945;374;358;0;357;72;28;19;46;13;0;65;3;111;1
2024;01200;01 Innere Altstadt;00 unbekannt;StB 0 Altstadt;Wahlbezirk_Urne;847;294;317;3;313;50;38;21;35;21;0;62;3;83;4
2024;02001;02 Pirnaische Vorstadt;00 unbekannt;StB 0 Altstadt;Wahlbezirk_Brief;0;0;633;633;631;126;69;46;96;18;0;69;15;192;2
2024;02002;02 Pirnaische Vorstadt;00 unbekannt;StB 0 Altstadt;Wahlbezirk_Brief;0;0;562;562;562;107;61;39;82;17;0;67;6;183;0
2024;02100;02 Pirnaische Vorstadt;00 unbekannt;StB 0 Altstadt;Wahlbezirk_Urne;750;262;259;0;258;48;18;13;17;7;0;74;5;76;1
2024;02200;02 Pirnaische Vorstadt;00 unbekannt;StB 0 Altstadt;Wahlbezirk_Urne;1233;375;472;1;468;64;50;36;47;10;0;121;8;132;4
2024;02300;02 Pirnaische Vorstadt;00 unbekannt;StB 0 Altstadt;Wahlbezirk_Urne;1166;372;450;2;447;71;29;41;53;17;0;85;13;138;3
2024;02400;02 Pirnaische Vorstadt;00 unbekannt;StB 0 Altstadt;Wahlbezirk_Urne;1096;352;350;2;346;68;24;19;26;6;0;105;8;90;4
2024;03001;03 Seevorstadt-Ost;00 unbekannt;StB 0 Altstadt;Wahlbezirk_Brief;0;0;392;392;389;75;37;24;62;27;0;40;7;117;3
2024;03002;03 Seevorstadt-Ost;00 unbekannt;StB 0 Altstadt;Wahlbezirk_Brief;0;0;577;577;576;112;57;47;70;28;0;67;5;190;1
2024;03003;03 Seevorstadt-Ost;00 unbekannt;StB 0 Altstadt;Wahlbezirk_Brief;0;0;649;649;646;159;65;38;82;39;0;71;10;182;3
2024;03101;03 Seevorstadt-Ost;00 unbekannt;StB 0 Altstadt;Wahlbezirk_Urne;885;268;297;1;297;48;23;18;26;11;0;76;10;85;0
2024;03102;03 Seevorstadt-Ost;00 unbekannt;StB 0 Altstadt;Wahlbezirk_Urne;675;178;292;2;292;52;25;24;35;7;0;65;10;74;0
2024;03200;03 Seevorstadt-Ost;00 unbekannt;StB 0 Altstadt;Wahlbezirk_Urne;859;287;347;0;343;69;37;18;17;13;0;99;10;80;4
2024;03300;03 Seevorstadt-Ost;00 unbekannt;StB 0 Altstadt;Wahlbezirk_Urne;1145;348;464;4;457;108;49;26;53;8;0;65;6;142;7
2024;03401;03 Seevorstadt-Ost;00 unbekannt;StB 0 Altstadt;Wahlbezirk_Urne;1172;361;457;2;449;94;39;16;39;26;0;93;9;133;8
2024;03402;03 Seevorstadt-Ost;00 unbekannt;StB 0 Altstadt;Wahlbezirk_Urne;941;362;367;2;362;80;29;17;22;4;0;109;5;96;5
2024;04001;04 Wilsdruffer Vs./Seevs.-West;00 unbekannt;StB 0 Altstadt;Wahlbezirk_Brief;0;0;657;657;655;176;67;20;109;50;0;47;4;182;2
2024;04002;04 Wilsdruffer Vs./Seevs.-West;00 unbekannt;StB 0 Altstadt;Wahlbezirk_Brief;0;0;701;701;697;167;78;39;92;38;0;70;18;195;4
2024;04003;04 Wilsdruffer Vs./Seevs.-West;00 unbekannt;StB 0 Altstadt;Wahlbezirk_Brief;0;0;794;794;792;145;94;51;79;36;0;95;18;274;2
2024;04101;04 Wilsdruffer Vs./Seevs.-West;00 unbekannt;StB 0 Altstadt;Wahlbezirk_Urne;555;241;227;3;226;36;13;15;46;17;0;38;1;60;1
2024;04102;04 Wilsdruffer Vs./Seevs.-West;00 unbekannt;StB 0 Altstadt;Wahlbezirk_Urne;1148;503;404;4;403;77;42;20;57;34;0;71;4;98;1
2024;04200;04 Wilsdruffer Vs./Seevs.-West;00 unbekannt;StB 0 Altstadt;Wahlbezirk_Urne;1277;438;407;0;403;71;34;29;38;21;0;89;6;115;4
2024;04300;04 Wilsdruffer Vs./Seevs.-West;00 unbekannt;StB 0 Altstadt;Wahlbezirk_Urne;1326;376;420;2;418;71;35;28;42;7;0;107;5;123;2
2024;04400;04 Wilsdruffer Vs./Seevs.-West;00 unbekannt;StB 0 Altstadt;Wahlbezirk_Urne;1236;368;426;0;424;72;33;18;40;20;0;108;13;120;2
2024;04500;04 Wilsdruffer Vs./Seevs.-West;00 unbekannt;StB 0 Altstadt;Wahlbezirk_Urne;1066;289;440;1;435;73;35;30;25;23;0;120;10;119;5
2024;04600;04 Wilsdruffer Vs./Seevs.-West;00 unbekannt;StB 0 Altstadt;Wahlbezirk_Urne;831;226;373;3;365;78;27;31;22;6;0;105;6;90;8
2024;05001;05 Friedrichstadt;00 unbekannt;StB 0 Altstadt;Wahlbezirk_Brief;0;0;553;553;552;89;52;37;124;27;0;40;20;163;1
2024;05002;05 Friedrichstadt;00 unbekannt;StB 0 Altstadt;Wahlbezirk_Brief;0;0;824;824;823;89;81;53;181;60;0;72;23;264;1
2024;05003;05 Friedrichstadt;00 unbekannt;StB 0 Altstadt;Wahlbezirk_Brief;0;0;595;595;593;89;44;57;103;26;0;61;19;194;2
2024;05101;05 Friedrichstadt;00 unbekannt;StB 0 Altstadt;Wahlbezirk_Urne;1166;357;452;4;451;56;27;41;61;21;0;105;9;131;1
2024;05102;05 Friedrichstadt;00 unbekannt;StB 0 Altstadt;Wahlbezirk_Urne;1177;389;465;5;461;51;24;33;61;19;0;103;9;161;4
2024;05200;05 Friedrichstadt;00 unbekannt;StB 0 Altstadt;Wahlbezirk_Urne;1259;534;398;4;398;38;41;42;68;12;0;53;9;135;0
2024;05301;05 Friedrichstadt;00 unbekannt;StB 0 Altstadt;Wahlbezirk_Urne;887;356;270;3;270;27;20;19;64;19;0;36;5;80;0
2024;05302;05 Friedrichstadt;00 unbekannt;StB 0 Altstadt;Wahlbezirk_Urne;1473;332;539;3;536;36;35;51;57;17;0;150;16;174;3
2024;05303;05 Friedrichstadt;00 unbekannt;StB 0 Altstadt;Wahlbezirk_Urne;788;281;292;6;288;32;25;33;43;8;0;42;5;100;4
2024;06001;06 Johannstadt-Nord;00 unbekannt;StB 0 Altstadt;Wahlbezirk_Brief;0;0;741;741;731;126;72;46;165;21;0;75;11;215;10
2024;06002;06 Johannstadt-Nord;00 unbekannt;StB 0 Altstadt;Wahlbezirk_Brief;0;0;565;565;564;111;48;46;86;20;0;57;16;180;1
2024;06003;06 Johannstadt-Nord;00 unbekannt;StB 0 Altstadt;Wahlbezirk_Brief;0;0;640;640;638;123;63;58;127;25;0;43;9;190;2
2024;06004;06 Johannstadt-Nord;00 unbekannt;StB 0 Altstadt;Wahlbezirk_Brief;0;0;649;649;649;106;89;55;138;24;0;45;15;177;0
2024;06100;06 Johannstadt-Nord;00 unbekannt;StB 0 Altstadt;Wahlbezirk_Urne;951;193;496;1;486;113;43;33;23;9;0;146;3;116;10
2024;06200;06 Johannstadt-Nord;00 unbekannt;StB 0 Altstadt;Wahlbezirk_Urne;1082;381;442;4;441;75;36;35;71;25;0;77;7;115;1
2024;06300;06 Johannstadt-Nord;00 unbekannt;StB 0 Altstadt;Wahlbezirk_Urne;1191;242;424;2;420;63;39;33;16;9;0;137;4;119;4
2024;06400;06 Johannstadt-Nord;00 unbekannt;StB 0 Altstadt;Wahlbezirk_Urne;1085;364;452;8;443;76;51;31;46;12;0;121;2;104;9
2024;06500;06 Johannstadt-Nord;00 unbekannt;StB 0 Altstadt;Wahlbezirk_Urne;906;366;410;5;407;56;35;32;61;15;0;75;10;123;3
2024;06600;06 Johannstadt-Nord;00 unbekannt;StB 0 Altstadt;Wahlbezirk_Urne;1246;397;463;2;456;75;45;31;67;19;0;107;6;106;7
2024;06700;06 Johannstadt-Nord;00 unbekannt;StB 0 Altstadt;Wahlbezirk_Urne;1192;512;520;3;516;60;51;36;124;16;0;74;10;145;4
2024;06800;06 Johannstadt-Nord;00 unbekannt;StB 0 Altstadt;Wahlbezirk_Urne;1208;425;353;2;350;57;36;17;46;17;0;61;4;112;3
2024;07001;07 Johannstadt-Süd;00 unbekannt;StB 0 Altstadt;Wahlbezirk_Brief;0;0;490;490;474;117;49;34;41;8;0;75;6;144;16
2024;07002;07 Johannstadt-Süd;00 unbekannt;StB 0 Altstadt;Wahlbezirk_Brief;0;0;538;538;534;139;60;35;49;18;0;75;8;150;4
2024;07003;07 Johannstadt-Süd;00 unbekannt;StB 0 Altstadt;Wahlbezirk_Brief;0;0;500;500;499;117;58;43;25;17;0;87;2;150;1
2024;07004;07 Johannstadt-Süd;00 unbekannt;StB 0 Altstadt;Wahlbezirk_Brief;0;0;513;513;503;130;55;37;41;15;0;80;5;140;10
2024;07005;07 Johannstadt-Süd;00 unbekannt;StB 0 Altstadt;Wahlbezirk_Brief;0;0;660;660;655;151;69;37;89;37;0;81;8;183;5
2024;07100;07 Johannstadt-Süd;00 unbekannt;StB 0 Altstadt;Wahlbezirk_Urne;1107;362;477;3;471;74;35;38;47;8;0;131;4;134;6
2024;07200;07 Johannstadt-Süd;00 unbekannt;StB 0 Altstadt;Wahlbezirk_Urne;827;247;361;1;354;95;32;17;13;3;0;132;1;61;7
2024;07300;07 Johannstadt-Süd;00 unbekannt;StB 0 Altstadt;Wahlbezirk_Urne;1100;396;412;0;404;92;35;26;28;11;0;113;4;95;8
2024;07401;07 Johannstadt-Süd;00 unbekannt;StB 0 Altstadt;Wahlbezirk_Urne;935;358;362;2;359;104;20;22;17;10;0;100;1;85;3
2024;07402;07 Johannstadt-Süd;00 unbekannt;StB 0 Altstadt;Wahlbezirk_Urne;964;285;369;1;368;91;30;19;12;12;0;115;2;87;1
2024;07500;07 Johannstadt-Süd;00 unbekannt;StB 0 Altstadt;Wahlbezirk_Urne;1114;337;418;1;414;87;39;27;20;11;0;129;2;99;4
2024;07600;07 Johannstadt-Süd;00 unbekannt;StB 0 Altstadt;Wahlbezirk_Urne;970;296;386;2;380;73;30;28;17;4;0;132;3;93;6
2024;07700;07 Johannstadt-Süd;00 unbekannt;StB 0 Altstadt;Wahlbezirk_Urne;694;135;318;0;313;42;26;23;22;4;0;93;3;100;5
2024;07800;07 Johannstadt-Süd;00 unbekannt;StB 0 Altstadt;Wahlbezirk_Urne;985;250;453;3;447;81;37;30;27;4;0;150;8;110;6
2024;07900;07 Johannstadt-Süd;00 unbekannt;StB 0 Altstadt;Wahlbezirk_Urne;954;287;417;1;412;103;25;27;25;8;0;114;7;103;5
2024;11001;11 Äußere Neustadt (Antonstadt);00 unbekannt;StB 1 Neustadt;Wahlbezirk_Brief;0;0;454;454;453;31;52;50;169;11;0;12;15;113;1
2024;11002;11 Äußere Neustadt (Antonstadt);00 unbekannt;StB 1 Neustadt;Wahlbezirk_Brief;0;0;445;445;445;16;35;77;155;9;0;8;8;137;0
2024;11003;11 Äußere Neustadt (Antonstadt);00 unbekannt;StB 1 Neustadt;Wahlbezirk_Brief;0;0;544;544;542;52;53;68;148;19;0;12;14;176;2
2024;11004;11 Äußere Neustadt (Antonstadt);00 unbekannt;StB 1 Neustadt;Wahlbezirk_Brief;0;0;443;443;443;19;53;65;149;9;0;5;17;126;0
2024;11005;11 Äußere Neustadt (Antonstadt);00 unbekannt;StB 1 Neustadt;Wahlbezirk_Brief;0;0;643;643;642;43;46;117;207;13;0;20;8;188;1
2024;11006;11 Äußere Neustadt (Antonstadt);00 unbekannt;StB 1 Neustadt;Wahlbezirk_Brief;0;0;698;698;697;35;77;71;225;15;0;15;26;233;1
2024;11007;11 Äußere Neustadt (Antonstadt);00 unbekannt;StB 1 Neustadt;Wahlbezirk_Brief;0;0;675;675;674;44;82;79;211;21;0;23;20;194;1
2024;11008;11 Äußere Neustadt (Antonstadt);00 unbekannt;StB 1 Neustadt;Wahlbezirk_Brief;0;0;689;689;688;71;67;61;202;24;0;31;12;220;1
2024;11009;11 Äußere Neustadt (Antonstadt);00 unbekannt;StB 1 Neustadt;Wahlbezirk_Brief;0;0;764;764;764;48;71;105;260;22;0;24;25;209;0
2024;11100;11 Äußere Neustadt (Antonstadt);00 unbekannt;StB 1 Neustadt;Wahlbezirk_Urne;966;397;328;15;327;57;29;40;61;12;0;29;8;91;1
2024;11200;11 Äußere Neustadt (Antonstadt);00 unbekannt;StB 1 Neustadt;Wahlbezirk_Urne;1100;506;459;6;457;21;22;73;118;4;0;27;20;172;2
2024;11301;11 Äußere Neustadt (Antonstadt);00 unbekannt;StB 1 Neustadt;Wahlbezirk_Urne;1144;501;473;13;471;31;35;76;127;17;0;34;14;137;2
2024;11302;11 Äußere Neustadt (Antonstadt);00 unbekannt;StB 1 Neustadt;Wahlbezirk_Urne;822;398;343;4;342;27;39;38;80;7;0;24;15;112;1
2024;11401;11 Äußere Neustadt (Antonstadt);00 unbekannt;StB 1 Neustadt;Wahlbezirk_Urne;999;425;448;21;446;23;33;59;108;8;0;38;8;169;2
2024;11402;11 Äußere Neustadt (Antonstadt);00 unbekannt;StB 1 Neustadt;Wahlbezirk_Urne;1021;414;396;2;394;24;49;35;98;9;0;26;10;143;2
2024;11501;11 Äußere Neustadt (Antonstadt);00 unbekannt;StB 1 Neustadt;Wahlbezirk_Urne;827;386;328;3;325;16;27;59;81;3;0;28;13;98;3
2024;11502;11 Äußere Neustadt (Antonstadt);00 unbekannt;StB 1 Neustadt;Wahlbezirk_Urne;728;311;309;7;309;19;20;37;92;8;0;22;6;105;0
2024;11601;11 Äußere Neustadt (Antonstadt);00 unbekannt;StB 1 Neustadt;Wahlbezirk_Urne;948;387;449;7;445;38;36;62;128;9;0;21;20;131;4
2024;11602;11 Äußere Neustadt (Antonstadt);00 unbekannt;StB 1 Neustadt;Wahlbezirk_Urne;1072;506;442;5;441;26;31;62;122;7;0;24;18;151;1
2024;11603;11 Äußere Neustadt (Antonstadt);00 unbekannt;StB 1 Neustadt;Wahlbezirk_Urne;730;363;302;6;301;19;32;37;77;5;0;22;4;105;1
2024;11700;11 Äußere Neustadt (Antonstadt);00 unbekannt;StB 1 Neustadt;Wahlbezirk_Urne;827;372;339;4;339;13;34;60;92;7;0;19;15;99;0
2024;11801;11 Äußere Neustadt (Antonstadt);00 unbekannt;StB 1 Neustadt;Wahlbezirk_Urne;1285;620;456;16;455;19;37;55;109;6;0;35;13;181;1
2024;11802;11 Äußere Neustadt (Antonstadt);00 unbekannt;StB 1 Neustadt;Wahlbezirk_Urne;923;467;331;2;328;18;24;36;98;5;0;23;7;117;3
2024;12001;12 Radeberger Vorstadt;00 unbekannt;StB 1 Neustadt;Wahlbezirk_Brief;0;0;452;452;451;79;51;21;108;32;0;34;1;125;1
2024;12002;12 Radeberger Vorstadt;00 unbekannt;StB 1 Neustadt;Wahlbezirk_Brief;0;0;461;461;461;66;57;23;133;27;0;39;2;114;0
2024;12003;12 Radeberger Vorstadt;00 unbekannt;StB 1 Neustadt;Wahlbezirk_Brief;0;0;614;614;612;138;71;39;115;28;0;41;8;172;2
2024;12004;12 Radeberger Vorstadt;00 unbekannt;StB 1 Neustadt;Wahlbezirk_Brief;0;0;660;660;659;101;69;59;155;15;0;52;17;191;1
2024;12100;12 Radeberger Vorstadt;00 unbekannt;StB 1 Neustadt;Wahlbezirk_Urne;915;346;444;4;441;59;43;37;91;9;0;62;6;134;3
2024;12201;12 Radeberger Vorstadt;00 unbekannt;StB 1 Neustadt;Wahlbezirk_Urne;1121;499;476;5;474;84;42;32;117;22;0;66;7;104;2
2024;12202;12 Radeberger Vorstadt;00 unbekannt;StB 1 Neustadt;Wahlbezirk_Urne;1167;498;502;5;499;82;58;21;97;32;0;83;8;118;3
2024;12301;12 Radeberger Vorstadt;00 unbekannt;StB 1 Neustadt;Wahlbezirk_Urne;1078;387;472;7;465;74;46;32;54;20;0;100;10;129;7
2024;12302;12 Radeberger Vorstadt;00 unbekannt;StB 1 Neustadt;Wahlbezirk_Urne;1026;385;444;6;443;84;41;29;67;14;0;82;5;121;1
2024;12400;12 Radeberger Vorstadt;00 unbekannt;StB 1 Neustadt;Wahlbezirk_Urne;1231;291;500;5;494;61;27;33;33;6;0;156;10;168;6
2024;13001;13 Innere Neustadt;00 unbekannt;StB 1 Neustadt;Wahlbezirk_Brief;0;0;527;527;526;94;73;35;107;13;0;32;10;162;1
2024;13002;13 Innere Neustadt;00 unbekannt;StB 1 Neustadt;Wahlbezirk_Brief;0;0;456;456;450;113;52;24;57;7;0;56;11;130;6
2024;13003;13 Innere Neustadt;00 unbekannt;StB 1 Neustadt;Wahlbezirk_Brief;0;0;495;495;495;77;53;23;143;25;0;21;8;145;0
2024;13004;13 Innere Neustadt;00 unbekannt;StB 1 Neustadt;Wahlbezirk_Brief;0;0;691;691;691;80;78;85;185;19;0;38;13;193;0
2024;13100;13 Innere Neustadt;00 unbekannt;StB 1 Neustadt;Wahlbezirk_Urne;1229;560;465;5;464;71;41;25;86;26;0;63;4;148;1
2024;13200;13 Innere Neustadt;00 unbekannt;StB 1 Neustadt;Wahlbezirk_Urne;1350;506;464;3;457;80;29;18;47;10;0;123;9;141;7
2024;13300;13 Innere Neustadt;00 unbekannt;StB 1 Neustadt;Wahlbezirk_Urne;739;322;274;5;272;38;37;11;53;7;0;46;11;69;2
2024;13401;13 Innere Neustadt;00 unbekannt;StB 1 Neustadt;Wahlbezirk_Urne;1000;441;415;7;415;39;48;36;105;8;0;30;16;133;0
2024;13402;13 Innere Neustadt;00 unbekannt;StB 1 Neustadt;Wahlbezirk_Urne;1221;591;414;11;413;79;34;28;64;12;0;61;10;125;1
2024;14001;14 Leipziger Vorstadt;00 unbekannt;StB 1 Neustadt;Wahlbezirk_Brief;0;0;478;478;478;18;37;97;146;8;0;10;14;148;0
2024;14002;14 Leipziger Vorstadt;00 unbekannt;StB 1 Neustadt;Wahlbezirk_Brief;0;0;677;677;674;54;50;112;188;15;0;21;16;218;3
2024;14003;14 Leipziger Vorstadt;00 unbekannt;StB 1 Neustadt;Wahlbezirk_Brief;0;0;636;636;636;54;54;71;201;11;0;34;12;199;0
2024;14004;14 Leipziger Vorstadt;00 unbekannt;StB 1 Neustadt;Wahlbezirk_Brief;0;0;665;665;664;70;61;82;180;13;0;46;23;189;1
2024;14005;14 Leipziger Vorstadt;00 unbekannt;StB 1 Neustadt;Wahlbezirk_Brief;0;0;625;625;624;49;66;86;156;15;0;45;17;190;1
2024;14006;14 Leipziger Vorstadt;00 unbekannt;StB 1 Neustadt;Wahlbezirk_Brief;0;0;693;693;692;34;47;146;181;7;0;17;32;228;1
2024;14100;14 Leipziger Vorstadt;00 unbekannt;StB 1 Neustadt;Wahlbezirk_Urne;695;306;254;6;253;24;15;33;53;16;0;22;3;87;1
2024;14201;14 Leipziger Vorstadt;00 unbekannt;StB 1 Neustadt;Wahlbezirk_Urne;1087;395;473;15;469;21;19;79;78;11;0;75;18;168;4
2024;14202;14 Leipziger Vorstadt;00 unbekannt;StB 1 Neustadt;Wahlbezirk_Urne;1239;548;548;12;543;14;40;96;148;8;0;36;15;186;5
2024;14301;14 Leipziger Vorstadt;00 unbekannt;StB 1 Neustadt;Wahlbezirk_Urne;816;395;315;8;311;9;30;63;71;2;0;28;9;99;4
2024;14302;14 Leipziger Vorstadt;00 unbekannt;StB 1 Neustadt;Wahlbezirk_Urne;1061;465;439;9;438;24;43;57;104;18;0;29;11;152;1
2024;14401;14 Leipziger Vorstadt;00 unbekannt;StB 1 Neustadt;Wahlbezirk_Urne;885;374;352;1;351;19;32;55;92;5;0;24;11;113;1
2024;14402;14 Leipziger Vorstadt;00 unbekannt;StB 1 Neustadt;Wahlbezirk_Urne;1084;452;470;3;467;14;44;62;104;6;0;45;9;183;3
2024;14501;14 Leipziger Vorstadt;00 unbekannt;StB 1 Neustadt;Wahlbezirk_Urne;990;371;435;9;430;27;36;63;83;7;0;68;22;124;5
2024;14502;14 Leipziger Vorstadt;00 unbekannt;StB 1 Neustadt;Wahlbezirk_Urne;903;350;426;15;424;44;49;41;78;12;0;50;10;140;2
2024;14601;14 Leipziger Vorstadt;00 unbekannt;StB 1 Neustadt;Wahlbezirk_Urne;751;272;332;1;332;55;20;16;31;7;0;109;4;90;0
2024;14602;14 Leipziger Vorstadt;00 unbekannt;StB 1 Neustadt;Wahlbezirk_Urne;807;310;329;4;327;53;20;27;32;6;0;87;4;98;2
2024;15001;15 Albertstadt;00 unbekannt;StB 1 Neustadt;Wahlbezirk_Brief;0;0;548;548;548;100;59;40;103;21;0;66;9;150;0
2024;15002;15 Albertstadt;00 unbekannt;StB 1 Neustadt;Wahlbezirk_Brief;0;0;367;367;366;54;44;20;72;18;0;36;5;117;1
2024;15100;15 Albertstadt;00 unbekannt;StB 1 Neustadt;Wahlbezirk_Urne;860;353;317;0;315;54;40;24;81;15;0;23;3;75;2
2024;15200;15 Albertstadt;00 unbekannt;StB 1 Neustadt;Wahlbezirk_Urne;870;284;237;2;237;34;20;17;33;12;0;44;3;74;0
2024;15300;15 Albertstadt;00 unbekannt;StB 1 Neustadt;Wahlbezirk_Urne;1185;418;524;3;520;82;43;27;81;24;0;91;12;160;4
2024;21001;21 Pieschen-Süd;00 unbekannt;StB 2 Pieschen;Wahlbezirk_Brief;0;0;414;414;414;37;36;64;93;11;0;29;18;126;0
2024;21002;21 Pieschen-Süd;00 unbekannt;StB 2 Pieschen;Wahlbezirk_Brief;0;0;725;725;722;80;63;95;162;31;0;42;28;221;3
2024;21003;21 Pieschen-Süd;00 unbekannt;StB 2 Pieschen;Wahlbezirk_Brief;0;0;668;668;666;83;58;75;155;10;0;58;22;205;2
2024;21004;21 Pieschen-Süd;00 unbekannt;StB 2 Pieschen;Wahlbezirk_Brief;0;0;695;695;695;73;69;79;141;24;0;49;28;232;0
2024;21100;21 Pieschen-Süd;00 unbekannt;StB 2 Pieschen;Wahlbezirk_Urne;1200;391;553;4;546;59;38;67;98;9;0;81;18;176;7
2024;21200;21 Pieschen-Süd;00 unbekannt;StB 2 Pieschen;Wahlbezirk_Urne;1237;370;528;4;524;59;31;67;73;8;0;89;17;180;4
2024;21301;21 Pieschen-Süd;00 unbekannt;StB 2 Pieschen;Wahlbezirk_Urne;1279;425;504;5;500;54;46;58;74;21;0;83;22;142;4
2024;21302;21 Pieschen-Süd;00 unbekannt;StB 2 Pieschen;Wahlbezirk_Urne;1153;392;459;6;456;39;31;46;80;13;0;85;22;140;3
2024;21303;21 Pieschen-Süd;00 unbekannt;StB 2 Pieschen;Wahlbezirk_Urne;1170;379;448;0;444;38;40;35;77;6;0;93;10;145;4
2024;21400;21 Pieschen-Süd;00 unbekannt;StB 2 Pieschen;Wahlbezirk_Urne;1461;478;577;8;572;45;47;59;100;11;0;103;25;182;5
2024;21500;21 Pieschen-Süd;00 unbekannt;StB 2 Pieschen;Wahlbezirk_Urne;1457;417;606;4;601;48;39;57;94;9;0;149;22;183;5
2024;22001;22 Mickten;00 unbekannt;StB 2 Pieschen;Wahlbezirk_Brief;0;0;361;361;360;53;35;31;58;14;0;55;12;102;1
2024;22002;22 Mickten;00 unbekannt;StB 2 Pieschen;Wahlbezirk_Brief;0;0;563;563;544;98;62;41;70;17;0;96;13;147;19
2024;22003;22 Mickten;00 unbekannt;StB 2 Pieschen;Wahlbezirk_Brief;0;0;648;648;648;146;59;14;68;29;0;96;10;226;0
2024;22004;22 Mickten;00 unbekannt;StB 2 Pieschen;Wahlbezirk_Brief;0;0;579;579;578;130;49;45;69;15;0;77;18;175;1
2024;22005;22 Mickten;00 unbekannt;StB 2 Pieschen;Wahlbezirk_Brief;0;0;610;610;609;154;56;29;61;21;0;95;7;186;1
2024;22100;22 Mickten;00 unbekannt;StB 2 Pieschen;Wahlbezirk_Urne;1348;426;562;8;554;81;39;35;58;17;0;152;15;157;8
2024;22200;22 Mickten;00 unbekannt;StB 2 Pieschen;Wahlbezirk_Urne;1596;424;627;1;621;75;39;41;47;18;0;179;16;206;6
2024;22300;22 Mickten;00 unbekannt;StB 2 Pieschen;Wahlbezirk_Urne;1203;340;467;0;464;63;32;26;32;17;0;169;7;118;3
2024;22400;22 Mickten;00 unbekannt;StB 2 Pieschen;Wahlbezirk_Urne;833;185;382;3;369;56;20;22;8;5;0;152;3;103;13
2024;22501;22 Mickten;00 unbekannt;StB 2 Pieschen;Wahlbezirk_Urne;1048;345;412;4;408;61;32;16;20;14;0;136;10;119;4
2024;22502;22 Mickten;00 unbekannt;StB 2 Pieschen;Wahlbezirk_Urne;1216;328;577;3;574;71;47;43;65;10;0;151;15;172;3
2024;22503;22 Mickten;00 unbekannt;StB 2 Pieschen;Wahlbezirk_Urne;1243;374;512;7;506;71;47;23;44;12;0;150;9;150;6
2024;22600;22 Mickten;00 unbekannt;StB 2 Pieschen;Wahlbezirk_Urne;1242;341;591;3;586;75;36;22;46;15;0;221;12;159;5
2024;22700;22 Mickten;00 unbekannt;StB 2 Pieschen;Wahlbezirk_Urne;1238;354;555;1;554;121;30;27;35;9;0;203;5;124;1
2024;23001;23 Kaditz;00 unbekannt;StB 2 Pieschen;Wahlbezirk_Brief;0;0;590;590;586;117;50;34;65;20;0;97;14;189;4
2024;23002;23 Kaditz;00 unbekannt;StB 2 Pieschen;Wahlbezirk_Brief;0;0;441;441;441;112;42;23;26;10;0;93;2;133;0
2024;23100;23 Kaditz;00 unbekannt;StB 2 Pieschen;Wahlbezirk_Urne;1073;293;444;0;441;69;20;23;32;13;0;160;5;119;3
2024;23200;23 Kaditz;00 unbekannt;StB 2 Pieschen;Wahlbezirk_Urne;1363;381;488;5;483;79;21;24;31;14;0;183;8;123;5
2024;23300;23 Kaditz;00 unbekannt;StB 2 Pieschen;Wahlbezirk_Urne;1032;302;505;0;502;128;40;12;40;8;0;159;1;114;3
2024;23400;23 Kaditz;00 unbekannt;StB 2 Pieschen;Wahlbezirk_Urne;1005;196;510;0;497;103;29;19;25;8;0;205;3;105;13
2024;24001;24 Trachau;00 unbekannt;StB 2 Pieschen;Wahlbezirk_Brief;0;0;601;601;601;120;81;36;89;24;0;66;11;174;0
2024;24002;24 Trachau;00 unbekannt;StB 2 Pieschen;Wahlbezirk_Brief;0;0;577;577;575;150;49;36;95;14;0;71;9;151;2
2024;24003;24 Trachau;00 unbekannt;StB 2 Pieschen;Wahlbezirk_Brief;0;0;564;564;561;126;72;34;57;12;0;93;6;161;3
2024;24004;24 Trachau;00 unbekannt;StB 2 Pieschen;Wahlbezirk_Brief;0;0;558;558;555;133;70;33;73;12;0;79;10;145;3
2024;24100;24 Trachau;00 unbekannt;StB 2 Pieschen;Wahlbezirk_Urne;919;256;436;0;431;86;34;14;34;10;0;128;1;124;5
2024;24200;24 Trachau;00 unbekannt;StB 2 Pieschen;Wahlbezirk_Urne;802;280;401;1;398;75;32;19;53;10;0;89;8;112;3
2024;24300;24 Trachau;00 unbekannt;StB 2 Pieschen;Wahlbezirk_Urne;1024;327;494;3;488;108;30;23;38;11;0;131;10;137;6
2024;24401;24 Trachau;00 unbekannt;StB 2 Pieschen;Wahlbezirk_Urne;1085;412;481;4;475;88;37;32;41;11;0;128;6;132;6
2024;24402;24 Trachau;00 unbekannt;StB 2 Pieschen;Wahlbezirk_Urne;883;329;410;4;409;57;46;16;54;13;0;98;12;113;1
2024;24500;24 Trachau;00 unbekannt;StB 2 Pieschen;Wahlbezirk_Urne;1112;301;517;0;514;109;41;34;26;12;0;160;6;126;3
2024;24700;24 Trachau;00 unbekannt;StB 2 Pieschen;Wahlbezirk_Urne;1180;296;550;2;545;102;33;35;38;6;0;186;8;137;5
2024;24800;24 Trachau;00 unbekannt;StB 2 Pieschen;Wahlbezirk_Urne;1031;365;458;2;455;96;32;27;36;12;0;151;3;98;3
2024;25001;25 Pieschen-N/Trachenberge;00 unbekannt;StB 2 Pieschen;Wahlbezirk_Brief;0;0;809;809;806;156;59;58;138;31;0;101;11;252;3
2024;25002;25 Pieschen-N/Trachenberge;00 unbekannt;StB 2 Pieschen;Wahlbezirk_Brief;0;0;643;643;641;127;72;34;81;12;0;94;21;200;2
2024;25003;25 Pieschen-N/Trachenberge;00 unbekannt;StB 2 Pieschen;Wahlbezirk_Brief;0;0;785;785;783;135;102;70;115;17;0;83;33;228;2
2024;25004;25 Pieschen-N/Trachenberge;00 unbekannt;StB 2 Pieschen;Wahlbezirk_Brief;0;0;460;460;459;59;33;44;90;10;0;60;13;150;1
2024;25100;25 Pieschen-N/Trachenberge;00 unbekannt;StB 2 Pieschen;Wahlbezirk_Urne;1454;405;624;5;620;70;47;74;78;10;0;132;17;192;4
2024;25200;25 Pieschen-N/Trachenberge;00 unbekannt;StB 2 Pieschen;Wahlbezirk_Urne;1279;413;494;7;490;50;37;49;60;8;0;106;18;162;4
2024;25300;25 Pieschen-N/Trachenberge;00 unbekannt;StB 2 Pieschen;Wahlbezirk_Urne;1428;383;601;0;592;112;45;26;28;22;0;207;6;146;9
2024;25400;25 Pieschen-N/Trachenberge;00 unbekannt;StB 2 Pieschen;Wahlbezirk_Urne;1673;535;681;5;675;89;54;56;69;24;0;164;16;203;6
2024;25500;25 Pieschen-N/Trachenberge;00 unbekannt;StB 2 Pieschen;Wahlbezirk_Urne;1373;360;515;9;508;74;26;46;44;13;0;139;3;163;7
2024;25600;25 Pieschen-N/Trachenberge;00 unbekannt;StB 2 Pieschen;Wahlbezirk_Urne;1299;460;552;7;548;74;50;32;66;6;0;133;9;178;4
2024;25700;25 Pieschen-N/Trachenberge;00 unbekannt;StB 2 Pieschen;Wahlbezirk_Urne;1414;503;548;4;544;97;39;25;74;18;0;163;4;124;4
2024;31001;31 Klotzsche;00 unbekannt;StB 3 Klotzsche/nördliche Ortschaften;Wahlbezirk_Brief;0;0;609;609;607;181;46;20;84;23;0;94;6;153;2
2024;31002;31 Klotzsche;00 unbekannt;StB 3 Klotzsche/nördliche Ortschaften;Wahlbezirk_Brief;0;0;770;770;765;212;73;33;64;19;0;126;7;231;5
2024;31003;31 Klotzsche;00 unbekannt;StB 3 Klotzsche/nördliche Ortschaften;Wahlbezirk_Brief;0;0;726;726;721;248;67;21;113;24;0;89;4;155;5
2024;31004;31 Klotzsche;00 unbekannt;StB 3 Klotzsche/nördliche Ortschaften;Wahlbezirk_Brief;0;0;688;688;683;200;70;25;69;23;0;97;14;185;5
2024;31005;31 Klotzsche;00 unbekannt;StB 3 Klotzsche/nördliche Ortschaften;Wahlbezirk_Brief;0;0;679;679;675;158;73;25;92;39;0;102;3;183;4
2024;31101;31 Klotzsche;00 unbekannt;StB 3 Klotzsche/nördliche Ortschaften;Wahlbezirk_Urne;752;240;358;3;356;80;29;11;28;11;0;111;7;79;2
2024;31102;31 Klotzsche;00 unbekannt;StB 3 Klotzsche/nördliche Ortschaften;Wahlbezirk_Urne;1073;353;462;2;459;95;41;12;46;16;0;142;5;102;3
2024;31200;31 Klotzsche;00 unbekannt;StB 3 Klotzsche/nördliche Ortschaften;Wahlbezirk_Urne;1380;402;566;0;559;115;43;20;24;20;0;188;6;143;7
2024;31300;31 Klotzsche;00 unbekannt;StB 3 Klotzsche/nördliche Ortschaften;Wahlbezirk_Urne;991;259;470;1;459;105;31;20;16;11;0;167;4;105;11
2024;31400;31 Klotzsche;00 unbekannt;StB 3 Klotzsche/nördliche Ortschaften;Wahlbezirk_Urne;1176;494;532;2;528;121;41;18;57;15;0;154;3;119;4
2024;31501;31 Klotzsche;00 unbekannt;StB 3 Klotzsche/nördliche Ortschaften;Wahlbezirk_Urne;833;294;408;3;403;96;36;17;48;15;0;105;1;85;5
2024;31502;31 Klotzsche;00 unbekannt;StB 3 Klotzsche/nördliche Ortschaften;Wahlbezirk_Urne;583;195;288;6;285;48;22;11;41;8;0;78;1;76;3
2024;31601;31 Klotzsche;00 unbekannt;StB 3 Klotzsche/nördliche Ortschaften;Wahlbezirk_Urne;1203;415;503;3;501;101;38;21;49;13;0;139;5;135;2
2024;31602;31 Klotzsche;00 unbekannt;StB 3 Klotzsche/nördliche Ortschaften;Wahlbezirk_Urne;1056;372;529;3;525;115;43;22;69;20;0;114;6;136;4
2024;31701;31 Klotzsche;00 unbekannt;StB 3 Klotzsche/nördliche Ortschaften;Wahlbezirk_Urne;846;249;379;0;375;92;18;12;18;8;0;113;0;114;4
2024;31702;31 Klotzsche;00 unbekannt;StB 3 Klotzsche/nördliche Ortschaften;Wahlbezirk_Urne;1189;367;377;1;376;70;27;15;20;9;0;139;3;93;1
2024;31800;31 Klotzsche;00 unbekannt;StB 3 Klotzsche/nördliche Ortschaften;Wahlbezirk_Urne;870;165;432;2;427;52;31;25;22;4;0;174;4;115;5
2024;32001;32 Hellerau/Wilschdorf;00 unbekannt;StB 3 Klotzsche/nördliche Ortschaften;Wahlbezirk_Brief;0;0;517;517;514;151;47;13;50;29;0;77;1;146;3
2024;32002;32 Hellerau/Wilschdorf;00 unbekannt;StB 3 Klotzsche/nördliche Ortschaften;Wahlbezirk_Brief;0;0;464;464;464;149;33;20;27;14;0;94;3;124;0
2024;32003;32 Hellerau/Wilschdorf;00 unbekannt;StB 3 Klotzsche/nördliche Ortschaften;Wahlbezirk_Brief;0;0;518;518;517;141;75;22;70;17;0;57;7;128;1
2024;32100;32 Hellerau/Wilschdorf;00 unbekannt;StB 3 Klotzsche/nördliche Ortschaften;Wahlbezirk_Urne;1281;361;695;1;686;157;31;19;48;33;0;265;4;129;9
2024;32201;32 Hellerau/Wilschdorf;00 unbekannt;StB 3 Klotzsche/nördliche Ortschaften;Wahlbezirk_Urne;897;249;462;4;458;92;20;13;19;16;0;178;4;116;4
2024;32202;32 Hellerau/Wilschdorf;00 unbekannt;StB 3 Klotzsche/nördliche Ortschaften;Wahlbezirk_Urne;975;284;500;1;495;111;20;12;14;18;0;178;10;132;5
2024;32300;32 Hellerau/Wilschdorf;00 unbekannt;StB 3 Klotzsche/nördliche Ortschaften;Wahlbezirk_Urne;742;215;423;0;421;93;29;16;46;18;0;124;4;91;2
2024;32401;32 Hellerau/Wilschdorf;00 unbekannt;StB 3 Klotzsche/nördliche Ortschaften;Wahlbezirk_Urne;757;298;372;2;369;64;39;10;62;15;0;100;4;75;3
2024;32402;32 Hellerau/Wilschdorf;00 unbekannt;StB 3 Klotzsche/nördliche Ortschaften;Wahlbezirk_Urne;696;260;346;3;346;79;35;16;40;14;0;76;3;83;0
2024;35011;35 Weixdorf;00 unbekannt;StB 3 Klotzsche/nördliche Ortschaften;Wahlbezirk_Brief;0;0;511;511;511;169;48;16;30;28;0;68;2;150;0
2024;35012;35 Weixdorf;00 unbekannt;StB 3 Klotzsche/nördliche Ortschaften;Wahlbezirk_Brief;0;0;767;767;764;233;68;27;68;30;0;132;5;201;3
2024;35110;35 Weixdorf;00 unbekannt;StB 3 Klotzsche/nördliche Ortschaften;Wahlbezirk_Urne;915;311;480;4;474;117;30;16;29;12;0;131;2;137;6
2024;35210;35 Weixdorf;00 unbekannt;StB 3 Klotzsche/nördliche Ortschaften;Wahlbezirk_Urne;753;251;385;4;382;92;15;7;37;12;0;139;2;78;3
2024;35310;35 Weixdorf;00 unbekannt;StB 3 Klotzsche/nördliche Ortschaften;Wahlbezirk_Urne;740;214;425;0;423;104;29;15;33;23;0;128;3;88;2
2024;35410;35 Weixdorf;00 unbekannt;StB 3 Klotzsche/nördliche Ortschaften;Wahlbezirk_Urne;750;215;406;0;400;102;18;9;29;8;0;154;1;79;6
2024;35420;35 Weixdorf;00 unbekannt;StB 3 Klotzsche/nördliche Ortschaften;Wahlbezirk_Urne;647;194;367;1;364;74;24;14;28;7;0;122;2;93;3
2024;35510;35 Weixdorf;00 unbekannt;StB 3 Klotzsche/nördliche Ortschaften;Wahlbezirk_Urne;774;184;462;7;461;102;22;16;26;10;0;197;6;82;1
2024;35610;35 Weixdorf;00 unbekannt;StB 3 Klotzsche/nördliche Ortschaften;Wahlbezirk_Urne;207;42;132;0;132;30;10;3;3;4;0;53;2;27;0
2024;36011;36 Langebrück/Schönborn;00 unbekannt;StB 3 Klotzsche/nördliche Ortschaften;Wahlbezirk_Brief;0;0;468;468;466;133;55;19;70;20;0;64;6;99;2
2024;36012;36 Langebrück/Schönborn;00 unbekannt;StB 3 Klotzsche/nördliche Ortschaften;Wahlbezirk_Brief;0;0;527;527;523;140;43;27;64;23;0;87;7;132;4
2024;36110;36 Langebrück/Schönborn;00 unbekannt;StB 3 Klotzsche/nördliche Ortschaften;Wahlbezirk_Urne;851;228;484;2;479;121;21;11;27;12;0;182;1;104;5
2024;36210;36 Langebrück/Schönborn;00 unbekannt;StB 3 Klotzsche/nördliche Ortschaften;Wahlbezirk_Urne;754;260;385;1;383;96;20;7;44;20;0;99;5;92;2
2024;36220;36 Langebrück/Schönborn;00 unbekannt;StB 3 Klotzsche/nördliche Ortschaften;Wahlbezirk_Urne;698;215;342;0;334;89;23;11;49;4;0;82;4;72;8
2024;36310;36 Langebrück/Schönborn;00 unbekannt;StB 3 Klotzsche/nördliche Ortschaften;Wahlbezirk_Urne;788;289;420;4;416;100;31;20;37;8;0;128;4;88;4
2024;36410;36 Langebrück/Schönborn;00 unbekannt;StB 3 Klotzsche/nördliche Ortschaften;Wahlbezirk_Urne;406;88;271;3;270;54;13;9;21;10;0;105;3;55;1
2024;41001;41 Loschwitz/Wachwitz;00 unbekannt;StB 4 Loschwitz/OS Schönfeld-Weißig;Wahlbezirk_Brief;0;0;386;386;384;126;42;8;47;24;0;46;1;90;2
2024;41002;41 Loschwitz/Wachwitz;00 unbekannt;StB 4 Loschwitz/OS Schönfeld-Weißig;Wahlbezirk_Brief;0;0;640;640;638;192;59;27;109;42;0;72;5;132;2
2024;41003;41 Loschwitz/Wachwitz;00 unbekannt;StB 4 Loschwitz/OS Schönfeld-Weißig;Wahlbezirk_Brief;0;0;674;674;673;194;70;31;66;31;0;80;10;191;1
2024;41100;41 Loschwitz/Wachwitz;00 unbekannt;StB 4 Loschwitz/OS Schönfeld-Weißig;Wahlbezirk_Urne;1090;444;485;6;480;105;58;11;78;25;0;105;2;96;5
2024;41201;41 Loschwitz/Wachwitz;00 unbekannt;StB 4 Loschwitz/OS Schönfeld-Weißig;Wahlbezirk_Urne;907;334;462;6;462;108;48;17;75;21;0;98;3;92;0
2024;41202;41 Loschwitz/Wachwitz;00 unbekannt;StB 4 Loschwitz/OS Schönfeld-Weißig;Wahlbezirk_Urne;738;278;343;5;340;71;27;5;35;13;0;94;3;92;3
2024;41300;41 Loschwitz/Wachwitz;00 unbekannt;StB 4 Loschwitz/OS Schönfeld-Weißig;Wahlbezirk_Urne;1051;414;466;2;464;112;53;9;55;29;0;107;4;95;2
2024;41400;41 Loschwitz/Wachwitz;00 unbekannt;StB 4 Loschwitz/OS Schönfeld-Weißig;Wahlbezirk_Urne;933;413;380;2;377;70;23;20;32;13;0;124;4;91;3
2024;42001;42 Bühlau/Weißer Hirsch;00 unbekannt;StB 4 Loschwitz/OS Schönfeld-Weißig;Wahlbezirk_Brief;0;0;456;456;455;154;39;15;50;23;0;51;2;121;1
2024;42002;42 Bühlau/Weißer Hirsch;00 unbekannt;StB 4 Loschwitz/OS Schönfeld-Weißig;Wahlbezirk_Brief;0;0;644;644;642;209;64;21;75;29;0;79;5;160;2
2024;42003;42 Bühlau/Weißer Hirsch;00 unbekannt;StB 4 Loschwitz/OS Schönfeld-Weißig;Wahlbezirk_Brief;0;0;625;625;620;172;57;30;101;23;0;66;7;164;5
2024;42004;42 Bühlau/Weißer Hirsch;00 unbekannt;StB 4 Loschwitz/OS Schönfeld-Weißig;Wahlbezirk_Brief;0;0;541;541;538;159;44;27;72;22;0;62;3;149;3
2024;42005;42 Bühlau/Weißer Hirsch;00 unbekannt;StB 4 Loschwitz/OS Schönfeld-Weißig;Wahlbezirk_Brief;0;0;639;639;633;156;68;30;112;23;0;69;10;165;6
2024;42100;42 Bühlau/Weißer Hirsch;00 unbekannt;StB 4 Loschwitz/OS Schönfeld-Weißig;Wahlbezirk_Urne;907;315;466;3;464;96;49;20;91;18;0;77;2;111;2
2024;42200;42 Bühlau/Weißer Hirsch;00 unbekannt;StB 4 Loschwitz/OS Schönfeld-Weißig;Wahlbezirk_Urne;931;392;425;9;424;102;44;9;64;19;0;78;3;105;1
2024;42300;42 Bühlau/Weißer Hirsch;00 unbekannt;StB 4 Loschwitz/OS Schönfeld-Weißig;Wahlbezirk_Urne;1006;404;461;2;459;107;35;16;72;18;0;109;1;101;2
2024;42400;42 Bühlau/Weißer Hirsch;00 unbekannt;StB 4 Loschwitz/OS Schönfeld-Weißig;Wahlbezirk_Urne;1356;503;573;3;570;121;41;27;65;20;0;147;3;146;3
2024;42501;42 Bühlau/Weißer Hirsch;00 unbekannt;StB 4 Loschwitz/OS Schönfeld-Weißig;Wahlbezirk_Urne;809;267;409;4;409;77;26;23;35;18;0;111;0;119;0
2024;42502;42 Bühlau/Weißer Hirsch;00 unbekannt;StB 4 Loschwitz/OS Schönfeld-Weißig;Wahlbezirk_Urne;826;264;440;4;435;99;31;20;41;18;0;106;4;116;5
2024;42600;42 Bühlau/Weißer Hirsch;00 unbekannt;StB 4 Loschwitz/OS Schönfeld-Weißig;Wahlbezirk_Urne;940;341;479;2;474;120;41;20;73;17;0;105;1;97;5
2024;42700;42 Bühlau/Weißer Hirsch;00 unbekannt;StB 4 Loschwitz/OS Schönfeld-Weißig;Wahlbezirk_Urne;840;288;435;4;431;113;34;11;36;18;0;108;0;111;4
2024;42800;42 Bühlau/Weißer Hirsch;00 unbekannt;StB 4 Loschwitz/OS Schönfeld-Weißig;Wahlbezirk_Urne;769;224;431;3;428;104;43;18;54;14;0;99;2;94;3
2024;42900;42 Bühlau/Weißer Hirsch;00 unbekannt;StB 4 Loschwitz/OS Schönfeld-Weißig;Wahlbezirk_Urne;693;240;325;8;324;67;26;11;42;12;0;78;2;86;1
2024;43001;43 Hosterwitz/Pillnitz;00 unbekannt;StB 4 Loschwitz/OS Schönfeld-Weißig;Wahlbezirk_Brief;0;0;350;350;349;86;39;20;55;14;0;41;0;94;1
2024;43002;43 Hosterwitz/Pillnitz;00 unbekannt;StB 4 Loschwitz/OS Schönfeld-Weißig;Wahlbezirk_Brief;0;0;510;510;505;123;60;19;73;11;0;82;3;134;5
2024;43100;43 Hosterwitz/Pillnitz;00 unbekannt;StB 4 Loschwitz/OS Schönfeld-Weißig;Wahlbezirk_Urne;637;228;308;4;308;55;28;7;33;6;0;80;3;96;0
2024;43200;43 Hosterwitz/Pillnitz;00 unbekannt;StB 4 Loschwitz/OS Schönfeld-Weißig;Wahlbezirk_Urne;1091;381;511;3;506;107;45;16;48;13;0;149;4;124;5
2024;43300;43 Hosterwitz/Pillnitz;00 unbekannt;StB 4 Loschwitz/OS Schönfeld-Weißig;Wahlbezirk_Urne;1037;344;490;1;485;93;37;20;32;11;0;162;4;126;5
2024;45011;45 Weißig;00 unbekannt;StB 4 Loschwitz/OS Schönfeld-Weißig;Wahlbezirk_Brief;0;0;653;653;653;216;81;12;63;22;0;107;3;149;0
2024;45012;45 Weißig;00 unbekannt;StB 4 Loschwitz/OS Schönfeld-Weißig;Wahlbezirk_Brief;0;0;489;489;486;133;43;21;37;13;0;96;2;141;3
2024;45110;45 Weißig;00 unbekannt;StB 4 Loschwitz/OS Schönfeld-Weißig;Wahlbezirk_Urne;892;264;497;3;497;117;36;17;23;10;0;177;3;114;0
2024;45210;45 Weißig;00 unbekannt;StB 4 Loschwitz/OS Schönfeld-Weißig;Wahlbezirk_Urne;1016;265;455;0;452;89;28;14;16;20;0;186;6;93;3
2024;45310;45 Weißig;00 unbekannt;StB 4 Loschwitz/OS Schönfeld-Weißig;Wahlbezirk_Urne;1128;275;477;1;474;112;27;16;20;17;0;182;4;96;3
2024;45410;45 Weißig;00 unbekannt;StB 4 Loschwitz/OS Schönfeld-Weißig;Wahlbezirk_Urne;826;209;456;2;453;116;26;14;21;14;0;165;2;95;3
2024;45510;45 Weißig;00 unbekannt;StB 4 Loschwitz/OS Schönfeld-Weißig;Wahlbezirk_Urne;714;249;339;1;337;68;18;6;22;9;0;117;2;95;2
2024;46011;46 Gönnsdorf/Pappritz;00 unbekannt;StB 4 Loschwitz/OS Schönfeld-Weißig;Wahlbezirk_Brief;0;0;514;514;499;178;39;10;55;19;0;84;1;113;15
2024;46012;46 Gönnsdorf/Pappritz;00 unbekannt;StB 4 Loschwitz/OS Schönfeld-Weißig;Wahlbezirk_Brief;0;0;473;473;471;156;42;11;46;30;0;76;1;109;2
2024;46110;46 Gönnsdorf/Pappritz;00 unbekannt;StB 4 Loschwitz/OS Schönfeld-Weißig;Wahlbezirk_Urne;881;300;499;1;497;171;25;8;35;18;0;127;4;109;2
2024;46210;46 Gönnsdorf/Pappritz;00 unbekannt;StB 4 Loschwitz/OS Schönfeld-Weißig;Wahlbezirk_Urne;850;282;451;5;445;105;23;11;33;13;0;152;2;106;6
2024;46310;46 Gönnsdorf/Pappritz;00 unbekannt;StB 4 Loschwitz/OS Schönfeld-Weißig;Wahlbezirk_Urne;700;258;351;2;349;99;29;4;28;24;0;94;2;69;2
2024;46410;46 Gönnsdorf/Pappritz;00 unbekannt;StB 4 Loschwitz/OS Schönfeld-Weißig;Wahlbezirk_Urne;788;263;389;8;384;84;21;11;8;10;0;182;0;68;5
2024;47010;47 Schönfeld/Schullwitz;00 unbekannt;StB 4 Loschwitz/OS Schönfeld-Weißig;Wahlbezirk_Brief;0;0;707;707;706;198;40;14;61;33;0;158;6;196;1
2024;47110;47 Schönfeld/Schullwitz;00 unbekannt;StB 4 Loschwitz/OS Schönfeld-Weißig;Wahlbezirk_Urne;1027;292;577;5;568;148;29;11;21;18;0;218;1;122;9
2024;47210;47 Schönfeld/Schullwitz;00 unbekannt;StB 4 Loschwitz/OS Schönfeld-Weißig;Wahlbezirk_Urne;1115;297;608;5;603;124;28;16;31;21;0;261;4;118;5
2024;47310;47 Schönfeld/Schullwitz;00 unbekannt;StB 4 Loschwitz/OS Schönfeld-Weißig;Wahlbezirk_Urne;580;190;293;3;289;45;17;8;16;8;0;125;1;69;4
2024;51001;51 Blasewitz;00 unbekannt;StB 5 Blasewitz;Wahlbezirk_Brief;0;0;329;329;329;102;49;17;41;13;0;32;2;73;0
2024;51002;51 Blasewitz;00 unbekannt;StB 5 Blasewitz;Wahlbezirk_Brief;0;0;683;683;683;209;90;28;107;28;0;69;5;147;0
2024;51003;51 Blasewitz;00 unbekannt;StB 5 Blasewitz;Wahlbezirk_Brief;0;0;634;634;633;176;69;28;106;23;0;80;3;148;1
2024;51004;51 Blasewitz;00 unbekannt;StB 5 Blasewitz;Wahlbezirk_Brief;0;0;388;388;388;105;48;12;64;15;0;43;5;96;0
2024;51005;51 Blasewitz;00 unbekannt;StB 5 Blasewitz;Wahlbezirk_Brief;0;0;574;574;574;127;70;37;84;26;0;52;10;168;0
2024;51100;51 Blasewitz;00 unbekannt;StB 5 Blasewitz;Wahlbezirk_Urne;985;373;455;7;452;101;27;17;57;24;0;116;9;101;3
2024;51201;51 Blasewitz;00 unbekannt;StB 5 Blasewitz;Wahlbezirk_Urne;882;387;358;6;356;87;32;7;45;20;0;66;5;94;2
2024;51202;51 Blasewitz;00 unbekannt;StB 5 Blasewitz;Wahlbezirk_Urne;1175;372;486;2;482;105;40;20;59;21;0;121;2;114;4
2024;51400;51 Blasewitz;00 unbekannt;StB 5 Blasewitz;Wahlbezirk_Urne;1046;374;510;0;508;122;74;23;62;16;0;91;1;119;2
2024;51500;51 Blasewitz;00 unbekannt;StB 5 Blasewitz;Wahlbezirk_Urne;1188;432;522;5;521;104;53;29;81;12;0;113;2;127;1
2024;51601;51 Blasewitz;00 unbekannt;StB 5 Blasewitz;Wahlbezirk_Urne;934;329;433;5;431;95;31;21;79;17;0;77;5;106;2
2024;51602;51 Blasewitz;00 unbekannt;StB 5 Blasewitz;Wahlbezirk_Urne;989;333;521;3;518;102;66;24;83;23;0;88;7;125;3
2024;51700;51 Blasewitz;00 unbekannt;StB 5 Blasewitz;Wahlbezirk_Urne;933;308;431;6;428;72;55;19;52;12;0;97;5;116;3
2024;52001;52 Striesen-Ost;00 unbekannt;StB 5 Blasewitz;Wahlbezirk_Brief;0;0;429;429;425;117;54;10;52;21;0;57;7;107;4
2024;52002;52 Striesen-Ost;00 unbekannt;StB 5 Blasewitz;Wahlbezirk_Brief;0;0;418;418;417;79;69;25;96;17;0;25;7;99;1
2024;52003;52 Striesen-Ost;00 unbekannt;StB 5 Blasewitz;Wahlbezirk_Brief;0;0;398;398;397;64;59;24;105;17;0;25;4;99;1
2024;52004;52 Striesen-Ost;00 unbekannt;StB 5 Blasewitz;Wahlbezirk_Brief;0;0;776;776;776;186;105;33;168;38;0;73;12;161;0
2024;52005;52 Striesen-Ost;00 unbekannt;StB 5 Blasewitz;Wahlbezirk_Brief;0;0;689;689;689;149;93;25;151;30;0;58;6;177;0
2024;52006;52 Striesen-Ost;00 unbekannt;StB 5 Blasewitz;Wahlbezirk_Brief;0;0;704;704;703;169;89;45;140;14;0;49;13;184;1
2024;52007;52 Striesen-Ost;00 unbekannt;StB 5 Blasewitz;Wahlbezirk_Brief;0;0;751;751;746;174;99;45;163;27;0;50;12;176;5
2024;52100;52 Striesen-Ost;00 unbekannt;StB 5 Blasewitz;Wahlbezirk_Urne;784;366;347;9;346;59;43;11;67;22;0;42;7;95;1
2024;52201;52 Striesen-Ost;00 unbekannt;StB 5 Blasewitz;Wahlbezirk_Urne;946;358;474;7;469;92;64;26;91;18;0;54;8;116;5
2024;52202;52 Striesen-Ost;00 unbekannt;StB 5 Blasewitz;Wahlbezirk_Urne;920;339;447;1;439;92;50;17;73;19;0;84;2;102;8
2024;52301;52 Striesen-Ost;00 unbekannt;StB 5 Blasewitz;Wahlbezirk_Urne;1062;432;486;5;482;104;54;20;80;19;0;67;11;127;4
2024;52302;52 Striesen-Ost;00 unbekannt;StB 5 Blasewitz;Wahlbezirk_Urne;1085;451;496;5;495;79;62;27;87;12;0;85;5;138;1
2024;52400;52 Striesen-Ost;00 unbekannt;StB 5 Blasewitz;Wahlbezirk_Urne;1106;444;529;6;522;104;66;12;88;28;0;66;8;150;7
2024;52501;52 Striesen-Ost;00 unbekannt;StB 5 Blasewitz;Wahlbezirk_Urne;993;397;447;6;445;86;40;20;82;18;0;74;13;112;2
2024;52502;52 Striesen-Ost;00 unbekannt;StB 5 Blasewitz;Wahlbezirk_Urne;1217;470;529;11;525;84;48;26;92;12;0;105;9;149;4
2024;52600;52 Striesen-Ost;00 unbekannt;StB 5 Blasewitz;Wahlbezirk_Urne;1020;420;487;5;482;89;67;22;74;11;0;107;7;105;5
2024;52701;52 Striesen-Ost;00 unbekannt;StB 5 Blasewitz;Wahlbezirk_Urne;1337;415;602;2;599;109;66;33;90;24;0;124;7;146;3
2024;52702;52 Striesen-Ost;00 unbekannt;StB 5 Blasewitz;Wahlbezirk_Urne;1388;482;604;6;598;115;61;20;61;17;0;169;7;148;6
2024;53001;53 Striesen-Süd;00 unbekannt;StB 5 Blasewitz;Wahlbezirk_Brief;0;0;497;497;493;108;63;26;52;12;0;72;9;151;4
2024;53002;53 Striesen-Süd;00 unbekannt;StB 5 Blasewitz;Wahlbezirk_Brief;0;0;476;476;473;116;59;24;68;12;0;57;5;132;3
2024;53003;53 Striesen-Süd;00 unbekannt;StB 5 Blasewitz;Wahlbezirk_Brief;0;0;387;387;385;99;44;28;44;13;0;32;9;116;2
2024;53004;53 Striesen-Süd;00 unbekannt;StB 5 Blasewitz;Wahlbezirk_Brief;0;0;844;844;842;203;105;37;109;38;0;114;11;225;2
2024;53005;53 Striesen-Süd;00 unbekannt;StB 5 Blasewitz;Wahlbezirk_Brief;0;0;832;832;829;168;94;59;151;23;0;80;10;244;3
2024;53100;53 Striesen-Süd;00 unbekannt;StB 5 Blasewitz;Wahlbezirk_Urne;1003;413;423;2;420;101;48;14;50;14;0;111;5;77;3
2024;53200;53 Striesen-Süd;00 unbekannt;StB 5 Blasewitz;Wahlbezirk_Urne;1229;485;546;6;543;80;51;35;100;22;0;127;2;126;3
2024;53300;53 Striesen-Süd;00 unbekannt;StB 5 Blasewitz;Wahlbezirk_Urne;1637;567;565;3;563;87;47;33;67;20;0;159;4;146;2
2024;53400;53 Striesen-Süd;00 unbekannt;StB 5 Blasewitz;Wahlbezirk_Urne;1220;425;516;0;511;87;48;28;42;16;0;165;4;121;5
2024;53600;53 Striesen-Süd;00 unbekannt;StB 5 Blasewitz;Wahlbezirk_Urne;1390;539;480;1;478;102;58;23;48;29;0;106;4;108;2
2024;53700;53 Striesen-Süd;00 unbekannt;StB 5 Blasewitz;Wahlbezirk_Urne;1471;524;576;2;573;105;59;26;50;17;0;149;14;153;3
2024;53800;53 Striesen-Süd;00 unbekannt;StB 5 Blasewitz;Wahlbezirk_Urne;1294;443;555;5;553;91;31;27;65;27;0;144;5;163;2
2024;54001;54 Striesen-West;00 unbekannt;StB 5 Blasewitz;Wahlbezirk_Brief;0;0;581;581;579;152;64;20;83;19;0;74;5;162;2
2024;54002;54 Striesen-West;00 unbekannt;StB 5 Blasewitz;Wahlbezirk_Brief;0;0;436;436;427;80;49;25;68;10;0;43;14;138;9
2024;54003;54 Striesen-West;00 unbekannt;StB 5 Blasewitz;Wahlbezirk_Brief;0;0;468;468;466;116;41;15;57;28;0;71;6;132;2
2024;54004;54 Striesen-West;00 unbekannt;StB 5 Blasewitz;Wahlbezirk_Brief;0;0;774;774;772;176;78;47;120;30;0;76;11;234;2
2024;54005;54 Striesen-West;00 unbekannt;StB 5 Blasewitz;Wahlbezirk_Brief;0;0;766;766;765;180;93;44;120;34;0;81;9;204;1
2024;54006;54 Striesen-West;00 unbekannt;StB 5 Blasewitz;Wahlbezirk_Brief;0;0;764;764;763;183;104;39;126;25;0;86;7;193;1
2024;54101;54 Striesen-West;00 unbekannt;StB 5 Blasewitz;Wahlbezirk_Urne;994;458;399;3;398;80;38;27;48;12;0;96;5;92;1
2024;54102;54 Striesen-West;00 unbekannt;StB 5 Blasewitz;Wahlbezirk_Urne;1208;472;444;1;443;82;46;24;60;18;0;65;5;143;1
2024;54200;54 Striesen-West;00 unbekannt;StB 5 Blasewitz;Wahlbezirk_Urne;924;337;389;5;389;62;30;24;62;18;0;69;7;117;0
2024;54300;54 Striesen-West;00 unbekannt;StB 5 Blasewitz;Wahlbezirk_Urne;1300;505;481;2;474;91;42;24;43;17;0;132;6;119;7
2024;54400;54 Striesen-West;00 unbekannt;StB 5 Blasewitz;Wahlbezirk_Urne;1490;610;551;4;546;111;34;21;45;20;0;151;10;154;5
2024;54501;54 Striesen-West;00 unbekannt;StB 5 Blasewitz;Wahlbezirk_Urne;1263;520;510;3;504;105;39;28;43;20;0;131;5;133;6
2024;54502;54 Striesen-West;00 unbekannt;StB 5 Blasewitz;Wahlbezirk_Urne;1018;360;456;5;452;81;33;26;42;15;0;125;7;123;4
2024;54601;54 Striesen-West;00 unbekannt;StB 5 Blasewitz;Wahlbezirk_Urne;1028;370;397;1;391;57;35;16;33;10;0;125;5;110;6
2024;54602;54 Striesen-West;00 unbekannt;StB 5 Blasewitz;Wahlbezirk_Urne;1176;477;502;5;498;97;49;32;70;23;0;102;6;119;4
2024;55001;55 Tolkewitz/Seidnitz-Nord;00 unbekannt;StB 5 Blasewitz;Wahlbezirk_Brief;0;0;390;390;390;84;46;25;28;12;0;69;6;120;0
2024;55002;55 Tolkewitz/Seidnitz-Nord;00 unbekannt;StB 5 Blasewitz;Wahlbezirk_Brief;0;0;642;642;641;138;71;25;71;20;0;118;8;190;1
2024;55003;55 Tolkewitz/Seidnitz-Nord;00 unbekannt;StB 5 Blasewitz;Wahlbezirk_Brief;0;0;563;563;560;164;59;21;59;17;0;90;9;141;3
2024;55004;55 Tolkewitz/Seidnitz-Nord;00 unbekannt;StB 5 Blasewitz;Wahlbezirk_Brief;0;0;693;693;686;172;80;44;48;17;0;118;6;201;7
2024;55101;55 Tolkewitz/Seidnitz-Nord;00 unbekannt;StB 5 Blasewitz;Wahlbezirk_Urne;1052;322;499;0;491;108;41;22;49;12;0;130;7;122;8
2024;55102;55 Tolkewitz/Seidnitz-Nord;00 unbekannt;StB 5 Blasewitz;Wahlbezirk_Urne;981;297;498;3;495;86;43;28;41;12;0;143;5;137;3
2024;55200;55 Tolkewitz/Seidnitz-Nord;00 unbekannt;StB 5 Blasewitz;Wahlbezirk_Urne;1153;361;501;5;494;77;49;25;32;12;0;185;5;109;7
2024;55300;55 Tolkewitz/Seidnitz-Nord;00 unbekannt;StB 5 Blasewitz;Wahlbezirk_Urne;1208;352;539;5;527;128;30;20;21;10;0;183;7;128;12
2024;55400;55 Tolkewitz/Seidnitz-Nord;00 unbekannt;StB 5 Blasewitz;Wahlbezirk_Urne;1479;414;539;0;536;96;23;20;29;25;0;227;3;113;3
2024;55600;55 Tolkewitz/Seidnitz-Nord;00 unbekannt;StB 5 Blasewitz;Wahlbezirk_Urne;1542;433;609;3;599;116;39;31;33;15;0;215;9;141;10
2024;55800;55 Tolkewitz/Seidnitz-Nord;00 unbekannt;StB 5 Blasewitz;Wahlbezirk_Urne;1429;408;597;4;590;99;53;26;32;17;0;221;5;137;7
2024;56001;56 Seidnitz/Dobritz;00 unbekannt;StB 5 Blasewitz;Wahlbezirk_Brief;0;0;651;651;644;156;54;25;62;20;0;112;8;207;7
2024;56002;56 Seidnitz/Dobritz;00 unbekannt;StB 5 Blasewitz;Wahlbezirk_Brief;0;0;701;701;699;174;67;28;52;25;0;138;7;208;2
2024;56003;56 Seidnitz/Dobritz;00 unbekannt;StB 5 Blasewitz;Wahlbezirk_Brief;0;0;592;592;590;133;43;25;55;12;0;118;5;199;2
2024;56004;56 Seidnitz/Dobritz;00 unbekannt;StB 5 Blasewitz;Wahlbezirk_Brief;0;0;581;581;577;118;67;29;35;11;0;116;2;199;4
2024;56100;56 Seidnitz/Dobritz;00 unbekannt;StB 5 Blasewitz;Wahlbezirk_Urne;1532;488;624;2;619;98;48;27;41;27;0;208;10;160;5
2024;56200;56 Seidnitz/Dobritz;00 unbekannt;StB 5 Blasewitz;Wahlbezirk_Urne;1115;197;482;1;476;61;34;22;19;3;0;220;6;111;6
2024;56300;56 Seidnitz/Dobritz;00 unbekannt;StB 5 Blasewitz;Wahlbezirk_Urne;965;247;465;1;464;94;35;26;16;13;0;149;6;125;1
2024;56401;56 Seidnitz/Dobritz;00 unbekannt;StB 5 Blasewitz;Wahlbezirk_Urne;1144;362;512;3;511;87;40;15;37;10;0;181;8;133;1
2024;56402;56 Seidnitz/Dobritz;00 unbekannt;StB 5 Blasewitz;Wahlbezirk_Urne;1146;268;497;1;492;106;29;23;17;9;0;193;2;113;5
2024;56501;56 Seidnitz/Dobritz;00 unbekannt;StB 5 Blasewitz;Wahlbezirk_Urne;975;223;428;0;423;87;33;27;17;11;0;159;2;87;5
2024;56502;56 Seidnitz/Dobritz;00 unbekannt;StB 5 Blasewitz;Wahlbezirk_Urne;910;240;438;0;430;92;44;18;10;10;0;164;4;88;8
2024;56600;56 Seidnitz/Dobritz;00 unbekannt;StB 5 Blasewitz;Wahlbezirk_Urne;1255;351;477;2;470;88;27;18;20;11;0;184;4;118;7
2024;56800;56 Seidnitz/Dobritz;00 unbekannt;StB 5 Blasewitz;Wahlbezirk_Urne;807;228;352;2;347;71;34;21;14;8;0;99;3;97;5
2024;56900;56 Seidnitz/Dobritz;00 unbekannt;StB 5 Blasewitz;Wahlbezirk_Urne;916;210;420;5;415;76;37;28;21;10;0;144;5;94;5
2024;57001;57 Gruna;00 unbekannt;StB 5 Blasewitz;Wahlbezirk_Brief;0;0;447;447;444;95;52;34;32;17;0;63;7;144;3
2024;57002;57 Gruna;00 unbekannt;StB 5 Blasewitz;Wahlbezirk_Brief;0;0;718;718;718;163;86;33;83;20;0;98;5;230;0
2024;57003;57 Gruna;00 unbekannt;StB 5 Blasewitz;Wahlbezirk_Brief;0;0;641;641;638;181;78;22;72;20;0;88;4;173;3
2024;57004;57 Gruna;00 unbekannt;StB 5 Blasewitz;Wahlbezirk_Brief;0;0;718;718;715;157;68;56;109;13;0;102;7;203;3
2024;57005;57 Gruna;00 unbekannt;StB 5 Blasewitz;Wahlbezirk_Brief;0;0;702;702;699;186;84;46;65;20;0;109;5;184;3
2024;57100;57 Gruna;00 unbekannt;StB 5 Blasewitz;Wahlbezirk_Urne;1026;384;429;0;419;66;35;24;42;2;0;111;4;135;10
2024;57200;57 Gruna;00 unbekannt;StB 5 Blasewitz;Wahlbezirk_Urne;1283;446;530;2;526;73;47;36;43;12;0;143;8;164;4
2024;57301;57 Gruna;00 unbekannt;StB 5 Blasewitz;Wahlbezirk_Urne;950;289;463;2;454;100;43;15;30;16;0;124;8;118;9
2024;57302;57 Gruna;00 unbekannt;StB 5 Blasewitz;Wahlbezirk_Urne;769;255;376;1;375;73;41;13;25;19;0;106;2;96;1
2024;57400;57 Gruna;00 unbekannt;StB 5 Blasewitz;Wahlbezirk_Urne;1170;399;504;0;499;101;42;12;27;6;0;191;5;115;5
2024;57500;57 Gruna;00 unbekannt;StB 5 Blasewitz;Wahlbezirk_Urne;1600;485;562;2;558;78;38;43;30;15;0;169;7;178;4
2024;57600;57 Gruna;00 unbekannt;StB 5 Blasewitz;Wahlbezirk_Urne;1291;355;527;3;525;107;37;28;42;10;0;178;7;116;2
2024;57700;57 Gruna;00 unbekannt;StB 5 Blasewitz;Wahlbezirk_Urne;1163;497;400;0;397;81;21;14;47;25;0;121;5;83;3
2024;57800;57 Gruna;00 unbekannt;StB 5 Blasewitz;Wahlbezirk_Urne;1135;464;432;1;430;119;24;17;27;13;0;131;7;92;2
2024;61001;61 Leuben;00 unbekannt;StB 6 Leuben;Wahlbezirk_Brief;0;0;566;566;563;134;66;27;32;14;0;106;5;179;3
2024;61002;61 Leuben;00 unbekannt;StB 6 Leuben;Wahlbezirk_Brief;0;0;641;641;638;175;64;27;62;10;0;107;7;186;3
2024;61003;61 Leuben;00 unbekannt;StB 6 Leuben;Wahlbezirk_Brief;0;0;621;621;616;159;59;44;39;10;0;126;3;176;5
2024;61100;61 Leuben;00 unbekannt;StB 6 Leuben;Wahlbezirk_Urne;1076;203;473;0;460;114;25;24;22;9;0;161;4;101;13
2024;61200;61 Leuben;00 unbekannt;StB 6 Leuben;Wahlbezirk_Urne;1009;267;479;6;477;76;37;14;27;16;0;186;5;116;2
2024;61301;61 Leuben;00 unbekannt;StB 6 Leuben;Wahlbezirk_Urne;797;172;284;0;279;56;20;15;12;9;0;93;3;71;5
2024;61302;61 Leuben;00 unbekannt;StB 6 Leuben;Wahlbezirk_Urne;898;194;397;2;394;84;26;17;11;9;0;135;2;110;3
2024;61400;61 Leuben;00 unbekannt;StB 6 Leuben;Wahlbezirk_Urne;1152;258;511;3;506;72;27;19;28;11;0;223;2;124;5
2024;61500;61 Leuben;00 unbekannt;StB 6 Leuben;Wahlbezirk_Urne;1147;261;456;0;448;78;42;25;15;4;0;179;7;98;8
2024;61600;61 Leuben;00 unbekannt;StB 6 Leuben;Wahlbezirk_Urne;975;222;376;4;370;72;27;7;4;4;0;173;8;75;6
2024;61700;61 Leuben;00 unbekannt;StB 6 Leuben;Wahlbezirk_Urne;1106;156;475;0;470;82;33;16;4;10;0;232;2;91;5
2024;61800;61 Leuben;00 unbekannt;StB 6 Leuben;Wahlbezirk_Urne;1519;315;521;0;515;61;28;31;15;10;0;240;8;122;6
2024;62001;62 Laubegast;00 unbekannt;StB 6 Leuben;Wahlbezirk_Brief;0;0;610;610;603;194;54;27;55;25;0;76;5;167;7
2024;62002;62 Laubegast;00 unbekannt;StB 6 Leuben;Wahlbezirk_Brief;0;0;623;623;619;150;75;32;84;21;0;68;3;186;4
2024;62003;62 Laubegast;00 unbekannt;StB 6 Leuben;Wahlbezirk_Brief;0;0;474;474;472;134;56;16;31;11;0;85;7;132;2
2024;62004;62 Laubegast;00 unbekannt;StB 6 Leuben;Wahlbezirk_Brief;0;0;441;441;439;102;41;23;38;14;0;76;5;140;2
2024;62005;62 Laubegast;00 unbekannt;StB 6 Leuben;Wahlbezirk_Brief;0;0;474;474;470;125;29;19;47;23;0;88;1;138;4
2024;62101;62 Laubegast;00 unbekannt;StB 6 Leuben;Wahlbezirk_Urne;790;200;436;3;432;87;39;10;25;18;0;148;3;102;4
2024;62102;62 Laubegast;00 unbekannt;StB 6 Leuben;Wahlbezirk_Urne;884;243;454;4;449;89;39;28;36;17;0;138;2;100;5
2024;62200;62 Laubegast;00 unbekannt;StB 6 Leuben;Wahlbezirk_Urne;944;240;462;3;460;99;25;16;21;11;0;180;4;104;2
2024;62301;62 Laubegast;00 unbekannt;StB 6 Leuben;Wahlbezirk_Urne;884;238;436;2;431;95;23;24;18;9;0;157;1;104;5
2024;62302;62 Laubegast;00 unbekannt;StB 6 Leuben;Wahlbezirk_Urne;1159;419;478;1;478;116;36;14;12;14;0;170;4;112;0
2024;62401;62 Laubegast;00 unbekannt;StB 6 Leuben;Wahlbezirk_Urne;799;234;437;5;437;86;35;15;46;8;0;137;4;106;0
2024;62402;62 Laubegast;00 unbekannt;StB 6 Leuben;Wahlbezirk_Urne;994;297;515;6;512;75;57;18;38;19;0;179;3;123;3
2024;62501;62 Laubegast;00 unbekannt;StB 6 Leuben;Wahlbezirk_Urne;762;218;368;3;367;80;29;8;24;11;0;126;2;87;1
2024;62502;62 Laubegast;00 unbekannt;StB 6 Leuben;Wahlbezirk_Urne;1041;294;481;1;478;101;23;20;19;12;0;196;2;105;3
2024;62601;62 Laubegast;00 unbekannt;StB 6 Leuben;Wahlbezirk_Urne;978;258;521;2;514;109;33;25;26;15;0;179;4;123;7
2024;62602;62 Laubegast;00 unbekannt;StB 6 Leuben;Wahlbezirk_Urne;736;252;339;4;336;82;25;7;11;9;0;132;0;70;3
2024;63001;63 Kleinzschachwitz;00 unbekannt;StB 6 Leuben;Wahlbezirk_Brief;0;0;628;628;625;218;57;31;53;28;0;89;5;144;3
2024;63002;63 Kleinzschachwitz;00 unbekannt;StB 6 Leuben;Wahlbezirk_Brief;0;0;701;701;700;220;62;26;86;28;0;103;1;174;1
2024;63003;63 Kleinzschachwitz;00 unbekannt;StB 6 Leuben;Wahlbezirk_Brief;0;0;653;653;651;184;70;13;76;20;0;123;3;162;2
2024;63101;63 Kleinzschachwitz;00 unbekannt;StB 6 Leuben;Wahlbezirk_Urne;802;284;380;2;375;85;21;12;28;7;0;128;2;92;5
2024;63102;63 Kleinzschachwitz;00 unbekannt;StB 6 Leuben;Wahlbezirk_Urne;983;305;484;2;479;117;30;8;32;23;0;152;4;113;5
2024;63201;63 Kleinzschachwitz;00 unbekannt;StB 6 Leuben;Wahlbezirk_Urne;766;217;401;4;401;89;24;22;39;10;0;112;1;104;0
2024;63202;63 Kleinzschachwitz;00 unbekannt;StB 6 Leuben;Wahlbezirk_Urne;801;233;415;2;408;91;26;16;18;7;0;156;5;89;7
2024;63301;63 Kleinzschachwitz;00 unbekannt;StB 6 Leuben;Wahlbezirk_Urne;902;243;498;1;494;114;38;8;30;9;0;189;0;106;4
2024;63302;63 Kleinzschachwitz;00 unbekannt;StB 6 Leuben;Wahlbezirk_Urne;837;240;437;1;431;102;32;12;20;14;0;174;1;76;6
2024;63401;63 Kleinzschachwitz;00 unbekannt;StB 6 Leuben;Wahlbezirk_Urne;1073;386;523;2;516;143;21;10;35;23;0;172;4;108;7
2024;63402;63 Kleinzschachwitz;00 unbekannt;StB 6 Leuben;Wahlbezirk_Urne;835;272;419;4;416;87;21;9;9;13;0;201;1;75;3
2024;64001;64 Großzschachwitz;00 unbekannt;StB 6 Leuben;Wahlbezirk_Brief;0;0;607;607;602;167;55;26;35;19;0;134;4;162;5
2024;64002;64 Großzschachwitz;00 unbekannt;StB 6 Leuben;Wahlbezirk_Brief;0;0;404;404;403;107;42;23;42;11;0;73;1;104;1
2024;64100;64 Großzschachwitz;00 unbekannt;StB 6 Leuben;Wahlbezirk_Urne;966;230;445;1;442;92;15;11;16;11;0;189;2;106;3
2024;64200;64 Großzschachwitz;00 unbekannt;StB 6 Leuben;Wahlbezirk_Urne;1091;241;506;3;498;80;24;33;12;15;0;206;3;125;8
2024;64300;64 Großzschachwitz;00 unbekannt;StB 6 Leuben;Wahlbezirk_Urne;862;169;403;4;396;59;20;15;12;10;0;176;3;101;7
2024;64400;64 Großzschachwitz;00 unbekannt;StB 6 Leuben;Wahlbezirk_Urne;990;205;497;3;487;98;38;36;21;12;0;165;1;116;10
2024;64500;64 Großzschachwitz;00 unbekannt;StB 6 Leuben;Wahlbezirk_Urne;1150;282;495;6;490;99;22;30;29;10;0;173;6;121;5
2024;71000;71 Prohlis-Nord;00 unbekannt;StB 7 Prohlis;Wahlbezirk_Brief;0;0;710;710;705;191;52;49;33;11;0;171;8;190;5
2024;71100;71 Prohlis-Nord;00 unbekannt;StB 7 Prohlis;Wahlbezirk_Urne;896;215;442;3;437;97;27;22;15;7;0;153;4;112;5
2024;71200;71 Prohlis-Nord;00 unbekannt;StB 7 Prohlis;Wahlbezirk_Urne;1252;228;519;1;505;79;30;22;16;9;0;215;5;129;14
2024;71400;71 Prohlis-Nord;00 unbekannt;StB 7 Prohlis;Wahlbezirk_Urne;842;174;349;0;344;59;27;17;10;3;0;143;1;84;5
2024;71500;71 Prohlis-Nord;00 unbekannt;StB 7 Prohlis;Wahlbezirk_Urne;1157;171;383;1;379;58;23;20;4;5;0;181;3;85;4
2024;72001;72 Prohlis-Süd;00 unbekannt;StB 7 Prohlis;Wahlbezirk_Brief;0;0;401;401;398;98;47;25;9;10;0;83;4;122;3
2024;72002;72 Prohlis-Süd;00 unbekannt;StB 7 Prohlis;Wahlbezirk_Brief;0;0;417;417;406;99;41;31;15;8;0;91;8;113;11
2024;72100;72 Prohlis-Süd;00 unbekannt;StB 7 Prohlis;Wahlbezirk_Urne;977;111;388;3;382;76;21;23;8;6;0;161;7;80;6
2024;72200;72 Prohlis-Süd;00 unbekannt;StB 7 Prohlis;Wahlbezirk_Urne;1376;172;491;1;482;57;36;21;7;5;0;233;2;121;9
2024;72300;72 Prohlis-Süd;00 unbekannt;StB 7 Prohlis;Wahlbezirk_Urne;1328;197;514;2;497;96;38;27;7;4;0;207;3;115;17
2024;72500;72 Prohlis-Süd;00 unbekannt;StB 7 Prohlis;Wahlbezirk_Urne;822;144;354;0;352;71;27;15;4;3;0;163;5;64;2
2024;72700;72 Prohlis-Süd;00 unbekannt;StB 7 Prohlis;Wahlbezirk_Urne;1359;317;429;2;422;76;23;23;23;5;0;174;8;90;7
2024;73001;73 Niedersedlitz;00 unbekannt;StB 7 Prohlis;Wahlbezirk_Brief;0;0;255;255;255;77;23;9;13;7;0;51;1;74;0
2024;73002;73 Niedersedlitz;00 unbekannt;StB 7 Prohlis;Wahlbezirk_Brief;0;0;608;608;603;186;58;27;55;11;0;104;2;160;5
2024;73003;73 Niedersedlitz;00 unbekannt;StB 7 Prohlis;Wahlbezirk_Brief;0;0;542;542;537;145;55;25;51;17;0;86;8;150;5
2024;73101;73 Niedersedlitz;00 unbekannt;StB 7 Prohlis;Wahlbezirk_Urne;810;285;364;2;362;67;20;8;25;7;0;139;6;90;2
2024;73102;73 Niedersedlitz;00 unbekannt;StB 7 Prohlis;Wahlbezirk_Urne;1043;315;487;0;483;94;19;28;20;10;0;188;2;122;4
2024;73201;73 Niedersedlitz;00 unbekannt;StB 7 Prohlis;Wahlbezirk_Urne;951;285;468;2;465;85;29;14;17;12;0;184;5;119;3
2024;73202;73 Niedersedlitz;00 unbekannt;StB 7 Prohlis;Wahlbezirk_Urne;1189;384;532;1;525;110;25;15;23;20;0;217;2;113;7
2024;73300;73 Niedersedlitz;00 unbekannt;StB 7 Prohlis;Wahlbezirk_Urne;876;280;449;0;447;104;29;8;27;10;0;195;3;71;2
2024;74001;74 Lockwitz;00 unbekannt;StB 7 Prohlis;Wahlbezirk_Brief;0;0;529;529;525;159;52;26;38;22;0;91;4;133;4
2024;74002;74 Lockwitz;00 unbekannt;StB 7 Prohlis;Wahlbezirk_Brief;0;0;579;579;577;184;50;22;55;14;0;99;3;150;2
2024;74003;74 Lockwitz;00 unbekannt;StB 7 Prohlis;Wahlbezirk_Brief;0;0;526;526;524;150;38;9;57;21;0;107;4;138;2
2024;74100;74 Lockwitz;00 unbekannt;StB 7 Prohlis;Wahlbezirk_Urne;864;225;435;3;432;84;26;7;15;15;0;185;0;100;3
2024;74201;74 Lockwitz;00 unbekannt;StB 7 Prohlis;Wahlbezirk_Urne;952;261;521;5;514;134;29;16;27;19;0;179;5;105;7
2024;74202;74 Lockwitz;00 unbekannt;StB 7 Prohlis;Wahlbezirk_Urne;909;262;499;3;497;83;32;13;37;26;0;188;8;110;2
2024;74301;74 Lockwitz;00 unbekannt;StB 7 Prohlis;Wahlbezirk_Urne;948;334;451;2;448;109;23;14;21;13;0;164;5;99;3
2024;74302;74 Lockwitz;00 unbekannt;StB 7 Prohlis;Wahlbezirk_Urne;1054;374;499;5;496;108;31;14;33;14;0;179;2;115;3
2024;74303;74 Lockwitz;00 unbekannt;StB 7 Prohlis;Wahlbezirk_Urne;1071;356;520;1;517;124;33;16;24;18;0;189;3;110;3
2024;75001;75 Leubnitz-Neuostra;00 unbekannt;StB 7 Prohlis;Wahlbezirk_Brief;0;0;590;590;586;160;62;21;51;24;0;90;4;174;4
2024;75002;75 Leubnitz-Neuostra;00 unbekannt;StB 7 Prohlis;Wahlbezirk_Brief;0;0;636;636;629;167;54;29;53;26;0;124;3;173;7
2024;75003;75 Leubnitz-Neuostra;00 unbekannt;StB 7 Prohlis;Wahlbezirk_Brief;0;0;701;701;700;219;68;17;81;30;0;104;6;175;1
2024;75004;75 Leubnitz-Neuostra;00 unbekannt;StB 7 Prohlis;Wahlbezirk_Brief;0;0;662;662;658;205;83;26;55;23;0;92;5;169;4
2024;75005;75 Leubnitz-Neuostra;00 unbekannt;StB 7 Prohlis;Wahlbezirk_Brief;0;0;800;800;795;197;87;27;89;29;0;128;5;233;5
2024;75100;75 Leubnitz-Neuostra;00 unbekannt;StB 7 Prohlis;Wahlbezirk_Urne;1011;377;419;5;414;91;34;15;27;16;0;125;2;104;5
2024;75201;75 Leubnitz-Neuostra;00 unbekannt;StB 7 Prohlis;Wahlbezirk_Urne;933;382;422;1;419;104;31;13;46;20;0;106;3;96;3
2024;75202;75 Leubnitz-Neuostra;00 unbekannt;StB 7 Prohlis;Wahlbezirk_Urne;1059;351;415;2;412;89;25;8;28;8;0;145;4;105;3
2024;75300;75 Leubnitz-Neuostra;00 unbekannt;StB 7 Prohlis;Wahlbezirk_Urne;1271;289;531;4;526;92;33;32;13;10;0;213;6;127;5
2024;75500;75 Leubnitz-Neuostra;00 unbekannt;StB 7 Prohlis;Wahlbezirk_Urne;828;263;418;2;415;94;35;10;57;14;0;105;1;99;3
2024;75600;75 Leubnitz-Neuostra;00 unbekannt;StB 7 Prohlis;Wahlbezirk_Urne;1128;396;511;7;510;98;37;25;39;19;0;173;6;113;1
2024;75700;75 Leubnitz-Neuostra;00 unbekannt;StB 7 Prohlis;Wahlbezirk_Urne;1258;359;563;2;555;103;31;28;28;11;0;206;6;142;8
2024;75800;75 Leubnitz-Neuostra;00 unbekannt;StB 7 Prohlis;Wahlbezirk_Urne;1120;294;492;0;475;114;35;22;16;12;0;136;4;136;17
2024;75901;75 Leubnitz-Neuostra;00 unbekannt;StB 7 Prohlis;Wahlbezirk_Urne;869;328;377;2;373;63;26;16;25;11;0;114;7;111;4
2024;75902;75 Leubnitz-Neuostra;00 unbekannt;StB 7 Prohlis;Wahlbezirk_Urne;875;350;380;1;380;78;36;18;28;17;0;102;5;96;0
2024;75903;75 Leubnitz-Neuostra;00 unbekannt;StB 7 Prohlis;Wahlbezirk_Urne;932;357;424;2;421;80;33;18;45;20;0;120;4;101;3
2024;76001;76 Strehlen;00 unbekannt;StB 7 Prohlis;Wahlbezirk_Brief;0;0;401;401;401;73;46;19;49;13;0;53;5;143;0
2024;76002;76 Strehlen;00 unbekannt;StB 7 Prohlis;Wahlbezirk_Brief;0;0;569;569;569;86;71;34;136;22;0;43;18;159;0
2024;76003;76 Strehlen;00 unbekannt;StB 7 Prohlis;Wahlbezirk_Brief;0;0;540;540;535;117;56;29;64;29;0;92;8;140;5
2024;76004;76 Strehlen;00 unbekannt;StB 7 Prohlis;Wahlbezirk_Brief;0;0;608;608;605;134;47;45;106;19;0;74;7;173;3
2024;76100;76 Strehlen;00 unbekannt;StB 7 Prohlis;Wahlbezirk_Urne;1178;422;532;3;531;81;48;32;96;27;0;82;11;154;1
2024;76200;76 Strehlen;00 unbekannt;StB 7 Prohlis;Wahlbezirk_Urne;875;310;398;5;397;65;21;21;35;19;0;101;10;125;1
2024;76300;76 Strehlen;00 unbekannt;StB 7 Prohlis;Wahlbezirk_Urne;706;228;364;7;363;21;47;32;81;10;0;56;11;105;1
2024;76400;76 Strehlen;00 unbekannt;StB 7 Prohlis;Wahlbezirk_Urne;1041;361;422;1;420;85;39;19;45;13;0;104;4;111;2
2024;76500;76 Strehlen;00 unbekannt;StB 7 Prohlis;Wahlbezirk_Urne;962;368;362;3;356;73;21;13;33;10;0;104;6;96;6
2024;76600;76 Strehlen;00 unbekannt;StB 7 Prohlis;Wahlbezirk_Urne;1222;432;482;0;479;95;45;27;43;11;0;130;13;115;3
2024;76700;76 Strehlen;00 unbekannt;StB 7 Prohlis;Wahlbezirk_Urne;1657;231;551;0;545;73;33;34;24;7;0;225;10;139;6
2024;77001;77 Reick;00 unbekannt;StB 7 Prohlis;Wahlbezirk_Brief;0;0;324;324;323;82;25;27;23;4;0;70;2;90;1
2024;77002;77 Reick;00 unbekannt;StB 7 Prohlis;Wahlbezirk_Brief;0;0;553;553;549;132;50;27;36;17;0;111;6;170;4
2024;77100;77 Reick;00 unbekannt;StB 7 Prohlis;Wahlbezirk_Urne;1255;324;539;4;535;88;34;20;23;14;0;233;4;119;4
2024;77200;77 Reick;00 unbekannt;StB 7 Prohlis;Wahlbezirk_Urne;1272;376;529;3;518;102;28;36;20;15;0;195;9;113;11
2024;77300;77 Reick;00 unbekannt;StB 7 Prohlis;Wahlbezirk_Urne;1559;311;556;2;551;69;46;21;32;12;0;243;8;120;5
2024;81001;81 Südvorstadt-West;00 unbekannt;StB 8 Plauen;Wahlbezirk_Brief;0;0;448;448;447;53;49;24;105;23;0;33;17;143;1
2024;81002;81 Südvorstadt-West;00 unbekannt;StB 8 Plauen;Wahlbezirk_Brief;0;0;519;519;519;104;71;25;66;21;0;58;10;164;0
2024;81003;81 Südvorstadt-West;00 unbekannt;StB 8 Plauen;Wahlbezirk_Brief;0;0;447;447;444;84;59;34;74;16;0;27;8;142;3
2024;81004;81 Südvorstadt-West;00 unbekannt;StB 8 Plauen;Wahlbezirk_Brief;0;0;673;673;672;91;71;57;111;26;0;84;18;214;1
2024;81005;81 Südvorstadt-West;00 unbekannt;StB 8 Plauen;Wahlbezirk_Brief;0;0;674;674;671;115;83;43;116;29;0;59;20;206;3
2024;81100;81 Südvorstadt-West;00 unbekannt;StB 8 Plauen;Wahlbezirk_Urne;922;245;378;2;371;52;42;27;37;11;0;104;7;91;7
2024;81200;81 Südvorstadt-West;00 unbekannt;StB 8 Plauen;Wahlbezirk_Urne;967;331;393;1;389;77;41;29;47;15;0;82;3;95;4
2024;81300;81 Südvorstadt-West;00 unbekannt;StB 8 Plauen;Wahlbezirk_Urne;973;360;417;4;413;69;33;24;51;8;0;103;7;118;4
2024;81500;81 Südvorstadt-West;00 unbekannt;StB 8 Plauen;Wahlbezirk_Urne;1202;371;512;5;508;75;36;31;45;19;0;122;14;166;4
2024;81600;81 Südvorstadt-West;00 unbekannt;StB 8 Plauen;Wahlbezirk_Urne;998;378;429;1;427;77;46;21;58;18;0;65;9;133;2
2024;81700;81 Südvorstadt-West;00 unbekannt;StB 8 Plauen;Wahlbezirk_Urne;1196;495;472;6;468;58;45;35;86;28;0;55;18;143;4
2024;81800;81 Südvorstadt-West;00 unbekannt;StB 8 Plauen;Wahlbezirk_Urne;1064;382;457;3;453;77;46;26;66;25;0;88;13;112;4
2024;81900;81 Südvorstadt-West;00 unbekannt;StB 8 Plauen;Wahlbezirk_Urne;1213;496;464;3;456;83;48;18;75;17;0;105;9;101;8
2024;82001;82 Südvorstadt-Ost;00 unbekannt;StB 8 Plauen;Wahlbezirk_Brief;0;0;472;472;465;82;40;21;94;35;0;29;9;155;7
2024;82002;82 Südvorstadt-Ost;00 unbekannt;StB 8 Plauen;Wahlbezirk_Brief;0;0;523;523;520;83;44;26;100;20;0;38;20;189;3
2024;82003;82 Südvorstadt-Ost;00 unbekannt;StB 8 Plauen;Wahlbezirk_Brief;0;0;630;630;628;107;65;34;109;33;0;56;22;202;2
2024;82100;82 Südvorstadt-Ost;00 unbekannt;StB 8 Plauen;Wahlbezirk_Urne;868;253;339;5;334;34;30;34;36;12;0;61;11;116;5
2024;82200;82 Südvorstadt-Ost;00 unbekannt;StB 8 Plauen;Wahlbezirk_Urne;968;346;400;7;399;70;31;24;33;15;0;104;1;121;1
2024;82300;82 Südvorstadt-Ost;00 unbekannt;StB 8 Plauen;Wahlbezirk_Urne;1003;354;416;3;416;65;41;36;62;13;0;63;8;128;0
2024;82400;82 Südvorstadt-Ost;00 unbekannt;StB 8 Plauen;Wahlbezirk_Urne;1241;526;469;3;469;78;39;21;69;20;0;85;7;150;0
2024;82500;82 Südvorstadt-Ost;00 unbekannt;StB 8 Plauen;Wahlbezirk_Urne;977;359;423;4;421;23;35;38;70;22;0;36;15;182;2
2024;83001;83 Räcknitz/Zschertnitz;00 unbekannt;StB 8 Plauen;Wahlbezirk_Brief;0;0;358;358;356;85;32;22;31;7;0;56;4;119;2
2024;83002;83 Räcknitz/Zschertnitz;00 unbekannt;StB 8 Plauen;Wahlbezirk_Brief;0;0;664;664;662;144;71;33;104;21;0;76;10;203;2
2024;83003;83 Räcknitz/Zschertnitz;00 unbekannt;StB 8 Plauen;Wahlbezirk_Brief;0;0;572;572;570;144;57;17;39;15;0;128;7;163;2
2024;83004;83 Räcknitz/Zschertnitz;00 unbekannt;StB 8 Plauen;Wahlbezirk_Brief;0;0;449;449;446;124;47;26;41;16;0;59;3;130;3
2024;83100;83 Räcknitz/Zschertnitz;00 unbekannt;StB 8 Plauen;Wahlbezirk_Urne;1039;367;486;4;484;74;40;18;55;25;0;104;11;157;2
2024;83200;83 Räcknitz/Zschertnitz;00 unbekannt;StB 8 Plauen;Wahlbezirk_Urne;1082;298;467;1;457;82;17;30;16;10;0;188;0;114;10
2024;83300;83 Räcknitz/Zschertnitz;00 unbekannt;StB 8 Plauen;Wahlbezirk_Urne;910;329;350;3;346;80;26;16;16;5;0;121;2;80;4
2024;83400;83 Räcknitz/Zschertnitz;00 unbekannt;StB 8 Plauen;Wahlbezirk_Urne;1251;400;546;2;539;108;47;23;39;3;0;187;3;129;7
2024;83500;83 Räcknitz/Zschertnitz;00 unbekannt;StB 8 Plauen;Wahlbezirk_Urne;808;167;348;0;339;66;25;21;21;5;0;92;5;104;9
2024;83700;83 Räcknitz/Zschertnitz;00 unbekannt;StB 8 Plauen;Wahlbezirk_Urne;1027;318;454;1;450;93;49;23;26;7;0;145;6;101;4
2024;83800;83 Räcknitz/Zschertnitz;00 unbekannt;StB 8 Plauen;Wahlbezirk_Urne;1045;382;442;1;441;82;26;24;50;11;0;130;10;108;1
2024;84001;84 Kleinpestitz/Mockritz;00 unbekannt;StB 8 Plauen;Wahlbezirk_Brief;0;0;651;651;646;170;75;26;30;19;0;111;9;206;5
2024;84002;84 Kleinpestitz/Mockritz;00 unbekannt;StB 8 Plauen;Wahlbezirk_Brief;0;0;682;682;679;183;49;35;57;24;0;133;9;189;3
2024;84003;84 Kleinpestitz/Mockritz;00 unbekannt;StB 8 Plauen;Wahlbezirk_Brief;0;0;535;535;534;148;45;12;74;19;0;80;4;152;1
2024;84100;84 Kleinpestitz/Mockritz;00 unbekannt;StB 8 Plauen;Wahlbezirk_Urne;1173;391;484;1;483;123;37;32;27;7;0;177;5;75;1
2024;84200;84 Kleinpestitz/Mockritz;00 unbekannt;StB 8 Plauen;Wahlbezirk_Urne;1081;319;489;5;484;91;50;18;27;13;0;164;7;114;5
2024;84300;84 Kleinpestitz/Mockritz;00 unbekannt;StB 8 Plauen;Wahlbezirk_Urne;1076;337;511;0;507;106;41;18;19;16;0;190;4;113;4
2024;84400;84 Kleinpestitz/Mockritz;00 unbekannt;StB 8 Plauen;Wahlbezirk_Urne;856;276;412;3;409;106;22;10;43;18;0;118;5;87;3
2024;84501;84 Kleinpestitz/Mockritz;00 unbekannt;StB 8 Plauen;Wahlbezirk_Urne;926;315;466;0;463;93;33;16;59;19;0;132;5;106;3
2024;84502;84 Kleinpestitz/Mockritz;00 unbekannt;StB 8 Plauen;Wahlbezirk_Urne;1144;412;501;0;500;95;33;14;27;13;0;193;5;120;1
2024;85001;85 Coschütz/Gittersee;00 unbekannt;StB 8 Plauen;Wahlbezirk_Brief;0;0;651;651;650;190;68;32;64;21;0;111;3;161;1
2024;85002;85 Coschütz/Gittersee;00 unbekannt;StB 8 Plauen;Wahlbezirk_Brief;0;0;640;640;637;173;58;25;72;17;0;103;7;182;3
2024;85100;85 Coschütz/Gittersee;00 unbekannt;StB 8 Plauen;Wahlbezirk_Urne;1180;431;504;3;500;102;33;23;33;12;0;165;6;126;4
2024;85200;85 Coschütz/Gittersee;00 unbekannt;StB 8 Plauen;Wahlbezirk_Urne;1350;505;563;4;557;118;36;20;45;21;0;174;7;136;6
2024;85301;85 Coschütz/Gittersee;00 unbekannt;StB 8 Plauen;Wahlbezirk_Urne;1048;287;525;2;519;94;32;18;46;17;0;190;3;119;6
2024;85302;85 Coschütz/Gittersee;00 unbekannt;StB 8 Plauen;Wahlbezirk_Urne;877;215;431;0;426;100;24;20;32;5;0;157;2;86;5
2024;86001;86 Plauen;00 unbekannt;StB 8 Plauen;Wahlbezirk_Brief;0;0;531;531;530;133;48;23;121;25;0;47;5;128;1
2024;86002;86 Plauen;00 unbekannt;StB 8 Plauen;Wahlbezirk_Brief;0;0;692;692;688;143;77;40;120;31;0;60;11;206;4
2024;86003;86 Plauen;00 unbekannt;StB 8 Plauen;Wahlbezirk_Brief;0;0;649;649;647;143;92;33;100;25;0;61;6;187;2
2024;86004;86 Plauen;00 unbekannt;StB 8 Plauen;Wahlbezirk_Brief;0;0;610;610;609;72;75;45;172;15;0;53;15;162;1
2024;86005;86 Plauen;00 unbekannt;StB 8 Plauen;Wahlbezirk_Brief;0;0;555;555;555;114;64;26;115;27;0;45;11;153;0
2024;86101;86 Plauen;00 unbekannt;StB 8 Plauen;Wahlbezirk_Urne;908;364;376;9;375;28;35;25;73;5;0;67;12;130;1
2024;86102;86 Plauen;00 unbekannt;StB 8 Plauen;Wahlbezirk_Urne;897;308;396;1;393;84;41;16;52;12;0;80;6;102;3
2024;86200;86 Plauen;00 unbekannt;StB 8 Plauen;Wahlbezirk_Urne;1089;450;492;5;488;88;54;31;64;16;0;97;9;129;4
2024;86300;86 Plauen;00 unbekannt;StB 8 Plauen;Wahlbezirk_Urne;1008;371;427;0;422;56;48;24;60;13;0;92;11;118;5
2024;86400;86 Plauen;00 unbekannt;StB 8 Plauen;Wahlbezirk_Urne;687;288;308;2;307;59;30;22;48;5;0;62;5;76;1
2024;86500;86 Plauen;00 unbekannt;StB 8 Plauen;Wahlbezirk_Urne;867;321;405;2;400;54;36;33;65;10;0;73;9;120;5
2024;86601;86 Plauen;00 unbekannt;StB 8 Plauen;Wahlbezirk_Urne;896;297;430;2;428;56;45;25;90;25;0;64;13;110;2
2024;86602;86 Plauen;00 unbekannt;StB 8 Plauen;Wahlbezirk_Urne;810;325;382;3;381;71;51;22;60;15;0;53;8;101;1
2024;86700;86 Plauen;00 unbekannt;StB 8 Plauen;Wahlbezirk_Urne;706;299;322;3;319;80;36;16;42;10;0;57;2;76;3
2024;86800;86 Plauen;00 unbekannt;StB 8 Plauen;Wahlbezirk_Urne;844;338;338;0;338;87;39;23;45;10;0;51;3;80;0
2024;90011;90 Cossebaude/Mobschatz/Oberw.;00 unbekannt;StB 9 Cotta/westliche Ortschaften;Wahlbezirk_Brief;0;0;601;601;601;173;51;17;72;15;0;94;8;171;0
2024;90012;90 Cossebaude/Mobschatz/Oberw.;00 unbekannt;StB 9 Cotta/westliche Ortschaften;Wahlbezirk_Brief;0;0;597;597;590;147;45;31;35;22;0;137;1;172;7
2024;90013;90 Cossebaude/Mobschatz/Oberw.;00 unbekannt;StB 9 Cotta/westliche Ortschaften;Wahlbezirk_Brief;0;0;462;462;459;123;37;6;37;14;0;93;3;146;3
2024;90110;90 Cossebaude/Mobschatz/Oberw.;00 unbekannt;StB 9 Cotta/westliche Ortschaften;Wahlbezirk_Urne;1329;310;636;0;631;121;22;23;19;14;0;270;6;156;5
2024;90210;90 Cossebaude/Mobschatz/Oberw.;00 unbekannt;StB 9 Cotta/westliche Ortschaften;Wahlbezirk_Urne;1091;371;507;0;501;122;40;16;32;15;0;174;4;98;6
2024;90311;90 Cossebaude/Mobschatz/Oberw.;00 unbekannt;StB 9 Cotta/westliche Ortschaften;Wahlbezirk_Urne;853;291;403;2;402;85;17;9;21;9;0;179;2;80;1
2024;90312;90 Cossebaude/Mobschatz/Oberw.;00 unbekannt;StB 9 Cotta/westliche Ortschaften;Wahlbezirk_Urne;1212;369;544;0;537;101;30;23;16;14;0;235;1;117;7
2024;90410;90 Cossebaude/Mobschatz/Oberw.;00 unbekannt;StB 9 Cotta/westliche Ortschaften;Wahlbezirk_Urne;351;98;184;2;182;30;13;5;10;3;0;69;0;52;2
2024;90510;90 Cossebaude/Mobschatz/Oberw.;00 unbekannt;StB 9 Cotta/westliche Ortschaften;Wahlbezirk_Urne;383;107;220;2;217;47;12;6;18;7;0;79;1;47;3
2024;90610;90 Cossebaude/Mobschatz/Oberw.;00 unbekannt;StB 9 Cotta/westliche Ortschaften;Wahlbezirk_Urne;765;215;423;2;421;104;11;9;23;10;0;150;5;109;2
2024;90710;90 Cossebaude/Mobschatz/Oberw.;00 unbekannt;StB 9 Cotta/westliche Ortschaften;Wahlbezirk_Urne;439;89;282;1;280;72;19;6;13;9;0;112;2;47;2
2024;91001;91 Cotta;00 unbekannt;StB 9 Cotta/westliche Ortschaften;Wahlbezirk_Brief;0;0;402;402;402;65;38;22;57;17;0;61;11;131;0
2024;91002;91 Cotta;00 unbekannt;StB 9 Cotta/westliche Ortschaften;Wahlbezirk_Brief;0;0;643;643;640;154;51;37;63;18;0;103;3;211;3
2024;91003;91 Cotta;00 unbekannt;StB 9 Cotta/westliche Ortschaften;Wahlbezirk_Brief;0;0;633;633;627;126;58;43;80;28;0;91;12;189;6
2024;91004;91 Cotta;00 unbekannt;StB 9 Cotta/westliche Ortschaften;Wahlbezirk_Brief;0;0;620;620;617;129;54;30;86;21;0;85;13;199;3
2024;91101;91 Cotta;00 unbekannt;StB 9 Cotta/westliche Ortschaften;Wahlbezirk_Urne;1192;309;528;2;522;88;34;37;32;13;0;168;3;147;6
2024;91102;91 Cotta;00 unbekannt;StB 9 Cotta/westliche Ortschaften;Wahlbezirk_Urne;1310;427;505;4;500;83;25;26;35;15;0;172;6;138;5
2024;91200;91 Cotta;00 unbekannt;StB 9 Cotta/westliche Ortschaften;Wahlbezirk_Urne;1053;323;423;2;419;75;21;14;30;8;0;125;8;138;4
2024;91300;91 Cotta;00 unbekannt;StB 9 Cotta/westliche Ortschaften;Wahlbezirk_Urne;1326;408;553;6;547;87;35;31;39;16;0;164;11;164;6
2024;91400;91 Cotta;00 unbekannt;StB 9 Cotta/westliche Ortschaften;Wahlbezirk_Urne;1378;384;574;2;571;106;33;18;36;14;0;194;8;162;3
2024;91501;91 Cotta;00 unbekannt;StB 9 Cotta/westliche Ortschaften;Wahlbezirk_Urne;1146;317;449;1;447;76;26;20;30;3;0;159;5;128;2
2024;91502;91 Cotta;00 unbekannt;StB 9 Cotta/westliche Ortschaften;Wahlbezirk_Urne;1500;447;610;7;606;93;52;28;50;18;0;187;19;159;4
2024;92001;92 Löbtau-Nord;00 unbekannt;StB 9 Cotta/westliche Ortschaften;Wahlbezirk_Brief;0;0;558;558;557;64;40;42;102;32;0;50;11;216;1
2024;92002;92 Löbtau-Nord;00 unbekannt;StB 9 Cotta/westliche Ortschaften;Wahlbezirk_Brief;0;0;551;551;551;75;50;43;136;28;0;36;11;172;0
2024;92003;92 Löbtau-Nord;00 unbekannt;StB 9 Cotta/westliche Ortschaften;Wahlbezirk_Brief;0;0;726;726;724;98;81;52;124;29;0;70;20;250;2
2024;92004;92 Löbtau-Nord;00 unbekannt;StB 9 Cotta/westliche Ortschaften;Wahlbezirk_Brief;0;0;766;766;763;64;65;55;151;46;0;64;24;294;3
2024;92101;92 Löbtau-Nord;00 unbekannt;StB 9 Cotta/westliche Ortschaften;Wahlbezirk_Urne;1671;625;561;6;559;42;36;44;81;20;0;125;19;192;2
2024;92102;92 Löbtau-Nord;00 unbekannt;StB 9 Cotta/westliche Ortschaften;Wahlbezirk_Urne;1069;465;326;4;326;24;26;31;49;18;0;44;16;118;0
2024;92200;92 Löbtau-Nord;00 unbekannt;StB 9 Cotta/westliche Ortschaften;Wahlbezirk_Urne;1301;541;475;4;469;63;38;21;75;16;0;108;15;133;6
2024;92300;92 Löbtau-Nord;00 unbekannt;StB 9 Cotta/westliche Ortschaften;Wahlbezirk_Urne;1457;619;525;7;522;72;31;41;77;15;0;91;16;179;3
2024;92400;92 Löbtau-Nord;00 unbekannt;StB 9 Cotta/westliche Ortschaften;Wahlbezirk_Urne;931;274;425;8;425;60;28;23;35;9;0;116;8;146;0
2024;92500;92 Löbtau-Nord;00 unbekannt;StB 9 Cotta/westliche Ortschaften;Wahlbezirk_Urne;1244;394;526;1;522;61;44;31;68;13;0;113;21;171;4
2024;93001;93 Löbtau-Süd;00 unbekannt;StB 9 Cotta/westliche Ortschaften;Wahlbezirk_Brief;0;0;511;511;509;66;49;43;104;27;0;34;14;172;2
2024;93002;93 Löbtau-Süd;00 unbekannt;StB 9 Cotta/westliche Ortschaften;Wahlbezirk_Brief;0;0;812;812;810;126;61;55;172;34;0;57;22;283;2
2024;93003;93 Löbtau-Süd;00 unbekannt;StB 9 Cotta/westliche Ortschaften;Wahlbezirk_Brief;0;0;721;721;719;119;70;68;129;34;0;58;15;226;2
2024;93004;93 Löbtau-Süd;00 unbekannt;StB 9 Cotta/westliche Ortschaften;Wahlbezirk_Brief;0;0;760;760;759;108;66;51;140;21;0;80;17;276;1
2024;93101;93 Löbtau-Süd;00 unbekannt;StB 9 Cotta/westliche Ortschaften;Wahlbezirk_Urne;1203;384;557;10;551;61;37;36;108;20;0;110;15;164;6
2024;93102;93 Löbtau-Süd;00 unbekannt;StB 9 Cotta/westliche Ortschaften;Wahlbezirk_Urne;1165;368;516;9;509;57;28;42;66;14;0;128;21;153;7
2024;93201;93 Löbtau-Süd;00 unbekannt;StB 9 Cotta/westliche Ortschaften;Wahlbezirk_Urne;1348;518;529;5;528;58;45;35;88;23;0;117;11;151;1
2024;93202;93 Löbtau-Süd;00 unbekannt;StB 9 Cotta/westliche Ortschaften;Wahlbezirk_Urne;1307;386;542;5;533;86;33;40;46;17;0;155;9;147;9
2024;93300;93 Löbtau-Süd;00 unbekannt;StB 9 Cotta/westliche Ortschaften;Wahlbezirk_Urne;1558;581;636;7;634;66;58;57;73;28;0;121;15;216;2
2024;93400;93 Löbtau-Süd;00 unbekannt;StB 9 Cotta/westliche Ortschaften;Wahlbezirk_Urne;1259;451;504;9;501;56;33;44;59;13;0;131;11;154;3
2024;93500;93 Löbtau-Süd;00 unbekannt;StB 9 Cotta/westliche Ortschaften;Wahlbezirk_Urne;1250;446;530;0;524;47;31;47;91;20;0;111;9;168;6
2024;94001;94 Naußlitz;00 unbekannt;StB 9 Cotta/westliche Ortschaften;Wahlbezirk_Brief;0;0;378;378;377;110;46;18;35;14;0;41;3;110;1
2024;94002;94 Naußlitz;00 unbekannt;StB 9 Cotta/westliche Ortschaften;Wahlbezirk_Brief;0;0;550;550;549;132;58;19;61;24;0;79;4;172;1
2024;94003;94 Naußlitz;00 unbekannt;StB 9 Cotta/westliche Ortschaften;Wahlbezirk_Brief;0;0;570;570;569;156;48;16;54;13;0;105;6;171;1
2024;94004;94 Naußlitz;00 unbekannt;StB 9 Cotta/westliche Ortschaften;Wahlbezirk_Brief;0;0;689;689;686;164;61;43;88;24;0;96;11;199;3
2024;94101;94 Naußlitz;00 unbekannt;StB 9 Cotta/westliche Ortschaften;Wahlbezirk_Urne;1317;418;537;8;531;73;42;21;52;16;0;173;15;139;6
2024;94102;94 Naußlitz;00 unbekannt;StB 9 Cotta/westliche Ortschaften;Wahlbezirk_Urne;1127;331;484;6;479;84;24;18;32;14;0;162;6;139;5
2024;94200;94 Naußlitz;00 unbekannt;StB 9 Cotta/westliche Ortschaften;Wahlbezirk_Urne;1101;303;537;0;533;104;46;31;36;20;0;170;4;122;4
2024;94400;94 Naußlitz;00 unbekannt;StB 9 Cotta/westliche Ortschaften;Wahlbezirk_Urne;999;331;431;0;425;72;31;10;37;12;0;149;3;111;6
2024;94501;94 Naußlitz;00 unbekannt;StB 9 Cotta/westliche Ortschaften;Wahlbezirk_Urne;1073;414;513;0;507;133;47;18;50;9;0;135;3;112;6
2024;94502;94 Naußlitz;00 unbekannt;StB 9 Cotta/westliche Ortschaften;Wahlbezirk_Urne;941;246;515;8;515;130;50;17;43;15;0;132;3;125;0
2024;94600;94 Naußlitz;00 unbekannt;StB 9 Cotta/westliche Ortschaften;Wahlbezirk_Urne;1179;371;535;1;530;90;34;24;42;18;0;206;4;112;5
2024;95001;95 Gorbitz-Süd;00 unbekannt;StB 9 Cotta/westliche Ortschaften;Wahlbezirk_Brief;0;0;494;494;491;129;46;36;26;10;0;100;5;139;3
2024;95002;95 Gorbitz-Süd;00 unbekannt;StB 9 Cotta/westliche Ortschaften;Wahlbezirk_Brief;0;0;429;429;426;87;42;19;29;7;0;102;4;136;3
2024;95100;95 Gorbitz-Süd;00 unbekannt;StB 9 Cotta/westliche Ortschaften;Wahlbezirk_Urne;1071;122;340;1;331;39;13;15;6;5;0;175;3;75;9
2024;95400;95 Gorbitz-Süd;00 unbekannt;StB 9 Cotta/westliche Ortschaften;Wahlbezirk_Urne;1169;201;335;0;334;44;9;16;14;2;0;161;5;83;1
2024;95500;95 Gorbitz-Süd;00 unbekannt;StB 9 Cotta/westliche Ortschaften;Wahlbezirk_Urne;1438;354;572;0;561;70;32;24;15;11;0;264;6;139;11
2024;95600;95 Gorbitz-Süd;00 unbekannt;StB 9 Cotta/westliche Ortschaften;Wahlbezirk_Urne;1436;363;558;1;551;95;22;14;13;7;0;281;1;118;7
2024;96001;96 Gorbitz-Ost;00 unbekannt;StB 9 Cotta/westliche Ortschaften;Wahlbezirk_Brief;0;0;379;379;377;99;43;24;12;7;0;73;2;117;2
2024;96002;96 Gorbitz-Ost;00 unbekannt;StB 9 Cotta/westliche Ortschaften;Wahlbezirk_Brief;0;0;569;569;562;112;52;36;22;17;0;134;10;179;7
2024;96100;96 Gorbitz-Ost;00 unbekannt;StB 9 Cotta/westliche Ortschaften;Wahlbezirk_Urne;1334;328;498;0;490;74;35;38;24;10;0;175;5;129;8
2024;96300;96 Gorbitz-Ost;00 unbekannt;StB 9 Cotta/westliche Ortschaften;Wahlbezirk_Urne;1773;429;608;3;598;104;37;27;16;5;0;266;4;139;10
2024;96600;96 Gorbitz-Ost;00 unbekannt;StB 9 Cotta/westliche Ortschaften;Wahlbezirk_Urne;1567;321;522;5;515;51;28;24;19;5;0;279;7;102;7
2024;97001;97 Gorbitz-Nord/Neu-Omsewitz;00 unbekannt;StB 9 Cotta/westliche Ortschaften;Wahlbezirk_Brief;0;0;399;399;398;91;25;20;30;14;0;98;4;116;1
2024;97002;97 Gorbitz-Nord/Neu-Omsewitz;00 unbekannt;StB 9 Cotta/westliche Ortschaften;Wahlbezirk_Brief;0;0;463;463;459;100;27;31;32;13;0;109;4;143;4
2024;97100;97 Gorbitz-Nord/Neu-Omsewitz;00 unbekannt;StB 9 Cotta/westliche Ortschaften;Wahlbezirk_Urne;1239;291;488;2;478;92;35;32;22;5;0;185;7;100;10
2024;97300;97 Gorbitz-Nord/Neu-Omsewitz;00 unbekannt;StB 9 Cotta/westliche Ortschaften;Wahlbezirk_Urne;1220;236;452;0;443;66;14;21;16;8;0;212;8;98;9
2024;97600;97 Gorbitz-Nord/Neu-Omsewitz;00 unbekannt;StB 9 Cotta/westliche Ortschaften;Wahlbezirk_Urne;1464;432;503;0;499;84;29;26;16;3;0;219;4;118;4
2024;98001;98 Briesnitz;00 unbekannt;StB 9 Cotta/westliche Ortschaften;Wahlbezirk_Brief;0;0;430;430;428;115;47;16;60;17;0;75;2;96;2
2024;98002;98 Briesnitz;00 unbekannt;StB 9 Cotta/westliche Ortschaften;Wahlbezirk_Brief;0;0;704;704;699;149;59;36;71;21;0;137;6;220;5
2024;98003;98 Briesnitz;00 unbekannt;StB 9 Cotta/westliche Ortschaften;Wahlbezirk_Brief;0;0;818;818;815;237;87;34;77;32;0;144;9;195;3
2024;98004;98 Briesnitz;00 unbekannt;StB 9 Cotta/westliche Ortschaften;Wahlbezirk_Brief;0;0;766;766;763;193;75;22;83;16;0;150;8;216;3
2024;98100;98 Briesnitz;00 unbekannt;StB 9 Cotta/westliche Ortschaften;Wahlbezirk_Urne;1418;415;654;3;646;144;32;14;29;16;0;271;6;134;8
2024;98200;98 Briesnitz;00 unbekannt;StB 9 Cotta/westliche Ortschaften;Wahlbezirk_Urne;1316;426;625;3;622;124;26;15;62;16;0;247;1;131;3
2024;98300;98 Briesnitz;00 unbekannt;StB 9 Cotta/westliche Ortschaften;Wahlbezirk_Urne;1245;452;521;0;521;119;35;16;27;16;0;185;0;123;0
2024;98401;98 Briesnitz;00 unbekannt;StB 9 Cotta/westliche Ortschaften;Wahlbezirk_Urne;1347;411;618;0;616;122;52;21;36;22;0;214;6;143;2
2024;98402;98 Briesnitz;00 unbekannt;StB 9 Cotta/westliche Ortschaften;Wahlbezirk_Urne;1358;370;599;1;588;96;30;19;33;11;0;237;7;155;11
2024;98500;98 Briesnitz;00 unbekannt;StB 9 Cotta/westliche Ortschaften;Wahlbezirk_Urne;1207;470;537;5;535;110;24;14;39;21;0;196;7;124;2
2024;98600;98 Briesnitz;00 unbekannt;StB 9 Cotta/westliche Ortschaften;Wahlbezirk_Urne;1216;443;530;1;524;113;27;20;47;18;0;178;3;118;6
2024;99011;99 Altfranken/Gompitz;00 unbekannt;StB 9 Cotta/westliche Ortschaften;Wahlbezirk_Brief;0;0;515;515;513;160;47;19;38;16;0;94;4;135;2
2024;99012;99 Altfranken/Gompitz;00 unbekannt;StB 9 Cotta/westliche Ortschaften;Wahlbezirk_Brief;0;0;544;544;535;190;56;15;20;13;0;113;4;124;9
2024;99110;99 Altfranken/Gompitz;00 unbekannt;StB 9 Cotta/westliche Ortschaften;Wahlbezirk_Urne;936;302;491;3;490;130;23;14;22;24;0;176;2;99;1
2024;99311;99 Altfranken/Gompitz;00 unbekannt;StB 9 Cotta/westliche Ortschaften;Wahlbezirk_Urne;909;313;468;2;464;96;13;7;18;11;0;203;1;115;4
2024;99312;99 Altfranken/Gompitz;00 unbekannt;StB 9 Cotta/westliche Ortschaften;Wahlbezirk_Urne;875;265;456;5;455;106;15;7;6;10;0;204;1;106;1
2024;99810;99 Altfranken/Gompitz;00 unbekannt;StB 9 Cotta/westliche Ortschaften;Wahlbezirk_Urne;925;298;511;1;509;172;29;10;16;21;0;161;8;92;2
