Jahr;Wahlbezirk;Stadtteil zus.;Stadtraum;Stadtbezirk mit zugeordneten Ortschaften;Wahl-Form;Wahlberechtigte;Wahlberechtigte mit WS;Wähler;Wähler mit WS;Stimmen gültig;Stimmen CDU;Stimmen SPD;Stimmen Die Linke;Stimmen Grüne;Stimmen FDP;Stimmen Rechte Parteien;Stimmen AfD;Stimmen Piraten;Stimmen sonstiger Parteien;Stimmen ungültig
2002;01000;01 Innere Altstadt;01 StB Altstadt ohne Johannstadt;StB 0 Altstadt;Wahlbezirk_Brief;0;0;237;237;236;66;80;57;12;12;1;0;0;8;1
2002;01000;02 Pirnaische Vorstadt;01 StB Altstadt ohne Johannstadt;StB 0 Altstadt;Wahlbezirk_Brief;0;0;749;749;747;209;252;180;39;39;2;0;0;26;2
2002;01100;01 Innere Altstadt;01 StB Altstadt ohne Johannstadt;StB 0 Altstadt;Wahlbezirk_Urne;1096;244;637;0;628;132;206;184;55;35;7;0;0;9;9
2002;02100;02 Pirnaische Vorstadt;01 StB Altstadt ohne Johannstadt;StB 0 Altstadt;Wahlbezirk_Urne;1313;215;725;0;713;157;264;192;45;28;12;0;0;15;12
2002;02200;02 Pirnaische Vorstadt;01 StB Altstadt ohne Johannstadt;StB 0 Altstadt;Wahlbezirk_Urne;1244;154;693;0;675;199;218;166;35;29;9;0;0;19;18
2002;02400;02 Pirnaische Vorstadt;01 StB Altstadt ohne Johannstadt;StB 0 Altstadt;Wahlbezirk_Urne;1418;263;803;0;792;252;267;171;33;41;16;0;0;12;11
2002;02500;02 Pirnaische Vorstadt;01 StB Altstadt ohne Johannstadt;StB 0 Altstadt;Wahlbezirk_Urne;844;138;502;1;494;150;168;106;22;28;6;0;0;14;8
2002;03000;03 Seevorstadt-Ost;01 StB Altstadt ohne Johannstadt;StB 0 Altstadt;Wahlbezirk_Brief;0;0;869;869;855;227;332;160;61;47;6;0;0;22;14
2002;03100;03 Seevorstadt-Ost;01 StB Altstadt ohne Johannstadt;StB 0 Altstadt;Wahlbezirk_Urne;971;195;437;0;428;120;123;101;38;32;6;0;0;8;9
2002;03200;03 Seevorstadt-Ost;01 StB Altstadt ohne Johannstadt;StB 0 Altstadt;Wahlbezirk_Urne;1224;218;700;0;688;210;235;150;37;35;7;0;0;14;12
2002;03300;03 Seevorstadt-Ost;01 StB Altstadt ohne Johannstadt;StB 0 Altstadt;Wahlbezirk_Urne;1262;231;722;2;705;229;218;129;48;44;7;0;0;30;17
2002;03401;03 Seevorstadt-Ost;01 StB Altstadt ohne Johannstadt;StB 0 Altstadt;Wahlbezirk_Urne;607;119;373;0;367;130;110;73;24;19;3;0;0;8;6
2002;03402;03 Seevorstadt-Ost;01 StB Altstadt ohne Johannstadt;StB 0 Altstadt;Wahlbezirk_Urne;886;129;587;0;574;187;202;108;24;31;5;0;0;17;13
2002;04000;04 Wilsdruffer Vs./Seevs.-West;01 StB Altstadt ohne Johannstadt;StB 0 Altstadt;Wahlbezirk_Brief;0;0;1030;1030;1026;268;356;279;51;45;7;0;0;20;4
2002;04100;04 Wilsdruffer Vs./Seevs.-West;01 StB Altstadt ohne Johannstadt;StB 0 Altstadt;Wahlbezirk_Urne;614;90;398;0;393;103;126;88;32;30;5;0;0;9;5
2002;04200;04 Wilsdruffer Vs./Seevs.-West;01 StB Altstadt ohne Johannstadt;StB 0 Altstadt;Wahlbezirk_Urne;1186;197;605;1;600;193;204;129;21;31;9;0;0;13;5
2002;04300;04 Wilsdruffer Vs./Seevs.-West;01 StB Altstadt ohne Johannstadt;StB 0 Altstadt;Wahlbezirk_Urne;1275;200;763;1;748;211;244;186;36;29;28;0;0;14;15
2002;04400;04 Wilsdruffer Vs./Seevs.-West;01 StB Altstadt ohne Johannstadt;StB 0 Altstadt;Wahlbezirk_Urne;1187;215;705;2;682;214;215;141;55;27;13;0;0;17;23
2002;04500;04 Wilsdruffer Vs./Seevs.-West;01 StB Altstadt ohne Johannstadt;StB 0 Altstadt;Wahlbezirk_Urne;1134;152;717;0;707;200;228;200;34;21;11;0;0;13;10
2002;04600;04 Wilsdruffer Vs./Seevs.-West;01 StB Altstadt ohne Johannstadt;StB 0 Altstadt;Wahlbezirk_Urne;1073;199;704;0;690;198;247;158;35;33;9;0;0;10;14
2002;05000;05 Friedrichstadt;01 StB Altstadt ohne Johannstadt;StB 0 Altstadt;Wahlbezirk_Brief;0;0;373;373;373;85;112;81;57;26;1;0;0;11;0
2002;05100;05 Friedrichstadt;01 StB Altstadt ohne Johannstadt;StB 0 Altstadt;Wahlbezirk_Urne;1295;97;604;0;585;167;184;104;47;47;17;0;0;19;19
2002;05200;05 Friedrichstadt;01 StB Altstadt ohne Johannstadt;StB 0 Altstadt;Wahlbezirk_Urne;849;90;436;0;429;97;153;73;46;35;13;0;0;12;7
2002;05301;05 Friedrichstadt;01 StB Altstadt ohne Johannstadt;StB 0 Altstadt;Wahlbezirk_Urne;968;121;468;0;459;147;156;64;33;35;11;0;0;13;9
2002;05302;05 Friedrichstadt;01 StB Altstadt ohne Johannstadt;StB 0 Altstadt;Wahlbezirk_Urne;871;81;419;0;400;97;127;88;22;38;18;0;0;10;19
2002;06000;06 Johannstadt-Nord;02 Johannstadt;StB 0 Altstadt;Wahlbezirk_Brief;0;0;1017;1017;1010;205;406;185;121;66;7;0;0;20;7
2002;06100;06 Johannstadt-Nord;02 Johannstadt;StB 0 Altstadt;Wahlbezirk_Urne;1306;144;847;1;837;246;302;175;18;56;19;0;0;21;10
2002;06200;06 Johannstadt-Nord;02 Johannstadt;StB 0 Altstadt;Wahlbezirk_Urne;1076;130;681;0;673;186;233;158;39;32;11;0;0;14;8
2002;06300;06 Johannstadt-Nord;02 Johannstadt;StB 0 Altstadt;Wahlbezirk_Urne;1078;102;661;0;647;191;229;149;27;23;11;0;0;17;14
2002;06400;06 Johannstadt-Nord;02 Johannstadt;StB 0 Altstadt;Wahlbezirk_Urne;1084;148;661;4;639;167;265;121;21;31;14;0;0;20;22
2002;06500;06 Johannstadt-Nord;02 Johannstadt;StB 0 Altstadt;Wahlbezirk_Urne;1205;191;760;0;749;174;256;108;139;44;13;0;0;15;11
2002;06600;06 Johannstadt-Nord;02 Johannstadt;StB 0 Altstadt;Wahlbezirk_Urne;1069;139;730;0;716;198;241;144;50;46;13;0;0;24;14
2002;06700;06 Johannstadt-Nord;02 Johannstadt;StB 0 Altstadt;Wahlbezirk_Urne;1290;204;592;0;581;148;227;83;54;55;5;0;0;9;11
2002;07001;07 Johannstadt-Süd;02 Johannstadt;StB 0 Altstadt;Wahlbezirk_Brief;0;0;851;851;848;303;280;165;28;48;5;0;0;19;3
2002;07002;07 Johannstadt-Süd;02 Johannstadt;StB 0 Altstadt;Wahlbezirk_Brief;0;0;849;849;847;249;275;224;32;38;4;0;0;25;2
2002;07100;07 Johannstadt-Süd;02 Johannstadt;StB 0 Altstadt;Wahlbezirk_Urne;1286;213;771;1;759;236;244;168;43;32;7;0;0;29;12
2002;07200;07 Johannstadt-Süd;02 Johannstadt;StB 0 Altstadt;Wahlbezirk_Urne;1024;174;674;0;671;203;244;115;35;41;9;0;0;24;3
2002;07300;07 Johannstadt-Süd;02 Johannstadt;StB 0 Altstadt;Wahlbezirk_Urne;1355;242;782;0;767;284;255;122;39;33;5;0;0;29;15
2002;07401;07 Johannstadt-Süd;02 Johannstadt;StB 0 Altstadt;Wahlbezirk_Urne;749;128;480;0;476;158;149;96;20;28;5;0;0;20;4
2002;07402;07 Johannstadt-Süd;02 Johannstadt;StB 0 Altstadt;Wahlbezirk_Urne;836;124;553;0;546;162;185;103;26;37;7;0;0;26;7
2002;07500;07 Johannstadt-Süd;02 Johannstadt;StB 0 Altstadt;Wahlbezirk_Urne;1249;236;767;0;755;224;247;181;37;36;10;0;0;20;12
2002;07600;07 Johannstadt-Süd;02 Johannstadt;StB 0 Altstadt;Wahlbezirk_Urne;994;179;617;0;612;143;210;174;25;28;15;0;0;17;5
2002;07700;07 Johannstadt-Süd;02 Johannstadt;StB 0 Altstadt;Wahlbezirk_Urne;998;149;620;0;611;129;193;202;36;23;15;0;0;13;9
2002;07800;07 Johannstadt-Süd;02 Johannstadt;StB 0 Altstadt;Wahlbezirk_Urne;1055;133;645;1;639;202;241;114;26;37;8;0;0;11;6
2002;07900;07 Johannstadt-Süd;02 Johannstadt;StB 0 Altstadt;Wahlbezirk_Urne;1045;173;662;0;646;191;247;119;23;41;10;0;0;15;16
2002;11001;11 Äußere Neustadt (Antonstadt);03 StB Neustadt ohne Leipziger Vorstadt;StB 1 Neustadt;Wahlbezirk_Brief;0;0;810;810;807;102;276;94;268;56;6;0;0;5;3
2002;11002;11 Äußere Neustadt (Antonstadt);03 StB Neustadt ohne Leipziger Vorstadt;StB 1 Neustadt;Wahlbezirk_Brief;0;0;822;822;815;114;261;93;282;54;3;0;0;8;7
2002;11100;11 Äußere Neustadt (Antonstadt);03 StB Neustadt ohne Leipziger Vorstadt;StB 1 Neustadt;Wahlbezirk_Urne;1086;194;592;1;576;87;192;77;166;34;8;0;0;12;16
2002;11200;11 Äußere Neustadt (Antonstadt);03 StB Neustadt ohne Leipziger Vorstadt;StB 1 Neustadt;Wahlbezirk_Urne;1295;199;737;2;723;124;246;110;184;37;4;0;0;18;14
2002;11300;11 Äußere Neustadt (Antonstadt);03 StB Neustadt ohne Leipziger Vorstadt;StB 1 Neustadt;Wahlbezirk_Urne;1323;218;732;4;718;121;257;138;132;36;7;0;0;27;14
2002;11400;11 Äußere Neustadt (Antonstadt);03 StB Neustadt ohne Leipziger Vorstadt;StB 1 Neustadt;Wahlbezirk_Urne;1409;243;714;1;708;132;250;96;186;32;4;0;0;8;6
2002;11500;11 Äußere Neustadt (Antonstadt);03 StB Neustadt ohne Leipziger Vorstadt;StB 1 Neustadt;Wahlbezirk_Urne;1195;215;691;2;683;82;219;90;240;31;2;0;0;19;8
2002;11600;11 Äußere Neustadt (Antonstadt);03 StB Neustadt ohne Leipziger Vorstadt;StB 1 Neustadt;Wahlbezirk_Urne;1141;192;669;1;660;93;204;100;209;47;2;0;0;5;9
2002;11700;11 Äußere Neustadt (Antonstadt);03 StB Neustadt ohne Leipziger Vorstadt;StB 1 Neustadt;Wahlbezirk_Urne;1450;257;865;2;857;99;267;117;283;66;10;0;0;15;8
2002;11800;11 Äußere Neustadt (Antonstadt);03 StB Neustadt ohne Leipziger Vorstadt;StB 1 Neustadt;Wahlbezirk_Urne;1110;127;598;0;584;151;171;100;81;57;5;0;0;19;14
2002;12000;12 Radeberger Vorstadt;03 StB Neustadt ohne Leipziger Vorstadt;StB 1 Neustadt;Wahlbezirk_Brief;0;0;756;756;755;174;218;149;142;59;2;0;0;11;1
2002;12100;12 Radeberger Vorstadt;03 StB Neustadt ohne Leipziger Vorstadt;StB 1 Neustadt;Wahlbezirk_Urne;894;165;603;1;584;131;168;77;146;35;7;0;0;20;19
2002;12201;12 Radeberger Vorstadt;03 StB Neustadt ohne Leipziger Vorstadt;StB 1 Neustadt;Wahlbezirk_Urne;1176;203;757;0;751;207;233;114;131;52;7;0;0;7;6
2002;12202;12 Radeberger Vorstadt;03 StB Neustadt ohne Leipziger Vorstadt;StB 1 Neustadt;Wahlbezirk_Urne;979;152;603;2;594;158;179;106;84;51;4;0;0;12;9
2002;12300;12 Radeberger Vorstadt;03 StB Neustadt ohne Leipziger Vorstadt;StB 1 Neustadt;Wahlbezirk_Urne;1079;157;669;0;664;152;221;155;59;58;11;0;0;8;5
2002;12400;12 Radeberger Vorstadt;03 StB Neustadt ohne Leipziger Vorstadt;StB 1 Neustadt;Wahlbezirk_Urne;1300;108;799;1;786;141;229;298;36;40;17;0;0;25;13
2002;13000;13 Innere Neustadt;03 StB Neustadt ohne Leipziger Vorstadt;StB 1 Neustadt;Wahlbezirk_Brief;0;0;763;763;763;185;241;148;123;52;1;0;0;13;0
2002;13100;13 Innere Neustadt;03 StB Neustadt ohne Leipziger Vorstadt;StB 1 Neustadt;Wahlbezirk_Urne;893;161;513;1;508;131;150;113;64;35;3;0;0;12;5
2002;13200;13 Innere Neustadt;03 StB Neustadt ohne Leipziger Vorstadt;StB 1 Neustadt;Wahlbezirk_Urne;1192;223;696;1;680;162;236;199;35;30;4;0;0;14;16
2002;13300;13 Innere Neustadt;03 StB Neustadt ohne Leipziger Vorstadt;StB 1 Neustadt;Wahlbezirk_Urne;927;157;548;2;539;115;196;67;105;37;7;0;0;12;9
2002;13400;13 Innere Neustadt;03 StB Neustadt ohne Leipziger Vorstadt;StB 1 Neustadt;Wahlbezirk_Urne;1224;253;712;0;705;168;214;173;98;31;6;0;0;15;7
2002;14000;14 Leipziger Vorstadt;04 Leipziger Vorstadt, Pieschen;StB 1 Neustadt;Wahlbezirk_Brief;0;0;762;762;758;133;252;127;187;46;3;0;0;10;4
2002;14100;14 Leipziger Vorstadt;04 Leipziger Vorstadt, Pieschen;StB 1 Neustadt;Wahlbezirk_Urne;1600;171;887;0;865;235;260;150;137;50;13;0;0;20;22
2002;14300;14 Leipziger Vorstadt;04 Leipziger Vorstadt, Pieschen;StB 1 Neustadt;Wahlbezirk_Urne;1103;136;624;0;616;102;207;100;119;58;12;0;0;18;8
2002;14400;14 Leipziger Vorstadt;04 Leipziger Vorstadt, Pieschen;StB 1 Neustadt;Wahlbezirk_Urne;1475;176;858;2;846;100;283;147;213;62;20;0;0;21;12
2002;14500;14 Leipziger Vorstadt;04 Leipziger Vorstadt, Pieschen;StB 1 Neustadt;Wahlbezirk_Urne;1121;136;655;0;645;146;211;135;90;37;7;0;0;19;10
2002;14600;14 Leipziger Vorstadt;04 Leipziger Vorstadt, Pieschen;StB 1 Neustadt;Wahlbezirk_Urne;1367;188;868;0;860;283;282;147;50;51;21;0;0;26;8
2002;15300;11 Äußere Neustadt (Antonstadt);03 StB Neustadt ohne Leipziger Vorstadt;StB 1 Neustadt;Wahlbezirk_Urne;742;87;459;0;452;111;172;88;35;34;4;0;0;8;7
2002;21000;21 Pieschen-Süd;04 Leipziger Vorstadt, Pieschen;StB 2 Pieschen;Wahlbezirk_Brief;0;0;545;545;538;131;181;78;84;48;8;0;0;8;7
2002;21100;21 Pieschen-Süd;04 Leipziger Vorstadt, Pieschen;StB 2 Pieschen;Wahlbezirk_Urne;1410;139;794;4;780;198;260;117;90;68;21;0;0;26;14
2002;21200;21 Pieschen-Süd;04 Leipziger Vorstadt, Pieschen;StB 2 Pieschen;Wahlbezirk_Urne;1316;133;665;3;639;178;210;88;72;56;17;0;0;18;26
2002;21300;21 Pieschen-Süd;04 Leipziger Vorstadt, Pieschen;StB 2 Pieschen;Wahlbezirk_Urne;1314;106;692;0;681;195;193;91;92;80;10;0;0;20;11
2002;21400;21 Pieschen-Süd;04 Leipziger Vorstadt, Pieschen;StB 2 Pieschen;Wahlbezirk_Urne;1044;97;602;1;589;148;217;85;66;39;16;0;0;18;13
2002;21500;21 Pieschen-Süd;04 Leipziger Vorstadt, Pieschen;StB 2 Pieschen;Wahlbezirk_Urne;1027;87;588;0;585;181;188;81;64;44;9;0;0;18;3
2002;22000;22 Mickten;05 Mickten, Kaditz, Trachau;StB 2 Pieschen;Wahlbezirk_Brief;0;0;771;771;764;224;240;150;59;59;13;0;0;19;7
2002;22100;22 Mickten;05 Mickten, Kaditz, Trachau;StB 2 Pieschen;Wahlbezirk_Urne;1372;180;781;8;768;236;231;117;68;73;19;0;0;24;13
2002;22200;22 Mickten;05 Mickten, Kaditz, Trachau;StB 2 Pieschen;Wahlbezirk_Urne;838;81;488;0;478;186;121;90;23;33;14;0;0;11;10
2002;22300;22 Mickten;05 Mickten, Kaditz, Trachau;StB 2 Pieschen;Wahlbezirk_Urne;1077;66;660;0;649;191;233;124;34;36;8;0;0;23;11
2002;22400;22 Mickten;05 Mickten, Kaditz, Trachau;StB 2 Pieschen;Wahlbezirk_Urne;1013;82;660;0;648;221;224;97;28;38;15;0;0;25;12
2002;22501;22 Mickten;05 Mickten, Kaditz, Trachau;StB 2 Pieschen;Wahlbezirk_Urne;1293;103;779;0;766;249;249;121;45;66;13;0;0;23;13
2002;22502;22 Mickten;05 Mickten, Kaditz, Trachau;StB 2 Pieschen;Wahlbezirk_Urne;1286;133;705;0;694;201;231;109;56;68;12;0;0;17;11
2002;22600;22 Mickten;05 Mickten, Kaditz, Trachau;StB 2 Pieschen;Wahlbezirk_Urne;1106;112;708;0;699;241;190;132;55;53;11;0;0;17;9
2002;22700;22 Mickten;05 Mickten, Kaditz, Trachau;StB 2 Pieschen;Wahlbezirk_Urne;893;67;601;0;594;204;191;90;38;36;9;0;0;26;7
2002;23000;23 Kaditz;05 Mickten, Kaditz, Trachau;StB 2 Pieschen;Wahlbezirk_Brief;0;0;382;382;377;145;117;56;21;24;3;0;0;11;5
2002;23100;23 Kaditz;05 Mickten, Kaditz, Trachau;StB 2 Pieschen;Wahlbezirk_Urne;965;85;544;1;537;179;154;89;37;47;15;0;0;16;7
2002;23200;23 Kaditz;05 Mickten, Kaditz, Trachau;StB 2 Pieschen;Wahlbezirk_Urne;1054;110;536;0;532;153;162;101;30;55;16;0;0;15;4
2002;23300;23 Kaditz;05 Mickten, Kaditz, Trachau;StB 2 Pieschen;Wahlbezirk_Urne;1105;117;747;0;737;306;193;95;36;83;7;0;0;17;10
2002;23400;23 Kaditz;05 Mickten, Kaditz, Trachau;StB 2 Pieschen;Wahlbezirk_Urne;1084;90;703;0;692;222;238;118;26;52;17;0;0;19;11
2002;24000;24 Trachau;05 Mickten, Kaditz, Trachau;StB 2 Pieschen;Wahlbezirk_Brief;0;0;997;997;990;259;318;195;101;81;6;0;0;30;7
2002;24100;24 Trachau;05 Mickten, Kaditz, Trachau;StB 2 Pieschen;Wahlbezirk_Urne;859;91;530;0;521;169;175;78;30;42;4;0;0;23;9
2002;24200;24 Trachau;05 Mickten, Kaditz, Trachau;StB 2 Pieschen;Wahlbezirk_Urne;673;94;471;0;467;107;186;66;75;23;1;0;0;9;4
2002;24300;24 Trachau;05 Mickten, Kaditz, Trachau;StB 2 Pieschen;Wahlbezirk_Urne;1397;205;949;0;939;250;316;155;123;68;9;0;0;18;10
2002;24400;24 Trachau;05 Mickten, Kaditz, Trachau;StB 2 Pieschen;Wahlbezirk_Urne;1206;157;815;0;803;231;241;113;101;75;15;0;0;27;12
2002;24500;24 Trachau;05 Mickten, Kaditz, Trachau;StB 2 Pieschen;Wahlbezirk_Urne;776;95;513;1;496;130;164;121;30;29;5;0;0;17;17
2002;24600;24 Trachau;05 Mickten, Kaditz, Trachau;StB 2 Pieschen;Wahlbezirk_Urne;743;103;456;0;443;128;147;91;29;17;8;0;0;23;13
2002;24700;24 Trachau;05 Mickten, Kaditz, Trachau;StB 2 Pieschen;Wahlbezirk_Urne;1097;134;706;2;686;202;241;130;48;40;8;0;0;17;20
2002;24800;24 Trachau;05 Mickten, Kaditz, Trachau;StB 2 Pieschen;Wahlbezirk_Urne;1051;163;697;0;690;225;216;119;53;52;5;0;0;20;7
2002;25000;25 Pieschen-N/Trachenberge;04 Leipziger Vorstadt, Pieschen;StB 2 Pieschen;Wahlbezirk_Brief;0;0;880;880;873;219;318;171;81;54;7;0;0;23;7
2002;25100;25 Pieschen-N/Trachenberge;04 Leipziger Vorstadt, Pieschen;StB 2 Pieschen;Wahlbezirk_Urne;1332;137;772;0;752;233;238;150;58;45;9;0;0;19;20
2002;25200;25 Pieschen-N/Trachenberge;04 Leipziger Vorstadt, Pieschen;StB 2 Pieschen;Wahlbezirk_Urne;1377;142;767;1;751;270;214;102;62;62;18;0;0;23;16
2002;25300;25 Pieschen-N/Trachenberge;04 Leipziger Vorstadt, Pieschen;StB 2 Pieschen;Wahlbezirk_Urne;1414;154;909;3;899;272;280;178;68;61;17;0;0;23;10
2002;25400;25 Pieschen-N/Trachenberge;04 Leipziger Vorstadt, Pieschen;StB 2 Pieschen;Wahlbezirk_Urne;1252;93;703;0;681;175;231;112;68;69;15;0;0;11;22
2002;25500;25 Pieschen-N/Trachenberge;04 Leipziger Vorstadt, Pieschen;StB 2 Pieschen;Wahlbezirk_Urne;1315;146;715;5;703;216;214;117;78;51;11;0;0;16;12
2002;25700;25 Pieschen-N/Trachenberge;04 Leipziger Vorstadt, Pieschen;StB 2 Pieschen;Wahlbezirk_Urne;1418;242;866;3;862;262;250;156;73;79;10;0;0;32;4
2002;31000;31 Klotzsche;06 StB Klotzsche und nördliche OS;StB 3 Klotzsche/nördliche Ortschaften;Wahlbezirk_Brief;0;0;778;778;776;252;238;143;66;43;8;0;0;26;2
2002;31002;31 Klotzsche;06 StB Klotzsche und nördliche OS;StB 3 Klotzsche/nördliche Ortschaften;Wahlbezirk_Brief;0;0;682;682;681;215;233;115;52;53;1;0;0;12;1
2002;31100;31 Klotzsche;06 StB Klotzsche und nördliche OS;StB 3 Klotzsche/nördliche Ortschaften;Wahlbezirk_Urne;1402;237;820;2;812;283;234;126;76;63;14;0;0;16;8
2002;31200;31 Klotzsche;06 StB Klotzsche und nördliche OS;StB 3 Klotzsche/nördliche Ortschaften;Wahlbezirk_Urne;1428;208;870;1;861;268;293;182;33;51;12;0;0;22;9
2002;31300;31 Klotzsche;06 StB Klotzsche und nördliche OS;StB 3 Klotzsche/nördliche Ortschaften;Wahlbezirk_Urne;1137;169;756;0;746;224;231;181;30;49;9;0;0;22;10
2002;31400;31 Klotzsche;06 StB Klotzsche und nördliche OS;StB 3 Klotzsche/nördliche Ortschaften;Wahlbezirk_Urne;1214;181;818;0;813;304;231;116;65;69;8;0;0;20;5
2002;31500;31 Klotzsche;06 StB Klotzsche und nördliche OS;StB 3 Klotzsche/nördliche Ortschaften;Wahlbezirk_Urne;942;136;621;1;614;210;179;86;62;54;7;0;0;16;7
2002;31601;31 Klotzsche;06 StB Klotzsche und nördliche OS;StB 3 Klotzsche/nördliche Ortschaften;Wahlbezirk_Urne;934;139;625;0;617;231;175;84;49;52;12;0;0;14;8
2002;31602;31 Klotzsche;06 StB Klotzsche und nördliche OS;StB 3 Klotzsche/nördliche Ortschaften;Wahlbezirk_Urne;881;144;624;1;617;242;181;70;55;55;3;0;0;11;7
2002;31700;31 Klotzsche;06 StB Klotzsche und nördliche OS;StB 3 Klotzsche/nördliche Ortschaften;Wahlbezirk_Urne;1382;182;809;0;802;215;301;164;43;49;13;0;0;17;7
2002;31800;31 Klotzsche;06 StB Klotzsche und nördliche OS;StB 3 Klotzsche/nördliche Ortschaften;Wahlbezirk_Urne;1231;112;822;11;812;192;302;172;45;62;20;0;0;19;10
2002;32000;32 Hellerau/Wilschdorf;06 StB Klotzsche und nördliche OS;StB 3 Klotzsche/nördliche Ortschaften;Wahlbezirk_Brief;0;0;649;649;648;218;204;100;62;41;11;0;0;12;1
2002;32100;32 Hellerau/Wilschdorf;06 StB Klotzsche und nördliche OS;StB 3 Klotzsche/nördliche Ortschaften;Wahlbezirk_Urne;1380;182;939;0;918;371;242;116;52;75;46;0;0;16;21
2002;32201;32 Hellerau/Wilschdorf;06 StB Klotzsche und nördliche OS;StB 3 Klotzsche/nördliche Ortschaften;Wahlbezirk_Urne;877;82;619;0;607;274;144;67;24;61;13;0;0;24;12
2002;32202;32 Hellerau/Wilschdorf;06 StB Klotzsche und nördliche OS;StB 3 Klotzsche/nördliche Ortschaften;Wahlbezirk_Urne;829;96;580;0;576;230;167;96;31;36;6;0;0;10;4
2002;32300;32 Hellerau/Wilschdorf;06 StB Klotzsche und nördliche OS;StB 3 Klotzsche/nördliche Ortschaften;Wahlbezirk_Urne;900;127;626;0;621;217;185;97;50;53;5;0;0;14;5
2002;32400;32 Hellerau/Wilschdorf;06 StB Klotzsche und nördliche OS;StB 3 Klotzsche/nördliche Ortschaften;Wahlbezirk_Urne;1136;184;796;4;789;222;248;119;114;56;5;0;0;25;7
2002;35010;35 Weixdorf;06 StB Klotzsche und nördliche OS;StB 3 Klotzsche/nördliche Ortschaften;Wahlbezirk_Brief;0;0;412;412;411;148;113;49;47;40;3;0;0;11;1
2002;35010;36 Langebrück/Schönborn;06 StB Klotzsche und nördliche OS;StB 3 Klotzsche/nördliche Ortschaften;Wahlbezirk_Brief;0;0;380;380;379;137;104;46;44;36;3;0;0;9;1
2002;35110;35 Weixdorf;06 StB Klotzsche und nördliche OS;StB 3 Klotzsche/nördliche Ortschaften;Wahlbezirk_Urne;1244;129;906;1;893;290;296;122;74;83;11;0;0;17;13
2002;35310;35 Weixdorf;06 StB Klotzsche und nördliche OS;StB 3 Klotzsche/nördliche Ortschaften;Wahlbezirk_Urne;989;78;715;0;702;275;209;97;35;58;16;0;0;12;13
2002;35410;35 Weixdorf;06 StB Klotzsche und nördliche OS;StB 3 Klotzsche/nördliche Ortschaften;Wahlbezirk_Urne;1169;99;830;1;819;317;235;118;53;64;18;0;0;14;11
2002;35510;35 Weixdorf;06 StB Klotzsche und nördliche OS;StB 3 Klotzsche/nördliche Ortschaften;Wahlbezirk_Urne;1164;120;820;0;808;345;249;81;37;61;14;0;0;21;12
2002;35610;35 Weixdorf;06 StB Klotzsche und nördliche OS;StB 3 Klotzsche/nördliche Ortschaften;Wahlbezirk_Urne;240;5;148;0;146;61;41;20;5;13;3;0;0;3;2
2002;36110;36 Langebrück/Schönborn;06 StB Klotzsche und nördliche OS;StB 3 Klotzsche/nördliche Ortschaften;Wahlbezirk_Urne;945;67;665;0;649;262;170;78;39;65;15;0;0;20;16
2002;36210;36 Langebrück/Schönborn;06 StB Klotzsche und nördliche OS;StB 3 Klotzsche/nördliche Ortschaften;Wahlbezirk_Urne;1245;145;829;0;818;273;261;93;79;73;15;0;0;24;11
2002;36310;36 Langebrück/Schönborn;06 StB Klotzsche und nördliche OS;StB 3 Klotzsche/nördliche Ortschaften;Wahlbezirk_Urne;812;140;585;1;579;178;194;88;52;54;6;0;0;7;6
2002;36410;36 Langebrück/Schönborn;06 StB Klotzsche und nördliche OS;StB 3 Klotzsche/nördliche Ortschaften;Wahlbezirk_Urne;394;41;279;0;276;103;78;36;16;29;6;0;0;8;3
2002;41000;41 Loschwitz/Wachwitz;07 StB Loschwitz und OS Schönfeld-Weißig;StB 4 Loschwitz/OS Schönfeld-Weißig;Wahlbezirk_Brief;0;0;711;711;702;230;205;95;110;54;3;0;0;5;9
2002;41100;41 Loschwitz/Wachwitz;07 StB Loschwitz und OS Schönfeld-Weißig;StB 4 Loschwitz/OS Schönfeld-Weißig;Wahlbezirk_Urne;1143;238;756;4;732;234;171;117;131;71;5;0;0;3;24
2002;41200;41 Loschwitz/Wachwitz;07 StB Loschwitz und OS Schönfeld-Weißig;StB 4 Loschwitz/OS Schönfeld-Weißig;Wahlbezirk_Urne;1087;188;736;5;731;240;214;104;101;61;2;0;0;9;5
2002;41300;41 Loschwitz/Wachwitz;07 StB Loschwitz und OS Schönfeld-Weißig;StB 4 Loschwitz/OS Schönfeld-Weißig;Wahlbezirk_Urne;743;143;538;23;535;183;126;59;84;68;1;0;0;14;3
2002;41400;41 Loschwitz/Wachwitz;07 StB Loschwitz und OS Schönfeld-Weißig;StB 4 Loschwitz/OS Schönfeld-Weißig;Wahlbezirk_Urne;962;168;607;2;604;195;165;78;98;51;11;0;0;6;3
2002;42001;42 Bühlau/Weißer Hirsch;07 StB Loschwitz und OS Schönfeld-Weißig;StB 4 Loschwitz/OS Schönfeld-Weißig;Wahlbezirk_Brief;0;0;676;676;673;231;201;78;100;51;0;0;0;12;3
2002;42002;42 Bühlau/Weißer Hirsch;07 StB Loschwitz und OS Schönfeld-Weißig;StB 4 Loschwitz/OS Schönfeld-Weißig;Wahlbezirk_Brief;0;0;701;701;698;252;232;84;74;42;3;0;0;11;3
2002;42100;42 Bühlau/Weißer Hirsch;07 StB Loschwitz und OS Schönfeld-Weißig;StB 4 Loschwitz/OS Schönfeld-Weißig;Wahlbezirk_Urne;1117;211;730;0;716;228;201;88;125;55;1;0;0;18;14
2002;42200;42 Bühlau/Weißer Hirsch;07 StB Loschwitz und OS Schönfeld-Weißig;StB 4 Loschwitz/OS Schönfeld-Weißig;Wahlbezirk_Urne;1340;276;875;0;853;294;242;91;123;88;2;0;0;13;22
2002;42400;42 Bühlau/Weißer Hirsch;07 StB Loschwitz und OS Schönfeld-Weißig;StB 4 Loschwitz/OS Schönfeld-Weißig;Wahlbezirk_Urne;1175;218;741;2;732;261;208;86;103;56;5;0;0;13;9
2002;42500;42 Bühlau/Weißer Hirsch;07 StB Loschwitz und OS Schönfeld-Weißig;StB 4 Loschwitz/OS Schönfeld-Weißig;Wahlbezirk_Urne;1191;212;802;0;787;279;247;126;75;37;7;0;0;16;15
2002;42600;42 Bühlau/Weißer Hirsch;07 StB Loschwitz und OS Schönfeld-Weißig;StB 4 Loschwitz/OS Schönfeld-Weißig;Wahlbezirk_Urne;984;177;616;2;608;221;151;69;77;65;7;0;0;18;8
2002;42700;42 Bühlau/Weißer Hirsch;07 StB Loschwitz und OS Schönfeld-Weißig;StB 4 Loschwitz/OS Schönfeld-Weißig;Wahlbezirk_Urne;1083;165;687;0;671;253;184;94;71;34;11;0;0;24;16
2002;42800;42 Bühlau/Weißer Hirsch;07 StB Loschwitz und OS Schönfeld-Weißig;StB 4 Loschwitz/OS Schönfeld-Weißig;Wahlbezirk_Urne;1282;195;846;3;837;287;228;144;81;74;4;0;0;19;9
2002;43000;43 Hosterwitz/Pillnitz;07 StB Loschwitz und OS Schönfeld-Weißig;StB 4 Loschwitz/OS Schönfeld-Weißig;Wahlbezirk_Brief;0;0;369;369;365;115;118;56;44;20;3;0;0;9;4
2002;43100;43 Hosterwitz/Pillnitz;07 StB Loschwitz und OS Schönfeld-Weißig;StB 4 Loschwitz/OS Schönfeld-Weißig;Wahlbezirk_Urne;512;81;332;1;322;124;76;32;43;29;4;0;0;14;10
2002;43200;43 Hosterwitz/Pillnitz;07 StB Loschwitz und OS Schönfeld-Weißig;StB 4 Loschwitz/OS Schönfeld-Weißig;Wahlbezirk_Urne;889;125;568;1;560;181;147;90;79;45;7;0;0;11;8
2002;43300;43 Hosterwitz/Pillnitz;07 StB Loschwitz und OS Schönfeld-Weißig;StB 4 Loschwitz/OS Schönfeld-Weißig;Wahlbezirk_Urne;613;104;406;0;400;121;110;58;72;29;3;0;0;7;6
2002;43400;43 Hosterwitz/Pillnitz;07 StB Loschwitz und OS Schönfeld-Weißig;StB 4 Loschwitz/OS Schönfeld-Weißig;Wahlbezirk_Urne;773;83;489;0;482;189;127;60;57;35;5;0;0;9;7
2002;45010;45 Weißig;07 StB Loschwitz und OS Schönfeld-Weißig;StB 4 Loschwitz/OS Schönfeld-Weißig;Wahlbezirk_Brief;0;0;500;500;496;167;166;47;48;44;5;0;0;19;4
2002;45110;45 Weißig;07 StB Loschwitz und OS Schönfeld-Weißig;StB 4 Loschwitz/OS Schönfeld-Weißig;Wahlbezirk_Urne;929;98;667;0;666;284;163;87;56;56;6;0;0;14;1
2002;45210;45 Weißig;07 StB Loschwitz und OS Schönfeld-Weißig;StB 4 Loschwitz/OS Schönfeld-Weißig;Wahlbezirk_Urne;828;108;528;0;522;181;183;74;31;39;9;0;0;5;6
2002;45310;45 Weißig;07 StB Loschwitz und OS Schönfeld-Weißig;StB 4 Loschwitz/OS Schönfeld-Weißig;Wahlbezirk_Urne;1338;143;732;0;724;294;208;90;32;72;18;0;0;10;8
2002;45410;45 Weißig;07 StB Loschwitz und OS Schönfeld-Weißig;StB 4 Loschwitz/OS Schönfeld-Weißig;Wahlbezirk_Urne;1383;173;968;0;943;413;249;100;80;73;11;0;0;17;25
2002;46010;46 Gönnsdorf/Pappritz;07 StB Loschwitz und OS Schönfeld-Weißig;StB 4 Loschwitz/OS Schönfeld-Weißig;Wahlbezirk_Brief;0;0;367;367;365;140;99;48;33;32;5;0;0;8;2
2002;46010;47 Schönfeld/Schullwitz;07 StB Loschwitz und OS Schönfeld-Weißig;StB 4 Loschwitz/OS Schönfeld-Weißig;Wahlbezirk_Brief;0;0;198;198;197;77;53;26;18;17;2;0;0;4;1
2002;46110;46 Gönnsdorf/Pappritz;07 StB Loschwitz und OS Schönfeld-Weißig;StB 4 Loschwitz/OS Schönfeld-Weißig;Wahlbezirk_Urne;1355;153;911;0;898;379;230;105;54;101;7;0;0;22;13
2002;46210;46 Gönnsdorf/Pappritz;07 StB Loschwitz und OS Schönfeld-Weißig;StB 4 Loschwitz/OS Schönfeld-Weißig;Wahlbezirk_Urne;734;102;540;0;538;206;134;76;43;54;9;0;0;16;2
2002;46310;46 Gönnsdorf/Pappritz;07 StB Loschwitz und OS Schönfeld-Weißig;StB 4 Loschwitz/OS Schönfeld-Weißig;Wahlbezirk_Urne;743;126;503;0;499;178;148;65;57;38;2;0;0;11;4
2002;47110;47 Schönfeld/Schullwitz;07 StB Loschwitz und OS Schönfeld-Weißig;StB 4 Loschwitz/OS Schönfeld-Weißig;Wahlbezirk_Urne;1026;94;717;0;706;333;136;83;45;78;9;0;0;22;11
2002;47210;47 Schönfeld/Schullwitz;07 StB Loschwitz und OS Schönfeld-Weißig;StB 4 Loschwitz/OS Schönfeld-Weißig;Wahlbezirk_Urne;1109;62;715;10;698;327;141;79;41;71;17;0;0;22;17
2002;47310;47 Schönfeld/Schullwitz;07 StB Loschwitz und OS Schönfeld-Weißig;StB 4 Loschwitz/OS Schönfeld-Weißig;Wahlbezirk_Urne;578;45;374;0;370;160;91;40;25;35;11;0;0;8;4
2002;51001;51 Blasewitz;08 Blasewitz, Striesen;StB 5 Blasewitz;Wahlbezirk_Brief;0;0;593;593;593;221;160;88;67;50;3;0;0;4;0
2002;51002;51 Blasewitz;08 Blasewitz, Striesen;StB 5 Blasewitz;Wahlbezirk_Brief;0;0;485;485;482;128;171;49;78;47;2;0;0;7;3
2002;51100;51 Blasewitz;08 Blasewitz, Striesen;StB 5 Blasewitz;Wahlbezirk_Urne;1015;172;701;0;699;243;206;88;79;58;9;0;0;16;2
2002;51200;51 Blasewitz;08 Blasewitz, Striesen;StB 5 Blasewitz;Wahlbezirk_Urne;1482;268;970;2;965;351;275;97;123;94;5;0;0;20;5
2002;51400;51 Blasewitz;08 Blasewitz, Striesen;StB 5 Blasewitz;Wahlbezirk_Urne;1009;168;692;2;685;230;195;81;88;60;7;0;0;24;7
2002;51500;51 Blasewitz;08 Blasewitz, Striesen;StB 5 Blasewitz;Wahlbezirk_Urne;1028;178;630;1;620;183;187;69;99;54;10;0;0;18;10
2002;51600;51 Blasewitz;08 Blasewitz, Striesen;StB 5 Blasewitz;Wahlbezirk_Urne;1075;163;751;2;745;234;187;95;137;67;7;0;0;18;6
2002;51700;51 Blasewitz;08 Blasewitz, Striesen;StB 5 Blasewitz;Wahlbezirk_Urne;1260;169;770;0;756;218;223;96;105;84;8;0;0;22;14
2002;52001;52 Striesen-Ost;08 Blasewitz, Striesen;StB 5 Blasewitz;Wahlbezirk_Brief;0;0;817;817;816;214;264;80;158;88;5;0;0;7;1
2002;52002;52 Striesen-Ost;08 Blasewitz, Striesen;StB 5 Blasewitz;Wahlbezirk_Brief;0;0;586;586;583;164;209;64;77;49;6;0;0;14;3
2002;52100;52 Striesen-Ost;08 Blasewitz, Striesen;StB 5 Blasewitz;Wahlbezirk_Urne;986;201;625;0;619;168;180;71;120;68;2;0;0;10;6
2002;52200;52 Striesen-Ost;08 Blasewitz, Striesen;StB 5 Blasewitz;Wahlbezirk_Urne;1237;160;857;2;848;245;276;93;129;80;7;0;0;18;9
2002;52300;52 Striesen-Ost;08 Blasewitz, Striesen;StB 5 Blasewitz;Wahlbezirk_Urne;1339;254;888;4;883;254;269;107;151;84;3;0;0;15;5
2002;52400;52 Striesen-Ost;08 Blasewitz, Striesen;StB 5 Blasewitz;Wahlbezirk_Urne;1399;235;961;4;954;271;289;131;157;89;3;0;0;14;7
2002;52500;52 Striesen-Ost;08 Blasewitz, Striesen;StB 5 Blasewitz;Wahlbezirk_Urne;1369;213;861;1;850;258;267;103;117;83;4;0;0;18;11
2002;52600;52 Striesen-Ost;08 Blasewitz, Striesen;StB 5 Blasewitz;Wahlbezirk_Urne;1457;192;1003;0;992;269;321;127;174;69;12;0;0;20;11
2002;52701;52 Striesen-Ost;08 Blasewitz, Striesen;StB 5 Blasewitz;Wahlbezirk_Urne;758;77;452;0;445;145;144;78;45;20;5;0;0;8;7
2002;52702;52 Striesen-Ost;08 Blasewitz, Striesen;StB 5 Blasewitz;Wahlbezirk_Urne;838;125;432;0;421;120;129;84;28;38;8;0;0;14;11
2002;53000;53 Striesen-Süd;08 Blasewitz, Striesen;StB 5 Blasewitz;Wahlbezirk_Brief;0;0;1142;1142;1139;334;374;201;98;80;8;0;0;44;3
2002;53100;53 Striesen-Süd;08 Blasewitz, Striesen;StB 5 Blasewitz;Wahlbezirk_Urne;893;191;602;1;599;174;176;80;107;43;3;0;0;16;3
2002;53200;53 Striesen-Süd;08 Blasewitz, Striesen;StB 5 Blasewitz;Wahlbezirk_Urne;942;152;614;0;602;164;202;117;53;40;7;0;0;19;12
2002;53300;53 Striesen-Süd;08 Blasewitz, Striesen;StB 5 Blasewitz;Wahlbezirk_Urne;963;156;596;0;586;176;209;94;42;44;3;0;0;18;10
2002;53400;53 Striesen-Süd;08 Blasewitz, Striesen;StB 5 Blasewitz;Wahlbezirk_Urne;1181;166;798;1;794;255;283;152;35;36;8;0;0;25;4
2002;53500;53 Striesen-Süd;08 Blasewitz, Striesen;StB 5 Blasewitz;Wahlbezirk_Urne;837;97;527;0;516;136;182;108;32;38;6;0;0;14;11
2002;53600;53 Striesen-Süd;08 Blasewitz, Striesen;StB 5 Blasewitz;Wahlbezirk_Urne;907;140;579;0;571;173;214;84;49;31;4;0;0;16;8
2002;53700;53 Striesen-Süd;08 Blasewitz, Striesen;StB 5 Blasewitz;Wahlbezirk_Urne;1205;140;756;1;740;245;256;117;40;54;11;0;0;17;16
2002;53800;53 Striesen-Süd;08 Blasewitz, Striesen;StB 5 Blasewitz;Wahlbezirk_Urne;1027;148;660;0;651;190;233;98;58;55;8;0;0;9;9
2002;54001;54 Striesen-West;08 Blasewitz, Striesen;StB 5 Blasewitz;Wahlbezirk_Brief;0;0;739;739;735;220;258;123;70;46;3;0;0;15;4
2002;54002;54 Striesen-West;08 Blasewitz, Striesen;StB 5 Blasewitz;Wahlbezirk_Brief;0;0;545;545;541;153;198;80;50;44;1;0;0;15;4
2002;54100;54 Striesen-West;08 Blasewitz, Striesen;StB 5 Blasewitz;Wahlbezirk_Urne;1391;213;941;1;934;267;344;153;70;73;7;0;0;20;7
2002;54200;54 Striesen-West;08 Blasewitz, Striesen;StB 5 Blasewitz;Wahlbezirk_Urne;1122;151;743;2;728;212;237;117;73;55;15;0;0;19;15
2002;54300;54 Striesen-West;08 Blasewitz, Striesen;StB 5 Blasewitz;Wahlbezirk_Urne;1372;183;894;3;881;288;316;148;45;52;13;0;0;19;13
2002;54400;54 Striesen-West;08 Blasewitz, Striesen;StB 5 Blasewitz;Wahlbezirk_Urne;1277;218;826;0;818;289;299;105;57;45;2;0;0;21;8
2002;54501;54 Striesen-West;08 Blasewitz, Striesen;StB 5 Blasewitz;Wahlbezirk_Urne;1266;181;861;0;846;277;280;132;72;56;7;0;0;22;15
2002;54502;54 Striesen-West;08 Blasewitz, Striesen;StB 5 Blasewitz;Wahlbezirk_Urne;1422;190;948;0;933;301;301;135;81;71;11;0;0;33;15
2002;54600;54 Striesen-West;08 Blasewitz, Striesen;StB 5 Blasewitz;Wahlbezirk_Urne;1485;196;943;0;925;274;339;144;69;65;12;0;0;22;18
2002;55000;55 Tolkewitz/Seidnitz-Nord;09 Tolkewitz, Seidnitz, Gruna;StB 5 Blasewitz;Wahlbezirk_Brief;0;0;1086;1086;1080;344;370;191;71;58;12;0;0;34;6
2002;55100;55 Tolkewitz/Seidnitz-Nord;09 Tolkewitz, Seidnitz, Gruna;StB 5 Blasewitz;Wahlbezirk_Urne;1411;192;905;0;897;317;255;125;102;67;15;0;0;16;8
2002;55200;55 Tolkewitz/Seidnitz-Nord;09 Tolkewitz, Seidnitz, Gruna;StB 5 Blasewitz;Wahlbezirk_Urne;1393;175;910;0;903;254;302;159;84;61;22;0;0;21;7
2002;55300;55 Tolkewitz/Seidnitz-Nord;09 Tolkewitz, Seidnitz, Gruna;StB 5 Blasewitz;Wahlbezirk_Urne;1180;132;804;0;796;261;270;124;46;65;15;0;0;15;8
2002;55400;55 Tolkewitz/Seidnitz-Nord;09 Tolkewitz, Seidnitz, Gruna;StB 5 Blasewitz;Wahlbezirk_Urne;1311;174;830;0;814;226;263;190;35;59;19;0;0;22;16
2002;55500;55 Tolkewitz/Seidnitz-Nord;09 Tolkewitz, Seidnitz, Gruna;StB 5 Blasewitz;Wahlbezirk_Urne;871;76;442;1;436;101;160;98;17;25;17;0;0;18;6
2002;55600;55 Tolkewitz/Seidnitz-Nord;09 Tolkewitz, Seidnitz, Gruna;StB 5 Blasewitz;Wahlbezirk_Urne;1295;198;767;0;756;199;248;179;47;38;23;0;0;22;11
2002;55800;55 Tolkewitz/Seidnitz-Nord;09 Tolkewitz, Seidnitz, Gruna;StB 5 Blasewitz;Wahlbezirk_Urne;1368;177;858;0;846;231;326;170;48;38;13;0;0;20;12
2002;56001;56 Seidnitz/Dobritz;09 Tolkewitz, Seidnitz, Gruna;StB 5 Blasewitz;Wahlbezirk_Brief;0;0;629;629;627;209;209;112;48;26;3;0;0;20;2
2002;56002;56 Seidnitz/Dobritz;09 Tolkewitz, Seidnitz, Gruna;StB 5 Blasewitz;Wahlbezirk_Brief;0;0;619;619;617;173;223;115;46;38;2;0;0;20;2
2002;56100;56 Seidnitz/Dobritz;09 Tolkewitz, Seidnitz, Gruna;StB 5 Blasewitz;Wahlbezirk_Urne;1365;177;803;0;790;251;258;142;32;63;21;0;0;23;13
2002;56200;56 Seidnitz/Dobritz;09 Tolkewitz, Seidnitz, Gruna;StB 5 Blasewitz;Wahlbezirk_Urne;879;98;533;0;525;169;167;93;27;34;10;0;0;25;8
2002;56300;56 Seidnitz/Dobritz;09 Tolkewitz, Seidnitz, Gruna;StB 5 Blasewitz;Wahlbezirk_Urne;1333;121;870;0;858;293;260;149;42;69;21;0;0;24;12
2002;56401;56 Seidnitz/Dobritz;09 Tolkewitz, Seidnitz, Gruna;StB 5 Blasewitz;Wahlbezirk_Urne;1195;169;728;1;719;256;219;102;39;56;15;0;0;32;9
2002;56402;56 Seidnitz/Dobritz;09 Tolkewitz, Seidnitz, Gruna;StB 5 Blasewitz;Wahlbezirk_Urne;840;92;537;1;529;188;174;86;26;36;10;0;0;9;8
2002;56501;56 Seidnitz/Dobritz;09 Tolkewitz, Seidnitz, Gruna;StB 5 Blasewitz;Wahlbezirk_Urne;1100;154;699;0;686;201;231;121;47;50;11;0;0;25;13
2002;56502;56 Seidnitz/Dobritz;09 Tolkewitz, Seidnitz, Gruna;StB 5 Blasewitz;Wahlbezirk_Urne;940;114;634;0;625;203;219;91;40;46;6;0;0;20;9
2002;56600;56 Seidnitz/Dobritz;09 Tolkewitz, Seidnitz, Gruna;StB 5 Blasewitz;Wahlbezirk_Urne;1189;127;651;0;640;211;219;101;26;58;12;0;0;13;11
2002;56800;56 Seidnitz/Dobritz;09 Tolkewitz, Seidnitz, Gruna;StB 5 Blasewitz;Wahlbezirk_Urne;891;111;592;0;577;185;221;94;27;25;7;0;0;18;15
2002;56900;56 Seidnitz/Dobritz;09 Tolkewitz, Seidnitz, Gruna;StB 5 Blasewitz;Wahlbezirk_Urne;1072;124;696;1;684;215;231;127;50;37;6;0;0;18;12
2002;57001;57 Gruna;09 Tolkewitz, Seidnitz, Gruna;StB 5 Blasewitz;Wahlbezirk_Brief;0;0;773;773;769;207;252;189;70;32;2;0;0;17;4
2002;57002;57 Gruna;09 Tolkewitz, Seidnitz, Gruna;StB 5 Blasewitz;Wahlbezirk_Brief;0;0;829;829;827;239;284;160;67;54;9;0;0;14;2
2002;57100;57 Gruna;09 Tolkewitz, Seidnitz, Gruna;StB 5 Blasewitz;Wahlbezirk_Urne;1212;230;636;0;627;172;207;138;42;43;8;0;0;17;9
2002;57200;57 Gruna;09 Tolkewitz, Seidnitz, Gruna;StB 5 Blasewitz;Wahlbezirk_Urne;1304;172;857;0;840;211;299;187;65;42;12;0;0;24;17
2002;57301;57 Gruna;09 Tolkewitz, Seidnitz, Gruna;StB 5 Blasewitz;Wahlbezirk_Urne;937;130;641;0;626;206;210;101;29;48;12;0;0;20;15
2002;57302;57 Gruna;09 Tolkewitz, Seidnitz, Gruna;StB 5 Blasewitz;Wahlbezirk_Urne;865;127;601;0;594;157;183;110;71;52;5;0;0;16;7
2002;57400;57 Gruna;09 Tolkewitz, Seidnitz, Gruna;StB 5 Blasewitz;Wahlbezirk_Urne;1020;129;685;0;671;177;240;127;53;38;8;0;0;28;14
2002;57500;57 Gruna;09 Tolkewitz, Seidnitz, Gruna;StB 5 Blasewitz;Wahlbezirk_Urne;1206;166;795;3;784;207;267;183;36;51;16;0;0;24;11
2002;57600;57 Gruna;09 Tolkewitz, Seidnitz, Gruna;StB 5 Blasewitz;Wahlbezirk_Urne;1295;237;790;0;781;234;278;134;33;70;9;0;0;23;9
2002;57700;57 Gruna;09 Tolkewitz, Seidnitz, Gruna;StB 5 Blasewitz;Wahlbezirk_Urne;845;136;555;0;549;147;157;101;58;58;7;0;0;21;6
2002;57800;57 Gruna;09 Tolkewitz, Seidnitz, Gruna;StB 5 Blasewitz;Wahlbezirk_Urne;1320;265;794;1;786;299;237;128;57;47;7;0;0;11;8
2002;61001;61 Leuben;10 StB Leuben;StB 6 Leuben;Wahlbezirk_Brief;0;0;558;558;555;183;181;117;32;24;5;0;0;13;3
2002;61002;61 Leuben;10 StB Leuben;StB 6 Leuben;Wahlbezirk_Brief;0;0;553;553;550;155;211;127;29;23;2;0;0;3;3
2002;61100;61 Leuben;10 StB Leuben;StB 6 Leuben;Wahlbezirk_Urne;848;96;533;0;525;164;175;83;32;33;14;0;0;24;8
2002;61200;61 Leuben;10 StB Leuben;StB 6 Leuben;Wahlbezirk_Urne;997;88;589;0;581;200;170;93;39;45;12;0;0;22;8
2002;61301;61 Leuben;10 StB Leuben;StB 6 Leuben;Wahlbezirk_Urne;757;80;392;0;384;137;109;66;15;39;8;0;0;10;8
2002;61302;61 Leuben;10 StB Leuben;StB 6 Leuben;Wahlbezirk_Urne;799;72;496;0;484;151;178;65;41;29;7;0;0;13;12
2002;61400;61 Leuben;10 StB Leuben;StB 6 Leuben;Wahlbezirk_Urne;902;95;517;0;506;177;145;86;27;48;9;0;0;14;11
2002;61500;61 Leuben;10 StB Leuben;StB 6 Leuben;Wahlbezirk_Urne;1293;181;817;0;801;261;257;155;47;46;8;0;0;27;16
2002;61600;61 Leuben;10 StB Leuben;StB 6 Leuben;Wahlbezirk_Urne;1119;149;743;8;731;221;239;156;33;43;19;0;0;20;12
2002;61700;61 Leuben;10 StB Leuben;StB 6 Leuben;Wahlbezirk_Urne;1189;170;713;0;700;236;226;130;31;49;12;0;0;16;13
2002;61800;61 Leuben;10 StB Leuben;StB 6 Leuben;Wahlbezirk_Urne;892;139;485;0;477;117;179;122;18;20;7;0;0;14;8
2002;61900;61 Leuben;10 StB Leuben;StB 6 Leuben;Wahlbezirk_Urne;1056;127;618;0;610;185;170;139;44;44;9;0;0;19;8
2002;62000;62 Laubegast;10 StB Leuben;StB 6 Leuben;Wahlbezirk_Brief;0;0;986;986;981;299;303;161;116;73;12;0;0;17;5
2002;62100;62 Laubegast;10 StB Leuben;StB 6 Leuben;Wahlbezirk_Urne;1393;128;906;0;894;272;279;135;65;88;21;0;0;34;12
2002;62200;62 Laubegast;10 StB Leuben;StB 6 Leuben;Wahlbezirk_Urne;921;91;588;2;578;191;178;103;45;33;13;0;0;15;10
2002;62301;62 Laubegast;10 StB Leuben;StB 6 Leuben;Wahlbezirk_Urne;761;78;473;1;457;155;143;73;29;35;9;0;0;13;16
2002;62302;62 Laubegast;10 StB Leuben;StB 6 Leuben;Wahlbezirk_Urne;1154;182;736;0;728;221;253;122;37;79;9;0;0;7;8
2002;62400;62 Laubegast;10 StB Leuben;StB 6 Leuben;Wahlbezirk_Urne;1232;117;796;0;788;199;246;121;119;74;10;0;0;19;8
2002;62501;62 Laubegast;10 StB Leuben;StB 6 Leuben;Wahlbezirk_Urne;1270;157;858;0;844;280;291;114;64;57;10;0;0;28;14
2002;62502;62 Laubegast;10 StB Leuben;StB 6 Leuben;Wahlbezirk_Urne;1110;114;757;0;744;264;237;125;47;36;15;0;0;20;13
2002;62600;62 Laubegast;10 StB Leuben;StB 6 Leuben;Wahlbezirk_Urne;1371;147;954;0;947;280;312;168;81;61;17;0;0;28;7
2002;63000;63 Kleinzschachwitz;10 StB Leuben;StB 6 Leuben;Wahlbezirk_Brief;0;0;750;750;747;236;234;97;97;66;2;0;0;15;3
2002;63100;63 Kleinzschachwitz;10 StB Leuben;StB 6 Leuben;Wahlbezirk_Urne;1390;195;936;4;928;354;257;103;93;88;8;0;0;25;8
2002;63200;63 Kleinzschachwitz;10 StB Leuben;StB 6 Leuben;Wahlbezirk_Urne;1313;149;859;0;848;314;224;128;82;67;8;0;0;25;11
2002;63301;63 Kleinzschachwitz;10 StB Leuben;StB 6 Leuben;Wahlbezirk_Urne;1198;135;833;1;824;319;248;95;64;69;7;0;0;22;9
2002;63302;63 Kleinzschachwitz;10 StB Leuben;StB 6 Leuben;Wahlbezirk_Urne;810;88;560;0;555;226;159;57;44;46;7;0;0;16;5
2002;63401;63 Kleinzschachwitz;10 StB Leuben;StB 6 Leuben;Wahlbezirk_Urne;945;126;654;0;645;275;156;65;68;52;10;0;0;19;9
2002;63402;63 Kleinzschachwitz;10 StB Leuben;StB 6 Leuben;Wahlbezirk_Urne;1055;91;743;0;737;264;226;99;58;63;12;0;0;15;6
2002;64000;64 Großzschachwitz;10 StB Leuben;StB 6 Leuben;Wahlbezirk_Brief;0;0;465;465;460;144;135;92;36;34;4;0;0;15;5
2002;64100;64 Großzschachwitz;10 StB Leuben;StB 6 Leuben;Wahlbezirk_Urne;970;77;606;0;595;226;158;98;32;57;4;0;0;20;11
2002;64200;64 Großzschachwitz;10 StB Leuben;StB 6 Leuben;Wahlbezirk_Urne;988;122;601;0;589;181;211;110;17;33;18;0;0;19;12
2002;64300;64 Großzschachwitz;10 StB Leuben;StB 6 Leuben;Wahlbezirk_Urne;885;64;599;0;597;171;217;118;30;35;12;0;0;14;2
2002;64400;64 Großzschachwitz;10 StB Leuben;StB 6 Leuben;Wahlbezirk_Urne;1000;112;673;0;660;195;236;118;42;33;16;0;0;20;13
2002;64500;64 Großzschachwitz;10 StB Leuben;StB 6 Leuben;Wahlbezirk_Urne;1226;102;796;1;782;281;248;96;50;71;11;0;0;25;14
2002;71000;71 Prohlis-Nord;11 Prohlis, Reick (mit Sternhäuser, Am Koitschgraben);StB 7 Prohlis;Wahlbezirk_Brief;0;0;620;620;616;159;204;152;38;36;8;0;0;19;4
2002;71100;71 Prohlis-Nord;11 Prohlis, Reick (mit Sternhäuser, Am Koitschgraben);StB 7 Prohlis;Wahlbezirk_Urne;992;137;647;0;638;165;225;118;44;59;13;0;0;14;9
2002;71200;71 Prohlis-Nord;11 Prohlis, Reick (mit Sternhäuser, Am Koitschgraben);StB 7 Prohlis;Wahlbezirk_Urne;786;72;353;0;343;97;97;86;21;18;16;0;0;8;10
2002;71300;71 Prohlis-Nord;11 Prohlis, Reick (mit Sternhäuser, Am Koitschgraben);StB 7 Prohlis;Wahlbezirk_Urne;1063;173;601;0;593;175;194;124;26;36;21;0;0;17;8
2002;71400;71 Prohlis-Nord;11 Prohlis, Reick (mit Sternhäuser, Am Koitschgraben);StB 7 Prohlis;Wahlbezirk_Urne;1120;136;704;1;694;223;240;134;30;32;17;0;0;18;10
2002;71500;71 Prohlis-Nord;11 Prohlis, Reick (mit Sternhäuser, Am Koitschgraben);StB 7 Prohlis;Wahlbezirk_Urne;994;126;550;0;542;144;201;114;18;28;11;0;0;26;8
2002;72000;72 Prohlis-Süd;11 Prohlis, Reick (mit Sternhäuser, Am Koitschgraben);StB 7 Prohlis;Wahlbezirk_Brief;0;0;818;818;809;219;262;209;45;40;11;0;0;23;9
2002;72100;72 Prohlis-Süd;11 Prohlis, Reick (mit Sternhäuser, Am Koitschgraben);StB 7 Prohlis;Wahlbezirk_Urne;851;85;475;0;467;135;158;95;10;40;14;0;0;15;8
2002;72200;72 Prohlis-Süd;11 Prohlis, Reick (mit Sternhäuser, Am Koitschgraben);StB 7 Prohlis;Wahlbezirk_Urne;1094;163;559;0;548;158;182;111;33;31;12;0;0;21;11
2002;72300;72 Prohlis-Süd;11 Prohlis, Reick (mit Sternhäuser, Am Koitschgraben);StB 7 Prohlis;Wahlbezirk_Urne;1394;178;784;1;770;211;243;183;38;48;19;0;0;28;14
2002;72500;72 Prohlis-Süd;11 Prohlis, Reick (mit Sternhäuser, Am Koitschgraben);StB 7 Prohlis;Wahlbezirk_Urne;1460;153;819;0;798;239;277;153;42;44;19;0;0;24;21
2002;72700;72 Prohlis-Süd;11 Prohlis, Reick (mit Sternhäuser, Am Koitschgraben);StB 7 Prohlis;Wahlbezirk_Urne;821;131;468;0;453;116;147;134;16;25;5;0;0;10;15
2002;72800;72 Prohlis-Süd;11 Prohlis, Reick (mit Sternhäuser, Am Koitschgraben);StB 7 Prohlis;Wahlbezirk_Urne;896;133;445;0;438;118;177;74;18;32;10;0;0;9;7
2002;73011;73 Niedersedlitz;11 Prohlis, Reick (mit Sternhäuser, Am Koitschgraben);StB 7 Prohlis;Wahlbezirk_Brief;0;0;165;165;165;60;52;24;10;14;1;0;0;4;1
2002;73012;73 Niedersedlitz;12 Niedersedlitz, Leubnitz, Strehlen (ohne Sternhäuser, Am Koitschgraben);StB 7 Prohlis;Wahlbezirk_Brief;0;0;469;469;467;170;146;69;29;39;4;0;0;10;1
2002;73101;73 Niedersedlitz;12 Niedersedlitz, Leubnitz, Strehlen (ohne Sternhäuser, Am Koitschgraben);StB 7 Prohlis;Wahlbezirk_Urne;1010;101;698;0;689;246;214;101;53;55;8;0;0;12;9
2002;73102;73 Niedersedlitz;12 Niedersedlitz, Leubnitz, Strehlen (ohne Sternhäuser, Am Koitschgraben);StB 7 Prohlis;Wahlbezirk_Urne;898;103;616;0;608;243;168;71;42;50;12;0;0;22;8
2002;73200;73 Niedersedlitz;12 Niedersedlitz, Leubnitz, Strehlen (ohne Sternhäuser, Am Koitschgraben);StB 7 Prohlis;Wahlbezirk_Urne;946;125;621;0;618;210;201;71;40;65;10;0;0;21;3
2002;73300;73 Niedersedlitz;12 Niedersedlitz, Leubnitz, Strehlen (ohne Sternhäuser, Am Koitschgraben);StB 7 Prohlis;Wahlbezirk_Urne;1367;155;912;0;896;346;255;131;45;64;28;0;0;27;16
2002;73500;73 Niedersedlitz;11 Prohlis, Reick (mit Sternhäuser, Am Koitschgraben);StB 7 Prohlis;Wahlbezirk_Urne;887;89;482;1;470;122;159;115;21;34;11;0;0;8;12
2002;73600;73 Niedersedlitz;11 Prohlis, Reick (mit Sternhäuser, Am Koitschgraben);StB 7 Prohlis;Wahlbezirk_Urne;1032;82;540;1;530;134;168;127;24;35;23;0;0;19;10
2002;74000;74 Lockwitz;12 Niedersedlitz, Leubnitz, Strehlen (ohne Sternhäuser, Am Koitschgraben);StB 7 Prohlis;Wahlbezirk_Brief;0;0;477;477;474;187;130;71;28;38;6;0;0;14;3
2002;74100;74 Lockwitz;12 Niedersedlitz, Leubnitz, Strehlen (ohne Sternhäuser, Am Koitschgraben);StB 7 Prohlis;Wahlbezirk_Urne;526;56;358;0;353;139;95;40;15;46;6;0;0;12;5
2002;74201;74 Lockwitz;12 Niedersedlitz, Leubnitz, Strehlen (ohne Sternhäuser, Am Koitschgraben);StB 7 Prohlis;Wahlbezirk_Urne;974;145;666;0;661;247;180;93;38;72;4;0;0;27;5
2002;74202;74 Lockwitz;12 Niedersedlitz, Leubnitz, Strehlen (ohne Sternhäuser, Am Koitschgraben);StB 7 Prohlis;Wahlbezirk_Urne;974;113;670;0;658;260;160;87;50;64;22;0;0;15;12
2002;74301;74 Lockwitz;12 Niedersedlitz, Leubnitz, Strehlen (ohne Sternhäuser, Am Koitschgraben);StB 7 Prohlis;Wahlbezirk_Urne;1059;113;733;0;726;283;208;100;49;69;10;0;0;7;7
2002;74302;74 Lockwitz;12 Niedersedlitz, Leubnitz, Strehlen (ohne Sternhäuser, Am Koitschgraben);StB 7 Prohlis;Wahlbezirk_Urne;882;74;618;0;614;189;209;89;26;74;8;0;0;19;4
2002;75001;75 Leubnitz-Neuostra;12 Niedersedlitz, Leubnitz, Strehlen (ohne Sternhäuser, Am Koitschgraben);StB 7 Prohlis;Wahlbezirk_Brief;0;0;674;674;670;232;213;108;56;39;3;0;0;19;4
2002;75002;75 Leubnitz-Neuostra;12 Niedersedlitz, Leubnitz, Strehlen (ohne Sternhäuser, Am Koitschgraben);StB 7 Prohlis;Wahlbezirk_Brief;0;0;795;795;793;235;256;157;81;45;3;0;0;16;2
2002;75100;75 Leubnitz-Neuostra;12 Niedersedlitz, Leubnitz, Strehlen (ohne Sternhäuser, Am Koitschgraben);StB 7 Prohlis;Wahlbezirk_Urne;1153;130;824;0;816;271;256;122;53;65;18;0;0;31;8
2002;75201;75 Leubnitz-Neuostra;12 Niedersedlitz, Leubnitz, Strehlen (ohne Sternhäuser, Am Koitschgraben);StB 7 Prohlis;Wahlbezirk_Urne;1010;167;739;0;736;242;199;102;93;77;8;0;0;15;3
2002;75202;75 Leubnitz-Neuostra;12 Niedersedlitz, Leubnitz, Strehlen (ohne Sternhäuser, Am Koitschgraben);StB 7 Prohlis;Wahlbezirk_Urne;1280;198;834;0;821;283;276;126;58;46;9;0;0;23;13
2002;75300;75 Leubnitz-Neuostra;12 Niedersedlitz, Leubnitz, Strehlen (ohne Sternhäuser, Am Koitschgraben);StB 7 Prohlis;Wahlbezirk_Urne;968;81;482;10;474;119;173;97;22;33;16;0;0;14;8
2002;75500;75 Leubnitz-Neuostra;12 Niedersedlitz, Leubnitz, Strehlen (ohne Sternhäuser, Am Koitschgraben);StB 7 Prohlis;Wahlbezirk_Urne;946;126;664;0;660;252;160;86;78;59;13;0;0;12;4
2002;75600;75 Leubnitz-Neuostra;12 Niedersedlitz, Leubnitz, Strehlen (ohne Sternhäuser, Am Koitschgraben);StB 7 Prohlis;Wahlbezirk_Urne;1064;163;701;0;695;210;244;123;46;51;6;0;0;15;6
2002;75700;75 Leubnitz-Neuostra;12 Niedersedlitz, Leubnitz, Strehlen (ohne Sternhäuser, Am Koitschgraben);StB 7 Prohlis;Wahlbezirk_Urne;1264;149;812;0;799;212;295;139;50;69;13;0;0;21;13
2002;75800;75 Leubnitz-Neuostra;12 Niedersedlitz, Leubnitz, Strehlen (ohne Sternhäuser, Am Koitschgraben);StB 7 Prohlis;Wahlbezirk_Urne;1319;138;880;0;866;270;276;189;43;54;12;0;0;22;14
2002;75901;75 Leubnitz-Neuostra;12 Niedersedlitz, Leubnitz, Strehlen (ohne Sternhäuser, Am Koitschgraben);StB 7 Prohlis;Wahlbezirk_Urne;715;104;512;0;506;161;184;76;35;35;5;0;0;10;6
2002;75902;75 Leubnitz-Neuostra;12 Niedersedlitz, Leubnitz, Strehlen (ohne Sternhäuser, Am Koitschgraben);StB 7 Prohlis;Wahlbezirk_Urne;761;121;527;0;520;142;187;75;57;40;8;0;0;11;7
2002;75903;75 Leubnitz-Neuostra;12 Niedersedlitz, Leubnitz, Strehlen (ohne Sternhäuser, Am Koitschgraben);StB 7 Prohlis;Wahlbezirk_Urne;932;134;640;1;632;228;191;89;43;60;10;0;0;11;8
2002;76011;76 Strehlen;11 Prohlis, Reick (mit Sternhäuser, Am Koitschgraben);StB 7 Prohlis;Wahlbezirk_Brief;0;0;277;277;273;79;97;41;29;21;2;0;0;5;4
2002;76012;76 Strehlen;12 Niedersedlitz, Leubnitz, Strehlen (ohne Sternhäuser, Am Koitschgraben);StB 7 Prohlis;Wahlbezirk_Brief;0;0;757;757;746;216;264;111;78;57;4;0;0;15;11
2002;76100;76 Strehlen;12 Niedersedlitz, Leubnitz, Strehlen (ohne Sternhäuser, Am Koitschgraben);StB 7 Prohlis;Wahlbezirk_Urne;700;123;460;0;457;119;144;71;54;58;3;0;0;8;3
2002;76200;76 Strehlen;12 Niedersedlitz, Leubnitz, Strehlen (ohne Sternhäuser, Am Koitschgraben);StB 7 Prohlis;Wahlbezirk_Urne;930;113;592;1;586;177;194;82;64;49;9;0;0;11;6
2002;76300;76 Strehlen;12 Niedersedlitz, Leubnitz, Strehlen (ohne Sternhäuser, Am Koitschgraben);StB 7 Prohlis;Wahlbezirk_Urne;967;125;620;0;615;163;191;108;80;43;15;0;0;15;5
2002;76400;76 Strehlen;12 Niedersedlitz, Leubnitz, Strehlen (ohne Sternhäuser, Am Koitschgraben);StB 7 Prohlis;Wahlbezirk_Urne;749;149;360;0;353;123;123;64;24;11;2;0;0;6;7
2002;76500;76 Strehlen;12 Niedersedlitz, Leubnitz, Strehlen (ohne Sternhäuser, Am Koitschgraben);StB 7 Prohlis;Wahlbezirk_Urne;1344;262;744;0;736;266;232;113;39;59;7;0;0;20;8
2002;76600;76 Strehlen;11 Prohlis, Reick (mit Sternhäuser, Am Koitschgraben);StB 7 Prohlis;Wahlbezirk_Urne;1075;127;617;0;609;182;164;142;39;50;21;0;0;11;8
2002;76700;76 Strehlen;11 Prohlis, Reick (mit Sternhäuser, Am Koitschgraben);StB 7 Prohlis;Wahlbezirk_Urne;1187;81;538;0;521;140;173;97;27;33;29;0;0;22;17
2002;76800;76 Strehlen;11 Prohlis, Reick (mit Sternhäuser, Am Koitschgraben);StB 7 Prohlis;Wahlbezirk_Urne;1174;75;611;0;598;187;181;125;23;41;23;0;0;18;13
2002;77000;77 Reick;12 Niedersedlitz, Leubnitz, Strehlen (ohne Sternhäuser, Am Koitschgraben);StB 7 Prohlis;Wahlbezirk_Brief;0;0;509;509;505;165;182;91;21;31;1;0;0;14;4
2002;77100;77 Reick;12 Niedersedlitz, Leubnitz, Strehlen (ohne Sternhäuser, Am Koitschgraben);StB 7 Prohlis;Wahlbezirk_Urne;1278;158;738;0;730;244;244;126;28;53;14;0;0;21;8
2002;77201;77 Reick;12 Niedersedlitz, Leubnitz, Strehlen (ohne Sternhäuser, Am Koitschgraben);StB 7 Prohlis;Wahlbezirk_Urne;911;160;523;0;509;155;187;85;30;30;4;0;0;18;14
2002;77202;77 Reick;12 Niedersedlitz, Leubnitz, Strehlen (ohne Sternhäuser, Am Koitschgraben);StB 7 Prohlis;Wahlbezirk_Urne;882;123;570;1;558;197;166;108;28;35;9;0;0;15;12
2002;77300;77 Reick;12 Niedersedlitz, Leubnitz, Strehlen (ohne Sternhäuser, Am Koitschgraben);StB 7 Prohlis;Wahlbezirk_Urne;793;79;380;0;373;107;114;90;16;20;14;0;0;12;7
2002;81000;81 Südvorstadt-West;13 Südvorstadt, Zschertnitz;StB 8 Plauen;Wahlbezirk_Brief;0;0;1159;1159;1153;315;381;250;107;72;5;0;0;23;6
2002;81100;81 Südvorstadt-West;13 Südvorstadt, Zschertnitz;StB 8 Plauen;Wahlbezirk_Urne;966;137;576;2;563;122;190;144;29;45;23;0;0;10;13
2002;81200;81 Südvorstadt-West;13 Südvorstadt, Zschertnitz;StB 8 Plauen;Wahlbezirk_Urne;1455;211;967;0;949;249;360;197;69;48;8;0;0;18;18
2002;81400;81 Südvorstadt-West;13 Südvorstadt, Zschertnitz;StB 8 Plauen;Wahlbezirk_Urne;1204;194;735;1;725;193;252;155;45;42;14;0;0;24;10
2002;81500;81 Südvorstadt-West;13 Südvorstadt, Zschertnitz;StB 8 Plauen;Wahlbezirk_Urne;915;112;593;1;587;159;196;98;50;51;16;0;0;17;6
2002;81700;81 Südvorstadt-West;13 Südvorstadt, Zschertnitz;StB 8 Plauen;Wahlbezirk_Urne;1426;262;890;1;876;265;277;151;103;55;8;0;0;17;14
2002;81800;81 Südvorstadt-West;13 Südvorstadt, Zschertnitz;StB 8 Plauen;Wahlbezirk_Urne;909;124;563;0;553;147;172;112;66;32;11;0;0;13;10
2002;81900;81 Südvorstadt-West;13 Südvorstadt, Zschertnitz;StB 8 Plauen;Wahlbezirk_Urne;1011;162;648;0;637;172;222;116;67;42;7;0;0;11;11
2002;82000;82 Südvorstadt-Ost;13 Südvorstadt, Zschertnitz;StB 8 Plauen;Wahlbezirk_Brief;0;0;602;602;598;150;189;139;73;32;3;0;0;12;4
2002;82100;82 Südvorstadt-Ost;13 Südvorstadt, Zschertnitz;StB 8 Plauen;Wahlbezirk_Urne;1102;169;665;0;639;161;218;170;27;36;10;0;0;17;26
2002;82200;82 Südvorstadt-Ost;13 Südvorstadt, Zschertnitz;StB 8 Plauen;Wahlbezirk_Urne;788;127;492;1;485;127;156;100;35;50;9;0;0;8;7
2002;82300;82 Südvorstadt-Ost;13 Südvorstadt, Zschertnitz;StB 8 Plauen;Wahlbezirk_Urne;799;157;513;0;512;149;191;74;47;39;2;0;0;10;1
2002;82400;82 Südvorstadt-Ost;13 Südvorstadt, Zschertnitz;StB 8 Plauen;Wahlbezirk_Urne;931;182;504;2;496;167;150;70;47;50;5;0;0;7;8
2002;83000;83 Räcknitz/Zschertnitz;13 Südvorstadt, Zschertnitz;StB 8 Plauen;Wahlbezirk_Brief;0;0;1171;1171;1154;350;390;189;105;79;9;0;0;32;17
2002;83100;83 Räcknitz/Zschertnitz;13 Südvorstadt, Zschertnitz;StB 8 Plauen;Wahlbezirk_Urne;846;138;556;3;554;190;175;69;57;50;3;0;0;10;2
2002;83200;83 Räcknitz/Zschertnitz;13 Südvorstadt, Zschertnitz;StB 8 Plauen;Wahlbezirk_Urne;830;115;471;0;466;133;176;84;25;29;7;0;0;12;5
2002;83300;83 Räcknitz/Zschertnitz;13 Südvorstadt, Zschertnitz;StB 8 Plauen;Wahlbezirk_Urne;1236;156;798;0;789;227;282;128;52;50;24;0;0;26;9
2002;83400;83 Räcknitz/Zschertnitz;13 Südvorstadt, Zschertnitz;StB 8 Plauen;Wahlbezirk_Urne;764;117;530;0;523;150;203;109;19;30;2;0;0;10;7
2002;83500;83 Räcknitz/Zschertnitz;13 Südvorstadt, Zschertnitz;StB 8 Plauen;Wahlbezirk_Urne;1168;171;667;0;649;176;207;160;39;31;18;0;0;18;18
2002;83600;83 Räcknitz/Zschertnitz;13 Südvorstadt, Zschertnitz;StB 8 Plauen;Wahlbezirk_Urne;903;154;590;0;580;176;197;107;47;36;5;0;0;12;10
2002;83700;83 Räcknitz/Zschertnitz;13 Südvorstadt, Zschertnitz;StB 8 Plauen;Wahlbezirk_Urne;1064;159;710;0;704;199;257;133;41;38;12;0;0;24;6
2002;83800;83 Räcknitz/Zschertnitz;13 Südvorstadt, Zschertnitz;StB 8 Plauen;Wahlbezirk_Urne;1053;192;698;0;689;226;220;120;52;41;15;0;0;15;9
2002;84000;84 Kleinpestitz/Mockritz;14 Mockritz, Coschütz, Plauen;StB 8 Plauen;Wahlbezirk_Brief;0;0;815;815;811;259;271;135;64;58;10;0;0;14;4
2002;84100;84 Kleinpestitz/Mockritz;14 Mockritz, Coschütz, Plauen;StB 8 Plauen;Wahlbezirk_Urne;1359;141;935;0;925;277;314;164;59;77;21;0;0;13;10
2002;84200;84 Kleinpestitz/Mockritz;14 Mockritz, Coschütz, Plauen;StB 8 Plauen;Wahlbezirk_Urne;975;110;633;0;629;147;216;135;43;61;13;0;0;14;4
2002;84300;84 Kleinpestitz/Mockritz;14 Mockritz, Coschütz, Plauen;StB 8 Plauen;Wahlbezirk_Urne;1369;184;896;0;889;256;316;168;34;80;12;0;0;23;7
2002;84400;84 Kleinpestitz/Mockritz;14 Mockritz, Coschütz, Plauen;StB 8 Plauen;Wahlbezirk_Urne;535;40;373;0;370;145;101;53;23;34;6;0;0;8;3
2002;84501;84 Kleinpestitz/Mockritz;14 Mockritz, Coschütz, Plauen;StB 8 Plauen;Wahlbezirk_Urne;1111;178;748;0;739;254;227;116;67;51;9;0;0;15;9
2002;84502;84 Kleinpestitz/Mockritz;14 Mockritz, Coschütz, Plauen;StB 8 Plauen;Wahlbezirk_Urne;1061;184;692;1;687;236;202;96;63;64;4;0;0;22;5
2002;85000;85 Coschütz/Gittersee;14 Mockritz, Coschütz, Plauen;StB 8 Plauen;Wahlbezirk_Brief;0;0;497;497;497;149;175;82;45;27;3;0;0;16;0
2002;85100;85 Coschütz/Gittersee;14 Mockritz, Coschütz, Plauen;StB 8 Plauen;Wahlbezirk_Urne;1407;216;883;1;873;288;295;129;67;68;8;0;0;18;10
2002;85200;85 Coschütz/Gittersee;14 Mockritz, Coschütz, Plauen;StB 8 Plauen;Wahlbezirk_Urne;1395;139;976;0;963;334;295;147;91;71;12;0;0;13;13
2002;85301;85 Coschütz/Gittersee;14 Mockritz, Coschütz, Plauen;StB 8 Plauen;Wahlbezirk_Urne;755;78;496;1;482;176;136;76;30;45;8;0;0;11;14
2002;85302;85 Coschütz/Gittersee;14 Mockritz, Coschütz, Plauen;StB 8 Plauen;Wahlbezirk_Urne;829;81;533;0;524;214;161;65;26;38;8;0;0;12;9
2002;86000;86 Plauen;14 Mockritz, Coschütz, Plauen;StB 8 Plauen;Wahlbezirk_Brief;0;0;1291;1291;1285;353;418;185;212;87;3;0;0;27;6
2002;86100;86 Plauen;14 Mockritz, Coschütz, Plauen;StB 8 Plauen;Wahlbezirk_Urne;1022;147;666;0;656;194;217;89;74;59;14;0;0;9;10
2002;86200;86 Plauen;14 Mockritz, Coschütz, Plauen;StB 8 Plauen;Wahlbezirk_Urne;1085;178;713;1;706;193;220;130;91;43;4;0;0;25;7
2002;86300;86 Plauen;14 Mockritz, Coschütz, Plauen;StB 8 Plauen;Wahlbezirk_Urne;1316;275;789;2;786;245;251;142;69;59;7;0;0;13;3
2002;86400;86 Plauen;14 Mockritz, Coschütz, Plauen;StB 8 Plauen;Wahlbezirk_Urne;851;135;614;2;603;193;187;70;74;56;6;0;0;17;11
2002;86500;86 Plauen;14 Mockritz, Coschütz, Plauen;StB 8 Plauen;Wahlbezirk_Urne;749;104;454;0;445;119;147;76;44;42;13;0;0;4;9
2002;86600;86 Plauen;14 Mockritz, Coschütz, Plauen;StB 8 Plauen;Wahlbezirk_Urne;1409;264;931;0;924;263;294;120;169;64;5;0;0;9;7
2002;86800;86 Plauen;14 Mockritz, Coschütz, Plauen;StB 8 Plauen;Wahlbezirk_Urne;1118;246;686;0;682;200;246;74;97;47;2;0;0;16;4
2002;90010;90 Cossebaude/Mobschatz/Oberw.;17 Briesnitz und westliche OS;StB 9 Cotta/westliche Ortschaften;Wahlbezirk_Brief;0;0;484;484;483;175;133;78;34;44;5;0;0;14;1
2002;90010;99 Altfranken/Gompitz;17 Briesnitz und westliche OS;StB 9 Cotta/westliche Ortschaften;Wahlbezirk_Brief;0;0;322;322;322;116;89;52;23;28;4;0;0;10;0
2002;90111;90 Cossebaude/Mobschatz/Oberw.;17 Briesnitz und westliche OS;StB 9 Cotta/westliche Ortschaften;Wahlbezirk_Urne;695;50;380;0;374;141;128;47;14;29;6;0;0;9;6
2002;90112;90 Cossebaude/Mobschatz/Oberw.;17 Briesnitz und westliche OS;StB 9 Cotta/westliche Ortschaften;Wahlbezirk_Urne;801;71;526;0;516;205;138;67;41;47;7;0;0;11;10
2002;90210;90 Cossebaude/Mobschatz/Oberw.;17 Briesnitz und westliche OS;StB 9 Cotta/westliche Ortschaften;Wahlbezirk_Urne;1154;159;760;0;757;289;218;96;58;74;4;0;0;18;3
2002;90310;90 Cossebaude/Mobschatz/Oberw.;17 Briesnitz und westliche OS;StB 9 Cotta/westliche Ortschaften;Wahlbezirk_Urne;1393;75;952;0;933;366;248;148;51;72;21;0;0;27;19
2002;90410;90 Cossebaude/Mobschatz/Oberw.;17 Briesnitz und westliche OS;StB 9 Cotta/westliche Ortschaften;Wahlbezirk_Urne;348;27;253;1;252;107;70;20;24;21;7;0;0;3;1
2002;90510;90 Cossebaude/Mobschatz/Oberw.;17 Briesnitz und westliche OS;StB 9 Cotta/westliche Ortschaften;Wahlbezirk_Urne;286;25;198;0;196;76;44;29;13;26;4;0;0;4;2
2002;90610;90 Cossebaude/Mobschatz/Oberw.;17 Briesnitz und westliche OS;StB 9 Cotta/westliche Ortschaften;Wahlbezirk_Urne;1211;112;831;1;818;345;204;98;49;85;18;0;0;19;13
2002;91000;91 Cotta;15 Cotta, Löbtau, Naußlitz, Dölzschen;StB 9 Cotta/westliche Ortschaften;Wahlbezirk_Brief;0;0;728;728;724;253;209;124;49;57;3;0;0;29;4
2002;91101;91 Cotta;15 Cotta, Löbtau, Naußlitz, Dölzschen;StB 9 Cotta/westliche Ortschaften;Wahlbezirk_Urne;726;74;416;0;408;145;108;63;22;28;27;0;0;15;8
2002;91102;91 Cotta;15 Cotta, Löbtau, Naußlitz, Dölzschen;StB 9 Cotta/westliche Ortschaften;Wahlbezirk_Urne;905;111;533;0;524;168;154;84;44;48;12;0;0;14;9
2002;91200;91 Cotta;15 Cotta, Löbtau, Naußlitz, Dölzschen;StB 9 Cotta/westliche Ortschaften;Wahlbezirk_Urne;1349;144;813;1;791;253;246;101;77;58;26;0;0;30;22
2002;91300;91 Cotta;15 Cotta, Löbtau, Naußlitz, Dölzschen;StB 9 Cotta/westliche Ortschaften;Wahlbezirk_Urne;1184;126;670;0;649;190;215;97;57;56;19;0;0;15;21
2002;91400;91 Cotta;15 Cotta, Löbtau, Naußlitz, Dölzschen;StB 9 Cotta/westliche Ortschaften;Wahlbezirk_Urne;836;88;534;0;520;157;164;102;19;36;14;0;0;28;14
2002;91501;91 Cotta;15 Cotta, Löbtau, Naußlitz, Dölzschen;StB 9 Cotta/westliche Ortschaften;Wahlbezirk_Urne;984;111;553;0;545;188;145;86;43;41;18;0;0;24;8
2002;91502;91 Cotta;15 Cotta, Löbtau, Naußlitz, Dölzschen;StB 9 Cotta/westliche Ortschaften;Wahlbezirk_Urne;1027;98;560;0;554;187;139;93;38;52;29;0;0;16;6
2002;92000;92 Löbtau-Nord;15 Cotta, Löbtau, Naußlitz, Dölzschen;StB 9 Cotta/westliche Ortschaften;Wahlbezirk_Brief;0;0;469;469;465;106;169;70;78;29;2;0;0;11;4
2002;92100;92 Löbtau-Nord;15 Cotta, Löbtau, Naußlitz, Dölzschen;StB 9 Cotta/westliche Ortschaften;Wahlbezirk_Urne;1036;95;505;0;495;155;142;88;35;37;13;0;0;25;10
2002;92200;92 Löbtau-Nord;15 Cotta, Löbtau, Naußlitz, Dölzschen;StB 9 Cotta/westliche Ortschaften;Wahlbezirk_Urne;989;103;553;0;543;180;162;70;56;43;19;0;0;13;10
2002;92300;92 Löbtau-Nord;15 Cotta, Löbtau, Naußlitz, Dölzschen;StB 9 Cotta/westliche Ortschaften;Wahlbezirk_Urne;1118;122;646;1;642;194;192;101;67;62;13;0;0;13;4
2002;92400;92 Löbtau-Nord;15 Cotta, Löbtau, Naußlitz, Dölzschen;StB 9 Cotta/westliche Ortschaften;Wahlbezirk_Urne;779;90;490;0;483;112;162;106;43;31;16;0;0;13;7
2002;92500;92 Löbtau-Nord;15 Cotta, Löbtau, Naußlitz, Dölzschen;StB 9 Cotta/westliche Ortschaften;Wahlbezirk_Urne;871;74;489;0;480;134;149;84;32;41;19;0;0;21;9
2002;93000;93 Löbtau-Süd;15 Cotta, Löbtau, Naußlitz, Dölzschen;StB 9 Cotta/westliche Ortschaften;Wahlbezirk_Brief;0;0;755;755;754;197;267;115;74;65;17;0;0;19;1
2002;93101;93 Löbtau-Süd;15 Cotta, Löbtau, Naußlitz, Dölzschen;StB 9 Cotta/westliche Ortschaften;Wahlbezirk_Urne;801;70;429;0;420;117;152;61;31;34;15;0;0;10;9
2002;93102;93 Löbtau-Süd;15 Cotta, Löbtau, Naußlitz, Dölzschen;StB 9 Cotta/westliche Ortschaften;Wahlbezirk_Urne;849;86;455;0;449;131;174;56;29;36;9;0;0;14;6
2002;93200;93 Löbtau-Süd;15 Cotta, Löbtau, Naußlitz, Dölzschen;StB 9 Cotta/westliche Ortschaften;Wahlbezirk_Urne;1208;157;638;0;635;185;204;97;63;56;12;0;0;18;3
2002;93300;93 Löbtau-Süd;15 Cotta, Löbtau, Naußlitz, Dölzschen;StB 9 Cotta/westliche Ortschaften;Wahlbezirk_Urne;1292;188;672;2;658;176;239;108;63;44;11;0;0;17;14
2002;93400;93 Löbtau-Süd;15 Cotta, Löbtau, Naußlitz, Dölzschen;StB 9 Cotta/westliche Ortschaften;Wahlbezirk_Urne;1346;151;800;0;780;204;258;124;74;77;21;0;0;22;20
2002;93500;93 Löbtau-Süd;15 Cotta, Löbtau, Naußlitz, Dölzschen;StB 9 Cotta/westliche Ortschaften;Wahlbezirk_Urne;1130;140;688;0;676;195;220;112;45;72;9;0;0;23;12
2002;94000;94 Naußlitz;15 Cotta, Löbtau, Naußlitz, Dölzschen;StB 9 Cotta/westliche Ortschaften;Wahlbezirk_Brief;0;0;796;796;782;245;228;125;79;85;2;0;0;18;14
2002;94101;94 Naußlitz;15 Cotta, Löbtau, Naußlitz, Dölzschen;StB 9 Cotta/westliche Ortschaften;Wahlbezirk_Urne;735;64;427;0;419;138;134;66;29;30;10;0;0;12;8
2002;94102;94 Naußlitz;15 Cotta, Löbtau, Naußlitz, Dölzschen;StB 9 Cotta/westliche Ortschaften;Wahlbezirk_Urne;985;90;601;1;587;201;177;115;21;48;6;0;0;19;14
2002;94200;94 Naußlitz;15 Cotta, Löbtau, Naußlitz, Dölzschen;StB 9 Cotta/westliche Ortschaften;Wahlbezirk_Urne;1187;120;773;1;769;257;235;123;63;52;14;0;0;25;4
2002;94400;94 Naußlitz;15 Cotta, Löbtau, Naußlitz, Dölzschen;StB 9 Cotta/westliche Ortschaften;Wahlbezirk_Urne;1003;149;664;0;659;226;181;108;55;65;8;0;0;16;5
2002;94501;94 Naußlitz;15 Cotta, Löbtau, Naußlitz, Dölzschen;StB 9 Cotta/westliche Ortschaften;Wahlbezirk_Urne;931;150;649;1;645;226;179;97;64;66;2;0;0;11;4
2002;94502;94 Naußlitz;15 Cotta, Löbtau, Naußlitz, Dölzschen;StB 9 Cotta/westliche Ortschaften;Wahlbezirk_Urne;861;99;631;1;625;213;168;113;46;60;4;0;0;21;6
2002;94600;94 Naußlitz;15 Cotta, Löbtau, Naußlitz, Dölzschen;StB 9 Cotta/westliche Ortschaften;Wahlbezirk_Urne;1294;151;825;0;814;270;280;96;65;68;13;0;0;22;11
2002;95000;95 Gorbitz-Süd;16 Gorbitz;StB 9 Cotta/westliche Ortschaften;Wahlbezirk_Brief;0;0;704;704;700;184;206;172;41;55;13;0;0;29;4
2002;95100;95 Gorbitz-Süd;16 Gorbitz;StB 9 Cotta/westliche Ortschaften;Wahlbezirk_Urne;964;52;464;1;453;143;136;102;15;28;20;0;0;9;11
2002;95200;95 Gorbitz-Süd;16 Gorbitz;StB 9 Cotta/westliche Ortschaften;Wahlbezirk_Urne;1227;110;632;0;622;197;188;111;21;63;27;0;0;15;10
2002;95300;95 Gorbitz-Süd;16 Gorbitz;StB 9 Cotta/westliche Ortschaften;Wahlbezirk_Urne;1010;150;543;0;534;121;193;112;37;37;20;0;0;14;9
2002;95400;95 Gorbitz-Süd;16 Gorbitz;StB 9 Cotta/westliche Ortschaften;Wahlbezirk_Urne;890;75;518;0;508;125;196;110;28;23;11;0;0;15;10
2002;95500;95 Gorbitz-Süd;16 Gorbitz;StB 9 Cotta/westliche Ortschaften;Wahlbezirk_Urne;798;104;495;0;488;119;185;79;27;37;27;0;0;14;7
2002;95600;95 Gorbitz-Süd;16 Gorbitz;StB 9 Cotta/westliche Ortschaften;Wahlbezirk_Urne;1267;129;800;0;790;265;252;128;43;48;20;0;0;34;10
2002;95700;95 Gorbitz-Süd;16 Gorbitz;StB 9 Cotta/westliche Ortschaften;Wahlbezirk_Urne;964;117;541;1;529;181;160;97;29;28;14;0;0;20;12
2002;96000;96 Gorbitz-Ost;16 Gorbitz;StB 9 Cotta/westliche Ortschaften;Wahlbezirk_Brief;0;0;550;550;546;168;178;108;31;32;8;0;0;21;4
2002;96000;97 Gorbitz-Nord/Neu-Omsewitz;16 Gorbitz;StB 9 Cotta/westliche Ortschaften;Wahlbezirk_Brief;0;0;468;468;466;143;151;92;27;28;7;0;0;18;2
2002;96100;96 Gorbitz-Ost;16 Gorbitz;StB 9 Cotta/westliche Ortschaften;Wahlbezirk_Urne;1473;182;924;0;903;233;340;198;27;57;29;0;0;19;21
2002;96300;96 Gorbitz-Ost;16 Gorbitz;StB 9 Cotta/westliche Ortschaften;Wahlbezirk_Urne;1093;128;655;1;643;193;219;117;35;36;21;0;0;22;12
2002;96500;96 Gorbitz-Ost;16 Gorbitz;StB 9 Cotta/westliche Ortschaften;Wahlbezirk_Urne;791;66;439;0;431;123;151;85;20;24;12;0;0;16;8
2002;96600;96 Gorbitz-Ost;16 Gorbitz;StB 9 Cotta/westliche Ortschaften;Wahlbezirk_Urne;764;83;487;1;477;115;168;101;20;38;18;0;0;17;10
2002;96700;96 Gorbitz-Ost;16 Gorbitz;StB 9 Cotta/westliche Ortschaften;Wahlbezirk_Urne;1045;106;589;0;577;179;169;108;29;50;23;0;0;19;12
2002;97100;97 Gorbitz-Nord/Neu-Omsewitz;16 Gorbitz;StB 9 Cotta/westliche Ortschaften;Wahlbezirk_Urne;1047;113;587;1;577;143;199;117;26;44;20;0;0;28;10
2002;97200;97 Gorbitz-Nord/Neu-Omsewitz;16 Gorbitz;StB 9 Cotta/westliche Ortschaften;Wahlbezirk_Urne;643;60;396;0;391;125;111;72;14;38;13;0;0;18;5
2002;97300;97 Gorbitz-Nord/Neu-Omsewitz;16 Gorbitz;StB 9 Cotta/westliche Ortschaften;Wahlbezirk_Urne;1298;120;812;0;806;242;260;156;44;50;28;0;0;26;6
2002;97500;97 Gorbitz-Nord/Neu-Omsewitz;16 Gorbitz;StB 9 Cotta/westliche Ortschaften;Wahlbezirk_Urne;727;50;342;0;332;79;143;64;12;13;12;0;0;9;10
2002;97600;97 Gorbitz-Nord/Neu-Omsewitz;16 Gorbitz;StB 9 Cotta/westliche Ortschaften;Wahlbezirk_Urne;1121;103;627;0;616;192;192;109;19;72;16;0;0;16;11
2002;97700;97 Gorbitz-Nord/Neu-Omsewitz;16 Gorbitz;StB 9 Cotta/westliche Ortschaften;Wahlbezirk_Urne;558;45;356;0;351;106;121;70;9;21;8;0;0;16;5
2002;98000;98 Briesnitz;17 Briesnitz und westliche OS;StB 9 Cotta/westliche Ortschaften;Wahlbezirk_Brief;0;0;980;980;978;384;260;161;72;70;10;0;0;21;2
2002;98100;98 Briesnitz;17 Briesnitz und westliche OS;StB 9 Cotta/westliche Ortschaften;Wahlbezirk_Urne;1332;120;866;1;853;301;256;100;57;98;21;0;0;20;13
2002;98200;98 Briesnitz;17 Briesnitz und westliche OS;StB 9 Cotta/westliche Ortschaften;Wahlbezirk_Urne;1430;203;904;0;893;347;240;141;69;56;11;0;0;29;11
2002;98300;98 Briesnitz;17 Briesnitz und westliche OS;StB 9 Cotta/westliche Ortschaften;Wahlbezirk_Urne;1256;152;829;1;819;335;236;109;38;64;17;0;0;20;10
2002;98401;98 Briesnitz;17 Briesnitz und westliche OS;StB 9 Cotta/westliche Ortschaften;Wahlbezirk_Urne;826;95;527;0;523;173;149;88;28;51;14;0;0;20;4
2002;98402;98 Briesnitz;17 Briesnitz und westliche OS;StB 9 Cotta/westliche Ortschaften;Wahlbezirk_Urne;837;93;496;0;489;177;129;70;44;42;10;0;0;17;7
2002;98500;98 Briesnitz;17 Briesnitz und westliche OS;StB 9 Cotta/westliche Ortschaften;Wahlbezirk_Urne;1243;184;821;0;808;306;217;107;71;72;14;0;0;21;13
2002;98600;98 Briesnitz;17 Briesnitz und westliche OS;StB 9 Cotta/westliche Ortschaften;Wahlbezirk_Urne;1283;168;849;2;837;320;234;88;71;81;14;0;0;29;12
2002;99110;99 Altfranken/Gompitz;17 Briesnitz und westliche OS;StB 9 Cotta/westliche Ortschaften;Wahlbezirk_Urne;1290;130;926;1;912;360;264;122;52;80;11;0;0;23;14
2002;99310;99 Altfranken/Gompitz;17 Briesnitz und westliche OS;StB 9 Cotta/westliche Ortschaften;Wahlbezirk_Urne;1150;134;784;0;776;298;240;116;24;62;14;0;0;22;8
2002;99810;99 Altfranken/Gompitz;17 Briesnitz und westliche OS;StB 9 Cotta/westliche Ortschaften;Wahlbezirk_Urne;827;77;611;0;586;244;185;74;28;45;3;0;0;7;25
2005;01000;01 Innere Altstadt;01 StB Altstadt ohne Johannstadt;StB 0 Altstadt;Wahlbezirk_Brief;0;0;337;337;336;78;118;83;21;27;3;0;0;6;1
2005;01100;01 Innere Altstadt;01 StB Altstadt ohne Johannstadt;StB 0 Altstadt;Wahlbezirk_Urne;1140;365;527;0;510;90;177;124;25;81;8;0;0;5;17
2005;02000;02 Pirnaische Vorstadt;01 StB Altstadt ohne Johannstadt;StB 0 Altstadt;Wahlbezirk_Brief;0;0;1040;1040;1037;293;327;240;57;83;19;0;0;18;3
2005;02100;02 Pirnaische Vorstadt;01 StB Altstadt ohne Johannstadt;StB 0 Altstadt;Wahlbezirk_Urne;1395;366;616;9;601;119;196;160;35;62;17;0;0;12;15
2005;02200;02 Pirnaische Vorstadt;01 StB Altstadt ohne Johannstadt;StB 0 Altstadt;Wahlbezirk_Urne;1114;196;546;7;532;117;158;135;22;68;25;0;0;7;14
2005;02400;02 Pirnaische Vorstadt;01 StB Altstadt ohne Johannstadt;StB 0 Altstadt;Wahlbezirk_Urne;1458;368;691;16;685;170;195;158;30;109;10;0;0;13;6
2005;02500;02 Pirnaische Vorstadt;01 StB Altstadt ohne Johannstadt;StB 0 Altstadt;Wahlbezirk_Urne;740;215;379;10;377;72;129;100;13;50;4;0;0;9;2
2005;03000;03 Seevorstadt-Ost;01 StB Altstadt ohne Johannstadt;StB 0 Altstadt;Wahlbezirk_Brief;0;0;690;690;683;219;210;133;34;75;7;0;0;5;7
2005;03001;03 Seevorstadt-Ost;01 StB Altstadt ohne Johannstadt;StB 0 Altstadt;Wahlbezirk_Brief;0;0;536;536;533;148;170;120;33;50;7;0;0;5;3
2005;03100;03 Seevorstadt-Ost;01 StB Altstadt ohne Johannstadt;StB 0 Altstadt;Wahlbezirk_Urne;892;216;338;6;337;66;124;61;27;40;11;0;0;8;1
2005;03200;03 Seevorstadt-Ost;01 StB Altstadt ohne Johannstadt;StB 0 Altstadt;Wahlbezirk_Urne;1230;355;556;16;545;127;162;130;20;91;10;0;0;5;11
2005;03300;03 Seevorstadt-Ost;01 StB Altstadt ohne Johannstadt;StB 0 Altstadt;Wahlbezirk_Urne;1234;344;556;18;542;139;168;97;29;91;13;0;0;5;14
2005;03401;03 Seevorstadt-Ost;01 StB Altstadt ohne Johannstadt;StB 0 Altstadt;Wahlbezirk_Urne;642;206;304;13;302;71;74;53;21;75;7;0;0;1;2
2005;03402;03 Seevorstadt-Ost;01 StB Altstadt ohne Johannstadt;StB 0 Altstadt;Wahlbezirk_Urne;931;253;459;10;454;90;134;99;37;79;10;0;0;5;5
2005;04001;04 Wilsdruffer Vs./Seevs.-West;01 StB Altstadt ohne Johannstadt;StB 0 Altstadt;Wahlbezirk_Brief;0;0;749;749;746;230;228;185;45;40;8;0;0;10;3
2005;04002;04 Wilsdruffer Vs./Seevs.-West;01 StB Altstadt ohne Johannstadt;StB 0 Altstadt;Wahlbezirk_Brief;0;0;728;728;726;183;233;186;29;68;15;0;0;12;2
2005;04100;04 Wilsdruffer Vs./Seevs.-West;01 StB Altstadt ohne Johannstadt;StB 0 Altstadt;Wahlbezirk_Urne;651;207;325;10;319;73;98;49;32;56;8;0;0;3;6
2005;04200;04 Wilsdruffer Vs./Seevs.-West;01 StB Altstadt ohne Johannstadt;StB 0 Altstadt;Wahlbezirk_Urne;1060;318;419;12;414;94;137;95;21;54;9;0;0;4;5
2005;04300;04 Wilsdruffer Vs./Seevs.-West;01 StB Altstadt ohne Johannstadt;StB 0 Altstadt;Wahlbezirk_Urne;1360;301;721;12;704;159;180;203;27;91;33;0;0;11;17
2005;04400;04 Wilsdruffer Vs./Seevs.-West;01 StB Altstadt ohne Johannstadt;StB 0 Altstadt;Wahlbezirk_Urne;1190;336;484;0;476;106;144;127;35;43;14;0;0;7;8
2005;04500;04 Wilsdruffer Vs./Seevs.-West;01 StB Altstadt ohne Johannstadt;StB 0 Altstadt;Wahlbezirk_Urne;1090;229;617;11;603;130;185;166;19;75;20;0;0;8;14
2005;04600;04 Wilsdruffer Vs./Seevs.-West;01 StB Altstadt ohne Johannstadt;StB 0 Altstadt;Wahlbezirk_Urne;1035;240;574;8;562;116;173;153;31;74;6;0;0;9;12
2005;05000;05 Friedrichstadt;01 StB Altstadt ohne Johannstadt;StB 0 Altstadt;Wahlbezirk_Brief;0;0;563;563;559;138;185;113;66;43;9;0;0;5;4
2005;05100;05 Friedrichstadt;01 StB Altstadt ohne Johannstadt;StB 0 Altstadt;Wahlbezirk_Urne;1288;216;510;0;499;127;148;101;34;62;26;0;0;1;11
2005;05200;05 Friedrichstadt;01 StB Altstadt ohne Johannstadt;StB 0 Altstadt;Wahlbezirk_Urne;1545;223;640;5;637;122;162;152;61;84;34;0;0;22;3
2005;05300;05 Friedrichstadt;01 StB Altstadt ohne Johannstadt;StB 0 Altstadt;Wahlbezirk_Urne;1157;204;433;8;424;98;117;89;21;71;19;0;0;9;9
2005;06001;06 Johannstadt-Nord;02 Johannstadt;StB 0 Altstadt;Wahlbezirk_Brief;0;0;760;760;757;185;248;172;61;60;25;0;0;6;3
2005;06002;06 Johannstadt-Nord;02 Johannstadt;StB 0 Altstadt;Wahlbezirk_Brief;0;0;909;909;905;228;301;138;135;87;11;0;0;5;4
2005;06100;06 Johannstadt-Nord;02 Johannstadt;StB 0 Altstadt;Wahlbezirk_Urne;1218;259;667;17;657;137;222;153;23;90;20;0;0;12;10
2005;06200;06 Johannstadt-Nord;02 Johannstadt;StB 0 Altstadt;Wahlbezirk_Urne;1082;217;607;11;603;110;193;157;39;73;23;0;0;8;4
2005;06300;06 Johannstadt-Nord;02 Johannstadt;StB 0 Altstadt;Wahlbezirk_Urne;1050;167;554;10;541;111;143;161;15;78;26;0;0;7;13
2005;06400;06 Johannstadt-Nord;02 Johannstadt;StB 0 Altstadt;Wahlbezirk_Urne;1069;211;594;14;584;111;212;120;24;89;16;0;0;12;10
2005;06500;06 Johannstadt-Nord;02 Johannstadt;StB 0 Altstadt;Wahlbezirk_Urne;1447;393;759;22;743;123;249;118;101;128;16;0;0;8;16
2005;06600;06 Johannstadt-Nord;02 Johannstadt;StB 0 Altstadt;Wahlbezirk_Urne;1268;282;631;9;621;116;204;129;41;100;16;0;0;15;10
2005;06700;06 Johannstadt-Nord;02 Johannstadt;StB 0 Altstadt;Wahlbezirk_Urne;1349;364;448;16;445;81;147;69;37;92;11;0;0;8;3
2005;07001;07 Johannstadt-Süd;02 Johannstadt;StB 0 Altstadt;Wahlbezirk_Brief;0;0;772;772;770;284;228;151;32;55;9;0;0;11;2
2005;07002;07 Johannstadt-Süd;02 Johannstadt;StB 0 Altstadt;Wahlbezirk_Brief;0;0;780;780;777;209;233;208;34;65;14;0;0;14;3
2005;07003;07 Johannstadt-Süd;02 Johannstadt;StB 0 Altstadt;Wahlbezirk_Brief;0;0;722;722;719;205;229;174;36;58;11;0;0;6;3
2005;07100;07 Johannstadt-Süd;02 Johannstadt;StB 0 Altstadt;Wahlbezirk_Urne;1138;298;605;16;593;150;160;141;26;97;12;0;0;7;12
2005;07200;07 Johannstadt-Süd;02 Johannstadt;StB 0 Altstadt;Wahlbezirk_Urne;1013;255;544;5;541;137;159;111;19;97;13;0;0;5;3
2005;07300;07 Johannstadt-Süd;02 Johannstadt;StB 0 Altstadt;Wahlbezirk_Urne;1321;289;676;12;660;162;199;139;22;119;11;0;0;8;16
2005;07401;07 Johannstadt-Süd;02 Johannstadt;StB 0 Altstadt;Wahlbezirk_Urne;919;237;457;6;446;102;104;102;14;112;9;0;0;3;11
2005;07402;07 Johannstadt-Süd;02 Johannstadt;StB 0 Altstadt;Wahlbezirk_Urne;810;180;474;7;468;120;131;96;14;85;14;0;0;8;6
2005;07500;07 Johannstadt-Süd;02 Johannstadt;StB 0 Altstadt;Wahlbezirk_Urne;1237;319;637;7;623;132;188;162;28;96;11;0;0;6;14
2005;07600;07 Johannstadt-Süd;02 Johannstadt;StB 0 Altstadt;Wahlbezirk_Urne;1048;276;514;4;502;81;183;144;15;62;10;0;0;7;12
2005;07700;07 Johannstadt-Süd;02 Johannstadt;StB 0 Altstadt;Wahlbezirk_Urne;1008;220;533;18;528;87;150;183;18;65;12;0;0;13;5
2005;07800;07 Johannstadt-Süd;02 Johannstadt;StB 0 Altstadt;Wahlbezirk_Urne;1046;218;531;4;523;117;196;107;17;71;6;0;0;9;8
2005;07900;07 Johannstadt-Süd;02 Johannstadt;StB 0 Altstadt;Wahlbezirk_Urne;1039;247;540;16;525;129;134;123;19;92;15;0;0;13;15
2005;11001;11 Äußere Neustadt (Antonstadt);03 StB Neustadt ohne Leipziger Vorstadt;StB 1 Neustadt;Wahlbezirk_Brief;0;0;1084;1084;1077;210;320;161;256;95;12;0;0;23;7
2005;11002;11 Äußere Neustadt (Antonstadt);03 StB Neustadt ohne Leipziger Vorstadt;StB 1 Neustadt;Wahlbezirk_Brief;0;0;1064;1064;1056;131;323;114;397;74;5;0;0;12;8
2005;11100;11 Äußere Neustadt (Antonstadt);03 StB Neustadt ohne Leipziger Vorstadt;StB 1 Neustadt;Wahlbezirk_Urne;1285;232;716;0;701;121;198;108;191;53;19;0;0;11;15
2005;11200;11 Äußere Neustadt (Antonstadt);03 StB Neustadt ohne Leipziger Vorstadt;StB 1 Neustadt;Wahlbezirk_Urne;1447;293;869;3;859;126;262;145;237;63;13;0;0;13;10
2005;11300;11 Äußere Neustadt (Antonstadt);03 StB Neustadt ohne Leipziger Vorstadt;StB 1 Neustadt;Wahlbezirk_Urne;1440;273;812;0;803;129;243;145;165;77;24;0;0;20;9
2005;11400;11 Äußere Neustadt (Antonstadt);03 StB Neustadt ohne Leipziger Vorstadt;StB 1 Neustadt;Wahlbezirk_Urne;1529;283;824;0;813;116;253;125;234;54;22;0;0;9;11
2005;11500;11 Äußere Neustadt (Antonstadt);03 StB Neustadt ohne Leipziger Vorstadt;StB 1 Neustadt;Wahlbezirk_Urne;1351;256;828;4;810;111;243;99;283;58;7;0;0;9;18
2005;11600;11 Äußere Neustadt (Antonstadt);03 StB Neustadt ohne Leipziger Vorstadt;StB 1 Neustadt;Wahlbezirk_Urne;1193;246;707;6;697;95;204;113;203;60;12;0;0;10;10
2005;11700;11 Äußere Neustadt (Antonstadt);03 StB Neustadt ohne Leipziger Vorstadt;StB 1 Neustadt;Wahlbezirk_Urne;1561;338;923;1;905;127;249;144;289;55;11;0;0;30;18
2005;11800;11 Äußere Neustadt (Antonstadt);03 StB Neustadt ohne Leipziger Vorstadt;StB 1 Neustadt;Wahlbezirk_Urne;1202;197;643;0;637;132;152;128;116;70;20;0;0;19;6
2005;12000;12 Radeberger Vorstadt;03 StB Neustadt ohne Leipziger Vorstadt;StB 1 Neustadt;Wahlbezirk_Brief;0;0;1003;1003;987;220;248;199;185;108;11;0;0;16;16
2005;12100;12 Radeberger Vorstadt;03 StB Neustadt ohne Leipziger Vorstadt;StB 1 Neustadt;Wahlbezirk_Urne;926;188;594;0;587;122;146;74;179;48;3;0;0;15;7
2005;12201;12 Radeberger Vorstadt;03 StB Neustadt ohne Leipziger Vorstadt;StB 1 Neustadt;Wahlbezirk_Urne;1254;267;800;1;791;219;180;130;153;82;17;0;0;10;9
2005;12202;12 Radeberger Vorstadt;03 StB Neustadt ohne Leipziger Vorstadt;StB 1 Neustadt;Wahlbezirk_Urne;1086;200;678;0;664;165;178;123;90;85;11;0;0;12;14
2005;12300;12 Radeberger Vorstadt;03 StB Neustadt ohne Leipziger Vorstadt;StB 1 Neustadt;Wahlbezirk_Urne;1139;232;699;1;684;169;156;174;74;90;13;0;0;8;15
2005;12400;12 Radeberger Vorstadt;03 StB Neustadt ohne Leipziger Vorstadt;StB 1 Neustadt;Wahlbezirk_Urne;1282;148;817;1;805;123;192;300;46;73;54;0;0;17;12
2005;13000;13 Innere Neustadt;03 StB Neustadt ohne Leipziger Vorstadt;StB 1 Neustadt;Wahlbezirk_Brief;0;0;976;976;971;262;220;238;142;80;13;0;0;16;5
2005;13100;13 Innere Neustadt;03 StB Neustadt ohne Leipziger Vorstadt;StB 1 Neustadt;Wahlbezirk_Urne;978;243;521;1;516;111;173;94;63;60;8;0;0;7;5
2005;13200;13 Innere Neustadt;03 StB Neustadt ohne Leipziger Vorstadt;StB 1 Neustadt;Wahlbezirk_Urne;1190;275;658;0;655;149;197;196;41;47;15;0;0;10;3
2005;13300;13 Innere Neustadt;03 StB Neustadt ohne Leipziger Vorstadt;StB 1 Neustadt;Wahlbezirk_Urne;1021;179;612;0;603;114;174;92;134;62;17;0;0;10;9
2005;13400;13 Innere Neustadt;03 StB Neustadt ohne Leipziger Vorstadt;StB 1 Neustadt;Wahlbezirk_Urne;1282;305;765;3;759;168;198;196;110;51;13;0;0;23;6
2005;14000;14 Leipziger Vorstadt;04 Leipziger Vorstadt, Pieschen;StB 1 Neustadt;Wahlbezirk_Brief;0;0;1065;1065;1053;197;302;184;247;91;15;0;0;17;12
2005;14100;14 Leipziger Vorstadt;04 Leipziger Vorstadt, Pieschen;StB 1 Neustadt;Wahlbezirk_Urne;691;103;387;0;379;92;99;73;47;42;19;0;0;7;8
2005;14200;14 Leipziger Vorstadt;04 Leipziger Vorstadt, Pieschen;StB 1 Neustadt;Wahlbezirk_Urne;1028;139;523;0;518;71;136;128;102;50;21;0;0;10;5
2005;14300;14 Leipziger Vorstadt;04 Leipziger Vorstadt, Pieschen;StB 1 Neustadt;Wahlbezirk_Urne;1270;216;739;3;723;93;227;140;159;59;23;0;0;22;16
2005;14400;14 Leipziger Vorstadt;04 Leipziger Vorstadt, Pieschen;StB 1 Neustadt;Wahlbezirk_Urne;1488;223;944;9;923;107;318;151;233;71;25;0;0;18;21
2005;14500;14 Leipziger Vorstadt;04 Leipziger Vorstadt, Pieschen;StB 1 Neustadt;Wahlbezirk_Urne;1383;191;842;1;828;156;225;177;141;73;38;0;0;18;14
2005;14600;14 Leipziger Vorstadt;04 Leipziger Vorstadt, Pieschen;StB 1 Neustadt;Wahlbezirk_Urne;1401;246;890;2;878;242;216;202;83;73;26;0;0;36;12
2005;15300;11 Äußere Neustadt (Antonstadt);03 StB Neustadt ohne Leipziger Vorstadt;StB 1 Neustadt;Wahlbezirk_Urne;829;139;512;1;504;120;143;117;38;58;21;0;0;7;8
2005;21000;21 Pieschen-Süd;04 Leipziger Vorstadt, Pieschen;StB 2 Pieschen;Wahlbezirk_Brief;0;0;810;810;800;182;213;154;138;72;22;0;0;19;10
2005;21100;21 Pieschen-Süd;04 Leipziger Vorstadt, Pieschen;StB 2 Pieschen;Wahlbezirk_Urne;1592;234;915;0;898;189;242;179;114;118;27;0;0;29;17
2005;21200;21 Pieschen-Süd;04 Leipziger Vorstadt, Pieschen;StB 2 Pieschen;Wahlbezirk_Urne;1395;169;797;5;790;202;153;163;100;91;54;0;0;27;7
2005;21300;21 Pieschen-Süd;04 Leipziger Vorstadt, Pieschen;StB 2 Pieschen;Wahlbezirk_Urne;1462;177;824;0;809;204;185;153;98;99;39;0;0;31;15
2005;21400;21 Pieschen-Süd;04 Leipziger Vorstadt, Pieschen;StB 2 Pieschen;Wahlbezirk_Urne;1228;147;717;2;705;165;181;130;99;71;31;0;0;28;12
2005;21500;21 Pieschen-Süd;04 Leipziger Vorstadt, Pieschen;StB 2 Pieschen;Wahlbezirk_Urne;1200;124;673;0;665;139;181;130;73;85;37;0;0;20;8
2005;22000;22 Mickten;05 Mickten, Kaditz, Trachau;StB 2 Pieschen;Wahlbezirk_Brief;0;0;1106;1106;1085;311;259;282;68;106;30;0;0;29;21
2005;22100;22 Mickten;05 Mickten, Kaditz, Trachau;StB 2 Pieschen;Wahlbezirk_Urne;1481;200;883;2;872;220;209;198;85;93;46;0;0;21;11
2005;22200;22 Mickten;05 Mickten, Kaditz, Trachau;StB 2 Pieschen;Wahlbezirk_Urne;857;97;491;0;485;150;118;89;22;63;28;0;0;15;6
2005;22300;22 Mickten;05 Mickten, Kaditz, Trachau;StB 2 Pieschen;Wahlbezirk_Urne;1084;111;626;0;601;144;161;147;33;59;41;0;0;16;25
2005;22400;22 Mickten;05 Mickten, Kaditz, Trachau;StB 2 Pieschen;Wahlbezirk_Urne;990;121;649;0;637;174;163;149;23;58;44;0;0;26;12
2005;22501;22 Mickten;05 Mickten, Kaditz, Trachau;StB 2 Pieschen;Wahlbezirk_Urne;1285;158;827;0;811;242;206;172;49;82;39;0;0;21;16
2005;22502;22 Mickten;05 Mickten, Kaditz, Trachau;StB 2 Pieschen;Wahlbezirk_Urne;1311;198;750;2;741;177;180;168;74;87;31;0;0;24;9
2005;22600;22 Mickten;05 Mickten, Kaditz, Trachau;StB 2 Pieschen;Wahlbezirk_Urne;1072;152;688;1;680;201;187;138;56;61;26;0;0;11;8
2005;22700;22 Mickten;05 Mickten, Kaditz, Trachau;StB 2 Pieschen;Wahlbezirk_Urne;905;116;601;0;599;172;159;117;33;60;38;0;0;20;2
2005;23000;23 Kaditz;05 Mickten, Kaditz, Trachau;StB 2 Pieschen;Wahlbezirk_Brief;0;0;485;485;480;166;124;92;26;48;13;0;0;11;5
2005;23100;23 Kaditz;05 Mickten, Kaditz, Trachau;StB 2 Pieschen;Wahlbezirk_Urne;985;93;634;0;621;179;148;141;38;71;32;0;0;12;13
2005;23200;23 Kaditz;05 Mickten, Kaditz, Trachau;StB 2 Pieschen;Wahlbezirk_Urne;1095;153;609;0;595;156;137;135;38;60;54;0;0;15;14
2005;23300;23 Kaditz;05 Mickten, Kaditz, Trachau;StB 2 Pieschen;Wahlbezirk_Urne;1092;148;737;0;725;255;156;129;35;107;25;0;0;18;12
2005;23400;23 Kaditz;05 Mickten, Kaditz, Trachau;StB 2 Pieschen;Wahlbezirk_Urne;1067;108;697;0;687;216;177;131;34;69;41;0;0;19;10
2005;24000;24 Trachau;05 Mickten, Kaditz, Trachau;StB 2 Pieschen;Wahlbezirk_Brief;0;0;1296;1296;1285;374;353;264;133;91;31;0;0;39;11
2005;24100;24 Trachau;05 Mickten, Kaditz, Trachau;StB 2 Pieschen;Wahlbezirk_Urne;882;109;572;0;562;178;149;102;36;48;33;0;0;16;10
2005;24200;24 Trachau;05 Mickten, Kaditz, Trachau;StB 2 Pieschen;Wahlbezirk_Urne;1079;219;694;1;676;185;184;96;102;89;14;0;0;6;18
2005;24300;24 Trachau;05 Mickten, Kaditz, Trachau;StB 2 Pieschen;Wahlbezirk_Urne;1102;222;748;1;732;193;223;135;84;68;12;0;0;17;16
2005;24400;24 Trachau;05 Mickten, Kaditz, Trachau;StB 2 Pieschen;Wahlbezirk_Urne;1288;191;884;1;874;231;200;179;108;105;34;0;0;17;10
2005;24500;24 Trachau;05 Mickten, Kaditz, Trachau;StB 2 Pieschen;Wahlbezirk_Urne;797;115;534;0;521;125;138;133;36;61;16;0;0;12;13
2005;24600;24 Trachau;05 Mickten, Kaditz, Trachau;StB 2 Pieschen;Wahlbezirk_Urne;740;124;439;0;434;116;125;105;23;32;21;0;0;12;5
2005;24700;24 Trachau;05 Mickten, Kaditz, Trachau;StB 2 Pieschen;Wahlbezirk_Urne;1092;152;679;0;663;204;150;168;46;52;25;0;0;18;16
2005;24800;24 Trachau;05 Mickten, Kaditz, Trachau;StB 2 Pieschen;Wahlbezirk_Urne;1064;206;667;1;662;217;150;129;60;80;14;0;0;12;5
2005;25000;25 Pieschen-N/Trachenberge;04 Leipziger Vorstadt, Pieschen;StB 2 Pieschen;Wahlbezirk_Brief;0;0;1180;1180;1162;278;334;254;118;121;24;0;0;33;18
2005;25100;25 Pieschen-N/Trachenberge;04 Leipziger Vorstadt, Pieschen;StB 2 Pieschen;Wahlbezirk_Urne;1412;169;869;0;854;201;213;200;71;101;43;0;0;25;15
2005;25200;25 Pieschen-N/Trachenberge;04 Leipziger Vorstadt, Pieschen;StB 2 Pieschen;Wahlbezirk_Urne;1414;173;857;0;843;251;198;166;61;88;46;0;0;33;14
2005;25300;25 Pieschen-N/Trachenberge;04 Leipziger Vorstadt, Pieschen;StB 2 Pieschen;Wahlbezirk_Urne;1496;202;979;2;962;239;250;227;77;94;47;0;0;28;17
2005;25400;25 Pieschen-N/Trachenberge;04 Leipziger Vorstadt, Pieschen;StB 2 Pieschen;Wahlbezirk_Urne;1403;172;791;1;774;214;186;174;76;73;39;0;0;12;17
2005;25500;25 Pieschen-N/Trachenberge;04 Leipziger Vorstadt, Pieschen;StB 2 Pieschen;Wahlbezirk_Urne;1443;213;771;6;761;205;192;154;70;102;17;0;0;21;10
2005;25700;25 Pieschen-N/Trachenberge;04 Leipziger Vorstadt, Pieschen;StB 2 Pieschen;Wahlbezirk_Urne;1539;303;922;1;913;257;214;215;71;105;31;0;0;20;9
2005;31001;31 Klotzsche;06 StB Klotzsche und nördliche OS;StB 3 Klotzsche/nördliche Ortschaften;Wahlbezirk_Brief;0;0;756;756;747;225;198;170;60;55;16;0;0;23;9
2005;31002;31 Klotzsche;06 StB Klotzsche und nördliche OS;StB 3 Klotzsche/nördliche Ortschaften;Wahlbezirk_Brief;0;0;801;801;797;238;208;170;64;76;23;0;0;18;4
2005;31100;31 Klotzsche;06 StB Klotzsche und nördliche OS;StB 3 Klotzsche/nördliche Ortschaften;Wahlbezirk_Urne;1568;233;1020;1;1006;314;269;176;89;95;33;0;0;30;14
2005;31200;31 Klotzsche;06 StB Klotzsche und nördliche OS;StB 3 Klotzsche/nördliche Ortschaften;Wahlbezirk_Urne;1434;215;908;0;890;224;264;232;40;79;28;0;0;23;18
2005;31300;31 Klotzsche;06 StB Klotzsche und nördliche OS;StB 3 Klotzsche/nördliche Ortschaften;Wahlbezirk_Urne;1151;152;779;0;763;227;204;186;31;64;34;0;0;17;16
2005;31400;31 Klotzsche;06 StB Klotzsche und nördliche OS;StB 3 Klotzsche/nördliche Ortschaften;Wahlbezirk_Urne;1351;184;933;1;925;296;217;161;68;135;30;0;0;18;8
2005;31500;31 Klotzsche;06 StB Klotzsche und nördliche OS;StB 3 Klotzsche/nördliche Ortschaften;Wahlbezirk_Urne;987;141;677;1;673;205;177;113;69;82;13;0;0;14;4
2005;31601;31 Klotzsche;06 StB Klotzsche und nördliche OS;StB 3 Klotzsche/nördliche Ortschaften;Wahlbezirk_Urne;1070;164;751;3;745;248;200;93;70;93;21;0;0;20;6
2005;31602;31 Klotzsche;06 StB Klotzsche und nördliche OS;StB 3 Klotzsche/nördliche Ortschaften;Wahlbezirk_Urne;930;167;646;0;642;269;152;59;70;75;8;0;0;9;4
2005;31700;31 Klotzsche;06 StB Klotzsche und nördliche OS;StB 3 Klotzsche/nördliche Ortschaften;Wahlbezirk_Urne;1363;220;857;0;854;191;253;238;36;77;32;0;0;27;3
2005;31800;31 Klotzsche;06 StB Klotzsche und nördliche OS;StB 3 Klotzsche/nördliche Ortschaften;Wahlbezirk_Urne;1243;148;822;0;811;170;238;208;50;73;46;0;0;26;11
2005;32000;32 Hellerau/Wilschdorf;06 StB Klotzsche und nördliche OS;StB 3 Klotzsche/nördliche Ortschaften;Wahlbezirk_Brief;0;0;789;789;786;266;196;161;62;64;21;0;0;16;3
2005;32100;32 Hellerau/Wilschdorf;06 StB Klotzsche und nördliche OS;StB 3 Klotzsche/nördliche Ortschaften;Wahlbezirk_Urne;1412;211;956;2;943;360;195;154;40;110;58;0;0;26;13
2005;32201;32 Hellerau/Wilschdorf;06 StB Klotzsche und nördliche OS;StB 3 Klotzsche/nördliche Ortschaften;Wahlbezirk_Urne;913;114;630;0;619;227;128;82;28;104;37;0;0;13;11
2005;32202;32 Hellerau/Wilschdorf;06 StB Klotzsche und nördliche OS;StB 3 Klotzsche/nördliche Ortschaften;Wahlbezirk_Urne;841;157;537;0;528;203;114;111;31;49;12;0;0;8;9
2005;32300;32 Hellerau/Wilschdorf;06 StB Klotzsche und nördliche OS;StB 3 Klotzsche/nördliche Ortschaften;Wahlbezirk_Urne;893;143;645;0;643;218;171;103;54;75;13;0;0;9;2
2005;32400;32 Hellerau/Wilschdorf;06 StB Klotzsche und nördliche OS;StB 3 Klotzsche/nördliche Ortschaften;Wahlbezirk_Urne;1173;193;840;0;831;215;198;143;127;96;33;0;0;19;9
2005;35010;35 Weixdorf;06 StB Klotzsche und nördliche OS;StB 3 Klotzsche/nördliche Ortschaften;Wahlbezirk_Brief;0;0;471;471;467;182;108;56;37;55;17;0;0;12;4
2005;35110;35 Weixdorf;06 StB Klotzsche und nördliche OS;StB 3 Klotzsche/nördliche Ortschaften;Wahlbezirk_Urne;1304;142;961;1;946;317;257;168;77;84;32;0;0;11;15
2005;35310;35 Weixdorf;06 StB Klotzsche und nördliche OS;StB 3 Klotzsche/nördliche Ortschaften;Wahlbezirk_Urne;993;111;722;0;713;266;160;121;39;78;32;0;0;17;9
2005;35410;35 Weixdorf;06 StB Klotzsche und nördliche OS;StB 3 Klotzsche/nördliche Ortschaften;Wahlbezirk_Urne;1233;110;923;1;906;311;217;143;60;99;48;0;0;28;17
2005;35510;35 Weixdorf;06 StB Klotzsche und nördliche OS;StB 3 Klotzsche/nördliche Ortschaften;Wahlbezirk_Urne;1156;114;839;1;826;277;193;130;48;108;44;0;0;26;13
2005;35610;35 Weixdorf;06 StB Klotzsche und nördliche OS;StB 3 Klotzsche/nördliche Ortschaften;Wahlbezirk_Urne;240;17;154;0;151;47;25;41;3;15;13;0;0;7;3
2005;36010;36 Langebrück/Schönborn;06 StB Klotzsche und nördliche OS;StB 3 Klotzsche/nördliche Ortschaften;Wahlbezirk_Brief;0;0;449;449;447;150;112;71;50;38;16;0;0;10;2
2005;36110;36 Langebrück/Schönborn;06 StB Klotzsche und nördliche OS;StB 3 Klotzsche/nördliche Ortschaften;Wahlbezirk_Urne;937;74;688;0;674;223;131;121;56;82;39;0;0;22;14
2005;36210;36 Langebrück/Schönborn;06 StB Klotzsche und nördliche OS;StB 3 Klotzsche/nördliche Ortschaften;Wahlbezirk_Urne;1218;192;793;0;786;270;174;129;80;98;22;0;0;13;7
2005;36310;36 Langebrück/Schönborn;06 StB Klotzsche und nördliche OS;StB 3 Klotzsche/nördliche Ortschaften;Wahlbezirk_Urne;856;157;627;0;622;212;170;108;51;57;16;0;0;8;5
2005;36410;36 Langebrück/Schönborn;06 StB Klotzsche und nördliche OS;StB 3 Klotzsche/nördliche Ortschaften;Wahlbezirk_Urne;396;41;305;0;299;86;67;57;22;40;21;0;0;6;6
2005;41000;41 Loschwitz/Wachwitz;07 StB Loschwitz und OS Schönfeld-Weißig;StB 4 Loschwitz/OS Schönfeld-Weißig;Wahlbezirk_Brief;0;0;892;892;891;300;206;120;127;118;7;0;0;13;1
2005;41100;41 Loschwitz/Wachwitz;07 StB Loschwitz und OS Schönfeld-Weißig;StB 4 Loschwitz/OS Schönfeld-Weißig;Wahlbezirk_Urne;1147;267;712;0;704;225;147;104;134;75;7;0;0;12;8
2005;41200;41 Loschwitz/Wachwitz;07 StB Loschwitz und OS Schönfeld-Weißig;StB 4 Loschwitz/OS Schönfeld-Weißig;Wahlbezirk_Urne;1124;219;742;0;734;239;157;122;112;92;5;0;0;7;8
2005;41300;41 Loschwitz/Wachwitz;07 StB Loschwitz und OS Schönfeld-Weißig;StB 4 Loschwitz/OS Schönfeld-Weißig;Wahlbezirk_Urne;782;205;507;2;501;180;116;66;63;70;2;0;0;4;6
2005;41400;41 Loschwitz/Wachwitz;07 StB Loschwitz und OS Schönfeld-Weißig;StB 4 Loschwitz/OS Schönfeld-Weißig;Wahlbezirk_Urne;987;240;593;0;588;180;143;92;83;66;14;0;0;10;5
2005;42001;42 Bühlau/Weißer Hirsch;07 StB Loschwitz und OS Schönfeld-Weißig;StB 4 Loschwitz/OS Schönfeld-Weißig;Wahlbezirk_Brief;0;0;839;839;838;320;178;108;122;89;9;0;0;12;1
2005;42002;42 Bühlau/Weißer Hirsch;07 StB Loschwitz und OS Schönfeld-Weißig;StB 4 Loschwitz/OS Schönfeld-Weißig;Wahlbezirk_Brief;0;0;921;921;912;327;235;155;91;66;18;0;0;20;9
2005;42100;42 Bühlau/Weißer Hirsch;07 StB Loschwitz und OS Schönfeld-Weißig;StB 4 Loschwitz/OS Schönfeld-Weißig;Wahlbezirk_Urne;1177;277;737;4;727;219;190;89;112;83;15;0;0;19;10
2005;42200;42 Bühlau/Weißer Hirsch;07 StB Loschwitz und OS Schönfeld-Weißig;StB 4 Loschwitz/OS Schönfeld-Weißig;Wahlbezirk_Urne;1351;349;861;5;849;295;209;95;125;110;5;0;0;10;12
2005;42400;42 Bühlau/Weißer Hirsch;07 StB Loschwitz und OS Schönfeld-Weißig;StB 4 Loschwitz/OS Schönfeld-Weißig;Wahlbezirk_Urne;1244;267;769;4;757;267;184;116;85;81;14;0;0;10;12
2005;42500;42 Bühlau/Weißer Hirsch;07 StB Loschwitz und OS Schönfeld-Weißig;StB 4 Loschwitz/OS Schönfeld-Weißig;Wahlbezirk_Urne;1175;253;759;2;749;252;183;140;76;66;18;0;0;14;10
2005;42600;42 Bühlau/Weißer Hirsch;07 StB Loschwitz und OS Schönfeld-Weißig;StB 4 Loschwitz/OS Schönfeld-Weißig;Wahlbezirk_Urne;1049;214;638;0;631;215;142;84;82;88;13;0;0;7;7
2005;42700;42 Bühlau/Weißer Hirsch;07 StB Loschwitz und OS Schönfeld-Weißig;StB 4 Loschwitz/OS Schönfeld-Weißig;Wahlbezirk_Urne;1167;247;733;0;720;225;174;150;62;73;22;0;0;14;13
2005;42800;42 Bühlau/Weißer Hirsch;07 StB Loschwitz und OS Schönfeld-Weißig;StB 4 Loschwitz/OS Schönfeld-Weißig;Wahlbezirk_Urne;647;126;426;0;420;127;99;98;48;39;7;0;0;2;6
2005;42900;42 Bühlau/Weißer Hirsch;07 StB Loschwitz und OS Schönfeld-Weißig;StB 4 Loschwitz/OS Schönfeld-Weißig;Wahlbezirk_Urne;672;109;450;1;446;158;99;62;68;45;9;0;0;5;4
2005;43000;43 Hosterwitz/Pillnitz;07 StB Loschwitz und OS Schönfeld-Weißig;StB 4 Loschwitz/OS Schönfeld-Weißig;Wahlbezirk_Brief;0;0;526;526;521;166;119;87;67;56;13;0;0;13;5
2005;43100;43 Hosterwitz/Pillnitz;07 StB Loschwitz und OS Schönfeld-Weißig;StB 4 Loschwitz/OS Schönfeld-Weißig;Wahlbezirk_Urne;514;99;334;0;333;128;63;47;37;32;21;0;0;5;1
2005;43200;43 Hosterwitz/Pillnitz;07 StB Loschwitz und OS Schönfeld-Weißig;StB 4 Loschwitz/OS Schönfeld-Weißig;Wahlbezirk_Urne;907;201;537;0;530;181;122;98;48;53;22;0;0;6;7
2005;43300;43 Hosterwitz/Pillnitz;07 StB Loschwitz und OS Schönfeld-Weißig;StB 4 Loschwitz/OS Schönfeld-Weißig;Wahlbezirk_Urne;582;121;386;2;380;104;100;74;53;41;5;0;0;3;6
2005;43400;43 Hosterwitz/Pillnitz;07 StB Loschwitz und OS Schönfeld-Weißig;StB 4 Loschwitz/OS Schönfeld-Weißig;Wahlbezirk_Urne;762;121;483;0;478;170;104;84;48;43;20;0;0;9;5
2005;45010;45 Weißig;07 StB Loschwitz und OS Schönfeld-Weißig;StB 4 Loschwitz/OS Schönfeld-Weißig;Wahlbezirk_Brief;0;0;645;645;630;213;170;117;55;55;12;0;0;8;15
2005;45110;45 Weißig;07 StB Loschwitz und OS Schönfeld-Weißig;StB 4 Loschwitz/OS Schönfeld-Weißig;Wahlbezirk_Urne;962;152;685;0;684;274;143;108;50;74;26;0;0;9;1
2005;45210;45 Weißig;07 StB Loschwitz und OS Schönfeld-Weißig;StB 4 Loschwitz/OS Schönfeld-Weißig;Wahlbezirk_Urne;835;131;543;0;538;175;145;99;23;69;23;0;0;4;5
2005;45310;45 Weißig;07 StB Loschwitz und OS Schönfeld-Weißig;StB 4 Loschwitz/OS Schönfeld-Weißig;Wahlbezirk_Urne;1362;178;808;0;790;267;177;142;28;106;53;0;0;17;18
2005;45410;45 Weißig;07 StB Loschwitz und OS Schönfeld-Weißig;StB 4 Loschwitz/OS Schönfeld-Weißig;Wahlbezirk_Urne;812;101;591;0;579;210;134;67;49;84;28;0;0;7;12
2005;45510;45 Weißig;07 StB Loschwitz und OS Schönfeld-Weißig;StB 4 Loschwitz/OS Schönfeld-Weißig;Wahlbezirk_Urne;640;110;411;0;404;161;88;67;33;35;11;0;0;9;7
2005;46010;46 Gönnsdorf/Pappritz;07 StB Loschwitz und OS Schönfeld-Weißig;StB 4 Loschwitz/OS Schönfeld-Weißig;Wahlbezirk_Brief;0;0;497;497;495;197;96;77;35;70;15;0;0;5;2
2005;46010;47 Schönfeld/Schullwitz;07 StB Loschwitz und OS Schönfeld-Weißig;StB 4 Loschwitz/OS Schönfeld-Weißig;Wahlbezirk_Brief;0;0;267;267;266;107;51;41;19;37;8;0;0;3;1
2005;46110;46 Gönnsdorf/Pappritz;07 StB Loschwitz und OS Schönfeld-Weißig;StB 4 Loschwitz/OS Schönfeld-Weißig;Wahlbezirk_Urne;693;125;498;1;492;187;96;83;32;73;16;0;0;5;6
2005;46210;46 Gönnsdorf/Pappritz;07 StB Loschwitz und OS Schönfeld-Weißig;StB 4 Loschwitz/OS Schönfeld-Weißig;Wahlbezirk_Urne;820;135;619;0;614;207;121;98;56;94;23;0;0;15;5
2005;46310;46 Gönnsdorf/Pappritz;07 StB Loschwitz und OS Schönfeld-Weißig;StB 4 Loschwitz/OS Schönfeld-Weißig;Wahlbezirk_Urne;726;149;499;0;490;158;136;65;61;53;13;0;0;4;9
2005;46410;46 Gönnsdorf/Pappritz;07 StB Loschwitz und OS Schönfeld-Weißig;StB 4 Loschwitz/OS Schönfeld-Weißig;Wahlbezirk_Urne;773;94;544;0;536;211;106;74;34;83;22;0;0;6;8
2005;47110;47 Schönfeld/Schullwitz;07 StB Loschwitz und OS Schönfeld-Weißig;StB 4 Loschwitz/OS Schönfeld-Weißig;Wahlbezirk_Urne;1049;106;740;0;726;284;145;102;39;109;27;0;0;20;14
2005;47210;47 Schönfeld/Schullwitz;07 StB Loschwitz und OS Schönfeld-Weißig;StB 4 Loschwitz/OS Schönfeld-Weißig;Wahlbezirk_Urne;1114;126;711;0;697;296;108;102;23;95;57;0;0;16;14
2005;47310;47 Schönfeld/Schullwitz;07 StB Loschwitz und OS Schönfeld-Weißig;StB 4 Loschwitz/OS Schönfeld-Weißig;Wahlbezirk_Urne;554;67;376;0;366;152;72;44;29;36;27;0;0;6;10
2005;51001;51 Blasewitz;08 Blasewitz, Striesen;StB 5 Blasewitz;Wahlbezirk_Brief;0;0;612;612;611;224;172;64;56;88;3;0;0;4;1
2005;51002;51 Blasewitz;08 Blasewitz, Striesen;StB 5 Blasewitz;Wahlbezirk_Brief;0;0;847;847;843;254;208;104;147;111;8;0;0;11;4
2005;51003;51 Blasewitz;08 Blasewitz, Striesen;StB 5 Blasewitz;Wahlbezirk_Brief;0;0;303;303;302;119;62;30;30;57;3;0;0;1;1
2005;51100;51 Blasewitz;08 Blasewitz, Striesen;StB 5 Blasewitz;Wahlbezirk_Urne;1201;335;654;24;650;157;178;95;61;134;18;0;0;7;4
2005;51200;51 Blasewitz;08 Blasewitz, Striesen;StB 5 Blasewitz;Wahlbezirk_Urne;1418;427;691;26;682;185;181;79;58;166;6;0;0;7;9
2005;51400;51 Blasewitz;08 Blasewitz, Striesen;StB 5 Blasewitz;Wahlbezirk_Urne;1073;304;582;21;574;145;136;61;74;134;16;0;0;8;8
2005;51500;51 Blasewitz;08 Blasewitz, Striesen;StB 5 Blasewitz;Wahlbezirk_Urne;1090;349;516;17;507;112;153;66;65;101;3;0;0;7;9
2005;51600;51 Blasewitz;08 Blasewitz, Striesen;StB 5 Blasewitz;Wahlbezirk_Urne;1154;319;686;42;681;155;167;75;97;165;7;0;0;15;5
2005;51700;51 Blasewitz;08 Blasewitz, Striesen;StB 5 Blasewitz;Wahlbezirk_Urne;1336;346;694;23;688;130;161;80;104;178;21;0;0;14;6
2005;52001;52 Striesen-Ost;08 Blasewitz, Striesen;StB 5 Blasewitz;Wahlbezirk_Brief;0;0;799;799;796;248;205;72;169;88;7;0;0;7;3
2005;52002;52 Striesen-Ost;08 Blasewitz, Striesen;StB 5 Blasewitz;Wahlbezirk_Brief;0;0;776;776;776;226;236;98;115;85;8;0;0;8;0
2005;52003;52 Striesen-Ost;08 Blasewitz, Striesen;StB 5 Blasewitz;Wahlbezirk_Brief;0;0;735;735;732;223;219;79;119;76;11;0;0;5;3
2005;52100;52 Striesen-Ost;08 Blasewitz, Striesen;StB 5 Blasewitz;Wahlbezirk_Urne;1004;319;522;16;515;109;120;44;107;123;4;0;0;8;7
2005;52200;52 Striesen-Ost;08 Blasewitz, Striesen;StB 5 Blasewitz;Wahlbezirk_Urne;1292;393;692;20;682;145;179;95;94;151;9;0;0;9;10
2005;52300;52 Striesen-Ost;08 Blasewitz, Striesen;StB 5 Blasewitz;Wahlbezirk_Urne;1375;471;720;34;715;165;180;86;129;142;2;0;0;11;5
2005;52400;52 Striesen-Ost;08 Blasewitz, Striesen;StB 5 Blasewitz;Wahlbezirk_Urne;1227;336;721;23;713;144;194;86;103;165;15;0;0;6;8
2005;52501;52 Striesen-Ost;08 Blasewitz, Striesen;StB 5 Blasewitz;Wahlbezirk_Urne;1041;279;545;10;537;126;141;75;78;106;6;0;0;5;8
2005;52502;52 Striesen-Ost;08 Blasewitz, Striesen;StB 5 Blasewitz;Wahlbezirk_Urne;1042;287;525;14;516;98;121;65;63;134;25;0;0;10;9
2005;52600;52 Striesen-Ost;08 Blasewitz, Striesen;StB 5 Blasewitz;Wahlbezirk_Urne;1010;269;567;25;563;131;142;78;93;98;11;0;0;10;4
2005;52700;52 Striesen-Ost;08 Blasewitz, Striesen;StB 5 Blasewitz;Wahlbezirk_Urne;1589;324;787;15;764;178;185;173;50;137;26;0;0;15;23
2005;53001;53 Striesen-Süd;08 Blasewitz, Striesen;StB 5 Blasewitz;Wahlbezirk_Brief;0;0;973;973;967;271;295;161;105;114;16;0;0;5;6
2005;53002;53 Striesen-Süd;08 Blasewitz, Striesen;StB 5 Blasewitz;Wahlbezirk_Brief;0;0;792;792;783;218;260;146;62;72;19;0;0;6;9
2005;53100;53 Striesen-Süd;08 Blasewitz, Striesen;StB 5 Blasewitz;Wahlbezirk_Urne;975;339;519;0;512;99;148;68;80;103;9;0;0;5;7
2005;53200;53 Striesen-Süd;08 Blasewitz, Striesen;StB 5 Blasewitz;Wahlbezirk_Urne;977;237;486;19;479;92;120;106;52;92;10;0;0;7;7
2005;53300;53 Striesen-Süd;08 Blasewitz, Striesen;StB 5 Blasewitz;Wahlbezirk_Urne;1034;257;531;9;527;92;162;110;40;104;11;0;0;8;4
2005;53400;53 Striesen-Süd;08 Blasewitz, Striesen;StB 5 Blasewitz;Wahlbezirk_Urne;1212;268;722;23;717;171;194;173;32;122;19;0;0;6;5
2005;53500;53 Striesen-Süd;08 Blasewitz, Striesen;StB 5 Blasewitz;Wahlbezirk_Urne;785;181;312;0;307;53;81;75;13;58;19;0;0;8;5
2005;53600;53 Striesen-Süd;08 Blasewitz, Striesen;StB 5 Blasewitz;Wahlbezirk_Urne;922;223;505;13;498;120;153;90;20;96;11;0;0;8;7
2005;53700;53 Striesen-Süd;08 Blasewitz, Striesen;StB 5 Blasewitz;Wahlbezirk_Urne;1235;239;601;3;591;140;155;102;43;116;19;0;0;16;10
2005;53800;53 Striesen-Süd;08 Blasewitz, Striesen;StB 5 Blasewitz;Wahlbezirk_Urne;1009;238;511;13;507;119;138;92;33;97;16;0;0;12;4
2005;54001;54 Striesen-West;08 Blasewitz, Striesen;StB 5 Blasewitz;Wahlbezirk_Brief;0;0;721;721;719;207;226;121;65;86;4;0;0;10;2
2005;54002;54 Striesen-West;08 Blasewitz, Striesen;StB 5 Blasewitz;Wahlbezirk_Brief;0;0;655;655;653;202;185;101;58;85;10;0;0;12;2
2005;54003;54 Striesen-West;08 Blasewitz, Striesen;StB 5 Blasewitz;Wahlbezirk_Brief;0;0;688;688;685;209;215;106;69;66;6;0;0;14;3
2005;54100;54 Striesen-West;08 Blasewitz, Striesen;StB 5 Blasewitz;Wahlbezirk_Urne;1445;386;787;29;776;176;234;140;70;131;17;0;0;8;11
2005;54200;54 Striesen-West;08 Blasewitz, Striesen;StB 5 Blasewitz;Wahlbezirk_Urne;1181;272;669;26;660;136;188;127;78;101;22;0;0;8;9
2005;54300;54 Striesen-West;08 Blasewitz, Striesen;StB 5 Blasewitz;Wahlbezirk_Urne;1354;282;732;11;723;175;205;145;44;127;16;0;0;11;9
2005;54400;54 Striesen-West;08 Blasewitz, Striesen;StB 5 Blasewitz;Wahlbezirk_Urne;1261;353;649;19;639;148;187;93;49;138;19;0;0;5;10
2005;54501;54 Striesen-West;08 Blasewitz, Striesen;StB 5 Blasewitz;Wahlbezirk_Urne;1293;366;682;28;672;162;167;144;54;128;6;0;0;11;10
2005;54502;54 Striesen-West;08 Blasewitz, Striesen;StB 5 Blasewitz;Wahlbezirk_Urne;1484;378;783;23;771;178;213;139;64;152;12;0;0;13;12
2005;54600;54 Striesen-West;08 Blasewitz, Striesen;StB 5 Blasewitz;Wahlbezirk_Urne;1510;369;805;42;789;148;218;162;61;162;26;0;0;12;16
2005;55001;55 Tolkewitz/Seidnitz-Nord;09 Tolkewitz, Seidnitz, Gruna;StB 5 Blasewitz;Wahlbezirk_Brief;0;0;797;797;791;231;249;151;63;78;9;0;0;10;6
2005;55002;55 Tolkewitz/Seidnitz-Nord;09 Tolkewitz, Seidnitz, Gruna;StB 5 Blasewitz;Wahlbezirk_Brief;0;0;858;858;857;239;256;223;28;75;18;0;0;18;1
2005;55100;55 Tolkewitz/Seidnitz-Nord;09 Tolkewitz, Seidnitz, Gruna;StB 5 Blasewitz;Wahlbezirk_Urne;1579;316;891;18;883;221;235;133;70;194;21;0;0;9;8
2005;55200;55 Tolkewitz/Seidnitz-Nord;09 Tolkewitz, Seidnitz, Gruna;StB 5 Blasewitz;Wahlbezirk_Urne;1516;337;804;21;792;161;202;177;41;157;36;0;0;18;12
2005;55300;55 Tolkewitz/Seidnitz-Nord;09 Tolkewitz, Seidnitz, Gruna;StB 5 Blasewitz;Wahlbezirk_Urne;1323;278;743;23;729;167;223;129;25;162;13;0;0;10;14
2005;55400;55 Tolkewitz/Seidnitz-Nord;09 Tolkewitz, Seidnitz, Gruna;StB 5 Blasewitz;Wahlbezirk_Urne;1246;289;617;7;604;132;145;155;25;113;22;0;0;12;13
2005;55500;55 Tolkewitz/Seidnitz-Nord;09 Tolkewitz, Seidnitz, Gruna;StB 5 Blasewitz;Wahlbezirk_Urne;764;110;313;8;301;53;77;90;12;52;12;0;0;5;12
2005;55600;55 Tolkewitz/Seidnitz-Nord;09 Tolkewitz, Seidnitz, Gruna;StB 5 Blasewitz;Wahlbezirk_Urne;1144;269;593;22;586;107;173;161;32;78;25;0;0;10;7
2005;55800;55 Tolkewitz/Seidnitz-Nord;09 Tolkewitz, Seidnitz, Gruna;StB 5 Blasewitz;Wahlbezirk_Urne;1303;290;680;10;669;140;195;155;31;116;27;0;0;5;11
2005;56001;56 Seidnitz/Dobritz;09 Tolkewitz, Seidnitz, Gruna;StB 5 Blasewitz;Wahlbezirk_Brief;0;0;678;678;674;192;199;151;37;72;11;0;0;12;4
2005;56002;56 Seidnitz/Dobritz;09 Tolkewitz, Seidnitz, Gruna;StB 5 Blasewitz;Wahlbezirk_Brief;0;0;625;625;622;182;204;134;32;42;12;0;0;16;3
2005;56003;56 Seidnitz/Dobritz;09 Tolkewitz, Seidnitz, Gruna;StB 5 Blasewitz;Wahlbezirk_Brief;0;0;590;590;582;179;156;138;21;64;12;0;0;12;8
2005;56100;56 Seidnitz/Dobritz;09 Tolkewitz, Seidnitz, Gruna;StB 5 Blasewitz;Wahlbezirk_Urne;1336;314;640;26;635;122;177;149;27;116;34;0;0;10;5
2005;56200;56 Seidnitz/Dobritz;09 Tolkewitz, Seidnitz, Gruna;StB 5 Blasewitz;Wahlbezirk_Urne;825;142;446;8;438;86;126;93;14;82;24;0;0;13;8
2005;56300;56 Seidnitz/Dobritz;09 Tolkewitz, Seidnitz, Gruna;StB 5 Blasewitz;Wahlbezirk_Urne;1296;220;716;0;706;142;176;164;32;143;31;0;0;18;10
2005;56401;56 Seidnitz/Dobritz;09 Tolkewitz, Seidnitz, Gruna;StB 5 Blasewitz;Wahlbezirk_Urne;1261;312;657;5;645;164;144;110;35;155;23;0;0;14;12
2005;56402;56 Seidnitz/Dobritz;09 Tolkewitz, Seidnitz, Gruna;StB 5 Blasewitz;Wahlbezirk_Urne;888;154;502;11;494;123;120;116;18;96;17;0;0;4;8
2005;56501;56 Seidnitz/Dobritz;09 Tolkewitz, Seidnitz, Gruna;StB 5 Blasewitz;Wahlbezirk_Urne;1081;222;611;12;599;148;146;138;33;101;22;0;0;11;12
2005;56502;56 Seidnitz/Dobritz;09 Tolkewitz, Seidnitz, Gruna;StB 5 Blasewitz;Wahlbezirk_Urne;966;230;511;19;506;122;135;93;26;109;11;0;0;10;5
2005;56600;56 Seidnitz/Dobritz;09 Tolkewitz, Seidnitz, Gruna;StB 5 Blasewitz;Wahlbezirk_Urne;1237;199;598;0;587;115;151;135;22;141;13;0;0;10;11
2005;56800;56 Seidnitz/Dobritz;09 Tolkewitz, Seidnitz, Gruna;StB 5 Blasewitz;Wahlbezirk_Urne;868;162;508;6;503;105;143;109;23;96;18;0;0;9;5
2005;56900;56 Seidnitz/Dobritz;09 Tolkewitz, Seidnitz, Gruna;StB 5 Blasewitz;Wahlbezirk_Urne;1023;208;550;15;535;105;160;113;15;111;17;0;0;14;15
2005;57001;57 Gruna;09 Tolkewitz, Seidnitz, Gruna;StB 5 Blasewitz;Wahlbezirk_Brief;0;0;824;824;821;229;247;183;67;79;5;0;0;11;3
2005;57002;57 Gruna;09 Tolkewitz, Seidnitz, Gruna;StB 5 Blasewitz;Wahlbezirk_Brief;0;0;816;816;812;292;232;137;58;78;7;0;0;8;4
2005;57003;57 Gruna;09 Tolkewitz, Seidnitz, Gruna;StB 5 Blasewitz;Wahlbezirk_Brief;0;0;738;738;738;192;247;160;48;70;10;0;0;11;0
2005;57100;57 Gruna;09 Tolkewitz, Seidnitz, Gruna;StB 5 Blasewitz;Wahlbezirk_Urne;1340;361;581;7;577;133;145;150;36;95;9;0;0;9;4
2005;57200;57 Gruna;09 Tolkewitz, Seidnitz, Gruna;StB 5 Blasewitz;Wahlbezirk_Urne;1340;325;706;16;697;124;226;165;53;104;13;0;0;12;9
2005;57301;57 Gruna;09 Tolkewitz, Seidnitz, Gruna;StB 5 Blasewitz;Wahlbezirk_Urne;938;207;537;10;526;123;148;91;25;115;18;0;0;6;11
2005;57302;57 Gruna;09 Tolkewitz, Seidnitz, Gruna;StB 5 Blasewitz;Wahlbezirk_Urne;858;202;497;11;494;90;151;91;46;99;5;0;0;12;3
2005;57400;57 Gruna;09 Tolkewitz, Seidnitz, Gruna;StB 5 Blasewitz;Wahlbezirk_Urne;1293;282;708;7;696;134;200;154;40;135;17;0;0;16;12
2005;57500;57 Gruna;09 Tolkewitz, Seidnitz, Gruna;StB 5 Blasewitz;Wahlbezirk_Urne;1223;303;636;18;631;122;178;136;29;135;19;0;0;12;5
2005;57600;57 Gruna;09 Tolkewitz, Seidnitz, Gruna;StB 5 Blasewitz;Wahlbezirk_Urne;1265;337;606;13;599;120;171;129;25;133;13;0;0;8;7
2005;57700;57 Gruna;09 Tolkewitz, Seidnitz, Gruna;StB 5 Blasewitz;Wahlbezirk_Urne;934;278;472;10;466;114;95;117;31;96;7;0;0;6;6
2005;57800;57 Gruna;09 Tolkewitz, Seidnitz, Gruna;StB 5 Blasewitz;Wahlbezirk_Urne;1027;331;477;8;468;123;108;64;31;128;9;0;0;5;9
2005;61001;61 Leuben;10 StB Leuben;StB 6 Leuben;Wahlbezirk_Brief;0;0;837;837;831;249;257;167;40;96;14;0;0;8;6
2005;61002;61 Leuben;10 StB Leuben;StB 6 Leuben;Wahlbezirk_Brief;0;0;784;784;778;226;205;237;31;57;16;0;0;6;6
2005;61100;61 Leuben;10 StB Leuben;StB 6 Leuben;Wahlbezirk_Urne;917;125;538;4;521;140;140;103;21;85;19;0;0;13;17
2005;61200;61 Leuben;10 StB Leuben;StB 6 Leuben;Wahlbezirk_Urne;1042;182;523;7;519;122;94;108;26;133;26;0;0;10;4
2005;61300;61 Leuben;10 StB Leuben;StB 6 Leuben;Wahlbezirk_Urne;1575;240;826;15;814;180;213;190;36;149;29;0;0;17;12
2005;61400;61 Leuben;10 StB Leuben;StB 6 Leuben;Wahlbezirk_Urne;926;118;478;5;473;111;123;80;14;118;23;0;0;4;5
2005;61500;61 Leuben;10 StB Leuben;StB 6 Leuben;Wahlbezirk_Urne;1325;274;716;7;705;164;184;154;32;121;26;0;0;24;11
2005;61600;61 Leuben;10 StB Leuben;StB 6 Leuben;Wahlbezirk_Urne;1071;226;581;11;576;119;184;134;14;92;24;0;0;9;5
2005;61700;61 Leuben;10 StB Leuben;StB 6 Leuben;Wahlbezirk_Urne;1153;245;548;3;540;106;164;150;12;81;21;0;0;6;8
2005;61800;61 Leuben;10 StB Leuben;StB 6 Leuben;Wahlbezirk_Urne;866;217;387;0;381;62;124;111;8;49;17;0;0;10;6
2005;61900;61 Leuben;10 StB Leuben;StB 6 Leuben;Wahlbezirk_Urne;932;174;469;11;463;95;127;124;20;55;34;0;0;8;6
2005;62001;62 Laubegast;10 StB Leuben;StB 6 Leuben;Wahlbezirk_Brief;0;0;623;623;618;206;177;110;42;71;6;0;0;6;5
2005;62002;62 Laubegast;10 StB Leuben;StB 6 Leuben;Wahlbezirk_Brief;0;0;642;642;636;217;172;94;54;66;14;0;0;19;6
2005;62003;62 Laubegast;10 StB Leuben;StB 6 Leuben;Wahlbezirk_Brief;0;0;604;604;598;195;186;87;52;67;3;0;0;8;6
2005;62100;62 Laubegast;10 StB Leuben;StB 6 Leuben;Wahlbezirk_Urne;1528;317;842;14;829;186;208;160;67;179;19;0;0;10;13
2005;62200;62 Laubegast;10 StB Leuben;StB 6 Leuben;Wahlbezirk_Urne;1104;208;655;8;642;151;191;107;37;125;22;0;0;9;13
2005;62301;62 Laubegast;10 StB Leuben;StB 6 Leuben;Wahlbezirk_Urne;758;122;391;1;389;99;94;76;16;82;14;0;0;8;2
2005;62302;62 Laubegast;10 StB Leuben;StB 6 Leuben;Wahlbezirk_Urne;1140;310;595;22;590;132;189;102;29;120;12;0;0;6;5
2005;62400;62 Laubegast;10 StB Leuben;StB 6 Leuben;Wahlbezirk_Urne;1218;292;650;22;644;123;150;121;79;141;23;0;0;7;6
2005;62501;62 Laubegast;10 StB Leuben;StB 6 Leuben;Wahlbezirk_Urne;1409;318;785;12;781;187;218;112;45;187;21;0;0;11;4
2005;62502;62 Laubegast;10 StB Leuben;StB 6 Leuben;Wahlbezirk_Urne;1167;252;684;16;673;188;157;143;23;120;28;0;0;14;11
2005;62600;62 Laubegast;10 StB Leuben;StB 6 Leuben;Wahlbezirk_Urne;1322;319;751;17;744;142;211;135;71;142;26;0;0;17;7
2005;63000;63 Kleinzschachwitz;10 StB Leuben;StB 6 Leuben;Wahlbezirk_Brief;0;0;728;728;728;264;174;82;95;101;7;0;0;5;0
2005;63001;63 Kleinzschachwitz;10 StB Leuben;StB 6 Leuben;Wahlbezirk_Brief;0;0;699;699;697;290;157;66;66;106;6;0;0;6;2
2005;63101;63 Kleinzschachwitz;10 StB Leuben;StB 6 Leuben;Wahlbezirk_Urne;1338;308;677;14;666;141;143;121;50;190;12;0;0;9;11
2005;63102;63 Kleinzschachwitz;10 StB Leuben;StB 6 Leuben;Wahlbezirk_Urne;626;180;332;7;326;86;87;32;27;86;5;0;0;3;6
2005;63200;63 Kleinzschachwitz;10 StB Leuben;StB 6 Leuben;Wahlbezirk_Urne;911;224;499;16;495;123;114;83;44;113;9;0;0;9;4
2005;63301;63 Kleinzschachwitz;10 StB Leuben;StB 6 Leuben;Wahlbezirk_Urne;1220;309;707;23;700;206;154;99;35;185;13;0;0;8;7
2005;63302;63 Kleinzschachwitz;10 StB Leuben;StB 6 Leuben;Wahlbezirk_Urne;814;154;486;10;483;116;120;61;20;145;13;0;0;8;3
2005;63401;63 Kleinzschachwitz;10 StB Leuben;StB 6 Leuben;Wahlbezirk_Urne;962;229;558;10;546;150;99;78;39;161;14;0;0;5;12
2005;63402;63 Kleinzschachwitz;10 StB Leuben;StB 6 Leuben;Wahlbezirk_Urne;1050;228;628;6;619;135;157;131;30;137;19;0;0;10;9
2005;64000;64 Großzschachwitz;10 StB Leuben;StB 6 Leuben;Wahlbezirk_Brief;0;0;792;792;786;289;189;164;43;82;11;0;0;8;6
2005;64100;64 Großzschachwitz;10 StB Leuben;StB 6 Leuben;Wahlbezirk_Urne;1023;157;532;11;522;117;112;96;17;148;23;0;0;9;10
2005;64200;64 Großzschachwitz;10 StB Leuben;StB 6 Leuben;Wahlbezirk_Urne;933;183;477;11;466;99;123;116;14;86;22;0;0;6;11
2005;64300;64 Großzschachwitz;10 StB Leuben;StB 6 Leuben;Wahlbezirk_Urne;835;148;444;0;436;92;121;98;20;68;29;0;0;8;8
2005;64400;64 Großzschachwitz;10 StB Leuben;StB 6 Leuben;Wahlbezirk_Urne;1007;207;533;7;526;96;155;130;26;89;20;0;0;10;7
2005;64500;64 Großzschachwitz;10 StB Leuben;StB 6 Leuben;Wahlbezirk_Urne;1269;198;636;6;624;165;146;99;33;140;27;0;0;14;12
2005;71000;71 Prohlis-Nord;11 Prohlis, Reick (mit Sternhäuser, Am Koitschgraben);StB 7 Prohlis;Wahlbezirk_Brief;0;0;930;930;916;248;277;231;33;70;35;0;0;22;14
2005;71100;71 Prohlis-Nord;11 Prohlis, Reick (mit Sternhäuser, Am Koitschgraben);StB 7 Prohlis;Wahlbezirk_Urne;1001;229;536;3;533;117;138;111;41;99;21;0;0;6;3
2005;71200;71 Prohlis-Nord;11 Prohlis, Reick (mit Sternhäuser, Am Koitschgraben);StB 7 Prohlis;Wahlbezirk_Urne;1672;330;684;13;661;130;166;157;20;124;49;0;0;15;23
2005;71400;71 Prohlis-Nord;11 Prohlis, Reick (mit Sternhäuser, Am Koitschgraben);StB 7 Prohlis;Wahlbezirk_Urne;982;209;529;0;525;103;160;147;19;57;32;0;0;7;4
2005;71500;71 Prohlis-Nord;11 Prohlis, Reick (mit Sternhäuser, Am Koitschgraben);StB 7 Prohlis;Wahlbezirk_Urne;1071;215;532;0;521;110;133;140;14;81;30;0;0;13;11
2005;72000;72 Prohlis-Süd;11 Prohlis, Reick (mit Sternhäuser, Am Koitschgraben);StB 7 Prohlis;Wahlbezirk_Brief;0;0;1104;1104;1096;303;319;274;50;106;19;0;0;25;8
2005;72100;72 Prohlis-Süd;11 Prohlis, Reick (mit Sternhäuser, Am Koitschgraben);StB 7 Prohlis;Wahlbezirk_Urne;896;144;422;7;417;83;98;124;17;59;28;0;0;8;5
2005;72200;72 Prohlis-Süd;11 Prohlis, Reick (mit Sternhäuser, Am Koitschgraben);StB 7 Prohlis;Wahlbezirk_Urne;953;159;463;2;454;89;118;135;13;60;29;0;0;10;9
2005;72300;72 Prohlis-Süd;11 Prohlis, Reick (mit Sternhäuser, Am Koitschgraben);StB 7 Prohlis;Wahlbezirk_Urne;1456;271;639;5;630;109;190;162;20;99;32;0;0;18;9
2005;72500;72 Prohlis-Süd;11 Prohlis, Reick (mit Sternhäuser, Am Koitschgraben);StB 7 Prohlis;Wahlbezirk_Urne;1437;254;668;0;655;142;154;171;20;106;51;0;0;11;13
2005;72700;72 Prohlis-Süd;11 Prohlis, Reick (mit Sternhäuser, Am Koitschgraben);StB 7 Prohlis;Wahlbezirk_Urne;828;194;389;1;378;88;101;103;14;51;13;0;0;8;11
2005;72800;72 Prohlis-Süd;11 Prohlis, Reick (mit Sternhäuser, Am Koitschgraben);StB 7 Prohlis;Wahlbezirk_Urne;842;172;377;2;373;74;111;86;10;59;21;0;0;12;4
2005;73011;73 Niedersedlitz;11 Prohlis, Reick (mit Sternhäuser, Am Koitschgraben);StB 7 Prohlis;Wahlbezirk_Brief;0;0;168;168;164;58;40;27;14;20;3;0;0;2;3
2005;73012;73 Niedersedlitz;12 Niedersedlitz, Leubnitz, Strehlen (ohne Sternhäuser, Am Koitschgraben);StB 7 Prohlis;Wahlbezirk_Brief;0;0;819;819;803;283;194;130;70;98;17;0;0;11;17
2005;73101;73 Niedersedlitz;12 Niedersedlitz, Leubnitz, Strehlen (ohne Sternhäuser, Am Koitschgraben);StB 7 Prohlis;Wahlbezirk_Urne;1087;203;646;3;641;152;155;110;41;149;20;0;0;14;5
2005;73102;73 Niedersedlitz;12 Niedersedlitz, Leubnitz, Strehlen (ohne Sternhäuser, Am Koitschgraben);StB 7 Prohlis;Wahlbezirk_Urne;850;167;490;10;484;114;121;82;25;114;18;0;0;10;6
2005;73200;73 Niedersedlitz;12 Niedersedlitz, Leubnitz, Strehlen (ohne Sternhäuser, Am Koitschgraben);StB 7 Prohlis;Wahlbezirk_Urne;1025;229;594;17;590;140;141;78;38;151;29;0;0;13;4
2005;73300;73 Niedersedlitz;12 Niedersedlitz, Leubnitz, Strehlen (ohne Sternhäuser, Am Koitschgraben);StB 7 Prohlis;Wahlbezirk_Urne;1407;319;779;15;772;190;191;104;40;184;45;0;0;18;7
2005;73500;73 Niedersedlitz;11 Prohlis, Reick (mit Sternhäuser, Am Koitschgraben);StB 7 Prohlis;Wahlbezirk_Urne;1342;188;599;2;589;117;142;169;14;77;54;0;0;16;10
2005;74000;74 Lockwitz;12 Niedersedlitz, Leubnitz, Strehlen (ohne Sternhäuser, Am Koitschgraben);StB 7 Prohlis;Wahlbezirk_Brief;0;0;918;918;917;321;228;149;50;137;22;0;0;10;1
2005;74100;74 Lockwitz;12 Niedersedlitz, Leubnitz, Strehlen (ohne Sternhäuser, Am Koitschgraben);StB 7 Prohlis;Wahlbezirk_Urne;603;97;375;6;370;88;94;50;10;99;17;0;0;12;5
2005;74201;74 Lockwitz;12 Niedersedlitz, Leubnitz, Strehlen (ohne Sternhäuser, Am Koitschgraben);StB 7 Prohlis;Wahlbezirk_Urne;966;264;539;6;534;155;105;85;22;140;22;0;0;5;5
2005;74202;74 Lockwitz;12 Niedersedlitz, Leubnitz, Strehlen (ohne Sternhäuser, Am Koitschgraben);StB 7 Prohlis;Wahlbezirk_Urne;1022;229;563;0;558;157;111;84;35;136;27;0;0;8;5
2005;74301;74 Lockwitz;12 Niedersedlitz, Leubnitz, Strehlen (ohne Sternhäuser, Am Koitschgraben);StB 7 Prohlis;Wahlbezirk_Urne;1250;252;733;7;729;180;184;106;50;175;25;0;0;9;4
2005;74302;74 Lockwitz;12 Niedersedlitz, Leubnitz, Strehlen (ohne Sternhäuser, Am Koitschgraben);StB 7 Prohlis;Wahlbezirk_Urne;1012;187;608;2;605;147;154;104;28;150;16;0;0;6;3
2005;75001;75 Leubnitz-Neuostra;12 Niedersedlitz, Leubnitz, Strehlen (ohne Sternhäuser, Am Koitschgraben);StB 7 Prohlis;Wahlbezirk_Brief;0;0;832;832;829;262;227;158;71;99;6;0;0;6;3
2005;75002;75 Leubnitz-Neuostra;12 Niedersedlitz, Leubnitz, Strehlen (ohne Sternhäuser, Am Koitschgraben);StB 7 Prohlis;Wahlbezirk_Brief;0;0;869;869;865;293;262;151;53;87;9;0;0;10;4
2005;75003;75 Leubnitz-Neuostra;12 Niedersedlitz, Leubnitz, Strehlen (ohne Sternhäuser, Am Koitschgraben);StB 7 Prohlis;Wahlbezirk_Brief;0;0;814;814;810;289;207;159;56;77;10;0;0;12;4
2005;75100;75 Leubnitz-Neuostra;12 Niedersedlitz, Leubnitz, Strehlen (ohne Sternhäuser, Am Koitschgraben);StB 7 Prohlis;Wahlbezirk_Urne;1098;275;595;19;590;112;165;98;37;148;20;0;0;10;5
2005;75201;75 Leubnitz-Neuostra;12 Niedersedlitz, Leubnitz, Strehlen (ohne Sternhäuser, Am Koitschgraben);StB 7 Prohlis;Wahlbezirk_Urne;1031;312;581;27;579;134;153;80;59;139;11;0;0;3;2
2005;75202;75 Leubnitz-Neuostra;12 Niedersedlitz, Leubnitz, Strehlen (ohne Sternhäuser, Am Koitschgraben);StB 7 Prohlis;Wahlbezirk_Urne;1311;357;627;10;615;164;163;106;33;126;9;0;0;14;12
2005;75300;75 Leubnitz-Neuostra;12 Niedersedlitz, Leubnitz, Strehlen (ohne Sternhäuser, Am Koitschgraben);StB 7 Prohlis;Wahlbezirk_Urne;956;143;401;0;392;62;120;102;15;70;20;0;0;3;9
2005;75500;75 Leubnitz-Neuostra;12 Niedersedlitz, Leubnitz, Strehlen (ohne Sternhäuser, Am Koitschgraben);StB 7 Prohlis;Wahlbezirk_Urne;961;181;573;9;569;141;120;81;63;131;19;0;0;14;4
2005;75600;75 Leubnitz-Neuostra;12 Niedersedlitz, Leubnitz, Strehlen (ohne Sternhäuser, Am Koitschgraben);StB 7 Prohlis;Wahlbezirk_Urne;1071;246;535;0;530;141;132;109;27;107;13;0;0;1;5
2005;75700;75 Leubnitz-Neuostra;12 Niedersedlitz, Leubnitz, Strehlen (ohne Sternhäuser, Am Koitschgraben);StB 7 Prohlis;Wahlbezirk_Urne;1236;297;611;12;602;123;157;151;34;107;23;0;0;7;9
2005;75800;75 Leubnitz-Neuostra;12 Niedersedlitz, Leubnitz, Strehlen (ohne Sternhäuser, Am Koitschgraben);StB 7 Prohlis;Wahlbezirk_Urne;1269;230;690;3;676;141;199;177;27;101;18;0;0;13;14
2005;75901;75 Leubnitz-Neuostra;12 Niedersedlitz, Leubnitz, Strehlen (ohne Sternhäuser, Am Koitschgraben);StB 7 Prohlis;Wahlbezirk_Urne;710;218;380;15;371;85;118;70;22;68;6;0;0;2;9
2005;75902;75 Leubnitz-Neuostra;12 Niedersedlitz, Leubnitz, Strehlen (ohne Sternhäuser, Am Koitschgraben);StB 7 Prohlis;Wahlbezirk_Urne;923;291;469;9;462;107;130;86;43;85;7;0;0;4;7
2005;75903;75 Leubnitz-Neuostra;12 Niedersedlitz, Leubnitz, Strehlen (ohne Sternhäuser, Am Koitschgraben);StB 7 Prohlis;Wahlbezirk_Urne;961;285;504;20;497;114;131;73;33;124;13;0;0;9;7
2005;76011;76 Strehlen;11 Prohlis, Reick (mit Sternhäuser, Am Koitschgraben);StB 7 Prohlis;Wahlbezirk_Brief;0;0;376;376;374;110;105;68;38;43;7;0;0;3;2
2005;76012;76 Strehlen;12 Niedersedlitz, Leubnitz, Strehlen (ohne Sternhäuser, Am Koitschgraben);StB 7 Prohlis;Wahlbezirk_Brief;0;0;1163;1163;1158;341;325;212;118;134;20;0;0;8;5
2005;76100;76 Strehlen;12 Niedersedlitz, Leubnitz, Strehlen (ohne Sternhäuser, Am Koitschgraben);StB 7 Prohlis;Wahlbezirk_Urne;758;258;380;9;378;66;105;50;46;96;12;0;0;3;2
2005;76200;76 Strehlen;12 Niedersedlitz, Leubnitz, Strehlen (ohne Sternhäuser, Am Koitschgraben);StB 7 Prohlis;Wahlbezirk_Urne;999;231;503;4;493;121;107;100;48;91;17;0;0;9;10
2005;76300;76 Strehlen;12 Niedersedlitz, Leubnitz, Strehlen (ohne Sternhäuser, Am Koitschgraben);StB 7 Prohlis;Wahlbezirk_Urne;963;232;507;5;503;95;128;96;75;85;14;0;0;10;4
2005;76400;76 Strehlen;12 Niedersedlitz, Leubnitz, Strehlen (ohne Sternhäuser, Am Koitschgraben);StB 7 Prohlis;Wahlbezirk_Urne;602;171;296;1;288;71;87;62;21;45;1;0;0;1;8
2005;76500;76 Strehlen;12 Niedersedlitz, Leubnitz, Strehlen (ohne Sternhäuser, Am Koitschgraben);StB 7 Prohlis;Wahlbezirk_Urne;1307;363;578;3;575;137;121;123;27;133;27;0;0;7;3
2005;76600;76 Strehlen;11 Prohlis, Reick (mit Sternhäuser, Am Koitschgraben);StB 7 Prohlis;Wahlbezirk_Urne;1099;178;587;1;578;117;154;134;25;119;21;0;0;8;9
2005;76700;76 Strehlen;11 Prohlis, Reick (mit Sternhäuser, Am Koitschgraben);StB 7 Prohlis;Wahlbezirk_Urne;1163;146;458;3;442;78;115;102;20;61;47;0;0;19;16
2005;76800;76 Strehlen;11 Prohlis, Reick (mit Sternhäuser, Am Koitschgraben);StB 7 Prohlis;Wahlbezirk_Urne;889;82;397;0;385;58;114;101;10;65;25;0;0;12;12
2005;77000;77 Reick;12 Niedersedlitz, Leubnitz, Strehlen (ohne Sternhäuser, Am Koitschgraben);StB 7 Prohlis;Wahlbezirk_Brief;0;0;775;775;767;231;241;160;26;75;21;0;0;13;8
2005;77100;77 Reick;12 Niedersedlitz, Leubnitz, Strehlen (ohne Sternhäuser, Am Koitschgraben);StB 7 Prohlis;Wahlbezirk_Urne;1274;329;526;7;523;112;135;106;20;110;32;0;0;8;3
2005;77200;77 Reick;12 Niedersedlitz, Leubnitz, Strehlen (ohne Sternhäuser, Am Koitschgraben);StB 7 Prohlis;Wahlbezirk_Urne;1353;402;584;20;577;117;165;143;12;113;17;0;0;10;7
2005;77300;77 Reick;12 Niedersedlitz, Leubnitz, Strehlen (ohne Sternhäuser, Am Koitschgraben);StB 7 Prohlis;Wahlbezirk_Urne;1076;140;507;8;496;98;116;97;21;113;42;0;0;9;11
2005;81001;81 Südvorstadt-West;13 Südvorstadt, Zschertnitz;StB 8 Plauen;Wahlbezirk_Brief;0;0;652;652;651;152;210;152;52;60;11;0;0;14;1
2005;81002;81 Südvorstadt-West;13 Südvorstadt, Zschertnitz;StB 8 Plauen;Wahlbezirk_Brief;0;0;655;655;652;188;189;119;71;69;8;0;0;8;3
2005;81003;81 Südvorstadt-West;13 Südvorstadt, Zschertnitz;StB 8 Plauen;Wahlbezirk_Brief;0;0;617;617;614;173;187;121;62;56;7;0;0;8;3
2005;81100;81 Südvorstadt-West;13 Südvorstadt, Zschertnitz;StB 8 Plauen;Wahlbezirk_Urne;937;200;486;13;474;91;142;135;19;56;24;0;0;7;12
2005;81200;81 Südvorstadt-West;13 Südvorstadt, Zschertnitz;StB 8 Plauen;Wahlbezirk_Urne;1521;380;833;10;817;170;269;177;33;135;25;0;0;8;16
2005;81400;81 Südvorstadt-West;13 Südvorstadt, Zschertnitz;StB 8 Plauen;Wahlbezirk_Urne;1274;329;639;13;627;123;202;137;38;103;13;0;0;11;12
2005;81500;81 Südvorstadt-West;13 Südvorstadt, Zschertnitz;StB 8 Plauen;Wahlbezirk_Urne;1048;266;526;6;522;110;122;126;43;89;22;0;0;10;4
2005;81700;81 Südvorstadt-West;13 Südvorstadt, Zschertnitz;StB 8 Plauen;Wahlbezirk_Urne;1458;423;735;16;729;177;215;119;63;130;14;0;0;11;6
2005;81800;81 Südvorstadt-West;13 Südvorstadt, Zschertnitz;StB 8 Plauen;Wahlbezirk_Urne;925;261;441;11;433;81;133;93;44;71;4;0;0;7;8
2005;81900;81 Südvorstadt-West;13 Südvorstadt, Zschertnitz;StB 8 Plauen;Wahlbezirk_Urne;979;299;491;19;488;111;158;76;52;79;10;0;0;2;3
2005;82000;82 Südvorstadt-Ost;13 Südvorstadt, Zschertnitz;StB 8 Plauen;Wahlbezirk_Brief;0;0;894;894;892;250;284;156;84;96;9;0;0;13;2
2005;82100;82 Südvorstadt-Ost;13 Südvorstadt, Zschertnitz;StB 8 Plauen;Wahlbezirk_Urne;1020;199;505;11;494;100;153;131;32;54;16;0;0;8;11
2005;82200;82 Südvorstadt-Ost;13 Südvorstadt, Zschertnitz;StB 8 Plauen;Wahlbezirk_Urne;891;257;444;12;438;99;123;82;29;78;21;0;0;6;6
2005;82300;82 Südvorstadt-Ost;13 Südvorstadt, Zschertnitz;StB 8 Plauen;Wahlbezirk_Urne;794;240;428;8;420;75;147;82;36;69;5;0;0;6;8
2005;82400;82 Südvorstadt-Ost;13 Südvorstadt, Zschertnitz;StB 8 Plauen;Wahlbezirk_Urne;1007;311;438;13;438;104;128;63;43;88;8;0;0;4;0
2005;83001;83 Räcknitz/Zschertnitz;13 Südvorstadt, Zschertnitz;StB 8 Plauen;Wahlbezirk_Brief;0;0;989;989;974;313;286;146;85;110;16;0;0;18;15
2005;83002;83 Räcknitz/Zschertnitz;13 Südvorstadt, Zschertnitz;StB 8 Plauen;Wahlbezirk_Brief;0;0;784;784;782;245;242;169;41;61;18;0;0;6;2
2005;83100;83 Räcknitz/Zschertnitz;13 Südvorstadt, Zschertnitz;StB 8 Plauen;Wahlbezirk_Urne;880;263;441;3;436;91;121;59;39;108;9;0;0;9;5
2005;83200;83 Räcknitz/Zschertnitz;13 Südvorstadt, Zschertnitz;StB 8 Plauen;Wahlbezirk_Urne;778;178;412;10;406;75;127;92;23;74;14;0;0;1;6
2005;83300;83 Räcknitz/Zschertnitz;13 Südvorstadt, Zschertnitz;StB 8 Plauen;Wahlbezirk_Urne;1173;264;622;13;617;108;188;141;28;120;24;0;0;8;5
2005;83400;83 Räcknitz/Zschertnitz;13 Südvorstadt, Zschertnitz;StB 8 Plauen;Wahlbezirk_Urne;725;214;389;7;386;84;102;86;25;74;8;0;0;7;3
2005;83500;83 Räcknitz/Zschertnitz;13 Südvorstadt, Zschertnitz;StB 8 Plauen;Wahlbezirk_Urne;1184;234;569;12;552;109;150;150;28;82;19;0;0;14;17
2005;83600;83 Räcknitz/Zschertnitz;13 Südvorstadt, Zschertnitz;StB 8 Plauen;Wahlbezirk_Urne;912;254;492;18;486;111;133;113;28;83;10;0;0;8;6
2005;83700;83 Räcknitz/Zschertnitz;13 Südvorstadt, Zschertnitz;StB 8 Plauen;Wahlbezirk_Urne;1018;271;545;13;539;111;163;130;32;87;9;0;0;7;6
2005;83800;83 Räcknitz/Zschertnitz;13 Südvorstadt, Zschertnitz;StB 8 Plauen;Wahlbezirk_Urne;1057;325;533;23;528;116;137;117;31;107;16;0;0;4;5
2005;84000;84 Kleinpestitz/Mockritz;14 Mockritz, Coschütz, Plauen;StB 8 Plauen;Wahlbezirk_Brief;0;0;660;660;660;201;196;116;44;85;14;0;0;4;0
2005;84001;84 Kleinpestitz/Mockritz;14 Mockritz, Coschütz, Plauen;StB 8 Plauen;Wahlbezirk_Brief;0;0;663;663;648;195;197;111;53;78;10;0;0;4;15
2005;84100;84 Kleinpestitz/Mockritz;14 Mockritz, Coschütz, Plauen;StB 8 Plauen;Wahlbezirk_Urne;1324;273;788;29;774;150;187;196;47;149;25;0;0;20;14
2005;84200;84 Kleinpestitz/Mockritz;14 Mockritz, Coschütz, Plauen;StB 8 Plauen;Wahlbezirk_Urne;982;181;566;14;560;116;162;140;25;94;16;0;0;7;6
2005;84300;84 Kleinpestitz/Mockritz;14 Mockritz, Coschütz, Plauen;StB 8 Plauen;Wahlbezirk_Urne;1337;321;705;14;699;156;202;155;23;120;24;0;0;19;6
2005;84400;84 Kleinpestitz/Mockritz;14 Mockritz, Coschütz, Plauen;StB 8 Plauen;Wahlbezirk_Urne;549;120;298;7;294;76;73;40;17;72;11;0;0;5;4
2005;84501;84 Kleinpestitz/Mockritz;14 Mockritz, Coschütz, Plauen;StB 8 Plauen;Wahlbezirk_Urne;1168;318;647;25;642;154;163;95;58;152;18;0;0;2;5
2005;84502;84 Kleinpestitz/Mockritz;14 Mockritz, Coschütz, Plauen;StB 8 Plauen;Wahlbezirk_Urne;1059;292;545;10;543;126;118;111;32;134;15;0;0;7;2
2005;85000;85 Coschütz/Gittersee;14 Mockritz, Coschütz, Plauen;StB 8 Plauen;Wahlbezirk_Brief;0;0;801;801;798;284;204;132;68;89;11;0;0;10;3
2005;85100;85 Coschütz/Gittersee;14 Mockritz, Coschütz, Plauen;StB 8 Plauen;Wahlbezirk_Urne;1400;363;709;27;704;169;202;117;41;147;20;0;0;8;5
2005;85200;85 Coschütz/Gittersee;14 Mockritz, Coschütz, Plauen;StB 8 Plauen;Wahlbezirk_Urne;1405;296;813;21;804;190;182;132;55;206;24;0;0;15;9
2005;85301;85 Coschütz/Gittersee;14 Mockritz, Coschütz, Plauen;StB 8 Plauen;Wahlbezirk_Urne;830;145;463;13;457;106;116;89;24;100;16;0;0;6;6
2005;85302;85 Coschütz/Gittersee;14 Mockritz, Coschütz, Plauen;StB 8 Plauen;Wahlbezirk_Urne;852;122;489;5;486;115;118;82;22;125;17;0;0;7;3
2005;86001;86 Plauen;14 Mockritz, Coschütz, Plauen;StB 8 Plauen;Wahlbezirk_Brief;0;0;679;679;679;212;214;67;101;73;4;0;0;8;0
2005;86002;86 Plauen;14 Mockritz, Coschütz, Plauen;StB 8 Plauen;Wahlbezirk_Brief;0;0;675;675;672;207;215;78;97;68;4;0;0;3;3
2005;86003;86 Plauen;14 Mockritz, Coschütz, Plauen;StB 8 Plauen;Wahlbezirk_Brief;0;0;657;657;652;190;196;88;92;72;5;0;0;9;5
2005;86100;86 Plauen;14 Mockritz, Coschütz, Plauen;StB 8 Plauen;Wahlbezirk_Urne;1154;285;592;16;587;131;165;86;72;114;13;0;0;6;5
2005;86200;86 Plauen;14 Mockritz, Coschütz, Plauen;StB 8 Plauen;Wahlbezirk_Urne;1136;326;628;17;625;171;169;110;71;93;8;0;0;3;3
2005;86300;86 Plauen;14 Mockritz, Coschütz, Plauen;StB 8 Plauen;Wahlbezirk_Urne;1352;365;696;12;690;152;186;160;66;104;9;0;0;13;6
2005;86400;86 Plauen;14 Mockritz, Coschütz, Plauen;StB 8 Plauen;Wahlbezirk_Urne;922;265;528;23;522;120;159;66;55;101;15;0;0;6;6
2005;86500;86 Plauen;14 Mockritz, Coschütz, Plauen;StB 8 Plauen;Wahlbezirk_Urne;802;226;398;6;392;81;108;64;47;75;11;0;0;6;6
2005;86600;86 Plauen;14 Mockritz, Coschütz, Plauen;StB 8 Plauen;Wahlbezirk_Urne;835;240;444;8;442;74;132;64;70;90;10;0;0;2;2
2005;86700;86 Plauen;14 Mockritz, Coschütz, Plauen;StB 8 Plauen;Wahlbezirk_Urne;724;246;360;13;357;65;85;62;39;91;10;0;0;5;3
2005;86800;86 Plauen;14 Mockritz, Coschütz, Plauen;StB 8 Plauen;Wahlbezirk_Urne;1101;336;539;19;536;99;155;76;67;122;9;0;0;8;3
2005;90010;90 Cossebaude/Mobschatz/Oberw.;17 Briesnitz und westliche OS;StB 9 Cotta/westliche Ortschaften;Wahlbezirk_Brief;0;0;742;742;733;247;185;154;57;57;17;0;0;16;9
2005;90111;90 Cossebaude/Mobschatz/Oberw.;17 Briesnitz und westliche OS;StB 9 Cotta/westliche Ortschaften;Wahlbezirk_Urne;683;60;435;0;425;121;110;104;22;30;25;0;0;13;10
2005;90112;90 Cossebaude/Mobschatz/Oberw.;17 Briesnitz und westliche OS;StB 9 Cotta/westliche Ortschaften;Wahlbezirk_Urne;828;104;538;1;529;202;100;75;39;66;39;0;0;8;9
2005;90210;90 Cossebaude/Mobschatz/Oberw.;17 Briesnitz und westliche OS;StB 9 Cotta/westliche Ortschaften;Wahlbezirk_Urne;1153;228;749;0;740;270;158;112;46;103;37;0;0;14;9
2005;90310;90 Cossebaude/Mobschatz/Oberw.;17 Briesnitz und westliche OS;StB 9 Cotta/westliche Ortschaften;Wahlbezirk_Urne;1393;144;969;1;950;363;188;158;56;108;53;0;0;24;19
2005;90410;90 Cossebaude/Mobschatz/Oberw.;17 Briesnitz und westliche OS;StB 9 Cotta/westliche Ortschaften;Wahlbezirk_Urne;340;46;231;0;230;74;51;39;20;30;13;0;0;3;1
2005;90510;90 Cossebaude/Mobschatz/Oberw.;17 Briesnitz und westliche OS;StB 9 Cotta/westliche Ortschaften;Wahlbezirk_Urne;300;28;215;0;213;92;32;35;9;21;16;0;0;8;2
2005;90610;90 Cossebaude/Mobschatz/Oberw.;17 Briesnitz und westliche OS;StB 9 Cotta/westliche Ortschaften;Wahlbezirk_Urne;786;126;538;2;531;200;110;86;30;70;25;0;0;10;7
2005;90710;90 Cossebaude/Mobschatz/Oberw.;17 Briesnitz und westliche OS;StB 9 Cotta/westliche Ortschaften;Wahlbezirk_Urne;420;41;289;0;285;143;43;37;9;36;14;0;0;3;4
2005;91000;91 Cotta;15 Cotta, Löbtau, Naußlitz, Dölzschen;StB 9 Cotta/westliche Ortschaften;Wahlbezirk_Brief;0;0;997;997;990;289;247;209;62;111;44;0;0;28;7
2005;91101;91 Cotta;15 Cotta, Löbtau, Naußlitz, Dölzschen;StB 9 Cotta/westliche Ortschaften;Wahlbezirk_Urne;783;82;470;0;458;120;112;80;26;70;38;0;0;12;12
2005;91102;91 Cotta;15 Cotta, Löbtau, Naußlitz, Dölzschen;StB 9 Cotta/westliche Ortschaften;Wahlbezirk_Urne;998;130;605;0;602;180;140;114;44;75;40;0;0;9;3
2005;91200;91 Cotta;15 Cotta, Löbtau, Naußlitz, Dölzschen;StB 9 Cotta/westliche Ortschaften;Wahlbezirk_Urne;1506;209;934;0;920;258;217;153;79;110;78;0;0;25;14
2005;91300;91 Cotta;15 Cotta, Löbtau, Naußlitz, Dölzschen;StB 9 Cotta/westliche Ortschaften;Wahlbezirk_Urne;1339;165;804;1;786;168;221;146;73;98;56;0;0;24;18
2005;91400;91 Cotta;15 Cotta, Löbtau, Naußlitz, Dölzschen;StB 9 Cotta/westliche Ortschaften;Wahlbezirk_Urne;942;145;583;0;573;156;152;148;17;57;28;0;0;15;10
2005;91501;91 Cotta;15 Cotta, Löbtau, Naußlitz, Dölzschen;StB 9 Cotta/westliche Ortschaften;Wahlbezirk_Urne;1079;143;646;1;635;160;160;128;38;82;50;0;0;17;11
2005;91502;91 Cotta;15 Cotta, Löbtau, Naußlitz, Dölzschen;StB 9 Cotta/westliche Ortschaften;Wahlbezirk_Urne;1068;172;590;0;584;151;134;137;44;74;26;0;0;18;6
2005;92000;92 Löbtau-Nord;15 Cotta, Löbtau, Naußlitz, Dölzschen;StB 9 Cotta/westliche Ortschaften;Wahlbezirk_Brief;0;0;713;713;711;155;197;150;99;75;23;0;0;12;2
2005;92100;92 Löbtau-Nord;15 Cotta, Löbtau, Naußlitz, Dölzschen;StB 9 Cotta/westliche Ortschaften;Wahlbezirk_Urne;1032;150;488;0;473;112;116;100;44;49;40;0;0;12;15
2005;92200;92 Löbtau-Nord;15 Cotta, Löbtau, Naußlitz, Dölzschen;StB 9 Cotta/westliche Ortschaften;Wahlbezirk_Urne;1148;178;652;0;645;138;173;125;54;108;35;0;0;12;7
2005;92300;92 Löbtau-Nord;15 Cotta, Löbtau, Naußlitz, Dölzschen;StB 9 Cotta/westliche Ortschaften;Wahlbezirk_Urne;1272;170;763;3;754;175;197;170;78;97;24;0;0;13;9
2005;92400;92 Löbtau-Nord;15 Cotta, Löbtau, Naußlitz, Dölzschen;StB 9 Cotta/westliche Ortschaften;Wahlbezirk_Urne;784;109;480;0;475;106;110;121;33;60;33;0;0;12;5
2005;92500;92 Löbtau-Nord;15 Cotta, Löbtau, Naußlitz, Dölzschen;StB 9 Cotta/westliche Ortschaften;Wahlbezirk_Urne;936;131;522;0;512;118;124;113;43;69;30;0;0;15;10
2005;93000;93 Löbtau-Süd;15 Cotta, Löbtau, Naußlitz, Dölzschen;StB 9 Cotta/westliche Ortschaften;Wahlbezirk_Brief;0;0;1021;1021;1017;223;329;184;119;111;21;0;0;30;4
2005;93101;93 Löbtau-Süd;15 Cotta, Löbtau, Naußlitz, Dölzschen;StB 9 Cotta/westliche Ortschaften;Wahlbezirk_Urne;864;120;512;2;507;131;124;103;41;57;43;0;0;8;5
2005;93102;93 Löbtau-Süd;15 Cotta, Löbtau, Naußlitz, Dölzschen;StB 9 Cotta/westliche Ortschaften;Wahlbezirk_Urne;910;143;479;0;477;97;147;93;56;44;28;0;0;12;2
2005;93200;93 Löbtau-Süd;15 Cotta, Löbtau, Naußlitz, Dölzschen;StB 9 Cotta/westliche Ortschaften;Wahlbezirk_Urne;1273;198;713;0;705;159;186;142;56;112;32;0;0;18;8
2005;93300;93 Löbtau-Süd;15 Cotta, Löbtau, Naußlitz, Dölzschen;StB 9 Cotta/westliche Ortschaften;Wahlbezirk_Urne;1369;265;746;1;736;202;170;156;78;83;32;0;0;15;10
2005;93400;93 Löbtau-Süd;15 Cotta, Löbtau, Naußlitz, Dölzschen;StB 9 Cotta/westliche Ortschaften;Wahlbezirk_Urne;1481;163;954;0;935;240;275;163;94;108;32;0;0;23;19
2005;93500;93 Löbtau-Süd;15 Cotta, Löbtau, Naußlitz, Dölzschen;StB 9 Cotta/westliche Ortschaften;Wahlbezirk_Urne;1163;181;682;0;674;173;181;163;40;69;26;0;0;22;8
2005;94000;94 Naußlitz;15 Cotta, Löbtau, Naußlitz, Dölzschen;StB 9 Cotta/westliche Ortschaften;Wahlbezirk_Brief;0;0;1062;1062;1056;351;250;230;93;90;19;0;0;23;6
2005;94101;94 Naußlitz;15 Cotta, Löbtau, Naußlitz, Dölzschen;StB 9 Cotta/westliche Ortschaften;Wahlbezirk_Urne;769;100;438;1;423;99;105;93;32;62;21;0;0;11;15
2005;94102;94 Naußlitz;15 Cotta, Löbtau, Naußlitz, Dölzschen;StB 9 Cotta/westliche Ortschaften;Wahlbezirk_Urne;1002;93;661;1;650;185;159;151;34;75;31;0;0;15;11
2005;94200;94 Naußlitz;15 Cotta, Löbtau, Naußlitz, Dölzschen;StB 9 Cotta/westliche Ortschaften;Wahlbezirk_Urne;1230;183;776;3;768;211;195;144;68;110;28;0;0;12;8
2005;94400;94 Naußlitz;15 Cotta, Löbtau, Naußlitz, Dölzschen;StB 9 Cotta/westliche Ortschaften;Wahlbezirk_Urne;1102;213;704;0;700;241;170;113;52;86;17;0;0;21;4
2005;94501;94 Naußlitz;15 Cotta, Löbtau, Naußlitz, Dölzschen;StB 9 Cotta/westliche Ortschaften;Wahlbezirk_Urne;966;191;662;1;656;223;146;98;76;79;18;0;0;16;6
2005;94502;94 Naußlitz;15 Cotta, Löbtau, Naußlitz, Dölzschen;StB 9 Cotta/westliche Ortschaften;Wahlbezirk_Urne;915;135;653;0;643;213;156;127;53;57;28;0;0;9;10
2005;94600;94 Naußlitz;15 Cotta, Löbtau, Naußlitz, Dölzschen;StB 9 Cotta/westliche Ortschaften;Wahlbezirk_Urne;1331;193;880;1;874;233;198;172;81;132;39;0;0;19;6
2005;95000;95 Gorbitz-Süd;16 Gorbitz;StB 9 Cotta/westliche Ortschaften;Wahlbezirk_Brief;0;0;734;734;726;177;200;193;53;50;28;0;0;25;8
2005;95100;95 Gorbitz-Süd;16 Gorbitz;StB 9 Cotta/westliche Ortschaften;Wahlbezirk_Urne;1004;52;534;0;502;101;127;116;23;42;70;0;0;23;32
2005;95200;95 Gorbitz-Süd;16 Gorbitz;StB 9 Cotta/westliche Ortschaften;Wahlbezirk_Urne;1236;133;633;0;614;123;130;197;30;52;52;0;0;30;19
2005;95300;95 Gorbitz-Süd;16 Gorbitz;StB 9 Cotta/westliche Ortschaften;Wahlbezirk_Urne;1025;127;564;1;548;106;137;174;22;41;36;0;0;32;16
2005;95400;95 Gorbitz-Süd;16 Gorbitz;StB 9 Cotta/westliche Ortschaften;Wahlbezirk_Urne;962;108;544;0;527;123;162;160;17;26;21;0;0;18;17
2005;95500;95 Gorbitz-Süd;16 Gorbitz;StB 9 Cotta/westliche Ortschaften;Wahlbezirk_Urne;836;91;532;0;522;115;139;140;27;41;34;0;0;26;10
2005;95600;95 Gorbitz-Süd;16 Gorbitz;StB 9 Cotta/westliche Ortschaften;Wahlbezirk_Urne;1129;154;709;0;696;200;150;166;41;87;28;0;0;24;13
2005;95700;95 Gorbitz-Süd;16 Gorbitz;StB 9 Cotta/westliche Ortschaften;Wahlbezirk_Urne;865;94;500;0;487;121;107;133;19;45;43;0;0;19;13
2005;96000;96 Gorbitz-Ost;16 Gorbitz;StB 9 Cotta/westliche Ortschaften;Wahlbezirk_Brief;0;0;563;563;558;125;167;165;28;36;24;0;0;13;5
2005;96100;96 Gorbitz-Ost;16 Gorbitz;StB 9 Cotta/westliche Ortschaften;Wahlbezirk_Urne;1492;226;863;0;846;201;220;240;42;80;31;0;0;32;17
2005;96300;96 Gorbitz-Ost;16 Gorbitz;StB 9 Cotta/westliche Ortschaften;Wahlbezirk_Urne;1159;141;693;0;683;146;181;174;34;66;53;0;0;29;10
2005;96500;96 Gorbitz-Ost;16 Gorbitz;StB 9 Cotta/westliche Ortschaften;Wahlbezirk_Urne;741;66;405;2;395;110;93;108;16;31;27;0;0;10;10
2005;96600;96 Gorbitz-Ost;16 Gorbitz;StB 9 Cotta/westliche Ortschaften;Wahlbezirk_Urne;575;73;341;0;332;75;85;93;11;26;24;0;0;18;9
2005;96700;96 Gorbitz-Ost;16 Gorbitz;StB 9 Cotta/westliche Ortschaften;Wahlbezirk_Urne;992;89;578;1;567;132;120;172;25;60;38;0;0;20;11
2005;97000;97 Gorbitz-Nord/Neu-Omsewitz;16 Gorbitz;StB 9 Cotta/westliche Ortschaften;Wahlbezirk_Brief;0;0;578;578;571;131;163;150;29;32;46;0;0;20;7
2005;97100;97 Gorbitz-Nord/Neu-Omsewitz;16 Gorbitz;StB 9 Cotta/westliche Ortschaften;Wahlbezirk_Urne;1026;104;579;0;565;102;146;164;35;67;28;0;0;23;14
2005;97200;97 Gorbitz-Nord/Neu-Omsewitz;16 Gorbitz;StB 9 Cotta/westliche Ortschaften;Wahlbezirk_Urne;673;93;401;0;397;105;84;93;21;39;35;0;0;20;4
2005;97300;97 Gorbitz-Nord/Neu-Omsewitz;16 Gorbitz;StB 9 Cotta/westliche Ortschaften;Wahlbezirk_Urne;1366;145;844;0;832;166;227;208;40;110;60;0;0;21;12
2005;97500;97 Gorbitz-Nord/Neu-Omsewitz;16 Gorbitz;StB 9 Cotta/westliche Ortschaften;Wahlbezirk_Urne;1488;174;768;0;751;167;182;222;40;63;57;0;0;20;17
2005;97700;97 Gorbitz-Nord/Neu-Omsewitz;16 Gorbitz;StB 9 Cotta/westliche Ortschaften;Wahlbezirk_Urne;761;88;494;0;490;117;121;133;21;52;26;0;0;20;4
2005;98000;98 Briesnitz;17 Briesnitz und westliche OS;StB 9 Cotta/westliche Ortschaften;Wahlbezirk_Brief;0;0;1262;1262;1252;460;279;233;85;129;33;0;0;33;10
2005;98100;98 Briesnitz;17 Briesnitz und westliche OS;StB 9 Cotta/westliche Ortschaften;Wahlbezirk_Urne;1378;155;961;1;944;329;189;156;65;121;68;0;0;16;17
2005;98200;98 Briesnitz;17 Briesnitz und westliche OS;StB 9 Cotta/westliche Ortschaften;Wahlbezirk_Urne;1433;224;918;1;899;305;203;151;68;111;39;0;0;22;19
2005;98300;98 Briesnitz;17 Briesnitz und westliche OS;StB 9 Cotta/westliche Ortschaften;Wahlbezirk_Urne;1300;227;863;3;843;261;208;162;51;97;42;0;0;22;20
2005;98401;98 Briesnitz;17 Briesnitz und westliche OS;StB 9 Cotta/westliche Ortschaften;Wahlbezirk_Urne;789;124;513;0;500;141;134;102;24;54;25;0;0;20;13
2005;98402;98 Briesnitz;17 Briesnitz und westliche OS;StB 9 Cotta/westliche Ortschaften;Wahlbezirk_Urne;868;147;500;1;494;133;122;94;26;65;37;0;0;17;6
2005;98500;98 Briesnitz;17 Briesnitz und westliche OS;StB 9 Cotta/westliche Ortschaften;Wahlbezirk_Urne;1322;244;871;1;861;312;188;148;55;107;37;0;0;14;10
2005;98600;98 Briesnitz;17 Briesnitz und westliche OS;StB 9 Cotta/westliche Ortschaften;Wahlbezirk_Urne;1295;190;884;0;869;294;192;159;63;111;35;0;0;15;15
2005;99010;99 Altfranken/Gompitz;17 Briesnitz und westliche OS;StB 9 Cotta/westliche Ortschaften;Wahlbezirk_Brief;0;0;453;453;450;147;111;82;38;52;9;0;0;11;3
2005;99110;99 Altfranken/Gompitz;17 Briesnitz und westliche OS;StB 9 Cotta/westliche Ortschaften;Wahlbezirk_Urne;1379;202;996;0;979;396;195;154;49;128;40;0;0;17;17
2005;99310;99 Altfranken/Gompitz;17 Briesnitz und westliche OS;StB 9 Cotta/westliche Ortschaften;Wahlbezirk_Urne;1200;149;842;0;835;285;201;160;43;101;31;0;0;14;7
2005;99810;99 Altfranken/Gompitz;17 Briesnitz und westliche OS;StB 9 Cotta/westliche Ortschaften;Wahlbezirk_Urne;904;117;677;5;668;260;173;101;21;90;17;0;0;6;9
2009;01000;01 Innere Altstadt;01 StB Altstadt ohne Johannstadt;StB 0 Altstadt;Wahlbezirk_Brief;0;0;294;294;292;66;58;69;48;44;4;0;0;3;2
2009;01100;01 Innere Altstadt;01 StB Altstadt ohne Johannstadt;StB 0 Altstadt;Wahlbezirk_Urne;1311;300;653;1;643;185;113;154;80;87;21;0;0;3;10
2009;02000;02 Pirnaische Vorstadt;01 StB Altstadt ohne Johannstadt;StB 0 Altstadt;Wahlbezirk_Brief;0;0;856;856;849;354;115;200;84;74;15;0;0;7;7
2009;02100;02 Pirnaische Vorstadt;01 StB Altstadt ohne Johannstadt;StB 0 Altstadt;Wahlbezirk_Urne;1523;266;709;0;703;172;138;195;92;83;17;0;0;6;6
2009;02200;02 Pirnaische Vorstadt;01 StB Altstadt ohne Johannstadt;StB 0 Altstadt;Wahlbezirk_Urne;1267;198;550;1;543;153;90;154;58;58;18;0;0;12;7
2009;02400;02 Pirnaische Vorstadt;01 StB Altstadt ohne Johannstadt;StB 0 Altstadt;Wahlbezirk_Urne;1462;255;659;0;656;258;146;137;43;58;10;0;0;4;3
2009;02500;02 Pirnaische Vorstadt;01 StB Altstadt ohne Johannstadt;StB 0 Altstadt;Wahlbezirk_Urne;747;155;365;0;358;137;60;98;27;26;8;0;0;2;7
2009;03000;03 Seevorstadt-Ost;01 StB Altstadt ohne Johannstadt;StB 0 Altstadt;Wahlbezirk_Brief;0;0;1020;1020;1016;348;184;234;98;133;12;0;0;7;4
2009;03100;03 Seevorstadt-Ost;01 StB Altstadt ohne Johannstadt;StB 0 Altstadt;Wahlbezirk_Urne;1221;158;536;0;527;156;89;150;53;57;15;0;0;7;9
2009;03200;03 Seevorstadt-Ost;01 StB Altstadt ohne Johannstadt;StB 0 Altstadt;Wahlbezirk_Urne;1387;287;669;0;663;226;136;144;45;89;15;0;0;8;6
2009;03300;03 Seevorstadt-Ost;01 StB Altstadt ohne Johannstadt;StB 0 Altstadt;Wahlbezirk_Urne;1335;271;663;1;651;236;112;149;43;88;17;0;0;6;12
2009;03400;03 Seevorstadt-Ost;01 StB Altstadt ohne Johannstadt;StB 0 Altstadt;Wahlbezirk_Urne;1667;328;893;2;883;330;138;195;71;108;26;0;0;15;10
2009;04001;04 Wilsdruffer Vs./Seevs.-West;01 StB Altstadt ohne Johannstadt;StB 0 Altstadt;Wahlbezirk_Brief;0;0;687;687;682;240;115;173;62;78;4;0;0;10;5
2009;04002;04 Wilsdruffer Vs./Seevs.-West;01 StB Altstadt ohne Johannstadt;StB 0 Altstadt;Wahlbezirk_Brief;0;0;578;578;574;189;101;175;48;46;8;0;0;7;4
2009;04100;04 Wilsdruffer Vs./Seevs.-West;01 StB Altstadt ohne Johannstadt;StB 0 Altstadt;Wahlbezirk_Urne;786;220;371;0;368;127;50;80;46;52;11;0;0;2;3
2009;04200;04 Wilsdruffer Vs./Seevs.-West;01 StB Altstadt ohne Johannstadt;StB 0 Altstadt;Wahlbezirk_Urne;1063;247;417;0;411;122;95;120;23;30;15;0;0;6;6
2009;04300;04 Wilsdruffer Vs./Seevs.-West;01 StB Altstadt ohne Johannstadt;StB 0 Altstadt;Wahlbezirk_Urne;1365;236;680;1;667;204;121;197;42;61;28;0;0;14;13
2009;04400;04 Wilsdruffer Vs./Seevs.-West;01 StB Altstadt ohne Johannstadt;StB 0 Altstadt;Wahlbezirk_Urne;1153;226;474;0;463;155;88;137;28;41;10;0;0;4;11
2009;04500;04 Wilsdruffer Vs./Seevs.-West;01 StB Altstadt ohne Johannstadt;StB 0 Altstadt;Wahlbezirk_Urne;1099;168;588;0;577;175;95;182;45;54;18;0;0;8;11
2009;04600;04 Wilsdruffer Vs./Seevs.-West;01 StB Altstadt ohne Johannstadt;StB 0 Altstadt;Wahlbezirk_Urne;1021;194;535;0;522;173;82;159;39;44;16;0;0;9;13
2009;05000;05 Friedrichstadt;01 StB Altstadt ohne Johannstadt;StB 0 Altstadt;Wahlbezirk_Brief;0;0;668;668;663;188;91;117;145;97;18;0;0;7;5
2009;05100;05 Friedrichstadt;01 StB Altstadt ohne Johannstadt;StB 0 Altstadt;Wahlbezirk_Urne;1500;193;611;1;596;162;76;153;74;102;23;0;0;6;15
2009;05200;05 Friedrichstadt;01 StB Altstadt ohne Johannstadt;StB 0 Altstadt;Wahlbezirk_Urne;1828;250;701;0;688;148;114;154;127;95;38;0;0;12;13
2009;05300;05 Friedrichstadt;01 StB Altstadt ohne Johannstadt;StB 0 Altstadt;Wahlbezirk_Urne;1657;252;650;1;641;167;84;152;105;95;26;0;0;12;9
2009;06001;06 Johannstadt-Nord;02 Johannstadt;StB 0 Altstadt;Wahlbezirk_Brief;0;0;624;624;614;167;99;180;83;63;13;0;0;9;10
2009;06002;06 Johannstadt-Nord;02 Johannstadt;StB 0 Altstadt;Wahlbezirk_Brief;0;0;790;790;782;214;146;125;166;116;10;0;0;5;8
2009;06100;06 Johannstadt-Nord;02 Johannstadt;StB 0 Altstadt;Wahlbezirk_Urne;1286;169;743;0;728;242;151;190;33;77;24;0;0;11;15
2009;06200;06 Johannstadt-Nord;02 Johannstadt;StB 0 Altstadt;Wahlbezirk_Urne;1166;185;560;0;552;159;95;131;88;59;14;0;0;6;8
2009;06300;06 Johannstadt-Nord;02 Johannstadt;StB 0 Altstadt;Wahlbezirk_Urne;998;126;474;0;466;141;79;163;16;39;25;0;0;3;8
2009;06400;06 Johannstadt-Nord;02 Johannstadt;StB 0 Altstadt;Wahlbezirk_Urne;1044;160;540;0;533;167;111;130;56;53;10;0;0;6;7
2009;06500;06 Johannstadt-Nord;02 Johannstadt;StB 0 Altstadt;Wahlbezirk_Urne;1607;328;900;1;896;187;206;184;198;94;21;0;0;6;4
2009;06600;06 Johannstadt-Nord;02 Johannstadt;StB 0 Altstadt;Wahlbezirk_Urne;1387;223;674;0;661;201;108;148;80;97;18;0;0;9;13
2009;06700;06 Johannstadt-Nord;02 Johannstadt;StB 0 Altstadt;Wahlbezirk_Urne;1468;269;596;2;592;167;89;117;125;84;8;0;0;2;4
2009;07001;07 Johannstadt-Süd;02 Johannstadt;StB 0 Altstadt;Wahlbezirk_Brief;0;0;909;909;906;371;114;225;73;96;16;0;0;11;3
2009;07002;07 Johannstadt-Süd;02 Johannstadt;StB 0 Altstadt;Wahlbezirk_Brief;0;0;962;962;956;349;157;277;75;74;15;0;0;9;6
2009;07100;07 Johannstadt-Süd;02 Johannstadt;StB 0 Altstadt;Wahlbezirk_Urne;1243;218;688;1;679;254;123;162;38;70;25;0;0;7;9
2009;07200;07 Johannstadt-Süd;02 Johannstadt;StB 0 Altstadt;Wahlbezirk_Urne;973;188;537;0;526;214;88;138;24;45;10;0;0;7;11
2009;07300;07 Johannstadt-Süd;02 Johannstadt;StB 0 Altstadt;Wahlbezirk_Urne;1260;222;655;0;649;239;107;165;40;81;10;0;0;7;6
2009;07401;07 Johannstadt-Süd;02 Johannstadt;StB 0 Altstadt;Wahlbezirk_Urne;952;181;446;1;440;179;70;115;20;39;14;0;0;3;6
2009;07402;07 Johannstadt-Süd;02 Johannstadt;StB 0 Altstadt;Wahlbezirk_Urne;772;123;434;0;427;139;78;107;26;61;14;0;0;2;7
2009;07500;07 Johannstadt-Süd;02 Johannstadt;StB 0 Altstadt;Wahlbezirk_Urne;1330;242;648;0;642;217;116;181;37;66;10;0;0;15;6
2009;07600;07 Johannstadt-Süd;02 Johannstadt;StB 0 Altstadt;Wahlbezirk_Urne;1035;207;497;0;493;148;116;167;17;27;15;0;0;3;4
2009;07700;07 Johannstadt-Süd;02 Johannstadt;StB 0 Altstadt;Wahlbezirk_Urne;1003;190;513;0;504;141;72;178;30;56;18;0;0;9;9
2009;07800;07 Johannstadt-Süd;02 Johannstadt;StB 0 Altstadt;Wahlbezirk_Urne;1070;155;523;0;516;168;66;172;31;54;16;0;0;9;7
2009;07900;07 Johannstadt-Süd;02 Johannstadt;StB 0 Altstadt;Wahlbezirk_Urne;1043;192;523;0;509;163;81;149;37;56;19;0;0;4;14
2009;11001;11 Äußere Neustadt (Antonstadt);03 StB Neustadt ohne Leipziger Vorstadt;StB 1 Neustadt;Wahlbezirk_Brief;0;0;851;851;845;177;141;123;321;74;3;0;0;6;6
2009;11002;11 Äußere Neustadt (Antonstadt);03 StB Neustadt ohne Leipziger Vorstadt;StB 1 Neustadt;Wahlbezirk_Brief;0;0;792;792;785;114;139;100;364;62;3;0;0;3;7
2009;11003;11 Äußere Neustadt (Antonstadt);03 StB Neustadt ohne Leipziger Vorstadt;StB 1 Neustadt;Wahlbezirk_Brief;0;0;738;738;728;128;122;100;313;56;4;0;0;5;10
2009;11100;11 Äußere Neustadt (Antonstadt);03 StB Neustadt ohne Leipziger Vorstadt;StB 1 Neustadt;Wahlbezirk_Urne;1457;290;703;4;693;118;120;112;262;67;5;0;0;9;10
2009;11200;11 Äußere Neustadt (Antonstadt);03 StB Neustadt ohne Leipziger Vorstadt;StB 1 Neustadt;Wahlbezirk_Urne;1304;274;678;2;674;109;139;105;246;63;3;0;0;9;4
2009;11300;11 Äußere Neustadt (Antonstadt);03 StB Neustadt ohne Leipziger Vorstadt;StB 1 Neustadt;Wahlbezirk_Urne;1469;244;762;1;753;122;131;157;235;91;16;0;0;1;9
2009;11400;11 Äußere Neustadt (Antonstadt);03 StB Neustadt ohne Leipziger Vorstadt;StB 1 Neustadt;Wahlbezirk_Urne;1427;264;712;3;699;140;118;111;251;66;6;0;0;7;13
2009;11500;11 Äußere Neustadt (Antonstadt);03 StB Neustadt ohne Leipziger Vorstadt;StB 1 Neustadt;Wahlbezirk_Urne;1514;270;848;0;830;119;115;143;369;74;3;0;0;7;18
2009;11601;11 Äußere Neustadt (Antonstadt);03 StB Neustadt ohne Leipziger Vorstadt;StB 1 Neustadt;Wahlbezirk_Urne;1182;263;665;2;658;93;117;109;275;46;10;0;0;8;7
2009;11602;11 Äußere Neustadt (Antonstadt);03 StB Neustadt ohne Leipziger Vorstadt;StB 1 Neustadt;Wahlbezirk_Urne;1233;290;664;3;655;86;111;130;241;70;12;0;0;5;9
2009;11700;11 Äußere Neustadt (Antonstadt);03 StB Neustadt ohne Leipziger Vorstadt;StB 1 Neustadt;Wahlbezirk_Urne;1498;323;805;5;791;114;114;157;319;71;5;0;0;11;14
2009;11800;11 Äußere Neustadt (Antonstadt);03 StB Neustadt ohne Leipziger Vorstadt;StB 1 Neustadt;Wahlbezirk_Urne;1301;276;605;1;594;108;83;125;204;63;7;0;0;4;11
2009;12000;12 Radeberger Vorstadt;03 StB Neustadt ohne Leipziger Vorstadt;StB 1 Neustadt;Wahlbezirk_Brief;0;0;576;576;572;179;64;120;136;66;3;0;0;4;4
2009;12001;12 Radeberger Vorstadt;03 StB Neustadt ohne Leipziger Vorstadt;StB 1 Neustadt;Wahlbezirk_Brief;0;0;536;536;534;175;72;97;125;53;5;0;0;7;2
2009;12100;12 Radeberger Vorstadt;03 StB Neustadt ohne Leipziger Vorstadt;StB 1 Neustadt;Wahlbezirk_Urne;948;211;580;0;572;144;90;85;195;52;0;0;0;6;8
2009;12201;12 Radeberger Vorstadt;03 StB Neustadt ohne Leipziger Vorstadt;StB 1 Neustadt;Wahlbezirk_Urne;1333;305;777;6;772;219;117;103;187;123;14;0;0;9;5
2009;12202;12 Radeberger Vorstadt;03 StB Neustadt ohne Leipziger Vorstadt;StB 1 Neustadt;Wahlbezirk_Urne;1188;255;666;0;660;186;94;115;129;115;12;0;0;9;6
2009;12300;12 Radeberger Vorstadt;03 StB Neustadt ohne Leipziger Vorstadt;StB 1 Neustadt;Wahlbezirk_Urne;1184;215;621;1;612;147;78;164;109;99;10;0;0;5;9
2009;12400;12 Radeberger Vorstadt;03 StB Neustadt ohne Leipziger Vorstadt;StB 1 Neustadt;Wahlbezirk_Urne;1444;158;713;0;695;156;70;256;62;96;38;0;0;17;18
2009;13000;13 Innere Neustadt;03 StB Neustadt ohne Leipziger Vorstadt;StB 1 Neustadt;Wahlbezirk_Brief;0;0;584;584;583;178;84;123;123;65;8;0;0;2;1
2009;13001;13 Innere Neustadt;03 StB Neustadt ohne Leipziger Vorstadt;StB 1 Neustadt;Wahlbezirk_Brief;0;0;534;534;532;165;95;117;97;53;1;0;0;4;2
2009;13100;13 Innere Neustadt;03 StB Neustadt ohne Leipziger Vorstadt;StB 1 Neustadt;Wahlbezirk_Urne;1100;305;486;0;481;115;84;120;80;70;8;0;0;4;5
2009;13200;13 Innere Neustadt;03 StB Neustadt ohne Leipziger Vorstadt;StB 1 Neustadt;Wahlbezirk_Urne;1265;314;572;0;563;140;107;203;47;48;13;0;0;5;9
2009;13300;13 Innere Neustadt;03 StB Neustadt ohne Leipziger Vorstadt;StB 1 Neustadt;Wahlbezirk_Urne;1169;212;648;0;631;126;121;117;179;72;10;0;0;6;17
2009;13400;13 Innere Neustadt;03 StB Neustadt ohne Leipziger Vorstadt;StB 1 Neustadt;Wahlbezirk_Urne;1255;318;611;1;607;182;96;133;131;58;4;0;0;3;4
2009;14001;14 Leipziger Vorstadt;04 Leipziger Vorstadt, Pieschen;StB 1 Neustadt;Wahlbezirk_Brief;0;0;645;645;640;118;101;113;234;70;2;0;0;2;5
2009;14002;14 Leipziger Vorstadt;04 Leipziger Vorstadt, Pieschen;StB 1 Neustadt;Wahlbezirk_Brief;0;0;713;713;705;164;107;115;234;74;7;0;0;4;8
2009;14100;14 Leipziger Vorstadt;04 Leipziger Vorstadt, Pieschen;StB 1 Neustadt;Wahlbezirk_Urne;692;109;322;0;313;87;37;86;60;29;10;0;0;4;9
2009;14200;14 Leipziger Vorstadt;04 Leipziger Vorstadt, Pieschen;StB 1 Neustadt;Wahlbezirk_Urne;1518;278;733;0;711;101;95;157;251;83;15;0;0;9;22
2009;14300;14 Leipziger Vorstadt;04 Leipziger Vorstadt, Pieschen;StB 1 Neustadt;Wahlbezirk_Urne;1584;278;841;1;821;107;154;191;275;73;14;0;0;7;20
2009;14401;14 Leipziger Vorstadt;04 Leipziger Vorstadt, Pieschen;StB 1 Neustadt;Wahlbezirk_Urne;1074;176;559;0;550;71;83;127;199;50;7;0;0;13;9
2009;14402;14 Leipziger Vorstadt;04 Leipziger Vorstadt, Pieschen;StB 1 Neustadt;Wahlbezirk_Urne;1086;204;594;0;586;104;90;113;203;56;12;0;0;8;8
2009;14500;14 Leipziger Vorstadt;04 Leipziger Vorstadt, Pieschen;StB 1 Neustadt;Wahlbezirk_Urne;1305;180;718;2;710;148;107;188;170;77;11;0;0;9;8
2009;14600;14 Leipziger Vorstadt;04 Leipziger Vorstadt, Pieschen;StB 1 Neustadt;Wahlbezirk_Urne;1362;177;736;0;728;237;96;198;71;96;18;0;0;12;8
2009;15000;15 Albertstadt;03 StB Neustadt ohne Leipziger Vorstadt;StB 1 Neustadt;Wahlbezirk_Brief;0;0;290;290;287;81;37;81;58;22;6;0;0;2;3
2009;15100;15 Albertstadt;03 StB Neustadt ohne Leipziger Vorstadt;StB 1 Neustadt;Wahlbezirk_Urne;845;171;273;0;265;74;32;59;53;30;11;0;0;6;8
2009;15300;15 Albertstadt;03 StB Neustadt ohne Leipziger Vorstadt;StB 1 Neustadt;Wahlbezirk_Urne;873;136;461;0;452;149;49;98;78;61;12;0;0;5;9
2009;21000;21 Pieschen-Süd;04 Leipziger Vorstadt, Pieschen;StB 2 Pieschen;Wahlbezirk_Brief;0;0;994;994;986;255;132;183;260;115;29;0;0;12;8
2009;21100;21 Pieschen-Süd;04 Leipziger Vorstadt, Pieschen;StB 2 Pieschen;Wahlbezirk_Urne;1192;172;577;0;561;118;70;139;106;90;26;0;0;12;16
2009;21200;21 Pieschen-Süd;04 Leipziger Vorstadt, Pieschen;StB 2 Pieschen;Wahlbezirk_Urne;1426;161;725;0;711;193;109;144;130;103;20;0;0;12;14
2009;21301;21 Pieschen-Süd;04 Leipziger Vorstadt, Pieschen;StB 2 Pieschen;Wahlbezirk_Urne;1297;154;584;1;576;161;71;120;103;90;19;0;0;12;8
2009;21302;21 Pieschen-Süd;04 Leipziger Vorstadt, Pieschen;StB 2 Pieschen;Wahlbezirk_Urne;1454;186;656;3;647;173;86;149;116;95;20;0;0;8;9
2009;21400;21 Pieschen-Süd;04 Leipziger Vorstadt, Pieschen;StB 2 Pieschen;Wahlbezirk_Urne;1395;185;677;3;663;172;97;147;136;82;24;0;0;5;14
2009;21500;21 Pieschen-Süd;04 Leipziger Vorstadt, Pieschen;StB 2 Pieschen;Wahlbezirk_Urne;1388;176;608;0;592;172;65;146;95;88;21;0;0;5;16
2009;22000;22 Mickten;05 Mickten, Kaditz, Trachau;StB 2 Pieschen;Wahlbezirk_Brief;0;0;1050;1050;1043;380;125;202;146;152;22;0;0;16;7
2009;22100;22 Mickten;05 Mickten, Kaditz, Trachau;StB 2 Pieschen;Wahlbezirk_Urne;1441;146;760;1;754;210;115;188;86;111;29;0;0;15;6
2009;22200;22 Mickten;05 Mickten, Kaditz, Trachau;StB 2 Pieschen;Wahlbezirk_Urne;1157;118;524;0;511;181;61;110;46;92;16;0;0;5;13
2009;22300;22 Mickten;05 Mickten, Kaditz, Trachau;StB 2 Pieschen;Wahlbezirk_Urne;1182;117;507;0;501;171;58;140;26;73;22;0;0;11;6
2009;22400;22 Mickten;05 Mickten, Kaditz, Trachau;StB 2 Pieschen;Wahlbezirk_Urne;961;101;506;0;493;169;78;142;26;43;31;0;0;4;13
2009;22501;22 Mickten;05 Mickten, Kaditz, Trachau;StB 2 Pieschen;Wahlbezirk_Urne;1462;148;782;5;772;269;97;174;68;121;21;0;0;22;10
2009;22502;22 Mickten;05 Mickten, Kaditz, Trachau;StB 2 Pieschen;Wahlbezirk_Urne;1448;196;638;0;629;178;77;142;78;133;17;0;0;4;9
2009;22600;22 Mickten;05 Mickten, Kaditz, Trachau;StB 2 Pieschen;Wahlbezirk_Urne;1022;122;507;1;504;160;79;111;45;83;18;0;0;8;3
2009;22700;22 Mickten;05 Mickten, Kaditz, Trachau;StB 2 Pieschen;Wahlbezirk_Urne;1037;133;566;1;561;200;92;122;47;69;21;0;0;10;5
2009;23000;23 Kaditz;05 Mickten, Kaditz, Trachau;StB 2 Pieschen;Wahlbezirk_Brief;0;0;479;479;474;208;63;88;26;68;17;0;0;4;5
2009;23100;23 Kaditz;05 Mickten, Kaditz, Trachau;StB 2 Pieschen;Wahlbezirk_Urne;1050;122;486;0;478;165;58;104;32;81;33;0;0;5;8
2009;23200;23 Kaditz;05 Mickten, Kaditz, Trachau;StB 2 Pieschen;Wahlbezirk_Urne;1312;140;557;2;552;193;62;134;46;81;28;0;0;8;5
2009;23300;23 Kaditz;05 Mickten, Kaditz, Trachau;StB 2 Pieschen;Wahlbezirk_Urne;1073;147;581;4;572;255;56;99;34;106;15;0;0;7;9
2009;23400;23 Kaditz;05 Mickten, Kaditz, Trachau;StB 2 Pieschen;Wahlbezirk_Urne;1117;88;631;0;625;237;86;132;30;95;31;0;0;14;6
2009;24001;24 Trachau;05 Mickten, Kaditz, Trachau;StB 2 Pieschen;Wahlbezirk_Brief;0;0;655;655;651;209;87;105;137;94;11;0;0;8;4
2009;24002;24 Trachau;05 Mickten, Kaditz, Trachau;StB 2 Pieschen;Wahlbezirk_Brief;0;0;584;584;580;207;90;158;58;52;10;0;0;5;4
2009;24100;24 Trachau;05 Mickten, Kaditz, Trachau;StB 2 Pieschen;Wahlbezirk_Urne;943;106;496;0;489;168;78;93;51;75;16;0;0;8;7
2009;24200;24 Trachau;05 Mickten, Kaditz, Trachau;StB 2 Pieschen;Wahlbezirk_Urne;1089;179;687;0;685;213;121;137;127;77;3;0;0;7;2
2009;24300;24 Trachau;05 Mickten, Kaditz, Trachau;StB 2 Pieschen;Wahlbezirk_Urne;1099;196;682;0;675;223;90;158;107;74;13;0;0;10;7
2009;24400;24 Trachau;05 Mickten, Kaditz, Trachau;StB 2 Pieschen;Wahlbezirk_Urne;1324;189;753;0;752;227;107;159;122;114;15;0;0;8;1
2009;24500;24 Trachau;05 Mickten, Kaditz, Trachau;StB 2 Pieschen;Wahlbezirk_Urne;805;118;437;2;431;138;66;113;38;64;8;0;0;4;6
2009;24600;24 Trachau;05 Mickten, Kaditz, Trachau;StB 2 Pieschen;Wahlbezirk_Urne;766;137;351;0;343;125;57;86;17;40;9;0;0;9;8
2009;24700;24 Trachau;05 Mickten, Kaditz, Trachau;StB 2 Pieschen;Wahlbezirk_Urne;1134;150;587;0;582;219;79;144;44;70;19;0;0;7;5
2009;24800;24 Trachau;05 Mickten, Kaditz, Trachau;StB 2 Pieschen;Wahlbezirk_Urne;1065;192;604;0;602;241;93;119;53;76;17;0;0;3;2
2009;25001;25 Pieschen-N/Trachenberge;04 Leipziger Vorstadt, Pieschen;StB 2 Pieschen;Wahlbezirk_Brief;0;0;605;605;603;201;85;118;82;90;20;0;0;7;2
2009;25002;25 Pieschen-N/Trachenberge;04 Leipziger Vorstadt, Pieschen;StB 2 Pieschen;Wahlbezirk_Brief;0;0;618;618;612;196;91;121;96;90;12;0;0;6;6
2009;25100;25 Pieschen-N/Trachenberge;04 Leipziger Vorstadt, Pieschen;StB 2 Pieschen;Wahlbezirk_Urne;1359;139;672;1;663;209;78;160;84;94;26;0;0;12;9
2009;25200;25 Pieschen-N/Trachenberge;04 Leipziger Vorstadt, Pieschen;StB 2 Pieschen;Wahlbezirk_Urne;1251;170;548;0;540;164;71;133;59;89;18;0;0;6;8
2009;25300;25 Pieschen-N/Trachenberge;04 Leipziger Vorstadt, Pieschen;StB 2 Pieschen;Wahlbezirk_Urne;1230;136;656;0;644;225;98;132;46;103;28;0;0;12;12
2009;25400;25 Pieschen-N/Trachenberge;04 Leipziger Vorstadt, Pieschen;StB 2 Pieschen;Wahlbezirk_Urne;1602;180;760;0;752;229;92;128;88;161;43;0;0;11;8
2009;25500;25 Pieschen-N/Trachenberge;04 Leipziger Vorstadt, Pieschen;StB 2 Pieschen;Wahlbezirk_Urne;1661;204;743;1;727;223;114;140;104;109;31;0;0;6;16
2009;25600;25 Pieschen-N/Trachenberge;04 Leipziger Vorstadt, Pieschen;StB 2 Pieschen;Wahlbezirk_Urne;907;140;438;0;434;164;67;86;36;57;19;0;0;5;4
2009;25700;25 Pieschen-N/Trachenberge;04 Leipziger Vorstadt, Pieschen;StB 2 Pieschen;Wahlbezirk_Urne;1621;289;848;0;836;268;128;198;93;102;37;0;0;10;12
2009;31001;31 Klotzsche;06 StB Klotzsche und nördliche OS;StB 3 Klotzsche/nördliche Ortschaften;Wahlbezirk_Brief;0;0;720;720;716;268;95;181;81;74;7;0;0;10;4
2009;31002;31 Klotzsche;06 StB Klotzsche und nördliche OS;StB 3 Klotzsche/nördliche Ortschaften;Wahlbezirk_Brief;0;0;839;839;833;333;105;164;91;116;11;0;0;13;6
2009;31100;31 Klotzsche;06 StB Klotzsche und nördliche OS;StB 3 Klotzsche/nördliche Ortschaften;Wahlbezirk_Urne;1559;246;837;1;830;340;117;127;96;116;26;0;0;8;7
2009;31200;31 Klotzsche;06 StB Klotzsche und nördliche OS;StB 3 Klotzsche/nördliche Ortschaften;Wahlbezirk_Urne;1470;199;792;1;780;243;137;229;51;82;29;0;0;9;12
2009;31300;31 Klotzsche;06 StB Klotzsche und nördliche OS;StB 3 Klotzsche/nördliche Ortschaften;Wahlbezirk_Urne;1119;134;651;0;644;236;84;178;32;82;20;0;0;12;7
2009;31400;31 Klotzsche;06 StB Klotzsche und nördliche OS;StB 3 Klotzsche/nördliche Ortschaften;Wahlbezirk_Urne;1145;179;697;0;690;268;88;153;54;100;18;0;0;9;7
2009;31500;31 Klotzsche;06 StB Klotzsche und nördliche OS;StB 3 Klotzsche/nördliche Ortschaften;Wahlbezirk_Urne;1065;160;636;2;626;215;97;117;69;105;12;0;0;11;10
2009;31601;31 Klotzsche;06 StB Klotzsche und nördliche OS;StB 3 Klotzsche/nördliche Ortschaften;Wahlbezirk_Urne;1095;164;669;0;665;236;102;122;66;110;22;0;0;7;4
2009;31602;31 Klotzsche;06 StB Klotzsche und nördliche OS;StB 3 Klotzsche/nördliche Ortschaften;Wahlbezirk_Urne;987;188;620;1;615;253;89;74;74;112;10;0;0;3;5
2009;31701;31 Klotzsche;06 StB Klotzsche und nördliche OS;StB 3 Klotzsche/nördliche Ortschaften;Wahlbezirk_Urne;1007;147;536;0;532;163;69;166;38;71;20;0;0;5;4
2009;31702;31 Klotzsche;06 StB Klotzsche und nördliche OS;StB 3 Klotzsche/nördliche Ortschaften;Wahlbezirk_Urne;950;109;512;1;509;163;68;146;31;75;15;0;0;11;3
2009;31800;31 Klotzsche;06 StB Klotzsche und nördliche OS;StB 3 Klotzsche/nördliche Ortschaften;Wahlbezirk_Urne;858;76;460;0;453;137;73;140;33;43;19;0;0;8;7
2009;32000;32 Hellerau/Wilschdorf;06 StB Klotzsche und nördliche OS;StB 3 Klotzsche/nördliche Ortschaften;Wahlbezirk_Brief;0;0;705;705;691;283;85;136;67;104;11;0;0;5;14
2009;32100;32 Hellerau/Wilschdorf;06 StB Klotzsche und nördliche OS;StB 3 Klotzsche/nördliche Ortschaften;Wahlbezirk_Urne;1451;187;858;0;847;372;92;140;51;136;48;0;0;8;11
2009;32201;32 Hellerau/Wilschdorf;06 StB Klotzsche und nördliche OS;StB 3 Klotzsche/nördliche Ortschaften;Wahlbezirk_Urne;895;107;520;1;511;237;48;80;23;101;15;0;0;7;9
2009;32202;32 Hellerau/Wilschdorf;06 StB Klotzsche und nördliche OS;StB 3 Klotzsche/nördliche Ortschaften;Wahlbezirk_Urne;831;126;463;0;463;190;54;96;30;74;13;0;0;6;0
2009;32300;32 Hellerau/Wilschdorf;06 StB Klotzsche und nördliche OS;StB 3 Klotzsche/nördliche Ortschaften;Wahlbezirk_Urne;909;125;601;0;596;230;107;99;45;95;15;0;0;5;5
2009;32400;32 Hellerau/Wilschdorf;06 StB Klotzsche und nördliche OS;StB 3 Klotzsche/nördliche Ortschaften;Wahlbezirk_Urne;1172;180;767;1;756;242;125;134;129;101;18;0;0;7;11
2009;35010;35 Weixdorf;06 StB Klotzsche und nördliche OS;StB 3 Klotzsche/nördliche Ortschaften;Wahlbezirk_Brief;0;0;510;510;509;222;47;101;71;48;13;0;0;7;1
2009;35110;35 Weixdorf;06 StB Klotzsche und nördliche OS;StB 3 Klotzsche/nördliche Ortschaften;Wahlbezirk_Urne;1256;152;793;1;775;289;134;142;61;116;26;0;0;7;18
2009;35310;35 Weixdorf;06 StB Klotzsche und nördliche OS;StB 3 Klotzsche/nördliche Ortschaften;Wahlbezirk_Urne;1045;90;687;0;681;279;96;115;52;102;28;0;0;9;6
2009;35410;35 Weixdorf;06 StB Klotzsche und nördliche OS;StB 3 Klotzsche/nördliche Ortschaften;Wahlbezirk_Urne;1261;139;795;1;782;286;95;157;77;121;34;0;0;12;13
2009;35510;35 Weixdorf;06 StB Klotzsche und nördliche OS;StB 3 Klotzsche/nördliche Ortschaften;Wahlbezirk_Urne;1149;133;688;0;674;302;73;104;45;118;24;0;0;8;14
2009;35610;35 Weixdorf;06 StB Klotzsche und nördliche OS;StB 3 Klotzsche/nördliche Ortschaften;Wahlbezirk_Urne;246;14;122;0;120;44;14;25;6;20;8;0;0;3;2
2009;36010;36 Langebrück/Schönborn;06 StB Klotzsche und nördliche OS;StB 3 Klotzsche/nördliche Ortschaften;Wahlbezirk_Brief;0;0;443;443;442;175;58;78;58;62;5;0;0;6;1
2009;36110;36 Langebrück/Schönborn;06 StB Klotzsche und nördliche OS;StB 3 Klotzsche/nördliche Ortschaften;Wahlbezirk_Urne;951;96;595;0;582;234;73;105;49;94;16;0;0;11;13
2009;36210;36 Langebrück/Schönborn;06 StB Klotzsche und nördliche OS;StB 3 Klotzsche/nördliche Ortschaften;Wahlbezirk_Urne;1174;144;713;2;705;283;103;106;85;101;22;0;0;5;8
2009;36310;36 Langebrück/Schönborn;06 StB Klotzsche und nördliche OS;StB 3 Klotzsche/nördliche Ortschaften;Wahlbezirk_Urne;860;197;521;0;519;188;89;101;42;84;8;0;0;7;2
2009;36410;36 Langebrück/Schönborn;06 StB Klotzsche und nördliche OS;StB 3 Klotzsche/nördliche Ortschaften;Wahlbezirk_Urne;393;32;297;0;293;95;32;50;33;60;18;0;0;5;4
2009;41000;41 Loschwitz/Wachwitz;07 StB Loschwitz und OS Schönfeld-Weißig;StB 4 Loschwitz/OS Schönfeld-Weißig;Wahlbezirk_Brief;0;0;502;502;499;198;67;71;87;71;4;0;0;1;3
2009;41001;41 Loschwitz/Wachwitz;07 StB Loschwitz und OS Schönfeld-Weißig;StB 4 Loschwitz/OS Schönfeld-Weißig;Wahlbezirk_Brief;0;0;473;473;473;197;60;54;77;80;3;0;0;2;0
2009;41100;41 Loschwitz/Wachwitz;07 StB Loschwitz und OS Schönfeld-Weißig;StB 4 Loschwitz/OS Schönfeld-Weißig;Wahlbezirk_Urne;1311;312;734;1;720;231;98;102;157;115;11;0;0;6;14
2009;41200;41 Loschwitz/Wachwitz;07 StB Loschwitz und OS Schönfeld-Weißig;StB 4 Loschwitz/OS Schönfeld-Weißig;Wahlbezirk_Urne;1162;208;698;1;692;241;102;96;123;121;7;0;0;2;6
2009;41300;41 Loschwitz/Wachwitz;07 StB Loschwitz und OS Schönfeld-Weißig;StB 4 Loschwitz/OS Schönfeld-Weißig;Wahlbezirk_Urne;831;214;479;0;477;179;66;56;88;78;8;0;0;2;2
2009;41400;41 Loschwitz/Wachwitz;07 StB Loschwitz und OS Schönfeld-Weißig;StB 4 Loschwitz/OS Schönfeld-Weißig;Wahlbezirk_Urne;1007;266;532;2;527;160;88;74;98;84;16;0;0;7;5
2009;42001;42 Bühlau/Weißer Hirsch;07 StB Loschwitz und OS Schönfeld-Weißig;StB 4 Loschwitz/OS Schönfeld-Weißig;Wahlbezirk_Brief;0;0;804;804;801;307;114;100;161;109;9;0;0;1;3
2009;42002;42 Bühlau/Weißer Hirsch;07 StB Loschwitz und OS Schönfeld-Weißig;StB 4 Loschwitz/OS Schönfeld-Weißig;Wahlbezirk_Brief;0;0;786;786;779;332;107;131;102;88;11;0;0;8;7
2009;42100;42 Bühlau/Weißer Hirsch;07 StB Loschwitz und OS Schönfeld-Weißig;StB 4 Loschwitz/OS Schönfeld-Weißig;Wahlbezirk_Urne;1266;297;719;2;715;232;98;96;156;116;12;0;0;5;4
2009;42200;42 Bühlau/Weißer Hirsch;07 StB Loschwitz und OS Schönfeld-Weißig;StB 4 Loschwitz/OS Schönfeld-Weißig;Wahlbezirk_Urne;1390;312;833;0;828;302;136;104;139;132;7;0;0;8;5
2009;42400;42 Bühlau/Weißer Hirsch;07 StB Loschwitz und OS Schönfeld-Weißig;StB 4 Loschwitz/OS Schönfeld-Weißig;Wahlbezirk_Urne;1236;228;733;1;723;306;107;102;107;84;8;0;0;9;10
2009;42500;42 Bühlau/Weißer Hirsch;07 StB Loschwitz und OS Schönfeld-Weißig;StB 4 Loschwitz/OS Schönfeld-Weißig;Wahlbezirk_Urne;1202;192;742;1;735;287;116;143;73;85;20;0;0;11;7
2009;42600;42 Bühlau/Weißer Hirsch;07 StB Loschwitz und OS Schönfeld-Weißig;StB 4 Loschwitz/OS Schönfeld-Weißig;Wahlbezirk_Urne;1001;205;557;0;553;215;92;57;72;89;22;0;0;6;4
2009;42700;42 Bühlau/Weißer Hirsch;07 StB Loschwitz und OS Schönfeld-Weißig;StB 4 Loschwitz/OS Schönfeld-Weißig;Wahlbezirk_Urne;1193;203;706;0;696;256;127;117;76;90;24;0;0;6;10
2009;42800;42 Bühlau/Weißer Hirsch;07 StB Loschwitz und OS Schönfeld-Weißig;StB 4 Loschwitz/OS Schönfeld-Weißig;Wahlbezirk_Urne;720;117;441;0;439;139;77;86;67;55;10;0;0;5;2
2009;42900;42 Bühlau/Weißer Hirsch;07 StB Loschwitz und OS Schönfeld-Weißig;StB 4 Loschwitz/OS Schönfeld-Weißig;Wahlbezirk_Urne;691;89;420;0;419;174;55;74;56;48;7;0;0;5;1
2009;43000;43 Hosterwitz/Pillnitz;07 StB Loschwitz und OS Schönfeld-Weißig;StB 4 Loschwitz/OS Schönfeld-Weißig;Wahlbezirk_Brief;0;0;494;494;488;178;72;73;101;51;9;0;0;4;6
2009;43100;43 Hosterwitz/Pillnitz;07 StB Loschwitz und OS Schönfeld-Weißig;StB 4 Loschwitz/OS Schönfeld-Weißig;Wahlbezirk_Urne;508;91;289;0;284;121;30;42;42;33;10;0;0;6;5
2009;43200;43 Hosterwitz/Pillnitz;07 StB Loschwitz und OS Schönfeld-Weißig;StB 4 Loschwitz/OS Schönfeld-Weißig;Wahlbezirk_Urne;962;204;477;0;471;156;81;90;63;59;11;0;0;11;6
2009;43300;43 Hosterwitz/Pillnitz;07 StB Loschwitz und OS Schönfeld-Weißig;StB 4 Loschwitz/OS Schönfeld-Weißig;Wahlbezirk_Urne;570;109;323;1;320;88;67;56;58;42;5;0;0;4;3
2009;43400;43 Hosterwitz/Pillnitz;07 StB Loschwitz und OS Schönfeld-Weißig;StB 4 Loschwitz/OS Schönfeld-Weißig;Wahlbezirk_Urne;798;104;459;1;455;159;60;94;63;68;7;0;0;4;4
2009;45010;45 Weißig;07 StB Loschwitz und OS Schönfeld-Weißig;StB 4 Loschwitz/OS Schönfeld-Weißig;Wahlbezirk_Brief;0;0;627;627;621;254;79;111;55;100;14;0;0;8;6
2009;45110;45 Weißig;07 StB Loschwitz und OS Schönfeld-Weißig;StB 4 Loschwitz/OS Schönfeld-Weißig;Wahlbezirk_Urne;975;146;622;0;615;245;93;97;54;114;11;0;0;1;7
2009;45210;45 Weißig;07 StB Loschwitz und OS Schönfeld-Weißig;StB 4 Loschwitz/OS Schönfeld-Weißig;Wahlbezirk_Urne;852;127;467;0;448;169;70;88;14;86;18;0;0;3;19
2009;45310;45 Weißig;07 StB Loschwitz und OS Schönfeld-Weißig;StB 4 Loschwitz/OS Schönfeld-Weißig;Wahlbezirk_Urne;1405;154;657;0;645;252;92;134;30;102;27;0;0;8;12
2009;45410;45 Weißig;07 StB Loschwitz und OS Schönfeld-Weißig;StB 4 Loschwitz/OS Schönfeld-Weißig;Wahlbezirk_Urne;824;114;495;0;488;230;43;78;41;77;15;0;0;4;7
2009;45510;45 Weißig;07 StB Loschwitz und OS Schönfeld-Weißig;StB 4 Loschwitz/OS Schönfeld-Weißig;Wahlbezirk_Urne;597;102;331;0;325;154;49;42;32;35;12;0;0;1;6
2009;46011;46 Gönnsdorf/Pappritz;07 StB Loschwitz und OS Schönfeld-Weißig;StB 4 Loschwitz/OS Schönfeld-Weißig;Wahlbezirk_Brief;0;0;483;483;482;191;52;75;62;89;10;0;0;3;1
2009;46110;46 Gönnsdorf/Pappritz;07 StB Loschwitz und OS Schönfeld-Weißig;StB 4 Loschwitz/OS Schönfeld-Weißig;Wahlbezirk_Urne;775;130;489;3;485;200;74;83;34;78;12;0;0;4;4
2009;46210;46 Gönnsdorf/Pappritz;07 StB Loschwitz und OS Schönfeld-Weißig;StB 4 Loschwitz/OS Schönfeld-Weißig;Wahlbezirk_Urne;830;123;542;0;537;226;63;84;38;103;18;0;0;5;5
2009;46310;46 Gönnsdorf/Pappritz;07 StB Loschwitz und OS Schönfeld-Weißig;StB 4 Loschwitz/OS Schönfeld-Weißig;Wahlbezirk_Urne;724;157;441;0;433;175;70;65;53;56;8;0;0;6;8
2009;46410;46 Gönnsdorf/Pappritz;07 StB Loschwitz und OS Schönfeld-Weißig;StB 4 Loschwitz/OS Schönfeld-Weißig;Wahlbezirk_Urne;774;89;464;0;460;208;62;60;28;77;19;0;0;6;4
2009;47011;47 Schönfeld/Schullwitz;07 StB Loschwitz und OS Schönfeld-Weißig;StB 4 Loschwitz/OS Schönfeld-Weißig;Wahlbezirk_Brief;0;0;324;324;323;128;35;51;42;59;6;0;0;2;1
2009;47110;47 Schönfeld/Schullwitz;07 StB Loschwitz und OS Schönfeld-Weißig;StB 4 Loschwitz/OS Schönfeld-Weißig;Wahlbezirk_Urne;1026;134;623;0;607;287;59;91;52;94;21;0;0;3;16
2009;47210;47 Schönfeld/Schullwitz;07 StB Loschwitz und OS Schönfeld-Weißig;StB 4 Loschwitz/OS Schönfeld-Weißig;Wahlbezirk_Urne;1083;130;547;0;538;248;56;72;25;99;34;0;0;4;9
2009;47310;47 Schönfeld/Schullwitz;07 StB Loschwitz und OS Schönfeld-Weißig;StB 4 Loschwitz/OS Schönfeld-Weißig;Wahlbezirk_Urne;545;71;294;0;286;135;34;32;31;41;11;0;0;2;8
2009;51001;51 Blasewitz;08 Blasewitz, Striesen;StB 5 Blasewitz;Wahlbezirk_Brief;0;0;791;791;788;335;115;107;115;111;5;0;0;0;3
2009;51002;51 Blasewitz;08 Blasewitz, Striesen;StB 5 Blasewitz;Wahlbezirk_Brief;0;0;683;683;676;278;80;92;133;84;2;0;0;7;7
2009;51100;51 Blasewitz;08 Blasewitz, Striesen;StB 5 Blasewitz;Wahlbezirk_Urne;1230;294;705;0;700;268;115;94;78;130;13;0;0;2;5
2009;51200;51 Blasewitz;08 Blasewitz, Striesen;StB 5 Blasewitz;Wahlbezirk_Urne;1503;324;758;1;749;276;133;106;84;128;16;0;0;6;9
2009;51400;51 Blasewitz;08 Blasewitz, Striesen;StB 5 Blasewitz;Wahlbezirk_Urne;1112;195;663;1;655;218;118;99;107;92;14;0;0;7;8
2009;51500;51 Blasewitz;08 Blasewitz, Striesen;StB 5 Blasewitz;Wahlbezirk_Urne;1169;253;627;1;624;175;105;112;111;104;7;0;0;10;3
2009;51600;51 Blasewitz;08 Blasewitz, Striesen;StB 5 Blasewitz;Wahlbezirk_Urne;1188;226;732;2;726;247;110;92;133;130;11;0;0;3;6
2009;51700;51 Blasewitz;08 Blasewitz, Striesen;StB 5 Blasewitz;Wahlbezirk_Urne;1426;231;807;1;796;243;115;132;148;136;16;0;0;6;11
2009;52001;52 Striesen-Ost;08 Blasewitz, Striesen;StB 5 Blasewitz;Wahlbezirk_Brief;0;0;1000;1000;994;341;142;146;230;127;6;0;0;2;6
2009;52002;52 Striesen-Ost;08 Blasewitz, Striesen;StB 5 Blasewitz;Wahlbezirk_Brief;0;0;926;926;924;283;130;116;231;149;7;0;0;8;2
2009;52100;52 Striesen-Ost;08 Blasewitz, Striesen;StB 5 Blasewitz;Wahlbezirk_Urne;1088;235;651;0;645;213;102;67;143;109;5;0;0;6;6
2009;52200;52 Striesen-Ost;08 Blasewitz, Striesen;StB 5 Blasewitz;Wahlbezirk_Urne;1304;301;782;2;770;265;126;112;147;105;9;0;0;6;12
2009;52300;52 Striesen-Ost;08 Blasewitz, Striesen;StB 5 Blasewitz;Wahlbezirk_Urne;1452;312;890;3;883;291;144;112;234;91;7;0;0;4;7
2009;52400;52 Striesen-Ost;08 Blasewitz, Striesen;StB 5 Blasewitz;Wahlbezirk_Urne;1345;257;830;1;818;252;157;98;175;124;10;0;0;2;12
2009;52500;52 Striesen-Ost;08 Blasewitz, Striesen;StB 5 Blasewitz;Wahlbezirk_Urne;1779;339;1033;1;1026;367;147;146;196;147;14;0;0;9;7
2009;52600;52 Striesen-Ost;08 Blasewitz, Striesen;StB 5 Blasewitz;Wahlbezirk_Urne;1591;305;891;2;885;255;156;119;188;138;20;0;0;9;6
2009;52700;52 Striesen-Ost;08 Blasewitz, Striesen;StB 5 Blasewitz;Wahlbezirk_Urne;1751;225;877;0;866;304;119;184;111;116;21;0;0;11;11
2009;53001;53 Striesen-Süd;08 Blasewitz, Striesen;StB 5 Blasewitz;Wahlbezirk_Brief;0;0;635;635;633;220;98;115;113;71;10;0;0;6;2
2009;53002;53 Striesen-Süd;08 Blasewitz, Striesen;StB 5 Blasewitz;Wahlbezirk_Brief;0;0;861;861;858;314;128;164;119;105;16;0;0;12;3
2009;53100;53 Striesen-Süd;08 Blasewitz, Striesen;StB 5 Blasewitz;Wahlbezirk_Urne;1027;216;650;0;648;219;118;104;108;87;9;0;0;3;2
2009;53200;53 Striesen-Süd;08 Blasewitz, Striesen;StB 5 Blasewitz;Wahlbezirk_Urne;1014;201;514;0;500;131;79;118;87;67;11;0;0;7;14
2009;53300;53 Striesen-Süd;08 Blasewitz, Striesen;StB 5 Blasewitz;Wahlbezirk_Urne;1744;347;757;0;747;229;124;199;59;100;26;0;0;10;10
2009;53400;53 Striesen-Süd;08 Blasewitz, Striesen;StB 5 Blasewitz;Wahlbezirk_Urne;1539;236;909;0;893;307;151;241;61;101;28;0;0;4;16
2009;53600;53 Striesen-Süd;08 Blasewitz, Striesen;StB 5 Blasewitz;Wahlbezirk_Urne;947;151;528;0;523;189;89;119;58;49;13;0;0;6;5
2009;53700;53 Striesen-Süd;08 Blasewitz, Striesen;StB 5 Blasewitz;Wahlbezirk_Urne;1258;209;599;0;590;204;86;127;63;83;24;0;0;3;9
2009;53800;53 Striesen-Süd;08 Blasewitz, Striesen;StB 5 Blasewitz;Wahlbezirk_Urne;1069;183;587;1;578;212;93;115;61;80;9;0;0;8;9
2009;54001;54 Striesen-West;08 Blasewitz, Striesen;StB 5 Blasewitz;Wahlbezirk_Brief;0;0;976;976;968;362;130;186;133;137;12;0;0;8;8
2009;54002;54 Striesen-West;08 Blasewitz, Striesen;StB 5 Blasewitz;Wahlbezirk_Brief;0;0;784;784;777;313;101;161;92;87;12;0;0;11;7
2009;54100;54 Striesen-West;08 Blasewitz, Striesen;StB 5 Blasewitz;Wahlbezirk_Urne;1516;262;905;0;901;290;170;178;120;118;16;0;0;9;4
2009;54200;54 Striesen-West;08 Blasewitz, Striesen;StB 5 Blasewitz;Wahlbezirk_Urne;1192;196;688;0;680;208;101;131;110;105;18;0;0;7;8
2009;54300;54 Striesen-West;08 Blasewitz, Striesen;StB 5 Blasewitz;Wahlbezirk_Urne;1363;231;696;0;683;242;134;151;59;80;14;0;0;3;13
2009;54400;54 Striesen-West;08 Blasewitz, Striesen;StB 5 Blasewitz;Wahlbezirk_Urne;1341;287;736;0;727;307;105;135;66;80;26;0;0;8;9
2009;54501;54 Striesen-West;08 Blasewitz, Striesen;StB 5 Blasewitz;Wahlbezirk_Urne;1308;240;771;0;762;280;122;154;83;100;19;0;0;4;9
2009;54502;54 Striesen-West;08 Blasewitz, Striesen;StB 5 Blasewitz;Wahlbezirk_Urne;1515;276;859;0;850;305;124;140;103;140;20;0;0;18;9
2009;54600;54 Striesen-West;08 Blasewitz, Striesen;StB 5 Blasewitz;Wahlbezirk_Urne;1713;309;844;1;835;261;164;166;103;93;36;0;0;12;9
2009;55001;55 Tolkewitz/Seidnitz-Nord;09 Tolkewitz, Seidnitz, Gruna;StB 5 Blasewitz;Wahlbezirk_Brief;0;0;635;635;632;238;81;138;72;88;7;0;0;8;3
2009;55002;55 Tolkewitz/Seidnitz-Nord;09 Tolkewitz, Seidnitz, Gruna;StB 5 Blasewitz;Wahlbezirk_Brief;0;0;502;502;497;189;66;144;35;49;6;0;0;8;5
2009;55100;55 Tolkewitz/Seidnitz-Nord;09 Tolkewitz, Seidnitz, Gruna;StB 5 Blasewitz;Wahlbezirk_Urne;1687;222;949;2;933;331;133;159;113;165;24;0;0;8;16
2009;55200;55 Tolkewitz/Seidnitz-Nord;09 Tolkewitz, Seidnitz, Gruna;StB 5 Blasewitz;Wahlbezirk_Urne;1707;227;960;0;942;321;128;198;107;148;24;0;0;16;18
2009;55300;55 Tolkewitz/Seidnitz-Nord;09 Tolkewitz, Seidnitz, Gruna;StB 5 Blasewitz;Wahlbezirk_Urne;1581;212;878;0;864;339;123;224;44;107;21;0;0;6;14
2009;55400;55 Tolkewitz/Seidnitz-Nord;09 Tolkewitz, Seidnitz, Gruna;StB 5 Blasewitz;Wahlbezirk_Urne;1414;171;625;0;609;177;102;202;33;68;18;0;0;9;16
2009;55600;55 Tolkewitz/Seidnitz-Nord;09 Tolkewitz, Seidnitz, Gruna;StB 5 Blasewitz;Wahlbezirk_Urne;1094;142;534;0;529;149;89;156;31;61;31;0;0;12;5
2009;55800;55 Tolkewitz/Seidnitz-Nord;09 Tolkewitz, Seidnitz, Gruna;StB 5 Blasewitz;Wahlbezirk_Urne;1450;201;718;0;705;243;108;184;55;87;22;0;0;6;13
2009;56001;56 Seidnitz/Dobritz;09 Tolkewitz, Seidnitz, Gruna;StB 5 Blasewitz;Wahlbezirk_Brief;0;0;688;688;682;274;92;145;57;82;18;0;0;14;6
2009;56002;56 Seidnitz/Dobritz;09 Tolkewitz, Seidnitz, Gruna;StB 5 Blasewitz;Wahlbezirk_Brief;0;0;716;716;711;269;107;174;50;87;10;0;0;14;5
2009;56100;56 Seidnitz/Dobritz;09 Tolkewitz, Seidnitz, Gruna;StB 5 Blasewitz;Wahlbezirk_Urne;1392;194;661;1;654;181;101;163;43;112;43;0;0;11;7
2009;56200;56 Seidnitz/Dobritz;09 Tolkewitz, Seidnitz, Gruna;StB 5 Blasewitz;Wahlbezirk_Urne;925;97;471;0;465;148;82;131;20;59;15;0;0;10;6
2009;56300;56 Seidnitz/Dobritz;09 Tolkewitz, Seidnitz, Gruna;StB 5 Blasewitz;Wahlbezirk_Urne;1429;134;776;0;761;257;97;198;48;123;29;0;0;9;15
2009;56401;56 Seidnitz/Dobritz;09 Tolkewitz, Seidnitz, Gruna;StB 5 Blasewitz;Wahlbezirk_Urne;1391;183;788;0;777;328;89;157;63;119;13;0;0;8;11
2009;56402;56 Seidnitz/Dobritz;09 Tolkewitz, Seidnitz, Gruna;StB 5 Blasewitz;Wahlbezirk_Urne;918;93;497;0;492;196;47;136;39;49;19;0;0;6;5
2009;56501;56 Seidnitz/Dobritz;09 Tolkewitz, Seidnitz, Gruna;StB 5 Blasewitz;Wahlbezirk_Urne;1084;152;593;0;588;201;74;158;46;75;30;0;0;4;5
2009;56502;56 Seidnitz/Dobritz;09 Tolkewitz, Seidnitz, Gruna;StB 5 Blasewitz;Wahlbezirk_Urne;964;134;521;0;516;178;71;122;33;83;19;0;0;10;5
2009;56600;56 Seidnitz/Dobritz;09 Tolkewitz, Seidnitz, Gruna;StB 5 Blasewitz;Wahlbezirk_Urne;1307;152;612;0;601;207;95;148;28;93;24;0;0;6;11
2009;56800;56 Seidnitz/Dobritz;09 Tolkewitz, Seidnitz, Gruna;StB 5 Blasewitz;Wahlbezirk_Urne;887;140;474;0;468;151;68;136;25;65;14;0;0;9;6
2009;56900;56 Seidnitz/Dobritz;09 Tolkewitz, Seidnitz, Gruna;StB 5 Blasewitz;Wahlbezirk_Urne;1042;156;503;0;498;158;90;121;32;70;13;0;0;14;5
2009;57001;57 Gruna;09 Tolkewitz, Seidnitz, Gruna;StB 5 Blasewitz;Wahlbezirk_Brief;0;0;925;925;924;299;157;235;104;105;17;0;0;7;1
2009;57002;57 Gruna;09 Tolkewitz, Seidnitz, Gruna;StB 5 Blasewitz;Wahlbezirk_Brief;0;0;1018;1018;1010;410;151;177;124;110;18;0;0;20;8
2009;57100;57 Gruna;09 Tolkewitz, Seidnitz, Gruna;StB 5 Blasewitz;Wahlbezirk_Urne;1361;245;592;0;581;193;94;150;56;71;13;0;0;4;11
2009;57200;57 Gruna;09 Tolkewitz, Seidnitz, Gruna;StB 5 Blasewitz;Wahlbezirk_Urne;1531;258;785;0;777;209;132;208;92;110;21;0;0;5;8
2009;57301;57 Gruna;09 Tolkewitz, Seidnitz, Gruna;StB 5 Blasewitz;Wahlbezirk_Urne;930;124;544;1;536;191;93;113;46;61;24;0;0;8;8
2009;57302;57 Gruna;09 Tolkewitz, Seidnitz, Gruna;StB 5 Blasewitz;Wahlbezirk_Urne;829;150;510;0;505;169;71;117;67;64;8;0;0;9;5
2009;57400;57 Gruna;09 Tolkewitz, Seidnitz, Gruna;StB 5 Blasewitz;Wahlbezirk_Urne;1284;201;747;0;734;240;111;194;70;92;20;0;0;7;13
2009;57500;57 Gruna;09 Tolkewitz, Seidnitz, Gruna;StB 5 Blasewitz;Wahlbezirk_Urne;1306;224;694;0;690;207;87;211;59;96;22;0;0;8;4
2009;57600;57 Gruna;09 Tolkewitz, Seidnitz, Gruna;StB 5 Blasewitz;Wahlbezirk_Urne;1321;230;669;1;665;219;86;159;61;110;18;0;0;12;4
2009;57700;57 Gruna;09 Tolkewitz, Seidnitz, Gruna;StB 5 Blasewitz;Wahlbezirk_Urne;942;211;457;0;455;135;70;116;67;54;7;0;0;6;2
2009;57800;57 Gruna;09 Tolkewitz, Seidnitz, Gruna;StB 5 Blasewitz;Wahlbezirk_Urne;1340;310;690;0;684;291;107;108;64;96;14;0;0;4;6
2009;61001;61 Leuben;10 StB Leuben;StB 6 Leuben;Wahlbezirk_Brief;0;0;560;560;556;217;61;132;48;74;11;0;0;13;4
2009;61002;61 Leuben;10 StB Leuben;StB 6 Leuben;Wahlbezirk_Brief;0;0;500;500;495;180;68;157;37;35;12;0;0;6;5
2009;61100;61 Leuben;10 StB Leuben;StB 6 Leuben;Wahlbezirk_Urne;941;97;529;0;517;186;73;133;36;54;20;0;0;15;12
2009;61200;61 Leuben;10 StB Leuben;StB 6 Leuben;Wahlbezirk_Urne;1043;112;551;0;545;190;62;116;48;87;26;0;0;16;6
2009;61300;61 Leuben;10 StB Leuben;StB 6 Leuben;Wahlbezirk_Urne;1675;141;837;0;822;276;117;242;54;86;30;0;0;17;15
2009;61400;61 Leuben;10 StB Leuben;StB 6 Leuben;Wahlbezirk_Urne;945;89;454;0;450;168;62;86;36;65;28;0;0;5;4
2009;61500;61 Leuben;10 StB Leuben;StB 6 Leuben;Wahlbezirk_Urne;1333;133;712;0;708;250;119;188;19;88;36;0;0;8;4
2009;61600;61 Leuben;10 StB Leuben;StB 6 Leuben;Wahlbezirk_Urne;1056;174;505;0;495;151;88;149;28;52;19;0;0;8;10
2009;61700;61 Leuben;10 StB Leuben;StB 6 Leuben;Wahlbezirk_Urne;1127;125;519;0;509;196;79;132;19;49;26;0;0;8;10
2009;61800;61 Leuben;10 StB Leuben;StB 6 Leuben;Wahlbezirk_Urne;771;108;324;0;318;87;58;104;12;31;18;0;0;8;6
2009;61900;61 Leuben;10 StB Leuben;StB 6 Leuben;Wahlbezirk_Urne;1061;148;422;0;418;137;49;121;23;55;27;0;0;6;4
2009;62001;62 Laubegast;10 StB Leuben;StB 6 Leuben;Wahlbezirk_Brief;0;0;684;684;682;280;97;141;67;67;22;0;0;8;2
2009;62002;62 Laubegast;10 StB Leuben;StB 6 Leuben;Wahlbezirk_Brief;0;0;770;770;764;262;114;161;110;91;17;0;0;9;6
2009;62100;62 Laubegast;10 StB Leuben;StB 6 Leuben;Wahlbezirk_Urne;1671;240;987;0;966;318;138;218;85;166;29;0;0;12;21
2009;62200;62 Laubegast;10 StB Leuben;StB 6 Leuben;Wahlbezirk_Urne;1137;133;678;0;666;237;101;169;46;85;21;0;0;7;12
2009;62301;62 Laubegast;10 StB Leuben;StB 6 Leuben;Wahlbezirk_Urne;914;125;496;3;486;170;66;109;55;67;14;0;0;5;10
2009;62302;62 Laubegast;10 StB Leuben;StB 6 Leuben;Wahlbezirk_Urne;1092;207;594;3;587;220;103;126;38;76;16;0;0;8;7
2009;62400;62 Laubegast;10 StB Leuben;StB 6 Leuben;Wahlbezirk_Urne;1270;181;729;0;719;239;102;114;137;104;19;0;0;4;10
2009;62501;62 Laubegast;10 StB Leuben;StB 6 Leuben;Wahlbezirk_Urne;1305;213;751;0;740;272;102;131;66;146;12;0;0;11;11
2009;62502;62 Laubegast;10 StB Leuben;StB 6 Leuben;Wahlbezirk_Urne;1159;152;678;0;667;263;83;158;40;83;32;0;0;8;11
2009;62600;62 Laubegast;10 StB Leuben;StB 6 Leuben;Wahlbezirk_Urne;1537;243;861;0;854;310;132;191;68;110;28;0;0;15;7
2009;63001;63 Kleinzschachwitz;10 StB Leuben;StB 6 Leuben;Wahlbezirk_Brief;0;0;557;557;554;246;59;92;62;86;6;0;0;3;3
2009;63002;63 Kleinzschachwitz;10 StB Leuben;StB 6 Leuben;Wahlbezirk_Brief;0;0;528;528;525;244;86;61;55;74;3;0;0;2;3
2009;63101;63 Kleinzschachwitz;10 StB Leuben;StB 6 Leuben;Wahlbezirk_Urne;1019;187;546;2;541;200;70;109;54;82;22;0;0;4;5
2009;63102;63 Kleinzschachwitz;10 StB Leuben;StB 6 Leuben;Wahlbezirk_Urne;1019;172;628;1;620;274;97;69;60;107;10;0;0;3;8
2009;63200;63 Kleinzschachwitz;10 StB Leuben;StB 6 Leuben;Wahlbezirk_Urne;936;139;539;1;534;203;71;70;83;89;14;0;0;4;5
2009;63301;63 Kleinzschachwitz;10 StB Leuben;StB 6 Leuben;Wahlbezirk_Urne;1129;173;679;1;674;263;93;140;62;98;11;0;0;7;5
2009;63302;63 Kleinzschachwitz;10 StB Leuben;StB 6 Leuben;Wahlbezirk_Urne;880;115;562;1;558;238;88;80;40;93;15;0;0;4;4
2009;63401;63 Kleinzschachwitz;10 StB Leuben;StB 6 Leuben;Wahlbezirk_Urne;993;198;561;0;557;232;63;68;60;107;20;0;0;7;4
2009;63402;63 Kleinzschachwitz;10 StB Leuben;StB 6 Leuben;Wahlbezirk_Urne;1106;139;684;1;677;266;105;105;59;114;21;0;0;7;7
2009;64000;64 Großzschachwitz;10 StB Leuben;StB 6 Leuben;Wahlbezirk_Brief;0;0;583;583;581;223;80;126;45;78;16;0;0;13;2
2009;64100;64 Großzschachwitz;10 StB Leuben;StB 6 Leuben;Wahlbezirk_Urne;1065;87;571;0;564;211;69;111;32;116;18;0;0;7;7
2009;64200;64 Großzschachwitz;10 StB Leuben;StB 6 Leuben;Wahlbezirk_Urne;942;151;459;0;453;161;66;127;28;45;20;0;0;6;6
2009;64300;64 Großzschachwitz;10 StB Leuben;StB 6 Leuben;Wahlbezirk_Urne;882;122;476;0;468;157;72;114;24;59;26;0;0;16;8
2009;64400;64 Großzschachwitz;10 StB Leuben;StB 6 Leuben;Wahlbezirk_Urne;1004;103;561;3;554;187;76;149;55;50;29;0;0;8;7
2009;64500;64 Großzschachwitz;10 StB Leuben;StB 6 Leuben;Wahlbezirk_Urne;1331;132;671;0;654;244;94;119;47;111;27;0;0;12;17
2009;71000;71 Prohlis-Nord;11 Prohlis, Reick (mit Sternhäuser, Am Koitschgraben);StB 7 Prohlis;Wahlbezirk_Brief;0;0;549;549;548;185;70;152;43;56;29;0;0;13;1
2009;71100;71 Prohlis-Nord;11 Prohlis, Reick (mit Sternhäuser, Am Koitschgraben);StB 7 Prohlis;Wahlbezirk_Urne;980;134;575;0;571;219;97;137;39;59;12;0;0;8;4
2009;71200;71 Prohlis-Nord;11 Prohlis, Reick (mit Sternhäuser, Am Koitschgraben);StB 7 Prohlis;Wahlbezirk_Urne;1836;196;750;0;741;209;108;231;41;90;48;0;0;14;9
2009;71400;71 Prohlis-Nord;11 Prohlis, Reick (mit Sternhäuser, Am Koitschgraben);StB 7 Prohlis;Wahlbezirk_Urne;922;109;489;0;479;136;88;158;27;50;16;0;0;4;10
2009;71500;71 Prohlis-Nord;11 Prohlis, Reick (mit Sternhäuser, Am Koitschgraben);StB 7 Prohlis;Wahlbezirk_Urne;1277;127;551;0;535;167;71;182;19;59;26;0;0;11;16
2009;72000;72 Prohlis-Süd;11 Prohlis, Reick (mit Sternhäuser, Am Koitschgraben);StB 7 Prohlis;Wahlbezirk_Brief;0;0;662;662;652;245;86;201;26;74;12;0;0;8;10
2009;72100;72 Prohlis-Süd;11 Prohlis, Reick (mit Sternhäuser, Am Koitschgraben);StB 7 Prohlis;Wahlbezirk_Urne;827;87;416;0;408;144;61;118;14;44;20;0;0;7;8
2009;72200;72 Prohlis-Süd;11 Prohlis, Reick (mit Sternhäuser, Am Koitschgraben);StB 7 Prohlis;Wahlbezirk_Urne;1096;102;445;0;439;140;57;143;18;50;23;0;0;8;6
2009;72300;72 Prohlis-Süd;11 Prohlis, Reick (mit Sternhäuser, Am Koitschgraben);StB 7 Prohlis;Wahlbezirk_Urne;1551;146;663;1;653;210;92;194;37;74;32;0;0;14;10
2009;72500;72 Prohlis-Süd;11 Prohlis, Reick (mit Sternhäuser, Am Koitschgraben);StB 7 Prohlis;Wahlbezirk_Urne;1539;122;629;1;621;217;72;175;28;73;46;0;0;10;8
2009;72700;72 Prohlis-Süd;11 Prohlis, Reick (mit Sternhäuser, Am Koitschgraben);StB 7 Prohlis;Wahlbezirk_Urne;939;111;419;0;411;115;52;160;18;39;17;0;0;10;8
2009;72800;72 Prohlis-Süd;11 Prohlis, Reick (mit Sternhäuser, Am Koitschgraben);StB 7 Prohlis;Wahlbezirk_Urne;961;116;367;0;360;98;72;99;13;56;19;0;0;3;7
2009;73000;73 Niedersedlitz;12 Niedersedlitz, Leubnitz, Strehlen (ohne Sternhäuser, Am Koitschgraben);StB 7 Prohlis;Wahlbezirk_Brief;0;0;628;628;620;235;102;127;47;95;8;0;0;6;8
2009;73101;73 Niedersedlitz;12 Niedersedlitz, Leubnitz, Strehlen (ohne Sternhäuser, Am Koitschgraben);StB 7 Prohlis;Wahlbezirk_Urne;1365;200;781;0;772;284;118;125;74;131;32;0;0;8;9
2009;73102;73 Niedersedlitz;12 Niedersedlitz, Leubnitz, Strehlen (ohne Sternhäuser, Am Koitschgraben);StB 7 Prohlis;Wahlbezirk_Urne;1327;152;766;0;758;282;94;167;47;127;27;0;0;14;8
2009;73200;73 Niedersedlitz;12 Niedersedlitz, Leubnitz, Strehlen (ohne Sternhäuser, Am Koitschgraben);StB 7 Prohlis;Wahlbezirk_Urne;1070;147;613;0;609;207;94;93;61;122;26;0;0;6;4
2009;73300;73 Niedersedlitz;12 Niedersedlitz, Leubnitz, Strehlen (ohne Sternhäuser, Am Koitschgraben);StB 7 Prohlis;Wahlbezirk_Urne;1016;148;550;0;547;240;86;109;18;75;14;0;0;5;3
2009;74000;74 Lockwitz;12 Niedersedlitz, Leubnitz, Strehlen (ohne Sternhäuser, Am Koitschgraben);StB 7 Prohlis;Wahlbezirk_Brief;0;0;626;626;624;284;61;100;67;88;16;0;0;8;2
2009;74100;74 Lockwitz;12 Niedersedlitz, Leubnitz, Strehlen (ohne Sternhäuser, Am Koitschgraben);StB 7 Prohlis;Wahlbezirk_Urne;644;58;369;0;367;135;44;69;17;70;29;0;0;3;2
2009;74201;74 Lockwitz;12 Niedersedlitz, Leubnitz, Strehlen (ohne Sternhäuser, Am Koitschgraben);StB 7 Prohlis;Wahlbezirk_Urne;929;158;557;0;553;235;66;103;48;78;16;0;0;7;4
2009;74202;74 Lockwitz;12 Niedersedlitz, Leubnitz, Strehlen (ohne Sternhäuser, Am Koitschgraben);StB 7 Prohlis;Wahlbezirk_Urne;1103;139;684;1;667;283;72;119;59;112;13;0;0;9;17
2009;74301;74 Lockwitz;12 Niedersedlitz, Leubnitz, Strehlen (ohne Sternhäuser, Am Koitschgraben);StB 7 Prohlis;Wahlbezirk_Urne;1202;141;759;1;752;312;82;130;65;122;32;0;0;9;7
2009;74302;74 Lockwitz;12 Niedersedlitz, Leubnitz, Strehlen (ohne Sternhäuser, Am Koitschgraben);StB 7 Prohlis;Wahlbezirk_Urne;1292;144;833;0;820;293;133;172;40;142;28;0;0;12;13
2009;75001;75 Leubnitz-Neuostra;12 Niedersedlitz, Leubnitz, Strehlen (ohne Sternhäuser, Am Koitschgraben);StB 7 Prohlis;Wahlbezirk_Brief;0;0;721;721;718;307;111;130;83;68;11;0;0;8;3
2009;75002;75 Leubnitz-Neuostra;12 Niedersedlitz, Leubnitz, Strehlen (ohne Sternhäuser, Am Koitschgraben);StB 7 Prohlis;Wahlbezirk_Brief;0;0;628;628;625;230;88;126;69;92;11;0;0;9;3
2009;75003;75 Leubnitz-Neuostra;12 Niedersedlitz, Leubnitz, Strehlen (ohne Sternhäuser, Am Koitschgraben);StB 7 Prohlis;Wahlbezirk_Brief;0;0;646;646;643;268;83;135;75;72;7;0;0;3;3
2009;75100;75 Leubnitz-Neuostra;12 Niedersedlitz, Leubnitz, Strehlen (ohne Sternhäuser, Am Koitschgraben);StB 7 Prohlis;Wahlbezirk_Urne;1122;168;652;1;645;224;104;142;50;99;17;0;0;9;7
2009;75201;75 Leubnitz-Neuostra;12 Niedersedlitz, Leubnitz, Strehlen (ohne Sternhäuser, Am Koitschgraben);StB 7 Prohlis;Wahlbezirk_Urne;1059;227;647;0;643;249;114;93;74;93;15;0;0;5;4
2009;75202;75 Leubnitz-Neuostra;12 Niedersedlitz, Leubnitz, Strehlen (ohne Sternhäuser, Am Koitschgraben);StB 7 Prohlis;Wahlbezirk_Urne;1271;261;631;0;621;221;101;131;43;102;16;0;0;7;10
2009;75300;75 Leubnitz-Neuostra;12 Niedersedlitz, Leubnitz, Strehlen (ohne Sternhäuser, Am Koitschgraben);StB 7 Prohlis;Wahlbezirk_Urne;995;110;357;1;348;84;57;119;23;39;24;0;0;2;9
2009;75500;75 Leubnitz-Neuostra;12 Niedersedlitz, Leubnitz, Strehlen (ohne Sternhäuser, Am Koitschgraben);StB 7 Prohlis;Wahlbezirk_Urne;1014;148;603;0;596;223;81;109;86;81;12;0;0;4;7
2009;75600;75 Leubnitz-Neuostra;12 Niedersedlitz, Leubnitz, Strehlen (ohne Sternhäuser, Am Koitschgraben);StB 7 Prohlis;Wahlbezirk_Urne;1161;207;620;0;612;206;106;117;53;95;31;0;0;4;8
2009;75700;75 Leubnitz-Neuostra;12 Niedersedlitz, Leubnitz, Strehlen (ohne Sternhäuser, Am Koitschgraben);StB 7 Prohlis;Wahlbezirk_Urne;1224;184;643;0;629;199;92;170;55;79;22;0;0;12;14
2009;75800;75 Leubnitz-Neuostra;12 Niedersedlitz, Leubnitz, Strehlen (ohne Sternhäuser, Am Koitschgraben);StB 7 Prohlis;Wahlbezirk_Urne;1407;181;745;0;735;250;102;205;48;96;24;0;0;10;10
2009;75901;75 Leubnitz-Neuostra;12 Niedersedlitz, Leubnitz, Strehlen (ohne Sternhäuser, Am Koitschgraben);StB 7 Prohlis;Wahlbezirk_Urne;701;158;387;1;383;132;78;89;22;52;7;0;0;3;4
2009;75902;75 Leubnitz-Neuostra;12 Niedersedlitz, Leubnitz, Strehlen (ohne Sternhäuser, Am Koitschgraben);StB 7 Prohlis;Wahlbezirk_Urne;959;185;573;0;567;201;89;107;67;82;15;0;0;6;6
2009;75903;75 Leubnitz-Neuostra;12 Niedersedlitz, Leubnitz, Strehlen (ohne Sternhäuser, Am Koitschgraben);StB 7 Prohlis;Wahlbezirk_Urne;992;223;528;2;522;200;77;102;48;73;15;0;0;7;6
2009;76011;76 Strehlen;11 Prohlis, Reick (mit Sternhäuser, Am Koitschgraben);StB 7 Prohlis;Wahlbezirk_Brief;0;0;223;223;221;77;37;37;38;28;2;0;0;2;2
2009;76012;76 Strehlen;12 Niedersedlitz, Leubnitz, Strehlen (ohne Sternhäuser, Am Koitschgraben);StB 7 Prohlis;Wahlbezirk_Brief;0;0;1108;1108;1098;380;183;184;191;142;8;0;0;10;10
2009;76100;76 Strehlen;12 Niedersedlitz, Leubnitz, Strehlen (ohne Sternhäuser, Am Koitschgraben);StB 7 Prohlis;Wahlbezirk_Urne;941;242;483;1;480;176;74;69;72;77;9;0;0;3;3
2009;76200;76 Strehlen;12 Niedersedlitz, Leubnitz, Strehlen (ohne Sternhäuser, Am Koitschgraben);StB 7 Prohlis;Wahlbezirk_Urne;1242;228;709;0;696;219;111;133;101;105;24;0;0;3;13
2009;76300;76 Strehlen;12 Niedersedlitz, Leubnitz, Strehlen (ohne Sternhäuser, Am Koitschgraben);StB 7 Prohlis;Wahlbezirk_Urne;1179;219;670;0;668;168;106;126;142;97;24;0;0;5;2
2009;76400;76 Strehlen;12 Niedersedlitz, Leubnitz, Strehlen (ohne Sternhäuser, Am Koitschgraben);StB 7 Prohlis;Wahlbezirk_Urne;567;118;300;3;297;106;62;58;32;35;3;0;0;1;3
2009;76500;76 Strehlen;12 Niedersedlitz, Leubnitz, Strehlen (ohne Sternhäuser, Am Koitschgraben);StB 7 Prohlis;Wahlbezirk_Urne;1521;322;711;1;708;262;84;150;60;120;20;0;0;12;3
2009;76600;76 Strehlen;11 Prohlis, Reick (mit Sternhäuser, Am Koitschgraben);StB 7 Prohlis;Wahlbezirk_Urne;1239;148;560;0;552;155;73;172;39;76;31;0;0;6;8
2009;76700;76 Strehlen;11 Prohlis, Reick (mit Sternhäuser, Am Koitschgraben);StB 7 Prohlis;Wahlbezirk_Urne;1382;79;469;0;454;82;68;167;44;42;36;0;0;15;15
2009;77000;77 Reick;12 Niedersedlitz, Leubnitz, Strehlen (ohne Sternhäuser, Am Koitschgraben);StB 7 Prohlis;Wahlbezirk_Brief;0;0;586;586;580;207;69;151;37;91;13;0;0;12;6
2009;77100;77 Reick;12 Niedersedlitz, Leubnitz, Strehlen (ohne Sternhäuser, Am Koitschgraben);StB 7 Prohlis;Wahlbezirk_Urne;1419;237;656;2;647;238;93;166;29;87;24;0;0;10;9
2009;77200;77 Reick;12 Niedersedlitz, Leubnitz, Strehlen (ohne Sternhäuser, Am Koitschgraben);StB 7 Prohlis;Wahlbezirk_Urne;1792;286;856;0;850;299;145;208;43;108;28;0;0;19;6
2009;77300;77 Reick;12 Niedersedlitz, Leubnitz, Strehlen (ohne Sternhäuser, Am Koitschgraben);StB 7 Prohlis;Wahlbezirk_Urne;1159;78;453;0;447;129;87;93;23;70;37;0;0;8;6
2009;81001;81 Südvorstadt-West;13 Südvorstadt, Zschertnitz;StB 8 Plauen;Wahlbezirk_Brief;0;0;846;846;842;280;137;185;104;123;6;0;0;7;4
2009;81002;81 Südvorstadt-West;13 Südvorstadt, Zschertnitz;StB 8 Plauen;Wahlbezirk_Brief;0;0;614;614;609;195;106;103;111;82;9;0;0;3;5
2009;81003;81 Südvorstadt-West;13 Südvorstadt, Zschertnitz;StB 8 Plauen;Wahlbezirk_Brief;0;0;453;453;448;142;94;70;80;51;8;0;0;3;5
2009;81100;81 Südvorstadt-West;13 Südvorstadt, Zschertnitz;StB 8 Plauen;Wahlbezirk_Urne;1045;171;526;0;517;129;80;170;48;61;21;0;0;8;9
2009;81200;81 Südvorstadt-West;13 Südvorstadt, Zschertnitz;StB 8 Plauen;Wahlbezirk_Urne;1574;300;875;0;863;267;152;208;101;103;24;0;0;8;12
2009;81400;81 Südvorstadt-West;13 Südvorstadt, Zschertnitz;StB 8 Plauen;Wahlbezirk_Urne;1565;359;729;0;719;225;105;199;75;84;20;0;0;11;10
2009;81500;81 Südvorstadt-West;13 Südvorstadt, Zschertnitz;StB 8 Plauen;Wahlbezirk_Urne;1121;244;554;0;546;172;97;114;54;92;11;0;0;6;8
2009;81700;81 Südvorstadt-West;13 Südvorstadt, Zschertnitz;StB 8 Plauen;Wahlbezirk_Urne;1634;375;815;0;802;255;130;158;130;106;11;0;0;12;13
2009;81800;81 Südvorstadt-West;13 Südvorstadt, Zschertnitz;StB 8 Plauen;Wahlbezirk_Urne;1024;219;531;3;531;154;77;112;94;76;10;0;0;8;0
2009;81900;81 Südvorstadt-West;13 Südvorstadt, Zschertnitz;StB 8 Plauen;Wahlbezirk_Urne;1075;301;506;1;499;148;100;111;68;57;11;0;0;4;7
2009;82000;82 Südvorstadt-Ost;13 Südvorstadt, Zschertnitz;StB 8 Plauen;Wahlbezirk_Brief;0;0;1000;1000;990;309;178;173;171;133;18;0;0;8;10
2009;82100;82 Südvorstadt-Ost;13 Südvorstadt, Zschertnitz;StB 8 Plauen;Wahlbezirk_Urne;1041;177;503;0;497;118;91;155;47;57;21;0;0;8;6
2009;82200;82 Südvorstadt-Ost;13 Südvorstadt, Zschertnitz;StB 8 Plauen;Wahlbezirk_Urne;1080;218;576;1;571;173;89;129;71;90;14;0;0;5;5
2009;82300;82 Südvorstadt-Ost;13 Südvorstadt, Zschertnitz;StB 8 Plauen;Wahlbezirk_Urne;1003;275;528;1;524;167;90;105;91;65;4;0;0;2;4
2009;82400;82 Südvorstadt-Ost;13 Südvorstadt, Zschertnitz;StB 8 Plauen;Wahlbezirk_Urne;1498;374;715;2;709;199;142;124;95;132;11;0;0;6;6
2009;83001;83 Räcknitz/Zschertnitz;13 Südvorstadt, Zschertnitz;StB 8 Plauen;Wahlbezirk_Brief;0;0;716;716;710;267;121;129;88;86;13;0;0;6;6
2009;83002;83 Räcknitz/Zschertnitz;13 Südvorstadt, Zschertnitz;StB 8 Plauen;Wahlbezirk_Brief;0;0;742;742;737;286;86;163;91;89;14;0;0;8;5
2009;83100;83 Räcknitz/Zschertnitz;13 Südvorstadt, Zschertnitz;StB 8 Plauen;Wahlbezirk_Urne;982;226;533;2;530;173;91;77;88;85;11;0;0;5;3
2009;83200;83 Räcknitz/Zschertnitz;13 Südvorstadt, Zschertnitz;StB 8 Plauen;Wahlbezirk_Urne;870;148;439;0;430;134;80;108;37;46;22;0;0;3;9
2009;83300;83 Räcknitz/Zschertnitz;13 Südvorstadt, Zschertnitz;StB 8 Plauen;Wahlbezirk_Urne;1235;175;680;0;673;206;115;168;50;94;32;0;0;8;7
2009;83400;83 Räcknitz/Zschertnitz;13 Südvorstadt, Zschertnitz;StB 8 Plauen;Wahlbezirk_Urne;1603;330;872;0;864;308;135;221;75;94;17;0;0;14;8
2009;83500;83 Räcknitz/Zschertnitz;13 Südvorstadt, Zschertnitz;StB 8 Plauen;Wahlbezirk_Urne;1269;212;564;2;553;162;98;163;51;48;17;0;0;14;11
2009;83700;83 Räcknitz/Zschertnitz;13 Südvorstadt, Zschertnitz;StB 8 Plauen;Wahlbezirk_Urne;1005;187;525;0;520;178;100;129;42;51;13;0;0;7;5
2009;83800;83 Räcknitz/Zschertnitz;13 Südvorstadt, Zschertnitz;StB 8 Plauen;Wahlbezirk_Urne;1081;223;569;0;566;208;87;139;58;56;13;0;0;5;3
2009;84000;84 Kleinpestitz/Mockritz;14 Mockritz, Coschütz, Plauen;StB 8 Plauen;Wahlbezirk_Brief;0;0;537;537;535;190;73;119;75;58;15;0;0;5;2
2009;84001;84 Kleinpestitz/Mockritz;14 Mockritz, Coschütz, Plauen;StB 8 Plauen;Wahlbezirk_Brief;0;0;476;476;476;184;72;91;60;47;13;0;0;9;0
2009;84100;84 Kleinpestitz/Mockritz;14 Mockritz, Coschütz, Plauen;StB 8 Plauen;Wahlbezirk_Urne;1293;188;711;0;706;249;123;167;50;85;20;0;0;12;5
2009;84200;84 Kleinpestitz/Mockritz;14 Mockritz, Coschütz, Plauen;StB 8 Plauen;Wahlbezirk_Urne;939;142;501;3;497;134;91;138;42;66;18;0;0;8;4
2009;84300;84 Kleinpestitz/Mockritz;14 Mockritz, Coschütz, Plauen;StB 8 Plauen;Wahlbezirk_Urne;1246;188;648;0;643;219;87;158;45;89;34;0;0;11;5
2009;84400;84 Kleinpestitz/Mockritz;14 Mockritz, Coschütz, Plauen;StB 8 Plauen;Wahlbezirk_Urne;589;90;304;0;304;124;44;44;20;51;17;0;0;4;0
2009;84501;84 Kleinpestitz/Mockritz;14 Mockritz, Coschütz, Plauen;StB 8 Plauen;Wahlbezirk_Urne;1269;250;761;1;759;294;125;108;88;125;15;0;0;4;2
2009;84502;84 Kleinpestitz/Mockritz;14 Mockritz, Coschütz, Plauen;StB 8 Plauen;Wahlbezirk_Urne;1054;184;586;0;583;232;89;112;56;75;14;0;0;5;3
2009;85000;85 Coschütz/Gittersee;14 Mockritz, Coschütz, Plauen;StB 8 Plauen;Wahlbezirk_Brief;0;0;691;691;687;252;88;145;93;90;13;0;0;6;4
2009;85100;85 Coschütz/Gittersee;14 Mockritz, Coschütz, Plauen;StB 8 Plauen;Wahlbezirk_Urne;1426;315;692;0;684;250;89;159;60;91;30;0;0;5;8
2009;85200;85 Coschütz/Gittersee;14 Mockritz, Coschütz, Plauen;StB 8 Plauen;Wahlbezirk_Urne;1462;214;840;1;831;319;120;138;116;103;29;0;0;6;9
2009;85301;85 Coschütz/Gittersee;14 Mockritz, Coschütz, Plauen;StB 8 Plauen;Wahlbezirk_Urne;872;112;481;0;476;175;64;108;34;71;20;0;0;4;5
2009;85302;85 Coschütz/Gittersee;14 Mockritz, Coschütz, Plauen;StB 8 Plauen;Wahlbezirk_Urne;896;72;551;1;540;211;72;104;36;96;15;0;0;6;11
2009;86001;86 Plauen;14 Mockritz, Coschütz, Plauen;StB 8 Plauen;Wahlbezirk_Brief;0;0;974;974;970;326;183;158;173;120;6;0;0;4;4
2009;86002;86 Plauen;14 Mockritz, Coschütz, Plauen;StB 8 Plauen;Wahlbezirk_Brief;0;0;792;792;787;270;140;118;141;104;5;0;0;9;5
2009;86100;86 Plauen;14 Mockritz, Coschütz, Plauen;StB 8 Plauen;Wahlbezirk_Urne;1279;229;733;2;723;207;128;118;149;93;17;0;0;11;10
2009;86200;86 Plauen;14 Mockritz, Coschütz, Plauen;StB 8 Plauen;Wahlbezirk_Urne;1184;278;682;0;674;223;120;112;114;86;14;0;0;5;8
2009;86300;86 Plauen;14 Mockritz, Coschütz, Plauen;StB 8 Plauen;Wahlbezirk_Urne;1338;287;720;1;709;187;149;156;90;94;19;0;0;14;11
2009;86400;86 Plauen;14 Mockritz, Coschütz, Plauen;StB 8 Plauen;Wahlbezirk_Urne;970;223;577;0;568;148;93;93;101;114;10;0;0;9;9
2009;86500;86 Plauen;14 Mockritz, Coschütz, Plauen;StB 8 Plauen;Wahlbezirk_Urne;1058;190;593;3;588;166;112;93;103;92;13;0;0;9;5
2009;86600;86 Plauen;14 Mockritz, Coschütz, Plauen;StB 8 Plauen;Wahlbezirk_Urne;1013;197;548;0;543;151;106;85;113;74;6;0;0;8;5
2009;86700;86 Plauen;14 Mockritz, Coschütz, Plauen;StB 8 Plauen;Wahlbezirk_Urne;746;176;449;0;447;134;82;62;78;77;10;0;0;4;2
2009;86800;86 Plauen;14 Mockritz, Coschütz, Plauen;StB 8 Plauen;Wahlbezirk_Urne;1143;246;630;0;627;222;130;99;88;75;7;0;0;6;3
2009;90010;90 Cossebaude/Mobschatz/Oberw.;17 Briesnitz und westliche OS;StB 9 Cotta/westliche Ortschaften;Wahlbezirk_Brief;0;0;725;725;721;293;79;155;68;88;29;0;0;9;4
2009;90111;90 Cossebaude/Mobschatz/Oberw.;17 Briesnitz und westliche OS;StB 9 Cotta/westliche Ortschaften;Wahlbezirk_Urne;803;68;405;0;394;165;56;75;24;51;18;0;0;5;11
2009;90112;90 Cossebaude/Mobschatz/Oberw.;17 Briesnitz und westliche OS;StB 9 Cotta/westliche Ortschaften;Wahlbezirk_Urne;771;92;404;0;394;167;44;69;40;51;18;0;0;5;10
2009;90210;90 Cossebaude/Mobschatz/Oberw.;17 Briesnitz und westliche OS;StB 9 Cotta/westliche Ortschaften;Wahlbezirk_Urne;1132;177;640;0;634;249;88;97;81;96;17;0;0;6;6
2009;90311;90 Cossebaude/Mobschatz/Oberw.;17 Briesnitz und westliche OS;StB 9 Cotta/westliche Ortschaften;Wahlbezirk_Urne;583;69;347;2;341;151;43;56;30;42;12;0;0;7;6
2009;90312;90 Cossebaude/Mobschatz/Oberw.;17 Briesnitz und westliche OS;StB 9 Cotta/westliche Ortschaften;Wahlbezirk_Urne;921;113;526;0;522;209;65;103;40;77;22;0;0;6;4
2009;90410;90 Cossebaude/Mobschatz/Oberw.;17 Briesnitz und westliche OS;StB 9 Cotta/westliche Ortschaften;Wahlbezirk_Urne;352;53;212;0;210;94;19;27;30;30;9;0;0;1;2
2009;90510;90 Cossebaude/Mobschatz/Oberw.;17 Briesnitz und westliche OS;StB 9 Cotta/westliche Ortschaften;Wahlbezirk_Urne;285;36;162;0;162;67;10;37;18;25;5;0;0;0;0
2009;90610;90 Cossebaude/Mobschatz/Oberw.;17 Briesnitz und westliche OS;StB 9 Cotta/westliche Ortschaften;Wahlbezirk_Urne;809;112;476;1;474;200;49;77;42;84;18;0;0;4;2
2009;90710;90 Cossebaude/Mobschatz/Oberw.;17 Briesnitz und westliche OS;StB 9 Cotta/westliche Ortschaften;Wahlbezirk_Urne;422;34;246;0;245;126;23;40;20;24;10;0;0;2;1
2009;91000;91 Cotta;15 Cotta, Löbtau, Naußlitz, Dölzschen;StB 9 Cotta/westliche Ortschaften;Wahlbezirk_Brief;0;0;1005;1005;997;367;141;197;120;130;22;0;0;20;8
2009;91101;91 Cotta;15 Cotta, Löbtau, Naußlitz, Dölzschen;StB 9 Cotta/westliche Ortschaften;Wahlbezirk_Urne;908;108;426;2;419;151;52;80;37;74;15;0;0;10;7
2009;91102;91 Cotta;15 Cotta, Löbtau, Naußlitz, Dölzschen;StB 9 Cotta/westliche Ortschaften;Wahlbezirk_Urne;1021;133;515;1;511;165;86;113;44;72;21;0;0;10;4
2009;91200;91 Cotta;15 Cotta, Löbtau, Naußlitz, Dölzschen;StB 9 Cotta/westliche Ortschaften;Wahlbezirk_Urne;1521;166;801;1;792;258;80;193;71;134;47;0;0;9;9
2009;91300;91 Cotta;15 Cotta, Löbtau, Naußlitz, Dölzschen;StB 9 Cotta/westliche Ortschaften;Wahlbezirk_Urne;1410;166;680;0;680;207;84;151;80;129;19;0;0;10;0
2009;91400;91 Cotta;15 Cotta, Löbtau, Naußlitz, Dölzschen;StB 9 Cotta/westliche Ortschaften;Wahlbezirk_Urne;1015;113;493;0;484;179;57;123;29;70;21;0;0;5;9
2009;91501;91 Cotta;15 Cotta, Löbtau, Naußlitz, Dölzschen;StB 9 Cotta/westliche Ortschaften;Wahlbezirk_Urne;1220;180;543;1;531;175;61;120;47;88;33;0;0;7;12
2009;91502;91 Cotta;15 Cotta, Löbtau, Naußlitz, Dölzschen;StB 9 Cotta/westliche Ortschaften;Wahlbezirk_Urne;1252;161;552;0;547;166;67;127;63;93;22;0;0;9;5
2009;92000;92 Löbtau-Nord;15 Cotta, Löbtau, Naußlitz, Dölzschen;StB 9 Cotta/westliche Ortschaften;Wahlbezirk_Brief;0;0;875;875;869;259;140;132;195;126;8;0;0;9;6
2009;92100;92 Löbtau-Nord;15 Cotta, Löbtau, Naußlitz, Dölzschen;StB 9 Cotta/westliche Ortschaften;Wahlbezirk_Urne;1328;226;549;1;534;124;81;114;85;104;18;0;0;8;15
2009;92200;92 Löbtau-Nord;15 Cotta, Löbtau, Naußlitz, Dölzschen;StB 9 Cotta/westliche Ortschaften;Wahlbezirk_Urne;1353;194;644;2;638;177;91;114;89;134;19;0;0;14;6
2009;92300;92 Löbtau-Nord;15 Cotta, Löbtau, Naußlitz, Dölzschen;StB 9 Cotta/westliche Ortschaften;Wahlbezirk_Urne;1454;225;734;0;729;223;96;155;122;103;21;0;0;9;5
2009;92400;92 Löbtau-Nord;15 Cotta, Löbtau, Naußlitz, Dölzschen;StB 9 Cotta/westliche Ortschaften;Wahlbezirk_Urne;833;123;426;2;416;109;56;102;62;66;15;0;0;6;10
2009;92500;92 Löbtau-Nord;15 Cotta, Löbtau, Naußlitz, Dölzschen;StB 9 Cotta/westliche Ortschaften;Wahlbezirk_Urne;1170;134;544;0;536;151;84;119;65;86;25;0;0;6;8
2009;93001;93 Löbtau-Süd;15 Cotta, Löbtau, Naußlitz, Dölzschen;StB 9 Cotta/westliche Ortschaften;Wahlbezirk_Brief;0;0;710;710;705;198;121;90;161;118;10;0;0;7;5
2009;93002;93 Löbtau-Süd;15 Cotta, Löbtau, Naußlitz, Dölzschen;StB 9 Cotta/westliche Ortschaften;Wahlbezirk_Brief;0;0;591;591;588;184;104;109;92;81;9;0;0;9;3
2009;93101;93 Löbtau-Süd;15 Cotta, Löbtau, Naußlitz, Dölzschen;StB 9 Cotta/westliche Ortschaften;Wahlbezirk_Urne;1076;146;550;0;545;140;70;103;84;114;28;0;0;6;5
2009;93102;93 Löbtau-Süd;15 Cotta, Löbtau, Naußlitz, Dölzschen;StB 9 Cotta/westliche Ortschaften;Wahlbezirk_Urne;1073;174;502;1;498;137;66;107;91;77;16;0;0;4;4
2009;93200;93 Löbtau-Süd;15 Cotta, Löbtau, Naußlitz, Dölzschen;StB 9 Cotta/westliche Ortschaften;Wahlbezirk_Urne;1588;241;789;0;782;228;100;134;140;153;18;0;0;9;7
2009;93300;93 Löbtau-Süd;15 Cotta, Löbtau, Naußlitz, Dölzschen;StB 9 Cotta/westliche Ortschaften;Wahlbezirk_Urne;916;173;399;0;397;124;66;75;57;59;12;0;0;4;2
2009;93400;93 Löbtau-Süd;15 Cotta, Löbtau, Naußlitz, Dölzschen;StB 9 Cotta/westliche Ortschaften;Wahlbezirk_Urne;969;139;513;1;504;150;72;128;60;78;11;0;0;5;9
2009;93500;93 Löbtau-Süd;15 Cotta, Löbtau, Naußlitz, Dölzschen;StB 9 Cotta/westliche Ortschaften;Wahlbezirk_Urne;1304;219;640;2;630;190;88;133;83;103;22;0;0;11;10
2009;93600;93 Löbtau-Süd;15 Cotta, Löbtau, Naußlitz, Dölzschen;StB 9 Cotta/westliche Ortschaften;Wahlbezirk_Urne;1403;250;641;1;633;185;88;141;100;89;21;0;0;9;8
2009;94000;94 Naußlitz;15 Cotta, Löbtau, Naußlitz, Dölzschen;StB 9 Cotta/westliche Ortschaften;Wahlbezirk_Brief;0;0;1006;1006;1000;370;138;217;126;125;13;0;0;11;6
2009;94101;94 Naußlitz;15 Cotta, Löbtau, Naußlitz, Dölzschen;StB 9 Cotta/westliche Ortschaften;Wahlbezirk_Urne;902;105;422;0;409;145;54;79;48;57;16;0;0;10;13
2009;94102;94 Naußlitz;15 Cotta, Löbtau, Naußlitz, Dölzschen;StB 9 Cotta/westliche Ortschaften;Wahlbezirk_Urne;1025;116;472;1;459;168;71;104;25;66;18;0;0;7;13
2009;94200;94 Naußlitz;15 Cotta, Löbtau, Naußlitz, Dölzschen;StB 9 Cotta/westliche Ortschaften;Wahlbezirk_Urne;1249;148;670;1;662;259;85;137;62;87;28;0;0;4;8
2009;94400;94 Naußlitz;15 Cotta, Löbtau, Naußlitz, Dölzschen;StB 9 Cotta/westliche Ortschaften;Wahlbezirk_Urne;1148;231;595;0;588;221;74;127;51;100;12;0;0;3;7
2009;94501;94 Naußlitz;15 Cotta, Löbtau, Naußlitz, Dölzschen;StB 9 Cotta/westliche Ortschaften;Wahlbezirk_Urne;922;161;582;0;579;217;109;96;55;81;11;0;0;10;3
2009;94502;94 Naußlitz;15 Cotta, Löbtau, Naußlitz, Dölzschen;StB 9 Cotta/westliche Ortschaften;Wahlbezirk_Urne;907;114;585;0;580;225;84;96;63;101;8;0;0;3;5
2009;94600;94 Naußlitz;15 Cotta, Löbtau, Naußlitz, Dölzschen;StB 9 Cotta/westliche Ortschaften;Wahlbezirk_Urne;1385;167;777;1;765;252;127;141;82;127;22;0;0;14;12
2009;95000;95 Gorbitz-Süd;16 Gorbitz;StB 9 Cotta/westliche Ortschaften;Wahlbezirk_Brief;0;0;622;622;616;196;77;194;51;65;21;0;0;12;6
2009;95100;95 Gorbitz-Süd;16 Gorbitz;StB 9 Cotta/westliche Ortschaften;Wahlbezirk_Urne;986;48;378;0;369;95;49;130;19;35;32;0;0;9;9
2009;95200;95 Gorbitz-Süd;16 Gorbitz;StB 9 Cotta/westliche Ortschaften;Wahlbezirk_Urne;1260;94;474;0;461;140;64;149;18;43;36;0;0;11;13
2009;95300;95 Gorbitz-Süd;16 Gorbitz;StB 9 Cotta/westliche Ortschaften;Wahlbezirk_Urne;1035;111;406;0;398;96;49;136;21;55;30;0;0;11;8
2009;95400;95 Gorbitz-Süd;16 Gorbitz;StB 9 Cotta/westliche Ortschaften;Wahlbezirk_Urne;966;101;427;0;417;119;72;128;21;50;16;0;0;11;10
2009;95500;95 Gorbitz-Süd;16 Gorbitz;StB 9 Cotta/westliche Ortschaften;Wahlbezirk_Urne;1426;165;745;0;736;258;95;172;52;103;42;0;0;14;9
2009;95600;95 Gorbitz-Süd;16 Gorbitz;StB 9 Cotta/westliche Ortschaften;Wahlbezirk_Urne;1239;120;576;0;571;184;76;182;38;54;28;0;0;9;5
2009;96000;96 Gorbitz-Ost;16 Gorbitz;StB 9 Cotta/westliche Ortschaften;Wahlbezirk_Brief;0;0;528;528;517;164;75;140;61;64;7;0;0;6;11
2009;96100;96 Gorbitz-Ost;16 Gorbitz;StB 9 Cotta/westliche Ortschaften;Wahlbezirk_Urne;1529;213;674;0;666;184;81;221;36;85;45;0;0;14;8
2009;96300;96 Gorbitz-Ost;16 Gorbitz;StB 9 Cotta/westliche Ortschaften;Wahlbezirk_Urne;1306;116;580;1;576;173;91;154;33;74;31;0;0;20;4
2009;96400;96 Gorbitz-Ost;16 Gorbitz;StB 9 Cotta/westliche Ortschaften;Wahlbezirk_Urne;1522;147;602;0;585;149;71;187;51;80;33;0;0;14;17
2009;96500;96 Gorbitz-Ost;16 Gorbitz;StB 9 Cotta/westliche Ortschaften;Wahlbezirk_Urne;763;64;336;1;327;84;47;104;26;47;16;0;0;3;9
2009;97000;97 Gorbitz-Nord/Neu-Omsewitz;16 Gorbitz;StB 9 Cotta/westliche Ortschaften;Wahlbezirk_Brief;0;0;494;494;491;145;79;126;55;45;29;0;0;12;3
2009;97100;97 Gorbitz-Nord/Neu-Omsewitz;16 Gorbitz;StB 9 Cotta/westliche Ortschaften;Wahlbezirk_Urne;1566;145;746;0;735;206;96;210;53;106;48;0;0;16;11
2009;97300;97 Gorbitz-Nord/Neu-Omsewitz;16 Gorbitz;StB 9 Cotta/westliche Ortschaften;Wahlbezirk_Urne;1268;117;601;0;586;163;78;193;25;79;36;0;0;12;15
2009;97500;97 Gorbitz-Nord/Neu-Omsewitz;16 Gorbitz;StB 9 Cotta/westliche Ortschaften;Wahlbezirk_Urne;1506;165;635;0;618;168;80;187;56;85;32;0;0;10;17
2009;97700;97 Gorbitz-Nord/Neu-Omsewitz;16 Gorbitz;StB 9 Cotta/westliche Ortschaften;Wahlbezirk_Urne;798;79;398;0;392;127;67;92;23;50;25;0;0;8;6
2009;98001;98 Briesnitz;17 Briesnitz und westliche OS;StB 9 Cotta/westliche Ortschaften;Wahlbezirk_Brief;0;0;520;520;519;220;70;101;52;62;9;0;0;5;1
2009;98002;98 Briesnitz;17 Briesnitz und westliche OS;StB 9 Cotta/westliche Ortschaften;Wahlbezirk_Brief;0;0;703;703;693;287;95;137;64;80;22;0;0;8;10
2009;98100;98 Briesnitz;17 Briesnitz und westliche OS;StB 9 Cotta/westliche Ortschaften;Wahlbezirk_Urne;1417;148;815;2;804;306;95;129;72;145;44;0;0;13;11
2009;98200;98 Briesnitz;17 Briesnitz und westliche OS;StB 9 Cotta/westliche Ortschaften;Wahlbezirk_Urne;1479;204;821;0;804;309;108;165;52;127;33;0;0;10;17
2009;98300;98 Briesnitz;17 Briesnitz und westliche OS;StB 9 Cotta/westliche Ortschaften;Wahlbezirk_Urne;1374;182;798;0;778;322;106;150;60;108;25;0;0;7;20
2009;98401;98 Briesnitz;17 Briesnitz und westliche OS;StB 9 Cotta/westliche Ortschaften;Wahlbezirk_Urne;982;128;514;0;500;161;79;99;52;75;24;0;0;10;14
2009;98402;98 Briesnitz;17 Briesnitz und westliche OS;StB 9 Cotta/westliche Ortschaften;Wahlbezirk_Urne;922;118;430;1;428;153;39;92;32;80;14;0;0;18;2
2009;98500;98 Briesnitz;17 Briesnitz und westliche OS;StB 9 Cotta/westliche Ortschaften;Wahlbezirk_Urne;1347;266;693;0;689;289;82;107;83;98;20;0;0;10;4
2009;98600;98 Briesnitz;17 Briesnitz und westliche OS;StB 9 Cotta/westliche Ortschaften;Wahlbezirk_Urne;1304;203;714;0;705;253;114;109;75;112;29;0;0;13;9
2009;99010;99 Altfranken/Gompitz;17 Briesnitz und westliche OS;StB 9 Cotta/westliche Ortschaften;Wahlbezirk_Brief;0;0;470;470;470;208;69;76;36;66;14;0;0;1;0
2009;99110;99 Altfranken/Gompitz;17 Briesnitz und westliche OS;StB 9 Cotta/westliche Ortschaften;Wahlbezirk_Urne;1431;206;890;0;879;367;98;135;78;162;26;0;0;13;11
2009;99310;99 Altfranken/Gompitz;17 Briesnitz und westliche OS;StB 9 Cotta/westliche Ortschaften;Wahlbezirk_Urne;1171;152;699;0;694;303;86;137;35;103;23;0;0;7;5
2009;99810;99 Altfranken/Gompitz;17 Briesnitz und westliche OS;StB 9 Cotta/westliche Ortschaften;Wahlbezirk_Urne;950;117;626;0;619;279;85;100;21;111;14;0;0;9;7
2013;01000;01 Innere Altstadt;01 StB Altstadt ohne Johannstadt;StB 0 Altstadt;Wahlbezirk_Brief;0;0;372;372;372;133;51;79;45;19;3;15;20;7;0
2013;01100;01 Innere Altstadt;01 StB Altstadt ohne Johannstadt;StB 0 Altstadt;Wahlbezirk_Urne;1355;386;663;0;656;226;122;116;53;39;5;34;48;13;7
2013;02000;02 Pirnaische Vorstadt;01 StB Altstadt ohne Johannstadt;StB 0 Altstadt;Wahlbezirk_Brief;0;0;1017;1017;1013;379;192;227;64;29;10;55;42;15;4
2013;02100;02 Pirnaische Vorstadt;01 StB Altstadt ohne Johannstadt;StB 0 Altstadt;Wahlbezirk_Urne;1592;369;767;0;760;242;129;179;58;19;13;50;56;14;7
2013;02200;02 Pirnaische Vorstadt;01 StB Altstadt ohne Johannstadt;StB 0 Altstadt;Wahlbezirk_Urne;1900;383;886;0;872;310;137;210;52;19;18;58;52;16;14
2013;02400;02 Pirnaische Vorstadt;01 StB Altstadt ohne Johannstadt;StB 0 Altstadt;Wahlbezirk_Urne;1426;297;723;0;715;321;117;129;44;19;14;41;19;11;8
2013;03001;03 Seevorstadt-Ost;01 StB Altstadt ohne Johannstadt;StB 0 Altstadt;Wahlbezirk_Brief;0;0;490;490;485;175;84;97;53;25;5;14;26;6;5
2013;03002;03 Seevorstadt-Ost;01 StB Altstadt ohne Johannstadt;StB 0 Altstadt;Wahlbezirk_Brief;0;0;631;631;627;256;113;102;58;30;6;29;23;10;4
2013;03100;03 Seevorstadt-Ost;01 StB Altstadt ohne Johannstadt;StB 0 Altstadt;Wahlbezirk_Urne;1210;181;584;1;569;191;85;128;28;21;12;49;37;18;15
2013;03200;03 Seevorstadt-Ost;01 StB Altstadt ohne Johannstadt;StB 0 Altstadt;Wahlbezirk_Urne;1400;328;701;0;698;271;102;156;45;19;17;41;28;19;3
2013;03300;03 Seevorstadt-Ost;01 StB Altstadt ohne Johannstadt;StB 0 Altstadt;Wahlbezirk_Urne;1336;306;716;0;681;298;132;127;42;11;9;41;11;10;35
2013;03400;03 Seevorstadt-Ost;01 StB Altstadt ohne Johannstadt;StB 0 Altstadt;Wahlbezirk_Urne;1754;347;982;1;960;414;144;183;56;28;15;78;24;18;22
2013;04001;04 Wilsdruffer Vs./Seevs.-West;01 StB Altstadt ohne Johannstadt;StB 0 Altstadt;Wahlbezirk_Brief;0;0;675;675;673;270;103;159;55;20;7;27;22;10;2
2013;04002;04 Wilsdruffer Vs./Seevs.-West;01 StB Altstadt ohne Johannstadt;StB 0 Altstadt;Wahlbezirk_Brief;0;0;579;579;572;193;118;153;24;11;13;25;21;14;7
2013;04100;04 Wilsdruffer Vs./Seevs.-West;01 StB Altstadt ohne Johannstadt;StB 0 Altstadt;Wahlbezirk_Urne;923;241;481;1;477;183;81;91;43;21;7;23;21;7;4
2013;04200;04 Wilsdruffer Vs./Seevs.-West;01 StB Altstadt ohne Johannstadt;StB 0 Altstadt;Wahlbezirk_Urne;1016;223;436;0;432;158;74;106;26;8;10;23;20;7;4
2013;04300;04 Wilsdruffer Vs./Seevs.-West;01 StB Altstadt ohne Johannstadt;StB 0 Altstadt;Wahlbezirk_Urne;1377;230;760;1;750;268;129;179;34;17;22;50;29;22;10
2013;04400;04 Wilsdruffer Vs./Seevs.-West;01 StB Altstadt ohne Johannstadt;StB 0 Altstadt;Wahlbezirk_Urne;1120;229;532;0;521;195;74;152;29;5;14;29;15;8;11
2013;04500;04 Wilsdruffer Vs./Seevs.-West;01 StB Altstadt ohne Johannstadt;StB 0 Altstadt;Wahlbezirk_Urne;1098;149;646;0;630;217;107;165;27;17;10;48;29;10;16
2013;04600;04 Wilsdruffer Vs./Seevs.-West;01 StB Altstadt ohne Johannstadt;StB 0 Altstadt;Wahlbezirk_Urne;965;208;545;0;540;219;62;166;18;15;13;31;10;6;5
2013;05000;05 Friedrichstadt;01 StB Altstadt ohne Johannstadt;StB 0 Altstadt;Wahlbezirk_Brief;0;0;837;837;828;223;156;170;137;27;14;30;56;15;9
2013;05100;05 Friedrichstadt;01 StB Altstadt ohne Johannstadt;StB 0 Altstadt;Wahlbezirk_Urne;1756;287;819;1;802;266;116;156;60;30;24;50;84;16;17
2013;05200;05 Friedrichstadt;01 StB Altstadt ohne Johannstadt;StB 0 Altstadt;Wahlbezirk_Urne;1880;309;821;3;810;216;115;171;112;21;23;53;80;19;11
2013;05300;05 Friedrichstadt;01 StB Altstadt ohne Johannstadt;StB 0 Altstadt;Wahlbezirk_Urne;1897;301;900;3;885;239;142;202;85;28;32;63;78;16;15
2013;06001;06 Johannstadt-Nord;02 Johannstadt;StB 0 Altstadt;Wahlbezirk_Brief;0;0;746;746;740;230;115;202;95;16;7;28;36;11;6
2013;06002;06 Johannstadt-Nord;02 Johannstadt;StB 0 Altstadt;Wahlbezirk_Brief;0;0;894;894;888;268;166;146;160;29;11;50;43;15;6
2013;06100;06 Johannstadt-Nord;02 Johannstadt;StB 0 Altstadt;Wahlbezirk_Urne;1076;163;712;2;702;274;131;177;22;11;14;48;16;9;10
2013;06200;06 Johannstadt-Nord;02 Johannstadt;StB 0 Altstadt;Wahlbezirk_Urne;1170;216;610;2;604;186;102;141;61;18;14;31;35;16;6
2013;06300;06 Johannstadt-Nord;02 Johannstadt;StB 0 Altstadt;Wahlbezirk_Urne;1067;132;550;0;529;178;71;144;18;11;26;40;27;14;21
2013;06400;06 Johannstadt-Nord;02 Johannstadt;StB 0 Altstadt;Wahlbezirk_Urne;1279;258;739;0;733;247;138;182;72;13;15;38;20;8;6
2013;06500;06 Johannstadt-Nord;02 Johannstadt;StB 0 Altstadt;Wahlbezirk_Urne;1488;316;914;4;902;280;160;169;141;22;11;56;49;14;12
2013;06600;06 Johannstadt-Nord;02 Johannstadt;StB 0 Altstadt;Wahlbezirk_Urne;1446;265;771;2;760;294;134;150;59;23;20;29;29;22;11
2013;06800;06 Johannstadt-Nord;02 Johannstadt;StB 0 Altstadt;Wahlbezirk_Urne;1644;368;727;4;722;268;113;117;93;35;5;37;48;6;5
2013;07001;07 Johannstadt-Süd;02 Johannstadt;StB 0 Altstadt;Wahlbezirk_Brief;0;0;629;629;626;281;106;119;33;13;8;35;20;11;3
2013;07002;07 Johannstadt-Süd;02 Johannstadt;StB 0 Altstadt;Wahlbezirk_Brief;0;0;490;490;485;201;80;111;24;16;12;25;8;8;5
2013;07003;07 Johannstadt-Süd;02 Johannstadt;StB 0 Altstadt;Wahlbezirk_Brief;0;0;762;762;759;280;134;183;50;16;13;43;22;18;3
2013;07100;07 Johannstadt-Süd;02 Johannstadt;StB 0 Altstadt;Wahlbezirk_Urne;1226;216;741;0;731;326;104;151;38;14;17;43;27;11;10
2013;07200;07 Johannstadt-Süd;02 Johannstadt;StB 0 Altstadt;Wahlbezirk_Urne;941;182;571;0;566;276;91;104;22;12;10;28;12;11;5
2013;07300;07 Johannstadt-Süd;02 Johannstadt;StB 0 Altstadt;Wahlbezirk_Urne;1168;242;661;0;649;301;112;112;18;14;15;43;18;16;12
2013;07401;07 Johannstadt-Süd;02 Johannstadt;StB 0 Altstadt;Wahlbezirk_Urne;994;151;634;0;620;256;100;150;18;12;14;47;11;12;14
2013;07402;07 Johannstadt-Süd;02 Johannstadt;StB 0 Altstadt;Wahlbezirk_Urne;666;93;406;0;400;198;55;92;9;8;6;24;4;4;6
2013;07500;07 Johannstadt-Süd;02 Johannstadt;StB 0 Altstadt;Wahlbezirk_Urne;1346;258;704;0;695;285;114;155;27;10;14;55;18;17;9
2013;07600;07 Johannstadt-Süd;02 Johannstadt;StB 0 Altstadt;Wahlbezirk_Urne;1012;256;523;1;516;192;79;173;15;6;10;29;3;9;7
2013;07700;07 Johannstadt-Süd;02 Johannstadt;StB 0 Altstadt;Wahlbezirk_Urne;964;163;520;3;506;158;90;169;20;7;6;31;14;11;14
2013;07800;07 Johannstadt-Süd;02 Johannstadt;StB 0 Altstadt;Wahlbezirk_Urne;1002;160;548;1;536;217;76;134;29;16;9;31;17;7;12
2013;07900;07 Johannstadt-Süd;02 Johannstadt;StB 0 Altstadt;Wahlbezirk_Urne;1026;201;565;0;555;222;87;129;26;11;10;39;21;10;10
2013;11001;11 Äußere Neustadt (Antonstadt);03 StB Neustadt ohne Leipziger Vorstadt;StB 1 Neustadt;Wahlbezirk_Brief;0;0;941;941;936;170;168;163;283;19;2;33;83;15;5
2013;11002;11 Äußere Neustadt (Antonstadt);03 StB Neustadt ohne Leipziger Vorstadt;StB 1 Neustadt;Wahlbezirk_Brief;0;0;900;900;886;131;130;153;312;20;2;26;99;13;14
2013;11003;11 Äußere Neustadt (Antonstadt);03 StB Neustadt ohne Leipziger Vorstadt;StB 1 Neustadt;Wahlbezirk_Brief;0;0;1009;1009;1000;174;166;168;334;23;4;21;96;14;9
2013;11100;11 Äußere Neustadt (Antonstadt);03 StB Neustadt ohne Leipziger Vorstadt;StB 1 Neustadt;Wahlbezirk_Urne;1574;364;799;1;787;143;118;174;205;17;0;36;81;13;12
2013;11200;11 Äußere Neustadt (Antonstadt);03 StB Neustadt ohne Leipziger Vorstadt;StB 1 Neustadt;Wahlbezirk_Urne;1384;330;755;4;748;132;144;145;186;17;3;25;89;7;7
2013;11300;11 Äußere Neustadt (Antonstadt);03 StB Neustadt ohne Leipziger Vorstadt;StB 1 Neustadt;Wahlbezirk_Urne;1515;292;833;2;821;160;131;182;148;30;13;38;106;13;12
2013;11400;11 Äußere Neustadt (Antonstadt);03 StB Neustadt ohne Leipziger Vorstadt;StB 1 Neustadt;Wahlbezirk_Urne;1465;333;784;6;775;155;101;172;201;22;0;28;86;10;9
2013;11500;11 Äußere Neustadt (Antonstadt);03 StB Neustadt ohne Leipziger Vorstadt;StB 1 Neustadt;Wahlbezirk_Urne;1593;369;916;4;901;163;147;204;219;11;4;37;104;12;15
2013;11601;11 Äußere Neustadt (Antonstadt);03 StB Neustadt ohne Leipziger Vorstadt;StB 1 Neustadt;Wahlbezirk_Urne;1154;265;698;3;687;116;106;147;193;13;2;31;70;9;11
2013;11602;11 Äußere Neustadt (Antonstadt);03 StB Neustadt ohne Leipziger Vorstadt;StB 1 Neustadt;Wahlbezirk_Urne;1393;338;820;1;811;127;127;188;226;18;9;27;78;11;9
2013;11700;11 Äußere Neustadt (Antonstadt);03 StB Neustadt ohne Leipziger Vorstadt;StB 1 Neustadt;Wahlbezirk_Urne;1437;352;809;3;799;112;134;182;235;20;4;23;79;10;10
2013;11800;11 Äußere Neustadt (Antonstadt);03 StB Neustadt ohne Leipziger Vorstadt;StB 1 Neustadt;Wahlbezirk_Urne;1566;377;838;5;830;176;119;194;176;23;4;41;92;5;8
2013;12001;12 Radeberger Vorstadt;03 StB Neustadt ohne Leipziger Vorstadt;StB 1 Neustadt;Wahlbezirk_Brief;0;0;502;502;499;158;86;65;119;30;3;21;15;2;3
2013;12002;12 Radeberger Vorstadt;03 StB Neustadt ohne Leipziger Vorstadt;StB 1 Neustadt;Wahlbezirk_Brief;0;0;707;707;697;224;91;148;112;38;6;36;28;14;10
2013;12100;12 Radeberger Vorstadt;03 StB Neustadt ohne Leipziger Vorstadt;StB 1 Neustadt;Wahlbezirk_Urne;955;215;610;1;593;137;98;114;147;20;1;30;38;8;17
2013;12201;12 Radeberger Vorstadt;03 StB Neustadt ohne Leipziger Vorstadt;StB 1 Neustadt;Wahlbezirk_Urne;1259;303;805;2;797;247;135;148;159;31;6;41;20;10;8
2013;12202;12 Radeberger Vorstadt;03 StB Neustadt ohne Leipziger Vorstadt;StB 1 Neustadt;Wahlbezirk_Urne;1467;346;830;2;822;282;129;139;127;35;5;51;38;16;8
2013;12300;12 Radeberger Vorstadt;03 StB Neustadt ohne Leipziger Vorstadt;StB 1 Neustadt;Wahlbezirk_Urne;1173;237;714;1;704;239;97;148;106;24;7;43;27;13;10
2013;12400;12 Radeberger Vorstadt;03 StB Neustadt ohne Leipziger Vorstadt;StB 1 Neustadt;Wahlbezirk_Urne;1443;152;783;0;770;196;92;239;41;25;39;66;48;24;13
2013;13001;13 Innere Neustadt;03 StB Neustadt ohne Leipziger Vorstadt;StB 1 Neustadt;Wahlbezirk_Brief;0;0;639;639;634;198;114;142;81;32;4;23;30;10;5
2013;13002;13 Innere Neustadt;03 StB Neustadt ohne Leipziger Vorstadt;StB 1 Neustadt;Wahlbezirk_Brief;0;0;697;697;693;232;95;114;144;25;5;23;38;17;4
2013;13100;13 Innere Neustadt;03 StB Neustadt ohne Leipziger Vorstadt;StB 1 Neustadt;Wahlbezirk_Urne;1276;370;618;0;612;177;102;115;91;43;4;42;29;9;6
2013;13200;13 Innere Neustadt;03 StB Neustadt ohne Leipziger Vorstadt;StB 1 Neustadt;Wahlbezirk_Urne;1262;296;618;0;607;220;100;164;32;19;10;21;27;14;11
2013;13300;13 Innere Neustadt;03 StB Neustadt ohne Leipziger Vorstadt;StB 1 Neustadt;Wahlbezirk_Urne;1375;312;770;3;762;195;159;137;138;15;14;37;60;7;8
2013;13400;13 Innere Neustadt;03 StB Neustadt ohne Leipziger Vorstadt;StB 1 Neustadt;Wahlbezirk_Urne;1470;417;785;4;780;220;135;186;123;26;3;31;44;12;5
2013;14001;14 Leipziger Vorstadt;04 Leipziger Vorstadt, Pieschen;StB 1 Neustadt;Wahlbezirk_Brief;0;0;828;828;818;145;140;164;230;16;4;20;89;10;10
2013;14002;14 Leipziger Vorstadt;04 Leipziger Vorstadt, Pieschen;StB 1 Neustadt;Wahlbezirk_Brief;0;0;921;921;909;201;133;176;247;17;3;30;83;19;12
2013;14100;14 Leipziger Vorstadt;04 Leipziger Vorstadt, Pieschen;StB 1 Neustadt;Wahlbezirk_Urne;857;137;416;0;409;104;57;114;49;10;13;22;32;8;7
2013;14200;14 Leipziger Vorstadt;04 Leipziger Vorstadt, Pieschen;StB 1 Neustadt;Wahlbezirk_Urne;1810;398;989;5;964;147;145;249;214;13;9;37;138;12;25
2013;14300;14 Leipziger Vorstadt;04 Leipziger Vorstadt, Pieschen;StB 1 Neustadt;Wahlbezirk_Urne;1702;338;986;3;966;152;154;263;195;12;12;40;119;19;20
2013;14401;14 Leipziger Vorstadt;04 Leipziger Vorstadt, Pieschen;StB 1 Neustadt;Wahlbezirk_Urne;1258;231;707;0;691;91;102;158;175;17;3;38;87;20;16
2013;14402;14 Leipziger Vorstadt;04 Leipziger Vorstadt, Pieschen;StB 1 Neustadt;Wahlbezirk_Urne;1221;264;743;8;735;125;114;165;192;19;8;33;67;12;8
2013;14500;14 Leipziger Vorstadt;04 Leipziger Vorstadt, Pieschen;StB 1 Neustadt;Wahlbezirk_Urne;1532;236;942;5;925;213;142;204;208;19;16;38;68;17;17
2013;14600;14 Leipziger Vorstadt;04 Leipziger Vorstadt, Pieschen;StB 1 Neustadt;Wahlbezirk_Urne;1240;241;721;1;706;273;77;157;44;15;21;61;26;32;15
2013;15000;15 Albertstadt;03 StB Neustadt ohne Leipziger Vorstadt;StB 1 Neustadt;Wahlbezirk_Brief;0;0;412;412;406;130;65;74;73;12;6;13;19;14;6
2013;15100;15 Albertstadt;03 StB Neustadt ohne Leipziger Vorstadt;StB 1 Neustadt;Wahlbezirk_Urne;1346;285;576;1;571;183;69;120;104;17;7;29;27;15;5
2013;15300;15 Albertstadt;03 StB Neustadt ohne Leipziger Vorstadt;StB 1 Neustadt;Wahlbezirk_Urne;881;149;519;2;514;180;73;115;59;17;13;21;29;7;5
2013;21001;21 Pieschen-Süd;04 Leipziger Vorstadt, Pieschen;StB 2 Pieschen;Wahlbezirk_Brief;0;0;588;588;585;153;97;93;107;18;9;34;59;15;3
2013;21002;21 Pieschen-Süd;04 Leipziger Vorstadt, Pieschen;StB 2 Pieschen;Wahlbezirk_Brief;0;0;650;650;644;166;99;122;131;28;12;31;36;19;6
2013;21100;21 Pieschen-Süd;04 Leipziger Vorstadt, Pieschen;StB 2 Pieschen;Wahlbezirk_Urne;1262;222;677;3;668;155;99;155;93;14;19;55;61;17;9
2013;21200;21 Pieschen-Süd;04 Leipziger Vorstadt, Pieschen;StB 2 Pieschen;Wahlbezirk_Urne;1344;199;744;0;735;221;113;156;83;22;18;51;60;11;9
2013;21301;21 Pieschen-Süd;04 Leipziger Vorstadt, Pieschen;StB 2 Pieschen;Wahlbezirk_Urne;1498;214;784;0;773;251;127;137;88;32;12;59;50;17;11
2013;21302;21 Pieschen-Süd;04 Leipziger Vorstadt, Pieschen;StB 2 Pieschen;Wahlbezirk_Urne;1640;247;874;2;860;230;110;190;119;37;16;66;72;20;14
2013;21400;21 Pieschen-Süd;04 Leipziger Vorstadt, Pieschen;StB 2 Pieschen;Wahlbezirk_Urne;1516;246;791;3;782;222;118;176;104;18;18;56;55;15;9
2013;21500;21 Pieschen-Süd;04 Leipziger Vorstadt, Pieschen;StB 2 Pieschen;Wahlbezirk_Urne;1474;195;765;2;760;219;102;175;72;19;19;71;57;26;5
2013;22001;22 Mickten;05 Mickten, Kaditz, Trachau;StB 2 Pieschen;Wahlbezirk_Brief;0;0;591;591;584;237;79;109;51;19;9;28;24;28;7
2013;22002;22 Mickten;05 Mickten, Kaditz, Trachau;StB 2 Pieschen;Wahlbezirk_Brief;0;0;666;666;664;266;97;117;67;21;13;38;28;17;2
2013;22100;22 Mickten;05 Mickten, Kaditz, Trachau;StB 2 Pieschen;Wahlbezirk_Urne;1573;189;956;0;931;350;133;186;77;15;30;71;42;27;25
2013;22200;22 Mickten;05 Mickten, Kaditz, Trachau;StB 2 Pieschen;Wahlbezirk_Urne;1263;164;693;0;685;282;75;119;28;27;25;55;47;27;8
2013;22300;22 Mickten;05 Mickten, Kaditz, Trachau;StB 2 Pieschen;Wahlbezirk_Urne;1245;151;648;2;640;231;78;146;39;11;35;46;35;19;8
2013;22400;22 Mickten;05 Mickten, Kaditz, Trachau;StB 2 Pieschen;Wahlbezirk_Urne;988;111;580;0;563;208;80;130;20;11;38;45;20;11;17
2013;22501;22 Mickten;05 Mickten, Kaditz, Trachau;StB 2 Pieschen;Wahlbezirk_Urne;1247;171;776;0;761;315;103;137;43;23;26;62;31;21;15
2013;22502;22 Mickten;05 Mickten, Kaditz, Trachau;StB 2 Pieschen;Wahlbezirk_Urne;1725;266;936;2;919;343;126;177;65;23;23;80;56;26;17
2013;22600;22 Mickten;05 Mickten, Kaditz, Trachau;StB 2 Pieschen;Wahlbezirk_Urne;1071;125;667;0;661;239;92;142;37;17;34;53;29;18;6
2013;22700;22 Mickten;05 Mickten, Kaditz, Trachau;StB 2 Pieschen;Wahlbezirk_Urne;1090;136;693;1;687;279;105;133;37;15;27;55;18;18;6
2013;23000;23 Kaditz;05 Mickten, Kaditz, Trachau;StB 2 Pieschen;Wahlbezirk_Brief;0;0;557;557;551;270;60;86;42;19;12;34;10;18;6
2013;23100;23 Kaditz;05 Mickten, Kaditz, Trachau;StB 2 Pieschen;Wahlbezirk_Urne;1087;132;599;18;594;220;77;127;39;20;17;44;32;18;5
2013;23200;23 Kaditz;05 Mickten, Kaditz, Trachau;StB 2 Pieschen;Wahlbezirk_Urne;1267;183;612;0;600;239;65;118;38;20;29;53;24;14;12
2013;23300;23 Kaditz;05 Mickten, Kaditz, Trachau;StB 2 Pieschen;Wahlbezirk_Urne;1060;139;636;0;633;334;59;97;29;21;23;54;11;5;3
2013;23400;23 Kaditz;05 Mickten, Kaditz, Trachau;StB 2 Pieschen;Wahlbezirk_Urne;1103;123;669;0;664;300;100;109;24;11;30;48;17;25;5
2013;24001;24 Trachau;05 Mickten, Kaditz, Trachau;StB 2 Pieschen;Wahlbezirk_Brief;0;0;742;742;735;283;119;110;115;32;5;28;32;11;7
2013;24002;24 Trachau;05 Mickten, Kaditz, Trachau;StB 2 Pieschen;Wahlbezirk_Brief;0;0;617;617;614;259;82;129;50;14;9;33;21;17;3
2013;24100;24 Trachau;05 Mickten, Kaditz, Trachau;StB 2 Pieschen;Wahlbezirk_Urne;962;131;590;0;585;219;84;118;45;22;16;44;21;16;5
2013;24200;24 Trachau;05 Mickten, Kaditz, Trachau;StB 2 Pieschen;Wahlbezirk_Urne;1169;193;808;0;798;279;159;129;90;20;16;58;31;16;10
2013;24300;24 Trachau;05 Mickten, Kaditz, Trachau;StB 2 Pieschen;Wahlbezirk_Urne;1038;206;664;2;659;253;85;134;64;14;10;61;28;10;5
2013;24400;24 Trachau;05 Mickten, Kaditz, Trachau;StB 2 Pieschen;Wahlbezirk_Urne;1370;236;861;0;848;317;110;149;81;26;27;88;37;13;13
2013;24500;24 Trachau;05 Mickten, Kaditz, Trachau;StB 2 Pieschen;Wahlbezirk_Urne;1546;237;915;1;895;369;120;212;53;18;41;48;21;13;20
2013;24700;24 Trachau;05 Mickten, Kaditz, Trachau;StB 2 Pieschen;Wahlbezirk_Urne;1104;177;624;0;609;240;73;159;40;13;12;44;14;14;15
2013;24800;24 Trachau;05 Mickten, Kaditz, Trachau;StB 2 Pieschen;Wahlbezirk_Urne;1036;237;582;1;575;278;76;98;39;15;10;32;17;10;7
2013;25001;25 Pieschen-N/Trachenberge;04 Leipziger Vorstadt, Pieschen;StB 2 Pieschen;Wahlbezirk_Brief;0;0;734;734;727;241;104;133;79;33;19;51;51;16;7
2013;25002;25 Pieschen-N/Trachenberge;04 Leipziger Vorstadt, Pieschen;StB 2 Pieschen;Wahlbezirk_Brief;0;0;760;760;754;264;150;123;79;26;16;33;40;23;6
2013;25100;25 Pieschen-N/Trachenberge;04 Leipziger Vorstadt, Pieschen;StB 2 Pieschen;Wahlbezirk_Urne;1496;186;851;3;836;275;127;195;74;29;17;57;42;20;15
2013;25200;25 Pieschen-N/Trachenberge;04 Leipziger Vorstadt, Pieschen;StB 2 Pieschen;Wahlbezirk_Urne;1166;154;612;2;600;191;75;136;46;8;19;63;51;11;12
2013;25300;25 Pieschen-N/Trachenberge;04 Leipziger Vorstadt, Pieschen;StB 2 Pieschen;Wahlbezirk_Urne;1440;203;806;0;791;350;102;149;32;27;23;60;28;20;15
2013;25400;25 Pieschen-N/Trachenberge;04 Leipziger Vorstadt, Pieschen;StB 2 Pieschen;Wahlbezirk_Urne;1736;233;955;1;933;324;118;171;94;27;29;79;64;27;22
2013;25500;25 Pieschen-N/Trachenberge;04 Leipziger Vorstadt, Pieschen;StB 2 Pieschen;Wahlbezirk_Urne;1756;292;917;2;906;308;146;184;83;24;22;62;50;27;11
2013;25600;25 Pieschen-N/Trachenberge;04 Leipziger Vorstadt, Pieschen;StB 2 Pieschen;Wahlbezirk_Urne;880;161;512;0;502;179;84;103;42;10;20;32;20;12;10
2013;25700;25 Pieschen-N/Trachenberge;04 Leipziger Vorstadt, Pieschen;StB 2 Pieschen;Wahlbezirk_Urne;1643;338;882;1;869;305;146;174;72;28;24;76;24;20;13
2013;31001;31 Klotzsche;06 StB Klotzsche und nördliche OS;StB 3 Klotzsche/nördliche Ortschaften;Wahlbezirk_Brief;0;0;801;801;797;342;119;156;73;21;10;38;17;21;4
2013;31002;31 Klotzsche;06 StB Klotzsche und nördliche OS;StB 3 Klotzsche/nördliche Ortschaften;Wahlbezirk_Brief;0;0;860;860;857;397;104;133;79;36;20;57;18;13;3
2013;31100;31 Klotzsche;06 StB Klotzsche und nördliche OS;StB 3 Klotzsche/nördliche Ortschaften;Wahlbezirk_Urne;1594;267;963;0;952;446;134;146;69;22;28;68;19;20;11
2013;31200;31 Klotzsche;06 StB Klotzsche und nördliche OS;StB 3 Klotzsche/nördliche Ortschaften;Wahlbezirk_Urne;1434;200;839;0;830;332;116;197;39;15;28;64;24;15;9
2013;31300;31 Klotzsche;06 StB Klotzsche und nördliche OS;StB 3 Klotzsche/nördliche Ortschaften;Wahlbezirk_Urne;1077;150;677;0;659;282;93;164;14;20;21;40;12;13;18
2013;31400;31 Klotzsche;06 StB Klotzsche und nördliche OS;StB 3 Klotzsche/nördliche Ortschaften;Wahlbezirk_Urne;1154;202;746;2;736;328;79;151;61;23;16;48;13;17;10
2013;31500;31 Klotzsche;06 StB Klotzsche und nördliche OS;StB 3 Klotzsche/nördliche Ortschaften;Wahlbezirk_Urne;1004;161;681;0;672;265;102;96;56;20;12;77;30;14;9
2013;31601;31 Klotzsche;06 StB Klotzsche und nördliche OS;StB 3 Klotzsche/nördliche Ortschaften;Wahlbezirk_Urne;1138;214;736;0;730;303;111;107;61;34;22;51;21;20;6
2013;31602;31 Klotzsche;06 StB Klotzsche und nördliche OS;StB 3 Klotzsche/nördliche Ortschaften;Wahlbezirk_Urne;1026;193;698;2;697;321;110;88;56;24;6;59;19;14;1
2013;31701;31 Klotzsche;06 StB Klotzsche und nördliche OS;StB 3 Klotzsche/nördliche Ortschaften;Wahlbezirk_Urne;909;115;527;0;522;202;63;127;22;11;17;38;23;19;5
2013;31702;31 Klotzsche;06 StB Klotzsche und nördliche OS;StB 3 Klotzsche/nördliche Ortschaften;Wahlbezirk_Urne;789;101;487;0;482;177;79;125;19;4;12;35;19;12;5
2013;31800;31 Klotzsche;06 StB Klotzsche und nördliche OS;StB 3 Klotzsche/nördliche Ortschaften;Wahlbezirk_Urne;911;100;523;1;516;177;73;129;28;13;33;35;13;15;7
2013;32000;32 Hellerau/Wilschdorf;06 StB Klotzsche und nördliche OS;StB 3 Klotzsche/nördliche Ortschaften;Wahlbezirk_Brief;0;0;891;891;881;368;106;156;66;50;22;62;31;20;10
2013;32100;32 Hellerau/Wilschdorf;06 StB Klotzsche und nördliche OS;StB 3 Klotzsche/nördliche Ortschaften;Wahlbezirk_Urne;1399;233;869;1;861;451;66;138;33;39;34;76;12;12;8
2013;32201;32 Hellerau/Wilschdorf;06 StB Klotzsche und nördliche OS;StB 3 Klotzsche/nördliche Ortschaften;Wahlbezirk_Urne;890;138;545;0;541;280;48;70;20;24;13;59;15;12;4
2013;32202;32 Hellerau/Wilschdorf;06 StB Klotzsche und nördliche OS;StB 3 Klotzsche/nördliche Ortschaften;Wahlbezirk_Urne;815;152;479;0;475;232;53;101;13;11;7;35;10;13;4
2013;32300;32 Hellerau/Wilschdorf;06 StB Klotzsche und nördliche OS;StB 3 Klotzsche/nördliche Ortschaften;Wahlbezirk_Urne;917;162;624;0;614;294;75;103;44;14;8;52;14;10;10
2013;32400;32 Hellerau/Wilschdorf;06 StB Klotzsche und nördliche OS;StB 3 Klotzsche/nördliche Ortschaften;Wahlbezirk_Urne;1162;232;771;1;760;305;119;122;94;23;14;50;20;13;11
2013;35010;35 Weixdorf;06 StB Klotzsche und nördliche OS;StB 3 Klotzsche/nördliche Ortschaften;Wahlbezirk_Brief;0;0;582;582;577;257;87;89;50;26;11;32;13;12;5
2013;35110;35 Weixdorf;06 StB Klotzsche und nördliche OS;StB 3 Klotzsche/nördliche Ortschaften;Wahlbezirk_Urne;1297;186;879;0;862;399;138;117;46;23;20;72;23;24;17
2013;35310;35 Weixdorf;06 StB Klotzsche und nördliche OS;StB 3 Klotzsche/nördliche Ortschaften;Wahlbezirk_Urne;1109;145;757;0;750;371;92;96;53;31;17;55;9;26;7
2013;35410;35 Weixdorf;06 StB Klotzsche und nördliche OS;StB 3 Klotzsche/nördliche Ortschaften;Wahlbezirk_Urne;1228;129;828;2;816;368;89;133;55;25;28;60;30;28;12
2013;35510;35 Weixdorf;06 StB Klotzsche und nördliche OS;StB 3 Klotzsche/nördliche Ortschaften;Wahlbezirk_Urne;1050;129;683;0;674;356;74;111;25;26;20;37;12;13;9
2013;35610;35 Weixdorf;06 StB Klotzsche und nördliche OS;StB 3 Klotzsche/nördliche Ortschaften;Wahlbezirk_Urne;233;12;133;0;131;65;18;18;9;6;6;4;1;4;2
2013;36010;36 Langebrück/Schönborn;06 StB Klotzsche und nördliche OS;StB 3 Klotzsche/nördliche Ortschaften;Wahlbezirk_Brief;0;0;498;498;498;216;66;70;61;18;7;43;7;10;0
2013;36110;36 Langebrück/Schönborn;06 StB Klotzsche und nördliche OS;StB 3 Klotzsche/nördliche Ortschaften;Wahlbezirk_Urne;945;102;651;1;645;316;66;86;54;17;27;39;16;24;6
2013;36210;36 Langebrück/Schönborn;06 StB Klotzsche und nördliche OS;StB 3 Klotzsche/nördliche Ortschaften;Wahlbezirk_Urne;1182;197;751;0;740;331;96;99;60;31;29;48;22;24;11
2013;36310;36 Langebrück/Schönborn;06 StB Klotzsche und nördliche OS;StB 3 Klotzsche/nördliche Ortschaften;Wahlbezirk_Urne;829;177;547;0;543;227;82;94;50;20;4;44;12;10;4
2013;36410;36 Langebrück/Schönborn;06 StB Klotzsche und nördliche OS;StB 3 Klotzsche/nördliche Ortschaften;Wahlbezirk_Urne;384;37;291;0;290;118;25;32;19;13;11;45;13;14;1
2013;41001;41 Loschwitz/Wachwitz;07 StB Loschwitz und OS Schönfeld-Weißig;StB 4 Loschwitz/OS Schönfeld-Weißig;Wahlbezirk_Brief;0;0;566;566;560;236;75;76;81;45;7;26;7;7;6
2013;41002;41 Loschwitz/Wachwitz;07 StB Loschwitz und OS Schönfeld-Weißig;StB 4 Loschwitz/OS Schönfeld-Weißig;Wahlbezirk_Brief;0;0;499;499;498;209;73;67;68;32;2;25;10;12;1
2013;41100;41 Loschwitz/Wachwitz;07 StB Loschwitz und OS Schönfeld-Weißig;StB 4 Loschwitz/OS Schönfeld-Weißig;Wahlbezirk_Urne;1325;327;785;1;774;322;85;101;114;39;11;65;26;11;11
2013;41200;41 Loschwitz/Wachwitz;07 StB Loschwitz und OS Schönfeld-Weißig;StB 4 Loschwitz/OS Schönfeld-Weißig;Wahlbezirk_Urne;1197;256;753;0;744;323;100;104;90;34;4;49;18;22;9
2013;41300;41 Loschwitz/Wachwitz;07 StB Loschwitz und OS Schönfeld-Weißig;StB 4 Loschwitz/OS Schönfeld-Weißig;Wahlbezirk_Urne;845;229;478;1;477;229;59;60;62;30;4;22;7;4;1
2013;41400;41 Loschwitz/Wachwitz;07 StB Loschwitz und OS Schönfeld-Weißig;StB 4 Loschwitz/OS Schönfeld-Weißig;Wahlbezirk_Urne;1024;292;577;3;569;230;94;68;83;28;6;39;8;13;8
2013;42001;42 Bühlau/Weißer Hirsch;07 StB Loschwitz und OS Schönfeld-Weißig;StB 4 Loschwitz/OS Schönfeld-Weißig;Wahlbezirk_Brief;0;0;966;966;960;392;151;119;151;51;8;57;21;10;6
2013;42002;42 Bühlau/Weißer Hirsch;07 StB Loschwitz und OS Schönfeld-Weißig;StB 4 Loschwitz/OS Schönfeld-Weißig;Wahlbezirk_Brief;0;0;881;881;869;361;142;136;99;34;13;44;25;15;12
2013;42100;42 Bühlau/Weißer Hirsch;07 StB Loschwitz und OS Schönfeld-Weißig;StB 4 Loschwitz/OS Schönfeld-Weißig;Wahlbezirk_Urne;1332;356;769;3;761;288;118;108;124;33;3;51;24;12;8
2013;42200;42 Bühlau/Weißer Hirsch;07 StB Loschwitz und OS Schönfeld-Weißig;StB 4 Loschwitz/OS Schönfeld-Weißig;Wahlbezirk_Urne;1415;365;872;3;863;390;129;98;104;48;7;63;15;9;9
2013;42400;42 Bühlau/Weißer Hirsch;07 StB Loschwitz und OS Schönfeld-Weißig;StB 4 Loschwitz/OS Schönfeld-Weißig;Wahlbezirk_Urne;1227;272;729;0;724;305;95;117;90;15;8;50;24;20;5
2013;42500;42 Bühlau/Weißer Hirsch;07 StB Loschwitz und OS Schönfeld-Weißig;StB 4 Loschwitz/OS Schönfeld-Weißig;Wahlbezirk_Urne;1189;235;751;0;732;341;84;123;50;24;9;63;25;13;19
2013;42600;42 Bühlau/Weißer Hirsch;07 StB Loschwitz und OS Schönfeld-Weißig;StB 4 Loschwitz/OS Schönfeld-Weißig;Wahlbezirk_Urne;1017;207;658;3;654;307;73;70;76;22;2;74;14;16;4
2013;42700;42 Bühlau/Weißer Hirsch;07 StB Loschwitz und OS Schönfeld-Weißig;StB 4 Loschwitz/OS Schönfeld-Weißig;Wahlbezirk_Urne;1143;217;724;2;714;335;101;100;56;20;13;48;20;21;10
2013;42800;42 Bühlau/Weißer Hirsch;07 StB Loschwitz und OS Schönfeld-Weißig;StB 4 Loschwitz/OS Schönfeld-Weißig;Wahlbezirk_Urne;733;140;490;0;479;206;86;74;44;19;4;22;14;10;11
2013;42900;42 Bühlau/Weißer Hirsch;07 StB Loschwitz und OS Schönfeld-Weißig;StB 4 Loschwitz/OS Schönfeld-Weißig;Wahlbezirk_Urne;683;111;432;0;432;198;55;72;37;12;4;28;8;18;0
2013;43000;43 Hosterwitz/Pillnitz;07 StB Loschwitz und OS Schönfeld-Weißig;StB 4 Loschwitz/OS Schönfeld-Weißig;Wahlbezirk_Brief;0;0;522;522;516;206;90;67;74;14;7;34;10;14;6
2013;43100;43 Hosterwitz/Pillnitz;07 StB Loschwitz und OS Schönfeld-Weißig;StB 4 Loschwitz/OS Schönfeld-Weißig;Wahlbezirk_Urne;536;77;357;1;355;151;46;47;49;10;7;23;6;16;2
2013;43200;43 Hosterwitz/Pillnitz;07 StB Loschwitz und OS Schönfeld-Weißig;StB 4 Loschwitz/OS Schönfeld-Weißig;Wahlbezirk_Urne;1486;317;867;1;858;331;122;134;93;31;17;96;15;19;9
2013;43400;43 Hosterwitz/Pillnitz;07 StB Loschwitz und OS Schönfeld-Weißig;StB 4 Loschwitz/OS Schönfeld-Weißig;Wahlbezirk_Urne;769;147;452;1;449;203;57;82;33;8;10;38;7;11;3
2013;45010;45 Weißig;07 StB Loschwitz und OS Schönfeld-Weißig;StB 4 Loschwitz/OS Schönfeld-Weißig;Wahlbezirk_Brief;0;0;714;714;709;327;121;97;48;30;9;33;20;24;5
2013;45110;45 Weißig;07 StB Loschwitz und OS Schönfeld-Weißig;StB 4 Loschwitz/OS Schönfeld-Weißig;Wahlbezirk_Urne;1053;177;719;0;714;359;110;109;33;43;5;37;10;8;5
2013;45210;45 Weißig;07 StB Loschwitz und OS Schönfeld-Weißig;StB 4 Loschwitz/OS Schönfeld-Weißig;Wahlbezirk_Urne;1091;156;647;2;637;294;97;111;9;17;19;65;13;12;10
2013;45310;45 Weißig;07 StB Loschwitz und OS Schönfeld-Weißig;StB 4 Loschwitz/OS Schönfeld-Weißig;Wahlbezirk_Urne;1175;159;613;0;604;282;88;108;24;17;15;51;14;5;9
2013;45410;45 Weißig;07 StB Loschwitz und OS Schönfeld-Weißig;StB 4 Loschwitz/OS Schönfeld-Weißig;Wahlbezirk_Urne;791;109;502;0;495;250;48;68;26;21;16;47;8;11;7
2013;45510;45 Weißig;07 StB Loschwitz und OS Schönfeld-Weißig;StB 4 Loschwitz/OS Schönfeld-Weißig;Wahlbezirk_Urne;594;139;335;2;332;167;38;38;23;7;7;36;6;10;3
2013;46010;46 Gönnsdorf/Pappritz;07 StB Loschwitz und OS Schönfeld-Weißig;StB 4 Loschwitz/OS Schönfeld-Weißig;Wahlbezirk_Brief;0;0;546;546;543;249;79;58;51;33;6;38;12;17;3
2013;46110;46 Gönnsdorf/Pappritz;07 StB Loschwitz und OS Schönfeld-Weißig;StB 4 Loschwitz/OS Schönfeld-Weißig;Wahlbezirk_Urne;846;150;568;1;565;310;59;64;32;18;3;56;10;13;3
2013;46210;46 Gönnsdorf/Pappritz;07 StB Loschwitz und OS Schönfeld-Weißig;StB 4 Loschwitz/OS Schönfeld-Weißig;Wahlbezirk_Urne;835;169;540;1;531;268;58;84;22;19;19;37;12;12;9
2013;46310;46 Gönnsdorf/Pappritz;07 StB Loschwitz und OS Schönfeld-Weißig;StB 4 Loschwitz/OS Schönfeld-Weißig;Wahlbezirk_Urne;715;150;456;0;451;211;81;51;33;18;3;34;7;13;5
2013;46410;46 Gönnsdorf/Pappritz;07 StB Loschwitz und OS Schönfeld-Weißig;StB 4 Loschwitz/OS Schönfeld-Weißig;Wahlbezirk_Urne;759;97;483;0;481;247;46;60;26;16;11;48;13;14;2
2013;47010;47 Schönfeld/Schullwitz;07 StB Loschwitz und OS Schönfeld-Weißig;StB 4 Loschwitz/OS Schönfeld-Weißig;Wahlbezirk_Brief;0;0;340;340;340;170;40;49;29;13;11;19;1;8;0
2013;47110;47 Schönfeld/Schullwitz;07 StB Loschwitz und OS Schönfeld-Weißig;StB 4 Loschwitz/OS Schönfeld-Weißig;Wahlbezirk_Urne;1001;126;667;2;663;333;52;102;46;31;25;43;14;17;4
2013;47210;47 Schönfeld/Schullwitz;07 StB Loschwitz und OS Schönfeld-Weißig;StB 4 Loschwitz/OS Schönfeld-Weißig;Wahlbezirk_Urne;1070;153;649;0;638;359;65;65;23;21;28;41;14;22;11
2013;47310;47 Schönfeld/Schullwitz;07 StB Loschwitz und OS Schönfeld-Weißig;StB 4 Loschwitz/OS Schönfeld-Weißig;Wahlbezirk_Urne;562;77;364;0;360;179;43;45;19;14;11;26;9;14;4
2013;51001;51 Blasewitz;08 Blasewitz, Striesen;StB 5 Blasewitz;Wahlbezirk_Brief;0;0;838;838;834;410;104;102;94;40;6;53;15;10;4
2013;51002;51 Blasewitz;08 Blasewitz, Striesen;StB 5 Blasewitz;Wahlbezirk_Brief;0;0;739;739;732;305;105;97;105;26;10;34;37;13;7
2013;51100;51 Blasewitz;08 Blasewitz, Striesen;StB 5 Blasewitz;Wahlbezirk_Urne;1330;312;841;2;838;390;122;110;69;47;9;53;25;13;3
2013;51200;51 Blasewitz;08 Blasewitz, Striesen;StB 5 Blasewitz;Wahlbezirk_Urne;1538;340;906;0;898;433;167;111;61;51;10;34;14;17;8
2013;51400;51 Blasewitz;08 Blasewitz, Striesen;StB 5 Blasewitz;Wahlbezirk_Urne;1128;214;723;2;716;318;119;104;75;27;10;35;18;10;7
2013;51500;51 Blasewitz;08 Blasewitz, Striesen;StB 5 Blasewitz;Wahlbezirk_Urne;1152;255;682;3;674;261;95;109;86;23;7;50;34;9;8
2013;51600;51 Blasewitz;08 Blasewitz, Striesen;StB 5 Blasewitz;Wahlbezirk_Urne;1177;237;792;0;783;336;119;84;117;37;7;60;19;4;9
2013;51700;51 Blasewitz;08 Blasewitz, Striesen;StB 5 Blasewitz;Wahlbezirk_Urne;1455;290;846;0;840;308;140;128;112;27;14;64;33;14;6
2013;52001;52 Striesen-Ost;08 Blasewitz, Striesen;StB 5 Blasewitz;Wahlbezirk_Brief;0;0;824;824;811;333;131;109;111;31;10;43;30;13;13
2013;52002;52 Striesen-Ost;08 Blasewitz, Striesen;StB 5 Blasewitz;Wahlbezirk_Brief;0;0;661;661;659;245;114;70;145;26;4;23;21;11;2
2013;52003;52 Striesen-Ost;08 Blasewitz, Striesen;StB 5 Blasewitz;Wahlbezirk_Brief;0;0;681;681;678;254;112;88;127;30;2;28;24;13;3
2013;52100;52 Striesen-Ost;08 Blasewitz, Striesen;StB 5 Blasewitz;Wahlbezirk_Urne;1098;248;707;2;702;255;97;90;142;26;7;45;31;9;5
2013;52200;52 Striesen-Ost;08 Blasewitz, Striesen;StB 5 Blasewitz;Wahlbezirk_Urne;1317;322;829;0;814;300;130;115;134;29;6;56;31;13;15
2013;52300;52 Striesen-Ost;08 Blasewitz, Striesen;StB 5 Blasewitz;Wahlbezirk_Urne;1483;358;926;2;923;342;168;120;183;18;2;60;18;12;3
2013;52400;52 Striesen-Ost;08 Blasewitz, Striesen;StB 5 Blasewitz;Wahlbezirk_Urne;1402;282;949;0;943;381;143;127;130;29;14;73;33;13;6
2013;52501;52 Striesen-Ost;08 Blasewitz, Striesen;StB 5 Blasewitz;Wahlbezirk_Urne;1460;311;868;1;861;373;124;110;111;38;10;48;29;18;7
2013;52502;52 Striesen-Ost;08 Blasewitz, Striesen;StB 5 Blasewitz;Wahlbezirk_Urne;851;180;550;2;543;192;72;88;90;32;4;31;21;13;7
2013;52600;52 Striesen-Ost;08 Blasewitz, Striesen;StB 5 Blasewitz;Wahlbezirk_Urne;1213;234;729;1;727;270;110;121;90;30;5;60;27;14;2
2013;52700;52 Striesen-Ost;08 Blasewitz, Striesen;StB 5 Blasewitz;Wahlbezirk_Urne;1968;326;1089;1;1067;419;139;211;79;31;30;89;42;27;22
2013;53001;53 Striesen-Süd;08 Blasewitz, Striesen;StB 5 Blasewitz;Wahlbezirk_Brief;0;0;806;806;797;295;123;156;103;29;4;44;24;19;9
2013;53002;53 Striesen-Süd;08 Blasewitz, Striesen;StB 5 Blasewitz;Wahlbezirk_Brief;0;0;933;933;925;356;161;193;70;23;14;59;29;20;8
2013;53100;53 Striesen-Süd;08 Blasewitz, Striesen;StB 5 Blasewitz;Wahlbezirk_Urne;1080;269;689;1;687;277;130;88;82;23;8;49;22;8;2
2013;53200;53 Striesen-Süd;08 Blasewitz, Striesen;StB 5 Blasewitz;Wahlbezirk_Urne;1022;192;594;0;587;187;93;111;69;20;10;42;41;14;7
2013;53300;53 Striesen-Süd;08 Blasewitz, Striesen;StB 5 Blasewitz;Wahlbezirk_Urne;1742;372;838;0;827;324;134;178;58;17;13;54;25;24;11
2013;53400;53 Striesen-Süd;08 Blasewitz, Striesen;StB 5 Blasewitz;Wahlbezirk_Urne;1468;246;920;0;902;389;149;197;29;20;18;66;13;21;18
2013;53600;53 Striesen-Süd;08 Blasewitz, Striesen;StB 5 Blasewitz;Wahlbezirk_Urne;979;175;552;0;545;231;84;114;35;14;7;38;11;11;7
2013;53700;53 Striesen-Süd;08 Blasewitz, Striesen;StB 5 Blasewitz;Wahlbezirk_Urne;1239;272;596;0;588;213;89;93;46;18;28;53;33;15;8
2013;53800;53 Striesen-Süd;08 Blasewitz, Striesen;StB 5 Blasewitz;Wahlbezirk_Urne;1086;260;539;1;531;205;88;89;55;12;12;33;26;11;8
2013;54001;54 Striesen-West;08 Blasewitz, Striesen;StB 5 Blasewitz;Wahlbezirk_Brief;0;0;612;612;609;259;106;93;87;8;3;27;19;7;3
2013;54002;54 Striesen-West;08 Blasewitz, Striesen;StB 5 Blasewitz;Wahlbezirk_Brief;0;0;755;755;745;317;138;96;82;31;13;28;22;18;10
2013;54003;54 Striesen-West;08 Blasewitz, Striesen;StB 5 Blasewitz;Wahlbezirk_Brief;0;0;562;562;558;243;89;76;53;22;8;34;24;9;4
2013;54100;54 Striesen-West;08 Blasewitz, Striesen;StB 5 Blasewitz;Wahlbezirk_Urne;1660;328;1014;0;1005;388;189;192;98;26;11;67;24;10;9
2013;54200;54 Striesen-West;08 Blasewitz, Striesen;StB 5 Blasewitz;Wahlbezirk_Urne;1237;231;734;0;725;238;110;128;98;25;18;48;46;14;9
2013;54300;54 Striesen-West;08 Blasewitz, Striesen;StB 5 Blasewitz;Wahlbezirk_Urne;1369;264;778;1;762;338;102;165;28;21;12;47;24;25;16
2013;54400;54 Striesen-West;08 Blasewitz, Striesen;StB 5 Blasewitz;Wahlbezirk_Urne;1404;305;817;1;810;376;106;151;47;23;8;56;30;13;7
2013;54501;54 Striesen-West;08 Blasewitz, Striesen;StB 5 Blasewitz;Wahlbezirk_Urne;1498;283;957;0;949;393;139;182;69;35;17;69;29;16;8
2013;54502;54 Striesen-West;08 Blasewitz, Striesen;StB 5 Blasewitz;Wahlbezirk_Urne;1468;296;883;0;875;375;127;138;91;41;12;48;26;17;8
2013;54600;54 Striesen-West;08 Blasewitz, Striesen;StB 5 Blasewitz;Wahlbezirk_Urne;1697;290;977;2;959;391;177;164;77;13;16;66;38;17;18
2013;55001;55 Tolkewitz/Seidnitz-Nord;09 Tolkewitz, Seidnitz, Gruna;StB 5 Blasewitz;Wahlbezirk_Brief;0;0;694;694;686;301;110;118;50;17;8;46;19;17;8
2013;55002;55 Tolkewitz/Seidnitz-Nord;09 Tolkewitz, Seidnitz, Gruna;StB 5 Blasewitz;Wahlbezirk_Brief;0;0;722;722;712;285;125;153;43;13;14;46;16;17;10
2013;55101;55 Tolkewitz/Seidnitz-Nord;09 Tolkewitz, Seidnitz, Gruna;StB 5 Blasewitz;Wahlbezirk_Urne;1150;213;664;1;654;266;79;106;62;21;22;64;16;18;10
2013;55102;55 Tolkewitz/Seidnitz-Nord;09 Tolkewitz, Seidnitz, Gruna;StB 5 Blasewitz;Wahlbezirk_Urne;1118;170;720;2;710;277;109;134;71;17;13;61;20;8;10
2013;55200;55 Tolkewitz/Seidnitz-Nord;09 Tolkewitz, Seidnitz, Gruna;StB 5 Blasewitz;Wahlbezirk_Urne;1107;190;675;1;669;247;103;134;33;17;25;56;32;22;6
2013;55300;55 Tolkewitz/Seidnitz-Nord;09 Tolkewitz, Seidnitz, Gruna;StB 5 Blasewitz;Wahlbezirk_Urne;1609;253;931;0;917;404;126;199;37;16;28;74;17;16;14
2013;55400;55 Tolkewitz/Seidnitz-Nord;09 Tolkewitz, Seidnitz, Gruna;StB 5 Blasewitz;Wahlbezirk_Urne;1154;145;626;0;612;226;86;165;21;14;30;49;13;8;14
2013;55600;55 Tolkewitz/Seidnitz-Nord;09 Tolkewitz, Seidnitz, Gruna;StB 5 Blasewitz;Wahlbezirk_Urne;1563;257;758;1;749;279;119;168;22;28;30;55;28;20;9
2013;55800;55 Tolkewitz/Seidnitz-Nord;09 Tolkewitz, Seidnitz, Gruna;StB 5 Blasewitz;Wahlbezirk_Urne;1405;223;773;0;763;301;115;168;46;18;28;51;19;17;10
2013;56001;56 Seidnitz/Dobritz;09 Tolkewitz, Seidnitz, Gruna;StB 5 Blasewitz;Wahlbezirk_Brief;0;0;801;801;792;306;131;160;53;20;20;53;27;22;9
2013;56002;56 Seidnitz/Dobritz;09 Tolkewitz, Seidnitz, Gruna;StB 5 Blasewitz;Wahlbezirk_Brief;0;0;764;764;761;329;110;132;43;30;21;52;26;18;3
2013;56100;56 Seidnitz/Dobritz;09 Tolkewitz, Seidnitz, Gruna;StB 5 Blasewitz;Wahlbezirk_Urne;1371;224;723;0;712;272;108;133;34;21;33;58;30;23;11
2013;56200;56 Seidnitz/Dobritz;09 Tolkewitz, Seidnitz, Gruna;StB 5 Blasewitz;Wahlbezirk_Urne;887;99;499;0;489;178;79;108;12;6;27;41;25;13;10
2013;56300;56 Seidnitz/Dobritz;09 Tolkewitz, Seidnitz, Gruna;StB 5 Blasewitz;Wahlbezirk_Urne;1402;189;821;0;815;344;120;156;29;22;26;68;25;25;6
2013;56401;56 Seidnitz/Dobritz;09 Tolkewitz, Seidnitz, Gruna;StB 5 Blasewitz;Wahlbezirk_Urne;745;127;424;0;420;206;52;69;29;11;7;27;11;8;4
2013;56402;56 Seidnitz/Dobritz;09 Tolkewitz, Seidnitz, Gruna;StB 5 Blasewitz;Wahlbezirk_Urne;1533;195;891;1;879;417;112;169;37;18;20;60;25;21;12
2013;56501;56 Seidnitz/Dobritz;09 Tolkewitz, Seidnitz, Gruna;StB 5 Blasewitz;Wahlbezirk_Urne;910;113;532;0;527;216;68;116;27;14;17;43;12;14;5
2013;56502;56 Seidnitz/Dobritz;09 Tolkewitz, Seidnitz, Gruna;StB 5 Blasewitz;Wahlbezirk_Urne;1435;219;856;1;840;351;132;177;29;19;22;67;28;15;16
2013;56600;56 Seidnitz/Dobritz;09 Tolkewitz, Seidnitz, Gruna;StB 5 Blasewitz;Wahlbezirk_Urne;980;141;510;1;504;220;73;73;16;19;22;57;12;12;6
2013;56800;56 Seidnitz/Dobritz;09 Tolkewitz, Seidnitz, Gruna;StB 5 Blasewitz;Wahlbezirk_Urne;892;153;519;1;511;198;74;110;21;12;13;49;19;15;8
2013;56900;56 Seidnitz/Dobritz;09 Tolkewitz, Seidnitz, Gruna;StB 5 Blasewitz;Wahlbezirk_Urne;1014;158;580;0;579;223;74;150;19;17;16;46;14;20;1
2013;57001;57 Gruna;09 Tolkewitz, Seidnitz, Gruna;StB 5 Blasewitz;Wahlbezirk_Brief;0;0;734;734;732;259;113;174;78;17;11;44;23;13;2
2013;57002;57 Gruna;09 Tolkewitz, Seidnitz, Gruna;StB 5 Blasewitz;Wahlbezirk_Brief;0;0;572;572;568;240;109;102;57;11;4;22;8;15;4
2013;57003;57 Gruna;09 Tolkewitz, Seidnitz, Gruna;StB 5 Blasewitz;Wahlbezirk_Brief;0;0;756;756;754;296;125;133;78;22;9;46;28;17;2
2013;57100;57 Gruna;09 Tolkewitz, Seidnitz, Gruna;StB 5 Blasewitz;Wahlbezirk_Urne;1398;217;817;0;800;301;127;194;46;14;8;60;31;19;17
2013;57200;57 Gruna;09 Tolkewitz, Seidnitz, Gruna;StB 5 Blasewitz;Wahlbezirk_Urne;1559;305;807;1;797;286;118;177;71;23;13;56;40;13;10
2013;57301;57 Gruna;09 Tolkewitz, Seidnitz, Gruna;StB 5 Blasewitz;Wahlbezirk_Urne;888;165;518;2;515;230;65;92;33;14;15;37;11;18;3
2013;57302;57 Gruna;09 Tolkewitz, Seidnitz, Gruna;StB 5 Blasewitz;Wahlbezirk_Urne;786;141;532;2;529;224;78;95;39;14;8;61;5;5;3
2013;57400;57 Gruna;09 Tolkewitz, Seidnitz, Gruna;StB 5 Blasewitz;Wahlbezirk_Urne;1259;237;773;1;765;285;104;158;53;22;22;76;19;26;8
2013;57500;57 Gruna;09 Tolkewitz, Seidnitz, Gruna;StB 5 Blasewitz;Wahlbezirk_Urne;1300;252;760;1;753;293;92;184;41;24;17;70;22;10;7
2013;57600;57 Gruna;09 Tolkewitz, Seidnitz, Gruna;StB 5 Blasewitz;Wahlbezirk_Urne;1335;282;676;1;666;276;99;134;31;26;11;49;28;12;10
2013;57700;57 Gruna;09 Tolkewitz, Seidnitz, Gruna;StB 5 Blasewitz;Wahlbezirk_Urne;974;246;572;1;566;214;91;118;51;12;15;36;17;12;6
2013;57800;57 Gruna;09 Tolkewitz, Seidnitz, Gruna;StB 5 Blasewitz;Wahlbezirk_Urne;1342;293;829;4;824;421;120;119;38;32;14;59;13;8;5
2013;61001;61 Leuben;10 StB Leuben;StB 6 Leuben;Wahlbezirk_Brief;0;0;717;717;713;298;113;157;42;22;18;29;20;14;4
2013;61002;61 Leuben;10 StB Leuben;StB 6 Leuben;Wahlbezirk_Brief;0;0;569;569;564;225;62;152;31;11;25;29;18;11;5
2013;61100;61 Leuben;10 StB Leuben;StB 6 Leuben;Wahlbezirk_Urne;941;118;535;0;524;233;77;109;27;10;16;34;10;8;11
2013;61200;61 Leuben;10 StB Leuben;StB 6 Leuben;Wahlbezirk_Urne;1056;127;633;1;625;272;75;105;38;18;31;54;25;7;8
2013;61300;61 Leuben;10 StB Leuben;StB 6 Leuben;Wahlbezirk_Urne;1651;188;951;0;929;388;133;193;32;30;32;72;22;27;22
2013;61400;61 Leuben;10 StB Leuben;StB 6 Leuben;Wahlbezirk_Urne;1007;117;551;0;545;220;57;92;16;29;30;56;26;19;6
2013;61500;61 Leuben;10 StB Leuben;StB 6 Leuben;Wahlbezirk_Urne;1314;198;711;0;707;299;101;167;18;14;23;56;10;19;4
2013;61600;61 Leuben;10 StB Leuben;StB 6 Leuben;Wahlbezirk_Urne;1076;194;586;0;573;228;89;141;21;7;21;38;11;17;13
2013;61700;61 Leuben;10 StB Leuben;StB 6 Leuben;Wahlbezirk_Urne;1110;122;552;0;547;209;90;159;12;5;19;30;13;10;5
2013;61800;61 Leuben;10 StB Leuben;StB 6 Leuben;Wahlbezirk_Urne;1817;269;859;0;851;321;103;226;21;17;43;65;30;25;8
2013;62001;62 Laubegast;10 StB Leuben;StB 6 Leuben;Wahlbezirk_Brief;0;0;703;703;700;298;113;107;67;25;17;38;16;19;3
2013;62002;62 Laubegast;10 StB Leuben;StB 6 Leuben;Wahlbezirk_Brief;0;0;915;915;907;393;133;136;106;24;23;55;15;22;8
2013;62101;62 Laubegast;10 StB Leuben;StB 6 Leuben;Wahlbezirk_Urne;799;92;513;0;505;192;84;96;31;14;17;40;20;11;8
2013;62102;62 Laubegast;10 StB Leuben;StB 6 Leuben;Wahlbezirk_Urne;836;150;529;2;524;210;80;100;41;18;13;36;19;7;5
2013;62200;62 Laubegast;10 StB Leuben;StB 6 Leuben;Wahlbezirk_Urne;1191;141;793;0;784;321;106;159;46;19;26;64;19;24;9
2013;62301;62 Laubegast;10 StB Leuben;StB 6 Leuben;Wahlbezirk_Urne;961;124;558;0;549;225;66;106;45;11;18;48;17;13;9
2013;62302;62 Laubegast;10 StB Leuben;StB 6 Leuben;Wahlbezirk_Urne;1059;212;606;0;604;280;94;97;21;21;15;56;10;10;2
2013;62400;62 Laubegast;10 StB Leuben;StB 6 Leuben;Wahlbezirk_Urne;1353;259;857;0;852;320;117;122;123;39;20;79;21;11;5
2013;62501;62 Laubegast;10 StB Leuben;StB 6 Leuben;Wahlbezirk_Urne;1230;210;763;0;745;328;123;116;54;20;18;52;18;16;18
2013;62502;62 Laubegast;10 StB Leuben;StB 6 Leuben;Wahlbezirk_Urne;1136;206;682;0;673;288;76;145;27;15;28;58;19;17;9
2013;62600;62 Laubegast;10 StB Leuben;StB 6 Leuben;Wahlbezirk_Urne;1538;271;964;2;953;415;134;172;69;23;28;78;17;17;11
2013;63001;63 Kleinzschachwitz;10 StB Leuben;StB 6 Leuben;Wahlbezirk_Brief;0;0;673;673;672;327;91;70;69;45;5;47;8;10;1
2013;63002;63 Kleinzschachwitz;10 StB Leuben;StB 6 Leuben;Wahlbezirk_Brief;0;0;482;482;479;225;78;59;33;17;5;39;13;10;3
2013;63101;63 Kleinzschachwitz;10 StB Leuben;StB 6 Leuben;Wahlbezirk_Urne;971;155;595;3;589;265;83;87;44;23;15;54;10;8;6
2013;63102;63 Kleinzschachwitz;10 StB Leuben;StB 6 Leuben;Wahlbezirk_Urne;995;211;620;0;616;282;94;93;49;18;9;44;14;13;4
2013;63200;63 Kleinzschachwitz;10 StB Leuben;StB 6 Leuben;Wahlbezirk_Urne;972;139;643;0;632;280;68;91;50;30;17;59;21;16;11
2013;63301;63 Kleinzschachwitz;10 StB Leuben;StB 6 Leuben;Wahlbezirk_Urne;1176;197;750;2;744;374;84;112;50;24;15;52;16;17;6
2013;63302;63 Kleinzschachwitz;10 StB Leuben;StB 6 Leuben;Wahlbezirk_Urne;891;141;602;1;598;295;69;89;32;26;10;45;15;17;4
2013;63401;63 Kleinzschachwitz;10 StB Leuben;StB 6 Leuben;Wahlbezirk_Urne;949;194;604;0;596;296;61;81;40;21;14;65;5;13;8
2013;63402;63 Kleinzschachwitz;10 StB Leuben;StB 6 Leuben;Wahlbezirk_Urne;1059;164;712;0;702;362;83;98;33;22;18;59;11;16;10
2013;64000;64 Großzschachwitz;10 StB Leuben;StB 6 Leuben;Wahlbezirk_Brief;0;0;634;634;629;264;75;134;52;19;12;37;15;21;5
2013;64100;64 Großzschachwitz;10 StB Leuben;StB 6 Leuben;Wahlbezirk_Urne;1081;128;641;0;634;277;77;90;34;33;23;60;26;14;7
2013;64200;64 Großzschachwitz;10 StB Leuben;StB 6 Leuben;Wahlbezirk_Urne;954;118;545;0;541;212;65;133;14;8;27;54;15;13;4
2013;64300;64 Großzschachwitz;10 StB Leuben;StB 6 Leuben;Wahlbezirk_Urne;901;102;544;0;535;195;84;123;18;9;20;57;20;9;9
2013;64400;64 Großzschachwitz;10 StB Leuben;StB 6 Leuben;Wahlbezirk_Urne;1009;157;589;1;580;168;92;179;25;10;14;53;21;18;9
2013;64500;64 Großzschachwitz;10 StB Leuben;StB 6 Leuben;Wahlbezirk_Urne;1318;143;777;0;754;359;105;108;33;20;25;65;18;21;23
2013;71000;71 Prohlis-Nord;11 Prohlis, Reick (mit Sternhäuser, Am Koitschgraben);StB 7 Prohlis;Wahlbezirk_Brief;0;0;555;555;552;219;70;136;27;11;37;28;15;9;3
2013;71100;71 Prohlis-Nord;11 Prohlis, Reick (mit Sternhäuser, Am Koitschgraben);StB 7 Prohlis;Wahlbezirk_Urne;962;145;597;0;591;248;77;129;22;6;16;52;23;18;6
2013;71200;71 Prohlis-Nord;11 Prohlis, Reick (mit Sternhäuser, Am Koitschgraben);StB 7 Prohlis;Wahlbezirk_Urne;1809;201;803;0;787;269;118;178;26;23;53;70;26;24;16
2013;71400;71 Prohlis-Nord;11 Prohlis, Reick (mit Sternhäuser, Am Koitschgraben);StB 7 Prohlis;Wahlbezirk_Urne;885;96;521;0;512;196;68;139;14;10;16;45;14;10;9
2013;71500;71 Prohlis-Nord;11 Prohlis, Reick (mit Sternhäuser, Am Koitschgraben);StB 7 Prohlis;Wahlbezirk_Urne;1224;136;592;0;577;223;77;157;14;9;38;40;7;12;15
2013;72000;72 Prohlis-Süd;11 Prohlis, Reick (mit Sternhäuser, Am Koitschgraben);StB 7 Prohlis;Wahlbezirk_Brief;0;0;668;668;663;251;102;171;38;15;15;41;13;17;5
2013;72100;72 Prohlis-Süd;11 Prohlis, Reick (mit Sternhäuser, Am Koitschgraben);StB 7 Prohlis;Wahlbezirk_Urne;1126;79;558;0;548;191;76;154;13;6;37;39;15;17;10
2013;72200;72 Prohlis-Süd;11 Prohlis, Reick (mit Sternhäuser, Am Koitschgraben);StB 7 Prohlis;Wahlbezirk_Urne;1058;88;460;0;451;164;56;134;8;11;32;29;6;11;9
2013;72300;72 Prohlis-Süd;11 Prohlis, Reick (mit Sternhäuser, Am Koitschgraben);StB 7 Prohlis;Wahlbezirk_Urne;1472;126;681;1;671;246;96;190;21;5;27;50;18;18;10
2013;72500;72 Prohlis-Süd;11 Prohlis, Reick (mit Sternhäuser, Am Koitschgraben);StB 7 Prohlis;Wahlbezirk_Urne;1488;158;661;0;648;226;81;178;12;11;36;57;30;17;13
2013;72700;72 Prohlis-Süd;11 Prohlis, Reick (mit Sternhäuser, Am Koitschgraben);StB 7 Prohlis;Wahlbezirk_Urne;1886;245;862;0;844;300;96;262;24;17;24;70;34;17;18
2013;73000;73 Niedersedlitz;12 Niedersedlitz, Leubnitz, Strehlen (ohne Sternhäuser, Am Koitschgraben);StB 7 Prohlis;Wahlbezirk_Brief;0;0;735;735;728;317;99;113;48;33;18;62;18;20;7
2013;73101;73 Niedersedlitz;12 Niedersedlitz, Leubnitz, Strehlen (ohne Sternhäuser, Am Koitschgraben);StB 7 Prohlis;Wahlbezirk_Urne;1187;182;752;0;745;363;88;130;47;21;22;50;13;11;7
2013;73102;73 Niedersedlitz;12 Niedersedlitz, Leubnitz, Strehlen (ohne Sternhäuser, Am Koitschgraben);StB 7 Prohlis;Wahlbezirk_Urne;1478;242;908;0;899;399;118;163;37;19;22;85;33;23;9
2013;73200;73 Niedersedlitz;12 Niedersedlitz, Leubnitz, Strehlen (ohne Sternhäuser, Am Koitschgraben);StB 7 Prohlis;Wahlbezirk_Urne;1083;155;720;0;711;334;96;111;25;23;28;55;21;18;9
2013;73300;73 Niedersedlitz;12 Niedersedlitz, Leubnitz, Strehlen (ohne Sternhäuser, Am Koitschgraben);StB 7 Prohlis;Wahlbezirk_Urne;907;174;559;0;553;260;90;86;25;19;10;47;7;9;6
2013;74000;74 Lockwitz;12 Niedersedlitz, Leubnitz, Strehlen (ohne Sternhäuser, Am Koitschgraben);StB 7 Prohlis;Wahlbezirk_Brief;0;0;730;730;720;328;113;96;48;37;20;48;19;11;10
2013;74100;74 Lockwitz;12 Niedersedlitz, Leubnitz, Strehlen (ohne Sternhäuser, Am Koitschgraben);StB 7 Prohlis;Wahlbezirk_Urne;680;89;405;0;401;191;52;51;15;13;25;22;17;15;4
2013;74201;74 Lockwitz;12 Niedersedlitz, Leubnitz, Strehlen (ohne Sternhäuser, Am Koitschgraben);StB 7 Prohlis;Wahlbezirk_Urne;1191;206;790;1;784;409;82;118;41;24;19;65;11;15;6
2013;74202;74 Lockwitz;12 Niedersedlitz, Leubnitz, Strehlen (ohne Sternhäuser, Am Koitschgraben);StB 7 Prohlis;Wahlbezirk_Urne;839;111;552;2;544;261;70;72;37;21;17;41;16;9;8
2013;74301;74 Lockwitz;12 Niedersedlitz, Leubnitz, Strehlen (ohne Sternhäuser, Am Koitschgraben);StB 7 Prohlis;Wahlbezirk_Urne;1124;148;750;0;746;344;89;131;36;23;19;74;15;15;4
2013;74302;74 Lockwitz;12 Niedersedlitz, Leubnitz, Strehlen (ohne Sternhäuser, Am Koitschgraben);StB 7 Prohlis;Wahlbezirk_Urne;1493;196;1003;0;991;470;114;165;39;34;29;102;14;24;12
2013;75001;75 Leubnitz-Neuostra;12 Niedersedlitz, Leubnitz, Strehlen (ohne Sternhäuser, Am Koitschgraben);StB 7 Prohlis;Wahlbezirk_Brief;0;0;647;647;641;299;107;101;60;7;7;43;12;5;6
2013;75002;75 Leubnitz-Neuostra;12 Niedersedlitz, Leubnitz, Strehlen (ohne Sternhäuser, Am Koitschgraben);StB 7 Prohlis;Wahlbezirk_Brief;0;0;720;720;713;288;115;134;62;26;13;26;28;21;7
2013;75003;75 Leubnitz-Neuostra;12 Niedersedlitz, Leubnitz, Strehlen (ohne Sternhäuser, Am Koitschgraben);StB 7 Prohlis;Wahlbezirk_Brief;0;0;800;800;793;358;134;124;57;23;14;41;21;21;7
2013;75100;75 Leubnitz-Neuostra;12 Niedersedlitz, Leubnitz, Strehlen (ohne Sternhäuser, Am Koitschgraben);StB 7 Prohlis;Wahlbezirk_Urne;1080;207;687;0;682;296;107;127;31;22;15;54;17;13;5
2013;75201;75 Leubnitz-Neuostra;12 Niedersedlitz, Leubnitz, Strehlen (ohne Sternhäuser, Am Koitschgraben);StB 7 Prohlis;Wahlbezirk_Urne;1021;239;644;3;640;313;86;92;56;24;10;41;6;12;4
2013;75202;75 Leubnitz-Neuostra;12 Niedersedlitz, Leubnitz, Strehlen (ohne Sternhäuser, Am Koitschgraben);StB 7 Prohlis;Wahlbezirk_Urne;1271;224;745;1;736;346;103;131;43;14;17;51;16;15;9
2013;75300;75 Leubnitz-Neuostra;12 Niedersedlitz, Leubnitz, Strehlen (ohne Sternhäuser, Am Koitschgraben);StB 7 Prohlis;Wahlbezirk_Urne;947;114;388;0;377;104;76;92;9;10;32;31;16;7;11
2013;75500;75 Leubnitz-Neuostra;12 Niedersedlitz, Leubnitz, Strehlen (ohne Sternhäuser, Am Koitschgraben);StB 7 Prohlis;Wahlbezirk_Urne;1004;177;644;0;637;264;90;101;71;29;8;47;18;9;7
2013;75600;75 Leubnitz-Neuostra;12 Niedersedlitz, Leubnitz, Strehlen (ohne Sternhäuser, Am Koitschgraben);StB 7 Prohlis;Wahlbezirk_Urne;1123;237;624;0;617;270;101;98;29;32;14;39;22;12;7
2013;75700;75 Leubnitz-Neuostra;12 Niedersedlitz, Leubnitz, Strehlen (ohne Sternhäuser, Am Koitschgraben);StB 7 Prohlis;Wahlbezirk_Urne;1197;216;648;0;639;250;100;138;34;16;27;42;19;13;9
2013;75800;75 Leubnitz-Neuostra;12 Niedersedlitz, Leubnitz, Strehlen (ohne Sternhäuser, Am Koitschgraben);StB 7 Prohlis;Wahlbezirk_Urne;1368;219;787;2;777;304;138;197;27;24;19;45;9;14;10
2013;75901;75 Leubnitz-Neuostra;12 Niedersedlitz, Leubnitz, Strehlen (ohne Sternhäuser, Am Koitschgraben);StB 7 Prohlis;Wahlbezirk_Urne;767;165;465;0;460;210;72;89;19;9;2;44;6;9;5
2013;75902;75 Leubnitz-Neuostra;12 Niedersedlitz, Leubnitz, Strehlen (ohne Sternhäuser, Am Koitschgraben);StB 7 Prohlis;Wahlbezirk_Urne;1002;207;626;0;623;273;141;63;43;14;10;47;24;8;3
2013;75903;75 Leubnitz-Neuostra;12 Niedersedlitz, Leubnitz, Strehlen (ohne Sternhäuser, Am Koitschgraben);StB 7 Prohlis;Wahlbezirk_Urne;941;215;555;0;549;242;81;93;38;20;7;41;13;14;6
2013;76001;76 Strehlen;12 Niedersedlitz, Leubnitz, Strehlen (ohne Sternhäuser, Am Koitschgraben);StB 7 Prohlis;Wahlbezirk_Brief;0;0;846;846;840;289;146;104;174;31;10;32;40;14;6
2013;76002;76 Strehlen;11 Prohlis, Reick (mit Sternhäuser, Am Koitschgraben);StB 7 Prohlis;Wahlbezirk_Brief;0;0;200;200;198;72;34;40;19;10;3;11;6;3;2
2013;76002;76 Strehlen;12 Niedersedlitz, Leubnitz, Strehlen (ohne Sternhäuser, Am Koitschgraben);StB 7 Prohlis;Wahlbezirk_Brief;0;0;466;466;462;169;78;94;44;23;6;27;13;8;4
2013;76100;76 Strehlen;12 Niedersedlitz, Leubnitz, Strehlen (ohne Sternhäuser, Am Koitschgraben);StB 7 Prohlis;Wahlbezirk_Urne;1284;354;668;8;663;259;105;85;78;34;8;49;37;8;5
2013;76200;76 Strehlen;12 Niedersedlitz, Leubnitz, Strehlen (ohne Sternhäuser, Am Koitschgraben);StB 7 Prohlis;Wahlbezirk_Urne;1253;258;760;1;742;291;105;107;81;30;23;54;30;21;18
2013;76300;76 Strehlen;12 Niedersedlitz, Leubnitz, Strehlen (ohne Sternhäuser, Am Koitschgraben);StB 7 Prohlis;Wahlbezirk_Urne;1182;284;662;4;654;218;107;120;104;19;11;32;30;13;8
2013;76400;76 Strehlen;12 Niedersedlitz, Leubnitz, Strehlen (ohne Sternhäuser, Am Koitschgraben);StB 7 Prohlis;Wahlbezirk_Urne;559;127;315;0;308;126;50;69;21;12;2;15;8;5;7
2013;76500;76 Strehlen;12 Niedersedlitz, Leubnitz, Strehlen (ohne Sternhäuser, Am Koitschgraben);StB 7 Prohlis;Wahlbezirk_Urne;1471;342;760;0;751;299;107;136;46;21;23;81;23;15;9
2013;76600;76 Strehlen;11 Prohlis, Reick (mit Sternhäuser, Am Koitschgraben);StB 7 Prohlis;Wahlbezirk_Urne;1217;148;620;0;608;234;63;150;28;14;24;42;34;19;12
2013;76700;76 Strehlen;11 Prohlis, Reick (mit Sternhäuser, Am Koitschgraben);StB 7 Prohlis;Wahlbezirk_Urne;1221;70;422;0;419;97;59;120;27;13;26;38;31;8;3
2013;77000;77 Reick;11 Prohlis, Reick (mit Sternhäuser, Am Koitschgraben);StB 7 Prohlis;Wahlbezirk_Brief;0;0;689;689;666;274;115;147;38;21;18;33;8;12;23
2013;77100;77 Reick;11 Prohlis, Reick (mit Sternhäuser, Am Koitschgraben);StB 7 Prohlis;Wahlbezirk_Urne;1393;244;746;0;736;314;98;145;18;19;31;70;20;21;10
2013;77200;77 Reick;11 Prohlis, Reick (mit Sternhäuser, Am Koitschgraben);StB 7 Prohlis;Wahlbezirk_Urne;1764;353;936;2;924;383;140;189;36;33;33;65;29;16;12
2013;77300;77 Reick;11 Prohlis, Reick (mit Sternhäuser, Am Koitschgraben);StB 7 Prohlis;Wahlbezirk_Urne;1194;112;522;0;513;190;75;95;12;14;37;53;24;13;9
2013;81001;81 Südvorstadt-West;13 Südvorstadt, Zschertnitz;StB 8 Plauen;Wahlbezirk_Brief;0;0;712;712;708;248;128;126;78;23;7;39;46;13;4
2013;81002;81 Südvorstadt-West;13 Südvorstadt, Zschertnitz;StB 8 Plauen;Wahlbezirk_Brief;0;0;614;614;611;231;102;97;73;31;12;16;38;11;3
2013;81003;81 Südvorstadt-West;13 Südvorstadt, Zschertnitz;StB 8 Plauen;Wahlbezirk_Brief;0;0;724;724;721;244;156;107;96;29;2;37;31;19;3
2013;81100;81 Südvorstadt-West;13 Südvorstadt, Zschertnitz;StB 8 Plauen;Wahlbezirk_Urne;1062;183;568;1;561;151;99;143;23;19;15;55;47;9;7
2013;81200;81 Südvorstadt-West;13 Südvorstadt, Zschertnitz;StB 8 Plauen;Wahlbezirk_Urne;1547;297;898;1;878;330;146;200;69;13;21;54;29;16;20
2013;81400;81 Südvorstadt-West;13 Südvorstadt, Zschertnitz;StB 8 Plauen;Wahlbezirk_Urne;1600;377;840;3;837;286;116;173;68;37;16;69;54;18;3
2013;81500;81 Südvorstadt-West;13 Südvorstadt, Zschertnitz;StB 8 Plauen;Wahlbezirk_Urne;1182;258;674;2;665;224;110;132;53;20;15;50;50;11;9
2013;81700;81 Südvorstadt-West;13 Südvorstadt, Zschertnitz;StB 8 Plauen;Wahlbezirk_Urne;1620;450;834;3;824;305;138;158;84;25;7;63;35;9;10
2013;81800;81 Südvorstadt-West;13 Südvorstadt, Zschertnitz;StB 8 Plauen;Wahlbezirk_Urne;1092;260;585;0;581;208;100;99;55;27;12;34;39;7;4
2013;81900;81 Südvorstadt-West;13 Südvorstadt, Zschertnitz;StB 8 Plauen;Wahlbezirk_Urne;1088;299;577;0;567;195;117;89;74;10;10;32;30;10;10
2013;82001;82 Südvorstadt-Ost;13 Südvorstadt, Zschertnitz;StB 8 Plauen;Wahlbezirk_Brief;0;0;725;725;723;242;132;123;85;30;9;39;55;8;2
2013;82002;82 Südvorstadt-Ost;13 Südvorstadt, Zschertnitz;StB 8 Plauen;Wahlbezirk_Brief;0;0;612;612;605;226;98;70;92;32;3;33;43;8;7
2013;82100;82 Südvorstadt-Ost;13 Südvorstadt, Zschertnitz;StB 8 Plauen;Wahlbezirk_Urne;1030;195;507;2;498;113;103;149;35;8;6;30;46;8;9
2013;82200;82 Südvorstadt-Ost;13 Südvorstadt, Zschertnitz;StB 8 Plauen;Wahlbezirk_Urne;1094;242;618;1;615;191;144;125;44;25;15;43;19;9;3
2013;82300;82 Südvorstadt-Ost;13 Südvorstadt, Zschertnitz;StB 8 Plauen;Wahlbezirk_Urne;1162;329;597;1;595;219;101;89;76;19;4;44;31;12;2
2013;82400;82 Südvorstadt-Ost;13 Südvorstadt, Zschertnitz;StB 8 Plauen;Wahlbezirk_Urne;1201;264;703;1;695;268;120;119;57;32;10;51;31;7;8
2013;82500;82 Südvorstadt-Ost;13 Südvorstadt, Zschertnitz;StB 8 Plauen;Wahlbezirk_Urne;975;390;350;5;348;79;82;42;46;21;1;23;45;9;2
2013;83001;83 Räcknitz/Zschertnitz;13 Südvorstadt, Zschertnitz;StB 8 Plauen;Wahlbezirk_Brief;0;0;767;767;761;315;126;123;60;27;13;37;40;20;6
2013;83002;83 Räcknitz/Zschertnitz;13 Südvorstadt, Zschertnitz;StB 8 Plauen;Wahlbezirk_Brief;0;0;824;824;819;346;123;144;74;29;17;40;26;20;5
2013;83100;83 Räcknitz/Zschertnitz;13 Südvorstadt, Zschertnitz;StB 8 Plauen;Wahlbezirk_Urne;1000;224;612;4;601;216;111;76;77;27;7;45;37;5;11
2013;83200;83 Räcknitz/Zschertnitz;13 Südvorstadt, Zschertnitz;StB 8 Plauen;Wahlbezirk_Urne;856;170;468;0;464;164;64;120;28;12;15;37;12;12;4
2013;83300;83 Räcknitz/Zschertnitz;13 Südvorstadt, Zschertnitz;StB 8 Plauen;Wahlbezirk_Urne;1243;232;733;0;725;274;105;162;23;20;28;76;24;13;8
2013;83400;83 Räcknitz/Zschertnitz;13 Südvorstadt, Zschertnitz;StB 8 Plauen;Wahlbezirk_Urne;1567;332;947;1;934;372;151;206;41;20;22;72;23;27;13
2013;83500;83 Räcknitz/Zschertnitz;13 Südvorstadt, Zschertnitz;StB 8 Plauen;Wahlbezirk_Urne;1255;249;637;1;626;193;97;147;37;22;24;58;40;8;11
2013;83700;83 Räcknitz/Zschertnitz;13 Südvorstadt, Zschertnitz;StB 8 Plauen;Wahlbezirk_Urne;1015;195;592;1;586;233;103;125;21;15;11;43;26;9;6
2013;83800;83 Räcknitz/Zschertnitz;13 Südvorstadt, Zschertnitz;StB 8 Plauen;Wahlbezirk_Urne;1147;241;678;1;669;284;94;142;41;14;10;45;27;12;9
2013;84001;84 Kleinpestitz/Mockritz;14 Mockritz, Coschütz, Plauen;StB 8 Plauen;Wahlbezirk_Brief;0;0;547;547;542;200;109;124;36;10;9;27;15;12;5
2013;84002;84 Kleinpestitz/Mockritz;14 Mockritz, Coschütz, Plauen;StB 8 Plauen;Wahlbezirk_Brief;0;0;570;570;564;231;82;94;63;19;7;40;16;12;6
2013;84100;84 Kleinpestitz/Mockritz;14 Mockritz, Coschütz, Plauen;StB 8 Plauen;Wahlbezirk_Urne;1298;216;771;0;760;316;109;168;29;14;17;75;20;12;11
2013;84200;84 Kleinpestitz/Mockritz;14 Mockritz, Coschütz, Plauen;StB 8 Plauen;Wahlbezirk_Urne;865;126;500;0;497;169;76;136;25;11;17;37;17;9;3
2013;84300;84 Kleinpestitz/Mockritz;14 Mockritz, Coschütz, Plauen;StB 8 Plauen;Wahlbezirk_Urne;1191;218;659;2;653;259;117;126;22;22;23;36;22;26;6
2013;84400;84 Kleinpestitz/Mockritz;14 Mockritz, Coschütz, Plauen;StB 8 Plauen;Wahlbezirk_Urne;595;84;379;0;372;186;38;38;24;17;15;28;20;6;7
2013;84501;84 Kleinpestitz/Mockritz;14 Mockritz, Coschütz, Plauen;StB 8 Plauen;Wahlbezirk_Urne;1320;243;878;0;868;422;118;110;83;30;9;62;23;11;10
2013;84502;84 Kleinpestitz/Mockritz;14 Mockritz, Coschütz, Plauen;StB 8 Plauen;Wahlbezirk_Urne;1063;262;551;0;543;266;60;71;39;18;13;48;18;10;8
2013;85000;85 Coschütz/Gittersee;14 Mockritz, Coschütz, Plauen;StB 8 Plauen;Wahlbezirk_Brief;0;0;848;848;841;357;131;125;99;26;14;44;24;21;7
2013;85100;85 Coschütz/Gittersee;14 Mockritz, Coschütz, Plauen;StB 8 Plauen;Wahlbezirk_Urne;1448;364;750;2;742;325;104;130;54;17;22;53;19;18;8
2013;85200;85 Coschütz/Gittersee;14 Mockritz, Coschütz, Plauen;StB 8 Plauen;Wahlbezirk_Urne;1467;319;874;0;862;410;118;123;81;27;29;35;24;15;12
2013;85301;85 Coschütz/Gittersee;14 Mockritz, Coschütz, Plauen;StB 8 Plauen;Wahlbezirk_Urne;879;118;557;2;550;233;75;84;38;19;25;41;16;19;7
2013;85302;85 Coschütz/Gittersee;14 Mockritz, Coschütz, Plauen;StB 8 Plauen;Wahlbezirk_Urne;883;82;574;2;562;270;76;94;23;12;14;39;20;14;12
2013;86001;86 Plauen;14 Mockritz, Coschütz, Plauen;StB 8 Plauen;Wahlbezirk_Brief;0;0;541;541;538;169;110;64;94;25;2;23;41;10;3
2013;86002;86 Plauen;14 Mockritz, Coschütz, Plauen;StB 8 Plauen;Wahlbezirk_Brief;0;0;754;754;751;255;139;94;128;25;7;43;47;13;3
2013;86003;86 Plauen;14 Mockritz, Coschütz, Plauen;StB 8 Plauen;Wahlbezirk_Brief;0;0;694;694;694;294;131;67;102;25;7;36;19;13;0
2013;86100;86 Plauen;14 Mockritz, Coschütz, Plauen;StB 8 Plauen;Wahlbezirk_Urne;1420;301;886;7;876;325;156;136;112;33;13;54;37;10;10
2013;86200;86 Plauen;14 Mockritz, Coschütz, Plauen;StB 8 Plauen;Wahlbezirk_Urne;1159;269;708;4;701;275;127;110;79;27;4;46;24;9;7
2013;86300;86 Plauen;14 Mockritz, Coschütz, Plauen;StB 8 Plauen;Wahlbezirk_Urne;1313;292;770;0;760;237;130;158;88;36;10;60;31;10;10
2013;86400;86 Plauen;14 Mockritz, Coschütz, Plauen;StB 8 Plauen;Wahlbezirk_Urne;997;238;631;1;621;226;100;92;92;30;8;47;14;12;10
2013;86500;86 Plauen;14 Mockritz, Coschütz, Plauen;StB 8 Plauen;Wahlbezirk_Urne;1191;252;710;1;708;213;131;99;118;29;9;52;48;9;2
2013;86600;86 Plauen;14 Mockritz, Coschütz, Plauen;StB 8 Plauen;Wahlbezirk_Urne;1046;227;582;0;580;217;106;75;77;19;6;42;29;9;2
2013;86700;86 Plauen;14 Mockritz, Coschütz, Plauen;StB 8 Plauen;Wahlbezirk_Urne;715;203;432;2;430;167;67;64;51;27;1;27;23;3;2
2013;86800;86 Plauen;14 Mockritz, Coschütz, Plauen;StB 8 Plauen;Wahlbezirk_Urne;1137;285;648;1;644;256;134;99;78;15;4;38;10;10;4
2013;90010;90 Cossebaude/Mobschatz/Oberw.;17 Briesnitz und westliche OS;StB 9 Cotta/westliche Ortschaften;Wahlbezirk_Brief;0;0;811;811;808;338;135;104;72;36;28;65;19;11;3
2013;90110;90 Cossebaude/Mobschatz/Oberw.;17 Briesnitz und westliche OS;StB 9 Cotta/westliche Ortschaften;Wahlbezirk_Urne;1547;183;905;0;889;387;102;158;38;27;44;80;27;26;16
2013;90210;90 Cossebaude/Mobschatz/Oberw.;17 Briesnitz und westliche OS;StB 9 Cotta/westliche Ortschaften;Wahlbezirk_Urne;1140;216;697;0;694;357;94;92;39;26;12;46;12;16;3
2013;90311;90 Cossebaude/Mobschatz/Oberw.;17 Briesnitz und westliche OS;StB 9 Cotta/westliche Ortschaften;Wahlbezirk_Urne;647;63;425;2;420;179;53;71;30;18;12;37;13;7;5
2013;90312;90 Cossebaude/Mobschatz/Oberw.;17 Briesnitz und westliche OS;StB 9 Cotta/westliche Ortschaften;Wahlbezirk_Urne;927;129;575;0;566;261;71;101;22;23;25;45;8;10;9
2013;90410;90 Cossebaude/Mobschatz/Oberw.;17 Briesnitz und westliche OS;StB 9 Cotta/westliche Ortschaften;Wahlbezirk_Urne;340;45;241;0;239;123;22;21;22;7;9;26;1;8;2
2013;90510;90 Cossebaude/Mobschatz/Oberw.;17 Briesnitz und westliche OS;StB 9 Cotta/westliche Ortschaften;Wahlbezirk_Urne;322;39;198;0;197;87;16;22;12;10;19;23;5;3;1
2013;90610;90 Cossebaude/Mobschatz/Oberw.;17 Briesnitz und westliche OS;StB 9 Cotta/westliche Ortschaften;Wahlbezirk_Urne;816;133;526;0;516;249;59;80;33;21;22;30;10;12;10
2013;90710;90 Cossebaude/Mobschatz/Oberw.;17 Briesnitz und westliche OS;StB 9 Cotta/westliche Ortschaften;Wahlbezirk_Urne;423;38;292;0;289;155;25;29;18;10;10;24;4;14;3
2013;91001;91 Cotta;15 Cotta, Löbtau, Naußlitz, Dölzschen;StB 9 Cotta/westliche Ortschaften;Wahlbezirk_Brief;0;0;690;690;685;262;105;105;68;23;16;38;48;20;5
2013;91002;91 Cotta;15 Cotta, Löbtau, Naußlitz, Dölzschen;StB 9 Cotta/westliche Ortschaften;Wahlbezirk_Brief;0;0;567;567;562;213;76;102;48;12;13;40;32;26;5
2013;91101;91 Cotta;15 Cotta, Löbtau, Naußlitz, Dölzschen;StB 9 Cotta/westliche Ortschaften;Wahlbezirk_Urne;967;126;580;1;569;208;80;105;37;16;35;48;24;16;11
2013;91102;91 Cotta;15 Cotta, Löbtau, Naußlitz, Dölzschen;StB 9 Cotta/westliche Ortschaften;Wahlbezirk_Urne;1059;155;609;1;605;224;100;96;33;20;23;52;37;20;4
2013;91200;91 Cotta;15 Cotta, Löbtau, Naußlitz, Dölzschen;StB 9 Cotta/westliche Ortschaften;Wahlbezirk_Urne;1612;222;937;0;927;317;144;192;67;24;32;86;32;33;10
2013;91300;91 Cotta;15 Cotta, Löbtau, Naußlitz, Dölzschen;StB 9 Cotta/westliche Ortschaften;Wahlbezirk_Urne;1541;224;854;6;841;286;124;149;71;24;37;75;50;25;13
2013;91400;91 Cotta;15 Cotta, Löbtau, Naußlitz, Dölzschen;StB 9 Cotta/westliche Ortschaften;Wahlbezirk_Urne;1019;143;605;0;596;242;76;119;27;11;25;57;23;16;9
2013;91501;91 Cotta;15 Cotta, Löbtau, Naußlitz, Dölzschen;StB 9 Cotta/westliche Ortschaften;Wahlbezirk_Urne;1356;212;698;0;691;273;83;130;41;17;32;51;36;28;7
2013;91502;91 Cotta;15 Cotta, Löbtau, Naußlitz, Dölzschen;StB 9 Cotta/westliche Ortschaften;Wahlbezirk_Urne;1307;233;639;1;632;220;85;117;39;23;31;56;39;22;7
2013;92000;92 Löbtau-Nord;15 Cotta, Löbtau, Naußlitz, Dölzschen;StB 9 Cotta/westliche Ortschaften;Wahlbezirk_Brief;0;0;1217;1217;1196;360;207;195;184;39;13;55;113;30;21
2013;92100;92 Löbtau-Nord;15 Cotta, Löbtau, Naußlitz, Dölzschen;StB 9 Cotta/westliche Ortschaften;Wahlbezirk_Urne;1456;300;680;1;668;242;102;101;63;21;24;49;52;14;12
2013;92200;92 Löbtau-Nord;15 Cotta, Löbtau, Naußlitz, Dölzschen;StB 9 Cotta/westliche Ortschaften;Wahlbezirk_Urne;1568;294;777;0;769;256;127;125;102;19;16;59;48;17;8
2013;92300;92 Löbtau-Nord;15 Cotta, Löbtau, Naußlitz, Dölzschen;StB 9 Cotta/westliche Ortschaften;Wahlbezirk_Urne;1523;323;799;0;791;257;125;141;84;17;26;75;48;18;8
2013;92400;92 Löbtau-Nord;15 Cotta, Löbtau, Naußlitz, Dölzschen;StB 9 Cotta/westliche Ortschaften;Wahlbezirk_Urne;908;150;531;0;525;155;58;120;61;12;18;43;43;15;6
2013;92500;92 Löbtau-Nord;15 Cotta, Löbtau, Naußlitz, Dölzschen;StB 9 Cotta/westliche Ortschaften;Wahlbezirk_Urne;1269;213;672;4;661;226;110;112;70;14;20;46;39;24;11
2013;93001;93 Löbtau-Süd;15 Cotta, Löbtau, Naußlitz, Dölzschen;StB 9 Cotta/westliche Ortschaften;Wahlbezirk_Brief;0;0;994;994;986;322;194;151;146;40;10;42;62;19;8
2013;93002;93 Löbtau-Süd;15 Cotta, Löbtau, Naußlitz, Dölzschen;StB 9 Cotta/westliche Ortschaften;Wahlbezirk_Brief;0;0;744;744;744;256;127;121;102;25;13;41;43;16;0
2013;93101;93 Löbtau-Süd;15 Cotta, Löbtau, Naußlitz, Dölzschen;StB 9 Cotta/westliche Ortschaften;Wahlbezirk_Urne;1252;263;701;5;695;238;101;125;84;22;19;46;44;16;6
2013;93102;93 Löbtau-Süd;15 Cotta, Löbtau, Naußlitz, Dölzschen;StB 9 Cotta/westliche Ortschaften;Wahlbezirk_Urne;1103;214;580;3;574;190;95;98;75;20;8;32;46;10;6
2013;93200;93 Löbtau-Süd;15 Cotta, Löbtau, Naußlitz, Dölzschen;StB 9 Cotta/westliche Ortschaften;Wahlbezirk_Urne;1701;325;906;3;892;288;135;145;114;36;19;60;72;23;14
2013;93300;93 Löbtau-Süd;15 Cotta, Löbtau, Naußlitz, Dölzschen;StB 9 Cotta/westliche Ortschaften;Wahlbezirk_Urne;1004;250;503;2;498;179;80;82;55;12;6;30;43;11;5
2013;93400;93 Löbtau-Süd;15 Cotta, Löbtau, Naußlitz, Dölzschen;StB 9 Cotta/westliche Ortschaften;Wahlbezirk_Urne;961;165;569;1;558;177;106;108;46;19;23;31;33;15;11
2013;93500;93 Löbtau-Süd;15 Cotta, Löbtau, Naußlitz, Dölzschen;StB 9 Cotta/westliche Ortschaften;Wahlbezirk_Urne;1394;286;755;6;750;248;135;130;68;14;25;62;55;13;5
2013;93600;93 Löbtau-Süd;15 Cotta, Löbtau, Naußlitz, Dölzschen;StB 9 Cotta/westliche Ortschaften;Wahlbezirk_Urne;1583;334;823;1;818;312;124;140;75;25;17;64;40;21;5
2013;94001;94 Naußlitz;15 Cotta, Löbtau, Naußlitz, Dölzschen;StB 9 Cotta/westliche Ortschaften;Wahlbezirk_Brief;0;0;680;680;674;260;111;121;53;15;10;43;35;26;6
2013;94002;94 Naußlitz;15 Cotta, Löbtau, Naußlitz, Dölzschen;StB 9 Cotta/westliche Ortschaften;Wahlbezirk_Brief;0;0;523;523;522;238;88;69;45;18;7;29;16;12;1
2013;94101;94 Naußlitz;15 Cotta, Löbtau, Naußlitz, Dölzschen;StB 9 Cotta/westliche Ortschaften;Wahlbezirk_Urne;933;147;450;0;446;157;60;88;34;18;19;29;27;14;4
2013;94102;94 Naußlitz;15 Cotta, Löbtau, Naußlitz, Dölzschen;StB 9 Cotta/westliche Ortschaften;Wahlbezirk_Urne;998;158;508;1;497;203;81;89;22;12;22;34;18;16;11
2013;94200;94 Naußlitz;15 Cotta, Löbtau, Naußlitz, Dölzschen;StB 9 Cotta/westliche Ortschaften;Wahlbezirk_Urne;1265;166;787;1;780;308;96;153;45;18;24;82;29;25;7
2013;94400;94 Naußlitz;15 Cotta, Löbtau, Naußlitz, Dölzschen;StB 9 Cotta/westliche Ortschaften;Wahlbezirk_Urne;1122;230;663;0;653;315;76;115;33;24;6;47;20;17;10
2013;94501;94 Naußlitz;15 Cotta, Löbtau, Naußlitz, Dölzschen;StB 9 Cotta/westliche Ortschaften;Wahlbezirk_Urne;956;194;595;0;591;267;75;109;42;18;7;47;14;12;4
2013;94502;94 Naußlitz;15 Cotta, Löbtau, Naußlitz, Dölzschen;StB 9 Cotta/westliche Ortschaften;Wahlbezirk_Urne;817;151;515;1;507;231;79;85;31;20;12;35;8;6;8
2013;94600;94 Naußlitz;15 Cotta, Löbtau, Naußlitz, Dölzschen;StB 9 Cotta/westliche Ortschaften;Wahlbezirk_Urne;1370;202;832;0;824;333;125;144;66;26;22;72;22;14;8
2013;95000;95 Gorbitz-Süd;16 Gorbitz;StB 9 Cotta/westliche Ortschaften;Wahlbezirk_Brief;0;0;713;713;705;252;118;172;33;12;30;41;26;21;8
2013;95100;95 Gorbitz-Süd;16 Gorbitz;StB 9 Cotta/westliche Ortschaften;Wahlbezirk_Urne;1901;205;795;0;777;229;107;232;25;15;51;56;39;23;18
2013;95200;95 Gorbitz-Süd;16 Gorbitz;StB 9 Cotta/westliche Ortschaften;Wahlbezirk_Urne;1260;100;526;0;512;175;52;129;8;8;42;51;32;15;14
2013;95400;95 Gorbitz-Süd;16 Gorbitz;StB 9 Cotta/westliche Ortschaften;Wahlbezirk_Urne;950;82;526;0;508;194;75;149;7;6;16;36;12;13;18
2013;95500;95 Gorbitz-Süd;16 Gorbitz;StB 9 Cotta/westliche Ortschaften;Wahlbezirk_Urne;1438;202;783;0;773;313;100;146;29;25;33;72;35;20;10
2013;95600;95 Gorbitz-Süd;16 Gorbitz;StB 9 Cotta/westliche Ortschaften;Wahlbezirk_Urne;1219;161;564;0;556;193;69;145;14;7;31;59;18;20;8
2013;96000;96 Gorbitz-Ost;16 Gorbitz;StB 9 Cotta/westliche Ortschaften;Wahlbezirk_Brief;0;0;614;614;609;225;95;155;37;9;19;33;23;13;5
2013;96100;96 Gorbitz-Ost;16 Gorbitz;StB 9 Cotta/westliche Ortschaften;Wahlbezirk_Urne;1524;230;753;3;743;234;104;201;36;14;34;65;26;29;10
2013;96300;96 Gorbitz-Ost;16 Gorbitz;StB 9 Cotta/westliche Ortschaften;Wahlbezirk_Urne;1678;196;734;0;717;240;99;186;15;26;40;64;27;20;17
2013;96500;96 Gorbitz-Ost;16 Gorbitz;StB 9 Cotta/westliche Ortschaften;Wahlbezirk_Urne;1859;211;825;0;792;265;115;199;40;17;30;62;33;31;33
2013;97000;97 Gorbitz-Nord/Neu-Omsewitz;16 Gorbitz;StB 9 Cotta/westliche Ortschaften;Wahlbezirk_Brief;0;0;586;586;581;198;86;140;41;9;29;27;26;25;5
2013;97100;97 Gorbitz-Nord/Neu-Omsewitz;16 Gorbitz;StB 9 Cotta/westliche Ortschaften;Wahlbezirk_Urne;1596;206;828;0;815;301;105;189;34;27;35;68;38;18;13
2013;97300;97 Gorbitz-Nord/Neu-Omsewitz;16 Gorbitz;StB 9 Cotta/westliche Ortschaften;Wahlbezirk_Urne;1947;194;982;1;968;294;131;268;35;18;66;86;47;23;14
2013;97600;97 Gorbitz-Nord/Neu-Omsewitz;16 Gorbitz;StB 9 Cotta/westliche Ortschaften;Wahlbezirk_Urne;1463;214;707;0;693;230;109;169;24;15;37;61;26;22;14
2013;98001;98 Briesnitz;17 Briesnitz und westliche OS;StB 9 Cotta/westliche Ortschaften;Wahlbezirk_Brief;0;0;849;849;840;379;100;151;59;42;14;45;21;29;9
2013;98002;98 Briesnitz;17 Briesnitz und westliche OS;StB 9 Cotta/westliche Ortschaften;Wahlbezirk_Brief;0;0;638;638;632;278;77;101;54;25;9;43;27;18;6
2013;98100;98 Briesnitz;17 Briesnitz und westliche OS;StB 9 Cotta/westliche Ortschaften;Wahlbezirk_Urne;1459;218;886;0;873;404;93;131;55;34;35;60;30;31;13
2013;98200;98 Briesnitz;17 Briesnitz und westliche OS;StB 9 Cotta/westliche Ortschaften;Wahlbezirk_Urne;1464;251;886;1;872;408;100;148;50;22;30;63;23;28;14
2013;98300;98 Briesnitz;17 Briesnitz und westliche OS;StB 9 Cotta/westliche Ortschaften;Wahlbezirk_Urne;1364;261;821;0;808;389;113;120;34;19;21;74;18;20;13
2013;98401;98 Briesnitz;17 Briesnitz und westliche OS;StB 9 Cotta/westliche Ortschaften;Wahlbezirk_Urne;1005;150;580;0;568;214;80;102;38;17;27;46;26;18;12
2013;98402;98 Briesnitz;17 Briesnitz und westliche OS;StB 9 Cotta/westliche Ortschaften;Wahlbezirk_Urne;978;171;540;1;533;197;65;110;33;16;26;49;25;12;7
2013;98500;98 Briesnitz;17 Briesnitz und westliche OS;StB 9 Cotta/westliche Ortschaften;Wahlbezirk_Urne;1435;278;856;0;845;406;90;142;52;29;23;68;19;16;11
2013;98600;98 Briesnitz;17 Briesnitz und westliche OS;StB 9 Cotta/westliche Ortschaften;Wahlbezirk_Urne;1234;198;764;1;760;332;93;123;54;19;23;74;25;17;4
2013;99010;99 Altfranken/Gompitz;17 Briesnitz und westliche OS;StB 9 Cotta/westliche Ortschaften;Wahlbezirk_Brief;0;0;551;551;544;267;75;74;23;30;14;31;12;18;7
2013;99110;99 Altfranken/Gompitz;17 Briesnitz und westliche OS;StB 9 Cotta/westliche Ortschaften;Wahlbezirk_Urne;1464;292;929;2;917;483;98;102;46;40;22;85;16;25;12
2013;99310;99 Altfranken/Gompitz;17 Briesnitz und westliche OS;StB 9 Cotta/westliche Ortschaften;Wahlbezirk_Urne;1120;157;736;0;730;355;92;119;25;33;31;54;10;11;6
2013;99810;99 Altfranken/Gompitz;17 Briesnitz und westliche OS;StB 9 Cotta/westliche Ortschaften;Wahlbezirk_Urne;898;115;680;1;672;360;81;92;22;18;16;48;17;18;8
2017;01000;01 Innere Altstadt;01 StB Altstadt ohne Johannstadt;StB 0 Altstadt;Wahlbezirk_Brief;0;0;411;411;410;110;51;81;44;51;1;51;0;21;1
2017;01100;01 Innere Altstadt;01 StB Altstadt ohne Johannstadt;StB 0 Altstadt;Wahlbezirk_Urne;1328;422;642;0;637;134;73;141;44;100;1;108;0;36;5
2017;02001;02 Pirnaische Vorstadt;01 StB Altstadt ohne Johannstadt;StB 0 Altstadt;Wahlbezirk_Brief;0;0;694;694;690;213;85;125;45;63;3;94;4;58;4
2017;02002;02 Pirnaische Vorstadt;01 StB Altstadt ohne Johannstadt;StB 0 Altstadt;Wahlbezirk_Brief;0;0;424;424;422;110;67;87;33;40;2;49;3;31;2
2017;02100;02 Pirnaische Vorstadt;01 StB Altstadt ohne Johannstadt;StB 0 Altstadt;Wahlbezirk_Urne;1433;346;691;0;684;130;84;173;62;40;8;124;8;55;7
2017;02200;02 Pirnaische Vorstadt;01 StB Altstadt ohne Johannstadt;StB 0 Altstadt;Wahlbezirk_Urne;1775;453;828;3;814;184;76;173;60;64;7;170;12;68;14
2017;02400;02 Pirnaische Vorstadt;01 StB Altstadt ohne Johannstadt;StB 0 Altstadt;Wahlbezirk_Urne;1422;369;655;1;647;189;85;106;28;53;2;158;3;23;8
2017;03001;03 Seevorstadt-Ost;01 StB Altstadt ohne Johannstadt;StB 0 Altstadt;Wahlbezirk_Brief;0;0;596;596;596;151;74;110;56;75;1;83;4;42;0
2017;03002;03 Seevorstadt-Ost;01 StB Altstadt ohne Johannstadt;StB 0 Altstadt;Wahlbezirk_Brief;0;0;809;809;806;260;82;131;59;88;4;132;13;37;3
2017;03100;03 Seevorstadt-Ost;01 StB Altstadt ohne Johannstadt;StB 0 Altstadt;Wahlbezirk_Urne;1259;282;596;2;587;132;77;101;33;66;4;125;1;48;9
2017;03200;03 Seevorstadt-Ost;01 StB Altstadt ohne Johannstadt;StB 0 Altstadt;Wahlbezirk_Urne;1258;332;643;2;636;140;79;130;26;56;3;150;12;40;7
2017;03300;03 Seevorstadt-Ost;01 StB Altstadt ohne Johannstadt;StB 0 Altstadt;Wahlbezirk_Urne;1126;272;606;1;599;175;79;99;30;63;3;116;4;30;7
2017;03400;03 Seevorstadt-Ost;01 StB Altstadt ohne Johannstadt;StB 0 Altstadt;Wahlbezirk_Urne;1932;569;965;4;954;234;121;147;58;93;2;243;5;51;11
2017;04001;04 Wilsdruffer Vs./Seevs.-West;01 StB Altstadt ohne Johannstadt;StB 0 Altstadt;Wahlbezirk_Brief;0;0;1023;1023;1015;287;112;209;81;114;2;147;8;55;8
2017;04002;04 Wilsdruffer Vs./Seevs.-West;01 StB Altstadt ohne Johannstadt;StB 0 Altstadt;Wahlbezirk_Brief;0;0;717;717;715;184;96;161;38;68;4;115;7;42;2
2017;04100;04 Wilsdruffer Vs./Seevs.-West;01 StB Altstadt ohne Johannstadt;StB 0 Altstadt;Wahlbezirk_Urne;1151;405;538;1;538;102;69;82;62;103;1;77;6;36;0
2017;04200;04 Wilsdruffer Vs./Seevs.-West;01 StB Altstadt ohne Johannstadt;StB 0 Altstadt;Wahlbezirk_Urne;1239;337;541;1;534;122;61;107;43;62;5;104;4;26;7
2017;04300;04 Wilsdruffer Vs./Seevs.-West;01 StB Altstadt ohne Johannstadt;StB 0 Altstadt;Wahlbezirk_Urne;1299;309;671;0;657;141;85;122;32;50;6;171;6;44;14
2017;04400;04 Wilsdruffer Vs./Seevs.-West;01 StB Altstadt ohne Johannstadt;StB 0 Altstadt;Wahlbezirk_Urne;1153;295;509;0;502;113;72;97;30;42;4;122;4;18;7
2017;04500;04 Wilsdruffer Vs./Seevs.-West;01 StB Altstadt ohne Johannstadt;StB 0 Altstadt;Wahlbezirk_Urne;1013;214;558;0;548;111;53;141;24;30;6;147;8;28;10
2017;04600;04 Wilsdruffer Vs./Seevs.-West;01 StB Altstadt ohne Johannstadt;StB 0 Altstadt;Wahlbezirk_Urne;938;229;536;0;533;123;53;129;24;43;3;136;4;18;3
2017;05001;05 Friedrichstadt;01 StB Altstadt ohne Johannstadt;StB 0 Altstadt;Wahlbezirk_Brief;0;0;757;757;755;168;72;152;110;73;2;80;18;80;2
2017;05002;05 Friedrichstadt;01 StB Altstadt ohne Johannstadt;StB 0 Altstadt;Wahlbezirk_Brief;0;0;589;589;588;144;59;110;73;52;1;68;15;66;1
2017;05100;05 Friedrichstadt;01 StB Altstadt ohne Johannstadt;StB 0 Altstadt;Wahlbezirk_Urne;1944;447;969;1;955;199;112;168;95;96;12;183;7;83;14
2017;05200;05 Friedrichstadt;01 StB Altstadt ohne Johannstadt;StB 0 Altstadt;Wahlbezirk_Urne;1412;359;634;7;629;81;65;171;72;58;4;82;16;80;5
2017;05301;05 Friedrichstadt;01 StB Altstadt ohne Johannstadt;StB 0 Altstadt;Wahlbezirk_Urne;1648;402;820;6;812;139;83;179;123;89;0;118;8;73;8
2017;05302;05 Friedrichstadt;01 StB Altstadt ohne Johannstadt;StB 0 Altstadt;Wahlbezirk_Urne;1083;218;511;3;507;68;51;113;34;42;5;123;12;59;4
2017;06001;06 Johannstadt-Nord;02 Johannstadt;StB 0 Altstadt;Wahlbezirk_Brief;0;0;517;517;513;134;52;121;34;48;4;82;6;32;4
2017;06002;06 Johannstadt-Nord;02 Johannstadt;StB 0 Altstadt;Wahlbezirk_Brief;0;0;850;850;845;186;107;196;126;78;3;77;6;66;5
2017;06003;06 Johannstadt-Nord;02 Johannstadt;StB 0 Altstadt;Wahlbezirk_Brief;0;0;848;848;846;220;97;160;110;89;1;113;2;54;2
2017;06100;06 Johannstadt-Nord;02 Johannstadt;StB 0 Altstadt;Wahlbezirk_Urne;1032;180;671;0;666;166;71;139;21;52;5;171;4;37;5
2017;06200;06 Johannstadt-Nord;02 Johannstadt;StB 0 Altstadt;Wahlbezirk_Urne;1129;234;574;3;566;104;71;129;57;29;4;140;3;29;8
2017;06300;06 Johannstadt-Nord;02 Johannstadt;StB 0 Altstadt;Wahlbezirk_Urne;828;127;412;1;408;74;54;91;8;30;5;117;5;24;4
2017;06400;06 Johannstadt-Nord;02 Johannstadt;StB 0 Altstadt;Wahlbezirk_Urne;1170;275;640;1;634;147;82;126;56;41;2;141;5;34;6
2017;06500;06 Johannstadt-Nord;02 Johannstadt;StB 0 Altstadt;Wahlbezirk_Urne;1772;603;961;3;957;195;128;196;128;87;3;147;11;62;4
2017;06600;06 Johannstadt-Nord;02 Johannstadt;StB 0 Altstadt;Wahlbezirk_Urne;1478;373;692;1;679;148;88;137;61;59;1;133;9;43;13
2017;06800;06 Johannstadt-Nord;02 Johannstadt;StB 0 Altstadt;Wahlbezirk_Urne;1738;516;724;10;719;164;77;135;97;80;1;116;5;44;5
2017;07001;07 Johannstadt-Süd;02 Johannstadt;StB 0 Altstadt;Wahlbezirk_Brief;0;0;824;824;821;265;82;137;44;84;5;148;6;50;3
2017;07002;07 Johannstadt-Süd;02 Johannstadt;StB 0 Altstadt;Wahlbezirk_Brief;0;0;682;682;675;204;77;140;21;67;1;145;1;19;7
2017;07003;07 Johannstadt-Süd;02 Johannstadt;StB 0 Altstadt;Wahlbezirk_Brief;0;0;829;829;822;213;94;190;49;79;1;144;5;47;7
2017;07100;07 Johannstadt-Süd;02 Johannstadt;StB 0 Altstadt;Wahlbezirk_Urne;1170;288;638;0;629;175;84;139;25;44;4;128;5;25;9
2017;07200;07 Johannstadt-Süd;02 Johannstadt;StB 0 Altstadt;Wahlbezirk_Urne;940;226;544;0;532;145;53;100;17;44;1;146;3;23;12
2017;07300;07 Johannstadt-Süd;02 Johannstadt;StB 0 Altstadt;Wahlbezirk_Urne;1240;331;655;1;644;187;75;110;25;63;9;138;3;34;11
2017;07401;07 Johannstadt-Süd;02 Johannstadt;StB 0 Altstadt;Wahlbezirk_Urne;966;206;569;0;564;137;52;101;17;49;5;178;3;22;5
2017;07402;07 Johannstadt-Süd;02 Johannstadt;StB 0 Altstadt;Wahlbezirk_Urne;648;172;290;0;280;81;42;53;6;23;0;68;1;6;10
2017;07500;07 Johannstadt-Süd;02 Johannstadt;StB 0 Altstadt;Wahlbezirk_Urne;1274;322;610;0;600;130;69;121;22;52;2;164;5;35;10
2017;07600;07 Johannstadt-Süd;02 Johannstadt;StB 0 Altstadt;Wahlbezirk_Urne;956;274;466;0;460;97;62;94;13;41;1;135;2;15;6
2017;07700;07 Johannstadt-Süd;02 Johannstadt;StB 0 Altstadt;Wahlbezirk_Urne;890;209;466;2;457;84;44;129;19;17;2;128;4;30;9
2017;07800;07 Johannstadt-Süd;02 Johannstadt;StB 0 Altstadt;Wahlbezirk_Urne;979;165;528;1;523;118;57;114;21;33;4;154;3;19;5
2017;07900;07 Johannstadt-Süd;02 Johannstadt;StB 0 Altstadt;Wahlbezirk_Urne;971;212;528;0;517;151;52;97;11;45;2;137;0;22;11
2017;11001;11 Äußere Neustadt (Antonstadt);03 StB Neustadt ohne Leipziger Vorstadt;StB 1 Neustadt;Wahlbezirk_Brief;0;0;959;959;956;127;93;281;251;64;1;48;16;75;3
2017;11002;11 Äußere Neustadt (Antonstadt);03 StB Neustadt ohne Leipziger Vorstadt;StB 1 Neustadt;Wahlbezirk_Brief;0;0;832;832;829;128;99;220;168;73;1;33;14;93;3
2017;11003;11 Äußere Neustadt (Antonstadt);03 StB Neustadt ohne Leipziger Vorstadt;StB 1 Neustadt;Wahlbezirk_Brief;0;0;1234;1234;1230;167;146;361;327;59;0;38;14;118;4
2017;11004;11 Äußere Neustadt (Antonstadt);03 StB Neustadt ohne Leipziger Vorstadt;StB 1 Neustadt;Wahlbezirk_Brief;0;0;972;972;968;115;122;283;246;66;0;37;16;83;4
2017;11100;11 Äußere Neustadt (Antonstadt);03 StB Neustadt ohne Leipziger Vorstadt;StB 1 Neustadt;Wahlbezirk_Urne;1657;558;779;2;776;80;74;248;185;51;4;44;7;83;3
2017;11200;11 Äußere Neustadt (Antonstadt);03 StB Neustadt ohne Leipziger Vorstadt;StB 1 Neustadt;Wahlbezirk_Urne;1311;457;685;10;684;78;84;197;139;51;2;38;17;78;1
2017;11300;11 Äußere Neustadt (Antonstadt);03 StB Neustadt ohne Leipziger Vorstadt;StB 1 Neustadt;Wahlbezirk_Urne;1333;370;743;8;737;93;83;210;129;64;3;62;17;76;6
2017;11400;11 Äußere Neustadt (Antonstadt);03 StB Neustadt ohne Leipziger Vorstadt;StB 1 Neustadt;Wahlbezirk_Urne;1768;511;947;1;937;117;89;277;172;57;5;80;21;119;10
2017;11500;11 Äußere Neustadt (Antonstadt);03 StB Neustadt ohne Leipziger Vorstadt;StB 1 Neustadt;Wahlbezirk_Urne;1548;495;865;5;861;110;76;250;207;46;2;64;16;90;4
2017;11601;11 Äußere Neustadt (Antonstadt);03 StB Neustadt ohne Leipziger Vorstadt;StB 1 Neustadt;Wahlbezirk_Urne;1177;334;726;7;720;80;67;239;176;42;1;42;8;65;6
2017;11602;11 Äußere Neustadt (Antonstadt);03 StB Neustadt ohne Leipziger Vorstadt;StB 1 Neustadt;Wahlbezirk_Urne;1403;471;793;9;787;79;89;243;197;56;0;42;12;69;6
2017;11700;11 Äußere Neustadt (Antonstadt);03 StB Neustadt ohne Leipziger Vorstadt;StB 1 Neustadt;Wahlbezirk_Urne;1404;454;798;3;795;75;86;241;198;34;1;64;12;84;3
2017;11800;11 Äußere Neustadt (Antonstadt);03 StB Neustadt ohne Leipziger Vorstadt;StB 1 Neustadt;Wahlbezirk_Urne;1577;562;792;7;789;84;88;251;164;41;4;56;10;91;3
2017;12001;12 Radeberger Vorstadt;03 StB Neustadt ohne Leipziger Vorstadt;StB 1 Neustadt;Wahlbezirk_Brief;0;0;585;585;582;143;62;123;129;44;2;41;7;31;3
2017;12002;12 Radeberger Vorstadt;03 StB Neustadt ohne Leipziger Vorstadt;StB 1 Neustadt;Wahlbezirk_Brief;0;0;1133;1133;1129;280;130;213;153;116;0;149;15;73;4
2017;12100;12 Radeberger Vorstadt;03 StB Neustadt ohne Leipziger Vorstadt;StB 1 Neustadt;Wahlbezirk_Urne;949;293;557;5;554;99;59;123;132;42;0;61;8;30;3
2017;12201;12 Radeberger Vorstadt;03 StB Neustadt ohne Leipziger Vorstadt;StB 1 Neustadt;Wahlbezirk_Urne;1085;316;668;2;667;141;69;121;125;73;0;90;10;38;1
2017;12202;12 Radeberger Vorstadt;03 StB Neustadt ohne Leipziger Vorstadt;StB 1 Neustadt;Wahlbezirk_Urne;1127;381;606;3;603;146;64;108;95;58;2;99;3;28;3
2017;12301;12 Radeberger Vorstadt;03 StB Neustadt ohne Leipziger Vorstadt;StB 1 Neustadt;Wahlbezirk_Urne;1097;320;587;2;583;121;57;123;69;65;2;92;7;47;4
2017;12302;12 Radeberger Vorstadt;03 StB Neustadt ohne Leipziger Vorstadt;StB 1 Neustadt;Wahlbezirk_Urne;875;265;490;2;486;109;34;104;56;64;0;80;2;37;4
2017;12400;12 Radeberger Vorstadt;03 StB Neustadt ohne Leipziger Vorstadt;StB 1 Neustadt;Wahlbezirk_Urne;1362;210;724;1;709;119;56;181;47;49;11;176;11;59;15
2017;13001;13 Innere Neustadt;03 StB Neustadt ohne Leipziger Vorstadt;StB 1 Neustadt;Wahlbezirk_Brief;0;0;779;779;772;181;90;190;94;73;4;86;8;46;7
2017;13002;13 Innere Neustadt;03 StB Neustadt ohne Leipziger Vorstadt;StB 1 Neustadt;Wahlbezirk_Brief;0;0;945;945;942;258;101;169;190;91;1;71;9;52;3
2017;13100;13 Innere Neustadt;03 StB Neustadt ohne Leipziger Vorstadt;StB 1 Neustadt;Wahlbezirk_Urne;1351;454;686;5;682;135;81;128;100;79;1;94;12;52;4
2017;13200;13 Innere Neustadt;03 StB Neustadt ohne Leipziger Vorstadt;StB 1 Neustadt;Wahlbezirk_Urne;1194;364;569;2;561;142;76;129;21;36;2;118;7;30;8
2017;13300;13 Innere Neustadt;03 StB Neustadt ohne Leipziger Vorstadt;StB 1 Neustadt;Wahlbezirk_Urne;1333;389;728;8;724;111;79;184;120;72;7;74;9;68;4
2017;13400;13 Innere Neustadt;03 StB Neustadt ohne Leipziger Vorstadt;StB 1 Neustadt;Wahlbezirk_Urne;1665;589;798;3;795;161;96;201;106;59;1;107;9;55;3
2017;14001;14 Leipziger Vorstadt;04 Leipziger Vorstadt, Pieschen;StB 1 Neustadt;Wahlbezirk_Brief;0;0;1225;1225;1219;162;110;399;262;75;3;45;17;146;6
2017;14002;14 Leipziger Vorstadt;04 Leipziger Vorstadt, Pieschen;StB 1 Neustadt;Wahlbezirk_Brief;0;0;603;603;601;76;65;172;148;25;0;38;11;66;2
2017;14003;14 Leipziger Vorstadt;04 Leipziger Vorstadt, Pieschen;StB 1 Neustadt;Wahlbezirk_Brief;0;0;593;593;585;121;59;122;95;40;3;85;11;49;8
2017;14100;14 Leipziger Vorstadt;04 Leipziger Vorstadt, Pieschen;StB 1 Neustadt;Wahlbezirk_Urne;960;253;518;2;514;58;48;163;64;26;3;87;5;60;4
2017;14200;14 Leipziger Vorstadt;04 Leipziger Vorstadt, Pieschen;StB 1 Neustadt;Wahlbezirk_Urne;1695;475;943;7;935;78;86;359;167;52;2;73;14;104;8
2017;14300;14 Leipziger Vorstadt;04 Leipziger Vorstadt, Pieschen;StB 1 Neustadt;Wahlbezirk_Urne;1735;552;943;4;935;77;86;340;178;40;4;52;19;139;8
2017;14401;14 Leipziger Vorstadt;04 Leipziger Vorstadt, Pieschen;StB 1 Neustadt;Wahlbezirk_Urne;1271;324;757;9;752;77;61;252;148;25;2;59;15;113;5
2017;14402;14 Leipziger Vorstadt;04 Leipziger Vorstadt, Pieschen;StB 1 Neustadt;Wahlbezirk_Urne;1209;312;749;4;745;90;76;238;160;41;3;49;7;81;4
2017;14500;14 Leipziger Vorstadt;04 Leipziger Vorstadt, Pieschen;StB 1 Neustadt;Wahlbezirk_Urne;1506;328;922;5;910;134;89;230;162;64;7;125;13;86;12
2017;14600;14 Leipziger Vorstadt;04 Leipziger Vorstadt, Pieschen;StB 1 Neustadt;Wahlbezirk_Urne;1244;294;736;3;733;162;66;142;48;62;1;199;10;43;3
2017;15000;15 Albertstadt;03 StB Neustadt ohne Leipziger Vorstadt;StB 1 Neustadt;Wahlbezirk_Brief;0;0;602;602;598;143;53;102;85;87;5;86;2;35;4
2017;15100;15 Albertstadt;03 StB Neustadt ohne Leipziger Vorstadt;StB 1 Neustadt;Wahlbezirk_Urne;1496;424;648;3;645;159;70;122;104;53;2;78;10;47;3
2017;15300;15 Albertstadt;03 StB Neustadt ohne Leipziger Vorstadt;StB 1 Neustadt;Wahlbezirk_Urne;855;205;496;3;493;105;53;95;67;36;9;89;3;36;3
2017;21001;21 Pieschen-Süd;04 Leipziger Vorstadt, Pieschen;StB 2 Pieschen;Wahlbezirk_Brief;0;0;903;903;900;182;77;212;156;69;4;91;7;102;3
2017;21002;21 Pieschen-Süd;04 Leipziger Vorstadt, Pieschen;StB 2 Pieschen;Wahlbezirk_Brief;0;0;930;930;924;178;76;225;145;84;4;104;9;99;6
2017;21100;21 Pieschen-Süd;04 Leipziger Vorstadt, Pieschen;StB 2 Pieschen;Wahlbezirk_Urne;1248;306;678;1;672;89;55;201;107;49;3;80;9;79;6
2017;21200;21 Pieschen-Süd;04 Leipziger Vorstadt, Pieschen;StB 2 Pieschen;Wahlbezirk_Urne;1323;274;728;2;722;105;67;185;74;60;6;146;17;62;6
2017;21301;21 Pieschen-Süd;04 Leipziger Vorstadt, Pieschen;StB 2 Pieschen;Wahlbezirk_Urne;1644;364;904;4;893;171;94;180;108;71;7;154;15;93;11
2017;21302;21 Pieschen-Süd;04 Leipziger Vorstadt, Pieschen;StB 2 Pieschen;Wahlbezirk_Urne;1550;326;856;5;850;116;91;193;119;55;7;156;18;95;6
2017;21400;21 Pieschen-Süd;04 Leipziger Vorstadt, Pieschen;StB 2 Pieschen;Wahlbezirk_Urne;1482;352;762;0;750;125;78;177;99;37;4;143;12;75;12
2017;21500;21 Pieschen-Süd;04 Leipziger Vorstadt, Pieschen;StB 2 Pieschen;Wahlbezirk_Urne;1486;292;800;3;793;128;68;173;96;61;5;180;15;67;7
2017;22001;22 Mickten;05 Mickten, Kaditz, Trachau;StB 2 Pieschen;Wahlbezirk_Brief;0;0;895;895;885;236;86;152;74;77;7;167;12;74;10
2017;22002;22 Mickten;05 Mickten, Kaditz, Trachau;StB 2 Pieschen;Wahlbezirk_Brief;0;0;987;987;983;259;82;165;78;91;8;212;7;81;4
2017;22100;22 Mickten;05 Mickten, Kaditz, Trachau;StB 2 Pieschen;Wahlbezirk_Urne;1569;311;919;2;908;165;98;196;80;59;8;227;9;66;11
2017;22200;22 Mickten;05 Mickten, Kaditz, Trachau;StB 2 Pieschen;Wahlbezirk_Urne;1328;266;723;1;714;135;75;123;30;52;5;217;12;65;9
2017;22300;22 Mickten;05 Mickten, Kaditz, Trachau;StB 2 Pieschen;Wahlbezirk_Urne;1241;215;662;0;655;134;56;138;30;42;8;169;7;71;7
2017;22400;22 Mickten;05 Mickten, Kaditz, Trachau;StB 2 Pieschen;Wahlbezirk_Urne;922;138;527;0;515;108;55;86;10;40;11;170;2;33;12
2017;22501;22 Mickten;05 Mickten, Kaditz, Trachau;StB 2 Pieschen;Wahlbezirk_Urne;1212;270;722;3;710;170;54;104;31;74;3;222;6;46;12
2017;22502;22 Mickten;05 Mickten, Kaditz, Trachau;StB 2 Pieschen;Wahlbezirk_Urne;1673;351;943;2;936;184;88;165;74;84;10;230;7;94;7
2017;22600;22 Mickten;05 Mickten, Kaditz, Trachau;StB 2 Pieschen;Wahlbezirk_Urne;1081;196;666;2;661;128;65;114;28;57;5;206;5;53;5
2017;22700;22 Mickten;05 Mickten, Kaditz, Trachau;StB 2 Pieschen;Wahlbezirk_Urne;1085;213;666;2;653;130;62;108;19;56;2;233;7;36;13
2017;23000;23 Kaditz;05 Mickten, Kaditz, Trachau;StB 2 Pieschen;Wahlbezirk_Brief;0;0;816;816;813;276;57;106;38;86;8;187;5;50;3
2017;23100;23 Kaditz;05 Mickten, Kaditz, Trachau;StB 2 Pieschen;Wahlbezirk_Urne;1109;226;611;0;605;121;47;92;36;62;7;197;2;41;6
2017;23200;23 Kaditz;05 Mickten, Kaditz, Trachau;StB 2 Pieschen;Wahlbezirk_Urne;1237;243;636;1;631;96;55;116;40;59;8;201;5;51;5
2017;23300;23 Kaditz;05 Mickten, Kaditz, Trachau;StB 2 Pieschen;Wahlbezirk_Urne;1056;213;662;4;657;202;44;66;33;61;4;212;0;35;5
2017;23400;23 Kaditz;05 Mickten, Kaditz, Trachau;StB 2 Pieschen;Wahlbezirk_Urne;1077;161;691;1;674;147;75;94;18;62;11;226;4;37;17
2017;24001;24 Trachau;05 Mickten, Kaditz, Trachau;StB 2 Pieschen;Wahlbezirk_Brief;0;0;1022;1022;1018;276;117;184;106;110;2;146;4;73;4
2017;24002;24 Trachau;05 Mickten, Kaditz, Trachau;StB 2 Pieschen;Wahlbezirk_Brief;0;0;796;796;793;242;96;134;63;58;4;151;2;43;3
2017;24100;24 Trachau;05 Mickten, Kaditz, Trachau;StB 2 Pieschen;Wahlbezirk_Urne;951;174;583;5;578;126;62;111;39;45;1;144;5;45;5
2017;24200;24 Trachau;05 Mickten, Kaditz, Trachau;StB 2 Pieschen;Wahlbezirk_Urne;1161;298;733;4;730;161;86;151;75;79;2;131;1;44;3
2017;24300;24 Trachau;05 Mickten, Kaditz, Trachau;StB 2 Pieschen;Wahlbezirk_Urne;1039;282;625;6;616;149;63;115;63;48;1;129;4;44;9
2017;24400;24 Trachau;05 Mickten, Kaditz, Trachau;StB 2 Pieschen;Wahlbezirk_Urne;1322;302;801;1;798;177;84;148;75;83;8;177;2;44;3
2017;24500;24 Trachau;05 Mickten, Kaditz, Trachau;StB 2 Pieschen;Wahlbezirk_Urne;1543;333;911;2;899;204;97;171;37;74;4;255;5;52;12
2017;24700;24 Trachau;05 Mickten, Kaditz, Trachau;StB 2 Pieschen;Wahlbezirk_Urne;1082;203;628;0;622;151;54;120;39;42;5;169;2;40;6
2017;24800;24 Trachau;05 Mickten, Kaditz, Trachau;StB 2 Pieschen;Wahlbezirk_Urne;1019;284;596;1;592;150;61;81;38;59;2;174;1;26;4
2017;25001;25 Pieschen-N/Trachenberge;04 Leipziger Vorstadt, Pieschen;StB 2 Pieschen;Wahlbezirk_Brief;0;0;1084;1084;1078;288;115;204;105;99;8;149;12;98;6
2017;25002;25 Pieschen-N/Trachenberge;04 Leipziger Vorstadt, Pieschen;StB 2 Pieschen;Wahlbezirk_Brief;0;0;956;956;952;253;114;161;87;95;3;149;4;86;4
2017;25100;25 Pieschen-N/Trachenberge;04 Leipziger Vorstadt, Pieschen;StB 2 Pieschen;Wahlbezirk_Urne;1486;298;778;4;770;155;58;187;62;56;6;166;10;70;8
2017;25200;25 Pieschen-N/Trachenberge;04 Leipziger Vorstadt, Pieschen;StB 2 Pieschen;Wahlbezirk_Urne;1205;223;664;13;659;122;73;136;71;54;6;112;9;76;5
2017;25300;25 Pieschen-N/Trachenberge;04 Leipziger Vorstadt, Pieschen;StB 2 Pieschen;Wahlbezirk_Urne;1401;258;837;2;828;201;87;119;29;65;9;254;7;57;9
2017;25400;25 Pieschen-N/Trachenberge;04 Leipziger Vorstadt, Pieschen;StB 2 Pieschen;Wahlbezirk_Urne;1751;360;915;1;907;180;89;171;72;67;8;204;14;102;8
2017;25500;25 Pieschen-N/Trachenberge;04 Leipziger Vorstadt, Pieschen;StB 2 Pieschen;Wahlbezirk_Urne;1706;375;872;2;861;180;82;182;63;73;7;194;6;74;11
2017;25600;25 Pieschen-N/Trachenberge;04 Leipziger Vorstadt, Pieschen;StB 2 Pieschen;Wahlbezirk_Urne;832;236;441;1;437;96;44;76;42;48;4;94;1;32;4
2017;25700;25 Pieschen-N/Trachenberge;04 Leipziger Vorstadt, Pieschen;StB 2 Pieschen;Wahlbezirk_Urne;1562;392;826;0;817;175;82;163;64;76;2;217;3;35;9
2017;31001;31 Klotzsche;06 StB Klotzsche und nördliche OS;StB 3 Klotzsche/nördliche Ortschaften;Wahlbezirk_Brief;0;0;786;786;783;215;82;150;43;76;2;176;0;39;3
2017;31002;31 Klotzsche;06 StB Klotzsche und nördliche OS;StB 3 Klotzsche/nördliche Ortschaften;Wahlbezirk_Brief;0;0;846;846;843;260;66;114;90;109;3;149;6;46;3
2017;31003;31 Klotzsche;06 StB Klotzsche und nördliche OS;StB 3 Klotzsche/nördliche Ortschaften;Wahlbezirk_Brief;0;0;684;684;681;211;59;113;40;66;6;146;0;40;3
2017;31100;31 Klotzsche;06 StB Klotzsche und nördliche OS;StB 3 Klotzsche/nördliche Ortschaften;Wahlbezirk_Urne;1586;338;957;5;949;265;80;141;82;98;5;226;4;48;8
2017;31200;31 Klotzsche;06 StB Klotzsche und nördliche OS;StB 3 Klotzsche/nördliche Ortschaften;Wahlbezirk_Urne;1379;282;754;2;746;167;93;125;38;66;3;220;2;32;8
2017;31300;31 Klotzsche;06 StB Klotzsche und nördliche OS;StB 3 Klotzsche/nördliche Ortschaften;Wahlbezirk_Urne;1048;194;655;2;647;151;48;131;24;59;8;188;4;34;8
2017;31400;31 Klotzsche;06 StB Klotzsche und nördliche OS;StB 3 Klotzsche/nördliche Ortschaften;Wahlbezirk_Urne;1303;346;814;3;805;202;70;104;61;113;7;197;5;46;9
2017;31500;31 Klotzsche;06 StB Klotzsche und nördliche OS;StB 3 Klotzsche/nördliche Ortschaften;Wahlbezirk_Urne;1099;244;729;7;722;175;76;97;70;83;1;182;5;33;7
2017;31601;31 Klotzsche;06 StB Klotzsche und nördliche OS;StB 3 Klotzsche/nördliche Ortschaften;Wahlbezirk_Urne;1186;287;741;1;741;178;77;98;69;110;2;152;4;51;0
2017;31602;31 Klotzsche;06 StB Klotzsche und nördliche OS;StB 3 Klotzsche/nördliche Ortschaften;Wahlbezirk_Urne;1045;261;692;2;686;201;57;87;62;81;5;153;2;38;6
2017;31701;31 Klotzsche;06 StB Klotzsche und nördliche OS;StB 3 Klotzsche/nördliche Ortschaften;Wahlbezirk_Urne;935;174;505;2;495;114;38;104;24;55;7;130;6;17;10
2017;31702;31 Klotzsche;06 StB Klotzsche und nördliche OS;StB 3 Klotzsche/nördliche Ortschaften;Wahlbezirk_Urne;929;148;611;1;606;137;63;116;25;50;2;184;8;21;5
2017;31800;31 Klotzsche;06 StB Klotzsche und nördliche OS;StB 3 Klotzsche/nördliche Ortschaften;Wahlbezirk_Urne;860;123;513;0;506;98;40;114;21;27;10;160;2;34;7
2017;32001;32 Hellerau/Wilschdorf;06 StB Klotzsche und nördliche OS;StB 3 Klotzsche/nördliche Ortschaften;Wahlbezirk_Brief;0;0;417;417;415;138;41;42;17;43;2;112;0;20;2
2017;32002;32 Hellerau/Wilschdorf;06 StB Klotzsche und nördliche OS;StB 3 Klotzsche/nördliche Ortschaften;Wahlbezirk_Brief;0;0;726;726;726;230;69;111;74;77;0;117;3;45;0
2017;32100;32 Hellerau/Wilschdorf;06 StB Klotzsche und nördliche OS;StB 3 Klotzsche/nördliche Ortschaften;Wahlbezirk_Urne;1389;292;894;0;887;233;49;105;45;98;9;309;4;35;7
2017;32201;32 Hellerau/Wilschdorf;06 StB Klotzsche und nördliche OS;StB 3 Klotzsche/nördliche Ortschaften;Wahlbezirk_Urne;859;151;580;4;572;148;36;58;24;65;3;213;1;24;8
2017;32202;32 Hellerau/Wilschdorf;06 StB Klotzsche und nördliche OS;StB 3 Klotzsche/nördliche Ortschaften;Wahlbezirk_Urne;801;194;428;0;426;107;35;70;14;50;2;131;1;16;2
2017;32300;32 Hellerau/Wilschdorf;06 StB Klotzsche und nördliche OS;StB 3 Klotzsche/nördliche Ortschaften;Wahlbezirk_Urne;943;237;611;3;605;169;60;82;52;65;3;154;0;20;6
2017;32400;32 Hellerau/Wilschdorf;06 StB Klotzsche und nördliche OS;StB 3 Klotzsche/nördliche Ortschaften;Wahlbezirk_Urne;1140;317;711;0;703;160;75;118;85;63;2;165;4;31;8
2017;35010;35 Weixdorf;06 StB Klotzsche und nördliche OS;StB 3 Klotzsche/nördliche Ortschaften;Wahlbezirk_Brief;0;0;902;902;902;279;68;141;54;105;5;196;2;52;0
2017;35110;35 Weixdorf;06 StB Klotzsche und nördliche OS;StB 3 Klotzsche/nördliche Ortschaften;Wahlbezirk_Urne;1298;308;813;2;811;222;76;96;52;109;10;213;8;25;2
2017;35310;35 Weixdorf;06 StB Klotzsche und nördliche OS;StB 3 Klotzsche/nördliche Ortschaften;Wahlbezirk_Urne;1099;206;748;1;746;220;58;91;49;60;1;236;8;23;2
2017;35410;35 Weixdorf;06 StB Klotzsche und nördliche OS;StB 3 Klotzsche/nördliche Ortschaften;Wahlbezirk_Urne;1208;208;822;3;812;181;70;97;55;105;8;249;6;41;10
2017;35510;35 Weixdorf;06 StB Klotzsche und nördliche OS;StB 3 Klotzsche/nördliche Ortschaften;Wahlbezirk_Urne;976;199;615;2;603;178;44;59;26;72;4;203;1;16;12
2017;35610;35 Weixdorf;06 StB Klotzsche und nördliche OS;StB 3 Klotzsche/nördliche Ortschaften;Wahlbezirk_Urne;217;21;137;0;137;38;7;21;3;15;1;43;1;8;0
2017;36010;36 Langebrück/Schönborn;06 StB Klotzsche und nördliche OS;StB 3 Klotzsche/nördliche Ortschaften;Wahlbezirk_Brief;0;0;735;735;731;213;75;104;72;96;3;126;5;37;4
2017;36110;36 Langebrück/Schönborn;06 StB Klotzsche und nördliche OS;StB 3 Klotzsche/nördliche Ortschaften;Wahlbezirk_Urne;973;182;662;2;658;179;68;69;37;63;4;204;2;32;4
2017;36210;36 Langebrück/Schönborn;06 StB Klotzsche und nördliche OS;StB 3 Klotzsche/nördliche Ortschaften;Wahlbezirk_Urne;1287;278;814;2;812;211;78;106;75;119;3;172;4;44;2
2017;36310;36 Langebrück/Schönborn;06 StB Klotzsche und nördliche OS;StB 3 Klotzsche/nördliche Ortschaften;Wahlbezirk_Urne;792;249;468;3;466;110;49;71;41;54;0;124;0;17;2
2017;36410;36 Langebrück/Schönborn;06 StB Klotzsche und nördliche OS;StB 3 Klotzsche/nördliche Ortschaften;Wahlbezirk_Urne;385;54;290;1;286;66;19;40;15;25;3;101;2;15;4
2017;41001;41 Loschwitz/Wachwitz;07 StB Loschwitz und OS Schönfeld-Weißig;StB 4 Loschwitz/OS Schönfeld-Weißig;Wahlbezirk_Brief;0;0;750;750;748;220;67;101;108;125;0;100;0;27;2
2017;41002;41 Loschwitz/Wachwitz;07 StB Loschwitz und OS Schönfeld-Weißig;StB 4 Loschwitz/OS Schönfeld-Weißig;Wahlbezirk_Brief;0;0;654;654;652;209;58;78;68;123;1;94;1;20;2
2017;41100;41 Loschwitz/Wachwitz;07 StB Loschwitz und OS Schönfeld-Weißig;StB 4 Loschwitz/OS Schönfeld-Weißig;Wahlbezirk_Urne;1329;433;748;0;745;167;63;106;97;122;0;157;1;32;3
2017;41200;41 Loschwitz/Wachwitz;07 StB Loschwitz und OS Schönfeld-Weißig;StB 4 Loschwitz/OS Schönfeld-Weißig;Wahlbezirk_Urne;1207;346;721;5;713;229;73;99;80;87;1;114;3;27;8
2017;41300;41 Loschwitz/Wachwitz;07 StB Loschwitz und OS Schönfeld-Weißig;StB 4 Loschwitz/OS Schönfeld-Weißig;Wahlbezirk_Urne;818;297;446;0;443;114;43;42;64;77;0;86;1;16;3
2017;41400;41 Loschwitz/Wachwitz;07 StB Loschwitz und OS Schönfeld-Weißig;StB 4 Loschwitz/OS Schönfeld-Weißig;Wahlbezirk_Urne;1055;393;541;4;538;115;37;77;73;74;2;135;4;21;3
2017;42001;42 Bühlau/Weißer Hirsch;07 StB Loschwitz und OS Schönfeld-Weißig;StB 4 Loschwitz/OS Schönfeld-Weißig;Wahlbezirk_Brief;0;0;814;814;811;269;74;113;112;107;0;93;4;39;3
2017;42002;42 Bühlau/Weißer Hirsch;07 StB Loschwitz und OS Schönfeld-Weißig;StB 4 Loschwitz/OS Schönfeld-Weißig;Wahlbezirk_Brief;0;0;618;618;613;192;83;88;63;64;4;84;3;32;5
2017;42003;42 Bühlau/Weißer Hirsch;07 StB Loschwitz und OS Schönfeld-Weißig;StB 4 Loschwitz/OS Schönfeld-Weißig;Wahlbezirk_Brief;0;0;906;906;904;305;75;125;90;110;1;150;2;46;2
2017;42100;42 Bühlau/Weißer Hirsch;07 StB Loschwitz und OS Schönfeld-Weißig;StB 4 Loschwitz/OS Schönfeld-Weißig;Wahlbezirk_Urne;1449;423;877;7;869;248;93;136;112;114;1;115;4;46;8
2017;42200;42 Bühlau/Weißer Hirsch;07 StB Loschwitz und OS Schönfeld-Weißig;StB 4 Loschwitz/OS Schönfeld-Weißig;Wahlbezirk_Urne;1428;436;836;4;829;217;75;108;124;107;1;158;5;34;7
2017;42400;42 Bühlau/Weißer Hirsch;07 StB Loschwitz und OS Schönfeld-Weißig;StB 4 Loschwitz/OS Schönfeld-Weißig;Wahlbezirk_Urne;1227;350;705;3;700;198;78;93;75;83;3;131;4;35;5
2017;42500;42 Bühlau/Weißer Hirsch;07 StB Loschwitz und OS Schönfeld-Weißig;StB 4 Loschwitz/OS Schönfeld-Weißig;Wahlbezirk_Urne;1160;288;749;2;742;219;74;110;65;61;3;174;3;33;7
2017;42600;42 Bühlau/Weißer Hirsch;07 StB Loschwitz und OS Schönfeld-Weißig;StB 4 Loschwitz/OS Schönfeld-Weißig;Wahlbezirk_Urne;1009;281;597;1;595;174;48;72;65;68;0;143;1;24;2
2017;42700;42 Bühlau/Weißer Hirsch;07 StB Loschwitz und OS Schönfeld-Weißig;StB 4 Loschwitz/OS Schönfeld-Weißig;Wahlbezirk_Urne;1150;304;690;7;685;166;57;100;58;84;4;184;3;29;5
2017;42800;42 Bühlau/Weißer Hirsch;07 StB Loschwitz und OS Schönfeld-Weißig;StB 4 Loschwitz/OS Schönfeld-Weißig;Wahlbezirk_Urne;730;176;470;2;469;143;47;62;47;42;2;103;3;20;1
2017;42900;42 Bühlau/Weißer Hirsch;07 StB Loschwitz und OS Schönfeld-Weißig;StB 4 Loschwitz/OS Schönfeld-Weißig;Wahlbezirk_Urne;690;180;387;4;382;99;32;67;36;50;0;82;2;14;5
2017;43000;43 Hosterwitz/Pillnitz;07 StB Loschwitz und OS Schönfeld-Weißig;StB 4 Loschwitz/OS Schönfeld-Weißig;Wahlbezirk_Brief;0;0;681;681;678;195;77;92;86;65;1;135;0;27;3
2017;43100;43 Hosterwitz/Pillnitz;07 StB Loschwitz und OS Schönfeld-Weißig;StB 4 Loschwitz/OS Schönfeld-Weißig;Wahlbezirk_Urne;520;131;317;1;315;65;18;46;34;45;2;93;0;12;2
2017;43200;43 Hosterwitz/Pillnitz;07 StB Loschwitz und OS Schönfeld-Weißig;StB 4 Loschwitz/OS Schönfeld-Weißig;Wahlbezirk_Urne;1496;417;871;3;864;188;94;103;87;96;5;244;3;44;7
2017;43400;43 Hosterwitz/Pillnitz;07 StB Loschwitz und OS Schönfeld-Weißig;StB 4 Loschwitz/OS Schönfeld-Weißig;Wahlbezirk_Urne;743;172;462;6;455;106;46;69;29;37;5;142;2;19;7
2017;45010;45 Weißig;07 StB Loschwitz und OS Schönfeld-Weißig;StB 4 Loschwitz/OS Schönfeld-Weißig;Wahlbezirk_Brief;0;0;920;920;918;311;78;123;60;103;6;178;7;52;2
2017;45110;45 Weißig;07 StB Loschwitz und OS Schönfeld-Weißig;StB 4 Loschwitz/OS Schönfeld-Weißig;Wahlbezirk_Urne;1022;212;689;0;687;201;75;84;43;82;1;174;2;25;2
2017;45210;45 Weißig;07 StB Loschwitz und OS Schönfeld-Weißig;StB 4 Loschwitz/OS Schönfeld-Weißig;Wahlbezirk_Urne;1067;201;631;1;623;174;66;64;18;51;5;217;4;24;8
2017;45310;45 Weißig;07 StB Loschwitz und OS Schönfeld-Weißig;StB 4 Loschwitz/OS Schönfeld-Weißig;Wahlbezirk_Urne;1129;197;589;1;584;143;62;85;24;50;4;175;3;38;5
2017;45410;45 Weißig;07 StB Loschwitz und OS Schönfeld-Weißig;StB 4 Loschwitz/OS Schönfeld-Weißig;Wahlbezirk_Urne;820;185;520;2;511;142;42;57;32;64;8;148;2;16;9
2017;45510;45 Weißig;07 StB Loschwitz und OS Schönfeld-Weißig;StB 4 Loschwitz/OS Schönfeld-Weißig;Wahlbezirk_Urne;581;152;347;4;345;111;29;31;23;37;6;94;2;12;2
2017;46010;46 Gönnsdorf/Pappritz;07 StB Loschwitz und OS Schönfeld-Weißig;StB 4 Loschwitz/OS Schönfeld-Weißig;Wahlbezirk_Brief;0;0;758;758;757;260;59;66;67;121;2;147;5;30;1
2017;46110;46 Gönnsdorf/Pappritz;07 StB Loschwitz und OS Schönfeld-Weißig;StB 4 Loschwitz/OS Schönfeld-Weißig;Wahlbezirk_Urne;847;232;533;1;528;159;48;56;31;93;3;122;1;15;5
2017;46210;46 Gönnsdorf/Pappritz;07 StB Loschwitz und OS Schönfeld-Weißig;StB 4 Loschwitz/OS Schönfeld-Weißig;Wahlbezirk_Urne;852;208;558;1;551;132;41;63;21;79;4;181;1;29;7
2017;46310;46 Gönnsdorf/Pappritz;07 StB Loschwitz und OS Schönfeld-Weißig;StB 4 Loschwitz/OS Schönfeld-Weißig;Wahlbezirk_Urne;699;175;448;0;445;118;51;62;28;62;0;104;1;19;3
2017;46410;46 Gönnsdorf/Pappritz;07 StB Loschwitz und OS Schönfeld-Weißig;StB 4 Loschwitz/OS Schönfeld-Weißig;Wahlbezirk_Urne;751;169;474;0;468;114;33;45;27;60;1;161;4;23;6
2017;47010;47 Schönfeld/Schullwitz;07 StB Loschwitz und OS Schönfeld-Weißig;StB 4 Loschwitz/OS Schönfeld-Weißig;Wahlbezirk_Brief;0;0;539;539;539;165;32;64;35;76;2;131;1;33;0
2017;47110;47 Schönfeld/Schullwitz;07 StB Loschwitz und OS Schönfeld-Weißig;StB 4 Loschwitz/OS Schönfeld-Weißig;Wahlbezirk_Urne;994;210;598;1;592;180;45;60;34;63;9;178;1;22;6
2017;47210;47 Schönfeld/Schullwitz;07 StB Loschwitz und OS Schönfeld-Weißig;StB 4 Loschwitz/OS Schönfeld-Weißig;Wahlbezirk_Urne;1078;253;619;0;613;156;40;55;16;60;4;260;0;22;6
2017;47310;47 Schönfeld/Schullwitz;07 StB Loschwitz und OS Schönfeld-Weißig;StB 4 Loschwitz/OS Schönfeld-Weißig;Wahlbezirk_Urne;551;102;337;1;332;89;19;31;24;37;4;116;0;12;5
2017;51001;51 Blasewitz;08 Blasewitz, Striesen;StB 5 Blasewitz;Wahlbezirk_Brief;0;0;1172;1172;1171;384;130;169;111;165;2;164;0;46;1
2017;51002;51 Blasewitz;08 Blasewitz, Striesen;StB 5 Blasewitz;Wahlbezirk_Brief;0;0;1000;1000;998;323;115;158;115;105;2;127;3;50;2
2017;51100;51 Blasewitz;08 Blasewitz, Striesen;StB 5 Blasewitz;Wahlbezirk_Urne;1360;440;763;10;760;218;73;106;74;102;3;145;4;35;3
2017;51200;51 Blasewitz;08 Blasewitz, Striesen;StB 5 Blasewitz;Wahlbezirk_Urne;1566;446;860;7;848;266;97;105;83;118;8;136;7;28;12
2017;51400;51 Blasewitz;08 Blasewitz, Striesen;StB 5 Blasewitz;Wahlbezirk_Urne;1136;337;670;3;663;188;61;86;65;94;1;131;3;34;7
2017;51500;51 Blasewitz;08 Blasewitz, Striesen;StB 5 Blasewitz;Wahlbezirk_Urne;1231;351;720;2;718;156;79;116;103;87;2;133;4;38;2
2017;51600;51 Blasewitz;08 Blasewitz, Striesen;StB 5 Blasewitz;Wahlbezirk_Urne;1193;298;797;0;790;212;82;117;90;96;1;154;1;37;7
2017;51700;51 Blasewitz;08 Blasewitz, Striesen;StB 5 Blasewitz;Wahlbezirk_Urne;1477;378;864;1;857;207;72;143;123;89;2;163;9;49;7
2017;52001;52 Striesen-Ost;08 Blasewitz, Striesen;StB 5 Blasewitz;Wahlbezirk_Brief;0;0;1264;1264;1260;380;138;173;178;144;8;162;7;70;4
2017;52002;52 Striesen-Ost;08 Blasewitz, Striesen;StB 5 Blasewitz;Wahlbezirk_Brief;0;0;799;799;797;219;87;107;159;99;0;75;6;45;2
2017;52003;52 Striesen-Ost;08 Blasewitz, Striesen;StB 5 Blasewitz;Wahlbezirk_Brief;0;0;998;998;994;296;85;147;175;108;1;100;6;76;4
2017;52100;52 Striesen-Ost;08 Blasewitz, Striesen;StB 5 Blasewitz;Wahlbezirk_Urne;1135;357;695;2;690;169;79;89;150;89;0;82;2;30;5
2017;52200;52 Striesen-Ost;08 Blasewitz, Striesen;StB 5 Blasewitz;Wahlbezirk_Urne;1334;369;845;5;841;198;92;134;145;105;2;118;6;41;4
2017;52300;52 Striesen-Ost;08 Blasewitz, Striesen;StB 5 Blasewitz;Wahlbezirk_Urne;1488;463;880;5;876;219;99;153;170;78;1;121;5;30;4
2017;52400;52 Striesen-Ost;08 Blasewitz, Striesen;StB 5 Blasewitz;Wahlbezirk_Urne;1394;402;862;2;861;235;90;127;118;106;4;126;3;52;1
2017;52501;52 Striesen-Ost;08 Blasewitz, Striesen;StB 5 Blasewitz;Wahlbezirk_Urne;1465;428;878;1;873;201;107;111;117;119;1;162;5;50;5
2017;52502;52 Striesen-Ost;08 Blasewitz, Striesen;StB 5 Blasewitz;Wahlbezirk_Urne;898;262;541;0;540;135;53;74;87;78;0;85;4;24;1
2017;52600;52 Striesen-Ost;08 Blasewitz, Striesen;StB 5 Blasewitz;Wahlbezirk_Urne;1232;333;733;4;732;181;74;105;96;76;1;144;6;49;1
2017;52701;52 Striesen-Ost;08 Blasewitz, Striesen;StB 5 Blasewitz;Wahlbezirk_Urne;1070;230;568;3;554;147;64;98;53;59;2;105;3;23;14
2017;52702;52 Striesen-Ost;08 Blasewitz, Striesen;StB 5 Blasewitz;Wahlbezirk_Urne;1272;321;691;1;685;187;77;87;51;76;5;167;3;32;6
2017;53001;53 Striesen-Süd;08 Blasewitz, Striesen;StB 5 Blasewitz;Wahlbezirk_Brief;0;0;1090;1090;1088;299;140;183;106;117;5;165;2;71;2
2017;53002;53 Striesen-Süd;08 Blasewitz, Striesen;StB 5 Blasewitz;Wahlbezirk_Brief;0;0;767;767;761;224;113;132;54;75;3;130;2;28;6
2017;53003;53 Striesen-Süd;08 Blasewitz, Striesen;StB 5 Blasewitz;Wahlbezirk_Brief;0;0;515;515;513;145;63;90;45;45;1;84;3;37;2
2017;53100;53 Striesen-Süd;08 Blasewitz, Striesen;StB 5 Blasewitz;Wahlbezirk_Urne;1089;339;668;6;663;181;79;101;80;80;3;108;2;29;5
2017;53200;53 Striesen-Süd;08 Blasewitz, Striesen;StB 5 Blasewitz;Wahlbezirk_Urne;976;279;507;1;504;109;56;95;59;50;5;100;4;26;3
2017;53300;53 Striesen-Süd;08 Blasewitz, Striesen;StB 5 Blasewitz;Wahlbezirk_Urne;1784;526;844;4;833;156;72;192;57;89;2;209;10;46;11
2017;53400;53 Striesen-Süd;08 Blasewitz, Striesen;StB 5 Blasewitz;Wahlbezirk_Urne;1395;343;808;1;798;192;116;139;32;69;4;215;2;29;10
2017;53600;53 Striesen-Süd;08 Blasewitz, Striesen;StB 5 Blasewitz;Wahlbezirk_Urne;1381;462;679;1;673;161;78;111;47;82;4;157;3;30;6
2017;53700;53 Striesen-Süd;08 Blasewitz, Striesen;StB 5 Blasewitz;Wahlbezirk_Urne;1200;295;625;6;620;118;56;105;43;64;6;185;1;42;5
2017;53800;53 Striesen-Süd;08 Blasewitz, Striesen;StB 5 Blasewitz;Wahlbezirk_Urne;1042;247;574;3;566;127;53;113;50;60;1;120;7;35;8
2017;54001;54 Striesen-West;08 Blasewitz, Striesen;StB 5 Blasewitz;Wahlbezirk_Brief;0;0;876;876;874;296;100;139;89;88;4;103;5;50;2
2017;54002;54 Striesen-West;08 Blasewitz, Striesen;StB 5 Blasewitz;Wahlbezirk_Brief;0;0;1054;1054;1047;290;122;168;95;125;2;168;12;65;7
2017;54003;54 Striesen-West;08 Blasewitz, Striesen;StB 5 Blasewitz;Wahlbezirk_Brief;0;0;794;794;792;238;82;133;79;86;3;122;6;43;2
2017;54100;54 Striesen-West;08 Blasewitz, Striesen;StB 5 Blasewitz;Wahlbezirk_Urne;1716;485;963;3;950;230;129;156;96;96;1;178;14;50;13
2017;54200;54 Striesen-West;08 Blasewitz, Striesen;StB 5 Blasewitz;Wahlbezirk_Urne;1286;327;756;3;747;152;79;131;102;92;7;121;11;52;9
2017;54300;54 Striesen-West;08 Blasewitz, Striesen;StB 5 Blasewitz;Wahlbezirk_Urne;1341;361;729;0;712;171;104;121;35;75;3;161;5;37;17
2017;54400;54 Striesen-West;08 Blasewitz, Striesen;StB 5 Blasewitz;Wahlbezirk_Urne;1502;419;853;2;843;228;86;127;47;93;7;205;2;48;10
2017;54501;54 Striesen-West;08 Blasewitz, Striesen;StB 5 Blasewitz;Wahlbezirk_Urne;1497;404;884;4;878;253;98;122;67;97;4;186;5;46;6
2017;54502;54 Striesen-West;08 Blasewitz, Striesen;StB 5 Blasewitz;Wahlbezirk_Urne;1573;389;963;0;956;258;110;135;73;126;5;190;6;53;7
2017;54600;54 Striesen-West;08 Blasewitz, Striesen;StB 5 Blasewitz;Wahlbezirk_Urne;1640;422;906;0;884;206;107;161;72;76;8;206;4;44;22
2017;55001;55 Tolkewitz/Seidnitz-Nord;09 Tolkewitz, Seidnitz, Gruna;StB 5 Blasewitz;Wahlbezirk_Brief;0;0;935;935;931;271;97;168;64;75;2;189;5;60;4
2017;55002;55 Tolkewitz/Seidnitz-Nord;09 Tolkewitz, Seidnitz, Gruna;StB 5 Blasewitz;Wahlbezirk_Brief;0;0;978;978;974;241;135;166;60;101;5;203;6;57;4
2017;55101;55 Tolkewitz/Seidnitz-Nord;09 Tolkewitz, Seidnitz, Gruna;StB 5 Blasewitz;Wahlbezirk_Urne;1128;275;650;6;648;147;53;97;52;62;8;182;4;43;2
2017;55102;55 Tolkewitz/Seidnitz-Nord;09 Tolkewitz, Seidnitz, Gruna;StB 5 Blasewitz;Wahlbezirk_Urne;1117;262;698;1;693;134;62;126;78;65;5;183;4;36;5
2017;55200;55 Tolkewitz/Seidnitz-Nord;09 Tolkewitz, Seidnitz, Gruna;StB 5 Blasewitz;Wahlbezirk_Urne;1053;278;593;3;587;131;64;97;33;51;8;166;3;34;6
2017;55300;55 Tolkewitz/Seidnitz-Nord;09 Tolkewitz, Seidnitz, Gruna;StB 5 Blasewitz;Wahlbezirk_Urne;1581;383;867;3;855;219;90;129;30;81;13;252;0;41;12
2017;55400;55 Tolkewitz/Seidnitz-Nord;09 Tolkewitz, Seidnitz, Gruna;StB 5 Blasewitz;Wahlbezirk_Urne;1065;173;577;0;566;112;61;104;6;34;5;209;6;29;11
2017;55600;55 Tolkewitz/Seidnitz-Nord;09 Tolkewitz, Seidnitz, Gruna;StB 5 Blasewitz;Wahlbezirk_Urne;1671;341;888;1;877;187;91;145;42;108;11;236;13;44;11
2017;55800;55 Tolkewitz/Seidnitz-Nord;09 Tolkewitz, Seidnitz, Gruna;StB 5 Blasewitz;Wahlbezirk_Urne;1455;301;806;3;795;184;82;119;40;90;9;221;6;44;11
2017;56001;56 Seidnitz/Dobritz;09 Tolkewitz, Seidnitz, Gruna;StB 5 Blasewitz;Wahlbezirk_Brief;0;0;1166;1166;1158;336;114;196;49;121;8;260;8;66;8
2017;56002;56 Seidnitz/Dobritz;09 Tolkewitz, Seidnitz, Gruna;StB 5 Blasewitz;Wahlbezirk_Brief;0;0;989;989;984;265;96;183;58;95;7;213;8;59;5
2017;56100;56 Seidnitz/Dobritz;09 Tolkewitz, Seidnitz, Gruna;StB 5 Blasewitz;Wahlbezirk_Urne;1548;387;800;3;791;148;86;121;30;90;13;254;5;44;9
2017;56200;56 Seidnitz/Dobritz;09 Tolkewitz, Seidnitz, Gruna;StB 5 Blasewitz;Wahlbezirk_Urne;858;118;466;0;454;76;52;74;11;42;6;157;5;31;12
2017;56300;56 Seidnitz/Dobritz;09 Tolkewitz, Seidnitz, Gruna;StB 5 Blasewitz;Wahlbezirk_Urne;1334;242;797;1;787;182;80;137;37;70;12;226;1;42;10
2017;56401;56 Seidnitz/Dobritz;09 Tolkewitz, Seidnitz, Gruna;StB 5 Blasewitz;Wahlbezirk_Urne;738;170;430;2;425;80;33;58;28;53;4;144;4;21;5
2017;56402;56 Seidnitz/Dobritz;09 Tolkewitz, Seidnitz, Gruna;StB 5 Blasewitz;Wahlbezirk_Urne;1525;297;940;0;931;212;87;149;42;90;7;297;5;42;9
2017;56501;56 Seidnitz/Dobritz;09 Tolkewitz, Seidnitz, Gruna;StB 5 Blasewitz;Wahlbezirk_Urne;876;156;502;0;493;112;32;91;24;38;7;164;3;22;9
2017;56502;56 Seidnitz/Dobritz;09 Tolkewitz, Seidnitz, Gruna;StB 5 Blasewitz;Wahlbezirk_Urne;1427;271;866;2;847;197;85;125;33;87;9;264;3;44;19
2017;56600;56 Seidnitz/Dobritz;09 Tolkewitz, Seidnitz, Gruna;StB 5 Blasewitz;Wahlbezirk_Urne;989;225;496;0;489;115;41;62;21;50;4;162;2;32;7
2017;56800;56 Seidnitz/Dobritz;09 Tolkewitz, Seidnitz, Gruna;StB 5 Blasewitz;Wahlbezirk_Urne;853;171;494;2;490;118;57;95;19;28;6;142;3;22;4
2017;56900;56 Seidnitz/Dobritz;09 Tolkewitz, Seidnitz, Gruna;StB 5 Blasewitz;Wahlbezirk_Urne;995;201;564;0;560;123;58;128;14;40;4;152;5;36;4
2017;57001;57 Gruna;09 Tolkewitz, Seidnitz, Gruna;StB 5 Blasewitz;Wahlbezirk_Brief;0;0;973;973;972;269;107;195;89;80;6;155;8;63;1
2017;57002;57 Gruna;09 Tolkewitz, Seidnitz, Gruna;StB 5 Blasewitz;Wahlbezirk_Brief;0;0;832;832;827;271;103;140;59;83;2;132;2;35;5
2017;57003;57 Gruna;09 Tolkewitz, Seidnitz, Gruna;StB 5 Blasewitz;Wahlbezirk_Brief;0;0;927;927;923;273;76;155;84;109;7;157;5;57;4
2017;57100;57 Gruna;09 Tolkewitz, Seidnitz, Gruna;StB 5 Blasewitz;Wahlbezirk_Urne;1340;357;636;0;622;159;31;123;46;58;2;161;9;33;14
2017;57200;57 Gruna;09 Tolkewitz, Seidnitz, Gruna;StB 5 Blasewitz;Wahlbezirk_Urne;1539;393;852;5;847;165;95;173;72;75;7;202;2;56;5
2017;57301;57 Gruna;09 Tolkewitz, Seidnitz, Gruna;StB 5 Blasewitz;Wahlbezirk_Urne;909;182;563;1;560;130;62;91;34;60;4;149;9;21;3
2017;57302;57 Gruna;09 Tolkewitz, Seidnitz, Gruna;StB 5 Blasewitz;Wahlbezirk_Urne;767;197;485;2;478;91;54;96;27;63;3;125;0;19;7
2017;57400;57 Gruna;09 Tolkewitz, Seidnitz, Gruna;StB 5 Blasewitz;Wahlbezirk_Urne;1234;260;754;0;745;162;77;135;60;55;3;208;8;37;9
2017;57500;57 Gruna;09 Tolkewitz, Seidnitz, Gruna;StB 5 Blasewitz;Wahlbezirk_Urne;1287;351;686;0;678;127;60;164;41;56;5;182;4;39;8
2017;57600;57 Gruna;09 Tolkewitz, Seidnitz, Gruna;StB 5 Blasewitz;Wahlbezirk_Urne;1289;288;720;3;714;153;81;135;35;78;3;184;3;42;6
2017;57700;57 Gruna;09 Tolkewitz, Seidnitz, Gruna;StB 5 Blasewitz;Wahlbezirk_Urne;927;321;466;3;464;101;43;76;51;38;2;122;2;29;2
2017;57800;57 Gruna;09 Tolkewitz, Seidnitz, Gruna;StB 5 Blasewitz;Wahlbezirk_Urne;1397;476;703;0;698;188;65;104;49;94;1;167;3;27;5
2017;61001;61 Leuben;10 StB Leuben;StB 6 Leuben;Wahlbezirk_Brief;0;0;911;911;896;255;86;147;34;87;2;224;5;56;15
2017;61002;61 Leuben;10 StB Leuben;StB 6 Leuben;Wahlbezirk_Brief;0;0;665;665;661;192;58;129;22;41;22;156;5;36;4
2017;61100;61 Leuben;10 StB Leuben;StB 6 Leuben;Wahlbezirk_Urne;926;146;546;0;536;150;66;101;16;47;3;128;2;23;10
2017;61200;61 Leuben;10 StB Leuben;StB 6 Leuben;Wahlbezirk_Urne;1043;198;621;2;617;166;39;69;38;59;11;195;6;34;4
2017;61300;61 Leuben;10 StB Leuben;StB 6 Leuben;Wahlbezirk_Urne;1628;249;920;2;904;237;75;171;35;82;7;254;8;35;16
2017;61400;61 Leuben;10 StB Leuben;StB 6 Leuben;Wahlbezirk_Urne;997;125;592;2;589;123;58;68;31;46;13;211;3;36;3
2017;61500;61 Leuben;10 StB Leuben;StB 6 Leuben;Wahlbezirk_Urne;1276;217;719;0;710;169;76;128;27;59;13;210;4;24;9
2017;61600;61 Leuben;10 StB Leuben;StB 6 Leuben;Wahlbezirk_Urne;1058;189;594;4;577;126;55;119;25;52;7;163;3;27;17
2017;61700;61 Leuben;10 StB Leuben;StB 6 Leuben;Wahlbezirk_Urne;1056;175;524;1;517;88;64;97;15;35;10;181;1;26;7
2017;61800;61 Leuben;10 StB Leuben;StB 6 Leuben;Wahlbezirk_Urne;1819;325;872;1;856;137;93;164;25;54;22;296;10;55;16
2017;62001;62 Laubegast;10 StB Leuben;StB 6 Leuben;Wahlbezirk_Brief;0;0;542;542;537;159;50;106;31;54;6;98;1;32;5
2017;62002;62 Laubegast;10 StB Leuben;StB 6 Leuben;Wahlbezirk_Brief;0;0;697;697;691;200;76;109;71;81;5;113;4;32;6
2017;62003;62 Laubegast;10 StB Leuben;StB 6 Leuben;Wahlbezirk_Brief;0;0;898;898;895;245;93;130;59;105;3;206;3;51;3
2017;62101;62 Laubegast;10 StB Leuben;StB 6 Leuben;Wahlbezirk_Urne;705;134;435;0;431;81;43;75;26;52;3;123;2;26;4
2017;62102;62 Laubegast;10 StB Leuben;StB 6 Leuben;Wahlbezirk_Urne;966;215;596;2;594;141;51;76;37;91;4;158;6;30;2
2017;62200;62 Laubegast;10 StB Leuben;StB 6 Leuben;Wahlbezirk_Urne;1178;214;753;2;740;166;66;123;35;67;9;246;4;24;13
2017;62301;62 Laubegast;10 StB Leuben;StB 6 Leuben;Wahlbezirk_Urne;947;167;579;2;575;127;53;88;24;63;6;187;1;26;4
2017;62302;62 Laubegast;10 StB Leuben;StB 6 Leuben;Wahlbezirk_Urne;1041;234;634;0;626;188;56;84;23;73;5;180;1;16;8
2017;62400;62 Laubegast;10 StB Leuben;StB 6 Leuben;Wahlbezirk_Urne;1351;319;812;3;804;168;73;122;82;81;7;229;5;37;8
2017;62501;62 Laubegast;10 StB Leuben;StB 6 Leuben;Wahlbezirk_Urne;1264;292;780;3;774;192;66;103;35;99;2;247;2;28;6
2017;62502;62 Laubegast;10 StB Leuben;StB 6 Leuben;Wahlbezirk_Urne;1160;294;669;3;662;130;56;112;25;69;9;230;0;31;7
2017;62600;62 Laubegast;10 StB Leuben;StB 6 Leuben;Wahlbezirk_Urne;1528;341;956;3;950;189;93;155;69;58;10;345;7;24;6
2017;63001;63 Kleinzschachwitz;10 StB Leuben;StB 6 Leuben;Wahlbezirk_Brief;0;0;962;962;954;321;82;102;100;142;3;175;1;28;8
2017;63002;63 Kleinzschachwitz;10 StB Leuben;StB 6 Leuben;Wahlbezirk_Brief;0;0;631;631;629;196;55;99;36;58;3;144;3;35;2
2017;63101;63 Kleinzschachwitz;10 StB Leuben;StB 6 Leuben;Wahlbezirk_Urne;951;233;558;1;549;143;41;76;36;82;6;146;2;17;9
2017;63102;63 Kleinzschachwitz;10 StB Leuben;StB 6 Leuben;Wahlbezirk_Urne;952;268;564;1;562;139;42;69;40;52;2;188;1;29;2
2017;63200;63 Kleinzschachwitz;10 StB Leuben;StB 6 Leuben;Wahlbezirk_Urne;987;227;639;3;633;174;46;70;65;75;5;176;3;19;6
2017;63301;63 Kleinzschachwitz;10 StB Leuben;StB 6 Leuben;Wahlbezirk_Urne;1214;265;784;0;779;202;61;91;56;85;3;246;3;32;5
2017;63302;63 Kleinzschachwitz;10 StB Leuben;StB 6 Leuben;Wahlbezirk_Urne;891;161;627;0;622;150;46;66;37;71;4;210;3;35;5
2017;63401;63 Kleinzschachwitz;10 StB Leuben;StB 6 Leuben;Wahlbezirk_Urne;952;274;575;2;572;175;45;59;31;74;1;173;1;13;3
2017;63402;63 Kleinzschachwitz;10 StB Leuben;StB 6 Leuben;Wahlbezirk_Urne;1064;222;710;1;706;168;60;78;25;95;3;246;1;30;4
2017;64000;64 Großzschachwitz;10 StB Leuben;StB 6 Leuben;Wahlbezirk_Brief;0;0;804;804;796;196;77;136;39;93;7;189;7;52;8
2017;64100;64 Großzschachwitz;10 StB Leuben;StB 6 Leuben;Wahlbezirk_Urne;1147;164;705;0;693;161;40;82;33;85;7;240;3;42;12
2017;64200;64 Großzschachwitz;10 StB Leuben;StB 6 Leuben;Wahlbezirk_Urne;901;161;519;0;511;88;61;81;11;37;8;196;8;21;8
2017;64300;64 Großzschachwitz;10 StB Leuben;StB 6 Leuben;Wahlbezirk_Urne;862;126;523;2;516;100;56;86;19;42;11;182;4;16;7
2017;64400;64 Großzschachwitz;10 StB Leuben;StB 6 Leuben;Wahlbezirk_Urne;934;154;568;0;562;120;56;113;30;33;3;172;7;28;6
2017;64500;64 Großzschachwitz;10 StB Leuben;StB 6 Leuben;Wahlbezirk_Urne;1337;238;763;1;749;211;67;101;42;54;13;227;8;26;14
2017;71000;71 Prohlis-Nord;11 Prohlis, Reick (mit Sternhäuser, Am Koitschgraben);StB 7 Prohlis;Wahlbezirk_Brief;0;0;685;685;677;171;69;123;29;58;13;164;5;45;8
2017;71100;71 Prohlis-Nord;11 Prohlis, Reick (mit Sternhäuser, Am Koitschgraben);StB 7 Prohlis;Wahlbezirk_Urne;934;162;591;0;585;151;50;96;19;50;10;176;4;29;6
2017;71200;71 Prohlis-Nord;11 Prohlis, Reick (mit Sternhäuser, Am Koitschgraben);StB 7 Prohlis;Wahlbezirk_Urne;1616;234;814;1;788;153;78;142;18;42;17;293;6;39;26
2017;71400;71 Prohlis-Nord;11 Prohlis, Reick (mit Sternhäuser, Am Koitschgraben);StB 7 Prohlis;Wahlbezirk_Urne;970;135;536;0;531;104;57;112;8;23;9;190;0;28;5
2017;71500;71 Prohlis-Nord;11 Prohlis, Reick (mit Sternhäuser, Am Koitschgraben);StB 7 Prohlis;Wahlbezirk_Urne;1141;188;542;0;530;123;53;90;6;26;14;186;4;28;12
2017;72000;72 Prohlis-Süd;11 Prohlis, Reick (mit Sternhäuser, Am Koitschgraben);StB 7 Prohlis;Wahlbezirk_Brief;0;0;810;810;802;202;87;179;25;59;12;191;4;43;8
2017;72100;72 Prohlis-Süd;11 Prohlis, Reick (mit Sternhäuser, Am Koitschgraben);StB 7 Prohlis;Wahlbezirk_Urne;1082;99;531;0;521;110;58;105;10;21;13;183;6;15;10
2017;72200;72 Prohlis-Süd;11 Prohlis, Reick (mit Sternhäuser, Am Koitschgraben);StB 7 Prohlis;Wahlbezirk_Urne;954;102;407;0;400;56;48;87;10;21;19;149;0;10;7
2017;72300;72 Prohlis-Süd;11 Prohlis, Reick (mit Sternhäuser, Am Koitschgraben);StB 7 Prohlis;Wahlbezirk_Urne;1385;166;661;0;640;106;68;116;17;35;15;246;8;29;21
2017;72500;72 Prohlis-Süd;11 Prohlis, Reick (mit Sternhäuser, Am Koitschgraben);StB 7 Prohlis;Wahlbezirk_Urne;1378;193;688;1;675;149;67;96;10;47;21;259;3;23;13
2017;72700;72 Prohlis-Süd;11 Prohlis, Reick (mit Sternhäuser, Am Koitschgraben);StB 7 Prohlis;Wahlbezirk_Urne;1804;283;824;1;808;150;69;197;27;50;15;252;5;43;16
2017;73000;73 Niedersedlitz;12 Niedersedlitz, Leubnitz, Strehlen (ohne Sternhäuser, Am Koitschgraben);StB 7 Prohlis;Wahlbezirk_Brief;0;0;996;996;995;292;96;147;53;125;3;226;9;44;1
2017;73101;73 Niedersedlitz;12 Niedersedlitz, Leubnitz, Strehlen (ohne Sternhäuser, Am Koitschgraben);StB 7 Prohlis;Wahlbezirk_Urne;1219;243;812;1;805;176;61;105;32;121;11;256;1;42;7
2017;73102;73 Niedersedlitz;12 Niedersedlitz, Leubnitz, Strehlen (ohne Sternhäuser, Am Koitschgraben);StB 7 Prohlis;Wahlbezirk_Urne;1481;327;943;3;932;196;77;152;33;104;15;299;8;48;11
2017;73200;73 Niedersedlitz;12 Niedersedlitz, Leubnitz, Strehlen (ohne Sternhäuser, Am Koitschgraben);StB 7 Prohlis;Wahlbezirk_Urne;1104;242;696;4;689;159;65;73;36;90;10;228;3;25;7
2017;73300;73 Niedersedlitz;12 Niedersedlitz, Leubnitz, Strehlen (ohne Sternhäuser, Am Koitschgraben);StB 7 Prohlis;Wahlbezirk_Urne;892;221;542;1;540;122;44;76;17;53;2;211;1;14;2
2017;74000;74 Lockwitz;12 Niedersedlitz, Leubnitz, Strehlen (ohne Sternhäuser, Am Koitschgraben);StB 7 Prohlis;Wahlbezirk_Brief;0;0;1069;1069;1058;347;104;160;64;127;9;208;5;34;11
2017;74100;74 Lockwitz;12 Niedersedlitz, Leubnitz, Strehlen (ohne Sternhäuser, Am Koitschgraben);StB 7 Prohlis;Wahlbezirk_Urne;715;121;441;0;434;97;30;41;15;58;7;173;4;9;7
2017;74201;74 Lockwitz;12 Niedersedlitz, Leubnitz, Strehlen (ohne Sternhäuser, Am Koitschgraben);StB 7 Prohlis;Wahlbezirk_Urne;1196;274;791;4;782;199;63;94;34;92;6;266;4;24;9
2017;74202;74 Lockwitz;12 Niedersedlitz, Leubnitz, Strehlen (ohne Sternhäuser, Am Koitschgraben);StB 7 Prohlis;Wahlbezirk_Urne;832;149;566;0;559;151;50;55;32;65;5;177;1;23;7
2017;74301;74 Lockwitz;12 Niedersedlitz, Leubnitz, Strehlen (ohne Sternhäuser, Am Koitschgraben);StB 7 Prohlis;Wahlbezirk_Urne;1378;290;884;0;870;220;71;102;46;100;9;276;2;44;14
2017;74302;74 Lockwitz;12 Niedersedlitz, Leubnitz, Strehlen (ohne Sternhäuser, Am Koitschgraben);StB 7 Prohlis;Wahlbezirk_Urne;1220;265;783;1;775;188;52;109;33;96;5;249;3;40;8
2017;75001;75 Leubnitz-Neuostra;12 Niedersedlitz, Leubnitz, Strehlen (ohne Sternhäuser, Am Koitschgraben);StB 7 Prohlis;Wahlbezirk_Brief;0;0;856;856;853;269;74;123;59;94;5;174;2;53;3
2017;75002;75 Leubnitz-Neuostra;12 Niedersedlitz, Leubnitz, Strehlen (ohne Sternhäuser, Am Koitschgraben);StB 7 Prohlis;Wahlbezirk_Brief;0;0;873;873;865;241;114;142;81;80;4;155;2;46;8
2017;75003;75 Leubnitz-Neuostra;12 Niedersedlitz, Leubnitz, Strehlen (ohne Sternhäuser, Am Koitschgraben);StB 7 Prohlis;Wahlbezirk_Brief;0;0;1076;1076;1074;289;114;183;75;130;5;209;5;64;2
2017;75100;75 Leubnitz-Neuostra;12 Niedersedlitz, Leubnitz, Strehlen (ohne Sternhäuser, Am Koitschgraben);StB 7 Prohlis;Wahlbezirk_Urne;1051;262;654;2;654;150;63;122;23;84;5;186;3;18;0
2017;75201;75 Leubnitz-Neuostra;12 Niedersedlitz, Leubnitz, Strehlen (ohne Sternhäuser, Am Koitschgraben);StB 7 Prohlis;Wahlbezirk_Urne;1025;297;629;2;618;180;61;88;47;76;0;146;0;20;11
2017;75202;75 Leubnitz-Neuostra;12 Niedersedlitz, Leubnitz, Strehlen (ohne Sternhäuser, Am Koitschgraben);StB 7 Prohlis;Wahlbezirk_Urne;1252;317;707;0;695;197;70;95;33;76;3;200;3;18;12
2017;75300;75 Leubnitz-Neuostra;12 Niedersedlitz, Leubnitz, Strehlen (ohne Sternhäuser, Am Koitschgraben);StB 7 Prohlis;Wahlbezirk_Urne;834;100;323;1;319;45;38;76;11;9;6;121;1;12;4
2017;75500;75 Leubnitz-Neuostra;12 Niedersedlitz, Leubnitz, Strehlen (ohne Sternhäuser, Am Koitschgraben);StB 7 Prohlis;Wahlbezirk_Urne;1032;259;647;1;644;161;53;78;57;70;4;171;0;50;3
2017;75600;75 Leubnitz-Neuostra;12 Niedersedlitz, Leubnitz, Strehlen (ohne Sternhäuser, Am Koitschgraben);StB 7 Prohlis;Wahlbezirk_Urne;1110;288;638;2;634;124;70;97;32;78;8;196;0;29;4
2017;75700;75 Leubnitz-Neuostra;12 Niedersedlitz, Leubnitz, Strehlen (ohne Sternhäuser, Am Koitschgraben);StB 7 Prohlis;Wahlbezirk_Urne;1224;258;712;0;702;158;71;119;36;45;12;218;4;39;10
2017;75800;75 Leubnitz-Neuostra;12 Niedersedlitz, Leubnitz, Strehlen (ohne Sternhäuser, Am Koitschgraben);StB 7 Prohlis;Wahlbezirk_Urne;1348;299;775;4;762;187;76;147;27;67;4;206;7;41;13
2017;75901;75 Leubnitz-Neuostra;12 Niedersedlitz, Leubnitz, Strehlen (ohne Sternhäuser, Am Koitschgraben);StB 7 Prohlis;Wahlbezirk_Urne;753;234;422;3;416;106;44;64;22;58;0;99;3;20;6
2017;75902;75 Leubnitz-Neuostra;12 Niedersedlitz, Leubnitz, Strehlen (ohne Sternhäuser, Am Koitschgraben);StB 7 Prohlis;Wahlbezirk_Urne;985;310;550;1;545;136;53;75;49;72;6;125;5;24;5
2017;75903;75 Leubnitz-Neuostra;12 Niedersedlitz, Leubnitz, Strehlen (ohne Sternhäuser, Am Koitschgraben);StB 7 Prohlis;Wahlbezirk_Urne;924;277;515;2;509;108;49;63;32;80;5;148;1;23;6
2017;76001;76 Strehlen;12 Niedersedlitz, Leubnitz, Strehlen (ohne Sternhäuser, Am Koitschgraben);StB 7 Prohlis;Wahlbezirk_Brief;0;0;1022;1022;1018;224;118;139;189;124;1;129;9;85;4
2017;76011;76 Strehlen;11 Prohlis, Reick (mit Sternhäuser, Am Koitschgraben);StB 7 Prohlis;Wahlbezirk_Brief;0;0;233;233;231;63;29;38;19;24;0;43;2;14;2
2017;76012;76 Strehlen;12 Niedersedlitz, Leubnitz, Strehlen (ohne Sternhäuser, Am Koitschgraben);StB 7 Prohlis;Wahlbezirk_Brief;0;0;618;618;613;167;76;100;51;62;1;115;4;36;5
2017;76100;76 Strehlen;12 Niedersedlitz, Leubnitz, Strehlen (ohne Sternhäuser, Am Koitschgraben);StB 7 Prohlis;Wahlbezirk_Urne;1350;443;693;2;690;165;86;130;82;88;1;88;2;48;3
2017;76200;76 Strehlen;12 Niedersedlitz, Leubnitz, Strehlen (ohne Sternhäuser, Am Koitschgraben);StB 7 Prohlis;Wahlbezirk_Urne;1308;333;765;4;761;196;52;144;90;83;6;139;7;44;4
2017;76300;76 Strehlen;12 Niedersedlitz, Leubnitz, Strehlen (ohne Sternhäuser, Am Koitschgraben);StB 7 Prohlis;Wahlbezirk_Urne;1153;305;670;3;668;116;86;144;107;44;7;114;7;43;2
2017;76400;76 Strehlen;12 Niedersedlitz, Leubnitz, Strehlen (ohne Sternhäuser, Am Koitschgraben);StB 7 Prohlis;Wahlbezirk_Urne;542;153;291;2;288;69;44;60;12;31;0;62;2;8;3
2017;76500;76 Strehlen;12 Niedersedlitz, Leubnitz, Strehlen (ohne Sternhäuser, Am Koitschgraben);StB 7 Prohlis;Wahlbezirk_Urne;1507;443;790;2;785;194;69;144;58;83;12;178;11;36;5
2017;76600;76 Strehlen;11 Prohlis, Reick (mit Sternhäuser, Am Koitschgraben);StB 7 Prohlis;Wahlbezirk_Urne;1172;209;562;1;554;97;37;133;24;45;9;179;3;27;8
2017;76700;76 Strehlen;11 Prohlis, Reick (mit Sternhäuser, Am Koitschgraben);StB 7 Prohlis;Wahlbezirk_Urne;1019;82;397;5;390;41;41;82;18;14;17;144;5;28;7
2017;77000;77 Reick;11 Prohlis, Reick (mit Sternhäuser, Am Koitschgraben);StB 7 Prohlis;Wahlbezirk_Brief;0;0;836;836;826;229;86;160;23;84;3;181;3;57;10
2017;77100;77 Reick;11 Prohlis, Reick (mit Sternhäuser, Am Koitschgraben);StB 7 Prohlis;Wahlbezirk_Urne;1357;307;723;0;715;129;75;109;21;73;7;253;3;45;8
2017;77200;77 Reick;11 Prohlis, Reick (mit Sternhäuser, Am Koitschgraben);StB 7 Prohlis;Wahlbezirk_Urne;1670;412;868;0;860;209;97;129;33;94;7;249;6;36;8
2017;77300;77 Reick;11 Prohlis, Reick (mit Sternhäuser, Am Koitschgraben);StB 7 Prohlis;Wahlbezirk_Urne;1121;148;536;0;528;89;65;77;25;30;17;192;2;31;8
2017;81001;81 Südvorstadt-West;13 Südvorstadt, Zschertnitz;StB 8 Plauen;Wahlbezirk_Brief;0;0;920;920;916;214;104;198;113;84;4;120;9;70;4
2017;81002;81 Südvorstadt-West;13 Südvorstadt, Zschertnitz;StB 8 Plauen;Wahlbezirk_Brief;0;0;734;734;732;172;69;146;93;103;1;72;7;69;2
2017;81003;81 Südvorstadt-West;13 Südvorstadt, Zschertnitz;StB 8 Plauen;Wahlbezirk_Brief;0;0;993;993;990;236;129;168;127;117;1;122;9;81;3
2017;81100;81 Südvorstadt-West;13 Südvorstadt, Zschertnitz;StB 8 Plauen;Wahlbezirk_Urne;897;186;461;5;456;75;51;86;32;36;3;142;2;29;5
2017;81200;81 Südvorstadt-West;13 Südvorstadt, Zschertnitz;StB 8 Plauen;Wahlbezirk_Urne;1708;442;915;2;894;225;108;201;60;81;2;173;7;37;21
2017;81400;81 Südvorstadt-West;13 Südvorstadt, Zschertnitz;StB 8 Plauen;Wahlbezirk_Urne;1577;486;764;1;759;152;91;142;66;81;6;165;1;55;5
2017;81500;81 Südvorstadt-West;13 Südvorstadt, Zschertnitz;StB 8 Plauen;Wahlbezirk_Urne;1162;329;620;2;613;112;59;136;61;60;2;136;6;41;7
2017;81700;81 Südvorstadt-West;13 Südvorstadt, Zschertnitz;StB 8 Plauen;Wahlbezirk_Urne;1768;641;854;11;848;162;86;156;107;109;3;165;15;45;6
2017;81800;81 Südvorstadt-West;13 Südvorstadt, Zschertnitz;StB 8 Plauen;Wahlbezirk_Urne;1024;289;560;1;553;127;70;89;67;60;2;100;6;32;7
2017;81900;81 Südvorstadt-West;13 Südvorstadt, Zschertnitz;StB 8 Plauen;Wahlbezirk_Urne;1097;396;516;3;511;120;64;109;67;33;5;92;4;17;5
2017;82001;82 Südvorstadt-Ost;13 Südvorstadt, Zschertnitz;StB 8 Plauen;Wahlbezirk_Brief;0;0;917;917;916;201;123;166;110;117;5;113;9;72;1
2017;82002;82 Südvorstadt-Ost;13 Südvorstadt, Zschertnitz;StB 8 Plauen;Wahlbezirk_Brief;0;0;790;790;789;193;98;126;120;116;2;61;11;62;1
2017;82100;82 Südvorstadt-Ost;13 Südvorstadt, Zschertnitz;StB 8 Plauen;Wahlbezirk_Urne;830;218;404;1;402;66;46;106;31;40;3;61;8;41;2
2017;82200;82 Südvorstadt-Ost;13 Südvorstadt, Zschertnitz;StB 8 Plauen;Wahlbezirk_Urne;1184;361;599;1;590;114;78;104;44;66;2;138;10;34;9
2017;82300;82 Südvorstadt-Ost;13 Südvorstadt, Zschertnitz;StB 8 Plauen;Wahlbezirk_Urne;1169;376;572;0;570;128;66;103;62;78;0;101;4;28;2
2017;82400;82 Südvorstadt-Ost;13 Südvorstadt, Zschertnitz;StB 8 Plauen;Wahlbezirk_Urne;1345;401;744;6;738;133;78;127;72;109;1;156;5;57;6
2017;82500;82 Südvorstadt-Ost;13 Südvorstadt, Zschertnitz;StB 8 Plauen;Wahlbezirk_Urne;1021;462;388;7;388;52;53;87;51;71;0;22;7;45;0
2017;83001;83 Räcknitz/Zschertnitz;13 Südvorstadt, Zschertnitz;StB 8 Plauen;Wahlbezirk_Brief;0;0;931;931;924;267;103;149;83;109;0;152;7;54;7
2017;83002;83 Räcknitz/Zschertnitz;13 Südvorstadt, Zschertnitz;StB 8 Plauen;Wahlbezirk_Brief;0;0;1118;1118;1109;324;132;201;62;107;11;202;6;64;9
2017;83100;83 Räcknitz/Zschertnitz;13 Südvorstadt, Zschertnitz;StB 8 Plauen;Wahlbezirk_Urne;1049;327;581;1;577;127;63;87;62;73;2;120;9;34;4
2017;83200;83 Räcknitz/Zschertnitz;13 Südvorstadt, Zschertnitz;StB 8 Plauen;Wahlbezirk_Urne;822;189;461;0;453;90;51;83;20;43;2;139;5;20;8
2017;83300;83 Räcknitz/Zschertnitz;13 Südvorstadt, Zschertnitz;StB 8 Plauen;Wahlbezirk_Urne;1199;350;645;0;642;141;55;133;21;53;12;188;6;33;3
2017;83400;83 Räcknitz/Zschertnitz;13 Südvorstadt, Zschertnitz;StB 8 Plauen;Wahlbezirk_Urne;1466;412;839;0;831;186;96;151;33;76;5;248;2;34;8
2017;83500;83 Räcknitz/Zschertnitz;13 Südvorstadt, Zschertnitz;StB 8 Plauen;Wahlbezirk_Urne;1087;225;571;1;564;100;61;124;41;50;7;143;5;33;7
2017;83700;83 Räcknitz/Zschertnitz;13 Südvorstadt, Zschertnitz;StB 8 Plauen;Wahlbezirk_Urne;972;253;559;0;552;143;70;103;28;34;2;151;4;17;7
2017;83800;83 Räcknitz/Zschertnitz;13 Südvorstadt, Zschertnitz;StB 8 Plauen;Wahlbezirk_Urne;1122;350;596;0;585;141;56;117;46;47;2;145;2;29;11
2017;84001;84 Kleinpestitz/Mockritz;14 Mockritz, Coschütz, Plauen;StB 8 Plauen;Wahlbezirk_Brief;0;0;690;690;689;163;75;136;25;65;2;171;2;50;1
2017;84002;84 Kleinpestitz/Mockritz;14 Mockritz, Coschütz, Plauen;StB 8 Plauen;Wahlbezirk_Brief;0;0;762;762;760;249;68;113;66;74;4;142;1;43;2
2017;84100;84 Kleinpestitz/Mockritz;14 Mockritz, Coschütz, Plauen;StB 8 Plauen;Wahlbezirk_Urne;1251;264;741;0;728;178;73;120;24;63;0;238;2;30;13
2017;84200;84 Kleinpestitz/Mockritz;14 Mockritz, Coschütz, Plauen;StB 8 Plauen;Wahlbezirk_Urne;891;191;514;1;505;94;61;102;22;35;2;156;6;27;9
2017;84300;84 Kleinpestitz/Mockritz;14 Mockritz, Coschütz, Plauen;StB 8 Plauen;Wahlbezirk_Urne;1150;261;670;2;664;146;80;117;25;53;0;208;4;31;6
2017;84400;84 Kleinpestitz/Mockritz;14 Mockritz, Coschütz, Plauen;StB 8 Plauen;Wahlbezirk_Urne;562;128;341;0;340;93;17;37;25;50;2;99;1;16;1
2017;84501;84 Kleinpestitz/Mockritz;14 Mockritz, Coschütz, Plauen;StB 8 Plauen;Wahlbezirk_Urne;1281;317;834;1;829;227;90;110;62;82;1;220;2;35;5
2017;84502;84 Kleinpestitz/Mockritz;14 Mockritz, Coschütz, Plauen;StB 8 Plauen;Wahlbezirk_Urne;1052;341;553;0;543;143;50;56;35;59;2;170;4;24;10
2017;85000;85 Coschütz/Gittersee;14 Mockritz, Coschütz, Plauen;StB 8 Plauen;Wahlbezirk_Brief;0;0;1157;1157;1151;339;139;155;98;117;6;218;5;74;6
2017;85100;85 Coschütz/Gittersee;14 Mockritz, Coschütz, Plauen;StB 8 Plauen;Wahlbezirk_Urne;1405;427;704;2;701;151;70;125;36;81;6;193;3;36;3
2017;85200;85 Coschütz/Gittersee;14 Mockritz, Coschütz, Plauen;StB 8 Plauen;Wahlbezirk_Urne;1429;445;771;0;762;220;65;81;63;101;3;185;6;38;9
2017;85301;85 Coschütz/Gittersee;14 Mockritz, Coschütz, Plauen;StB 8 Plauen;Wahlbezirk_Urne;880;174;559;0;557;124;45;75;37;51;3;184;2;36;2
2017;85302;85 Coschütz/Gittersee;14 Mockritz, Coschütz, Plauen;StB 8 Plauen;Wahlbezirk_Urne;908;155;567;0;559;124;39;74;27;68;7;199;4;17;8
2017;86001;86 Plauen;14 Mockritz, Coschütz, Plauen;StB 8 Plauen;Wahlbezirk_Brief;0;0;792;792;787;200;106;117;116;89;2;94;8;55;5
2017;86002;86 Plauen;14 Mockritz, Coschütz, Plauen;StB 8 Plauen;Wahlbezirk_Brief;0;0;974;974;967;223;123;173;157;125;3;82;5;76;7
2017;86003;86 Plauen;14 Mockritz, Coschütz, Plauen;StB 8 Plauen;Wahlbezirk_Brief;0;0;842;842;839;228;104;122;127;100;1;112;1;44;3
2017;86100;86 Plauen;14 Mockritz, Coschütz, Plauen;StB 8 Plauen;Wahlbezirk_Urne;1442;428;815;1;810;170;109;128;84;101;3;146;4;65;5
2017;86200;86 Plauen;14 Mockritz, Coschütz, Plauen;StB 8 Plauen;Wahlbezirk_Urne;1155;388;638;1;632;166;64;105;82;68;3;110;3;31;6
2017;86300;86 Plauen;14 Mockritz, Coschütz, Plauen;StB 8 Plauen;Wahlbezirk_Urne;1258;374;690;3;685;122;70;141;70;79;2;143;2;56;5
2017;86400;86 Plauen;14 Mockritz, Coschütz, Plauen;StB 8 Plauen;Wahlbezirk_Urne;968;272;602;1;600;140;85;113;70;55;4;101;2;30;2
2017;86500;86 Plauen;14 Mockritz, Coschütz, Plauen;StB 8 Plauen;Wahlbezirk_Urne;1219;362;683;5;678;146;75;142;93;59;4;96;8;55;5
2017;86600;86 Plauen;14 Mockritz, Coschütz, Plauen;StB 8 Plauen;Wahlbezirk_Urne;1112;285;629;6;625;150;69;96;77;84;1;107;6;35;4
2017;86700;86 Plauen;14 Mockritz, Coschütz, Plauen;StB 8 Plauen;Wahlbezirk_Urne;700;229;424;0;421;113;50;68;58;38;1;72;0;21;3
2017;86800;86 Plauen;14 Mockritz, Coschütz, Plauen;StB 8 Plauen;Wahlbezirk_Urne;1132;364;600;0;596;157;97;81;67;60;0;112;0;22;4
2017;90010;90 Cossebaude/Mobschatz/Oberw.;17 Briesnitz und westliche OS;StB 9 Cotta/westliche Ortschaften;Wahlbezirk_Brief;0;0;1191;1191;1188;337;95;165;80;132;13;283;7;76;3
2017;90110;90 Cossebaude/Mobschatz/Oberw.;17 Briesnitz und westliche OS;StB 9 Cotta/westliche Ortschaften;Wahlbezirk_Urne;1547;256;928;0;918;219;84;124;33;79;16;309;5;49;10
2017;90210;90 Cossebaude/Mobschatz/Oberw.;17 Briesnitz und westliche OS;StB 9 Cotta/westliche Ortschaften;Wahlbezirk_Urne;1187;327;687;0;684;170;62;65;33;86;2;226;8;32;3
2017;90311;90 Cossebaude/Mobschatz/Oberw.;17 Briesnitz und westliche OS;StB 9 Cotta/westliche Ortschaften;Wahlbezirk_Urne;622;120;408;0;402;90;29;47;25;52;1;142;0;16;6
2017;90312;90 Cossebaude/Mobschatz/Oberw.;17 Briesnitz und westliche OS;StB 9 Cotta/westliche Ortschaften;Wahlbezirk_Urne;924;175;578;0;572;153;54;71;26;56;6;186;0;20;6
2017;90410;90 Cossebaude/Mobschatz/Oberw.;17 Briesnitz und westliche OS;StB 9 Cotta/westliche Ortschaften;Wahlbezirk_Urne;339;64;215;0;214;65;17;30;14;18;1;62;2;5;1
2017;90510;90 Cossebaude/Mobschatz/Oberw.;17 Briesnitz und westliche OS;StB 9 Cotta/westliche Ortschaften;Wahlbezirk_Urne;332;40;225;0;224;53;21;30;8;16;3;82;4;7;1
2017;90610;90 Cossebaude/Mobschatz/Oberw.;17 Briesnitz und westliche OS;StB 9 Cotta/westliche Ortschaften;Wahlbezirk_Urne;782;178;509;0;506;131;46;47;27;53;2;180;0;20;3
2017;90710;90 Cossebaude/Mobschatz/Oberw.;17 Briesnitz und westliche OS;StB 9 Cotta/westliche Ortschaften;Wahlbezirk_Urne;394;62;279;0;277;91;15;27;11;24;2;105;0;2;2
2017;91001;91 Cotta;15 Cotta, Löbtau, Naußlitz, Dölzschen;StB 9 Cotta/westliche Ortschaften;Wahlbezirk_Brief;0;0;1118;1118;1109;310;124;194;86;100;9;189;9;88;9
2017;91002;91 Cotta;15 Cotta, Löbtau, Naußlitz, Dölzschen;StB 9 Cotta/westliche Ortschaften;Wahlbezirk_Brief;0;0;799;799;795;226;87;129;61;75;6;132;14;65;4
2017;91101;91 Cotta;15 Cotta, Löbtau, Naußlitz, Dölzschen;StB 9 Cotta/westliche Ortschaften;Wahlbezirk_Urne;1006;182;623;0;620;108;65;86;51;57;6;192;3;52;3
2017;91102;91 Cotta;15 Cotta, Löbtau, Naußlitz, Dölzschen;StB 9 Cotta/westliche Ortschaften;Wahlbezirk_Urne;1066;256;597;1;595;120;60;88;38;62;12;171;1;43;2
2017;91200;91 Cotta;15 Cotta, Löbtau, Naußlitz, Dölzschen;StB 9 Cotta/westliche Ortschaften;Wahlbezirk_Urne;1656;355;921;0;908;193;85;143;58;86;8;262;8;65;13
2017;91300;91 Cotta;15 Cotta, Löbtau, Naußlitz, Dölzschen;StB 9 Cotta/westliche Ortschaften;Wahlbezirk_Urne;1553;376;847;2;842;159;90;149;63;77;7;215;10;72;5
2017;91400;91 Cotta;15 Cotta, Löbtau, Naußlitz, Dölzschen;StB 9 Cotta/westliche Ortschaften;Wahlbezirk_Urne;1003;199;548;3;543;105;66;97;18;48;6;170;4;29;5
2017;91501;91 Cotta;15 Cotta, Löbtau, Naußlitz, Dölzschen;StB 9 Cotta/westliche Ortschaften;Wahlbezirk_Urne;1366;299;745;1;739;131;82;128;46;76;3;214;10;49;6
2017;91502;91 Cotta;15 Cotta, Löbtau, Naußlitz, Dölzschen;StB 9 Cotta/westliche Ortschaften;Wahlbezirk_Urne;1345;339;685;4;681;128;77;126;36;76;3;174;7;54;4
2017;92001;92 Löbtau-Nord;15 Cotta, Löbtau, Naußlitz, Dölzschen;StB 9 Cotta/westliche Ortschaften;Wahlbezirk_Brief;0;0;956;956;955;211;128;174;134;104;4;96;11;93;1
2017;92002;92 Löbtau-Nord;15 Cotta, Löbtau, Naußlitz, Dölzschen;StB 9 Cotta/westliche Ortschaften;Wahlbezirk_Brief;0;0;901;901;891;204;89;177;114;100;3;110;15;79;10
2017;92100;92 Löbtau-Nord;15 Cotta, Löbtau, Naußlitz, Dölzschen;StB 9 Cotta/westliche Ortschaften;Wahlbezirk_Urne;1890;565;930;3;924;158;101;193;107;100;6;157;10;92;6
2017;92200;92 Löbtau-Nord;15 Cotta, Löbtau, Naußlitz, Dölzschen;StB 9 Cotta/westliche Ortschaften;Wahlbezirk_Urne;1654;435;821;1;814;152;102;136;73;85;7;178;16;65;7
2017;92300;92 Löbtau-Nord;15 Cotta, Löbtau, Naußlitz, Dölzschen;StB 9 Cotta/westliche Ortschaften;Wahlbezirk_Urne;1519;427;784;0;776;135;73;164;85;76;5;150;14;74;8
2017;92400;92 Löbtau-Nord;15 Cotta, Löbtau, Naußlitz, Dölzschen;StB 9 Cotta/westliche Ortschaften;Wahlbezirk_Urne;916;235;507;1;504;91;50;96;51;47;4;123;6;36;3
2017;92500;92 Löbtau-Nord;15 Cotta, Löbtau, Naußlitz, Dölzschen;StB 9 Cotta/westliche Ortschaften;Wahlbezirk_Urne;1303;271;751;3;742;141;88;170;79;68;3;130;5;58;9
2017;93001;93 Löbtau-Süd;15 Cotta, Löbtau, Naußlitz, Dölzschen;StB 9 Cotta/westliche Ortschaften;Wahlbezirk_Brief;0;0;606;606;603;135;77;92;105;65;3;52;5;69;3
2017;93002;93 Löbtau-Süd;15 Cotta, Löbtau, Naußlitz, Dölzschen;StB 9 Cotta/westliche Ortschaften;Wahlbezirk_Brief;0;0;923;923;921;209;97;177;165;81;2;96;11;83;2
2017;93003;93 Löbtau-Süd;15 Cotta, Löbtau, Naußlitz, Dölzschen;StB 9 Cotta/westliche Ortschaften;Wahlbezirk_Brief;0;0;763;763;762;181;104;125;109;75;2;79;11;76;1
2017;93101;93 Löbtau-Süd;15 Cotta, Löbtau, Naußlitz, Dölzschen;StB 9 Cotta/westliche Ortschaften;Wahlbezirk_Urne;1294;321;709;4;704;127;77;162;67;78;3;128;2;60;5
2017;93102;93 Löbtau-Süd;15 Cotta, Löbtau, Naußlitz, Dölzschen;StB 9 Cotta/westliche Ortschaften;Wahlbezirk_Urne;1160;315;611;3;610;105;77;117;63;62;2;130;6;48;1
2017;93200;93 Löbtau-Süd;15 Cotta, Löbtau, Naußlitz, Dölzschen;StB 9 Cotta/westliche Ortschaften;Wahlbezirk_Urne;1654;432;883;1;876;178;102;142;107;102;7;157;11;70;7
2017;93300;93 Löbtau-Süd;15 Cotta, Löbtau, Naußlitz, Dölzschen;StB 9 Cotta/westliche Ortschaften;Wahlbezirk_Urne;988;297;501;3;499;97;52;109;57;48;2;87;9;38;2
2017;93400;93 Löbtau-Süd;15 Cotta, Löbtau, Naußlitz, Dölzschen;StB 9 Cotta/westliche Ortschaften;Wahlbezirk_Urne;961;228;580;0;570;130;61;96;64;54;6;120;9;30;10
2017;93500;93 Löbtau-Süd;15 Cotta, Löbtau, Naußlitz, Dölzschen;StB 9 Cotta/westliche Ortschaften;Wahlbezirk_Urne;1394;364;754;7;747;130;86;140;76;73;10;157;10;65;7
2017;93600;93 Löbtau-Süd;15 Cotta, Löbtau, Naußlitz, Dölzschen;StB 9 Cotta/westliche Ortschaften;Wahlbezirk_Urne;1662;432;885;6;876;185;86;179;107;92;8;147;9;63;9
2017;94001;94 Naußlitz;15 Cotta, Löbtau, Naußlitz, Dölzschen;StB 9 Cotta/westliche Ortschaften;Wahlbezirk_Brief;0;0;974;974;974;267;96;175;84;94;7;181;3;67;0
2017;94002;94 Naußlitz;15 Cotta, Löbtau, Naußlitz, Dölzschen;StB 9 Cotta/westliche Ortschaften;Wahlbezirk_Brief;0;0;738;738;736;217;91;94;52;88;3;134;3;54;2
2017;94101;94 Naußlitz;15 Cotta, Löbtau, Naußlitz, Dölzschen;StB 9 Cotta/westliche Ortschaften;Wahlbezirk_Urne;955;189;515;1;510;103;58;95;28;36;7;146;6;31;5
2017;94102;94 Naußlitz;15 Cotta, Löbtau, Naußlitz, Dölzschen;StB 9 Cotta/westliche Ortschaften;Wahlbezirk_Urne;968;187;533;0;526;109;63;70;25;44;5;175;4;31;7
2017;94200;94 Naußlitz;15 Cotta, Löbtau, Naußlitz, Dölzschen;StB 9 Cotta/westliche Ortschaften;Wahlbezirk_Urne;1272;340;722;0;715;169;63;119;39;49;4;212;6;54;7
2017;94400;94 Naußlitz;15 Cotta, Löbtau, Naußlitz, Dölzschen;StB 9 Cotta/westliche Ortschaften;Wahlbezirk_Urne;1098;307;620;2;618;159;45;73;31;82;4;186;4;34;2
2017;94501;94 Naußlitz;15 Cotta, Löbtau, Naußlitz, Dölzschen;StB 9 Cotta/westliche Ortschaften;Wahlbezirk_Urne;1023;300;605;2;603;153;56;99;47;72;0;147;2;27;2
2017;94502;94 Naußlitz;15 Cotta, Löbtau, Naußlitz, Dölzschen;StB 9 Cotta/westliche Ortschaften;Wahlbezirk_Urne;858;159;593;3;591;165;64;82;43;70;2;136;6;23;2
2017;94600;94 Naußlitz;15 Cotta, Löbtau, Naußlitz, Dölzschen;StB 9 Cotta/westliche Ortschaften;Wahlbezirk_Urne;1479;311;895;0;887;180;80;120;60;89;3;300;5;50;8
2017;95000;95 Gorbitz-Süd;16 Gorbitz;StB 9 Cotta/westliche Ortschaften;Wahlbezirk_Brief;0;0;844;844;840;217;86;160;29;73;8;219;8;40;4
2017;95100;95 Gorbitz-Süd;16 Gorbitz;StB 9 Cotta/westliche Ortschaften;Wahlbezirk_Urne;1630;191;748;1;736;121;68;144;22;32;24;276;4;45;12
2017;95200;95 Gorbitz-Süd;16 Gorbitz;StB 9 Cotta/westliche Ortschaften;Wahlbezirk_Urne;1099;125;460;1;452;73;45;74;16;15;13;179;4;33;8
2017;95400;95 Gorbitz-Süd;16 Gorbitz;StB 9 Cotta/westliche Ortschaften;Wahlbezirk_Urne;877;113;462;0;452;124;62;90;9;16;8;126;0;17;10
2017;95500;95 Gorbitz-Süd;16 Gorbitz;StB 9 Cotta/westliche Ortschaften;Wahlbezirk_Urne;1394;283;743;3;735;123;62;99;21;66;11;292;10;51;8
2017;95600;95 Gorbitz-Süd;16 Gorbitz;StB 9 Cotta/westliche Ortschaften;Wahlbezirk_Urne;1157;176;572;3;563;88;50;88;16;22;19;247;4;29;9
2017;96000;96 Gorbitz-Ost;16 Gorbitz;StB 9 Cotta/westliche Ortschaften;Wahlbezirk_Brief;0;0;840;840;832;236;85;179;42;64;6;166;1;53;8
2017;96100;96 Gorbitz-Ost;16 Gorbitz;StB 9 Cotta/westliche Ortschaften;Wahlbezirk_Urne;1456;277;711;1;700;121;64;144;25;60;7;232;9;38;11
2017;96300;96 Gorbitz-Ost;16 Gorbitz;StB 9 Cotta/westliche Ortschaften;Wahlbezirk_Urne;1737;329;788;1;776;146;56;144;26;54;11;275;0;64;12
2017;96600;96 Gorbitz-Ost;16 Gorbitz;StB 9 Cotta/westliche Ortschaften;Wahlbezirk_Urne;1693;274;778;3;762;114;76;131;21;48;17;306;8;41;16
2017;97000;97 Gorbitz-Nord/Neu-Omsewitz;16 Gorbitz;StB 9 Cotta/westliche Ortschaften;Wahlbezirk_Brief;0;0;718;718;711;167;86;157;32;45;10;157;10;47;7
2017;97100;97 Gorbitz-Nord/Neu-Omsewitz;16 Gorbitz;StB 9 Cotta/westliche Ortschaften;Wahlbezirk_Urne;1547;270;840;0;823;141;90;141;33;49;12;304;7;46;17
2017;97300;97 Gorbitz-Nord/Neu-Omsewitz;16 Gorbitz;StB 9 Cotta/westliche Ortschaften;Wahlbezirk_Urne;1675;232;842;0;829;140;75;134;24;61;18;307;6;64;13
2017;97600;97 Gorbitz-Nord/Neu-Omsewitz;16 Gorbitz;StB 9 Cotta/westliche Ortschaften;Wahlbezirk_Urne;1241;250;594;1;592;110;61;116;15;27;11;222;6;24;2
2017;98001;98 Briesnitz;17 Briesnitz und westliche OS;StB 9 Cotta/westliche Ortschaften;Wahlbezirk_Brief;0;0;1122;1122;1117;332;98;151;66;106;4;281;4;75;5
2017;98002;98 Briesnitz;17 Briesnitz und westliche OS;StB 9 Cotta/westliche Ortschaften;Wahlbezirk_Brief;0;0;898;898;893;243;76;139;70;112;7;194;4;48;5
2017;98100;98 Briesnitz;17 Briesnitz und westliche OS;StB 9 Cotta/westliche Ortschaften;Wahlbezirk_Urne;1440;288;894;1;882;216;66;115;49;95;6;291;2;42;12
2017;98200;98 Briesnitz;17 Briesnitz und westliche OS;StB 9 Cotta/westliche Ortschaften;Wahlbezirk_Urne;1442;360;865;0;858;194;86;117;44;70;6;294;4;43;7
2017;98300;98 Briesnitz;17 Briesnitz und westliche OS;StB 9 Cotta/westliche Ortschaften;Wahlbezirk_Urne;1327;299;819;2;812;208;67;104;35;82;2;272;9;33;7
2017;98401;98 Briesnitz;17 Briesnitz und westliche OS;StB 9 Cotta/westliche Ortschaften;Wahlbezirk_Urne;1004;233;549;0;538;126;56;75;32;49;5;148;7;40;11
2017;98402;98 Briesnitz;17 Briesnitz und westliche OS;StB 9 Cotta/westliche Ortschaften;Wahlbezirk_Urne;974;207;530;0;523;90;41;84;27;56;6;180;6;33;7
2017;98500;98 Briesnitz;17 Briesnitz und westliche OS;StB 9 Cotta/westliche Ortschaften;Wahlbezirk_Urne;1460;414;850;1;841;209;76;132;62;71;2;245;3;41;9
2017;98600;98 Briesnitz;17 Briesnitz und westliche OS;StB 9 Cotta/westliche Ortschaften;Wahlbezirk_Urne;1253;308;734;2;726;179;61;92;56;70;5;221;5;37;8
2017;99010;99 Altfranken/Gompitz;17 Briesnitz und westliche OS;StB 9 Cotta/westliche Ortschaften;Wahlbezirk_Brief;0;0;771;771;768;252;57;95;25;82;6;205;4;42;3
2017;99110;99 Altfranken/Gompitz;17 Briesnitz und westliche OS;StB 9 Cotta/westliche Ortschaften;Wahlbezirk_Urne;1507;392;930;0;926;255;80;100;51;101;5;277;5;52;4
2017;99310;99 Altfranken/Gompitz;17 Briesnitz und westliche OS;StB 9 Cotta/westliche Ortschaften;Wahlbezirk_Urne;1139;221;742;0;736;184;72;79;21;83;12;258;1;26;6
2017;99810;99 Altfranken/Gompitz;17 Briesnitz und westliche OS;StB 9 Cotta/westliche Ortschaften;Wahlbezirk_Urne;881;171;633;0;629;177;49;85;14;90;2;195;4;13;4
2021;01000;01 Innere Altstadt;01 StB Altstadt ohne Johannstadt;StB 0 Altstadt;Wahlbezirk_Brief;0;0;685;685;685;100;141;67;181;112;2;35;3;44;0
2021;01100;01 Innere Altstadt;01 StB Altstadt ohne Johannstadt;StB 0 Altstadt;Wahlbezirk_Urne;1619;719;644;7;641;90;114;73;116;96;0;89;5;58;3
2021;02001;02 Pirnaische Vorstadt;01 StB Altstadt ohne Johannstadt;StB 0 Altstadt;Wahlbezirk_Brief;0;0;968;968;963;143;205;124;194;109;2;87;13;86;5
2021;02002;02 Pirnaische Vorstadt;01 StB Altstadt ohne Johannstadt;StB 0 Altstadt;Wahlbezirk_Brief;0;0;618;618;615;91;109;94;140;74;0;58;3;46;3
2021;02100;02 Pirnaische Vorstadt;01 StB Altstadt ohne Johannstadt;StB 0 Altstadt;Wahlbezirk_Urne;1328;515;523;8;520;68;92;71;88;39;0;99;6;57;3
2021;02200;02 Pirnaische Vorstadt;01 StB Altstadt ohne Johannstadt;StB 0 Altstadt;Wahlbezirk_Urne;1561;648;578;9;572;86;90;85;66;60;2;126;6;51;6
2021;02400;02 Pirnaische Vorstadt;01 StB Altstadt ohne Johannstadt;StB 0 Altstadt;Wahlbezirk_Urne;1349;515;460;3;456;79;81;51;41;44;1;113;5;41;4
2021;03001;03 Seevorstadt-Ost;01 StB Altstadt ohne Johannstadt;StB 0 Altstadt;Wahlbezirk_Brief;0;0;826;826;824;110;174;87;179;103;2;77;5;87;2
2021;03002;03 Seevorstadt-Ost;01 StB Altstadt ohne Johannstadt;StB 0 Altstadt;Wahlbezirk_Brief;0;0;568;568;567;87;130;58;120;82;0;47;1;42;1
2021;03003;03 Seevorstadt-Ost;01 StB Altstadt ohne Johannstadt;StB 0 Altstadt;Wahlbezirk_Brief;0;0;814;814;811;156;162;78;157;119;0;79;5;55;3
2021;03100;03 Seevorstadt-Ost;01 StB Altstadt ohne Johannstadt;StB 0 Altstadt;Wahlbezirk_Urne;1154;411;416;0;412;55;68;44;62;59;0;73;6;45;4
2021;03200;03 Seevorstadt-Ost;01 StB Altstadt ohne Johannstadt;StB 0 Altstadt;Wahlbezirk_Urne;1150;458;481;1;477;59;84;74;53;52;0;93;4;58;4
2021;03300;03 Seevorstadt-Ost;01 StB Altstadt ohne Johannstadt;StB 0 Altstadt;Wahlbezirk_Urne;1389;593;527;2;518;98;107;55;65;58;1;90;6;38;9
2021;03401;03 Seevorstadt-Ost;01 StB Altstadt ohne Johannstadt;StB 0 Altstadt;Wahlbezirk_Urne;1259;504;469;2;458;81;93;50;50;59;0;90;1;34;11
2021;03402;03 Seevorstadt-Ost;01 StB Altstadt ohne Johannstadt;StB 0 Altstadt;Wahlbezirk_Urne;733;344;270;1;270;55;44;19;27;51;0;49;3;22;0
2021;04001;04 Wilsdruffer Vs./Seevs.-West;01 StB Altstadt ohne Johannstadt;StB 0 Altstadt;Wahlbezirk_Brief;0;0;763;763;753;134;144;68;193;126;0;40;2;46;10
2021;04002;04 Wilsdruffer Vs./Seevs.-West;01 StB Altstadt ohne Johannstadt;StB 0 Altstadt;Wahlbezirk_Brief;0;0;1050;1050;1047;166;216;129;183;160;2;96;9;86;3
2021;04003;04 Wilsdruffer Vs./Seevs.-West;01 StB Altstadt ohne Johannstadt;StB 0 Altstadt;Wahlbezirk_Brief;0;0;910;910;906;146;202;139;140;86;2;100;9;82;4
2021;04100;04 Wilsdruffer Vs./Seevs.-West;01 StB Altstadt ohne Johannstadt;StB 0 Altstadt;Wahlbezirk_Urne;1528;786;560;5;558;51;83;63;132;101;0;76;4;48;2
2021;04200;04 Wilsdruffer Vs./Seevs.-West;01 StB Altstadt ohne Johannstadt;StB 0 Altstadt;Wahlbezirk_Urne;1388;555;470;4;463;64;101;71;64;51;1;75;2;34;7
2021;04300;04 Wilsdruffer Vs./Seevs.-West;01 StB Altstadt ohne Johannstadt;StB 0 Altstadt;Wahlbezirk_Urne;1238;404;486;5;481;68;96;58;60;54;1;101;3;40;5
2021;04400;04 Wilsdruffer Vs./Seevs.-West;01 StB Altstadt ohne Johannstadt;StB 0 Altstadt;Wahlbezirk_Urne;1423;542;527;3;526;74;91;65;63;92;0;95;3;43;1
2021;04500;04 Wilsdruffer Vs./Seevs.-West;01 StB Altstadt ohne Johannstadt;StB 0 Altstadt;Wahlbezirk_Urne;895;283;380;0;371;39;75;49;40;34;0;101;3;30;9
2021;04600;04 Wilsdruffer Vs./Seevs.-West;01 StB Altstadt ohne Johannstadt;StB 0 Altstadt;Wahlbezirk_Urne;847;275;413;0;405;82;64;58;43;27;1;97;2;31;8
2021;05001;05 Friedrichstadt;01 StB Altstadt ohne Johannstadt;StB 0 Altstadt;Wahlbezirk_Brief;0;0;711;711;705;91;93;101;213;87;0;31;11;78;6
2021;05002;05 Friedrichstadt;01 StB Altstadt ohne Johannstadt;StB 0 Altstadt;Wahlbezirk_Brief;0;0;996;996;992;62;152;155;301;119;1;61;17;124;4
2021;05003;05 Friedrichstadt;01 StB Altstadt ohne Johannstadt;StB 0 Altstadt;Wahlbezirk_Brief;0;0;797;797;790;65;115;118;226;103;0;69;13;81;7
2021;05101;05 Friedrichstadt;01 StB Altstadt ohne Johannstadt;StB 0 Altstadt;Wahlbezirk_Urne;1007;384;340;3;339;23;52;50;77;49;0;33;7;48;1
2021;05102;05 Friedrichstadt;01 StB Altstadt ohne Johannstadt;StB 0 Altstadt;Wahlbezirk_Urne;1274;506;520;0;513;63;75;65;89;59;2;109;7;44;7
2021;05200;05 Friedrichstadt;01 StB Altstadt ohne Johannstadt;StB 0 Altstadt;Wahlbezirk_Urne;1540;656;535;5;535;32;57;80;155;59;0;61;7;84;0
2021;05301;05 Friedrichstadt;01 StB Altstadt ohne Johannstadt;StB 0 Altstadt;Wahlbezirk_Urne;1660;746;507;1;505;38;86;75;126;59;1;62;4;54;2
2021;05302;05 Friedrichstadt;01 StB Altstadt ohne Johannstadt;StB 0 Altstadt;Wahlbezirk_Urne;1047;341;376;1;374;30;45;58;58;43;0;81;10;49;2
2021;06001;06 Johannstadt-Nord;02 Johannstadt;StB 0 Altstadt;Wahlbezirk_Brief;0;0;675;675;671;89;137;90;188;69;1;36;8;53;4
2021;06002;06 Johannstadt-Nord;02 Johannstadt;StB 0 Altstadt;Wahlbezirk_Brief;0;0;514;514;507;66;107;65;141;60;0;25;6;37;7
2021;06003;06 Johannstadt-Nord;02 Johannstadt;StB 0 Altstadt;Wahlbezirk_Brief;0;0;805;805;800;91;162;103;249;77;1;50;7;60;5
2021;06004;06 Johannstadt-Nord;02 Johannstadt;StB 0 Altstadt;Wahlbezirk_Brief;0;0;604;604;603;58;114;93;183;61;0;40;2;52;1
2021;06005;06 Johannstadt-Nord;02 Johannstadt;StB 0 Altstadt;Wahlbezirk_Brief;0;0;616;616;613;101;136;76;89;75;1;77;10;48;3
2021;06100;06 Johannstadt-Nord;02 Johannstadt;StB 0 Altstadt;Wahlbezirk_Urne;1367;433;670;4;664;122;154;95;50;58;1;127;4;53;6
2021;06200;06 Johannstadt-Nord;02 Johannstadt;StB 0 Altstadt;Wahlbezirk_Urne;658;254;264;5;263;45;57;27;51;14;0;37;3;29;1
2021;06300;06 Johannstadt-Nord;02 Johannstadt;StB 0 Altstadt;Wahlbezirk_Urne;990;216;402;3;396;58;78;53;32;24;0;116;4;31;6
2021;06400;06 Johannstadt-Nord;02 Johannstadt;StB 0 Altstadt;Wahlbezirk_Urne;1075;392;458;4;453;54;101;52;68;45;1;93;0;39;5
2021;06500;06 Johannstadt-Nord;02 Johannstadt;StB 0 Altstadt;Wahlbezirk_Urne;914;436;405;4;403;42;57;51;101;46;0;54;8;44;2
2021;06600;06 Johannstadt-Nord;02 Johannstadt;StB 0 Altstadt;Wahlbezirk_Urne;1404;530;538;2;533;65;101;78;91;51;0;102;3;42;5
2021;06700;06 Johannstadt-Nord;02 Johannstadt;StB 0 Altstadt;Wahlbezirk_Urne;796;387;318;6;316;34;55;40;98;29;0;29;1;30;2
2021;06800;06 Johannstadt-Nord;02 Johannstadt;StB 0 Altstadt;Wahlbezirk_Urne;1580;701;500;5;492;53;93;51;124;48;0;61;7;55;8
2021;07001;07 Johannstadt-Süd;02 Johannstadt;StB 0 Altstadt;Wahlbezirk_Brief;0;0;780;780;776;146;183;105;90;94;1;86;6;65;4
2021;07002;07 Johannstadt-Süd;02 Johannstadt;StB 0 Altstadt;Wahlbezirk_Brief;0;0;751;751;746;131;171;99;100;89;3;79;9;65;5
2021;07003;07 Johannstadt-Süd;02 Johannstadt;StB 0 Altstadt;Wahlbezirk_Brief;0;0;655;655;650;104;154;73;87;79;0;87;1;65;5
2021;07004;07 Johannstadt-Süd;02 Johannstadt;StB 0 Altstadt;Wahlbezirk_Brief;0;0;619;619;615;121;151;95;55;79;0;81;2;31;4
2021;07005;07 Johannstadt-Süd;02 Johannstadt;StB 0 Altstadt;Wahlbezirk_Brief;0;0;574;574;569;105;141;103;67;41;0;69;6;37;5
2021;07100;07 Johannstadt-Süd;02 Johannstadt;StB 0 Altstadt;Wahlbezirk_Urne;1208;484;499;1;492;103;99;50;68;41;0;90;6;35;7
2021;07200;07 Johannstadt-Süd;02 Johannstadt;StB 0 Altstadt;Wahlbezirk_Urne;910;319;432;4;427;102;84;44;21;46;1;100;1;28;5
2021;07300;07 Johannstadt-Süd;02 Johannstadt;StB 0 Altstadt;Wahlbezirk_Urne;1159;491;446;2;441;76;100;37;41;43;1;97;4;42;5
2021;07400;07 Johannstadt-Süd;02 Johannstadt;StB 0 Altstadt;Wahlbezirk_Urne;1641;639;651;1;642;114;133;68;40;72;2;156;8;49;9
2021;07500;07 Johannstadt-Süd;02 Johannstadt;StB 0 Altstadt;Wahlbezirk_Urne;1138;411;459;2;452;87;95;55;38;34;0;116;2;25;7
2021;07600;07 Johannstadt-Süd;02 Johannstadt;StB 0 Altstadt;Wahlbezirk_Urne;903;322;380;0;376;61;71;47;25;40;1;108;0;23;4
2021;07700;07 Johannstadt-Süd;02 Johannstadt;StB 0 Altstadt;Wahlbezirk_Urne;742;186;352;3;347;33;84;53;37;22;4;85;8;21;5
2021;07800;07 Johannstadt-Süd;02 Johannstadt;StB 0 Altstadt;Wahlbezirk_Urne;975;306;436;3;429;59;80;70;37;45;1;96;5;36;7
2021;07900;07 Johannstadt-Süd;02 Johannstadt;StB 0 Altstadt;Wahlbezirk_Urne;1060;364;486;1;482;81;97;56;37;53;1;109;4;44;4
2021;11001;11 Äußere Neustadt (Antonstadt);03 StB Neustadt ohne Leipziger Vorstadt;StB 1 Neustadt;Wahlbezirk_Brief;0;0;904;904;900;50;119;186;377;60;0;11;19;78;4
2021;11002;11 Äußere Neustadt (Antonstadt);03 StB Neustadt ohne Leipziger Vorstadt;StB 1 Neustadt;Wahlbezirk_Brief;0;0;692;692;688;54;99;122;256;59;0;32;3;63;4
2021;11003;11 Äußere Neustadt (Antonstadt);03 StB Neustadt ohne Leipziger Vorstadt;StB 1 Neustadt;Wahlbezirk_Brief;0;0;751;751;747;23;100;162;353;24;0;18;9;58;4
2021;11004;11 Äußere Neustadt (Antonstadt);03 StB Neustadt ohne Leipziger Vorstadt;StB 1 Neustadt;Wahlbezirk_Brief;0;0;726;726;724;31;107;141;332;28;1;12;6;66;2
2021;11005;11 Äußere Neustadt (Antonstadt);03 StB Neustadt ohne Leipziger Vorstadt;StB 1 Neustadt;Wahlbezirk_Brief;0;0;571;571;567;30;82;103;245;42;1;17;5;42;4
2021;11006;11 Äußere Neustadt (Antonstadt);03 StB Neustadt ohne Leipziger Vorstadt;StB 1 Neustadt;Wahlbezirk_Brief;0;0;758;758;757;19;84;156;381;43;0;9;9;56;1
2021;11007;11 Äußere Neustadt (Antonstadt);03 StB Neustadt ohne Leipziger Vorstadt;StB 1 Neustadt;Wahlbezirk_Brief;0;0;691;691;691;33;89;124;338;35;0;11;6;55;0
2021;11008;11 Äußere Neustadt (Antonstadt);03 StB Neustadt ohne Leipziger Vorstadt;StB 1 Neustadt;Wahlbezirk_Brief;0;0;1028;1028;1028;41;107;195;506;57;0;17;11;94;0
2021;11009;11 Äußere Neustadt (Antonstadt);03 StB Neustadt ohne Leipziger Vorstadt;StB 1 Neustadt;Wahlbezirk_Brief;0;0;886;886;886;30;114;194;398;45;0;16;6;83;0
2021;11100;11 Äußere Neustadt (Antonstadt);03 StB Neustadt ohne Leipziger Vorstadt;StB 1 Neustadt;Wahlbezirk_Urne;1461;718;481;6;477;32;68;107;140;40;0;33;10;47;4
2021;11200;11 Äußere Neustadt (Antonstadt);03 StB Neustadt ohne Leipziger Vorstadt;StB 1 Neustadt;Wahlbezirk_Urne;1298;790;394;4;391;12;54;89;158;21;0;24;3;30;3
2021;11300;11 Äußere Neustadt (Antonstadt);03 StB Neustadt ohne Leipziger Vorstadt;StB 1 Neustadt;Wahlbezirk_Urne;1281;712;468;11;461;25;40;95;171;31;0;31;12;56;7
2021;11401;11 Äußere Neustadt (Antonstadt);03 StB Neustadt ohne Leipziger Vorstadt;StB 1 Neustadt;Wahlbezirk_Urne;750;408;276;5;276;16;26;73;96;18;0;13;7;27;0
2021;11402;11 Äußere Neustadt (Antonstadt);03 StB Neustadt ohne Leipziger Vorstadt;StB 1 Neustadt;Wahlbezirk_Urne;1241;606;418;10;417;24;67;90;137;13;0;38;4;44;1
2021;11501;11 Äußere Neustadt (Antonstadt);03 StB Neustadt ohne Leipziger Vorstadt;StB 1 Neustadt;Wahlbezirk_Urne;757;406;281;4;281;8;30;59;111;23;0;16;4;30;0
2021;11502;11 Äußere Neustadt (Antonstadt);03 StB Neustadt ohne Leipziger Vorstadt;StB 1 Neustadt;Wahlbezirk_Urne;953;523;347;12;347;17;40;73;138;21;0;17;8;33;0
2021;11601;11 Äußere Neustadt (Antonstadt);03 StB Neustadt ohne Leipziger Vorstadt;StB 1 Neustadt;Wahlbezirk_Urne;1298;748;444;8;443;19;53;85;171;25;0;24;5;61;1
2021;11602;11 Äußere Neustadt (Antonstadt);03 StB Neustadt ohne Leipziger Vorstadt;StB 1 Neustadt;Wahlbezirk_Urne;1113;665;374;1;372;15;58;77;139;21;0;23;5;34;2
2021;11700;11 Äußere Neustadt (Antonstadt);03 StB Neustadt ohne Leipziger Vorstadt;StB 1 Neustadt;Wahlbezirk_Urne;1331;779;460;9;458;12;52;107;176;30;0;29;2;50;2
2021;11800;11 Äußere Neustadt (Antonstadt);03 StB Neustadt ohne Leipziger Vorstadt;StB 1 Neustadt;Wahlbezirk_Urne;1593;941;468;7;466;20;63;112;135;39;2;40;5;50;2
2021;12001;12 Radeberger Vorstadt;03 StB Neustadt ohne Leipziger Vorstadt;StB 1 Neustadt;Wahlbezirk_Brief;0;0;988;988;982;161;170;110;259;134;0;56;7;85;6
2021;12002;12 Radeberger Vorstadt;03 StB Neustadt ohne Leipziger Vorstadt;StB 1 Neustadt;Wahlbezirk_Brief;0;0;730;730;726;70;124;114;220;56;0;54;8;80;4
2021;12003;12 Radeberger Vorstadt;03 StB Neustadt ohne Leipziger Vorstadt;StB 1 Neustadt;Wahlbezirk_Brief;0;0;958;958;955;126;181;122;292;108;0;51;7;68;3
2021;12100;12 Radeberger Vorstadt;03 StB Neustadt ohne Leipziger Vorstadt;StB 1 Neustadt;Wahlbezirk_Urne;908;395;432;3;426;37;56;61;126;51;0;46;3;46;6
2021;12201;12 Radeberger Vorstadt;03 StB Neustadt ohne Leipziger Vorstadt;StB 1 Neustadt;Wahlbezirk_Urne;1081;572;436;10;434;48;76;47;117;57;0;52;1;36;2
2021;12202;12 Radeberger Vorstadt;03 StB Neustadt ohne Leipziger Vorstadt;StB 1 Neustadt;Wahlbezirk_Urne;1106;544;441;2;438;71;74;36;109;52;1;68;2;25;3
2021;12301;12 Radeberger Vorstadt;03 StB Neustadt ohne Leipziger Vorstadt;StB 1 Neustadt;Wahlbezirk_Urne;1049;421;469;3;467;55;79;68;93;58;0;69;4;41;2
2021;12302;12 Radeberger Vorstadt;03 StB Neustadt ohne Leipziger Vorstadt;StB 1 Neustadt;Wahlbezirk_Urne;981;476;380;7;376;60;50;51;66;58;2;55;3;31;4
2021;12400;12 Radeberger Vorstadt;03 StB Neustadt ohne Leipziger Vorstadt;StB 1 Neustadt;Wahlbezirk_Urne;1305;365;557;4;548;46;83;83;60;45;4;145;15;67;9
2021;13001;13 Innere Neustadt;03 StB Neustadt ohne Leipziger Vorstadt;StB 1 Neustadt;Wahlbezirk_Brief;0;0;957;957;956;130;159;126;319;77;0;50;6;89;1
2021;13002;13 Innere Neustadt;03 StB Neustadt ohne Leipziger Vorstadt;StB 1 Neustadt;Wahlbezirk_Brief;0;0;678;678;678;50;84;88;280;80;0;29;15;52;0
2021;13003;13 Innere Neustadt;03 StB Neustadt ohne Leipziger Vorstadt;StB 1 Neustadt;Wahlbezirk_Brief;0;0;672;672;671;79;125;78;219;95;0;29;6;40;1
2021;13004;13 Innere Neustadt;03 StB Neustadt ohne Leipziger Vorstadt;StB 1 Neustadt;Wahlbezirk_Brief;0;0;470;470;466;86;93;88;60;43;0;62;4;30;4
2021;13100;13 Innere Neustadt;03 StB Neustadt ohne Leipziger Vorstadt;StB 1 Neustadt;Wahlbezirk_Urne;1297;693;442;11;440;51;87;63;98;44;0;62;2;33;2
2021;13200;13 Innere Neustadt;03 StB Neustadt ohne Leipziger Vorstadt;StB 1 Neustadt;Wahlbezirk_Urne;1108;491;377;3;374;67;80;49;37;22;2;83;3;31;3
2021;13300;13 Innere Neustadt;03 StB Neustadt ohne Leipziger Vorstadt;StB 1 Neustadt;Wahlbezirk_Urne;1358;696;499;9;498;37;93;56;178;39;0;50;7;38;1
2021;13400;13 Innere Neustadt;03 StB Neustadt ohne Leipziger Vorstadt;StB 1 Neustadt;Wahlbezirk_Urne;1643;988;452;9;449;52;70;70;103;45;0;51;2;56;3
2021;14001;14 Leipziger Vorstadt;04 Leipziger Vorstadt, Pieschen;StB 1 Neustadt;Wahlbezirk_Brief;0;0;875;875;874;17;93;221;366;55;0;23;12;87;1
2021;14002;14 Leipziger Vorstadt;04 Leipziger Vorstadt, Pieschen;StB 1 Neustadt;Wahlbezirk_Brief;0;0;885;885;884;23;85;254;386;29;0;22;9;76;1
2021;14003;14 Leipziger Vorstadt;04 Leipziger Vorstadt, Pieschen;StB 1 Neustadt;Wahlbezirk_Brief;0;0;647;647;645;11;82;131;290;24;0;18;10;79;2
2021;14004;14 Leipziger Vorstadt;04 Leipziger Vorstadt, Pieschen;StB 1 Neustadt;Wahlbezirk_Brief;0;0;461;461;459;28;40;121;182;25;0;19;6;38;2
2021;14005;14 Leipziger Vorstadt;04 Leipziger Vorstadt, Pieschen;StB 1 Neustadt;Wahlbezirk_Brief;0;0;591;591;587;72;107;93;124;60;0;72;3;56;4
2021;14006;14 Leipziger Vorstadt;04 Leipziger Vorstadt, Pieschen;StB 1 Neustadt;Wahlbezirk_Brief;0;0;1204;1204;1201;66;158;220;504;68;2;43;11;129;3
2021;14100;14 Leipziger Vorstadt;04 Leipziger Vorstadt, Pieschen;StB 1 Neustadt;Wahlbezirk_Urne;1070;492;395;9;393;24;43;107;92;30;1;52;7;37;2
2021;14200;14 Leipziger Vorstadt;04 Leipziger Vorstadt, Pieschen;StB 1 Neustadt;Wahlbezirk_Urne;1636;920;537;7;533;16;73;148;148;22;0;53;5;68;4
2021;14300;14 Leipziger Vorstadt;04 Leipziger Vorstadt, Pieschen;StB 1 Neustadt;Wahlbezirk_Urne;1629;902;551;7;545;15;64;155;184;22;0;30;5;70;6
2021;14401;14 Leipziger Vorstadt;04 Leipziger Vorstadt, Pieschen;StB 1 Neustadt;Wahlbezirk_Urne;1430;681;561;8;556;21;82;125;174;29;1;38;10;76;5
2021;14402;14 Leipziger Vorstadt;04 Leipziger Vorstadt, Pieschen;StB 1 Neustadt;Wahlbezirk_Urne;1270;698;452;7;452;25;64;99;162;24;1;34;8;35;0
2021;14500;14 Leipziger Vorstadt;04 Leipziger Vorstadt, Pieschen;StB 1 Neustadt;Wahlbezirk_Urne;1346;553;574;7;566;42;72;113;143;26;2;91;4;73;8
2021;14600;14 Leipziger Vorstadt;04 Leipziger Vorstadt, Pieschen;StB 1 Neustadt;Wahlbezirk_Urne;1392;618;553;4;551;71;91;57;77;57;0;139;5;54;2
2021;15000;15 Albertstadt;03 StB Neustadt ohne Leipziger Vorstadt;StB 1 Neustadt;Wahlbezirk_Brief;0;0;1012;1012;1005;126;196;120;245;131;1;82;11;93;7
2021;15100;15 Albertstadt;03 StB Neustadt ohne Leipziger Vorstadt;StB 1 Neustadt;Wahlbezirk_Urne;1562;717;444;8;440;50;75;53;91;46;0;67;1;57;4
2021;15300;15 Albertstadt;03 StB Neustadt ohne Leipziger Vorstadt;StB 1 Neustadt;Wahlbezirk_Urne;823;326;353;0;350;43;68;48;68;30;2;59;1;31;3
2021;21001;21 Pieschen-Süd;04 Leipziger Vorstadt, Pieschen;StB 2 Pieschen;Wahlbezirk_Brief;0;0;574;574;574;51;102;73;177;52;0;40;7;72;0
2021;21002;21 Pieschen-Süd;04 Leipziger Vorstadt, Pieschen;StB 2 Pieschen;Wahlbezirk_Brief;0;0;1048;1048;1042;73;137;186;343;81;0;76;21;125;6
2021;21003;21 Pieschen-Süd;04 Leipziger Vorstadt, Pieschen;StB 2 Pieschen;Wahlbezirk_Brief;0;0;923;923;919;48;126;187;312;78;0;51;15;102;4
2021;21004;21 Pieschen-Süd;04 Leipziger Vorstadt, Pieschen;StB 2 Pieschen;Wahlbezirk_Brief;0;0;897;897;896;63;113;138;301;84;1;73;14;109;1
2021;21100;21 Pieschen-Süd;04 Leipziger Vorstadt, Pieschen;StB 2 Pieschen;Wahlbezirk_Urne;1208;524;500;4;497;24;61;114;122;35;1;63;12;65;3
2021;21200;21 Pieschen-Süd;04 Leipziger Vorstadt, Pieschen;StB 2 Pieschen;Wahlbezirk_Urne;1332;546;537;9;533;50;60;95;122;35;1;93;13;64;4
2021;21301;21 Pieschen-Süd;04 Leipziger Vorstadt, Pieschen;StB 2 Pieschen;Wahlbezirk_Urne;1535;605;619;9;612;52;83;104;129;50;0;108;9;77;7
2021;21302;21 Pieschen-Süd;04 Leipziger Vorstadt, Pieschen;StB 2 Pieschen;Wahlbezirk_Urne;974;441;332;2;331;22;37;57;75;25;1;60;6;48;1
2021;21303;21 Pieschen-Süd;04 Leipziger Vorstadt, Pieschen;StB 2 Pieschen;Wahlbezirk_Urne;892;395;327;9;324;22;40;41;77;37;1;64;6;36;3
2021;21400;21 Pieschen-Süd;04 Leipziger Vorstadt, Pieschen;StB 2 Pieschen;Wahlbezirk_Urne;1414;546;540;8;534;33;88;87;135;33;0;86;9;63;6
2021;21500;21 Pieschen-Süd;04 Leipziger Vorstadt, Pieschen;StB 2 Pieschen;Wahlbezirk_Urne;1430;547;534;9;526;41;53;76;100;42;5;114;6;89;8
2021;22001;22 Mickten;05 Mickten, Kaditz, Trachau;StB 2 Pieschen;Wahlbezirk_Brief;0;0;1114;1114;1111;140;208;143;192;156;3;135;13;121;3
2021;22002;22 Mickten;05 Mickten, Kaditz, Trachau;StB 2 Pieschen;Wahlbezirk_Brief;0;0;771;771;761;93;136;92;146;89;3;90;7;105;10
2021;22003;22 Mickten;05 Mickten, Kaditz, Trachau;StB 2 Pieschen;Wahlbezirk_Brief;0;0;776;776;772;86;147;108;130;100;1;84;7;109;4
2021;22004;22 Mickten;05 Mickten, Kaditz, Trachau;StB 2 Pieschen;Wahlbezirk_Brief;0;0;938;938;933;150;171;118;135;125;0;127;10;97;5
2021;22100;22 Mickten;05 Mickten, Kaditz, Trachau;StB 2 Pieschen;Wahlbezirk_Urne;1570;587;659;7;656;67;114;89;99;54;3;131;9;90;3
2021;22200;22 Mickten;05 Mickten, Kaditz, Trachau;StB 2 Pieschen;Wahlbezirk_Urne;1357;505;544;1;535;76;56;59;46;57;2;161;12;66;9
2021;22300;22 Mickten;05 Mickten, Kaditz, Trachau;StB 2 Pieschen;Wahlbezirk_Urne;1221;403;505;0;499;58;90;47;41;56;2;140;8;57;6
2021;22400;22 Mickten;05 Mickten, Kaditz, Trachau;StB 2 Pieschen;Wahlbezirk_Urne;785;210;383;2;380;50;78;34;16;34;4;125;4;35;3
2021;22501;22 Mickten;05 Mickten, Kaditz, Trachau;StB 2 Pieschen;Wahlbezirk_Urne;1451;573;611;2;606;80;105;64;51;87;2;148;9;60;5
2021;22502;22 Mickten;05 Mickten, Kaditz, Trachau;StB 2 Pieschen;Wahlbezirk_Urne;1720;674;686;6;679;70;104;69;111;79;0;165;5;76;7
2021;22600;22 Mickten;05 Mickten, Kaditz, Trachau;StB 2 Pieschen;Wahlbezirk_Urne;1039;313;522;5;517;71;73;54;52;51;0;153;6;57;5
2021;22700;22 Mickten;05 Mickten, Kaditz, Trachau;StB 2 Pieschen;Wahlbezirk_Urne;1324;471;635;0;631;103;87;61;51;73;1;178;5;72;4
2021;23000;23 Kaditz;05 Mickten, Kaditz, Trachau;StB 2 Pieschen;Wahlbezirk_Brief;0;0;1242;1242;1236;224;232;126;178;169;3;171;9;124;6
2021;23100;23 Kaditz;05 Mickten, Kaditz, Trachau;StB 2 Pieschen;Wahlbezirk_Urne;1061;329;495;6;489;48;65;47;46;57;0;162;7;57;6
2021;23200;23 Kaditz;05 Mickten, Kaditz, Trachau;StB 2 Pieschen;Wahlbezirk_Urne;1169;391;431;2;426;42;69;39;44;52;1;137;2;40;5
2021;23300;23 Kaditz;05 Mickten, Kaditz, Trachau;StB 2 Pieschen;Wahlbezirk_Urne;1051;370;536;6;533;115;74;30;41;73;0;174;2;24;3
2021;23400;23 Kaditz;05 Mickten, Kaditz, Trachau;StB 2 Pieschen;Wahlbezirk_Urne;1033;237;580;2;570;78;84;53;28;58;2;214;7;46;10
2021;24001;24 Trachau;05 Mickten, Kaditz, Trachau;StB 2 Pieschen;Wahlbezirk_Brief;0;0;983;983;976;153;218;103;140;121;2;121;9;109;7
2021;24002;24 Trachau;05 Mickten, Kaditz, Trachau;StB 2 Pieschen;Wahlbezirk_Brief;0;0;778;778;775;112;177;96;144;89;0;70;6;81;3
2021;24003;24 Trachau;05 Mickten, Kaditz, Trachau;StB 2 Pieschen;Wahlbezirk_Brief;0;0;1152;1152;1145;181;248;130;204;142;1;135;11;93;7
2021;24100;24 Trachau;05 Mickten, Kaditz, Trachau;StB 2 Pieschen;Wahlbezirk_Urne;920;337;415;2;414;62;73;36;43;42;0;105;4;49;1
2021;24200;24 Trachau;05 Mickten, Kaditz, Trachau;StB 2 Pieschen;Wahlbezirk_Urne;1142;481;545;4;540;68;91;66;84;58;0;103;2;68;5
2021;24300;24 Trachau;05 Mickten, Kaditz, Trachau;StB 2 Pieschen;Wahlbezirk_Urne;1028;402;502;7;497;84;80;52;65;58;0;90;5;63;5
2021;24400;24 Trachau;05 Mickten, Kaditz, Trachau;StB 2 Pieschen;Wahlbezirk_Urne;1336;527;644;0;639;68;96;74;94;86;0;145;8;68;5
2021;24500;24 Trachau;05 Mickten, Kaditz, Trachau;StB 2 Pieschen;Wahlbezirk_Urne;1443;502;673;1;668;105;109;76;54;66;2;182;7;67;5
2021;24700;24 Trachau;05 Mickten, Kaditz, Trachau;StB 2 Pieschen;Wahlbezirk_Urne;1100;329;540;3;536;55;92;65;54;47;1;153;9;60;4
2021;24800;24 Trachau;05 Mickten, Kaditz, Trachau;StB 2 Pieschen;Wahlbezirk_Urne;1022;470;418;3;411;72;57;46;49;37;0;100;3;47;7
2021;25001;25 Pieschen-N/Trachenberge;04 Leipziger Vorstadt, Pieschen;StB 2 Pieschen;Wahlbezirk_Brief;0;0;1101;1101;1092;127;189;185;255;112;0;107;10;107;9
2021;25002;25 Pieschen-N/Trachenberge;04 Leipziger Vorstadt, Pieschen;StB 2 Pieschen;Wahlbezirk_Brief;0;0;1029;1029;1025;136;204;141;175;134;0;111;11;113;4
2021;25003;25 Pieschen-N/Trachenberge;04 Leipziger Vorstadt, Pieschen;StB 2 Pieschen;Wahlbezirk_Brief;0;0;780;780;775;94;154;114;188;76;3;53;10;83;5
2021;25004;25 Pieschen-N/Trachenberge;04 Leipziger Vorstadt, Pieschen;StB 2 Pieschen;Wahlbezirk_Brief;0;0;624;624;620;73;83;116;138;55;1;56;15;83;4
2021;25100;25 Pieschen-N/Trachenberge;04 Leipziger Vorstadt, Pieschen;StB 2 Pieschen;Wahlbezirk_Urne;1437;545;601;4;596;54;91;90;90;48;2;126;11;84;5
2021;25200;25 Pieschen-N/Trachenberge;04 Leipziger Vorstadt, Pieschen;StB 2 Pieschen;Wahlbezirk_Urne;1262;449;530;5;528;44;68;81;97;54;1;104;19;60;2
2021;25300;25 Pieschen-N/Trachenberge;04 Leipziger Vorstadt, Pieschen;StB 2 Pieschen;Wahlbezirk_Urne;1394;459;636;0;628;90;109;49;41;85;2;167;14;71;8
2021;25400;25 Pieschen-N/Trachenberge;04 Leipziger Vorstadt, Pieschen;StB 2 Pieschen;Wahlbezirk_Urne;1736;645;690;2;685;52;80;102;97;81;2;156;13;102;5
2021;25500;25 Pieschen-N/Trachenberge;04 Leipziger Vorstadt, Pieschen;StB 2 Pieschen;Wahlbezirk_Urne;1674;610;651;5;644;84;92;71;98;52;2;148;7;90;7
2021;25600;25 Pieschen-N/Trachenberge;04 Leipziger Vorstadt, Pieschen;StB 2 Pieschen;Wahlbezirk_Urne;806;353;292;0;290;42;55;30;28;38;0;60;5;32;2
2021;25700;25 Pieschen-N/Trachenberge;04 Leipziger Vorstadt, Pieschen;StB 2 Pieschen;Wahlbezirk_Urne;1520;609;626;2;619;79;99;64;84;72;0;156;4;61;7
2021;31001;31 Klotzsche;06 StB Klotzsche und nördliche OS;StB 3 Klotzsche/nördliche Ortschaften;Wahlbezirk_Brief;0;0;824;824;824;152;161;70;118;143;1;94;1;84;0
2021;31002;31 Klotzsche;06 StB Klotzsche und nördliche OS;StB 3 Klotzsche/nördliche Ortschaften;Wahlbezirk_Brief;0;0;903;903;897;158;191;78;158;128;0;110;6;68;6
2021;31003;31 Klotzsche;06 StB Klotzsche und nördliche OS;StB 3 Klotzsche/nördliche Ortschaften;Wahlbezirk_Brief;0;0;973;973;967;183;202;90;181;147;0;94;1;69;6
2021;31004;31 Klotzsche;06 StB Klotzsche und nördliche OS;StB 3 Klotzsche/nördliche Ortschaften;Wahlbezirk_Brief;0;0;844;844;841;132;204;111;78;105;2;116;5;88;3
2021;31005;31 Klotzsche;06 StB Klotzsche und nördliche OS;StB 3 Klotzsche/nördliche Ortschaften;Wahlbezirk_Brief;0;0;727;727;723;106;153;80;88;136;2;91;5;62;4
2021;31100;31 Klotzsche;06 StB Klotzsche und nördliche OS;StB 3 Klotzsche/nördliche Ortschaften;Wahlbezirk_Urne;1579;660;660;6;656;118;109;40;75;93;2;157;1;61;4
2021;31200;31 Klotzsche;06 StB Klotzsche und nördliche OS;StB 3 Klotzsche/nördliche Ortschaften;Wahlbezirk_Urne;1330;487;575;3;570;86;97;52;33;65;1;189;7;40;5
2021;31300;31 Klotzsche;06 StB Klotzsche und nördliche OS;StB 3 Klotzsche/nördliche Ortschaften;Wahlbezirk_Urne;1004;311;495;1;486;63;93;38;34;69;0;136;7;46;9
2021;31400;31 Klotzsche;06 StB Klotzsche und nördliche OS;StB 3 Klotzsche/nördliche Ortschaften;Wahlbezirk_Urne;1425;686;600;8;600;142;91;32;78;88;0;129;5;35;0
2021;31500;31 Klotzsche;06 StB Klotzsche und nördliche OS;StB 3 Klotzsche/nördliche Ortschaften;Wahlbezirk_Urne;1111;444;546;2;543;84;77;49;87;83;1;109;5;48;3
2021;31601;31 Klotzsche;06 StB Klotzsche und nördliche OS;StB 3 Klotzsche/nördliche Ortschaften;Wahlbezirk_Urne;1237;518;543;3;538;83;95;47;73;83;1;111;2;43;5
2021;31602;31 Klotzsche;06 StB Klotzsche und nördliche OS;StB 3 Klotzsche/nördliche Ortschaften;Wahlbezirk_Urne;1068;489;464;4;460;92;65;39;71;62;0;90;3;38;4
2021;31701;31 Klotzsche;06 StB Klotzsche und nördliche OS;StB 3 Klotzsche/nördliche Ortschaften;Wahlbezirk_Urne;841;270;397;0;395;57;73;45;28;57;1;93;6;35;2
2021;31702;31 Klotzsche;06 StB Klotzsche und nördliche OS;StB 3 Klotzsche/nördliche Ortschaften;Wahlbezirk_Urne;1178;401;433;1;429;58;82;58;23;42;0;130;1;35;4
2021;31800;31 Klotzsche;06 StB Klotzsche und nördliche OS;StB 3 Klotzsche/nördliche Ortschaften;Wahlbezirk_Urne;838;166;469;3;463;41;67;66;33;48;3;140;6;59;6
2021;32001;32 Hellerau/Wilschdorf;06 StB Klotzsche und nördliche OS;StB 3 Klotzsche/nördliche Ortschaften;Wahlbezirk_Brief;0;0;978;978;965;152;187;80;158;177;1;136;5;69;13
2021;32002;32 Hellerau/Wilschdorf;06 StB Klotzsche und nördliche OS;StB 3 Klotzsche/nördliche Ortschaften;Wahlbezirk_Brief;0;0;912;912;906;194;176;76;99;129;2;139;3;88;6
2021;32100;32 Hellerau/Wilschdorf;06 StB Klotzsche und nördliche OS;StB 3 Klotzsche/nördliche Ortschaften;Wahlbezirk_Urne;1447;538;744;2;739;133;88;47;61;118;1;236;7;48;5
2021;32201;32 Hellerau/Wilschdorf;06 StB Klotzsche und nördliche OS;StB 3 Klotzsche/nördliche Ortschaften;Wahlbezirk_Urne;848;293;443;2;437;73;46;13;23;66;0;167;4;45;6
2021;32202;32 Hellerau/Wilschdorf;06 StB Klotzsche und nördliche OS;StB 3 Klotzsche/nördliche Ortschaften;Wahlbezirk_Urne;798;307;370;2;366;62;54;28;26;67;0;91;3;35;4
2021;32300;32 Hellerau/Wilschdorf;06 StB Klotzsche und nördliche OS;StB 3 Klotzsche/nördliche Ortschaften;Wahlbezirk_Urne;955;351;497;6;495;87;85;40;75;75;0;112;1;20;2
2021;32400;32 Hellerau/Wilschdorf;06 StB Klotzsche und nördliche OS;StB 3 Klotzsche/nördliche Ortschaften;Wahlbezirk_Urne;1108;479;537;5;534;90;77;53;99;69;0;101;6;39;3
2021;35011;35 Weixdorf;06 StB Klotzsche und nördliche OS;StB 3 Klotzsche/nördliche Ortschaften;Wahlbezirk_Brief;0;0;948;948;945;186;168;79;122;171;0;141;4;74;3
2021;35012;35 Weixdorf;06 StB Klotzsche und nördliche OS;StB 3 Klotzsche/nördliche Ortschaften;Wahlbezirk_Brief;0;0;651;651;651;118;116;62;93;104;0;93;5;60;0
2021;35110;35 Weixdorf;06 StB Klotzsche und nördliche OS;StB 3 Klotzsche/nördliche Ortschaften;Wahlbezirk_Urne;1256;553;580;6;571;97;106;46;58;90;1;129;3;41;9
2021;35310;35 Weixdorf;06 StB Klotzsche und nördliche OS;StB 3 Klotzsche/nördliche Ortschaften;Wahlbezirk_Urne;1088;343;614;3;611;121;81;41;57;101;0;166;2;42;3
2021;35410;35 Weixdorf;06 StB Klotzsche und nördliche OS;StB 3 Klotzsche/nördliche Ortschaften;Wahlbezirk_Urne;1194;421;637;6;632;86;100;35;57;85;1;208;3;57;5
2021;35510;35 Weixdorf;06 StB Klotzsche und nördliche OS;StB 3 Klotzsche/nördliche Ortschaften;Wahlbezirk_Urne;953;306;489;1;483;100;64;25;32;47;0;158;6;51;6
2021;35610;35 Weixdorf;06 StB Klotzsche und nördliche OS;StB 3 Klotzsche/nördliche Ortschaften;Wahlbezirk_Urne;204;33;138;0;136;12;32;6;9;14;1;53;1;8;2
2021;36010;36 Langebrück/Schönborn;06 StB Klotzsche und nördliche OS;StB 3 Klotzsche/nördliche Ortschaften;Wahlbezirk_Brief;0;0;1192;1192;1189;187;243;100;231;173;1;160;6;88;3
2021;36110;36 Langebrück/Schönborn;06 StB Klotzsche und nördliche OS;StB 3 Klotzsche/nördliche Ortschaften;Wahlbezirk_Urne;952;284;537;5;534;84;68;26;63;94;1;155;1;42;3
2021;36210;36 Langebrück/Schönborn;06 StB Klotzsche und nördliche OS;StB 3 Klotzsche/nördliche Ortschaften;Wahlbezirk_Urne;1269;485;611;3;607;87;108;36;94;103;1;133;1;44;4
2021;36310;36 Langebrück/Schönborn;06 StB Klotzsche und nördliche OS;StB 3 Klotzsche/nördliche Ortschaften;Wahlbezirk_Urne;788;381;348;1;344;57;68;23;38;43;0;94;1;20;4
2021;36410;36 Langebrück/Schönborn;06 StB Klotzsche und nördliche OS;StB 3 Klotzsche/nördliche Ortschaften;Wahlbezirk_Urne;390;87;274;1;272;38;40;7;30;43;1;84;1;28;2
2021;41001;41 Loschwitz/Wachwitz;07 StB Loschwitz und OS Schönfeld-Weißig;StB 4 Loschwitz/OS Schönfeld-Weißig;Wahlbezirk_Brief;0;0;1031;1031;1024;203;189;74;240;172;0;70;6;70;7
2021;41002;41 Loschwitz/Wachwitz;07 StB Loschwitz und OS Schönfeld-Weißig;StB 4 Loschwitz/OS Schönfeld-Weißig;Wahlbezirk_Brief;0;0;1007;1007;999;204;182;82;171;180;0;91;5;84;8
2021;41100;41 Loschwitz/Wachwitz;07 StB Loschwitz und OS Schönfeld-Weißig;StB 4 Loschwitz/OS Schönfeld-Weißig;Wahlbezirk_Urne;1345;595;630;8;627;110;107;51;106;103;0;104;2;44;3
2021;41200;41 Loschwitz/Wachwitz;07 StB Loschwitz und OS Schönfeld-Weißig;StB 4 Loschwitz/OS Schönfeld-Weißig;Wahlbezirk_Urne;1193;485;594;8;588;108;110;47;90;98;0;98;1;36;6
2021;41300;41 Loschwitz/Wachwitz;07 StB Loschwitz und OS Schönfeld-Weißig;StB 4 Loschwitz/OS Schönfeld-Weißig;Wahlbezirk_Urne;1016;512;421;3;421;65;60;17;83;90;1;73;0;32;0
2021;41400;41 Loschwitz/Wachwitz;07 StB Loschwitz und OS Schönfeld-Weißig;StB 4 Loschwitz/OS Schönfeld-Weißig;Wahlbezirk_Urne;1092;539;436;7;435;63;48;34;64;79;0;99;2;46;1
2021;42001;42 Bühlau/Weißer Hirsch;07 StB Loschwitz und OS Schönfeld-Weißig;StB 4 Loschwitz/OS Schönfeld-Weißig;Wahlbezirk_Brief;0;0;882;882;879;161;175;65;223;127;0;53;7;68;3
2021;42002;42 Bühlau/Weißer Hirsch;07 StB Loschwitz und OS Schönfeld-Weißig;StB 4 Loschwitz/OS Schönfeld-Weißig;Wahlbezirk_Brief;0;0;922;922;916;175;166;73;190;157;0;81;3;71;6
2021;42003;42 Bühlau/Weißer Hirsch;07 StB Loschwitz und OS Schönfeld-Weißig;StB 4 Loschwitz/OS Schönfeld-Weißig;Wahlbezirk_Brief;0;0;856;856;853;197;185;87;144;109;0;62;5;64;3
2021;42004;42 Bühlau/Weißer Hirsch;07 StB Loschwitz und OS Schönfeld-Weißig;StB 4 Loschwitz/OS Schönfeld-Weißig;Wahlbezirk_Brief;0;0;978;978;976;198;189;94;198;138;0;77;4;78;2
2021;42100;42 Bühlau/Weißer Hirsch;07 StB Loschwitz und OS Schönfeld-Weißig;StB 4 Loschwitz/OS Schönfeld-Weißig;Wahlbezirk_Urne;1490;663;695;9;694;117;99;63;138;98;0;114;4;61;1
2021;42200;42 Bühlau/Weißer Hirsch;07 StB Loschwitz und OS Schönfeld-Weißig;StB 4 Loschwitz/OS Schönfeld-Weißig;Wahlbezirk_Urne;1451;684;648;11;640;113;101;42;126;91;0;116;1;50;8
2021;42400;42 Bühlau/Weißer Hirsch;07 StB Loschwitz und OS Schönfeld-Weißig;StB 4 Loschwitz/OS Schönfeld-Weißig;Wahlbezirk_Urne;1232;555;485;2;482;88;73;39;83;60;1;88;2;48;3
2021;42500;42 Bühlau/Weißer Hirsch;07 StB Loschwitz und OS Schönfeld-Weißig;StB 4 Loschwitz/OS Schönfeld-Weißig;Wahlbezirk_Urne;1173;459;608;4;604;106;100;60;77;82;0;129;3;47;4
2021;42600;42 Bühlau/Weißer Hirsch;07 StB Loschwitz und OS Schönfeld-Weißig;StB 4 Loschwitz/OS Schönfeld-Weißig;Wahlbezirk_Urne;1018;438;480;4;475;99;73;30;85;70;0;87;0;31;5
2021;42700;42 Bühlau/Weißer Hirsch;07 StB Loschwitz und OS Schönfeld-Weißig;StB 4 Loschwitz/OS Schönfeld-Weißig;Wahlbezirk_Urne;1137;448;557;11;553;96;85;46;59;78;1;142;2;44;4
2021;42800;42 Bühlau/Weißer Hirsch;07 StB Loschwitz und OS Schönfeld-Weißig;StB 4 Loschwitz/OS Schönfeld-Weißig;Wahlbezirk_Urne;732;274;409;2;406;92;66;27;54;51;2;72;2;40;3
2021;42900;42 Bühlau/Weißer Hirsch;07 StB Loschwitz und OS Schönfeld-Weißig;StB 4 Loschwitz/OS Schönfeld-Weißig;Wahlbezirk_Urne;674;262;339;4;337;66;49;28;48;51;0;62;1;32;2
2021;43000;43 Hosterwitz/Pillnitz;07 StB Loschwitz und OS Schönfeld-Weißig;StB 4 Loschwitz/OS Schönfeld-Weißig;Wahlbezirk_Brief;0;0;1043;1043;1039;173;184;122;202;151;3;111;4;89;4
2021;43100;43 Hosterwitz/Pillnitz;07 StB Loschwitz und OS Schönfeld-Weißig;StB 4 Loschwitz/OS Schönfeld-Weißig;Wahlbezirk_Urne;506;182;260;2;260;27;40;22;39;33;0;81;3;15;0
2021;43200;43 Hosterwitz/Pillnitz;07 StB Loschwitz und OS Schönfeld-Weißig;StB 4 Loschwitz/OS Schönfeld-Weißig;Wahlbezirk_Urne;807;327;352;0;347;43;64;35;43;47;0;80;2;33;5
2021;43300;43 Hosterwitz/Pillnitz;07 StB Loschwitz und OS Schönfeld-Weißig;StB 4 Loschwitz/OS Schönfeld-Weißig;Wahlbezirk_Urne;1418;585;686;8;682;108;113;50;72;78;1;189;7;64;4
2021;45011;45 Weißig;07 StB Loschwitz und OS Schönfeld-Weißig;StB 4 Loschwitz/OS Schönfeld-Weißig;Wahlbezirk_Brief;0;0;554;554;552;128;106;43;49;90;0;91;8;37;2
2021;45012;45 Weißig;07 StB Loschwitz und OS Schönfeld-Weißig;StB 4 Loschwitz/OS Schönfeld-Weißig;Wahlbezirk_Brief;0;0;732;732;728;187;131;52;94;110;1;98;1;54;4
2021;45110;45 Weißig;07 StB Loschwitz und OS Schönfeld-Weißig;StB 4 Loschwitz/OS Schönfeld-Weißig;Wahlbezirk_Urne;1004;290;601;5;593;129;102;48;41;87;0;133;1;52;8
2021;45210;45 Weißig;07 StB Loschwitz und OS Schönfeld-Weißig;StB 4 Loschwitz/OS Schönfeld-Weißig;Wahlbezirk_Urne;1023;314;486;0;479;69;88;30;28;66;0;139;4;55;7
2021;45310;45 Weißig;07 StB Loschwitz und OS Schönfeld-Weißig;StB 4 Loschwitz/OS Schönfeld-Weißig;Wahlbezirk_Urne;1096;265;545;1;537;73;100;39;45;66;1;135;5;73;8
2021;45410;45 Weißig;07 StB Loschwitz und OS Schönfeld-Weißig;StB 4 Loschwitz/OS Schönfeld-Weißig;Wahlbezirk_Urne;800;241;457;3;453;78;79;25;40;69;2;123;1;36;4
2021;45510;45 Weißig;07 StB Loschwitz und OS Schönfeld-Weißig;StB 4 Loschwitz/OS Schönfeld-Weißig;Wahlbezirk_Urne;604;237;274;1;274;49;48;16;34;30;1;69;3;24;0
2021;46010;46 Gönnsdorf/Pappritz;07 StB Loschwitz und OS Schönfeld-Weißig;StB 4 Loschwitz/OS Schönfeld-Weißig;Wahlbezirk_Brief;0;0;1068;1068;1065;247;192;81;149;189;1;140;2;64;3
2021;46110;46 Gönnsdorf/Pappritz;07 StB Loschwitz und OS Schönfeld-Weißig;StB 4 Loschwitz/OS Schönfeld-Weißig;Wahlbezirk_Urne;836;304;455;5;453;111;72;24;53;82;1;84;1;25;2
2021;46210;46 Gönnsdorf/Pappritz;07 StB Loschwitz und OS Schönfeld-Weißig;StB 4 Loschwitz/OS Schönfeld-Weißig;Wahlbezirk_Urne;842;294;465;0;459;96;64;29;43;80;0;119;1;27;6
2021;46310;46 Gönnsdorf/Pappritz;07 StB Loschwitz und OS Schönfeld-Weißig;StB 4 Loschwitz/OS Schönfeld-Weißig;Wahlbezirk_Urne;704;279;343;2;341;65;68;20;38;43;0;73;1;33;2
2021;46410;46 Gönnsdorf/Pappritz;07 StB Loschwitz und OS Schönfeld-Weißig;StB 4 Loschwitz/OS Schönfeld-Weißig;Wahlbezirk_Urne;744;229;419;2;415;69;46;22;26;59;1;149;1;42;4
2021;47010;47 Schönfeld/Schullwitz;07 StB Loschwitz und OS Schönfeld-Weißig;StB 4 Loschwitz/OS Schönfeld-Weißig;Wahlbezirk_Brief;0;0;817;817;814;166;103;64;83;151;1;152;1;93;3
2021;47110;47 Schönfeld/Schullwitz;07 StB Loschwitz und OS Schönfeld-Weißig;StB 4 Loschwitz/OS Schönfeld-Weißig;Wahlbezirk_Urne;982;292;548;4;543;107;69;34;36;83;0;152;2;60;5
2021;47210;47 Schönfeld/Schullwitz;07 StB Loschwitz und OS Schönfeld-Weißig;StB 4 Loschwitz/OS Schönfeld-Weißig;Wahlbezirk_Urne;1100;349;578;0;571;92;60;30;36;83;0;226;0;44;7
2021;47310;47 Schönfeld/Schullwitz;07 StB Loschwitz und OS Schönfeld-Weißig;StB 4 Loschwitz/OS Schönfeld-Weißig;Wahlbezirk_Urne;573;206;296;1;294;45;33;7;27;39;1;99;2;41;2
2021;51001;51 Blasewitz;08 Blasewitz, Striesen;StB 5 Blasewitz;Wahlbezirk_Brief;0;0;677;677;675;178;129;53;140;92;0;40;3;40;2
2021;51002;51 Blasewitz;08 Blasewitz, Striesen;StB 5 Blasewitz;Wahlbezirk_Brief;0;0;627;627;624;127;106;55;141;93;0;60;1;41;3
2021;51003;51 Blasewitz;08 Blasewitz, Striesen;StB 5 Blasewitz;Wahlbezirk_Brief;0;0;1136;1136;1129;196;220;116;246;138;2;98;8;105;7
2021;51004;51 Blasewitz;08 Blasewitz, Striesen;StB 5 Blasewitz;Wahlbezirk_Brief;0;0;1006;1006;1003;184;205;75;263;133;0;61;8;74;3
2021;51100;51 Blasewitz;08 Blasewitz, Striesen;StB 5 Blasewitz;Wahlbezirk_Urne;1350;649;579;6;578;127;115;30;91;83;0;98;3;31;1
2021;51200;51 Blasewitz;08 Blasewitz, Striesen;StB 5 Blasewitz;Wahlbezirk_Urne;1623;712;663;11;657;146;105;53;103;94;1;95;9;51;6
2021;51400;51 Blasewitz;08 Blasewitz, Striesen;StB 5 Blasewitz;Wahlbezirk_Urne;1115;480;513;1;509;101;86;31;95;87;0;75;2;32;4
2021;51500;51 Blasewitz;08 Blasewitz, Striesen;StB 5 Blasewitz;Wahlbezirk_Urne;1259;551;563;9;560;72;99;64;118;67;0;83;3;54;3
2021;51600;51 Blasewitz;08 Blasewitz, Striesen;StB 5 Blasewitz;Wahlbezirk_Urne;1187;492;596;1;595;111;104;51;98;83;1;92;2;53;1
2021;51700;51 Blasewitz;08 Blasewitz, Striesen;StB 5 Blasewitz;Wahlbezirk_Urne;1468;685;570;9;565;75;102;53;117;63;0;85;7;63;5
2021;52001;52 Striesen-Ost;08 Blasewitz, Striesen;StB 5 Blasewitz;Wahlbezirk_Brief;0;0;796;796;792;125;142;71;266;92;0;34;8;54;4
2021;52002;52 Striesen-Ost;08 Blasewitz, Striesen;StB 5 Blasewitz;Wahlbezirk_Brief;0;0;678;678;675;101;140;64;210;66;0;36;5;53;3
2021;52003;52 Striesen-Ost;08 Blasewitz, Striesen;StB 5 Blasewitz;Wahlbezirk_Brief;0;0;1002;1002;1000;141;190;79;303;125;1;72;2;87;2
2021;52004;52 Striesen-Ost;08 Blasewitz, Striesen;StB 5 Blasewitz;Wahlbezirk_Brief;0;0;1043;1043;1038;129;212;103;263;156;0;56;8;111;5
2021;52005;52 Striesen-Ost;08 Blasewitz, Striesen;StB 5 Blasewitz;Wahlbezirk_Brief;0;0;599;599;596;84;122;60;184;64;0;27;4;51;3
2021;52006;52 Striesen-Ost;08 Blasewitz, Striesen;StB 5 Blasewitz;Wahlbezirk_Brief;0;0;1046;1046;1042;149;211;88;260;144;1;88;7;94;4
2021;52100;52 Striesen-Ost;08 Blasewitz, Striesen;StB 5 Blasewitz;Wahlbezirk_Urne;1148;592;469;8;464;70;81;43;120;71;0;46;0;33;5
2021;52200;52 Striesen-Ost;08 Blasewitz, Striesen;StB 5 Blasewitz;Wahlbezirk_Urne;1309;617;582;4;579;85;87;58;135;82;2;80;2;48;3
2021;52300;52 Striesen-Ost;08 Blasewitz, Striesen;StB 5 Blasewitz;Wahlbezirk_Urne;1483;816;548;10;543;56;96;60;130;70;0;75;1;55;5
2021;52400;52 Striesen-Ost;08 Blasewitz, Striesen;StB 5 Blasewitz;Wahlbezirk_Urne;1417;706;603;2;601;92;118;28;132;92;1;75;7;56;2
2021;52501;52 Striesen-Ost;08 Blasewitz, Striesen;StB 5 Blasewitz;Wahlbezirk_Urne;1396;650;599;4;594;86;103;51;134;76;1;82;3;58;5
2021;52502;52 Striesen-Ost;08 Blasewitz, Striesen;StB 5 Blasewitz;Wahlbezirk_Urne;1107;509;473;7;470;53;62;29;113;66;0;88;7;52;3
2021;52600;52 Striesen-Ost;08 Blasewitz, Striesen;StB 5 Blasewitz;Wahlbezirk_Urne;968;445;455;5;454;58;72;37;105;51;0;96;1;34;1
2021;52701;52 Striesen-Ost;08 Blasewitz, Striesen;StB 5 Blasewitz;Wahlbezirk_Urne;1154;427;475;3;472;59;100;50;82;61;0;80;1;39;3
2021;52702;52 Striesen-Ost;08 Blasewitz, Striesen;StB 5 Blasewitz;Wahlbezirk_Urne;1382;580;566;7;560;89;90;46;65;83;1;139;6;41;6
2021;53001;53 Striesen-Süd;08 Blasewitz, Striesen;StB 5 Blasewitz;Wahlbezirk_Brief;0;0;738;738;729;90;168;82;122;95;2;85;7;78;9
2021;53002;53 Striesen-Süd;08 Blasewitz, Striesen;StB 5 Blasewitz;Wahlbezirk_Brief;0;0;723;723;722;135;177;62;129;102;0;66;3;48;1
2021;53003;53 Striesen-Süd;08 Blasewitz, Striesen;StB 5 Blasewitz;Wahlbezirk_Brief;0;0;612;612;608;94;121;70;121;88;0;56;6;52;4
2021;53004;53 Striesen-Süd;08 Blasewitz, Striesen;StB 5 Blasewitz;Wahlbezirk_Brief;0;0;880;880;880;124;192;91;243;96;0;60;2;72;0
2021;53005;53 Striesen-Süd;08 Blasewitz, Striesen;StB 5 Blasewitz;Wahlbezirk_Brief;0;0;959;959;950;158;230;121;142;106;2;82;9;100;9
2021;53100;53 Striesen-Süd;08 Blasewitz, Striesen;StB 5 Blasewitz;Wahlbezirk_Urne;1065;536;446;0;442;64;85;31;96;64;0;71;1;30;4
2021;53200;53 Striesen-Süd;08 Blasewitz, Striesen;StB 5 Blasewitz;Wahlbezirk_Urne;954;380;398;9;392;26;71;56;86;37;1;81;0;34;6
2021;53300;53 Striesen-Süd;08 Blasewitz, Striesen;StB 5 Blasewitz;Wahlbezirk_Urne;1807;769;627;7;620;82;111;86;96;62;0;140;9;34;7
2021;53400;53 Striesen-Süd;08 Blasewitz, Striesen;StB 5 Blasewitz;Wahlbezirk_Urne;1364;522;631;5;619;107;122;59;44;63;2;162;3;57;12
2021;53600;53 Striesen-Süd;08 Blasewitz, Striesen;StB 5 Blasewitz;Wahlbezirk_Urne;1562;751;590;7;580;108;111;41;85;65;0;123;4;43;10
2021;53700;53 Striesen-Süd;08 Blasewitz, Striesen;StB 5 Blasewitz;Wahlbezirk_Urne;1173;479;446;8;439;52;78;30;62;64;1;103;4;45;7
2021;53800;53 Striesen-Süd;08 Blasewitz, Striesen;StB 5 Blasewitz;Wahlbezirk_Urne;1467;639;560;0;557;57;110;64;93;65;0;101;6;61;3
2021;54001;54 Striesen-West;08 Blasewitz, Striesen;StB 5 Blasewitz;Wahlbezirk_Brief;0;0;709;709;705;129;186;61;111;87;1;74;6;50;4
2021;54002;54 Striesen-West;08 Blasewitz, Striesen;StB 5 Blasewitz;Wahlbezirk_Brief;0;0;634;634;631;82;137;66;131;74;0;75;3;63;3
2021;54003;54 Striesen-West;08 Blasewitz, Striesen;StB 5 Blasewitz;Wahlbezirk_Brief;0;0;1095;1095;1087;145;192;121;270;142;0;92;14;111;8
2021;54004;54 Striesen-West;08 Blasewitz, Striesen;StB 5 Blasewitz;Wahlbezirk_Brief;0;0;680;680;671;116;127;54;154;88;0;69;8;55;9
2021;54005;54 Striesen-West;08 Blasewitz, Striesen;StB 5 Blasewitz;Wahlbezirk_Brief;0;0;653;653;653;127;119;65;104;113;0;74;2;49;0
2021;54006;54 Striesen-West;08 Blasewitz, Striesen;StB 5 Blasewitz;Wahlbezirk_Brief;0;0;820;820;817;121;188;78;185;111;1;61;0;72;3
2021;54100;54 Striesen-West;08 Blasewitz, Striesen;StB 5 Blasewitz;Wahlbezirk_Urne;1658;853;589;2;582;89;125;57;100;76;0;87;4;44;7
2021;54200;54 Striesen-West;08 Blasewitz, Striesen;StB 5 Blasewitz;Wahlbezirk_Urne;1234;541;509;5;506;70;81;68;119;54;3;59;4;48;3
2021;54300;54 Striesen-West;08 Blasewitz, Striesen;StB 5 Blasewitz;Wahlbezirk_Urne;1331;597;493;3;490;82;94;46;40;58;0;111;11;48;3
2021;54400;54 Striesen-West;08 Blasewitz, Striesen;StB 5 Blasewitz;Wahlbezirk_Urne;1452;727;505;4;503;96;90;43;51;74;0;109;3;37;2
2021;54501;54 Striesen-West;08 Blasewitz, Striesen;StB 5 Blasewitz;Wahlbezirk_Urne;1460;671;613;0;610;128;100;66;66;66;0;127;3;54;3
2021;54502;54 Striesen-West;08 Blasewitz, Striesen;StB 5 Blasewitz;Wahlbezirk_Urne;1574;700;663;4;660;121;105;49;99;96;0;133;6;51;3
2021;54600;54 Striesen-West;08 Blasewitz, Striesen;StB 5 Blasewitz;Wahlbezirk_Urne;1554;660;632;5;624;86;115;68;102;56;3;120;4;70;8
2021;55001;55 Tolkewitz/Seidnitz-Nord;09 Tolkewitz, Seidnitz, Gruna;StB 5 Blasewitz;Wahlbezirk_Brief;0;0;686;686;684;125;130;93;92;67;2;111;9;55;2
2021;55002;55 Tolkewitz/Seidnitz-Nord;09 Tolkewitz, Seidnitz, Gruna;StB 5 Blasewitz;Wahlbezirk_Brief;0;0;948;948;941;189;202;90;107;141;0;108;12;92;7
2021;55003;55 Tolkewitz/Seidnitz-Nord;09 Tolkewitz, Seidnitz, Gruna;StB 5 Blasewitz;Wahlbezirk_Brief;0;0;769;769;767;110;215;77;102;75;1;102;7;78;2
2021;55004;55 Tolkewitz/Seidnitz-Nord;09 Tolkewitz, Seidnitz, Gruna;StB 5 Blasewitz;Wahlbezirk_Brief;0;0;520;520;518;71;107;68;64;75;1;80;5;47;2
2021;55101;55 Tolkewitz/Seidnitz-Nord;09 Tolkewitz, Seidnitz, Gruna;StB 5 Blasewitz;Wahlbezirk_Urne;1223;445;567;4;562;85;84;52;68;78;1;136;6;52;5
2021;55102;55 Tolkewitz/Seidnitz-Nord;09 Tolkewitz, Seidnitz, Gruna;StB 5 Blasewitz;Wahlbezirk_Urne;1107;418;539;2;536;42;82;60;75;85;0;136;1;55;3
2021;55200;55 Tolkewitz/Seidnitz-Nord;09 Tolkewitz, Seidnitz, Gruna;StB 5 Blasewitz;Wahlbezirk_Urne;1022;344;492;7;487;68;89;51;42;37;2;148;1;49;5
2021;55300;55 Tolkewitz/Seidnitz-Nord;09 Tolkewitz, Seidnitz, Gruna;StB 5 Blasewitz;Wahlbezirk_Urne;1533;574;660;2;648;107;111;46;48;86;4;188;3;55;12
2021;55400;55 Tolkewitz/Seidnitz-Nord;09 Tolkewitz, Seidnitz, Gruna;StB 5 Blasewitz;Wahlbezirk_Urne;1001;271;427;1;422;61;78;31;18;44;2;153;4;31;5
2021;55600;55 Tolkewitz/Seidnitz-Nord;09 Tolkewitz, Seidnitz, Gruna;StB 5 Blasewitz;Wahlbezirk_Urne;1592;560;633;7;624;79;93;64;55;79;1;182;6;65;9
2021;55800;55 Tolkewitz/Seidnitz-Nord;09 Tolkewitz, Seidnitz, Gruna;StB 5 Blasewitz;Wahlbezirk_Urne;1418;482;624;2;620;93;110;69;55;69;2;167;5;50;4
2021;56001;56 Seidnitz/Dobritz;09 Tolkewitz, Seidnitz, Gruna;StB 5 Blasewitz;Wahlbezirk_Brief;0;0;1053;1053;1045;166;187;121;154;148;1;138;5;125;8
2021;56002;56 Seidnitz/Dobritz;09 Tolkewitz, Seidnitz, Gruna;StB 5 Blasewitz;Wahlbezirk_Brief;0;0;778;778;774;136;184;91;86;84;0;122;5;66;4
2021;56003;56 Seidnitz/Dobritz;09 Tolkewitz, Seidnitz, Gruna;StB 5 Blasewitz;Wahlbezirk_Brief;0;0;854;854;850;144;159;91;95;125;3;122;14;97;4
2021;56004;56 Seidnitz/Dobritz;09 Tolkewitz, Seidnitz, Gruna;StB 5 Blasewitz;Wahlbezirk_Brief;0;0;751;751;744;127;181;86;60;82;1;117;9;81;7
2021;56100;56 Seidnitz/Dobritz;09 Tolkewitz, Seidnitz, Gruna;StB 5 Blasewitz;Wahlbezirk_Urne;1565;621;618;2;611;60;123;44;61;79;3;175;4;62;7
2021;56200;56 Seidnitz/Dobritz;09 Tolkewitz, Seidnitz, Gruna;StB 5 Blasewitz;Wahlbezirk_Urne;794;192;345;1;336;41;53;27;15;33;3;127;4;33;9
2021;56300;56 Seidnitz/Dobritz;09 Tolkewitz, Seidnitz, Gruna;StB 5 Blasewitz;Wahlbezirk_Urne;1292;386;614;6;611;92;108;55;35;72;0;191;4;54;3
2021;56401;56 Seidnitz/Dobritz;09 Tolkewitz, Seidnitz, Gruna;StB 5 Blasewitz;Wahlbezirk_Urne;715;284;298;1;297;44;43;26;35;40;0;76;4;29;1
2021;56402;56 Seidnitz/Dobritz;09 Tolkewitz, Seidnitz, Gruna;StB 5 Blasewitz;Wahlbezirk_Urne;1540;508;724;3;715;119;137;64;44;89;3;201;3;55;9
2021;56501;56 Seidnitz/Dobritz;09 Tolkewitz, Seidnitz, Gruna;StB 5 Blasewitz;Wahlbezirk_Urne;1002;307;467;1;463;76;72;58;33;52;3;130;0;39;4
2021;56502;56 Seidnitz/Dobritz;09 Tolkewitz, Seidnitz, Gruna;StB 5 Blasewitz;Wahlbezirk_Urne;909;275;455;2;450;79;90;37;24;51;1;126;3;39;5
2021;56600;56 Seidnitz/Dobritz;09 Tolkewitz, Seidnitz, Gruna;StB 5 Blasewitz;Wahlbezirk_Urne;1343;483;492;6;483;79;70;39;36;57;0;158;3;41;9
2021;56800;56 Seidnitz/Dobritz;09 Tolkewitz, Seidnitz, Gruna;StB 5 Blasewitz;Wahlbezirk_Urne;791;238;410;0;401;55;87;41;26;35;0;116;3;38;9
2021;56900;56 Seidnitz/Dobritz;09 Tolkewitz, Seidnitz, Gruna;StB 5 Blasewitz;Wahlbezirk_Urne;960;297;448;0;443;68;84;68;33;41;2;104;7;36;5
2021;57001;57 Gruna;09 Tolkewitz, Seidnitz, Gruna;StB 5 Blasewitz;Wahlbezirk_Brief;0;0;812;812;810;145;181;98;115;99;1;85;3;83;2
2021;57002;57 Gruna;09 Tolkewitz, Seidnitz, Gruna;StB 5 Blasewitz;Wahlbezirk_Brief;0;0;901;901;894;186;210;106;108;117;1;100;5;61;7
2021;57003;57 Gruna;09 Tolkewitz, Seidnitz, Gruna;StB 5 Blasewitz;Wahlbezirk_Brief;0;0;605;605;602;53;109;75;168;63;0;65;8;61;3
2021;57004;57 Gruna;09 Tolkewitz, Seidnitz, Gruna;StB 5 Blasewitz;Wahlbezirk_Brief;0;0;927;927;927;131;225;115;140;103;1;110;9;93;0
2021;57005;57 Gruna;09 Tolkewitz, Seidnitz, Gruna;StB 5 Blasewitz;Wahlbezirk_Brief;0;0;873;873;868;139;208;114;111;111;0;106;2;77;5
2021;57100;57 Gruna;09 Tolkewitz, Seidnitz, Gruna;StB 5 Blasewitz;Wahlbezirk_Urne;1032;424;450;4;445;66;64;52;64;58;1;105;0;35;5
2021;57200;57 Gruna;09 Tolkewitz, Seidnitz, Gruna;StB 5 Blasewitz;Wahlbezirk_Urne;1532;623;644;3;641;49;120;93;92;74;0;140;8;65;3
2021;57301;57 Gruna;09 Tolkewitz, Seidnitz, Gruna;StB 5 Blasewitz;Wahlbezirk_Urne;860;303;434;3;428;76;71;46;34;42;0;113;3;43;6
2021;57302;57 Gruna;09 Tolkewitz, Seidnitz, Gruna;StB 5 Blasewitz;Wahlbezirk_Urne;762;320;366;4;357;60;70;38;32;45;1;72;4;35;9
2021;57400;57 Gruna;09 Tolkewitz, Seidnitz, Gruna;StB 5 Blasewitz;Wahlbezirk_Urne;1176;479;517;5;514;73;94;44;41;53;0;148;1;60;3
2021;57500;57 Gruna;09 Tolkewitz, Seidnitz, Gruna;StB 5 Blasewitz;Wahlbezirk_Urne;1444;540;524;1;516;71;92;84;23;53;0;131;8;54;8
2021;57600;57 Gruna;09 Tolkewitz, Seidnitz, Gruna;StB 5 Blasewitz;Wahlbezirk_Urne;1370;524;548;0;543;67;96;53;50;64;2;157;2;52;5
2021;57700;57 Gruna;09 Tolkewitz, Seidnitz, Gruna;StB 5 Blasewitz;Wahlbezirk_Urne;901;417;347;2;345;47;45;50;47;34;0;82;2;38;2
2021;57800;57 Gruna;09 Tolkewitz, Seidnitz, Gruna;StB 5 Blasewitz;Wahlbezirk_Urne;1348;622;524;2;518;115;97;39;44;66;0;118;3;36;6
2021;61001;61 Leuben;10 StB Leuben;StB 6 Leuben;Wahlbezirk_Brief;0;0;674;674;668;108;169;86;50;71;2;106;6;70;6
2021;61002;61 Leuben;10 StB Leuben;StB 6 Leuben;Wahlbezirk_Brief;0;0;828;828;819;136;173;71;118;92;2;133;11;83;9
2021;61003;61 Leuben;10 StB Leuben;StB 6 Leuben;Wahlbezirk_Brief;0;0;866;866;861;139;207;117;55;93;4;150;6;90;5
2021;61100;61 Leuben;10 StB Leuben;StB 6 Leuben;Wahlbezirk_Urne;1042;245;499;3;475;81;93;53;34;40;2;116;4;52;24
2021;61200;61 Leuben;10 StB Leuben;StB 6 Leuben;Wahlbezirk_Urne;1127;338;559;2;558;88;87;27;52;71;0;167;7;59;1
2021;61300;61 Leuben;10 StB Leuben;StB 6 Leuben;Wahlbezirk_Urne;1542;392;730;2;714;122;152;65;41;71;1;199;3;60;16
2021;61400;61 Leuben;10 StB Leuben;StB 6 Leuben;Wahlbezirk_Urne;1122;296;520;2;506;61;69;39;42;50;3;176;4;62;14
2021;61500;61 Leuben;10 StB Leuben;StB 6 Leuben;Wahlbezirk_Urne;1215;323;553;1;544;85;101;51;36;51;1;168;3;48;9
2021;61600;61 Leuben;10 StB Leuben;StB 6 Leuben;Wahlbezirk_Urne;968;253;452;3;448;57;92;58;30;31;2;119;8;51;4
2021;61700;61 Leuben;10 StB Leuben;StB 6 Leuben;Wahlbezirk_Urne;990;185;441;1;429;68;82;51;17;26;2;143;4;36;12
2021;61800;61 Leuben;10 StB Leuben;StB 6 Leuben;Wahlbezirk_Urne;1769;485;624;1;618;77;76;71;31;58;2;239;4;60;6
2021;62001;62 Laubegast;10 StB Leuben;StB 6 Leuben;Wahlbezirk_Brief;0;0;914;914;909;148;198;88;128;127;0;110;4;106;5
2021;62002;62 Laubegast;10 StB Leuben;StB 6 Leuben;Wahlbezirk_Brief;0;0;706;706;705;98;159;72;106;103;2;105;5;55;1
2021;62003;62 Laubegast;10 StB Leuben;StB 6 Leuben;Wahlbezirk_Brief;0;0;681;681;678;109;136;72;138;79;1;69;5;69;3
2021;62004;62 Laubegast;10 StB Leuben;StB 6 Leuben;Wahlbezirk_Brief;0;0;1026;1026;1024;182;228;108;97;171;3;135;1;99;2
2021;62101;62 Laubegast;10 StB Leuben;StB 6 Leuben;Wahlbezirk_Urne;797;244;420;1;416;71;66;32;40;64;0;102;1;40;4
2021;62102;62 Laubegast;10 StB Leuben;StB 6 Leuben;Wahlbezirk_Urne;864;289;438;1;436;46;72;30;52;74;0;120;2;40;2
2021;62200;62 Laubegast;10 StB Leuben;StB 6 Leuben;Wahlbezirk_Urne;1127;361;562;0;553;106;102;40;40;48;2;174;4;37;9
2021;62301;62 Laubegast;10 StB Leuben;StB 6 Leuben;Wahlbezirk_Urne;912;301;418;2;416;53;74;49;30;39;2;132;1;36;2
2021;62302;62 Laubegast;10 StB Leuben;StB 6 Leuben;Wahlbezirk_Urne;1036;407;453;2;450;97;83;30;26;58;0;115;2;39;3
2021;62400;62 Laubegast;10 StB Leuben;StB 6 Leuben;Wahlbezirk_Urne;1362;472;692;4;688;98;91;65;112;84;3;168;3;64;4
2021;62501;62 Laubegast;10 StB Leuben;StB 6 Leuben;Wahlbezirk_Urne;1233;428;600;3;599;85;115;36;48;85;2;170;5;53;1
2021;62502;62 Laubegast;10 StB Leuben;StB 6 Leuben;Wahlbezirk_Urne;1182;441;554;1;543;85;78;43;26;73;1;193;5;39;11
2021;62600;62 Laubegast;10 StB Leuben;StB 6 Leuben;Wahlbezirk_Urne;1468;523;724;2;718;106;117;60;49;75;2;259;2;48;6
2021;63001;63 Kleinzschachwitz;10 StB Leuben;StB 6 Leuben;Wahlbezirk_Brief;0;0;753;753;748;153;142;61;135;107;0;90;2;58;5
2021;63002;63 Kleinzschachwitz;10 StB Leuben;StB 6 Leuben;Wahlbezirk_Brief;0;0;686;686;681;146;133;64;73;114;2;79;2;68;5
2021;63003;63 Kleinzschachwitz;10 StB Leuben;StB 6 Leuben;Wahlbezirk_Brief;0;0;935;935;931;232;188;76;116;146;0;117;1;55;4
2021;63101;63 Kleinzschachwitz;10 StB Leuben;StB 6 Leuben;Wahlbezirk_Urne;800;296;401;0;401;73;75;27;41;56;1;103;2;23;0
2021;63102;63 Kleinzschachwitz;10 StB Leuben;StB 6 Leuben;Wahlbezirk_Urne;959;366;434;4;429;63;74;26;47;54;0;129;2;34;5
2021;63200;63 Kleinzschachwitz;10 StB Leuben;StB 6 Leuben;Wahlbezirk_Urne;1127;381;605;1;599;112;110;48;69;70;0;141;3;46;6
2021;63301;63 Kleinzschachwitz;10 StB Leuben;StB 6 Leuben;Wahlbezirk_Urne;1154;394;611;2;606;119;84;41;48;67;1;196;3;47;5
2021;63302;63 Kleinzschachwitz;10 StB Leuben;StB 6 Leuben;Wahlbezirk_Urne;890;258;521;6;515;101;52;30;46;85;2;151;5;43;6
2021;63401;63 Kleinzschachwitz;10 StB Leuben;StB 6 Leuben;Wahlbezirk_Urne;936;412;401;4;395;73;59;27;33;62;0;116;2;23;6
2021;63402;63 Kleinzschachwitz;10 StB Leuben;StB 6 Leuben;Wahlbezirk_Urne;1045;343;572;1;571;117;83;28;38;75;1;186;0;43;1
2021;64001;64 Großzschachwitz;10 StB Leuben;StB 6 Leuben;Wahlbezirk_Brief;0;0;625;625;622;107;117;58;72;81;0;116;8;63;3
2021;64002;64 Großzschachwitz;10 StB Leuben;StB 6 Leuben;Wahlbezirk_Brief;0;0;615;615;612;117;126;82;46;66;0;101;7;67;3
2021;64100;64 Großzschachwitz;10 StB Leuben;StB 6 Leuben;Wahlbezirk_Urne;1157;302;611;2;603;90;85;42;58;92;1;174;2;59;8
2021;64200;64 Großzschachwitz;10 StB Leuben;StB 6 Leuben;Wahlbezirk_Urne;903;245;428;1;423;51;69;50;22;40;0;143;5;43;5
2021;64300;64 Großzschachwitz;10 StB Leuben;StB 6 Leuben;Wahlbezirk_Urne;845;172;462;0;459;53;87;41;25;52;3;144;3;51;3
2021;64400;64 Großzschachwitz;10 StB Leuben;StB 6 Leuben;Wahlbezirk_Urne;885;226;448;2;439;81;89;61;26;32;1;111;1;37;9
2021;64500;64 Großzschachwitz;10 StB Leuben;StB 6 Leuben;Wahlbezirk_Urne;1256;356;599;4;593;103;84;49;48;68;3;165;3;70;6
2021;71000;71 Prohlis-Nord;11 Prohlis, Reick (mit Sternhäuser, Am Koitschgraben);StB 7 Prohlis;Wahlbezirk_Brief;0;0;944;944;938;156;212;122;77;96;1;176;9;89;6
2021;71100;71 Prohlis-Nord;11 Prohlis, Reick (mit Sternhäuser, Am Koitschgraben);StB 7 Prohlis;Wahlbezirk_Urne;893;237;471;2;462;85;88;55;22;50;4;122;1;35;9
2021;71200;71 Prohlis-Nord;11 Prohlis, Reick (mit Sternhäuser, Am Koitschgraben);StB 7 Prohlis;Wahlbezirk_Urne;1525;339;627;0;618;91;99;85;30;41;3;207;3;59;9
2021;71400;71 Prohlis-Nord;11 Prohlis, Reick (mit Sternhäuser, Am Koitschgraben);StB 7 Prohlis;Wahlbezirk_Urne;870;208;396;0;389;48;95;39;13;31;0;116;0;47;7
2021;71500;71 Prohlis-Nord;11 Prohlis, Reick (mit Sternhäuser, Am Koitschgraben);StB 7 Prohlis;Wahlbezirk_Urne;992;209;400;1;394;64;83;43;10;25;4;137;1;27;6
2021;72001;72 Prohlis-Süd;11 Prohlis, Reick (mit Sternhäuser, Am Koitschgraben);StB 7 Prohlis;Wahlbezirk_Brief;0;0;671;671;668;111;159;93;35;56;0;140;3;71;3
2021;72002;72 Prohlis-Süd;11 Prohlis, Reick (mit Sternhäuser, Am Koitschgraben);StB 7 Prohlis;Wahlbezirk_Brief;0;0;469;469;464;64;107;75;43;33;2;83;3;54;5
2021;72100;72 Prohlis-Süd;11 Prohlis, Reick (mit Sternhäuser, Am Koitschgraben);StB 7 Prohlis;Wahlbezirk_Urne;1017;160;435;0;428;62;80;53;16;25;8;156;1;27;7
2021;72200;72 Prohlis-Süd;11 Prohlis, Reick (mit Sternhäuser, Am Koitschgraben);StB 7 Prohlis;Wahlbezirk_Urne;807;142;297;0;292;35;48;40;15;13;5;117;2;17;5
2021;72300;72 Prohlis-Süd;11 Prohlis, Reick (mit Sternhäuser, Am Koitschgraben);StB 7 Prohlis;Wahlbezirk_Urne;1276;252;470;0;462;69;81;62;10;30;3;170;0;37;8
2021;72500;72 Prohlis-Süd;11 Prohlis, Reick (mit Sternhäuser, Am Koitschgraben);StB 7 Prohlis;Wahlbezirk_Urne;1189;212;553;1;545;76;100;63;26;44;3;187;2;44;8
2021;72700;72 Prohlis-Süd;11 Prohlis, Reick (mit Sternhäuser, Am Koitschgraben);StB 7 Prohlis;Wahlbezirk_Urne;1627;457;522;2;506;61;92;69;29;33;3;174;6;39;16
2021;73001;73 Niedersedlitz;12 Niedersedlitz, Leubnitz, Strehlen (ohne Sternhäuser, Am Koitschgraben);StB 7 Prohlis;Wahlbezirk_Brief;0;0;880;880;877;174;187;73;119;118;1;130;5;70;3
2021;73002;73 Niedersedlitz;12 Niedersedlitz, Leubnitz, Strehlen (ohne Sternhäuser, Am Koitschgraben);StB 7 Prohlis;Wahlbezirk_Brief;0;0;869;869;862;175;193;77;76;117;1;115;6;102;7
2021;73101;73 Niedersedlitz;12 Niedersedlitz, Leubnitz, Strehlen (ohne Sternhäuser, Am Koitschgraben);StB 7 Prohlis;Wahlbezirk_Urne;1284;488;601;1;599;82;88;43;49;79;0;195;3;60;2
2021;73102;73 Niedersedlitz;12 Niedersedlitz, Leubnitz, Strehlen (ohne Sternhäuser, Am Koitschgraben);StB 7 Prohlis;Wahlbezirk_Urne;1413;530;626;4;621;104;69;49;42;112;3;170;4;68;5
2021;73200;73 Niedersedlitz;12 Niedersedlitz, Leubnitz, Strehlen (ohne Sternhäuser, Am Koitschgraben);StB 7 Prohlis;Wahlbezirk_Urne;1200;426;603;3;599;89;87;29;56;72;4;192;1;69;4
2021;73300;73 Niedersedlitz;12 Niedersedlitz, Leubnitz, Strehlen (ohne Sternhäuser, Am Koitschgraben);StB 7 Prohlis;Wahlbezirk_Urne;854;369;371;2;370;67;51;15;23;37;0;147;3;27;1
2021;74001;74 Lockwitz;12 Niedersedlitz, Leubnitz, Strehlen (ohne Sternhäuser, Am Koitschgraben);StB 7 Prohlis;Wahlbezirk_Brief;0;0;966;966;963;186;208;67;120;150;0;148;8;76;3
2021;74002;74 Lockwitz;12 Niedersedlitz, Leubnitz, Strehlen (ohne Sternhäuser, Am Koitschgraben);StB 7 Prohlis;Wahlbezirk_Brief;0;0;1063;1063;1058;221;223;104;120;142;0;157;3;88;5
2021;74100;74 Lockwitz;12 Niedersedlitz, Leubnitz, Strehlen (ohne Sternhäuser, Am Koitschgraben);StB 7 Prohlis;Wahlbezirk_Urne;802;230;421;2;417;54;47;17;19;71;2;171;1;35;4
2021;74201;74 Lockwitz;12 Niedersedlitz, Leubnitz, Strehlen (ohne Sternhäuser, Am Koitschgraben);StB 7 Prohlis;Wahlbezirk_Urne;1188;466;584;0;580;109;78;39;43;74;1;192;3;41;4
2021;74202;74 Lockwitz;12 Niedersedlitz, Leubnitz, Strehlen (ohne Sternhäuser, Am Koitschgraben);StB 7 Prohlis;Wahlbezirk_Urne;859;300;423;2;420;72;49;32;35;59;0;136;1;36;3
2021;74301;74 Lockwitz;12 Niedersedlitz, Leubnitz, Strehlen (ohne Sternhäuser, Am Koitschgraben);StB 7 Prohlis;Wahlbezirk_Urne;1339;542;629;5;627;118;94;40;41;82;0;201;3;48;2
2021;74302;74 Lockwitz;12 Niedersedlitz, Leubnitz, Strehlen (ohne Sternhäuser, Am Koitschgraben);StB 7 Prohlis;Wahlbezirk_Urne;1371;556;635;2;631;89;95;38;52;88;1;208;3;57;4
2021;75001;75 Leubnitz-Neuostra;12 Niedersedlitz, Leubnitz, Strehlen (ohne Sternhäuser, Am Koitschgraben);StB 7 Prohlis;Wahlbezirk_Brief;0;0;891;891;886;157;185;85;148;131;0;108;7;65;5
2021;75002;75 Leubnitz-Neuostra;12 Niedersedlitz, Leubnitz, Strehlen (ohne Sternhäuser, Am Koitschgraben);StB 7 Prohlis;Wahlbezirk_Brief;0;0;764;764;760;148;154;72;81;116;0;126;3;60;4
2021;75003;75 Leubnitz-Neuostra;12 Niedersedlitz, Leubnitz, Strehlen (ohne Sternhäuser, Am Koitschgraben);StB 7 Prohlis;Wahlbezirk_Brief;0;0;815;815;809;138;195;85;97;116;1;92;3;82;6
2021;75004;75 Leubnitz-Neuostra;12 Niedersedlitz, Leubnitz, Strehlen (ohne Sternhäuser, Am Koitschgraben);StB 7 Prohlis;Wahlbezirk_Brief;0;0;702;702;702;99;149;84;107;85;0;97;4;77;0
2021;75005;75 Leubnitz-Neuostra;12 Niedersedlitz, Leubnitz, Strehlen (ohne Sternhäuser, Am Koitschgraben);StB 7 Prohlis;Wahlbezirk_Brief;0;0;1021;1021;1016;201;211;95;148;123;0;124;6;108;5
2021;75100;75 Leubnitz-Neuostra;12 Niedersedlitz, Leubnitz, Strehlen (ohne Sternhäuser, Am Koitschgraben);StB 7 Prohlis;Wahlbezirk_Urne;605;242;266;1;264;44;51;21;23;35;3;61;0;26;2
2021;75201;75 Leubnitz-Neuostra;12 Niedersedlitz, Leubnitz, Strehlen (ohne Sternhäuser, Am Koitschgraben);StB 7 Prohlis;Wahlbezirk_Urne;996;437;461;3;459;107;97;28;53;54;0;85;0;35;2
2021;75202;75 Leubnitz-Neuostra;12 Niedersedlitz, Leubnitz, Strehlen (ohne Sternhäuser, Am Koitschgraben);StB 7 Prohlis;Wahlbezirk_Urne;1212;484;518;2;513;105;100;23;42;79;0;116;3;45;5
2021;75300;75 Leubnitz-Neuostra;12 Niedersedlitz, Leubnitz, Strehlen (ohne Sternhäuser, Am Koitschgraben);StB 7 Prohlis;Wahlbezirk_Urne;1144;305;456;1;453;67;80;56;26;47;8;134;4;31;3
2021;75500;75 Leubnitz-Neuostra;12 Niedersedlitz, Leubnitz, Strehlen (ohne Sternhäuser, Am Koitschgraben);StB 7 Prohlis;Wahlbezirk_Urne;1047;417;515;10;512;92;65;30;94;67;2;112;1;49;3
2021;75600;75 Leubnitz-Neuostra;12 Niedersedlitz, Leubnitz, Strehlen (ohne Sternhäuser, Am Koitschgraben);StB 7 Prohlis;Wahlbezirk_Urne;1126;424;537;1;534;70;87;55;51;74;1;145;4;47;3
2021;75700;75 Leubnitz-Neuostra;12 Niedersedlitz, Leubnitz, Strehlen (ohne Sternhäuser, Am Koitschgraben);StB 7 Prohlis;Wahlbezirk_Urne;1164;418;483;0;481;67;76;51;28;57;0;149;6;47;2
2021;75800;75 Leubnitz-Neuostra;12 Niedersedlitz, Leubnitz, Strehlen (ohne Sternhäuser, Am Koitschgraben);StB 7 Prohlis;Wahlbezirk_Urne;1280;407;583;2;579;105;101;60;44;59;2;134;5;69;4
2021;75901;75 Leubnitz-Neuostra;12 Niedersedlitz, Leubnitz, Strehlen (ohne Sternhäuser, Am Koitschgraben);StB 7 Prohlis;Wahlbezirk_Urne;730;308;324;0;322;58;71;39;19;55;0;55;3;22;2
2021;75902;75 Leubnitz-Neuostra;12 Niedersedlitz, Leubnitz, Strehlen (ohne Sternhäuser, Am Koitschgraben);StB 7 Prohlis;Wahlbezirk_Urne;992;479;410;5;408;58;95;21;57;55;0;96;2;24;2
2021;75903;75 Leubnitz-Neuostra;12 Niedersedlitz, Leubnitz, Strehlen (ohne Sternhäuser, Am Koitschgraben);StB 7 Prohlis;Wahlbezirk_Urne;910;442;376;0;376;70;67;25;41;56;0;90;2;25;0
2021;76001;76 Strehlen;12 Niedersedlitz, Leubnitz, Strehlen (ohne Sternhäuser, Am Koitschgraben);StB 7 Prohlis;Wahlbezirk_Brief;0;0;967;967;967;108;159;115;322;100;1;61;11;90;0
2021;76002;76 Strehlen;12 Niedersedlitz, Leubnitz, Strehlen (ohne Sternhäuser, Am Koitschgraben);StB 7 Prohlis;Wahlbezirk_Brief;0;0;681;681;679;122;122;80;152;79;1;64;4;55;2
2021;76003;76 Strehlen;12 Niedersedlitz, Leubnitz, Strehlen (ohne Sternhäuser, Am Koitschgraben);StB 7 Prohlis;Wahlbezirk_Brief;0;0;1001;1001;994;139;201;113;185;128;6;120;14;88;7
2021;76100;76 Strehlen;12 Niedersedlitz, Leubnitz, Strehlen (ohne Sternhäuser, Am Koitschgraben);StB 7 Prohlis;Wahlbezirk_Urne;1314;601;570;0;569;85;98;60;138;84;0;64;2;38;1
2021;76200;76 Strehlen;12 Niedersedlitz, Leubnitz, Strehlen (ohne Sternhäuser, Am Koitschgraben);StB 7 Prohlis;Wahlbezirk_Urne;1282;509;592;2;590;81;95;57;91;74;2;118;4;68;2
2021;76300;76 Strehlen;12 Niedersedlitz, Leubnitz, Strehlen (ohne Sternhäuser, Am Koitschgraben);StB 7 Prohlis;Wahlbezirk_Urne;1093;418;525;4;521;48;80;81;131;43;2;80;3;53;4
2021;76400;76 Strehlen;12 Niedersedlitz, Leubnitz, Strehlen (ohne Sternhäuser, Am Koitschgraben);StB 7 Prohlis;Wahlbezirk_Urne;534;202;233;4;231;34;57;22;33;23;0;46;1;15;2
2021;76500;76 Strehlen;12 Niedersedlitz, Leubnitz, Strehlen (ohne Sternhäuser, Am Koitschgraben);StB 7 Prohlis;Wahlbezirk_Urne;1512;683;570;5;566;82;89;63;64;79;0;137;2;50;4
2021;76600;76 Strehlen;11 Prohlis, Reick (mit Sternhäuser, Am Koitschgraben);StB 7 Prohlis;Wahlbezirk_Urne;1083;276;436;2;425;61;73;56;44;34;1;124;1;31;11
2021;76700;76 Strehlen;11 Prohlis, Reick (mit Sternhäuser, Am Koitschgraben);StB 7 Prohlis;Wahlbezirk_Urne;831;90;259;3;253;12;43;33;26;15;4;93;3;24;6
2021;77001;77 Reick;11 Prohlis, Reick (mit Sternhäuser, Am Koitschgraben);StB 7 Prohlis;Wahlbezirk_Brief;0;0;534;534;529;99;133;53;41;73;1;61;4;64;5
2021;77002;77 Reick;11 Prohlis, Reick (mit Sternhäuser, Am Koitschgraben);StB 7 Prohlis;Wahlbezirk_Brief;0;0;655;655;649;88;152;75;68;68;0;122;3;73;6
2021;77100;77 Reick;11 Prohlis, Reick (mit Sternhäuser, Am Koitschgraben);StB 7 Prohlis;Wahlbezirk_Urne;1360;439;577;3;569;102;88;42;31;50;1;195;3;57;8
2021;77200;77 Reick;11 Prohlis, Reick (mit Sternhäuser, Am Koitschgraben);StB 7 Prohlis;Wahlbezirk_Urne;1586;562;677;2;670;126;102;67;51;69;4;168;12;71;7
2021;77300;77 Reick;11 Prohlis, Reick (mit Sternhäuser, Am Koitschgraben);StB 7 Prohlis;Wahlbezirk_Urne;1129;257;487;2;480;47;66;39;44;37;3;199;1;44;7
2021;81001;81 Südvorstadt-West;13 Südvorstadt, Zschertnitz;StB 8 Plauen;Wahlbezirk_Brief;0;0;970;970;967;122;193;136;204;118;1;95;5;93;3
2021;81002;81 Südvorstadt-West;13 Südvorstadt, Zschertnitz;StB 8 Plauen;Wahlbezirk_Brief;0;0;1049;1049;1046;126;186;140;273;138;0;78;12;93;3
2021;81003;81 Südvorstadt-West;13 Südvorstadt, Zschertnitz;StB 8 Plauen;Wahlbezirk_Brief;0;0;949;949;947;115;212;121;242;112;0;54;6;85;2
2021;81004;81 Südvorstadt-West;13 Südvorstadt, Zschertnitz;StB 8 Plauen;Wahlbezirk_Brief;0;0;771;771;770;91;125;82;264;104;0;51;3;50;1
2021;81100;81 Südvorstadt-West;13 Südvorstadt, Zschertnitz;StB 8 Plauen;Wahlbezirk_Urne;1174;434;430;0;427;45;83;52;55;38;0;115;5;34;3
2021;81200;81 Südvorstadt-West;13 Südvorstadt, Zschertnitz;StB 8 Plauen;Wahlbezirk_Urne;1466;570;612;0;600;87;123;68;108;70;1;96;3;44;12
2021;81400;81 Südvorstadt-West;13 Südvorstadt, Zschertnitz;StB 8 Plauen;Wahlbezirk_Urne;1324;641;513;4;510;77;101;60;84;55;0;95;3;35;3
2021;81500;81 Südvorstadt-West;13 Südvorstadt, Zschertnitz;StB 8 Plauen;Wahlbezirk_Urne;1087;446;480;5;475;56;86;57;87;47;0;94;8;40;5
2021;81700;81 Südvorstadt-West;13 Südvorstadt, Zschertnitz;StB 8 Plauen;Wahlbezirk_Urne;1554;795;548;5;545;50;92;61;129;67;1;81;8;56;3
2021;81800;81 Südvorstadt-West;13 Südvorstadt, Zschertnitz;StB 8 Plauen;Wahlbezirk_Urne;1040;472;411;7;406;53;77;42;88;42;1;62;6;35;5
2021;81900;81 Südvorstadt-West;13 Südvorstadt, Zschertnitz;StB 8 Plauen;Wahlbezirk_Urne;1052;513;392;3;390;58;80;47;65;42;1;70;0;27;2
2021;82001;82 Südvorstadt-Ost;13 Südvorstadt, Zschertnitz;StB 8 Plauen;Wahlbezirk_Brief;0;0;634;634;631;92;90;68;166;97;0;40;5;73;3
2021;82002;82 Südvorstadt-Ost;13 Südvorstadt, Zschertnitz;StB 8 Plauen;Wahlbezirk_Brief;0;0;652;652;649;40;89;89;235;87;2;25;14;68;3
2021;82003;82 Südvorstadt-Ost;13 Südvorstadt, Zschertnitz;StB 8 Plauen;Wahlbezirk_Brief;0;0;864;864;860;122;168;85;228;118;0;69;9;61;4
2021;82100;82 Südvorstadt-Ost;13 Südvorstadt, Zschertnitz;StB 8 Plauen;Wahlbezirk_Urne;596;203;249;2;244;22;43;48;47;26;0;30;2;26;5
2021;82200;82 Südvorstadt-Ost;13 Südvorstadt, Zschertnitz;StB 8 Plauen;Wahlbezirk_Urne;1036;403;432;4;430;65;65;45;63;58;0;97;3;34;2
2021;82300;82 Südvorstadt-Ost;13 Südvorstadt, Zschertnitz;StB 8 Plauen;Wahlbezirk_Urne;986;490;362;2;358;53;69;43;69;44;0;57;3;20;4
2021;82400;82 Südvorstadt-Ost;13 Südvorstadt, Zschertnitz;StB 8 Plauen;Wahlbezirk_Urne;1397;662;531;4;528;62;87;54;98;88;1;80;2;56;3
2021;82500;82 Südvorstadt-Ost;13 Südvorstadt, Zschertnitz;StB 8 Plauen;Wahlbezirk_Urne;877;497;261;7;260;12;25;44;88;55;1;11;3;21;1
2021;83001;83 Räcknitz/Zschertnitz;13 Südvorstadt, Zschertnitz;StB 8 Plauen;Wahlbezirk_Brief;0;0;973;973;970;162;217;111;164;121;0;109;4;82;3
2021;83002;83 Räcknitz/Zschertnitz;13 Südvorstadt, Zschertnitz;StB 8 Plauen;Wahlbezirk_Brief;0;0;987;987;985;160;220;131;93;135;1;158;8;79;2
2021;83003;83 Räcknitz/Zschertnitz;13 Südvorstadt, Zschertnitz;StB 8 Plauen;Wahlbezirk_Brief;0;0;725;725;723;116;160;77;133;79;1;84;5;68;2
2021;83100;83 Räcknitz/Zschertnitz;13 Südvorstadt, Zschertnitz;StB 8 Plauen;Wahlbezirk_Urne;958;424;425;8;423;54;64;33;73;58;2;83;5;51;2
2021;83200;83 Räcknitz/Zschertnitz;13 Südvorstadt, Zschertnitz;StB 8 Plauen;Wahlbezirk_Urne;814;294;364;1;359;37;65;41;21;40;1;130;4;20;5
2021;83300;83 Räcknitz/Zschertnitz;13 Südvorstadt, Zschertnitz;StB 8 Plauen;Wahlbezirk_Urne;1167;470;467;3;465;60;84;64;26;52;0;137;1;41;2
2021;83400;83 Räcknitz/Zschertnitz;13 Südvorstadt, Zschertnitz;StB 8 Plauen;Wahlbezirk_Urne;1401;582;600;6;592;104;128;63;47;61;2;138;6;43;8
2021;83500;83 Räcknitz/Zschertnitz;13 Südvorstadt, Zschertnitz;StB 8 Plauen;Wahlbezirk_Urne;896;261;377;2;374;54;71;49;32;36;0;90;6;36;3
2021;83700;83 Räcknitz/Zschertnitz;13 Südvorstadt, Zschertnitz;StB 8 Plauen;Wahlbezirk_Urne;937;334;426;2;419;76;84;47;33;39;2;106;4;28;7
2021;83800;83 Räcknitz/Zschertnitz;13 Südvorstadt, Zschertnitz;StB 8 Plauen;Wahlbezirk_Urne;1070;433;476;1;470;84;79;53;65;44;1;110;0;34;6
2021;84001;84 Kleinpestitz/Mockritz;14 Mockritz, Coschütz, Plauen;StB 8 Plauen;Wahlbezirk_Brief;0;0;816;816;811;144;201;87;75;102;2;121;5;74;5
2021;84002;84 Kleinpestitz/Mockritz;14 Mockritz, Coschütz, Plauen;StB 8 Plauen;Wahlbezirk_Brief;0;0;800;800;796;146;168;74;96;102;0;115;3;92;4
2021;84003;84 Kleinpestitz/Mockritz;14 Mockritz, Coschütz, Plauen;StB 8 Plauen;Wahlbezirk_Brief;0;0;691;691;690;115;126;59;139;120;2;80;2;47;1
2021;84100;84 Kleinpestitz/Mockritz;14 Mockritz, Coschütz, Plauen;StB 8 Plauen;Wahlbezirk_Urne;1201;443;515;3;508;92;82;67;38;51;0;141;3;34;7
2021;84200;84 Kleinpestitz/Mockritz;14 Mockritz, Coschütz, Plauen;StB 8 Plauen;Wahlbezirk_Urne;1094;403;499;1;494;73;87;66;26;68;2;123;2;47;5
2021;84300;84 Kleinpestitz/Mockritz;14 Mockritz, Coschütz, Plauen;StB 8 Plauen;Wahlbezirk_Urne;1083;395;504;1;498;79;91;47;37;46;0;157;4;37;6
2021;84400;84 Kleinpestitz/Mockritz;14 Mockritz, Coschütz, Plauen;StB 8 Plauen;Wahlbezirk_Urne;551;164;296;0;294;60;32;24;32;49;0;65;2;30;2
2021;84501;84 Kleinpestitz/Mockritz;14 Mockritz, Coschütz, Plauen;StB 8 Plauen;Wahlbezirk_Urne;1292;552;591;0;590;117;108;30;79;79;0;138;0;39;1
2021;84502;84 Kleinpestitz/Mockritz;14 Mockritz, Coschütz, Plauen;StB 8 Plauen;Wahlbezirk_Urne;1038;437;455;4;452;56;72;28;45;87;0;125;2;37;3
2021;85001;85 Coschütz/Gittersee;14 Mockritz, Coschütz, Plauen;StB 8 Plauen;Wahlbezirk_Brief;0;0;818;818;813;125;165;83;128;120;4;113;5;70;5
2021;85002;85 Coschütz/Gittersee;14 Mockritz, Coschütz, Plauen;StB 8 Plauen;Wahlbezirk_Brief;0;0;852;852;848;165;163;60;149;116;4;109;3;79;4
2021;85100;85 Coschütz/Gittersee;14 Mockritz, Coschütz, Plauen;StB 8 Plauen;Wahlbezirk_Urne;1361;593;568;1;566;100;94;42;54;76;1;150;3;46;2
2021;85200;85 Coschütz/Gittersee;14 Mockritz, Coschütz, Plauen;StB 8 Plauen;Wahlbezirk_Urne;1372;641;535;4;529;93;86;38;64;64;3;132;5;44;6
2021;85301;85 Coschütz/Gittersee;14 Mockritz, Coschütz, Plauen;StB 8 Plauen;Wahlbezirk_Urne;853;260;447;3;441;54;59;36;40;73;1;142;6;30;6
2021;85302;85 Coschütz/Gittersee;14 Mockritz, Coschütz, Plauen;StB 8 Plauen;Wahlbezirk_Urne;893;243;483;3;480;81;64;37;37;71;3;147;2;38;3
2021;86001;86 Plauen;14 Mockritz, Coschütz, Plauen;StB 8 Plauen;Wahlbezirk_Brief;0;0;954;954;952;142;202;72;270;122;3;53;7;81;2
2021;86002;86 Plauen;14 Mockritz, Coschütz, Plauen;StB 8 Plauen;Wahlbezirk_Brief;0;0;1042;1042;1037;122;215;123;323;125;0;42;6;81;5
2021;86003;86 Plauen;14 Mockritz, Coschütz, Plauen;StB 8 Plauen;Wahlbezirk_Brief;0;0;991;991;986;112;196;121;280;109;0;79;9;80;5
2021;86004;86 Plauen;14 Mockritz, Coschütz, Plauen;StB 8 Plauen;Wahlbezirk_Brief;0;0;909;909;907;143;207;85;211;110;0;81;3;67;2
2021;86100;86 Plauen;14 Mockritz, Coschütz, Plauen;StB 8 Plauen;Wahlbezirk_Urne;1411;635;587;4;582;85;101;60;108;65;2;113;1;47;5
2021;86200;86 Plauen;14 Mockritz, Coschütz, Plauen;StB 8 Plauen;Wahlbezirk_Urne;1138;545;490;4;489;76;93;48;102;63;0;80;2;25;1
2021;86300;86 Plauen;14 Mockritz, Coschütz, Plauen;StB 8 Plauen;Wahlbezirk_Urne;1197;539;510;2;502;35;91;59;108;57;1;99;8;44;8
2021;86400;86 Plauen;14 Mockritz, Coschütz, Plauen;StB 8 Plauen;Wahlbezirk_Urne;966;423;456;1;455;59;80;50;98;66;0;73;2;27;1
2021;86500;86 Plauen;14 Mockritz, Coschütz, Plauen;StB 8 Plauen;Wahlbezirk_Urne;1146;544;487;5;479;49;79;51;125;50;1;67;8;49;8
2021;86600;86 Plauen;14 Mockritz, Coschütz, Plauen;StB 8 Plauen;Wahlbezirk_Urne;1081;493;477;12;475;58;85;54;126;62;0;55;1;34;2
2021;86700;86 Plauen;14 Mockritz, Coschütz, Plauen;StB 8 Plauen;Wahlbezirk_Urne;712;350;322;4;320;54;53;31;63;56;0;41;2;20;2
2021;86800;86 Plauen;14 Mockritz, Coschütz, Plauen;StB 8 Plauen;Wahlbezirk_Urne;1111;520;452;3;449;77;98;34;87;64;0;56;2;31;3
2021;90011;90 Cossebaude/Mobschatz/Oberw.;17 Briesnitz und westliche OS;StB 9 Cotta/westliche Ortschaften;Wahlbezirk_Brief;0;0;1123;1123;1115;234;204;109;165;138;6;168;7;84;8
2021;90012;90 Cossebaude/Mobschatz/Oberw.;17 Briesnitz und westliche OS;StB 9 Cotta/westliche Ortschaften;Wahlbezirk_Brief;0;0;788;788;783;118;152;77;85;125;4;129;3;90;5
2021;90110;90 Cossebaude/Mobschatz/Oberw.;17 Briesnitz und westliche OS;StB 9 Cotta/westliche Ortschaften;Wahlbezirk_Urne;1575;463;776;0;760;110;121;52;50;90;1;257;10;69;16
2021;90210;90 Cossebaude/Mobschatz/Oberw.;17 Briesnitz und westliche OS;StB 9 Cotta/westliche Ortschaften;Wahlbezirk_Urne;1205;476;547;0;543;96;81;32;56;73;0;174;2;29;4
2021;90311;90 Cossebaude/Mobschatz/Oberw.;17 Briesnitz und westliche OS;StB 9 Cotta/westliche Ortschaften;Wahlbezirk_Urne;714;249;354;0;353;62;42;27;37;45;0;119;0;21;1
2021;90312;90 Cossebaude/Mobschatz/Oberw.;17 Briesnitz und westliche OS;StB 9 Cotta/westliche Ortschaften;Wahlbezirk_Urne;923;319;471;4;466;70;78;33;31;51;2;161;1;39;5
2021;90410;90 Cossebaude/Mobschatz/Oberw.;17 Briesnitz und westliche OS;StB 9 Cotta/westliche Ortschaften;Wahlbezirk_Urne;341;108;190;1;188;31;24;11;19;24;1;55;2;21;2
2021;90510;90 Cossebaude/Mobschatz/Oberw.;17 Briesnitz und westliche OS;StB 9 Cotta/westliche Ortschaften;Wahlbezirk_Urne;342;88;202;4;200;34;27;13;18;19;0;71;3;15;2
2021;90610;90 Cossebaude/Mobschatz/Oberw.;17 Briesnitz und westliche OS;StB 9 Cotta/westliche Ortschaften;Wahlbezirk_Urne;767;228;456;1;451;89;52;33;43;55;0;134;2;43;5
2021;90710;90 Cossebaude/Mobschatz/Oberw.;17 Briesnitz und westliche OS;StB 9 Cotta/westliche Ortschaften;Wahlbezirk_Urne;415;96;274;4;268;51;28;15;17;37;1;94;1;24;6
2021;91001;91 Cotta;15 Cotta, Löbtau, Naußlitz, Dölzschen;StB 9 Cotta/westliche Ortschaften;Wahlbezirk_Brief;0;0;588;588;582;68;101;68;98;88;1;63;9;86;6
2021;91002;91 Cotta;15 Cotta, Löbtau, Naußlitz, Dölzschen;StB 9 Cotta/westliche Ortschaften;Wahlbezirk_Brief;0;0;970;970;964;128;205;102;169;120;4;118;9;109;6
2021;91003;91 Cotta;15 Cotta, Löbtau, Naußlitz, Dölzschen;StB 9 Cotta/westliche Ortschaften;Wahlbezirk_Brief;0;0;750;750;748;117;137;77;115;88;2;107;11;94;2
2021;91004;91 Cotta;15 Cotta, Löbtau, Naußlitz, Dölzschen;StB 9 Cotta/westliche Ortschaften;Wahlbezirk_Brief;0;0;712;712;708;91;161;84;119;77;1;68;9;98;4
2021;91101;91 Cotta;15 Cotta, Löbtau, Naußlitz, Dölzschen;StB 9 Cotta/westliche Ortschaften;Wahlbezirk_Urne;1031;318;498;0;495;61;57;52;51;44;2;156;15;57;3
2021;91102;91 Cotta;15 Cotta, Löbtau, Naußlitz, Dölzschen;StB 9 Cotta/westliche Ortschaften;Wahlbezirk_Urne;1308;483;558;1;554;65;82;53;62;77;3;141;8;63;4
2021;91200;91 Cotta;15 Cotta, Löbtau, Naußlitz, Dölzschen;StB 9 Cotta/westliche Ortschaften;Wahlbezirk_Urne;1396;518;609;3;603;85;70;58;66;94;0;160;4;66;6
2021;91300;91 Cotta;15 Cotta, Löbtau, Naußlitz, Dölzschen;StB 9 Cotta/westliche Ortschaften;Wahlbezirk_Urne;1541;618;615;0;608;48;101;60;68;102;2;149;10;68;7
2021;91400;91 Cotta;15 Cotta, Löbtau, Naußlitz, Dölzschen;StB 9 Cotta/westliche Ortschaften;Wahlbezirk_Urne;948;313;419;1;413;52;64;48;27;55;0;125;4;38;6
2021;91501;91 Cotta;15 Cotta, Löbtau, Naußlitz, Dölzschen;StB 9 Cotta/westliche Ortschaften;Wahlbezirk_Urne;1298;465;543;3;537;59;82;54;57;59;3;155;7;61;6
2021;91502;91 Cotta;15 Cotta, Löbtau, Naußlitz, Dölzschen;StB 9 Cotta/westliche Ortschaften;Wahlbezirk_Urne;1262;445;537;4;535;58;70;43;76;64;3;135;6;80;2
2021;92001;92 Löbtau-Nord;15 Cotta, Löbtau, Naußlitz, Dölzschen;StB 9 Cotta/westliche Ortschaften;Wahlbezirk_Brief;0;0;1002;1002;1001;55;146;130;330;143;0;57;19;121;1
2021;92002;92 Löbtau-Nord;15 Cotta, Löbtau, Naußlitz, Dölzschen;StB 9 Cotta/westliche Ortschaften;Wahlbezirk_Brief;0;0;781;781;778;73;117;103;224;94;1;63;14;89;3
2021;92003;92 Löbtau-Nord;15 Cotta, Löbtau, Naußlitz, Dölzschen;StB 9 Cotta/westliche Ortschaften;Wahlbezirk_Brief;0;0;695;695;690;50;100;108;234;82;1;33;13;69;5
2021;92004;92 Löbtau-Nord;15 Cotta, Löbtau, Naußlitz, Dölzschen;StB 9 Cotta/westliche Ortschaften;Wahlbezirk_Brief;0;0;714;714;714;65;112;89;187;101;3;55;13;89;0
2021;92100;92 Löbtau-Nord;15 Cotta, Löbtau, Naußlitz, Dölzschen;StB 9 Cotta/westliche Ortschaften;Wahlbezirk_Urne;1989;1042;629;11;622;35;55;105;147;108;2;90;3;77;7
2021;92200;92 Löbtau-Nord;15 Cotta, Löbtau, Naußlitz, Dölzschen;StB 9 Cotta/westliche Ortschaften;Wahlbezirk_Urne;1635;746;549;8;546;58;81;77;105;45;2;115;6;57;3
2021;92300;92 Löbtau-Nord;15 Cotta, Löbtau, Naußlitz, Dölzschen;StB 9 Cotta/westliche Ortschaften;Wahlbezirk_Urne;1545;732;570;15;567;52;75;92;116;66;2;92;11;61;3
2021;92400;92 Löbtau-Nord;15 Cotta, Löbtau, Naußlitz, Dölzschen;StB 9 Cotta/westliche Ortschaften;Wahlbezirk_Urne;916;334;419;8;416;45;69;61;73;38;1;87;6;36;3
2021;92500;92 Löbtau-Nord;15 Cotta, Löbtau, Naußlitz, Dölzschen;StB 9 Cotta/westliche Ortschaften;Wahlbezirk_Urne;1249;492;544;5;539;64;82;55;102;68;0;79;10;79;5
2021;93001;93 Löbtau-Süd;15 Cotta, Löbtau, Naußlitz, Dölzschen;StB 9 Cotta/westliche Ortschaften;Wahlbezirk_Brief;0;0;594;594;592;47;99;75;196;64;0;39;9;63;2
2021;93002;93 Löbtau-Süd;15 Cotta, Löbtau, Naußlitz, Dölzschen;StB 9 Cotta/westliche Ortschaften;Wahlbezirk_Brief;0;0;999;999;994;75;161;137;294;129;0;73;8;117;5
2021;93003;93 Löbtau-Süd;15 Cotta, Löbtau, Naußlitz, Dölzschen;StB 9 Cotta/westliche Ortschaften;Wahlbezirk_Brief;0;0;1099;1099;1094;87;180;145;341;139;1;64;15;122;5
2021;93004;93 Löbtau-Süd;15 Cotta, Löbtau, Naußlitz, Dölzschen;StB 9 Cotta/westliche Ortschaften;Wahlbezirk_Brief;0;0;1025;1025;1019;123;171;119;271;132;0;76;15;112;6
2021;93101;93 Löbtau-Süd;15 Cotta, Löbtau, Naußlitz, Dölzschen;StB 9 Cotta/westliche Ortschaften;Wahlbezirk_Urne;1263;534;530;6;530;49;74;49;115;56;3;103;12;69;0
2021;93102;93 Löbtau-Süd;15 Cotta, Löbtau, Naußlitz, Dölzschen;StB 9 Cotta/westliche Ortschaften;Wahlbezirk_Urne;1157;483;476;5;473;47;77;65;93;50;0;89;6;46;3
2021;93201;93 Löbtau-Süd;15 Cotta, Löbtau, Naußlitz, Dölzschen;StB 9 Cotta/westliche Ortschaften;Wahlbezirk_Urne;1413;617;548;3;547;46;69;66;138;63;0;94;7;64;1
2021;93202;93 Löbtau-Süd;15 Cotta, Löbtau, Naußlitz, Dölzschen;StB 9 Cotta/westliche Ortschaften;Wahlbezirk_Urne;1310;541;483;0;477;69;73;59;65;51;1;117;5;37;6
2021;93300;93 Löbtau-Süd;15 Cotta, Löbtau, Naußlitz, Dölzschen;StB 9 Cotta/westliche Ortschaften;Wahlbezirk_Urne;1120;502;454;3;453;38;61;59;91;54;1;92;7;50;1
2021;93400;93 Löbtau-Süd;15 Cotta, Löbtau, Naußlitz, Dölzschen;StB 9 Cotta/westliche Ortschaften;Wahlbezirk_Urne;1348;535;583;2;576;63;73;73;94;61;1;134;7;70;7
2021;93500;93 Löbtau-Süd;15 Cotta, Löbtau, Naußlitz, Dölzschen;StB 9 Cotta/westliche Ortschaften;Wahlbezirk_Urne;1409;656;523;2;520;54;73;67;115;65;3;80;5;58;3
2021;94001;94 Naußlitz;15 Cotta, Löbtau, Naußlitz, Dölzschen;StB 9 Cotta/westliche Ortschaften;Wahlbezirk_Brief;0;0;522;522;518;98;85;45;89;76;0;73;1;51;4
2021;94002;94 Naußlitz;15 Cotta, Löbtau, Naußlitz, Dölzschen;StB 9 Cotta/westliche Ortschaften;Wahlbezirk_Brief;0;0;769;769;764;121;154;74;150;93;1;74;7;90;5
2021;94003;94 Naußlitz;15 Cotta, Löbtau, Naußlitz, Dölzschen;StB 9 Cotta/westliche Ortschaften;Wahlbezirk_Brief;0;0;802;802;800;139;155;90;149;107;0;91;5;64;2
2021;94004;94 Naußlitz;15 Cotta, Löbtau, Naußlitz, Dölzschen;StB 9 Cotta/westliche Ortschaften;Wahlbezirk_Brief;0;0;746;746;741;145;143;79;81;106;1;105;9;72;5
2021;94101;94 Naußlitz;15 Cotta, Löbtau, Naußlitz, Dölzschen;StB 9 Cotta/westliche Ortschaften;Wahlbezirk_Urne;930;341;374;2;374;38;50;36;61;45;0;110;6;28;0
2021;94102;94 Naußlitz;15 Cotta, Löbtau, Naußlitz, Dölzschen;StB 9 Cotta/westliche Ortschaften;Wahlbezirk_Urne;947;313;428;4;424;50;75;41;35;45;3;131;9;35;4
2021;94200;94 Naußlitz;15 Cotta, Löbtau, Naußlitz, Dölzschen;StB 9 Cotta/westliche Ortschaften;Wahlbezirk_Urne;1295;502;581;3;575;67;96;59;62;59;0;154;4;74;6
2021;94400;94 Naußlitz;15 Cotta, Löbtau, Naußlitz, Dölzschen;StB 9 Cotta/westliche Ortschaften;Wahlbezirk_Urne;1080;472;478;1;474;60;68;27;58;74;0;144;4;39;4
2021;94501;94 Naußlitz;15 Cotta, Löbtau, Naußlitz, Dölzschen;StB 9 Cotta/westliche Ortschaften;Wahlbezirk_Urne;990;461;439;2;438;77;62;34;51;72;1;106;1;34;1
2021;94502;94 Naußlitz;15 Cotta, Löbtau, Naußlitz, Dölzschen;StB 9 Cotta/westliche Ortschaften;Wahlbezirk_Urne;943;331;482;1;480;94;95;32;51;79;1;95;1;32;2
2021;94600;94 Naußlitz;15 Cotta, Löbtau, Naußlitz, Dölzschen;StB 9 Cotta/westliche Ortschaften;Wahlbezirk_Urne;1486;540;681;2;678;97;114;42;77;81;0;206;1;60;3
2021;95001;95 Gorbitz-Süd;16 Gorbitz;StB 9 Cotta/westliche Ortschaften;Wahlbezirk_Brief;0;0;597;597;593;102;117;71;41;72;2;136;3;49;4
2021;95002;95 Gorbitz-Süd;16 Gorbitz;StB 9 Cotta/westliche Ortschaften;Wahlbezirk_Brief;0;0;695;695;690;112;162;112;51;58;2;120;6;67;5
2021;95100;95 Gorbitz-Süd;16 Gorbitz;StB 9 Cotta/westliche Ortschaften;Wahlbezirk_Urne;1201;178;414;0;407;57;70;49;22;16;6;146;2;39;7
2021;95400;95 Gorbitz-Süd;16 Gorbitz;StB 9 Cotta/westliche Ortschaften;Wahlbezirk_Urne;1276;311;369;2;366;28;44;46;21;28;2;160;8;29;3
2021;95500;95 Gorbitz-Süd;16 Gorbitz;StB 9 Cotta/westliche Ortschaften;Wahlbezirk_Urne;1404;431;571;2;565;84;84;59;30;53;2;187;10;56;6
2021;95600;95 Gorbitz-Süd;16 Gorbitz;StB 9 Cotta/westliche Ortschaften;Wahlbezirk_Urne;1536;446;593;4;587;73;83;43;31;54;4;243;4;52;6
2021;96001;96 Gorbitz-Ost;16 Gorbitz;StB 9 Cotta/westliche Ortschaften;Wahlbezirk_Brief;0;0;533;533;528;96;121;74;35;60;0;92;4;46;5
2021;96002;96 Gorbitz-Ost;16 Gorbitz;StB 9 Cotta/westliche Ortschaften;Wahlbezirk_Brief;0;0;776;776;769;121;151;111;79;62;2;138;6;99;7
2021;96100;96 Gorbitz-Ost;16 Gorbitz;StB 9 Cotta/westliche Ortschaften;Wahlbezirk_Urne;1326;395;504;2;494;65;84;62;33;38;2;163;6;41;10
2021;96300;96 Gorbitz-Ost;16 Gorbitz;StB 9 Cotta/westliche Ortschaften;Wahlbezirk_Urne;1844;559;704;2;689;91;117;72;25;55;3;261;7;58;15
2021;96600;96 Gorbitz-Ost;16 Gorbitz;StB 9 Cotta/westliche Ortschaften;Wahlbezirk_Urne;1598;412;571;0;563;64;79;54;29;37;5;236;4;55;8
2021;97000;97 Gorbitz-Nord/Neu-Omsewitz;16 Gorbitz;StB 9 Cotta/westliche Ortschaften;Wahlbezirk_Brief;0;0;1153;1153;1137;156;234;164;105;117;2;219;10;130;16
2021;97100;97 Gorbitz-Nord/Neu-Omsewitz;16 Gorbitz;StB 9 Cotta/westliche Ortschaften;Wahlbezirk_Urne;1371;397;580;4;576;79;90;70;38;39;5;192;3;60;4
2021;97300;97 Gorbitz-Nord/Neu-Omsewitz;16 Gorbitz;StB 9 Cotta/westliche Ortschaften;Wahlbezirk_Urne;1406;318;597;3;588;63;71;58;40;56;6;210;8;76;9
2021;97600;97 Gorbitz-Nord/Neu-Omsewitz;16 Gorbitz;StB 9 Cotta/westliche Ortschaften;Wahlbezirk_Urne;1469;499;547;2;540;65;81;64;33;44;0;184;10;59;7
2021;98001;98 Briesnitz;17 Briesnitz und westliche OS;StB 9 Cotta/westliche Ortschaften;Wahlbezirk_Brief;0;0;644;644;642;134;122;50;92;86;0;102;2;54;2
2021;98002;98 Briesnitz;17 Briesnitz und westliche OS;StB 9 Cotta/westliche Ortschaften;Wahlbezirk_Brief;0;0;940;940;933;175;189;93;101;115;1;161;10;88;7
2021;98003;98 Briesnitz;17 Briesnitz und westliche OS;StB 9 Cotta/westliche Ortschaften;Wahlbezirk_Brief;0;0;999;999;994;161;199;101;155;107;2;161;7;101;5
2021;98004;98 Briesnitz;17 Briesnitz und westliche OS;StB 9 Cotta/westliche Ortschaften;Wahlbezirk_Brief;0;0;1171;1171;1169;186;224;101;142;166;4;234;0;112;2
2021;98100;98 Briesnitz;17 Briesnitz und westliche OS;StB 9 Cotta/westliche Ortschaften;Wahlbezirk_Urne;1425;517;659;4;654;121;77;43;48;80;0;222;3;60;5
2021;98200;98 Briesnitz;17 Briesnitz und westliche OS;StB 9 Cotta/westliche Ortschaften;Wahlbezirk_Urne;1451;693;565;3;559;82;81;38;66;67;0;176;4;45;6
2021;98300;98 Briesnitz;17 Briesnitz und westliche OS;StB 9 Cotta/westliche Ortschaften;Wahlbezirk_Urne;1321;614;484;4;479;87;79;22;25;68;0;153;1;44;5
2021;98401;98 Briesnitz;17 Briesnitz und westliche OS;StB 9 Cotta/westliche Ortschaften;Wahlbezirk_Urne;1024;475;377;0;372;40;58;27;40;35;0;117;3;52;5
2021;98402;98 Briesnitz;17 Briesnitz und westliche OS;StB 9 Cotta/westliche Ortschaften;Wahlbezirk_Urne;968;366;364;3;358;36;43;34;29;34;2;130;3;47;6
2021;98500;98 Briesnitz;17 Briesnitz und westliche OS;StB 9 Cotta/westliche Ortschaften;Wahlbezirk_Urne;1503;669;669;2;666;121;104;37;77;78;0;196;3;50;3
2021;98600;98 Briesnitz;17 Briesnitz und westliche OS;StB 9 Cotta/westliche Ortschaften;Wahlbezirk_Urne;1363;561;624;4;620;105;88;53;61;72;0;166;4;71;4
2021;99011;99 Altfranken/Gompitz;17 Briesnitz und westliche OS;StB 9 Cotta/westliche Ortschaften;Wahlbezirk_Brief;0;0;599;599;598;141;89;36;64;121;1;79;2;65;1
2021;99012;99 Altfranken/Gompitz;17 Briesnitz und westliche OS;StB 9 Cotta/westliche Ortschaften;Wahlbezirk_Brief;0;0;639;639;637;134;143;65;60;101;0;79;8;47;2
2021;99110;99 Altfranken/Gompitz;17 Briesnitz und westliche OS;StB 9 Cotta/westliche Ortschaften;Wahlbezirk_Urne;1526;621;753;3;747;130;91;53;54;96;0;246;8;69;6
2021;99310;99 Altfranken/Gompitz;17 Briesnitz und westliche OS;StB 9 Cotta/westliche Ortschaften;Wahlbezirk_Urne;1134;360;608;4;605;85;93;39;25;90;0;212;5;56;3
2021;99810;99 Altfranken/Gompitz;17 Briesnitz und westliche OS;StB 9 Cotta/westliche Ortschaften;Wahlbezirk_Urne;918;301;526;2;522;120;93;29;23;93;0;136;0;28;4
